input	ost_ilddt	ost_qs_global	ost_qs_best	ost_ics	ost_ips	ost_dockq_ave
H0208TS022_1__H0208TS163_4	0.784	0.414	0.851	0.475	0.361	0.587
H0208TS023_2__H0208TS393_5	0.057	0.046	0.046	0.019	0.164	0.03
H0208TS023_2__H0208TS397_3	0.058	0.048	0.048	0.019	0.172	0.03
H0208TS023_4__H0208TS419_3	0.012	0.0	0.0	0.0	0.168	0.02
H0208TS040_2__H0208TS022_4	0.112	0.034	0.034	0.0	0.333	0.086
H0208TS040_4__H0208TS301_1	0.23	0.19	0.19	0.052	0.381	0.115
H0208TS051_4__H0208TS163_2	0.861	0.448	0.948	0.524	0.375	0.587
H0208TS052_3__H0208TS284_4	0.805	0.878	0.878	0.826	0.809	0.707
H0208TS052_4__H0208TS393_6	0.824	0.893	0.893	0.838	0.823	0.828
H0208TS059_1__H0208TS221_3	0.806	0.863	0.863	0.776	0.832	0.734
H0208TS075_3__H0208TS312_1	0.928	0.963	0.963	0.88	0.875	0.911
H0208TS079_1__H0208TS196_3	0.91	0.952	0.952	0.9	0.91	0.891
H0208TS122_5__H0208TS023_2	0.035	0.051	0.051	0.026	0.165	0.033
H0208TS122_5__H0208TS272_2	0.88	0.914	0.914	0.872	0.822	0.763
H0208TS148_2__H0208TS079_4	0.865	0.955	0.955	0.878	0.875	0.775
H0208TS164_5__H0208TS163_2	0.991	0.99	0.99	0.965	0.956	0.982
H0208TS164_5__H0208TS494_4	0.809	0.911	0.911	0.828	0.876	0.741
H0208TS167_1__H0208TS196_4	0.141	0.121	0.121	0.08	0.391	0.063
H0208TS167_2__H0208TS345_3	0.702	0.795	0.795	0.739	0.738	0.367
H0208TS187_1__H0208TS219_5	0.17	0.297	0.297	0.136	0.372	0.114
H0208TS191_3__H0208TS023_2	0.036	0.047	0.047	0.019	0.165	0.034
H0208TS208_1__H0208TS148_5	0.898	0.955	0.955	0.89	0.93	0.907
H0208TS208_2__H0208TS122_5	0.81	0.873	0.873	0.824	0.838	0.77
H0208TS208_5__H0208TS167_3	0.746	0.825	0.825	0.735	0.831	0.672
H0208TS208_5__H0208TS196_2	0.82	0.867	0.867	0.78	0.835	0.687
H0208TS219_5__H0208TS419_1	0.499	0.503	0.503	0.44	0.55	0.204
H0208TS221_3__H0208TS110_4	0.002	0.0	0.0	0.0	0.344	0.004
H0208TS221_3__H0208TS267_1	0.854	0.897	0.897	0.816	0.844	0.73
H0208TS221_5__H0208TS208_5	0.867	0.931	0.931	0.875	0.915	0.837
H0208TS262_4__H0208TS052_4	0.681	0.848	0.848	0.765	0.788	0.469
H0208TS262_5__H0208TS312_2	0.794	0.894	0.894	0.816	0.827	0.579
H0208TS264_1__H0208TS369_4	0.862	0.91	0.91	0.851	0.887	0.859
H0208TS264_4__H0208TS191_2	0.73	0.883	0.883	0.805	0.788	0.555
H0208TS264_4__H0208TS304_4	0.879	0.922	0.922	0.852	0.889	0.883
H0208TS267_1__H0208TS284_5	0.793	0.811	0.811	0.781	0.77	0.602
H0208TS272_1__H0208TS040_2	0.001	0.0	0.0	0.0	0.09	0.009
H0208TS272_2__H0208TS023_5	0.006	0.0	0.0	0.0	0.086	0.018
H0208TS272_4__H0208TS075_1	0.745	0.872	0.872	0.812	0.846	0.705
H0208TS284_2__H0208TS014_4	0.754	0.232	0.93	0.286	0.206	0.87
H0208TS284_4__H0208TS163_4	0.891	0.439	0.958	0.539	0.376	0.842
H0208TS286_1__H0208TS164_4	0.002	0.0	0.0	0.0	0.37	0.004
H0208TS286_2__H0208TS122_2	0.848	0.825	0.825	0.783	0.803	0.62
H0208TS286_4__H0208TS400_1	0.347	0.41	0.41	0.26	0.54	0.309
H0208TS294_2__H0208TS369_2	0.828	0.885	0.885	0.831	0.842	0.809
H0208TS294_3__H0208TS494_4	0.764	0.412	0.846	0.44	0.336	0.678
H0208TS294_4__H0208TS122_5	0.837	0.915	0.915	0.871	0.871	0.7
H0208TS298_4__H0208TS261_4	0.667	0.683	0.683	0.598	0.669	0.529
H0208TS298_5__H0208TS423_2	0.759	0.83	0.83	0.784	0.83	0.669
H0208TS301_1__H0208TS388_4	0.751	0.844	0.844	0.771	0.843	0.702
H0208TS301_4__H0208TS164_4	0.002	0.0	0.0	0.0	0.364	0.004
H0208TS304_1__H0208TS284_2	0.77	0.839	0.839	0.774	0.8	0.64
H0208TS304_4__H0208TS261_2	0.63	0.747	0.747	0.612	0.764	0.542
H0208TS322_1__H0208TS241_1	0.766	0.813	0.813	0.76	0.785	0.576
H0208TS331_2__H0208TS221_3	0.793	0.86	0.86	0.808	0.822	0.6
H0208TS345_1__H0208TS051_1	1.0	1.0	1.0	1.0	1.0	1.0
H0208TS345_5__H0208TS272_3	0.062	0.073	0.073	0.038	0.417	0.032
H0208TS369_1__H0208TS052_1	0.937	0.965	0.965	0.913	0.922	0.935
H0208TS375_3__H0208TS014_5	0.232	0.045	0.136	0.019	0.078	0.151
H0208TS388_3__H0208TS400_1	0.846	0.92	0.92	0.879	0.921	0.838
H0208TS388_4__H0208TS221_3	0.776	0.871	0.871	0.806	0.831	0.743
H0208TS388_5__H0208TS264_4	0.757	0.875	0.875	0.773	0.803	0.722
H0208TS388_5__H0208TS494_5	0.739	0.432	0.871	0.445	0.36	0.778
H0208TS393_1__H0208TS079_4	0.839	0.949	0.949	0.875	0.848	0.739
H0208TS393_6__H0208TS075_4	0.867	0.961	0.961	0.872	0.86	0.78
H0208TS397_1__H0208TS147_5	0.828	0.176	0.871	0.237	0.149	0.739
H0208TS397_5__H0208TS148_5	0.763	0.799	0.799	0.71	0.797	0.654
H0208TS419_2__H0208TS312_3	0.855	0.899	0.899	0.83	0.828	0.826
H0208TS419_2__H0208TS375_4	0.856	0.884	0.884	0.818	0.811	0.647
H0208TS419_4__H0208TS311_4	0.844	0.868	0.868	0.81	0.835	0.778
H0208TS450_5__H0208TS375_5	0.875	0.944	0.944	0.89	0.885	0.815
H0208TS475_2__H0208TS298_3	0.834	0.907	0.907	0.865	0.891	0.843
H0208TS494_5__H0208TS164_1	0.724	0.869	0.869	0.746	0.801	0.605
H0215TS022_4__H0215TS197_1	0.01	0.004	0.004	0.0	0.127	0.009
H0215TS022_4__H0215TS264_5	0.038	0.011	0.011	0.0	0.239	0.013
H0215TS022_5__H0215TS393_1	0.071	0.154	0.154	0.121	0.455	0.171
H0215TS023_2__H0215TS028_2	0.009	0.0	0.0	0.0	0.188	0.009
H0215TS023_4__H0215TS163_5	0.04	0.009	0.035	0.0	0.098	0.012
H0215TS023_5__H0215TS298_5	0.009	0.0	0.0	0.0	0.11	0.011
H0215TS028_2__H0215TS052_4	0.194	0.163	0.163	0.22	0.585	0.132
H0215TS028_4__H0215TS264_2	0.074	0.197	0.197	0.09	0.339	0.129
H0215TS028_5__H0215TS028_4	0.004	0.0	0.0	0.0	0.172	0.008
H0215TS052_3__H0215TS028_5	0.0	0.0	0.0	0.0	0.113	0.007
H0215TS052_5__H0215TS298_5	0.257	0.454	0.454	0.194	0.39	0.286
H0215TS059_3__H0215TS462_3	0.06	0.018	0.018	0.0	0.193	0.023
H0215TS059_5__H0215TS323_2	0.042	0.001	0.001	0.0	0.163	0.016
H0215TS079_3__H0215TS221_1	0.158	0.235	0.235	0.082	0.356	0.084
H0215TS079_4__H0215TS274_1	0.04	0.01	0.01	0.0	0.122	0.013
H0215TS139_2__H0215TS494_1	0.131	0.019	0.019	0.0	0.151	0.028
H0215TS191_2__H0215TS052_5	0.017	0.0	0.0	0.0	0.14	0.01
H0215TS196_2__H0215TS148_2	0.244	0.395	0.395	0.156	0.524	0.151
H0215TS197_1__H0215TS298_3	0.031	0.028	0.028	0.0	0.164	0.014
H0215TS208_4__H0215TS262_3	0.002	0.0	0.0	0.0	0.225	0.007
H0215TS208_5__H0215TS147_4	0.01	0.0	0.0	0.0	0.13	0.008
H0215TS208_5__H0215TS388_5	0.0	0.0	0.0	0.0	0.0	0.013
H0215TS221_1__H0215TS139_3	0.252	0.449	0.449	0.228	0.408	0.21
H0215TS221_5__H0215TS015_2	0.082	0.003	0.003	0.0	0.125	0.026
H0215TS261_4__H0215TS148_2	0.001	0.0	0.0	0.0	0.0	0.017
H0215TS262_2__H0215TS164_5	0.0	0.0	0.0	0.0	0.072	0.007
H0215TS262_2__H0215TS267_2	0.502	0.625	0.625	0.578	0.613	0.389
H0215TS262_3__H0215TS261_2	0.058	0.066	0.066	0.015	0.117	0.023
H0215TS267_2__H0215TS262_5	0.484	0.615	0.615	0.454	0.542	0.366
H0215TS267_5__H0215TS319_1	0.07	0.008	0.008	0.0	0.272	0.023
H0215TS272_4__H0215TS397_2	0.001	0.0	0.0	0.0	0.05	0.008
H0215TS274_4__H0215TS264_3	0.009	0.002	0.002	0.0	0.155	0.013
H0215TS274_5__H0215TS494_5	1.0	1.0	1.0	1.0	1.0	1.0
H0215TS284_1__H0215TS028_1	0.212	0.126	0.126	0.119	0.388	0.102
H0215TS284_2__H0215TS272_3	0.006	0.0	0.0	0.0	0.105	0.012
H0215TS284_3__H0215TS312_3	0.032	0.001	0.001	0.0	0.165	0.012
H0215TS284_5__H0215TS322_1	0.025	0.0	0.0	0.0	0.174	0.014
H0215TS286_3__H0215TS052_1	0.235	0.176	0.176	0.143	0.512	0.133
H0215TS286_3__H0215TS164_5	0.049	0.001	0.006	0.0	0.062	0.039
H0215TS294_1__H0215TS163_5	0.052	0.011	0.053	0.0	0.042	0.025
H0215TS298_1__H0215TS197_1	0.032	0.021	0.021	0.0	0.135	0.015
H0215TS298_3__H0215TS139_4	0.563	0.724	0.724	0.548	0.59	0.531
H0215TS298_4__H0215TS284_1	0.165	0.426	0.426	0.242	0.461	0.181
H0215TS298_4__H0215TS301_4	0.041	0.024	0.024	0.02	0.168	0.023
H0215TS301_2__H0215TS293_4	0.011	0.0	0.0	0.0	0.134	0.008
H0215TS323_2__H0215TS051_1	0.024	0.004	0.004	0.0	0.208	0.009
H0215TS331_1__H0215TS023_1	0.001	0.0	0.0	0.0	0.098	0.008
H0215TS331_4__H0215TS397_1	0.048	0.019	0.04	0.0	0.169	0.014
H0215TS369_3__H0215TS301_5	0.028	0.001	0.001	0.0	0.2	0.012
H0215TS388_1__H0215TS264_2	0.17	0.451	0.451	0.22	0.387	0.41
H0215TS388_1__H0215TS319_2	0.135	0.208	0.208	0.09	0.265	0.069
H0215TS388_4__H0215TS312_3	0.186	0.196	0.196	0.087	0.527	0.101
H0215TS393_3__H0215TS272_4	0.024	0.014	0.014	0.0	0.172	0.016
H0215TS397_3__H0215TS264_6	0.157	0.326	0.326	0.184	0.576	0.243
H0215TS400_1__H0215TS023_1	0.067	0.048	0.048	0.0	0.305	0.049
H0215TS419_2__H0215TS272_2	0.013	0.0	0.0	0.0	0.116	0.01
H0215TS419_5__H0215TS219_5	0.025	0.024	0.024	0.0	0.158	0.014
H0215TS425_3__H0215TS164_1	0.028	0.001	0.008	0.0	0.053	0.011
H0215TS456_2__H0215TS219_4	0.072	0.001	0.001	0.017	0.155	0.019
H0215TS456_2__H0215TS272_2	0.021	0.011	0.011	0.0	0.105	0.013
H0215TS456_3__H0215TS079_2	0.011	0.0	0.0	0.0	0.123	0.008
H0215TS456_3__H0215TS294_2	0.177	0.155	0.155	0.117	0.314	0.095
H0215TS456_5__H0215TS023_4	0.0	0.0	0.0	0.0	0.033	0.008
H0215TS456_5__H0215TS284_1	0.123	0.069	0.069	0.07	0.31	0.054
H0215TS462_4__H0215TS110_2	0.006	0.0	0.0	0.0	0.136	0.012
H0215TS494_3__H0215TS139_3	0.035	0.009	0.009	0.0	0.152	0.027
H0217TS040_5__H0217TS139_2	0.162	0.077	0.265	0.094	0.181	0.086
H0217TS051_4__H0217TS425_3	0.689	0.612	0.612	0.687	0.84	0.541
H0217TS075_4__H0217TS261_4	0.517	0.378	0.378	0.42	0.471	0.362
H0217TS075_4__H0217TS322_2	0.21	0.064	0.219	0.064	0.194	0.167
H0217TS110_2__H0217TS274_1	0.224	0.193	0.215	0.277	0.616	0.385
H0217TS147_3__H0217TS462_4	0.591	0.53	0.53	0.607	0.689	0.351
H0217TS163_1__H0217TS219_3	0.447	0.2	0.2	0.243	0.305	0.312
H0217TS163_3__H0217TS293_3	0.82	0.654	0.654	0.698	0.658	0.486
H0217TS163_3__H0217TS393_4	0.781	0.628	0.628	0.639	0.597	0.459
H0217TS163_4__H0217TS475_3	0.765	0.633	0.633	0.629	0.582	0.402
H0217TS163_4__H0217TS494_1	0.26	0.105	0.333	0.165	0.273	0.295
H0217TS196_2__H0217TS462_4	0.838	0.327	0.862	0.429	0.289	0.592
H0217TS208_2__H0217TS167_1	0.654	0.317	0.616	0.45	0.325	0.474
H0217TS208_2__H0217TS286_4	0.255	0.214	0.375	0.201	0.213	0.232
H0217TS219_1__H0217TS322_2	0.266	0.025	0.058	0.033	0.277	0.262
H0217TS221_1__H0217TS286_2	0.523	0.555	0.555	0.571	0.532	0.377
H0217TS261_2__H0217TS219_3	0.258	0.175	0.175	0.184	0.433	0.255
H0217TS261_3__H0217TS139_3	0.169	0.103	0.363	0.12	0.208	0.122
H0217TS262_2__H0217TS494_1	0.169	0.169	0.21	0.216	0.484	0.305
H0217TS267_1__H0217TS191_3	0.183	0.048	0.13	0.076	0.171	0.182
H0217TS267_2__H0217TS261_4	0.663	0.399	0.399	0.455	0.448	0.409
H0217TS284_4__H0217TS110_1	0.587	0.227	0.641	0.324	0.276	0.322
H0217TS298_2__H0217TS393_1	0.764	0.792	0.792	0.74	0.684	0.567
H0217TS298_4__H0217TS059_1	0.359	0.136	0.421	0.181	0.247	0.225
H0217TS301_5__H0217TS028_2	0.562	0.243	0.645	0.342	0.297	0.321
H0217TS304_1__H0217TS208_4	0.742	0.673	0.673	0.705	0.657	0.525
H0217TS304_4__H0217TS475_1	0.668	0.622	0.622	0.677	0.549	0.445
H0217TS345_5__H0217TS294_1	0.827	0.716	0.777	0.742	0.675	0.742
H0217TS369_2__H0217TS191_1	0.132	0.031	0.087	0.046	0.17	0.127
H0217TS369_2__H0217TS221_4	0.693	0.252	0.568	0.341	0.268	0.429
H0217TS369_4__H0217TS301_5	0.811	0.696	0.696	0.729	0.689	0.618
H0217TS369_5__H0217TS075_5	0.82	0.638	0.638	0.707	0.669	0.594
H0217TS375_3__H0217TS261_2	0.531	0.428	0.428	0.467	0.493	0.365
H0217TS375_3__H0217TS304_1	0.789	0.794	0.794	0.796	0.749	0.587
H0217TS375_3__H0217TS393_2	0.708	0.769	0.769	0.76	0.69	0.488
H0217TS393_1__H0217TS369_3	0.734	0.801	0.801	0.781	0.701	0.477
H0217TS393_3__H0217TS261_1	0.447	0.367	0.367	0.398	0.399	0.324
H0217TS393_6__H0217TS110_5	0.739	0.327	0.821	0.434	0.294	0.497
H0217TS425_2__H0217TS294_5	0.852	0.722	0.756	0.764	0.713	0.686
H0217TS450_5__H0217TS298_5	0.577	0.733	0.733	0.732	0.638	0.479
H0217TS456_3__H0217TS022_2	0.602	0.57	0.603	0.681	0.757	0.481
H0217TS462_4__H0217TS262_5	0.521	0.475	0.475	0.532	0.553	0.301
H0217TS462_4__H0217TS286_5	0.432	0.592	0.592	0.483	0.53	0.287
H0217TS475_5__H0217TS075_4	0.745	0.802	0.802	0.759	0.781	0.496
H0220TS014_4__H0220TS462_1	0.237	0.275	0.275	0.172	0.648	0.072
H0220TS022_1__H0220TS059_1	0.273	0.338	0.365	0.166	0.63	0.123
H0220TS022_5__H0220TS051_1	0.611	0.478	0.602	0.521	0.614	0.166
H0220TS022_5__H0220TS221_1	0.551	0.53	0.632	0.544	0.516	0.118
H0220TS040_2__H0220TS163_4	0.007	0.002	0.005	0.0	0.136	0.008
H0220TS040_3__H0220TS059_4	0.0	0.0	0.0	0.0	0.016	0.005
H0220TS051_3__H0220TS022_4	0.47	0.512	0.732	0.573	0.541	0.331
H0220TS051_3__H0220TS059_5	0.428	0.53	0.843	0.584	0.456	0.309
H0220TS051_3__H0220TS298_5	0.351	0.415	0.415	0.443	0.465	0.088
H0220TS051_4__H0220TS369_3	0.105	0.238	0.238	0.144	0.141	0.037
H0220TS059_4__H0220TS167_5	0.716	0.66	0.852	0.7	0.611	0.475
H0220TS079_2__H0220TS208_1	0.026	0.0	0.0	0.0	0.099	0.005
H0220TS079_4__H0220TS393_5	0.656	0.706	0.706	0.725	0.548	0.286
H0220TS079_5__H0220TS393_3	0.36	0.72	0.72	0.613	0.606	0.332
H0220TS110_1__H0220TS110_3	0.381	0.39	0.39	0.3	0.942	0.232
H0220TS110_3__H0220TS163_3	0.177	0.165	0.165	0.102	0.379	0.053
H0220TS110_5__H0220TS450_2	0.238	0.335	0.335	0.225	0.522	0.111
H0220TS147_2__H0220TS028_2	1.0	1.0	1.0	1.0	1.0	1.0
H0220TS148_3__H0220TS286_3	0.447	0.457	0.457	0.524	0.469	0.117
H0220TS163_1__H0220TS298_3	0.208	0.16	0.16	0.047	0.359	0.044
H0220TS167_4__H0220TS450_4	1.0	1.0	1.0	1.0	1.0	1.0
H0220TS167_5__H0220TS419_1	0.681	0.649	0.649	0.688	0.677	0.269
H0220TS196_3__H0220TS079_4	0.0	0.0	0.0	0.0	0.045	0.006
H0220TS196_4__H0220TS312_4	0.006	0.003	0.005	0.001	0.132	0.004
H0220TS196_5__H0220TS393_3	0.001	0.001	0.001	0.0	0.077	0.009
H0220TS208_5__H0220TS051_1	0.478	0.447	0.447	0.5	0.62	0.169
H0220TS219_1__H0220TS294_5	0.527	0.427	0.427	0.346	0.548	0.084
H0220TS219_1__H0220TS462_1	0.366	0.263	0.263	0.166	0.604	0.054
H0220TS219_4__H0220TS051_3	0.511	0.242	0.242	0.172	0.457	0.053
H0220TS241_3__H0220TS014_4	0.16	0.096	0.23	0.054	0.303	0.053
H0220TS241_4__H0220TS272_4	0.558	0.474	0.474	0.529	0.66	0.247
H0220TS261_2__H0220TS015_1	0.0	0.0	0.0	0.0	0.084	0.012
H0220TS264_1__H0220TS380_3	0.694	0.698	0.698	0.712	0.676	0.277
H0220TS267_4__H0220TS167_4	0.0	0.0	0.0	0.0	0.093	0.002
H0220TS267_5__H0220TS274_2	0.006	0.001	0.001	0.0	0.205	0.017
H0220TS272_1__H0220TS028_2	0.379	0.423	0.423	0.481	0.624	0.161
H0220TS272_4__H0220TS298_1	0.232	0.314	0.314	0.35	0.45	0.076
H0220TS274_1__H0220TS267_4	0.0	0.0	0.0	0.0	0.123	0.009
H0220TS298_1__H0220TS462_5	0.228	0.223	0.223	0.136	0.487	0.073
H0220TS319_1__H0220TS331_2	0.633	0.577	0.577	0.645	0.65	0.236
H0220TS322_4__H0220TS286_4	0.303	0.242	0.242	0.117	0.524	0.034
H0220TS331_5__H0220TS425_3	0.134	0.043	0.215	0.03	0.133	0.041
H0220TS345_3__H0220TS163_3	0.389	0.268	0.268	0.304	0.412	0.109
H0220TS345_4__H0220TS110_5	0.41	0.114	0.661	0.138	0.147	0.14
H0220TS345_4__H0220TS369_3	0.163	0.391	0.391	0.255	0.222	0.062
H0220TS369_1__H0220TS241_1	0.0	0.0	0.0	0.0	0.042	0.004
H0220TS369_1__H0220TS294_1	0.0	0.0	0.0	0.0	0.074	0.002
H0220TS369_5__H0220TS462_6	0.0	0.0	0.0	0.0	0.051	0.003
H0220TS380_2__H0220TS022_3	0.353	0.362	0.367	0.272	0.743	0.179
H0220TS380_5__H0220TS059_3	0.417	0.484	0.851	0.522	0.482	0.312
H0220TS388_2__H0220TS294_4	0.38	0.36	0.459	0.362	0.404	0.29
H0220TS388_3__H0220TS221_5	0.684	0.497	0.725	0.574	0.499	0.307
H0220TS388_5__H0220TS163_4	0.445	0.531	0.653	0.479	0.443	0.25
H0220TS393_4__H0220TS311_1	0.672	0.532	0.532	0.547	0.403	0.301
H0220TS393_6__H0220TS147_1	0.231	0.042	0.397	0.052	0.122	0.092
H0220TS425_2__H0220TS298_2	0.391	0.506	0.506	0.538	0.571	0.118
H0220TS425_3__H0220TS219_4	0.113	0.237	0.237	0.176	0.515	0.084
H0220TS425_3__H0220TS419_5	0.59	0.686	0.686	0.691	0.628	0.226
H0220TS425_5__H0220TS419_5	0.134	0.053	0.207	0.038	0.141	0.04
H0220TS450_1__H0220TS294_1	0.279	0.289	0.289	0.157	0.51	0.093
H0220TS456_5__H0220TS148_1	0.316	0.265	0.295	0.143	0.661	0.124
H0220TS462_1__H0220TS456_4	0.23	0.27	0.3	0.17	0.577	0.114
H0222TS014_3__H0222TS462_6	0.851	0.918	0.918	0.842	0.86	0.494
H0222TS014_4__H0222TS219_2	0.735	0.556	0.556	0.595	0.688	0.208
H0222TS014_5__H0222TS375_4	0.791	0.841	0.841	0.824	0.903	0.474
H0222TS015_1__H0222TS219_5	0.497	0.539	0.539	0.564	0.731	0.198
H0222TS015_2__H0222TS208_2	0.833	0.894	0.894	0.789	0.865	0.624
H0222TS022_1__H0222TS040_5	0.532	0.513	0.519	0.512	0.537	0.25
H0222TS022_2__H0222TS300_3	0.59	0.519	0.519	0.556	0.688	0.252
H0222TS028_1__H0222TS450_3	0.519	0.349	0.654	0.368	0.333	0.22
H0222TS028_3__H0222TS241_1	0.69	0.581	0.581	0.608	0.702	0.294
H0222TS051_1__H0222TS267_4	0.663	0.62	0.62	0.61	0.697	0.223
H0222TS051_5__H0222TS122_1	0.744	0.578	0.578	0.584	0.689	0.316
H0222TS051_5__H0222TS345_4	0.833	0.743	0.743	0.759	0.906	0.346
H0222TS052_1__H0222TS494_5	0.864	0.9	0.9	0.832	0.908	0.767
H0222TS052_5__H0222TS312_3	0.861	0.885	0.885	0.85	0.902	0.685
H0222TS052_5__H0222TS456_3	0.982	0.989	0.989	0.97	0.975	0.965
H0222TS059_5__H0222TS425_2	0.715	0.617	0.617	0.6	0.782	0.244
H0222TS079_1__H0222TS294_1	0.702	0.563	0.563	0.552	0.743	0.289
H0222TS079_3__H0222TS110_1	0.734	0.619	0.619	0.676	0.735	0.311
H0222TS110_5__H0222TS040_5	0.636	0.614	0.631	0.647	0.645	0.254
H0222TS122_1__H0222TS059_5	0.656	0.623	0.623	0.574	0.776	0.306
H0222TS122_1__H0222TS164_5	0.902	0.912	0.912	0.879	0.917	0.835
H0222TS122_4__H0222TS272_1	0.654	0.492	0.492	0.557	0.747	0.351
H0222TS139_2__H0222TS388_4	0.694	0.707	0.707	0.651	0.806	0.433
H0222TS139_3__H0222TS274_5	0.621	0.627	0.627	0.541	0.682	0.284
H0222TS163_1__H0222TS274_5	0.741	0.683	0.683	0.62	0.724	0.445
H0222TS163_5__H0222TS262_5	0.688	0.603	0.603	0.619	0.74	0.341
H0222TS164_3__H0222TS425_4	0.677	0.604	0.604	0.609	0.714	0.321
H0222TS208_2__H0222TS322_2	0.715	0.771	0.771	0.706	0.82	0.486
H0222TS219_2__H0222TS494_2	0.719	0.704	0.704	0.665	0.832	0.394
H0222TS221_2__H0222TS147_4	0.702	0.644	0.644	0.637	0.743	0.3
H0222TS221_2__H0222TS293_3	0.709	0.587	0.587	0.632	0.76	0.294
H0222TS241_2__H0222TS110_1	0.723	0.681	0.681	0.651	0.719	0.297
H0222TS241_2__H0222TS163_4	0.737	0.683	0.683	0.673	0.818	0.336
H0222TS241_2__H0222TS345_5	0.79	0.616	0.616	0.675	0.835	0.33
H0222TS241_2__H0222TS425_4	0.735	0.688	0.688	0.677	0.799	0.316
H0222TS241_2__H0222TS494_5	0.757	0.603	0.603	0.62	0.785	0.312
H0222TS241_3__H0222TS267_2	0.741	0.764	0.764	0.727	0.872	0.372
H0222TS241_4__H0222TS262_3	0.671	0.646	0.646	0.588	0.701	0.294
H0222TS241_5__H0222TS015_4	0.685	0.623	0.623	0.661	0.745	0.267
H0222TS261_5__H0222TS122_5	0.543	0.617	0.617	0.522	0.627	0.298
H0222TS262_2__H0222TS494_5	0.772	0.857	0.857	0.745	0.813	0.7
H0222TS262_3__H0222TS022_1	0.684	0.595	0.595	0.528	0.644	0.293
H0222TS264_3__H0222TS293_5	0.189	0.055	0.173	0.03	0.188	0.093
H0222TS267_2__H0222TS375_4	0.871	0.933	0.933	0.9	0.91	0.594
H0222TS267_3__H0222TS456_5	0.722	0.61	0.61	0.613	0.719	0.33
H0222TS267_4__H0222TS294_2	0.779	0.63	0.63	0.68	0.791	0.247
H0222TS272_5__H0222TS051_1	0.808	0.777	0.777	0.728	0.808	0.464
H0222TS274_2__H0222TS284_2	0.869	0.95	0.95	0.85	0.878	0.827
H0222TS274_3__H0222TS051_4	0.659	0.601	0.601	0.591	0.743	0.377
H0222TS284_4__H0222TS301_4	0.674	0.649	0.649	0.612	0.747	0.288
H0222TS286_5__H0222TS040_3	0.69	0.716	0.728	0.63	0.71	0.421
H0222TS293_1__H0222TS304_5	0.709	0.602	0.602	0.591	0.794	0.276
H0222TS294_3__H0222TS388_1	0.755	0.693	0.693	0.683	0.811	0.29
H0222TS298_5__H0222TS264_4	0.819	0.694	0.694	0.65	0.796	0.397
H0222TS301_5__H0222TS261_3	0.568	0.598	0.598	0.522	0.698	0.305
H0222TS304_1__H0222TS261_5	0.565	0.54	0.54	0.489	0.705	0.289
H0222TS304_1__H0222TS380_1	0.814	0.795	0.795	0.784	0.841	0.51
H0222TS304_5__H0222TS014_1	0.643	0.594	0.594	0.605	0.726	0.286
H0222TS312_2__H0222TS298_1	0.655	0.593	0.593	0.606	0.733	0.324
H0222TS312_2__H0222TS419_4	0.805	0.833	0.833	0.765	0.89	0.686
H0222TS312_4__H0222TS294_5	0.681	0.624	0.624	0.637	0.773	0.23
H0222TS319_3__H0222TS450_5	0.039	0.011	0.039	0.002	0.345	0.051
H0222TS322_3__H0222TS319_2	0.758	0.736	0.736	0.752	0.898	0.367
H0222TS345_5__H0222TS284_4	0.88	0.91	0.91	0.87	0.937	0.701
H0222TS369_2__H0222TS219_4	0.205	0.558	0.558	0.5	0.649	0.145
H0222TS375_3__H0222TS163_1	0.805	0.796	0.796	0.803	0.794	0.433
H0222TS380_1__H0222TS380_4	0.737	0.651	0.651	0.722	0.743	0.368
H0222TS380_5__H0222TS208_2	0.863	0.636	0.636	0.694	0.742	0.319
H0222TS393_5__H0222TS163_1	0.695	0.671	0.671	0.63	0.76	0.355
H0222TS397_1__H0222TS208_4	0.722	0.693	0.693	0.659	0.819	0.433
H0222TS397_1__H0222TS393_4	0.732	0.721	0.721	0.654	0.811	0.467
H0222TS397_2__H0222TS319_1	0.654	0.599	0.599	0.554	0.667	0.299
H0222TS397_2__H0222TS450_1	0.56	0.592	0.592	0.542	0.681	0.286
H0222TS425_5__H0222TS241_2	0.724	0.662	0.662	0.669	0.807	0.327
H0222TS450_1__H0222TS221_2	0.567	0.61	0.61	0.555	0.71	0.25
H0222TS450_1__H0222TS388_1	0.583	0.623	0.623	0.573	0.744	0.245
H0222TS450_4__H0222TS059_1	0.727	0.619	0.619	0.624	0.772	0.335
H0222TS456_3__H0222TS110_1	0.653	0.545	0.545	0.551	0.701	0.291
H0222TS462_1__H0222TS345_2	0.747	0.616	0.616	0.69	0.784	0.228
H0222TS462_4__H0222TS051_1	0.684	0.545	0.545	0.553	0.706	0.282
H0222TS462_5__H0222TS148_2	0.667	0.507	0.507	0.542	0.727	0.267
H0222TS475_5__H0222TS286_1	0.719	0.743	0.743	0.675	0.774	0.287
H0223TS015_2__H0223TS241_3	0.684	0.642	0.642	0.699	0.771	0.35
H0223TS015_4__H0223TS164_2	0.762	0.67	0.67	0.709	0.793	0.347
H0223TS023_1__H0223TS375_2	0.534	0.602	0.602	0.516	0.754	0.166
H0223TS023_1__H0223TS494_1	0.52	0.584	0.584	0.475	0.759	0.254
H0223TS023_4__H0223TS022_5	0.426	0.462	0.462	0.417	0.628	0.218
H0223TS028_1__H0223TS014_3	0.668	0.708	0.708	0.682	0.797	0.345
H0223TS028_2__H0223TS208_1	0.802	0.87	0.87	0.852	0.854	0.432
H0223TS028_4__H0223TS163_5	0.825	0.696	0.696	0.737	0.788	0.392
H0223TS028_4__H0223TS262_1	0.755	0.623	0.623	0.676	0.712	0.228
H0223TS040_4__H0223TS450_4	0.687	0.719	0.744	0.707	0.762	0.233
H0223TS040_5__H0223TS221_5	0.714	0.745	0.759	0.684	0.745	0.42
H0223TS051_2__H0223TS450_2	0.603	0.749	0.749	0.673	0.735	0.208
H0223TS051_4__H0223TS462_2	0.833	0.854	0.854	0.84	0.869	0.509
H0223TS052_4__H0223TS015_1	0.784	0.642	0.642	0.665	0.771	0.219
H0223TS052_4__H0223TS322_3	0.768	0.802	0.802	0.77	0.836	0.329
H0223TS075_3__H0223TS293_1	0.761	0.688	0.688	0.725	0.786	0.201
H0223TS110_5__H0223TS312_2	0.701	0.52	0.52	0.641	0.692	0.159
H0223TS122_5__H0223TS425_4	0.853	0.881	0.881	0.842	0.862	0.448
H0223TS139_1__H0223TS462_2	0.74	0.701	0.701	0.687	0.809	0.347
H0223TS139_3__H0223TS221_2	0.738	0.759	0.759	0.704	0.772	0.227
H0223TS148_2__H0223TS312_3	0.889	0.954	0.954	0.921	0.912	0.742
H0223TS148_3__H0223TS221_3	0.56	0.509	0.509	0.613	0.672	0.281
H0223TS148_4__H0223TS284_3	0.617	0.565	0.565	0.694	0.701	0.16
H0223TS163_4__H0223TS221_1	0.741	0.729	0.729	0.762	0.859	0.22
H0223TS164_2__H0223TS369_3	0.865	0.861	0.861	0.847	0.86	0.349
H0223TS164_4__H0223TS079_3	0.746	0.712	0.712	0.71	0.83	0.419
H0223TS167_5__H0223TS393_4	0.739	0.714	0.714	0.728	0.76	0.216
H0223TS208_5__H0223TS425_3	0.588	0.481	0.481	0.592	0.639	0.162
H0223TS219_1__H0223TS219_3	0.874	0.749	0.749	0.78	0.872	0.436
H0223TS221_1__H0223TS208_3	0.754	0.741	0.741	0.729	0.809	0.387
H0223TS221_4__H0223TS059_3	0.792	0.86	0.86	0.776	0.848	0.326
H0223TS221_4__H0223TS494_3	0.742	0.799	0.799	0.774	0.766	0.197
H0223TS241_1__H0223TS022_2	0.823	0.69	0.69	0.756	0.89	0.35
H0223TS241_1__H0223TS312_3	0.793	0.706	0.706	0.783	0.919	0.337
H0223TS241_4__H0223TS015_5	0.762	0.652	0.652	0.695	0.801	0.198
H0223TS241_4__H0223TS075_1	0.788	0.744	0.744	0.753	0.866	0.342
H0223TS241_4__H0223TS139_2	0.666	0.71	0.71	0.688	0.725	0.204
H0223TS241_5__H0223TS494_5	0.737	0.663	0.663	0.679	0.795	0.326
H0223TS261_3__H0223TS369_3	0.678	0.662	0.662	0.663	0.81	0.37
H0223TS262_3__H0223TS022_3	0.779	0.824	0.824	0.787	0.852	0.326
H0223TS267_1__H0223TS028_5	0.863	0.787	0.787	0.793	0.796	0.449
H0223TS272_1__H0223TS312_2	0.742	0.536	0.536	0.674	0.696	0.322
H0223TS272_4__H0223TS028_5	0.764	0.572	0.572	0.702	0.673	0.184
H0223TS284_3__H0223TS284_5	0.949	0.981	0.981	0.952	0.943	0.871
H0223TS286_1__H0223TS331_1	0.776	0.698	0.698	0.637	0.769	0.378
H0223TS286_3__H0223TS393_2	0.791	0.74	0.74	0.726	0.777	0.217
H0223TS293_2__H0223TS261_4	0.757	0.562	0.562	0.545	0.743	0.229
H0223TS293_4__H0223TS241_4	0.739	0.659	0.659	0.689	0.748	0.192
H0223TS294_3__H0223TS075_2	0.763	0.716	0.716	0.762	0.816	0.179
H0223TS294_5__H0223TS267_4	0.823	0.859	0.859	0.845	0.887	0.369
H0223TS298_3__H0223TS286_4	0.834	0.667	0.667	0.686	0.725	0.339
H0223TS301_4__H0223TS450_1	0.646	0.745	0.745	0.663	0.783	0.376
H0223TS301_5__H0223TS264_3	0.797	0.549	0.549	0.726	0.645	0.45
H0223TS304_4__H0223TS164_3	0.761	0.706	0.706	0.697	0.804	0.213
H0223TS304_4__H0223TS274_1	0.677	0.601	0.601	0.623	0.695	0.186
H0223TS304_5__H0223TS261_5	0.694	0.528	0.528	0.569	0.695	0.309
H0223TS319_5__H0223TS272_4	0.727	0.592	0.592	0.693	0.696	0.329
H0223TS319_5__H0223TS369_1	0.809	0.84	0.84	0.815	0.864	0.495
H0223TS322_1__H0223TS369_2	0.843	0.704	0.704	0.704	0.826	0.362
H0223TS322_4__H0223TS015_2	0.793	0.738	0.738	0.658	0.766	0.3
H0223TS322_4__H0223TS284_1	0.776	0.826	0.826	0.745	0.832	0.446
H0223TS331_4__H0223TS147_4	0.72	0.693	0.693	0.663	0.824	0.414
H0223TS375_2__H0223TS261_1	0.689	0.618	0.618	0.605	0.706	0.312
H0223TS375_2__H0223TS323_1	0.79	0.192	0.696	0.29	0.257	0.327
H0223TS380_4__H0223TS015_5	0.792	0.668	0.668	0.73	0.904	0.197
H0223TS393_1__H0223TS462_2	0.787	0.693	0.693	0.708	0.791	0.252
H0223TS393_4__H0223TS319_3	0.825	0.697	0.697	0.71	0.791	0.431
H0223TS393_4__H0223TS388_2	0.788	0.677	0.677	0.704	0.803	0.216
H0223TS397_1__H0223TS369_5	0.704	0.659	0.659	0.654	0.84	0.333
H0223TS397_2__H0223TS322_2	0.707	0.693	0.693	0.711	0.805	0.232
H0223TS419_1__H0223TS139_1	0.702	0.784	0.784	0.704	0.808	0.217
H0223TS425_3__H0223TS262_2	0.708	0.718	0.718	0.67	0.787	0.198
H0223TS456_3__H0223TS294_3	0.59	0.506	0.506	0.637	0.645	0.159
H0223TS462_5__H0223TS369_5	0.779	0.686	0.686	0.706	0.882	0.335
H0223TS475_2__H0223TS022_1	0.827	0.713	0.713	0.751	0.833	0.365
H0223TS494_3__H0223TS023_3	0.559	0.626	0.626	0.537	0.719	0.338
H0223TS494_4__H0223TS262_1	0.728	0.631	0.631	0.647	0.704	0.228
H0225TS015_1__H0225TS319_1	0.808	0.835	0.835	0.782	0.808	0.442
H0225TS015_5__H0225TS148_4	0.711	0.568	0.568	0.621	0.725	0.333
H0225TS022_2__H0225TS163_5	0.696	0.561	0.561	0.593	0.714	0.338
H0225TS022_5__H0225TS022_2	0.788	0.789	0.789	0.724	0.863	0.414
H0225TS023_4__H0225TS040_3	0.323	0.424	0.425	0.289	0.557	0.189
H0225TS028_2__H0225TS284_2	0.716	0.625	0.625	0.662	0.751	0.387
H0225TS028_3__H0225TS304_3	0.727	0.786	0.786	0.711	0.858	0.256
H0225TS040_2__H0225TS028_4	0.658	0.672	0.693	0.627	0.757	0.357
H0225TS040_2__H0225TS208_1	0.597	0.548	0.565	0.559	0.669	0.298
H0225TS051_2__H0225TS301_1	0.861	0.554	0.554	0.644	0.73	0.215
H0225TS051_3__H0225TS051_1	0.862	0.898	0.898	0.854	0.844	0.379
H0225TS052_4__H0225TS241_4	0.86	0.926	0.926	0.884	0.887	0.526
H0225TS075_4__H0225TS304_3	0.882	0.937	0.937	0.841	0.884	0.678
H0225TS075_5__H0225TS023_2	0.281	0.403	0.403	0.298	0.583	0.195
H0225TS075_5__H0225TS294_4	0.912	0.912	0.912	0.848	0.829	0.621
H0225TS075_5__H0225TS301_4	0.907	0.967	0.967	0.9	0.909	0.746
H0225TS079_2__H0225TS022_3	0.666	0.543	0.543	0.584	0.762	0.327
H0225TS079_3__H0225TS284_2	0.72	0.647	0.647	0.678	0.774	0.407
H0225TS139_2__H0225TS208_2	0.622	0.552	0.552	0.557	0.696	0.286
H0225TS147_5__H0225TS425_5	0.863	0.936	0.936	0.84	0.901	0.551
H0225TS163_2__H0225TS322_5	0.746	0.654	0.654	0.677	0.842	0.309
H0225TS163_3__H0225TS456_1	0.753	0.617	0.617	0.665	0.75	0.295
H0225TS163_5__H0225TS163_1	0.803	0.809	0.809	0.796	0.838	0.54
H0225TS164_4__H0225TS380_3	0.736	0.62	0.62	0.645	0.78	0.339
H0225TS191_2__H0225TS300_1	0.387	0.269	0.444	0.314	0.285	0.212
H0225TS196_5__H0225TS261_1	0.511	0.547	0.547	0.446	0.691	0.255
H0225TS208_1__H0225TS456_3	0.901	0.957	0.957	0.882	0.884	0.615
H0225TS208_4__H0225TS393_2	0.945	0.97	0.97	0.925	0.935	0.87
H0225TS219_2__H0225TS475_5	0.914	0.873	0.873	0.808	0.791	0.446
H0225TS219_3__H0225TS022_2	0.76	0.559	0.559	0.608	0.737	0.342
H0225TS241_3__H0225TS051_3	0.818	0.806	0.806	0.735	0.808	0.434
H0225TS261_3__H0225TS241_5	0.477	0.52	0.52	0.513	0.643	0.265
H0225TS261_3__H0225TS494_1	0.466	0.524	0.524	0.478	0.62	0.247
H0225TS261_5__H0225TS023_5	0.256	0.394	0.394	0.271	0.589	0.172
H0225TS264_3__H0225TS312_2	0.774	0.849	0.849	0.768	0.886	0.441
H0225TS264_3__H0225TS319_3	0.696	0.61	0.61	0.649	0.813	0.283
H0225TS267_3__H0225TS419_2	0.694	0.602	0.602	0.621	0.71	0.316
H0225TS272_3__H0225TS164_3	0.746	0.717	0.717	0.732	0.832	0.311
H0225TS272_5__H0225TS051_2	0.691	0.552	0.552	0.641	0.753	0.25
H0225TS274_2__H0225TS059_1	0.716	0.643	0.643	0.64	0.809	0.221
H0225TS294_4__H0225TS261_1	0.507	0.554	0.554	0.453	0.657	0.236
H0225TS298_3__H0225TS272_3	0.808	0.746	0.746	0.668	0.775	0.345
H0225TS301_4__H0225TS450_4	0.724	0.627	0.627	0.674	0.706	0.26
H0225TS304_2__H0225TS293_3	0.82	0.736	0.736	0.711	0.775	0.383
H0225TS312_3__H0225TS425_3	0.866	0.91	0.91	0.806	0.8	0.578
H0225TS312_4__H0225TS052_3	0.852	0.865	0.865	0.818	0.825	0.455
H0225TS319_4__H0225TS388_4	0.681	0.586	0.586	0.604	0.767	0.276
H0225TS319_5__H0225TS147_1	0.699	0.557	0.557	0.612	0.759	0.316
H0225TS322_3__H0225TS059_3	0.716	0.561	0.561	0.635	0.734	0.241
H0225TS331_3__H0225TS331_2	0.679	0.561	0.561	0.604	0.747	0.25
H0225TS331_4__H0225TS393_4	0.691	0.569	0.569	0.655	0.727	0.225
H0225TS345_2__H0225TS284_2	0.875	0.721	0.721	0.696	0.847	0.46
H0225TS369_1__H0225TS221_2	0.705	0.772	0.772	0.709	0.811	0.412
H0225TS369_5__H0225TS028_4	0.724	0.663	0.663	0.623	0.834	0.295
H0225TS375_3__H0225TS022_1	0.806	0.864	0.864	0.815	0.882	0.475
H0225TS380_4__H0225TS262_2	0.812	0.785	0.785	0.724	0.83	0.427
H0225TS380_5__H0225TS219_1	0.788	0.932	0.932	0.834	0.85	0.584
H0225TS393_2__H0225TS051_3	0.849	0.823	0.823	0.783	0.824	0.431
H0225TS393_4__H0225TS241_5	0.866	0.912	0.912	0.833	0.865	0.557
H0225TS393_5__H0225TS393_1	0.917	0.944	0.944	0.903	0.912	0.714
H0225TS423_1__H0225TS196_3	0.882	0.926	0.926	0.84	0.879	0.674
H0225TS423_2__H0225TS148_2	0.778	0.665	0.665	0.672	0.791	0.368
H0225TS423_3__H0225TS456_4	0.9	0.967	0.967	0.91	0.941	0.746
H0225TS423_5__H0225TS301_3	0.781	0.72	0.72	0.681	0.827	0.46
H0225TS456_2__H0225TS148_5	0.858	0.828	0.828	0.772	0.818	0.421
H0225TS456_2__H0225TS312_5	0.87	0.88	0.88	0.85	0.884	0.525
H0225TS456_3__H0225TS187_1	0.517	0.566	0.566	0.497	0.618	0.221
H0225TS456_3__H0225TS298_3	0.71	0.597	0.597	0.644	0.733	0.334
H0225TS462_2__H0225TS241_3	0.671	0.561	0.561	0.625	0.749	0.271
H0225TS462_3__H0225TS122_5	0.678	0.543	0.543	0.608	0.766	0.33
H0225TS462_6__H0225TS393_2	0.681	0.561	0.561	0.639	0.707	0.229
H0225TS468_2__H0225TS221_5	0.71	0.735	0.735	0.67	0.828	0.28
H0225TS468_2__H0225TS298_5	0.632	0.608	0.608	0.626	0.843	0.324
H0225TS468_3__H0225TS419_5	0.687	0.595	0.595	0.645	0.725	0.298
H0225TS468_4__H0225TS164_4	0.74	0.687	0.687	0.701	0.835	0.414
H0225TS475_2__H0225TS468_3	0.76	0.593	0.593	0.685	0.714	0.267
H0227TS051_1__H0227TS264_5	0.739	0.789	0.789	0.764	0.782	0.415
H0227TS051_5__H0227TS331_3	0.956	0.98	0.98	0.949	0.936	0.697
H0227TS122_1__H0227TS300_1	0.118	0.039	0.039	0.017	0.14	0.021
H0227TS122_2__H0227TS298_5	0.08	0.001	0.014	0.0	0.013	0.035
H0227TS191_1__H0227TS298_4	0.625	0.819	0.819	0.687	0.712	0.493
H0227TS196_3__H0227TS164_5	0.001	0.0	0.0	0.0	0.106	0.012
H0227TS219_2__H0227TS264_3	0.59	0.563	0.563	0.523	0.623	0.354
H0227TS219_3__H0227TS059_5	0.373	0.223	0.223	0.172	0.438	0.212
H0227TS241_5__H0227TS425_3	0.892	0.949	0.949	0.907	0.885	0.616
H0227TS261_1__H0227TS375_2	0.029	0.025	0.025	0.0	0.101	0.005
H0227TS267_2__H0227TS284_5	0.29	0.379	0.379	0.421	0.465	0.167
H0227TS267_5__H0227TS286_1	0.042	0.0	0.007	0.0	0.01	0.011
H0227TS274_1__H0227TS221_2	0.551	0.655	0.665	0.633	0.725	0.295
H0227TS274_3__H0227TS219_2	0.062	0.05	0.051	0.03	0.685	0.088
H0227TS284_1__H0227TS148_4	0.683	0.061	0.885	0.063	0.048	0.475
H0227TS286_4__H0227TS425_4	0.685	0.794	0.794	0.757	0.737	0.292
H0227TS311_3__H0227TS319_3	0.33	0.02	0.549	0.027	0.018	0.125
H0227TS311_5__H0227TS274_4	0.357	0.024	0.629	0.029	0.021	0.18
H0227TS337_4__H0227TS164_4	0.003	0.0	0.0	0.0	0.15	0.029
H0227TS369_2__H0227TS075_2	0.702	0.913	0.913	0.733	0.679	0.259
H0227TS369_4__H0227TS419_4	0.005	0.0	0.0	0.0	0.016	0.009
H0227TS369_5__H0227TS475_2	0.035	0.046	0.046	0.05	0.222	0.016
H0227TS375_1__H0227TS079_2	0.097	0.038	0.038	0.0	0.093	0.012
H0227TS375_5__H0227TS293_4	0.087	0.04	0.04	0.014	0.12	0.048
H0227TS375_5__H0227TS337_5	0.105	0.04	0.04	0.016	0.157	0.028
H0227TS393_1__H0227TS051_3	0.054	0.033	0.033	0.02	0.632	0.024
H0227TS475_1__H0227TS312_3	0.648	0.021	0.889	0.023	0.018	0.482
H0227TS475_1__H0227TS419_5	0.766	0.021	0.816	0.024	0.02	0.362
H0227TS494_4__H0227TS059_4	0.057	0.031	0.032	0.011	0.645	0.029
H0227TS494_4__H0227TS298_3	0.599	0.759	0.769	0.651	0.709	0.446
H0229TS014_3__H0229TS139_2	0.0	0.0	0.0	0.0	0.057	0.003
H0229TS014_3__H0229TS221_5	0.0	0.0	0.0	0.0	0.059	0.003
H0229TS028_5__H0229TS163_1	0.0	0.0	0.0	0.0	0.114	0.002
H0229TS040_2__H0229TS122_5	0.408	0.613	0.613	0.443	0.622	0.323
H0229TS040_5__H0229TS274_4	0.0	0.0	0.0	0.0	0.095	0.004
H0229TS051_1__H0229TS311_2	0.493	0.676	0.676	0.572	0.622	0.381
H0229TS051_5__H0229TS262_3	0.0	0.0	0.0	0.0	0.092	0.008
H0229TS052_3__H0229TS311_2	0.514	0.693	0.693	0.58	0.636	0.384
H0229TS052_4__H0229TS322_1	0.214	0.17	0.17	0.263	0.287	0.12
H0229TS052_5__H0229TS051_2	0.003	0.0	0.0	0.0	0.12	0.007
H0229TS059_5__H0229TS284_5	0.555	0.741	0.741	0.64	0.721	0.566
H0229TS079_4__H0229TS450_1	0.644	0.844	0.844	0.707	0.69	0.586
H0229TS079_5__H0229TS301_1	0.922	0.944	0.944	0.895	0.864	0.805
H0229TS122_4__H0229TS196_4	0.59	0.731	0.731	0.506	0.545	0.619
H0229TS139_5__H0229TS450_4	0.038	0.007	0.007	0.0	0.23	0.029
H0229TS148_4__H0229TS294_4	0.269	0.168	0.168	0.242	0.516	0.136
H0229TS163_1__H0229TS274_5	0.0	0.0	0.0	0.0	0.063	0.003
H0229TS196_2__H0229TS286_2	0.0	0.0	0.0	0.0	0.059	0.008
H0229TS196_4__H0229TS450_1	0.649	0.826	0.826	0.7	0.71	0.64
H0229TS208_2__H0229TS293_4	0.505	0.678	0.678	0.515	0.547	0.451
H0229TS261_5__H0229TS110_2	0.0	0.0	0.0	0.0	0.227	0.002
H0229TS264_1__H0229TS241_3	0.576	0.779	0.779	0.651	0.734	0.593
H0229TS267_3__H0229TS208_1	0.611	0.796	0.796	0.653	0.636	0.634
H0229TS284_4__H0229TS272_2	0.056	0.013	0.037	0.007	0.106	0.041
H0229TS286_1__H0229TS110_1	0.001	0.0	0.0	0.0	0.056	0.007
H0229TS286_2__H0229TS110_5	0.0	0.0	0.0	0.0	0.085	0.003
H0229TS301_1__H0229TS301_2	0.987	0.99	0.99	0.968	0.976	0.984
H0229TS301_4__H0229TS075_5	0.61	0.73	0.73	0.55	0.594	0.585
H0229TS304_2__H0229TS015_1	0.52	0.7	0.7	0.606	0.637	0.45
H0229TS311_1__H0229TS241_2	0.669	0.816	0.816	0.703	0.729	0.577
H0229TS322_1__H0229TS345_4	0.251	0.166	0.166	0.257	0.29	0.11
H0229TS322_4__H0229TS294_5	0.466	0.451	0.451	0.346	0.494	0.387
H0229TS331_2__H0229TS331_1	0.889	0.938	0.938	0.876	0.879	0.809
H0229TS331_5__H0229TS139_2	0.0	0.0	0.0	0.0	0.076	0.008
H0229TS345_3__H0229TS022_4	0.583	0.677	0.677	0.612	0.672	0.593
H0229TS345_5__H0229TS014_2	0.0	0.0	0.0	0.0	0.326	0.002
H0229TS369_3__H0229TS388_4	0.0	0.0	0.0	0.0	0.052	0.008
H0229TS375_2__H0229TS221_4	0.008	0.0	0.0	0.0	0.039	0.008
H0229TS375_4__H0229TS196_5	0.538	0.722	0.722	0.526	0.562	0.54
H0229TS375_4__H0229TS301_2	0.551	0.73	0.73	0.547	0.61	0.505
H0229TS375_5__H0229TS208_2	0.802	0.928	0.928	0.743	0.777	0.845
H0229TS419_3__H0229TS298_1	0.666	0.725	0.725	0.647	0.594	0.65
H0229TS425_1__H0229TS319_4	0.909	0.933	0.933	0.889	0.916	0.661
H0229TS456_4__H0229TS345_4	0.869	0.953	0.953	0.848	0.825	0.894
H0229TS462_4__H0229TS139_2	0.001	0.0	0.0	0.0	0.111	0.006
H0229TS475_5__H0229TS079_5	0.5	0.625	0.625	0.454	0.573	0.488
H0229TS475_5__H0229TS139_4	0.002	0.0	0.0	0.0	0.061	0.008
H0230TS015_5__H0230TS456_1	0.004	0.0	0.0	0.0	0.12	0.006
H0230TS022_3__H0230TS051_2	0.568	0.603	0.603	0.514	0.546	0.592
H0230TS023_1__H0230TS262_3	0.01	0.0	0.001	0.0	0.113	0.006
H0230TS028_2__H0230TS167_5	0.032	0.017	0.033	0.0	0.329	0.017
H0230TS028_3__H0230TS164_4	0.261	0.302	0.523	0.208	0.196	0.316
H0230TS028_5__H0230TS272_5	0.47	0.287	0.626	0.269	0.266	0.461
H0230TS075_1__H0230TS028_3	0.506	0.641	0.641	0.485	0.544	0.528
H0230TS075_2__H0230TS262_4	0.003	0.0	0.0	0.0	0.071	0.008
H0230TS079_2__H0230TS262_5	0.803	0.331	0.931	0.443	0.332	0.8
H0230TS122_1__H0230TS221_5	0.003	0.0	0.0	0.0	0.072	0.008
H0230TS147_1__H0230TS298_3	0.961	0.988	0.988	0.963	0.965	0.89
H0230TS147_2__H0230TS419_5	0.0	0.0	0.0	0.0	0.086	0.004
H0230TS167_1__H0230TS322_5	0.287	0.271	0.271	0.336	0.516	0.262
H0230TS167_2__H0230TS293_4	0.47	0.636	0.636	0.449	0.545	0.477
H0230TS196_3__H0230TS272_3	0.011	0.0	0.001	0.0	0.05	0.009
H0230TS196_4__H0230TS300_3	0.0	0.0	0.0	0.0	0.132	0.004
H0230TS208_2__H0230TS196_4	0.506	0.665	0.665	0.492	0.596	0.576
H0230TS219_1__H0230TS015_4	0.575	0.628	0.628	0.551	0.55	0.43
H0230TS219_2__H0230TS241_5	0.688	0.882	0.882	0.682	0.694	0.569
H0230TS267_2__H0230TS337_2	0.0	0.0	0.0	0.0	0.112	0.005
H0230TS319_4__H0230TS423_2	0.264	0.206	0.206	0.285	0.76	0.261
H0230TS322_4__H0230TS304_1	0.468	0.644	0.644	0.464	0.454	0.527
H0230TS331_3__H0230TS425_1	0.572	0.587	0.587	0.526	0.566	0.534
H0230TS345_1__H0230TS380_2	0.252	0.188	0.188	0.287	0.786	0.182
H0230TS375_4__H0230TS298_2	0.714	0.347	0.827	0.391	0.3	0.641
H0230TS380_3__H0230TS397_1	0.289	0.197	0.197	0.284	0.86	0.284
H0230TS423_4__H0230TS294_5	0.263	0.187	0.187	0.281	0.902	0.154
H0230TS425_1__H0230TS311_2	0.231	0.211	0.211	0.269	0.619	0.131
H0230TS450_1__H0230TS122_2	0.799	0.91	0.91	0.831	0.87	0.767
H0230TS450_3__H0230TS345_4	0.773	0.87	0.87	0.797	0.793	0.652
H0230TS450_5__H0230TS311_1	0.719	0.907	0.907	0.791	0.753	0.567
H0230TS456_2__H0230TS312_5	0.594	0.709	0.709	0.542	0.607	0.625
H0230TS462_2__H0230TS221_2	0.0	0.0	0.0	0.0	0.089	0.004
H0230TS462_2__H0230TS388_1	0.0	0.0	0.0	0.0	0.085	0.004
H0230TS475_1__H0230TS023_5	0.019	0.004	0.004	0.01	0.22	0.012
H0232TS028_4__H0232TS164_3	0.44	0.364	0.364	0.491	0.576	0.192
H0232TS040_2__H0232TS450_1	0.085	0.043	0.113	0.037	0.17	0.062
H0232TS040_4__H0232TS059_5	0.006	0.0	0.0	0.0	0.113	0.067
H0232TS051_1__H0232TS294_2	0.539	0.376	0.376	0.498	0.715	0.384
H0232TS059_1__H0232TS221_4	0.863	0.951	0.951	0.847	0.843	0.866
H0232TS075_1__H0232TS163_4	0.097	0.012	0.031	0.007	0.132	0.036
H0232TS110_1__H0232TS014_3	0.872	0.937	0.937	0.842	0.928	0.846
H0232TS122_3__H0232TS196_3	0.0	0.0	0.0	0.0	0.177	0.034
H0232TS122_5__H0232TS014_3	0.008	0.0	0.0	0.0	0.078	0.027
H0232TS139_3__H0232TS110_4	0.679	0.76	0.76	0.621	0.667	0.611
H0232TS139_4__H0232TS462_5	0.464	0.402	0.402	0.47	0.715	0.145
H0232TS148_2__H0232TS345_1	0.469	0.352	0.352	0.486	0.684	0.231
H0232TS148_3__H0232TS264_5	0.895	0.963	0.963	0.85	0.902	0.842
H0232TS167_1__H0232TS028_3	0.197	0.319	0.319	0.3	0.556	0.289
H0232TS208_2__H0232TS267_2	0.032	0.019	0.019	0.0	0.343	0.033
H0232TS208_3__H0232TS267_1	0.218	0.181	0.181	0.112	0.405	0.152
H0232TS261_4__H0232TS286_2	0.004	0.0	0.0	0.0	0.084	0.028
H0232TS264_6__H0232TS375_4	0.444	0.226	0.32	0.395	0.485	0.214
H0232TS267_2__H0232TS300_3	0.0	0.0	0.0	0.0	0.016	0.005
H0232TS272_4__H0232TS286_1	0.353	0.38	0.38	0.39	0.533	0.258
H0232TS286_5__H0232TS028_5	0.45	0.381	0.381	0.444	0.581	0.261
H0232TS293_1__H0232TS293_2	0.95	0.967	0.967	0.854	0.978	0.921
H0232TS293_5__H0232TS261_3	0.081	0.086	0.086	0.088	0.344	0.064
H0232TS298_4__H0232TS312_4	0.437	0.297	0.297	0.481	0.537	0.335
H0232TS301_2__H0232TS388_5	0.374	0.166	0.456	0.106	0.155	0.344
H0232TS304_3__H0232TS028_1	0.024	0.0	0.0	0.0	0.108	0.062
H0232TS312_2__H0232TS345_3	0.428	0.305	0.305	0.496	0.602	0.209
H0232TS319_1__H0232TS022_1	0.443	0.323	0.323	0.431	0.644	0.307
H0232TS319_4__H0232TS311_4	0.419	0.315	0.315	0.484	0.915	0.209
H0232TS323_1__H0232TS272_5	0.425	0.328	0.328	0.508	0.521	0.202
H0232TS380_3__H0232TS219_1	0.492	0.405	0.405	0.473	0.686	0.192
H0232TS380_4__H0232TS022_2	0.448	0.342	0.342	0.46	0.597	0.301
H0232TS388_4__H0232TS028_5	0.423	0.33	0.33	0.491	0.751	0.224
H0232TS388_4__H0232TS059_1	0.43	0.334	0.334	0.511	0.728	0.227
H0232TS456_1__H0232TS322_4	0.471	0.293	0.296	0.442	0.817	0.217
H0232TS456_5__H0232TS375_4	0.439	0.24	0.335	0.379	0.453	0.209
H0232TS475_2__H0232TS462_2	0.0	0.0	0.0	0.0	0.127	0.027
H0232TS475_3__H0232TS164_3	0.0	0.0	0.0	0.0	0.165	0.027
H0233TS023_2__H0233TS304_2	0.441	0.476	0.476	0.397	0.518	0.215
H0233TS023_3__H0233TS261_1	0.368	0.433	0.433	0.381	0.486	0.164
H0233TS059_4__H0233TS393_3	0.669	0.578	0.578	0.67	0.695	0.319
H0233TS079_3__H0233TS267_1	0.644	0.622	0.622	0.691	0.686	0.184
H0233TS079_5__H0233TS059_3	0.753	0.392	0.602	0.469	0.478	0.305
H0233TS114_1__H0233TS028_1	0.556	0.257	0.543	0.306	0.269	0.211
H0233TS208_3__H0233TS264_4	0.982	0.991	0.991	0.961	0.94	0.85
H0233TS208_4__H0233TS059_2	0.678	0.412	0.653	0.504	0.461	0.3
H0233TS261_2__H0233TS425_4	0.535	0.508	0.508	0.55	0.589	0.246
H0233TS264_1__H0233TS221_4	0.621	0.277	0.593	0.345	0.282	0.181
H0233TS264_4__H0233TS264_5	0.976	0.988	0.988	0.955	0.954	0.962
H0233TS286_5__H0233TS028_2	0.838	0.882	0.882	0.829	0.866	0.646
H0233TS312_2__H0233TS261_3	0.579	0.546	0.546	0.604	0.669	0.189
H0233TS337_3__H0233TS147_2	0.556	0.257	0.543	0.306	0.269	0.211
H0233TS337_5__H0233TS028_5	0.518	0.252	0.512	0.304	0.278	0.234
H0233TS369_2__H0233TS264_6	0.687	0.57	0.57	0.663	0.645	0.307
H0233TS375_5__H0233TS284_4	0.841	0.792	0.792	0.851	0.774	0.417
H0233TS393_3__H0233TS272_3	0.969	0.39	0.983	0.516	0.363	0.677
H0233TS393_4__H0233TS208_5	0.975	0.988	0.988	0.957	0.959	0.906
H0233TS475_1__H0233TS284_4	0.823	0.745	0.745	0.817	0.896	0.713
H0233TS494_5__H0233TS345_3	0.703	0.669	0.669	0.7	0.667	0.308
H0236TS022_1__H0236TS051_4	0.369	0.22	0.22	0.227	0.73	0.143
H0236TS040_1__H0236TS494_5	0.149	0.159	0.159	0.062	0.25	0.06
H0236TS040_2__H0236TS059_4	0.0	0.0	0.0	0.0	0.081	0.008
H0236TS052_3__H0236TS425_3	0.377	0.232	0.232	0.217	0.716	0.118
H0236TS075_1__H0236TS274_3	0.0	0.0	0.0	0.0	0.048	0.007
H0236TS122_3__H0236TS079_3	0.017	0.001	0.001	0.0	0.159	0.01
H0236TS148_2__H0236TS286_1	0.302	0.318	0.318	0.361	0.589	0.189
H0236TS148_4__H0236TS241_4	0.396	0.258	0.258	0.372	0.848	0.296
H0236TS163_1__H0236TS164_1	0.26	0.223	0.223	0.208	0.399	0.118
H0236TS196_5__H0236TS450_1	0.003	0.0	0.0	0.002	0.317	0.015
H0236TS241_5__H0236TS191_1	0.782	0.816	0.816	0.762	0.908	0.71
H0236TS274_1__H0236TS462_5	0.0	0.0	0.0	0.0	0.024	0.009
H0236TS301_5__H0236TS221_3	0.0	0.0	0.0	0.0	0.033	0.004
H0236TS304_5__H0236TS052_4	0.403	0.209	0.209	0.18	0.662	0.14
H0236TS319_1__H0236TS167_4	0.367	0.207	0.207	0.23	0.64	0.128
H0236TS319_3__H0236TS196_4	0.008	0.006	0.006	0.001	0.172	0.008
H0236TS319_4__H0236TS397_5	0.042	0.026	0.026	0.013	0.82	0.072
H0236TS337_3__H0236TS462_1	0.066	0.005	0.099	0.0	0.031	0.014
H0236TS337_4__H0236TS028_4	0.073	0.007	0.081	0.003	0.03	0.047
H0236TS345_4__H0236TS425_5	0.038	0.017	0.022	0.007	0.331	0.024
H0236TS375_1__H0236TS221_3	0.0	0.0	0.0	0.0	0.019	0.005
H0236TS380_5__H0236TS286_1	0.042	0.039	0.056	0.026	0.26	0.049
H0236TS380_5__H0236TS397_1	0.052	0.021	0.032	0.01	0.421	0.043
H0236TS425_4__H0236TS219_4	0.178	0.248	0.248	0.243	0.718	0.1
H0236TS475_4__H0236TS274_5	0.016	0.007	0.007	0.0	0.148	0.012
H0244TS022_4__H0244TS264_1	0.164	0.08	0.08	0.132	0.859	0.122
H0244TS028_3__H0244TS286_5	0.353	0.344	0.344	0.336	0.748	0.167
H0244TS040_3__H0244TS147_2	0.24	0.224	0.224	0.234	0.572	0.063
H0244TS051_1__H0244TS345_1	1.0	1.0	1.0	1.0	1.0	1.0
H0244TS051_2__H0244TS075_3	0.596	0.654	0.654	0.711	0.718	0.454
H0244TS075_2__H0244TS163_1	0.653	0.686	0.686	0.76	0.82	0.261
H0244TS110_1__H0244TS475_5	0.685	0.769	0.856	0.73	0.668	0.458
H0244TS110_3__H0244TS059_2	0.004	0.0	0.0	0.0	0.236	0.005
H0244TS122_3__H0244TS147_5	0.636	0.596	0.596	0.676	0.706	0.263
H0244TS122_5__H0244TS163_2	0.679	0.703	0.703	0.737	0.77	0.345
H0244TS147_2__H0244TS262_5	0.229	0.211	0.211	0.22	0.692	0.087
H0244TS148_2__H0244TS052_4	0.903	0.87	0.87	0.83	0.817	0.536
H0244TS163_4__H0244TS040_4	0.646	0.604	0.604	0.653	0.685	0.4
H0244TS196_3__H0244TS028_3	0.256	0.218	0.218	0.235	0.667	0.061
H0244TS208_4__H0244TS079_2	0.533	0.537	0.537	0.596	0.652	0.406
H0244TS219_2__H0244TS147_1	0.387	0.395	0.395	0.351	0.733	0.215
H0244TS221_1__H0244TS028_2	0.588	0.644	0.644	0.672	0.727	0.259
H0244TS261_1__H0244TS450_1	0.021	0.042	0.042	0.029	0.223	0.008
H0244TS261_3__H0244TS147_1	0.3	0.26	0.26	0.228	0.704	0.12
H0244TS261_5__H0244TS164_3	0.655	0.688	0.688	0.668	0.723	0.321
H0244TS262_2__H0244TS298_5	0.552	0.305	0.737	0.39	0.339	0.243
H0244TS264_2__H0244TS264_1	0.182	0.067	0.067	0.142	0.957	0.238
H0244TS267_2__H0244TS196_4	0.722	0.402	0.402	0.459	0.554	0.276
H0244TS267_4__H0244TS345_1	0.839	0.756	0.756	0.788	0.77	0.396
H0244TS267_5__H0244TS059_3	0.0	0.0	0.0	0.0	0.245	0.004
H0244TS274_1__H0244TS079_1	0.627	0.641	0.641	0.643	0.758	0.314
H0244TS284_1__H0244TS241_4	0.663	0.609	0.609	0.703	0.753	0.273
H0244TS286_1__H0244TS298_3	0.664	0.33	0.86	0.406	0.347	0.281
H0244TS293_2__H0244TS301_2	0.721	0.588	0.588	0.63	0.735	0.289
H0244TS293_4__H0244TS241_4	0.624	0.593	0.593	0.658	0.724	0.279
H0244TS294_5__H0244TS475_2	0.675	0.554	0.651	0.612	0.626	0.277
H0244TS304_3__H0244TS059_2	0.004	0.0	0.0	0.0	0.236	0.005
H0244TS419_2__H0244TS284_3	0.612	0.695	0.695	0.759	0.76	0.434
H0244TS419_4__H0244TS163_3	0.73	0.771	0.771	0.772	0.82	0.296
H0244TS419_5__H0244TS079_3	0.649	0.645	0.645	0.674	0.739	0.276
H0244TS419_5__H0244TS122_2	0.672	0.711	0.711	0.726	0.793	0.234
H0244TS425_3__H0244TS167_1	0.133	0.147	0.147	0.049	0.429	0.025
H0244TS450_1__H0244TS322_4	0.058	0.035	0.035	0.024	0.185	0.016
H0244TS450_2__H0244TS167_1	0.129	0.155	0.155	0.049	0.404	0.042
H0244TS462_2__H0244TS462_3	0.242	0.233	0.233	0.219	0.71	0.087
H0244TS462_6__H0244TS075_4	0.624	0.643	0.643	0.709	0.74	0.445
H0244TS494_4__H0244TS456_5	0.638	0.676	0.676	0.654	0.777	0.401
H0245TS022_1__H0245TS241_3	0.664	0.819	0.819	0.694	0.742	0.689
H0245TS022_1__H0245TS450_1	0.0	0.0	0.0	0.0	0.0	0.01
H0245TS022_2__H0245TS219_2	0.048	0.008	0.008	0.037	0.21	0.051
H0245TS022_3__H0245TS293_3	0.07	0.041	0.041	0.0	0.307	0.049
H0245TS028_4__H0245TS304_1	0.413	0.629	0.629	0.333	0.644	0.255
H0245TS040_3__H0245TS196_2	0.071	0.017	0.017	0.0	0.258	0.032
H0245TS051_1__H0245TS014_6	0.055	0.004	0.004	0.016	0.198	0.039
H0245TS051_1__H0245TS147_1	0.391	0.539	0.539	0.322	0.623	0.342
H0245TS051_1__H0245TS312_4	0.736	0.856	0.856	0.714	0.706	0.709
H0245TS051_3__H0245TS208_3	0.589	0.793	0.793	0.634	0.69	0.488
H0245TS052_2__H0245TS284_5	0.745	0.92	0.92	0.656	0.708	0.678
H0245TS079_2__H0245TS023_3	0.022	0.027	0.027	0.039	0.139	0.037
H0245TS079_2__H0245TS345_4	0.057	0.012	0.012	0.0	0.281	0.04
H0245TS079_3__H0245TS075_3	0.08	0.039	0.039	0.0	0.312	0.057
H0245TS079_3__H0245TS079_2	0.47	0.721	0.721	0.516	0.613	0.509
H0245TS110_5__H0245TS164_4	0.082	0.027	0.027	0.071	0.39	0.064
H0245TS122_5__H0245TS147_2	0.493	0.725	0.725	0.47	0.743	0.365
H0245TS139_3__H0245TS040_3	0.077	0.025	0.025	0.018	0.2	0.024
H0245TS148_3__H0245TS423_3	0.043	0.201	0.201	0.192	0.333	0.117
H0245TS148_4__H0245TS052_1	0.803	0.925	0.925	0.752	0.797	0.822
H0245TS148_4__H0245TS462_2	0.411	0.597	0.597	0.324	0.642	0.335
H0245TS163_1__H0245TS264_2	0.064	0.039	0.039	0.0	0.304	0.051
H0245TS163_4__H0245TS014_4	0.038	0.0	0.0	0.0	0.192	0.035
H0245TS167_2__H0245TS393_4	0.035	0.018	0.018	0.0	0.158	0.013
H0245TS196_1__H0245TS380_4	0.108	0.049	0.049	0.038	0.344	0.046
H0245TS196_3__H0245TS274_1	0.117	0.123	0.123	0.052	0.349	0.057
H0245TS208_2__H0245TS052_1	0.663	0.881	0.881	0.711	0.746	0.508
H0245TS208_2__H0245TS419_2	0.594	0.776	0.776	0.564	0.639	0.442
H0245TS208_5__H0245TS264_5	0.76	0.919	0.919	0.806	0.823	0.794
H0245TS221_1__H0245TS040_1	0.111	0.066	0.066	0.057	0.333	0.052
H0245TS221_3__H0245TS475_3	0.742	0.897	0.897	0.752	0.776	0.752
H0245TS241_1__H0245TS028_1	0.39	0.547	0.547	0.309	0.657	0.354
H0245TS241_2__H0245TS494_4	0.641	0.848	0.848	0.643	0.681	0.581
H0245TS241_3__H0245TS419_5	0.72	0.925	0.925	0.74	0.794	0.737
H0245TS262_2__H0245TS059_4	0.017	0.0	0.0	0.0	0.175	0.045
H0245TS264_5__H0245TS167_2	0.051	0.019	0.019	0.0	0.149	0.015
H0245TS267_5__H0245TS462_6	0.111	0.404	0.404	0.344	0.543	0.196
H0245TS272_4__H0245TS059_2	0.005	0.0	0.0	0.0	0.094	0.011
H0245TS272_4__H0245TS475_3	0.003	0.0	0.0	0.0	0.05	0.01
H0245TS274_2__H0245TS079_3	0.071	0.037	0.037	0.027	0.266	0.047
H0245TS274_4__H0245TS301_2	0.658	0.877	0.877	0.681	0.761	0.64
H0245TS284_4__H0245TS468_1	0.043	0.005	0.005	0.0	0.252	0.045
H0245TS286_1__H0245TS331_1	0.373	0.505	0.505	0.318	0.63	0.249
H0245TS293_4__H0245TS015_5	0.011	0.013	0.054	0.008	0.179	0.057
H0245TS294_2__H0245TS388_1	0.059	0.008	0.008	0.0	0.219	0.032
H0245TS298_5__H0245TS369_1	0.106	0.184	0.184	0.115	0.299	0.093
H0245TS304_5__H0245TS051_3	0.082	0.077	0.077	0.015	0.264	0.04
H0245TS312_1__H0245TS393_1	1.0	1.0	1.0	1.0	1.0	1.0
H0245TS312_5__H0245TS167_1	0.047	0.006	0.006	0.011	0.28	0.04
H0245TS319_1__H0245TS147_2	0.381	0.543	0.543	0.324	0.614	0.325
H0245TS319_5__H0245TS164_2	0.131	0.058	0.058	0.018	0.271	0.041
H0245TS322_2__H0245TS139_5	0.209	0.242	0.242	0.103	0.389	0.105
H0245TS322_2__H0245TS272_3	0.073	0.006	0.006	0.031	0.235	0.054
H0245TS345_2__H0245TS468_2	0.037	0.01	0.01	0.0	0.25	0.048
H0245TS345_4__H0245TS079_5	0.129	0.134	0.134	0.067	0.367	0.055
H0245TS375_2__H0245TS393_3	0.874	0.953	0.953	0.848	0.812	0.587
H0245TS375_5__H0245TS304_2	0.062	0.049	0.049	0.017	0.214	0.044
H0245TS380_5__H0245TS468_5	0.789	0.958	0.958	0.913	0.891	0.972
H0245TS393_2__H0245TS419_3	0.701	0.852	0.852	0.641	0.758	0.646
H0245TS393_6__H0245TS419_4	0.685	0.85	0.85	0.671	0.742	0.619
H0245TS419_1__H0245TS139_3	0.091	0.038	0.038	0.01	0.128	0.021
H0245TS419_3__H0245TS208_2	0.612	0.793	0.793	0.573	0.653	0.415
H0245TS419_3__H0245TS456_2	0.69	0.822	0.822	0.658	0.75	0.664
H0245TS423_3__H0245TS079_1	0.048	0.04	0.04	0.036	0.242	0.04
H0245TS423_5__H0245TS164_2	0.054	0.091	0.091	0.029	0.325	0.047
H0245TS423_5__H0245TS456_1	0.104	0.186	0.186	0.095	0.28	0.07
H0245TS425_1__H0245TS208_1	0.654	0.875	0.875	0.623	0.691	0.473
H0245TS425_1__H0245TS264_2	0.659	0.867	0.867	0.662	0.704	0.57
H0245TS450_2__H0245TS262_4	0.071	0.046	0.046	0.026	0.257	0.054
H0245TS456_1__H0245TS462_6	0.058	0.039	0.039	0.012	0.367	0.041
H0245TS456_2__H0245TS375_5	0.063	0.073	0.073	0.016	0.229	0.037
H0245TS456_4__H0245TS022_4	1.0	1.0	1.0	1.0	1.0	1.0
H0245TS462_2__H0245TS148_4	0.396	0.597	0.597	0.324	0.642	0.301
H0245TS462_2__H0245TS462_1	0.973	0.988	0.988	0.926	1.0	0.668
H0245TS462_3__H0245TS267_1	0.086	0.056	0.056	0.025	0.29	0.052
H0245TS462_3__H0245TS375_2	0.433	0.664	0.664	0.374	0.608	0.388
H0245TS462_6__H0245TS494_2	0.112	0.047	0.047	0.024	0.391	0.05
H0245TS468_2__H0245TS462_2	0.068	0.005	0.005	0.0	0.239	0.03
H0245TS468_3__H0245TS241_5	0.565	0.784	0.784	0.559	0.687	0.398
H0245TS494_4__H0245TS312_1	0.801	0.934	0.934	0.792	0.846	0.834
H0258TS014_1__H0258TS319_4	0.0	0.0	0.0	0.0	0.19	0.007
H0258TS015_2__H0258TS221_2	0.026	0.024	0.074	0.015	0.091	0.009
H0258TS015_2__H0258TS262_4	0.011	0.004	0.009	0.0	0.071	0.004
H0258TS022_3__H0258TS319_2	0.32	0.19	0.333	0.29	0.319	0.333
H0258TS028_1__H0258TS147_2	0.245	0.292	0.292	0.241	0.359	0.097
H0258TS040_3__H0258TS219_4	0.0	0.0	0.0	0.0	0.05	0.003
H0258TS040_3__H0258TS272_5	0.0	0.0	0.0	0.0	0.064	0.002
H0258TS051_1__H0258TS322_3	0.169	0.148	0.148	0.228	0.481	0.217
H0258TS051_4__H0258TS319_3	0.042	0.02	0.036	0.006	0.158	0.018
H0258TS059_1__H0258TS369_1	0.0	0.0	0.0	0.0	0.111	0.007
H0258TS075_2__H0258TS293_1	0.032	0.07	0.07	0.023	0.339	0.009
H0258TS079_5__H0258TS419_2	0.004	0.006	0.018	0.003	0.1	0.006
H0258TS110_1__H0258TS393_2	0.042	0.017	0.017	0.034	0.395	0.029
H0258TS139_1__H0258TS147_2	0.012	0.0	0.0	0.0	0.068	0.008
H0258TS148_3__H0258TS040_3	0.0	0.0	0.0	0.0	0.152	0.003
H0258TS148_5__H0258TS369_3	0.0	0.0	0.0	0.0	0.105	0.003
H0258TS164_5__H0258TS272_2	0.463	0.104	0.104	0.164	0.163	0.278
H0258TS167_3__H0258TS304_3	0.064	0.038	0.07	0.01	0.201	0.015
H0258TS167_5__H0258TS028_3	0.0	0.0	0.0	0.0	0.088	0.01
H0258TS196_3__H0258TS375_1	0.0	0.0	0.0	0.0	0.077	0.003
H0258TS196_5__H0258TS022_2	0.0	0.0	0.0	0.0	0.05	0.007
H0258TS208_2__H0258TS241_2	0.0	0.0	0.0	0.0	0.071	0.005
H0258TS208_2__H0258TS301_3	0.0	0.0	0.0	0.0	0.093	0.005
H0258TS208_5__H0258TS014_6	0.0	0.0	0.0	0.0	0.167	0.005
H0258TS221_3__H0258TS375_5	0.069	0.096	0.096	0.056	0.201	0.028
H0258TS261_1__H0258TS494_3	0.0	0.0	0.0	0.0	0.065	0.003
H0258TS262_1__H0258TS450_3	0.113	0.087	0.087	0.106	0.213	0.092
H0258TS264_1__H0258TS272_1	0.02	0.0	0.0	0.0	0.085	0.019
H0258TS267_1__H0258TS267_4	0.004	0.0	0.0	0.0	0.107	0.03
H0258TS267_2__H0258TS369_3	0.001	0.013	0.013	0.002	0.131	0.007
H0258TS267_3__H0258TS425_2	0.007	0.01	0.011	0.002	0.198	0.01
H0258TS284_2__H0258TS148_5	0.014	0.002	0.002	0.0	0.251	0.016
H0258TS284_4__H0258TS293_5	0.004	0.025	0.025	0.0	0.206	0.004
H0258TS293_5__H0258TS110_1	0.0	0.019	0.019	0.0	0.17	0.005
H0258TS298_2__H0258TS219_1	0.0	0.0	0.0	0.0	0.059	0.006
H0258TS298_5__H0258TS286_3	0.0	0.0	0.0	0.0	0.046	0.003
H0258TS304_2__H0258TS015_3	0.007	0.0	0.0	0.0	0.044	0.014
H0258TS311_1__H0258TS311_2	0.083	0.069	0.069	0.077	0.16	0.04
H0258TS311_4__H0258TS312_1	0.072	0.011	0.011	0.0	0.1	0.009
H0258TS312_1__H0258TS147_3	0.0	0.0	0.0	0.0	0.043	0.006
H0258TS319_4__H0258TS052_1	0.0	0.0	0.0	0.0	0.073	0.005
H0258TS322_5__H0258TS022_3	0.203	0.154	0.314	0.161	0.246	0.236
H0258TS331_4__H0258TS028_4	0.307	0.075	0.457	0.094	0.092	0.133
H0258TS331_4__H0258TS163_4	0.0	0.0	0.0	0.0	0.049	0.003
H0258TS331_4__H0258TS293_2	0.107	0.361	0.361	0.208	0.365	0.067
H0258TS345_1__H0258TS494_3	0.422	0.437	0.449	0.377	0.492	0.368
H0258TS345_2__H0258TS164_4	0.186	0.198	0.198	0.298	0.276	0.235
H0258TS375_2__H0258TS322_4	0.005	0.0	0.0	0.0	0.177	0.02
H0258TS393_4__H0258TS298_4	0.0	0.0	0.0	0.0	0.089	0.004
H0258TS393_5__H0258TS164_3	0.0	0.0	0.0	0.0	0.009	0.013
H0258TS393_5__H0258TS272_2	0.0	0.0	0.0	0.0	0.014	0.006
H0258TS397_1__H0258TS397_4	0.369	0.352	0.352	0.409	0.576	0.215
H0258TS456_2__H0258TS319_3	0.552	0.212	0.311	0.358	0.222	0.305
H0258TS475_4__H0258TS419_4	0.124	0.091	0.091	0.053	0.223	0.02
H0265TS015_5__H0265TS301_5	0.14	0.047	0.047	0.0	0.234	0.056
H0265TS028_1__H0265TS261_3	0.483	0.598	0.598	0.51	0.44	0.42
H0265TS051_1__H0265TS345_4	0.328	0.467	0.467	0.248	0.328	0.253
H0265TS051_3__H0265TS163_4	0.903	0.375	0.925	0.545	0.443	0.86
H0265TS052_3__H0265TS022_2	0.932	0.928	0.928	0.89	0.914	0.908
H0265TS079_3__H0265TS147_3	0.971	0.988	0.988	0.938	0.941	0.968
H0265TS079_3__H0265TS319_2	0.953	0.991	0.991	0.958	0.941	0.974
H0265TS079_4__H0265TS380_1	0.779	0.768	0.768	0.731	0.692	0.603
H0265TS122_4__H0265TS369_2	0.051	0.06	0.06	0.0	0.019	0.017
H0265TS122_4__H0265TS380_4	0.034	0.031	0.031	0.0	0.038	0.019
H0265TS122_5__H0265TS475_4	1.0	1.0	1.0	1.0	1.0	1.0
H0265TS164_1__H0265TS023_2	0.33	0.54	0.54	0.44	0.644	0.38
H0265TS167_3__H0265TS059_2	0.001	0.0	0.0	0.0	0.043	0.007
H0265TS208_5__H0265TS051_5	0.4	0.307	0.307	0.46	0.627	0.387
H0265TS219_2__H0265TS264_3	0.442	0.296	0.296	0.443	0.623	0.362
H0265TS261_2__H0265TS023_2	0.166	0.21	0.347	0.148	0.297	0.167
H0265TS261_3__H0265TS475_4	0.001	0.0	0.0	0.0	0.179	0.024
H0265TS267_1__H0265TS015_4	0.043	0.001	0.001	0.0	0.121	0.021
H0265TS286_3__H0265TS304_1	0.781	0.888	0.888	0.832	0.806	0.719
H0265TS293_1__H0265TS304_5	0.792	0.835	0.835	0.78	0.757	0.658
H0265TS298_4__H0265TS262_1	0.669	0.805	0.805	0.747	0.818	0.651
H0265TS301_3__H0265TS380_4	0.001	0.0	0.0	0.0	0.14	0.022
H0265TS304_3__H0265TS323_1	0.829	0.931	0.931	0.84	0.811	0.799
H0265TS331_3__H0265TS272_5	0.072	0.039	0.039	0.028	0.101	0.031
H0265TS369_2__H0265TS015_4	0.048	0.004	0.004	0.0	0.143	0.021
H0265TS369_3__H0265TS051_3	0.804	0.827	0.827	0.831	0.829	0.823
H0265TS375_2__H0265TS272_5	0.071	0.043	0.043	0.028	0.089	0.03
H0265TS375_2__H0265TS462_5	0.586	0.737	0.737	0.708	0.711	0.609
H0265TS375_5__H0265TS267_3	0.014	0.006	0.006	0.0	0.047	0.031
H0265TS380_4__H0265TS468_4	0.984	0.994	0.994	0.968	1.0	0.99
H0265TS380_5__H0265TS462_3	0.691	0.749	0.749	0.758	0.744	0.596
H0265TS393_5__H0265TS393_1	0.39	0.296	0.296	0.482	0.651	0.406
H0265TS425_1__H0265TS208_2	0.397	0.302	0.302	0.468	0.658	0.403
H0265TS425_2__H0265TS312_2	0.94	0.979	0.979	0.92	0.879	0.883
H0265TS425_4__H0265TS023_2	0.317	0.375	0.722	0.275	0.342	0.375
H0265TS462_5__H0265TS139_5	0.712	0.895	0.895	0.824	0.812	0.709
H0265TS468_2__H0265TS475_1	0.036	0.028	0.028	0.0	0.02	0.018
H0265TS475_1__H0265TS167_1	0.0	0.0	0.0	0.0	0.0	0.013
H0265TS475_3__H0265TS319_3	0.001	0.0	0.0	0.0	0.127	0.02
H0265TS475_4__H0265TS167_5	0.0	0.0	0.0	0.0	0.076	0.009
H0265TS475_5__H0265TS304_5	0.001	0.0	0.0	0.0	0.159	0.022
H0265TS494_1__H0265TS393_3	0.05	0.035	0.056	0.014	0.474	0.022
H0265TS494_3__H0265TS264_4	0.279	0.142	0.246	0.241	0.44	0.293
H0265TS494_3__H0265TS322_1	0.54	0.463	0.713	0.451	0.533	0.608
H0265TS494_4__H0265TS219_3	0.048	0.033	0.054	0.014	0.29	0.02
H0267TS015_1__H0267TS167_2	0.37	0.422	0.422	0.362	0.577	0.221
H0267TS028_3__H0267TS079_1	0.892	0.935	0.935	0.928	0.897	0.792
H0267TS059_1__H0267TS079_4	0.846	0.924	0.924	0.865	0.835	0.731
H0267TS122_1__H0267TS022_1	0.883	0.951	0.951	0.905	0.869	0.777
H0267TS122_5__H0267TS022_2	0.948	0.987	0.987	0.952	0.965	0.925
H0267TS139_1__H0267TS122_2	0.725	0.895	0.895	0.825	0.82	0.625
H0267TS139_5__H0267TS274_3	0.789	0.929	0.929	0.82	0.758	0.702
H0267TS147_2__H0267TS298_2	0.907	0.973	0.973	0.929	0.949	0.768
H0267TS147_4__H0267TS148_3	0.832	0.94	0.94	0.904	0.917	0.718
H0267TS148_4__H0267TS301_4	0.931	0.977	0.977	0.965	0.957	0.866
H0267TS163_4__H0267TS164_2	0.678	0.715	0.715	0.654	0.603	0.523
H0267TS219_1__H0267TS167_2	0.388	0.429	0.429	0.378	0.589	0.232
H0267TS219_3__H0267TS450_4	0.393	0.36	0.36	0.368	0.411	0.202
H0267TS219_4__H0267TS139_2	0.753	0.914	0.914	0.8	0.771	0.49
H0267TS221_5__H0267TS139_3	0.774	0.931	0.931	0.879	0.875	0.656
H0267TS221_5__H0267TS286_4	0.548	0.812	0.812	0.719	0.789	0.41
H0267TS241_3__H0267TS393_3	0.956	0.986	0.986	0.961	0.956	0.926
H0267TS241_5__H0267TS462_2	0.87	0.925	0.925	0.918	0.907	0.72
H0267TS262_3__H0267TS264_6	0.426	0.567	0.567	0.572	0.477	0.221
H0267TS262_5__H0267TS262_1	0.624	0.769	0.769	0.635	0.681	0.587
H0267TS264_1__H0267TS059_1	0.873	0.955	0.955	0.892	0.89	0.787
H0267TS264_3__H0267TS110_2	0.87	0.93	0.93	0.895	0.923	0.754
H0267TS267_3__H0267TS393_6	0.78	0.923	0.923	0.884	0.89	0.392
H0267TS267_4__H0267TS293_1	0.908	0.931	0.931	0.926	0.905	0.781
H0267TS267_5__H0267TS272_4	0.0	0.0	0.0	0.0	0.048	0.004
H0267TS284_2__H0267TS040_3	0.786	0.895	0.895	0.835	0.818	0.756
H0267TS284_2__H0267TS388_1	0.853	0.929	0.929	0.884	0.883	0.789
H0267TS284_4__H0267TS286_3	0.826	0.933	0.933	0.867	0.877	0.701
H0267TS293_1__H0267TS028_2	0.89	0.938	0.938	0.925	0.881	0.78
H0267TS293_2__H0267TS475_3	0.847	0.939	0.939	0.879	0.908	0.8
H0267TS294_2__H0267TS323_1	0.849	0.943	0.943	0.895	0.915	0.795
H0267TS294_5__H0267TS423_2	0.912	0.971	0.971	0.915	0.941	0.773
H0267TS298_1__H0267TS059_2	0.874	0.9	0.9	0.877	0.874	0.757
H0267TS298_2__H0267TS388_3	0.958	0.946	0.946	0.947	0.95	0.779
H0267TS298_3__H0267TS294_3	0.963	0.983	0.983	0.949	0.974	0.921
H0267TS298_5__H0267TS114_1	0.338	0.141	0.25	0.189	0.178	0.161
H0267TS300_2__H0267TS014_6	0.518	0.188	0.531	0.241	0.215	0.275
H0267TS301_1__H0267TS147_5	0.886	0.943	0.943	0.903	0.915	0.828
H0267TS301_3__H0267TS425_2	0.946	0.982	0.982	0.955	0.965	0.894
H0267TS304_5__H0267TS167_1	0.0	0.0	0.0	0.0	0.099	0.003
H0267TS323_1__H0267TS015_2	0.865	0.909	0.909	0.881	0.893	0.713
H0267TS323_1__H0267TS267_4	0.875	0.941	0.941	0.871	0.892	0.802
H0267TS331_1__H0267TS221_3	0.856	0.946	0.946	0.904	0.916	0.79
H0267TS331_4__H0267TS191_3	0.696	0.808	0.808	0.762	0.657	0.403
H0267TS345_2__H0267TS059_4	0.855	0.865	0.865	0.864	0.825	0.728
H0267TS369_1__H0267TS298_3	0.869	0.934	0.934	0.884	0.925	0.743
H0267TS369_3__H0267TS298_4	0.863	0.919	0.919	0.886	0.857	0.736
H0267TS388_2__H0267TS375_2	0.823	0.904	0.904	0.858	0.849	0.629
H0267TS388_5__H0267TS369_4	0.873	0.949	0.949	0.895	0.863	0.789
H0267TS393_1__H0267TS219_2	0.804	0.925	0.925	0.89	0.844	0.393
H0267TS393_5__H0267TS221_2	0.845	0.933	0.933	0.902	0.908	0.819
H0267TS425_1__H0267TS040_5	0.838	0.939	0.939	0.89	0.846	0.778
H0267TS425_2__H0267TS139_2	0.785	0.908	0.908	0.821	0.77	0.673
H0267TS450_4__H0267TS110_5	0.26	0.363	0.363	0.382	0.431	0.183
H0267TS456_1__H0267TS261_5	0.567	0.765	0.765	0.719	0.641	0.372
H0267TS462_3__H0267TS051_1	0.857	0.935	0.935	0.903	0.917	0.744
H0267TS462_6__H0267TS028_2	0.928	0.977	0.977	0.939	0.949	0.903
H0267TS494_3__H0267TS040_5	0.767	0.908	0.908	0.815	0.794	0.622
H0267TS494_4__H0267TS274_5	0.76	0.902	0.902	0.826	0.783	0.426
H0272TS040_1__H0272TS494_1	0.243	0.139	0.206	0.189	0.324	0.087
H0272TS059_5__H0272TS319_3	0.198	0.121	0.147	0.11	0.476	0.075
H0272TS167_1__H0272TS274_5	0.563	0.579	0.595	0.656	0.659	0.185
H0272TS274_2__H0272TS462_6	0.093	0.092	0.103	0.076	0.402	0.03
H0272TS304_2__H0272TS494_4	0.482	0.288	0.547	0.375	0.43	0.132
H0272TS304_5__H0272TS494_2	0.524	0.24	0.345	0.329	0.413	0.131
H0272TS369_1__H0272TS312_4	0.637	0.193	0.606	0.265	0.285	0.241
H0272TS369_1__H0272TS494_2	0.603	0.512	0.831	0.6	0.451	0.27
H0272TS369_2__H0272TS345_3	0.652	0.504	0.711	0.602	0.464	0.221
H0272TS369_3__H0272TS148_5	0.716	0.186	0.573	0.259	0.291	0.281
H0272TS369_3__H0272TS164_5	0.78	0.474	0.795	0.58	0.457	0.273
H0272TS369_5__H0272TS369_3	0.733	0.76	0.76	0.812	0.746	0.245
H0272TS388_3__H0272TS014_2	0.121	0.232	0.401	0.238	0.38	0.06
H0272TS388_4__H0272TS388_5	0.222	0.162	0.162	0.147	0.851	0.109
H0272TS388_4__H0272TS425_5	0.783	0.562	0.73	0.638	0.478	0.222
H0272TS388_5__H0272TS312_3	0.189	0.043	0.138	0.038	0.247	0.099
H0272TS462_5__H0272TS494_1	0.434	0.466	0.559	0.57	0.483	0.147
H1202TS022_1__H1202TS294_4	0.934	0.971	0.971	0.925	0.883	0.823
H1202TS022_4__H1202TS145_3	0.425	0.302	0.302	0.455	0.853	0.199
H1202TS023_1__H1202TS198_1	0.962	0.969	0.969	0.94	0.916	0.942
H1202TS028_4__H1202TS284_4	0.428	0.312	0.312	0.449	0.884	0.182
H1202TS031_1__H1202TS369_1	0.878	0.958	0.958	0.841	0.784	0.677
H1202TS051_3__H1202TS122_1	0.426	0.302	0.302	0.459	0.857	0.187
H1202TS052_1__H1202TS293_5	0.933	0.977	0.977	0.909	0.887	0.844
H1202TS079_3__H1202TS300_5	0.396	0.468	0.468	0.559	0.503	0.177
H1202TS091_5__H1202TS204_2	0.386	0.279	0.279	0.4	0.633	0.15
H1202TS110_5__H1202TS196_2	0.421	0.298	0.298	0.421	0.921	0.189
H1202TS122_1__H1202TS031_2	0.42	0.3	0.3	0.447	0.798	0.154
H1202TS122_1__H1202TS110_1	0.9	0.954	0.954	0.887	0.88	0.783
H1202TS122_4__H1202TS052_2	0.924	0.952	0.952	0.86	0.837	0.632
H1202TS122_4__H1202TS110_1	0.425	0.311	0.311	0.448	0.867	0.184
H1202TS145_3__H1202TS465_1	0.952	0.963	0.963	0.911	0.906	0.924
H1202TS148_2__H1202TS145_1	0.97	0.985	0.985	0.945	0.936	0.959
H1202TS167_5__H1202TS052_5	0.908	0.957	0.957	0.9	0.827	0.803
H1202TS167_5__H1202TS375_5	0.854	0.918	0.918	0.853	0.804	0.599
H1202TS171_1__H1202TS028_4	0.978	0.986	0.986	0.96	0.993	0.953
H1202TS196_1__H1202TS264_4	0.417	0.306	0.306	0.416	0.892	0.205
H1202TS219_1__H1202TS174_1	0.919	0.942	0.942	0.832	0.755	0.716
H1202TS261_2__H1202TS204_4	0.721	0.765	0.765	0.768	0.706	0.398
H1202TS264_4__H1202TS241_2	0.893	0.953	0.953	0.888	0.844	0.843
H1202TS264_5__H1202TS423_5	0.851	0.943	0.943	0.842	0.803	0.764
H1202TS264_6__H1202TS423_3	0.435	0.302	0.302	0.434	0.922	0.205
H1202TS267_4__H1202TS174_2	0.933	0.975	0.975	0.924	0.935	0.815
H1202TS272_1__H1202TS015_5	0.914	0.847	0.847	0.834	0.815	0.654
H1202TS293_1__H1202TS145_5	0.95	0.975	0.975	0.919	0.868	0.945
H1202TS294_1__H1202TS304_1	0.964	0.982	0.982	0.932	0.868	0.886
H1202TS298_4__H1202TS462_4	0.436	0.308	0.308	0.453	0.848	0.157
H1202TS304_3__H1202TS075_5	0.857	0.959	0.959	0.911	0.892	0.695
H1202TS312_1__H1202TS022_3	0.424	0.305	0.305	0.437	0.921	0.187
H1202TS312_2__H1202TS241_4	0.935	0.971	0.971	0.938	0.913	0.885
H1202TS319_1__H1202TS294_1	0.43	0.303	0.303	0.433	0.909	0.199
H1202TS319_3__H1202TS171_4	0.428	0.299	0.299	0.429	0.879	0.204
H1202TS319_4__H1202TS052_3	0.417	0.311	0.311	0.441	0.839	0.201
H1202TS345_3__H1202TS148_2	0.422	0.3	0.3	0.41	0.89	0.202
H1202TS393_5__H1202TS322_1	0.399	0.312	0.312	0.428	0.774	0.177
H1202TS393_5__H1202TS397_5	0.926	0.957	0.957	0.905	0.878	0.877
H1202TS419_2__H1202TS164_1	0.413	0.302	0.302	0.427	0.87	0.112
H1202TS419_4__H1202TS040_5	0.349	0.198	0.198	0.274	0.411	0.111
H1202TS423_5__H1202TS267_5	0.445	0.306	0.306	0.456	0.855	0.189
H1202TS456_1__H1202TS369_1	0.923	0.963	0.963	0.93	0.899	0.791
H1202TS462_1__H1202TS272_3	0.412	0.23	0.23	0.336	0.445	0.198
H1204TS015_6__H1204TS388_5	0.625	0.661	0.677	0.668	0.646	0.583
H1204TS022_2__H1204TS397_3	0.597	0.497	0.497	0.581	0.708	0.501
H1204TS023_1__H1204TS023_5	0.743	0.623	0.623	0.707	0.764	0.585
H1204TS023_3__H1204TS465_1	0.702	0.548	0.548	0.593	0.603	0.546
H1204TS051_1__H1204TS171_5	0.592	0.521	0.521	0.594	0.65	0.438
H1204TS051_4__H1204TS331_4	1.0	0.998	0.998	0.996	0.992	0.999
H1204TS052_1__H1204TS079_4	0.786	0.914	0.914	0.828	0.885	0.739
H1204TS052_4__H1204TS345_3	0.656	0.529	0.529	0.604	0.581	0.459
H1204TS059_5__H1204TS059_2	0.939	0.971	0.971	0.922	0.943	0.894
H1204TS079_5__H1204TS148_2	0.72	0.524	0.524	0.62	0.693	0.551
H1204TS110_1__H1204TS145_3	0.718	0.562	0.562	0.654	0.63	0.658
H1204TS110_4__H1204TS110_3	0.078	0.025	0.025	0.051	0.597	0.115
H1204TS122_2__H1204TS293_2	0.09	0.028	0.028	0.057	0.762	0.132
H1204TS132_1__H1204TS425_2	0.559	0.514	0.514	0.635	0.631	0.4
H1204TS145_1__H1204TS174_3	0.758	0.653	0.653	0.722	0.748	0.602
H1204TS145_4__H1204TS397_4	0.113	0.074	0.074	0.066	0.675	0.182
H1204TS198_1__H1204TS423_3	0.653	0.575	0.575	0.655	0.621	0.496
H1204TS208_1__H1204TS051_5	0.584	0.488	0.488	0.59	0.667	0.415
H1204TS219_4__H1204TS369_3	0.098	0.051	0.051	0.059	0.65	0.151
H1204TS241_3__H1204TS267_1	0.502	0.565	0.565	0.587	0.592	0.485
H1204TS267_2__H1204TS148_5	0.122	0.037	0.037	0.067	0.657	0.157
H1204TS284_4__H1204TS312_1	0.086	0.025	0.025	0.045	0.746	0.147
H1204TS293_4__H1204TS423_4	0.728	0.584	0.584	0.688	0.724	0.718
H1204TS293_4__H1204TS475_3	0.07	0.023	0.023	0.038	0.638	0.122
H1204TS294_1__H1204TS450_5	0.627	0.588	0.588	0.627	0.626	0.609
H1204TS294_2__H1204TS397_2	0.925	0.974	0.974	0.916	0.922	0.918
H1204TS304_2__H1204TS051_5	0.514	0.472	0.472	0.515	0.515	0.484
H1204TS311_1__H1204TS331_5	0.683	0.53	0.53	0.656	0.609	0.655
H1204TS400_1__H1204TS139_2	0.009	0.0	0.0	0.0	0.236	0.013
H1204TS423_2__H1204TS294_3	0.627	0.601	0.601	0.658	0.661	0.491
H1204TS425_1__H1204TS311_1	0.666	0.558	0.558	0.678	0.686	0.498
H1204TS456_3__H1204TS369_2	0.675	0.598	0.598	0.62	0.72	0.476
H1204TS475_5__H1204TS051_2	0.88	0.747	0.747	0.793	0.677	0.925
H1204TS489_3__H1204TS489_2	0.605	0.538	0.547	0.622	0.603	0.533
H1204TS494_4__H1204TS261_3	0.049	0.03	0.03	0.041	0.452	0.092
H1208TS008_1__H1208TS465_4	0.761	0.859	0.859	0.807	0.824	0.735
H1208TS008_4__H1208TS219_5	0.332	0.482	0.482	0.41	0.557	0.215
H1208TS014_1__H1208TS272_5	0.684	0.816	0.816	0.751	0.759	0.638
H1208TS014_6__H1208TS221_4	0.718	0.807	0.807	0.752	0.768	0.561
H1208TS015_2__H1208TS241_3	0.317	0.347	0.347	0.209	0.412	0.227
H1208TS040_2__H1208TS171_1	0.682	0.878	0.879	0.73	0.724	0.729
H1208TS040_4__H1208TS079_5	0.694	0.88	0.88	0.747	0.75	0.69
H1208TS040_4__H1208TS294_5	0.701	0.879	0.879	0.74	0.737	0.728
H1208TS051_4__H1208TS014_2	0.822	0.833	0.833	0.798	0.788	0.626
H1208TS052_4__H1208TS272_4	0.804	0.88	0.88	0.807	0.836	0.664
H1208TS059_3__H1208TS264_1	0.857	0.942	0.942	0.893	0.896	0.766
H1208TS079_2__H1208TS419_3	0.942	0.974	0.974	0.919	0.948	0.912
H1208TS085_4__H1208TS171_5	0.852	0.908	0.908	0.856	0.872	0.793
H1208TS085_5__H1208TS272_5	0.784	0.918	0.918	0.888	0.886	0.802
H1208TS091_2__H1208TS040_3	0.674	0.806	0.806	0.695	0.73	0.551
H1208TS091_5__H1208TS294_2	0.676	0.781	0.781	0.705	0.757	0.483
H1208TS114_2__H1208TS397_5	0.057	0.036	0.036	0.033	0.331	0.035
H1208TS117_2__H1208TS075_2	0.416	0.631	0.631	0.478	0.593	0.346
H1208TS117_5__H1208TS393_4	0.0	0.0	0.0	0.0	0.016	0.008
H1208TS139_3__H1208TS085_1	0.684	0.822	0.822	0.704	0.807	0.592
H1208TS139_3__H1208TS311_4	0.71	0.834	0.834	0.693	0.804	0.641
H1208TS145_2__H1208TS293_3	0.8	0.892	0.892	0.829	0.85	0.671
H1208TS145_5__H1208TS397_3	0.82	0.881	0.881	0.813	0.854	0.663
H1208TS147_1__H1208TS164_2	0.832	0.871	0.871	0.798	0.807	0.785
H1208TS148_2__H1208TS052_4	0.717	0.852	0.852	0.746	0.793	0.677
H1208TS163_1__H1208TS204_5	0.928	0.974	0.974	0.913	0.898	0.937
H1208TS163_3__H1208TS274_1	0.825	0.909	0.909	0.821	0.888	0.679
H1208TS164_5__H1208TS312_4	0.878	0.938	0.938	0.854	0.88	0.843
H1208TS167_1__H1208TS462_4	0.05	0.003	0.003	0.0	0.201	0.019
H1208TS167_4__H1208TS241_1	0.283	0.214	0.214	0.111	0.324	0.172
H1208TS171_1__H1208TS091_2	0.777	0.837	0.837	0.774	0.817	0.54
H1208TS171_2__H1208TS139_1	0.698	0.838	0.838	0.721	0.797	0.632
H1208TS196_3__H1208TS272_3	0.062	0.069	0.069	0.038	0.422	0.031
H1208TS196_4__H1208TS219_4	0.459	0.487	0.487	0.457	0.464	0.196
H1208TS198_2__H1208TS221_4	0.866	0.905	0.905	0.897	0.911	0.789
H1208TS198_3__H1208TS085_1	0.905	0.959	0.959	0.92	0.951	0.914
H1208TS198_4__H1208TS022_4	0.752	0.889	0.889	0.795	0.776	0.632
H1208TS208_2__H1208TS290_3	0.853	0.922	0.922	0.839	0.886	0.807
H1208TS208_4__H1208TS014_5	0.75	0.765	0.765	0.694	0.759	0.559
H1208TS208_5__H1208TS311_5	0.712	0.771	0.771	0.693	0.786	0.514
H1208TS241_5__H1208TS196_4	0.887	0.94	0.94	0.913	0.913	0.727
H1208TS241_5__H1208TS204_2	0.876	0.929	0.929	0.847	0.875	0.815
H1208TS261_1__H1208TS167_5	0.148	0.215	0.215	0.09	0.311	0.142
H1208TS261_2__H1208TS489_1	0.701	0.792	0.792	0.737	0.829	0.528
H1208TS261_3__H1208TS264_4	0.66	0.778	0.778	0.713	0.703	0.459
H1208TS261_4__H1208TS301_1	0.669	0.794	0.794	0.707	0.773	0.472
H1208TS262_2__H1208TS040_4	0.651	0.82	0.82	0.715	0.74	0.683
H1208TS262_5__H1208TS264_6	0.75	0.823	0.823	0.764	0.796	0.562
H1208TS264_3__H1208TS241_4	0.854	0.914	0.914	0.876	0.885	0.809
H1208TS264_5__H1208TS014_2	0.821	0.811	0.811	0.766	0.775	0.656
H1208TS272_2__H1208TS145_1	0.997	0.991	0.991	0.978	0.966	0.987
H1208TS274_2__H1208TS311_5	0.73	0.86	0.86	0.726	0.806	0.584
H1208TS286_2__H1208TS489_5	0.834	0.848	0.848	0.81	0.78	0.7
H1208TS293_5__H1208TS051_4	0.945	0.977	0.977	0.935	0.952	0.922
H1208TS294_5__H1208TS388_3	0.793	0.854	0.854	0.758	0.826	0.705
H1208TS298_1__H1208TS345_3	0.867	0.927	0.927	0.856	0.921	0.789
H1208TS298_2__H1208TS171_3	0.871	0.932	0.932	0.857	0.863	0.793
H1208TS298_3__H1208TS272_4	0.759	0.851	0.851	0.785	0.784	0.629
H1208TS301_4__H1208TS139_3	0.672	0.84	0.84	0.696	0.743	0.69
H1208TS301_5__H1208TS301_2	0.961	0.985	0.985	0.942	0.922	0.919
H1208TS311_2__H1208TS221_4	0.806	0.877	0.877	0.824	0.853	0.592
H1208TS312_5__H1208TS274_3	0.798	0.866	0.866	0.787	0.818	0.737
H1208TS319_3__H1208TS110_4	0.892	0.911	0.911	0.872	0.89	0.796
H1208TS322_3__H1208TS110_3	0.491	0.517	0.517	0.422	0.585	0.255
H1208TS322_5__H1208TS450_3	0.518	0.476	0.476	0.427	0.576	0.21
H1208TS323_1__H1208TS171_3	0.819	0.893	0.893	0.814	0.852	0.617
H1208TS331_1__H1208TS139_3	0.655	0.822	0.822	0.699	0.807	0.596
H1208TS331_1__H1208TS322_2	0.471	0.629	0.629	0.487	0.662	0.413
H1208TS331_2__H1208TS450_2	0.834	0.941	0.941	0.876	0.875	0.811
H1208TS345_3__H1208TS145_1	0.897	0.958	0.958	0.904	0.919	0.604
H1208TS369_5__H1208TS264_5	0.816	0.908	0.908	0.854	0.917	0.761
H1208TS375_1__H1208TS388_5	0.018	0.003	0.003	0.0	0.271	0.09
H1208TS375_2__H1208TS322_5	0.344	0.487	0.487	0.417	0.582	0.199
H1208TS388_2__H1208TS085_1	0.79	0.858	0.858	0.788	0.832	0.666
H1208TS388_4__H1208TS322_5	0.015	0.004	0.004	0.0	0.229	0.053
H1208TS393_2__H1208TS262_4	0.729	0.813	0.813	0.731	0.764	0.594
H1208TS397_2__H1208TS164_3	0.919	0.917	0.917	0.89	0.885	0.815
H1208TS419_5__H1208TS219_2	0.462	0.588	0.588	0.464	0.648	0.434
H1208TS419_5__H1208TS311_3	0.876	0.907	0.907	0.855	0.912	0.855
H1208TS425_3__H1208TS375_4	0.829	0.882	0.882	0.793	0.82	0.747
H1208TS450_3__H1208TS208_3	0.747	0.847	0.847	0.755	0.779	0.691
H1208TS475_2__H1208TS171_1	0.799	0.845	0.845	0.805	0.822	0.635
H1208TS475_2__H1208TS331_5	0.792	0.829	0.829	0.765	0.797	0.711
H1208TS489_1__H1208TS059_2	0.806	0.889	0.889	0.815	0.832	0.589
H1208TS489_2__H1208TS015_3	0.322	0.479	0.479	0.295	0.475	0.221
H1208TS489_3__H1208TS393_1	0.77	0.836	0.836	0.755	0.816	0.715
H1208TS489_4__H1208TS171_5	0.832	0.889	0.889	0.847	0.874	0.754
H1208TS494_3__H1208TS075_5	0.775	0.86	0.86	0.778	0.794	0.668
H1208TS494_4__H1208TS191_1	0.736	0.861	0.861	0.771	0.803	0.613
H1213TS014_2__H1213TS456_3	0.841	0.831	0.831	0.773	0.721	0.707
H1213TS022_3__H1213TS322_4	0.769	0.782	0.782	0.768	0.728	0.548
H1213TS023_1__H1213TS267_5	0.034	0.016	0.016	0.019	0.247	0.025
H1213TS028_1__H1213TS191_1	0.414	0.279	0.279	0.348	0.393	0.372
H1213TS040_2__H1213TS475_5	0.399	0.51	0.51	0.503	0.481	0.327
H1213TS040_3__H1213TS284_5	0.382	0.49	0.49	0.48	0.505	0.333
H1213TS051_2__H1213TS204_3	0.694	0.764	0.764	0.681	0.637	0.466
H1213TS051_3__H1213TS262_1	0.707	0.753	0.753	0.716	0.679	0.508
H1213TS052_2__H1213TS148_4	0.893	0.956	0.956	0.925	0.869	0.793
H1213TS052_2__H1213TS301_1	0.811	0.86	0.86	0.868	0.792	0.559
H1213TS059_6__H1213TS322_3	0.68	0.804	0.804	0.738	0.714	0.47
H1213TS085_3__H1213TS331_5	0.748	0.863	0.863	0.785	0.743	0.706
H1213TS085_5__H1213TS147_2	0.737	0.853	0.853	0.776	0.707	0.623
H1213TS091_3__H1213TS294_1	0.75	0.829	0.829	0.774	0.717	0.563
H1213TS110_1__H1213TS380_4	0.392	0.364	0.364	0.399	0.468	0.248
H1213TS110_2__H1213TS241_3	0.874	0.875	0.875	0.843	0.794	0.674
H1213TS117_2__H1213TS425_1	0.132	0.209	0.209	0.197	0.302	0.108
H1213TS117_4__H1213TS425_3	0.37	0.539	0.54	0.531	0.475	0.31
H1213TS122_1__H1213TS110_4	0.756	0.829	0.829	0.789	0.729	0.546
H1213TS122_2__H1213TS465_2	0.646	0.699	0.699	0.693	0.693	0.449
H1213TS122_5__H1213TS267_4	0.682	0.809	0.809	0.75	0.717	0.505
H1213TS139_1__H1213TS052_4	0.7	0.85	0.85	0.777	0.764	0.504
H1213TS139_6__H1213TS319_4	0.813	0.912	0.912	0.807	0.793	0.584
H1213TS145_2__H1213TS425_5	0.744	0.801	0.801	0.745	0.697	0.513
H1213TS145_3__H1213TS284_1	0.782	0.883	0.883	0.821	0.82	0.634
H1213TS147_3__H1213TS075_1	0.834	0.892	0.892	0.853	0.828	0.618
H1213TS148_2__H1213TS304_5	0.593	0.602	0.602	0.586	0.605	0.35
H1213TS148_5__H1213TS304_1	0.874	0.952	0.952	0.889	0.834	0.835
H1213TS163_5__H1213TS304_1	0.303	0.293	0.293	0.354	0.388	0.219
H1213TS164_4__H1213TS219_3	0.644	0.648	0.648	0.713	0.667	0.429
H1213TS167_4__H1213TS147_4	0.106	0.206	0.206	0.183	0.365	0.076
H1213TS191_1__H1213TS059_4	0.428	0.247	0.247	0.303	0.37	0.251
H1213TS196_2__H1213TS475_2	0.83	0.92	0.92	0.857	0.821	0.621
H1213TS196_4__H1213TS369_4	0.775	0.866	0.866	0.787	0.799	0.549
H1213TS198_3__H1213TS298_2	0.917	0.941	0.941	0.892	0.861	0.759
H1213TS204_2__H1213TS204_1	0.914	0.923	0.923	0.912	0.895	0.819
H1213TS204_3__H1213TS051_6	0.24	0.242	0.242	0.266	0.325	0.111
H1213TS204_4__H1213TS014_6	0.886	0.949	0.949	0.875	0.846	0.736
H1213TS208_2__H1213TS040_4	0.455	0.517	0.517	0.5	0.488	0.309
H1213TS208_3__H1213TS052_2	0.888	0.945	0.945	0.909	0.861	0.818
H1213TS208_3__H1213TS331_4	0.626	0.749	0.749	0.715	0.703	0.422
H1213TS208_4__H1213TS274_5	0.741	0.878	0.878	0.833	0.777	0.565
H1213TS219_2__H1213TS122_4	0.693	0.763	0.763	0.688	0.686	0.466
H1213TS219_3__H1213TS369_4	0.642	0.596	0.596	0.613	0.597	0.468
H1213TS219_4__H1213TS286_4	0.587	0.647	0.647	0.611	0.611	0.28
H1213TS221_1__H1213TS304_1	0.84	0.899	0.899	0.845	0.784	0.703
H1213TS221_5__H1213TS272_2	0.33	0.123	0.123	0.13	0.28	0.213
H1213TS262_5__H1213TS264_2	0.633	0.803	0.803	0.653	0.667	0.622
H1213TS264_6__H1213TS028_3	0.784	0.884	0.884	0.83	0.781	0.568
H1213TS272_4__H1213TS122_4	0.521	0.541	0.541	0.551	0.593	0.34
H1213TS286_1__H1213TS122_3	0.763	0.849	0.849	0.797	0.749	0.553
H1213TS286_1__H1213TS139_6	0.722	0.866	0.866	0.746	0.735	0.556
H1213TS286_2__H1213TS040_4	0.499	0.544	0.544	0.531	0.499	0.388
H1213TS286_2__H1213TS167_3	0.183	0.152	0.152	0.147	0.336	0.064
H1213TS290_2__H1213TS110_3	0.828	0.899	0.899	0.838	0.829	0.672
H1213TS294_4__H1213TS051_2	0.659	0.822	0.822	0.777	0.77	0.484
H1213TS301_2__H1213TS204_1	0.961	0.917	0.917	0.92	0.849	0.825
H1213TS304_5__H1213TS051_4	0.631	0.76	0.76	0.736	0.716	0.485
H1213TS311_1__H1213TS380_2	0.393	0.364	0.364	0.378	0.441	0.281
H1213TS312_3__H1213TS319_1	0.898	0.934	0.934	0.877	0.873	0.836
H1213TS319_2__H1213TS014_4	0.932	0.977	0.977	0.915	0.897	0.917
H1213TS319_2__H1213TS075_5	0.783	0.852	0.852	0.778	0.783	0.532
H1213TS319_2__H1213TS331_5	0.771	0.803	0.803	0.758	0.707	0.534
H1213TS319_4__H1213TS301_1	0.737	0.85	0.85	0.771	0.776	0.59
H1213TS319_4__H1213TS312_3	0.72	0.78	0.78	0.721	0.703	0.489
H1213TS319_5__H1213TS117_1	0.447	0.355	0.356	0.354	0.372	0.34
H1213TS322_4__H1213TS051_1	0.716	0.729	0.729	0.698	0.671	0.437
H1213TS331_2__H1213TS059_3	0.592	0.597	0.597	0.598	0.643	0.343
H1213TS331_2__H1213TS284_5	0.68	0.789	0.789	0.702	0.762	0.495
H1213TS345_5__H1213TS196_3	0.757	0.858	0.858	0.795	0.787	0.528
H1213TS369_4__H1213TS148_1	0.901	0.935	0.935	0.908	0.827	0.825
H1213TS375_1__H1213TS345_5	0.636	0.74	0.74	0.712	0.683	0.5
H1213TS375_4__H1213TS286_5	0.506	0.653	0.653	0.575	0.621	0.326
H1213TS375_4__H1213TS311_4	0.695	0.832	0.832	0.774	0.739	0.488
H1213TS380_4__H1213TS163_5	0.199	0.184	0.184	0.217	0.363	0.196
H1213TS380_5__H1213TS393_1	0.343	0.353	0.353	0.367	0.447	0.298
H1213TS393_1__H1213TS450_2	0.916	0.934	0.934	0.908	0.872	0.868
H1213TS393_5__H1213TS196_2	0.778	0.882	0.882	0.837	0.78	0.562
H1213TS397_3__H1213TS345_1	0.847	0.933	0.933	0.881	0.814	0.767
H1213TS419_3__H1213TS139_3	0.73	0.827	0.827	0.758	0.746	0.466
H1213TS425_4__H1213TS397_4	0.722	0.874	0.874	0.77	0.795	0.54
H1213TS425_5__H1213TS311_2	0.624	0.772	0.772	0.739	0.701	0.463
H1213TS450_1__H1213TS311_3	0.801	0.924	0.924	0.822	0.835	0.635
H1213TS456_3__H1213TS264_3	0.764	0.735	0.735	0.691	0.642	0.487
H1213TS456_5__H1213TS208_1	0.911	0.959	0.959	0.915	0.853	0.859
H1213TS462_3__H1213TS287_2	0.813	0.817	0.817	0.793	0.713	0.518
H1213TS462_4__H1213TS198_3	0.777	0.902	0.902	0.831	0.847	0.657
H1213TS465_3__H1213TS331_5	0.76	0.638	0.638	0.69	0.572	0.552
H1213TS489_4__H1213TS085_5	0.692	0.798	0.798	0.741	0.687	0.471
H1213TS489_5__H1213TS196_1	0.801	0.909	0.909	0.873	0.832	0.515
H1213TS494_2__H1213TS204_3	0.801	0.865	0.865	0.806	0.765	0.629
H1213TS494_5__H1213TS091_3	0.731	0.908	0.908	0.786	0.788	0.572
H1215TS014_1__H1215TS388_4	0.079	0.014	0.014	0.0	0.226	0.02
H1215TS015_1__H1215TS079_5	0.148	0.115	0.115	0.025	0.333	0.079
H1215TS023_4__H1215TS300_2	0.006	0.0	0.0	0.0	0.032	0.012
H1215TS028_1__H1215TS294_5	0.021	0.0	0.0	0.0	0.127	0.01
H1215TS028_2__H1215TS298_4	0.065	0.127	0.127	0.087	0.301	0.093
H1215TS052_3__H1215TS264_5	0.145	0.08	0.08	0.02	0.446	0.178
H1215TS052_4__H1215TS196_3	0.02	0.0	0.0	0.0	0.203	0.01
H1215TS059_2__H1215TS167_4	0.012	0.0	0.0	0.0	0.209	0.01
H1215TS075_1__H1215TS375_3	0.001	0.0	0.0	0.0	0.206	0.008
H1215TS075_2__H1215TS475_3	0.113	0.117	0.117	0.089	0.478	0.076
H1215TS079_2__H1215TS286_3	0.004	0.0	0.0	0.0	0.111	0.011
H1215TS079_2__H1215TS450_3	0.018	0.0	0.0	0.0	0.147	0.012
H1215TS079_3__H1215TS091_4	0.038	0.0	0.0	0.0	0.173	0.016
H1215TS110_2__H1215TS079_2	0.004	0.0	0.0	0.0	0.126	0.011
H1215TS114_3__H1215TS311_4	0.084	0.079	0.079	0.048	0.109	0.036
H1215TS122_3__H1215TS015_3	0.016	0.0	0.0	0.0	0.15	0.01
H1215TS122_5__H1215TS191_3	0.055	0.033	0.033	0.0	0.186	0.058
H1215TS139_1__H1215TS450_4	0.043	0.004	0.004	0.0	0.188	0.019
H1215TS139_2__H1215TS462_2	0.127	0.017	0.017	0.0	0.184	0.027
H1215TS148_1__H1215TS075_1	0.036	0.001	0.001	0.0	0.203	0.015
H1215TS148_1__H1215TS311_1	0.12	0.042	0.042	0.016	0.301	0.049
H1215TS148_4__H1215TS110_5	0.038	0.011	0.011	0.0	0.139	0.012
H1215TS163_2__H1215TS264_4	0.198	0.278	0.278	0.157	0.475	0.105
H1215TS163_5__H1215TS287_2	0.042	0.019	0.019	0.0	0.205	0.014
H1215TS164_4__H1215TS110_1	0.118	0.093	0.093	0.017	0.275	0.041
H1215TS164_4__H1215TS331_3	0.194	0.253	0.253	0.135	0.54	0.121
H1215TS164_5__H1215TS311_3	0.004	0.0	0.0	0.0	0.284	0.012
H1215TS167_1__H1215TS267_5	0.0	0.0	0.0	0.0	0.162	0.009
H1215TS191_3__H1215TS028_2	0.075	0.07	0.07	0.0	0.242	0.042
H1215TS191_5__H1215TS122_4	0.017	0.0	0.0	0.0	0.096	0.013
H1215TS196_3__H1215TS286_5	0.0	0.0	0.0	0.0	0.069	0.012
H1215TS196_3__H1215TS298_4	0.102	0.094	0.094	0.01	0.295	0.06
H1215TS196_5__H1215TS167_1	0.055	0.0	0.0	0.0	0.164	0.015
H1215TS198_3__H1215TS331_4	0.057	0.0	0.0	0.0	0.288	0.033
H1215TS204_2__H1215TS489_2	0.025	0.001	0.001	0.0	0.146	0.011
H1215TS208_4__H1215TS267_3	0.002	0.0	0.0	0.0	0.185	0.008
H1215TS219_1__H1215TS425_4	0.143	0.238	0.238	0.075	0.275	0.08
H1215TS221_2__H1215TS219_2	0.042	0.009	0.009	0.0	0.221	0.026
H1215TS241_1__H1215TS221_3	0.014	0.0	0.0	0.0	0.164	0.014
H1215TS241_5__H1215TS301_2	0.036	0.023	0.023	0.0	0.186	0.011
H1215TS241_5__H1215TS312_3	0.175	0.178	0.178	0.058	0.379	0.131
H1215TS262_2__H1215TS287_1	0.011	0.0	0.0	0.0	0.178	0.008
H1215TS262_5__H1215TS475_3	0.564	0.652	0.652	0.605	0.617	0.434
H1215TS264_4__H1215TS304_5	0.023	0.003	0.003	0.0	0.164	0.012
H1215TS267_3__H1215TS425_4	0.005	0.0	0.0	0.0	0.135	0.012
H1215TS284_2__H1215TS456_4	0.114	0.117	0.117	0.092	0.463	0.078
H1215TS284_4__H1215TS322_2	0.011	0.004	0.004	0.0	0.164	0.017
H1215TS293_4__H1215TS023_4	0.112	0.167	0.167	0.051	0.308	0.048
H1215TS304_5__H1215TS014_2	0.005	0.0	0.0	0.0	0.224	0.009
H1215TS311_2__H1215TS294_1	0.018	0.0	0.0	0.0	0.14	0.009
H1215TS312_4__H1215TS375_3	0.035	0.001	0.001	0.0	0.237	0.013
H1215TS312_4__H1215TS419_1	0.229	0.311	0.311	0.211	0.403	0.216
H1215TS312_5__H1215TS301_4	0.034	0.009	0.009	0.0	0.093	0.014
H1215TS319_3__H1215TS345_6	0.346	0.416	0.416	0.313	0.522	0.282
H1215TS319_5__H1215TS040_1	0.117	0.069	0.069	0.054	0.233	0.053
H1215TS345_5__H1215TS267_4	0.001	0.0	0.0	0.0	0.133	0.007
H1215TS375_1__H1215TS163_3	0.072	0.038	0.038	0.015	0.253	0.029
H1215TS380_1__H1215TS171_4	0.042	0.007	0.007	0.0	0.167	0.012
H1215TS388_5__H1215TS345_1	0.0	0.0	0.0	0.0	0.0	0.007
H1215TS419_3__H1215TS145_4	0.23	0.287	0.287	0.12	0.379	0.109
H1215TS419_5__H1215TS015_4	0.035	0.009	0.009	0.0	0.163	0.011
H1215TS423_3__H1215TS191_5	0.006	0.0	0.0	0.0	0.079	0.013
H1215TS456_1__H1215TS208_5	0.008	0.0	0.0	0.0	0.113	0.009
H1215TS456_5__H1215TS051_2	0.01	0.0	0.0	0.0	0.113	0.008
H1215TS462_2__H1215TS465_1	0.975	0.987	0.987	0.941	0.907	0.96
H1215TS465_2__H1215TS219_4	0.003	0.0	0.0	0.0	0.212	0.009
H1215TS475_1__H1215TS375_1	0.129	0.06	0.06	0.074	0.294	0.063
H1215TS475_4__H1215TS272_2	0.894	0.954	0.954	0.926	0.907	0.932
H1217TS008_5__H1217TS272_4	0.579	0.499	0.51	0.575	0.665	0.438
H1217TS015_1__H1217TS139_5	0.599	0.446	0.494	0.486	0.478	0.437
H1217TS022_4__H1217TS022_3	0.907	0.897	0.897	0.892	0.874	0.882
H1217TS028_1__H1217TS139_4	0.514	0.661	0.734	0.627	0.588	0.429
H1217TS040_4__H1217TS110_3	0.364	0.177	0.388	0.223	0.199	0.377
H1217TS052_3__H1217TS494_2	0.262	0.203	0.21	0.278	0.673	0.382
H1217TS085_2__H1217TS191_4	0.104	0.025	0.134	0.036	0.137	0.106
H1217TS085_3__H1217TS148_5	0.306	0.086	0.206	0.137	0.255	0.218
H1217TS085_3__H1217TS191_4	0.104	0.025	0.134	0.036	0.137	0.106
H1217TS145_3__H1217TS274_1	0.72	0.644	0.714	0.668	0.589	0.732
H1217TS147_5__H1217TS139_2	0.483	0.572	0.63	0.57	0.518	0.465
H1217TS164_2__H1217TS015_5	0.122	0.027	0.027	0.037	0.368	0.274
H1217TS167_2__H1217TS388_3	0.537	0.562	0.668	0.58	0.529	0.514
H1217TS196_2__H1217TS110_5	0.842	0.285	0.743	0.38	0.248	0.536
H1217TS208_3__H1217TS040_4	0.31	0.317	0.349	0.357	0.406	0.285
H1217TS221_2__H1217TS221_3	0.326	0.351	0.351	0.339	0.632	0.243
H1217TS221_3__H1217TS489_4	0.499	0.53	0.53	0.524	0.521	0.319
H1217TS261_3__H1217TS304_2	0.345	0.368	0.368	0.402	0.361	0.174
H1217TS264_2__H1217TS286_3	0.332	0.22	0.233	0.238	0.391	0.18
H1217TS264_6__H1217TS191_2	0.109	0.034	0.047	0.034	0.288	0.258
H1217TS272_4__H1217TS425_5	0.572	0.54	0.551	0.626	0.713	0.419
H1217TS284_4__H1217TS122_1	0.633	0.626	0.626	0.643	0.645	0.464
H1217TS319_1__H1217TS261_1	0.362	0.285	0.344	0.349	0.366	0.271
H1217TS369_3__H1217TS008_1	0.336	0.222	0.227	0.308	0.662	0.398
H1217TS388_4__H1217TS148_3	0.723	0.679	0.744	0.653	0.624	0.577
H1217TS393_3__H1217TS284_4	0.741	0.324	0.695	0.426	0.32	0.528
H1217TS393_4__H1217TS301_5	0.796	0.344	0.746	0.442	0.321	0.659
H1217TS419_3__H1217TS450_3	0.552	0.591	0.591	0.597	0.561	0.374
H1217TS423_2__H1217TS014_2	0.409	0.138	0.328	0.214	0.296	0.287
H1217TS425_5__H1217TS465_2	0.158	0.069	0.087	0.108	0.501	0.214
H1217TS456_4__H1217TS304_2	0.913	0.771	0.869	0.795	0.741	0.82
H1217TS456_5__H1217TS274_3	0.273	0.21	0.211	0.293	0.654	0.42
H1217TS456_5__H1217TS319_3	0.642	0.516	0.607	0.633	0.658	0.472
H1220TS008_1__H1220TS171_1	0.343	0.352	0.352	0.353	0.559	0.111
H1220TS008_2__H1220TS312_2	0.31	0.335	0.335	0.248	0.683	0.146
H1220TS008_2__H1220TS322_5	0.091	0.193	0.193	0.082	0.585	0.045
H1220TS008_4__H1220TS294_4	0.438	0.46	0.46	0.512	0.567	0.106
H1220TS008_5__H1220TS198_5	0.343	0.422	0.422	0.414	0.477	0.107
H1220TS014_2__H1220TS221_2	0.391	0.38	0.38	0.37	0.431	0.079
H1220TS014_3__H1220TS272_2	0.491	0.389	0.389	0.413	0.556	0.172
H1220TS014_6__H1220TS294_2	0.282	0.283	0.283	0.139	0.611	0.066
H1220TS015_1__H1220TS198_5	0.264	0.296	0.366	0.207	0.497	0.262
H1220TS015_5__H1220TS059_1	0.629	0.658	0.76	0.714	0.639	0.4
H1220TS023_2__H1220TS015_4	0.313	0.395	0.423	0.257	0.688	0.221
H1220TS023_5__H1220TS122_5	0.333	0.291	0.38	0.143	0.487	0.158
H1220TS028_4__H1220TS290_1	0.314	0.356	0.356	0.235	0.582	0.15
H1220TS028_4__H1220TS380_4	0.328	0.4	0.4	0.285	0.662	0.142
H1220TS028_5__H1220TS345_1	0.506	0.554	0.554	0.525	0.635	0.179
H1220TS031_1__H1220TS419_4	0.568	0.497	0.497	0.54	0.603	0.156
H1220TS031_3__H1220TS051_3	0.545	0.454	0.454	0.512	0.507	0.165
H1220TS031_3__H1220TS311_4	0.548	0.458	0.458	0.495	0.518	0.136
H1220TS040_1__H1220TS425_3	0.03	0.016	0.016	0.011	0.16	0.008
H1220TS051_4__H1220TS198_2	0.293	0.354	0.354	0.364	0.405	0.071
H1220TS075_1__H1220TS052_5	0.192	0.248	0.33	0.136	0.542	0.121
H1220TS075_4__H1220TS419_5	0.206	0.239	0.239	0.121	0.51	0.049
H1220TS079_1__H1220TS393_1	0.724	0.631	0.631	0.653	0.608	0.213
H1220TS079_2__H1220TS450_4	0.531	0.556	0.556	0.592	0.525	0.145
H1220TS079_4__H1220TS294_4	0.259	0.283	0.283	0.132	0.51	0.039
H1220TS079_5__H1220TS423_4	0.52	0.461	0.461	0.466	0.493	0.144
H1220TS085_4__H1220TS059_4	0.407	0.467	0.683	0.483	0.441	0.35
H1220TS091_5__H1220TS267_2	0.49	0.621	0.67	0.668	0.564	0.265
H1220TS110_5__H1220TS075_5	0.267	0.317	0.317	0.222	0.589	0.126
H1220TS139_4__H1220TS164_1	0.113	0.113	0.185	0.041	0.295	0.046
H1220TS145_1__H1220TS393_4	0.378	0.361	0.361	0.391	0.511	0.091
H1220TS145_2__H1220TS286_4	0.259	0.3	0.3	0.145	0.516	0.083
H1220TS145_5__H1220TS262_2	0.279	0.281	0.281	0.244	0.321	0.125
H1220TS147_1__H1220TS014_2	0.158	0.211	0.211	0.116	0.583	0.05
H1220TS147_1__H1220TS148_5	0.226	0.287	0.287	0.192	0.605	0.082
H1220TS147_5__H1220TS375_5	0.309	0.357	0.357	0.25	0.64	0.139
H1220TS148_1__H1220TS489_3	0.68	0.684	0.684	0.721	0.679	0.288
H1220TS164_4__H1220TS122_5	0.169	0.131	0.131	0.051	0.35	0.039
H1220TS164_4__H1220TS241_3	0.202	0.175	0.175	0.075	0.367	0.038
H1220TS167_3__H1220TS167_1	0.841	0.805	0.805	0.878	0.815	0.753
H1220TS167_3__H1220TS462_4	0.272	0.329	0.329	0.226	0.549	0.146
H1220TS171_1__H1220TS494_4	0.385	0.376	0.434	0.415	0.52	0.102
H1220TS171_2__H1220TS031_2	0.488	0.485	0.485	0.545	0.47	0.117
H1220TS171_2__H1220TS319_3	0.543	0.431	0.431	0.484	0.494	0.142
H1220TS171_2__H1220TS489_4	0.457	0.39	0.39	0.443	0.394	0.137
H1220TS171_5__H1220TS298_4	0.311	0.376	0.376	0.289	0.309	0.177
H1220TS196_2__H1220TS425_2	0.284	0.285	0.285	0.313	0.461	0.09
H1220TS196_3__H1220TS284_5	0.215	0.219	0.219	0.106	0.43	0.078
H1220TS196_5__H1220TS040_5	0.003	0.0	0.0	0.0	0.145	0.003
H1220TS198_3__H1220TS075_4	0.286	0.247	0.247	0.115	0.482	0.073
H1220TS204_1__H1220TS261_5	0.367	0.267	0.267	0.292	0.396	0.157
H1220TS204_3__H1220TS139_4	0.503	0.697	0.751	0.692	0.664	0.333
H1220TS219_2__H1220TS319_4	0.668	0.376	0.376	0.34	0.593	0.108
H1220TS219_3__H1220TS322_2	0.598	0.401	0.401	0.403	0.647	0.124
H1220TS219_4__H1220TS293_4	0.516	0.437	0.437	0.471	0.493	0.11
H1220TS221_2__H1220TS241_5	0.587	0.551	0.551	0.608	0.516	0.17
H1220TS221_3__H1220TS304_5	0.513	0.437	0.437	0.486	0.424	0.195
H1220TS241_1__H1220TS304_5	0.652	0.617	0.617	0.641	0.658	0.204
H1220TS262_3__H1220TS122_4	0.469	0.434	0.434	0.46	0.571	0.158
H1220TS264_2__H1220TS380_1	0.504	0.394	0.394	0.446	0.557	0.218
H1220TS264_3__H1220TS322_3	0.157	0.328	0.328	0.289	0.468	0.11
H1220TS264_5__H1220TS196_1	0.458	0.398	0.398	0.455	0.429	0.13
H1220TS272_5__H1220TS139_2	0.278	0.407	0.758	0.452	0.392	0.232
H1220TS274_1__H1220TS052_2	0.153	0.224	0.476	0.192	0.321	0.313
H1220TS284_5__H1220TS290_2	0.527	0.489	0.489	0.542	0.647	0.16
H1220TS284_5__H1220TS419_5	0.253	0.279	0.279	0.144	0.595	0.072
H1220TS290_1__H1220TS139_5	0.371	0.501	0.769	0.553	0.485	0.253
H1220TS290_3__H1220TS393_5	0.687	0.608	0.608	0.67	0.682	0.31
H1220TS293_3__H1220TS079_1	0.71	0.582	0.582	0.673	0.853	0.246
H1220TS294_2__H1220TS331_3	0.281	0.271	0.271	0.149	0.62	0.117
H1220TS294_4__H1220TS456_4	0.557	0.596	0.672	0.622	0.665	0.315
H1220TS311_1__H1220TS375_2	0.578	0.494	0.494	0.554	0.619	0.186
H1220TS311_5__H1220TS014_5	0.229	0.343	0.343	0.333	0.551	0.088
H1220TS312_3__H1220TS163_4	0.148	0.208	0.208	0.101	0.489	0.066
H1220TS312_4__H1220TS139_3	0.417	0.584	0.788	0.603	0.528	0.278
H1220TS319_4__H1220TS465_5	0.328	0.351	0.351	0.413	0.508	0.084
H1220TS319_5__H1220TS319_2	0.379	0.325	0.325	0.234	0.688	0.189
H1220TS319_5__H1220TS450_4	0.499	0.554	0.554	0.604	0.478	0.121
H1220TS322_5__H1220TS008_3	0.333	0.195	0.195	0.09	0.57	0.05
H1220TS345_4__H1220TS167_4	0.464	0.495	0.495	0.548	0.538	0.103
H1220TS369_3__H1220TS272_1	0.418	0.327	0.327	0.308	0.469	0.144
H1220TS375_2__H1220TS462_4	0.3	0.37	0.37	0.277	0.563	0.115
H1220TS375_3__H1220TS425_5	0.723	0.708	0.708	0.74	0.73	0.338
H1220TS380_2__H1220TS425_5	0.567	0.46	0.46	0.539	0.634	0.199
H1220TS388_2__H1220TS091_5	0.759	0.725	0.764	0.718	0.751	0.377
H1220TS388_2__H1220TS287_4	0.377	0.316	0.403	0.154	0.571	0.17
H1220TS393_2__H1220TS163_2	0.057	0.163	0.163	0.148	0.378	0.049
H1220TS393_6__H1220TS298_3	0.401	0.517	0.517	0.523	0.507	0.135
H1220TS419_1__H1220TS051_5	0.556	0.455	0.455	0.522	0.521	0.158
H1220TS419_2__H1220TS419_3	0.604	0.521	0.521	0.601	0.704	0.282
H1220TS450_1__H1220TS298_1	0.499	0.544	0.544	0.563	0.481	0.17
H1220TS462_3__H1220TS014_6	0.498	0.494	0.494	0.536	0.589	0.142
H1220TS465_5__H1220TS040_3	0.0	0.0	0.0	0.0	0.165	0.004
H1220TS475_1__H1220TS204_1	0.409	0.408	0.408	0.455	0.537	0.105
H1220TS489_5__H1220TS419_2	0.474	0.423	0.423	0.489	0.453	0.137
H1220TS494_3__H1220TS040_3	0.017	0.014	0.015	0.007	0.149	0.006
H1220TS494_3__H1220TS369_5	0.192	0.269	0.284	0.201	0.326	0.058
H1222TS015_4__H1222TS145_1	0.859	0.916	0.916	0.854	0.889	0.585
H1222TS022_1__H1222TS462_2	0.651	0.571	0.571	0.553	0.655	0.278
H1222TS022_2__H1222TS319_2	0.68	0.639	0.639	0.618	0.716	0.313
H1222TS022_3__H1222TS345_6	0.791	0.753	0.753	0.763	0.888	0.485
H1222TS023_2__H1222TS015_3	0.813	0.84	0.84	0.798	0.863	0.449
H1222TS052_1__H1222TS397_5	0.729	0.699	0.699	0.644	0.803	0.35
H1222TS079_1__H1222TS301_5	0.744	0.632	0.632	0.699	0.761	0.352
H1222TS085_2__H1222TS312_3	0.73	0.745	0.745	0.719	0.804	0.344
H1222TS085_3__H1222TS298_3	0.732	0.635	0.635	0.673	0.84	0.372
H1222TS091_4__H1222TS014_3	0.703	0.608	0.608	0.663	0.776	0.304
H1222TS091_4__H1222TS345_1	0.65	0.521	0.521	0.518	0.722	0.268
H1222TS110_3__H1222TS110_2	0.935	0.962	0.962	0.932	0.967	0.833
H1222TS110_5__H1222TS425_1	0.815	0.814	0.814	0.777	0.88	0.476
H1222TS117_3__H1222TS312_5	0.519	0.58	0.58	0.501	0.661	0.253
H1222TS117_3__H1222TS425_5	0.518	0.565	0.565	0.501	0.665	0.259
H1222TS122_4__H1222TS085_4	0.668	0.603	0.603	0.595	0.781	0.323
H1222TS145_3__H1222TS023_1	0.605	0.655	0.655	0.614	0.721	0.275
H1222TS148_1__H1222TS079_1	0.694	0.579	0.579	0.558	0.762	0.33
H1222TS148_2__H1222TS425_1	0.68	0.626	0.626	0.594	0.713	0.331
H1222TS148_3__H1222TS022_5	0.881	0.892	0.892	0.87	0.925	0.726
H1222TS167_2__H1222TS475_5	0.567	0.59	0.59	0.533	0.654	0.246
H1222TS171_3__H1222TS028_2	0.718	0.666	0.666	0.645	0.804	0.24
H1222TS196_4__H1222TS221_2	0.728	0.752	0.752	0.71	0.854	0.346
H1222TS198_3__H1222TS051_3	0.838	0.867	0.867	0.825	0.872	0.584
H1222TS204_1__H1222TS117_2	0.546	0.595	0.595	0.519	0.683	0.304
H1222TS219_2__H1222TS272_5	0.709	0.683	0.683	0.607	0.736	0.332
H1222TS219_3__H1222TS369_5	0.731	0.722	0.722	0.69	0.849	0.368
H1222TS221_1__H1222TS319_2	0.646	0.609	0.609	0.624	0.69	0.257
H1222TS221_2__H1222TS051_3	0.651	0.623	0.623	0.618	0.74	0.264
H1222TS221_5__H1222TS014_1	0.703	0.621	0.621	0.634	0.788	0.363
H1222TS241_4__H1222TS171_2	0.686	0.617	0.617	0.596	0.725	0.326
H1222TS262_1__H1222TS221_2	0.738	0.834	0.834	0.724	0.857	0.581
H1222TS262_5__H1222TS221_2	0.656	0.568	0.568	0.57	0.698	0.254
H1222TS264_2__H1222TS145_5	0.732	0.699	0.699	0.668	0.774	0.418
H1222TS264_3__H1222TS456_3	0.972	0.985	0.985	0.954	0.962	0.951
H1222TS264_4__H1222TS196_2	0.785	0.742	0.742	0.741	0.88	0.434
H1222TS267_4__H1222TS284_4	0.72	0.629	0.629	0.605	0.708	0.334
H1222TS272_3__H1222TS208_1	0.711	0.43	0.43	0.542	0.708	0.322
H1222TS284_3__H1222TS456_1	0.879	0.89	0.89	0.871	0.912	0.688
H1222TS286_1__H1222TS204_5	0.762	0.668	0.668	0.663	0.761	0.273
H1222TS293_3__H1222TS322_3	0.865	0.788	0.788	0.803	0.833	0.435
H1222TS298_1__H1222TS331_2	0.818	0.631	0.631	0.721	0.78	0.237
H1222TS298_5__H1222TS079_5	0.865	0.688	0.688	0.695	0.835	0.402
H1222TS298_5__H1222TS465_1	0.768	0.688	0.688	0.669	0.789	0.248
H1222TS301_3__H1222TS345_3	0.75	0.586	0.586	0.67	0.761	0.233
H1222TS311_1__H1222TS015_5	0.759	0.587	0.587	0.674	0.786	0.315
H1222TS312_1__H1222TS085_2	0.671	0.591	0.591	0.588	0.779	0.316
H1222TS312_3__H1222TS031_2	0.789	0.949	0.949	0.841	0.877	0.761
H1222TS312_3__H1222TS456_4	0.668	0.597	0.597	0.633	0.806	0.292
H1222TS312_4__H1222TS262_1	0.764	0.847	0.847	0.738	0.855	0.674
H1222TS322_2__H1222TS117_2	0.647	0.748	0.748	0.648	0.738	0.378
H1222TS331_4__H1222TS293_4	0.768	0.594	0.594	0.67	0.764	0.306
H1222TS345_4__H1222TS456_5	0.664	0.56	0.56	0.58	0.776	0.204
H1222TS345_5__H1222TS014_3	0.76	0.603	0.603	0.677	0.776	0.319
H1222TS345_5__H1222TS419_4	0.75	0.603	0.603	0.618	0.7	0.319
H1222TS375_2__H1222TS167_3	0.515	0.63	0.63	0.566	0.713	0.249
H1222TS375_2__H1222TS419_4	0.821	0.846	0.846	0.754	0.897	0.728
H1222TS397_5__H1222TS286_1	0.619	0.607	0.607	0.615	0.732	0.209
H1222TS419_2__H1222TS117_5	0.546	0.58	0.58	0.487	0.705	0.294
H1222TS423_1__H1222TS204_1	0.776	0.606	0.606	0.584	0.722	0.326
H1222TS423_1__H1222TS450_3	0.599	0.646	0.646	0.617	0.72	0.202
H1222TS425_3__H1222TS059_4	0.871	0.916	0.916	0.836	0.841	0.546
H1222TS456_2__H1222TS393_4	0.73	0.59	0.59	0.574	0.684	0.297
H1222TS462_4__H1222TS331_4	0.755	0.698	0.698	0.721	0.884	0.342
H1222TS475_1__H1222TS015_2	0.814	0.845	0.845	0.782	0.871	0.662
H1223TS015_1__H1223TS423_5	0.618	0.633	0.633	0.649	0.762	0.206
H1223TS015_5__H1223TS264_5	0.678	0.682	0.682	0.686	0.795	0.342
H1223TS022_1__H1223TS145_2	0.811	0.868	0.868	0.842	0.878	0.346
H1223TS022_5__H1223TS319_4	0.89	0.713	0.713	0.696	0.787	0.435
H1223TS023_2__H1223TS375_5	0.666	0.666	0.666	0.663	0.842	0.181
H1223TS028_1__H1223TS284_3	0.802	0.807	0.807	0.776	0.826	0.425
H1223TS031_5__H1223TS145_2	0.91	0.877	0.877	0.826	0.842	0.581
H1223TS040_1__H1223TS031_4	0.656	0.603	0.62	0.622	0.701	0.27
H1223TS040_2__H1223TS117_4	0.606	0.576	0.606	0.565	0.642	0.195
H1223TS040_3__H1223TS369_5	0.718	0.759	0.771	0.704	0.81	0.37
H1223TS051_2__H1223TS284_2	0.757	0.717	0.717	0.702	0.843	0.392
H1223TS051_2__H1223TS419_5	0.7	0.637	0.637	0.663	0.818	0.34
H1223TS051_3__H1223TS196_1	0.722	0.712	0.712	0.684	0.808	0.261
H1223TS051_4__H1223TS147_2	0.833	0.854	0.854	0.84	0.869	0.509
H1223TS051_5__H1223TS145_3	0.807	0.736	0.736	0.724	0.812	0.258
H1223TS051_6__H1223TS462_5	0.767	0.696	0.696	0.707	0.826	0.364
H1223TS052_3__H1223TS294_5	0.886	0.903	0.903	0.845	0.928	0.618
H1223TS059_1__H1223TS475_1	0.645	0.609	0.609	0.632	0.718	0.166
H1223TS079_2__H1223TS331_2	0.824	0.496	0.496	0.624	0.687	0.167
H1223TS091_1__H1223TS319_1	0.823	0.871	0.871	0.815	0.88	0.601
H1223TS110_1__H1223TS031_1	0.704	0.725	0.725	0.684	0.822	0.379
H1223TS117_3__H1223TS388_2	0.527	0.602	0.602	0.517	0.682	0.256
H1223TS122_5__H1223TS284_4	0.804	0.786	0.786	0.828	0.887	0.323
H1223TS139_5__H1223TS264_6	0.725	0.795	0.795	0.731	0.797	0.348
H1223TS145_4__H1223TS079_4	0.743	0.675	0.675	0.743	0.815	0.412
H1223TS145_4__H1223TS462_5	0.771	0.665	0.665	0.703	0.853	0.339
H1223TS147_4__H1223TS139_6	0.695	0.688	0.688	0.67	0.793	0.309
H1223TS147_4__H1223TS319_3	0.767	0.703	0.703	0.677	0.814	0.301
H1223TS148_1__H1223TS110_4	0.852	0.756	0.756	0.733	0.758	0.409
H1223TS148_1__H1223TS272_5	0.761	0.588	0.588	0.615	0.717	0.216
H1223TS163_2__H1223TS148_2	0.837	0.804	0.804	0.798	0.818	0.482
H1223TS164_3__H1223TS171_2	0.813	0.752	0.752	0.772	0.889	0.374
H1223TS164_4__H1223TS262_4	0.735	0.634	0.634	0.712	0.753	0.271
H1223TS164_5__H1223TS397_1	0.744	0.667	0.667	0.658	0.9	0.357
H1223TS167_1__H1223TS425_1	0.668	0.718	0.718	0.675	0.764	0.283
H1223TS171_3__H1223TS091_5	0.774	0.752	0.752	0.713	0.804	0.426
H1223TS171_5__H1223TS369_5	0.798	0.831	0.831	0.779	0.912	0.326
H1223TS196_4__H1223TS423_2	0.742	0.666	0.666	0.689	0.847	0.335
H1223TS196_5__H1223TS023_1	0.813	0.838	0.838	0.847	0.908	0.389
H1223TS196_5__H1223TS075_5	0.715	0.635	0.635	0.747	0.738	0.167
H1223TS196_5__H1223TS375_1	0.84	0.872	0.872	0.856	0.882	0.438
H1223TS198_5__H1223TS079_1	0.77	0.67	0.67	0.697	0.794	0.375
H1223TS204_2__H1223TS468_2	0.731	0.656	0.656	0.703	0.758	0.312
H1223TS219_3__H1223TS145_1	0.852	0.701	0.701	0.747	0.872	0.362
H1223TS221_3__H1223TS015_3	0.748	0.683	0.683	0.687	0.805	0.323
H1223TS221_5__H1223TS022_4	0.7	0.513	0.513	0.608	0.636	0.158
H1223TS262_5__H1223TS267_2	0.676	0.682	0.682	0.667	0.766	0.206
H1223TS262_5__H1223TS322_4	0.654	0.667	0.667	0.612	0.817	0.308
H1223TS264_1__H1223TS388_2	0.78	0.711	0.711	0.698	0.739	0.331
H1223TS267_2__H1223TS122_2	0.827	0.774	0.774	0.796	0.828	0.372
H1223TS267_3__H1223TS187_1	0.442	0.584	0.584	0.4	0.588	0.225
H1223TS267_4__H1223TS167_1	0.694	0.817	0.817	0.762	0.801	0.209
H1223TS272_1__H1223TS272_3	0.755	0.699	0.699	0.749	0.818	0.373
H1223TS293_2__H1223TS085_5	0.878	0.77	0.77	0.76	0.841	0.44
H1223TS294_4__H1223TS241_4	0.722	0.693	0.693	0.715	0.786	0.197
H1223TS323_1__H1223TS023_3	0.849	0.918	0.918	0.871	0.891	0.452
H1223TS375_3__H1223TS014_4	0.742	0.666	0.666	0.709	0.841	0.205
H1223TS375_4__H1223TS388_2	0.761	0.744	0.744	0.68	0.755	0.204
H1223TS388_2__H1223TS304_1	0.671	0.603	0.603	0.622	0.68	0.179
H1223TS393_1__H1223TS221_4	0.783	0.678	0.678	0.749	0.875	0.223
H1223TS393_6__H1223TS023_3	0.8	0.763	0.763	0.778	0.844	0.408
H1223TS419_3__H1223TS196_3	0.761	0.728	0.728	0.739	0.833	0.34
H1223TS423_2__H1223TS450_5	0.898	0.721	0.721	0.725	0.832	0.342
H1223TS425_3__H1223TS380_1	0.731	0.639	0.639	0.673	0.744	0.397
H1223TS425_5__H1223TS015_5	0.724	0.651	0.651	0.665	0.79	0.246
H1223TS456_3__H1223TS204_1	0.583	0.514	0.514	0.632	0.685	0.307
H1223TS462_3__H1223TS301_4	0.755	0.674	0.674	0.726	0.849	0.343
H1223TS462_5__H1223TS051_5	0.748	0.761	0.761	0.74	0.779	0.291
H1223TS465_2__H1223TS204_4	0.594	0.504	0.504	0.594	0.705	0.162
H1223TS465_5__H1223TS393_1	0.605	0.569	0.569	0.65	0.655	0.297
H1225TS014_5__H1225TS419_2	0.708	0.682	0.682	0.64	0.777	0.304
H1225TS015_2__H1225TS204_4	0.739	0.698	0.698	0.652	0.87	0.392
H1225TS015_3__H1225TS290_1	0.774	0.838	0.838	0.761	0.879	0.444
H1225TS015_4__H1225TS450_1	0.602	0.67	0.67	0.623	0.704	0.204
H1225TS023_4__H1225TS267_2	0.751	0.611	0.611	0.665	0.685	0.249
H1225TS051_1__H1225TS085_5	0.727	0.583	0.583	0.642	0.742	0.344
H1225TS051_5__H1225TS298_5	0.692	0.615	0.615	0.652	0.761	0.317
H1225TS051_5__H1225TS375_5	0.81	0.833	0.833	0.736	0.808	0.443
H1225TS052_1__H1225TS023_3	0.654	0.593	0.593	0.644	0.734	0.232
H1225TS052_2__H1225TS145_3	0.741	0.615	0.615	0.665	0.766	0.259
H1225TS059_2__H1225TS079_4	0.711	0.729	0.729	0.622	0.787	0.398
H1225TS059_5__H1225TS221_5	0.758	0.759	0.759	0.681	0.788	0.492
H1225TS079_4__H1225TS241_4	0.76	0.711	0.711	0.68	0.79	0.275
H1225TS085_1__H1225TS311_3	0.736	0.779	0.779	0.726	0.841	0.41
H1225TS110_1__H1225TS117_1	0.653	0.611	0.611	0.585	0.785	0.25
H1225TS110_5__H1225TS122_5	0.679	0.544	0.544	0.619	0.766	0.332
H1225TS117_2__H1225TS369_2	0.634	0.783	0.783	0.674	0.745	0.49
H1225TS117_3__H1225TS264_5	0.564	0.779	0.779	0.658	0.709	0.475
H1225TS122_2__H1225TS059_6	0.721	0.574	0.574	0.614	0.722	0.244
H1225TS139_3__H1225TS274_1	0.664	0.734	0.734	0.672	0.768	0.333
H1225TS139_6__H1225TS091_2	0.746	0.883	0.883	0.782	0.83	0.633
H1225TS145_5__H1225TS301_1	0.678	0.598	0.598	0.663	0.756	0.328
H1225TS147_1__H1225TS198_1	0.83	0.851	0.851	0.796	0.873	0.62
H1225TS147_3__H1225TS208_4	0.652	0.546	0.546	0.606	0.758	0.232
H1225TS147_3__H1225TS294_4	0.672	0.558	0.558	0.613	0.787	0.218
H1225TS148_4__H1225TS304_1	0.678	0.573	0.573	0.624	0.692	0.24
H1225TS164_3__H1225TS312_5	0.655	0.617	0.617	0.645	0.753	0.315
H1225TS167_1__H1225TS014_2	0.55	0.686	0.686	0.603	0.74	0.224
H1225TS167_3__H1225TS163_1	0.59	0.575	0.575	0.543	0.659	0.24
H1225TS171_2__H1225TS117_5	0.561	0.569	0.569	0.499	0.688	0.244
H1225TS196_3__H1225TS425_4	0.76	0.73	0.73	0.676	0.858	0.339
H1225TS196_4__H1225TS264_3	0.671	0.596	0.596	0.668	0.729	0.275
H1225TS198_1__H1225TS163_5	0.715	0.64	0.64	0.649	0.829	0.343
H1225TS198_4__H1225TS274_2	0.698	0.663	0.663	0.663	0.848	0.235
H1225TS198_4__H1225TS287_1	0.762	0.753	0.753	0.723	0.824	0.358
H1225TS204_1__H1225TS293_2	0.76	0.749	0.749	0.672	0.806	0.311
H1225TS208_3__H1225TS079_4	0.753	0.757	0.757	0.706	0.825	0.413
H1225TS208_3__H1225TS145_2	0.797	0.836	0.836	0.773	0.862	0.589
H1225TS208_4__H1225TS456_5	0.691	0.554	0.554	0.612	0.787	0.244
H1225TS219_5__H1225TS051_5	0.679	0.758	0.758	0.656	0.817	0.258
H1225TS219_5__H1225TS059_6	0.668	0.63	0.63	0.61	0.756	0.218
H1225TS219_5__H1225TS450_1	0.546	0.647	0.647	0.597	0.645	0.168
H1225TS221_2__H1225TS465_1	0.694	0.627	0.627	0.658	0.802	0.293
H1225TS221_3__H1225TS122_5	0.682	0.622	0.622	0.672	0.78	0.292
H1225TS241_4__H1225TS051_3	0.839	0.814	0.814	0.759	0.838	0.408
H1225TS262_5__H1225TS040_2	0.57	0.524	0.532	0.549	0.686	0.294
H1225TS264_1__H1225TS304_3	0.8	0.742	0.742	0.74	0.854	0.366
H1225TS264_2__H1225TS028_1	0.898	0.857	0.857	0.796	0.78	0.616
H1225TS264_5__H1225TS139_3	0.598	0.613	0.613	0.649	0.658	0.245
H1225TS264_5__H1225TS311_5	0.816	0.809	0.809	0.771	0.797	0.389
H1225TS264_6__H1225TS462_5	0.84	0.823	0.823	0.768	0.822	0.423
H1225TS272_2__H1225TS345_2	0.701	0.495	0.495	0.542	0.734	0.254
H1225TS272_2__H1225TS419_3	0.694	0.451	0.451	0.525	0.67	0.253
H1225TS274_1__H1225TS221_2	0.661	0.601	0.601	0.607	0.727	0.295
H1225TS274_1__H1225TS462_1	0.673	0.542	0.542	0.59	0.686	0.221
H1225TS284_3__H1225TS015_6	0.787	0.792	0.792	0.704	0.802	0.417
H1225TS284_3__H1225TS122_5	0.778	0.658	0.658	0.738	0.814	0.404
H1225TS284_3__H1225TS450_3	0.633	0.771	0.771	0.694	0.725	0.287
H1225TS286_1__H1225TS337_1	0.747	0.837	0.837	0.754	0.725	0.207
H1225TS287_2__H1225TS397_3	0.733	0.6	0.6	0.668	0.758	0.333
H1225TS290_3__H1225TS267_2	0.706	0.612	0.612	0.63	0.685	0.235
H1225TS294_1__H1225TS304_5	0.733	0.764	0.764	0.728	0.87	0.318
H1225TS298_2__H1225TS293_4	0.906	0.951	0.951	0.896	0.942	0.671
H1225TS301_2__H1225TS284_4	0.809	0.774	0.774	0.739	0.785	0.323
H1225TS304_1__H1225TS475_4	0.947	0.98	0.98	0.961	0.943	0.757
H1225TS311_4__H1225TS475_2	0.741	0.641	0.641	0.679	0.771	0.314
H1225TS312_4__H1225TS345_2	0.704	0.562	0.562	0.632	0.729	0.253
H1225TS331_2__H1225TS163_5	0.863	0.721	0.721	0.655	0.854	0.295
H1225TS345_2__H1225TS040_1	0.744	0.584	0.592	0.583	0.702	0.268
H1225TS369_2__H1225TS419_2	0.664	0.565	0.565	0.59	0.731	0.332
H1225TS380_1__H1225TS023_4	0.766	0.824	0.824	0.758	0.825	0.42
H1225TS388_2__H1225TS345_3	0.801	0.868	0.868	0.769	0.849	0.443
H1225TS393_4__H1225TS284_4	0.824	0.798	0.798	0.743	0.783	0.421
H1225TS397_5__H1225TS262_1	0.692	0.657	0.657	0.623	0.789	0.339
H1225TS419_1__H1225TS322_3	0.688	0.61	0.61	0.65	0.74	0.325
H1225TS419_5__H1225TS301_4	0.916	0.962	0.962	0.907	0.908	0.799
H1225TS425_2__H1225TS468_3	0.729	0.797	0.797	0.731	0.858	0.527
H1225TS425_3__H1225TS164_1	0.682	0.566	0.566	0.622	0.756	0.3
H1225TS425_3__H1225TS293_2	0.704	0.577	0.577	0.613	0.784	0.349
H1225TS456_1__H1225TS284_5	0.727	0.6	0.6	0.64	0.694	0.245
H1225TS456_2__H1225TS369_4	0.785	0.569	0.569	0.667	0.733	0.313
H1225TS456_3__H1225TS187_1	0.396	0.469	0.469	0.365	0.574	0.185
H1225TS468_4__H1225TS139_6	0.654	0.571	0.571	0.582	0.731	0.25
H1225TS475_1__H1225TS052_1	0.708	0.559	0.559	0.62	0.726	0.235
H1225TS475_5__H1225TS468_5	0.776	0.77	0.77	0.704	0.789	0.424
H1225TS494_3__H1225TS380_5	0.776	0.679	0.679	0.681	0.774	0.379
H1225TS494_5__H1225TS014_6	0.704	0.661	0.661	0.625	0.738	0.221
H1227TS014_5__H1227TS388_2	0.545	0.605	0.605	0.565	0.6	0.292
H1227TS022_2__H1227TS145_3	0.049	0.028	0.028	0.019	0.763	0.037
H1227TS022_2__H1227TS494_3	0.072	0.05	0.05	0.033	0.756	0.086
H1227TS022_4__H1227TS274_3	0.644	0.729	0.73	0.667	0.739	0.335
H1227TS023_1__H1227TS465_5	0.011	0.009	0.009	0.003	0.435	0.008
H1227TS023_2__H1227TS014_1	0.045	0.018	0.018	0.01	0.743	0.029
H1227TS023_5__H1227TS312_3	0.838	0.816	0.816	0.861	0.882	0.442
H1227TS028_1__H1227TS163_1	0.074	0.051	0.051	0.045	0.822	0.076
H1227TS028_5__H1227TS304_2	0.647	0.745	0.871	0.734	0.706	0.461
H1227TS040_5__H1227TS221_5	0.599	0.724	0.724	0.68	0.683	0.338
H1227TS051_2__H1227TS139_5	0.064	0.04	0.04	0.016	0.472	0.051
H1227TS059_3__H1227TS023_1	0.049	0.034	0.034	0.01	0.672	0.037
H1227TS075_1__H1227TS079_5	0.046	0.033	0.033	0.017	0.72	0.029
H1227TS079_2__H1227TS079_4	0.05	0.025	0.025	0.017	0.841	0.035
H1227TS085_3__H1227TS052_3	0.667	0.814	0.814	0.754	0.743	0.448
H1227TS085_3__H1227TS085_2	1.0	1.0	1.0	1.0	1.0	1.0
H1227TS085_5__H1227TS085_2	1.0	1.0	1.0	1.0	1.0	1.0
H1227TS091_3__H1227TS393_2	0.566	0.605	0.677	0.627	0.633	0.283
H1227TS110_3__H1227TS331_5	0.06	0.039	0.039	0.026	0.821	0.031
H1227TS110_5__H1227TS221_2	0.536	0.659	0.659	0.643	0.72	0.297
H1227TS117_4__H1227TS241_1	0.042	0.037	0.038	0.017	0.554	0.067
H1227TS122_2__H1227TS286_4	0.0	0.0	0.0	0.0	0.004	0.013
H1227TS139_3__H1227TS198_5	0.466	0.663	0.663	0.562	0.619	0.192
H1227TS145_1__H1227TS456_1	0.769	0.791	0.792	0.772	0.788	0.45
H1227TS145_5__H1227TS290_3	0.062	0.039	0.039	0.025	0.737	0.042
H1227TS148_4__H1227TS369_2	0.059	0.044	0.044	0.027	0.721	0.074
H1227TS163_5__H1227TS028_3	0.786	0.816	0.816	0.812	0.834	0.525
H1227TS164_4__H1227TS345_5	0.746	0.762	0.762	0.795	0.834	0.369
H1227TS198_2__H1227TS022_5	0.951	0.952	0.952	0.947	0.942	0.765
H1227TS198_3__H1227TS345_2	0.062	0.036	0.036	0.019	0.77	0.052
H1227TS198_4__H1227TS148_4	0.054	0.032	0.032	0.014	0.744	0.032
H1227TS204_5__H1227TS204_2	0.057	0.041	0.041	0.03	0.772	0.051
H1227TS218_1__H1227TS085_3	0.59	0.761	0.761	0.661	0.703	0.277
H1227TS218_1__H1227TS331_1	0.67	0.839	0.839	0.695	0.741	0.419
H1227TS219_1__H1227TS219_3	0.603	0.712	0.712	0.669	0.687	0.363
H1227TS219_3__H1227TS323_1	0.063	0.038	0.038	0.019	0.72	0.038
H1227TS221_1__H1227TS028_5	0.595	0.647	0.647	0.64	0.722	0.292
H1227TS221_1__H1227TS312_2	0.822	0.817	0.817	0.852	0.859	0.427
H1227TS241_2__H1227TS462_3	0.078	0.047	0.047	0.038	0.827	0.086
H1227TS241_3__H1227TS462_2	0.069	0.044	0.044	0.029	0.836	0.072
H1227TS241_5__H1227TS425_5	0.849	0.845	0.845	0.865	0.873	0.472
H1227TS261_1__H1227TS059_2	0.515	0.587	0.587	0.54	0.623	0.27
H1227TS262_2__H1227TS264_4	0.618	0.782	0.782	0.713	0.757	0.424
H1227TS262_3__H1227TS274_2	0.056	0.037	0.037	0.018	0.794	0.029
H1227TS264_2__H1227TS419_1	0.85	0.827	0.827	0.873	0.885	0.45
H1227TS264_6__H1227TS298_4	0.606	0.654	0.654	0.638	0.693	0.308
H1227TS274_3__H1227TS290_4	0.053	0.034	0.034	0.02	0.758	0.035
H1227TS274_4__H1227TS345_1	0.058	0.037	0.037	0.026	0.793	0.035
H1227TS284_1__H1227TS312_5	0.561	0.678	0.678	0.671	0.738	0.304
H1227TS284_2__H1227TS075_1	0.075	0.002	0.057	0.001	0.014	0.035
H1227TS286_2__H1227TS221_4	0.824	0.807	0.807	0.838	0.844	0.428
H1227TS286_3__H1227TS145_1	0.67	0.801	0.801	0.747	0.768	0.421
H1227TS290_5__H1227TS014_6	0.073	0.054	0.054	0.051	0.671	0.027
H1227TS293_4__H1227TS241_5	0.077	0.052	0.052	0.039	0.752	0.105
H1227TS294_2__H1227TS312_4	0.544	0.634	0.634	0.641	0.716	0.257
H1227TS294_5__H1227TS085_1	0.716	0.837	0.837	0.789	0.78	0.329
H1227TS298_2__H1227TS079_5	0.047	0.02	0.02	0.01	0.716	0.033
H1227TS298_4__H1227TS091_4	0.529	0.634	0.703	0.595	0.592	0.319
H1227TS301_1__H1227TS293_2	0.601	0.845	0.845	0.75	0.757	0.324
H1227TS304_1__H1227TS023_3	0.842	0.73	0.858	0.735	0.699	0.546
H1227TS312_1__H1227TS014_5	0.048	0.03	0.03	0.013	0.729	0.034
H1227TS319_1__H1227TS322_3	0.053	0.037	0.037	0.017	0.746	0.035
H1227TS319_4__H1227TS462_5	0.06	0.037	0.037	0.03	0.836	0.036
H1227TS322_1__H1227TS262_1	0.064	0.039	0.039	0.013	0.697	0.042
H1227TS322_3__H1227TS393_2	0.079	0.051	0.051	0.033	0.754	0.097
H1227TS331_4__H1227TS331_5	1.0	1.0	1.0	1.0	1.0	1.0
H1227TS345_5__H1227TS023_1	0.6	0.713	0.713	0.716	0.755	0.324
H1227TS419_2__H1227TS261_5	0.054	0.029	0.031	0.01	0.675	0.013
H1227TS419_2__H1227TS345_2	0.711	0.754	0.81	0.744	0.735	0.597
H1227TS419_4__H1227TS147_3	0.061	0.035	0.035	0.017	0.732	0.039
H1227TS419_4__H1227TS312_3	0.831	0.823	0.823	0.839	0.841	0.46
H1227TS425_3__H1227TS164_5	0.791	0.761	0.761	0.795	0.837	0.352
H1227TS425_5__H1227TS425_4	1.0	1.0	1.0	1.0	1.0	1.0
H1227TS450_1__H1227TS052_4	0.596	0.647	0.802	0.672	0.664	0.384
H1227TS450_1__H1227TS117_5	0.473	0.652	0.68	0.548	0.655	0.273
H1227TS456_2__H1227TS489_3	0.603	0.748	0.749	0.673	0.727	0.387
H1227TS456_5__H1227TS040_2	0.529	0.366	0.708	0.393	0.33	0.323
H1227TS456_5__H1227TS221_4	0.498	0.29	0.529	0.347	0.335	0.274
H1227TS462_3__H1227TS219_1	0.574	0.712	0.712	0.665	0.688	0.354
H1227TS462_3__H1227TS331_4	0.059	0.039	0.039	0.026	0.835	0.029
H1227TS475_1__H1227TS388_3	0.068	0.049	0.049	0.026	0.713	0.068
H1227TS489_4__H1227TS294_4	0.713	0.835	0.835	0.722	0.755	0.468
H1227TS494_1__H1227TS393_2	0.05	0.034	0.034	0.016	0.733	0.034
H1227TS494_4__H1227TS465_5	0.182	0.205	0.206	0.19	0.468	0.085
H1229TS014_1__H1229TS051_4	0.86	0.89	0.89	0.859	0.814	0.752
H1229TS014_5__H1229TS167_5	0.0	0.0	0.0	0.0	0.101	0.005
H1229TS015_4__H1229TS465_2	0.396	0.562	0.562	0.32	0.529	0.444
H1229TS022_3__H1229TS419_3	0.479	0.556	0.556	0.382	0.527	0.469
H1229TS022_4__H1229TS241_4	0.572	0.694	0.694	0.515	0.596	0.502
H1229TS023_2__H1229TS261_2	0.507	0.587	0.587	0.379	0.504	0.361
H1229TS028_2__H1229TS489_1	0.921	0.97	0.97	0.967	0.95	0.819
H1229TS028_5__H1229TS397_2	0.667	0.885	0.885	0.747	0.684	0.615
H1229TS051_2__H1229TS023_3	0.81	0.925	0.925	0.876	0.843	0.689
H1229TS051_4__H1229TS147_1	0.801	0.878	0.878	0.853	0.779	0.559
H1229TS051_6__H1229TS462_2	0.874	0.942	0.942	0.899	0.884	0.729
H1229TS052_1__H1229TS241_4	0.523	0.659	0.659	0.471	0.541	0.483
H1229TS052_3__H1229TS075_1	0.648	0.87	0.87	0.742	0.803	0.741
H1229TS052_5__H1229TS059_5	0.407	0.638	0.642	0.497	0.609	0.491
H1229TS052_5__H1229TS294_4	0.552	0.761	0.761	0.621	0.65	0.56
H1229TS059_1__H1229TS117_4	0.003	0.0	0.0	0.0	0.035	0.045
H1229TS059_2__H1229TS393_6	0.839	0.914	0.915	0.88	0.849	0.815
H1229TS059_5__H1229TS267_4	0.476	0.544	0.545	0.379	0.511	0.53
H1229TS085_2__H1229TS274_1	0.534	0.628	0.628	0.407	0.52	0.487
H1229TS091_1__H1229TS298_1	0.0	0.0	0.0	0.0	0.144	0.009
H1229TS110_2__H1229TS015_4	0.548	0.754	0.754	0.608	0.606	0.581
H1229TS110_2__H1229TS397_1	0.861	0.956	0.956	0.872	0.845	0.81
H1229TS110_4__H1229TS085_3	0.481	0.653	0.653	0.472	0.526	0.495
H1229TS110_4__H1229TS139_4	0.0	0.0	0.0	0.0	0.074	0.008
H1229TS114_5__H1229TS287_4	0.0	0.0	0.0	0.0	0.105	0.004
H1229TS117_2__H1229TS264_2	0.001	0.0	0.0	0.0	0.144	0.009
H1229TS117_4__H1229TS091_5	0.445	0.687	0.687	0.655	0.653	0.464
H1229TS117_5__H1229TS014_5	0.454	0.747	0.747	0.672	0.729	0.509
H1229TS122_2__H1229TS284_4	0.575	0.721	0.721	0.512	0.583	0.537
H1229TS122_3__H1229TS196_3	0.455	0.626	0.626	0.414	0.505	0.409
H1229TS139_2__H1229TS171_5	0.508	0.679	0.679	0.406	0.532	0.45
H1229TS139_3__H1229TS052_4	0.001	0.0	0.0	0.0	0.051	0.009
H1229TS145_1__H1229TS079_3	0.735	0.846	0.846	0.728	0.736	0.656
H1229TS145_3__H1229TS122_2	0.763	0.884	0.884	0.736	0.78	0.728
H1229TS147_5__H1229TS221_5	0.417	0.522	0.522	0.456	0.49	0.377
H1229TS164_1__H1229TS331_1	0.806	0.859	0.859	0.761	0.744	0.752
H1229TS164_2__H1229TS293_3	0.717	0.839	0.839	0.754	0.739	0.683
H1229TS164_3__H1229TS022_5	0.505	0.637	0.637	0.411	0.511	0.433
H1229TS167_2__H1229TS023_3	0.0	0.0	0.0	0.0	0.057	0.004
H1229TS196_5__H1229TS312_3	0.727	0.821	0.821	0.788	0.78	0.68
H1229TS198_3__H1229TS122_1	0.75	0.877	0.877	0.718	0.758	0.694
H1229TS198_3__H1229TS148_5	0.492	0.672	0.672	0.436	0.523	0.383
H1229TS204_1__H1229TS293_2	0.001	0.0	0.0	0.0	0.14	0.009
H1229TS204_5__H1229TS110_3	0.428	0.509	0.509	0.331	0.5	0.457
H1229TS204_5__H1229TS462_6	0.44	0.562	0.562	0.356	0.546	0.435
H1229TS208_3__H1229TS163_2	0.364	0.559	0.559	0.348	0.443	0.395
H1229TS208_3__H1229TS319_5	0.318	0.476	0.476	0.33	0.481	0.366
H1229TS219_5__H1229TS267_5	0.198	0.105	0.105	0.042	0.339	0.067
H1229TS221_5__H1229TS051_3	0.459	0.524	0.524	0.404	0.505	0.376
H1229TS241_5__H1229TS494_5	0.0	0.0	0.0	0.0	0.132	0.005
H1229TS264_2__H1229TS397_1	0.77	0.89	0.89	0.793	0.773	0.698
H1229TS267_2__H1229TS290_4	0.827	0.933	0.933	0.851	0.824	0.748
H1229TS267_4__H1229TS241_2	0.612	0.816	0.816	0.632	0.653	0.606
H1229TS284_3__H1229TS301_5	0.63	0.782	0.782	0.554	0.592	0.581
H1229TS286_3__H1229TS393_3	0.0	0.0	0.0	0.0	0.108	0.008
H1229TS286_5__H1229TS462_1	0.0	0.0	0.0	0.0	0.114	0.005
H1229TS290_5__H1229TS261_5	0.629	0.777	0.777	0.725	0.743	0.533
H1229TS294_2__H1229TS264_6	0.604	0.816	0.816	0.659	0.584	0.489
H1229TS298_1__H1229TS059_1	0.0	0.0	0.0	0.0	0.03	0.006
H1229TS298_3__H1229TS167_4	0.0	0.0	0.0	0.0	0.112	0.004
H1229TS301_5__H1229TS375_3	0.569	0.762	0.762	0.586	0.608	0.495
H1229TS311_1__H1229TS051_4	0.861	0.876	0.876	0.87	0.802	0.761
H1229TS311_3__H1229TS015_5	0.493	0.669	0.669	0.571	0.559	0.414
H1229TS312_5__H1229TS462_5	0.264	0.394	0.394	0.315	0.566	0.205
H1229TS319_1__H1229TS085_4	0.477	0.69	0.69	0.529	0.53	0.356
H1229TS319_4__H1229TS163_3	0.502	0.626	0.626	0.449	0.505	0.412
H1229TS345_5__H1229TS393_3	0.731	0.868	0.868	0.821	0.789	0.515
H1229TS369_1__H1229TS147_2	0.689	0.843	0.843	0.722	0.649	0.757
H1229TS369_4__H1229TS219_3	0.014	0.094	0.094	0.04	0.433	0.075
H1229TS375_1__H1229TS221_4	0.358	0.561	0.561	0.323	0.455	0.377
H1229TS388_2__H1229TS219_2	0.177	0.297	0.297	0.134	0.396	0.203
H1229TS388_5__H1229TS051_6	0.426	0.51	0.51	0.412	0.524	0.451
H1229TS393_3__H1229TS272_2	0.073	0.082	0.082	0.052	0.362	0.058
H1229TS397_2__H1229TS164_1	0.546	0.787	0.787	0.674	0.71	0.567
H1229TS397_2__H1229TS319_1	0.672	0.846	0.846	0.733	0.686	0.639
H1229TS419_5__H1229TS171_2	0.0	0.0	0.0	0.0	0.072	0.008
H1229TS423_2__H1229TS167_2	0.0	0.0	0.0	0.0	0.058	0.004
H1229TS450_2__H1229TS462_2	0.0	0.0	0.0	0.0	0.045	0.004
H1229TS450_4__H1229TS110_3	0.037	0.012	0.012	0.0	0.333	0.03
H1229TS456_3__H1229TS293_1	0.561	0.724	0.724	0.581	0.565	0.539
H1229TS462_3__H1229TS028_2	0.933	0.929	0.929	0.932	0.897	0.839
H1229TS462_3__H1229TS241_1	0.537	0.715	0.715	0.555	0.528	0.52
H1229TS462_4__H1229TS085_1	0.496	0.671	0.671	0.464	0.535	0.495
H1229TS462_6__H1229TS293_1	0.897	0.926	0.926	0.873	0.815	0.758
H1229TS465_3__H1229TS051_2	0.381	0.571	0.571	0.414	0.514	0.329
H1229TS489_1__H1229TS040_4	0.398	0.643	0.643	0.396	0.571	0.427
H1229TS489_2__H1229TS319_1	0.83	0.875	0.875	0.853	0.804	0.703
H1229TS489_2__H1229TS465_1	0.711	0.866	0.866	0.76	0.74	0.663
H1230TS014_3__H1230TS022_5	0.582	0.93	0.93	0.796	0.789	0.737
H1230TS022_3__H1230TS489_1	0.87	0.941	0.941	0.794	0.806	0.849
H1230TS023_2__H1230TS147_3	0.38	0.476	0.476	0.318	0.451	0.367
H1230TS023_2__H1230TS167_1	0.0	0.0	0.0	0.0	0.082	0.004
H1230TS023_3__H1230TS468_3	0.526	0.665	0.665	0.48	0.535	0.541
H1230TS023_4__H1230TS425_4	0.521	0.627	0.627	0.503	0.596	0.555
H1230TS023_5__H1230TS075_4	0.852	0.909	0.909	0.854	0.841	0.751
H1230TS023_5__H1230TS419_3	0.492	0.614	0.614	0.425	0.554	0.453
H1230TS040_4__H1230TS286_2	0.732	0.875	0.875	0.774	0.766	0.795
H1230TS052_1__H1230TS267_3	0.807	0.938	0.938	0.814	0.848	0.825
H1230TS059_4__H1230TS301_2	0.438	0.527	0.527	0.342	0.429	0.452
H1230TS079_1__H1230TS375_5	0.475	0.646	0.646	0.471	0.594	0.539
H1230TS079_3__H1230TS171_2	0.585	0.675	0.675	0.522	0.589	0.517
H1230TS091_2__H1230TS023_2	0.322	0.479	0.479	0.315	0.455	0.322
H1230TS114_1__H1230TS293_5	0.0	0.0	0.0	0.0	0.055	0.004
H1230TS114_5__H1230TS274_4	0.037	0.025	0.025	0.0	0.17	0.025
H1230TS114_5__H1230TS456_2	0.0	0.0	0.0	0.0	0.038	0.005
H1230TS139_2__H1230TS022_5	0.0	0.0	0.0	0.0	0.136	0.007
H1230TS139_2__H1230TS312_2	0.003	0.0	0.0	0.0	0.133	0.008
H1230TS139_3__H1230TS139_5	0.002	0.0	0.0	0.0	0.09	0.009
H1230TS139_6__H1230TS475_1	0.452	0.6	0.6	0.458	0.557	0.489
H1230TS147_2__H1230TS023_4	0.523	0.632	0.632	0.528	0.578	0.533
H1230TS147_5__H1230TS397_1	0.536	0.665	0.665	0.482	0.57	0.531
H1230TS163_3__H1230TS312_1	0.764	0.873	0.873	0.779	0.813	0.721
H1230TS164_1__H1230TS148_1	0.74	0.862	0.862	0.785	0.787	0.722
H1230TS167_4__H1230TS300_1	0.021	0.03	0.03	0.012	0.174	0.011
H1230TS171_1__H1230TS051_4	0.726	0.903	0.903	0.853	0.862	0.724
H1230TS171_2__H1230TS462_4	0.599	0.686	0.686	0.514	0.556	0.557
H1230TS171_4__H1230TS462_4	0.662	0.808	0.808	0.593	0.584	0.659
H1230TS196_4__H1230TS085_1	0.402	0.538	0.538	0.315	0.443	0.422
H1230TS196_4__H1230TS462_4	0.953	0.974	0.974	0.86	0.857	0.861
H1230TS204_1__H1230TS456_4	0.001	0.0	0.0	0.0	0.124	0.008
H1230TS208_3__H1230TS148_5	0.409	0.576	0.576	0.459	0.621	0.396
H1230TS219_2__H1230TS145_2	0.307	0.42	0.42	0.253	0.359	0.221
H1230TS219_3__H1230TS423_3	0.032	0.045	0.045	0.061	0.328	0.041
H1230TS219_3__H1230TS465_2	0.054	0.085	0.085	0.109	0.348	0.055
H1230TS219_5__H1230TS456_1	0.157	0.081	0.081	0.054	0.33	0.067
H1230TS221_5__H1230TS022_1	0.409	0.528	0.528	0.247	0.46	0.36
H1230TS221_5__H1230TS147_5	0.706	0.865	0.865	0.72	0.695	0.702
H1230TS241_3__H1230TS028_5	0.534	0.678	0.678	0.507	0.602	0.467
H1230TS241_3__H1230TS208_2	0.684	0.821	0.821	0.755	0.759	0.517
H1230TS261_2__H1230TS475_4	0.341	0.511	0.511	0.339	0.545	0.333
H1230TS261_3__H1230TS014_5	0.504	0.741	0.741	0.582	0.673	0.452
H1230TS261_4__H1230TS075_1	0.387	0.575	0.575	0.348	0.533	0.429
H1230TS261_4__H1230TS208_5	0.368	0.544	0.544	0.33	0.495	0.374
H1230TS262_4__H1230TS290_4	0.002	0.0	0.0	0.0	0.122	0.008
H1230TS267_4__H1230TS393_6	0.839	0.943	0.943	0.897	0.9	0.854
H1230TS267_5__H1230TS261_2	0.54	0.685	0.685	0.59	0.723	0.592
H1230TS267_5__H1230TS345_5	0.427	0.518	0.518	0.404	0.491	0.391
H1230TS272_2__H1230TS393_3	0.0	0.0	0.0	0.0	0.135	0.008
H1230TS274_1__H1230TS290_1	0.003	0.0	0.0	0.0	0.117	0.009
H1230TS274_4__H1230TS085_5	0.0	0.0	0.0	0.0	0.128	0.004
H1230TS284_1__H1230TS075_5	0.89	0.959	0.959	0.873	0.84	0.88
H1230TS287_2__H1230TS419_2	0.499	0.623	0.623	0.428	0.596	0.467
H1230TS287_3__H1230TS075_5	0.935	0.97	0.97	0.9	0.923	0.936
H1230TS290_4__H1230TS423_3	0.864	0.956	0.956	0.902	0.868	0.934
H1230TS290_4__H1230TS465_3	0.527	0.626	0.626	0.505	0.636	0.506
H1230TS293_5__H1230TS171_3	0.577	0.758	0.758	0.492	0.566	0.517
H1230TS293_5__H1230TS419_4	0.001	0.0	0.0	0.0	0.106	0.008
H1230TS298_2__H1230TS393_5	0.506	0.646	0.646	0.475	0.55	0.55
H1230TS304_1__H1230TS241_4	0.875	0.952	0.952	0.905	0.882	0.799
H1230TS312_4__H1230TS286_2	0.471	0.616	0.616	0.425	0.531	0.504
H1230TS312_5__H1230TS311_2	0.448	0.628	0.628	0.389	0.51	0.399
H1230TS319_1__H1230TS264_4	0.65	0.855	0.855	0.716	0.737	0.613
H1230TS345_4__H1230TS284_5	0.736	0.869	0.869	0.791	0.767	0.665
H1230TS345_6__H1230TS023_1	0.528	0.753	0.753	0.521	0.602	0.523
H1230TS369_2__H1230TS198_5	0.588	0.806	0.806	0.578	0.67	0.642
H1230TS369_3__H1230TS388_1	0.605	0.797	0.797	0.621	0.69	0.534
H1230TS369_4__H1230TS040_1	0.464	0.626	0.626	0.435	0.505	0.523
H1230TS375_1__H1230TS331_3	0.523	0.67	0.67	0.485	0.562	0.511
H1230TS375_5__H1230TS450_4	0.01	0.003	0.003	0.0	0.154	0.016
H1230TS388_5__H1230TS304_3	0.646	0.817	0.817	0.667	0.756	0.663
H1230TS393_5__H1230TS380_1	0.489	0.612	0.612	0.433	0.505	0.446
H1230TS397_1__H1230TS264_6	0.58	0.692	0.692	0.538	0.645	0.604
H1230TS423_1__H1230TS331_5	0.662	0.837	0.837	0.697	0.719	0.593
H1230TS423_2__H1230TS117_4	0.546	0.711	0.711	0.566	0.658	0.585
H1230TS423_5__H1230TS171_5	0.657	0.834	0.834	0.67	0.64	0.609
H1230TS462_1__H1230TS261_1	0.613	0.755	0.755	0.64	0.679	0.632
H1230TS462_2__H1230TS287_3	0.53	0.686	0.686	0.521	0.596	0.527
H1230TS465_2__H1230TS286_1	0.519	0.668	0.668	0.434	0.526	0.569
H1230TS465_3__H1230TS274_1	0.371	0.512	0.512	0.389	0.564	0.414
H1230TS465_3__H1230TS311_3	0.531	0.634	0.634	0.468	0.635	0.51
H1230TS468_1__H1230TS300_3	0.0	0.0	0.0	0.0	0.055	0.004
H1230TS468_2__H1230TS319_4	0.479	0.615	0.615	0.405	0.485	0.473
H1230TS475_1__H1230TS163_2	0.505	0.638	0.638	0.442	0.515	0.555
H1230TS475_5__H1230TS489_3	0.499	0.653	0.653	0.398	0.52	0.438
H1230TS489_1__H1230TS290_2	0.0	0.0	0.0	0.0	0.174	0.005
H1230TS489_2__H1230TS293_2	0.87	0.955	0.955	0.88	0.895	0.869
H1232TS014_3__H1232TS163_1	0.419	0.334	0.334	0.481	0.561	0.205
H1232TS023_1__H1232TS465_3	0.302	0.221	0.221	0.298	0.672	0.185
H1232TS040_3__H1232TS375_2	0.387	0.349	0.349	0.459	0.53	0.22
H1232TS040_5__H1232TS369_4	0.446	0.459	0.459	0.554	0.566	0.207
H1232TS051_6__H1232TS208_5	0.467	0.335	0.335	0.529	0.613	0.207
H1232TS079_1__H1232TS052_5	0.452	0.338	0.338	0.495	0.613	0.203
H1232TS079_5__H1232TS091_2	0.762	0.77	0.77	0.75	0.817	0.647
H1232TS085_2__H1232TS331_4	0.415	0.326	0.326	0.415	0.558	0.237
H1232TS091_1__H1232TS204_4	0.435	0.299	0.299	0.444	0.765	0.221
H1232TS091_1__H1232TS290_2	0.906	0.941	0.941	0.884	0.944	0.897
H1232TS091_5__H1232TS345_5	0.435	0.343	0.343	0.431	0.711	0.306
H1232TS110_4__H1232TS059_3	0.421	0.349	0.349	0.493	0.695	0.217
H1232TS117_1__H1232TS298_1	0.287	0.289	0.289	0.365	0.521	0.155
H1232TS122_2__H1232TS465_4	0.39	0.366	0.366	0.424	0.576	0.282
H1232TS148_1__H1232TS204_1	0.436	0.357	0.357	0.515	0.606	0.198
H1232TS167_2__H1232TS164_1	0.301	0.362	0.362	0.35	0.502	0.141
H1232TS196_1__H1232TS274_1	0.327	0.304	0.304	0.384	0.597	0.162
H1232TS196_2__H1232TS122_2	0.309	0.291	0.291	0.349	0.557	0.19
H1232TS196_5__H1232TS051_3	0.275	0.249	0.249	0.317	0.477	0.273
H1232TS196_5__H1232TS267_2	0.272	0.214	0.214	0.274	0.498	0.272
H1232TS198_1__H1232TS369_1	0.785	0.893	0.893	0.797	0.867	0.655
H1232TS198_2__H1232TS079_4	0.441	0.344	0.344	0.449	0.556	0.298
H1232TS204_1__H1232TS198_1	0.442	0.358	0.358	0.488	0.804	0.303
H1232TS204_4__H1232TS023_5	0.412	0.322	0.322	0.495	0.563	0.224
H1232TS262_2__H1232TS287_2	0.394	0.323	0.323	0.474	0.588	0.229
H1232TS262_4__H1232TS145_1	0.457	0.354	0.354	0.454	0.618	0.327
H1232TS264_5__H1232TS139_5	0.003	0.0	0.0	0.0	0.309	0.017
H1232TS267_1__H1232TS204_1	0.464	0.371	0.371	0.539	0.567	0.222
H1232TS274_5__H1232TS145_5	0.429	0.251	0.251	0.327	0.591	0.3
H1232TS286_1__H1232TS419_1	0.446	0.414	0.414	0.428	0.604	0.254
H1232TS286_4__H1232TS388_2	0.012	0.004	0.005	0.0	0.192	0.015
H1232TS293_1__H1232TS456_4	0.46	0.356	0.356	0.477	0.596	0.285
H1232TS298_3__H1232TS241_3	0.485	0.333	0.333	0.487	0.556	0.344
H1232TS311_1__H1232TS051_5	0.754	0.815	0.815	0.796	0.857	0.613
H1232TS311_2__H1232TS293_3	0.84	0.972	0.972	0.917	0.968	0.901
H1232TS311_4__H1232TS122_3	0.437	0.318	0.318	0.498	0.572	0.205
H1232TS319_1__H1232TS196_5	0.361	0.242	0.242	0.31	0.581	0.267
H1232TS319_1__H1232TS465_2	0.339	0.301	0.301	0.388	0.569	0.267
H1232TS322_4__H1232TS311_1	0.409	0.375	0.375	0.442	0.816	0.195
H1232TS331_1__H1232TS450_2	0.36	0.399	0.399	0.5	0.538	0.181
H1232TS331_2__H1232TS122_1	0.397	0.322	0.322	0.478	0.614	0.203
H1232TS375_3__H1232TS425_4	0.373	0.318	0.318	0.378	0.541	0.253
H1232TS397_2__H1232TS075_5	0.62	0.511	0.511	0.645	0.81	0.278
H1232TS397_4__H1232TS369_1	0.495	0.366	0.366	0.545	0.582	0.325
H1232TS397_5__H1232TS079_2	0.463	0.35	0.35	0.493	0.626	0.219
H1232TS419_3__H1232TS419_5	0.93	0.973	0.973	0.928	0.968	0.915
H1232TS419_5__H1232TS147_4	0.849	0.92	0.92	0.802	0.922	0.848
H1232TS450_2__H1232TS284_1	0.506	0.404	0.404	0.5	0.532	0.271
H1232TS450_5__H1232TS397_5	0.515	0.39	0.39	0.476	0.561	0.273
H1232TS462_1__H1232TS163_4	0.434	0.315	0.315	0.451	0.554	0.204
H1232TS462_6__H1232TS139_3	0.005	0.001	0.001	0.0	0.26	0.012
H1232TS475_1__H1232TS208_3	0.471	0.342	0.342	0.516	0.556	0.326
H1232TS475_3__H1232TS079_3	0.444	0.328	0.328	0.5	0.582	0.222
H1232TS489_1__H1232TS196_1	0.38	0.308	0.308	0.44	0.608	0.196
H1233TS014_3__H1233TS147_3	0.715	0.636	0.636	0.705	0.909	0.322
H1233TS014_6__H1233TS059_5	0.194	0.126	0.126	0.228	0.725	0.137
H1233TS022_4__H1233TS284_1	0.75	0.639	0.639	0.737	0.938	0.303
H1233TS040_3__H1233TS147_3	0.603	0.269	0.557	0.323	0.251	0.177
H1233TS079_4__H1233TS023_1	0.791	0.556	0.556	0.656	0.741	0.307
H1233TS085_3__H1233TS023_5	0.208	0.125	0.125	0.242	0.757	0.134
H1233TS122_1__H1233TS311_3	0.973	0.985	0.985	0.946	0.921	0.899
H1233TS122_4__H1233TS489_5	0.795	0.728	0.728	0.79	0.825	0.432
H1233TS139_1__H1233TS388_3	0.619	0.54	0.54	0.606	0.645	0.341
H1233TS139_3__H1233TS286_4	0.416	0.359	0.359	0.404	0.728	0.202
H1233TS147_3__H1233TS286_2	0.819	0.912	0.912	0.83	0.846	0.568
H1233TS147_4__H1233TS028_3	0.956	0.955	0.955	0.935	0.893	0.79
H1233TS167_5__H1233TS059_1	0.513	0.566	0.566	0.538	0.593	0.228
H1233TS218_1__H1233TS022_1	0.751	0.663	0.663	0.723	0.721	0.32
H1233TS221_2__H1233TS139_6	0.289	0.203	0.203	0.286	0.901	0.378
H1233TS221_5__H1233TS164_1	0.207	0.131	0.131	0.246	0.769	0.096
H1233TS241_3__H1233TS075_2	0.773	0.648	0.648	0.757	0.954	0.422
H1233TS267_3__H1233TS023_2	0.878	0.721	0.721	0.778	0.786	0.374
H1233TS284_1__H1233TS171_5	0.437	0.316	0.316	0.454	0.743	0.179
H1233TS284_2__H1233TS171_3	0.73	0.62	0.62	0.73	0.718	0.358
H1233TS293_1__H1233TS475_5	0.756	0.575	0.575	0.623	0.68	0.358
H1233TS293_3__H1233TS262_2	0.736	0.577	0.577	0.644	0.665	0.309
H1233TS294_1__H1233TS456_3	0.751	0.65	0.65	0.744	0.71	0.345
H1233TS294_3__H1233TS475_3	0.961	0.98	0.98	0.949	0.926	0.776
H1233TS294_5__H1233TS052_2	0.639	0.553	0.553	0.675	0.696	0.22
H1233TS294_5__H1233TS489_2	0.641	0.55	0.55	0.668	0.68	0.215
H1233TS304_3__H1233TS262_3	0.719	0.614	0.614	0.688	0.684	0.355
H1233TS388_4__H1233TS167_3	0.101	0.083	0.083	0.09	0.434	0.083
H1233TS393_3__H1233TS304_3	0.978	0.989	0.989	0.96	0.953	0.946
H1233TS419_2__H1233TS419_4	0.213	0.13	0.13	0.251	0.773	0.1
H1233TS456_1__H1233TS023_5	0.737	0.619	0.619	0.728	0.724	0.379
H1233TS475_1__H1233TS051_3	0.975	0.986	0.986	0.936	0.922	0.926
H1233TS475_3__H1233TS145_1	0.203	0.123	0.123	0.228	0.699	0.139
H1233TS475_5__H1233TS304_5	0.985	0.989	0.989	0.954	0.946	0.956
H1233TS489_4__H1233TS284_2	0.961	0.982	0.982	0.943	0.947	0.674
H1236TS014_1__H1236TS117_3	0.012	0.001	0.001	0.0	0.433	0.008
H1236TS014_4__H1236TS196_2	0.257	0.248	0.248	0.294	0.494	0.12
H1236TS014_5__H1236TS267_1	0.341	0.381	0.381	0.422	0.775	0.198
H1236TS022_3__H1236TS198_4	0.007	0.0	0.0	0.0	0.308	0.008
H1236TS028_2__H1236TS419_2	0.378	0.366	0.366	0.325	0.854	0.186
H1236TS040_3__H1236TS393_3	0.016	0.019	0.019	0.003	0.234	0.02
H1236TS040_4__H1236TS262_5	0.029	0.019	0.019	0.005	0.199	0.014
H1236TS051_3__H1236TS171_2	0.004	0.0	0.0	0.0	0.336	0.008
H1236TS051_4__H1236TS345_4	1.0	1.0	1.0	1.0	1.0	1.0
H1236TS051_5__H1236TS345_3	0.32	0.217	0.217	0.282	0.807	0.144
H1236TS075_5__H1236TS369_4	0.028	0.05	0.05	0.017	0.157	0.016
H1236TS085_1__H1236TS219_2	0.056	0.044	0.044	0.022	0.607	0.043
H1236TS085_5__H1236TS494_1	0.431	0.356	0.356	0.485	0.821	0.306
H1236TS139_6__H1236TS164_4	0.09	0.093	0.093	0.121	0.502	0.112
H1236TS147_5__H1236TS110_5	0.082	0.081	0.081	0.065	0.825	0.072
H1236TS148_1__H1236TS196_1	0.021	0.008	0.008	0.004	0.575	0.02
H1236TS148_2__H1236TS475_5	0.225	0.117	0.117	0.125	0.877	0.098
H1236TS164_2__H1236TS139_3	0.085	0.088	0.088	0.09	0.611	0.044
H1236TS171_5__H1236TS145_2	0.189	0.265	0.265	0.132	0.291	0.185
H1236TS196_4__H1236TS145_3	0.157	0.164	0.164	0.223	0.401	0.079
H1236TS198_3__H1236TS191_2	0.363	0.262	0.262	0.295	0.537	0.191
H1236TS204_4__H1236TS051_2	0.045	0.031	0.031	0.024	0.891	0.039
H1236TS208_3__H1236TS091_4	0.391	0.364	0.364	0.415	0.824	0.283
H1236TS208_3__H1236TS465_3	0.124	0.131	0.131	0.182	0.402	0.058
H1236TS208_3__H1236TS494_3	0.559	0.468	0.468	0.515	0.824	0.31
H1236TS218_1__H1236TS319_5	0.419	0.382	0.382	0.414	0.913	0.353
H1236TS218_2__H1236TS091_3	0.211	0.192	0.192	0.224	0.878	0.185
H1236TS219_4__H1236TS301_5	0.291	0.121	0.121	0.122	0.718	0.078
H1236TS264_3__H1236TS008_5	0.239	0.14	0.14	0.136	0.879	0.125
H1236TS264_5__H1236TS008_2	0.363	0.331	0.331	0.378	0.861	0.213
H1236TS267_1__H1236TS219_1	0.063	0.083	0.083	0.081	0.707	0.056
H1236TS267_4__H1236TS323_1	0.116	0.099	0.099	0.049	0.745	0.062
H1236TS267_4__H1236TS393_1	0.143	0.126	0.126	0.077	0.814	0.064
H1236TS290_4__H1236TS294_5	0.438	0.376	0.376	0.456	0.883	0.195
H1236TS293_3__H1236TS456_2	0.301	0.225	0.225	0.26	0.77	0.157
H1236TS298_3__H1236TS264_5	0.593	0.491	0.491	0.481	0.843	0.273
H1236TS301_3__H1236TS319_2	0.075	0.054	0.054	0.024	0.869	0.095
H1236TS304_2__H1236TS274_1	0.524	0.426	0.426	0.468	0.75	0.302
H1236TS304_4__H1236TS267_4	0.153	0.098	0.098	0.062	0.754	0.07
H1236TS311_2__H1236TS023_2	0.431	0.38	0.38	0.449	0.89	0.229
H1236TS311_2__H1236TS171_4	0.033	0.064	0.064	0.022	0.167	0.021
H1236TS312_4__H1236TS219_5	0.219	0.182	0.182	0.198	0.627	0.112
H1236TS319_4__H1236TS322_2	0.029	0.027	0.027	0.025	0.637	0.032
H1236TS323_1__H1236TS264_2	0.362	0.277	0.277	0.397	0.809	0.192
H1236TS331_1__H1236TS323_1	0.532	0.406	0.406	0.475	0.825	0.315
H1236TS331_3__H1236TS345_1	0.312	0.222	0.222	0.291	0.874	0.119
H1236TS345_1__H1236TS171_2	0.004	0.0	0.0	0.0	0.347	0.011
H1236TS345_2__H1236TS375_1	0.565	0.466	0.466	0.45	0.874	0.368
H1236TS369_5__H1236TS393_4	0.031	0.008	0.008	0.0	0.315	0.011
H1236TS375_5__H1236TS051_3	0.243	0.102	0.102	0.138	0.874	0.074
H1236TS375_5__H1236TS167_1	0.287	0.142	0.142	0.165	0.834	0.15
H1236TS393_2__H1236TS052_3	0.399	0.386	0.386	0.378	0.725	0.19
H1236TS450_5__H1236TS051_4	0.415	0.314	0.314	0.399	0.899	0.242
H1236TS465_4__H1236TS261_2	0.213	0.258	0.258	0.258	0.4	0.187
H1236TS475_2__H1236TS198_4	0.185	0.213	0.213	0.182	0.332	0.091
H1244TS014_1__H1244TS196_4	0.112	0.053	0.053	0.094	0.884	0.112
H1244TS014_1__H1244TS293_4	0.087	0.047	0.047	0.097	0.714	0.057
H1244TS040_5__H1244TS311_5	0.507	0.611	0.611	0.607	0.691	0.226
H1244TS079_2__H1244TS323_1	0.84	0.721	0.721	0.755	0.757	0.373
H1244TS079_4__H1244TS052_4	0.821	0.722	0.722	0.758	0.759	0.367
H1244TS079_4__H1244TS345_6	0.138	0.049	0.049	0.114	0.691	0.069
H1244TS085_3__H1244TS456_2	0.708	0.698	0.698	0.754	0.839	0.495
H1244TS139_4__H1244TS163_5	0.501	0.548	0.548	0.614	0.78	0.174
H1244TS145_1__H1244TS241_2	0.722	0.704	0.704	0.741	0.738	0.354
H1244TS145_3__H1244TS264_4	0.115	0.049	0.049	0.101	0.763	0.079
H1244TS148_4__H1244TS345_6	0.097	0.08	0.08	0.071	0.728	0.095
H1244TS148_4__H1244TS465_5	0.057	0.044	0.044	0.062	0.776	0.085
H1244TS167_2__H1244TS139_3	0.055	0.058	0.058	0.034	0.52	0.018
H1244TS167_3__H1244TS286_3	0.022	0.001	0.001	0.0	0.491	0.012
H1244TS167_4__H1244TS419_5	0.024	0.027	0.027	0.02	0.411	0.008
H1244TS196_4__H1244TS345_4	0.69	0.702	0.702	0.753	0.763	0.365
H1244TS204_3__H1244TS023_3	0.109	0.048	0.048	0.098	0.732	0.055
H1244TS208_4__H1244TS261_1	0.537	0.593	0.593	0.616	0.712	0.349
H1244TS219_4__H1244TS311_4	0.155	0.051	0.051	0.119	0.787	0.07
H1244TS221_4__H1244TS110_3	0.016	0.005	0.005	0.0	0.719	0.01
H1244TS261_3__H1244TS241_1	0.548	0.59	0.59	0.637	0.695	0.28
H1244TS262_5__H1244TS456_4	0.343	0.442	0.442	0.475	0.645	0.133
H1244TS264_2__H1244TS079_2	0.107	0.052	0.052	0.104	0.745	0.065
H1244TS267_1__H1244TS294_2	0.89	0.755	0.755	0.798	0.74	0.628
H1244TS267_2__H1244TS423_4	0.732	0.825	0.825	0.839	0.795	0.331
H1244TS274_2__H1244TS219_3	0.542	0.619	0.619	0.623	0.794	0.373
H1244TS274_4__H1244TS014_1	0.109	0.046	0.046	0.086	0.754	0.046
H1244TS287_5__H1244TS274_1	0.576	0.653	0.653	0.656	0.728	0.454
H1244TS290_5__H1244TS425_3	0.67	0.696	0.696	0.715	0.771	0.492
H1244TS293_3__H1244TS208_4	0.713	0.697	0.697	0.726	0.767	0.384
H1244TS294_5__H1244TS345_5	0.551	0.614	0.614	0.652	0.778	0.193
H1244TS304_1__H1244TS262_2	0.666	0.697	0.697	0.749	0.783	0.401
H1244TS312_4__H1244TS117_2	0.516	0.665	0.665	0.632	0.722	0.324
H1244TS319_2__H1244TS241_1	0.619	0.635	0.635	0.683	0.716	0.263
H1244TS319_5__H1244TS148_1	0.777	0.752	0.752	0.786	0.781	0.324
H1244TS331_4__H1244TS331_2	0.726	0.733	0.733	0.749	0.686	0.335
H1244TS331_5__H1244TS494_4	0.791	0.952	0.952	0.863	0.892	0.668
H1244TS345_4__H1244TS079_2	0.12	0.066	0.066	0.115	0.759	0.128
H1244TS369_5__H1244TS091_2	0.787	0.752	0.752	0.755	0.732	0.507
H1244TS380_3__H1244TS489_3	0.125	0.052	0.052	0.119	0.777	0.061
H1244TS393_1__H1244TS040_3	0.63	0.655	0.655	0.664	0.765	0.447
H1244TS393_6__H1244TS322_5	0.591	0.678	0.678	0.713	0.732	0.377
H1244TS456_4__H1244TS014_1	0.106	0.044	0.044	0.084	0.763	0.044
H1244TS468_3__H1244TS148_4	0.071	0.044	0.044	0.068	0.704	0.052
H1245TS015_5__H1245TS241_5	0.042	0.006	0.006	0.0	0.18	0.035
H1245TS028_2__H1245TS204_2	0.385	0.56	0.56	0.295	0.653	0.23
H1245TS028_3__H1245TS023_2	0.098	0.081	0.081	0.027	0.341	0.054
H1245TS040_5__H1245TS028_5	0.058	0.029	0.029	0.037	0.227	0.048
H1245TS052_3__H1245TS163_3	0.092	0.036	0.036	0.059	0.37	0.07
H1245TS052_5__H1245TS293_1	0.114	0.093	0.093	0.013	0.41	0.068
H1245TS059_4__H1245TS287_2	0.161	0.143	0.143	0.113	0.593	0.093
H1245TS075_3__H1245TS294_4	0.103	0.044	0.044	0.024	0.265	0.053
H1245TS085_2__H1245TS462_2	0.44	0.631	0.631	0.354	0.686	0.306
H1245TS085_5__H1245TS163_5	0.064	0.062	0.062	0.049	0.351	0.065
H1245TS091_1__H1245TS110_5	0.065	0.046	0.046	0.031	0.287	0.045
H1245TS091_2__H1245TS456_4	0.026	0.004	0.004	0.0	0.093	0.025
H1245TS091_4__H1245TS122_1	0.687	0.901	0.901	0.736	0.794	0.568
H1245TS117_1__H1245TS015_1	0.072	0.06	0.06	0.052	0.243	0.051
H1245TS122_1__H1245TS312_2	0.73	0.929	0.929	0.724	0.79	0.653
H1245TS122_2__H1245TS085_1	0.896	0.967	0.967	0.806	0.875	0.845
H1245TS122_2__H1245TS468_2	0.109	0.201	0.201	0.169	0.302	0.107
H1245TS122_5__H1245TS322_4	0.071	0.042	0.042	0.0	0.306	0.051
H1245TS145_1__H1245TS331_3	0.129	0.153	0.153	0.079	0.379	0.079
H1245TS145_2__H1245TS023_3	1.0	1.0	1.0	1.0	1.0	1.0
H1245TS145_3__H1245TS122_5	0.093	0.09	0.09	0.0	0.33	0.046
H1245TS148_1__H1245TS301_1	0.819	0.934	0.934	0.748	0.812	0.772
H1245TS148_3__H1245TS014_5	0.054	0.005	0.005	0.03	0.247	0.057
H1245TS148_3__H1245TS051_3	0.552	0.753	0.753	0.566	0.681	0.268
H1245TS163_2__H1245TS221_3	0.053	0.018	0.018	0.014	0.261	0.039
H1245TS163_4__H1245TS163_2	0.163	0.211	0.211	0.079	0.448	0.066
H1245TS164_4__H1245TS375_4	0.105	0.041	0.041	0.0	0.306	0.04
H1245TS167_2__H1245TS475_1	0.091	0.085	0.085	0.053	0.185	0.058
H1245TS167_3__H1245TS221_5	0.046	0.025	0.025	0.0	0.209	0.027
H1245TS171_5__H1245TS208_5	0.385	0.56	0.56	0.314	0.657	0.265
H1245TS196_4__H1245TS345_6	0.168	0.146	0.146	0.173	0.281	0.105
H1245TS198_2__H1245TS219_1	0.046	0.029	0.029	0.0	0.227	0.075
H1245TS204_2__H1245TS304_5	0.062	0.063	0.063	0.031	0.287	0.055
H1245TS204_3__H1245TS489_3	0.044	0.01	0.01	0.0	0.121	0.047
H1245TS204_4__H1245TS139_5	0.022	0.002	0.002	0.0	0.156	0.032
H1245TS204_4__H1245TS456_1	0.078	0.039	0.039	0.029	0.244	0.041
H1245TS208_1__H1245TS286_5	0.016	0.0	0.0	0.0	0.062	0.009
H1245TS208_4__H1245TS079_1	0.067	0.031	0.031	0.0	0.284	0.053
H1245TS208_4__H1245TS219_4	0.062	0.031	0.031	0.0	0.241	0.047
H1245TS219_2__H1245TS462_2	0.088	0.005	0.005	0.015	0.167	0.038
H1245TS221_1__H1245TS369_3	0.076	0.063	0.063	0.06	0.237	0.06
H1245TS221_5__H1245TS145_3	0.077	0.108	0.108	0.042	0.337	0.057
H1245TS241_4__H1245TS023_5	0.076	0.097	0.097	0.028	0.329	0.045
H1245TS262_2__H1245TS196_1	0.103	0.037	0.037	0.026	0.341	0.048
H1245TS264_2__H1245TS465_5	0.512	0.763	0.763	0.493	0.732	0.457
H1245TS264_6__H1245TS375_4	0.183	0.17	0.17	0.042	0.681	0.077
H1245TS267_1__H1245TS286_2	0.068	0.053	0.053	0.019	0.31	0.047
H1245TS267_2__H1245TS059_4	0.131	0.151	0.151	0.075	0.353	0.064
H1245TS267_2__H1245TS475_3	0.082	0.042	0.042	0.011	0.314	0.044
H1245TS267_5__H1245TS079_4	0.063	0.085	0.085	0.05	0.25	0.071
H1245TS272_1__H1245TS015_1	0.052	0.042	0.042	0.0	0.196	0.024
H1245TS272_3__H1245TS304_2	0.622	0.821	0.821	0.618	0.727	0.545
H1245TS274_4__H1245TS380_3	0.17	0.176	0.176	0.101	0.267	0.084
H1245TS286_4__H1245TS117_1	0.047	0.002	0.002	0.0	0.202	0.042
H1245TS286_5__H1245TS272_4	0.019	0.004	0.004	0.0	0.15	0.038
H1245TS287_2__H1245TS286_4	0.096	0.107	0.107	0.057	0.231	0.076
H1245TS287_3__H1245TS014_2	0.054	0.004	0.004	0.016	0.221	0.037
H1245TS290_4__H1245TS388_2	0.057	0.034	0.034	0.0	0.106	0.023
H1245TS293_5__H1245TS139_3	0.1	0.117	0.117	0.111	0.286	0.084
H1245TS294_2__H1245TS272_1	0.023	0.004	0.004	0.0	0.101	0.023
H1245TS294_3__H1245TS147_5	0.132	0.094	0.094	0.108	0.261	0.077
H1245TS294_5__H1245TS425_3	0.194	0.202	0.202	0.11	0.524	0.127
H1245TS298_4__H1245TS022_2	0.043	0.008	0.008	0.0	0.261	0.044
H1245TS298_4__H1245TS380_4	0.079	0.022	0.022	0.014	0.299	0.036
H1245TS301_4__H1245TS219_5	0.026	0.05	0.05	0.027	0.258	0.054
H1245TS304_4__H1245TS322_3	0.044	0.002	0.002	0.0	0.218	0.036
H1245TS304_5__H1245TS312_1	0.063	0.059	0.059	0.015	0.303	0.046
H1245TS311_2__H1245TS171_3	0.179	0.123	0.123	0.127	0.269	0.101
H1245TS311_4__H1245TS167_1	0.041	0.002	0.002	0.0	0.132	0.016
H1245TS312_5__H1245TS380_5	0.155	0.139	0.139	0.074	0.267	0.085
H1245TS322_2__H1245TS331_1	0.076	0.005	0.005	0.017	0.202	0.053
H1245TS322_2__H1245TS423_1	0.05	0.06	0.06	0.031	0.238	0.06
H1245TS322_3__H1245TS015_2	0.0	0.0	0.0	0.0	0.0	0.009
H1245TS323_1__H1245TS014_3	0.051	0.004	0.004	0.0	0.211	0.029
H1245TS331_4__H1245TS262_1	0.062	0.015	0.015	0.029	0.231	0.045
H1245TS345_1__H1245TS148_4	0.112	0.086	0.086	0.058	0.301	0.055
H1245TS345_3__H1245TS148_3	0.412	0.588	0.588	0.367	0.615	0.235
H1245TS345_6__H1245TS051_1	0.518	0.748	0.748	0.538	0.721	0.485
H1245TS375_2__H1245TS051_2	0.081	0.043	0.043	0.03	0.247	0.043
H1245TS375_5__H1245TS040_4	0.043	0.003	0.003	0.0	0.233	0.033
H1245TS393_6__H1245TS293_3	0.08	0.038	0.038	0.0	0.341	0.063
H1245TS423_5__H1245TS319_1	0.085	0.087	0.087	0.028	0.378	0.049
H1245TS425_3__H1245TS079_3	0.057	0.032	0.032	0.011	0.333	0.047
H1245TS450_1__H1245TS040_2	0.027	0.019	0.019	0.008	0.208	0.02
H1245TS450_4__H1245TS139_6	0.038	0.009	0.009	0.0	0.123	0.037
H1245TS450_4__H1245TS425_1	0.022	0.006	0.006	0.0	0.108	0.026
H1245TS456_3__H1245TS423_5	0.039	0.124	0.124	0.037	0.368	0.062
H1245TS456_4__H1245TS290_4	0.083	0.1	0.1	0.041	0.309	0.053
H1245TS456_4__H1245TS375_1	0.394	0.585	0.585	0.31	0.64	0.384
H1245TS462_1__H1245TS304_3	0.273	0.486	0.486	0.198	0.485	0.197
H1245TS462_4__H1245TS311_1	0.092	0.116	0.116	0.075	0.289	0.052
H1245TS462_6__H1245TS388_2	0.048	0.002	0.002	0.0	0.24	0.045
H1245TS468_4__H1245TS079_5	0.061	0.024	0.024	0.012	0.424	0.04
H1245TS475_5__H1245TS456_2	0.412	0.604	0.604	0.351	0.653	0.28
H1245TS489_2__H1245TS208_1	0.134	0.027	0.027	0.024	0.19	0.078
H1258TS023_3__H1258TS272_3	0.631	0.181	0.549	0.285	0.215	0.329
H1258TS040_5__H1258TS345_6	0.0	0.0	0.0	0.0	0.055	0.002
H1258TS051_2__H1258TS322_1	0.229	0.249	0.249	0.253	0.41	0.234
H1258TS051_4__H1258TS147_4	0.232	0.159	0.159	0.261	0.392	0.261
H1258TS051_5__H1258TS040_3	0.0	0.0	0.0	0.0	0.031	0.004
H1258TS051_5__H1258TS301_4	0.208	0.159	0.159	0.226	0.643	0.249
H1258TS052_5__H1258TS171_3	0.402	0.185	0.417	0.276	0.22	0.324
H1258TS059_1__H1258TS462_2	0.022	0.003	0.006	0.0	0.015	0.009
H1258TS059_4__H1258TS375_3	0.587	0.213	0.47	0.322	0.203	0.42
H1258TS059_5__H1258TS219_5	0.262	0.194	0.511	0.19	0.197	0.143
H1258TS079_2__H1258TS301_2	0.189	0.13	0.13	0.204	0.195	0.193
H1258TS079_4__H1258TS079_2	0.798	0.518	0.518	0.584	0.57	0.501
H1258TS091_1__H1258TS164_2	0.179	0.149	0.149	0.226	0.53	0.225
H1258TS091_2__H1258TS311_3	0.551	0.611	0.611	0.588	0.608	0.461
H1258TS091_2__H1258TS423_1	0.151	0.131	0.131	0.213	0.512	0.215
H1258TS091_3__H1258TS319_1	0.295	0.227	0.227	0.27	0.59	0.33
H1258TS091_4__H1258TS059_2	0.18	0.227	0.432	0.275	0.245	0.195
H1258TS110_4__H1258TS319_4	0.181	0.115	0.115	0.182	0.419	0.202
H1258TS122_1__H1258TS110_4	0.396	0.384	0.384	0.419	0.541	0.305
H1258TS122_4__H1258TS110_2	0.243	0.128	0.128	0.207	0.279	0.218
H1258TS139_1__H1258TS456_4	0.005	0.0	0.0	0.0	0.007	0.01
H1258TS139_3__H1258TS164_1	0.56	0.277	0.879	0.434	0.289	0.235
H1258TS145_1__H1258TS208_2	0.257	0.186	0.186	0.284	0.414	0.263
H1258TS147_1__H1258TS023_1	0.18	0.19	0.385	0.286	0.265	0.33
H1258TS148_3__H1258TS075_5	0.307	0.142	0.142	0.224	0.311	0.301
H1258TS148_5__H1258TS196_3	0.432	0.217	0.217	0.334	0.267	0.283
H1258TS163_3__H1258TS462_2	0.254	0.129	0.129	0.105	0.234	0.187
H1258TS164_1__H1258TS219_4	0.579	0.376	0.376	0.402	0.424	0.447
H1258TS164_4__H1258TS301_4	0.278	0.166	0.166	0.254	0.541	0.257
H1258TS164_5__H1258TS304_5	0.38	0.23	0.23	0.232	0.346	0.276
H1258TS167_2__H1258TS450_1	1.0	1.0	1.0	1.0	1.0	1.0
H1258TS167_3__H1258TS164_1	0.128	0.125	0.125	0.152	0.307	0.082
H1258TS191_1__H1258TS272_2	0.223	0.114	0.124	0.174	0.37	0.298
H1258TS219_2__H1258TS286_3	0.232	0.136	0.136	0.199	0.552	0.15
H1258TS219_3__H1258TS264_6	0.236	0.223	0.223	0.322	0.242	0.229
H1258TS219_5__H1258TS304_3	0.204	0.183	0.183	0.198	0.237	0.195
H1258TS221_5__H1258TS051_4	0.278	0.293	0.293	0.303	0.427	0.29
H1258TS241_5__H1258TS122_4	0.362	0.206	0.206	0.303	0.326	0.252
H1258TS261_3__H1258TS110_5	0.14	0.129	0.129	0.193	0.343	0.119
H1258TS262_2__H1258TS423_5	0.173	0.179	0.179	0.19	0.281	0.145
H1258TS264_2__H1258TS319_3	0.455	0.503	0.503	0.495	0.533	0.406
H1258TS264_2__H1258TS331_3	0.382	0.359	0.359	0.417	0.566	0.403
H1258TS264_4__H1258TS051_3	0.308	0.159	0.159	0.242	0.409	0.31
H1258TS264_4__H1258TS075_4	0.346	0.189	0.189	0.253	0.388	0.289
H1258TS264_5__H1258TS051_2	0.646	0.362	0.362	0.446	0.326	0.482
H1258TS267_4__H1258TS388_4	0.7	0.623	0.623	0.752	0.661	0.625
H1258TS272_4__H1258TS425_2	0.264	0.148	0.148	0.253	0.559	0.284
H1258TS286_3__H1258TS312_3	0.204	0.152	0.152	0.219	0.343	0.273
H1258TS286_5__H1258TS323_1	0.198	0.212	0.212	0.342	0.265	0.3
H1258TS287_1__H1258TS311_1	0.567	0.659	0.659	0.647	0.598	0.393
H1258TS287_5__H1258TS267_2	0.271	0.458	0.458	0.52	0.35	0.203
H1258TS294_3__H1258TS298_4	0.231	0.148	0.148	0.214	0.519	0.162
H1258TS294_3__H1258TS450_5	0.228	0.228	0.228	0.32	0.261	0.162
H1258TS294_5__H1258TS388_3	0.196	0.229	0.868	0.349	0.24	0.23
H1258TS298_3__H1258TS462_2	0.349	0.288	0.288	0.338	0.371	0.269
H1258TS301_1__H1258TS147_4	0.286	0.187	0.187	0.258	0.311	0.214
H1258TS301_2__H1258TS262_4	0.386	0.239	0.239	0.348	0.335	0.166
H1258TS304_5__H1258TS075_4	0.263	0.185	0.185	0.279	0.377	0.268
H1258TS311_3__H1258TS319_1	0.201	0.144	0.144	0.228	0.509	0.278
H1258TS311_3__H1258TS465_5	0.05	0.078	0.078	0.038	0.112	0.109
H1258TS312_1__H1258TS423_5	0.257	0.154	0.154	0.205	0.196	0.22
H1258TS319_2__H1258TS311_1	0.227	0.152	0.152	0.24	0.489	0.298
H1258TS319_2__H1258TS388_2	0.177	0.217	0.43	0.267	0.243	0.213
H1258TS322_4__H1258TS014_5	0.345	0.253	0.253	0.197	0.42	0.264
H1258TS331_2__H1258TS267_2	0.14	0.234	0.234	0.318	0.214	0.192
H1258TS345_1__H1258TS312_5	0.321	0.362	0.362	0.446	0.326	0.424
H1258TS369_5__H1258TS167_4	0.37	0.136	0.136	0.182	0.174	0.138
H1258TS369_5__H1258TS345_1	0.477	0.201	0.201	0.284	0.225	0.201
H1258TS388_5__H1258TS147_1	0.428	0.219	0.417	0.262	0.199	0.217
H1258TS388_5__H1258TS345_4	0.431	0.262	0.524	0.311	0.207	0.236
H1258TS393_5__H1258TS262_3	0.377	0.267	0.267	0.37	0.381	0.21
H1258TS393_5__H1258TS369_4	0.077	0.088	0.088	0.066	0.168	0.08
H1258TS393_6__H1258TS369_2	0.298	0.384	0.384	0.366	0.312	0.18
H1258TS419_1__H1258TS345_4	0.31	0.312	0.312	0.308	0.42	0.283
H1258TS419_3__H1258TS375_2	0.316	0.367	0.367	0.294	0.517	0.296
H1258TS419_4__H1258TS301_5	0.327	0.286	0.286	0.295	0.448	0.274
H1258TS419_5__H1258TS014_6	0.445	0.637	0.637	0.638	0.598	0.347
H1258TS423_1__H1258TS274_5	0.215	0.142	0.146	0.208	0.596	0.211
H1258TS425_2__H1258TS091_1	0.437	0.533	0.533	0.497	0.511	0.4
H1258TS450_3__H1258TS091_3	0.0	0.0	0.0	0.0	0.044	0.004
H1258TS456_5__H1258TS284_4	0.473	0.266	0.528	0.354	0.265	0.324
H1258TS456_5__H1258TS456_3	0.684	0.866	0.866	0.802	0.725	0.511
H1258TS465_1__H1258TS284_5	0.243	0.132	0.132	0.187	0.328	0.152
H1258TS475_1__H1258TS286_1	0.24	0.147	0.147	0.215	0.291	0.181
H1258TS475_1__H1258TS462_3	0.244	0.136	0.136	0.204	0.356	0.17
H1258TS475_2__H1258TS264_1	0.575	0.716	0.716	0.655	0.587	0.323
H1258TS475_2__H1258TS274_2	0.353	0.216	0.216	0.301	0.24	0.181
H1258TS494_1__H1258TS191_1	0.177	0.133	0.139	0.185	0.491	0.24
H1258TS494_3__H1258TS148_5	0.292	0.353	0.353	0.413	0.321	0.291
H1258TS494_4__H1258TS311_1	0.403	0.512	0.532	0.464	0.551	0.306
H1265TS028_1__H1265TS286_2	0.019	0.011	0.011	0.016	0.524	0.024
H1265TS051_1__H1265TS345_3	0.187	0.276	0.276	0.193	0.344	0.154
H1265TS075_2__H1265TS475_1	0.234	0.149	0.149	0.103	0.347	0.132
H1265TS110_1__H1265TS028_4	0.451	0.294	0.294	0.442	0.704	0.4
H1265TS147_1__H1265TS494_1	0.091	0.059	0.059	0.09	0.487	0.088
H1265TS147_3__H1265TS274_5	0.263	0.218	0.218	0.296	0.509	0.278
H1265TS147_5__H1265TS462_4	0.033	0.013	0.013	0.015	0.569	0.036
H1265TS167_2__H1265TS031_1	0.002	0.001	0.001	0.0	0.157	0.013
H1265TS221_3__H1265TS059_2	0.179	0.113	0.113	0.158	0.712	0.162
H1265TS241_3__H1265TS241_5	0.212	0.202	0.202	0.166	0.382	0.205
H1265TS241_4__H1265TS208_5	0.226	0.289	0.289	0.3	0.397	0.259
H1265TS264_1__H1265TS241_2	0.266	0.28	0.28	0.308	0.498	0.195
H1265TS264_1__H1265TS304_2	0.172	0.138	0.138	0.202	0.416	0.158
H1265TS264_5__H1265TS145_1	0.008	0.017	0.017	0.007	0.248	0.021
H1265TS264_5__H1265TS298_2	0.063	0.068	0.068	0.06	0.339	0.053
H1265TS264_6__H1265TS423_3	0.001	0.0	0.0	0.0	0.22	0.008
H1265TS286_2__H1265TS419_1	1.0	1.0	1.0	1.0	1.0	1.0
H1265TS294_3__H1265TS059_5	0.026	0.021	0.021	0.024	0.423	0.027
H1265TS304_1__H1265TS375_3	0.413	0.39	0.39	0.496	0.505	0.382
H1265TS304_2__H1265TS423_4	0.009	0.011	0.011	0.005	0.214	0.015
H1265TS304_3__H1265TS304_5	0.494	0.399	0.399	0.465	0.436	0.416
H1265TS312_4__H1265TS423_2	0.021	0.03	0.03	0.003	0.122	0.024
H1265TS319_3__H1265TS375_2	0.199	0.107	0.107	0.111	0.486	0.252
H1265TS319_5__H1265TS304_5	0.069	0.038	0.038	0.012	0.259	0.04
H1265TS345_2__H1265TS264_1	0.137	0.179	0.179	0.179	0.39	0.177
H1265TS369_4__H1265TS345_2	0.219	0.251	0.256	0.228	0.352	0.192
H1265TS375_2__H1265TS208_1	0.339	0.153	0.153	0.147	0.463	0.301
H1265TS419_5__H1265TS147_4	0.155	0.114	0.114	0.149	0.615	0.158
H1265TS494_5__H1265TS274_1	0.028	0.004	0.004	0.0	0.322	0.018
H1267TS014_2__H1267TS393_1	0.003	0.0	0.0	0.0	0.426	0.003
H1267TS014_4__H1267TS139_5	0.003	0.001	0.001	0.0	0.441	0.004
H1267TS014_5__H1267TS031_4	0.13	0.083	0.083	0.074	0.821	0.208
H1267TS022_1__H1267TS267_4	0.642	0.718	0.718	0.745	0.657	0.247
H1267TS028_4__H1267TS028_2	0.82	0.931	0.931	0.892	0.828	0.566
H1267TS031_3__H1267TS164_2	0.002	0.0	0.0	0.0	0.524	0.003
H1267TS031_5__H1267TS091_5	0.002	0.0	0.0	0.0	0.519	0.003
H1267TS051_4__H1267TS264_5	0.142	0.089	0.089	0.112	0.842	0.201
H1267TS052_4__H1267TS164_2	0.144	0.096	0.096	0.128	0.87	0.177
H1267TS075_5__H1267TS015_4	0.537	0.652	0.652	0.659	0.612	0.222
H1267TS079_2__H1267TS267_5	0.001	0.0	0.0	0.0	0.508	0.004
H1267TS079_2__H1267TS425_4	0.001	0.0	0.0	0.0	0.424	0.004
H1267TS085_4__H1267TS272_4	0.164	0.097	0.097	0.164	0.894	0.366
H1267TS085_4__H1267TS465_5	0.658	0.743	0.743	0.753	0.668	0.262
H1267TS122_3__H1267TS301_3	0.948	0.974	0.974	0.951	0.964	0.891
H1267TS139_2__H1267TS164_2	0.659	0.704	0.704	0.747	0.613	0.388
H1267TS139_3__H1267TS331_2	0.426	0.548	0.548	0.541	0.5	0.217
H1267TS145_5__H1267TS298_3	0.014	0.008	0.008	0.002	0.748	0.008
H1267TS148_1__H1267TS393_6	0.959	0.984	0.984	0.963	0.969	0.946
H1267TS163_2__H1267TS272_1	0.82	0.925	0.925	0.873	0.884	0.719
H1267TS163_5__H1267TS117_3	0.537	0.663	0.663	0.68	0.589	0.231
H1267TS164_1__H1267TS301_1	0.141	0.095	0.095	0.132	0.879	0.165
H1267TS164_5__H1267TS198_1	0.704	0.71	0.71	0.793	0.654	0.28
H1267TS171_1__H1267TS085_4	0.143	0.094	0.094	0.128	0.877	0.227
H1267TS171_4__H1267TS075_5	0.623	0.693	0.693	0.702	0.586	0.255
H1267TS191_5__H1267TS331_1	0.001	0.0	0.0	0.0	0.337	0.006
H1267TS196_2__H1267TS456_3	0.897	0.958	0.958	0.929	0.917	0.761
H1267TS204_3__H1267TS075_5	0.9	0.95	0.95	0.901	0.903	0.869
H1267TS204_5__H1267TS218_5	0.912	0.939	0.939	0.915	0.911	0.836
H1267TS208_3__H1267TS494_5	0.635	0.658	0.658	0.679	0.561	0.231
H1267TS208_5__H1267TS298_2	0.795	0.923	0.923	0.875	0.857	0.64
H1267TS219_2__H1267TS345_3	0.758	0.702	0.702	0.768	0.633	0.52
H1267TS241_4__H1267TS079_2	0.002	0.0	0.0	0.0	0.48	0.004
H1267TS264_6__H1267TS264_1	0.945	0.978	0.978	0.962	0.959	0.902
H1267TS272_1__H1267TS219_2	0.632	0.7	0.7	0.728	0.62	0.249
H1267TS272_2__H1267TS204_1	0.936	0.97	0.97	0.934	0.93	0.839
H1267TS272_3__H1267TS052_1	0.896	0.968	0.968	0.935	0.924	0.827
H1267TS272_5__H1267TS031_3	0.639	0.576	0.576	0.665	0.49	0.214
H1267TS284_1__H1267TS218_4	0.883	0.926	0.926	0.913	0.881	0.806
H1267TS287_1__H1267TS287_2	0.945	0.981	0.981	0.955	0.945	0.9
H1267TS290_3__H1267TS475_1	0.888	0.946	0.946	0.901	0.905	0.841
H1267TS290_4__H1267TS218_4	0.853	0.937	0.937	0.881	0.861	0.806
H1267TS290_5__H1267TS494_2	0.597	0.629	0.629	0.7	0.568	0.133
H1267TS293_1__H1267TS139_1	0.001	0.0	0.0	0.0	0.484	0.003
H1267TS304_2__H1267TS369_1	0.156	0.096	0.096	0.151	0.911	0.283
H1267TS304_5__H1267TS022_2	0.905	0.937	0.937	0.943	0.907	0.827
H1267TS304_5__H1267TS196_5	0.851	0.899	0.899	0.89	0.859	0.788
H1267TS311_2__H1267TS465_3	0.805	0.909	0.909	0.849	0.844	0.575
H1267TS312_3__H1267TS345_3	0.851	0.941	0.941	0.883	0.854	0.736
H1267TS312_5__H1267TS085_1	0.936	0.978	0.978	0.951	0.976	0.899
H1267TS319_1__H1267TS171_4	0.599	0.694	0.694	0.701	0.566	0.249
H1267TS319_1__H1267TS287_3	0.553	0.614	0.614	0.672	0.582	0.145
H1267TS319_5__H1267TS052_4	0.908	0.969	0.969	0.952	0.928	0.811
H1267TS322_1__H1267TS475_4	0.002	0.001	0.001	0.0	0.482	0.003
H1267TS322_4__H1267TS218_5	0.758	0.873	0.873	0.818	0.771	0.501
H1267TS331_1__H1267TS304_4	0.557	0.607	0.607	0.653	0.629	0.152
H1267TS331_3__H1267TS079_4	0.002	0.0	0.0	0.0	0.537	0.003
H1267TS345_1__H1267TS091_5	0.153	0.097	0.097	0.134	0.838	0.277
H1267TS345_4__H1267TS290_5	0.554	0.606	0.606	0.676	0.592	0.147
H1267TS345_5__H1267TS272_2	0.559	0.631	0.631	0.688	0.622	0.144
H1267TS369_3__H1267TS015_3	0.666	0.783	0.783	0.731	0.758	0.383
H1267TS369_3__H1267TS163_4	0.829	0.911	0.911	0.87	0.86	0.746
H1267TS375_5__H1267TS345_1	0.848	0.919	0.919	0.879	0.827	0.745
H1267TS380_2__H1267TS311_3	0.123	0.117	0.117	0.142	0.795	0.112
H1267TS393_2__H1267TS287_4	0.897	0.941	0.941	0.919	0.895	0.83
H1267TS425_3__H1267TS456_1	0.002	0.001	0.001	0.0	0.619	0.003
H1267TS465_3__H1267TS468_3	0.688	0.78	0.78	0.854	0.764	0.28
H1267TS468_3__H1267TS261_2	0.002	0.02	0.02	0.003	0.622	0.028
H1272TS040_1__H1272TS274_5	0.249	0.143	0.348	0.195	0.336	0.101
H1272TS059_5__H1272TS028_3	0.201	0.12	0.144	0.108	0.478	0.075
H1272TS079_2__H1272TS465_2	0.379	0.184	0.227	0.195	0.349	0.06
H1272TS163_3__H1272TS419_5	0.567	0.492	0.528	0.59	0.54	0.189
H1272TS221_2__H1272TS298_1	0.029	0.091	0.098	0.058	0.451	0.024
H1272TS286_2__H1272TS425_3	0.471	0.484	0.498	0.56	0.624	0.183
H1272TS286_3__H1272TS079_1	0.471	0.26	0.47	0.334	0.444	0.164
H1272TS319_1__H1272TS274_3	0.484	0.488	0.571	0.579	0.506	0.185
H1272TS319_3__H1272TS274_4	0.472	0.538	0.653	0.628	0.571	0.194
H1272TS388_1__H1272TS274_5	0.729	0.611	0.641	0.676	0.58	0.186
H1272TS388_2__H1272TS221_5	0.2	0.117	0.127	0.115	0.457	0.054
H1272TS388_5__H1272TS298_1	0.074	0.15	0.169	0.111	0.458	0.047
H1272TS465_2__H1272TS028_3	0.747	0.547	0.547	0.605	0.614	0.189
H1272TS465_2__H1272TS462_3	0.755	0.525	0.536	0.591	0.587	0.192
H1272TS494_1__H1272TS014_1	0.258	0.365	0.407	0.43	0.444	0.045
H1272TS494_1__H1272TS369_5	0.0	0.0	0.0	0.0	0.06	0.002
H2202TS015_3__H2202TS196_5	0.35	0.235	0.235	0.263	0.515	0.178
H2202TS028_2__H2202TS375_3	0.984	0.991	0.991	0.985	0.974	0.689
H2202TS051_1__H2202TS456_2	0.887	0.956	0.956	0.856	0.809	0.732
H2202TS052_4__H2202TS110_3	0.874	0.935	0.935	0.851	0.836	0.65
H2202TS075_1__H2202TS465_1	0.848	0.866	0.866	0.846	0.759	0.483
H2202TS075_2__H2202TS465_5	0.893	0.939	0.939	0.87	0.923	0.714
H2202TS075_3__H2202TS465_3	0.897	0.903	0.903	0.848	0.818	0.704
H2202TS079_2__H2202TS369_4	0.427	0.3	0.3	0.437	0.834	0.2
H2202TS079_4__H2202TS468_4	0.963	0.983	0.983	0.914	0.914	0.938
H2202TS091_4__H2202TS022_3	0.429	0.277	0.277	0.407	0.78	0.146
H2202TS122_4__H2202TS110_5	0.933	0.968	0.968	0.86	0.787	0.765
H2202TS148_2__H2202TS475_5	0.888	0.942	0.942	0.853	0.826	0.685
H2202TS148_5__H2202TS311_5	0.934	0.969	0.969	0.899	0.893	0.769
H2202TS196_1__H2202TS022_1	0.42	0.301	0.301	0.439	0.857	0.198
H2202TS198_2__H2202TS145_3	0.429	0.292	0.292	0.428	0.923	0.205
H2202TS198_3__H2202TS311_2	0.423	0.301	0.301	0.438	0.885	0.185
H2202TS204_4__H2202TS494_4	0.396	0.296	0.296	0.385	0.735	0.094
H2202TS221_1__H2202TS052_2	0.874	0.942	0.942	0.878	0.841	0.686
H2202TS221_1__H2202TS294_4	0.796	0.919	0.919	0.841	0.811	0.621
H2202TS221_4__H2202TS290_2	0.918	0.962	0.962	0.893	0.873	0.773
H2202TS241_4__H2202TS284_1	0.433	0.293	0.293	0.429	0.805	0.185
H2202TS262_3__H2202TS085_2	0.959	0.978	0.978	0.904	0.914	0.95
H2202TS264_5__H2202TS052_1	0.99	0.994	0.994	0.981	0.968	0.969
H2202TS267_5__H2202TS052_1	0.416	0.301	0.301	0.436	0.84	0.159
H2202TS267_5__H2202TS375_2	0.405	0.297	0.297	0.426	0.795	0.166
H2202TS284_1__H2202TS051_2	0.836	0.927	0.927	0.839	0.839	0.632
H2202TS284_4__H2202TS079_2	0.427	0.306	0.306	0.432	0.866	0.182
H2202TS286_1__H2202TS110_2	0.731	0.865	0.865	0.784	0.772	0.489
H2202TS286_4__H2202TS375_2	0.704	0.857	0.857	0.768	0.659	0.545
H2202TS286_4__H2202TS456_1	0.736	0.864	0.864	0.773	0.725	0.49
H2202TS290_2__H2202TS219_2	0.449	0.305	0.305	0.462	0.891	0.196
H2202TS290_5__H2202TS171_4	0.267	0.134	0.134	0.196	0.494	0.068
H2202TS293_2__H2202TS468_1	0.968	0.982	0.982	0.947	0.901	0.97
H2202TS298_4__H2202TS375_2	0.864	0.95	0.95	0.872	0.804	0.616
H2202TS304_2__H2202TS052_1	0.432	0.309	0.309	0.441	0.767	0.159
H2202TS311_1__H2202TS171_4	0.27	0.139	0.139	0.197	0.522	0.068
H2202TS311_4__H2202TS171_2	0.249	0.163	0.163	0.216	0.536	0.088
H2202TS322_5__H2202TS221_2	0.45	0.288	0.288	0.392	0.439	0.214
H2202TS322_5__H2202TS298_3	0.467	0.315	0.315	0.418	0.46	0.195
H2202TS388_1__H2202TS388_5	0.402	0.289	0.289	0.405	0.778	0.173
H2202TS388_1__H2202TS393_2	0.399	0.287	0.287	0.417	0.759	0.145
H2202TS450_3__H2202TS075_2	0.411	0.273	0.273	0.416	0.893	0.188
H2202TS450_4__H2202TS369_4	0.866	0.919	0.919	0.849	0.863	0.704
H2202TS456_2__H2202TS198_4	0.934	0.973	0.973	0.868	0.824	0.738
H2202TS465_3__H2202TS286_4	0.729	0.823	0.823	0.733	0.681	0.514
H2202TS468_1__H2202TS267_2	0.426	0.303	0.303	0.433	0.947	0.206
H2204TS015_4__H2204TS264_5	0.181	0.116	0.116	0.142	0.831	0.26
H2204TS028_1__H2204TS312_5	0.07	0.02	0.02	0.035	0.598	0.106
H2204TS139_3__H2204TS014_1	0.075	0.033	0.033	0.053	0.543	0.13
H2204TS139_3__H2204TS393_2	0.696	0.587	0.587	0.64	0.604	0.636
H2204TS147_4__H2204TS393_3	0.069	0.033	0.033	0.053	0.638	0.105
H2204TS163_1__H2204TS075_3	0.563	0.54	0.54	0.618	0.606	0.411
H2204TS196_4__H2204TS294_3	0.614	0.59	0.59	0.6	0.648	0.491
H2204TS198_3__H2204TS284_4	0.593	0.588	0.588	0.677	0.749	0.481
H2204TS264_1__H2204TS264_2	0.082	0.048	0.048	0.057	0.682	0.132
H2204TS293_1__H2204TS322_1	0.65	0.606	0.606	0.68	0.715	0.519
H2204TS294_1__H2204TS163_5	0.119	0.068	0.068	0.084	0.771	0.133
H2204TS294_1__H2204TS304_3	0.675	0.535	0.535	0.63	0.737	0.526
H2204TS304_3__H2204TS145_3	0.093	0.049	0.049	0.048	0.674	0.121
H2204TS311_5__H2204TS456_4	0.108	0.062	0.062	0.082	0.629	0.189
H2204TS375_4__H2204TS369_5	0.172	0.147	0.147	0.175	0.801	0.247
H2204TS375_5__H2204TS456_4	0.574	0.521	0.521	0.553	0.668	0.604
H2204TS393_2__H2204TS028_3	0.646	0.635	0.635	0.695	0.673	0.542
H2204TS423_4__H2204TS311_3	0.08	0.02	0.02	0.031	0.693	0.1
H2204TS456_3__H2204TS369_2	0.659	0.55	0.55	0.578	0.731	0.463
H2204TS456_4__H2204TS423_3	0.662	0.584	0.584	0.599	0.673	0.468
H2204TS462_1__H2204TS164_5	0.7	0.585	0.585	0.659	0.657	0.683
H2204TS462_2__H2204TS059_5	0.066	0.026	0.027	0.043	0.555	0.132
H2204TS475_2__H2204TS462_4	0.644	0.594	0.594	0.679	0.682	0.54
H2204TS489_1__H2204TS274_3	0.591	0.52	0.52	0.51	0.551	0.509
H2204TS489_5__H2204TS262_2	0.66	0.561	0.561	0.654	0.592	0.654
H2208TS008_2__H2208TS241_2	0.753	0.841	0.841	0.731	0.782	0.684
H2208TS014_2__H2208TS014_5	0.964	0.984	0.984	0.961	0.949	0.949
H2208TS014_2__H2208TS091_2	0.764	0.854	0.854	0.789	0.79	0.586
H2208TS015_4__H2208TS284_3	0.775	0.881	0.881	0.789	0.764	0.422
H2208TS023_2__H2208TS304_4	0.778	0.843	0.843	0.81	0.848	0.618
H2208TS023_5__H2208TS293_2	0.885	0.864	0.864	0.807	0.823	0.712
H2208TS028_2__H2208TS294_5	0.75	0.873	0.873	0.817	0.893	0.818
H2208TS051_1__H2208TS145_1	0.844	0.928	0.928	0.872	0.854	0.752
H2208TS052_3__H2208TS198_5	0.852	0.929	0.929	0.875	0.803	0.79
H2208TS059_1__H2208TS075_2	0.854	0.968	0.968	0.891	0.891	0.9
H2208TS075_1__H2208TS450_5	0.786	0.817	0.817	0.733	0.806	0.666
H2208TS075_3__H2208TS345_4	0.914	0.954	0.954	0.877	0.87	0.904
H2208TS085_1__H2208TS014_2	0.885	0.921	0.921	0.882	0.904	0.891
H2208TS085_1__H2208TS301_4	0.762	0.84	0.84	0.776	0.815	0.569
H2208TS085_1__H2208TS393_6	0.888	0.943	0.943	0.912	0.875	0.583
H2208TS085_4__H2208TS423_2	0.802	0.873	0.873	0.812	0.879	0.611
H2208TS091_1__H2208TS059_1	0.732	0.83	0.83	0.75	0.802	0.61
H2208TS091_1__H2208TS139_2	0.629	0.795	0.795	0.713	0.739	0.599
H2208TS091_3__H2208TS393_6	0.638	0.757	0.757	0.659	0.725	0.597
H2208TS091_3__H2208TS465_1	0.642	0.759	0.759	0.676	0.738	0.515
H2208TS122_2__H2208TS204_2	0.831	0.884	0.884	0.817	0.833	0.738
H2208TS139_1__H2208TS145_2	0.684	0.817	0.817	0.692	0.769	0.558
H2208TS139_2__H2208TS014_4	0.664	0.811	0.811	0.653	0.699	0.643
H2208TS139_4__H2208TS110_4	0.682	0.807	0.807	0.696	0.813	0.628
H2208TS139_6__H2208TS369_1	0.758	0.835	0.835	0.775	0.815	0.701
H2208TS147_5__H2208TS022_4	0.702	0.851	0.851	0.711	0.777	0.62
H2208TS148_4__H2208TS290_5	0.898	0.918	0.918	0.882	0.898	0.837
H2208TS148_5__H2208TS465_5	0.031	0.034	0.034	0.024	0.338	0.02
H2208TS163_1__H2208TS456_3	0.836	0.892	0.892	0.824	0.807	0.568
H2208TS163_5__H2208TS052_3	0.8	0.853	0.853	0.809	0.777	0.547
H2208TS163_5__H2208TS375_2	0.798	0.847	0.847	0.808	0.822	0.573
H2208TS164_2__H2208TS369_3	0.758	0.831	0.831	0.763	0.779	0.568
H2208TS171_5__H2208TS293_4	0.845	0.904	0.904	0.837	0.886	0.621
H2208TS196_2__H2208TS393_4	0.874	0.892	0.892	0.844	0.859	0.792
H2208TS196_3__H2208TS079_1	0.847	0.851	0.851	0.777	0.835	0.734
H2208TS196_5__H2208TS014_5	0.839	0.852	0.852	0.787	0.819	0.712
H2208TS198_1__H2208TS085_2	0.894	0.938	0.938	0.906	0.935	0.851
H2208TS198_1__H2208TS274_3	0.746	0.83	0.83	0.751	0.812	0.701
H2208TS198_4__H2208TS290_5	0.891	0.941	0.941	0.914	0.913	0.885
H2208TS204_2__H2208TS023_5	0.858	0.932	0.932	0.865	0.886	0.719
H2208TS204_3__H2208TS262_2	0.794	0.856	0.856	0.789	0.844	0.725
H2208TS204_3__H2208TS312_4	0.771	0.865	0.865	0.794	0.794	0.705
H2208TS204_4__H2208TS014_4	0.806	0.864	0.864	0.758	0.8	0.712
H2208TS208_3__H2208TS462_4	0.776	0.847	0.847	0.74	0.785	0.688
H2208TS208_3__H2208TS465_3	0.532	0.467	0.467	0.435	0.479	0.2
H2208TS221_2__H2208TS264_2	0.81	0.857	0.857	0.814	0.827	0.543
H2208TS221_3__H2208TS301_5	0.788	0.856	0.856	0.786	0.807	0.766
H2208TS241_3__H2208TS298_3	0.942	0.971	0.971	0.931	0.915	0.911
H2208TS241_3__H2208TS489_3	0.764	0.86	0.86	0.816	0.865	0.662
H2208TS261_1__H2208TS171_2	0.663	0.821	0.821	0.692	0.753	0.535
H2208TS261_3__H2208TS204_1	0.623	0.8	0.8	0.681	0.752	0.454
H2208TS261_4__H2208TS241_3	0.638	0.816	0.816	0.702	0.837	0.456
H2208TS262_1__H2208TS369_1	0.714	0.822	0.822	0.754	0.769	0.569
H2208TS262_4__H2208TS375_5	0.803	0.887	0.887	0.815	0.835	0.6
H2208TS262_5__H2208TS393_6	0.765	0.865	0.865	0.788	0.773	0.529
H2208TS264_3__H2208TS164_5	0.875	0.902	0.902	0.85	0.859	0.841
H2208TS267_5__H2208TS419_4	0.819	0.855	0.855	0.83	0.853	0.718
H2208TS272_1__H2208TS284_5	0.015	0.0	0.0	0.0	0.238	0.011
H2208TS272_2__H2208TS450_2	0.813	0.896	0.896	0.822	0.796	0.758
H2208TS274_2__H2208TS028_4	0.776	0.878	0.878	0.771	0.812	0.705
H2208TS286_5__H2208TS110_2	0.749	0.887	0.887	0.786	0.831	0.596
H2208TS290_1__H2208TS419_5	0.852	0.898	0.898	0.86	0.912	0.592
H2208TS290_3__H2208TS196_5	0.819	0.85	0.85	0.828	0.853	0.69
H2208TS290_5__H2208TS462_6	0.871	0.92	0.92	0.869	0.898	0.802
H2208TS293_2__H2208TS059_3	0.757	0.825	0.825	0.762	0.763	0.632
H2208TS298_1__H2208TS274_4	0.677	0.826	0.826	0.704	0.809	0.687
H2208TS298_2__H2208TS272_6	0.816	0.902	0.902	0.806	0.858	0.779
H2208TS304_1__H2208TS272_5	0.723	0.859	0.859	0.796	0.852	0.699
H2208TS304_3__H2208TS164_5	0.788	0.832	0.832	0.768	0.818	0.675
H2208TS304_3__H2208TS456_3	0.814	0.86	0.86	0.821	0.842	0.633
H2208TS304_4__H2208TS075_2	0.78	0.893	0.893	0.869	0.919	0.818
H2208TS304_4__H2208TS465_4	0.061	0.077	0.077	0.033	0.469	0.03
H2208TS304_4__H2208TS494_4	0.767	0.892	0.892	0.797	0.86	0.788
H2208TS304_5__H2208TS145_1	0.794	0.848	0.848	0.78	0.812	0.676
H2208TS304_5__H2208TS311_4	0.753	0.794	0.794	0.717	0.786	0.639
H2208TS322_3__H2208TS311_2	0.497	0.532	0.532	0.433	0.568	0.248
H2208TS322_4__H2208TS267_4	0.503	0.465	0.465	0.431	0.47	0.205
H2208TS322_5__H2208TS022_4	0.504	0.485	0.485	0.391	0.563	0.19
H2208TS345_3__H2208TS423_2	0.811	0.892	0.892	0.8	0.865	0.814
H2208TS375_3__H2208TS023_5	0.85	0.916	0.916	0.877	0.9	0.682
H2208TS380_2__H2208TS008_3	0.689	0.705	0.705	0.69	0.764	0.527
H2208TS380_4__H2208TS304_2	0.803	0.799	0.799	0.771	0.778	0.501
H2208TS393_3__H2208TS423_5	0.875	0.969	0.969	0.917	0.926	0.906
H2208TS423_2__H2208TS015_2	0.607	0.71	0.71	0.592	0.753	0.544
H2208TS423_3__H2208TS345_5	0.939	0.96	0.96	0.907	0.919	0.914
H2208TS450_2__H2208TS208_4	0.681	0.806	0.806	0.708	0.75	0.65
H2208TS456_3__H2208TS261_5	0.649	0.823	0.823	0.676	0.734	0.574
H2208TS462_3__H2208TS218_1	0.567	0.78	0.78	0.674	0.769	0.53
H2208TS462_3__H2208TS375_4	0.827	0.898	0.898	0.83	0.848	0.612
H2208TS462_5__H2208TS219_1	0.884	0.971	0.971	0.881	0.9	0.923
H2208TS462_6__H2208TS393_3	0.901	0.935	0.935	0.886	0.873	0.855
H2208TS465_1__H2208TS465_5	0.03	0.037	0.037	0.03	0.327	0.019
H2208TS465_2__H2208TS148_4	0.392	0.481	0.481	0.422	0.56	0.213
H2208TS465_2__H2208TS286_2	0.411	0.497	0.497	0.428	0.556	0.207
H2208TS475_3__H2208TS208_5	0.88	0.95	0.95	0.87	0.895	0.829
H2208TS489_1__H2208TS312_5	0.75	0.857	0.857	0.753	0.79	0.636
H2208TS494_2__H2208TS301_5	0.76	0.866	0.866	0.793	0.848	0.698
H2213TS014_3__H2213TS196_5	0.864	0.959	0.959	0.895	0.853	0.712
H2213TS014_5__H2213TS052_1	0.766	0.886	0.904	0.792	0.751	0.65
H2213TS014_6__H2213TS462_1	0.808	0.923	0.923	0.835	0.82	0.668
H2213TS015_2__H2213TS462_6	0.739	0.831	0.831	0.755	0.772	0.521
H2213TS015_4__H2213TS085_2	0.706	0.64	0.64	0.68	0.608	0.503
H2213TS015_4__H2213TS388_5	0.784	0.658	0.658	0.738	0.614	0.578
H2213TS022_4__H2213TS293_1	0.769	0.848	0.848	0.806	0.717	0.611
H2213TS023_1__H2213TS274_1	0.735	0.868	0.868	0.738	0.74	0.556
H2213TS040_1__H2213TS196_3	0.442	0.576	0.576	0.547	0.591	0.432
H2213TS040_5__H2213TS147_2	0.462	0.591	0.591	0.56	0.563	0.408
H2213TS040_5__H2213TS221_4	0.44	0.591	0.591	0.556	0.546	0.35
H2213TS051_1__H2213TS311_1	0.633	0.808	0.808	0.761	0.718	0.428
H2213TS051_2__H2213TS274_3	0.752	0.885	0.885	0.79	0.779	0.609
H2213TS052_2__H2213TS462_2	0.779	0.884	0.884	0.82	0.75	0.548
H2213TS059_4__H2213TS051_3	0.591	0.674	0.674	0.61	0.59	0.485
H2213TS059_5__H2213TS294_3	0.813	0.891	0.891	0.879	0.824	0.523
H2213TS075_4__H2213TS301_5	0.823	0.825	0.825	0.847	0.791	0.591
H2213TS075_5__H2213TS489_4	0.723	0.846	0.846	0.775	0.743	0.513
H2213TS079_1__H2213TS462_6	0.919	0.951	0.951	0.893	0.872	0.701
H2213TS085_5__H2213TS051_1	0.842	0.912	0.912	0.835	0.781	0.619
H2213TS091_5__H2213TS085_2	0.728	0.884	0.884	0.786	0.764	0.527
H2213TS110_4__H2213TS419_1	0.844	0.918	0.918	0.855	0.875	0.65
H2213TS145_1__H2213TS198_2	0.916	0.953	0.953	0.924	0.911	0.788
H2213TS147_4__H2213TS040_3	0.717	0.855	0.855	0.741	0.755	0.622
H2213TS148_5__H2213TS059_1	0.736	0.817	0.817	0.738	0.755	0.581
H2213TS163_1__H2213TS028_5	0.901	0.957	0.957	0.918	0.879	0.762
H2213TS163_5__H2213TS290_3	0.804	0.9	0.9	0.828	0.829	0.659
H2213TS164_1__H2213TS369_1	0.728	0.771	0.771	0.719	0.65	0.498
H2213TS164_4__H2213TS375_3	0.605	0.554	0.554	0.584	0.519	0.393
H2213TS164_5__H2213TS196_2	0.273	0.27	0.27	0.335	0.381	0.289
H2213TS196_2__H2213TS204_3	0.823	0.844	0.844	0.794	0.731	0.567
H2213TS196_2__H2213TS475_3	0.811	0.81	0.81	0.775	0.719	0.532
H2213TS198_1__H2213TS196_5	0.885	0.965	0.965	0.917	0.878	0.786
H2213TS204_5__H2213TS489_2	0.761	0.885	0.885	0.826	0.771	0.615
H2213TS219_1__H2213TS219_2	0.723	0.827	0.827	0.777	0.76	0.42
H2213TS219_3__H2213TS312_2	0.828	0.824	0.824	0.793	0.776	0.393
H2213TS221_5__H2213TS294_1	0.746	0.827	0.827	0.751	0.708	0.591
H2213TS261_1__H2213TS388_2	0.408	0.568	0.568	0.507	0.548	0.3
H2213TS262_3__H2213TS322_3	0.744	0.804	0.804	0.791	0.775	0.549
H2213TS267_2__H2213TS494_2	0.748	0.897	0.897	0.825	0.778	0.602
H2213TS272_5__H2213TS148_2	0.498	0.585	0.585	0.53	0.617	0.325
H2213TS272_5__H2213TS204_1	0.559	0.612	0.612	0.561	0.639	0.442
H2213TS274_1__H2213TS023_2	0.778	0.915	0.915	0.822	0.818	0.679
H2213TS274_3__H2213TS462_3	0.814	0.918	0.918	0.835	0.796	0.698
H2213TS274_4__H2213TS261_3	0.463	0.529	0.529	0.492	0.545	0.266
H2213TS274_5__H2213TS489_1	0.815	0.916	0.916	0.823	0.81	0.759
H2213TS284_1__H2213TS147_3	0.815	0.892	0.892	0.853	0.828	0.603
H2213TS284_1__H2213TS298_2	0.731	0.866	0.866	0.79	0.785	0.598
H2213TS284_1__H2213TS494_2	0.736	0.882	0.882	0.805	0.794	0.65
H2213TS284_2__H2213TS286_2	0.724	0.886	0.886	0.786	0.769	0.606
H2213TS286_1__H2213TS022_2	0.719	0.874	0.904	0.745	0.722	0.714
H2213TS286_2__H2213TS040_1	0.563	0.602	0.602	0.552	0.587	0.429
H2213TS293_4__H2213TS059_5	0.87	0.923	0.923	0.878	0.843	0.684
H2213TS294_1__H2213TS219_1	0.597	0.773	0.773	0.723	0.69	0.468
H2213TS294_3__H2213TS059_4	0.711	0.762	0.762	0.709	0.661	0.435
H2213TS294_3__H2213TS345_1	0.714	0.805	0.805	0.744	0.692	0.506
H2213TS294_4__H2213TS388_2	0.627	0.776	0.776	0.676	0.64	0.493
H2213TS294_5__H2213TS264_4	0.742	0.839	0.839	0.77	0.731	0.57
H2213TS298_2__H2213TS311_1	0.792	0.901	0.901	0.85	0.823	0.551
H2213TS301_1__H2213TS489_1	0.765	0.859	0.859	0.808	0.765	0.587
H2213TS301_3__H2213TS294_2	0.896	0.957	0.957	0.917	0.896	0.842
H2213TS304_1__H2213TS294_1	0.806	0.933	0.933	0.857	0.823	0.79
H2213TS304_2__H2213TS218_1	0.703	0.811	0.811	0.788	0.718	0.535
H2213TS311_1__H2213TS051_3	0.726	0.79	0.79	0.757	0.7	0.501
H2213TS311_2__H2213TS091_5	0.718	0.869	0.869	0.767	0.747	0.514
H2213TS312_2__H2213TS311_3	0.725	0.857	0.857	0.774	0.789	0.547
H2213TS312_4__H2213TS163_3	0.783	0.903	0.903	0.822	0.809	0.719
H2213TS312_5__H2213TS311_4	0.805	0.876	0.876	0.821	0.749	0.664
H2213TS322_5__H2213TS267_3	0.71	0.572	0.572	0.607	0.537	0.438
H2213TS369_5__H2213TS148_5	0.323	0.281	0.281	0.369	0.385	0.276
H2213TS369_5__H2213TS345_5	0.136	0.079	0.079	0.096	0.256	0.061
H2213TS375_1__H2213TS079_5	0.728	0.887	0.887	0.806	0.745	0.623
H2213TS380_5__H2213TS198_4	0.887	0.944	0.944	0.882	0.854	0.744
H2213TS388_3__H2213TS052_4	0.572	0.695	0.695	0.684	0.644	0.511
H2213TS388_3__H2213TS311_2	0.541	0.645	0.645	0.623	0.607	0.441
H2213TS393_4__H2213TS196_1	0.836	0.953	0.953	0.874	0.857	0.679
H2213TS393_4__H2213TS284_5	0.894	0.914	0.914	0.879	0.83	0.688
H2213TS393_6__H2213TS380_4	0.394	0.436	0.436	0.474	0.549	0.273
H2213TS419_2__H2213TS462_2	0.885	0.963	0.963	0.881	0.831	0.699
H2213TS419_3__H2213TS059_2	0.786	0.898	0.898	0.817	0.819	0.654
H2213TS450_2__H2213TS286_2	0.747	0.896	0.896	0.791	0.776	0.648
H2213TS456_3__H2213TS393_4	0.77	0.788	0.788	0.724	0.682	0.503
H2213TS475_1__H2213TS262_3	0.676	0.77	0.77	0.747	0.688	0.421
H2213TS494_1__H2213TS423_4	0.638	0.846	0.846	0.738	0.715	0.504
H2215TS014_6__H2215TS456_5	0.18	0.158	0.158	0.206	0.534	0.115
H2215TS023_3__H2215TS293_4	0.036	0.012	0.012	0.0	0.147	0.012
H2215TS023_5__H2215TS423_3	0.03	0.014	0.014	0.0	0.205	0.015
H2215TS028_4__H2215TS196_4	0.07	0.047	0.047	0.018	0.247	0.024
H2215TS051_2__H2215TS208_2	0.077	0.082	0.082	0.0	0.205	0.018
H2215TS052_4__H2215TS145_5	0.038	0.001	0.001	0.0	0.198	0.013
H2215TS052_5__H2215TS388_4	0.011	0.0	0.0	0.0	0.088	0.009
H2215TS091_2__H2215TS369_4	0.002	0.0	0.0	0.0	0.122	0.011
H2215TS091_4__H2215TS304_4	0.179	0.168	0.168	0.17	0.475	0.101
H2215TS110_2__H2215TS139_6	0.034	0.015	0.015	0.0	0.167	0.014
H2215TS110_5__H2215TS028_5	0.879	0.866	0.866	0.846	0.845	0.748
H2215TS139_1__H2215TS284_4	0.203	0.249	0.249	0.219	0.476	0.183
H2215TS139_3__H2215TS388_5	0.087	0.042	0.042	0.039	0.242	0.05
H2215TS163_3__H2215TS419_5	0.86	0.807	0.807	0.774	0.696	0.603
H2215TS164_1__H2215TS075_3	0.002	0.0	0.0	0.0	0.266	0.008
H2215TS164_2__H2215TS419_3	0.328	0.541	0.541	0.274	0.507	0.389
H2215TS187_1__H2215TS462_1	0.059	0.01	0.01	0.0	0.205	0.02
H2215TS196_1__H2215TS380_5	0.064	0.052	0.052	0.0	0.125	0.018
H2215TS196_3__H2215TS171_2	0.034	0.0	0.0	0.0	0.172	0.016
H2215TS198_5__H2215TS015_2	0.112	0.019	0.019	0.0	0.247	0.043
H2215TS198_5__H2215TS267_5	0.009	0.0	0.0	0.0	0.209	0.014
H2215TS208_5__H2215TS145_5	0.048	0.01	0.01	0.0	0.247	0.015
H2215TS219_5__H2215TS264_5	0.005	0.0	0.0	0.0	0.118	0.01
H2215TS219_5__H2215TS284_5	0.001	0.0	0.0	0.0	0.087	0.009
H2215TS219_5__H2215TS345_1	0.048	0.0	0.0	0.0	0.164	0.023
H2215TS221_2__H2215TS040_1	0.0	0.0	0.0	0.0	0.032	0.009
H2215TS221_4__H2215TS079_2	0.007	0.0	0.0	0.0	0.203	0.01
H2215TS241_2__H2215TS139_2	0.017	0.0	0.0	0.0	0.193	0.01
H2215TS241_3__H2215TS147_1	0.274	0.196	0.196	0.196	0.414	0.17
H2215TS264_5__H2215TS423_3	0.025	0.009	0.009	0.0	0.217	0.016
H2215TS267_3__H2215TS040_1	0.006	0.0	0.0	0.0	0.02	0.012
H2215TS272_1__H2215TS462_4	0.027	0.014	0.014	0.0	0.283	0.009
H2215TS272_6__H2215TS261_1	0.222	0.254	0.254	0.137	0.443	0.168
H2215TS284_1__H2215TS462_5	0.222	0.292	0.292	0.125	0.451	0.158
H2215TS284_2__H2215TS304_3	0.116	0.118	0.118	0.088	0.464	0.078
H2215TS284_4__H2215TS139_5	0.009	0.0	0.0	0.0	0.13	0.019
H2215TS293_4__H2215TS322_2	0.071	0.007	0.007	0.0	0.286	0.043
H2215TS298_2__H2215TS450_1	0.051	0.024	0.024	0.0	0.217	0.014
H2215TS301_4__H2215TS312_4	0.025	0.0	0.0	0.0	0.118	0.011
H2215TS311_3__H2215TS290_1	0.005	0.0	0.0	0.0	0.138	0.011
H2215TS312_3__H2215TS241_1	0.013	0.0	0.0	0.0	0.122	0.01
H2215TS322_2__H2215TS262_2	0.777	0.851	0.851	0.785	0.763	0.836
H2215TS322_4__H2215TS163_3	0.006	0.0	0.0	0.0	0.224	0.008
H2215TS345_2__H2215TS380_5	0.173	0.274	0.274	0.101	0.321	0.143
H2215TS345_5__H2215TS196_2	0.022	0.0	0.0	0.0	0.217	0.01
H2215TS369_2__H2215TS221_1	0.099	0.009	0.009	0.0	0.198	0.032
H2215TS369_5__H2215TS286_3	0.055	0.023	0.023	0.0	0.182	0.017
H2215TS380_3__H2215TS462_6	0.002	0.0	0.0	0.0	0.212	0.007
H2215TS380_4__H2215TS301_3	0.05	0.032	0.032	0.028	0.222	0.028
H2215TS380_4__H2215TS369_5	0.157	0.219	0.219	0.071	0.346	0.058
H2215TS388_2__H2215TS221_1	0.085	0.012	0.012	0.0	0.169	0.031
H2215TS388_2__H2215TS419_2	0.081	0.016	0.016	0.0	0.188	0.023
H2215TS393_6__H2215TS293_5	0.012	0.0	0.0	0.0	0.114	0.008
H2215TS419_1__H2215TS059_5	0.003	0.0	0.0	0.0	0.1	0.015
H2215TS450_2__H2215TS312_1	0.063	0.015	0.015	0.0	0.303	0.022
H2215TS450_5__H2215TS059_6	0.018	0.009	0.009	0.0	0.18	0.023
H2215TS462_4__H2215TS145_1	0.064	0.002	0.002	0.0	0.193	0.019
H2215TS465_1__H2215TS075_3	0.002	0.0	0.0	0.0	0.262	0.008
H2215TS465_2__H2215TS079_3	0.062	0.005	0.005	0.0	0.25	0.044
H2215TS465_2__H2215TS221_5	0.002	0.0	0.0	0.0	0.21	0.009
H2215TS465_4__H2215TS171_4	0.201	0.099	0.099	0.132	0.338	0.117
H2217TS008_1__H2217TS122_3	0.231	0.186	0.211	0.251	0.56	0.409
H2217TS022_1__H2217TS293_5	0.185	0.041	0.066	0.063	0.432	0.382
H2217TS022_4__H2217TS085_4	0.645	0.585	0.627	0.63	0.726	0.66
H2217TS028_4__H2217TS298_1	0.526	0.589	0.589	0.591	0.556	0.386
H2217TS051_2__H2217TS298_3	0.529	0.66	0.66	0.637	0.614	0.397
H2217TS051_2__H2217TS298_5	0.529	0.658	0.658	0.634	0.6	0.406
H2217TS052_1__H2217TS261_4	0.069	0.077	0.091	0.063	0.416	0.117
H2217TS052_5__H2217TS312_5	0.829	0.741	0.825	0.794	0.659	0.775
H2217TS059_4__H2217TS221_5	0.318	0.215	0.228	0.302	0.622	0.268
H2217TS079_2__H2217TS304_4	0.369	0.196	0.196	0.283	0.552	0.317
H2217TS079_4__H2217TS085_3	0.733	0.127	0.127	0.185	0.507	0.46
H2217TS079_5__H2217TS164_1	0.191	0.042	0.042	0.063	0.47	0.399
H2217TS110_1__H2217TS345_3	0.213	0.132	0.132	0.143	0.4	0.168
H2217TS122_4__H2217TS274_5	0.798	0.821	0.821	0.863	0.788	0.775
H2217TS145_2__H2217TS147_3	0.79	0.281	0.782	0.378	0.255	0.582
H2217TS145_2__H2217TS369_1	0.797	0.636	0.636	0.701	0.667	0.599
H2217TS145_4__H2217TS198_5	0.524	0.402	0.402	0.388	0.484	0.36
H2217TS148_1__H2217TS028_3	0.702	0.592	0.641	0.59	0.576	0.558
H2217TS163_5__H2217TS294_3	0.648	0.504	0.586	0.61	0.653	0.47
H2217TS164_1__H2217TS008_2	0.642	0.501	0.587	0.596	0.65	0.534
H2217TS196_3__H2217TS284_2	0.683	0.286	0.559	0.374	0.274	0.418
H2217TS196_5__H2217TS145_4	0.813	0.838	0.838	0.798	0.772	0.565
H2217TS204_2__H2217TS489_3	0.113	0.079	0.079	0.113	0.55	0.224
H2217TS219_1__H2217TS286_4	0.12	0.061	0.061	0.035	0.258	0.091
H2217TS221_4__H2217TS298_2	0.507	0.622	0.622	0.586	0.575	0.381
H2217TS241_1__H2217TS163_2	0.504	0.393	0.532	0.492	0.52	0.384
H2217TS262_1__H2217TS008_5	0.449	0.431	0.476	0.495	0.529	0.447
H2217TS262_1__H2217TS294_2	0.593	0.616	0.616	0.646	0.603	0.457
H2217TS267_2__H2217TS262_4	0.756	0.634	0.645	0.653	0.588	0.537
H2217TS272_1__H2217TS008_2	0.727	0.62	0.633	0.665	0.624	0.715
H2217TS272_1__H2217TS085_4	0.371	0.347	0.347	0.411	0.682	0.225
H2217TS272_2__H2217TS293_2	0.307	0.235	0.235	0.34	0.651	0.283
H2217TS274_3__H2217TS274_1	0.844	0.779	0.779	0.85	0.797	0.842
H2217TS284_2__H2217TS301_4	0.829	0.838	0.838	0.854	0.803	0.71
H2217TS298_2__H2217TS393_4	0.638	0.691	0.744	0.617	0.632	0.535
H2217TS304_2__H2217TS293_2	0.333	0.259	0.259	0.351	0.664	0.282
H2217TS304_2__H2217TS489_3	0.159	0.107	0.107	0.146	0.67	0.248
H2217TS345_1__H2217TS494_1	0.237	0.203	0.22	0.282	0.586	0.434
H2217TS369_5__H2217TS023_5	0.342	0.094	0.235	0.146	0.247	0.23
H2217TS419_5__H2217TS345_3	0.297	0.157	0.157	0.159	0.366	0.209
H2217TS456_1__H2217TS345_1	0.675	0.56	0.621	0.652	0.687	0.557
H2217TS462_2__H2217TS345_2	0.62	0.697	0.697	0.696	0.644	0.438
H2217TS489_2__H2217TS293_1	0.478	0.359	0.359	0.472	0.818	0.397
H2220TS008_1__H2220TS219_4	0.299	0.349	0.349	0.396	0.55	0.104
H2220TS008_5__H2220TS075_1	0.443	0.349	0.349	0.407	0.627	0.12
H2220TS014_2__H2220TS221_3	0.487	0.364	0.364	0.436	0.39	0.145
H2220TS014_3__H2220TS241_5	0.517	0.458	0.458	0.536	0.518	0.135
H2220TS014_4__H2220TS311_4	0.714	0.655	0.655	0.684	0.618	0.27
H2220TS015_5__H2220TS494_5	0.355	0.344	0.35	0.391	0.413	0.149
H2220TS022_2__H2220TS262_5	0.257	0.162	0.32	0.094	0.294	0.177
H2220TS022_5__H2220TS196_1	0.238	0.229	0.27	0.106	0.466	0.043
H2220TS023_2__H2220TS286_4	0.333	0.336	0.399	0.163	0.542	0.166
H2220TS023_4__H2220TS110_5	0.328	0.391	0.424	0.268	0.656	0.198
H2220TS023_4__H2220TS267_5	0.709	0.58	0.785	0.593	0.572	0.322
H2220TS028_1__H2220TS022_4	0.51	0.575	0.857	0.627	0.574	0.38
H2220TS028_5__H2220TS494_4	0.431	0.466	0.516	0.453	0.547	0.138
H2220TS052_2__H2220TS286_2	0.254	0.152	0.345	0.094	0.243	0.22
H2220TS052_3__H2220TS489_4	0.242	0.273	0.285	0.172	0.487	0.072
H2220TS059_2__H2220TS198_1	0.699	0.595	0.798	0.623	0.504	0.407
H2220TS059_3__H2220TS147_3	0.828	0.628	0.88	0.658	0.572	0.506
H2220TS075_3__H2220TS015_5	0.336	0.27	0.27	0.313	0.415	0.093
H2220TS075_4__H2220TS311_3	0.219	0.255	0.255	0.132	0.597	0.054
H2220TS079_2__H2220TS196_5	0.445	0.211	0.211	0.263	0.302	0.118
H2220TS079_2__H2220TS204_1	0.701	0.657	0.657	0.664	0.607	0.21
H2220TS079_4__H2220TS163_4	0.199	0.235	0.474	0.195	0.335	0.27
H2220TS085_1__H2220TS322_1	0.324	0.361	0.361	0.349	0.564	0.151
H2220TS085_4__H2220TS322_2	0.352	0.469	0.469	0.407	0.675	0.182
H2220TS085_5__H2220TS298_4	0.486	0.445	0.445	0.512	0.485	0.146
H2220TS091_3__H2220TS290_1	0.263	0.332	0.332	0.311	0.475	0.088
H2220TS110_1__H2220TS079_5	0.492	0.577	0.577	0.645	0.605	0.119
H2220TS110_1__H2220TS462_4	0.257	0.329	0.329	0.237	0.645	0.084
H2220TS139_2__H2220TS085_2	0.613	0.56	0.729	0.606	0.508	0.367
H2220TS139_2__H2220TS286_2	0.65	0.574	0.704	0.615	0.603	0.371
H2220TS139_3__H2220TS085_1	0.628	0.557	0.763	0.582	0.483	0.379
H2220TS139_3__H2220TS274_2	0.608	0.548	0.745	0.561	0.499	0.268
H2220TS139_4__H2220TS274_2	0.629	0.574	0.791	0.582	0.498	0.309
H2220TS145_3__H2220TS388_3	0.299	0.439	0.627	0.347	0.302	0.301
H2220TS147_3__H2220TS052_3	0.291	0.291	0.291	0.148	0.623	0.114
H2220TS147_5__H2220TS494_5	0.264	0.345	0.353	0.229	0.608	0.104
H2220TS148_4__H2220TS345_5	0.312	0.338	0.338	0.252	0.599	0.126
H2220TS148_5__H2220TS079_5	0.492	0.577	0.577	0.645	0.605	0.119
H2220TS163_1__H2220TS287_3	0.472	0.174	0.467	0.145	0.263	0.366
H2220TS163_4__H2220TS419_2	0.471	0.179	0.465	0.166	0.272	0.357
H2220TS163_5__H2220TS023_1	0.806	0.427	0.934	0.523	0.402	0.685
H2220TS196_5__H2220TS022_4	0.228	0.199	0.243	0.247	0.308	0.151
H2220TS198_1__H2220TS388_3	0.464	0.609	0.821	0.629	0.504	0.389
H2220TS198_2__H2220TS393_2	0.423	0.442	0.442	0.443	0.401	0.193
H2220TS204_2__H2220TS059_5	0.376	0.471	0.848	0.538	0.443	0.379
H2220TS204_4__H2220TS014_4	0.534	0.518	0.518	0.603	0.501	0.138
H2220TS219_2__H2220TS196_3	0.594	0.338	0.338	0.318	0.429	0.083
H2220TS221_3__H2220TS241_1	0.423	0.407	0.407	0.477	0.417	0.184
H2220TS241_1__H2220TS462_3	0.511	0.518	0.518	0.565	0.627	0.139
H2220TS267_1__H2220TS204_5	0.28	0.354	0.354	0.403	0.431	0.092
H2220TS267_4__H2220TS059_1	0.361	0.429	0.749	0.502	0.428	0.311
H2220TS274_4__H2220TS375_3	0.326	0.311	0.333	0.199	0.639	0.136
H2220TS284_5__H2220TS293_2	0.252	0.284	0.284	0.149	0.632	0.061
H2220TS286_2__H2220TS264_4	0.5	0.465	0.465	0.532	0.46	0.171
H2220TS286_3__H2220TS311_5	0.605	0.583	0.583	0.599	0.61	0.28
H2220TS286_5__H2220TS393_4	0.259	0.267	0.267	0.141	0.578	0.079
H2220TS287_1__H2220TS294_5	0.413	0.438	0.438	0.466	0.576	0.112
H2220TS287_1__H2220TS456_4	0.248	0.312	0.381	0.178	0.613	0.123
H2220TS287_1__H2220TS462_5	0.322	0.388	0.388	0.271	0.676	0.161
H2220TS287_3__H2220TS301_5	0.518	0.457	0.457	0.507	0.687	0.13
H2220TS293_2__H2220TS219_2	0.366	0.416	0.416	0.376	0.601	0.182
H2220TS293_2__H2220TS286_2	0.592	0.533	0.533	0.612	0.55	0.2
H2220TS293_3__H2220TS284_5	0.312	0.288	0.288	0.157	0.615	0.088
H2220TS293_4__H2220TS052_3	0.365	0.317	0.326	0.201	0.612	0.128
H2220TS294_1__H2220TS284_5	0.261	0.278	0.278	0.137	0.618	0.105
H2220TS294_2__H2220TS267_5	0.386	0.433	0.433	0.495	0.607	0.163
H2220TS298_2__H2220TS369_3	0.093	0.114	0.114	0.081	0.278	0.038
H2220TS301_4__H2220TS147_5	0.208	0.243	0.243	0.163	0.616	0.071
H2220TS304_2__H2220TS196_2	0.311	0.285	0.285	0.308	0.455	0.108
H2220TS304_3__H2220TS322_2	0.29	0.411	0.411	0.388	0.514	0.124
H2220TS304_5__H2220TS198_1	0.371	0.414	0.414	0.465	0.516	0.106
H2220TS311_3__H2220TS219_2	0.278	0.394	0.394	0.376	0.54	0.112
H2220TS311_4__H2220TS015_3	0.272	0.389	0.498	0.29	0.608	0.241
H2220TS312_3__H2220TS059_4	0.476	0.584	0.792	0.628	0.504	0.363
H2220TS345_3__H2220TS369_3	0.063	0.086	0.086	0.058	0.279	0.035
H2220TS345_5__H2220TS163_1	0.218	0.269	0.915	0.337	0.253	0.537
H2220TS375_5__H2220TS079_1	0.384	0.391	0.391	0.454	0.518	0.1
H2220TS388_3__H2220TS264_2	0.823	0.571	0.853	0.605	0.532	0.48
H2220TS393_1__H2220TS462_2	0.66	0.578	0.578	0.645	0.659	0.259
H2220TS393_3__H2220TS262_3	0.448	0.489	0.489	0.511	0.622	0.129
H2220TS393_5__H2220TS284_3	0.48	0.41	0.41	0.466	0.557	0.146
H2220TS456_4__H2220TS311_3	0.347	0.318	0.36	0.183	0.681	0.173
H2220TS462_3__H2220TS028_2	0.556	0.458	0.458	0.52	0.58	0.154
H2220TS465_1__H2220TS075_5	0.602	0.232	0.669	0.333	0.278	0.547
H2220TS465_2__H2220TS375_2	0.118	0.151	0.151	0.075	0.388	0.028
H2220TS475_1__H2220TS241_1	0.432	0.418	0.418	0.464	0.611	0.127
H2220TS489_1__H2220TS198_1	0.601	0.536	0.536	0.614	0.678	0.188
H2220TS489_2__H2220TS085_4	0.951	0.981	0.981	0.947	0.944	0.774
H2220TS489_5__H2220TS022_4	0.412	0.494	0.531	0.355	0.411	0.245
H2220TS494_1__H2220TS264_5	0.683	0.718	0.726	0.653	0.696	0.309
H2220TS494_5__H2220TS301_5	0.298	0.313	0.32	0.17	0.662	0.125
H2222TS014_4__H2222TS085_2	0.73	0.584	0.584	0.613	0.721	0.321
H2222TS015_1__H2222TS110_1	0.61	0.503	0.503	0.56	0.673	0.241
H2222TS015_1__H2222TS272_5	0.626	0.623	0.623	0.57	0.673	0.272
H2222TS015_5__H2222TS272_3	0.574	0.395	0.395	0.435	0.678	0.272
H2222TS022_4__H2222TS298_3	0.741	0.609	0.609	0.615	0.766	0.348
H2222TS022_4__H2222TS312_1	0.776	0.743	0.743	0.681	0.812	0.435
H2222TS022_5__H2222TS388_3	0.655	0.603	0.603	0.547	0.733	0.325
H2222TS028_4__H2222TS301_4	0.751	0.679	0.679	0.723	0.783	0.353
H2222TS028_5__H2222TS293_3	0.774	0.622	0.622	0.69	0.788	0.284
H2222TS051_2__H2222TS059_6	0.678	0.717	0.717	0.659	0.767	0.348
H2222TS051_5__H2222TS419_5	0.76	0.786	0.786	0.706	0.846	0.518
H2222TS059_1__H2222TS298_2	0.692	0.643	0.643	0.622	0.686	0.344
H2222TS059_1__H2222TS312_1	0.814	0.864	0.864	0.784	0.908	0.747
H2222TS059_3__H2222TS110_2	0.744	0.685	0.685	0.672	0.778	0.299
H2222TS075_2__H2222TS264_1	0.886	0.902	0.902	0.876	0.925	0.791
H2222TS075_5__H2222TS022_5	0.81	0.64	0.64	0.702	0.843	0.378
H2222TS075_5__H2222TS196_2	0.764	0.64	0.64	0.658	0.801	0.308
H2222TS079_5__H2222TS075_2	0.691	0.595	0.595	0.589	0.798	0.328
H2222TS085_2__H2222TS221_2	0.971	0.979	0.979	0.949	0.949	0.954
H2222TS085_5__H2222TS196_3	0.774	0.709	0.709	0.694	0.805	0.399
H2222TS091_1__H2222TS208_3	0.761	0.756	0.756	0.758	0.831	0.461
H2222TS091_1__H2222TS262_2	0.795	0.867	0.867	0.809	0.855	0.519
H2222TS091_4__H2222TS196_4	0.773	0.826	0.826	0.726	0.853	0.496
H2222TS110_4__H2222TS014_2	0.805	0.669	0.669	0.709	0.791	0.327
H2222TS110_5__H2222TS322_2	0.783	0.712	0.712	0.711	0.725	0.419
H2222TS122_1__H2222TS301_4	0.67	0.652	0.652	0.592	0.735	0.324
H2222TS122_3__H2222TS423_3	0.662	0.58	0.58	0.548	0.766	0.3
H2222TS139_1__H2222TS312_4	0.634	0.579	0.579	0.533	0.661	0.233
H2222TS139_4__H2222TS059_2	0.679	0.641	0.641	0.641	0.716	0.244
H2222TS139_5__H2222TS345_3	0.636	0.566	0.566	0.527	0.751	0.22
H2222TS139_5__H2222TS369_5	0.66	0.653	0.653	0.553	0.76	0.233
H2222TS145_2__H2222TS369_5	0.775	0.719	0.719	0.648	0.801	0.409
H2222TS145_4__H2222TS085_3	0.801	0.791	0.791	0.741	0.784	0.418
H2222TS148_2__H2222TS298_2	0.687	0.648	0.648	0.641	0.714	0.322
H2222TS148_3__H2222TS267_4	0.758	0.855	0.855	0.748	0.879	0.609
H2222TS163_3__H2222TS208_5	0.88	0.89	0.89	0.869	0.943	0.659
H2222TS163_4__H2222TS139_6	0.571	0.598	0.598	0.574	0.675	0.27
H2222TS171_2__H2222TS388_2	0.674	0.637	0.637	0.596	0.772	0.326
H2222TS171_2__H2222TS465_2	0.604	0.588	0.588	0.532	0.682	0.278
H2222TS187_1__H2222TS014_6	0.355	0.401	0.401	0.296	0.6	0.189
H2222TS187_1__H2222TS028_3	0.366	0.467	0.467	0.341	0.641	0.205
H2222TS196_3__H2222TS294_3	0.786	0.806	0.806	0.79	0.87	0.572
H2222TS196_4__H2222TS465_1	0.719	0.728	0.728	0.685	0.827	0.32
H2222TS198_3__H2222TS059_3	0.767	0.773	0.773	0.716	0.788	0.341
H2222TS198_5__H2222TS293_4	0.724	0.592	0.592	0.627	0.819	0.218
H2222TS208_1__H2222TS091_2	0.87	0.941	0.941	0.847	0.881	0.845
H2222TS219_3__H2222TS085_1	0.752	0.713	0.713	0.722	0.825	0.338
H2222TS221_1__H2222TS147_4	0.797	0.746	0.746	0.73	0.84	0.367
H2222TS221_2__H2222TS139_6	0.612	0.703	0.703	0.623	0.681	0.324
H2222TS221_3__H2222TS219_2	0.767	0.715	0.715	0.689	0.714	0.406
H2222TS221_4__H2222TS139_3	0.588	0.594	0.594	0.585	0.717	0.279
H2222TS241_1__H2222TS475_3	0.88	0.893	0.893	0.875	0.912	0.665
H2222TS241_3__H2222TS462_6	0.649	0.578	0.578	0.564	0.653	0.287
H2222TS264_2__H2222TS375_4	0.725	0.607	0.607	0.652	0.737	0.358
H2222TS264_5__H2222TS110_3	0.655	0.514	0.514	0.528	0.713	0.286
H2222TS284_2__H2222TS298_2	0.668	0.601	0.601	0.583	0.686	0.308
H2222TS284_3__H2222TS465_1	0.663	0.588	0.588	0.571	0.717	0.254
H2222TS293_3__H2222TS022_4	0.697	0.585	0.585	0.609	0.74	0.303
H2222TS294_1__H2222TS221_4	0.738	0.723	0.723	0.668	0.783	0.403
H2222TS298_5__H2222TS241_3	0.812	0.689	0.689	0.633	0.787	0.37
H2222TS298_5__H2222TS262_2	0.871	0.825	0.825	0.762	0.814	0.545
H2222TS312_4__H2222TS312_5	0.737	0.75	0.75	0.715	0.828	0.41
H2222TS345_3__H2222TS208_1	0.909	0.91	0.91	0.878	0.943	0.873
H2222TS375_5__H2222TS312_5	0.731	0.771	0.771	0.719	0.843	0.461
H2222TS388_4__H2222TS028_5	0.845	0.906	0.906	0.846	0.836	0.464
H2222TS393_1__H2222TS052_4	0.698	0.741	0.741	0.67	0.807	0.421
H2222TS393_4__H2222TS163_5	0.981	0.987	0.987	0.968	0.969	0.957
H2222TS393_6__H2222TS219_4	0.641	0.597	0.597	0.576	0.76	0.326
H2222TS423_3__H2222TS369_3	0.738	0.547	0.547	0.569	0.742	0.311
H2222TS456_3__H2222TS419_3	0.64	0.579	0.579	0.544	0.649	0.27
H2222TS462_3__H2222TS423_5	0.736	0.602	0.602	0.672	0.765	0.343
H2222TS462_4__H2222TS304_4	0.686	0.567	0.567	0.585	0.738	0.306
H2222TS465_1__H2222TS059_4	0.729	0.69	0.69	0.682	0.804	0.27
H2222TS475_2__H2222TS304_2	0.912	0.971	0.971	0.899	0.943	0.842
H2223TS014_5__H2223TS147_4	0.728	0.709	0.709	0.677	0.797	0.428
H2223TS014_6__H2223TS198_3	0.738	0.642	0.642	0.691	0.822	0.361
H2223TS014_6__H2223TS221_3	0.721	0.681	0.681	0.717	0.821	0.364
H2223TS022_3__H2223TS163_2	0.718	0.63	0.63	0.627	0.75	0.176
H2223TS022_3__H2223TS163_5	0.731	0.609	0.609	0.602	0.724	0.177
H2223TS028_1__H2223TS284_2	0.791	0.672	0.672	0.732	0.833	0.342
H2223TS028_5__H2223TS264_1	0.775	0.787	0.787	0.793	0.796	0.413
H2223TS040_1__H2223TS085_1	0.685	0.648	0.668	0.615	0.718	0.231
H2223TS040_4__H2223TS171_3	0.675	0.663	0.684	0.672	0.66	0.306
H2223TS051_3__H2223TS345_2	0.684	0.642	0.642	0.606	0.788	0.344
H2223TS051_5__H2223TS028_5	0.697	0.651	0.651	0.649	0.826	0.35
H2223TS051_5__H2223TS272_1	0.698	0.767	0.767	0.701	0.815	0.251
H2223TS052_1__H2223TS208_2	0.863	0.892	0.892	0.873	0.921	0.618
H2223TS052_5__H2223TS075_1	0.763	0.685	0.685	0.714	0.856	0.213
H2223TS059_2__H2223TS052_3	0.653	0.637	0.637	0.627	0.744	0.17
H2223TS059_2__H2223TS208_4	0.677	0.638	0.638	0.639	0.755	0.179
H2223TS075_2__H2223TS323_1	0.818	0.738	0.738	0.774	0.846	0.332
H2223TS075_5__H2223TS139_4	0.6	0.698	0.698	0.675	0.621	0.21
H2223TS079_4__H2223TS345_1	0.751	0.712	0.712	0.66	0.755	0.425
H2223TS085_1__H2223TS059_5	0.729	0.65	0.65	0.646	0.723	0.339
H2223TS085_4__H2223TS091_4	0.626	0.748	0.748	0.631	0.748	0.351
H2223TS091_1__H2223TS122_5	0.589	0.679	0.679	0.601	0.737	0.302
H2223TS139_3__H2223TS298_5	0.709	0.731	0.731	0.676	0.792	0.422
H2223TS139_4__H2223TS311_1	0.699	0.71	0.71	0.687	0.73	0.232
H2223TS139_5__H2223TS147_1	0.72	0.711	0.711	0.648	0.725	0.372
H2223TS145_1__H2223TS014_5	0.798	0.662	0.662	0.72	0.832	0.373
H2223TS145_1__H2223TS145_3	0.814	0.691	0.691	0.741	0.878	0.391
H2223TS147_2__H2223TS079_5	0.726	0.647	0.647	0.688	0.839	0.333
H2223TS147_3__H2223TS085_1	0.685	0.698	0.698	0.647	0.789	0.233
H2223TS147_5__H2223TS294_4	0.73	0.691	0.691	0.73	0.836	0.185
H2223TS147_5__H2223TS465_2	0.751	0.701	0.701	0.687	0.804	0.393
H2223TS148_1__H2223TS264_2	1.0	1.0	1.0	1.0	1.0	1.0
H2223TS148_2__H2223TS040_2	0.672	0.674	0.685	0.665	0.825	0.303
H2223TS163_4__H2223TS014_3	0.773	0.727	0.727	0.707	0.801	0.399
H2223TS204_2__H2223TS489_1	0.732	0.72	0.72	0.736	0.818	0.217
H2223TS208_1__H2223TS388_1	0.723	0.59	0.59	0.612	0.713	0.178
H2223TS221_4__H2223TS145_1	0.798	0.771	0.771	0.719	0.816	0.397
H2223TS241_4__H2223TS015_5	0.818	0.742	0.742	0.724	0.812	0.344
H2223TS241_4__H2223TS148_1	0.8	0.831	0.831	0.812	0.861	0.316
H2223TS264_6__H2223TS323_1	0.835	0.893	0.893	0.804	0.842	0.395
H2223TS267_3__H2223TS139_1	0.756	0.907	0.907	0.783	0.817	0.631
H2223TS267_3__H2223TS312_5	0.631	0.68	0.68	0.602	0.764	0.212
H2223TS272_2__H2223TS369_4	0.829	0.76	0.76	0.776	0.876	0.353
H2223TS272_5__H2223TS139_4	0.607	0.547	0.547	0.539	0.653	0.173
H2223TS284_3__H2223TS075_5	0.74	0.688	0.688	0.777	0.731	0.16
H2223TS284_4__H2223TS301_5	0.748	0.711	0.711	0.806	0.748	0.177
H2223TS293_1__H2223TS294_4	0.724	0.71	0.71	0.736	0.777	0.193
H2223TS293_2__H2223TS312_4	0.803	0.705	0.705	0.698	0.824	0.208
H2223TS293_3__H2223TS465_3	0.82	0.489	0.489	0.605	0.693	0.165
H2223TS293_4__H2223TS219_4	0.704	0.702	0.702	0.694	0.779	0.365
H2223TS294_4__H2223TS423_4	0.75	0.681	0.681	0.719	0.824	0.203
H2223TS298_1__H2223TS267_1	0.795	0.678	0.678	0.624	0.744	0.379
H2223TS298_2__H2223TS221_2	0.845	0.729	0.729	0.705	0.825	0.376
H2223TS298_4__H2223TS264_2	0.898	0.701	0.701	0.742	0.8	0.302
H2223TS301_1__H2223TS163_5	0.723	0.618	0.618	0.615	0.752	0.233
H2223TS301_5__H2223TS264_5	0.743	0.702	0.702	0.772	0.728	0.256
H2223TS304_3__H2223TS294_2	0.795	0.732	0.732	0.744	0.822	0.344
H2223TS304_5__H2223TS110_5	0.817	0.815	0.815	0.801	0.878	0.37
H2223TS311_5__H2223TS272_3	0.787	0.706	0.706	0.776	0.851	0.378
H2223TS322_1__H2223TS122_4	0.856	0.736	0.736	0.762	0.804	0.31
H2223TS322_1__H2223TS456_5	0.863	0.889	0.889	0.815	0.91	0.544
H2223TS322_2__H2223TS284_2	0.934	0.736	0.736	0.713	0.789	0.332
H2223TS345_3__H2223TS014_3	0.766	0.642	0.642	0.687	0.803	0.364
H2223TS345_4__H2223TS423_1	0.632	0.64	0.64	0.629	0.796	0.353
H2223TS369_3__H2223TS419_3	0.79	0.77	0.77	0.742	0.828	0.232
H2223TS375_2__H2223TS148_4	0.726	0.762	0.762	0.747	0.848	0.283
H2223TS375_4__H2223TS262_1	0.754	0.644	0.644	0.672	0.683	0.238
H2223TS393_1__H2223TS028_3	0.849	0.753	0.753	0.792	0.796	0.349
H2223TS419_2__H2223TS462_1	0.792	0.668	0.668	0.708	0.748	0.287
H2223TS419_3__H2223TS264_4	0.822	0.842	0.842	0.827	0.829	0.371
H2223TS423_3__H2223TS022_2	0.819	0.663	0.663	0.702	0.847	0.192
H2223TS456_1__H2223TS139_3	0.676	0.734	0.734	0.697	0.852	0.237
H2223TS456_2__H2223TS014_6	0.741	0.679	0.679	0.701	0.8	0.277
H2223TS456_2__H2223TS040_3	0.618	0.591	0.599	0.599	0.665	0.235
H2223TS462_4__H2223TS264_4	0.784	0.843	0.843	0.772	0.845	0.447
H2223TS465_3__H2223TS187_1	0.312	0.43	0.43	0.383	0.523	0.122
H2223TS465_5__H2223TS219_4	0.514	0.476	0.476	0.541	0.61	0.149
H2223TS475_1__H2223TS284_4	0.779	0.741	0.741	0.781	0.805	0.281
H2225TS014_3__H2225TS290_5	0.657	0.556	0.556	0.581	0.733	0.206
H2225TS015_1__H2225TS051_2	0.664	0.564	0.564	0.601	0.721	0.24
H2225TS022_2__H2225TS196_5	0.685	0.556	0.556	0.606	0.794	0.247
H2225TS022_5__H2225TS462_1	0.868	0.857	0.857	0.824	0.842	0.471
H2225TS023_4__H2225TS052_3	0.818	0.768	0.768	0.731	0.808	0.358
H2225TS023_5__H2225TS122_1	0.903	0.962	0.962	0.886	0.894	0.742
H2225TS028_2__H2225TS122_5	0.878	0.943	0.943	0.868	0.873	0.74
H2225TS028_2__H2225TS208_3	0.758	0.805	0.805	0.71	0.874	0.337
H2225TS040_1__H2225TS015_4	0.263	0.328	0.352	0.18	0.43	0.123
H2225TS052_1__H2225TS301_5	0.671	0.566	0.566	0.641	0.698	0.207
H2225TS052_5__H2225TS059_1	0.846	0.889	0.889	0.773	0.836	0.479
H2225TS059_1__H2225TS079_4	0.724	0.717	0.717	0.667	0.832	0.402
H2225TS059_5__H2225TS290_5	0.694	0.61	0.61	0.636	0.71	0.272
H2225TS059_6__H2225TS147_4	0.665	0.553	0.553	0.558	0.695	0.223
H2225TS075_3__H2225TS462_2	0.697	0.564	0.564	0.613	0.767	0.253
H2225TS079_5__H2225TS163_2	0.863	0.902	0.902	0.804	0.905	0.561
H2225TS091_1__H2225TS267_4	0.696	0.826	0.826	0.738	0.864	0.524
H2225TS091_1__H2225TS284_5	0.477	0.583	0.583	0.502	0.632	0.253
H2225TS091_1__H2225TS423_3	0.512	0.725	0.725	0.58	0.698	0.443
H2225TS091_4__H2225TS051_1	0.547	0.56	0.56	0.541	0.703	0.26
H2225TS091_4__H2225TS388_3	0.535	0.631	0.631	0.559	0.704	0.253
H2225TS110_2__H2225TS122_3	0.746	0.743	0.743	0.691	0.81	0.403
H2225TS110_3__H2225TS022_4	0.67	0.661	0.661	0.627	0.821	0.407
H2225TS110_4__H2225TS264_6	0.764	0.803	0.803	0.74	0.792	0.294
H2225TS139_1__H2225TS393_3	0.739	0.836	0.836	0.743	0.826	0.503
H2225TS139_3__H2225TS040_1	0.231	0.352	0.369	0.191	0.354	0.107
H2225TS139_3__H2225TS208_3	0.629	0.59	0.59	0.596	0.669	0.208
H2225TS139_4__H2225TS171_5	0.627	0.737	0.737	0.66	0.726	0.261
H2225TS145_4__H2225TS051_3	0.655	0.64	0.64	0.582	0.768	0.336
H2225TS145_4__H2225TS369_2	0.667	0.598	0.598	0.636	0.827	0.341
H2225TS148_1__H2225TS122_5	0.784	0.764	0.764	0.715	0.761	0.385
H2225TS148_3__H2225TS322_1	0.616	0.633	0.633	0.645	0.819	0.315
H2225TS148_4__H2225TS085_1	0.382	0.468	0.468	0.355	0.549	0.181
H2225TS148_5__H2225TS196_4	0.772	0.699	0.699	0.69	0.806	0.423
H2225TS163_1__H2225TS145_2	0.827	0.856	0.856	0.786	0.877	0.544
H2225TS163_1__H2225TS267_1	0.933	0.974	0.974	0.916	0.914	0.685
H2225TS163_2__H2225TS375_2	0.77	0.831	0.831	0.771	0.794	0.481
H2225TS163_4__H2225TS375_5	0.846	0.907	0.907	0.803	0.826	0.607
H2225TS163_5__H2225TS079_2	0.768	0.776	0.776	0.708	0.861	0.402
H2225TS164_3__H2225TS163_4	0.713	0.555	0.555	0.613	0.724	0.32
H2225TS164_4__H2225TS023_3	0.73	0.852	0.852	0.737	0.819	0.439
H2225TS164_5__H2225TS051_4	0.693	0.609	0.609	0.636	0.765	0.298
H2225TS171_4__H2225TS264_1	0.71	0.711	0.711	0.714	0.863	0.341
H2225TS171_5__H2225TS241_1	0.811	0.731	0.731	0.716	0.819	0.271
H2225TS198_4__H2225TS059_4	0.698	0.641	0.641	0.654	0.761	0.286
H2225TS208_4__H2225TS423_5	0.78	0.817	0.817	0.753	0.828	0.479
H2225TS219_3__H2225TS028_5	0.738	0.552	0.552	0.596	0.777	0.374
H2225TS221_3__H2225TS147_4	0.686	0.601	0.601	0.583	0.784	0.335
H2225TS221_4__H2225TS264_6	0.739	0.727	0.727	0.692	0.78	0.295
H2225TS221_5__H2225TS163_2	0.694	0.643	0.643	0.649	0.842	0.328
H2225TS241_3__H2225TS028_2	0.854	0.819	0.819	0.759	0.814	0.407
H2225TS241_5__H2225TS014_2	0.793	0.789	0.789	0.683	0.767	0.345
H2225TS241_5__H2225TS022_2	0.729	0.554	0.554	0.635	0.739	0.239
H2225TS262_2__H2225TS040_2	0.223	0.317	0.337	0.158	0.419	0.147
H2225TS264_6__H2225TS051_4	0.715	0.577	0.577	0.61	0.69	0.237
H2225TS267_3__H2225TS208_2	0.851	0.849	0.849	0.811	0.805	0.542
H2225TS267_3__H2225TS294_4	1.0	1.0	1.0	1.0	1.0	1.0
H2225TS267_5__H2225TS110_1	0.723	0.55	0.55	0.604	0.756	0.253
H2225TS284_5__H2225TS219_5	0.684	0.594	0.594	0.636	0.698	0.241
H2225TS290_4__H2225TS015_5	0.73	0.593	0.593	0.617	0.818	0.317
H2225TS293_1__H2225TS147_3	0.701	0.536	0.536	0.598	0.796	0.333
H2225TS293_4__H2225TS014_2	0.845	0.907	0.907	0.805	0.894	0.697
H2225TS294_1__H2225TS198_3	0.803	0.866	0.866	0.845	0.857	0.458
H2225TS294_2__H2225TS264_6	0.765	0.812	0.812	0.742	0.795	0.314
H2225TS294_5__H2225TS147_3	0.707	0.574	0.574	0.603	0.796	0.201
H2225TS301_2__H2225TS059_1	0.831	0.867	0.867	0.755	0.841	0.397
H2225TS301_3__H2225TS091_4	0.568	0.549	0.549	0.531	0.688	0.277
H2225TS304_4__H2225TS059_1	0.831	0.876	0.876	0.766	0.853	0.406
H2225TS304_5__H2225TS110_3	0.722	0.604	0.604	0.623	0.789	0.216
H2225TS322_1__H2225TS079_4	0.845	0.833	0.833	0.763	0.814	0.448
H2225TS369_5__H2225TS028_4	0.732	0.703	0.703	0.69	0.82	0.316
H2225TS388_1__H2225TS022_3	0.676	0.591	0.591	0.603	0.741	0.309
H2225TS388_1__H2225TS122_1	0.78	0.88	0.88	0.753	0.822	0.398
H2225TS388_2__H2225TS091_3	0.546	0.537	0.537	0.483	0.586	0.266
H2225TS393_2__H2225TS462_6	0.752	0.557	0.557	0.634	0.698	0.236
H2225TS393_3__H2225TS294_4	0.775	0.854	0.854	0.795	0.843	0.445
H2225TS419_5__H2225TS122_2	0.774	0.825	0.825	0.754	0.827	0.455
H2225TS423_2__H2225TS312_3	0.822	0.807	0.807	0.722	0.82	0.54
H2225TS423_5__H2225TS312_1	0.777	0.783	0.783	0.712	0.8	0.392
H2225TS456_1__H2225TS085_1	0.906	0.904	0.904	0.851	0.834	0.609
H2225TS475_4__H2225TS264_3	0.936	0.977	0.977	0.919	0.916	0.816
H2227TS014_6__H2227TS388_3	0.626	0.588	0.588	0.602	0.597	0.348
H2227TS015_1__H2227TS375_3	0.051	0.042	0.042	0.017	0.659	0.023
H2227TS015_5__H2227TS052_1	0.066	0.054	0.054	0.021	0.71	0.04
H2227TS015_5__H2227TS284_2	0.08	0.075	0.075	0.028	0.683	0.04
H2227TS022_2__H2227TS052_4	0.618	0.643	0.656	0.736	0.752	0.419
H2227TS022_3__H2227TS075_2	0.677	0.592	0.593	0.708	0.786	0.423
H2227TS022_3__H2227TS304_4	0.883	0.925	0.929	0.858	0.817	0.847
H2227TS023_1__H2227TS014_6	0.047	0.05	0.05	0.009	0.583	0.018
H2227TS023_2__H2227TS284_2	0.746	0.875	0.875	0.731	0.708	0.61
H2227TS028_2__H2227TS304_4	0.101	0.099	0.099	0.084	0.748	0.105
H2227TS028_4__H2227TS304_5	0.084	0.065	0.065	0.047	0.81	0.082
H2227TS028_5__H2227TS267_2	0.059	0.044	0.044	0.028	0.775	0.025
H2227TS040_4__H2227TS139_4	0.063	0.061	0.061	0.02	0.537	0.034
H2227TS051_2__H2227TS148_3	0.054	0.047	0.047	0.022	0.737	0.02
H2227TS052_3__H2227TS014_3	0.045	0.047	0.047	0.028	0.667	0.023
H2227TS052_3__H2227TS204_3	0.66	0.626	0.626	0.745	0.793	0.396
H2227TS059_6__H2227TS023_3	0.121	0.11	0.11	0.105	0.751	0.103
H2227TS091_2__H2227TS290_5	0.048	0.044	0.044	0.029	0.737	0.026
H2227TS091_3__H2227TS028_1	0.053	0.052	0.052	0.03	0.761	0.023
H2227TS110_5__H2227TS148_2	0.063	0.049	0.049	0.023	0.728	0.025
H2227TS122_3__H2227TS419_1	0.088	0.093	0.093	0.075	0.661	0.071
H2227TS139_1__H2227TS375_2	0.669	0.854	0.854	0.708	0.708	0.513
H2227TS139_6__H2227TS059_1	0.104	0.108	0.108	0.1	0.607	0.114
H2227TS145_4__H2227TS456_4	0.054	0.042	0.042	0.019	0.711	0.024
H2227TS145_5__H2227TS079_2	0.059	0.036	0.036	0.012	0.624	0.024
H2227TS147_1__H2227TS345_5	0.051	0.044	0.044	0.015	0.65	0.022
H2227TS147_2__H2227TS015_3	0.606	0.675	0.675	0.711	0.704	0.423
H2227TS148_1__H2227TS028_4	0.103	0.087	0.087	0.054	0.663	0.095
H2227TS148_3__H2227TS208_2	0.468	0.429	0.429	0.557	0.665	0.218
H2227TS148_3__H2227TS274_3	0.04	0.042	0.044	0.026	0.711	0.024
H2227TS148_5__H2227TS298_4	0.701	0.883	0.883	0.763	0.739	0.585
H2227TS163_2__H2227TS075_4	0.791	0.891	0.891	0.817	0.806	0.592
H2227TS163_3__H2227TS345_5	0.68	0.872	0.872	0.726	0.715	0.496
H2227TS163_5__H2227TS290_5	0.049	0.048	0.048	0.032	0.733	0.028
H2227TS163_5__H2227TS369_2	0.047	0.052	0.052	0.021	0.593	0.021
H2227TS164_3__H2227TS148_2	0.742	0.659	0.659	0.724	0.667	0.42
H2227TS164_4__H2227TS301_5	0.056	0.042	0.042	0.03	0.659	0.028
H2227TS164_5__H2227TS204_5	0.109	0.087	0.087	0.07	0.701	0.089
H2227TS164_5__H2227TS298_2	0.095	0.095	0.095	0.056	0.665	0.107
H2227TS171_1__H2227TS075_3	0.082	0.072	0.072	0.048	0.778	0.048
H2227TS171_2__H2227TS164_4	0.682	0.713	0.713	0.767	0.761	0.487
H2227TS198_4__H2227TS304_3	0.056	0.04	0.04	0.019	0.714	0.029
H2227TS204_3__H2227TS051_5	0.529	0.603	0.603	0.61	0.649	0.302
H2227TS204_4__H2227TS261_4	0.06	0.031	0.031	0.007	0.433	0.019
H2227TS204_4__H2227TS284_4	0.661	0.652	0.652	0.718	0.688	0.402
H2227TS204_5__H2227TS287_3	0.579	0.629	0.629	0.625	0.663	0.325
H2227TS221_1__H2227TS241_5	0.102	0.097	0.097	0.061	0.65	0.08
H2227TS221_3__H2227TS122_3	0.059	0.045	0.045	0.031	0.703	0.029
H2227TS221_3__H2227TS393_1	0.058	0.047	0.047	0.016	0.639	0.022
H2227TS241_2__H2227TS051_5	0.144	0.117	0.117	0.119	0.56	0.09
H2227TS261_1__H2227TS369_5	0.149	0.235	0.235	0.18	0.365	0.083
H2227TS261_3__H2227TS286_2	0.147	0.251	0.251	0.16	0.456	0.086
H2227TS262_3__H2227TS145_1	0.654	0.634	0.634	0.673	0.715	0.414
H2227TS264_2__H2227TS312_4	0.699	0.712	0.712	0.744	0.794	0.458
H2227TS264_3__H2227TS164_4	0.126	0.115	0.115	0.12	0.699	0.081
H2227TS264_4__H2227TS456_5	0.587	0.466	0.469	0.634	0.7	0.328
H2227TS267_1__H2227TS171_4	0.047	0.049	0.049	0.027	0.74	0.024
H2227TS274_1__H2227TS304_3	0.053	0.04	0.043	0.025	0.711	0.026
H2227TS274_2__H2227TS301_3	0.05	0.041	0.043	0.025	0.734	0.019
H2227TS274_5__H2227TS147_3	0.809	0.905	0.926	0.806	0.8	0.751
H2227TS284_1__H2227TS198_5	0.088	0.077	0.077	0.057	0.625	0.064
H2227TS286_4__H2227TS040_1	0.427	0.433	0.433	0.477	0.55	0.241
H2227TS287_1__H2227TS164_1	0.084	0.085	0.085	0.048	0.616	0.054
H2227TS287_2__H2227TS311_3	0.092	0.086	0.086	0.049	0.572	0.086
H2227TS287_3__H2227TS287_1	0.696	0.596	0.596	0.699	0.776	0.429
H2227TS290_2__H2227TS014_6	0.625	0.706	0.706	0.727	0.718	0.367
H2227TS293_5__H2227TS091_2	0.06	0.037	0.037	0.008	0.608	0.022
H2227TS294_1__H2227TS075_3	0.786	0.91	0.91	0.828	0.819	0.591
H2227TS298_1__H2227TS264_6	0.671	0.678	0.678	0.67	0.681	0.538
H2227TS304_1__H2227TS304_2	0.656	0.574	0.574	0.717	0.793	0.406
H2227TS304_3__H2227TS198_1	0.049	0.04	0.04	0.024	0.703	0.021
H2227TS311_2__H2227TS375_4	0.09	0.075	0.075	0.04	0.694	0.072
H2227TS311_4__H2227TS475_3	0.052	0.041	0.041	0.019	0.659	0.024
H2227TS312_4__H2227TS208_1	0.588	0.595	0.595	0.657	0.721	0.337
H2227TS312_5__H2227TS267_2	0.564	0.441	0.441	0.558	0.704	0.274
H2227TS345_2__H2227TS147_5	0.697	0.692	0.692	0.783	0.812	0.434
H2227TS345_2__H2227TS287_1	0.051	0.053	0.053	0.015	0.642	0.019
H2227TS345_4__H2227TS059_2	0.363	0.39	0.39	0.45	0.6	0.204
H2227TS369_2__H2227TS110_4	0.543	0.502	0.502	0.609	0.601	0.281
H2227TS369_5__H2227TS375_2	0.062	0.033	0.033	0.016	0.643	0.031
H2227TS375_1__H2227TS051_5	0.618	0.65	0.65	0.63	0.644	0.48
H2227TS375_5__H2227TS014_6	0.086	0.076	0.076	0.052	0.615	0.053
H2227TS388_2__H2227TS388_4	0.454	0.432	0.432	0.429	0.625	0.309
H2227TS388_5__H2227TS294_5	0.066	0.072	0.072	0.034	0.446	0.036
H2227TS393_2__H2227TS221_4	0.056	0.051	0.051	0.015	0.616	0.023
H2227TS393_4__H2227TS375_1	0.854	0.956	0.956	0.856	0.825	0.766
H2227TS393_5__H2227TS147_3	0.056	0.057	0.057	0.015	0.714	0.021
H2227TS393_6__H2227TS301_2	0.928	0.974	0.974	0.912	0.905	0.867
H2227TS419_5__H2227TS304_4	0.062	0.047	0.047	0.021	0.676	0.025
H2227TS419_5__H2227TS345_5	0.096	0.077	0.077	0.062	0.642	0.08
H2227TS462_2__H2227TS040_3	0.485	0.486	0.486	0.576	0.645	0.276
H2227TS475_1__H2227TS198_3	0.785	0.874	0.874	0.782	0.78	0.56
H2227TS475_2__H2227TS028_3	0.046	0.044	0.044	0.025	0.746	0.023
H2229TS014_4__H2229TS284_2	0.538	0.723	0.723	0.503	0.61	0.494
H2229TS015_3__H2229TS304_3	0.01	0.0	0.0	0.0	0.2	0.008
H2229TS015_5__H2229TS028_1	0.098	0.028	0.028	0.013	0.286	0.034
H2229TS015_5__H2229TS388_2	0.0	0.0	0.0	0.0	0.013	0.018
H2229TS022_2__H2229TS262_4	0.001	0.0	0.0	0.0	0.126	0.009
H2229TS022_3__H2229TS075_2	0.591	0.793	0.793	0.635	0.678	0.663
H2229TS023_5__H2229TS014_4	0.529	0.723	0.723	0.503	0.61	0.524
H2229TS028_5__H2229TS298_3	0.456	0.636	0.636	0.446	0.49	0.374
H2229TS040_1__H2229TS261_3	0.556	0.705	0.705	0.61	0.655	0.512
H2229TS040_1__H2229TS419_1	0.688	0.841	0.841	0.727	0.72	0.658
H2229TS051_4__H2229TS110_1	0.864	0.935	0.935	0.878	0.818	0.707
H2229TS052_5__H2229TS286_4	0.502	0.726	0.726	0.5	0.541	0.53
H2229TS059_2__H2229TS139_2	0.002	0.0	0.0	0.0	0.019	0.04
H2229TS079_5__H2229TS312_4	0.378	0.545	0.545	0.389	0.509	0.367
H2229TS091_1__H2229TS023_4	0.608	0.806	0.806	0.621	0.676	0.498
H2229TS091_3__H2229TS163_2	0.597	0.847	0.847	0.65	0.68	0.611
H2229TS091_5__H2229TS075_5	0.563	0.67	0.67	0.459	0.52	0.559
H2229TS091_5__H2229TS091_4	0.774	0.839	0.839	0.687	0.693	0.677
H2229TS110_4__H2229TS052_3	0.408	0.532	0.532	0.371	0.495	0.451
H2229TS139_6__H2229TS345_4	0.522	0.663	0.663	0.402	0.51	0.472
H2229TS147_1__H2229TS079_5	0.841	0.945	0.945	0.894	0.86	0.936
H2229TS147_3__H2229TS345_5	0.656	0.833	0.833	0.715	0.73	0.548
H2229TS148_2__H2229TS221_1	0.0	0.0	0.0	0.0	0.091	0.008
H2229TS148_4__H2229TS022_5	0.626	0.862	0.862	0.751	0.828	0.752
H2229TS163_2__H2229TS221_5	0.791	0.907	0.907	0.807	0.77	0.775
H2229TS164_2__H2229TS388_2	0.001	0.0	0.0	0.0	0.017	0.042
H2229TS164_3__H2229TS345_1	0.884	0.912	0.912	0.925	0.904	0.805
H2229TS171_2__H2229TS298_1	0.0	0.0	0.0	0.0	0.134	0.009
H2229TS196_3__H2229TS267_5	0.701	0.849	0.849	0.729	0.78	0.727
H2229TS198_1__H2229TS267_4	0.758	0.874	0.874	0.737	0.707	0.758
H2229TS198_3__H2229TS023_4	0.52	0.719	0.719	0.462	0.524	0.494
H2229TS198_3__H2229TS079_3	0.751	0.91	0.91	0.743	0.798	0.787
H2229TS204_4__H2229TS345_2	0.499	0.735	0.735	0.569	0.6	0.453
H2229TS208_3__H2229TS489_5	0.489	0.676	0.676	0.5	0.581	0.393
H2229TS208_4__H2229TS196_2	0.543	0.733	0.733	0.547	0.551	0.574
H2229TS208_4__H2229TS198_5	0.414	0.608	0.608	0.398	0.485	0.416
H2229TS208_5__H2229TS267_3	0.559	0.776	0.776	0.596	0.587	0.512
H2229TS218_1__H2229TS388_2	0.001	0.001	0.001	0.0	0.043	0.043
H2229TS218_2__H2229TS388_3	0.0	0.0	0.0	0.0	0.037	0.045
H2229TS221_2__H2229TS298_1	0.0	0.0	0.0	0.0	0.154	0.009
H2229TS241_1__H2229TS369_2	0.78	0.927	0.927	0.787	0.812	0.772
H2229TS241_2__H2229TS261_1	0.567	0.71	0.71	0.559	0.585	0.551
H2229TS241_3__H2229TS022_2	0.619	0.804	0.804	0.617	0.689	0.628
H2229TS262_1__H2229TS145_2	0.721	0.824	0.824	0.756	0.778	0.512
H2229TS262_1__H2229TS419_1	0.788	0.88	0.88	0.831	0.828	0.557
H2229TS262_3__H2229TS262_5	0.821	0.864	0.864	0.8	0.761	0.762
H2229TS262_4__H2229TS139_6	0.001	0.0	0.0	0.0	0.111	0.008
H2229TS262_4__H2229TS221_1	0.0	0.0	0.0	0.0	0.128	0.008
H2229TS264_3__H2229TS204_1	0.001	0.0	0.0	0.0	0.139	0.008
H2229TS264_6__H2229TS494_1	0.658	0.825	0.825	0.645	0.67	0.71
H2229TS267_1__H2229TS028_5	0.821	0.921	0.921	0.888	0.862	0.569
H2229TS272_1__H2229TS052_3	0.07	0.051	0.053	0.038	0.366	0.042
H2229TS272_5__H2229TS221_5	0.483	0.665	0.665	0.439	0.471	0.469
H2229TS274_1__H2229TS028_4	0.69	0.834	0.834	0.681	0.716	0.535
H2229TS274_5__H2229TS419_3	0.001	0.0	0.0	0.0	0.105	0.005
H2229TS284_2__H2229TS272_4	0.058	0.046	0.046	0.025	0.338	0.043
H2229TS286_3__H2229TS091_2	0.578	0.72	0.72	0.646	0.61	0.55
H2229TS286_5__H2229TS456_2	0.624	0.796	0.796	0.663	0.644	0.598
H2229TS287_2__H2229TS419_3	0.499	0.679	0.679	0.518	0.557	0.544
H2229TS287_3__H2229TS164_2	0.433	0.559	0.559	0.37	0.545	0.45
H2229TS287_3__H2229TS301_1	0.471	0.598	0.598	0.337	0.556	0.474
H2229TS287_5__H2229TS110_1	0.213	0.262	0.262	0.155	0.406	0.127
H2229TS290_1__H2229TS091_1	0.745	0.918	0.918	0.786	0.817	0.793
H2229TS290_3__H2229TS145_3	0.617	0.793	0.793	0.635	0.678	0.622
H2229TS290_4__H2229TS462_2	0.932	0.978	0.978	0.925	0.869	0.858
H2229TS293_1__H2229TS272_3	0.09	0.105	0.105	0.059	0.365	0.061
H2229TS293_2__H2229TS475_2	0.541	0.713	0.713	0.51	0.594	0.497
H2229TS293_4__H2229TS284_5	0.589	0.689	0.689	0.523	0.571	0.531
H2229TS294_2__H2229TS286_2	0.0	0.0	0.0	0.0	0.134	0.008
H2229TS304_3__H2229TS494_4	0.735	0.852	0.852	0.65	0.753	0.735
H2229TS304_4__H2229TS110_2	0.641	0.74	0.74	0.547	0.618	0.643
H2229TS311_5__H2229TS023_5	0.578	0.748	0.748	0.526	0.643	0.49
H2229TS345_4__H2229TS040_3	0.516	0.723	0.723	0.519	0.573	0.524
H2229TS345_4__H2229TS059_5	0.514	0.752	0.752	0.629	0.756	0.62
H2229TS369_3__H2229TS023_2	0.504	0.741	0.741	0.497	0.679	0.522
H2229TS375_1__H2229TS287_4	0.705	0.866	0.866	0.722	0.736	0.669
H2229TS375_4__H2229TS276_1	0.863	0.927	0.927	0.871	0.862	0.811
H2229TS380_4__H2229TS015_5	0.061	0.058	0.058	0.032	0.364	0.038
H2229TS380_5__H2229TS287_2	0.516	0.692	0.692	0.528	0.695	0.508
H2229TS388_1__H2229TS079_4	0.001	0.0	0.0	0.0	0.009	0.042
H2229TS388_5__H2229TS171_3	0.001	0.0	0.0	0.0	0.038	0.037
H2229TS419_4__H2229TS312_4	0.387	0.54	0.54	0.383	0.471	0.378
H2229TS419_4__H2229TS345_2	0.84	0.948	0.948	0.895	0.85	0.819
H2229TS456_2__H2229TS091_3	0.686	0.894	0.894	0.692	0.74	0.636
H2229TS456_3__H2229TS293_1	0.561	0.724	0.724	0.581	0.565	0.539
H2229TS456_5__H2229TS475_5	0.556	0.74	0.74	0.497	0.602	0.606
H2229TS468_1__H2229TS028_3	0.508	0.585	0.585	0.369	0.538	0.379
H2229TS468_3__H2229TS494_4	0.653	0.782	0.782	0.524	0.671	0.676
H2229TS468_5__H2229TS015_2	0.01	0.0	0.0	0.0	0.089	0.006
H2229TS468_5__H2229TS145_3	0.598	0.716	0.716	0.556	0.561	0.57
H2229TS468_5__H2229TS419_2	0.576	0.689	0.689	0.428	0.516	0.532
H2229TS475_3__H2229TS164_1	0.56	0.735	0.735	0.557	0.582	0.525
H2229TS489_1__H2229TS264_1	0.515	0.769	0.769	0.664	0.66	0.497
H2229TS489_2__H2229TS022_1	0.492	0.732	0.732	0.654	0.661	0.5
H2229TS489_2__H2229TS052_2	0.529	0.723	0.723	0.63	0.62	0.445
H2229TS489_3__H2229TS494_3	0.0	0.0	0.0	0.0	0.12	0.005
H2229TS489_5__H2229TS375_1	0.466	0.689	0.689	0.502	0.598	0.358
H2229TS489_5__H2229TS462_5	0.586	0.798	0.798	0.638	0.683	0.491
H2230TS014_1__H2230TS311_3	0.811	0.942	0.942	0.877	0.872	0.755
H2230TS014_4__H2230TS145_4	0.61	0.808	0.808	0.61	0.6	0.59
H2230TS022_1__H2230TS208_1	0.467	0.62	0.62	0.466	0.611	0.463
H2230TS022_3__H2230TS274_4	0.0	0.0	0.0	0.0	0.11	0.005
H2230TS022_3__H2230TS465_3	0.491	0.602	0.602	0.44	0.564	0.49
H2230TS022_3__H2230TS465_5	0.518	0.61	0.61	0.48	0.61	0.542
H2230TS022_5__H2230TS267_5	0.89	0.93	0.93	0.776	0.758	0.795
H2230TS023_1__H2230TS274_2	0.0	0.0	0.0	0.0	0.16	0.005
H2230TS028_1__H2230TS015_5	0.159	0.147	0.147	0.159	0.346	0.116
H2230TS028_5__H2230TS110_4	0.98	0.988	0.988	0.947	0.966	0.968
H2230TS028_5__H2230TS294_1	0.57	0.717	0.717	0.625	0.69	0.612
H2230TS051_4__H2230TS456_4	0.642	0.935	0.935	0.794	0.75	0.813
H2230TS052_2__H2230TS052_4	0.531	0.792	0.792	0.64	0.678	0.588
H2230TS052_4__H2230TS345_3	0.676	0.788	0.788	0.601	0.59	0.68
H2230TS059_5__H2230TS022_1	0.59	0.726	0.726	0.593	0.714	0.636
H2230TS059_6__H2230TS304_3	0.477	0.627	0.627	0.477	0.537	0.439
H2230TS075_4__H2230TS286_5	0.471	0.594	0.594	0.398	0.495	0.472
H2230TS079_1__H2230TS301_1	0.776	0.916	0.916	0.785	0.783	0.801
H2230TS091_1__H2230TS272_1	0.0	0.0	0.0	0.0	0.14	0.008
H2230TS091_2__H2230TS147_2	0.58	0.776	0.776	0.679	0.702	0.612
H2230TS091_4__H2230TS122_2	0.374	0.53	0.53	0.317	0.519	0.407
H2230TS110_1__H2230TS051_2	0.515	0.638	0.638	0.513	0.549	0.472
H2230TS139_1__H2230TS298_2	0.675	0.831	0.831	0.704	0.718	0.669
H2230TS139_3__H2230TS110_3	0.415	0.39	0.39	0.307	0.372	0.414
H2230TS139_4__H2230TS028_5	0.482	0.564	0.564	0.366	0.475	0.453
H2230TS139_4__H2230TS287_3	0.688	0.859	0.859	0.715	0.734	0.737
H2230TS145_5__H2230TS311_2	0.665	0.848	0.848	0.696	0.653	0.709
H2230TS147_1__H2230TS345_4	0.435	0.58	0.58	0.398	0.49	0.401
H2230TS147_4__H2230TS468_1	0.489	0.612	0.612	0.424	0.486	0.415
H2230TS148_2__H2230TS028_4	0.762	0.895	0.895	0.776	0.758	0.699
H2230TS148_2__H2230TS345_1	0.481	0.615	0.615	0.486	0.515	0.372
H2230TS164_5__H2230TS023_5	0.52	0.652	0.652	0.495	0.549	0.44
H2230TS171_2__H2230TS075_3	0.38	0.594	0.594	0.433	0.586	0.397
H2230TS187_1__H2230TS164_5	0.404	0.526	0.526	0.379	0.532	0.498
H2230TS196_3__H2230TS262_5	0.708	0.886	0.886	0.78	0.819	0.806
H2230TS204_3__H2230TS293_4	0.83	0.939	0.939	0.759	0.815	0.814
H2230TS218_1__H2230TS284_5	0.941	0.973	0.973	0.919	0.963	0.863
H2230TS221_4__H2230TS284_2	0.523	0.594	0.594	0.464	0.576	0.525
H2230TS221_5__H2230TS290_4	0.882	0.947	0.947	0.848	0.898	0.848
H2230TS241_3__H2230TS023_1	0.891	0.955	0.955	0.898	0.892	0.753
H2230TS261_4__H2230TS023_4	0.092	0.072	0.072	0.063	0.522	0.048
H2230TS261_4__H2230TS204_5	0.09	0.06	0.06	0.061	0.424	0.04
H2230TS262_1__H2230TS075_2	0.525	0.642	0.642	0.557	0.586	0.551
H2230TS262_2__H2230TS196_5	0.002	0.0	0.0	0.0	0.126	0.008
H2230TS264_2__H2230TS468_4	0.554	0.665	0.665	0.53	0.582	0.494
H2230TS264_3__H2230TS419_4	0.761	0.853	0.853	0.768	0.76	0.659
H2230TS264_4__H2230TS208_3	0.546	0.77	0.77	0.551	0.55	0.514
H2230TS267_1__H2230TS040_4	0.29	0.478	0.478	0.324	0.55	0.365
H2230TS267_2__H2230TS312_5	0.491	0.647	0.647	0.477	0.542	0.489
H2230TS267_3__H2230TS304_1	0.512	0.681	0.681	0.472	0.614	0.446
H2230TS267_3__H2230TS380_5	0.544	0.648	0.648	0.472	0.55	0.451
H2230TS267_4__H2230TS388_4	0.326	0.515	0.515	0.306	0.451	0.363
H2230TS272_1__H2230TS301_5	0.0	0.0	0.0	0.0	0.13	0.008
H2230TS272_4__H2230TS139_2	0.102	0.152	0.174	0.095	0.371	0.094
H2230TS274_1__H2230TS208_4	0.505	0.682	0.682	0.497	0.659	0.495
H2230TS274_5__H2230TS014_6	0.001	0.0	0.0	0.0	0.149	0.005
H2230TS284_4__H2230TS052_3	0.764	0.891	0.891	0.771	0.793	0.726
H2230TS284_4__H2230TS267_2	0.504	0.626	0.626	0.519	0.602	0.531
H2230TS286_2__H2230TS290_3	0.688	0.886	0.886	0.72	0.736	0.784
H2230TS287_4__H2230TS208_1	0.521	0.687	0.687	0.534	0.644	0.539
H2230TS290_1__H2230TS059_4	0.481	0.633	0.633	0.422	0.557	0.447
H2230TS290_3__H2230TS274_2	0.0	0.0	0.0	0.0	0.167	0.005
H2230TS290_3__H2230TS489_3	0.348	0.581	0.581	0.296	0.465	0.301
H2230TS293_2__H2230TS148_4	0.72	0.889	0.889	0.75	0.75	0.77
H2230TS293_2__H2230TS261_5	0.704	0.835	0.835	0.742	0.758	0.699
H2230TS294_1__H2230TS015_2	0.12	0.129	0.129	0.037	0.406	0.076
H2230TS294_3__H2230TS145_5	0.652	0.836	0.836	0.663	0.663	0.728
H2230TS294_3__H2230TS311_5	0.758	0.921	0.921	0.781	0.849	0.798
H2230TS294_4__H2230TS287_1	0.483	0.627	0.627	0.439	0.549	0.409
H2230TS298_2__H2230TS091_2	0.444	0.578	0.578	0.388	0.538	0.502
H2230TS301_1__H2230TS419_3	0.69	0.782	0.782	0.719	0.758	0.689
H2230TS304_3__H2230TS147_2	0.518	0.658	0.658	0.518	0.554	0.503
H2230TS304_5__H2230TS052_3	0.751	0.852	0.852	0.787	0.8	0.658
H2230TS312_3__H2230TS221_5	0.001	0.0	0.0	0.0	0.122	0.008
H2230TS312_4__H2230TS110_5	0.469	0.631	0.631	0.434	0.51	0.478
H2230TS323_1__H2230TS164_2	0.903	0.966	0.966	0.92	0.91	0.931
H2230TS345_5__H2230TS023_5	0.396	0.565	0.565	0.381	0.57	0.463
H2230TS369_2__H2230TS388_4	0.265	0.372	0.372	0.214	0.422	0.253
H2230TS380_3__H2230TS052_2	0.642	0.904	0.904	0.802	0.759	0.772
H2230TS380_4__H2230TS075_1	0.838	0.931	0.931	0.84	0.821	0.827
H2230TS388_1__H2230TS059_6	0.437	0.597	0.597	0.419	0.484	0.434
H2230TS388_4__H2230TS286_5	0.396	0.506	0.506	0.323	0.405	0.426
H2230TS419_1__H2230TS312_1	0.706	0.804	0.804	0.739	0.763	0.659
H2230TS456_4__H2230TS059_2	0.425	0.574	0.574	0.407	0.48	0.378
H2230TS462_2__H2230TS380_4	0.552	0.661	0.661	0.511	0.582	0.49
H2230TS462_4__H2230TS139_6	0.677	0.89	0.89	0.773	0.774	0.774
H2230TS468_1__H2230TS286_4	0.479	0.573	0.573	0.366	0.432	0.482
H2230TS468_5__H2230TS023_4	0.837	0.927	0.927	0.864	0.815	0.807
H2230TS475_2__H2230TS468_4	0.859	0.936	0.936	0.855	0.825	0.818
H2230TS475_5__H2230TS287_1	0.84	0.953	0.953	0.884	0.864	0.792
H2230TS489_1__H2230TS323_1	0.968	0.967	0.967	0.928	0.872	0.915
H2230TS489_3__H2230TS079_2	0.432	0.581	0.581	0.31	0.465	0.361
H2230TS489_4__H2230TS014_2	0.336	0.484	0.484	0.277	0.485	0.246
H2232TS014_1__H2232TS262_5	0.712	0.851	0.851	0.776	0.821	0.613
H2232TS014_2__H2232TS015_2	0.047	0.015	0.015	0.003	0.547	0.026
H2232TS014_5__H2232TS163_1	0.796	0.917	0.917	0.835	0.817	0.732
H2232TS022_2__H2232TS293_2	0.853	0.914	0.914	0.838	0.905	0.797
H2232TS023_5__H2232TS311_4	0.474	0.357	0.357	0.551	0.554	0.322
H2232TS051_1__H2232TS196_3	0.333	0.32	0.32	0.407	0.54	0.256
H2232TS051_3__H2232TS145_3	0.396	0.26	0.26	0.378	0.493	0.192
H2232TS059_4__H2232TS286_3	0.365	0.383	0.383	0.455	0.612	0.167
H2232TS075_4__H2232TS241_2	0.607	0.581	0.581	0.634	0.763	0.436
H2232TS091_3__H2232TS293_3	0.308	0.307	0.307	0.367	0.555	0.278
H2232TS122_3__H2232TS171_1	0.697	0.597	0.597	0.676	0.677	0.38
H2232TS122_3__H2232TS267_2	0.619	0.531	0.531	0.645	0.588	0.325
H2232TS122_5__H2232TS267_4	0.458	0.407	0.407	0.626	0.59	0.234
H2232TS139_4__H2232TS164_5	0.491	0.425	0.425	0.424	0.565	0.292
H2232TS139_5__H2232TS272_5	0.45	0.422	0.422	0.489	0.511	0.174
H2232TS145_4__H2232TS267_1	0.425	0.29	0.29	0.431	0.534	0.328
H2232TS148_4__H2232TS304_4	0.431	0.364	0.364	0.494	0.575	0.206
H2232TS163_3__H2232TS221_1	0.286	0.223	0.223	0.243	0.56	0.123
H2232TS164_2__H2232TS272_2	0.32	0.24	0.24	0.369	0.301	0.157
H2232TS171_4__H2232TS204_5	0.481	0.354	0.354	0.567	0.54	0.34
H2232TS196_3__H2232TS122_4	0.3	0.316	0.316	0.416	0.535	0.163
H2232TS196_4__H2232TS489_4	0.238	0.199	0.199	0.274	0.418	0.269
H2232TS204_4__H2232TS419_2	0.435	0.361	0.361	0.465	0.741	0.2
H2232TS221_4__H2232TS286_4	0.296	0.243	0.243	0.275	0.594	0.15
H2232TS241_4__H2232TS023_1	0.456	0.254	0.254	0.427	0.56	0.319
H2232TS241_5__H2232TS284_4	0.598	0.536	0.536	0.622	0.729	0.412
H2232TS241_5__H2232TS419_3	0.474	0.377	0.377	0.501	0.63	0.344
H2232TS261_2__H2232TS301_1	0.236	0.254	0.254	0.279	0.531	0.139
H2232TS262_3__H2232TS262_4	0.448	0.306	0.306	0.463	0.838	0.199
H2232TS264_4__H2232TS023_2	0.48	0.365	0.365	0.502	0.641	0.222
H2232TS264_4__H2232TS091_1	0.436	0.334	0.334	0.479	0.638	0.194
H2232TS284_1__H2232TS079_5	0.493	0.416	0.416	0.544	0.649	0.349
H2232TS290_5__H2232TS122_3	0.471	0.454	0.454	0.643	0.585	0.212
H2232TS293_5__H2232TS475_5	0.494	0.353	0.353	0.486	0.681	0.206
H2232TS294_3__H2232TS456_4	0.464	0.339	0.339	0.46	0.661	0.306
H2232TS294_5__H2232TS294_3	0.456	0.388	0.388	0.559	0.545	0.341
H2232TS298_2__H2232TS051_4	0.428	0.302	0.302	0.472	0.592	0.202
H2232TS301_2__H2232TS091_1	0.492	0.393	0.393	0.499	0.619	0.327
H2232TS301_4__H2232TS298_5	0.473	0.337	0.337	0.501	0.576	0.323
H2232TS304_4__H2232TS196_2	0.387	0.332	0.332	0.357	0.567	0.256
H2232TS304_4__H2232TS298_5	0.48	0.334	0.334	0.491	0.559	0.321
H2232TS311_4__H2232TS079_4	0.45	0.342	0.342	0.529	0.957	0.211
H2232TS312_1__H2232TS345_3	0.451	0.338	0.338	0.525	0.963	0.211
H2232TS375_2__H2232TS051_3	0.475	0.304	0.304	0.492	0.527	0.335
H2232TS375_2__H2232TS293_2	0.476	0.341	0.341	0.51	0.559	0.329
H2232TS375_5__H2232TS196_5	0.372	0.244	0.244	0.317	0.555	0.268
H2232TS375_5__H2232TS419_4	0.461	0.337	0.337	0.501	0.54	0.322
H2232TS388_1__H2232TS462_5	0.498	0.349	0.349	0.461	0.56	0.259
H2232TS388_5__H2232TS393_4	0.46	0.354	0.354	0.476	0.792	0.193
H2232TS456_1__H2232TS345_3	0.446	0.336	0.336	0.478	0.924	0.193
H2232TS456_3__H2232TS298_4	0.622	0.604	0.607	0.565	0.635	0.439
H2232TS465_2__H2232TS091_5	0.757	0.873	0.873	0.707	0.847	0.748
H2232TS465_5__H2232TS456_2	0.476	0.366	0.366	0.473	0.515	0.311
H2232TS475_3__H2232TS204_2	0.457	0.333	0.333	0.512	0.527	0.211
H2232TS475_3__H2232TS489_3	0.419	0.288	0.288	0.477	0.56	0.199
H2232TS494_2__H2232TS014_5	0.489	0.363	0.363	0.486	0.517	0.314
H2233TS022_1__H2233TS375_1	0.969	0.986	0.986	0.957	0.952	0.874
H2233TS022_3__H2233TS287_2	0.968	0.984	0.984	0.947	0.94	0.786
H2233TS022_5__H2233TS284_2	0.733	0.614	0.614	0.718	0.89	0.281
H2233TS052_5__H2233TS311_1	0.202	0.124	0.124	0.236	0.735	0.092
H2233TS059_5__H2233TS388_5	1.0	1.0	1.0	1.0	1.0	1.0
H2233TS079_2__H2233TS196_3	0.133	0.107	0.107	0.118	0.672	0.094
H2233TS091_5__H2233TS122_2	0.158	0.122	0.122	0.2	0.655	0.082
H2233TS110_3__H2233TS388_3	0.372	0.333	0.333	0.408	0.664	0.128
H2233TS122_2__H2233TS456_2	0.75	0.642	0.642	0.726	0.923	0.285
H2233TS139_1__H2233TS059_1	0.999	0.994	0.994	0.976	0.98	0.989
H2233TS145_2__H2233TS198_5	0.803	0.778	0.778	0.799	0.912	0.456
H2233TS145_3__H2233TS465_4	0.476	0.3	0.3	0.475	0.83	0.153
H2233TS171_1__H2233TS075_2	0.767	0.647	0.647	0.743	0.94	0.319
H2233TS196_1__H2233TS369_5	0.167	0.16	0.16	0.257	0.573	0.091
H2233TS198_4__H2233TS075_3	0.694	0.61	0.61	0.711	0.739	0.219
H2233TS198_5__H2233TS163_5	0.703	0.624	0.624	0.73	0.756	0.296
H2233TS241_2__H2233TS075_2	0.75	0.642	0.642	0.726	0.893	0.275
H2233TS241_4__H2233TS465_3	0.401	0.347	0.347	0.456	0.653	0.16
H2233TS241_5__H2233TS198_1	0.195	0.122	0.122	0.216	0.718	0.132
H2233TS241_5__H2233TS312_2	0.978	0.988	0.988	0.948	0.94	0.912
H2233TS267_2__H2233TS301_1	0.758	0.649	0.649	0.744	0.953	0.36
H2233TS293_2__H2233TS022_1	0.756	0.584	0.584	0.65	0.666	0.319
H2233TS293_4__H2233TS022_2	0.233	0.122	0.122	0.216	0.696	0.144
H2233TS294_4__H2233TS293_4	0.226	0.146	0.146	0.219	0.798	0.127
H2233TS294_5__H2233TS423_3	0.717	0.75	0.75	0.751	0.808	0.408
H2233TS298_5__H2233TS052_1	0.708	0.527	0.527	0.644	0.678	0.219
H2233TS301_1__H2233TS241_1	0.761	0.646	0.646	0.743	0.938	0.328
H2233TS323_1__H2233TS208_1	0.756	0.641	0.641	0.736	0.933	0.358
H2233TS345_1__H2233TS264_4	0.368	0.249	0.249	0.415	0.915	0.408
H2233TS369_4__H2233TS075_4	0.203	0.122	0.122	0.237	0.693	0.149
H2233TS375_1__H2233TS085_5	0.142	0.117	0.117	0.167	0.684	0.109
H2233TS375_1__H2233TS294_1	0.743	0.649	0.649	0.725	0.701	0.365
H2233TS375_5__H2233TS311_3	0.964	0.981	0.981	0.951	0.955	0.648
H2233TS380_5__H2233TS301_2	0.74	0.639	0.639	0.727	0.699	0.279
H2233TS423_5__H2233TS375_5	0.4	0.383	0.383	0.453	0.586	0.143
H2233TS462_1__H2233TS059_3	0.37	0.337	0.337	0.413	0.659	0.13
H2233TS462_2__H2233TS139_1	0.293	0.244	0.244	0.32	0.836	0.292
H2233TS468_1__H2233TS369_4	0.229	0.127	0.127	0.258	0.715	0.15
H2233TS468_4__H2233TS423_3	0.433	0.296	0.296	0.446	0.793	0.195
H2233TS475_1__H2233TS284_2	0.968	0.982	0.982	0.95	0.921	0.775
H2236TS014_1__H2236TS171_3	0.271	0.187	0.187	0.162	0.858	0.128
H2236TS014_2__H2236TS218_3	0.199	0.102	0.102	0.102	0.781	0.08
H2236TS014_3__H2236TS241_3	0.402	0.355	0.355	0.4	0.774	0.237
H2236TS014_3__H2236TS304_5	0.412	0.397	0.397	0.426	0.78	0.246
H2236TS014_5__H2236TS171_2	0.309	0.33	0.33	0.309	0.856	0.218
H2236TS014_5__H2236TS465_5	0.489	0.547	0.547	0.493	0.804	0.316
H2236TS022_5__H2236TS261_2	0.178	0.177	0.177	0.161	0.743	0.154
H2236TS028_3__H2236TS462_4	0.345	0.359	0.359	0.374	0.837	0.184
H2236TS040_2__H2236TS298_4	0.07	0.046	0.046	0.057	0.706	0.071
H2236TS052_1__H2236TS145_4	0.009	0.01	0.01	0.001	0.25	0.025
H2236TS052_4__H2236TS304_1	0.548	0.47	0.47	0.554	0.87	0.323
H2236TS079_5__H2236TS198_1	0.056	0.07	0.07	0.049	0.705	0.04
H2236TS079_5__H2236TS287_3	0.074	0.068	0.068	0.07	0.81	0.064
H2236TS091_2__H2236TS369_1	0.231	0.274	0.274	0.301	0.632	0.1
H2236TS110_2__H2236TS393_5	0.177	0.153	0.153	0.131	0.875	0.122
H2236TS122_5__H2236TS301_3	0.636	0.564	0.564	0.614	0.9	0.384
H2236TS122_5__H2236TS423_3	0.042	0.065	0.065	0.017	0.781	0.035
H2236TS145_5__H2236TS075_3	0.04	0.008	0.008	0.004	0.276	0.014
H2236TS164_5__H2236TS028_2	0.116	0.05	0.05	0.066	0.504	0.064
H2236TS196_1__H2236TS148_2	0.259	0.241	0.241	0.28	0.533	0.132
H2236TS196_4__H2236TS267_4	0.025	0.021	0.021	0.01	0.541	0.014
H2236TS196_5__H2236TS290_5	0.03	0.025	0.025	0.004	0.499	0.022
H2236TS198_1__H2236TS196_4	0.088	0.052	0.052	0.076	0.611	0.054
H2236TS198_2__H2236TS241_2	0.014	0.007	0.007	0.003	0.368	0.016
H2236TS204_1__H2236TS475_2	0.631	0.673	0.673	0.646	0.841	0.45
H2236TS204_2__H2236TS287_2	0.64	0.589	0.589	0.579	0.873	0.475
H2236TS208_2__H2236TS456_3	0.241	0.143	0.143	0.162	0.747	0.076
H2236TS221_4__H2236TS388_4	0.01	0.004	0.005	0.002	0.317	0.028
H2236TS261_1__H2236TS208_4	0.227	0.243	0.243	0.26	0.418	0.154
H2236TS261_5__H2236TS145_1	0.021	0.008	0.008	0.002	0.396	0.02
H2236TS262_1__H2236TS122_5	0.173	0.193	0.193	0.178	0.768	0.114
H2236TS262_1__H2236TS264_1	0.511	0.577	0.577	0.506	0.795	0.354
H2236TS267_2__H2236TS489_4	0.085	0.09	0.09	0.076	0.744	0.042
H2236TS284_2__H2236TS274_2	0.604	0.48	0.48	0.535	0.798	0.39
H2236TS284_3__H2236TS204_2	0.592	0.497	0.497	0.569	0.87	0.424
H2236TS286_5__H2236TS393_5	0.519	0.468	0.468	0.446	0.895	0.311
H2236TS290_1__H2236TS122_1	0.057	0.038	0.038	0.022	0.795	0.086
H2236TS290_2__H2236TS287_2	0.618	0.614	0.614	0.657	0.901	0.42
H2236TS290_2__H2236TS304_1	0.566	0.49	0.49	0.551	0.878	0.442
H2236TS290_4__H2236TS091_5	0.229	0.138	0.138	0.13	0.8	0.077
H2236TS293_1__H2236TS196_4	0.256	0.24	0.24	0.287	0.452	0.127
H2236TS293_1__H2236TS494_3	0.256	0.183	0.183	0.168	0.794	0.122
H2236TS293_3__H2236TS267_5	0.296	0.235	0.235	0.228	0.823	0.15
H2236TS293_5__H2236TS274_3	0.113	0.125	0.125	0.078	0.837	0.091
H2236TS294_1__H2236TS456_1	0.221	0.19	0.19	0.181	0.662	0.086
H2236TS294_2__H2236TS312_4	0.251	0.173	0.173	0.172	0.827	0.124
H2236TS294_3__H2236TS262_2	0.196	0.082	0.082	0.109	0.782	0.059
H2236TS298_4__H2236TS122_2	0.024	0.021	0.021	0.009	0.671	0.036
H2236TS301_1__H2236TS345_4	0.246	0.102	0.102	0.119	0.768	0.08
H2236TS301_3__H2236TS079_5	0.084	0.08	0.08	0.06	0.814	0.055
H2236TS301_3__H2236TS312_3	0.263	0.167	0.167	0.173	0.793	0.125
H2236TS369_3__H2236TS298_5	0.109	0.054	0.054	0.058	0.481	0.089
H2236TS375_3__H2236TS489_4	0.284	0.227	0.227	0.25	0.775	0.163
H2236TS380_1__H2236TS022_3	0.235	0.268	0.268	0.265	0.74	0.141
H2236TS380_4__H2236TS304_5	0.014	0.001	0.001	0.0	0.351	0.009
H2236TS423_1__H2236TS468_2	0.077	0.085	0.085	0.117	0.369	0.043
H2236TS423_2__H2236TS196_1	0.355	0.231	0.231	0.279	0.551	0.161
H2236TS465_5__H2236TS122_2	0.381	0.359	0.359	0.415	0.846	0.262
H2236TS465_5__H2236TS380_1	0.227	0.127	0.127	0.125	0.83	0.086
H2236TS494_3__H2236TS274_5	0.703	0.671	0.671	0.647	0.932	0.577
H2244TS014_2__H2244TS051_4	0.051	0.044	0.044	0.058	0.714	0.021
H2244TS023_1__H2244TS079_1	0.623	0.736	0.736	0.711	0.787	0.265
H2244TS023_5__H2244TS465_4	0.464	0.453	0.453	0.499	0.68	0.174
H2244TS040_1__H2244TS059_5	0.014	0.001	0.001	0.0	0.346	0.009
H2244TS040_1__H2244TS298_5	0.515	0.301	0.696	0.352	0.363	0.279
H2244TS040_1__H2244TS419_2	0.001	0.0	0.0	0.0	0.328	0.004
H2244TS040_5__H2244TS059_6	0.465	0.303	0.638	0.366	0.307	0.247
H2244TS079_3__H2244TS274_4	0.683	0.697	0.697	0.713	0.841	0.413
H2244TS079_4__H2244TS241_5	0.82	0.762	0.762	0.778	0.716	0.363
H2244TS110_3__H2244TS187_1	0.19	0.264	0.264	0.16	0.533	0.095
H2244TS122_3__H2244TS301_3	0.076	0.06	0.06	0.056	0.753	0.048
H2244TS122_5__H2244TS284_4	0.032	0.016	0.016	0.0	0.648	0.012
H2244TS139_2__H2244TS052_1	0.013	0.005	0.005	0.0	0.662	0.012
H2244TS139_2__H2244TS293_2	0.406	0.551	0.551	0.575	0.681	0.165
H2244TS139_3__H2244TS204_1	0.426	0.53	0.53	0.559	0.7	0.134
H2244TS145_3__H2244TS290_5	0.498	0.473	0.473	0.57	0.707	0.237
H2244TS147_4__H2244TS286_2	0.108	0.051	0.051	0.095	0.849	0.105
H2244TS148_1__H2244TS494_3	0.056	0.041	0.041	0.049	0.716	0.032
H2244TS163_2__H2244TS163_1	1.0	0.997	0.997	0.987	0.994	0.998
H2244TS171_1__H2244TS287_3	0.856	0.783	0.783	0.77	0.725	0.768
H2244TS171_5__H2244TS380_2	0.676	0.822	0.822	0.756	0.79	0.344
H2244TS196_5__H2244TS052_4	0.1	0.045	0.045	0.092	0.757	0.048
H2244TS198_1__H2244TS052_5	0.648	0.679	0.679	0.71	0.775	0.345
H2244TS198_4__H2244TS494_1	0.592	0.643	0.643	0.646	0.684	0.4
H2244TS208_2__H2244TS456_2	0.106	0.044	0.044	0.092	0.757	0.042
H2244TS208_3__H2244TS312_2	0.106	0.058	0.058	0.08	0.811	0.067
H2244TS221_1__H2244TS298_1	0.014	0.004	0.004	0.0	0.761	0.012
H2244TS241_3__H2244TS262_4	0.646	0.71	0.71	0.724	0.781	0.31
H2244TS241_3__H2244TS456_5	0.85	0.931	0.931	0.88	0.89	0.724
H2244TS241_3__H2244TS494_2	0.541	0.647	0.647	0.673	0.707	0.268
H2244TS241_4__H2244TS051_2	0.716	0.921	0.921	0.827	0.837	0.561
H2244TS241_4__H2244TS261_1	0.11	0.115	0.115	0.086	0.459	0.074
H2244TS241_5__H2244TS022_5	0.72	0.701	0.701	0.738	0.78	0.576
H2244TS261_1__H2244TS261_5	0.028	0.035	0.035	0.007	0.332	0.015
H2244TS261_2__H2244TS264_1	0.013	0.008	0.008	0.002	0.336	0.008
H2244TS261_4__H2244TS465_3	0.033	0.011	0.011	0.004	0.375	0.007
H2244TS261_5__H2244TS198_2	0.023	0.016	0.016	0.013	0.405	0.017
H2244TS262_1__H2244TS456_1	0.016	0.004	0.004	0.0	0.725	0.013
H2244TS262_5__H2244TS051_3	0.604	0.763	0.763	0.71	0.8	0.346
H2244TS267_1__H2244TS022_1	0.093	0.045	0.045	0.089	0.743	0.047
H2244TS272_2__H2244TS262_5	0.76	0.925	0.925	0.84	0.854	0.559
H2244TS274_1__H2244TS274_4	0.656	0.725	0.725	0.688	0.739	0.431
H2244TS274_3__H2244TS023_2	0.604	0.718	0.718	0.689	0.713	0.357
H2244TS287_4__H2244TS272_3	0.682	0.738	0.738	0.755	0.778	0.371
H2244TS290_1__H2244TS290_4	0.622	0.686	0.686	0.728	0.75	0.362
H2244TS293_4__H2244TS267_3	0.124	0.047	0.047	0.096	0.727	0.081
H2244TS293_5__H2244TS145_2	0.692	0.743	0.743	0.738	0.795	0.331
H2244TS294_3__H2244TS198_4	0.094	0.045	0.045	0.09	0.687	0.054
H2244TS304_1__H2244TS294_3	0.106	0.048	0.048	0.086	0.762	0.062
H2244TS304_4__H2244TS380_1	0.697	0.737	0.737	0.711	0.876	0.489
H2244TS304_5__H2244TS375_4	0.765	0.822	0.822	0.813	0.862	0.568
H2244TS393_1__H2244TS014_1	0.604	0.608	0.608	0.617	0.759	0.221
H2244TS393_2__H2244TS014_6	0.649	0.716	0.716	0.721	0.737	0.315
H2244TS456_1__H2244TS293_4	0.642	0.722	0.722	0.758	0.759	0.355
H2244TS465_4__H2244TS294_5	0.022	0.008	0.008	0.0	0.743	0.013
H2244TS468_5__H2244TS261_2	0.021	0.008	0.008	0.0	0.272	0.009
H2244TS489_5__H2244TS494_2	0.697	0.758	0.758	0.728	0.701	0.366
H2245TS014_2__H2245TS301_2	0.337	0.418	0.418	0.309	0.47	0.215
H2245TS014_5__H2245TS284_5	0.21	0.253	0.253	0.115	0.419	0.135
H2245TS015_3__H2245TS267_3	0.038	0.0	0.0	0.0	0.23	0.045
H2245TS022_1__H2245TS388_4	0.17	0.15	0.15	0.093	0.566	0.087
H2245TS022_3__H2245TS145_5	0.12	0.183	0.183	0.054	0.346	0.085
H2245TS023_3__H2245TS052_4	0.121	0.149	0.149	0.063	0.42	0.064
H2245TS023_4__H2245TS014_5	0.055	0.005	0.005	0.0	0.302	0.041
H2245TS028_3__H2245TS264_1	0.428	0.635	0.635	0.377	0.676	0.288
H2245TS028_5__H2245TS164_5	0.519	0.706	0.706	0.581	0.738	0.501
H2245TS051_1__H2245TS015_3	0.046	0.004	0.004	0.0	0.2	0.044
H2245TS051_4__H2245TS267_4	0.066	0.04	0.04	0.025	0.273	0.042
H2245TS052_1__H2245TS059_1	0.074	0.068	0.068	0.025	0.333	0.056
H2245TS052_5__H2245TS298_4	0.015	0.008	0.008	0.0	0.267	0.032
H2245TS059_2__H2245TS075_4	0.061	0.037	0.037	0.025	0.34	0.043
H2245TS075_1__H2245TS022_3	0.452	0.651	0.651	0.36	0.69	0.319
H2245TS075_3__H2245TS304_4	0.108	0.123	0.123	0.032	0.458	0.05
H2245TS075_4__H2245TS287_1	0.705	0.891	0.891	0.711	0.692	0.58
H2245TS079_4__H2245TS262_1	0.101	0.045	0.045	0.0	0.333	0.043
H2245TS085_4__H2245TS075_1	0.428	0.652	0.652	0.358	0.667	0.323
H2245TS091_1__H2245TS290_5	0.025	0.003	0.003	0.0	0.237	0.034
H2245TS110_2__H2245TS122_3	0.431	0.653	0.653	0.333	0.653	0.351
H2245TS110_2__H2245TS290_5	0.053	0.033	0.033	0.013	0.311	0.046
H2245TS110_5__H2245TS221_4	0.064	0.004	0.004	0.0	0.277	0.034
H2245TS139_1__H2245TS052_4	0.069	0.062	0.062	0.026	0.315	0.041
H2245TS139_3__H2245TS345_1	0.068	0.051	0.051	0.071	0.314	0.059
H2245TS145_1__H2245TS110_5	0.114	0.129	0.129	0.103	0.23	0.082
H2245TS147_1__H2245TS015_5	0.048	0.014	0.014	0.0	0.303	0.039
H2245TS147_1__H2245TS148_4	0.45	0.665	0.665	0.425	0.667	0.312
H2245TS148_2__H2245TS462_3	0.453	0.633	0.633	0.329	0.671	0.436
H2245TS148_3__H2245TS110_2	0.403	0.621	0.621	0.306	0.595	0.413
H2245TS148_5__H2245TS462_1	0.422	0.633	0.633	0.342	0.648	0.209
H2245TS163_3__H2245TS489_1	0.042	0.012	0.012	0.014	0.131	0.036
H2245TS163_4__H2245TS272_5	0.046	0.042	0.042	0.011	0.175	0.033
H2245TS164_5__H2245TS286_3	0.491	0.691	0.691	0.514	0.734	0.508
H2245TS171_1__H2245TS148_3	0.061	0.036	0.036	0.008	0.237	0.049
H2245TS171_3__H2245TS196_5	0.107	0.057	0.057	0.012	0.319	0.039
H2245TS171_3__H2245TS468_5	0.091	0.165	0.165	0.066	0.321	0.052
H2245TS187_1__H2245TS145_1	0.438	0.621	0.621	0.481	0.627	0.567
H2245TS187_1__H2245TS293_4	0.043	0.02	0.02	0.0	0.229	0.061
H2245TS196_5__H2245TS139_1	0.039	0.002	0.002	0.0	0.219	0.034
H2245TS198_1__H2245TS311_5	0.075	0.032	0.032	0.014	0.25	0.056
H2245TS198_2__H2245TS110_1	0.125	0.126	0.126	0.027	0.412	0.044
H2245TS198_4__H2245TS022_5	0.078	0.043	0.043	0.013	0.311	0.037
H2245TS204_3__H2245TS345_4	0.075	0.004	0.004	0.016	0.167	0.049
H2245TS204_4__H2245TS465_2	0.082	0.105	0.105	0.015	0.256	0.043
H2245TS218_5__H2245TS221_2	0.049	0.002	0.002	0.0	0.187	0.035
H2245TS221_2__H2245TS079_3	0.115	0.098	0.098	0.014	0.284	0.046
H2245TS221_5__H2245TS241_4	0.548	0.816	0.816	0.594	0.776	0.386
H2245TS241_1__H2245TS286_2	0.375	0.546	0.546	0.308	0.657	0.288
H2245TS261_4__H2245TS286_1	0.054	0.011	0.011	0.0	0.349	0.036
H2245TS262_1__H2245TS198_4	0.064	0.033	0.033	0.013	0.308	0.033
H2245TS262_2__H2245TS198_4	0.062	0.032	0.032	0.012	0.315	0.032
H2245TS262_3__H2245TS091_5	0.864	0.956	0.956	0.897	0.892	0.905
H2245TS262_3__H2245TS494_5	0.416	0.66	0.66	0.312	0.667	0.245
H2245TS262_4__H2245TS286_1	0.062	0.007	0.007	0.0	0.175	0.036
H2245TS262_5__H2245TS241_5	0.057	0.026	0.026	0.031	0.226	0.054
H2245TS264_4__H2245TS267_3	0.456	0.638	0.638	0.371	0.667	0.377
H2245TS267_2__H2245TS475_4	0.408	0.627	0.627	0.342	0.71	0.288
H2245TS267_3__H2245TS290_4	0.06	0.007	0.007	0.0	0.244	0.035
H2245TS267_5__H2245TS163_3	0.013	0.001	0.001	0.0	0.068	0.008
H2245TS274_3__H2245TS468_3	0.062	0.125	0.125	0.045	0.28	0.045
H2245TS284_5__H2245TS267_5	0.018	0.0	0.0	0.0	0.068	0.009
H2245TS286_4__H2245TS218_3	0.066	0.038	0.038	0.015	0.25	0.04
H2245TS286_4__H2245TS345_1	0.373	0.557	0.557	0.308	0.643	0.281
H2245TS287_1__H2245TS051_4	0.081	0.058	0.058	0.027	0.286	0.044
H2245TS287_1__H2245TS261_5	0.123	0.039	0.039	0.024	0.396	0.06
H2245TS287_2__H2245TS287_3	0.029	0.0	0.0	0.0	0.236	0.044
H2245TS287_3__H2245TS475_3	0.142	0.129	0.129	0.032	0.478	0.061
H2245TS290_1__H2245TS272_4	0.001	0.0	0.0	0.0	0.043	0.008
H2245TS290_2__H2245TS148_4	0.057	0.003	0.003	0.0	0.208	0.041
H2245TS293_2__H2245TS198_1	0.119	0.141	0.141	0.05	0.372	0.08
H2245TS294_1__H2245TS079_3	0.095	0.051	0.051	0.0	0.315	0.051
H2245TS294_1__H2245TS419_4	0.904	0.972	0.972	0.922	0.934	0.885
H2245TS298_2__H2245TS304_1	0.052	0.038	0.038	0.013	0.378	0.047
H2245TS301_1__H2245TS075_2	0.715	0.892	0.892	0.639	0.836	0.591
H2245TS301_3__H2245TS163_2	0.469	0.667	0.667	0.43	0.7	0.337
H2245TS301_4__H2245TS059_4	0.184	0.144	0.144	0.091	0.643	0.109
H2245TS301_4__H2245TS388_5	0.054	0.007	0.007	0.0	0.214	0.03
H2245TS304_3__H2245TS241_4	0.646	0.787	0.787	0.609	0.613	0.482
H2245TS304_5__H2245TS059_2	0.087	0.065	0.065	0.026	0.268	0.053
H2245TS311_3__H2245TS494_3	0.566	0.765	0.765	0.444	0.571	0.469
H2245TS311_4__H2245TS262_3	0.073	0.003	0.003	0.0	0.236	0.046
H2245TS312_2__H2245TS312_3	0.945	0.977	0.977	0.931	0.966	0.892
H2245TS312_5__H2245TS298_1	0.062	0.169	0.169	0.192	0.275	0.12
H2245TS375_2__H2245TS298_1	0.031	0.035	0.035	0.027	0.22	0.054
H2245TS380_2__H2245TS489_2	0.041	0.006	0.006	0.0	0.205	0.05
H2245TS380_4__H2245TS312_1	0.122	0.141	0.141	0.047	0.325	0.059
H2245TS380_4__H2245TS419_3	0.126	0.142	0.142	0.044	0.346	0.058
H2245TS380_5__H2245TS110_3	0.147	0.166	0.166	0.062	0.303	0.069
H2245TS393_1__H2245TS079_5	0.128	0.129	0.129	0.065	0.347	0.065
H2245TS393_4__H2245TS287_5	0.095	0.1	0.1	0.034	0.449	0.045
H2245TS393_5__H2245TS380_2	0.084	0.032	0.032	0.016	0.372	0.05
H2245TS419_2__H2245TS241_5	0.403	0.581	0.581	0.32	0.653	0.24
H2245TS419_5__H2245TS311_2	0.38	0.543	0.543	0.268	0.608	0.208
H2245TS456_2__H2245TS148_4	0.451	0.668	0.668	0.403	0.657	0.308
H2245TS462_5__H2245TS148_5	0.07	0.047	0.047	0.031	0.279	0.048
H2245TS475_2__H2245TS208_4	0.669	0.875	0.875	0.657	0.731	0.637
H2245TS489_3__H2245TS286_3	0.138	0.042	0.042	0.018	0.247	0.043
H2245TS494_1__H2245TS419_3	0.374	0.527	0.527	0.343	0.606	0.329
H2245TS494_5__H2245TS274_1	0.785	0.824	0.824	0.794	0.778	0.35
H2258TS014_5__H2258TS267_1	0.585	0.682	0.682	0.655	0.575	0.401
H2258TS014_6__H2258TS052_3	0.213	0.172	0.348	0.254	0.261	0.25
H2258TS015_2__H2258TS079_1	0.171	0.072	0.072	0.143	0.383	0.176
H2258TS015_3__H2258TS147_3	0.786	0.217	0.217	0.293	0.2	0.742
H2258TS015_3__H2258TS274_5	0.693	0.256	0.256	0.314	0.207	0.466
H2258TS022_1__H2258TS208_3	0.269	0.166	0.166	0.255	0.437	0.171
H2258TS022_4__H2258TS380_5	0.463	0.557	0.557	0.498	0.571	0.34
H2258TS023_1__H2258TS221_2	0.32	0.244	0.512	0.333	0.281	0.285
H2258TS023_1__H2258TS286_4	0.365	0.218	0.446	0.317	0.293	0.305
H2258TS028_2__H2258TS091_5	0.304	0.319	0.319	0.322	0.543	0.247
H2258TS051_2__H2258TS014_5	0.232	0.129	0.129	0.208	0.597	0.296
H2258TS051_2__H2258TS311_4	0.436	0.333	0.333	0.367	0.478	0.298
H2258TS051_3__H2258TS475_3	0.349	0.332	0.332	0.374	0.422	0.17
H2258TS052_3__H2258TS262_2	0.299	0.184	0.343	0.25	0.302	0.248
H2258TS052_3__H2258TS287_5	0.312	0.142	0.209	0.232	0.263	0.324
H2258TS052_5__H2258TS147_3	0.398	0.19	0.322	0.275	0.308	0.286
H2258TS052_5__H2258TS274_3	0.367	0.223	0.381	0.335	0.277	0.326
H2258TS075_1__H2258TS468_4	0.246	0.158	0.158	0.242	0.381	0.168
H2258TS079_1__H2258TS456_4	0.188	0.138	0.241	0.212	0.201	0.272
H2258TS079_4__H2258TS462_6	0.256	0.092	0.092	0.196	0.704	0.309
H2258TS091_1__H2258TS267_1	0.207	0.153	0.153	0.232	0.554	0.217
H2258TS091_3__H2258TS311_4	0.198	0.129	0.129	0.197	0.43	0.197
H2258TS110_3__H2258TS287_5	0.195	0.113	0.113	0.193	0.46	0.276
H2258TS110_4__H2258TS147_2	1.0	1.0	1.0	1.0	1.0	1.0
H2258TS110_4__H2258TS311_4	0.194	0.127	0.127	0.195	0.44	0.187
H2258TS122_2__H2258TS264_6	0.205	0.199	0.199	0.292	0.224	0.287
H2258TS122_3__H2258TS171_1	0.482	0.4	0.4	0.45	0.579	0.397
H2258TS139_3__H2258TS028_2	0.61	0.213	0.455	0.294	0.19	0.256
H2258TS145_2__H2258TS393_1	0.254	0.241	0.241	0.344	0.229	0.247
H2258TS145_3__H2258TS091_4	0.176	0.136	0.136	0.212	0.479	0.201
H2258TS145_3__H2258TS468_1	0.156	0.106	0.106	0.18	0.39	0.275
H2258TS145_5__H2258TS145_1	0.288	0.145	0.145	0.109	0.145	0.162
H2258TS147_1__H2258TS261_2	0.169	0.13	0.13	0.204	0.444	0.253
H2258TS147_3__H2258TS262_4	0.19	0.154	0.154	0.206	0.401	0.181
H2258TS148_1__H2258TS494_1	0.403	0.207	0.207	0.289	0.247	0.273
H2258TS148_4__H2258TS345_1	0.236	0.161	0.161	0.241	0.502	0.278
H2258TS163_2__H2258TS221_2	0.206	0.145	0.145	0.238	0.605	0.29
H2258TS163_3__H2258TS475_5	0.288	0.28	0.28	0.277	0.483	0.304
H2258TS163_5__H2258TS261_1	0.179	0.125	0.125	0.179	0.448	0.23
H2258TS164_1__H2258TS264_4	0.225	0.196	0.196	0.287	0.243	0.239
H2258TS171_2__H2258TS284_3	0.185	0.146	0.146	0.23	0.531	0.247
H2258TS171_2__H2258TS494_2	0.165	0.137	0.14	0.215	0.471	0.243
H2258TS171_3__H2258TS122_4	0.182	0.196	0.196	0.292	0.246	0.212
H2258TS198_2__H2258TS274_1	0.334	0.34	0.352	0.296	0.398	0.209
H2258TS208_3__H2258TS208_1	0.416	0.296	0.296	0.397	0.549	0.522
H2258TS208_3__H2258TS221_2	0.187	0.163	0.163	0.241	0.374	0.248
H2258TS208_5__H2258TS267_5	0.194	0.14	0.14	0.214	0.478	0.248
H2258TS221_1__H2258TS023_1	0.258	0.238	0.512	0.318	0.267	0.313
H2258TS221_3__H2258TS272_3	0.256	0.203	0.203	0.304	0.33	0.245
H2258TS221_4__H2258TS139_1	0.002	0.0	0.0	0.0	0.006	0.009
H2258TS241_3__H2258TS052_2	0.27	0.172	0.172	0.278	0.319	0.257
H2258TS241_4__H2258TS148_3	0.218	0.161	0.161	0.243	0.469	0.289
H2258TS241_4__H2258TS163_2	0.207	0.152	0.152	0.234	0.447	0.264
H2258TS261_1__H2258TS023_5	0.167	0.135	0.137	0.204	0.473	0.112
H2258TS262_3__H2258TS079_5	0.222	0.124	0.124	0.208	0.706	0.294
H2258TS267_3__H2258TS456_1	0.224	0.144	0.146	0.223	0.555	0.298
H2258TS272_1__H2258TS388_1	0.002	0.0	0.0	0.0	0.027	0.01
H2258TS272_1__H2258TS475_3	0.446	0.427	0.427	0.452	0.53	0.361
H2258TS272_4__H2258TS419_1	0.308	0.275	0.275	0.279	0.331	0.264
H2258TS274_2__H2258TS294_3	0.459	0.629	0.653	0.585	0.554	0.368
H2258TS274_4__H2258TS196_4	0.081	0.114	0.114	0.096	0.141	0.144
H2258TS284_4__H2258TS059_5	0.186	0.29	0.551	0.325	0.256	0.221
H2258TS284_4__H2258TS148_5	0.264	0.17	0.17	0.256	0.564	0.26
H2258TS286_4__H2258TS293_1	0.457	0.447	0.447	0.469	0.489	0.379
H2258TS287_3__H2258TS164_1	0.367	0.201	0.201	0.294	0.224	0.277
H2258TS293_3__H2258TS091_1	0.193	0.1	0.1	0.117	0.444	0.23
H2258TS293_3__H2258TS139_5	0.17	0.141	0.242	0.142	0.187	0.179
H2258TS294_2__H2258TS241_2	0.218	0.101	0.101	0.173	0.411	0.235
H2258TS294_4__H2258TS287_2	0.2	0.21	0.21	0.299	0.204	0.28
H2258TS301_1__H2258TS264_6	0.252	0.212	0.212	0.303	0.431	0.241
H2258TS301_1__H2258TS274_2	0.22	0.144	0.144	0.218	0.279	0.188
H2258TS301_1__H2258TS294_4	0.24	0.139	0.139	0.203	0.296	0.272
H2258TS304_1__H2258TS208_1	0.448	0.404	0.404	0.432	0.576	0.426
H2258TS311_3__H2258TS028_1	0.228	0.129	0.129	0.208	0.523	0.232
H2258TS311_5__H2258TS286_5	0.18	0.127	0.127	0.191	0.481	0.233
H2258TS345_3__H2258TS196_2	0.381	0.301	0.301	0.406	0.293	0.251
H2258TS345_4__H2258TS059_6	0.167	0.231	0.231	0.163	0.355	0.109
H2258TS345_4__H2258TS110_4	0.326	0.28	0.28	0.312	0.41	0.158
H2258TS388_2__H2258TS163_5	0.29	0.202	0.401	0.264	0.239	0.23
H2258TS388_2__H2258TS208_4	0.29	0.239	0.42	0.289	0.247	0.257
H2258TS393_2__H2258TS147_5	0.415	0.27	0.27	0.399	0.282	0.298
H2258TS393_3__H2258TS284_5	0.381	0.19	0.19	0.288	0.289	0.238
H2258TS393_3__H2258TS462_1	0.389	0.199	0.199	0.294	0.284	0.299
H2258TS419_2__H2258TS221_4	0.72	0.846	0.846	0.809	0.758	0.483
H2258TS419_2__H2258TS284_5	0.252	0.145	0.145	0.218	0.416	0.235
H2258TS419_3__H2258TS475_2	0.259	0.233	0.233	0.345	0.24	0.251
H2258TS456_2__H2258TS221_4	0.53	0.765	0.765	0.668	0.613	0.284
H2258TS456_5__H2258TS208_1	0.655	0.337	0.695	0.423	0.304	0.479
H2258TS462_3__H2258TS122_2	0.326	0.277	0.277	0.333	0.442	0.223
H2258TS462_6__H2258TS015_2	0.43	0.351	0.351	0.266	0.502	0.244
H2258TS465_2__H2258TS264_3	0.352	0.401	0.401	0.388	0.329	0.255
H2258TS468_1__H2258TS148_4	0.183	0.128	0.128	0.203	0.439	0.209
H2258TS468_2__H2258TS388_3	0.242	0.266	0.885	0.382	0.255	0.374
H2258TS468_2__H2258TS475_5	0.257	0.139	0.139	0.226	0.437	0.222
H2258TS468_5__H2258TS380_5	0.524	0.643	0.643	0.614	0.571	0.404
H2258TS475_5__H2258TS261_4	0.208	0.152	0.152	0.184	0.381	0.206
H2258TS494_3__H2258TS196_3	0.209	0.15	0.15	0.248	0.28	0.248
H2258TS494_4__H2258TS051_5	0.199	0.156	0.16	0.226	0.571	0.262
H2265TS014_3__H2265TS014_1	0.004	0.009	0.009	0.003	0.197	0.015
H2265TS059_4__H2265TS393_3	0.081	0.06	0.06	0.071	0.587	0.092
H2265TS122_2__H2265TS284_2	0.142	0.111	0.111	0.094	0.378	0.124
H2265TS139_4__H2265TS294_4	0.025	0.023	0.023	0.029	0.409	0.036
H2265TS139_6__H2265TS388_1	0.865	0.961	0.961	0.87	0.916	0.904
H2265TS147_1__H2265TS163_5	0.092	0.059	0.059	0.073	0.583	0.07
H2265TS147_2__H2265TS264_4	0.92	0.861	0.861	0.936	0.845	0.855
H2265TS148_4__H2265TS163_2	0.176	0.111	0.111	0.151	0.701	0.158
H2265TS163_2__H2265TS294_5	0.013	0.015	0.015	0.016	0.325	0.022
H2265TS164_3__H2265TS147_4	0.082	0.059	0.059	0.077	0.582	0.091
H2265TS164_3__H2265TS264_4	0.082	0.059	0.059	0.077	0.581	0.091
H2265TS208_4__H2265TS241_3	0.164	0.195	0.195	0.106	0.283	0.123
H2265TS209_1__H2265TS014_2	0.007	0.0	0.0	0.0	0.199	0.01
H2265TS262_3__H2265TS345_4	0.17	0.244	0.244	0.172	0.434	0.124
H2265TS264_1__H2265TS014_1	0.006	0.008	0.008	0.004	0.172	0.011
H2265TS267_1__H2265TS261_1	0.086	0.089	0.089	0.077	0.489	0.089
H2265TS345_1__H2265TS264_5	0.081	0.06	0.06	0.075	0.578	0.092
H2265TS369_4__H2265TS241_5	0.243	0.123	0.127	0.09	0.355	0.141
H2265TS393_1__H2265TS209_2	0.004	0.024	0.024	0.015	0.32	0.033
H2265TS393_3__H2265TS345_1	0.095	0.06	0.06	0.075	0.578	0.071
H2265TS419_3__H2265TS264_3	0.228	0.149	0.149	0.194	0.659	0.202
H2265TS462_3__H2265TS139_6	0.092	0.06	0.06	0.072	0.58	0.071
H2267TS014_5__H2267TS369_4	0.441	0.575	0.575	0.627	0.483	0.22
H2267TS022_3__H2267TS051_4	0.61	0.618	0.618	0.656	0.578	0.201
H2267TS022_4__H2267TS284_5	0.904	0.961	0.961	0.921	0.915	0.877
H2267TS051_1__H2267TS051_3	0.638	0.704	0.704	0.752	0.613	0.251
H2267TS051_2__H2267TS171_4	0.002	0.0	0.0	0.0	0.467	0.004
H2267TS052_3__H2267TS261_3	0.199	0.253	0.253	0.155	0.455	0.06
H2267TS052_3__H2267TS262_3	0.814	0.929	0.929	0.844	0.834	0.655
H2267TS052_5__H2267TS465_3	0.695	0.545	0.545	0.695	0.496	0.305
H2267TS059_2__H2267TS164_1	0.153	0.093	0.093	0.126	0.804	0.238
H2267TS075_1__H2267TS079_2	0.615	0.541	0.541	0.661	0.485	0.248
H2267TS075_5__H2267TS145_4	0.872	0.949	0.949	0.886	0.863	0.725
H2267TS091_4__H2267TS262_4	0.002	0.001	0.001	0.0	0.502	0.004
H2267TS110_4__H2267TS388_4	0.002	0.002	0.002	0.0	0.329	0.006
H2267TS122_1__H2267TS393_3	0.903	0.945	0.945	0.928	0.921	0.856
H2267TS122_2__H2267TS293_3	0.643	0.571	0.571	0.69	0.518	0.249
H2267TS139_1__H2267TS311_2	0.128	0.084	0.084	0.117	0.812	0.183
H2267TS145_2__H2267TS014_3	0.668	0.489	0.489	0.626	0.455	0.275
H2267TS147_4__H2267TS028_1	0.15	0.095	0.095	0.126	0.867	0.22
H2267TS163_5__H2267TS241_1	0.865	0.95	0.95	0.884	0.873	0.848
H2267TS171_5__H2267TS091_3	0.531	0.673	0.673	0.679	0.604	0.287
H2267TS187_1__H2267TS148_3	0.07	0.071	0.071	0.064	0.583	0.079
H2267TS196_1__H2267TS489_5	0.159	0.088	0.088	0.127	0.909	0.26
H2267TS196_2__H2267TS304_2	0.825	0.919	0.919	0.894	0.889	0.787
H2267TS204_2__H2267TS294_2	0.697	0.718	0.718	0.713	0.688	0.494
H2267TS204_3__H2267TS290_2	0.81	0.849	0.849	0.807	0.751	0.636
H2267TS218_5__H2267TS369_5	0.01	0.009	0.009	0.0	0.331	0.004
H2267TS241_1__H2267TS196_2	0.851	0.922	0.922	0.873	0.877	0.776
H2267TS261_1__H2267TS456_5	0.177	0.254	0.254	0.149	0.426	0.062
H2267TS261_3__H2267TS345_5	0.14	0.219	0.219	0.155	0.358	0.054
H2267TS261_4__H2267TS218_4	0.113	0.104	0.104	0.142	0.526	0.074
H2267TS267_2__H2267TS284_3	0.839	0.923	0.923	0.854	0.825	0.612
H2267TS267_3__H2267TS494_3	0.67	0.718	0.718	0.771	0.625	0.385
H2267TS272_2__H2267TS261_1	0.199	0.259	0.259	0.151	0.428	0.05
H2267TS274_1__H2267TS274_5	0.874	0.943	0.943	0.887	0.862	0.833
H2267TS274_2__H2267TS489_5	0.556	0.624	0.624	0.671	0.582	0.254
H2267TS274_4__H2267TS171_2	0.534	0.685	0.685	0.738	0.626	0.254
H2267TS284_3__H2267TS287_4	0.592	0.643	0.643	0.674	0.623	0.145
H2267TS287_1__H2267TS262_5	0.551	0.643	0.643	0.707	0.572	0.137
H2267TS290_1__H2267TS267_4	0.548	0.594	0.594	0.728	0.532	0.234
H2267TS290_5__H2267TS311_2	0.872	0.932	0.932	0.904	0.898	0.664
H2267TS293_2__H2267TS075_2	0.532	0.55	0.55	0.647	0.477	0.238
H2267TS293_4__H2267TS164_4	0.943	0.972	0.972	0.945	0.947	0.789
H2267TS298_1__H2267TS465_5	0.696	0.575	0.575	0.711	0.5	0.27
H2267TS301_2__H2267TS208_5	0.87	0.947	0.947	0.916	0.905	0.728
H2267TS301_4__H2267TS204_2	0.653	0.591	0.591	0.685	0.506	0.233
H2267TS304_4__H2267TS489_3	0.774	0.896	0.896	0.849	0.779	0.543
H2267TS304_5__H2267TS284_2	0.849	0.911	0.911	0.9	0.878	0.753
H2267TS369_3__H2267TS145_3	0.581	0.562	0.562	0.641	0.595	0.241
H2267TS375_1__H2267TS301_2	0.926	0.965	0.965	0.934	0.941	0.862
H2267TS388_3__H2267TS462_2	0.03	0.005	0.006	0.003	0.332	0.092
H2267TS393_1__H2267TS079_3	0.64	0.567	0.567	0.671	0.487	0.261
H2267TS456_5__H2267TS312_1	0.929	0.967	0.967	0.949	0.928	0.877
H2267TS465_1__H2267TS294_5	0.442	0.526	0.526	0.612	0.524	0.155
H2267TS489_3__H2267TS369_3	0.035	0.132	0.132	0.103	0.744	0.103
H2267TS494_3__H2267TS264_2	0.675	0.713	0.713	0.742	0.599	0.496
H2272TS014_1__H2272TS286_5	0.612	0.352	0.433	0.4	0.416	0.134
H2272TS015_5__H2272TS148_2	0.001	0.0	0.0	0.0	0.141	0.003
H2272TS059_2__H2272TS262_2	0.186	0.124	0.135	0.116	0.544	0.055
H2272TS091_4__H2272TS221_4	0.276	0.221	0.238	0.314	0.45	0.097
H2272TS221_3__H2272TS091_1	0.138	0.16	0.173	0.201	0.433	0.041
H2272TS221_4__H2272TS419_2	0.769	0.69	0.85	0.718	0.746	0.71
H2272TS264_4__H2272TS286_3	0.483	0.555	0.615	0.626	0.603	0.196
H2272TS287_3__H2272TS286_4	0.041	0.008	0.009	0.005	0.193	0.023
H2272TS388_2__H2272TS091_1	0.191	0.158	0.179	0.219	0.346	0.048
H2272TS388_2__H2272TS272_2	0.672	0.519	0.659	0.614	0.433	0.135
H2272TS462_6__H2272TS286_4	0.179	0.102	0.137	0.08	0.455	0.054
H2272TS465_1__H2272TS465_3	0.2	0.157	0.157	0.158	0.792	0.093
R0250TS028_1o__R0250TS304_1o	0.0	0.0	0.0	0.0	0.026	0.002
R0250TS028_1o__R0250TS462_4o	0.0	0.0	0.0	0.0	0.003	0.001
R0250TS028_2o__R0250TS110_3o	0.107	0.179	0.179	0.271	0.279	0.109
R0250TS028_2o__R0250TS304_2o	0.0	0.013	0.013	0.024	0.179	0.152
R0250TS110_1o__R0250TS028_4o	0.0	0.0	0.0	0.0	0.008	0.002
R0250TS110_1o__R0250TS304_1o	0.034	0.087	0.087	0.076	0.077	0.024
R0250TS110_3o__R0250TS241_3o	0.0	0.0	0.0	0.0	0.022	0.002
R0250TS110_3o__R0250TS462_3o	0.099	0.233	0.233	0.257	0.233	0.096
R0250TS110_4o__R0250TS110_1o	0.0	0.0	0.0	0.0	0.018	0.005
R0250TS167_3o__R0250TS462_3o	0.0	0.0	0.0	0.0	0.0	0.002
R0250TS167_4o__R0250TS450_4o	1.0	1.0	1.0	1.0	1.0	1.0
R0250TS167_4o__R0250TS462_2o	0.107	0.07	0.07	0.065	0.101	0.057
R0250TS189_5o__R0250TS304_4o	0.0	0.001	0.002	0.001	0.059	0.023
R0250TS241_1o__R0250TS462_2o	0.0	0.0	0.0	0.0	0.007	0.002
R0250TS241_2o__R0250TS167_4o	0.033	0.066	0.066	0.051	0.096	0.018
R0250TS241_3o__R0250TS028_4o	0.0	0.0	0.0	0.0	0.037	0.006
R0250TS241_3o__R0250TS304_2o	0.0	0.002	0.002	0.01	0.099	0.088
R0250TS241_3o__R0250TS304_4o	0.0	0.003	0.003	0.01	0.099	0.086
R0250TS241_5o__R0250TS462_1o	0.0	0.0	0.0	0.0	0.012	0.002
R0250TS262_2o__R0250TS028_1o	0.0	0.0	0.0	0.0	0.044	0.003
R0250TS262_2o__R0250TS304_1o	0.058	0.0	0.0	0.119	0.209	0.033
R0250TS262_5o__R0250TS028_2o	0.0	0.0	0.0	0.0	0.06	0.003
R0250TS262_5o__R0250TS304_3o	0.0	0.004	0.01	0.012	0.169	0.066
R0250TS262_5o__R0250TS304_5o	0.0	0.003	0.01	0.012	0.168	0.066
R0250TS272_5o__R0250TS304_4o	0.0	0.003	0.009	0.012	0.119	0.101
R0250TS304_1o__R0250TS462_1o	0.0	0.0	0.0	0.0	0.026	0.002
R0250TS304_2o__R0250TS462_4o	0.0	0.001	0.001	0.002	0.022	0.003
R0250TS304_3o__R0250TS462_5o	0.0	0.008	0.008	0.015	0.146	0.006
R0250TS304_4o__R0250TS110_1o	0.0	0.01	0.01	0.029	0.127	0.009
R0250TS304_4o__R0250TS167_4o	0.0	0.002	0.002	0.003	0.046	0.003
R0250TS304_4o__R0250TS462_5o	0.0	0.006	0.006	0.015	0.146	0.006
R0250TS304_5o__R0250TS028_2o	0.0	0.014	0.014	0.026	0.179	0.008
R0250TS450_3o__R0250TS241_2o	0.092	0.064	0.141	0.049	0.085	0.079
R0250TS450_3o__R0250TS304_1o	0.01	0.009	0.016	0.013	0.053	0.036
R0250TS462_3o__R0250TS110_3o	0.119	0.233	0.233	0.257	0.233	0.099
R0250TS462_3o__R0250TS304_4o	0.0	0.01	0.01	0.029	0.127	0.211
R0250TS462_4o__R0250TS110_4o	0.171	0.051	0.051	0.288	0.217	0.11
R0250TS481_3o__R0250TS028_2o	0.004	0.007	0.013	0.002	0.096	0.005
R0251TS262_3o__R0251TS304_2o	0.001	0.0	0.0	0.0	0.081	0.004
R0252TS028_1o__R0252TS110_3o	0.308	0.131	0.131	0.391	0.508	0.178
R0252TS028_1o__R0252TS167_2o	0.055	0.021	0.04	0.097	0.209	0.035
R0252TS028_2o__R0252TS462_3o	0.262	0.086	0.086	0.127	0.141	0.109
R0252TS028_2o__R0252TS462_5o	0.304	0.191	0.191	0.253	0.3	0.134
R0252TS028_3o__R0252TS110_3o	0.302	0.133	0.133	0.451	0.545	0.187
R0252TS028_3o__R0252TS110_4o	0.283	0.138	0.138	0.488	0.526	0.175
R0252TS028_4o__R0252TS110_3o	0.355	0.138	0.138	0.504	0.56	0.216
R0252TS028_4o__R0252TS167_2o	0.044	0.012	0.024	0.077	0.218	0.028
R0252TS028_5o__R0252TS110_3o	0.252	0.066	0.066	0.368	0.523	0.149
R0252TS028_5o__R0252TS167_2o	0.031	0.02	0.037	0.066	0.191	0.025
R0252TS110_2o__R0252TS167_3o	0.0	0.0	0.0	0.0	0.01	0.002
R0252TS110_3o__R0252TS028_3o	0.277	0.133	0.133	0.451	0.545	0.134
R0252TS110_3o__R0252TS262_1o	0.005	0.0	0.0	0.002	0.164	0.003
R0252TS110_4o__R0252TS110_1o	0.309	0.08	0.08	0.416	0.542	0.162
R0252TS110_4o__R0252TS110_2o	0.19	0.173	0.173	0.384	0.402	0.107
R0252TS110_4o__R0252TS167_4o	0.001	0.0	0.001	0.0	0.053	0.002
R0252TS110_4o__R0252TS262_2o	0.413	0.252	0.252	0.529	0.643	0.206
R0252TS110_5o__R0252TS167_1o	0.0	0.0	0.0	0.0	0.046	0.005
R0252TS110_5o__R0252TS450_3o	0.0	0.0	0.0	0.0	0.032	0.002
R0252TS110_5o__R0252TS450_4o	0.0	0.0	0.0	0.0	0.009	0.002
R0252TS167_3o__R0252TS208_1o	0.0	0.0	0.0	0.0	0.044	0.002
R0252TS167_5o__R0252TS167_2o	0.0	0.0	0.0	0.0	0.013	0.001
R0252TS167_5o__R0252TS208_1o	0.0	0.0	0.0	0.0	0.005	0.001
R0252TS167_5o__R0252TS208_4o	0.015	0.0	0.0	0.0	0.063	0.003
R0252TS167_5o__R0252TS450_2o	0.0	0.0	0.0	0.0	0.013	0.001
R0252TS208_4o__R0252TS208_1o	0.003	0.0	0.0	0.003	0.113	0.003
R0252TS262_1o__R0252TS167_1o	0.001	0.0	0.0	0.0	0.11	0.003
R0252TS262_3o__R0252TS450_1o	0.001	0.0	0.0	0.0	0.11	0.003
R0252TS262_5o__R0252TS450_1o	0.001	0.0	0.0	0.0	0.11	0.003
R0252TS294_1o__R0252TS110_4o	0.034	0.009	0.009	0.065	0.217	0.041
R0252TS294_1o__R0252TS208_5o	0.0	0.0	0.0	0.0	0.081	0.005
R0252TS294_3o__R0252TS028_5o	0.187	0.087	0.087	0.13	0.194	0.089
R0252TS294_3o__R0252TS462_2o	0.254	0.434	0.434	0.543	0.592	0.176
R0252TS294_5o__R0252TS110_3o	0.088	0.044	0.044	0.1	0.216	0.084
R0252TS450_1o__R0252TS262_3o	0.001	0.0	0.0	0.0	0.11	0.003
R0252TS450_2o__R0252TS262_3o	0.009	0.004	0.004	0.006	0.152	0.006
R0252TS450_4o__R0252TS450_1o	0.0	0.0	0.0	0.0	0.049	0.002
R0252TS450_5o__R0252TS450_4o	0.0	0.0	0.0	0.0	0.006	0.001
R0252TS462_3o__R0252TS028_3o	0.274	0.085	0.085	0.452	0.542	0.137
R0252TS462_3o__R0252TS208_5o	0.002	0.0	0.0	0.0	0.141	0.003
R0252TS462_3o__R0252TS262_2o	0.395	0.143	0.143	0.494	0.619	0.172
R0252TS462_4o__R0252TS028_3o	0.277	0.138	0.138	0.488	0.526	0.166
R0252TS462_4o__R0252TS110_5o	0.293	0.098	0.098	0.446	0.499	0.159
R0252TS462_4o__R0252TS167_3o	0.0	0.0	0.0	0.0	0.042	0.002
R0252TS462_4o__R0252TS208_3o	0.0	0.0	0.0	0.0	0.077	0.004
R0252TS462_4o__R0252TS462_2o	0.057	0.121	0.121	0.168	0.134	0.039
R0252TS462_5o__R0252TS167_5o	0.0	0.0	0.0	0.0	0.016	0.001
R0252TS462_5o__R0252TS262_4o	0.371	0.167	0.167	0.351	0.404	0.187
R0252TS462_5o__R0252TS462_3o	0.299	0.09	0.09	0.269	0.397	0.144
R0253TS028_1o__R0253TS450_3o	0.03	0.045	0.092	0.09	0.168	0.039
R0253TS028_2o__R0253TS167_4o	0.012	0.015	0.021	0.017	0.038	0.007
R0253TS028_2o__R0253TS208_3o	0.0	0.0	0.0	0.0	0.003	0.002
R0253TS028_2o__R0253TS450_2o	0.0	0.0	0.0	0.0	0.007	0.002
R0253TS028_3o__R0253TS028_4o	0.047	0.08	0.08	0.15	0.127	0.04
R0253TS028_3o__R0253TS208_4o	0.003	0.0	0.0	0.0	0.032	0.003
R0253TS028_3o__R0253TS262_5o	0.012	0.006	0.007	0.013	0.08	0.005
R0253TS028_4o__R0253TS167_3o	0.0	0.0	0.0	0.0	0.0	0.003
R0253TS028_4o__R0253TS208_1o	0.0	0.0	0.0	0.0	0.0	0.004
R0253TS028_4o__R0253TS294_5o	0.016	0.027	0.042	0.032	0.091	0.013
R0253TS028_5o__R0253TS028_4o	0.083	0.207	0.207	0.345	0.216	0.12
R0253TS110_1o__R0253TS110_5o	0.101	0.049	0.049	0.113	0.196	0.118
R0253TS110_1o__R0253TS262_2o	0.154	0.16	0.16	0.291	0.469	0.114
R0253TS110_2o__R0253TS028_3o	0.07	0.13	0.13	0.192	0.347	0.076
R0253TS110_2o__R0253TS294_5o	0.015	0.001	0.001	0.033	0.164	0.012
R0253TS110_2o__R0253TS462_2o	0.058	0.084	0.084	0.15	0.228	0.035
R0253TS110_3o__R0253TS110_2o	0.106	0.075	0.075	0.16	0.197	0.103
R0253TS110_3o__R0253TS462_4o	0.112	0.139	0.139	0.264	0.26	0.094
R0253TS110_3o__R0253TS462_5o	0.106	0.075	0.075	0.16	0.197	0.103
R0253TS110_5o__R0253TS028_4o	0.061	0.078	0.078	0.137	0.106	0.034
R0253TS167_1o__R0253TS208_4o	0.0	0.0	0.0	0.0	0.066	0.002
R0253TS167_5o__R0253TS208_2o	0.033	0.02	0.029	0.025	0.079	0.014
R0253TS167_5o__R0253TS450_2o	0.0	0.0	0.0	0.0	0.003	0.003
R0253TS208_1o__R0253TS262_1o	0.0	0.0	0.0	0.0	0.084	0.002
R0253TS208_2o__R0253TS450_2o	0.021	0.063	0.063	0.076	0.243	0.025
R0253TS208_4o__R0253TS167_2o	0.0	0.0	0.0	0.0	0.046	0.002
R0253TS208_4o__R0253TS262_1o	0.0	0.0	0.0	0.0	0.011	0.001
R0253TS262_2o__R0253TS208_3o	0.0	0.0	0.0	0.0	0.003	0.005
R0253TS262_2o__R0253TS462_1o	0.271	0.343	0.343	0.419	0.514	0.151
R0253TS262_4o__R0253TS028_5o	0.155	0.205	0.205	0.403	0.274	0.161
R0253TS262_4o__R0253TS167_1o	0.0	0.0	0.0	0.0	0.0	0.004
R0253TS262_4o__R0253TS450_1o	0.0	0.0	0.0	0.0	0.0	0.004
R0253TS294_1o__R0253TS208_1o	0.0	0.0	0.0	0.0	0.01	0.002
R0253TS294_1o__R0253TS294_3o	0.158	0.133	0.133	0.287	0.289	0.091
R0253TS294_3o__R0253TS208_1o	0.0	0.0	0.0	0.0	0.0	0.002
R0253TS294_3o__R0253TS208_3o	0.0	0.0	0.0	0.0	0.0	0.002
R0253TS294_5o__R0253TS167_1o	0.0	0.0	0.0	0.0	0.022	0.003
R0253TS450_3o__R0253TS208_2o	0.033	0.02	0.029	0.025	0.079	0.014
R0253TS450_4o__R0253TS294_5o	0.015	0.006	0.006	0.007	0.043	0.007
R0253TS450_5o__R0253TS167_2o	0.0	0.0	0.0	0.0	0.0	0.003
R0253TS462_1o__R0253TS028_5o	0.154	0.205	0.205	0.336	0.251	0.128
R0253TS462_1o__R0253TS167_2o	0.0	0.0	0.0	0.0	0.003	0.001
R0253TS462_2o__R0253TS110_5o	0.101	0.049	0.049	0.113	0.196	0.118
R0253TS462_2o__R0253TS450_3o	0.048	0.066	0.153	0.135	0.204	0.073
R0253TS462_3o__R0253TS262_1o	0.012	0.006	0.007	0.013	0.08	0.005
R0253TS462_4o__R0253TS028_4o	0.091	0.09	0.09	0.224	0.155	0.085
R0254TS028_1o__R0254TS110_4o	0.475	0.591	0.591	0.59	0.561	0.221
R0254TS028_1o__R0254TS167_3o	0.415	0.522	0.522	0.481	0.636	0.238
R0254TS028_2o__R0254TS189_3o	0.0	0.0	0.0	0.0	0.0	0.002
R0254TS028_2o__R0254TS189_4o	0.0	0.0	0.0	0.0	0.022	0.002
R0254TS028_2o__R0254TS262_4o	0.572	0.81	0.81	0.727	0.712	0.305
R0254TS028_2o__R0254TS294_1o	0.326	0.445	0.445	0.476	0.534	0.194
R0254TS028_3o__R0254TS462_5o	0.443	0.806	0.806	0.661	0.696	0.287
R0254TS028_4o__R0254TS167_1o	0.351	0.467	0.467	0.429	0.562	0.165
R0254TS028_4o__R0254TS189_5o	0.004	0.0	0.0	0.001	0.039	0.005
R0254TS028_5o__R0254TS110_1o	0.363	0.418	0.418	0.31	0.292	0.168
R0254TS028_5o__R0254TS167_5o	0.456	0.403	0.403	0.351	0.393	0.177
R0254TS028_5o__R0254TS262_1o	0.544	0.437	0.437	0.414	0.491	0.228
R0254TS110_1o__R0254TS028_2o	0.292	0.414	0.414	0.262	0.396	0.114
R0254TS110_1o__R0254TS167_4o	0.309	0.334	0.334	0.324	0.576	0.123
R0254TS110_1o__R0254TS262_2o	0.405	0.501	0.501	0.341	0.523	0.178
R0254TS110_2o__R0254TS189_2o	0.002	0.0	0.0	0.0	0.086	0.002
R0254TS110_2o__R0254TS272_1o	0.387	0.512	0.512	0.47	0.511	0.181
R0254TS110_2o__R0254TS450_5o	0.004	0.0	0.0	0.0	0.081	0.005
R0254TS110_3o__R0254TS272_1o	0.334	0.406	0.406	0.288	0.252	0.113
R0254TS110_4o__R0254TS262_2o	0.432	0.515	0.515	0.394	0.508	0.165
R0254TS110_5o__R0254TS462_2o	0.378	0.374	0.374	0.322	0.438	0.243
R0254TS167_1o__R0254TS167_3o	0.453	0.58	0.58	0.486	0.557	0.255
R0254TS167_1o__R0254TS262_4o	0.388	0.428	0.428	0.408	0.545	0.174
R0254TS167_1o__R0254TS294_2o	0.364	0.568	0.568	0.417	0.602	0.198
R0254TS167_2o__R0254TS110_3o	0.279	0.393	0.393	0.351	0.312	0.131
R0254TS167_2o__R0254TS262_2o	0.417	0.545	0.545	0.488	0.602	0.2
R0254TS167_2o__R0254TS272_4o	0.045	0.064	0.102	0.106	0.131	0.04
R0254TS167_3o__R0254TS167_4o	0.388	0.54	0.54	0.433	0.631	0.218
R0254TS167_3o__R0254TS272_1o	0.35	0.491	0.491	0.377	0.462	0.194
R0254TS167_4o__R0254TS028_4o	0.455	0.695	0.695	0.607	0.647	0.252
R0254TS167_4o__R0254TS028_5o	0.349	0.335	0.335	0.41	0.51	0.145
R0254TS167_4o__R0254TS262_2o	0.411	0.469	0.469	0.398	0.69	0.163
R0254TS167_4o__R0254TS262_5o	0.408	0.468	0.468	0.406	0.713	0.181
R0254TS167_5o__R0254TS028_3o	0.43	0.584	0.584	0.39	0.511	0.195
R0254TS167_5o__R0254TS028_5o	0.361	0.403	0.403	0.351	0.393	0.128
R0254TS167_5o__R0254TS167_1o	1.0	1.0	1.0	1.0	1.0	1.0
R0254TS167_5o__R0254TS262_5o	0.384	0.425	0.425	0.423	0.564	0.192
R0254TS241_5o__R0254TS110_2o	0.6	0.344	0.344	0.386	0.267	0.326
R0254TS241_5o__R0254TS189_2o	0.006	0.002	0.004	0.0	0.026	0.002
R0254TS241_5o__R0254TS262_3o	0.688	0.374	0.374	0.374	0.276	0.302
R0254TS241_5o__R0254TS262_4o	0.694	0.375	0.375	0.364	0.27	0.297
R0254TS241_5o__R0254TS272_1o	0.615	0.349	0.349	0.354	0.265	0.302
R0254TS241_5o__R0254TS294_3o	0.554	0.624	0.624	0.641	0.538	0.287
R0254TS262_1o__R0254TS272_1o	0.318	0.37	0.37	0.319	0.456	0.128
R0254TS262_1o__R0254TS294_1o	0.337	0.506	0.506	0.575	0.658	0.227
R0254TS262_2o__R0254TS262_3o	0.98	0.99	0.99	0.955	0.96	0.626
R0254TS262_2o__R0254TS450_2o	0.319	0.374	0.374	0.332	0.537	0.121
R0254TS262_3o__R0254TS189_3o	0.0	0.0	0.0	0.0	0.0	0.002
R0254TS262_3o__R0254TS262_2o	0.991	0.99	0.99	0.955	0.96	0.645
R0254TS262_3o__R0254TS294_2o	0.31	0.437	0.437	0.322	0.508	0.143
R0254TS262_3o__R0254TS450_4o	0.078	0.073	0.127	0.111	0.19	0.045
R0254TS262_4o__R0254TS167_1o	0.308	0.428	0.428	0.408	0.545	0.143
R0254TS262_4o__R0254TS294_1o	0.328	0.487	0.487	0.552	0.643	0.234
R0254TS262_5o__R0254TS167_3o	0.298	0.407	0.407	0.388	0.546	0.152
R0254TS262_5o__R0254TS189_3o	0.0	0.0	0.0	0.0	0.0	0.002
R0254TS262_5o__R0254TS272_5o	0.044	0.002	0.004	0.0	0.061	0.006
R0254TS262_5o__R0254TS462_3o	0.343	0.498	0.498	0.333	0.593	0.147
R0254TS272_1o__R0254TS028_1o	0.427	0.401	0.401	0.388	0.475	0.226
R0254TS272_1o__R0254TS028_2o	0.371	0.403	0.403	0.366	0.466	0.12
R0254TS272_1o__R0254TS110_2o	0.486	0.512	0.512	0.47	0.511	0.186
R0254TS294_2o__R0254TS110_2o	0.493	0.481	0.481	0.415	0.478	0.283
R0254TS294_2o__R0254TS167_2o	0.426	0.483	0.483	0.415	0.539	0.173
R0254TS294_3o__R0254TS028_5o	0.579	0.547	0.547	0.547	0.461	0.242
R0254TS294_3o__R0254TS110_5o	0.435	0.299	0.299	0.312	0.24	0.208
R0254TS294_3o__R0254TS450_5o	0.007	0.0	0.0	0.0	0.033	0.006
R0254TS450_1o__R0254TS110_2o	0.443	0.505	0.505	0.447	0.469	0.195
R0254TS450_1o__R0254TS294_3o	0.324	0.422	0.422	0.338	0.255	0.108
R0254TS450_1o__R0254TS462_5o	0.571	0.814	0.814	0.667	0.658	0.293
R0254TS450_2o__R0254TS167_3o	0.512	0.619	0.619	0.513	0.586	0.288
R0254TS450_2o__R0254TS294_1o	0.335	0.375	0.375	0.443	0.564	0.167
R0254TS450_2o__R0254TS462_4o	0.437	0.426	0.426	0.421	0.504	0.169
R0254TS450_4o__R0254TS189_4o	0.0	0.0	0.0	0.0	0.022	0.002
R0254TS462_1o__R0254TS110_1o	0.293	0.273	0.273	0.311	0.388	0.127
R0254TS462_1o__R0254TS294_3o	0.34	0.4	0.4	0.427	0.337	0.127
R0254TS462_1o__R0254TS462_5o	0.378	0.426	0.426	0.363	0.534	0.2
R0254TS462_2o__R0254TS241_5o	0.242	0.29	0.29	0.327	0.234	0.081
R0254TS462_3o__R0254TS110_1o	0.288	0.375	0.375	0.346	0.574	0.133
R0254TS462_4o__R0254TS189_5o	0.007	0.002	0.011	0.0	0.037	0.002
R0254TS462_4o__R0254TS241_5o	0.22	0.339	0.339	0.423	0.298	0.101
R0254TS462_4o__R0254TS262_5o	0.382	0.503	0.503	0.376	0.533	0.178
R0254TS462_4o__R0254TS450_1o	0.351	0.464	0.464	0.383	0.429	0.192
R0254TS462_5o__R0254TS110_5o	0.492	0.696	0.696	0.587	0.633	0.349
R0281TS241_3o__R0281TS294_5o	0.022	0.0	0.0	0.0	0.018	0.004
R0281TS241_4o__R0281TS262_2o	0.0	0.0	0.0	0.0	0.0	0.001
R0281TS262_1o__R0281TS272_5o	0.001	0.0	0.0	0.0	0.0	0.002
R0281TS262_1o__R0281TS481_1o	0.065	0.002	0.002	0.033	0.17	0.023
R0281TS262_2o__R0281TS294_2o	0.0	0.0	0.0	0.0	0.0	0.001
R0281TS262_2o__R0281TS481_2o	0.151	0.108	0.108	0.069	0.063	0.251
R0281TS262_3o__R0281TS272_2o	0.0	0.0	0.0	0.0	0.079	0.001
R0281TS262_3o__R0281TS286_2o	0.0	0.0	0.0	0.0	0.0	0.005
R0281TS262_3o__R0281TS286_5o	0.0	0.0	0.0	0.0	0.0	0.002
R0281TS262_4o__R0281TS241_3o	0.0	0.0	0.0	0.0	0.057	0.001
R0281TS262_5o__R0281TS294_3o	0.0	0.0	0.0	0.0	0.0	0.003
R0281TS272_2o__R0281TS294_3o	0.0	0.0	0.0	0.0	0.0	0.001
R0281TS272_5o__R0281TS262_2o	0.0	0.0	0.0	0.0	0.0	0.002
R0281TS286_2o__R0281TS286_3o	0.0	0.0	0.0	0.0	0.0	0.003
R0281TS286_4o__R0281TS241_4o	0.187	0.122	0.122	0.374	0.225	0.105
R0281TS286_4o__R0281TS262_4o	0.068	0.028	0.028	0.083	0.209	0.032
R0281TS286_4o__R0281TS294_3o	0.177	0.126	0.126	0.317	0.198	0.113
R0281TS294_1o__R0281TS241_5o	0.0	0.0	0.0	0.0	0.015	0.001
R0281TS294_2o__R0281TS241_3o	0.0	0.0	0.0	0.0	0.0	0.002
R0281TS294_3o__R0281TS294_2o	0.605	0.455	0.455	0.752	0.6	0.249
R0281TS294_4o__R0281TS286_2o	0.005	0.0	0.0	0.0	0.0	0.002
R0281TS304_3o__R0281TS262_2o	0.0	0.0	0.0	0.0	0.0	0.002
R0281TS304_3o__R0281TS286_4o	0.0	0.0	0.0	0.0	0.0	0.002
R0281TS304_3o__R0281TS294_1o	0.0	0.0	0.0	0.0	0.0	0.002
R0281TS304_5o__R0281TS262_4o	0.0	0.0	0.0	0.0	0.0	0.001
R0281TS304_5o__R0281TS272_2o	0.0	0.0	0.0	0.0	0.0	0.002
R0281TS481_1o__R0281TS262_2o	0.01	0.023	0.023	0.049	0.046	0.011
R0281TS481_1o__R0281TS272_2o	0.0	0.0	0.0	0.005	0.044	0.003
R0281TS481_2o__R0281TS272_5o	0.0	0.0	0.0	0.0	0.0	0.002
R0281TS481_2o__R0281TS286_3o	0.192	0.044	0.044	0.381	0.275	0.098
R0283TS241_5o__R0283TS262_4o	0.006	0.0	0.0	0.004	0.057	0.003
R0283TS262_2o__R0283TS481_4o	0.101	0.089	0.089	0.14	0.193	0.076
R0283TS262_4o__R0283TS262_2o	0.0	0.0	0.0	0.0	0.038	0.002
R0283TS304_5o__R0283TS481_4o	0.0	0.0	0.0	0.0	0.141	0.003
R0283TS462_2o__R0283TS450_5o	0.0	0.0	0.0	0.0	0.039	0.002
R0283TS462_2o__R0283TS462_3o	0.325	0.267	0.267	0.466	0.307	0.179
R0283TS462_2o__R0283TS481_1o	0.0	0.0	0.0	0.0	0.02	0.002
R0283TS462_3o__R0283TS450_5o	0.0	0.0	0.0	0.0	0.069	0.002
R0283TS462_4o__R0283TS262_5o	0.008	0.0	0.0	0.0	0.102	0.002
R0283TS462_5o__R0283TS167_3o	0.0	0.0	0.0	0.0	0.104	0.002
R0283TS462_5o__R0283TS450_4o	0.0	0.0	0.0	0.0	0.013	0.002
R0283TS462_5o__R0283TS462_2o	0.163	0.086	0.086	0.321	0.223	0.088
R0283TS481_3o__R0283TS304_3o	0.0	0.0	0.0	0.0	0.059	0.002
R0283TS481_5o__R0283TS262_3o	0.014	0.004	0.006	0.006	0.073	0.004
R0285TS028_1o__R0285TS028_5o	0.0	0.0	0.0	0.0	0.075	0.003
R0285TS028_2o__R0285TS110_1o	0.0	0.0	0.0	0.0	0.08	0.002
R0285TS028_2o__R0285TS262_3o	0.0	0.0	0.0	0.0	0.006	0.003
R0285TS028_2o__R0285TS272_2o	0.0	0.0	0.0	0.0	0.028	0.001
R0285TS028_2o__R0285TS462_5o	0.306	0.249	0.249	0.34	0.293	0.111
R0285TS028_2o__R0285TS481_5o	0.117	0.097	0.173	0.131	0.222	0.062
R0285TS028_3o__R0285TS110_4o	0.146	0.146	0.146	0.234	0.163	0.088
R0285TS028_3o__R0285TS272_2o	0.0	0.0	0.0	0.0	0.036	0.001
R0285TS028_3o__R0285TS294_5o	0.0	0.0	0.0	0.0	0.0	0.002
R0285TS028_5o__R0285TS208_2o	0.042	0.018	0.018	0.047	0.061	0.018
R0285TS028_5o__R0285TS262_4o	0.04	0.02	0.02	0.009	0.164	0.011
R0285TS110_1o__R0285TS462_1o	0.0	0.0	0.0	0.0	0.169	0.003
R0285TS110_2o__R0285TS462_4o	0.081	0.034	0.034	0.016	0.065	0.019
R0285TS110_3o__R0285TS208_5o	0.0	0.006	0.006	0.007	0.091	0.046
R0285TS110_3o__R0285TS262_1o	0.03	0.006	0.006	0.0	0.04	0.004
R0285TS110_4o__R0285TS028_5o	0.0	0.0	0.0	0.0	0.026	0.002
R0285TS110_4o__R0285TS241_2o	0.093	0.083	0.147	0.114	0.184	0.057
R0285TS110_4o__R0285TS481_1o	0.0	0.0	0.0	0.0	0.005	0.002
R0285TS110_5o__R0285TS028_2o	0.154	0.231	0.231	0.221	0.366	0.155
R0285TS110_5o__R0285TS208_4o	0.0	0.007	0.007	0.007	0.092	0.044
R0285TS110_5o__R0285TS462_1o	0.005	0.0	0.0	0.0	0.052	0.002
R0285TS110_5o__R0285TS462_5o	0.159	0.19	0.19	0.258	0.265	0.104
R0285TS110_5o__R0285TS481_2o	0.006	0.026	0.043	0.034	0.103	0.021
R0285TS189_1o__R0285TS462_2o	0.279	0.102	0.102	0.227	0.139	0.215
R0285TS208_1o__R0285TS189_1o	0.0	0.0	0.0	0.0	0.011	0.002
R0285TS208_1o__R0285TS208_3o	0.0	0.004	0.004	0.007	0.045	0.096
R0285TS208_1o__R0285TS262_1o	0.074	0.025	0.025	0.01	0.125	0.018
R0285TS208_1o__R0285TS262_3o	0.0	0.0	0.0	0.0	0.017	0.005
R0285TS208_2o__R0285TS028_4o	0.09	0.039	0.039	0.09	0.091	0.04
R0285TS208_3o__R0285TS110_1o	0.0	0.0	0.0	0.0	0.071	0.002
R0285TS208_3o__R0285TS110_2o	0.0	0.003	0.003	0.002	0.018	0.002
R0285TS208_3o__R0285TS189_2o	0.066	0.001	0.001	0.003	0.031	0.003
R0285TS208_3o__R0285TS208_4o	0.08	0.854	0.854	0.857	0.999	0.326
R0285TS208_3o__R0285TS481_5o	0.007	0.003	0.003	0.003	0.101	0.005
R0285TS208_4o__R0285TS189_2o	0.001	0.002	0.002	0.003	0.031	0.003
R0285TS208_5o__R0285TS189_2o	0.0	0.002	0.002	0.002	0.031	0.003
R0285TS208_5o__R0285TS262_3o	0.0	0.002	0.002	0.002	0.008	0.005
R0285TS208_5o__R0285TS272_1o	0.0	0.001	0.001	0.006	0.123	0.003
R0285TS262_1o__R0285TS028_4o	0.049	0.051	0.051	0.03	0.074	0.035
R0285TS262_1o__R0285TS462_4o	0.027	0.033	0.033	0.056	0.128	0.032
R0285TS262_1o__R0285TS481_1o	0.033	0.018	0.018	0.007	0.125	0.02
R0285TS262_2o__R0285TS208_1o	0.0	0.0	0.0	0.0	0.127	0.003
R0285TS262_3o__R0285TS208_3o	0.0	0.002	0.002	0.002	0.008	0.196
R0285TS262_3o__R0285TS262_4o	0.0	0.0	0.0	0.0	0.0	0.008
R0285TS262_4o__R0285TS028_3o	0.001	0.0	0.0	0.0	0.139	0.003
R0285TS262_4o__R0285TS028_4o	0.049	0.051	0.051	0.03	0.074	0.035
R0285TS262_4o__R0285TS110_3o	0.016	0.006	0.006	0.0	0.04	0.004
R0285TS262_4o__R0285TS189_2o	0.0	0.0	0.0	0.0	0.0	0.002
R0285TS262_4o__R0285TS208_4o	0.0	0.006	0.006	0.011	0.088	0.061
R0285TS262_5o__R0285TS028_1o	0.266	0.353	0.353	0.374	0.394	0.175
R0285TS262_5o__R0285TS272_2o	0.0	0.0	0.0	0.0	0.036	0.001
R0285TS272_1o__R0285TS110_3o	0.0	0.0	0.0	0.0	0.065	0.004
R0285TS272_1o__R0285TS262_4o	0.0	0.0	0.0	0.0	0.061	0.003
R0285TS462_1o__R0285TS462_5o	0.0	0.0	0.0	0.0	0.011	0.002
R0285TS462_1o__R0285TS481_3o	0.0	0.0	0.0	0.0	0.025	0.001
R0285TS462_2o__R0285TS208_1o	0.002	0.0	0.0	0.0	0.111	0.002
R0285TS462_2o__R0285TS272_1o	0.0	0.0	0.0	0.0	0.014	0.002
R0285TS462_2o__R0285TS462_1o	0.008	0.0	0.0	0.0	0.134	0.002
R0285TS462_2o__R0285TS481_3o	0.0	0.0	0.0	0.0	0.033	0.001
R0285TS462_3o__R0285TS189_1o	0.0	0.0	0.0	0.0	0.0	0.002
R0285TS462_3o__R0285TS208_4o	0.0	0.001	0.001	0.004	0.035	0.068
R0285TS462_4o__R0285TS262_5o	0.0	0.0	0.0	0.0	0.147	0.002
R0285TS462_4o__R0285TS462_2o	0.008	0.0	0.0	0.021	0.09	0.012
R0285TS462_5o__R0285TS262_5o	0.0	0.0	0.0	0.0	0.013	0.002
R0285TS481_1o__R0285TS110_4o	0.0	0.0	0.0	0.0	0.005	0.002
R0285TS481_1o__R0285TS241_2o	0.002	0.0	0.0	0.0	0.037	0.003
R0285TS481_1o__R0285TS262_2o	0.0	0.0	0.0	0.0	0.067	0.003
R0285TS481_1o__R0285TS462_3o	0.119	0.018	0.018	0.091	0.079	0.033
R0285TS481_1o__R0285TS481_2o	0.0	0.0	0.0	0.0	0.004	0.002
R0290TS028_1o__R0290TS028_4o	0.425	0.728	0.728	0.627	0.7	0.229
R0290TS028_1o__R0290TS028_5o	0.348	0.739	0.739	0.621	0.8	0.248
R0290TS028_1o__R0290TS241_4o	0.008	0.03	0.03	0.256	0.444	0.11
R0290TS028_1o__R0290TS286_4o	0.762	0.108	0.108	0.383	0.9	0.123
R0290TS028_1o__R0290TS294_4o	0.008	0.021	0.021	0.19	0.37	0.09
R0290TS028_1o__R0290TS462_5o	0.696	0.708	0.708	0.593	0.8	0.285
R0290TS028_1o__R0290TS481_2o	0.661	0.126	0.126	0.545	0.9	0.189
R0290TS028_2o__R0290TS028_4o	0.392	0.646	0.646	0.61	0.583	0.248
R0290TS028_2o__R0290TS110_3o	0.89	0.754	0.754	0.735	0.833	0.295
R0290TS028_3o__R0290TS286_5o	0.776	0.109	0.109	0.324	0.778	0.124
R0290TS028_4o__R0290TS028_3o	0.344	0.811	0.811	0.85	1.0	0.351
R0290TS028_4o__R0290TS110_1o	0.646	0.684	0.684	0.708	0.778	0.346
R0290TS028_4o__R0290TS286_1o	0.421	0.051	0.051	0.229	0.778	0.095
R0290TS028_4o__R0290TS462_3o	0.374	0.572	0.572	0.566	0.667	0.322
R0290TS028_5o__R0290TS286_1o	0.319	0.064	0.064	0.19	0.7	0.07
R0290TS028_5o__R0290TS286_4o	0.327	0.056	0.056	0.195	0.7	0.07
R0290TS028_5o__R0290TS294_2o	0.355	0.098	0.098	0.458	0.7	0.163
R0290TS110_1o__R0290TS028_2o	0.135	0.741	0.741	0.696	0.75	0.338
R0290TS110_1o__R0290TS110_2o	0.621	0.68	0.68	0.702	0.7	0.303
R0290TS110_1o__R0290TS110_4o	0.667	0.91	0.91	0.893	1.0	0.434
R0290TS110_1o__R0290TS286_3o	0.417	0.133	0.133	0.455	1.0	0.162
R0290TS110_1o__R0290TS462_5o	0.474	0.656	0.656	0.627	0.7	0.269
R0290TS110_3o__R0290TS294_3o	0.763	0.134	0.134	0.56	0.583	0.205
R0290TS110_3o__R0290TS462_1o	0.383	0.743	0.743	0.702	0.583	0.338
R0290TS110_3o__R0290TS481_5o	0.617	0.06	0.134	0.215	0.151	0.2
R0290TS110_4o__R0290TS028_1o	0.504	0.818	0.818	0.78	0.9	0.415
R0290TS110_4o__R0290TS110_5o	0.774	0.307	0.307	0.154	0.7	0.077
R0290TS110_4o__R0290TS294_4o	0.071	0.008	0.008	0.228	0.333	0.124
R0290TS110_4o__R0290TS462_1o	0.68	0.91	0.91	0.893	1.0	0.456
R0290TS110_5o__R0290TS028_5o	0.273	0.463	0.463	0.632	1.0	0.437
R0290TS110_5o__R0290TS110_1o	0.245	0.334	0.334	0.293	0.7	0.212
R0290TS110_5o__R0290TS110_4o	0.29	0.307	0.307	0.154	0.7	0.122
R0290TS110_5o__R0290TS286_2o	0.308	0.078	0.078	0.069	0.7	0.044
R0290TS110_5o__R0290TS294_2o	0.35	0.129	0.129	0.294	0.7	0.158
R0290TS110_5o__R0290TS294_4o	0.109	0.0	0.0	0.0	0.296	0.007
R0290TS110_5o__R0290TS462_5o	0.507	0.643	0.643	0.471	1.0	0.421
R0290TS110_5o__R0290TS481_1o	0.414	0.117	0.117	0.27	0.7	0.156
R0290TS241_2o__R0290TS241_4o	0.0	0.0	0.0	0.0	0.0	0.002
R0290TS241_2o__R0290TS481_1o	0.0	0.0	0.0	0.0	0.0	0.001
R0290TS241_4o__R0290TS028_3o	0.004	0.004	0.004	0.149	0.311	0.04
R0290TS241_4o__R0290TS286_2o	0.183	0.016	0.016	0.381	0.4	0.091
R0290TS241_4o__R0290TS294_5o	0.127	0.023	0.023	0.281	0.311	0.062
R0290TS286_1o__R0290TS286_4o	0.963	0.978	0.978	0.968	1.0	0.964
R0290TS286_1o__R0290TS294_4o	0.401	0.022	0.022	0.353	0.333	0.257
R0290TS286_1o__R0290TS462_2o	0.222	0.081	0.081	0.273	0.7	0.148
R0290TS286_2o__R0290TS294_5o	0.4	0.43	0.43	0.714	0.778	0.315
R0290TS286_2o__R0290TS462_1o	0.145	0.118	0.118	0.435	1.0	0.244
R0290TS286_2o__R0290TS462_2o	0.221	0.063	0.063	0.267	0.7	0.141
R0290TS286_3o__R0290TS110_2o	0.229	0.073	0.073	0.279	0.7	0.157
R0290TS286_3o__R0290TS286_4o	0.966	0.991	0.991	1.0	1.0	0.985
R0290TS286_3o__R0290TS462_4o	0.261	0.113	0.113	0.333	0.778	0.161
R0290TS286_4o__R0290TS241_2o	0.0	0.0	0.0	0.0	0.0	0.001
R0290TS286_4o__R0290TS294_4o	0.389	0.018	0.018	0.358	0.333	0.274
R0290TS286_5o__R0290TS028_5o	0.149	0.049	0.049	0.19	0.7	0.103
R0290TS286_5o__R0290TS286_4o	0.935	0.977	0.977	0.968	1.0	0.959
R0290TS286_5o__R0290TS462_2o	0.22	0.068	0.068	0.273	0.7	0.148
R0290TS294_1o__R0290TS028_5o	0.168	0.08	0.08	0.426	0.7	0.182
R0290TS294_1o__R0290TS110_3o	0.081	0.102	0.102	0.531	0.583	0.238
R0290TS294_1o__R0290TS110_4o	0.215	0.144	0.144	0.625	1.0	0.295
R0290TS294_1o__R0290TS286_5o	0.647	0.604	0.604	0.757	1.0	0.487
R0290TS294_1o__R0290TS462_3o	0.103	0.234	0.234	0.582	0.889	0.324
R0290TS294_2o__R0290TS110_1o	0.132	0.174	0.174	0.627	1.0	0.296
R0290TS294_2o__R0290TS294_5o	0.396	0.788	0.788	0.667	0.778	0.262
R0290TS294_2o__R0290TS462_2o	0.21	0.098	0.098	0.52	0.7	0.224
R0290TS294_3o__R0290TS028_3o	0.241	0.138	0.138	0.558	0.778	0.214
R0290TS294_3o__R0290TS110_2o	0.21	0.098	0.098	0.52	0.7	0.224
R0290TS294_3o__R0290TS241_2o	0.0	0.0	0.0	0.0	0.0	0.001
R0290TS294_3o__R0290TS294_5o	0.396	0.788	0.788	0.667	0.778	0.262
R0290TS294_4o__R0290TS286_1o	0.148	0.022	0.022	0.353	0.333	0.082
R0290TS294_4o__R0290TS286_4o	0.142	0.018	0.018	0.358	0.333	0.082
R0290TS294_4o__R0290TS294_3o	0.18	0.038	0.038	0.351	0.333	0.089
R0290TS294_4o__R0290TS294_5o	0.104	0.015	0.015	0.254	0.259	0.056
R0290TS294_4o__R0290TS462_3o	0.003	0.059	0.059	0.279	0.296	0.081
R0290TS294_5o__R0290TS110_4o	0.07	0.157	0.157	0.526	0.778	0.331
R0290TS294_5o__R0290TS286_4o	0.564	0.491	0.491	0.769	0.778	0.424
R0290TS294_5o__R0290TS462_3o	0.062	0.303	0.303	0.489	0.875	0.371
R0290TS462_1o__R0290TS462_3o	0.516	0.719	0.719	0.857	0.889	0.379
R0290TS462_1o__R0290TS481_2o	0.556	0.179	0.179	0.577	1.0	0.22
R0290TS462_2o__R0290TS028_4o	0.525	0.761	0.761	0.766	0.875	0.341
R0290TS462_2o__R0290TS462_4o	0.308	0.683	0.683	0.735	0.875	0.324
R0290TS462_3o__R0290TS481_5o	0.502	0.077	0.272	0.294	0.184	0.261
R0290TS462_4o__R0290TS028_1o	0.805	0.804	0.804	0.604	0.7	0.39
R0290TS462_4o__R0290TS110_1o	0.408	0.796	0.796	0.76	0.778	0.432
R0290TS462_4o__R0290TS481_5o	0.663	0.059	0.141	0.195	0.161	0.222
R0290TS462_5o__R0290TS110_1o	0.242	0.656	0.656	0.627	0.7	0.326
R0290TS462_5o__R0290TS294_4o	0.108	0.007	0.007	0.135	0.296	0.082
R0290TS462_5o__R0290TS462_3o	0.171	0.56	0.56	0.571	0.6	0.289
R0290TS481_1o__R0290TS028_1o	0.171	0.128	0.128	0.526	0.9	0.229
R0290TS481_1o__R0290TS286_1o	0.697	0.707	0.707	0.78	1.0	0.451
R0290TS481_1o__R0290TS294_2o	0.753	0.908	0.908	0.936	1.0	0.555
R0290TS481_1o__R0290TS462_2o	0.266	0.105	0.105	0.491	0.7	0.197
R0290TS481_2o__R0290TS110_3o	0.091	0.132	0.132	0.51	0.583	0.218
R0290TS481_2o__R0290TS110_4o	0.227	0.167	0.167	0.6	1.0	0.27
R0290TS481_2o__R0290TS462_3o	0.11	0.267	0.267	0.632	0.889	0.323
R1209TS159_1o__R1209TS159_2o	0.747	0.765	0.765	0.746	0.744	0.294
R1209TS159_2o__R1209TS159_1o	0.657	0.765	0.765	0.746	0.744	0.294
R1281TS028_3o__R1281TS272_4o	0.0	0.0	0.0	0.0	0.009	0.001
R1281TS028_4o__R1281TS448_1o	0.09	0.181	0.181	0.337	0.33	0.104
R1281TS028_5o__R1281TS156_4o	0.0	0.0	0.0	0.0	0.0	0.003
R1281TS028_5o__R1281TS286_4o	0.268	0.196	0.196	0.378	0.264	0.151
R1281TS052_1o__R1281TS052_3o	0.0	0.0	0.0	0.0	0.0	0.0
R1281TS052_4o__R1281TS272_4o	0.0	0.0	0.0	0.0	0.0	0.003
R1281TS091_1o__R1281TS189_2o	0.0	0.0	0.0	0.0	0.0	0.003
R1281TS091_1o__R1281TS294_4o	0.0	0.0	0.0	0.0	0.0	0.002
R1281TS091_1o__R1281TS462_5o	0.0	0.0	0.0	0.0	0.0	0.001
R1281TS091_2o__R1281TS267_2o	0.004	0.0	0.0	0.0	0.081	0.005
R1281TS091_2o__R1281TS448_3o	0.0	0.0	0.0	0.0	0.0	0.001
R1281TS091_3o__R1281TS262_2o	0.0	0.0	0.0	0.0	0.0	0.001
R1281TS091_4o__R1281TS462_5o	0.0	0.0	0.0	0.0	0.0	0.002
R1281TS110_4o__R1281TS267_3o	0.0	0.0	0.0	0.0	0.0	0.006
R1281TS143_2o__R1281TS241_1o	0.072	0.079	0.079	0.168	0.247	0.044
R1281TS143_3o__R1281TS241_3o	0.0	0.0	0.0	0.0	0.0	0.0
R1281TS143_3o__R1281TS294_1o	0.0	0.0	0.0	0.0	0.0	0.0
R1281TS156_1o__R1281TS143_2o	0.081	0.03	0.03	0.056	0.1	0.047
R1281TS156_1o__R1281TS241_5o	0.0	0.0	0.0	0.0	0.013	0.01
R1281TS156_2o__R1281TS167_1o	0.003	0.0	0.0	0.0	0.059	0.001
R1281TS156_4o__R1281TS241_1o	0.202	0.121	0.121	0.284	0.206	0.096
R1281TS156_4o__R1281TS267_3o	0.613	0.424	0.424	0.631	0.661	0.199
R1281TS156_5o__R1281TS241_5o	0.0	0.0	0.0	0.0	0.0	0.005
R1281TS167_1o__R1281TS262_3o	0.01	0.067	0.067	0.113	0.193	0.026
R1281TS167_2o__R1281TS091_2o	0.0	0.0	0.0	0.0	0.0	0.002
R1281TS167_2o__R1281TS110_5o	0.0	0.0	0.0	0.0	0.02	0.001
R1281TS167_4o__R1281TS167_5o	0.01	0.007	0.007	0.008	0.079	0.013
R1281TS167_4o__R1281TS189_3o	0.0	0.0	0.0	0.0	0.0	0.001
R1281TS167_5o__R1281TS189_4o	0.0	0.0	0.0	0.0	0.016	0.001
R1281TS183_2o__R1281TS052_3o	0.0	0.0	0.0	0.0	0.0	0.001
R1281TS183_4o__R1281TS462_5o	0.0	0.0	0.0	0.0	0.375	0.001
R1281TS183_5o__R1281TS110_2o	0.03	0.078	0.078	0.149	0.254	0.036
R1281TS189_2o__R1281TS028_1o	0.0	0.0	0.0	0.0	0.0	0.001
R1281TS208_2o__R1281TS028_5o	0.0	0.0	0.0	0.0	0.0	0.006
R1281TS208_2o__R1281TS183_5o	0.0	0.0	0.0	0.0	0.0	0.001
R1281TS208_5o__R1281TS189_5o	0.0	0.0	0.0	0.0	0.0	0.001
R1281TS208_5o__R1281TS462_4o	0.0	0.0	0.0	0.0	0.0	0.001
R1281TS208_5o__R1281TS481_4o	0.0	0.0	0.0	0.0	0.0	0.001
R1281TS241_2o__R1281TS294_5o	0.335	0.129	0.129	0.406	0.331	0.172
R1281TS241_5o__R1281TS208_2o	0.0	0.0	0.0	0.0	0.038	0.002
R1281TS241_5o__R1281TS272_5o	0.0	0.0	0.0	0.0	0.0	0.001
R1281TS262_2o__R1281TS143_3o	0.009	0.0	0.0	0.0	0.0	0.052
R1281TS262_2o__R1281TS448_2o	0.084	0.025	0.025	0.043	0.049	0.198
R1281TS262_4o__R1281TS208_3o	0.0	0.0	0.0	0.0	0.0	0.001
R1281TS262_5o__R1281TS241_4o	0.036	0.217	0.217	0.148	0.169	0.251
R1281TS262_5o__R1281TS462_5o	0.065	0.109	0.109	0.242	0.29	0.157
R1281TS267_1o__R1281TS052_5o	0.0	0.0	0.0	0.0	0.0	0.001
R1281TS267_2o__R1281TS167_2o	0.0	0.0	0.0	0.0	0.031	0.001
R1281TS267_2o__R1281TS167_4o	0.184	0.134	0.134	0.306	0.377	0.119
R1281TS267_3o__R1281TS110_1o	0.0	0.0	0.0	0.0	0.0	0.002
R1281TS267_3o__R1281TS241_1o	0.347	0.145	0.145	0.339	0.214	0.131
R1281TS267_4o__R1281TS304_5o	0.0	0.01	0.01	0.04	0.057	0.311
R1281TS267_5o__R1281TS241_4o	0.0	0.0	0.0	0.0	0.01	0.003
R1281TS267_5o__R1281TS448_2o	0.009	0.0	0.0	0.0	0.053	0.003
R1281TS272_1o__R1281TS143_1o	0.0	0.0	0.0	0.0	0.0	0.004
R1281TS272_1o__R1281TS208_1o	0.0	0.0	0.0	0.0	0.0	0.002
R1281TS272_1o__R1281TS286_1o	0.0	0.0	0.0	0.0	0.0	0.002
R1281TS272_3o__R1281TS091_5o	0.0	0.0	0.0	0.0	0.0	0.001
R1281TS272_4o__R1281TS262_1o	0.003	0.0	0.0	0.0	0.0	0.002
R1281TS286_1o__R1281TS208_4o	0.0	0.0	0.0	0.0	0.0	0.006
R1281TS286_1o__R1281TS294_2o	0.194	0.118	0.118	0.261	0.178	0.216
R1281TS286_2o__R1281TS481_4o	0.0	0.0	0.0	0.0	0.0	0.004
R1281TS286_3o__R1281TS028_2o	0.013	0.0	0.0	0.0	0.095	0.003
R1281TS286_3o__R1281TS208_3o	0.01	0.017	0.017	0.021	0.024	0.006
R1281TS286_4o__R1281TS481_4o	0.185	0.092	0.092	0.449	0.312	0.107
R1281TS286_5o__R1281TS143_1o	0.0	0.0	0.0	0.0	0.0	0.002
R1281TS294_1o__R1281TS110_4o	0.055	0.087	0.087	0.217	0.151	0.045
R1281TS294_2o__R1281TS208_3o	0.092	0.174	0.174	0.287	0.201	0.066
R1281TS294_2o__R1281TS448_3o	0.0	0.0	0.0	0.0	0.0	0.001
R1281TS294_3o__R1281TS267_3o	0.514	0.572	0.572	0.724	0.713	0.254
R1281TS294_3o__R1281TS481_1o	0.495	0.354	0.354	0.49	0.358	0.23
R1281TS294_5o__R1281TS481_2o	0.599	0.099	0.099	0.4	0.311	0.249
R1281TS304_2o__R1281TS110_5o	0.0	0.0	0.0	0.0	0.0	0.0
R1281TS304_2o__R1281TS286_1o	0.0	0.0	0.0	0.0	0.0	0.0
R1281TS304_3o__R1281TS052_1o	0.0	0.0	0.0	0.0	0.0	0.003
R1281TS304_3o__R1281TS208_1o	0.0	0.0	0.0	0.0	0.006	0.004
R1281TS304_3o__R1281TS208_2o	0.0	0.0	0.0	0.001	0.014	0.004
R1281TS304_3o__R1281TS241_4o	0.0	0.006	0.006	0.022	0.051	0.007
R1281TS448_1o__R1281TS110_5o	0.138	0.208	0.208	0.354	0.533	0.106
R1281TS448_1o__R1281TS241_2o	0.0	0.0	0.0	0.0	0.0	0.001
R1281TS448_2o__R1281TS110_2o	0.018	0.056	0.056	0.049	0.062	0.011
R1281TS448_2o__R1281TS189_3o	0.0	0.0	0.0	0.0	0.0	0.001
R1281TS448_2o__R1281TS286_4o	0.052	0.025	0.025	0.105	0.211	0.026
R1281TS448_3o__R1281TS091_1o	0.0	1.0	1.0	0.0	0.0	0.0
R1281TS448_3o__R1281TS262_1o	0.0	0.0	0.0	0.0	0.0	0.0
R1281TS462_1o__R1281TS052_4o	0.0	0.0	0.0	0.0	0.019	0.003
R1281TS462_2o__R1281TS183_4o	0.0	0.0	0.0	0.0	0.419	0.001
R1281TS462_3o__R1281TS028_1o	1.0	1.0	1.0	1.0	1.0	1.0
R1281TS462_3o__R1281TS143_1o	0.179	0.088	0.088	0.353	0.525	0.203
R1281TS462_4o__R1281TS110_1o	0.128	0.025	0.025	0.026	0.535	0.117
R1281TS462_4o__R1281TS304_3o	0.0	0.002	0.002	0.009	0.03	0.137
R1281TS481_1o__R1281TS286_3o	0.192	0.044	0.044	0.381	0.275	0.098
R1281TS481_2o__R1281TS208_2o	0.003	0.0	0.0	0.016	0.039	0.006
R1281TS481_2o__R1281TS294_1o	0.529	0.583	0.583	0.755	0.763	0.566
R1281TS481_3o__R1281TS167_4o	0.012	0.0	0.0	0.045	0.094	0.016
R1281TS481_4o__R1281TS241_2o	0.0	0.0	0.0	0.0	0.0	0.001
R1281TS481_4o__R1281TS448_1o	0.187	0.08	0.08	0.371	0.525	0.193
R1281TS481_4o__R1281TS448_2o	0.276	0.013	0.013	0.138	0.113	0.175
R1281TS481_5o__R1281TS052_2o	0.0	0.0	0.0	0.0	0.0	0.002
R1283v2TS028_1o__R1283v2TS091_4o	0.0	0.0	0.0	0.0	0.043	0.004
R1283v2TS028_1o__R1283v2TS167_4o	0.043	0.008	0.008	0.114	0.166	0.04
R1283v2TS028_2o__R1283v2TS208_4o	0.0	0.0	0.0	0.0	0.042	0.005
R1283v2TS028_4o__R1283v2TS272_3o	0.002	0.0	0.0	0.0	0.194	0.002
R1283v2TS028_5o__R1283v2TS183_5o	0.0	0.0	0.0	0.0	0.039	0.002
R1283v2TS052_1o__R1283v2TS028_4o	0.049	0.032	0.032	0.15	0.253	0.05
R1283v2TS052_1o__R1283v2TS156_3o	0.0	0.0	0.0	0.0	0.269	0.002
R1283v2TS052_1o__R1283v2TS167_4o	0.092	0.083	0.083	0.199	0.227	0.084
R1283v2TS052_1o__R1283v2TS294_3o	0.008	0.003	0.003	0.006	0.07	0.005
R1283v2TS052_4o__R1283v2TS167_3o	0.0	0.0	0.0	0.0	0.0	0.0
R1283v2TS091_1o__R1283v2TS294_1o	0.006	0.0	0.0	0.0	0.038	0.006
R1283v2TS091_1o__R1283v2TS304_1o	0.0	0.0	0.0	0.0	0.058	0.004
R1283v2TS091_2o__R1283v2TS286_2o	0.004	0.0	0.0	0.0	0.049	0.004
R1283v2TS091_3o__R1283v2TS208_2o	0.006	0.0	0.0	0.0	0.078	0.004
R1283v2TS091_4o__R1283v2TS304_2o	0.046	0.03	0.03	0.08	0.186	0.04
R1283v2TS091_5o__R1283v2TS156_1o	0.001	0.025	0.025	0.126	0.378	0.062
R1283v2TS091_5o__R1283v2TS156_3o	0.002	0.033	0.033	0.143	0.338	0.073
R1283v2TS110_5o__R1283v2TS183_3o	0.0	0.0	0.0	0.0	0.079	0.001
R1283v2TS156_1o__R1283v2TS156_2o	0.002	0.067	0.067	0.367	0.431	0.225
R1283v2TS156_1o__R1283v2TS304_4o	0.0	0.009	0.009	0.004	0.15	0.013
R1283v2TS156_2o__R1283v2TS286_2o	0.001	0.0	0.0	0.011	0.104	0.031
R1283v2TS156_3o__R1283v2TS208_4o	0.209	0.021	0.021	0.271	0.34	0.094
R1283v2TS156_3o__R1283v2TS304_2o	0.0	0.001	0.001	0.0	0.139	0.008
R1283v2TS156_3o__R1283v2TS481_4o	0.0	0.0	0.0	0.0	0.176	0.002
R1283v2TS167_1o__R1283v2TS481_4o	0.026	0.0	0.0	0.046	0.216	0.017
R1283v2TS167_2o__R1283v2TS262_5o	0.0	0.0	0.0	0.0	0.038	0.006
R1283v2TS167_3o__R1283v2TS189_5o	0.001	0.001	0.001	0.0	0.048	0.006
R1283v2TS167_3o__R1283v2TS272_1o	0.0	0.0	0.0	0.0	0.184	0.001
R1283v2TS167_3o__R1283v2TS417_1o	0.037	0.066	0.066	0.059	0.223	0.022
R1283v2TS167_4o__R1283v2TS091_5o	0.084	0.035	0.035	0.067	0.349	0.032
R1283v2TS167_4o__R1283v2TS167_3o	0.046	0.029	0.029	0.069	0.266	0.032
R1283v2TS167_5o__R1283v2TS462_1o	0.0	0.0	0.0	0.0	0.0	0.002
R1283v2TS183_1o__R1283v2TS167_4o	0.0	0.0	0.0	0.0	0.0	0.001
R1283v2TS183_1o__R1283v2TS272_1o	0.0	0.0	0.0	0.0	0.0	0.002
R1283v2TS183_1o__R1283v2TS294_2o	0.0	0.0	0.0	0.0	0.062	0.002
R1283v2TS183_2o__R1283v2TS267_1o	0.0	0.0	0.0	0.0	0.028	0.0
R1283v2TS183_5o__R1283v2TS267_1o	0.0	0.001	0.001	0.0	0.039	0.0
R1283v2TS189_1o__R1283v2TS110_1o	0.0	0.0	0.0	0.0	0.033	0.003
R1283v2TS189_5o__R1283v2TS272_2o	0.0	0.0	0.0	0.0	0.04	0.001
R1283v2TS208_2o__R1283v2TS110_4o	0.006	0.001	0.001	0.025	0.093	0.03
R1283v2TS208_3o__R1283v2TS052_3o	0.0	0.0	0.0	0.0	0.0	0.001
R1283v2TS208_4o__R1283v2TS028_1o	0.0	0.0	0.0	0.0	0.21	0.003
R1283v2TS208_4o__R1283v2TS262_1o	0.0	0.0	0.0	0.0	0.15	0.002
R1283v2TS208_5o__R1283v2TS208_1o	0.002	0.0	0.0	0.0	0.041	0.005
R1283v2TS241_2o__R1283v2TS272_1o	0.0	0.0	0.0	0.0	0.026	0.002
R1283v2TS241_5o__R1283v2TS028_4o	0.0	0.0	0.0	0.0	0.037	0.002
R1283v2TS262_1o__R1283v2TS028_1o	0.023	0.0	0.0	0.007	0.16	0.008
R1283v2TS262_3o__R1283v2TS028_1o	0.0	0.0	0.0	0.0	0.057	0.003
R1283v2TS262_4o__R1283v2TS052_4o	0.0	0.0	0.0	0.0	0.0	0.002
R1283v2TS262_4o__R1283v2TS481_3o	0.0	0.0	0.0	0.0	0.147	0.002
R1283v2TS272_1o__R1283v2TS481_1o	0.0	0.0	0.0	0.0	0.046	0.002
R1283v2TS272_2o__R1283v2TS450_4o	0.0	0.0	0.0	0.0	0.067	0.001
R1283v2TS272_3o__R1283v2TS110_2o	0.0	0.0	0.0	0.0	0.1	0.002
R1283v2TS272_3o__R1283v2TS417_4o	0.0	0.0	0.0	0.0	0.055	0.002
R1283v2TS272_4o__R1283v2TS091_5o	0.0	0.0	0.0	0.0	0.169	0.002
R1283v2TS272_4o__R1283v2TS272_1o	0.0	0.0	0.0	0.0	0.112	0.001
R1283v2TS272_5o__R1283v2TS267_4o	0.0	0.001	0.001	0.001	0.201	0.004
R1283v2TS286_1o__R1283v2TS091_5o	0.047	0.011	0.011	0.029	0.181	0.037
R1283v2TS286_1o__R1283v2TS286_5o	0.0	0.0	0.0	0.0	0.016	0.003
R1283v2TS286_2o__R1283v2TS110_5o	0.001	0.002	0.002	0.0	0.066	0.003
R1283v2TS286_3o__R1283v2TS028_4o	0.003	0.001	0.001	0.0	0.138	0.002
R1283v2TS286_3o__R1283v2TS052_4o	0.0	0.0	0.0	0.0	0.0	0.001
R1283v2TS286_4o__R1283v2TS156_1o	0.0	0.0	0.0	0.029	0.148	0.026
R1283v2TS286_5o__R1283v2TS183_3o	0.0	0.0	0.0	0.0	0.014	0.001
R1283v2TS294_1o__R1283v2TS183_2o	0.0	0.0	0.0	0.0	0.022	0.002
R1283v2TS294_1o__R1283v2TS267_5o	0.0	0.0	0.0	0.0	0.126	0.003
R1283v2TS294_1o__R1283v2TS294_2o	0.272	0.42	0.42	0.459	0.44	0.196
R1283v2TS294_2o__R1283v2TS262_4o	0.0	0.0	0.0	0.0	0.113	0.004
R1283v2TS294_3o__R1283v2TS241_3o	0.01	0.001	0.001	0.016	0.05	0.006
R1283v2TS294_5o__R1283v2TS208_1o	0.017	0.0	0.0	0.009	0.107	0.046
R1283v2TS304_1o__R1283v2TS450_3o	0.0	0.0	0.0	0.0	0.123	0.003
R1283v2TS304_2o__R1283v2TS462_3o	0.0	0.0	0.0	0.0	0.154	0.002
R1283v2TS304_3o__R1283v2TS267_2o	0.0	0.0	0.0	0.0	0.044	0.002
R1283v2TS304_3o__R1283v2TS294_2o	0.031	0.005	0.005	0.018	0.054	0.011
R1283v2TS304_4o__R1283v2TS091_1o	0.032	0.004	0.004	0.065	0.16	0.026
R1283v2TS304_5o__R1283v2TS286_4o	0.01	0.0	0.0	0.018	0.092	0.013
R1283v2TS417_1o__R1283v2TS167_4o	0.001	0.0	0.0	0.0	0.13	0.003
R1283v2TS417_1o__R1283v2TS267_2o	0.0	0.001	0.001	0.001	0.093	0.004
R1283v2TS417_2o__R1283v2TS183_2o	0.0	0.0	0.0	0.0	0.033	0.002
R1283v2TS450_1o__R1283v2TS183_3o	0.0	0.0	0.0	0.0	0.126	0.002
R1283v2TS450_2o__R1283v2TS156_2o	0.0	0.0	0.0	0.0	0.31	0.002
R1283v2TS450_3o__R1283v2TS417_5o	0.009	0.0	0.0	0.0	0.076	0.004
R1283v2TS450_4o__R1283v2TS183_3o	0.0	0.0	0.0	0.0	0.114	0.002
R1283v2TS450_5o__R1283v2TS267_5o	0.0	0.0	0.0	0.0	0.048	0.004
R1283v2TS462_1o__R1283v2TS462_3o	0.0	0.0	0.0	0.0	0.154	0.002
R1283v2TS462_2o__R1283v2TS286_2o	0.0	0.0	0.0	0.0	0.105	0.005
R1283v2TS462_2o__R1283v2TS462_4o	0.0	0.0	0.0	0.0	0.189	0.002
R1283v2TS462_4o__R1283v2TS304_1o	0.0	0.0	0.0	0.0	0.124	0.002
R1283v2TS462_4o__R1283v2TS450_5o	0.0	0.0	0.0	0.0	0.06	0.003
R1283v2TS481_3o__R1283v2TS304_2o	0.0	0.0	0.0	0.0	0.045	0.001
R1283v2TS481_3o__R1283v2TS450_2o	0.0	0.0	0.0	0.0	0.165	0.001
R1283v2TS481_4o__R1283v2TS156_3o	0.0	0.0	0.0	0.0	0.176	0.002
R1285TS028_1o__R1285TS241_4o	0.0	0.0	0.0	0.0	0.05	0.002
R1285TS028_1o__R1285TS417_4o	0.708	0.732	0.732	0.686	0.722	0.271
R1285TS028_4o__R1285TS028_3o	0.006	0.0	0.0	0.021	0.09	0.008
R1285TS028_4o__R1285TS208_5o	0.001	0.01	0.01	0.012	0.128	0.054
R1285TS028_5o__R1285TS267_4o	0.0	0.0	0.0	0.0	0.069	0.002
R1285TS028_5o__R1285TS294_1o	0.0	0.0	0.0	0.0	0.025	0.002
R1285TS052_1o__R1285TS091_3o	0.0	0.0	0.0	0.0	0.054	0.001
R1285TS052_1o__R1285TS183_3o	0.0	0.0	0.0	0.0	0.0	0.001
R1285TS052_1o__R1285TS294_3o	0.0	0.0	0.0	0.0	0.173	0.003
R1285TS052_2o__R1285TS028_2o	0.08	0.02	0.02	0.122	0.193	0.052
R1285TS052_4o__R1285TS110_5o	0.003	0.023	0.023	0.0	0.034	0.001
R1285TS052_5o__R1285TS286_1o	0.0	0.0	0.0	0.0	0.0	0.002
R1285TS091_1o__R1285TS052_2o	0.0	0.0	0.0	0.0	0.065	0.002
R1285TS091_1o__R1285TS294_3o	0.0	0.0	0.0	0.0	0.031	0.002
R1285TS091_2o__R1285TS450_1o	0.0	0.0	0.0	0.0	0.027	0.001
R1285TS091_3o__R1285TS183_3o	0.0	0.0	0.0	0.0	0.0	0.002
R1285TS091_3o__R1285TS417_2o	0.0	0.0	0.0	0.0	0.0	0.001
R1285TS091_5o__R1285TS028_4o	0.0	0.0	0.0	0.0	0.038	0.002
R1285TS091_5o__R1285TS167_3o	0.0	0.0	0.0	0.0	0.0	0.001
R1285TS091_5o__R1285TS208_5o	0.0	0.0	0.0	0.0	0.013	0.002
R1285TS091_5o__R1285TS262_4o	0.0	0.0	0.0	0.0	0.0	0.001
R1285TS110_2o__R1285TS208_5o	0.002	0.009	0.009	0.024	0.038	0.296
R1285TS110_2o__R1285TS462_1o	0.422	0.35	0.35	0.667	0.596	0.201
R1285TS110_3o__R1285TS241_3o	0.0	0.0	0.0	0.0	0.096	0.003
R1285TS110_4o__R1285TS183_1o	0.0	0.0	0.0	0.0	0.0	0.002
R1285TS110_4o__R1285TS462_3o	0.068	0.013	0.013	0.062	0.147	0.024
R1285TS110_5o__R1285TS052_4o	0.001	0.023	0.023	0.0	0.034	0.001
R1285TS156_1o__R1285TS294_5o	0.0	0.057	0.057	0.18	0.185	0.044
R1285TS156_3o__R1285TS167_2o	0.0	0.0	0.0	0.0	0.176	0.003
R1285TS156_3o__R1285TS267_2o	0.0	0.0	0.0	0.0	0.064	0.004
R1285TS156_4o__R1285TS262_4o	0.0	0.012	0.012	0.006	0.173	0.013
R1285TS156_5o__R1285TS417_3o	0.0	0.0	0.0	0.0	0.0	0.002
R1285TS167_1o__R1285TS294_4o	0.0	0.0	0.0	0.0	0.103	0.003
R1285TS167_5o__R1285TS294_5o	0.198	0.127	0.127	0.246	0.222	0.155
R1285TS167_5o__R1285TS481_5o	0.0	0.0	0.0	0.0	0.022	0.002
R1285TS183_1o__R1285TS294_5o	0.02	0.045	0.045	0.0	0.105	0.001
R1285TS183_3o__R1285TS417_1o	0.0	0.0	0.0	0.0	0.0	0.001
R1285TS183_4o__R1285TS167_2o	0.0	0.0	0.0	0.0	0.0	0.003
R1285TS183_4o__R1285TS208_1o	0.0	0.003	0.003	0.002	0.087	0.009
R1285TS183_5o__R1285TS189_3o	0.0	0.0	0.0	0.0	0.007	0.004
R1285TS183_5o__R1285TS481_5o	0.0	0.0	0.0	0.0	0.094	0.002
R1285TS189_2o__R1285TS262_3o	0.0	0.0	0.0	0.0	0.0	0.002
R1285TS189_2o__R1285TS286_1o	0.0	0.0	0.0	0.0	0.006	0.003
R1285TS189_3o__R1285TS294_2o	0.0	0.0	0.0	0.0	0.099	0.002
R1285TS208_1o__R1285TS091_1o	0.0	0.0	0.0	0.0	0.015	0.004
R1285TS208_1o__R1285TS183_1o	0.0	0.001	0.001	0.001	0.023	0.002
R1285TS208_2o__R1285TS241_2o	0.003	0.005	0.005	0.004	0.088	0.004
R1285TS241_1o__R1285TS028_2o	0.064	0.019	0.019	0.098	0.159	0.035
R1285TS241_1o__R1285TS450_4o	0.082	0.032	0.032	0.155	0.215	0.052
R1285TS262_1o__R1285TS091_4o	0.0	0.0	0.0	0.0	0.017	0.001
R1285TS262_2o__R1285TS156_5o	0.0	0.0	0.0	0.0	0.021	0.002
R1285TS262_2o__R1285TS481_5o	0.0	0.0	0.0	0.0	0.015	0.007
R1285TS262_3o__R1285TS183_1o	0.0	0.0	0.0	0.0	0.0	0.001
R1285TS262_5o__R1285TS417_4o	0.0	0.0	0.0	0.0	0.056	0.002
R1285TS286_1o__R1285TS091_3o	0.0	0.0	0.0	0.0	0.137	0.002
R1285TS286_1o__R1285TS183_2o	0.0	0.0	0.0	0.0	0.0	0.002
R1285TS286_2o__R1285TS294_3o	0.0	0.0	0.0	0.0	0.033	0.004
R1285TS286_3o__R1285TS304_1o	0.013	0.017	0.017	0.022	0.25	0.022
R1285TS286_5o__R1285TS481_5o	0.0	0.0	0.0	0.0	0.017	0.002
R1285TS294_1o__R1285TS286_1o	0.0	0.0	0.0	0.0	0.096	0.003
R1285TS294_1o__R1285TS286_3o	0.288	0.349	0.349	0.286	0.253	0.117
R1285TS294_2o__R1285TS167_3o	0.0	0.0	0.0	0.0	0.101	0.002
R1285TS294_2o__R1285TS286_2o	0.0	0.0	0.0	0.0	0.101	0.002
R1285TS294_2o__R1285TS450_3o	0.0	0.0	0.0	0.0	0.101	0.002
R1285TS294_4o__R1285TS262_2o	0.0	0.0	0.0	0.0	0.084	0.003
R1285TS304_1o__R1285TS208_1o	0.0	0.007	0.007	0.01	0.101	0.059
R1285TS304_2o__R1285TS183_5o	0.0	0.0	0.0	0.0	0.066	0.002
R1285TS304_4o__R1285TS028_5o	0.03	0.007	0.007	0.01	0.1	0.006
R1285TS304_5o__R1285TS110_5o	0.0	0.007	0.007	0.008	0.092	0.005
R1285TS304_5o__R1285TS167_2o	0.026	0.001	0.001	0.0	0.042	0.002
R1285TS417_1o__R1285TS091_5o	0.0	0.0	0.0	0.0	0.0	0.001
R1285TS417_1o__R1285TS189_3o	0.0	0.0	0.0	0.0	0.042	0.002
R1285TS417_2o__R1285TS267_2o	0.0	0.0	0.0	0.0	0.008	0.001
R1285TS417_5o__R1285TS208_5o	0.0	0.0	0.0	0.0	0.065	0.002
R1285TS417_5o__R1285TS304_3o	0.0	0.0	0.0	0.0	0.065	0.002
R1285TS450_1o__R1285TS262_5o	0.001	0.0	0.0	0.0	0.139	0.013
R1285TS450_3o__R1285TS091_1o	0.0	0.0	0.0	0.0	0.021	0.001
R1285TS450_3o__R1285TS267_2o	0.0	0.0	0.0	0.0	0.02	0.003
R1285TS450_3o__R1285TS294_1o	0.136	0.157	0.157	0.206	0.35	0.138
R1285TS450_4o__R1285TS052_3o	0.0	0.0	0.0	0.0	0.097	0.003
R1285TS450_4o__R1285TS110_4o	0.144	0.022	0.022	0.114	0.147	0.065
R1285TS450_4o__R1285TS241_5o	0.0	0.0	0.0	0.0	0.119	0.002
R1285TS450_4o__R1285TS286_3o	0.0	0.0	0.0	0.0	0.188	0.003
R1285TS450_5o__R1285TS156_2o	0.0	0.0	0.0	0.0	0.013	0.013
R1285TS462_1o__R1285TS052_3o	0.01	0.017	0.017	0.0	0.093	0.002
R1285TS462_1o__R1285TS267_1o	0.0	0.0	0.0	0.0	0.015	0.002
R1285TS462_1o__R1285TS304_3o	0.0	0.003	0.003	0.012	0.027	0.277
R1285TS462_2o__R1285TS294_3o	0.229	0.023	0.023	0.199	0.182	0.117
R1285TS462_4o__R1285TS481_2o	0.272	0.066	0.066	0.304	0.342	0.107
R1285TS462_4o__R1285TS481_3o	0.068	0.043	0.043	0.084	0.22	0.031
R1285TS481_1o__R1285TS262_3o	0.0	0.0	0.0	0.0	0.068	0.002
R1285TS481_2o__R1285TS028_4o	0.008	0.016	0.016	0.008	0.066	0.007
R1285TS481_2o__R1285TS462_1o	0.187	0.056	0.056	0.411	0.279	0.121
R1285TS481_3o__R1285TS262_1o	0.0	0.0	0.0	0.0	0.022	0.002
R1285TS481_4o__R1285TS028_1o	0.0	0.0	0.0	0.0	0.0	0.002
R1285TS481_4o__R1285TS110_4o	0.0	0.0	0.0	0.0	0.064	0.003
R1285TS481_5o__R1285TS208_5o	0.0	0.004	0.004	0.003	0.066	0.026
R1290TS028_2o__R1290TS052_2o	0.277	0.332	0.332	0.34	0.8	0.166
R1290TS028_3o__R1290TS267_4o	0.0	0.0	0.0	0.0	0.004	0.002
R1290TS028_4o__R1290TS462_2o	0.453	0.476	0.476	0.5	0.667	0.167
R1290TS052_1o__R1290TS208_5o	0.01	0.001	0.001	0.005	0.014	0.317
R1290TS052_4o__R1290TS183_5o	0.425	0.113	0.113	0.316	0.7	0.142
R1290TS052_5o__R1290TS241_3o	0.048	0.0	0.0	0.127	0.37	0.077
R1290TS091_2o__R1290TS272_2o	0.0	0.0	0.0	0.0	0.014	0.003
R1290TS091_2o__R1290TS450_3o	0.514	0.576	0.576	0.545	0.483	0.268
R1290TS091_3o__R1290TS156_4o	0.028	0.069	0.069	0.369	0.292	0.183
R1290TS091_3o__R1290TS462_4o	0.059	0.064	0.064	0.159	0.421	0.05
R1290TS091_4o__R1290TS167_1o	0.47	0.401	0.401	0.629	0.51	0.407
R1290TS091_4o__R1290TS267_3o	0.0	0.0	0.0	0.0	0.005	0.002
R1290TS091_4o__R1290TS417_2o	0.662	0.468	0.468	0.642	0.519	0.502
R1290TS091_5o__R1290TS091_4o	0.484	0.519	0.519	0.628	0.518	0.46
R1290TS091_5o__R1290TS262_4o	0.188	0.061	0.061	0.425	0.327	0.102
R1290TS110_1o__R1290TS208_3o	0.009	0.001	0.001	0.01	0.016	0.256
R1290TS110_1o__R1290TS262_3o	0.328	0.194	0.194	0.556	0.9	0.196
R1290TS110_2o__R1290TS052_2o	0.293	0.249	0.249	0.321	0.667	0.148
R1290TS110_3o__R1290TS267_4o	0.0	0.0	0.0	0.0	0.004	0.001
R1290TS110_3o__R1290TS417_3o	0.05	0.002	0.002	0.257	0.45	0.11
R1290TS143_1o__R1290TS262_2o	0.677	0.703	0.703	0.727	0.9	0.482
R1290TS143_2o__R1290TS448_4o	0.729	0.887	0.887	0.842	1.0	0.815
R1290TS143_3o__R1290TS267_1o	0.0	0.0	0.0	0.0	0.002	0.002
R1290TS143_4o__R1290TS028_2o	0.241	0.105	0.105	0.346	0.8	0.136
R1290TS143_4o__R1290TS241_1o	0.0	0.0	0.0	0.0	0.0	0.001
R1290TS156_1o__R1290TS028_5o	0.24	0.029	0.029	0.319	0.421	0.083
R1290TS156_1o__R1290TS110_2o	0.07	0.213	0.213	0.247	0.45	0.073
R1290TS156_2o__R1290TS189_4o	0.0	0.0	0.0	0.0	0.0	0.003
R1290TS156_2o__R1290TS241_1o	0.0	0.0	0.0	0.0	0.034	0.002
R1290TS156_3o__R1290TS241_5o	0.297	0.057	0.057	0.27	0.273	0.1
R1290TS156_3o__R1290TS448_1o	0.001	0.077	0.077	0.333	0.316	0.084
R1290TS156_3o__R1290TS448_3o	0.001	0.077	0.077	0.333	0.316	0.084
R1290TS156_4o__R1290TS156_5o	0.0	0.098	0.098	0.355	0.448	0.119
R1290TS167_1o__R1290TS167_4o	0.0	0.0	0.0	0.0	0.017	0.002
R1290TS167_1o__R1290TS262_3o	0.224	0.129	0.129	0.469	0.383	0.123
R1290TS167_1o__R1290TS462_1o	0.029	0.073	0.073	0.062	0.34	0.024
R1290TS167_2o__R1290TS241_4o	0.0	0.0	0.0	0.0	0.0	0.002
R1290TS167_3o__R1290TS143_1o	0.0	0.0	0.0	0.0	0.0	0.001
R1290TS167_5o__R1290TS091_3o	0.0	0.0	0.0	0.0	0.054	0.002
R1290TS167_5o__R1290TS450_2o	0.027	0.007	0.007	0.0	0.113	0.017
R1290TS183_2o__R1290TS156_5o	0.0	0.099	0.099	0.438	0.436	0.231
R1290TS183_3o__R1290TS156_4o	0.044	0.063	0.063	0.376	0.333	0.262
R1290TS183_3o__R1290TS462_5o	0.232	0.116	0.116	0.255	0.727	0.131
R1290TS183_4o__R1290TS267_4o	0.0	0.0	0.0	0.0	0.004	0.002
R1290TS183_4o__R1290TS481_4o	0.82	0.873	0.873	0.889	1.0	0.684
R1290TS189_1o__R1290TS183_2o	0.0	0.0	0.0	0.0	0.0	0.001
R1290TS189_1o__R1290TS294_5o	0.0	0.0	0.0	0.0	0.0	0.001
R1290TS189_2o__R1290TS028_5o	0.0	0.0	0.0	0.0	0.0	0.001
R1290TS189_3o__R1290TS156_5o	0.0	0.0	0.0	0.0	0.046	0.002
R1290TS189_5o__R1290TS294_2o	0.0	0.0	0.0	0.0	0.049	0.002
R1290TS189_5o__R1290TS294_4o	0.018	0.0	0.0	0.0	0.129	0.015
R1290TS208_1o__R1290TS167_5o	0.0	0.003	0.003	0.002	0.047	0.003
R1290TS208_1o__R1290TS189_1o	0.0	0.003	0.003	0.007	0.1	0.005
R1290TS208_2o__R1290TS143_1o	0.028	0.002	0.002	0.009	0.016	0.003
R1290TS208_2o__R1290TS262_2o	0.102	0.002	0.002	0.008	0.014	0.003
R1290TS208_4o__R1290TS481_2o	0.05	0.001	0.001	0.009	0.014	0.003
R1290TS241_1o__R1290TS091_2o	0.428	0.397	0.397	0.459	0.441	0.149
R1290TS241_1o__R1290TS262_4o	0.0	0.0	0.0	0.0	0.0	0.001
R1290TS241_2o__R1290TS183_4o	0.233	0.041	0.041	0.491	0.5	0.14
R1290TS241_2o__R1290TS208_3o	0.014	0.005	0.005	0.009	0.029	0.223
R1290TS241_2o__R1290TS272_2o	0.0	0.0	0.0	0.0	0.0	0.001
R1290TS241_3o__R1290TS262_2o	0.186	0.048	0.048	0.468	0.34	0.113
R1290TS241_5o__R1290TS481_3o	0.215	0.076	0.076	0.56	0.419	0.141
R1290TS262_2o__R1290TS143_4o	0.164	0.697	0.697	0.706	0.9	0.556
R1290TS262_2o__R1290TS272_4o	0.0	0.0	0.0	0.0	0.0	0.001
R1290TS272_1o__R1290TS167_1o	0.0	0.0	0.0	0.0	0.0	0.001
R1290TS272_2o__R1290TS156_5o	0.0	0.0	0.0	0.0	0.0	0.001
R1290TS272_2o__R1290TS208_5o	0.0	0.005	0.005	0.008	0.083	0.037
R1290TS272_3o__R1290TS156_5o	0.0	0.0	0.0	0.0	0.0	0.001
R1290TS286_1o__R1290TS272_5o	0.0	0.0	0.0	0.0	0.0	0.001
R1290TS286_3o__R1290TS267_2o	0.0	0.0	0.0	0.0	0.0	0.002
R1290TS286_4o__R1290TS052_1o	0.547	0.784	0.784	0.897	0.944	0.534
R1290TS294_1o__R1290TS028_2o	0.272	0.332	0.332	0.273	0.889	0.134
R1290TS294_2o__R1290TS448_2o	0.147	0.584	0.584	0.72	0.9	0.478
R1290TS294_3o__R1290TS208_1o	0.054	0.002	0.002	0.007	0.014	0.28
R1290TS294_4o__R1290TS167_1o	0.319	0.289	0.289	0.468	0.423	0.21
R1290TS417_2o__R1290TS028_1o	0.059	0.02	0.02	0.078	0.308	0.03
R1290TS417_2o__R1290TS241_5o	0.653	0.868	0.868	0.731	0.727	0.495
R1290TS417_2o__R1290TS262_4o	0.187	0.045	0.045	0.427	0.346	0.105
R1290TS417_3o__R1290TS028_2o	0.06	0.038	0.038	0.125	0.4	0.045
R1290TS417_4o__R1290TS110_5o	0.034	0.101	0.101	0.109	0.444	0.044
R1290TS417_4o__R1290TS481_4o	0.234	0.003	0.003	0.519	0.529	0.16
R1290TS448_2o__R1290TS143_1o	0.924	0.898	0.898	0.82	1.0	0.911
R1290TS448_3o__R1290TS294_5o	0.195	0.737	0.737	0.5	0.7	0.247
R1290TS448_4o__R1290TS028_2o	0.241	0.105	0.105	0.346	0.8	0.136
R1290TS450_2o__R1290TS448_1o	0.0	0.0	0.0	0.0	0.0	0.001
R1290TS450_2o__R1290TS448_4o	0.0	0.0	0.0	0.0	0.0	0.001
R1290TS450_4o__R1290TS156_2o	0.0	0.0	0.0	0.0	0.05	0.001
R1290TS450_4o__R1290TS286_5o	0.0	0.0	0.0	0.0	0.0	0.001
R1290TS450_5o__R1290TS462_3o	0.0	0.0	0.0	0.0	0.0	0.001
R1290TS450_5o__R1290TS481_2o	0.0	0.0	0.0	0.0	0.0	0.001
R1290TS462_1o__R1290TS156_5o	0.0	0.196	0.196	0.152	0.385	0.084
R1290TS462_1o__R1290TS448_3o	0.096	0.12	0.12	0.357	0.8	0.176
R1290TS462_3o__R1290TS208_5o	0.006	0.002	0.002	0.01	0.016	0.256
R1290TS462_3o__R1290TS481_1o	0.308	0.139	0.139	0.536	0.9	0.193
R1290TS462_4o__R1290TS189_1o	0.0	0.0	0.0	0.0	0.0	0.001
R1290TS481_3o__R1290TS028_1o	0.267	0.157	0.157	0.375	0.889	0.155
R1290TS481_3o__R1290TS052_1o	0.565	0.914	0.914	0.737	0.944	0.484
T0206TS014_3o__T0206TS221_1o	0.96	0.98	0.98	0.944	0.959	0.955
T0206TS015_1o__T0206TS022_1o	0.95	0.979	0.979	0.955	0.943	0.951
T0206TS015_2o__T0206TS337_1o	0.041	0.067	0.067	0.048	0.196	0.019
T0206TS015_4o__T0206TS475_2o	0.93	0.974	0.974	0.965	0.975	0.953
T0206TS022_1o__T0206TS468_4o	0.958	0.247	0.98	0.4	0.259	0.963
T0206TS022_4o__T0206TS221_5o	0.55	0.509	0.509	0.503	0.614	0.362
T0206TS028_1o__T0206TS380_4o	0.926	0.808	0.974	0.861	0.77	0.935
T0206TS028_1o__T0206TS388_1o	0.98	0.987	0.987	0.967	0.975	0.979
T0206TS028_2o__T0206TS015_1o	0.971	0.983	0.983	0.96	0.959	0.967
T0206TS028_3o__T0206TS122_2o	0.987	0.358	0.989	0.552	0.404	0.982
T0206TS052_2o__T0206TS139_3o	0.913	0.966	0.966	0.891	0.935	0.901
T0206TS052_5o__T0206TS319_1o	0.977	0.986	0.986	0.964	0.959	0.944
T0206TS059_4o__T0206TS286_4o	0.531	0.449	0.449	0.385	0.492	0.402
T0206TS059_5o__T0206TS423_3o	0.956	0.981	0.981	0.956	0.992	0.952
T0206TS110_1o__T0206TS122_1o	0.966	0.984	0.984	0.953	0.927	0.933
T0206TS110_2o__T0206TS014_3o	0.937	0.975	0.975	0.941	0.935	0.808
T0206TS122_1o__T0206TS331_3o	0.966	0.336	0.982	0.506	0.392	0.941
T0206TS122_5o__T0206TS319_2o	0.974	0.988	0.988	0.967	0.967	0.974
T0206TS139_2o__T0206TS393_4o	0.941	0.974	0.974	0.937	0.967	0.937
T0206TS139_4o__T0206TS015_5o	0.914	0.971	0.971	0.939	0.975	0.85
T0206TS139_5o__T0206TS462_5o	0.961	0.984	0.984	0.955	0.934	0.96
T0206TS148_1o__T0206TS191_3o	0.176	0.207	0.34	0.194	0.483	0.107
T0206TS148_1o__T0206TS462_1o	0.967	0.984	0.984	0.934	0.919	0.97
T0206TS163_1o__T0206TS014_3o	0.949	0.977	0.977	0.949	0.959	0.82
T0206TS163_1o__T0206TS494_5o	0.91	0.968	0.968	0.91	0.935	0.684
T0206TS163_5o__T0206TS208_5o	0.965	0.982	0.982	0.964	0.967	0.963
T0206TS164_5o__T0206TS494_4o	0.922	0.97	0.97	0.936	0.967	0.687
T0206TS191_2o__T0206TS298_1o	0.972	0.985	0.985	0.965	0.975	0.955
T0206TS196_1o__T0206TS456_1o	0.962	0.988	0.988	0.953	0.952	0.974
T0206TS208_2o__T0206TS264_4o	0.988	0.987	0.987	0.956	0.951	0.974
T0206TS208_3o__T0206TS322_2o	0.318	0.259	0.518	0.306	0.546	0.205
T0206TS221_1o__T0206TS380_2o	0.935	0.975	0.975	0.952	0.983	0.943
T0206TS221_1o__T0206TS425_2o	0.949	0.977	0.977	0.955	0.967	0.96
T0206TS221_4o__T0206TS337_1o	0.041	0.049	0.049	0.015	0.131	0.013
T0206TS221_5o__T0206TS264_3o	0.918	0.963	0.963	0.92	0.944	0.93
T0206TS241_1o__T0206TS208_1o	0.953	0.978	0.978	0.963	0.95	0.958
T0206TS241_1o__T0206TS208_2o	0.954	0.978	0.978	0.952	0.95	0.954
T0206TS264_3o__T0206TS388_4o	0.924	0.966	0.966	0.933	0.95	0.923
T0206TS272_1o__T0206TS286_3o	0.296	0.297	0.297	0.196	0.369	0.276
T0206TS272_2o__T0206TS419_3o	0.297	0.292	0.292	0.195	0.369	0.279
T0206TS272_3o__T0206TS196_2o	0.992	0.991	0.991	0.986	1.0	0.989
T0206TS272_4o__T0206TS191_1o	0.31	0.294	0.294	0.188	0.341	0.332
T0206TS284_3o__T0206TS264_1o	0.893	0.958	0.958	0.898	0.913	0.932
T0206TS284_4o__T0206TS450_3o	0.057	0.035	0.07	0.023	0.234	0.049
T0206TS286_2o__T0206TS337_5o	0.042	0.051	0.051	0.015	0.131	0.013
T0206TS286_3o__T0206TS462_6o	0.941	0.974	0.974	0.947	0.96	0.952
T0206TS286_4o__T0206TS114_2o	0.014	0.0	0.002	0.0	0.146	0.013
T0206TS294_1o__T0206TS148_5o	0.926	0.971	0.971	0.893	0.926	0.826
T0206TS294_1o__T0206TS312_5o	0.982	0.989	0.989	0.977	0.967	0.976
T0206TS294_1o__T0206TS423_1o	0.965	0.986	0.986	0.983	0.959	0.962
T0206TS294_2o__T0206TS423_1o	0.949	0.984	0.984	0.975	0.951	0.946
T0206TS298_1o__T0206TS139_5o	0.958	0.981	0.981	0.953	0.983	0.937
T0206TS298_4o__T0206TS301_5o	0.956	0.98	0.98	0.958	0.967	0.936
T0206TS298_5o__T0206TS110_1o	0.97	0.984	0.984	0.956	0.927	0.965
T0206TS298_5o__T0206TS423_2o	0.998	0.996	0.996	0.995	1.0	0.997
T0206TS301_2o__T0206TS331_3o	0.941	0.337	0.975	0.499	0.385	0.917
T0206TS301_5o__T0206TS274_5o	0.951	0.978	0.978	0.919	0.951	0.933
T0206TS311_1o__T0206TS122_4o	0.965	0.427	0.981	0.563	0.411	0.953
T0206TS312_2o__T0206TS241_4o	0.968	0.982	0.982	0.963	0.983	0.957
T0206TS312_3o__T0206TS468_5o	0.947	0.181	0.977	0.303	0.198	0.957
T0206TS312_4o__T0206TS114_3o	0.02	0.001	0.011	0.0	0.09	0.007
T0206TS319_2o__T0206TS208_2o	0.981	0.988	0.988	0.958	0.95	0.957
T0206TS331_1o__T0206TS221_3o	0.957	0.977	0.977	0.944	0.959	0.917
T0206TS331_2o__T0206TS272_1o	0.183	0.3	0.3	0.204	0.387	0.19
T0206TS345_2o__T0206TS375_1o	0.96	0.168	0.979	0.276	0.167	0.95
T0206TS375_3o__T0206TS322_4o	0.811	0.947	0.947	0.864	0.913	0.764
T0206TS380_1o__T0206TS051_2o	0.504	0.446	0.446	0.399	0.55	0.325
T0206TS380_3o__T0206TS139_5o	0.956	0.983	0.983	0.949	0.958	0.942
T0206TS380_3o__T0206TS196_4o	0.953	0.981	0.981	0.96	0.983	0.954
T0206TS380_3o__T0206TS475_3o	0.94	0.981	0.981	0.958	0.983	0.974
T0206TS388_1o__T0206TS264_3o	0.929	0.967	0.967	0.924	0.934	0.94
T0206TS388_3o__T0206TS167_1o	0.062	0.044	0.044	0.012	0.215	0.03
T0206TS393_1o__T0206TS167_3o	0.096	0.032	0.069	0.018	0.176	0.029
T0206TS393_4o__T0206TS375_4o	0.929	0.178	0.968	0.283	0.171	0.934
T0206TS393_6o__T0206TS164_3o	0.96	0.978	0.978	0.933	0.975	0.959
T0206TS393_6o__T0206TS456_5o	0.957	0.982	0.982	0.945	0.943	0.964
T0206TS419_3o__T0206TS380_1o	0.928	0.972	0.972	0.949	0.951	0.937
T0206TS419_4o__T0206TS456_5o	0.94	0.977	0.977	0.953	0.935	0.953
T0206TS450_1o__T0206TS331_2o	0.008	0.0	0.0	0.0	0.026	0.007
T0206TS450_1o__T0206TS423_4o	0.008	0.0	0.0	0.0	0.025	0.007
T0206TS456_2o__T0206TS208_4o	0.942	0.975	0.975	0.917	0.959	0.961
T0206TS462_3o__T0206TS163_5o	0.963	0.98	0.98	0.943	0.942	0.964
T0206TS475_1o__T0206TS015_2o	0.722	0.572	0.572	0.514	0.616	0.484
T0206TS494_2o__T0206TS075_5o	0.931	0.167	0.976	0.263	0.166	0.943
T0218TS022_1o__T0218TS075_5o	0.742	0.406	0.712	0.568	0.409	0.327
T0218TS022_2o__T0218TS139_4o	0.012	0.002	0.003	0.0	0.07	0.039
T0218TS022_2o__T0218TS284_4o	0.0	0.0	0.0	0.0	0.006	0.002
T0218TS051_1o__T0218TS059_5o	0.438	0.408	0.408	0.288	0.407	0.355
T0218TS051_2o__T0218TS298_5o	0.0	0.0	0.0	0.0	0.009	0.003
T0218TS051_2o__T0218TS319_2o	0.0	0.0	0.0	0.0	0.0	0.002
T0218TS052_3o__T0218TS494_5o	0.0	0.0	0.0	0.0	0.018	0.004
T0218TS052_5o__T0218TS022_4o	0.0	0.0	0.0	0.0	0.0	0.002
T0218TS059_2o__T0218TS272_2o	0.003	0.0	0.0	0.0	0.06	0.008
T0218TS075_3o__T0218TS456_2o	0.633	0.721	0.894	0.737	0.589	0.626
T0218TS122_1o__T0218TS284_2o	0.578	0.494	0.494	0.591	0.496	0.389
T0218TS122_1o__T0218TS462_3o	0.065	0.07	0.07	0.044	0.461	0.014
T0218TS139_4o__T0218TS262_5o	0.114	0.091	0.091	0.031	0.181	0.043
T0218TS139_4o__T0218TS331_4o	0.0	0.0	0.0	0.0	0.0	0.002
T0218TS164_2o__T0218TS345_5o	0.132	0.115	0.115	0.059	0.7	0.034
T0218TS164_3o__T0218TS075_1o	0.909	0.593	0.593	0.701	0.514	0.595
T0218TS164_5o__T0218TS167_3o	0.111	0.09	0.09	0.021	0.422	0.023
T0218TS219_2o__T0218TS167_3o	0.107	0.068	0.068	0.017	0.365	0.014
T0218TS221_1o__T0218TS051_3o	0.0	0.0	0.0	0.0	0.0	0.002
T0218TS221_3o__T0218TS028_2o	0.391	0.145	0.435	0.126	0.079	0.2
T0218TS221_3o__T0218TS262_1o	0.0	0.0	0.0	0.0	0.0	0.002
T0218TS221_3o__T0218TS345_4o	0.0	0.0	0.0	0.0	0.0	0.001
T0218TS221_5o__T0218TS262_4o	0.0	0.0	0.0	0.0	0.042	0.002
T0218TS241_2o__T0218TS345_5o	0.754	0.796	0.796	0.824	0.672	0.369
T0218TS262_2o__T0218TS323_2o	0.0	0.0	0.0	0.0	0.061	0.004
T0218TS272_1o__T0218TS301_5o	0.016	0.009	0.017	0.003	0.162	0.005
T0218TS272_2o__T0218TS425_4o	0.0	0.0	0.0	0.0	0.069	0.002
T0218TS272_3o__T0218TS163_5o	0.105	0.138	0.204	0.087	0.172	0.031
T0218TS274_4o__T0218TS286_5o	0.102	0.13	0.13	0.061	0.115	0.018
T0218TS284_2o__T0218TS286_3o	0.533	0.168	0.168	0.25	0.2	0.198
T0218TS284_2o__T0218TS450_4o	0.193	0.24	0.326	0.177	0.268	0.066
T0218TS284_3o__T0218TS028_5o	0.048	0.038	0.081	0.03	0.098	0.027
T0218TS294_1o__T0218TS241_4o	0.834	0.88	0.88	0.825	0.797	0.623
T0218TS298_2o__T0218TS219_1o	0.09	0.082	0.128	0.025	0.071	0.03
T0218TS298_4o__T0218TS423_5o	0.089	0.177	0.177	0.059	0.116	0.02
T0218TS301_2o__T0218TS322_2o	0.546	0.468	0.468	0.546	0.404	0.21
T0218TS301_4o__T0218TS475_4o	1.0	1.0	1.0	1.0	1.0	1.0
T0218TS311_1o__T0218TS022_1o	0.707	0.257	0.783	0.339	0.234	0.32
T0218TS311_2o__T0218TS219_1o	0.141	0.052	0.101	0.026	0.229	0.029
T0218TS311_5o__T0218TS494_4o	0.361	0.178	0.178	0.141	0.204	0.158
T0218TS319_1o__T0218TS147_4o	0.052	0.038	0.083	0.028	0.097	0.032
T0218TS319_4o__T0218TS051_1o	0.551	0.516	0.516	0.449	0.517	0.392
T0218TS322_3o__T0218TS375_5o	0.917	0.342	0.342	0.463	0.375	0.232
T0218TS322_5o__T0218TS423_1o	0.083	0.172	0.172	0.103	0.134	0.03
T0218TS323_1o__T0218TS425_5o	0.72	0.709	0.709	0.711	0.726	0.46
T0218TS345_2o__T0218TS028_1o	0.0	0.0	0.0	0.0	0.0	0.002
T0218TS375_2o__T0218TS022_1o	0.591	0.546	0.661	0.654	0.475	0.24
T0218TS375_2o__T0218TS028_5o	0.037	0.035	0.068	0.023	0.1	0.02
T0218TS388_1o__T0218TS147_5o	0.0	0.0	0.0	0.0	0.0	0.002
T0218TS388_2o__T0218TS052_1o	0.0	0.0	0.0	0.0	0.004	0.002
T0218TS388_3o__T0218TS163_4o	0.0	0.0	0.0	0.0	0.0	0.002
T0218TS388_3o__T0218TS319_2o	0.0	0.0	0.0	0.0	0.0	0.002
T0218TS388_4o__T0218TS167_2o	0.0	0.0	0.0	0.0	0.0	0.002
T0218TS388_4o__T0218TS494_4o	0.0	0.0	0.0	0.0	0.007	0.002
T0218TS419_4o__T0218TS331_4o	0.879	0.267	0.79	0.399	0.258	0.573
T0218TS423_1o__T0218TS419_3o	0.134	0.087	0.174	0.054	0.259	0.042
T0218TS423_2o__T0218TS164_4o	0.085	0.066	0.119	0.051	0.295	0.028
T0218TS423_2o__T0218TS219_2o	0.518	0.205	0.667	0.268	0.199	0.221
T0218TS425_4o__T0218TS164_3o	0.679	0.683	0.683	0.79	0.643	0.237
T0218TS450_3o__T0218TS397_1o	0.065	0.068	0.068	0.03	0.363	0.012
T0218TS450_5o__T0218TS075_3o	0.0	0.0	0.0	0.0	0.009	0.001
T0218TS450_5o__T0218TS241_5o	0.0	0.0	0.0	0.0	0.0	0.001
T0218TS456_1o__T0218TS110_3o	0.048	0.038	0.078	0.021	0.15	0.025
T0218TS456_4o__T0218TS052_4o	0.134	0.137	0.137	0.094	1.0	0.044
T0218TS456_4o__T0218TS301_2o	0.134	0.098	0.113	0.059	0.485	0.037
T0218TS462_4o__T0218TS022_1o	0.851	0.692	0.814	0.752	0.574	0.294
T0218TS462_4o__T0218TS028_1o	0.256	0.145	0.224	0.108	0.164	0.066
T0218TS462_4o__T0218TS167_2o	0.274	0.224	0.325	0.18	0.243	0.069
T0218TS462_4o__T0218TS301_2o	0.86	0.54	0.54	0.68	0.48	0.298
T0218TS475_1o__T0218TS219_2o	0.607	0.464	0.464	0.543	0.41	0.209
T0218TS475_4o__T0218TS462_3o	0.075	0.079	0.079	0.05	0.507	0.017
T0218TS494_2o__T0218TS022_5o	0.0	0.0	0.0	0.0	0.039	0.002
T0218TS494_3o__T0218TS163_2o	0.071	0.097	0.118	0.055	0.191	0.016
T0234TS014_1o__T0234TS148_3o	0.032	0.001	0.002	0.006	0.157	0.011
T0234TS014_4o__T0234TS345_5o	0.044	0.023	0.045	0.016	0.138	0.013
T0234TS014_4o__T0234TS462_6o	0.047	0.019	0.043	0.011	0.124	0.014
T0234TS015_1o__T0234TS028_4o	0.0	0.0	0.0	0.0	0.0	0.005
T0234TS015_1o__T0234TS311_2o	0.001	0.0	0.0	0.0	0.093	0.014
T0234TS015_5o__T0234TS015_4o	0.035	0.008	0.008	0.0	0.337	0.023
T0234TS022_3o__T0234TS264_5o	0.715	0.672	0.672	0.651	0.659	0.346
T0234TS028_4o__T0234TS425_4o	0.039	0.016	0.016	0.0	0.602	0.012
T0234TS051_3o__T0234TS312_2o	0.618	0.453	0.453	0.396	0.596	0.285
T0234TS110_3o__T0234TS331_3o	0.055	0.019	0.019	0.0	0.654	0.013
T0234TS114_4o__T0234TS286_3o	0.0	0.0	0.0	0.0	0.097	0.006
T0234TS148_1o__T0234TS425_2o	0.766	0.756	0.756	0.614	0.802	0.672
T0234TS148_3o__T0234TS294_5o	0.0	0.0	0.0	0.0	0.0	0.007
T0234TS148_3o__T0234TS419_5o	0.653	0.455	0.455	0.405	0.623	0.37
T0234TS148_4o__T0234TS312_4o	0.031	0.015	0.015	0.012	0.341	0.015
T0234TS148_4o__T0234TS425_4o	0.041	0.016	0.016	0.043	0.43	0.025
T0234TS167_2o__T0234TS167_4o	0.025	0.03	0.03	0.035	0.141	0.022
T0234TS219_1o__T0234TS294_2o	0.033	0.014	0.022	0.009	0.249	0.021
T0234TS219_1o__T0234TS294_4o	0.035	0.031	0.044	0.031	0.213	0.035
T0234TS262_1o__T0234TS110_5o	0.023	0.016	0.03	0.008	0.248	0.02
T0234TS262_1o__T0234TS286_1o	0.0	0.0	0.0	0.0	0.031	0.005
T0234TS262_2o__T0234TS148_4o	0.044	0.036	0.065	0.02	0.236	0.027
T0234TS262_3o__T0234TS028_4o	0.022	0.016	0.025	0.0	0.258	0.013
T0234TS262_3o__T0234TS331_4o	0.026	0.017	0.03	0.004	0.242	0.02
T0234TS262_5o__T0234TS450_5o	0.0	0.0	0.0	0.0	0.004	0.008
T0234TS264_5o__T0234TS294_5o	0.0	0.0	0.0	0.0	0.007	0.007
T0234TS264_5o__T0234TS319_2o	0.718	0.395	0.395	0.379	0.584	0.38
T0234TS272_2o__T0234TS191_2o	0.133	0.104	0.196	0.052	0.331	0.048
T0234TS272_2o__T0234TS208_5o	0.006	0.0	0.0	0.0	0.209	0.006
T0234TS272_2o__T0234TS300_3o	0.031	0.002	0.003	0.0	0.175	0.011
T0234TS286_2o__T0234TS167_5o	0.0	0.0	0.0	0.0	0.004	0.004
T0234TS300_1o__T0234TS322_1o	0.013	0.0	0.0	0.0	0.059	0.009
T0234TS300_4o__T0234TS028_5o	0.04	0.017	0.017	0.006	0.288	0.01
T0234TS300_5o__T0234TS148_2o	0.066	0.01	0.01	0.005	0.266	0.016
T0234TS300_5o__T0234TS462_1o	0.06	0.035	0.035	0.016	0.303	0.021
T0234TS301_2o__T0234TS300_1o	0.053	0.058	0.058	0.008	0.238	0.022
T0234TS301_4o__T0234TS147_4o	0.018	0.012	0.018	0.011	0.257	0.011
T0234TS311_1o__T0234TS219_3o	0.046	0.015	0.035	0.008	0.213	0.053
T0234TS311_1o__T0234TS322_1o	0.029	0.013	0.028	0.0	0.051	0.007
T0234TS311_2o__T0234TS375_3o	0.033	0.001	0.001	0.0	0.073	0.009
T0234TS311_2o__T0234TS450_5o	0.0	0.0	0.0	0.0	0.005	0.003
T0234TS311_4o__T0234TS331_4o	0.055	0.01	0.025	0.0	0.093	0.006
T0234TS311_5o__T0234TS219_3o	0.039	0.002	0.005	0.0	0.16	0.036
T0234TS312_3o__T0234TS148_1o	0.645	0.478	0.478	0.45	0.605	0.385
T0234TS312_3o__T0234TS331_5o	0.672	0.626	0.626	0.544	0.724	0.447
T0234TS312_4o__T0234TS300_4o	0.034	0.022	0.022	0.019	0.239	0.017
T0234TS312_4o__T0234TS462_5o	0.037	0.036	0.036	0.022	0.691	0.02
T0234TS319_2o__T0234TS139_1o	0.0	0.0	0.0	0.0	0.077	0.005
T0234TS319_3o__T0234TS148_5o	0.016	0.008	0.008	0.0	0.329	0.006
T0234TS322_1o__T0234TS380_5o	0.645	0.428	0.428	0.397	0.463	0.331
T0234TS322_2o__T0234TS167_1o	0.0	0.0	0.0	0.0	0.049	0.009
T0234TS322_3o__T0234TS322_2o	0.001	0.0	0.0	0.0	0.331	0.012
T0234TS331_3o__T0234TS345_4o	0.42	0.438	0.438	0.421	0.441	0.247
T0234TS331_4o__T0234TS208_1o	0.031	0.014	0.02	0.007	0.391	0.019
T0234TS337_5o__T0234TS337_2o	0.788	0.893	0.893	0.683	0.759	0.487
T0234TS345_5o__T0234TS322_1o	0.691	0.789	0.789	0.697	0.661	0.318
T0234TS375_2o__T0234TS462_1o	0.023	0.004	0.007	0.005	0.329	0.012
T0234TS375_4o__T0234TS219_1o	0.011	0.009	0.013	0.018	0.2	0.013
T0234TS375_4o__T0234TS300_2o	0.024	0.005	0.007	0.0	0.324	0.017
T0234TS375_5o__T0234TS294_4o	0.069	0.028	0.057	0.026	0.209	0.028
T0234TS375_5o__T0234TS301_2o	0.732	0.89	0.89	0.786	0.793	0.436
T0234TS375_5o__T0234TS331_1o	0.039	0.012	0.022	0.009	0.299	0.016
T0234TS380_1o__T0234TS264_4o	0.056	0.041	0.041	0.014	0.707	0.018
T0234TS393_2o__T0234TS167_2o	0.0	0.0	0.0	0.0	0.06	0.008
T0234TS393_3o__T0234TS300_4o	0.055	0.078	0.078	0.031	0.314	0.02
T0234TS393_3o__T0234TS450_3o	0.117	0.163	0.163	0.084	0.435	0.051
T0234TS393_4o__T0234TS300_2o	0.016	0.004	0.004	0.004	0.328	0.023
T0234TS397_1o__T0234TS264_3o	0.654	0.623	0.623	0.516	0.71	0.54
T0234TS419_2o__T0234TS450_2o	0.017	0.013	0.024	0.003	0.077	0.019
T0234TS419_2o__T0234TS462_1o	0.437	0.336	0.336	0.342	0.674	0.242
T0234TS419_5o__T0234TS393_3o	0.036	0.018	0.018	0.028	0.5	0.022
T0234TS425_2o__T0234TS147_3o	0.036	0.019	0.019	0.0	0.654	0.013
T0234TS425_3o__T0234TS393_4o	0.031	0.015	0.015	0.011	0.461	0.016
T0234TS462_3o__T0234TS462_2o	0.093	0.117	0.117	0.054	0.797	0.033
T0234TS462_4o__T0234TS114_5o	0.026	0.04	0.04	0.022	0.293	0.012
T0235TS014_2o__T0235TS114_4o	0.08	0.004	0.026	0.002	0.092	0.024
T0235TS014_2o__T0235TS393_3o	0.038	0.006	0.02	0.005	0.166	0.051
T0235TS015_2o__T0235TS148_4o	0.401	0.378	0.487	0.4	0.563	0.158
T0235TS028_3o__T0235TS462_1o	0.765	0.867	0.867	0.84	0.881	0.525
T0235TS028_4o__T0235TS319_4o	0.042	0.01	0.01	0.0	0.349	0.034
T0235TS028_5o__T0235TS028_3o	0.023	0.002	0.002	0.0	0.824	0.015
T0235TS051_2o__T0235TS221_5o	0.815	0.841	0.841	0.765	0.94	0.598
T0235TS059_1o__T0235TS312_1o	0.234	0.251	0.251	0.279	0.696	0.118
T0235TS059_3o__T0235TS462_5o	0.027	0.012	0.012	0.0	0.297	0.027
T0235TS059_4o__T0235TS319_3o	0.038	0.014	0.014	0.004	0.443	0.024
T0235TS059_4o__T0235TS419_3o	0.244	0.193	0.193	0.23	0.905	0.169
T0235TS059_5o__T0235TS300_3o	0.038	0.024	0.026	0.007	0.429	0.03
T0235TS059_5o__T0235TS331_2o	0.034	0.01	0.01	0.0	0.418	0.018
T0235TS110_1o__T0235TS264_1o	0.03	0.002	0.002	0.0	0.905	0.015
T0235TS110_4o__T0235TS196_2o	0.152	0.017	0.05	0.0	0.06	0.043
T0235TS110_5o__T0235TS312_2o	0.471	0.147	0.395	0.203	0.158	0.142
T0235TS114_2o__T0235TS264_6o	0.024	0.008	0.009	0.002	0.332	0.026
T0235TS114_2o__T0235TS393_2o	0.023	0.008	0.009	0.002	0.332	0.026
T0235TS114_5o__T0235TS388_4o	0.046	0.023	0.023	0.006	0.45	0.036
T0235TS139_4o__T0235TS393_5o	0.022	0.005	0.005	0.0	0.286	0.023
T0235TS147_1o__T0235TS304_3o	0.033	0.002	0.002	0.0	0.934	0.015
T0235TS147_2o__T0235TS393_6o	0.446	0.339	0.339	0.448	0.968	0.463
T0235TS148_1o__T0235TS167_4o	0.0	0.014	0.019	0.0	0.12	0.028
T0235TS163_4o__T0235TS221_5o	0.03	0.007	0.008	0.0	0.671	0.018
T0235TS164_3o__T0235TS221_5o	0.151	0.082	0.106	0.106	0.653	0.106
T0235TS164_5o__T0235TS114_2o	0.028	0.012	0.012	0.004	0.389	0.034
T0235TS164_5o__T0235TS388_4o	0.225	0.158	0.201	0.175	0.654	0.155
T0235TS208_1o__T0235TS196_4o	0.037	0.007	0.009	0.0	0.698	0.017
T0235TS221_5o__T0235TS388_5o	0.036	0.034	0.034	0.024	0.347	0.018
T0235TS262_1o__T0235TS051_2o	0.045	0.007	0.026	0.003	0.168	0.017
T0235TS262_1o__T0235TS337_4o	0.141	0.214	0.214	0.031	0.27	0.048
T0235TS262_2o__T0235TS393_6o	0.029	0.005	0.015	0.004	0.144	0.042
T0235TS262_3o__T0235TS298_5o	0.07	0.007	0.022	0.004	0.186	0.023
T0235TS272_2o__T0235TS286_2o	0.361	0.276	0.337	0.291	0.551	0.159
T0235TS286_4o__T0235TS286_1o	0.684	0.443	0.615	0.544	0.697	0.599
T0235TS294_2o__T0235TS028_4o	0.554	0.632	0.632	0.59	0.823	0.209
T0235TS298_3o__T0235TS059_2o	0.035	0.02	0.024	0.008	0.655	0.03
T0235TS298_3o__T0235TS221_1o	0.243	0.194	0.253	0.203	0.623	0.2
T0235TS298_3o__T0235TS345_2o	0.605	0.425	0.587	0.443	0.658	0.379
T0235TS298_5o__T0235TS462_2o	0.234	0.19	0.235	0.219	0.589	0.092
T0235TS300_5o__T0235TS219_1o	0.05	0.036	0.041	0.019	0.394	0.037
T0235TS301_1o__T0235TS015_1o	0.031	0.0	0.004	0.0	0.023	0.062
T0235TS304_2o__T0235TS196_4o	0.038	0.003	0.004	0.0	0.726	0.017
T0235TS311_4o__T0235TS301_1o	0.011	0.013	0.013	0.0	0.0	0.034
T0235TS311_5o__T0235TS163_4o	0.048	0.009	0.025	0.013	0.189	0.058
T0235TS323_1o__T0235TS147_5o	0.047	0.038	0.055	0.023	0.474	0.032
T0235TS331_1o__T0235TS059_2o	0.151	0.109	0.109	0.148	0.873	0.107
T0235TS331_2o__T0235TS191_1o	0.019	0.007	0.007	0.0	0.337	0.017
T0235TS331_3o__T0235TS191_1o	0.025	0.007	0.007	0.0	0.303	0.022
T0235TS375_4o__T0235TS028_2o	0.001	0.0	0.0	0.0	0.033	0.011
T0235TS375_4o__T0235TS147_3o	0.002	0.0	0.0	0.0	0.036	0.01
T0235TS388_1o__T0235TS059_2o	0.054	0.033	0.033	0.026	0.549	0.041
T0235TS388_3o__T0235TS059_5o	0.313	0.303	0.303	0.317	0.856	0.21
T0235TS388_5o__T0235TS393_2o	0.021	0.008	0.008	0.0	0.274	0.023
T0235TS397_3o__T0235TS312_2o	0.919	0.955	0.955	0.879	0.938	0.879
T0235TS397_5o__T0235TS221_4o	0.246	0.159	0.159	0.212	0.754	0.167
T0235TS419_5o__T0235TS345_5o	0.03	0.008	0.008	0.0	0.782	0.044
T0235TS423_1o__T0235TS028_1o	0.301	0.214	0.271	0.267	0.593	0.169
T0235TS423_1o__T0235TS187_1o	0.3	0.288	0.288	0.289	0.822	0.28
T0235TS423_1o__T0235TS221_5o	0.064	0.077	0.097	0.072	0.672	0.045
T0235TS423_2o__T0235TS148_5o	0.031	0.004	0.005	0.0	0.573	0.015
T0235TS425_3o__T0235TS294_1o	0.018	0.006	0.006	0.0	0.333	0.017
T0235TS425_4o__T0235TS139_5o	0.058	0.032	0.032	0.033	0.448	0.037
T0235TS462_1o__T0235TS139_5o	0.06	0.039	0.039	0.026	0.5	0.031
T0237TS014_1o__T0237TS262_3o	0.814	0.92	0.92	0.846	0.865	0.713
T0237TS014_4o__T0237TS219_1o	0.855	0.209	0.936	0.279	0.179	0.618
T0237TS014_4o__T0237TS331_1o	0.841	0.209	0.938	0.263	0.156	0.606
T0237TS015_5o__T0237TS059_3o	0.925	0.976	0.976	0.959	0.978	0.688
T0237TS051_1o__T0237TS312_2o	0.374	0.278	0.278	0.355	0.74	0.3
T0237TS052_3o__T0237TS110_3o	0.958	0.668	0.981	0.751	0.68	0.957
T0237TS075_1o__T0237TS345_1o	0.89	0.199	0.961	0.26	0.154	0.639
T0237TS075_4o__T0237TS286_1o	0.874	0.943	0.943	0.917	0.844	0.686
T0237TS075_5o__T0237TS052_2o	0.87	0.299	0.95	0.353	0.241	0.616
T0237TS114_2o__T0237TS494_2o	0.008	0.002	0.003	0.004	0.2	0.009
T0237TS114_4o__T0237TS022_2o	0.009	0.004	0.007	0.008	0.111	0.011
T0237TS114_5o__T0237TS274_2o	0.008	0.003	0.004	0.004	0.191	0.009
T0237TS114_5o__T0237TS450_3o	0.0	0.0	0.0	0.0	0.089	0.004
T0237TS122_2o__T0237TS219_2o	0.058	0.174	0.811	0.179	0.135	0.231
T0237TS122_2o__T0237TS300_1o	0.0	0.0	0.0	0.0	0.068	0.005
T0237TS139_5o__T0237TS450_2o	0.0	0.128	0.523	0.122	0.166	0.161
T0237TS147_4o__T0237TS052_4o	0.655	0.668	0.976	0.752	0.644	0.805
T0237TS147_5o__T0237TS298_5o	0.725	0.685	0.685	0.66	0.772	0.764
T0237TS148_1o__T0237TS425_2o	0.407	0.282	0.282	0.34	0.723	0.304
T0237TS148_2o__T0237TS494_3o	0.722	0.778	0.778	0.661	0.725	0.763
T0237TS163_1o__T0237TS301_2o	0.921	0.978	0.978	0.933	0.842	0.811
T0237TS164_4o__T0237TS148_2o	0.907	0.206	0.97	0.278	0.174	0.765
T0237TS191_1o__T0237TS456_2o	0.705	0.702	0.987	0.787	0.69	0.889
T0237TS208_3o__T0237TS028_1o	0.889	0.21	0.957	0.259	0.145	0.664
T0237TS208_5o__T0237TS167_4o	0.009	0.007	0.025	0.0	0.211	0.006
T0237TS221_1o__T0237TS014_4o	0.873	0.946	0.946	0.874	0.87	0.766
T0237TS241_3o__T0237TS312_5o	0.37	0.269	0.269	0.332	0.723	0.302
T0237TS262_2o__T0237TS425_1o	0.771	0.205	0.919	0.249	0.154	0.567
T0237TS272_4o__T0237TS300_4o	0.006	0.0	0.0	0.0	0.117	0.013
T0237TS274_4o__T0237TS028_2o	0.369	0.252	0.252	0.315	0.728	0.29
T0237TS284_1o__T0237TS272_2o	0.0	0.0	0.0	0.0	0.043	0.003
T0237TS284_1o__T0237TS494_1o	0.85	0.209	0.959	0.247	0.154	0.655
T0237TS284_3o__T0237TS075_2o	0.958	0.983	0.983	0.927	0.957	0.88
T0237TS284_4o__T0237TS051_2o	0.846	0.213	0.947	0.275	0.171	0.597
T0237TS286_1o__T0237TS419_2o	0.882	0.237	0.941	0.305	0.19	0.763
T0237TS294_1o__T0237TS110_3o	0.0	0.0	0.0	0.0	0.013	0.004
T0237TS294_4o__T0237TS380_5o	0.889	0.471	0.945	0.535	0.384	0.668
T0237TS300_3o__T0237TS241_3o	0.012	0.003	0.004	0.002	0.167	0.007
T0237TS300_3o__T0237TS298_4o	0.012	0.002	0.004	0.002	0.168	0.007
T0237TS301_1o__T0237TS164_5o	0.901	0.964	0.964	0.911	0.843	0.76
T0237TS301_2o__T0237TS345_3o	0.87	0.204	0.958	0.271	0.175	0.626
T0237TS322_2o__T0237TS167_4o	0.006	0.004	0.004	0.0	0.292	0.005
T0237TS331_1o__T0237TS319_3o	0.396	0.249	0.249	0.319	0.858	0.327
T0237TS331_3o__T0237TS148_2o	0.778	0.825	0.825	0.784	0.798	0.793
T0237TS331_3o__T0237TS298_5o	0.393	0.236	0.236	0.336	0.872	0.327
T0237TS337_1o__T0237TS312_5o	0.0	0.0	0.0	0.0	0.051	0.008
T0237TS337_3o__T0237TS322_5o	0.0	0.0	0.0	0.0	0.044	0.01
T0237TS337_4o__T0237TS139_2o	0.0	0.0	0.0	0.0	0.056	0.008
T0237TS375_3o__T0237TS075_5o	0.972	0.985	0.985	0.982	0.935	0.92
T0237TS388_1o__T0237TS262_5o	0.864	0.961	0.961	0.904	0.86	0.77
T0237TS388_2o__T0237TS028_1o	0.827	0.209	0.917	0.25	0.15	0.597
T0237TS388_3o__T0237TS110_3o	0.867	0.202	0.942	0.255	0.161	0.618
T0237TS397_1o__T0237TS456_2o	0.7	0.796	0.973	0.829	0.761	0.842
T0237TS397_2o__T0237TS147_3o	0.786	0.684	0.684	0.701	0.701	0.781
T0237TS397_3o__T0237TS028_2o	0.381	0.246	0.246	0.315	0.83	0.311
T0237TS419_3o__T0237TS388_4o	0.34	0.247	0.478	0.307	0.522	0.142
T0237TS419_5o__T0237TS264_2o	0.924	0.23	0.972	0.311	0.179	0.834
T0237TS419_5o__T0237TS298_5o	0.914	0.189	0.971	0.252	0.149	0.813
T0237TS423_1o__T0237TS312_3o	0.945	0.205	0.98	0.269	0.169	0.674
T0237TS423_2o__T0237TS264_4o	0.942	0.248	0.979	0.319	0.201	0.687
T0237TS423_2o__T0237TS345_4o	0.912	0.296	0.975	0.348	0.214	0.729
T0237TS425_1o__T0237TS345_5o	0.592	0.586	0.586	0.618	0.523	0.57
T0237TS425_5o__T0237TS345_3o	0.747	0.767	0.767	0.733	0.785	0.76
T0237TS450_1o__T0237TS388_2o	0.0	0.0	0.0	0.0	0.017	0.009
T0237TS456_4o__T0237TS494_4o	0.893	0.708	0.979	0.711	0.623	0.944
T0238TS014_2o__T0238TS380_1o	0.784	0.892	0.892	0.892	0.78	0.394
T0238TS014_4o__T0238TS300_3o	0.672	0.825	0.825	0.691	0.702	0.278
T0238TS014_4o__T0238TS331_2o	0.877	0.895	0.895	0.878	0.87	0.343
T0238TS014_5o__T0238TS322_5o	0.393	0.136	0.371	0.247	0.388	0.142
T0238TS015_2o__T0238TS393_5o	0.838	0.892	0.892	0.837	0.786	0.553
T0238TS015_3o__T0238TS311_2o	0.814	0.933	0.933	0.853	0.817	0.401
T0238TS015_4o__T0238TS167_5o	0.097	0.008	0.083	0.002	0.04	0.019
T0238TS015_5o__T0238TS208_5o	0.873	0.954	0.954	0.873	0.881	0.552
T0238TS028_1o__T0238TS311_2o	0.839	0.935	0.935	0.912	0.883	0.549
T0238TS028_3o__T0238TS148_2o	0.474	0.382	0.382	0.538	0.525	0.187
T0238TS051_5o__T0238TS311_1o	0.91	0.943	0.943	0.955	0.917	0.427
T0238TS052_4o__T0238TS319_3o	0.82	0.926	0.926	0.913	0.831	0.367
T0238TS052_5o__T0238TS286_4o	0.44	0.455	0.455	0.397	0.484	0.169
T0238TS075_4o__T0238TS052_1o	0.793	0.869	0.869	0.861	0.824	0.328
T0238TS075_4o__T0238TS475_3o	0.886	0.937	0.937	0.936	0.885	0.4
T0238TS110_5o__T0238TS375_1o	0.79	0.91	0.91	0.847	0.792	0.351
T0238TS110_5o__T0238TS388_3o	0.245	0.195	0.388	0.139	0.361	0.089
T0238TS122_1o__T0238TS051_3o	0.965	0.963	0.963	0.942	0.907	0.422
T0238TS122_2o__T0238TS331_3o	0.898	0.964	0.964	0.948	0.926	0.528
T0238TS122_4o__T0238TS022_3o	0.893	0.961	0.961	0.932	0.895	0.481
T0238TS147_2o__T0238TS167_2o	0.084	0.025	0.138	0.025	0.147	0.035
T0238TS148_3o__T0238TS264_3o	0.73	0.842	0.842	0.85	0.773	0.305
T0238TS148_3o__T0238TS423_3o	0.698	0.858	0.858	0.872	0.839	0.352
T0238TS148_4o__T0238TS375_1o	0.845	0.896	0.896	0.911	0.849	0.384
T0238TS163_2o__T0238TS298_2o	0.088	0.194	0.194	0.126	0.298	0.074
T0238TS163_3o__T0238TS300_1o	0.679	0.84	0.84	0.72	0.717	0.354
T0238TS164_1o__T0238TS262_5o	0.814	0.933	0.933	0.914	0.862	0.591
T0238TS164_3o__T0238TS298_4o	0.094	0.196	0.196	0.144	0.3	0.092
T0238TS187_1o__T0238TS221_1o	0.761	0.86	0.86	0.861	0.808	0.453
T0238TS191_1o__T0238TS286_3o	0.842	0.908	0.908	0.863	0.829	0.349
T0238TS221_2o__T0238TS419_2o	0.87	0.958	0.958	0.927	0.906	0.69
T0238TS221_4o__T0238TS312_2o	0.78	0.897	0.897	0.844	0.818	0.35
T0238TS241_5o__T0238TS114_1o	0.248	0.223	0.34	0.175	0.343	0.125
T0238TS262_2o__T0238TS059_3o	0.259	0.207	0.408	0.165	0.361	0.104
T0238TS262_4o__T0238TS167_5o	0.093	0.008	0.08	0.002	0.043	0.017
T0238TS264_3o__T0238TS221_3o	0.836	0.945	0.945	0.941	0.935	0.403
T0238TS264_4o__T0238TS312_3o	1.0	1.0	1.0	1.0	1.0	1.0
T0238TS272_2o__T0238TS284_3o	0.683	0.88	0.88	0.789	0.77	0.353
T0238TS274_3o__T0238TS375_5o	0.789	0.847	0.847	0.838	0.782	0.316
T0238TS284_1o__T0238TS272_5o	0.0	0.0	0.0	0.0	0.108	0.008
T0238TS284_2o__T0238TS139_1o	0.252	0.206	0.391	0.187	0.377	0.117
T0238TS284_2o__T0238TS475_2o	0.926	0.867	0.867	0.889	0.826	0.414
T0238TS284_4o__T0238TS311_1o	0.882	0.96	0.96	0.953	0.918	0.524
T0238TS286_1o__T0238TS028_5o	0.812	0.935	0.935	0.864	0.889	0.565
T0238TS286_1o__T0238TS331_1o	0.821	0.866	0.866	0.803	0.768	0.347
T0238TS286_4o__T0238TS375_5o	0.363	0.41	0.41	0.329	0.469	0.143
T0238TS294_2o__T0238TS475_1o	0.894	0.962	0.962	0.934	0.879	0.448
T0238TS294_3o__T0238TS264_4o	0.888	0.933	0.933	0.889	0.858	0.39
T0238TS294_4o__T0238TS208_3o	0.941	0.977	0.977	0.969	0.943	0.565
T0238TS294_5o__T0238TS272_2o	0.668	0.875	0.875	0.771	0.762	0.344
T0238TS298_5o__T0238TS122_4o	0.244	0.252	0.252	0.19	0.289	0.1
T0238TS300_1o__T0238TS425_5o	0.676	0.839	0.839	0.729	0.73	0.403
T0238TS300_2o__T0238TS301_5o	0.638	0.826	0.826	0.678	0.656	0.356
T0238TS300_4o__T0238TS148_4o	0.668	0.785	0.785	0.701	0.698	0.31
T0238TS300_4o__T0238TS221_4o	0.664	0.818	0.818	0.699	0.682	0.366
T0238TS300_4o__T0238TS298_5o	0.122	0.255	0.255	0.19	0.301	0.083
T0238TS301_1o__T0238TS221_1o	0.902	0.964	0.964	0.938	0.899	0.681
T0238TS311_2o__T0238TS294_5o	0.831	0.908	0.908	0.862	0.843	0.375
T0238TS312_1o__T0238TS419_3o	0.807	0.929	0.929	0.841	0.842	0.338
T0238TS319_4o__T0238TS191_1o	0.563	0.878	0.878	0.812	0.77	0.315
T0238TS322_1o__T0238TS241_1o	0.742	0.884	0.884	0.89	0.838	0.389
T0238TS322_3o__T0238TS221_4o	0.864	0.923	0.923	0.895	0.863	0.442
T0238TS322_4o__T0238TS462_1o	0.463	0.405	0.405	0.59	0.547	0.192
T0238TS331_2o__T0238TS139_4o	0.183	0.19	0.326	0.182	0.291	0.08
T0238TS337_2o__T0238TS322_4o	0.647	0.827	0.827	0.721	0.709	0.421
T0238TS375_1o__T0238TS219_1o	0.379	0.146	0.397	0.218	0.393	0.132
T0238TS380_2o__T0238TS051_5o	0.88	0.959	0.959	0.928	0.891	0.456
T0238TS380_2o__T0238TS284_4o	0.927	0.932	0.932	0.94	0.893	0.418
T0238TS380_2o__T0238TS298_5o	0.122	0.253	0.253	0.184	0.292	0.075
T0238TS380_2o__T0238TS419_5o	0.853	0.89	0.89	0.905	0.838	0.389
T0238TS393_1o__T0238TS380_1o	0.701	0.847	0.847	0.826	0.734	0.373
T0238TS393_3o__T0238TS397_2o	0.825	0.937	0.937	0.833	0.795	0.675
T0238TS393_6o__T0238TS300_1o	0.626	0.798	0.798	0.712	0.729	0.267
T0238TS397_1o__T0238TS475_1o	0.959	0.981	0.981	0.952	0.909	0.862
T0238TS423_1o__T0238TS425_3o	0.936	0.951	0.951	0.946	0.92	0.421
T0238TS423_4o__T0238TS122_4o	0.859	0.906	0.906	0.883	0.864	0.355
T0238TS425_2o__T0238TS167_5o	0.089	0.007	0.078	0.002	0.044	0.017
T0238TS425_3o__T0238TS298_2o	0.074	0.165	0.165	0.128	0.294	0.08
T0238TS425_4o__T0238TS419_4o	0.6	0.764	0.764	0.658	0.731	0.28
T0238TS450_3o__T0238TS294_4o	0.85	0.95	0.95	0.86	0.81	0.606
T0238TS456_1o__T0238TS014_2o	0.89	0.916	0.916	0.904	0.824	0.434
T0238TS475_1o__T0238TS311_1o	0.87	0.931	0.931	0.922	0.876	0.405
T0238TS475_2o__T0238TS015_1o	0.761	0.863	0.863	0.854	0.794	0.365
T0240TS014_1o__T0240TS450_5o	0.19	0.089	0.202	0.043	0.311	0.056
T0240TS014_4o__T0240TS312_4o	0.74	0.244	0.702	0.331	0.313	0.322
T0240TS028_1o__T0240TS393_2o	0.74	0.688	0.688	0.731	0.759	0.319
T0240TS051_1o__T0240TS015_3o	0.178	0.199	0.199	0.08	0.826	0.042
T0240TS052_1o__T0240TS304_1o	0.748	0.742	0.742	0.754	0.801	0.326
T0240TS059_2o__T0240TS075_3o	0.663	0.649	0.649	0.659	0.752	0.297
T0240TS059_3o__T0240TS075_5o	0.401	0.391	0.391	0.433	0.724	0.228
T0240TS075_1o__T0240TS147_3o	0.779	0.773	0.773	0.78	0.839	0.277
T0240TS075_1o__T0240TS450_3o	0.134	0.093	0.189	0.1	0.441	0.052
T0240TS075_2o__T0240TS304_2o	0.37	0.344	0.344	0.278	0.846	0.143
T0240TS075_5o__T0240TS322_2o	0.151	0.26	0.26	0.285	0.722	0.078
T0240TS110_1o__T0240TS261_2o	0.415	0.442	0.442	0.515	0.712	0.171
T0240TS110_2o__T0240TS059_5o	0.681	0.696	0.696	0.714	0.856	0.268
T0240TS110_3o__T0240TS015_1o	0.68	0.706	0.706	0.766	0.851	0.275
T0240TS110_3o__T0240TS221_1o	0.379	0.38	0.38	0.359	0.84	0.136
T0240TS110_3o__T0240TS286_2o	0.394	0.408	0.408	0.431	0.835	0.154
T0240TS110_4o__T0240TS393_5o	0.679	0.736	0.736	0.741	0.799	0.306
T0240TS114_2o__T0240TS163_4o	0.168	0.111	0.244	0.074	0.248	0.063
T0240TS139_2o__T0240TS028_3o	0.479	0.489	0.489	0.504	0.781	0.201
T0240TS139_2o__T0240TS208_5o	0.276	0.262	0.42	0.269	0.548	0.16
T0240TS139_4o__T0240TS015_5o	0.224	0.252	0.252	0.212	0.792	0.096
T0240TS147_3o__T0240TS262_2o	0.767	0.79	0.79	0.799	0.86	0.309
T0240TS147_4o__T0240TS301_4o	0.638	0.511	0.511	0.551	0.763	0.253
T0240TS147_5o__T0240TS274_5o	0.588	0.57	0.57	0.641	0.776	0.254
T0240TS148_2o__T0240TS167_4o	0.016	0.019	0.023	0.008	0.082	0.003
T0240TS148_5o__T0240TS331_2o	0.184	0.202	0.202	0.083	0.783	0.05
T0240TS163_3o__T0240TS221_3o	0.333	0.318	0.318	0.195	0.813	0.098
T0240TS163_5o__T0240TS148_1o	0.462	0.404	0.404	0.428	0.729	0.194
T0240TS164_2o__T0240TS393_6o	0.341	0.353	0.353	0.392	0.775	0.172
T0240TS164_4o__T0240TS264_3o	0.628	0.575	0.575	0.601	0.821	0.262
T0240TS164_5o__T0240TS312_1o	0.356	0.345	0.345	0.351	0.746	0.164
T0240TS164_5o__T0240TS323_1o	0.221	0.191	0.288	0.164	0.54	0.092
T0240TS167_5o__T0240TS208_4o	0.27	0.281	0.415	0.311	0.577	0.135
T0240TS167_5o__T0240TS272_3o	0.161	0.209	0.209	0.094	0.831	0.06
T0240TS196_2o__T0240TS028_4o	0.602	0.597	0.597	0.67	0.871	0.236
T0240TS196_2o__T0240TS147_1o	0.806	0.85	0.85	0.842	0.864	0.35
T0240TS221_2o__T0240TS456_4o	0.454	0.512	0.532	0.503	0.855	0.182
T0240TS221_3o__T0240TS221_2o	0.49	0.461	0.461	0.439	0.812	0.16
T0240TS241_5o__T0240TS294_4o	0.515	0.43	0.43	0.464	0.812	0.164
T0240TS241_5o__T0240TS304_5o	0.694	0.552	0.552	0.571	0.824	0.246
T0240TS261_2o__T0240TS312_3o	0.281	0.251	0.251	0.177	0.725	0.075
T0240TS264_2o__T0240TS375_2o	0.314	0.232	0.341	0.243	0.579	0.101
T0240TS264_5o__T0240TS456_5o	0.772	0.816	0.816	0.787	0.82	0.335
T0240TS272_3o__T0240TS051_2o	0.342	0.275	0.275	0.191	0.88	0.126
T0240TS286_1o__T0240TS075_2o	0.371	0.441	0.441	0.34	0.825	0.199
T0240TS286_1o__T0240TS331_2o	0.216	0.232	0.232	0.154	0.721	0.079
T0240TS286_4o__T0240TS274_4o	0.381	0.382	0.382	0.327	0.762	0.125
T0240TS294_2o__T0240TS015_3o	0.187	0.206	0.206	0.077	0.831	0.041
T0240TS294_5o__T0240TS319_2o	0.432	0.358	0.358	0.377	0.744	0.164
T0240TS298_3o__T0240TS164_4o	0.583	0.529	0.529	0.571	0.828	0.182
T0240TS298_5o__T0240TS298_4o	0.483	0.449	0.449	0.454	0.86	0.296
T0240TS300_2o__T0240TS304_5o	0.091	0.058	0.127	0.039	0.226	0.036
T0240TS300_3o__T0240TS114_1o	0.203	0.175	0.175	0.133	0.275	0.071
T0240TS301_3o__T0240TS272_3o	0.798	0.84	0.84	0.822	0.88	0.313
T0240TS301_4o__T0240TS304_2o	0.631	0.538	0.538	0.565	0.839	0.261
T0240TS301_5o__T0240TS294_4o	0.438	0.429	0.429	0.513	0.752	0.136
T0240TS301_5o__T0240TS322_4o	0.304	0.256	0.333	0.286	0.541	0.079
T0240TS304_3o__T0240TS028_2o	0.344	0.334	0.334	0.316	0.834	0.122
T0240TS304_4o__T0240TS274_3o	0.18	0.192	0.192	0.073	0.711	0.044
T0240TS311_3o__T0240TS191_2o	0.436	0.177	0.605	0.221	0.231	0.246
T0240TS311_4o__T0240TS164_4o	0.374	0.168	0.386	0.156	0.337	0.143
T0240TS312_2o__T0240TS015_1o	0.592	0.611	0.611	0.672	0.776	0.221
T0240TS319_4o__T0240TS015_1o	0.297	0.292	0.292	0.2	0.847	0.114
T0240TS331_1o__T0240TS294_4o	0.334	0.285	0.285	0.181	0.824	0.097
T0240TS337_2o__T0240TS272_2o	0.088	0.047	0.1	0.029	0.182	0.028
T0240TS337_5o__T0240TS014_2o	0.11	0.148	0.148	0.094	0.212	0.037
T0240TS337_5o__T0240TS301_1o	0.101	0.056	0.126	0.031	0.176	0.033
T0240TS393_2o__T0240TS425_4o	0.176	0.2	0.2	0.087	0.839	0.053
T0240TS393_3o__T0240TS028_1o	0.188	0.219	0.219	0.093	0.816	0.048
T0240TS397_1o__T0240TS456_1o	0.482	0.54	0.546	0.535	0.844	0.215
T0240TS419_2o__T0240TS331_1o	0.606	0.534	0.534	0.562	0.826	0.246
T0240TS419_4o__T0240TS028_4o	0.363	0.343	0.343	0.238	0.851	0.121
T0240TS419_5o__T0240TS052_3o	0.133	0.193	0.266	0.078	0.588	0.115
T0240TS419_5o__T0240TS262_5o	0.662	0.72	0.72	0.754	0.853	0.272
T0240TS423_1o__T0240TS122_5o	0.117	0.092	0.215	0.096	0.329	0.122
T0240TS423_4o__T0240TS462_2o	0.194	0.104	0.219	0.047	0.365	0.053
T0240TS425_1o__T0240TS301_4o	0.319	0.398	0.398	0.389	0.831	0.167
T0240TS450_2o__T0240TS319_2o	0.227	0.126	0.28	0.099	0.338	0.111
T0240TS450_5o__T0240TS388_2o	0.165	0.204	0.204	0.093	0.728	0.045
T0240TS456_1o__T0240TS284_2o	0.522	0.438	0.482	0.374	0.806	0.217
T0240TS456_3o__T0240TS163_4o	0.924	0.612	0.927	0.722	0.63	0.493
T0240TS456_3o__T0240TS304_5o	0.246	0.176	0.263	0.076	0.528	0.126
T0240TS462_4o__T0240TS052_4o	0.159	0.2	0.2	0.082	0.736	0.054
T0240TS475_1o__T0240TS388_1o	0.472	0.205	0.481	0.259	0.337	0.193
T0240TS475_4o__T0240TS167_1o	0.08	0.014	0.079	0.004	0.116	0.012
T0240TS494_1o__T0240TS425_4o	0.165	0.191	0.191	0.081	0.81	0.052
T0246TS014_2o__T0246TS196_5o	0.965	0.982	0.982	0.976	0.978	0.971
T0246TS014_3o__T0246TS419_1o	0.963	0.979	0.979	0.988	0.978	0.969
T0246TS014_6o__T0246TS164_5o	0.982	0.99	0.99	0.94	0.936	0.983
T0246TS015_1o__T0246TS322_1o	0.929	0.916	0.916	0.894	0.874	0.74
T0246TS015_1o__T0246TS425_2o	0.907	0.907	0.907	0.883	0.884	0.737
T0246TS015_2o__T0246TS022_5o	0.903	0.947	0.947	0.91	0.851	0.749
T0246TS015_5o__T0246TS163_3o	0.923	0.932	0.932	0.891	0.86	0.77
T0246TS015_5o__T0246TS221_2o	0.917	0.925	0.925	0.916	0.882	0.774
T0246TS015_5o__T0246TS300_4o	0.819	0.941	0.941	0.817	0.825	0.737
T0246TS022_1o__T0246TS022_4o	0.714	0.876	0.876	0.716	0.773	0.743
T0246TS022_2o__T0246TS139_5o	0.845	0.89	0.89	0.85	0.838	0.714
T0246TS022_2o__T0246TS375_1o	0.922	0.916	0.916	0.891	0.883	0.731
T0246TS022_4o__T0246TS380_5o	0.806	0.876	0.876	0.732	0.794	0.787
T0246TS022_4o__T0246TS397_1o	0.81	0.877	0.877	0.732	0.794	0.79
T0246TS022_5o__T0246TS300_2o	0.778	0.853	0.853	0.76	0.773	0.665
T0246TS028_1o__T0246TS380_2o	0.96	0.981	0.981	0.956	0.978	0.976
T0246TS028_2o__T0246TS304_3o	0.952	0.979	0.979	0.964	0.957	0.97
T0246TS028_3o__T0246TS304_5o	0.954	0.982	0.982	0.964	0.957	0.982
T0246TS052_2o__T0246TS494_3o	0.83	0.888	0.888	0.8	0.909	0.809
T0246TS052_3o__T0246TS147_4o	0.935	0.962	0.962	0.951	0.933	0.742
T0246TS052_4o__T0246TS468_5o	0.866	0.896	0.896	0.838	0.891	0.843
T0246TS052_5o__T0246TS139_4o	0.852	0.947	0.947	0.888	0.896	0.783
T0246TS052_5o__T0246TS164_1o	0.924	0.963	0.963	0.923	0.915	0.807
T0246TS059_2o__T0246TS022_1o	0.856	0.896	0.896	0.772	0.833	0.829
T0246TS059_2o__T0246TS164_3o	0.873	0.899	0.899	0.818	0.894	0.846
T0246TS110_1o__T0246TS028_2o	1.0	1.0	1.0	1.0	1.0	1.0
T0246TS110_3o__T0246TS110_5o	0.993	0.996	0.996	0.976	0.957	0.991
T0246TS110_3o__T0246TS164_2o	0.989	0.989	0.989	0.96	0.957	0.988
T0246TS110_3o__T0246TS221_5o	0.964	0.978	0.978	0.964	0.957	0.972
T0246TS110_5o__T0246TS163_2o	0.984	0.989	0.989	0.936	0.915	0.976
T0246TS114_2o__T0246TS015_1o	0.82	0.95	0.95	0.87	0.896	0.805
T0246TS114_3o__T0246TS264_4o	0.791	0.872	0.872	0.8	0.833	0.67
T0246TS114_4o__T0246TS264_4o	0.781	0.87	0.87	0.784	0.816	0.665
T0246TS114_5o__T0246TS028_5o	0.799	0.873	0.873	0.797	0.83	0.669
T0246TS114_5o__T0246TS110_4o	0.797	0.874	0.874	0.792	0.81	0.666
T0246TS147_2o__T0246TS425_4o	0.96	0.982	0.982	0.961	0.957	0.978
T0246TS163_2o__T0246TS423_4o	0.986	0.987	0.987	0.964	0.967	0.971
T0246TS163_4o__T0246TS298_1o	0.965	0.989	0.989	0.956	0.935	0.975
T0246TS163_5o__T0246TS014_4o	0.972	0.986	0.986	0.925	0.898	0.97
T0246TS164_1o__T0246TS345_2o	0.945	0.977	0.977	0.981	1.0	0.978
T0246TS164_5o__T0246TS051_1o	0.946	0.98	0.98	0.938	0.917	0.962
T0246TS164_5o__T0246TS300_5o	0.766	0.872	0.872	0.776	0.814	0.663
T0246TS164_5o__T0246TS468_1o	0.954	0.983	0.983	0.933	0.915	0.957
T0246TS167_1o__T0246TS423_1o	0.0	0.0	0.0	0.0	0.0	0.01
T0246TS196_1o__T0246TS014_3o	0.979	0.984	0.984	0.98	0.978	0.979
T0246TS196_2o__T0246TS059_3o	0.924	0.976	0.976	0.932	0.945	0.942
T0246TS196_4o__T0246TS221_5o	0.963	0.979	0.979	0.936	0.915	0.958
T0246TS221_1o__T0246TS331_3o	0.936	0.975	0.975	0.919	0.926	0.938
T0246TS221_3o__T0246TS147_4o	0.965	0.978	0.978	0.951	0.935	0.961
T0246TS264_6o__T0246TS015_2o	0.807	0.846	0.846	0.802	0.796	0.663
T0246TS274_1o__T0246TS059_1o	0.944	0.982	0.982	0.924	0.902	0.954
T0246TS274_4o__T0246TS164_5o	0.85	0.889	0.889	0.803	0.87	0.846
T0246TS286_4o__T0246TS163_1o	0.683	0.846	0.846	0.715	0.821	0.723
T0246TS286_4o__T0246TS423_4o	0.69	0.846	0.846	0.748	0.87	0.729
T0246TS294_1o__T0246TS331_5o	0.98	0.987	0.987	0.973	0.938	0.992
T0246TS294_3o__T0246TS059_1o	0.829	0.851	0.851	0.756	0.839	0.671
T0246TS298_3o__T0246TS139_4o	0.874	0.962	0.962	0.909	0.917	0.908
T0246TS300_2o__T0246TS015_3o	0.763	0.884	0.884	0.684	0.79	0.759
T0246TS300_2o__T0246TS022_3o	0.751	0.789	0.789	0.724	0.772	0.598
T0246TS300_2o__T0246TS028_1o	0.792	0.872	0.872	0.743	0.777	0.656
T0246TS304_1o__T0246TS375_5o	0.983	0.994	0.994	0.988	0.978	0.989
T0246TS304_4o__T0246TS264_3o	0.98	0.989	0.989	1.0	1.0	0.994
T0246TS322_3o__T0246TS164_5o	0.828	0.928	0.928	0.813	0.837	0.709
T0246TS322_3o__T0246TS386_4o	0.84	0.936	0.936	0.845	0.883	0.712
T0246TS322_3o__T0246TS388_5o	0.784	0.866	0.866	0.802	0.83	0.674
T0246TS331_1o__T0246TS345_5o	0.976	0.331	0.988	0.519	0.322	0.979
T0246TS331_1o__T0246TS468_1o	0.98	0.985	0.985	0.98	0.978	0.982
T0246TS331_2o__T0246TS196_3o	0.944	0.978	0.978	0.957	0.957	0.951
T0246TS337_3o__T0246TS015_2o	0.742	0.796	0.796	0.717	0.683	0.59
T0246TS345_1o__T0246TS468_1o	0.971	0.989	0.989	0.957	0.915	0.97
T0246TS345_3o__T0246TS052_2o	0.916	0.918	0.918	0.888	0.913	0.723
T0246TS345_4o__T0246TS164_5o	0.982	0.99	0.99	0.94	0.915	0.981
T0246TS375_2o__T0246TS331_5o	0.984	0.993	0.993	0.985	0.958	0.992
T0246TS375_3o__T0246TS110_5o	0.951	0.982	0.982	0.949	0.957	0.958
T0246TS375_5o__T0246TS015_5o	0.853	0.92	0.92	0.892	0.851	0.712
T0246TS380_2o__T0246TS468_3o	0.999	0.99	0.99	0.98	0.967	0.984
T0246TS380_5o__T0246TS015_1o	0.879	0.917	0.917	0.896	0.905	0.722
T0246TS386_1o__T0246TS456_4o	0.819	0.885	0.885	0.853	0.876	0.749
T0246TS386_2o__T0246TS051_4o	0.989	0.987	0.987	0.98	1.0	0.987
T0246TS386_3o__T0246TS264_5o	0.947	0.98	0.98	0.924	0.915	0.959
T0246TS386_5o__T0246TS114_3o	0.811	0.883	0.883	0.794	0.81	0.68
T0246TS388_5o__T0246TS139_5o	0.839	0.884	0.884	0.835	0.865	0.83
T0246TS388_5o__T0246TS322_1o	0.908	0.909	0.909	0.888	0.944	0.882
T0246TS388_5o__T0246TS345_3o	0.904	0.91	0.91	0.885	0.955	0.873
T0246TS419_2o__T0246TS028_2o	0.98	0.983	0.983	0.988	0.978	0.981
T0246TS419_5o__T0246TS022_3o	0.821	0.858	0.858	0.82	0.87	0.715
T0246TS423_2o__T0246TS286_5o	0.691	0.864	0.864	0.706	0.839	0.711
T0246TS423_3o__T0246TS167_3o	0.0	0.0	0.0	0.0	0.021	0.008
T0246TS423_5o__T0246TS331_1o	0.927	0.973	0.973	0.948	0.935	0.957
T0246TS425_5o__T0246TS051_1o	0.982	0.992	0.992	0.981	0.957	0.983
T0246TS450_1o__T0246TS423_3o	0.648	0.728	0.728	0.5	0.617	0.574
T0246TS456_2o__T0246TS014_2o	0.928	0.908	0.908	0.899	0.894	0.733
T0246TS462_3o__T0246TS337_2o	0.771	0.872	0.872	0.743	0.777	0.659
T0246TS462_4o__T0246TS286_1o	0.859	0.899	0.899	0.867	0.977	0.834
T0246TS468_1o__T0246TS375_5o	0.976	0.986	0.986	0.964	0.935	0.984
T0246TS468_1o__T0246TS450_5o	0.953	0.346	0.982	0.498	0.316	0.966
T0246TS468_1o__T0246TS456_3o	0.865	0.947	0.947	0.912	0.88	0.725
T0246TS468_2o__T0246TS028_2o	0.96	0.982	0.982	0.952	0.957	0.971
T0246TS494_2o__T0246TS319_5o	0.902	0.972	0.972	0.914	0.926	0.925
T0257TS014_2o__T0257TS286_3o	0.485	0.404	0.404	0.439	0.879	0.142
T0257TS014_4o__T0257TS167_1o	0.7	0.602	0.602	0.647	0.903	0.22
T0257TS014_6o__T0257TS425_3o	0.25	0.243	0.243	0.231	0.88	0.079
T0257TS015_2o__T0257TS028_4o	0.186	0.213	0.213	0.154	0.945	0.088
T0257TS015_5o__T0257TS419_2o	0.258	0.195	0.195	0.183	0.94	0.12
T0257TS022_1o__T0257TS014_5o	0.808	0.799	0.82	0.823	0.929	0.274
T0257TS022_4o__T0257TS139_3o	0.628	0.497	0.556	0.562	0.808	0.285
T0257TS022_4o__T0257TS286_2o	0.321	0.213	0.241	0.263	0.806	0.138
T0257TS051_1o__T0257TS221_2o	0.145	0.166	0.166	0.087	0.925	0.029
T0257TS051_1o__T0257TS450_2o	0.802	0.784	0.784	0.81	0.907	0.276
T0257TS051_3o__T0257TS272_2o	0.572	0.519	0.519	0.56	0.903	0.196
T0257TS052_1o__T0257TS419_3o	0.133	0.126	0.127	0.055	0.946	0.054
T0257TS052_3o__T0257TS219_1o	0.201	0.17	0.171	0.135	0.953	0.092
T0257TS052_4o__T0257TS221_1o	0.896	0.791	0.963	0.87	0.815	0.466
T0257TS052_5o__T0257TS312_4o	0.282	0.14	0.201	0.179	0.726	0.091
T0257TS059_4o__T0257TS110_1o	0.147	0.135	0.135	0.049	0.878	0.056
T0257TS075_4o__T0257TS262_5o	0.86	0.896	0.896	0.878	0.93	0.281
T0257TS075_5o__T0257TS262_4o	0.351	0.326	0.326	0.337	0.907	0.108
T0257TS110_1o__T0257TS264_5o	0.331	0.262	0.262	0.28	0.878	0.125
T0257TS110_1o__T0257TS272_2o	0.157	0.151	0.151	0.094	0.939	0.033
T0257TS110_3o__T0257TS164_5o	0.861	0.826	0.826	0.853	0.951	0.554
T0257TS122_1o__T0257TS375_5o	0.643	0.533	0.533	0.613	0.916	0.221
T0257TS122_5o__T0257TS059_4o	0.235	0.188	0.188	0.141	0.87	0.045
T0257TS139_2o__T0257TS122_1o	0.194	0.168	0.168	0.099	0.871	0.036
T0257TS139_4o__T0257TS051_4o	0.737	0.78	0.78	0.769	0.864	0.272
T0257TS139_4o__T0257TS298_3o	0.168	0.196	0.196	0.144	0.856	0.061
T0257TS147_1o__T0257TS319_3o	0.132	0.138	0.138	0.069	0.92	0.025
T0257TS147_5o__T0257TS298_5o	0.352	0.361	0.361	0.35	0.924	0.124
T0257TS148_1o__T0257TS322_2o	0.341	0.273	0.273	0.32	0.899	0.102
T0257TS148_4o__T0257TS286_2o	0.36	0.31	0.31	0.335	0.914	0.108
T0257TS148_5o__T0257TS388_2o	0.451	0.427	0.427	0.482	0.909	0.156
T0257TS163_1o__T0257TS319_1o	0.145	0.153	0.153	0.077	0.918	0.026
T0257TS163_3o__T0257TS163_1o	0.978	0.963	0.963	0.953	0.983	0.557
T0257TS163_3o__T0257TS375_4o	0.138	0.157	0.157	0.084	0.927	0.029
T0257TS163_4o__T0257TS393_4o	0.335	0.268	0.268	0.297	0.873	0.13
T0257TS163_5o__T0257TS331_3o	0.544	0.486	0.486	0.507	0.92	0.168
T0257TS164_1o__T0257TS274_3o	0.132	0.129	0.129	0.059	0.966	0.047
T0257TS167_1o__T0257TS456_1o	0.465	0.375	0.381	0.444	0.912	0.147
T0257TS221_1o__T0257TS075_4o	0.143	0.16	0.16	0.082	0.928	0.029
T0257TS221_1o__T0257TS475_1o	0.146	0.153	0.153	0.083	0.927	0.028
T0257TS221_2o__T0257TS051_5o	0.13	0.14	0.14	0.072	0.911	0.026
T0257TS241_2o__T0257TS028_2o	0.561	0.493	0.493	0.546	0.935	0.177
T0257TS241_2o__T0257TS164_4o	0.564	0.494	0.494	0.555	0.94	0.182
T0257TS241_3o__T0257TS331_4o	0.418	0.338	0.338	0.38	0.899	0.129
T0257TS241_5o__T0257TS015_3o	0.615	0.246	0.603	0.325	0.448	0.221
T0257TS241_5o__T0257TS139_1o	0.683	0.299	0.752	0.373	0.447	0.236
T0257TS262_1o__T0257TS272_3o	0.237	0.191	0.191	0.162	0.932	0.057
T0257TS262_1o__T0257TS301_1o	0.563	0.481	0.481	0.528	0.918	0.181
T0257TS262_5o__T0257TS075_5o	0.36	0.331	0.331	0.34	0.911	0.12
T0257TS264_2o__T0257TS319_3o	0.566	0.462	0.462	0.511	0.895	0.175
T0257TS264_4o__T0257TS022_2o	0.698	0.622	0.627	0.692	0.93	0.228
T0257TS272_3o__T0257TS304_2o	0.75	0.732	0.732	0.77	0.932	0.264
T0257TS274_1o__T0257TS219_3o	0.752	0.701	0.702	0.775	0.947	0.284
T0257TS274_5o__T0257TS196_1o	0.474	0.438	0.439	0.483	0.85	0.186
T0257TS284_3o__T0257TS022_4o	0.149	0.149	0.168	0.159	0.772	0.05
T0257TS284_4o__T0257TS196_2o	0.685	0.69	0.69	0.706	0.865	0.231
T0257TS284_4o__T0257TS423_5o	0.251	0.316	0.316	0.354	0.829	0.13
T0257TS294_3o__T0257TS425_3o	0.381	0.315	0.315	0.35	0.918	0.138
T0257TS294_4o__T0257TS494_5o	0.85	0.853	0.855	0.872	0.953	0.292
T0257TS298_1o__T0257TS015_4o	0.14	0.157	0.157	0.084	0.928	0.029
T0257TS301_5o__T0257TS014_3o	0.562	0.491	0.491	0.544	0.902	0.177
T0257TS304_4o__T0257TS059_4o	0.228	0.198	0.198	0.148	0.864	0.047
T0257TS311_2o__T0257TS264_2o	0.352	0.107	0.265	0.142	0.305	0.145
T0257TS312_5o__T0257TS462_1o	0.448	0.354	0.354	0.419	0.92	0.133
T0257TS319_5o__T0257TS298_2o	0.309	0.315	0.315	0.339	0.92	0.119
T0257TS319_5o__T0257TS456_2o	0.254	0.218	0.221	0.196	0.928	0.066
T0257TS322_3o__T0257TS164_3o	0.268	0.209	0.209	0.19	0.943	0.098
T0257TS323_1o__T0257TS164_5o	0.134	0.159	0.159	0.079	0.907	0.027
T0257TS331_1o__T0257TS052_4o	0.656	0.697	0.846	0.78	0.775	0.234
T0257TS331_4o__T0257TS462_6o	0.707	0.747	0.747	0.776	0.901	0.261
T0257TS375_2o__T0257TS312_2o	0.331	0.261	0.261	0.298	0.911	0.113
T0257TS375_5o__T0257TS221_4o	0.566	0.512	0.512	0.564	0.905	0.178
T0257TS388_1o__T0257TS298_4o	0.684	0.667	0.667	0.708	0.905	0.246
T0257TS393_3o__T0257TS051_3o	0.842	0.844	0.844	0.857	0.911	0.296
T0257TS393_6o__T0257TS294_3o	0.397	0.303	0.303	0.363	0.915	0.147
T0257TS397_4o__T0257TS052_4o	0.445	0.4	0.477	0.486	0.77	0.143
T0257TS419_1o__T0257TS167_3o	0.315	0.256	0.256	0.288	0.91	0.1
T0257TS423_3o__T0257TS163_3o	0.163	0.144	0.144	0.094	0.872	0.033
T0257TS423_4o__T0257TS014_3o	0.747	0.549	0.549	0.597	0.869	0.188
T0257TS425_1o__T0257TS475_5o	0.555	0.45	0.45	0.508	0.91	0.188
T0257TS425_2o__T0257TS345_3o	0.398	0.304	0.304	0.351	0.91	0.139
T0257TS456_1o__T0257TS196_1o	0.48	0.44	0.471	0.484	0.832	0.187
T0257TS456_2o__T0257TS052_4o	0.191	0.141	0.159	0.159	0.831	0.086
T0257TS456_2o__T0257TS221_3o	0.337	0.245	0.247	0.26	0.952	0.131
T0257TS456_2o__T0257TS264_3o	0.709	0.6	0.612	0.658	0.907	0.227
T0257TS462_1o__T0257TS304_1o	0.586	0.493	0.493	0.547	0.937	0.189
T0257TS462_1o__T0257TS375_1o	0.399	0.335	0.335	0.38	0.936	0.129
T0257TS462_3o__T0257TS272_4o	0.777	0.762	0.762	0.795	0.919	0.277
T0257TS494_1o__T0257TS028_2o	0.138	0.128	0.128	0.058	0.963	0.055
T0257TS494_1o__T0257TS052_5o	0.186	0.136	0.155	0.148	0.801	0.078
T0257TS494_1o__T0257TS286_4o	0.259	0.214	0.214	0.176	0.925	0.086
T0257TS494_1o__T0257TS312_5o	0.571	0.459	0.46	0.509	0.911	0.18
T0257TS494_1o__T0257TS423_1o	0.099	0.142	0.142	0.073	0.906	0.027
T0257TS494_4o__T0257TS051_5o	0.826	0.748	0.749	0.813	0.925	0.283
T0259TS014_2o__T0259TS148_2o	0.187	0.105	0.216	0.057	0.376	0.077
T0259TS014_3o__T0259TS221_1o	0.763	0.314	0.787	0.391	0.354	0.559
T0259TS014_6o__T0259TS196_2o	0.68	0.44	0.44	0.461	0.634	0.348
T0259TS015_1o__T0259TS301_1o	0.806	0.787	0.787	0.831	0.85	0.429
T0259TS015_2o__T0259TS272_2o	0.157	0.167	0.167	0.095	0.856	0.079
T0259TS022_1o__T0259TS139_2o	0.712	0.672	0.672	0.717	0.788	0.438
T0259TS022_4o__T0259TS319_5o	0.797	0.775	0.775	0.82	0.889	0.439
T0259TS028_3o__T0259TS052_3o	0.732	0.67	0.67	0.713	0.816	0.406
T0259TS028_5o__T0259TS122_2o	0.19	0.199	0.199	0.086	0.828	0.069
T0259TS051_1o__T0259TS462_4o	0.177	0.209	0.209	0.091	0.869	0.081
T0259TS052_2o__T0259TS147_3o	0.686	0.665	0.665	0.669	0.859	0.415
T0259TS052_3o__T0259TS312_4o	0.842	0.872	0.872	0.864	0.877	0.606
T0259TS052_5o__T0259TS397_3o	0.19	0.205	0.205	0.093	0.814	0.086
T0259TS059_3o__T0259TS052_2o	0.171	0.192	0.192	0.088	0.869	0.077
T0259TS059_5o__T0259TS284_4o	0.747	0.761	0.761	0.737	0.84	0.452
T0259TS075_2o__T0259TS264_2o	0.823	0.869	0.869	0.824	0.925	0.641
T0259TS075_4o__T0259TS191_2o	0.783	0.801	0.801	0.816	0.857	0.43
T0259TS114_1o__T0259TS059_3o	0.75	0.735	0.735	0.759	0.814	0.475
T0259TS114_4o__T0259TS301_2o	0.193	0.221	0.221	0.116	0.784	0.084
T0259TS114_5o__T0259TS375_3o	0.193	0.221	0.221	0.118	0.823	0.083
T0259TS122_1o__T0259TS219_1o	0.193	0.219	0.219	0.127	0.878	0.084
T0259TS122_1o__T0259TS274_1o	0.737	0.775	0.775	0.801	0.875	0.442
T0259TS122_2o__T0259TS114_1o	0.199	0.213	0.213	0.1	0.816	0.078
T0259TS122_3o__T0259TS300_3o	0.201	0.223	0.223	0.111	0.776	0.08
T0259TS147_1o__T0259TS284_1o	0.799	0.756	0.756	0.783	0.84	0.413
T0259TS147_2o__T0259TS167_4o	0.234	0.221	0.322	0.223	0.552	0.219
T0259TS148_5o__T0259TS167_4o	0.084	0.053	0.077	0.014	0.481	0.047
T0259TS163_1o__T0259TS221_1o	0.188	0.216	0.216	0.096	0.798	0.078
T0259TS163_2o__T0259TS300_1o	0.197	0.224	0.224	0.107	0.797	0.079
T0259TS163_4o__T0259TS264_4o	0.63	0.487	0.487	0.431	0.918	0.388
T0259TS187_1o__T0259TS052_5o	0.17	0.202	0.202	0.085	0.823	0.077
T0259TS187_1o__T0259TS419_1o	0.78	0.873	0.873	0.773	0.862	0.602
T0259TS196_3o__T0259TS475_2o	0.576	0.224	0.509	0.22	0.353	0.402
T0259TS196_5o__T0259TS241_5o	0.332	0.193	0.422	0.235	0.356	0.194
T0259TS262_2o__T0259TS397_2o	0.172	0.179	0.179	0.075	0.829	0.067
T0259TS262_3o__T0259TS147_5o	0.72	0.79	0.79	0.763	0.867	0.408
T0259TS262_5o__T0259TS052_2o	0.16	0.165	0.165	0.086	0.856	0.077
T0259TS264_5o__T0259TS388_3o	0.184	0.178	0.178	0.08	0.915	0.078
T0259TS264_6o__T0259TS397_5o	0.815	0.844	0.844	0.828	0.901	0.444
T0259TS272_1o__T0259TS456_3o	0.747	0.72	0.72	0.767	0.797	0.496
T0259TS272_2o__T0259TS122_2o	0.163	0.162	0.162	0.073	0.904	0.07
T0259TS272_2o__T0259TS450_5o	0.813	0.39	0.832	0.512	0.387	0.693
T0259TS272_5o__T0259TS187_1o	0.053	0.014	0.014	0.003	0.241	0.037
T0259TS274_1o__T0259TS059_3o	0.177	0.205	0.205	0.091	0.824	0.077
T0259TS274_2o__T0259TS272_5o	0.044	0.036	0.036	0.008	0.239	0.036
T0259TS284_1o__T0259TS059_1o	0.733	0.714	0.714	0.75	0.799	0.417
T0259TS284_2o__T0259TS298_4o	0.183	0.227	0.227	0.118	0.871	0.083
T0259TS298_2o__T0259TS301_4o	0.762	0.803	0.803	0.811	0.861	0.43
T0259TS298_4o__T0259TS375_3o	0.185	0.218	0.218	0.125	0.812	0.083
T0259TS300_5o__T0259TS241_2o	0.747	0.701	0.701	0.763	0.793	0.453
T0259TS300_5o__T0259TS337_4o	0.99	0.987	0.987	0.975	0.955	0.98
T0259TS301_1o__T0259TS059_5o	0.71	0.711	0.711	0.687	0.783	0.437
T0259TS301_2o__T0259TS114_5o	0.2	0.224	0.224	0.12	0.78	0.082
T0259TS301_3o__T0259TS139_5o	0.776	0.809	0.809	0.793	0.872	0.554
T0259TS301_3o__T0259TS241_2o	0.182	0.189	0.189	0.115	0.907	0.09
T0259TS304_1o__T0259TS147_3o	0.728	0.659	0.659	0.677	0.893	0.415
T0259TS304_1o__T0259TS312_1o	0.847	0.873	0.873	0.876	0.933	0.655
T0259TS304_2o__T0259TS286_5o	0.235	0.311	0.311	0.242	0.544	0.147
T0259TS304_3o__T0259TS051_5o	0.769	0.672	0.672	0.721	0.848	0.438
T0259TS311_1o__T0259TS284_3o	0.173	0.089	0.184	0.053	0.35	0.07
T0259TS311_5o__T0259TS262_3o	0.713	0.257	0.651	0.307	0.365	0.401
T0259TS311_5o__T0259TS419_2o	0.746	0.297	0.716	0.354	0.368	0.501
T0259TS312_4o__T0259TS397_2o	0.198	0.212	0.212	0.087	0.899	0.072
T0259TS319_3o__T0259TS345_3o	0.911	0.918	0.918	0.891	0.873	0.788
T0259TS319_4o__T0259TS300_3o	0.184	0.219	0.219	0.094	0.802	0.077
T0259TS322_3o__T0259TS301_3o	0.802	0.785	0.785	0.823	0.861	0.441
T0259TS322_4o__T0259TS311_3o	0.249	0.308	0.308	0.254	0.3	0.124
T0259TS337_1o__T0259TS059_1o	0.18	0.212	0.212	0.091	0.81	0.079
T0259TS337_3o__T0259TS147_3o	0.176	0.224	0.224	0.079	0.791	0.075
T0259TS337_5o__T0259TS300_4o	0.999	0.995	0.995	0.982	0.969	0.989
T0259TS345_1o__T0259TS147_4o	0.185	0.222	0.222	0.096	0.889	0.084
T0259TS345_3o__T0259TS164_5o	0.769	0.809	0.809	0.788	0.816	0.407
T0259TS345_4o__T0259TS022_5o	0.752	0.659	0.659	0.758	0.77	0.414
T0259TS345_5o__T0259TS148_3o	0.191	0.21	0.21	0.078	0.862	0.069
T0259TS388_4o__T0259TS219_3o	0.172	0.212	0.212	0.092	0.86	0.074
T0259TS388_5o__T0259TS345_5o	0.174	0.227	0.227	0.102	0.802	0.078
T0259TS393_3o__T0259TS304_1o	0.868	0.87	0.87	0.845	0.916	0.687
T0259TS393_3o__T0259TS475_4o	0.87	0.907	0.907	0.855	0.915	0.682
T0259TS397_1o__T0259TS419_5o	0.184	0.213	0.213	0.084	0.879	0.08
T0259TS419_3o__T0259TS114_4o	0.72	0.813	0.813	0.778	0.769	0.547
T0259TS425_1o__T0259TS075_5o	0.823	0.776	0.776	0.801	0.851	0.449
T0259TS425_1o__T0259TS286_3o	0.193	0.214	0.214	0.1	0.834	0.079
T0259TS425_2o__T0259TS219_4o	0.169	0.203	0.203	0.098	0.859	0.082
T0259TS425_2o__T0259TS393_1o	0.771	0.765	0.765	0.784	0.792	0.419
T0259TS425_2o__T0259TS419_4o	0.173	0.198	0.198	0.094	0.87	0.081
T0259TS425_3o__T0259TS423_2o	0.823	0.949	0.949	0.87	0.889	0.845
T0259TS425_5o__T0259TS147_5o	0.171	0.2	0.2	0.081	0.907	0.075
T0259TS462_3o__T0259TS075_1o	0.184	0.211	0.211	0.096	0.824	0.074
T0259TS462_3o__T0259TS164_5o	0.193	0.213	0.213	0.081	0.836	0.07
T0259TS475_1o__T0259TS456_5o	0.186	0.204	0.204	0.104	0.802	0.076
T0259TS475_2o__T0259TS331_5o	0.775	0.763	0.763	0.81	0.86	0.429
T0259TS475_5o__T0259TS319_1o	0.778	0.776	0.776	0.801	0.851	0.437
T0259TS494_1o__T0259TS219_5o	0.16	0.207	0.207	0.105	0.837	0.082
T0270TS014_2o__T0270TS462_4o	0.084	0.108	0.108	0.042	0.666	0.026
T0270TS015_1o__T0270TS164_2o	0.167	0.129	0.129	0.161	0.73	0.128
T0270TS028_1o__T0270TS114_2o	0.109	0.134	0.134	0.052	0.81	0.03
T0270TS028_3o__T0270TS028_1o	0.951	0.985	0.985	0.951	0.978	0.599
T0270TS051_3o__T0270TS393_6o	0.971	0.988	0.988	0.96	0.945	0.908
T0270TS059_3o__T0270TS164_4o	0.109	0.076	0.139	0.03	0.337	0.03
T0270TS059_3o__T0270TS423_5o	0.897	0.357	0.926	0.472	0.345	0.443
T0270TS059_5o__T0270TS196_5o	0.968	0.987	0.987	0.952	0.936	0.909
T0270TS075_1o__T0270TS148_4o	0.941	0.979	0.979	0.966	0.929	0.828
T0270TS075_2o__T0270TS322_4o	0.838	0.359	0.96	0.47	0.328	0.514
T0270TS110_1o__T0270TS122_2o	0.91	0.973	0.973	0.943	0.914	0.68
T0270TS114_5o__T0270TS241_3o	0.108	0.051	0.136	0.018	0.195	0.029
T0270TS122_1o__T0270TS345_5o	0.923	0.284	0.983	0.397	0.235	0.582
T0270TS122_2o__T0270TS261_1o	0.486	0.24	0.725	0.233	0.216	0.234
T0270TS122_2o__T0270TS393_5o	0.968	0.989	0.989	0.945	0.914	0.917
T0270TS122_5o__T0270TS022_4o	0.692	0.693	0.693	0.667	0.55	0.302
T0270TS122_5o__T0270TS380_3o	0.11	0.136	0.136	0.056	0.902	0.031
T0270TS139_1o__T0270TS196_4o	0.093	0.107	0.107	0.041	0.648	0.023
T0270TS139_4o__T0270TS219_5o	0.7	0.551	0.551	0.557	0.553	0.363
T0270TS139_5o__T0270TS475_4o	0.643	0.804	0.804	0.761	0.679	0.338
T0270TS148_1o__T0270TS450_1o	0.043	0.02	0.049	0.0	0.166	0.009
T0270TS148_5o__T0270TS015_1o	0.296	0.102	0.329	0.154	0.326	0.175
T0270TS167_3o__T0270TS147_5o	0.547	0.63	0.63	0.533	0.455	0.334
T0270TS196_1o__T0270TS264_6o	0.111	0.138	0.138	0.056	0.917	0.031
T0270TS196_2o__T0270TS304_3o	0.094	0.061	0.138	0.023	0.296	0.026
T0270TS196_3o__T0270TS122_4o	0.105	0.141	0.141	0.056	0.875	0.029
T0270TS196_4o__T0270TS393_2o	0.109	0.135	0.135	0.054	0.942	0.031
T0270TS208_4o__T0270TS272_5o	0.0	0.0	0.0	0.0	0.031	0.005
T0270TS208_5o__T0270TS059_1o	0.103	0.137	0.137	0.055	0.892	0.028
T0270TS219_1o__T0270TS163_5o	0.027	0.025	0.049	0.01	0.41	0.01
T0270TS221_3o__T0270TS494_4o	0.072	0.056	0.056	0.031	0.473	0.021
T0270TS264_2o__T0270TS331_1o	0.968	0.289	0.984	0.413	0.256	0.781
T0270TS264_2o__T0270TS475_2o	0.937	0.971	0.971	0.951	0.935	0.638
T0270TS264_5o__T0270TS272_5o	0.0	0.0	0.0	0.0	0.024	0.005
T0270TS264_6o__T0270TS221_5o	0.095	0.043	0.112	0.019	0.149	0.025
T0270TS274_4o__T0270TS319_1o	0.067	0.063	0.063	0.032	0.532	0.019
T0270TS284_2o__T0270TS380_1o	0.11	0.136	0.136	0.056	0.902	0.031
T0270TS294_2o__T0270TS331_4o	0.952	0.981	0.981	0.955	0.956	0.624
T0270TS294_4o__T0270TS380_1o	0.11	0.137	0.137	0.056	0.926	0.032
T0270TS294_4o__T0270TS468_5o	0.954	0.986	0.986	0.963	0.91	0.899
T0270TS300_4o__T0270TS052_1o	0.108	0.123	0.123	0.044	0.604	0.029
T0270TS300_4o__T0270TS264_1o	0.107	0.13	0.13	0.05	0.763	0.028
T0270TS304_2o__T0270TS419_1o	0.082	0.023	0.099	0.009	0.092	0.02
T0270TS311_4o__T0270TS393_2o	0.925	0.321	0.94	0.429	0.326	0.614
T0270TS311_5o__T0270TS300_3o	0.105	0.067	0.137	0.031	0.298	0.03
T0270TS319_1o__T0270TS425_1o	0.948	0.288	0.987	0.413	0.257	0.651
T0270TS322_2o__T0270TS262_1o	0.106	0.054	0.135	0.022	0.21	0.029
T0270TS331_1o__T0270TS163_3o	0.029	0.036	0.036	0.017	0.687	0.085
T0270TS331_5o__T0270TS052_5o	0.885	0.973	0.973	0.922	0.906	0.676
T0270TS337_1o__T0270TS191_5o	0.108	0.072	0.139	0.026	0.296	0.029
T0270TS337_4o__T0270TS022_2o	0.108	0.134	0.134	0.05	0.787	0.028
T0270TS345_3o__T0270TS284_4o	0.095	0.134	0.134	0.054	0.808	0.027
T0270TS375_4o__T0270TS196_2o	0.017	0.01	0.017	0.0	0.163	0.01
T0270TS380_3o__T0270TS425_2o	0.108	0.058	0.137	0.022	0.248	0.029
T0270TS380_5o__T0270TS345_4o	0.927	0.291	0.981	0.417	0.263	0.633
T0270TS388_2o__T0270TS075_2o	0.109	0.139	0.139	0.057	0.951	0.03
T0270TS388_2o__T0270TS380_5o	0.11	0.142	0.142	0.055	0.937	0.03
T0270TS388_3o__T0270TS264_1o	0.913	0.938	0.938	0.9	0.865	0.404
T0270TS393_5o__T0270TS075_5o	0.93	0.987	0.987	0.944	0.902	0.555
T0270TS393_5o__T0270TS139_5o	0.68	0.812	0.812	0.765	0.701	0.328
T0270TS419_3o__T0270TS294_4o	0.7	0.822	0.822	0.832	0.727	0.418
T0270TS450_3o__T0270TS167_1o	0.064	0.026	0.049	0.0	0.262	0.01
T0270TS462_4o__T0270TS337_5o	0.073	0.114	0.114	0.042	0.599	0.021
T0270TS462_5o__T0270TS191_3o	0.2	0.141	0.379	0.108	0.195	0.111
T0270TS462_5o__T0270TS264_6o	0.635	0.753	0.753	0.778	0.68	0.385
T0270TS468_4o__T0270TS241_5o	0.11	0.134	0.134	0.057	0.903	0.031
T0270TS468_4o__T0270TS312_1o	0.109	0.129	0.129	0.056	0.905	0.031
T0270TS475_4o__T0270TS022_4o	0.707	0.698	0.698	0.669	0.541	0.376
T0270TS475_4o__T0270TS163_5o	0.289	0.124	0.336	0.197	0.424	0.14
T0270TS475_5o__T0270TS331_3o	0.956	0.274	0.986	0.379	0.23	0.81
T0270TS494_4o__T0270TS345_5o	0.065	0.03	0.065	0.014	0.245	0.019
T0270TS494_5o__T0270TS219_2o	0.108	0.137	0.137	0.056	0.926	0.031
T0272s3TS059_4o__T0272s3TS059_5o	0.756	0.894	0.894	0.833	0.95	0.361
T0272s3TS059_4o__T0272s3TS450_2o	0.347	0.267	0.387	0.32	0.275	0.115
T0272s3TS059_4o__T0272s3TS450_4o	0.128	0.098	0.098	0.052	0.839	0.034
T0272s3TS059_5o__T0272s3TS059_4o	0.766	0.894	0.894	0.833	0.95	0.37
T0272s3TS059_5o__T0272s3TS450_2o	0.339	0.262	0.381	0.326	0.273	0.119
T0272s3TS059_5o__T0272s3TS450_4o	0.13	0.097	0.097	0.052	0.814	0.034
T0272s3TS450_3o__T0272s3TS059_4o	0.242	0.18	0.364	0.113	0.501	0.079
T0272s3TS450_3o__T0272s3TS059_5o	0.247	0.179	0.36	0.122	0.505	0.084
T0272s3TS450_3o__T0272s3TS450_2o	0.175	0.097	0.253	0.079	0.188	0.061
T0272s3TS450_3o__T0272s3TS450_4o	0.21	0.19	0.377	0.118	0.538	0.099
T0272s3TS450_4o__T0272s3TS059_4o	0.154	0.098	0.098	0.052	0.839	0.034
T0272s3TS450_4o__T0272s3TS059_5o	0.154	0.097	0.097	0.052	0.814	0.034
T0272s3TS450_4o__T0272s3TS450_2o	0.1	0.049	0.067	0.029	0.291	0.029
T0272s4TS059_4o__T0272s4TS059_5o	0.87	0.875	0.875	0.883	0.947	0.46
T0272s4TS059_4o__T0272s4TS450_2o	0.258	0.341	0.737	0.415	0.667	0.354
T0272s4TS059_4o__T0272s4TS450_4o	0.174	0.134	0.134	0.08	0.972	0.069
T0272s4TS059_5o__T0272s4TS059_4o	0.895	0.875	0.875	0.883	0.947	0.483
T0272s4TS059_5o__T0272s4TS450_2o	0.278	0.361	0.812	0.439	0.675	0.403
T0272s4TS059_5o__T0272s4TS450_4o	0.198	0.146	0.146	0.098	0.934	0.078
T0272s4TS450_3o__T0272s4TS059_4o	0.652	0.288	0.692	0.363	0.495	0.292
T0272s4TS450_3o__T0272s4TS059_5o	0.689	0.314	0.756	0.4	0.515	0.316
T0272s4TS450_3o__T0272s4TS450_2o	0.619	0.152	0.874	0.2	0.362	0.373
T0272s4TS450_3o__T0272s4TS450_4o	0.18	0.067	0.132	0.045	0.5	0.07
T0272s4TS450_4o__T0272s4TS059_4o	0.175	0.134	0.134	0.08	0.972	0.068
T0272s4TS450_4o__T0272s4TS059_5o	0.193	0.146	0.146	0.098	0.934	0.075
T0272s4TS450_4o__T0272s4TS450_2o	0.069	0.067	0.118	0.038	0.678	0.065
T0272s5TS059_4o__T0272s5TS059_5o	0.848	0.85	0.85	0.877	0.938	0.356
T0272s5TS059_4o__T0272s5TS450_4o	0.155	0.065	0.103	0.034	0.447	0.074
T0272s5TS059_5o__T0272s5TS059_4o	0.884	0.85	0.85	0.877	0.938	0.377
T0272s5TS059_5o__T0272s5TS450_4o	0.169	0.081	0.13	0.045	0.443	0.077
T0272s5TS450_3o__T0272s5TS059_4o	0.167	0.058	0.118	0.027	0.517	0.069
T0272s5TS450_3o__T0272s5TS059_5o	0.171	0.068	0.139	0.037	0.51	0.062
T0272s5TS450_3o__T0272s5TS450_4o	0.898	0.149	0.896	0.237	0.244	0.505
T0272s8TS059_1o__T0272s8TS059_3o	0.099	0.079	0.093	0.057	0.24	0.05
T0272s8TS059_1o__T0272s8TS059_4o	0.069	0.064	0.074	0.052	0.234	0.024
T0272s8TS059_1o__T0272s8TS059_5o	0.077	0.055	0.061	0.036	0.217	0.025
T0272s8TS059_1o__T0272s8TS139_1o	1.0	1.0	1.0	1.0	1.0	1.0
T0272s8TS059_1o__T0272s8TS388_1o	0.701	0.862	0.862	0.758	0.746	0.72
T0272s8TS059_1o__T0272s8TS388_4o	0.058	0.042	0.047	0.032	0.229	0.021
T0272s8TS059_1o__T0272s8TS388_5o	0.029	0.053	0.056	0.033	0.223	0.037
T0272s8TS059_2o__T0272s8TS059_1o	0.061	0.066	0.066	0.052	0.267	0.019
T0272s8TS059_2o__T0272s8TS059_3o	0.143	0.166	0.177	0.189	0.357	0.06
T0272s8TS059_2o__T0272s8TS059_4o	0.149	0.151	0.16	0.17	0.313	0.054
T0272s8TS059_2o__T0272s8TS388_2o	0.715	0.886	0.886	0.801	0.8	0.707
T0272s8TS059_2o__T0272s8TS388_3o	0.134	0.148	0.157	0.154	0.395	0.06
T0272s8TS059_2o__T0272s8TS388_4o	0.12	0.108	0.113	0.118	0.33	0.049
T0272s8TS059_3o__T0272s8TS059_1o	0.099	0.079	0.093	0.057	0.24	0.048
T0272s8TS059_3o__T0272s8TS059_4o	0.234	0.214	0.214	0.27	0.381	0.096
T0272s8TS059_3o__T0272s8TS059_5o	0.195	0.156	0.156	0.158	0.363	0.094
T0272s8TS059_3o__T0272s8TS139_1o	0.099	0.079	0.093	0.057	0.24	0.048
T0272s8TS059_3o__T0272s8TS388_1o	0.14	0.099	0.115	0.086	0.293	0.06
T0272s8TS059_4o__T0272s8TS059_1o	0.071	0.064	0.074	0.052	0.234	0.023
T0272s8TS059_4o__T0272s8TS059_2o	0.173	0.151	0.16	0.17	0.313	0.077
T0272s8TS059_4o__T0272s8TS059_3o	0.237	0.214	0.214	0.27	0.381	0.102
T0272s8TS059_4o__T0272s8TS059_5o	0.164	0.128	0.128	0.14	0.34	0.079
T0272s8TS059_4o__T0272s8TS139_1o	0.071	0.064	0.074	0.052	0.234	0.023
T0272s8TS059_4o__T0272s8TS388_1o	0.107	0.084	0.096	0.084	0.276	0.036
T0272s8TS059_4o__T0272s8TS388_2o	0.179	0.132	0.138	0.154	0.306	0.074
T0272s8TS059_4o__T0272s8TS388_3o	0.183	0.218	0.218	0.248	0.4	0.116
T0272s8TS059_4o__T0272s8TS388_4o	0.529	0.68	0.68	0.544	0.743	0.673
T0272s8TS059_5o__T0272s8TS059_1o	0.056	0.055	0.061	0.036	0.217	0.02
T0272s8TS059_5o__T0272s8TS059_4o	0.117	0.128	0.128	0.14	0.34	0.055
T0272s8TS059_5o__T0272s8TS139_1o	0.056	0.055	0.061	0.036	0.217	0.02
T0272s8TS059_5o__T0272s8TS388_3o	0.127	0.166	0.166	0.16	0.405	0.081
T0272s8TS059_5o__T0272s8TS388_5o	0.181	0.72	0.72	0.518	0.673	0.676
T0272s8TS139_1o__T0272s8TS059_1o	1.0	1.0	1.0	1.0	1.0	1.0
T0272s8TS139_1o__T0272s8TS059_3o	0.099	0.079	0.093	0.057	0.24	0.05
T0272s8TS139_1o__T0272s8TS059_4o	0.069	0.064	0.074	0.052	0.234	0.024
T0272s8TS139_1o__T0272s8TS059_5o	0.077	0.055	0.061	0.036	0.217	0.025
T0272s8TS139_1o__T0272s8TS388_1o	0.701	0.862	0.862	0.758	0.746	0.72
T0272s8TS139_1o__T0272s8TS388_2o	0.069	0.056	0.056	0.047	0.266	0.026
T0272s8TS139_1o__T0272s8TS388_3o	0.073	0.076	0.087	0.053	0.237	0.054
T0272s8TS139_1o__T0272s8TS388_5o	0.029	0.053	0.056	0.033	0.223	0.037
T0272s8TS388_1o__T0272s8TS059_1o	0.665	0.862	0.862	0.758	0.746	0.689
T0272s8TS388_1o__T0272s8TS059_2o	0.085	0.095	0.095	0.087	0.296	0.038
T0272s8TS388_1o__T0272s8TS059_3o	0.121	0.099	0.115	0.086	0.293	0.058
T0272s8TS388_1o__T0272s8TS059_4o	0.087	0.084	0.096	0.084	0.276	0.032
T0272s8TS388_1o__T0272s8TS059_5o	0.091	0.07	0.078	0.062	0.243	0.036
T0272s8TS388_1o__T0272s8TS388_3o	0.085	0.096	0.108	0.08	0.286	0.063
T0272s8TS388_1o__T0272s8TS388_4o	0.076	0.056	0.062	0.051	0.276	0.027
T0272s8TS388_1o__T0272s8TS388_5o	0.033	0.067	0.072	0.049	0.257	0.047
T0272s8TS388_2o__T0272s8TS059_1o	0.059	0.056	0.056	0.047	0.266	0.017
T0272s8TS388_2o__T0272s8TS059_3o	0.13	0.143	0.15	0.155	0.354	0.048
T0272s8TS388_2o__T0272s8TS059_4o	0.138	0.132	0.138	0.154	0.306	0.048
T0272s8TS388_2o__T0272s8TS139_1o	0.059	0.056	0.056	0.047	0.266	0.017
T0272s8TS388_2o__T0272s8TS388_1o	0.089	0.082	0.082	0.081	0.294	0.028
T0272s8TS388_2o__T0272s8TS388_3o	0.117	0.13	0.135	0.14	0.404	0.053
T0272s8TS388_2o__T0272s8TS388_4o	0.117	0.098	0.102	0.111	0.325	0.045
T0272s8TS388_2o__T0272s8TS388_5o	0.045	0.109	0.112	0.095	0.333	0.063
T0272s8TS388_3o__T0272s8TS059_1o	0.099	0.076	0.087	0.053	0.237	0.044
T0272s8TS388_3o__T0272s8TS059_2o	0.207	0.148	0.157	0.154	0.395	0.054
T0272s8TS388_3o__T0272s8TS059_3o	0.662	0.799	0.799	0.622	0.703	0.666
T0272s8TS388_3o__T0272s8TS059_4o	0.262	0.218	0.218	0.248	0.4	0.074
T0272s8TS388_3o__T0272s8TS059_5o	0.236	0.166	0.166	0.16	0.405	0.077
T0272s8TS388_3o__T0272s8TS139_1o	0.099	0.076	0.087	0.053	0.237	0.044
T0272s8TS388_3o__T0272s8TS388_1o	0.139	0.096	0.108	0.08	0.286	0.052
T0272s8TS388_3o__T0272s8TS388_4o	0.243	0.161	0.161	0.18	0.451	0.068
T0272s8TS388_3o__T0272s8TS388_5o	0.098	0.169	0.169	0.135	0.436	0.099
T0272s8TS388_4o__T0272s8TS059_1o	0.082	0.042	0.047	0.032	0.229	0.013
T0272s8TS388_4o__T0272s8TS059_4o	0.718	0.68	0.68	0.544	0.743	0.575
T0272s8TS388_4o__T0272s8TS059_5o	0.178	0.099	0.099	0.102	0.354	0.044
T0272s8TS388_4o__T0272s8TS388_1o	0.126	0.056	0.062	0.051	0.276	0.019
T0272s8TS388_4o__T0272s8TS388_2o	0.193	0.098	0.102	0.111	0.325	0.041
T0272s8TS388_4o__T0272s8TS388_3o	0.225	0.161	0.161	0.18	0.451	0.065
T0272s8TS388_4o__T0272s8TS388_5o	0.069	0.101	0.101	0.085	0.34	0.056
T0272s8TS388_5o__T0272s8TS059_1o	0.058	0.053	0.056	0.033	0.223	0.017
T0272s8TS388_5o__T0272s8TS059_2o	0.137	0.119	0.122	0.106	0.333	0.037
T0272s8TS388_5o__T0272s8TS059_3o	0.151	0.154	0.154	0.12	0.362	0.051
T0272s8TS388_5o__T0272s8TS059_4o	0.125	0.123	0.123	0.101	0.323	0.037
T0272s8TS388_5o__T0272s8TS059_5o	0.526	0.72	0.72	0.518	0.673	0.533
T0272s8TS388_5o__T0272s8TS139_1o	0.058	0.053	0.056	0.033	0.223	0.017
T0272s8TS388_5o__T0272s8TS388_1o	0.075	0.067	0.072	0.049	0.257	0.022
T0272s8TS388_5o__T0272s8TS388_2o	0.116	0.109	0.112	0.095	0.333	0.034
T0272s8TS388_5o__T0272s8TS388_3o	0.151	0.169	0.169	0.135	0.436	0.06
T0272s8TS388_5o__T0272s8TS388_4o	0.105	0.101	0.101	0.085	0.34	0.036
T0272s8TS450_3o__T0272s8TS059_1o	0.007	0.004	0.007	0.0	0.175	0.003
T0272s8TS450_3o__T0272s8TS059_2o	0.033	0.023	0.045	0.009	0.21	0.012
T0272s8TS450_3o__T0272s8TS059_3o	0.013	0.012	0.024	0.007	0.202	0.012
T0272s8TS450_3o__T0272s8TS059_4o	0.021	0.021	0.045	0.011	0.176	0.012
T0272s8TS450_3o__T0272s8TS059_5o	0.015	0.011	0.026	0.007	0.168	0.016
T0272s8TS450_3o__T0272s8TS139_1o	0.007	0.004	0.007	0.0	0.175	0.003
T0272s8TS450_3o__T0272s8TS388_1o	0.012	0.006	0.012	0.01	0.188	0.009
T0272s8TS450_3o__T0272s8TS388_2o	0.036	0.023	0.045	0.008	0.215	0.012
T0272s8TS450_3o__T0272s8TS388_4o	0.014	0.021	0.05	0.005	0.167	0.011
T0272s8TS450_3o__T0272s8TS388_5o	0.006	0.009	0.027	0.006	0.163	0.02
T0272s9TS059_1o__T0272s9TS059_2o	0.0	0.0	0.0	0.0	0.015	0.011
T0272s9TS059_1o__T0272s9TS388_4o	0.701	0.894	0.894	0.696	0.667	0.761
T0272s9TS059_1o__T0272s9TS388_5o	0.0	0.0	0.0	0.0	0.0	0.011
T0272s9TS059_1o__T0272s9TS450_2o	0.0	0.0	0.0	0.0	0.043	0.004
T0272s9TS059_1o__T0272s9TS450_3o	0.036	0.042	0.042	0.016	0.295	0.011
T0272s9TS059_1o__T0272s9TS450_4o	0.198	0.123	0.248	0.078	0.302	0.111
T0272s9TS059_2o__T0272s9TS059_1o	0.0	0.0	0.0	0.0	0.015	0.01
T0272s9TS059_2o__T0272s9TS388_4o	0.0	0.0	0.0	0.0	0.007	0.01
T0272s9TS059_2o__T0272s9TS388_5o	0.741	0.896	0.896	0.748	0.841	0.744
T0272s9TS059_2o__T0272s9TS450_2o	0.049	0.008	0.033	0.0	0.085	0.006
T0272s9TS059_2o__T0272s9TS450_3o	0.0	0.0	0.0	0.0	0.034	0.005
T0272s9TS059_2o__T0272s9TS450_4o	0.001	0.0	0.0	0.0	0.009	0.011
T0272s9TS388_4o__T0272s9TS059_1o	0.678	0.894	0.894	0.696	0.667	0.752
T0272s9TS388_4o__T0272s9TS059_2o	0.0	0.0	0.0	0.0	0.007	0.011
T0272s9TS388_4o__T0272s9TS388_5o	0.0	0.0	0.0	0.0	0.0	0.011
T0272s9TS388_4o__T0272s9TS450_2o	0.0	0.0	0.0	0.0	0.058	0.004
T0272s9TS388_4o__T0272s9TS450_3o	0.035	0.041	0.041	0.016	0.26	0.011
T0272s9TS388_4o__T0272s9TS450_4o	0.201	0.131	0.263	0.095	0.32	0.118
T0272s9TS388_5o__T0272s9TS059_1o	0.0	0.0	0.0	0.0	0.0	0.01
T0272s9TS388_5o__T0272s9TS059_2o	0.752	0.896	0.896	0.748	0.841	0.792
T0272s9TS388_5o__T0272s9TS388_4o	0.0	0.0	0.0	0.0	0.0	0.01
T0272s9TS388_5o__T0272s9TS450_2o	0.048	0.006	0.03	0.0	0.075	0.006
T0272s9TS388_5o__T0272s9TS450_3o	0.0	0.0	0.0	0.0	0.035	0.005
T0272s9TS388_5o__T0272s9TS450_4o	0.001	0.0	0.0	0.0	0.0	0.011
T0272s9TS450_3o__T0272s9TS059_1o	0.037	0.042	0.042	0.016	0.295	0.012
T0272s9TS450_3o__T0272s9TS059_2o	0.0	0.0	0.0	0.0	0.034	0.005
T0272s9TS450_3o__T0272s9TS388_4o	0.038	0.041	0.041	0.016	0.26	0.012
T0272s9TS450_3o__T0272s9TS388_5o	0.0	0.0	0.0	0.0	0.035	0.005
T0272s9TS450_3o__T0272s9TS450_2o	0.003	0.0	0.0	0.0	0.062	0.011
T0272s9TS450_3o__T0272s9TS450_4o	0.051	0.044	0.104	0.009	0.236	0.011
T0272s9TS450_4o__T0272s9TS450_2o	0.0	0.0	0.0	0.0	0.082	0.005
T1201TS014_5o__T1201TS290_5o	0.676	0.721	0.721	0.763	0.744	0.362
T1201TS014_5o__T1201TS456_5o	0.543	0.623	0.865	0.694	0.638	0.577
T1201TS015_2o__T1201TS264_2o	0.842	0.692	0.692	0.713	0.685	0.345
T1201TS015_6o__T1201TS267_4o	0.304	0.135	0.135	0.243	0.394	0.092
T1201TS049_4o__T1201TS022_2o	0.904	0.983	0.983	0.929	0.879	0.932
T1201TS049_5o__T1201TS261_1o	0.802	0.533	0.533	0.6	0.567	0.427
T1201TS051_1o__T1201TS052_1o	0.548	0.651	0.651	0.704	0.694	0.267
T1201TS051_1o__T1201TS397_2o	0.581	0.649	0.649	0.696	0.673	0.257
T1201TS052_1o__T1201TS114_5o	0.026	0.008	0.008	0.0	0.153	0.02
T1201TS052_1o__T1201TS293_2o	0.892	0.889	0.889	0.857	0.816	0.419
T1201TS052_2o__T1201TS075_3o	0.383	0.282	0.282	0.462	0.409	0.176
T1201TS052_2o__T1201TS462_6o	0.839	0.631	0.85	0.704	0.678	0.71
T1201TS059_4o__T1201TS139_1o	0.635	0.312	0.312	0.364	0.297	0.24
T1201TS075_4o__T1201TS139_2o	0.002	0.0	0.0	0.0	0.185	0.007
T1201TS091_1o__T1201TS163_3o	0.812	0.902	0.902	0.873	0.858	0.378
T1201TS091_2o__T1201TS139_4o	0.22	0.222	0.222	0.292	0.255	0.092
T1201TS110_2o__T1201TS014_5o	0.805	0.86	0.86	0.83	0.815	0.729
T1201TS114_4o__T1201TS262_2o	0.03	0.008	0.008	0.0	0.166	0.016
T1201TS114_5o__T1201TS358_4o	0.032	0.007	0.007	0.0	0.162	0.019
T1201TS117_3o__T1201TS311_5o	0.509	0.54	0.54	0.542	0.54	0.221
T1201TS117_3o__T1201TS475_5o	0.0	0.0	0.0	0.0	0.0	0.014
T1201TS122_3o__T1201TS110_3o	0.843	0.943	0.943	0.899	0.873	0.492
T1201TS122_5o__T1201TS272_1o	0.0	0.0	0.0	0.0	0.223	0.007
T1201TS139_1o__T1201TS322_4o	0.224	0.244	0.244	0.335	0.278	0.128
T1201TS145_1o__T1201TS267_5o	0.88	0.896	0.896	0.864	0.851	0.444
T1201TS147_4o__T1201TS219_3o	0.523	0.535	0.535	0.647	0.609	0.309
T1201TS148_5o__T1201TS148_2o	0.48	0.503	0.503	0.508	0.453	0.218
T1201TS164_2o__T1201TS397_5o	0.821	0.716	0.716	0.74	0.747	0.375
T1201TS164_2o__T1201TS489_5o	0.472	0.392	0.392	0.436	0.463	0.178
T1201TS167_1o__T1201TS311_1o	0.802	0.863	0.863	0.883	0.779	0.376
T1201TS167_1o__T1201TS494_2o	0.303	0.184	0.184	0.273	0.281	0.114
T1201TS167_5o__T1201TS286_4o	0.882	0.966	0.966	0.915	0.9	0.814
T1201TS174_1o__T1201TS337_4o	0.012	0.002	0.002	0.0	0.097	0.014
T1201TS196_2o__T1201TS298_2o	0.844	0.921	0.921	0.888	0.871	0.5
T1201TS196_4o__T1201TS393_1o	0.793	0.71	0.71	0.686	0.655	0.353
T1201TS196_5o__T1201TS425_3o	0.942	0.985	0.985	0.93	0.921	0.862
T1201TS204_1o__T1201TS122_5o	0.76	0.849	0.849	0.83	0.788	0.33
T1201TS204_1o__T1201TS358_2o	0.618	0.691	0.691	0.691	0.79	0.38
T1201TS204_5o__T1201TS049_1o	0.629	0.267	0.267	0.475	0.407	0.219
T1201TS219_2o__T1201TS319_4o	0.856	0.826	0.826	0.791	0.753	0.418
T1201TS221_1o__T1201TS196_2o	0.869	0.88	0.88	0.826	0.809	0.407
T1201TS221_5o__T1201TS322_4o	0.275	0.249	0.249	0.427	0.336	0.155
T1201TS241_2o__T1201TS117_1o	0.573	0.647	0.647	0.629	0.667	0.354
T1201TS241_5o__T1201TS475_4o	0.012	0.007	0.007	0.0	0.317	0.011
T1201TS261_1o__T1201TS145_5o	0.556	0.566	0.566	0.622	0.594	0.3
T1201TS261_2o__T1201TS319_4o	0.601	0.626	0.626	0.667	0.626	0.388
T1201TS267_3o__T1201TS393_1o	0.78	0.708	0.708	0.675	0.678	0.345
T1201TS271_1o__T1201TS425_4o	0.87	0.907	0.907	0.894	0.858	0.596
T1201TS271_3o__T1201TS221_4o	0.859	0.862	0.862	0.88	0.837	0.604
T1201TS272_3o__T1201TS174_2o	0.746	0.834	0.834	0.779	0.79	0.542
T1201TS284_5o__T1201TS271_4o	0.875	0.947	0.947	0.888	0.892	0.643
T1201TS287_2o__T1201TS014_2o	0.796	0.919	0.919	0.834	0.824	0.711
T1201TS287_4o__T1201TS091_1o	0.826	0.935	0.935	0.828	0.854	0.638
T1201TS287_5o__T1201TS358_3o	0.635	0.651	0.651	0.668	0.734	0.4
T1201TS290_1o__T1201TS419_3o	0.765	0.841	0.841	0.794	0.76	0.52
T1201TS290_3o__T1201TS139_3o	0.296	0.285	0.285	0.408	0.325	0.138
T1201TS290_3o__T1201TS261_4o	0.804	0.575	0.575	0.655	0.592	0.464
T1201TS290_5o__T1201TS051_1o	0.781	0.75	0.75	0.776	0.731	0.483
T1201TS290_5o__T1201TS198_3o	0.77	0.853	0.853	0.828	0.797	0.342
T1201TS293_1o__T1201TS075_3o	0.393	0.279	0.279	0.502	0.418	0.181
T1201TS293_2o__T1201TS337_2o	0.009	0.0	0.0	0.0	0.117	0.014
T1201TS293_2o__T1201TS462_5o	0.813	0.833	0.833	0.825	0.775	0.61
T1201TS294_1o__T1201TS286_1o	0.604	0.677	0.677	0.706	0.638	0.256
T1201TS294_2o__T1201TS015_6o	0.255	0.114	0.114	0.205	0.343	0.107
T1201TS294_5o__T1201TS079_3o	0.772	0.902	0.902	0.886	0.896	0.42
T1201TS298_5o__T1201TS393_5o	0.906	0.93	0.93	0.877	0.844	0.545
T1201TS300_5o__T1201TS075_3o	0.01	0.0	0.0	0.0	0.066	0.014
T1201TS301_2o__T1201TS148_1o	0.831	0.924	0.924	0.864	0.85	0.776
T1201TS301_5o__T1201TS284_3o	0.715	0.861	0.861	0.788	0.769	0.583
T1201TS311_3o__T1201TS274_3o	0.295	0.174	0.174	0.265	0.282	0.104
T1201TS311_5o__T1201TS079_2o	0.9	0.927	0.927	0.862	0.847	0.478
T1201TS311_5o__T1201TS311_1o	0.939	0.965	0.965	0.928	0.91	0.681
T1201TS319_5o__T1201TS147_3o	0.377	0.322	0.322	0.452	0.536	0.14
T1201TS322_3o__T1201TS015_3o	0.783	0.65	0.65	0.703	0.667	0.276
T1201TS331_3o__T1201TS167_5o	0.584	0.646	0.646	0.688	0.667	0.264
T1201TS331_5o__T1201TS196_2o	0.665	0.755	0.755	0.753	0.74	0.401
T1201TS331_5o__T1201TS196_4o	0.583	0.643	0.643	0.691	0.624	0.262
T1201TS345_3o__T1201TS122_4o	0.573	0.668	0.668	0.682	0.67	0.305
T1201TS358_4o__T1201TS293_3o	0.694	0.655	0.655	0.679	0.663	0.263
T1201TS369_3o__T1201TS145_3o	0.653	0.726	0.726	0.737	0.683	0.291
T1201TS369_3o__T1201TS419_1o	0.754	0.757	0.757	0.785	0.787	0.445
T1201TS369_5o__T1201TS272_1o	0.0	0.0	0.0	0.0	0.17	0.006
T1201TS369_6o__T1201TS272_5o	0.001	0.0	0.0	0.0	0.052	0.011
T1201TS393_2o__T1201TS164_4o	0.69	0.7	0.7	0.715	0.701	0.249
T1201TS419_3o__T1201TS221_2o	0.661	0.735	0.735	0.74	0.704	0.274
T1201TS419_4o__T1201TS091_2o	0.484	0.642	0.642	0.55	0.681	0.24
T1201TS423_3o__T1201TS022_2o	0.903	0.974	0.981	0.92	0.881	0.781
T1201TS425_5o__T1201TS262_5o	0.3	0.288	0.288	0.355	0.487	0.114
T1201TS456_1o__T1201TS272_2o	0.002	0.0	0.0	0.0	0.038	0.01
T1201TS456_2o__T1201TS311_3o	0.885	0.76	0.76	0.765	0.747	0.384
T1201TS456_3o__T1201TS284_3o	0.911	0.913	0.913	0.861	0.846	0.44
T1201TS462_1o__T1201TS015_1o	0.764	0.851	0.851	0.833	0.764	0.538
T1201TS462_2o__T1201TS122_3o	0.654	0.622	0.622	0.751	0.644	0.266
T1201TS462_6o__T1201TS148_2o	0.36	0.39	0.39	0.411	0.408	0.163
T1201TS465_3o__T1201TS322_1o	0.544	0.793	0.793	0.836	0.816	0.469
T1201TS475_3o__T1201TS139_2o	0.373	0.5	0.5	0.539	0.514	0.207
T1201TS475_5o__T1201TS322_2o	0.0	0.0	0.0	0.0	0.0	0.008
T1201TS489_4o__T1201TS393_1o	0.438	0.329	0.329	0.419	0.422	0.193
T1201TS489_5o__T1201TS079_4o	0.399	0.386	0.386	0.429	0.48	0.167
T1206TS014_1o__T1206TS393_2o	0.905	0.959	0.959	0.911	0.935	0.947
T1206TS015_4o__T1206TS187_1o	0.963	0.977	0.977	0.952	0.951	0.953
T1206TS028_1o__T1206TS022_4o	0.744	0.502	0.502	0.517	0.621	0.478
T1206TS051_3o__T1206TS293_1o	0.943	0.983	0.983	0.956	0.943	0.934
T1206TS051_6o__T1206TS298_5o	0.961	0.978	0.978	0.929	0.942	0.97
T1206TS059_6o__T1206TS267_4o	0.941	0.98	0.98	0.945	0.941	0.972
T1206TS075_5o__T1206TS345_5o	0.983	0.991	0.991	0.973	0.982	0.988
T1206TS085_3o__T1206TS241_1o	0.938	0.975	0.975	0.931	0.959	0.925
T1206TS085_5o__T1206TS322_4o	0.509	0.442	0.442	0.385	0.513	0.389
T1206TS114_5o__T1206TS122_5o	0.027	0.022	0.022	0.0	0.106	0.013
T1206TS117_2o__T1206TS075_3o	0.663	0.891	0.891	0.772	0.827	0.719
T1206TS117_3o__T1206TS079_5o	0.698	0.899	0.899	0.79	0.836	0.745
T1206TS122_1o__T1206TS286_2o	0.934	0.974	0.974	0.945	0.949	0.961
T1206TS139_3o__T1206TS085_2o	0.748	0.901	0.901	0.762	0.878	0.776
T1206TS139_6o__T1206TS287_1o	0.947	0.983	0.983	0.94	0.949	0.96
T1206TS145_3o__T1206TS204_5o	0.981	0.988	0.988	0.972	0.983	0.972
T1206TS145_4o__T1206TS300_1o	0.04	0.034	0.034	0.023	0.186	0.017
T1206TS147_1o__T1206TS397_1o	0.981	0.986	0.986	0.969	0.943	0.979
T1206TS147_1o__T1206TS462_3o	0.985	0.988	0.988	0.969	0.934	0.98
T1206TS147_2o__T1206TS219_3o	0.534	0.716	0.716	0.544	0.758	0.549
T1206TS147_2o__T1206TS369_2o	0.951	0.978	0.978	0.967	0.975	0.979
T1206TS148_3o__T1206TS114_4o	0.021	0.009	0.009	0.0	0.164	0.028
T1206TS148_4o__T1206TS267_4o	0.945	0.976	0.976	0.92	0.975	0.946
T1206TS164_3o__T1206TS171_4o	0.965	0.981	0.981	0.955	0.967	0.961
T1206TS164_3o__T1206TS267_1o	0.962	0.982	0.982	0.964	0.992	0.953
T1206TS164_4o__T1206TS267_2o	0.964	0.98	0.98	0.949	0.967	0.966
T1206TS164_5o__T1206TS290_3o	0.956	0.98	0.98	0.95	0.959	0.832
T1206TS167_2o__T1206TS337_1o	0.026	0.024	0.024	0.0	0.169	0.019
T1206TS167_3o__T1206TS489_5o	0.98	0.985	0.985	0.975	0.992	0.977
T1206TS196_4o__T1206TS085_3o	0.98	0.982	0.982	0.953	0.975	0.977
T1206TS198_3o__T1206TS191_2o	0.941	0.98	0.98	0.93	0.919	0.972
T1206TS198_5o__T1206TS051_1o	0.922	0.963	0.963	0.879	0.966	0.933
T1206TS204_1o__T1206TS164_5o	0.958	0.979	0.979	0.943	0.942	0.958
T1206TS219_2o__T1206TS198_2o	0.528	0.511	0.511	0.516	0.592	0.353
T1206TS219_4o__T1206TS286_4o	0.655	0.809	0.809	0.729	0.789	0.676
T1206TS221_2o__T1206TS028_5o	0.959	0.979	0.979	0.955	0.967	0.958
T1206TS221_5o__T1206TS014_4o	0.948	0.973	0.973	0.941	0.952	0.955
T1206TS221_5o__T1206TS475_2o	0.924	0.97	0.97	0.937	0.943	0.938
T1206TS241_2o__T1206TS494_5o	0.941	0.976	0.976	0.908	0.935	0.65
T1206TS241_3o__T1206TS075_3o	0.989	0.991	0.991	0.974	0.983	0.989
T1206TS241_3o__T1206TS311_3o	0.964	0.982	0.982	0.958	0.958	0.921
T1206TS262_5o__T1206TS286_1o	0.907	0.963	0.963	0.952	0.959	0.765
T1206TS267_1o__T1206TS051_2o	0.962	0.978	0.978	0.955	0.942	0.957
T1206TS267_2o__T1206TS286_3o	0.967	0.979	0.979	0.964	0.96	0.959
T1206TS267_5o__T1206TS311_5o	0.968	0.986	0.986	0.966	0.958	0.916
T1206TS272_3o__T1206TS139_4o	0.634	0.55	0.55	0.453	0.514	0.428
T1206TS274_1o__T1206TS139_3o	0.739	0.901	0.901	0.783	0.892	0.788
T1206TS274_4o__T1206TS345_4o	0.957	0.981	0.981	0.936	0.959	0.923
T1206TS284_2o__T1206TS462_2o	0.972	0.985	0.985	0.947	0.927	0.962
T1206TS286_3o__T1206TS300_2o	0.042	0.039	0.039	0.017	0.199	0.015
T1206TS287_2o__T1206TS022_5o	0.913	0.978	0.978	0.961	0.967	0.798
T1206TS287_3o__T1206TS059_4o	0.957	0.979	0.979	0.958	0.983	0.941
T1206TS293_4o__T1206TS312_5o	0.986	0.988	0.988	0.972	0.983	0.972
T1206TS294_2o__T1206TS419_1o	0.892	0.967	0.967	0.898	0.927	0.914
T1206TS294_5o__T1206TS393_1o	0.887	0.955	0.955	0.897	0.905	0.933
T1206TS298_3o__T1206TS110_1o	0.967	0.982	0.982	0.958	0.927	0.965
T1206TS298_3o__T1206TS462_1o	0.969	0.983	0.983	0.95	0.927	0.963
T1206TS300_5o__T1206TS051_1o	0.039	0.034	0.034	0.006	0.184	0.012
T1206TS301_1o__T1206TS139_2o	0.826	0.944	0.944	0.839	0.851	0.793
T1206TS301_4o__T1206TS262_3o	0.815	0.938	0.938	0.86	0.892	0.899
T1206TS304_1o__T1206TS147_2o	0.946	0.978	0.978	0.943	0.959	0.956
T1206TS311_2o__T1206TS204_1o	0.963	0.979	0.979	0.948	0.966	0.952
T1206TS312_1o__T1206TS284_4o	0.932	0.973	0.973	0.945	0.968	0.898
T1206TS312_1o__T1206TS294_2o	0.929	0.973	0.973	0.943	0.919	0.943
T1206TS312_4o__T1206TS425_1o	0.976	0.986	0.986	0.948	0.966	0.978
T1206TS319_2o__T1206TS322_2o	0.669	0.518	0.518	0.525	0.606	0.474
T1206TS322_2o__T1206TS311_2o	0.529	0.514	0.514	0.525	0.605	0.362
T1206TS322_3o__T1206TS298_5o	0.607	0.724	0.724	0.526	0.75	0.583
T1206TS331_2o__T1206TS345_6o	0.395	0.448	0.448	0.415	0.55	0.256
T1206TS331_3o__T1206TS117_3o	0.712	0.896	0.896	0.768	0.803	0.767
T1206TS337_1o__T1206TS052_4o	0.033	0.007	0.007	0.0	0.166	0.027
T1206TS337_2o__T1206TS059_3o	0.017	0.002	0.002	0.0	0.152	0.018
T1206TS345_4o__T1206TS022_4o	0.728	0.495	0.495	0.504	0.604	0.471
T1206TS345_4o__T1206TS085_5o	0.937	0.974	0.974	0.931	0.951	0.942
T1206TS345_4o__T1206TS267_3o	0.957	0.978	0.978	0.975	0.992	0.95
T1206TS345_4o__T1206TS300_3o	0.046	0.037	0.037	0.028	0.207	0.02
T1206TS369_1o__T1206TS163_3o	0.941	0.975	0.975	0.944	0.95	0.954
T1206TS369_2o__T1206TS456_4o	0.737	0.583	0.583	0.56	0.606	0.51
T1206TS388_5o__T1206TS167_3o	0.572	0.568	0.568	0.549	0.612	0.376
T1206TS393_2o__T1206TS015_2o	0.884	0.957	0.957	0.891	0.903	0.753
T1206TS393_3o__T1206TS117_2o	0.696	0.885	0.885	0.755	0.803	0.751
T1206TS393_3o__T1206TS304_3o	0.938	0.968	0.968	0.916	0.918	0.949
T1206TS393_4o__T1206TS139_5o	0.807	0.939	0.939	0.839	0.95	0.825
T1206TS393_5o__T1206TS312_1o	0.927	0.964	0.964	0.938	0.952	0.957
T1206TS393_6o__T1206TS284_5o	0.97	0.982	0.982	0.95	0.943	0.939
T1206TS397_2o__T1206TS287_4o	0.964	0.981	0.981	0.949	0.975	0.957
T1206TS397_2o__T1206TS294_1o	0.991	0.99	0.99	0.964	0.975	0.984
T1206TS397_2o__T1206TS425_1o	0.994	0.992	0.992	0.978	0.959	0.986
T1206TS397_3o__T1206TS284_4o	0.965	0.987	0.987	0.951	0.944	0.938
T1206TS450_2o__T1206TS167_2o	1.0	1.0	1.0	1.0	1.0	1.0
T1206TS450_2o__T1206TS304_3o	0.1	0.064	0.064	0.011	0.353	0.038
T1206TS450_2o__T1206TS337_3o	0.025	0.024	0.024	0.0	0.241	0.008
T1206TS450_5o__T1206TS085_4o	0.034	0.006	0.006	0.0	0.092	0.013
T1206TS456_4o__T1206TS322_1o	0.588	0.587	0.587	0.567	0.606	0.376
T1206TS456_5o__T1206TS031_1o	0.977	0.987	0.987	0.967	0.967	0.948
T1206TS462_6o__T1206TS241_1o	0.958	0.981	0.981	0.961	0.959	0.964
T1206TS465_3o__T1206TS117_1o	0.388	0.456	0.456	0.392	0.56	0.33
T1206TS468_2o__T1206TS091_5o	0.452	0.716	0.716	0.478	0.713	0.497
T1206TS475_5o__T1206TS261_1o	0.861	0.951	0.951	0.901	0.923	0.916
T1218TS008_2o__T1218TS145_2o	0.303	0.379	0.379	0.325	0.328	0.116
T1218TS008_4o__T1218TS139_4o	0.0	0.0	0.0	0.0	0.025	0.002
T1218TS008_4o__T1218TS393_4o	0.516	0.381	0.381	0.474	0.42	0.2
T1218TS014_4o__T1218TS147_3o	0.0	0.0	0.0	0.0	0.0	0.002
T1218TS014_5o__T1218TS287_5o	0.24	0.158	0.158	0.088	0.148	0.062
T1218TS022_2o__T1218TS198_4o	0.0	0.0	0.0	0.0	0.017	0.002
T1218TS023_4o__T1218TS423_1o	0.646	0.578	0.578	0.709	0.505	0.263
T1218TS028_2o__T1218TS148_3o	0.698	0.611	0.611	0.671	0.559	0.242
T1218TS028_2o__T1218TS456_2o	0.0	0.0	0.0	0.0	0.043	0.004
T1218TS028_5o__T1218TS494_5o	0.0	0.0	0.0	0.0	0.0	0.001
T1218TS051_2o__T1218TS167_2o	0.0	0.0	0.0	0.0	0.029	0.004
T1218TS051_5o__T1218TS274_3o	0.175	0.103	0.103	0.067	0.108	0.059
T1218TS051_5o__T1218TS284_5o	0.702	0.536	0.536	0.643	0.611	0.227
T1218TS052_1o__T1218TS052_2o	0.0	0.0	0.0	0.0	0.0	0.002
T1218TS059_1o__T1218TS312_4o	0.0	0.0	0.0	0.0	0.02	0.003
T1218TS059_6o__T1218TS293_5o	0.083	0.141	0.141	0.069	0.1	0.022
T1218TS075_4o__T1218TS145_1o	0.0	0.0	0.0	0.0	0.0	0.002
T1218TS075_4o__T1218TS380_3o	0.0	0.0	0.0	0.0	0.0	0.002
T1218TS075_4o__T1218TS462_5o	0.0	0.0	0.0	0.0	0.0	0.002
T1218TS085_1o__T1218TS164_3o	0.281	0.18	0.18	0.128	0.104	0.096
T1218TS085_3o__T1218TS272_1o	0.05	0.033	0.033	0.016	0.108	0.013
T1218TS091_1o__T1218TS388_1o	0.358	0.46	0.46	0.264	0.365	0.211
T1218TS091_3o__T1218TS272_1o	0.003	0.002	0.002	0.0	0.059	0.004
T1218TS110_2o__T1218TS286_3o	0.659	0.504	0.504	0.583	0.5	0.195
T1218TS122_4o__T1218TS117_1o	0.383	0.381	0.381	0.252	0.438	0.132
T1218TS122_5o__T1218TS163_5o	0.444	0.44	0.44	0.379	0.335	0.139
T1218TS139_3o__T1218TS375_4o	0.0	0.0	0.0	0.0	0.025	0.002
T1218TS145_5o__T1218TS014_5o	0.692	0.833	0.833	0.765	0.783	0.318
T1218TS145_5o__T1218TS204_4o	0.0	0.0	0.0	0.0	0.0	0.002
T1218TS147_2o__T1218TS221_4o	0.109	0.082	0.082	0.049	0.072	0.022
T1218TS147_4o__T1218TS014_5o	0.001	0.0	0.0	0.0	0.014	0.004
T1218TS163_3o__T1218TS145_3o	0.394	0.564	0.564	0.594	0.466	0.189
T1218TS163_4o__T1218TS393_5o	0.519	0.634	0.634	0.46	0.545	0.28
T1218TS164_1o__T1218TS319_4o	0.444	0.514	0.514	0.494	0.437	0.152
T1218TS164_5o__T1218TS079_3o	0.069	0.217	0.217	0.136	0.122	0.034
T1218TS164_5o__T1218TS117_3o	0.32	0.423	0.461	0.284	0.454	0.156
T1218TS196_1o__T1218TS167_5o	0.372	0.552	0.552	0.606	0.423	0.153
T1218TS196_3o__T1218TS312_3o	0.229	0.237	0.237	0.153	0.243	0.1
T1218TS198_2o__T1218TS075_4o	0.019	0.019	0.019	0.0	0.0	0.004
T1218TS204_1o__T1218TS287_5o	0.0	0.0	0.0	0.0	0.006	0.004
T1218TS204_2o__T1218TS304_3o	0.834	0.613	0.613	0.671	0.597	0.302
T1218TS204_2o__T1218TS456_1o	0.0	0.0	0.0	0.0	0.042	0.004
T1218TS208_5o__T1218TS301_5o	0.415	0.413	0.413	0.574	0.441	0.182
T1218TS208_5o__T1218TS465_3o	0.294	0.38	0.38	0.423	0.371	0.143
T1218TS219_1o__T1218TS167_5o	0.076	0.1	0.1	0.076	0.105	0.023
T1218TS219_2o__T1218TS298_3o	0.189	0.147	0.147	0.049	0.119	0.057
T1218TS219_2o__T1218TS304_3o	0.0	0.0	0.0	0.0	0.0	0.002
T1218TS219_4o__T1218TS465_5o	0.156	0.079	0.079	0.053	0.066	0.052
T1218TS219_5o__T1218TS388_5o	0.0	0.0	0.0	0.0	0.012	0.002
T1218TS221_1o__T1218TS014_1o	0.131	0.151	0.151	0.102	0.152	0.036
T1218TS221_5o__T1218TS196_1o	0.884	0.582	0.582	0.644	0.452	0.505
T1218TS261_3o__T1218TS319_3o	0.0	0.0	0.0	0.0	0.0	0.002
T1218TS261_5o__T1218TS380_4o	0.003	0.0	0.0	0.0	0.008	0.004
T1218TS262_4o__T1218TS293_3o	0.0	0.0	0.0	0.0	0.0	0.002
T1218TS264_2o__T1218TS145_2o	0.245	0.412	0.412	0.212	0.337	0.1
T1218TS267_4o__T1218TS294_4o	0.613	0.807	0.807	0.693	0.647	0.222
T1218TS274_4o__T1218TS008_1o	0.389	0.259	0.259	0.155	0.197	0.118
T1218TS274_4o__T1218TS462_4o	0.179	0.271	0.271	0.136	0.192	0.037
T1218TS284_1o__T1218TS219_4o	0.0	0.0	0.0	0.0	0.0	0.002
T1218TS284_5o__T1218TS008_4o	0.609	0.434	0.434	0.538	0.598	0.263
T1218TS286_2o__T1218TS028_1o	0.09	0.133	0.133	0.033	0.145	0.015
T1218TS286_4o__T1218TS423_4o	0.253	0.33	0.33	0.138	0.236	0.106
T1218TS293_1o__T1218TS221_4o	0.167	0.109	0.109	0.068	0.096	0.055
T1218TS294_2o__T1218TS393_5o	0.411	0.556	0.556	0.368	0.461	0.205
T1218TS298_2o__T1218TS110_1o	0.0	0.0	0.0	0.0	0.026	0.003
T1218TS301_4o__T1218TS014_6o	0.0	0.0	0.0	0.0	0.0	0.002
T1218TS304_1o__T1218TS148_1o	0.778	0.579	0.579	0.642	0.599	0.253
T1218TS304_2o__T1218TS319_5o	0.55	0.597	0.597	0.66	0.549	0.214
T1218TS311_2o__T1218TS198_4o	0.16	0.096	0.096	0.044	0.079	0.036
T1218TS311_2o__T1218TS219_2o	0.148	0.142	0.142	0.092	0.123	0.035
T1218TS311_5o__T1218TS085_4o	0.204	0.187	0.187	0.082	0.16	0.057
T1218TS311_5o__T1218TS147_4o	0.003	0.0	0.0	0.0	0.005	0.005
T1218TS312_1o__T1218TS163_4o	0.43	0.59	0.59	0.435	0.533	0.193
T1218TS312_4o__T1218TS267_4o	0.473	0.607	0.607	0.574	0.548	0.178
T1218TS331_5o__T1218TS085_3o	0.0	0.0	0.0	0.0	0.0	0.002
T1218TS345_5o__T1218TS369_4o	0.0	0.0	0.0	0.0	0.081	0.002
T1218TS369_4o__T1218TS110_1o	0.0	0.0	0.0	0.0	0.02	0.002
T1218TS388_1o__T1218TS489_3o	0.0	0.0	0.0	0.0	0.028	0.002
T1218TS388_4o__T1218TS304_5o	0.0	0.0	0.0	0.0	0.054	0.004
T1218TS393_1o__T1218TS110_5o	0.56	0.537	0.537	0.622	0.512	0.195
T1218TS393_1o__T1218TS345_3o	0.561	0.495	0.495	0.597	0.489	0.194
T1218TS393_1o__T1218TS456_4o	0.0	0.0	0.0	0.0	0.022	0.003
T1218TS393_2o__T1218TS319_1o	0.0	0.0	0.0	0.0	0.02	0.003
T1218TS393_4o__T1218TS267_3o	0.312	0.498	0.498	0.375	0.432	0.147
T1218TS423_1o__T1218TS218_1o	0.092	0.191	0.191	0.069	0.109	0.032
T1218TS423_1o__T1218TS494_3o	0.149	0.141	0.141	0.062	0.143	0.117
T1218TS423_2o__T1218TS204_3o	0.0	0.0	0.0	0.0	0.004	0.002
T1218TS425_2o__T1218TS489_1o	0.0	0.0	0.0	0.0	0.025	0.002
T1218TS450_2o__T1218TS388_5o	0.0	0.0	0.0	0.0	0.031	0.004
T1218TS456_1o__T1218TS196_3o	0.0	0.0	0.0	0.0	0.016	0.002
T1218TS456_3o__T1218TS148_5o	0.33	0.161	0.185	0.1	0.096	0.301
T1218TS456_5o__T1218TS272_2o	0.009	0.0	0.0	0.0	0.064	0.008
T1218TS462_4o__T1218TS375_4o	0.783	0.538	0.538	0.622	0.54	0.257
T1218TS462_6o__T1218TS274_4o	0.142	0.064	0.064	0.013	0.068	0.026
T1218TS489_4o__T1218TS286_4o	0.121	0.253	0.253	0.127	0.174	0.032
T1218TS494_2o__T1218TS465_5o	0.711	0.394	0.394	0.417	0.3	0.171
T1218TS494_5o__T1218TS148_5o	0.815	0.484	0.484	0.627	0.536	0.278
T1219v1TS015_5o__T1219v1TS304_5o	0.041	0.008	0.057	0.003	0.107	0.044
T1219v1TS019_3o__T1219v1TS110_3o	1.0	1.0	1.0	1.0	1.0	1.0
T1219v1TS022_2o__T1219v1TS465_5o	0.085	0.004	0.036	0.004	0.132	0.067
T1219v1TS022_5o__T1219v1TS425_4o	0.118	0.106	0.106	0.122	0.656	0.085
T1219v1TS028_5o__T1219v1TS019_4o	0.07	0.021	0.023	0.016	0.543	0.044
T1219v1TS051_1o__T1219v1TS304_4o	0.04	0.016	0.096	0.011	0.123	0.081
T1219v1TS051_4o__T1219v1TS147_3o	0.305	0.216	0.365	0.151	0.371	0.235
T1219v1TS051_5o__T1219v1TS164_2o	0.142	0.171	0.187	0.23	0.461	0.118
T1219v1TS051_5o__T1219v1TS345_2o	0.049	0.008	0.008	0.009	0.743	0.035
T1219v1TS052_4o__T1219v1TS164_1o	0.07	0.083	0.092	0.097	0.484	0.082
T1219v1TS059_5o__T1219v1TS059_2o	0.077	0.001	0.008	0.0	0.143	0.049
T1219v1TS139_1o__T1219v1TS456_4o	0.12	0.067	0.172	0.052	0.173	0.055
T1219v1TS139_3o__T1219v1TS267_5o	0.053	0.001	0.001	0.0	0.16	0.033
T1219v1TS139_3o__T1219v1TS304_2o	0.05	0.005	0.152	0.003	0.026	0.106
T1219v1TS139_5o__T1219v1TS462_2o	0.179	0.067	0.263	0.036	0.12	0.103
T1219v1TS167_1o__T1219v1TS456_4o	0.097	0.01	0.072	0.005	0.042	0.044
T1219v1TS262_4o__T1219v1TS022_3o	0.112	0.033	0.09	0.033	0.241	0.113
T1219v1TS264_4o__T1219v1TS051_4o	0.394	0.072	0.552	0.021	0.081	0.207
T1219v1TS264_4o__T1219v1TS059_2o	0.119	0.013	0.075	0.0	0.123	0.068
T1219v1TS264_5o__T1219v1TS019_4o	0.228	0.029	0.366	0.006	0.042	0.137
T1219v1TS267_1o__T1219v1TS147_2o	0.211	0.07	0.295	0.041	0.108	0.109
T1219v1TS267_2o__T1219v1TS456_2o	0.141	0.081	0.224	0.055	0.157	0.135
T1219v1TS267_4o__T1219v1TS304_5o	0.078	0.008	0.134	0.003	0.038	0.054
T1219v1TS272_3o__T1219v1TS059_4o	0.116	0.009	0.009	0.0	0.281	0.075
T1219v1TS272_3o__T1219v1TS262_1o	0.541	0.085	0.778	0.132	0.091	0.643
T1219v1TS272_5o__T1219v1TS272_4o	0.391	0.596	0.596	0.488	0.654	0.357
T1219v1TS286_2o__T1219v1TS147_4o	0.266	0.274	0.326	0.21	0.526	0.179
T1219v1TS294_3o__T1219v1TS304_2o	0.106	0.004	0.059	0.0	0.028	0.032
T1219v1TS294_4o__T1219v1TS319_4o	0.174	0.109	0.23	0.077	0.29	0.107
T1219v1TS319_2o__T1219v1TS462_3o	0.456	0.235	0.405	0.243	0.426	0.38
T1219v1TS322_1o__T1219v1TS019_4o	0.083	0.006	0.107	0.0	0.025	0.022
T1219v1TS322_1o__T1219v1TS163_3o	0.0	0.0	0.0	0.0	0.069	0.022
T1219v1TS322_1o__T1219v1TS272_1o	0.089	0.035	0.116	0.014	0.167	0.036
T1219v1TS345_5o__T1219v1TS164_5o	0.064	0.091	0.094	0.021	0.278	0.064
T1219v1TS345_5o__T1219v1TS425_1o	0.049	0.008	0.008	0.009	0.743	0.035
T1219v1TS388_1o__T1219v1TS019_4o	0.136	0.057	0.183	0.02	0.137	0.088
T1219v1TS388_3o__T1219v1TS304_1o	0.113	0.006	0.166	0.004	0.027	0.114
T1219v1TS388_3o__T1219v1TS304_2o	0.052	0.007	0.202	0.004	0.03	0.102
T1219v1TS388_4o__T1219v1TS261_4o	0.078	0.003	0.041	0.003	0.051	0.049
T1219v1TS388_5o__T1219v1TS022_3o	0.079	0.001	0.008	0.0	0.065	0.047
T1219v1TS419_1o__T1219v1TS304_5o	0.06	0.035	0.084	0.015	0.287	0.062
T1219v1TS425_3o__T1219v1TS147_1o	0.324	0.241	0.428	0.176	0.37	0.281
T1219v1TS425_5o__T1219v1TS304_2o	0.093	0.015	0.07	0.005	0.128	0.053
T1219v1TS456_4o__T1219v1TS015_1o	0.116	0.169	0.169	0.119	0.556	0.145
T1219v1TS456_5o__T1219v1TS286_1o	0.192	0.174	0.304	0.114	0.306	0.156
T1219v1TS462_3o__T1219v1TS110_4o	0.713	0.782	0.782	0.636	0.881	0.724
T1219v1TS462_4o__T1219v1TS147_2o	0.725	0.852	0.852	0.677	0.872	0.717
T1219v2TS015_3o__T1219v2TS028_3o	0.098	0.081	0.138	0.06	0.342	0.057
T1219v2TS015_4o__T1219v2TS052_3o	0.124	0.125	0.144	0.127	0.66	0.098
T1219v2TS015_5o__T1219v2TS110_4o	0.107	0.089	0.161	0.069	0.34	0.069
T1219v2TS015_5o__T1219v2TS286_3o	0.08	0.092	0.152	0.047	0.344	0.04
T1219v2TS015_5o__T1219v2TS294_1o	0.138	0.162	0.188	0.144	0.521	0.096
T1219v2TS019_1o__T1219v2TS272_1o	0.178	0.179	0.239	0.085	0.469	0.124
T1219v2TS019_4o__T1219v2TS028_5o	0.207	0.138	0.158	0.15	0.772	0.322
T1219v2TS022_2o__T1219v2TS319_4o	0.051	0.0	0.0	0.0	0.312	0.038
T1219v2TS052_1o__T1219v2TS304_5o	0.053	0.018	0.084	0.01	0.154	0.055
T1219v2TS059_2o__T1219v2TS419_2o	0.232	0.375	0.375	0.226	0.554	0.182
T1219v2TS139_1o__T1219v2TS147_4o	0.212	0.115	0.333	0.057	0.181	0.116
T1219v2TS139_3o__T1219v2TS110_1o	0.073	0.045	0.063	0.04	0.467	0.045
T1219v2TS139_5o__T1219v2TS331_3o	0.312	0.461	0.461	0.269	0.68	0.214
T1219v2TS147_2o__T1219v2TS028_3o	0.664	0.799	0.799	0.638	0.848	0.644
T1219v2TS163_2o__T1219v2TS110_1o	0.187	0.044	0.27	0.021	0.087	0.168
T1219v2TS163_4o__T1219v2TS331_1o	0.179	0.077	0.24	0.024	0.155	0.136
T1219v2TS163_5o__T1219v2TS052_4o	0.128	0.042	0.159	0.02	0.124	0.088
T1219v2TS164_2o__T1219v2TS110_5o	0.097	0.005	0.043	0.003	0.036	0.057
T1219v2TS164_5o__T1219v2TS272_2o	0.13	0.01	0.091	0.004	0.041	0.087
T1219v2TS167_1o__T1219v2TS051_3o	0.548	0.071	0.857	0.101	0.088	0.452
T1219v2TS167_1o__T1219v2TS147_3o	0.069	0.0	0.0	0.0	0.041	0.042
T1219v2TS167_4o__T1219v2TS462_1o	0.606	0.042	0.892	0.064	0.051	0.721
T1219v2TS187_1o__T1219v2TS110_2o	0.117	0.0	0.004	0.0	0.033	0.067
T1219v2TS241_1o__T1219v2TS147_5o	0.047	0.078	0.088	0.049	0.451	0.024
T1219v2TS262_3o__T1219v2TS294_1o	0.043	0.007	0.007	0.003	0.809	0.036
T1219v2TS262_4o__T1219v2TS345_3o	0.471	0.142	0.379	0.222	0.313	0.385
T1219v2TS264_4o__T1219v2TS221_2o	0.326	0.102	0.607	0.056	0.13	0.338
T1219v2TS264_5o__T1219v2TS462_2o	0.631	0.053	0.852	0.062	0.05	0.633
T1219v2TS264_6o__T1219v2TS139_5o	0.221	0.062	0.331	0.016	0.111	0.237
T1219v2TS267_1o__T1219v2TS015_2o	0.431	0.211	0.451	0.231	0.25	0.23
T1219v2TS267_1o__T1219v2TS241_5o	0.142	0.051	0.133	0.021	0.176	0.125
T1219v2TS267_5o__T1219v2TS110_1o	0.183	0.064	0.255	0.033	0.121	0.096
T1219v2TS286_3o__T1219v2TS028_3o	0.187	0.149	0.154	0.141	0.588	0.141
T1219v2TS294_2o__T1219v2TS345_2o	0.099	0.02	0.043	0.005	0.307	0.073
T1219v2TS319_4o__T1219v2TS261_1o	0.086	0.021	0.042	0.017	0.314	0.05
T1219v2TS322_1o__T1219v2TS241_1o	0.023	0.0	0.001	0.0	0.048	0.031
T1219v2TS322_1o__T1219v2TS272_3o	0.664	0.033	0.873	0.04	0.036	0.59
T1219v2TS331_2o__T1219v2TS051_2o	0.169	0.172	0.172	0.177	0.708	0.167
T1219v2TS331_3o__T1219v2TS425_3o	1.0	1.0	1.0	1.0	1.0	1.0
T1219v2TS345_1o__T1219v2TS051_1o	0.185	0.172	0.172	0.177	0.708	0.184
T1219v2TS388_1o__T1219v2TS019_2o	0.1	0.096	0.197	0.028	0.26	0.062
T1219v2TS388_5o__T1219v2TS272_4o	0.146	0.147	0.29	0.09	0.364	0.068
T1219v2TS419_2o__T1219v2TS019_5o	0.07	0.018	0.028	0.01	0.336	0.044
T1219v2TS425_3o__T1219v2TS261_1o	0.209	0.11	0.221	0.065	0.294	0.122
T1219v2TS425_4o__T1219v2TS052_5o	0.14	0.106	0.106	0.122	0.656	0.13
T1219v2TS425_5o__T1219v2TS304_1o	0.081	0.015	0.082	0.009	0.126	0.07
T1219v2TS450_3o__T1219v2TS419_3o	0.0	0.0	0.0	0.0	0.039	0.009
T1219v2TS450_3o__T1219v2TS462_1o	0.013	0.0	0.004	0.0	0.037	0.052
T1219v2TS450_5o__T1219v2TS052_5o	0.081	0.026	0.07	0.015	0.215	0.064
T1219v2TS456_3o__T1219v2TS022_5o	0.265	0.243	0.243	0.251	0.805	0.238
T1219v2TS456_4o__T1219v2TS147_3o	0.057	0.035	0.053	0.012	0.335	0.038
T1219v2TS456_4o__T1219v2TS261_3o	0.115	0.062	0.118	0.048	0.319	0.088
T1228v1TS014_1o__T1228v1TS204_2o	0.15	0.129	0.129	0.156	0.662	0.134
T1228v1TS014_1o__T1228v1TS319_3o	0.165	0.121	0.121	0.17	0.561	0.118
T1228v1TS014_4o__T1228v1TS159_1o	0.16	0.132	0.132	0.19	0.702	0.191
T1228v1TS015_2o__T1228v1TS145_1o	0.13	0.089	0.089	0.13	0.491	0.108
T1228v1TS015_3o__T1228v1TS091_3o	0.217	0.118	0.118	0.185	0.586	0.091
T1228v1TS015_4o__T1228v1TS274_2o	0.237	0.139	0.139	0.167	0.553	0.077
T1228v1TS022_1o__T1228v1TS369_2o	0.257	0.119	0.119	0.227	0.755	0.178
T1228v1TS028_4o__T1228v1TS241_5o	0.177	0.127	0.127	0.182	0.56	0.058
T1228v1TS028_5o__T1228v1TS164_5o	0.215	0.172	0.172	0.227	0.522	0.16
T1228v1TS051_2o__T1228v1TS033_1o	0.806	0.742	0.742	0.764	0.69	0.416
T1228v1TS051_2o__T1228v1TS241_4o	0.671	0.734	0.734	0.706	0.626	0.333
T1228v1TS051_4o__T1228v1TS033_3o	0.779	0.649	0.649	0.752	0.687	0.339
T1228v1TS091_1o__T1228v1TS051_1o	0.622	0.598	0.598	0.635	0.586	0.36
T1228v1TS091_3o__T1228v1TS015_6o	0.22	0.139	0.139	0.161	0.513	0.062
T1228v1TS091_4o__T1228v1TS456_2o	0.747	0.687	0.687	0.679	0.654	0.485
T1228v1TS091_5o__T1228v1TS481_4o	0.809	0.829	0.829	0.79	0.725	0.525
T1228v1TS110_2o__T1228v1TS014_3o	0.2	0.134	0.134	0.178	0.583	0.14
T1228v1TS110_3o__T1228v1TS145_4o	0.228	0.197	0.197	0.22	0.602	0.136
T1228v1TS110_3o__T1228v1TS267_3o	0.547	0.647	0.647	0.59	0.583	0.315
T1228v1TS145_3o__T1228v1TS489_2o	0.238	0.18	0.18	0.239	0.652	0.114
T1228v1TS147_2o__T1228v1TS015_6o	0.278	0.193	0.193	0.192	0.499	0.092
T1228v1TS147_2o__T1228v1TS028_2o	0.924	0.972	0.972	0.923	0.875	0.878
T1228v1TS147_5o__T1228v1TS262_3o	0.544	0.545	0.545	0.502	0.536	0.299
T1228v1TS163_1o__T1228v1TS294_1o	0.216	0.175	0.175	0.176	0.646	0.107
T1228v1TS163_2o__T1228v1TS456_4o	0.186	0.14	0.14	0.191	0.636	0.122
T1228v1TS163_4o__T1228v1TS450_2o	0.628	0.791	0.791	0.648	0.697	0.234
T1228v1TS164_1o__T1228v1TS369_5o	0.177	0.125	0.125	0.172	0.649	0.172
T1228v1TS164_2o__T1228v1TS481_3o	0.634	0.803	0.803	0.692	0.676	0.433
T1228v1TS167_1o__T1228v1TS147_1o	0.956	0.863	0.863	0.886	0.83	0.681
T1228v1TS167_4o__T1228v1TS028_4o	0.721	0.674	0.674	0.672	0.652	0.338
T1228v1TS167_4o__T1228v1TS286_1o	0.776	0.699	0.699	0.731	0.76	0.357
T1228v1TS167_5o__T1228v1TS481_2o	0.792	0.704	0.704	0.709	0.76	0.354
T1228v1TS198_1o__T1228v1TS204_3o	0.229	0.212	0.212	0.19	0.688	0.115
T1228v1TS198_4o__T1228v1TS267_4o	0.481	0.38	0.38	0.448	0.501	0.24
T1228v1TS204_4o__T1228v1TS163_4o	0.548	0.693	0.693	0.578	0.619	0.384
T1228v1TS208_1o__T1228v1TS147_2o	0.873	0.804	0.804	0.797	0.735	0.458
T1228v1TS221_1o__T1228v1TS456_1o	0.195	0.152	0.152	0.19	0.691	0.208
T1228v1TS231_1o__T1228v1TS167_2o	0.882	0.914	0.914	0.864	0.878	0.733
T1228v1TS231_2o__T1228v1TS274_1o	0.812	0.826	0.826	0.703	0.726	0.514
T1228v1TS231_4o__T1228v1TS091_4o	0.72	0.726	0.726	0.726	0.677	0.368
T1228v1TS231_5o__T1228v1TS419_3o	0.728	0.759	0.759	0.735	0.775	0.417
T1228v1TS241_4o__T1228v1TS481_4o	0.601	0.556	0.556	0.591	0.541	0.308
T1228v1TS262_1o__T1228v1TS164_2o	0.509	0.568	0.568	0.512	0.533	0.288
T1228v1TS262_2o__T1228v1TS221_4o	0.831	0.913	0.913	0.809	0.799	0.732
T1228v1TS262_3o__T1228v1TS450_4o	0.522	0.559	0.559	0.541	0.545	0.355
T1228v1TS267_2o__T1228v1TS241_3o	0.22	0.126	0.126	0.193	0.579	0.103
T1228v1TS267_3o__T1228v1TS241_5o	0.238	0.154	0.154	0.243	0.633	0.086
T1228v1TS274_2o__T1228v1TS304_2o	0.233	0.144	0.144	0.195	0.756	0.218
T1228v1TS274_4o__T1228v1TS167_1o	0.719	0.739	0.739	0.682	0.696	0.472
T1228v1TS274_5o__T1228v1TS014_4o	0.205	0.139	0.139	0.183	0.521	0.192
T1228v1TS286_2o__T1228v1TS145_1o	0.194	0.168	0.168	0.223	0.641	0.159
T1228v1TS286_2o__T1228v1TS494_1o	0.644	0.65	0.65	0.628	0.605	0.299
T1228v1TS294_1o__T1228v1TS286_3o	0.192	0.133	0.133	0.174	0.71	0.206
T1228v1TS294_2o__T1228v1TS231_1o	0.22	0.171	0.171	0.259	0.817	0.229
T1228v1TS294_3o__T1228v1TS221_4o	0.206	0.148	0.148	0.214	0.861	0.297
T1228v1TS294_4o__T1228v1TS147_1o	0.217	0.153	0.153	0.198	0.818	0.291
T1228v1TS294_4o__T1228v1TS369_2o	0.033	0.013	0.013	0.011	0.713	0.009
T1228v1TS298_1o__T1228v1TS489_4o	0.185	0.155	0.155	0.171	0.716	0.198
T1228v1TS298_2o__T1228v1TS159_1o	0.537	0.646	0.646	0.595	0.633	0.288
T1228v1TS298_2o__T1228v1TS241_3o	0.223	0.136	0.136	0.225	0.669	0.099
T1228v1TS298_3o__T1228v1TS221_1o	0.217	0.18	0.18	0.204	0.613	0.101
T1228v1TS304_5o__T1228v1TS331_4o	0.3	0.162	0.162	0.269	0.611	0.197
T1228v1TS304_5o__T1228v1TS450_5o	0.275	0.159	0.159	0.246	0.706	0.148
T1228v1TS319_4o__T1228v1TS331_4o	1.0	1.0	1.0	1.0	1.0	1.0
T1228v1TS319_5o__T1228v1TS369_5o	0.206	0.14	0.14	0.181	0.554	0.125
T1228v1TS331_2o__T1228v1TS147_5o	0.697	0.708	0.708	0.707	0.694	0.394
T1228v1TS331_2o__T1228v1TS274_1o	0.848	0.927	0.927	0.787	0.847	0.824
T1228v1TS331_4o__T1228v1TS419_5o	0.668	0.707	0.707	0.686	0.636	0.319
T1228v1TS331_5o__T1228v1TS033_2o	0.614	0.632	0.632	0.647	0.613	0.283
T1228v1TS345_1o__T1228v1TS450_2o	0.665	0.733	0.733	0.731	0.668	0.401
T1228v1TS345_3o__T1228v1TS221_5o	0.618	0.684	0.684	0.703	0.803	0.482
T1228v1TS345_3o__T1228v1TS345_2o	0.636	0.646	0.646	0.689	0.633	0.413
T1228v1TS345_4o__T1228v1TS028_3o	0.92	0.959	0.959	0.935	0.876	0.811
T1228v1TS345_4o__T1228v1TS163_2o	0.179	0.171	0.171	0.18	0.662	0.163
T1228v1TS369_3o__T1228v1TS450_4o	0.301	0.141	0.141	0.261	0.79	0.227
T1228v1TS419_3o__T1228v1TS022_2o	0.223	0.17	0.17	0.195	0.664	0.102
T1228v1TS425_2o__T1228v1TS167_2o	0.686	0.751	0.751	0.744	0.704	0.31
T1228v1TS450_2o__T1228v1TS147_1o	0.918	0.856	0.856	0.858	0.851	0.651
T1228v1TS450_3o__T1228v1TS286_5o	0.7	0.654	0.654	0.692	0.678	0.307
T1228v1TS450_3o__T1228v1TS465_1o	0.201	0.152	0.152	0.163	0.602	0.084
T1228v1TS456_1o__T1228v1TS231_2o	0.204	0.163	0.163	0.199	0.649	0.19
T1228v1TS456_1o__T1228v1TS345_5o	0.2	0.178	0.178	0.193	0.584	0.18
T1228v1TS456_3o__T1228v1TS425_4o	0.193	0.162	0.162	0.178	0.539	0.151
T1228v1TS456_4o__T1228v1TS015_5o	0.714	0.524	0.524	0.562	0.62	0.216
T1228v1TS456_4o__T1228v1TS241_3o	0.245	0.113	0.113	0.184	0.586	0.053
T1228v1TS462_2o__T1228v1TS419_4o	0.641	0.637	0.637	0.646	0.687	0.343
T1228v1TS462_5o__T1228v1TS022_2o	0.472	0.507	0.507	0.528	0.447	0.334
T1228v1TS462_5o__T1228v1TS052_4o	0.128	0.124	0.124	0.148	0.409	0.153
T1228v1TS462_5o__T1228v1TS450_2o	0.146	0.133	0.133	0.165	0.507	0.176
T1228v1TS465_1o__T1228v1TS051_2o	0.225	0.176	0.176	0.233	0.7	0.194
T1228v1TS465_2o__T1228v1TS014_3o	0.035	0.013	0.013	0.01	0.586	0.008
T1228v1TS465_4o__T1228v1TS022_1o	0.09	0.057	0.057	0.061	0.495	0.036
T1228v1TS465_5o__T1228v1TS051_1o	0.032	0.015	0.015	0.012	0.556	0.008
T1228v1TS481_2o__T1228v1TS167_2o	0.78	0.825	0.825	0.797	0.783	0.529
T1228v1TS481_2o__T1228v1TS294_3o	0.223	0.164	0.164	0.243	0.917	0.317
T1228v1TS481_3o__T1228v1TS091_2o	0.63	0.649	0.649	0.677	0.629	0.41
T1228v1TS481_4o__T1228v1TS198_2o	0.23	0.177	0.177	0.237	0.598	0.224
T1228v1TS481_5o__T1228v1TS033_3o	0.888	0.92	0.92	0.862	0.862	0.682
T1228v1TS489_1o__T1228v1TS274_2o	0.184	0.165	0.165	0.199	0.63	0.083
T1228v1TS494_2o__T1228v1TS164_2o	0.657	0.845	0.845	0.686	0.693	0.428
T1228v2TS014_1o__T1228v2TS015_6o	0.231	0.1	0.1	0.155	0.488	0.212
T1228v2TS014_3o__T1228v2TS369_5o	0.652	0.668	0.668	0.611	0.548	0.418
T1228v2TS014_4o__T1228v2TS022_4o	0.216	0.143	0.143	0.205	0.621	0.226
T1228v2TS015_1o__T1228v2TS481_3o	0.163	0.116	0.116	0.186	0.494	0.074
T1228v2TS015_2o__T1228v2TS164_3o	0.039	0.016	0.016	0.013	0.549	0.01
T1228v2TS015_3o__T1228v2TS015_6o	0.034	0.01	0.01	0.008	0.565	0.011
T1228v2TS015_3o__T1228v2TS198_5o	0.033	0.014	0.014	0.011	0.585	0.011
T1228v2TS022_5o__T1228v2TS489_2o	0.816	0.763	0.763	0.789	0.77	0.503
T1228v2TS022_5o__T1228v2TS489_3o	0.029	0.014	0.014	0.011	0.581	0.01
T1228v2TS028_1o__T1228v2TS051_5o	0.641	0.694	0.694	0.688	0.599	0.369
T1228v2TS028_1o__T1228v2TS110_3o	0.649	0.589	0.589	0.61	0.636	0.358
T1228v2TS028_3o__T1228v2TS286_3o	0.611	0.599	0.599	0.623	0.522	0.326
T1228v2TS028_4o__T1228v2TS262_1o	0.63	0.592	0.592	0.551	0.578	0.326
T1228v2TS033_3o__T1228v2TS198_4o	0.133	0.07	0.07	0.08	0.467	0.142
T1228v2TS051_2o__T1228v2TS456_3o	0.207	0.183	0.183	0.207	0.723	0.148
T1228v2TS051_3o__T1228v2TS110_1o	0.595	0.598	0.598	0.656	0.573	0.378
T1228v2TS051_4o__T1228v2TS091_5o	0.783	0.824	0.824	0.795	0.789	0.53
T1228v2TS051_5o__T1228v2TS091_5o	0.614	0.633	0.633	0.628	0.562	0.347
T1228v2TS052_3o__T1228v2TS051_2o	0.77	0.818	0.818	0.745	0.75	0.362
T1228v2TS052_3o__T1228v2TS164_1o	0.706	0.659	0.659	0.595	0.516	0.306
T1228v2TS052_3o__T1228v2TS294_4o	0.727	0.672	0.672	0.686	0.61	0.365
T1228v2TS091_2o__T1228v2TS267_1o	0.239	0.184	0.184	0.229	0.613	0.127
T1228v2TS091_3o__T1228v2TS494_5o	0.693	0.704	0.704	0.672	0.582	0.313
T1228v2TS091_4o__T1228v2TS221_4o	0.635	0.593	0.593	0.624	0.561	0.351
T1228v2TS110_1o__T1228v2TS033_1o	0.779	0.658	0.658	0.736	0.693	0.44
T1228v2TS110_3o__T1228v2TS304_3o	0.665	0.682	0.682	0.68	0.662	0.381
T1228v2TS110_5o__T1228v2TS163_4o	0.699	0.869	0.869	0.708	0.775	0.451
T1228v2TS110_5o__T1228v2TS204_3o	0.916	0.734	0.734	0.754	0.676	0.595
T1228v2TS145_1o__T1228v2TS231_5o	0.221	0.159	0.159	0.212	0.663	0.206
T1228v2TS145_5o__T1228v2TS267_4o	0.182	0.142	0.142	0.173	0.701	0.197
T1228v2TS147_5o__T1228v2TS262_2o	0.845	0.833	0.833	0.794	0.748	0.487
T1228v2TS159_1o__T1228v2TS267_2o	0.184	0.151	0.151	0.187	0.542	0.134
T1228v2TS159_1o__T1228v2TS489_3o	0.03	0.015	0.015	0.012	0.605	0.011
T1228v2TS163_3o__T1228v2TS164_3o	0.65	0.707	0.707	0.547	0.591	0.24
T1228v2TS164_1o__T1228v2TS204_2o	0.716	0.853	0.853	0.747	0.694	0.492
T1228v2TS164_4o__T1228v2TS033_5o	0.737	0.862	0.862	0.849	0.789	0.507
T1228v2TS167_1o__T1228v2TS331_1o	0.245	0.173	0.173	0.23	0.75	0.159
T1228v2TS167_2o__T1228v2TS022_5o	0.272	0.185	0.185	0.244	0.681	0.249
T1228v2TS167_2o__T1228v2TS294_2o	0.278	0.185	0.185	0.257	0.714	0.223
T1228v2TS167_5o__T1228v2TS304_4o	0.198	0.139	0.139	0.183	0.728	0.189
T1228v2TS198_3o__T1228v2TS274_3o	0.574	0.684	0.684	0.549	0.568	0.239
T1228v2TS204_2o__T1228v2TS221_3o	0.594	0.624	0.624	0.627	0.569	0.362
T1228v2TS204_4o__T1228v2TS022_2o	0.064	0.038	0.038	0.038	0.657	0.016
T1228v2TS204_4o__T1228v2TS345_5o	0.206	0.061	0.061	0.17	0.791	0.054
T1228v2TS231_2o__T1228v2TS204_4o	0.162	0.1	0.1	0.134	0.676	0.094
T1228v2TS241_3o__T1228v2TS091_2o	0.823	0.922	0.922	0.843	0.764	0.736
T1228v2TS241_5o__T1228v2TS462_1o	0.664	0.691	0.691	0.676	0.64	0.404
T1228v2TS262_1o__T1228v2TS167_4o	0.187	0.149	0.149	0.198	0.708	0.241
T1228v2TS267_3o__T1228v2TS294_2o	0.2	0.147	0.147	0.187	0.583	0.188
T1228v2TS267_3o__T1228v2TS456_4o	0.172	0.134	0.134	0.16	0.647	0.204
T1228v2TS267_5o__T1228v2TS163_5o	0.715	0.848	0.848	0.777	0.639	0.484
T1228v2TS274_2o__T1228v2TS221_1o	0.649	0.741	0.741	0.655	0.677	0.416
T1228v2TS274_3o__T1228v2TS262_3o	0.634	0.624	0.624	0.619	0.578	0.292
T1228v2TS286_5o__T1228v2TS147_5o	0.667	0.796	0.796	0.734	0.702	0.31
T1228v2TS294_1o__T1228v2TS319_3o	0.672	0.659	0.659	0.748	0.692	0.437
T1228v2TS294_4o__T1228v2TS022_4o	0.597	0.592	0.592	0.61	0.6	0.376
T1228v2TS298_1o__T1228v2TS369_5o	0.686	0.68	0.68	0.656	0.55	0.412
T1228v2TS298_2o__T1228v2TS163_3o	0.189	0.139	0.139	0.201	0.616	0.226
T1228v2TS298_2o__T1228v2TS494_2o	0.166	0.137	0.137	0.182	0.52	0.185
T1228v2TS304_2o__T1228v2TS419_5o	0.664	0.707	0.707	0.682	0.735	0.449
T1228v2TS304_2o__T1228v2TS494_3o	0.62	0.612	0.612	0.599	0.559	0.382
T1228v2TS319_1o__T1228v2TS015_2o	0.031	0.013	0.013	0.012	0.569	0.01
T1228v2TS325_1o__T1228v2TS204_4o	0.199	0.06	0.06	0.154	0.776	0.166
T1228v2TS331_2o__T1228v2TS319_2o	1.0	1.0	1.0	1.0	1.0	1.0
T1228v2TS345_2o__T1228v2TS022_3o	0.584	0.625	0.625	0.619	0.54	0.288
T1228v2TS369_1o__T1228v2TS456_2o	0.304	0.126	0.126	0.232	0.652	0.202
T1228v2TS369_1o__T1228v2TS494_4o	0.288	0.137	0.137	0.219	0.683	0.209
T1228v2TS369_2o__T1228v2TS331_1o	0.318	0.12	0.12	0.246	0.85	0.223
T1228v2TS369_3o__T1228v2TS167_5o	0.036	0.014	0.014	0.011	0.715	0.012
T1228v2TS369_4o__T1228v2TS052_2o	0.307	0.122	0.122	0.224	0.63	0.06
T1228v2TS419_1o__T1228v2TS425_5o	0.867	0.906	0.906	0.864	0.841	0.819
T1228v2TS419_3o__T1228v2TS198_4o	0.146	0.082	0.082	0.093	0.423	0.124
T1228v2TS419_3o__T1228v2TS204_3o	0.679	0.678	0.678	0.699	0.607	0.406
T1228v2TS419_3o__T1228v2TS231_5o	0.556	0.602	0.602	0.566	0.579	0.332
T1228v2TS419_4o__T1228v2TS262_5o	0.68	0.806	0.806	0.745	0.753	0.391
T1228v2TS419_5o__T1228v2TS028_5o	0.274	0.216	0.216	0.282	0.793	0.184
T1228v2TS419_5o__T1228v2TS033_4o	0.708	0.702	0.702	0.675	0.735	0.335
T1228v2TS425_2o__T1228v2TS345_4o	0.928	0.934	0.934	0.898	0.905	0.868
T1228v2TS425_4o__T1228v2TS231_3o	0.721	0.81	0.81	0.715	0.671	0.599
T1228v2TS450_2o__T1228v2TS221_3o	0.25	0.176	0.176	0.209	0.682	0.223
T1228v2TS450_2o__T1228v2TS462_5o	0.256	0.203	0.203	0.241	0.727	0.269
T1228v2TS450_5o__T1228v2TS345_5o	0.193	0.166	0.166	0.189	0.619	0.177
T1228v2TS456_2o__T1228v2TS052_3o	0.6	0.692	0.692	0.631	0.606	0.258
T1228v2TS456_5o__T1228v2TS274_3o	0.201	0.163	0.163	0.197	0.549	0.206
T1228v2TS462_1o__T1228v2TS204_4o	0.206	0.063	0.063	0.184	0.698	0.15
T1228v2TS462_2o__T1228v2TS331_3o	0.72	0.846	0.846	0.738	0.708	0.544
T1228v2TS462_4o__T1228v2TS033_3o	0.563	0.618	0.618	0.583	0.525	0.396
T1228v2TS462_5o__T1228v2TS465_2o	0.043	0.015	0.015	0.012	0.598	0.016
T1228v2TS465_1o__T1228v2TS221_3o	0.201	0.169	0.169	0.191	0.572	0.107
T1228v2TS481_1o__T1228v2TS419_5o	0.695	0.736	0.736	0.714	0.753	0.454
T1228v2TS481_2o__T1228v2TS052_4o	0.577	0.691	0.691	0.664	0.555	0.342
T1228v2TS489_1o__T1228v2TS204_2o	0.04	0.013	0.013	0.011	0.57	0.009
T1228v2TS489_2o__T1228v2TS494_1o	0.835	0.925	0.925	0.773	0.822	0.645
T1228v2TS489_3o__T1228v2TS163_2o	0.38	0.337	0.337	0.39	0.825	0.252
T1228v2TS489_3o__T1228v2TS304_1o	0.044	0.014	0.014	0.012	0.55	0.009
T1228v2TS494_1o__T1228v2TS015_5o	0.23	0.223	0.223	0.19	0.541	0.053
T1228v2TS494_3o__T1228v2TS015_4o	0.57	0.483	0.483	0.464	0.46	0.271
T1228v2TS494_3o__T1228v2TS167_3o	0.271	0.224	0.224	0.294	0.62	0.175
T1228v2TS494_5o__T1228v2TS015_2o	0.035	0.014	0.014	0.013	0.571	0.01
T1228v2TS494_5o__T1228v2TS028_4o	0.627	0.605	0.605	0.557	0.588	0.335
T1234TS008_2o__T1234TS301_1o	0.012	0.007	0.007	0.008	0.26	0.012
T1234TS008_4o__T1234TS287_4o	0.041	0.021	0.021	0.049	0.41	0.03
T1234TS014_3o__T1234TS167_2o	0.007	0.0	0.0	0.0	0.146	0.008
T1234TS014_4o__T1234TS221_3o	0.007	0.005	0.005	0.006	0.193	0.01
T1234TS015_2o__T1234TS312_5o	0.031	0.011	0.011	0.011	0.223	0.012
T1234TS022_4o__T1234TS145_5o	0.001	0.0	0.0	0.0	0.124	0.007
T1234TS022_5o__T1234TS051_2o	0.708	0.448	0.448	0.406	0.688	0.415
T1234TS023_1o__T1234TS040_3o	0.02	0.018	0.018	0.0	0.159	0.005
T1234TS023_5o__T1234TS272_1o	0.0	0.0	0.0	0.0	0.143	0.006
T1234TS028_3o__T1234TS301_1o	0.305	0.394	0.394	0.183	0.352	0.156
T1234TS051_1o__T1234TS290_1o	0.43	0.392	0.392	0.426	0.5	0.192
T1234TS051_1o__T1234TS425_5o	0.433	0.384	0.384	0.418	0.533	0.225
T1234TS051_6o__T1234TS122_5o	0.001	0.0	0.0	0.0	0.078	0.007
T1234TS059_1o__T1234TS139_6o	0.007	0.0	0.0	0.0	0.199	0.01
T1234TS059_1o__T1234TS369_2o	0.009	0.001	0.001	0.0	0.162	0.007
T1234TS059_2o__T1234TS164_2o	0.018	0.001	0.001	0.0	0.323	0.01
T1234TS059_3o__T1234TS196_4o	0.003	0.0	0.0	0.0	0.342	0.012
T1234TS075_4o__T1234TS311_1o	0.056	0.036	0.036	0.014	0.213	0.022
T1234TS075_5o__T1234TS208_2o	0.051	0.032	0.032	0.015	0.356	0.032
T1234TS079_2o__T1234TS075_4o	0.038	0.047	0.047	0.013	0.209	0.011
T1234TS085_3o__T1234TS204_4o	0.031	0.022	0.022	0.013	0.437	0.015
T1234TS110_2o__T1234TS208_5o	0.021	0.005	0.005	0.0	0.482	0.009
T1234TS110_4o__T1234TS139_1o	0.096	0.141	0.141	0.077	0.299	0.039
T1234TS110_4o__T1234TS301_5o	0.042	0.052	0.052	0.038	0.187	0.026
T1234TS114_2o__T1234TS015_1o	0.016	0.003	0.003	0.006	0.16	0.014
T1234TS114_5o__T1234TS290_1o	0.092	0.056	0.056	0.028	0.199	0.024
T1234TS114_5o__T1234TS393_5o	0.102	0.043	0.043	0.032	0.32	0.038
T1234TS139_1o__T1234TS489_1o	0.035	0.014	0.014	0.005	0.348	0.011
T1234TS139_6o__T1234TS475_5o	0.0	0.0	0.0	0.0	0.066	0.005
T1234TS145_2o__T1234TS204_4o	0.001	0.0	0.0	0.0	0.086	0.006
T1234TS147_4o__T1234TS375_1o	0.052	0.034	0.034	0.013	0.615	0.018
T1234TS148_1o__T1234TS267_2o	0.039	0.003	0.003	0.002	0.257	0.019
T1234TS148_1o__T1234TS475_5o	0.026	0.009	0.009	0.02	0.134	0.026
T1234TS164_5o__T1234TS139_1o	0.107	0.013	0.013	0.035	0.249	0.045
T1234TS167_2o__T1234TS300_4o	0.007	0.003	0.003	0.0	0.1	0.007
T1234TS167_5o__T1234TS312_2o	0.0	0.0	0.0	0.0	0.09	0.006
T1234TS196_3o__T1234TS294_3o	0.014	0.045	0.045	0.037	0.225	0.017
T1234TS196_4o__T1234TS079_2o	0.0	0.0	0.0	0.0	0.0	0.005
T1234TS196_5o__T1234TS014_4o	0.0	0.0	0.0	0.0	0.024	0.005
T1234TS204_1o__T1234TS241_2o	0.041	0.023	0.023	0.048	0.437	0.031
T1234TS204_3o__T1234TS261_3o	0.008	0.0	0.0	0.0	0.199	0.008
T1234TS204_5o__T1234TS298_5o	0.0	0.0	0.0	0.0	0.058	0.004
T1234TS208_1o__T1234TS294_4o	0.032	0.016	0.016	0.009	0.356	0.015
T1234TS219_3o__T1234TS312_4o	0.063	0.023	0.023	0.012	0.362	0.016
T1234TS221_2o__T1234TS337_1o	0.005	0.002	0.002	0.0	0.141	0.007
T1234TS241_1o__T1234TS059_4o	0.101	0.11	0.11	0.079	0.28	0.035
T1234TS241_3o__T1234TS274_3o	0.629	0.836	0.836	0.742	0.809	0.632
T1234TS262_1o__T1234TS462_4o	0.065	0.104	0.104	0.056	0.675	0.032
T1234TS262_4o__T1234TS272_1o	0.494	0.453	0.453	0.419	0.581	0.291
T1234TS262_5o__T1234TS085_2o	0.022	0.011	0.011	0.0	0.43	0.011
T1234TS267_4o__T1234TS167_4o	0.005	0.0	0.0	0.0	0.167	0.005
T1234TS267_4o__T1234TS331_1o	0.073	0.05	0.05	0.004	0.508	0.016
T1234TS272_1o__T1234TS262_1o	0.441	0.449	0.449	0.415	0.582	0.307
T1234TS274_3o__T1234TS028_4o	0.02	0.005	0.005	0.019	0.434	0.016
T1234TS274_5o__T1234TS337_2o	0.029	0.02	0.02	0.0	0.323	0.016
T1234TS286_1o__T1234TS267_3o	0.0	0.0	0.0	0.0	0.015	0.005
T1234TS287_1o__T1234TS171_1o	0.0	0.0	0.0	0.0	0.084	0.005
T1234TS290_2o__T1234TS262_3o	0.759	0.778	0.778	0.706	0.663	0.497
T1234TS290_3o__T1234TS462_5o	0.697	0.733	0.733	0.641	0.649	0.403
T1234TS290_4o__T1234TS079_3o	0.731	0.74	0.74	0.717	0.741	0.569
T1234TS290_5o__T1234TS425_5o	0.069	0.074	0.074	0.049	0.808	0.03
T1234TS293_1o__T1234TS145_5o	0.001	0.0	0.0	0.0	0.102	0.007
T1234TS293_1o__T1234TS462_1o	0.05	0.034	0.034	0.029	0.577	0.027
T1234TS293_3o__T1234TS023_3o	0.048	0.025	0.025	0.0	0.43	0.014
T1234TS293_3o__T1234TS319_5o	0.037	0.017	0.017	0.0	0.667	0.013
T1234TS293_4o__T1234TS462_2o	0.681	0.477	0.477	0.496	0.544	0.4
T1234TS294_2o__T1234TS337_5o	0.051	0.035	0.035	0.014	0.23	0.016
T1234TS294_2o__T1234TS345_1o	0.817	0.595	0.595	0.564	0.723	0.489
T1234TS294_5o__T1234TS147_4o	0.041	0.011	0.011	0.0	0.555	0.013
T1234TS298_1o__T1234TS040_5o	0.021	0.005	0.005	0.013	0.154	0.01
T1234TS298_4o__T1234TS198_1o	0.0	0.0	0.0	0.0	0.093	0.005
T1234TS300_3o__T1234TS388_5o	0.0	0.0	0.0	0.0	0.107	0.01
T1234TS301_2o__T1234TS148_5o	0.326	0.395	0.395	0.297	0.577	0.21
T1234TS301_3o__T1234TS419_4o	0.07	0.052	0.052	0.068	0.26	0.034
T1234TS304_4o__T1234TS274_5o	0.571	0.775	0.775	0.644	0.668	0.482
T1234TS311_1o__T1234TS423_2o	0.693	0.733	0.733	0.648	0.594	0.324
T1234TS311_4o__T1234TS319_1o	0.862	0.529	0.529	0.511	0.555	0.495
T1234TS319_3o__T1234TS218_2o	0.614	0.389	0.389	0.353	0.572	0.289
T1234TS322_3o__T1234TS294_1o	0.053	0.024	0.024	0.016	0.347	0.016
T1234TS322_3o__T1234TS419_4o	0.056	0.029	0.029	0.026	0.382	0.021
T1234TS323_1o__T1234TS322_2o	0.0	0.0	0.0	0.0	0.17	0.005
T1234TS331_5o__T1234TS312_5o	0.06	0.015	0.015	0.004	0.544	0.016
T1234TS337_3o__T1234TS287_1o	0.035	0.016	0.016	0.0	0.238	0.017
T1234TS345_3o__T1234TS267_1o	0.051	0.066	0.066	0.03	0.636	0.02
T1234TS369_5o__T1234TS008_1o	0.04	0.013	0.013	0.0	0.311	0.021
T1234TS369_5o__T1234TS167_4o	0.002	0.0	0.0	0.0	0.096	0.006
T1234TS388_5o__T1234TS117_4o	0.0	0.0	0.0	0.0	0.116	0.007
T1234TS393_2o__T1234TS196_1o	0.0	0.0	0.0	0.0	0.046	0.005
T1234TS419_5o__T1234TS393_6o	0.711	0.49	0.49	0.484	0.6	0.369
T1234TS425_3o__T1234TS300_5o	0.014	0.008	0.008	0.006	0.129	0.01
T1234TS425_4o__T1234TS114_4o	0.007	0.0	0.0	0.0	0.16	0.008
T1234TS462_2o__T1234TS388_4o	0.131	0.147	0.147	0.092	0.409	0.038
T1234TS462_3o__T1234TS345_4o	0.032	0.011	0.011	0.0	0.512	0.013
T1234TS462_5o__T1234TS022_1o	0.041	0.032	0.032	0.025	0.683	0.023
T1234TS462_6o__T1234TS145_1o	0.0	0.0	0.0	0.0	0.066	0.004
T1234TS489_3o__T1234TS059_1o	0.004	0.0	0.0	0.0	0.249	0.009
T1234TS494_2o__T1234TS051_2o	0.025	0.008	0.008	0.0	0.533	0.011
T1235TS008_2o__T1235TS075_4o	0.882	0.947	0.947	0.85	0.898	0.826
T1235TS014_3o__T1235TS290_3o	0.388	0.336	0.336	0.386	0.98	0.244
T1235TS022_1o__T1235TS290_4o	0.15	0.084	0.084	0.128	0.713	0.088
T1235TS023_1o__T1235TS117_1o	0.009	0.0	0.0	0.0	0.816	0.024
T1235TS023_2o__T1235TS167_5o	0.452	0.339	0.339	0.446	0.968	0.468
T1235TS023_2o__T1235TS312_2o	0.429	0.331	0.331	0.43	0.948	0.428
T1235TS028_1o__T1235TS267_2o	0.025	0.001	0.001	0.0	0.839	0.016
T1235TS028_4o__T1235TS051_2o	0.8	0.661	0.661	0.695	0.802	0.41
T1235TS040_3o__T1235TS059_6o	0.016	0.0	0.0	0.0	0.625	0.019
T1235TS051_1o__T1235TS122_2o	0.93	0.97	0.97	0.942	0.978	0.93
T1235TS051_2o__T1235TS489_1o	0.027	0.001	0.001	0.0	0.756	0.025
T1235TS052_2o__T1235TS164_1o	0.701	0.822	0.822	0.703	0.804	0.673
T1235TS052_3o__T1235TS287_4o	0.027	0.001	0.001	0.0	0.739	0.015
T1235TS052_4o__T1235TS419_4o	0.631	0.776	0.776	0.678	0.736	0.392
T1235TS059_5o__T1235TS028_5o	0.023	0.001	0.001	0.0	0.826	0.016
T1235TS059_6o__T1235TS219_1o	0.371	0.299	0.299	0.351	0.885	0.263
T1235TS075_1o__T1235TS110_5o	0.808	0.898	0.898	0.816	0.867	0.783
T1235TS075_3o__T1235TS079_3o	0.032	0.001	0.001	0.0	0.689	0.018
T1235TS085_1o__T1235TS419_3o	0.661	0.586	0.586	0.557	0.695	0.413
T1235TS091_3o__T1235TS494_1o	0.053	0.058	0.058	0.03	0.913	0.027
T1235TS110_2o__T1235TS204_1o	0.418	0.329	0.329	0.425	0.929	0.424
T1235TS110_3o__T1235TS264_5o	0.025	0.001	0.001	0.0	0.921	0.015
T1235TS114_4o__T1235TS286_5o	0.055	0.046	0.046	0.031	0.485	0.043
T1235TS114_4o__T1235TS319_2o	0.053	0.036	0.036	0.012	0.477	0.027
T1235TS114_5o__T1235TS059_4o	0.029	0.006	0.006	0.003	0.476	0.033
T1235TS117_2o__T1235TS425_5o	0.042	0.019	0.019	0.02	0.523	0.043
T1235TS117_5o__T1235TS196_1o	0.069	0.047	0.047	0.014	0.613	0.032
T1235TS122_2o__T1235TS139_4o	0.113	0.077	0.077	0.103	0.724	0.082
T1235TS122_5o__T1235TS208_4o	0.946	0.979	0.979	0.917	0.959	0.959
T1235TS139_1o__T1235TS489_4o	0.097	0.077	0.077	0.108	0.745	0.059
T1235TS145_2o__T1235TS196_5o	0.836	0.763	0.763	0.769	0.762	0.48
T1235TS147_4o__T1235TS221_3o	0.024	0.001	0.001	0.0	0.772	0.016
T1235TS148_1o__T1235TS264_2o	1.0	1.0	1.0	1.0	1.0	1.0
T1235TS148_1o__T1235TS293_4o	0.029	0.002	0.002	0.0	0.727	0.018
T1235TS148_3o__T1235TS051_3o	0.121	0.106	0.106	0.108	0.872	0.086
T1235TS163_1o__T1235TS337_5o	0.01	0.001	0.001	0.0	0.338	0.017
T1235TS164_1o__T1235TS312_4o	0.057	0.032	0.032	0.021	0.459	0.03
T1235TS164_3o__T1235TS419_4o	0.035	0.003	0.003	0.0	0.913	0.015
T1235TS164_4o__T1235TS171_2o	0.132	0.083	0.083	0.116	0.786	0.086
T1235TS164_5o__T1235TS331_1o	0.175	0.095	0.095	0.155	0.958	0.172
T1235TS167_2o__T1235TS091_1o	0.885	0.947	0.947	0.866	0.92	0.865
T1235TS167_5o__T1235TS319_3o	0.028	0.006	0.006	0.0	0.329	0.026
T1235TS191_1o__T1235TS015_1o	0.019	0.001	0.001	0.0	0.938	0.015
T1235TS191_1o__T1235TS110_5o	0.813	0.9	0.9	0.82	0.892	0.802
T1235TS191_1o__T1235TS312_1o	0.935	0.961	0.961	0.918	0.939	0.89
T1235TS191_1o__T1235TS393_4o	0.933	0.965	0.965	0.911	0.959	0.918
T1235TS198_4o__T1235TS290_4o	0.092	0.112	0.112	0.129	0.916	0.045
T1235TS204_4o__T1235TS284_4o	0.019	0.001	0.001	0.0	0.723	0.041
T1235TS261_2o__T1235TS117_2o	0.033	0.03	0.03	0.023	0.563	0.036
T1235TS262_4o__T1235TS079_4o	0.034	0.002	0.002	0.0	0.703	0.018
T1235TS267_1o__T1235TS284_5o	0.572	0.672	0.672	0.661	0.746	0.274
T1235TS274_1o__T1235TS196_2o	0.646	0.73	0.73	0.642	0.893	0.328
T1235TS274_4o__T1235TS052_3o	0.172	0.142	0.142	0.175	0.732	0.087
T1235TS274_5o__T1235TS261_5o	0.032	0.003	0.003	0.0	0.739	0.017
T1235TS284_2o__T1235TS148_5o	0.924	0.953	0.953	0.898	0.938	0.824
T1235TS286_3o__T1235TS475_1o	0.478	0.595	0.595	0.576	0.697	0.217
T1235TS286_5o__T1235TS375_5o	0.168	0.155	0.155	0.202	0.718	0.092
T1235TS287_1o__T1235TS028_2o	0.421	0.328	0.328	0.424	0.945	0.411
T1235TS287_3o__T1235TS051_2o	0.03	0.002	0.002	0.0	0.729	0.018
T1235TS287_5o__T1235TS204_5o	0.718	0.765	0.765	0.693	0.69	0.503
T1235TS290_4o__T1235TS294_4o	0.093	0.1	0.1	0.103	0.94	0.046
T1235TS293_1o__T1235TS312_3o	0.025	0.002	0.002	0.0	0.763	0.015
T1235TS293_3o__T1235TS117_1o	0.198	0.141	0.141	0.168	0.966	0.209
T1235TS293_4o__T1235TS052_5o	0.023	0.002	0.002	0.0	0.744	0.023
T1235TS294_1o__T1235TS274_3o	0.049	0.046	0.046	0.0	0.958	0.09
T1235TS298_4o__T1235TS221_2o	0.365	0.296	0.296	0.334	0.965	0.209
T1235TS298_5o__T1235TS264_1o	0.005	0.0	0.0	0.0	0.765	0.027
T1235TS301_1o__T1235TS023_5o	0.943	0.952	0.952	0.934	0.956	0.899
T1235TS311_1o__T1235TS262_1o	0.919	0.973	0.973	0.909	0.896	0.946
T1235TS312_5o__T1235TS145_2o	0.593	0.637	0.637	0.675	0.764	0.165
T1235TS319_1o__T1235TS274_1o	0.032	0.002	0.002	0.0	0.769	0.017
T1235TS319_3o__T1235TS241_2o	0.019	0.006	0.006	0.0	0.355	0.017
T1235TS319_5o__T1235TS264_2o	0.013	0.002	0.002	0.0	0.342	0.024
T1235TS322_1o__T1235TS051_2o	0.385	0.34	0.34	0.354	0.891	0.27
T1235TS322_3o__T1235TS164_4o	0.711	0.889	0.889	0.697	0.736	0.783
T1235TS323_1o__T1235TS375_3o	0.014	0.001	0.001	0.0	0.88	0.018
T1235TS331_1o__T1235TS419_2o	0.03	0.002	0.002	0.0	0.761	0.018
T1235TS331_2o__T1235TS262_3o	0.018	0.002	0.002	0.0	0.645	0.019
T1235TS331_4o__T1235TS114_4o	0.046	0.021	0.021	0.002	0.486	0.028
T1235TS345_1o__T1235TS085_3o	0.547	0.632	0.632	0.63	0.759	0.151
T1235TS345_1o__T1235TS419_4o	0.024	0.003	0.003	0.0	0.709	0.022
T1235TS345_2o__T1235TS171_4o	0.029	0.014	0.014	0.0	0.377	0.011
T1235TS375_5o__T1235TS059_5o	0.032	0.002	0.002	0.0	0.726	0.016
T1235TS388_2o__T1235TS139_3o	0.026	0.037	0.037	0.007	0.369	0.019
T1235TS393_1o__T1235TS051_1o	0.914	0.966	0.966	0.859	0.896	0.904
T1235TS393_1o__T1235TS167_1o	0.938	0.961	0.961	0.919	0.957	0.914
T1235TS393_5o__T1235TS218_3o	0.96	0.986	0.986	0.945	0.972	0.97
T1235TS419_1o__T1235TS196_1o	0.722	0.701	0.701	0.685	0.923	0.317
T1235TS419_5o__T1235TS208_1o	0.883	0.94	0.94	0.864	0.918	0.844
T1235TS425_5o__T1235TS218_5o	0.706	0.788	0.788	0.723	0.806	0.479
T1235TS456_1o__T1235TS218_5o	0.267	0.2	0.2	0.256	0.71	0.179
T1235TS456_3o__T1235TS221_2o	0.366	0.251	0.251	0.302	0.758	0.251
T1235TS462_2o__T1235TS241_3o	0.029	0.001	0.001	0.0	0.979	0.015
T1235TS462_2o__T1235TS319_3o	0.026	0.007	0.007	0.0	0.35	0.013
T1235TS475_3o__T1235TS450_2o	0.9	0.934	0.934	0.86	0.896	0.848
T1235TS475_5o__T1235TS059_5o	0.031	0.002	0.002	0.0	0.742	0.016
T1235TS494_2o__T1235TS465_3o	0.229	0.196	0.196	0.231	0.921	0.133
T1237TS014_6o__T1237TS208_3o	0.356	0.245	0.245	0.31	0.791	0.298
T1237TS015_1o__T1237TS059_3o	0.701	0.696	0.696	0.734	0.646	0.683
T1237TS015_2o__T1237TS274_2o	0.836	0.741	0.741	0.741	0.658	0.726
T1237TS015_5o__T1237TS051_1o	0.0	0.0	0.0	0.0	0.846	0.006
T1237TS028_2o__T1237TS294_3o	0.4	0.26	0.26	0.355	0.843	0.324
T1237TS028_4o__T1237TS298_4o	0.764	0.688	0.688	0.645	0.765	0.755
T1237TS028_4o__T1237TS319_5o	0.77	0.743	0.743	0.741	0.746	0.767
T1237TS051_3o__T1237TS022_4o	0.421	0.35	0.406	0.405	0.739	0.303
T1237TS051_4o__T1237TS345_1o	0.378	0.244	0.244	0.31	0.818	0.31
T1237TS051_6o__T1237TS456_4o	0.676	0.684	0.976	0.734	0.645	0.8
T1237TS075_3o__T1237TS290_4o	0.861	0.866	0.866	0.821	0.846	0.87
T1237TS079_2o__T1237TS085_2o	0.772	0.714	0.714	0.71	0.813	0.789
T1237TS091_2o__T1237TS167_2o	0.001	0.0	0.0	0.0	0.193	0.006
T1237TS091_2o__T1237TS375_2o	0.887	0.957	0.957	0.879	0.884	0.918
T1237TS110_1o__T1237TS311_2o	0.386	0.264	0.264	0.339	0.878	0.314
T1237TS110_3o__T1237TS052_5o	0.73	0.68	0.68	0.646	0.782	0.747
T1237TS117_3o__T1237TS221_3o	0.634	0.845	0.845	0.703	0.76	0.692
T1237TS122_3o__T1237TS311_2o	0.731	0.743	0.743	0.705	0.791	0.765
T1237TS139_1o__T1237TS345_2o	0.361	0.296	0.296	0.368	0.574	0.253
T1237TS139_2o__T1237TS298_1o	0.382	0.264	0.264	0.335	0.715	0.277
T1237TS139_5o__T1237TS028_5o	0.715	0.662	0.662	0.619	0.717	0.745
T1237TS139_5o__T1237TS393_3o	0.726	0.763	0.763	0.718	0.706	0.767
T1237TS139_6o__T1237TS319_1o	0.38	0.255	0.255	0.328	0.816	0.3
T1237TS147_1o__T1237TS369_1o	0.358	0.249	0.249	0.313	0.793	0.303
T1237TS147_3o__T1237TS196_3o	0.834	0.792	0.792	0.774	0.799	0.824
T1237TS147_5o__T1237TS475_1o	0.719	0.712	0.712	0.687	0.787	0.742
T1237TS163_5o__T1237TS284_2o	0.788	0.565	0.565	0.606	0.496	0.627
T1237TS164_1o__T1237TS085_2o	0.883	0.723	0.723	0.744	0.657	0.819
T1237TS164_4o__T1237TS075_5o	0.844	0.703	0.703	0.717	0.69	0.793
T1237TS164_4o__T1237TS298_2o	0.853	0.671	0.671	0.725	0.678	0.792
T1237TS167_2o__T1237TS331_4o	0.002	0.0	0.0	0.0	0.136	0.005
T1237TS167_3o__T1237TS085_5o	0.004	0.002	0.002	0.0	0.23	0.004
T1237TS167_4o__T1237TS079_2o	0.011	0.007	0.007	0.007	0.278	0.007
T1237TS167_4o__T1237TS369_1o	0.01	0.007	0.007	0.007	0.299	0.006
T1237TS171_3o__T1237TS139_1o	0.392	0.272	0.272	0.351	0.74	0.287
T1237TS171_5o__T1237TS051_6o	0.867	0.858	0.858	0.82	0.817	0.886
T1237TS191_1o__T1237TS298_3o	0.778	0.699	0.699	0.669	0.771	0.773
T1237TS198_1o__T1237TS167_4o	0.009	0.008	0.008	0.007	0.239	0.01
T1237TS198_3o__T1237TS284_5o	0.814	0.873	0.873	0.76	0.842	0.843
T1237TS198_5o__T1237TS301_5o	0.791	0.787	0.787	0.73	0.842	0.799
T1237TS198_5o__T1237TS369_5o	0.78	0.77	0.77	0.716	0.831	0.779
T1237TS204_2o__T1237TS319_2o	0.615	0.726	0.726	0.674	0.724	0.372
T1237TS204_5o__T1237TS290_2o	0.696	0.719	0.719	0.672	0.714	0.698
T1237TS208_1o__T1237TS311_4o	0.744	0.785	0.785	0.731	0.774	0.766
T1237TS208_4o__T1237TS331_2o	0.598	0.614	0.614	0.642	0.551	0.59
T1237TS208_5o__T1237TS465_1o	0.795	0.831	0.831	0.74	0.817	0.805
T1237TS218_1o__T1237TS304_2o	0.874	0.903	0.903	0.812	0.818	0.92
T1237TS221_5o__T1237TS139_4o	0.368	0.268	0.268	0.343	0.79	0.286
T1237TS261_4o__T1237TS171_3o	0.115	0.092	0.092	0.064	0.277	0.058
T1237TS262_1o__T1237TS475_4o	0.845	0.913	0.913	0.822	0.869	0.895
T1237TS264_2o__T1237TS079_2o	0.393	0.253	0.253	0.333	0.847	0.324
T1237TS267_1o__T1237TS059_3o	0.724	0.736	0.736	0.744	0.656	0.661
T1237TS272_3o__T1237TS261_2o	0.077	0.069	0.069	0.035	0.338	0.037
T1237TS272_5o__T1237TS294_2o	0.794	0.81	0.81	0.784	0.829	0.841
T1237TS272_5o__T1237TS322_1o	0.733	0.728	0.728	0.695	0.808	0.775
T1237TS286_3o__T1237TS450_2o	0.027	0.013	0.013	0.007	0.401	0.025
T1237TS287_1o__T1237TS171_2o	0.733	0.763	0.763	0.697	0.807	0.781
T1237TS287_3o__T1237TS015_2o	0.661	0.675	0.675	0.711	0.634	0.661
T1237TS287_3o__T1237TS148_3o	0.625	0.65	0.975	0.718	0.619	0.792
T1237TS287_5o__T1237TS465_4o	0.499	0.721	0.721	0.696	0.685	0.411
T1237TS293_4o__T1237TS198_3o	0.849	0.785	0.785	0.812	0.87	0.846
T1237TS293_5o__T1237TS290_2o	0.817	0.827	0.827	0.783	0.888	0.836
T1237TS298_2o__T1237TS322_2o	0.342	0.778	0.778	0.68	0.778	0.407
T1237TS298_5o__T1237TS388_3o	0.362	0.246	0.246	0.321	0.789	0.3
T1237TS301_4o__T1237TS375_3o	0.857	0.881	0.881	0.807	0.877	0.898
T1237TS301_5o__T1237TS164_4o	0.699	0.703	0.703	0.717	0.69	0.748
T1237TS304_3o__T1237TS494_1o	0.8	0.885	0.885	0.769	0.791	0.869
T1237TS304_4o__T1237TS262_3o	0.804	0.879	0.879	0.781	0.816	0.867
T1237TS312_4o__T1237TS221_1o	0.922	0.756	0.973	0.824	0.744	0.93
T1237TS319_1o__T1237TS322_3o	0.072	0.232	0.232	0.238	0.692	0.105
T1237TS322_3o__T1237TS489_4o	0.257	0.233	0.233	0.23	0.691	0.085
T1237TS323_1o__T1237TS023_3o	0.87	0.91	0.91	0.854	0.852	0.911
T1237TS331_2o__T1237TS028_3o	0.729	0.604	0.604	0.626	0.57	0.628
T1237TS331_2o__T1237TS148_1o	0.747	0.622	0.622	0.666	0.608	0.648
T1237TS331_5o__T1237TS301_4o	0.715	0.576	0.576	0.601	0.533	0.596
T1237TS345_4o__T1237TS085_3o	0.733	0.59	0.59	0.64	0.584	0.65
T1237TS345_4o__T1237TS110_5o	0.743	0.607	0.607	0.642	0.598	0.63
T1237TS345_4o__T1237TS122_1o	0.73	0.587	0.587	0.609	0.579	0.609
T1237TS369_1o__T1237TS298_1o	0.883	0.915	0.915	0.83	0.841	0.919
T1237TS375_3o__T1237TS028_5o	0.379	0.247	0.247	0.307	0.794	0.307
T1237TS388_2o__T1237TS369_4o	0.372	0.248	0.248	0.327	0.755	0.309
T1237TS393_1o__T1237TS122_3o	0.765	0.714	0.714	0.705	0.778	0.786
T1237TS393_1o__T1237TS425_3o	0.867	0.919	0.919	0.854	0.849	0.886
T1237TS393_3o__T1237TS022_2o	0.421	0.353	0.411	0.41	0.775	0.32
T1237TS423_1o__T1237TS015_4o	0.19	0.13	0.13	0.216	0.716	0.142
T1237TS425_3o__T1237TS208_1o	0.765	0.738	0.738	0.708	0.792	0.77
T1237TS425_4o__T1237TS450_1o	0.402	0.445	0.445	0.352	0.563	0.307
T1237TS462_3o__T1237TS489_4o	0.385	0.257	0.257	0.331	0.866	0.31
T1237TS462_6o__T1237TS219_5o	0.034	0.604	0.604	0.527	0.589	0.294
T1237TS465_4o__T1237TS393_6o	0.748	0.774	0.774	0.754	0.749	0.451
T1237TS489_5o__T1237TS331_3o	0.4	0.252	0.252	0.337	0.907	0.321
T1237TS489_5o__T1237TS456_2o	0.389	0.317	0.411	0.392	0.722	0.314
T1237TS494_2o__T1237TS015_5o	0.0	0.0	0.0	0.0	0.747	0.006
T1237TS494_3o__T1237TS028_3o	0.333	0.252	0.252	0.291	0.73	0.26
T1237TS494_5o__T1237TS014_3o	0.39	0.281	0.281	0.336	0.625	0.229
T1238TS014_1o__T1238TS163_4o	0.844	0.914	0.914	0.946	0.901	0.406
T1238TS015_6o__T1238TS468_5o	0.831	0.918	0.918	0.891	0.813	0.559
T1238TS022_5o__T1238TS264_6o	0.876	0.917	0.917	0.922	0.919	0.345
T1238TS023_1o__T1238TS298_5o	0.12	0.248	0.248	0.189	0.288	0.079
T1238TS023_4o__T1238TS219_5o	0.747	0.925	0.925	0.867	0.883	0.62
T1238TS040_3o__T1238TS059_5o	0.687	0.83	0.83	0.795	0.746	0.32
T1238TS040_3o__T1238TS114_5o	0.582	0.782	0.782	0.627	0.62	0.256
T1238TS051_1o__T1238TS040_1o	0.714	0.836	0.836	0.867	0.829	0.328
T1238TS051_1o__T1238TS208_1o	0.837	0.885	0.885	0.91	0.835	0.384
T1238TS052_1o__T1238TS312_4o	0.704	0.788	0.788	0.778	0.744	0.306
T1238TS052_4o__T1238TS110_2o	0.558	0.732	0.732	0.626	0.646	0.261
T1238TS075_5o__T1238TS219_3o	0.837	0.954	0.954	0.927	0.897	0.668
T1238TS079_3o__T1238TS051_6o	0.79	0.856	0.856	0.838	0.792	0.345
T1238TS085_1o__T1238TS145_3o	0.895	0.943	0.943	0.931	0.881	0.417
T1238TS091_5o__T1238TS290_2o	0.871	0.948	0.948	0.909	0.858	0.436
T1238TS091_5o__T1238TS312_4o	0.769	0.857	0.857	0.842	0.808	0.529
T1238TS110_1o__T1238TS369_2o	0.465	0.423	0.423	0.565	0.585	0.227
T1238TS110_3o__T1238TS164_2o	0.449	0.446	0.446	0.575	0.557	0.231
T1238TS110_5o__T1238TS475_2o	0.596	0.763	0.763	0.675	0.712	0.27
T1238TS114_1o__T1238TS419_2o	0.607	0.824	0.824	0.705	0.72	0.366
T1238TS114_2o__T1238TS456_5o	0.673	0.859	0.859	0.717	0.721	0.474
T1238TS117_3o__T1238TS148_5o	0.338	0.343	0.343	0.287	0.297	0.17
T1238TS139_1o__T1238TS274_3o	0.811	0.889	0.889	0.871	0.885	0.428
T1238TS139_5o__T1238TS085_1o	0.842	0.92	0.92	0.928	0.924	0.731
T1238TS145_4o__T1238TS267_5o	0.866	0.935	0.935	0.93	0.873	0.43
T1238TS147_1o__T1238TS388_5o	0.459	0.418	0.418	0.54	0.497	0.222
T1238TS147_2o__T1238TS139_1o	0.491	0.741	0.741	0.623	0.617	0.319
T1238TS147_4o__T1238TS286_1o	0.56	0.702	0.702	0.62	0.736	0.308
T1238TS163_4o__T1238TS022_4o	0.834	0.935	0.935	0.916	0.821	0.66
T1238TS164_3o__T1238TS059_6o	0.824	0.926	0.926	0.901	0.875	0.455
T1238TS164_5o__T1238TS369_2o	0.858	0.918	0.918	0.915	0.857	0.383
T1238TS167_3o__T1238TS114_5o	0.238	0.299	0.299	0.228	0.265	0.094
T1238TS167_3o__T1238TS147_5o	0.217	0.242	0.242	0.177	0.263	0.087
T1238TS196_4o__T1238TS218_3o	0.789	0.857	0.857	0.847	0.752	0.348
T1238TS198_5o__T1238TS369_4o	0.836	0.906	0.906	0.903	0.813	0.369
T1238TS218_1o__T1238TS287_3o	0.824	0.901	0.901	0.895	0.81	0.373
T1238TS218_5o__T1238TS167_1o	0.413	0.537	0.537	0.367	0.42	0.161
T1238TS218_5o__T1238TS388_3o	0.893	0.948	0.948	0.921	0.872	0.46
T1238TS221_2o__T1238TS337_5o	0.679	0.851	0.851	0.717	0.702	0.428
T1238TS221_5o__T1238TS052_2o	0.793	0.907	0.907	0.906	0.847	0.375
T1238TS241_1o__T1238TS456_2o	0.842	0.909	0.909	0.929	0.88	0.401
T1238TS262_1o__T1238TS117_2o	0.575	0.418	0.418	0.464	0.434	0.249
T1238TS262_5o__T1238TS208_5o	0.893	0.962	0.962	0.943	0.934	0.708
T1238TS264_4o__T1238TS148_5o	0.819	0.907	0.907	0.889	0.803	0.386
T1238TS264_4o__T1238TS304_3o	0.894	0.958	0.958	0.947	0.899	0.414
T1238TS267_2o__T1238TS425_5o	0.902	0.963	0.963	0.947	0.895	0.763
T1238TS286_1o__T1238TS264_3o	0.823	0.927	0.927	0.869	0.847	0.38
T1238TS287_1o__T1238TS040_4o	0.828	0.936	0.936	0.916	0.911	0.49
T1238TS287_1o__T1238TS075_3o	0.954	0.964	0.964	0.946	0.917	0.386
T1238TS287_5o__T1238TS267_1o	0.791	0.896	0.896	0.912	0.84	0.351
T1238TS290_2o__T1238TS014_6o	0.91	0.934	0.934	0.916	0.862	0.433
T1238TS290_4o__T1238TS267_4o	0.915	0.966	0.966	0.941	0.893	0.469
T1238TS290_5o__T1238TS198_2o	0.025	0.036	0.036	0.0	0.375	0.012
T1238TS293_3o__T1238TS139_6o	0.782	0.875	0.875	0.864	0.84	0.359
T1238TS293_5o__T1238TS425_1o	0.993	0.991	0.991	0.983	0.972	0.983
T1238TS298_1o__T1238TS419_4o	0.225	0.256	0.256	0.218	0.255	0.133
T1238TS298_2o__T1238TS393_3o	0.125	0.159	0.159	0.124	0.274	0.063
T1238TS298_3o__T1238TS475_3o	0.231	0.301	0.301	0.308	0.317	0.148
T1238TS300_2o__T1238TS145_2o	0.581	0.792	0.792	0.641	0.669	0.467
T1238TS301_1o__T1238TS014_3o	0.872	0.903	0.903	0.908	0.831	0.402
T1238TS304_5o__T1238TS015_3o	0.833	0.94	0.94	0.908	0.89	0.377
T1238TS319_2o__T1238TS014_3o	0.881	0.933	0.933	0.906	0.899	0.448
T1238TS319_4o__T1238TS091_4o	0.816	0.931	0.931	0.908	0.868	0.482
T1238TS319_5o__T1238TS312_1o	0.855	0.932	0.932	0.847	0.825	0.39
T1238TS322_3o__T1238TS294_4o	0.878	0.951	0.951	0.926	0.918	0.698
T1238TS322_4o__T1238TS312_2o	0.838	0.897	0.897	0.924	0.871	0.356
T1238TS322_5o__T1238TS167_5o	0.215	0.28	0.28	0.212	0.252	0.07
T1238TS337_1o__T1238TS014_5o	0.694	0.827	0.827	0.699	0.701	0.319
T1238TS337_3o__T1238TS204_1o	0.678	0.859	0.859	0.731	0.752	0.422
T1238TS337_4o__T1238TS284_3o	0.658	0.835	0.835	0.705	0.739	0.302
T1238TS369_3o__T1238TS274_5o	0.861	0.952	0.952	0.907	0.911	0.5
T1238TS369_4o__T1238TS059_2o	0.862	0.95	0.95	0.923	0.901	0.511
T1238TS375_3o__T1238TS028_4o	0.573	0.671	0.671	0.629	0.669	0.27
T1238TS375_4o__T1238TS380_4o	0.752	0.871	0.871	0.867	0.785	0.445
T1238TS380_2o__T1238TS312_3o	0.75	0.869	0.869	0.877	0.8	0.332
T1238TS380_5o__T1238TS040_5o	0.71	0.824	0.824	0.794	0.726	0.336
T1238TS388_4o__T1238TS145_2o	0.243	0.206	0.206	0.247	0.264	0.101
T1238TS393_2o__T1238TS419_1o	0.901	0.961	0.961	0.936	0.935	0.416
T1238TS393_5o__T1238TS450_1o	0.233	0.287	0.287	0.201	0.365	0.079
T1238TS423_1o__T1238TS075_3o	0.868	0.933	0.933	0.912	0.884	0.384
T1238TS423_3o__T1238TS196_1o	0.817	0.9	0.9	0.842	0.832	0.534
T1238TS425_2o__T1238TS494_5o	0.895	0.967	0.967	0.954	0.928	0.663
T1238TS425_4o__T1238TS286_4o	0.448	0.428	0.428	0.394	0.458	0.167
T1238TS450_3o__T1238TS264_1o	0.268	0.384	0.384	0.295	0.26	0.132
T1238TS456_1o__T1238TS489_4o	0.914	0.955	0.955	0.928	0.902	0.461
T1238TS462_2o__T1238TS028_4o	0.61	0.801	0.801	0.688	0.796	0.29
T1238TS462_2o__T1238TS091_4o	0.539	0.739	0.739	0.662	0.667	0.3
T1238TS462_4o__T1238TS052_5o	0.612	0.726	0.726	0.662	0.733	0.308
T1238TS462_6o__T1238TS369_1o	0.902	0.958	0.958	0.942	0.936	0.651
T1238TS468_1o__T1238TS145_5o	0.89	0.937	0.937	0.91	0.866	0.42
T1238TS468_1o__T1238TS198_1o	0.93	0.976	0.976	0.915	0.855	0.789
T1238TS468_5o__T1238TS051_1o	0.826	0.889	0.889	0.87	0.805	0.559
T1238TS475_4o__T1238TS196_2o	0.754	0.855	0.855	0.838	0.784	0.42
T1238TS489_1o__T1238TS312_1o	0.83	0.905	0.905	0.849	0.835	0.337
T1238TS489_2o__T1238TS145_4o	0.891	0.945	0.945	0.929	0.879	0.42
T1238TS494_3o__T1238TS423_5o	0.747	0.901	0.901	0.846	0.858	0.367
T1238TS494_4o__T1238TS301_4o	0.845	0.898	0.898	0.909	0.885	0.363
T1239v1TS014_4o__T1239v1TS022_4o	0.149	0.114	0.114	0.137	0.563	0.113
T1239v1TS014_5o__T1239v1TS267_3o	0.175	0.112	0.112	0.161	0.562	0.125
T1239v1TS014_6o__T1239v1TS052_4o	0.154	0.149	0.149	0.193	0.586	0.123
T1239v1TS015_1o__T1239v1TS163_4o	0.024	0.007	0.007	0.01	0.404	0.007
T1239v1TS015_4o__T1239v1TS028_3o	0.087	0.061	0.061	0.077	0.296	0.066
T1239v1TS015_5o__T1239v1TS052_5o	0.023	0.01	0.01	0.008	0.394	0.007
T1239v1TS022_2o__T1239v1TS110_3o	0.277	0.237	0.237	0.299	0.761	0.233
T1239v1TS022_5o__T1239v1TS145_5o	0.043	0.014	0.014	0.012	0.55	0.012
T1239v1TS028_2o__T1239v1TS033_5o	0.688	0.71	0.71	0.662	0.575	0.441
T1239v1TS028_4o__T1239v1TS319_2o	0.802	0.89	0.89	0.826	0.775	0.645
T1239v1TS052_1o__T1239v1TS147_2o	0.826	0.702	0.702	0.722	0.65	0.484
T1239v1TS052_2o__T1239v1TS286_4o	0.185	0.178	0.178	0.204	0.623	0.184
T1239v1TS052_5o__T1239v1TS015_4o	0.036	0.005	0.005	0.004	0.304	0.008
T1239v1TS091_1o__T1239v1TS014_5o	0.188	0.136	0.136	0.144	0.596	0.14
T1239v1TS091_1o__T1239v1TS262_5o	0.744	0.84	0.84	0.789	0.76	0.374
T1239v1TS091_3o__T1239v1TS022_5o	0.146	0.11	0.111	0.147	0.546	0.075
T1239v1TS091_4o__T1239v1TS110_4o	0.193	0.097	0.097	0.144	0.609	0.081
T1239v1TS091_4o__T1239v1TS319_4o	0.2	0.103	0.103	0.148	0.589	0.086
T1239v1TS091_5o__T1239v1TS167_2o	0.647	0.618	0.618	0.611	0.732	0.364
T1239v1TS091_5o__T1239v1TS208_4o	0.66	0.78	0.78	0.748	0.597	0.362
T1239v1TS110_2o__T1239v1TS028_4o	0.297	0.074	0.074	0.241	0.89	0.26
T1239v1TS110_3o__T1239v1TS489_5o	0.275	0.21	0.21	0.272	0.782	0.289
T1239v1TS110_4o__T1239v1TS014_6o	0.182	0.134	0.134	0.171	0.512	0.127
T1239v1TS110_4o__T1239v1TS319_3o	0.508	0.521	0.521	0.54	0.466	0.268
T1239v1TS145_1o__T1239v1TS022_1o	0.188	0.182	0.182	0.208	0.626	0.172
T1239v1TS145_1o__T1239v1TS235_2o	0.592	0.817	0.817	0.769	0.699	0.352
T1239v1TS145_4o__T1239v1TS145_2o	0.289	0.228	0.228	0.307	0.646	0.07
T1239v1TS163_1o__T1239v1TS028_2o	0.166	0.105	0.105	0.151	0.422	0.029
T1239v1TS163_4o__T1239v1TS262_1o	0.606	0.381	0.381	0.436	0.524	0.177
T1239v1TS163_5o__T1239v1TS091_4o	0.029	0.011	0.011	0.01	0.525	0.006
T1239v1TS167_2o__T1239v1TS489_4o	0.249	0.149	0.149	0.272	0.677	0.104
T1239v1TS167_3o__T1239v1TS091_4o	0.249	0.136	0.136	0.242	0.614	0.092
T1239v1TS167_3o__T1239v1TS163_1o	0.18	0.097	0.097	0.135	0.525	0.113
T1239v1TS198_2o__T1239v1TS015_3o	0.037	0.009	0.009	0.006	0.465	0.008
T1239v1TS198_3o__T1239v1TS014_6o	0.528	0.335	0.335	0.47	0.526	0.213
T1239v1TS198_4o__T1239v1TS286_5o	0.193	0.192	0.192	0.224	0.537	0.22
T1239v1TS204_2o__T1239v1TS033_3o	0.795	0.698	0.698	0.696	0.623	0.435
T1239v1TS204_4o__T1239v1TS110_2o	0.64	0.673	0.673	0.725	0.625	0.236
T1239v1TS204_4o__T1239v1TS456_4o	0.578	0.668	0.668	0.684	0.557	0.234
T1239v1TS204_4o__T1239v1TS489_3o	0.122	0.091	0.091	0.129	0.54	0.046
T1239v1TS208_1o__T1239v1TS014_4o	0.244	0.15	0.15	0.184	0.618	0.19
T1239v1TS208_1o__T1239v1TS456_2o	0.725	0.518	0.518	0.536	0.592	0.486
T1239v1TS208_2o__T1239v1TS331_3o	0.802	0.695	0.695	0.704	0.645	0.505
T1239v1TS231_1o__T1239v1TS262_5o	0.657	0.759	0.759	0.758	0.689	0.408
T1239v1TS235_2o__T1239v1TS015_5o	0.238	0.068	0.068	0.132	0.377	0.144
T1239v1TS235_4o__T1239v1TS450_4o	0.685	0.654	0.654	0.65	0.638	0.32
T1239v1TS241_1o__T1239v1TS272_1o	0.0	0.0	0.0	0.0	0.018	0.003
T1239v1TS241_1o__T1239v1TS345_2o	0.029	0.006	0.023	0.01	0.163	0.013
T1239v1TS241_5o__T1239v1TS028_4o	0.049	0.008	0.036	0.013	0.244	0.019
T1239v1TS241_5o__T1239v1TS294_1o	0.051	0.006	0.026	0.01	0.172	0.019
T1239v1TS262_2o__T1239v1TS022_5o	0.184	0.112	0.112	0.145	0.658	0.09
T1239v1TS262_2o__T1239v1TS319_4o	0.681	0.671	0.671	0.607	0.553	0.379
T1239v1TS262_2o__T1239v1TS489_3o	0.344	0.18	0.18	0.257	0.851	0.242
T1239v1TS267_1o__T1239v1TS481_3o	0.597	0.741	0.741	0.694	0.63	0.29
T1239v1TS267_2o__T1239v1TS014_4o	0.19	0.108	0.108	0.147	0.575	0.149
T1239v1TS267_3o__T1239v1TS286_5o	0.463	0.574	0.574	0.51	0.478	0.183
T1239v1TS267_5o__T1239v1TS286_2o	0.461	0.54	0.54	0.483	0.438	0.253
T1239v1TS267_5o__T1239v1TS425_2o	0.22	0.156	0.156	0.24	0.604	0.064
T1239v1TS272_4o__T1239v1TS014_5o	0.017	0.002	0.002	0.0	0.21	0.004
T1239v1TS272_5o__T1239v1TS028_3o	0.022	0.008	0.008	0.013	0.156	0.011
T1239v1TS286_2o__T1239v1TS286_5o	0.671	0.563	0.563	0.656	0.582	0.272
T1239v1TS294_1o__T1239v1TS110_4o	0.638	0.647	0.647	0.697	0.716	0.369
T1239v1TS294_1o__T1239v1TS235_4o	0.672	0.748	0.748	0.713	0.558	0.407
T1239v1TS294_1o__T1239v1TS481_3o	0.768	0.836	0.836	0.812	0.792	0.47
T1239v1TS294_4o__T1239v1TS345_3o	0.201	0.087	0.087	0.142	0.644	0.085
T1239v1TS294_5o__T1239v1TS167_2o	0.365	0.131	0.131	0.262	0.69	0.217
T1239v1TS294_5o__T1239v1TS267_1o	0.275	0.146	0.146	0.21	0.606	0.14
T1239v1TS294_5o__T1239v1TS425_2o	0.907	0.919	0.919	0.857	0.848	0.704
T1239v1TS304_1o__T1239v1TS456_5o	0.051	0.006	0.02	0.011	0.147	0.018
T1239v1TS304_2o__T1239v1TS294_4o	0.034	0.007	0.024	0.011	0.191	0.013
T1239v1TS304_4o__T1239v1TS235_3o	0.03	0.008	0.023	0.011	0.178	0.012
T1239v1TS304_4o__T1239v1TS272_1o	0.0	0.0	0.0	0.0	0.02	0.003
T1239v1TS304_5o__T1239v1TS331_5o	0.035	0.007	0.028	0.011	0.126	0.017
T1239v1TS319_2o__T1239v1TS022_3o	0.266	0.116	0.116	0.19	0.565	0.14
T1239v1TS319_2o__T1239v1TS163_4o	0.282	0.102	0.102	0.165	0.516	0.139
T1239v1TS319_4o__T1239v1TS147_5o	0.143	0.087	0.087	0.136	0.554	0.051
T1239v1TS325_1o__T1239v1TS450_3o	0.374	0.131	0.131	0.274	0.696	0.206
T1239v1TS331_1o__T1239v1TS231_2o	0.572	0.558	0.558	0.611	0.612	0.325
T1239v1TS331_2o__T1239v1TS028_2o	0.198	0.113	0.113	0.171	0.753	0.116
T1239v1TS331_3o__T1239v1TS028_3o	0.158	0.122	0.122	0.18	0.537	0.084
T1239v1TS331_3o__T1239v1TS331_4o	0.49	0.543	0.543	0.556	0.507	0.236
T1239v1TS331_5o__T1239v1TS091_4o	0.587	0.676	0.676	0.671	0.625	0.295
T1239v1TS345_2o__T1239v1TS163_3o	0.033	0.012	0.012	0.01	0.442	0.013
T1239v1TS369_2o__T1239v1TS489_1o	0.239	0.139	0.139	0.244	0.687	0.062
T1239v1TS425_2o__T1239v1TS091_3o	0.368	0.184	0.184	0.291	0.693	0.189
T1239v1TS425_3o__T1239v1TS198_5o	0.616	0.551	0.551	0.583	0.645	0.312
T1239v1TS450_1o__T1239v1TS167_3o	0.846	0.796	0.796	0.795	0.79	0.627
T1239v1TS450_3o__T1239v1TS462_1o	0.218	0.194	0.194	0.233	0.713	0.112
T1239v1TS450_4o__T1239v1TS022_1o	0.524	0.655	0.655	0.63	0.574	0.198
T1239v1TS456_5o__T1239v1TS272_4o	0.007	0.003	0.003	0.0	0.26	0.005
T1239v1TS462_3o__T1239v1TS489_4o	0.039	0.014	0.014	0.012	0.694	0.009
T1239v1TS462_5o__T1239v1TS147_5o	0.043	0.014	0.014	0.012	0.608	0.009
T1239v1TS481_2o__T1239v1TS145_1o	0.271	0.183	0.183	0.253	0.672	0.218
T1239v1TS481_2o__T1239v1TS319_3o	0.844	0.725	0.725	0.731	0.64	0.579
T1239v1TS489_1o__T1239v1TS489_4o	0.962	0.98	0.98	0.942	0.932	0.918
T1239v1TS489_2o__T1239v1TS345_3o	0.195	0.087	0.087	0.146	0.593	0.077
T1239v1TS489_3o__T1239v1TS319_1o	0.193	0.089	0.089	0.132	0.553	0.08
T1239v2TS014_1o__T1239v2TS272_4o	0.006	0.002	0.002	0.0	0.2	0.003
T1239v2TS014_6o__T1239v2TS015_3o	0.021	0.003	0.003	0.005	0.374	0.008
T1239v2TS015_1o__T1239v2TS286_2o	0.497	0.416	0.416	0.442	0.536	0.218
T1239v2TS015_1o__T1239v2TS319_2o	0.208	0.112	0.112	0.172	0.472	0.031
T1239v2TS015_1o__T1239v2TS462_5o	0.532	0.394	0.394	0.434	0.543	0.227
T1239v2TS015_2o__T1239v2TS147_5o	0.02	0.008	0.008	0.008	0.358	0.012
T1239v2TS015_4o__T1239v2TS369_2o	0.021	0.006	0.006	0.006	0.443	0.006
T1239v2TS022_2o__T1239v2TS272_3o	0.008	0.002	0.002	0.0	0.242	0.003
T1239v2TS022_3o__T1239v2TS235_1o	0.212	0.121	0.121	0.151	0.468	0.181
T1239v2TS022_4o__T1239v2TS014_2o	0.73	0.534	0.534	0.576	0.541	0.44
T1239v2TS028_2o__T1239v2TS052_4o	0.896	0.962	0.962	0.917	0.885	0.642
T1239v2TS033_1o__T1239v2TS208_4o	0.206	0.145	0.145	0.225	0.594	0.101
T1239v2TS033_1o__T1239v2TS481_2o	0.689	0.69	0.69	0.73	0.824	0.438
T1239v2TS033_4o__T1239v2TS294_1o	0.213	0.185	0.185	0.259	0.65	0.165
T1239v2TS051_1o__T1239v2TS272_5o	0.01	0.002	0.002	0.0	0.242	0.004
T1239v2TS051_2o__T1239v2TS462_2o	0.232	0.076	0.076	0.212	0.679	0.162
T1239v2TS052_1o__T1239v2TS345_4o	0.692	0.826	0.826	0.736	0.722	0.44
T1239v2TS052_1o__T1239v2TS345_5o	0.234	0.145	0.145	0.218	0.772	0.154
T1239v2TS052_2o__T1239v2TS286_1o	0.183	0.201	0.201	0.223	0.548	0.18
T1239v2TS052_4o__T1239v2TS052_1o	0.92	0.973	0.973	0.915	0.87	0.852
T1239v2TS091_1o__T1239v2TS481_4o	0.638	0.702	0.713	0.719	0.647	0.43
T1239v2TS091_3o__T1239v2TS033_1o	0.673	0.666	0.666	0.667	0.677	0.325
T1239v2TS091_3o__T1239v2TS272_5o	0.008	0.002	0.002	0.0	0.258	0.007
T1239v2TS091_3o__T1239v2TS369_4o	0.798	0.683	0.705	0.75	0.712	0.424
T1239v2TS147_1o__T1239v2TS231_2o	0.238	0.172	0.172	0.216	0.686	0.136
T1239v2TS147_2o__T1239v2TS262_3o	0.623	0.704	0.704	0.631	0.619	0.36
T1239v2TS147_2o__T1239v2TS331_3o	0.724	0.719	0.719	0.695	0.679	0.405
T1239v2TS147_3o__T1239v2TS167_4o	0.194	0.132	0.132	0.18	0.563	0.116
T1239v2TS147_3o__T1239v2TS369_4o	0.201	0.12	0.12	0.181	0.647	0.102
T1239v2TS147_5o__T1239v2TS319_2o	0.366	0.203	0.203	0.312	0.807	0.095
T1239v2TS159_2o__T1239v2TS450_5o	0.406	0.193	0.193	0.359	0.722	0.197
T1239v2TS167_1o__T1239v2TS022_1o	0.577	0.707	0.707	0.642	0.564	0.295
T1239v2TS167_5o__T1239v2TS262_5o	0.538	0.61	0.61	0.59	0.586	0.217
T1239v2TS167_5o__T1239v2TS462_5o	0.656	0.619	0.619	0.652	0.687	0.236
T1239v2TS204_1o__T1239v2TS014_3o	0.29	0.139	0.139	0.233	0.614	0.141
T1239v2TS204_1o__T1239v2TS028_3o	0.357	0.186	0.186	0.29	0.813	0.223
T1239v2TS204_1o__T1239v2TS462_3o	0.205	0.123	0.123	0.174	0.573	0.087
T1239v2TS208_2o__T1239v2TS462_2o	0.251	0.096	0.096	0.21	0.835	0.198
T1239v2TS208_5o__T1239v2TS147_5o	0.233	0.168	0.168	0.241	0.692	0.125
T1239v2TS231_1o__T1239v2TS051_5o	0.157	0.113	0.113	0.16	0.584	0.107
T1239v2TS231_2o__T1239v2TS331_2o	0.132	0.102	0.102	0.137	0.546	0.04
T1239v2TS235_2o__T1239v2TS159_1o	0.233	0.139	0.139	0.214	0.755	0.204
T1239v2TS235_5o__T1239v2TS235_1o	0.24	0.231	0.231	0.289	0.645	0.171
T1239v2TS241_1o__T1239v2TS110_5o	0.026	0.006	0.021	0.009	0.179	0.012
T1239v2TS241_1o__T1239v2TS231_4o	0.133	0.06	0.17	0.038	0.254	0.033
T1239v2TS241_1o__T1239v2TS241_2o	0.811	0.919	0.919	0.819	0.833	0.503
T1239v2TS241_1o__T1239v2TS286_4o	0.027	0.006	0.018	0.01	0.184	0.011
T1239v2TS241_3o__T1239v2TS369_2o	0.109	0.033	0.092	0.051	0.211	0.048
T1239v2TS241_5o__T1239v2TS450_2o	0.042	0.006	0.019	0.009	0.165	0.018
T1239v2TS262_2o__T1239v2TS369_5o	0.835	0.906	0.906	0.801	0.829	0.638
T1239v2TS262_3o__T1239v2TS325_2o	0.202	0.17	0.17	0.213	0.63	0.111
T1239v2TS262_3o__T1239v2TS331_2o	0.21	0.138	0.138	0.2	0.674	0.106
T1239v2TS262_4o__T1239v2TS286_1o	0.509	0.625	0.625	0.597	0.529	0.234
T1239v2TS272_3o__T1239v2TS481_4o	0.018	0.003	0.003	0.0	0.287	0.008
T1239v2TS272_4o__T1239v2TS481_2o	0.019	0.003	0.003	0.0	0.257	0.005
T1239v2TS286_1o__T1239v2TS051_2o	0.256	0.078	0.078	0.182	0.616	0.165
T1239v2TS294_1o__T1239v2TS052_1o	0.257	0.214	0.214	0.246	0.717	0.199
T1239v2TS294_2o__T1239v2TS231_4o	0.258	0.194	0.194	0.221	0.678	0.176
T1239v2TS294_2o__T1239v2TS272_2o	0.009	0.003	0.003	0.0	0.24	0.005
T1239v2TS294_5o__T1239v2TS110_5o	0.265	0.176	0.176	0.201	0.585	0.188
T1239v2TS294_5o__T1239v2TS369_1o	0.285	0.171	0.171	0.239	0.643	0.228
T1239v2TS304_3o__T1239v2TS481_2o	0.121	0.035	0.096	0.044	0.215	0.046
T1239v2TS304_5o__T1239v2TS167_5o	0.033	0.005	0.016	0.008	0.16	0.014
T1239v2TS304_5o__T1239v2TS235_1o	0.478	0.214	0.578	0.278	0.209	0.177
T1239v2TS319_3o__T1239v2TS462_2o	0.472	0.587	0.587	0.599	0.511	0.216
T1239v2TS319_4o__T1239v2TS272_5o	0.007	0.002	0.002	0.0	0.201	0.006
T1239v2TS319_5o__T1239v2TS286_4o	0.118	0.08	0.08	0.123	0.534	0.05
T1239v2TS325_2o__T1239v2TS022_3o	0.279	0.141	0.141	0.184	0.583	0.12
T1239v2TS331_1o__T1239v2TS294_1o	0.036	0.019	0.019	0.014	0.606	0.012
T1239v2TS331_3o__T1239v2TS028_4o	0.494	0.626	0.626	0.639	0.504	0.238
T1239v2TS331_3o__T1239v2TS369_1o	0.778	0.861	0.861	0.799	0.778	0.522
T1239v2TS345_2o__T1239v2TS235_5o	0.205	0.061	0.061	0.147	0.526	0.123
T1239v2TS369_1o__T1239v2TS208_2o	0.186	0.114	0.114	0.182	0.651	0.067
T1239v2TS369_1o__T1239v2TS369_4o	0.676	0.597	0.597	0.679	0.808	0.296
T1239v2TS369_5o__T1239v2TS456_2o	0.559	0.445	0.445	0.48	0.491	0.25
T1239v2TS425_1o__T1239v2TS369_2o	0.187	0.085	0.085	0.141	0.509	0.098
T1239v2TS425_1o__T1239v2TS481_4o	0.172	0.103	0.103	0.146	0.553	0.103
T1239v2TS425_2o__T1239v2TS167_2o	0.365	0.195	0.195	0.319	0.727	0.19
T1239v2TS425_3o__T1239v2TS015_2o	0.033	0.008	0.008	0.007	0.428	0.008
T1239v2TS425_3o__T1239v2TS028_2o	0.486	0.626	0.626	0.637	0.524	0.232
T1239v2TS450_2o__T1239v2TS015_1o	0.658	0.459	0.459	0.5	0.526	0.338
T1239v2TS450_2o__T1239v2TS235_3o	0.68	0.797	0.797	0.757	0.638	0.337
T1239v2TS450_4o__T1239v2TS147_3o	0.182	0.132	0.132	0.18	0.563	0.042
T1239v2TS456_2o__T1239v2TS015_2o	0.042	0.006	0.006	0.007	0.341	0.009
T1239v2TS456_2o__T1239v2TS015_5o	0.042	0.006	0.006	0.01	0.373	0.011
T1239v2TS456_2o__T1239v2TS159_2o	0.274	0.141	0.141	0.184	0.583	0.092
T1239v2TS456_2o__T1239v2TS462_4o	0.653	0.413	0.414	0.45	0.448	0.283
T1239v2TS456_4o__T1239v2TS052_2o	0.208	0.187	0.187	0.196	0.638	0.158
T1239v2TS462_2o__T1239v2TS091_3o	0.775	0.752	0.752	0.736	0.678	0.496
T1239v2TS462_3o__T1239v2TS450_3o	0.562	0.632	0.632	0.601	0.571	0.348
T1239v2TS462_5o__T1239v2TS231_4o	0.556	0.589	0.589	0.653	0.657	0.228
T1239v2TS462_5o__T1239v2TS235_4o	0.209	0.128	0.128	0.212	0.628	0.086
T1239v2TS462_5o__T1239v2TS462_4o	0.608	0.657	0.657	0.71	0.646	0.257
T1239v2TS481_5o__T1239v2TS052_1o	0.212	0.119	0.119	0.191	0.592	0.11
T1239v2TS481_5o__T1239v2TS369_5o	0.264	0.148	0.148	0.235	0.847	0.232
T1239v2TS489_5o__T1239v2TS052_4o	0.883	0.914	0.914	0.815	0.844	0.756
T1240TS014_6o__T1240TS322_2o	0.604	0.548	0.548	0.502	0.896	0.217
T1240TS015_3o__T1240TS028_2o	0.294	0.298	0.298	0.215	0.797	0.087
T1240TS015_4o__T1240TS139_4o	0.301	0.326	0.326	0.294	0.649	0.159
T1240TS015_6o__T1240TS219_2o	0.636	0.555	0.555	0.529	0.952	0.245
T1240TS015_6o__T1240TS475_4o	0.294	0.329	0.329	0.323	0.73	0.144
T1240TS023_1o__T1240TS294_3o	0.361	0.363	0.363	0.319	0.885	0.132
T1240TS028_1o__T1240TS015_6o	0.2	0.235	0.235	0.1	0.872	0.054
T1240TS031_3o__T1240TS022_4o	0.267	0.297	0.297	0.268	0.769	0.127
T1240TS051_1o__T1240TS311_2o	0.651	0.725	0.725	0.719	0.784	0.228
T1240TS051_6o__T1240TS167_2o	0.769	0.717	0.717	0.758	0.781	0.352
T1240TS075_3o__T1240TS221_1o	0.312	0.321	0.321	0.317	0.773	0.111
T1240TS075_5o__T1240TS091_5o	0.376	0.376	0.376	0.447	0.728	0.121
T1240TS079_4o__T1240TS489_4o	0.298	0.327	0.327	0.275	0.851	0.109
T1240TS085_2o__T1240TS241_5o	0.61	0.517	0.517	0.568	0.877	0.199
T1240TS085_2o__T1240TS287_5o	0.488	0.478	0.478	0.569	0.761	0.265
T1240TS091_1o__T1240TS287_4o	0.559	0.495	0.495	0.545	0.796	0.2
T1240TS110_2o__T1240TS298_1o	0.156	0.188	0.188	0.085	0.769	0.051
T1240TS117_2o__T1240TS345_5o	0.591	0.684	0.684	0.712	0.835	0.243
T1240TS117_3o__T1240TS059_6o	0.504	0.512	0.512	0.459	0.914	0.254
T1240TS122_1o__T1240TS219_2o	0.357	0.398	0.398	0.424	0.797	0.149
T1240TS122_5o__T1240TS312_1o	0.113	0.151	0.151	0.063	0.83	0.024
T1240TS139_2o__T1240TS145_5o	0.784	0.867	0.867	0.844	0.864	0.309
T1240TS145_2o__T1240TS450_4o	0.357	0.296	0.296	0.204	0.826	0.119
T1240TS147_2o__T1240TS465_2o	0.653	0.633	0.633	0.684	0.744	0.24
T1240TS147_3o__T1240TS261_1o	0.59	0.624	0.624	0.701	0.81	0.257
T1240TS147_4o__T1240TS015_3o	0.268	0.304	0.304	0.207	0.76	0.088
T1240TS167_2o__T1240TS015_1o	0.469	0.399	0.399	0.417	0.782	0.145
T1240TS187_1o__T1240TS312_5o	0.641	0.594	0.594	0.608	0.934	0.246
T1240TS198_4o__T1240TS462_2o	0.675	0.68	0.68	0.753	0.904	0.264
T1240TS204_2o__T1240TS267_5o	0.743	0.722	0.722	0.784	0.929	0.282
T1240TS204_5o__T1240TS425_2o	0.359	0.348	0.348	0.314	0.925	0.131
T1240TS208_5o__T1240TS163_1o	0.583	0.527	0.527	0.554	0.809	0.168
T1240TS219_3o__T1240TS110_3o	0.375	0.355	0.355	0.34	0.831	0.137
T1240TS241_2o__T1240TS312_2o	0.192	0.206	0.206	0.085	0.839	0.048
T1240TS241_2o__T1240TS312_5o	0.849	0.796	0.796	0.805	0.874	0.281
T1240TS241_5o__T1240TS294_1o	0.166	0.211	0.211	0.095	0.853	0.035
T1240TS261_1o__T1240TS117_4o	0.559	0.667	0.667	0.695	0.858	0.267
T1240TS261_2o__T1240TS023_2o	0.728	0.832	0.832	0.825	0.814	0.406
T1240TS261_2o__T1240TS286_5o	0.422	0.406	0.406	0.337	0.81	0.184
T1240TS262_1o__T1240TS286_2o	0.407	0.408	0.408	0.426	0.91	0.154
T1240TS264_3o__T1240TS139_5o	0.446	0.423	0.423	0.379	0.844	0.208
T1240TS264_4o__T1240TS014_6o	0.188	0.231	0.231	0.097	0.852	0.048
T1240TS264_4o__T1240TS139_4o	0.804	0.871	0.871	0.826	0.85	0.358
T1240TS264_5o__T1240TS163_4o	0.325	0.346	0.346	0.288	0.877	0.12
T1240TS264_6o__T1240TS204_1o	0.505	0.463	0.463	0.529	0.774	0.182
T1240TS267_1o__T1240TS187_1o	0.482	0.467	0.467	0.488	0.938	0.187
T1240TS272_4o__T1240TS369_5o	0.084	0.098	0.098	0.062	0.511	0.022
T1240TS274_2o__T1240TS331_2o	0.313	0.352	0.352	0.318	0.802	0.12
T1240TS274_2o__T1240TS419_4o	0.523	0.537	0.537	0.544	0.795	0.206
T1240TS274_3o__T1240TS450_4o	0.64	0.841	0.841	0.807	0.85	0.325
T1240TS274_4o__T1240TS388_3o	0.55	0.602	0.602	0.659	0.8	0.233
T1240TS274_4o__T1240TS494_2o	0.329	0.367	0.367	0.293	0.854	0.126
T1240TS284_3o__T1240TS293_1o	0.317	0.328	0.328	0.319	0.762	0.113
T1240TS284_4o__T1240TS122_2o	0.474	0.5	0.5	0.504	0.801	0.193
T1240TS284_5o__T1240TS208_3o	0.116	0.144	0.144	0.064	0.802	0.024
T1240TS287_4o__T1240TS085_1o	0.444	0.433	0.433	0.411	0.823	0.136
T1240TS287_4o__T1240TS147_4o	0.532	0.602	0.602	0.65	0.798	0.207
T1240TS290_3o__T1240TS171_3o	0.403	0.415	0.415	0.469	0.808	0.162
T1240TS290_3o__T1240TS204_1o	0.436	0.466	0.466	0.488	0.772	0.169
T1240TS293_1o__T1240TS196_1o	0.424	0.36	0.36	0.327	0.827	0.145
T1240TS293_3o__T1240TS261_4o	0.583	0.552	0.552	0.556	0.802	0.213
T1240TS293_4o__T1240TS196_5o	0.445	0.402	0.402	0.358	0.874	0.186
T1240TS294_1o__T1240TS393_1o	0.188	0.219	0.219	0.087	0.856	0.055
T1240TS298_2o__T1240TS059_2o	0.184	0.197	0.197	0.085	0.809	0.048
T1240TS304_1o__T1240TS148_1o	0.19	0.209	0.209	0.092	0.829	0.052
T1240TS304_4o__T1240TS311_4o	0.319	0.363	0.363	0.38	0.8	0.126
T1240TS312_3o__T1240TS221_2o	0.761	0.82	0.82	0.802	0.873	0.287
T1240TS319_2o__T1240TS304_5o	0.622	0.649	0.649	0.68	0.897	0.263
T1240TS319_3o__T1240TS163_4o	0.288	0.342	0.342	0.297	0.827	0.099
T1240TS331_1o__T1240TS145_2o	0.715	0.746	0.746	0.799	0.891	0.297
T1240TS345_3o__T1240TS148_3o	0.436	0.457	0.457	0.54	0.721	0.175
T1240TS345_3o__T1240TS419_5o	0.694	0.725	0.725	0.764	0.846	0.283
T1240TS345_6o__T1240TS014_5o	0.672	0.603	0.603	0.617	0.871	0.24
T1240TS345_6o__T1240TS312_5o	0.416	0.396	0.396	0.384	0.937	0.149
T1240TS369_3o__T1240TS345_4o	0.465	0.374	0.374	0.391	0.686	0.11
T1240TS375_5o__T1240TS075_5o	0.281	0.21	0.21	0.179	0.736	0.083
T1240TS388_1o__T1240TS164_1o	0.349	0.372	0.372	0.323	0.868	0.122
T1240TS388_1o__T1240TS475_1o	0.708	0.794	0.794	0.806	0.848	0.313
T1240TS388_2o__T1240TS475_4o	0.708	0.68	0.68	0.746	0.747	0.301
T1240TS388_3o__T1240TS294_4o	0.67	0.723	0.723	0.779	0.898	0.284
T1240TS393_2o__T1240TS293_3o	0.503	0.483	0.483	0.476	0.838	0.193
T1240TS425_5o__T1240TS117_1o	0.552	0.687	0.687	0.715	0.843	0.241
T1240TS450_4o__T1240TS284_5o	0.092	0.145	0.145	0.063	0.768	0.034
T1240TS450_5o__T1240TS171_5o	0.361	0.217	0.217	0.138	0.824	0.042
T1240TS456_1o__T1240TS331_4o	0.18	0.202	0.219	0.089	0.797	0.062
T1240TS456_1o__T1240TS388_5o	0.625	0.661	0.699	0.728	0.795	0.26
T1240TS456_2o__T1240TS298_1o	0.158	0.197	0.197	0.094	0.843	0.058
T1240TS456_3o__T1240TS167_5o	0.084	0.158	0.158	0.071	0.843	0.04
T1240TS456_4o__T1240TS052_1o	0.327	0.328	0.331	0.228	0.841	0.133
T1240TS456_4o__T1240TS147_3o	0.338	0.313	0.32	0.2	0.794	0.111
T1240TS456_4o__T1240TS393_1o	0.642	0.608	0.642	0.647	0.802	0.264
T1240TS462_1o__T1240TS196_1o	0.567	0.56	0.56	0.651	0.844	0.24
T1240TS462_1o__T1240TS204_5o	0.815	0.907	0.907	0.894	0.866	0.367
T1240TS462_3o__T1240TS388_3o	0.634	0.639	0.639	0.719	0.897	0.264
T1240TS462_5o__T1240TS167_3o	0.432	0.432	0.432	0.464	0.809	0.182
T1240TS475_2o__T1240TS369_3o	0.155	0.259	0.259	0.236	0.762	0.095
T1240TS475_3o__T1240TS272_5o	0.766	0.736	0.736	0.767	0.84	0.281
T1240TS475_4o__T1240TS163_3o	0.173	0.212	0.212	0.089	0.775	0.048
T1240TS475_4o__T1240TS171_3o	0.452	0.409	0.409	0.445	0.784	0.154
T1240TS494_3o__T1240TS345_4o	0.611	0.709	0.709	0.733	0.755	0.241
T1246TS022_1o__T1246TS221_3o	0.928	0.973	0.973	0.932	0.915	0.939
T1246TS022_2o__T1246TS022_4o	0.741	0.848	0.848	0.72	0.798	0.673
T1246TS022_2o__T1246TS221_3o	0.916	0.911	0.911	0.861	0.863	0.709
T1246TS022_2o__T1246TS419_1o	0.932	0.909	0.909	0.898	0.904	0.73
T1246TS022_2o__T1246TS419_2o	0.934	0.912	0.912	0.898	0.904	0.727
T1246TS022_3o__T1246TS022_5o	0.91	0.95	0.95	0.921	0.897	0.744
T1246TS022_3o__T1246TS163_4o	0.828	0.859	0.859	0.802	0.833	0.675
T1246TS022_3o__T1246TS221_5o	0.809	0.855	0.855	0.784	0.833	0.666
T1246TS022_4o__T1246TS052_2o	0.801	0.846	0.846	0.717	0.789	0.717
T1246TS022_4o__T1246TS456_4o	0.801	0.876	0.876	0.764	0.809	0.789
T1246TS022_5o__T1246TS221_5o	0.852	0.882	0.882	0.797	0.817	0.738
T1246TS022_5o__T1246TS286_4o	0.726	0.898	0.898	0.783	0.78	0.727
T1246TS022_5o__T1246TS419_1o	0.852	0.877	0.877	0.828	0.859	0.744
T1246TS052_1o__T1246TS221_4o	0.936	0.976	0.976	0.932	0.936	0.941
T1246TS052_1o__T1246TS456_5o	0.979	0.992	0.992	0.985	0.979	0.988
T1246TS052_2o__T1246TS221_2o	0.936	0.911	0.911	0.894	0.904	0.726
T1246TS052_2o__T1246TS419_4o	0.939	0.914	0.914	0.898	0.915	0.727
T1246TS052_3o__T1246TS163_4o	0.927	0.961	0.961	0.919	0.872	0.738
T1246TS052_3o__T1246TS419_3o	0.914	0.954	0.954	0.935	0.913	0.74
T1246TS052_4o__T1246TS286_4o	0.735	0.915	0.915	0.8	0.815	0.785
T1246TS052_4o__T1246TS286_5o	0.731	0.916	0.916	0.777	0.796	0.76
T1246TS052_4o__T1246TS419_5o	0.881	0.904	0.904	0.85	0.889	0.847
T1246TS052_5o__T1246TS022_1o	0.892	0.958	0.958	0.907	0.894	0.792
T1246TS163_2o__T1246TS022_4o	0.728	0.882	0.882	0.716	0.773	0.761
T1246TS163_2o__T1246TS286_1o	0.851	0.901	0.901	0.824	0.913	0.815
T1246TS163_2o__T1246TS456_4o	0.805	0.879	0.879	0.814	0.817	0.726
T1246TS163_3o__T1246TS456_1o	0.942	0.98	0.98	0.945	0.926	0.97
T1246TS163_3o__T1246TS456_3o	0.884	0.948	0.948	0.892	0.871	0.724
T1246TS163_4o__T1246TS022_3o	0.821	0.859	0.859	0.802	0.833	0.681
T1246TS163_4o__T1246TS052_4o	0.869	0.906	0.906	0.83	0.851	0.828
T1246TS163_4o__T1246TS163_2o	0.997	0.995	0.995	0.996	1.0	0.998
T1246TS163_4o__T1246TS221_5o	0.964	0.98	0.98	0.976	1.0	0.972
T1246TS163_4o__T1246TS456_3o	0.892	0.949	0.949	0.896	0.862	0.724
T1246TS163_5o__T1246TS286_4o	0.673	0.846	0.846	0.746	0.86	0.707
T1246TS163_5o__T1246TS286_5o	0.682	0.861	0.861	0.717	0.821	0.698
T1246TS163_5o__T1246TS456_1o	0.947	0.979	0.979	0.941	0.936	0.966
T1246TS163_5o__T1246TS456_2o	0.907	0.912	0.912	0.858	0.854	0.701
T1246TS221_1o__T1246TS419_5o	0.974	0.987	0.987	0.933	0.923	0.962
T1246TS221_1o__T1246TS456_3o	0.862	0.942	0.942	0.885	0.871	0.727
T1246TS221_2o__T1246TS221_4o	0.979	0.99	0.99	0.951	0.946	0.968
T1246TS221_2o__T1246TS286_1o	0.865	0.907	0.907	0.856	0.945	0.825
T1246TS221_2o__T1246TS286_5o	0.689	0.859	0.859	0.711	0.812	0.698
T1246TS221_3o__T1246TS456_4o	0.793	0.879	0.879	0.807	0.817	0.727
T1246TS221_4o__T1246TS022_1o	0.929	0.975	0.975	0.927	0.915	0.952
T1246TS221_4o__T1246TS286_2o	0.91	0.929	0.929	0.857	0.806	0.725
T1246TS221_4o__T1246TS456_2o	0.895	0.911	0.911	0.851	0.854	0.703
T1246TS221_5o__T1246TS163_5o	0.967	0.981	0.981	0.976	1.0	0.979
T1246TS221_5o__T1246TS419_3o	0.978	0.987	0.987	0.96	0.957	0.971
T1246TS286_1o__T1246TS022_3o	0.883	0.925	0.925	0.912	0.911	0.734
T1246TS286_1o__T1246TS022_5o	0.889	0.956	0.956	0.924	0.897	0.774
T1246TS286_1o__T1246TS052_4o	0.938	0.974	0.974	0.944	0.932	0.934
T1246TS286_1o__T1246TS286_4o	0.736	0.908	0.908	0.816	0.857	0.748
T1246TS286_1o__T1246TS419_3o	0.89	0.909	0.909	0.86	0.956	0.846
T1246TS286_3o__T1246TS022_4o	0.727	0.854	0.854	0.722	0.802	0.739
T1246TS286_3o__T1246TS163_4o	0.897	0.899	0.899	0.833	0.87	0.851
T1246TS286_3o__T1246TS163_5o	0.894	0.898	0.898	0.833	0.87	0.849
T1246TS286_3o__T1246TS221_3o	0.904	0.902	0.902	0.84	0.87	0.854
T1246TS286_3o__T1246TS286_1o	0.959	0.986	0.986	0.948	0.953	0.969
T1246TS286_3o__T1246TS456_5o	0.871	0.891	0.891	0.836	0.872	0.849
T1246TS286_4o__T1246TS022_5o	0.704	0.898	0.898	0.783	0.78	0.725
T1246TS286_4o__T1246TS052_3o	0.682	0.841	0.841	0.716	0.817	0.709
T1246TS286_4o__T1246TS163_5o	0.685	0.846	0.846	0.746	0.86	0.735
T1246TS286_4o__T1246TS221_4o	0.687	0.839	0.839	0.745	0.86	0.727
T1246TS286_4o__T1246TS286_5o	0.771	0.935	0.935	0.812	0.886	0.834
T1246TS286_5o__T1246TS052_4o	0.734	0.916	0.916	0.777	0.796	0.748
T1246TS286_5o__T1246TS286_4o	0.776	0.935	0.935	0.812	0.886	0.826
T1246TS286_5o__T1246TS419_5o	0.716	0.862	0.862	0.716	0.817	0.716
T1246TS286_5o__T1246TS456_4o	0.696	0.874	0.874	0.78	0.8	0.699
T1246TS419_1o__T1246TS052_5o	0.89	0.957	0.957	0.914	0.915	0.789
T1246TS419_2o__T1246TS022_1o	0.959	0.979	0.979	0.976	0.978	0.977
T1246TS419_2o__T1246TS052_2o	0.92	0.915	0.915	0.902	0.915	0.72
T1246TS419_2o__T1246TS419_3o	0.988	0.988	0.988	0.988	0.978	0.983
T1246TS419_3o__T1246TS286_4o	0.687	0.847	0.847	0.718	0.821	0.706
T1246TS419_4o__T1246TS163_2o	0.964	0.982	0.982	0.94	0.936	0.96
T1246TS419_4o__T1246TS221_1o	0.977	0.987	0.987	0.943	0.926	0.954
T1246TS419_4o__T1246TS221_5o	0.975	0.987	0.987	0.952	0.936	0.965
T1246TS419_4o__T1246TS286_2o	0.918	0.927	0.927	0.905	0.865	0.737
T1246TS419_4o__T1246TS456_1o	0.963	0.978	0.978	0.98	1.0	0.982
T1246TS419_5o__T1246TS022_3o	0.821	0.858	0.858	0.82	0.87	0.715
T1246TS419_5o__T1246TS456_5o	0.945	0.976	0.976	0.927	0.915	0.963
T1246TS456_1o__T1246TS022_3o	0.799	0.848	0.848	0.816	0.854	0.679
T1246TS456_1o__T1246TS221_3o	0.933	0.973	0.973	0.941	0.936	0.948
T1246TS456_1o__T1246TS286_4o	0.672	0.836	0.836	0.695	0.804	0.685
T1246TS456_1o__T1246TS419_2o	0.964	0.98	0.98	0.984	1.0	0.97
T1246TS456_1o__T1246TS419_5o	0.946	0.975	0.975	0.947	0.935	0.949
T1246TS456_2o__T1246TS022_2o	0.995	0.997	0.997	0.996	0.989	0.996
T1246TS456_2o__T1246TS022_3o	0.822	0.8	0.8	0.777	0.851	0.632
T1246TS456_2o__T1246TS221_5o	0.919	0.907	0.907	0.857	0.854	0.711
T1246TS456_2o__T1246TS286_1o	0.808	0.833	0.833	0.778	0.891	0.66
T1246TS456_2o__T1246TS419_3o	0.927	0.904	0.904	0.89	0.894	0.719
T1246TS456_3o__T1246TS456_1o	0.883	0.942	0.942	0.902	0.883	0.739
T1246TS456_4o__T1246TS052_3o	0.889	0.87	0.87	0.857	0.897	0.758
T1246TS456_4o__T1246TS052_5o	0.906	0.905	0.905	0.873	0.876	0.816
T1246TS456_4o__T1246TS163_1o	0.884	0.88	0.88	0.846	0.857	0.796
T1246TS456_4o__T1246TS221_2o	0.874	0.878	0.878	0.846	0.848	0.795
T1246TS456_4o__T1246TS286_2o	0.859	0.89	0.89	0.805	0.804	0.811
T1246TS456_4o__T1246TS419_5o	0.877	0.877	0.877	0.855	0.854	0.786
T1246TS456_4o__T1246TS456_5o	0.857	0.876	0.876	0.82	0.84	0.79
T1246TS456_5o__T1246TS419_5o	0.942	0.976	0.976	0.927	0.915	0.934
T1246TS456_5o__T1246TS456_4o	0.787	0.876	0.876	0.82	0.84	0.725
T1249v1TS014_1o__T1249v1TS014_4o	0.067	0.061	0.061	0.037	0.665	0.034
T1249v1TS014_2o__T1249v1TS262_4o	0.137	0.151	0.151	0.147	0.346	0.092
T1249v1TS014_2o__T1249v1TS380_4o	0.461	0.495	0.495	0.349	0.586	0.356
T1249v1TS014_4o__T1249v1TS331_5o	0.515	0.442	0.442	0.381	0.62	0.23
T1249v1TS014_4o__T1249v1TS465_2o	0.013	0.005	0.005	0.0	0.153	0.005
T1249v1TS015_2o__T1249v1TS059_5o	0.383	0.488	0.488	0.367	0.497	0.324
T1249v1TS015_2o__T1249v1TS475_3o	0.05	0.051	0.051	0.033	0.333	0.022
T1249v1TS015_3o__T1249v1TS219_3o	0.051	0.111	0.111	0.089	0.631	0.047
T1249v1TS015_5o__T1249v1TS139_4o	0.01	0.002	0.002	0.0	0.144	0.013
T1249v1TS022_3o__T1249v1TS322_3o	0.575	0.603	0.603	0.542	0.642	0.361
T1249v1TS022_4o__T1249v1TS284_4o	0.075	0.047	0.047	0.021	0.276	0.02
T1249v1TS023_3o__T1249v1TS051_1o	0.014	0.001	0.001	0.0	0.015	0.005
T1249v1TS023_3o__T1249v1TS319_2o	0.014	0.001	0.001	0.0	0.015	0.005
T1249v1TS031_2o__T1249v1TS369_3o	0.057	0.04	0.04	0.014	0.193	0.029
T1249v1TS051_5o__T1249v1TS110_2o	0.084	0.076	0.076	0.021	0.32	0.017
T1249v1TS052_1o__T1249v1TS164_1o	0.069	0.069	0.069	0.034	0.424	0.028
T1249v1TS052_2o__T1249v1TS241_2o	0.411	0.461	0.461	0.381	0.564	0.218
T1249v1TS059_4o__T1249v1TS456_3o	0.055	0.042	0.042	0.017	0.386	0.023
T1249v1TS059_5o__T1249v1TS293_2o	0.069	0.052	0.052	0.029	0.594	0.033
T1249v1TS059_6o__T1249v1TS375_1o	0.519	0.472	0.472	0.418	0.614	0.208
T1249v1TS075_1o__T1249v1TS198_2o	0.049	0.044	0.044	0.025	0.173	0.025
T1249v1TS075_2o__T1249v1TS331_2o	0.07	0.044	0.044	0.017	0.296	0.017
T1249v1TS075_4o__T1249v1TS489_2o	0.001	0.0	0.0	0.0	0.107	0.005
T1249v1TS079_2o__T1249v1TS465_3o	0.028	0.017	0.017	0.0	0.158	0.005
T1249v1TS079_5o__T1249v1TS375_1o	0.609	0.426	0.426	0.473	0.644	0.252
T1249v1TS085_3o__T1249v1TS287_3o	0.019	0.018	0.018	0.009	0.084	0.011
T1249v1TS085_3o__T1249v1TS380_5o	0.01	0.003	0.003	0.0	0.156	0.009
T1249v1TS114_1o__T1249v1TS314_2o	0.011	0.004	0.004	0.001	0.19	0.008
T1249v1TS117_3o__T1249v1TS204_2o	0.046	0.03	0.03	0.023	0.17	0.02
T1249v1TS147_3o__T1249v1TS122_3o	0.576	0.574	0.574	0.516	0.613	0.439
T1249v1TS148_1o__T1249v1TS462_6o	0.272	0.193	0.193	0.154	0.281	0.101
T1249v1TS148_3o__T1249v1TS196_3o	0.003	0.0	0.0	0.0	0.063	0.005
T1249v1TS148_4o__T1249v1TS304_1o	0.084	0.034	0.034	0.019	0.279	0.024
T1249v1TS164_3o__T1249v1TS262_2o	0.068	0.052	0.052	0.012	0.424	0.02
T1249v1TS167_3o__T1249v1TS489_2o	0.007	0.005	0.005	0.0	0.158	0.008
T1249v1TS196_1o__T1249v1TS319_3o	0.06	0.045	0.045	0.032	0.171	0.042
T1249v1TS196_4o__T1249v1TS319_1o	0.013	0.006	0.006	0.0	0.083	0.008
T1249v1TS198_2o__T1249v1TS091_4o	0.676	0.764	0.764	0.592	0.645	0.5
T1249v1TS198_4o__T1249v1TS293_4o	0.063	0.148	0.148	0.13	0.541	0.071
T1249v1TS198_5o__T1249v1TS022_3o	0.057	0.123	0.123	0.088	0.653	0.054
T1249v1TS198_5o__T1249v1TS075_1o	0.084	0.072	0.072	0.037	0.216	0.021
T1249v1TS204_3o__T1249v1TS311_2o	0.122	0.12	0.12	0.133	0.249	0.055
T1249v1TS219_3o__T1249v1TS122_1o	0.061	0.055	0.055	0.033	0.305	0.022
T1249v1TS221_3o__T1249v1TS163_3o	0.246	0.248	0.248	0.149	0.407	0.121
T1249v1TS221_5o__T1249v1TS425_3o	0.069	0.029	0.029	0.006	0.518	0.019
T1249v1TS261_1o__T1249v1TS369_2o	0.286	0.333	0.333	0.21	0.46	0.168
T1249v1TS261_2o__T1249v1TS419_5o	0.151	0.148	0.148	0.061	0.377	0.103
T1249v1TS261_4o__T1249v1TS059_5o	0.07	0.067	0.067	0.036	0.451	0.03
T1249v1TS261_5o__T1249v1TS462_6o	0.4	0.476	0.476	0.316	0.477	0.273
T1249v1TS262_2o__T1249v1TS293_2o	0.296	0.196	0.196	0.213	0.428	0.162
T1249v1TS267_3o__T1249v1TS261_4o	0.362	0.393	0.393	0.243	0.507	0.27
T1249v1TS267_5o__T1249v1TS187_1o	0.495	0.585	0.585	0.452	0.611	0.246
T1249v1TS272_1o__T1249v1TS219_4o	0.082	0.085	0.085	0.044	0.36	0.032
T1249v1TS274_1o__T1249v1TS114_1o	0.044	0.004	0.004	0.0	0.207	0.009
T1249v1TS274_2o__T1249v1TS462_2o	0.218	0.288	0.288	0.204	0.354	0.083
T1249v1TS274_4o__T1249v1TS148_2o	0.068	0.075	0.075	0.03	0.368	0.018
T1249v1TS286_2o__T1249v1TS145_3o	0.056	0.038	0.038	0.03	0.4	0.025
T1249v1TS286_2o__T1249v1TS219_4o	0.18	0.197	0.197	0.121	0.404	0.104
T1249v1TS287_5o__T1249v1TS489_4o	0.021	0.008	0.008	0.0	0.212	0.014
T1249v1TS290_1o__T1249v1TS465_4o	0.106	0.066	0.066	0.107	0.17	0.054
T1249v1TS293_2o__T1249v1TS319_4o	0.067	0.052	0.052	0.034	0.695	0.033
T1249v1TS300_3o__T1249v1TS196_4o	0.028	0.052	0.052	0.031	0.169	0.016
T1249v1TS300_5o__T1249v1TS145_3o	0.018	0.014	0.014	0.003	0.174	0.007
T1249v1TS300_5o__T1249v1TS419_3o	0.017	0.013	0.013	0.001	0.276	0.007
T1249v1TS301_2o__T1249v1TS023_5o	0.0	0.0	0.0	0.0	0.006	0.006
T1249v1TS301_3o__T1249v1TS425_4o	0.097	0.121	0.121	0.094	0.613	0.058
T1249v1TS304_4o__T1249v1TS475_2o	0.094	0.128	0.128	0.069	0.316	0.035
T1249v1TS311_1o__T1249v1TS163_3o	0.494	0.596	0.596	0.433	0.605	0.404
T1249v1TS311_4o__T1249v1TS110_4o	0.049	0.036	0.036	0.016	0.201	0.015
T1249v1TS312_1o__T1249v1TS462_4o	0.12	0.144	0.144	0.062	0.526	0.029
T1249v1TS319_2o__T1249v1TS284_5o	0.114	0.12	0.12	0.033	0.397	0.024
T1249v1TS319_2o__T1249v1TS304_5o	0.247	0.289	0.289	0.163	0.516	0.09
T1249v1TS319_3o__T1249v1TS164_1o	0.055	0.054	0.054	0.028	0.451	0.024
T1249v1TS322_3o__T1249v1TS393_3o	0.46	0.428	0.428	0.391	0.583	0.292
T1249v1TS331_2o__T1249v1TS311_5o	0.332	0.347	0.347	0.344	0.455	0.196
T1249v1TS337_2o__T1249v1TS319_4o	0.023	0.016	0.016	0.011	0.281	0.013
T1249v1TS337_3o__T1249v1TS489_5o	0.008	0.005	0.005	0.002	0.289	0.01
T1249v1TS337_4o__T1249v1TS300_1o	0.051	0.023	0.023	0.014	0.562	0.021
T1249v1TS375_2o__T1249v1TS462_5o	0.058	0.047	0.047	0.028	0.291	0.017
T1249v1TS375_4o__T1249v1TS015_6o	0.052	0.052	0.052	0.025	0.239	0.019
T1249v1TS380_4o__T1249v1TS204_1o	0.08	0.064	0.064	0.028	0.325	0.028
T1249v1TS380_4o__T1249v1TS314_3o	0.063	0.072	0.072	0.05	0.399	0.031
T1249v1TS380_4o__T1249v1TS331_2o	0.064	0.047	0.047	0.02	0.379	0.026
T1249v1TS393_4o__T1249v1TS196_3o	0.012	0.005	0.005	0.0	0.078	0.005
T1249v1TS393_6o__T1249v1TS028_5o	0.112	0.126	0.126	0.091	0.236	0.034
T1249v1TS393_6o__T1249v1TS167_3o	0.464	0.386	0.386	0.337	0.594	0.215
T1249v1TS419_4o__T1249v1TS264_4o	0.028	0.003	0.003	0.0	0.374	0.018
T1249v1TS450_5o__T1249v1TS319_5o	0.116	0.08	0.08	0.021	0.372	0.033
T1249v1TS456_3o__T1249v1TS051_3o	0.521	0.457	0.457	0.426	0.499	0.278
T1249v1TS456_5o__T1249v1TS091_3o	0.068	0.054	0.061	0.03	0.532	0.03
T1249v1TS462_5o__T1249v1TS380_4o	0.157	0.081	0.081	0.12	0.225	0.06
T1249v1TS462_6o__T1249v1TS059_4o	0.46	0.555	0.555	0.507	0.628	0.347
T1249v1TS475_1o__T1249v1TS369_3o	0.224	0.189	0.189	0.164	0.235	0.089
T1249v1TS475_1o__T1249v1TS393_4o	0.079	0.047	0.047	0.018	0.265	0.019
T1249v1TS475_1o__T1249v1TS423_1o	0.114	0.07	0.07	0.067	0.184	0.047
T1249v1TS475_2o__T1249v1TS219_4o	0.178	0.115	0.115	0.139	0.293	0.066
T1249v1TS475_2o__T1249v1TS261_1o	0.194	0.158	0.158	0.148	0.333	0.077
T1249v1TS475_4o__T1249v1TS264_2o	0.119	0.148	0.148	0.086	0.522	0.044
T1249v1TS489_3o__T1249v1TS290_2o	0.009	0.004	0.004	0.0	0.144	0.018
T1249v2TS008_3o__T1249v2TS331_1o	0.192	0.136	0.136	0.1	0.304	0.06
T1249v2TS008_5o__T1249v2TS145_4o	0.061	0.061	0.061	0.044	0.424	0.033
T1249v2TS014_2o__T1249v2TS167_1o	0.065	0.029	0.029	0.023	0.179	0.025
T1249v2TS014_4o__T1249v2TS091_3o	0.015	0.008	0.008	0.0	0.122	0.023
T1249v2TS014_6o__T1249v2TS167_1o	0.011	0.004	0.004	0.0	0.077	0.017
T1249v2TS015_4o__T1249v2TS294_2o	0.14	0.143	0.143	0.097	0.408	0.042
T1249v2TS022_1o__T1249v2TS015_4o	0.215	0.327	0.327	0.246	0.461	0.145
T1249v2TS022_5o__T1249v2TS051_5o	0.637	0.538	0.616	0.513	0.67	0.475
T1249v2TS040_5o__T1249v2TS369_5o	0.025	0.025	0.025	0.008	0.112	0.02
T1249v2TS051_2o__T1249v2TS014_4o	0.007	0.006	0.006	0.0	0.105	0.008
T1249v2TS059_6o__T1249v2TS261_2o	0.086	0.09	0.09	0.053	0.507	0.04
T1249v2TS075_2o__T1249v2TS300_1o	0.039	0.006	0.006	0.0	0.265	0.01
T1249v2TS075_2o__T1249v2TS456_3o	0.168	0.215	0.215	0.157	0.435	0.085
T1249v2TS079_2o__T1249v2TS198_1o	0.287	0.37	0.37	0.274	0.504	0.152
T1249v2TS085_3o__T1249v2TS023_5o	0.0	0.0	0.0	0.0	0.051	0.006
T1249v2TS085_3o__T1249v2TS284_1o	0.061	0.036	0.036	0.038	0.165	0.02
T1249v2TS110_3o__T1249v2TS208_2o	0.358	0.274	0.274	0.287	0.49	0.139
T1249v2TS110_5o__T1249v2TS015_4o	0.215	0.217	0.217	0.197	0.406	0.12
T1249v2TS110_5o__T1249v2TS079_5o	0.078	0.105	0.105	0.049	0.588	0.037
T1249v2TS117_1o__T1249v2TS059_6o	0.071	0.064	0.064	0.051	0.601	0.035
T1249v2TS122_3o__T1249v2TS145_4o	0.089	0.154	0.154	0.064	0.508	0.034
T1249v2TS148_1o__T1249v2TS425_2o	0.431	0.374	0.374	0.31	0.621	0.183
T1249v2TS163_3o__T1249v2TS079_2o	0.354	0.474	0.474	0.345	0.64	0.231
T1249v2TS163_3o__T1249v2TS380_4o	0.555	0.762	0.762	0.565	0.622	0.432
T1249v2TS164_3o__T1249v2TS014_5o	0.005	0.001	0.001	0.0	0.11	0.009
T1249v2TS164_4o__T1249v2TS122_2o	0.059	0.024	0.024	0.009	0.289	0.017
T1249v2TS164_5o__T1249v2TS198_1o	0.212	0.171	0.171	0.075	0.201	0.089
T1249v2TS167_1o__T1249v2TS423_4o	0.257	0.25	0.25	0.25	0.496	0.146
T1249v2TS167_5o__T1249v2TS040_4o	0.058	0.031	0.031	0.018	0.206	0.027
T1249v2TS196_3o__T1249v2TS393_2o	0.046	0.044	0.044	0.033	0.233	0.021
T1249v2TS204_2o__T1249v2TS167_4o	0.171	0.272	0.272	0.293	0.379	0.093
T1249v2TS208_1o__T1249v2TS375_4o	0.38	0.288	0.288	0.246	0.452	0.175
T1249v2TS208_4o__T1249v2TS204_2o	0.338	0.331	0.331	0.23	0.463	0.134
T1249v2TS219_2o__T1249v2TS274_2o	0.316	0.256	0.256	0.23	0.485	0.161
T1249v2TS221_4o__T1249v2TS008_1o	0.063	0.047	0.047	0.013	0.498	0.019
T1249v2TS241_1o__T1249v2TS290_5o	0.591	0.598	0.598	0.544	0.764	0.265
T1249v2TS241_4o__T1249v2TS148_1o	0.313	0.372	0.372	0.314	0.621	0.175
T1249v2TS262_2o__T1249v2TS286_3o	0.326	0.297	0.297	0.205	0.453	0.222
T1249v2TS262_2o__T1249v2TS337_1o	0.024	0.004	0.004	0.0	0.212	0.007
T1249v2TS267_2o__T1249v2TS423_5o	0.07	0.165	0.165	0.118	0.681	0.062
T1249v2TS284_1o__T1249v2TS456_3o	0.152	0.183	0.183	0.116	0.355	0.074
T1249v2TS287_2o__T1249v2TS022_1o	0.361	0.316	0.316	0.306	0.511	0.251
T1249v2TS287_2o__T1249v2TS145_1o	0.063	0.056	0.056	0.042	0.456	0.034
T1249v2TS287_5o__T1249v2TS262_2o	0.056	0.036	0.036	0.004	0.424	0.018
T1249v2TS293_1o__T1249v2TS022_4o	0.098	0.181	0.181	0.136	0.746	0.064
T1249v2TS293_1o__T1249v2TS380_2o	0.066	0.158	0.158	0.094	0.527	0.043
T1249v2TS293_4o__T1249v2TS022_1o	0.081	0.087	0.087	0.043	0.557	0.033
T1249v2TS293_5o__T1249v2TS139_1o	0.006	0.001	0.001	0.0	0.108	0.01
T1249v2TS304_1o__T1249v2TS322_2o	0.077	0.091	0.091	0.045	0.521	0.034
T1249v2TS304_2o__T1249v2TS301_2o	0.302	0.384	0.384	0.315	0.55	0.256
T1249v2TS304_4o__T1249v2TS494_5o	0.085	0.055	0.055	0.041	0.555	0.03
T1249v2TS311_3o__T1249v2TS040_5o	0.032	0.052	0.052	0.033	0.374	0.028
T1249v2TS311_4o__T1249v2TS040_2o	0.174	0.161	0.161	0.137	0.276	0.1
T1249v2TS312_5o__T1249v2TS052_3o	0.368	0.364	0.364	0.312	0.551	0.329
T1249v2TS314_3o__T1249v2TS397_1o	0.158	0.183	0.183	0.163	0.507	0.082
T1249v2TS314_4o__T1249v2TS300_2o	0.048	0.015	0.015	0.002	0.245	0.012
T1249v2TS319_4o__T1249v2TS475_5o	0.215	0.207	0.207	0.185	0.54	0.142
T1249v2TS322_3o__T1249v2TS331_2o	0.546	0.601	0.601	0.506	0.626	0.401
T1249v2TS322_4o__T1249v2TS494_5o	0.07	0.046	0.046	0.032	0.339	0.025
T1249v2TS323_1o__T1249v2TS075_1o	0.277	0.296	0.296	0.176	0.386	0.133
T1249v2TS323_1o__T1249v2TS301_2o	0.094	0.079	0.079	0.044	0.62	0.038
T1249v2TS331_1o__T1249v2TS117_2o	0.067	0.092	0.092	0.034	0.544	0.031
T1249v2TS331_4o__T1249v2TS286_1o	0.066	0.026	0.026	0.017	0.48	0.025
T1249v2TS331_4o__T1249v2TS337_5o	0.062	0.022	0.022	0.016	0.237	0.025
T1249v2TS331_5o__T1249v2TS023_5o	0.0	0.0	0.0	0.0	0.027	0.005
T1249v2TS337_1o__T1249v2TS465_2o	0.01	0.01	0.01	0.0	0.07	0.008
T1249v2TS337_5o__T1249v2TS075_2o	0.022	0.016	0.016	0.008	0.286	0.014
T1249v2TS337_5o__T1249v2TS219_1o	0.017	0.006	0.006	0.001	0.252	0.011
T1249v2TS345_5o__T1249v2TS051_3o	0.359	0.352	0.352	0.289	0.533	0.267
T1249v2TS345_6o__T1249v2TS462_3o	0.017	0.009	0.009	0.0	0.126	0.004
T1249v2TS375_1o__T1249v2TS489_2o	0.061	0.06	0.06	0.028	0.279	0.015
T1249v2TS375_5o__T1249v2TS465_5o	0.094	0.071	0.071	0.072	0.243	0.049
T1249v2TS380_4o__T1249v2TS345_5o	0.098	0.117	0.117	0.079	0.526	0.058
T1249v2TS393_5o__T1249v2TS331_4o	0.246	0.299	0.299	0.211	0.426	0.188
T1249v2TS397_1o__T1249v2TS290_1o	0.451	0.369	0.369	0.359	0.592	0.184
T1249v2TS397_1o__T1249v2TS301_2o	0.065	0.068	0.068	0.031	0.52	0.028
T1249v2TS419_1o__T1249v2TS187_1o	0.229	0.236	0.236	0.13	0.436	0.112
T1249v2TS419_2o__T1249v2TS261_4o	0.177	0.153	0.153	0.074	0.433	0.104
T1249v2TS419_3o__T1249v2TS380_2o	0.047	0.025	0.025	0.006	0.427	0.018
T1249v2TS419_5o__T1249v2TS167_4o	0.263	0.364	0.364	0.286	0.393	0.198
T1249v2TS423_1o__T1249v2TS148_1o	0.699	0.535	0.535	0.517	0.702	0.32
T1249v2TS425_2o__T1249v2TS241_5o	0.277	0.327	0.327	0.243	0.539	0.177
T1249v2TS425_2o__T1249v2TS475_3o	0.38	0.411	0.411	0.37	0.63	0.237
T1249v2TS456_4o__T1249v2TS284_1o	0.083	0.061	0.061	0.012	0.588	0.021
T1249v2TS456_4o__T1249v2TS465_3o	0.375	0.286	0.286	0.213	0.496	0.102
T1249v2TS456_5o__T1249v2TS014_2o	0.06	0.037	0.039	0.039	0.184	0.025
T1249v2TS456_5o__T1249v2TS052_3o	0.345	0.415	0.47	0.388	0.595	0.37
T1249v2TS456_5o__T1249v2TS331_5o	0.398	0.333	0.407	0.3	0.517	0.312
T1249v2TS462_1o__T1249v2TS369_5o	0.045	0.081	0.081	0.034	0.157	0.049
T1249v2TS462_4o__T1249v2TS167_1o	0.57	0.47	0.47	0.502	0.538	0.33
T1249v2TS465_1o__T1249v2TS147_4o	0.057	0.036	0.036	0.009	0.183	0.009
T1249v2TS475_1o__T1249v2TS198_1o	0.074	0.081	0.081	0.017	0.391	0.022
T1249v2TS475_2o__T1249v2TS091_3o	0.319	0.338	0.338	0.236	0.489	0.095
T1249v2TS489_3o__T1249v2TS301_1o	0.044	0.029	0.029	0.0	0.23	0.011
T1249v2TS494_4o__T1249v2TS091_1o	0.048	0.12	0.12	0.09	0.385	0.056
T1257TS015_1o__T1257TS388_4o	0.144	0.133	0.133	0.049	0.876	0.055
T1257TS022_1o__T1257TS148_1o	0.654	0.59	0.59	0.637	0.949	0.217
T1257TS023_4o__T1257TS465_4o	0.339	0.415	0.416	0.502	0.735	0.154
T1257TS028_1o__T1257TS208_1o	0.151	0.164	0.164	0.083	0.928	0.029
T1257TS028_3o__T1257TS198_5o	0.358	0.351	0.351	0.396	0.855	0.129
T1257TS028_3o__T1257TS221_5o	0.855	0.832	0.832	0.87	0.959	0.424
T1257TS051_4o__T1257TS091_2o	0.826	0.841	0.841	0.842	0.921	0.279
T1257TS051_5o__T1257TS388_3o	0.177	0.155	0.155	0.102	0.855	0.033
T1257TS052_1o__T1257TS110_3o	0.135	0.124	0.124	0.053	0.972	0.056
T1257TS052_2o__T1257TS079_3o	0.016	0.056	0.057	0.028	0.388	0.01
T1257TS052_2o__T1257TS147_3o	0.884	0.834	0.848	0.874	0.945	0.563
T1257TS052_3o__T1257TS267_2o	0.133	0.135	0.137	0.062	0.904	0.021
T1257TS059_3o__T1257TS022_4o	0.469	0.497	0.556	0.562	0.808	0.273
T1257TS059_3o__T1257TS393_3o	0.53	0.496	0.496	0.51	0.864	0.182
T1257TS059_4o__T1257TS167_5o	0.721	0.734	0.734	0.732	0.854	0.272
T1257TS075_1o__T1257TS028_2o	0.394	0.335	0.335	0.378	0.936	0.125
T1257TS075_3o__T1257TS052_2o	0.241	0.198	0.201	0.162	0.924	0.054
T1257TS075_4o__T1257TS187_1o	0.0	0.237	0.237	0.216	0.896	0.076
T1257TS079_4o__T1257TS171_1o	0.056	0.036	0.036	0.026	0.388	0.008
T1257TS079_4o__T1257TS241_2o	0.068	0.034	0.034	0.022	0.379	0.012
T1257TS079_5o__T1257TS028_2o	0.056	0.036	0.036	0.026	0.386	0.008
T1257TS091_3o__T1257TS264_3o	0.792	0.822	0.822	0.814	0.91	0.284
T1257TS091_4o__T1257TS331_4o	0.142	0.163	0.163	0.092	0.917	0.032
T1257TS091_5o__T1257TS345_3o	0.844	0.917	0.917	0.891	0.93	0.298
T1257TS110_2o__T1257TS450_5o	0.811	0.784	0.784	0.798	0.93	0.283
T1257TS122_1o__T1257TS147_5o	0.75	0.703	0.703	0.762	0.937	0.249
T1257TS122_3o__T1257TS145_1o	0.608	0.557	0.557	0.611	0.886	0.197
T1257TS139_3o__T1257TS294_3o	0.145	0.129	0.129	0.048	0.873	0.056
T1257TS145_2o__T1257TS311_3o	0.367	0.257	0.257	0.334	0.813	0.127
T1257TS145_3o__T1257TS272_5o	0.345	0.266	0.266	0.308	0.832	0.115
T1257TS147_1o__T1257TS322_2o	0.769	0.699	0.699	0.782	0.952	0.294
T1257TS147_3o__T1257TS272_1o	0.821	0.791	0.791	0.811	0.939	0.285
T1257TS163_2o__T1257TS419_1o	0.876	0.804	0.804	0.846	0.941	0.343
T1257TS164_1o__T1257TS052_1o	0.953	0.944	0.944	0.93	0.963	0.454
T1257TS164_2o__T1257TS040_1o	0.022	0.019	0.05	0.013	0.242	0.033
T1257TS164_3o__T1257TS293_4o	0.008	0.036	0.036	0.024	0.381	0.008
T1257TS167_3o__T1257TS091_3o	0.77	0.784	0.784	0.804	0.911	0.276
T1257TS167_3o__T1257TS286_5o	0.282	0.227	0.227	0.285	0.844	0.091
T1257TS167_3o__T1257TS369_5o	0.363	0.309	0.309	0.34	0.906	0.12
T1257TS191_1o__T1257TS450_2o	0.153	0.143	0.143	0.092	0.919	0.032
T1257TS196_1o__T1257TS022_1o	0.24	0.2	0.2	0.161	0.847	0.048
T1257TS208_1o__T1257TS122_2o	0.582	0.531	0.531	0.562	0.92	0.189
T1257TS208_2o__T1257TS091_2o	0.433	0.369	0.369	0.413	0.9	0.18
T1257TS221_1o__T1257TS425_2o	0.881	0.844	0.844	0.879	0.954	0.348
T1257TS221_4o__T1257TS262_1o	0.137	0.133	0.133	0.062	0.96	0.053
T1257TS221_5o__T1257TS267_1o	0.133	0.137	0.137	0.064	0.933	0.022
T1257TS221_5o__T1257TS267_2o	0.13	0.133	0.133	0.059	0.895	0.021
T1257TS241_1o__T1257TS456_3o	0.753	0.751	0.766	0.796	0.917	0.257
T1257TS241_4o__T1257TS028_5o	0.804	0.845	0.845	0.834	0.928	0.271
T1257TS262_4o__T1257TS456_1o	0.146	0.155	0.155	0.077	0.957	0.064
T1257TS264_3o__T1257TS462_5o	0.401	0.339	0.339	0.379	0.916	0.123
T1257TS264_4o__T1257TS393_5o	0.87	0.865	0.865	0.871	0.902	0.318
T1257TS264_6o__T1257TS079_3o	0.009	0.033	0.033	0.022	0.387	0.01
T1257TS264_6o__T1257TS456_5o	0.515	0.518	0.636	0.584	0.752	0.171
T1257TS267_1o__T1257TS145_2o	0.323	0.244	0.244	0.319	0.829	0.106
T1257TS267_3o__T1257TS051_6o	0.546	0.447	0.447	0.547	0.794	0.185
T1257TS272_2o__T1257TS219_2o	0.756	0.73	0.73	0.774	0.923	0.248
T1257TS274_3o__T1257TS015_3o	0.143	0.159	0.159	0.081	0.947	0.058
T1257TS274_4o__T1257TS294_3o	0.137	0.128	0.128	0.058	0.969	0.037
T1257TS293_5o__T1257TS475_4o	0.115	0.056	0.056	0.029	0.388	0.015
T1257TS298_1o__T1257TS091_4o	0.232	0.205	0.205	0.165	0.904	0.059
T1257TS298_1o__T1257TS167_5o	0.219	0.206	0.206	0.17	0.906	0.063
T1257TS301_3o__T1257TS264_5o	0.239	0.207	0.207	0.198	0.869	0.097
T1257TS304_5o__T1257TS163_1o	0.195	0.188	0.188	0.153	0.935	0.051
T1257TS311_4o__T1257TS267_3o	0.739	0.804	0.804	0.794	0.884	0.259
T1257TS312_4o__T1257TS022_5o	0.338	0.185	0.272	0.255	0.73	0.065
T1257TS312_5o__T1257TS264_3o	0.846	0.864	0.864	0.867	0.92	0.328
T1257TS312_5o__T1257TS419_5o	0.382	0.304	0.304	0.359	0.927	0.118
T1257TS319_2o__T1257TS393_1o	0.605	0.516	0.516	0.578	0.942	0.195
T1257TS319_4o__T1257TS304_1o	0.64	0.588	0.588	0.624	0.931	0.21
T1257TS345_4o__T1257TS284_3o	0.727	0.728	0.728	0.766	0.936	0.259
T1257TS369_2o__T1257TS262_3o	0.254	0.269	0.269	0.251	0.919	0.08
T1257TS369_5o__T1257TS014_1o	0.171	0.157	0.157	0.118	0.869	0.04
T1257TS375_1o__T1257TS301_4o	0.141	0.159	0.159	0.084	0.926	0.034
T1257TS375_1o__T1257TS494_5o	0.141	0.158	0.159	0.085	0.948	0.029
T1257TS375_4o__T1257TS462_2o	0.511	0.447	0.447	0.479	0.923	0.152
T1257TS388_4o__T1257TS286_5o	0.12	0.103	0.103	0.047	0.84	0.019
T1257TS388_5o__T1257TS267_4o	0.733	0.816	0.816	0.785	0.874	0.273
T1257TS393_1o__T1257TS425_4o	0.609	0.514	0.514	0.576	0.94	0.191
T1257TS393_4o__T1257TS345_1o	0.379	0.257	0.257	0.28	0.877	0.076
T1257TS419_4o__T1257TS122_4o	0.136	0.136	0.136	0.068	0.907	0.025
T1257TS419_5o__T1257TS052_4o	0.711	0.789	0.96	0.864	0.82	0.449
T1257TS425_2o__T1257TS298_3o	0.548	0.634	0.634	0.624	0.924	0.244
T1257TS450_1o__T1257TS167_4o	0.436	0.336	0.336	0.397	0.902	0.141
T1257TS456_1o__T1257TS145_3o	0.536	0.428	0.428	0.502	0.858	0.16
T1257TS462_6o__T1257TS164_2o	0.126	0.126	0.126	0.059	0.947	0.022
T1257TS465_3o__T1257TS319_2o	0.443	0.277	0.277	0.294	0.724	0.112
T1257TS465_5o__T1257TS022_3o	0.565	0.379	0.379	0.414	0.735	0.164
T1257TS465_5o__T1257TS079_3o	0.013	0.038	0.038	0.022	0.328	0.01
T1257TS475_2o__T1257TS298_4o	0.418	0.361	0.361	0.387	0.927	0.131
T1257TS475_2o__T1257TS393_4o	0.294	0.241	0.241	0.256	0.878	0.115
T1257TS475_4o__T1257TS198_2o	0.583	0.629	0.629	0.661	0.843	0.213
T1257TS475_5o__T1257TS028_4o	0.336	0.286	0.286	0.298	0.913	0.096
T1257TS494_5o__T1257TS419_5o	0.144	0.16	0.16	0.082	0.959	0.059
T1259TS015_3o__T1259TS393_4o	0.17	0.188	0.188	0.103	0.87	0.08
T1259TS022_3o__T1259TS028_1o	0.179	0.19	0.19	0.086	0.88	0.071
T1259TS023_5o__T1259TS319_2o	0.877	0.897	0.897	0.891	0.926	0.71
T1259TS031_2o__T1259TS028_1o	0.852	0.855	0.855	0.828	0.859	0.659
T1259TS031_3o__T1259TS272_3o	0.719	0.774	0.774	0.709	0.784	0.397
T1259TS040_4o__T1259TS147_4o	0.017	0.001	0.001	0.0	0.116	0.008
T1259TS051_5o__T1259TS023_5o	0.174	0.219	0.219	0.116	0.896	0.085
T1259TS051_6o__T1259TS117_1o	0.205	0.216	0.216	0.092	0.82	0.083
T1259TS051_6o__T1259TS262_4o	0.714	0.657	0.657	0.713	0.817	0.431
T1259TS059_3o__T1259TS219_2o	0.701	0.657	0.657	0.711	0.847	0.412
T1259TS059_4o__T1259TS167_1o	0.147	0.142	0.142	0.042	0.682	0.056
T1259TS075_1o__T1259TS219_1o	0.189	0.213	0.213	0.104	0.867	0.077
T1259TS075_4o__T1259TS475_4o	1.0	1.0	1.0	1.0	1.0	1.0
T1259TS079_1o__T1259TS221_2o	0.175	0.209	0.209	0.084	0.895	0.078
T1259TS079_3o__T1259TS345_4o	0.871	0.862	0.862	0.884	0.844	0.541
T1259TS085_2o__T1259TS114_3o	0.197	0.216	0.216	0.101	0.846	0.075
T1259TS085_5o__T1259TS079_5o	0.735	0.817	0.817	0.831	0.853	0.463
T1259TS091_5o__T1259TS122_4o	0.182	0.19	0.19	0.093	0.834	0.075
T1259TS110_3o__T1259TS241_4o	0.19	0.207	0.207	0.089	0.822	0.074
T1259TS114_2o__T1259TS164_5o	0.199	0.225	0.225	0.107	0.855	0.08
T1259TS114_3o__T1259TS272_2o	0.735	0.753	0.753	0.787	0.791	0.448
T1259TS117_1o__T1259TS286_5o	0.082	0.111	0.111	0.051	0.525	0.047
T1259TS117_3o__T1259TS139_3o	0.629	0.765	0.765	0.68	0.812	0.502
T1259TS122_1o__T1259TS311_1o	0.757	0.689	0.689	0.769	0.822	0.44
T1259TS139_1o__T1259TS139_6o	0.182	0.209	0.209	0.104	0.849	0.084
T1259TS139_3o__T1259TS393_1o	0.156	0.185	0.185	0.105	0.869	0.081
T1259TS139_4o__T1259TS114_5o	0.697	0.777	0.777	0.733	0.812	0.536
T1259TS139_4o__T1259TS122_1o	0.177	0.193	0.193	0.091	0.824	0.072
T1259TS147_1o__T1259TS375_4o	0.189	0.197	0.197	0.089	0.799	0.075
T1259TS147_3o__T1259TS322_3o	0.165	0.213	0.213	0.093	0.836	0.083
T1259TS164_5o__T1259TS345_4o	0.189	0.22	0.22	0.092	0.884	0.071
T1259TS171_1o__T1259TS284_3o	0.777	0.759	0.759	0.825	0.832	0.422
T1259TS171_1o__T1259TS300_1o	0.569	0.451	0.451	0.401	0.777	0.326
T1259TS171_3o__T1259TS221_2o	0.17	0.194	0.194	0.082	0.818	0.077
T1259TS171_4o__T1259TS419_2o	0.174	0.202	0.202	0.093	0.818	0.079
T1259TS196_5o__T1259TS425_3o	0.792	0.832	0.832	0.755	0.872	0.625
T1259TS198_2o__T1259TS164_5o	0.199	0.224	0.224	0.111	0.861	0.087
T1259TS198_3o__T1259TS301_2o	0.174	0.194	0.194	0.092	0.893	0.078
T1259TS208_1o__T1259TS312_2o	0.793	0.853	0.853	0.839	0.878	0.576
T1259TS221_1o__T1259TS059_2o	0.743	0.696	0.696	0.747	0.775	0.477
T1259TS221_3o__T1259TS221_1o	0.871	0.863	0.863	0.841	0.793	0.639
T1259TS241_3o__T1259TS040_1o	0.066	0.062	0.062	0.022	0.326	0.03
T1259TS262_5o__T1259TS425_3o	0.582	0.701	0.701	0.641	0.796	0.374
T1259TS264_2o__T1259TS425_2o	0.178	0.2	0.2	0.064	0.823	0.063
T1259TS264_4o__T1259TS145_3o	0.805	0.864	0.864	0.838	0.868	0.451
T1259TS264_6o__T1259TS375_1o	0.855	0.812	0.812	0.834	0.891	0.601
T1259TS264_6o__T1259TS489_1o	0.844	0.856	0.856	0.832	0.878	0.579
T1259TS267_1o__T1259TS163_4o	0.2	0.232	0.232	0.108	0.86	0.077
T1259TS267_4o__T1259TS345_1o	0.179	0.2	0.2	0.093	0.817	0.078
T1259TS272_1o__T1259TS148_1o	0.171	0.179	0.179	0.084	0.906	0.077
T1259TS272_1o__T1259TS301_2o	0.174	0.171	0.171	0.078	0.897	0.073
T1259TS286_1o__T1259TS272_2o	0.722	0.706	0.706	0.759	0.782	0.432
T1259TS286_1o__T1259TS337_3o	0.755	0.782	0.782	0.816	0.844	0.581
T1259TS287_1o__T1259TS489_5o	0.206	0.231	0.231	0.101	0.901	0.081
T1259TS287_5o__T1259TS031_2o	0.172	0.214	0.214	0.105	0.837	0.081
T1259TS290_1o__T1259TS022_2o	0.843	0.841	0.841	0.88	0.857	0.579
T1259TS290_1o__T1259TS312_1o	0.186	0.197	0.197	0.084	0.818	0.072
T1259TS298_1o__T1259TS147_1o	0.88	0.923	0.923	0.896	0.876	0.798
T1259TS298_2o__T1259TS345_6o	0.175	0.221	0.221	0.12	0.894	0.084
T1259TS298_3o__T1259TS274_3o	0.177	0.205	0.205	0.095	0.893	0.082
T1259TS298_4o__T1259TS267_1o	0.857	0.877	0.877	0.851	0.874	0.495
T1259TS300_3o__T1259TS345_5o	0.177	0.205	0.205	0.09	0.833	0.075
T1259TS300_4o__T1259TS022_3o	0.191	0.205	0.205	0.105	0.842	0.079
T1259TS300_5o__T1259TS241_1o	0.18	0.207	0.207	0.099	0.874	0.078
T1259TS301_1o__T1259TS462_4o	0.199	0.215	0.215	0.103	0.844	0.078
T1259TS301_2o__T1259TS300_3o	0.199	0.222	0.222	0.119	0.79	0.081
T1259TS301_3o__T1259TS425_3o	0.183	0.203	0.203	0.103	0.807	0.077
T1259TS301_4o__T1259TS122_1o	0.907	0.937	0.937	0.914	0.906	0.813
T1259TS311_3o__T1259TS468_3o	0.824	0.811	0.811	0.788	0.85	0.538
T1259TS311_5o__T1259TS040_3o	0.017	0.011	0.011	0.0	0.28	0.015
T1259TS312_3o__T1259TS148_4o	0.809	0.816	0.816	0.807	0.853	0.414
T1259TS312_4o__T1259TS204_4o	0.901	0.885	0.885	0.901	0.948	0.649
T1259TS331_1o__T1259TS139_6o	0.839	0.897	0.897	0.829	0.905	0.723
T1259TS337_1o__T1259TS425_2o	0.707	0.756	0.756	0.729	0.844	0.5
T1259TS337_3o__T1259TS028_4o	0.786	0.83	0.83	0.822	0.825	0.571
T1259TS345_1o__T1259TS023_3o	0.778	0.761	0.761	0.797	0.822	0.409
T1259TS369_1o__T1259TS191_1o	0.536	0.451	0.451	0.396	0.828	0.356
T1259TS375_2o__T1259TS196_2o	0.19	0.204	0.204	0.094	0.818	0.072
T1259TS375_4o__T1259TS494_5o	0.739	0.758	0.758	0.748	0.816	0.407
T1259TS380_1o__T1259TS494_3o	0.18	0.201	0.201	0.076	0.863	0.077
T1259TS380_3o__T1259TS468_4o	0.957	0.98	0.98	0.947	0.968	0.94
T1259TS380_4o__T1259TS022_1o	0.176	0.214	0.214	0.098	0.853	0.082
T1259TS388_4o__T1259TS312_2o	0.171	0.191	0.191	0.091	0.856	0.076
T1259TS419_1o__T1259TS051_1o	0.175	0.205	0.205	0.097	0.84	0.085
T1259TS419_5o__T1259TS272_2o	0.167	0.181	0.181	0.078	0.801	0.073
T1259TS419_5o__T1259TS465_3o	0.775	0.77	0.77	0.757	0.877	0.429
T1259TS425_4o__T1259TS468_1o	0.728	0.712	0.712	0.717	0.847	0.516
T1259TS456_2o__T1259TS117_3o	0.196	0.181	0.181	0.07	0.843	0.08
T1259TS456_5o__T1259TS147_5o	0.836	0.912	0.912	0.838	0.867	0.718
T1259TS462_3o__T1259TS425_5o	0.753	0.679	0.679	0.738	0.77	0.448
T1259TS465_5o__T1259TS163_3o	0.351	0.417	0.417	0.46	0.836	0.196
T1259TS468_3o__T1259TS450_3o	0.129	0.138	0.138	0.033	0.649	0.049
T1259TS468_5o__T1259TS110_2o	0.172	0.196	0.196	0.07	0.848	0.072
T1259TS468_5o__T1259TS462_4o	0.187	0.208	0.208	0.085	0.845	0.078
T1259TS475_2o__T1259TS286_2o	0.188	0.213	0.213	0.104	0.778	0.076
T1259TS475_3o__T1259TS204_2o	0.789	0.825	0.825	0.828	0.848	0.57
T1259TS475_5o__T1259TS014_4o	0.737	0.629	0.629	0.688	0.856	0.419
T1259TS489_1o__T1259TS163_2o	0.852	0.892	0.892	0.844	0.88	0.585
T1259TS494_3o__T1259TS147_5o	0.18	0.22	0.22	0.126	0.948	0.094
T1259TS494_3o__T1259TS331_3o	0.18	0.205	0.205	0.099	0.883	0.082
T1269v1TS014_6o__T1269v1TS456_4o	0.0	0.0	0.0	0.0	0.261	0.112
T1269v1TS031_1o__T1269v1TS052_4o	0.348	0.093	0.887	0.165	0.13	0.293
T1269v1TS031_2o__T1269v1TS052_2o	0.326	0.087	0.755	0.156	0.122	0.233
T1269v1TS031_5o__T1269v1TS059_2o	0.705	0.841	0.841	0.768	0.753	0.268
T1269v1TS051_5o__T1269v1TS425_5o	1.0	1.0	1.0	1.0	1.0	1.0
T1269v1TS052_3o__T1269v1TS031_5o	0.763	0.911	0.911	0.774	0.73	0.278
T1269v1TS052_3o__T1269v1TS345_4o	0.769	0.899	0.899	0.826	0.761	0.349
T1269v1TS052_5o__T1269v1TS465_3o	0.705	0.849	0.849	0.748	0.75	0.566
T1269v1TS059_2o__T1269v1TS059_5o	0.862	0.956	0.956	0.907	0.897	0.538
T1269v1TS059_3o__T1269v1TS331_4o	0.705	0.719	0.719	0.706	0.67	0.314
T1269v1TS139_5o__T1269v1TS286_3o	0.0	0.0	0.0	0.0	0.032	0.003
T1269v1TS163_5o__T1269v1TS167_4o	0.174	0.215	0.215	0.139	0.162	0.054
T1269v1TS164_1o__T1269v1TS052_5o	0.637	0.723	0.781	0.802	0.648	0.366
T1269v1TS164_1o__T1269v1TS465_2o	0.517	0.632	0.632	0.609	0.613	0.267
T1269v1TS164_3o__T1269v1TS304_1o	0.907	0.92	0.92	0.838	0.773	0.587
T1269v1TS164_3o__T1269v1TS465_3o	0.62	0.73	0.73	0.667	0.632	0.219
T1269v1TS164_4o__T1269v1TS425_4o	0.747	0.84	0.84	0.813	0.755	0.304
T1269v1TS164_5o__T1269v1TS425_4o	0.753	0.852	0.852	0.814	0.76	0.3
T1269v1TS208_3o__T1269v1TS241_3o	0.687	0.698	0.698	0.72	0.67	0.302
T1269v1TS208_3o__T1269v1TS286_3o	0.0	0.0	0.0	0.0	0.046	0.003
T1269v1TS208_4o__T1269v1TS014_1o	0.001	0.0	0.0	0.0	0.086	0.003
T1269v1TS208_4o__T1269v1TS388_2o	0.515	0.606	0.606	0.655	0.548	0.189
T1269v1TS221_5o__T1269v1TS465_1o	0.0	0.0	0.0	0.0	0.01	0.003
T1269v1TS241_1o__T1269v1TS241_4o	0.797	0.661	0.661	0.728	0.699	0.3
T1269v1TS241_2o__T1269v1TS322_5o	0.355	0.445	0.445	0.51	0.4	0.127
T1269v1TS241_4o__T1269v1TS052_1o	0.059	0.014	0.238	0.006	0.047	0.009
T1269v1TS262_4o__T1269v1TS014_6o	0.41	0.287	0.529	0.235	0.292	0.148
T1269v1TS267_3o__T1269v1TS241_3o	0.0	0.0	0.0	0.0	0.008	0.003
T1269v1TS272_2o__T1269v1TS272_4o	0.881	0.954	0.954	0.874	0.901	0.858
T1269v1TS272_2o__T1269v1TS419_3o	0.0	0.0	0.0	0.0	0.052	0.003
T1269v1TS272_3o__T1269v1TS262_2o	0.0	0.0	0.0	0.0	0.06	0.003
T1269v1TS286_5o__T1269v1TS139_1o	0.0	0.0	0.0	0.0	0.002	0.003
T1269v1TS304_2o__T1269v1TS272_1o	0.734	0.712	0.712	0.764	0.69	0.375
T1269v1TS319_4o__T1269v1TS139_1o	0.514	0.682	0.682	0.591	0.542	0.185
T1269v1TS319_4o__T1269v1TS272_2o	0.748	0.438	0.438	0.56	0.478	0.275
T1269v1TS331_5o__T1269v1TS419_4o	0.369	0.22	0.291	0.257	0.256	0.059
T1269v1TS388_5o__T1269v1TS051_4o	0.823	0.904	0.904	0.823	0.814	0.484
T1269v1TS425_4o__T1269v1TS022_1o	0.07	0.015	0.255	0.006	0.032	0.012
T1269v1TS450_3o__T1269v1TS456_2o	0.0	0.0	0.0	0.0	0.012	0.002
T1269v1TS450_4o__T1269v1TS014_5o	0.002	0.0	0.0	0.0	0.06	0.002
T1269v1TS450_5o__T1269v1TS267_4o	0.0	0.0	0.0	0.0	0.0	0.003
T1270TS014_1o__T1270TS261_3o	0.02	0.023	0.023	0.007	0.377	0.01
T1270TS015_6o__T1270TS022_2o	0.118	0.072	0.072	0.099	0.643	0.079
T1270TS022_3o__T1270TS022_1o	0.705	0.835	0.835	0.735	0.763	0.705
T1270TS022_3o__T1270TS163_3o	0.114	0.112	0.112	0.124	0.584	0.066
T1270TS022_3o__T1270TS393_2o	0.45	0.433	0.433	0.559	0.657	0.36
T1270TS022_4o__T1270TS475_4o	0.454	0.41	0.41	0.538	0.662	0.231
T1270TS022_5o__T1270TS014_3o	0.082	0.065	0.124	0.027	0.351	0.024
T1270TS028_3o__T1270TS164_1o	0.122	0.081	0.081	0.105	0.735	0.069
T1270TS028_5o__T1270TS264_5o	0.049	0.046	0.046	0.028	0.579	0.026
T1270TS040_1o__T1270TS015_2o	0.112	0.086	0.086	0.107	0.589	0.058
T1270TS040_1o__T1270TS298_2o	0.197	0.143	0.143	0.202	0.513	0.094
T1270TS040_3o__T1270TS311_2o	0.575	0.501	0.501	0.565	0.461	0.241
T1270TS040_5o__T1270TS014_4o	0.076	0.099	0.099	0.038	0.52	0.017
T1270TS051_6o__T1270TS196_4o	0.069	0.072	0.072	0.064	0.633	0.035
T1270TS051_6o__T1270TS301_3o	0.476	0.404	0.404	0.518	0.728	0.336
T1270TS059_4o__T1270TS393_4o	0.041	0.035	0.035	0.018	0.415	0.02
T1270TS059_6o__T1270TS304_4o	0.632	0.745	0.745	0.723	0.664	0.335
T1270TS075_1o__T1270TS312_5o	0.619	0.755	0.755	0.706	0.683	0.581
T1270TS075_2o__T1270TS208_4o	0.429	0.328	0.328	0.438	0.761	0.375
T1270TS075_3o__T1270TS028_3o	0.539	0.649	0.649	0.69	0.635	0.293
T1270TS075_5o__T1270TS262_3o	0.068	0.074	0.074	0.029	0.528	0.022
T1270TS079_5o__T1270TS267_2o	0.62	0.569	0.569	0.653	0.786	0.296
T1270TS117_1o__T1270TS221_4o	0.076	0.089	0.089	0.088	0.64	0.057
T1270TS117_5o__T1270TS293_3o	0.043	0.03	0.03	0.006	0.392	0.018
T1270TS122_1o__T1270TS241_5o	0.527	0.445	0.445	0.577	0.709	0.26
T1270TS145_2o__T1270TS267_4o	0.606	0.583	0.583	0.669	0.892	0.383
T1270TS164_1o__T1270TS369_4o	0.039	0.029	0.029	0.016	0.271	0.042
T1270TS164_5o__T1270TS423_2o	0.01	0.019	0.019	0.005	0.252	0.012
T1270TS167_3o__T1270TS059_6o	0.05	0.034	0.034	0.0	0.461	0.014
T1270TS167_5o__T1270TS051_1o	0.028	0.023	0.023	0.0	0.397	0.015
T1270TS171_5o__T1270TS345_5o	0.754	0.469	0.469	0.55	0.656	0.418
T1270TS196_2o__T1270TS293_2o	0.155	0.139	0.139	0.157	0.746	0.111
T1270TS196_5o__T1270TS059_2o	0.1	0.093	0.093	0.117	0.735	0.042
T1270TS198_4o__T1270TS286_5o	0.023	0.037	0.037	0.017	0.636	0.01
T1270TS198_5o__T1270TS393_4o	0.194	0.125	0.125	0.193	0.699	0.129
T1270TS208_2o__T1270TS369_4o	0.026	0.024	0.024	0.012	0.3	0.051
T1270TS219_3o__T1270TS241_1o	0.237	0.244	0.244	0.146	0.467	0.096
T1270TS221_3o__T1270TS148_3o	0.152	0.127	0.127	0.152	0.57	0.083
T1270TS241_3o__T1270TS075_2o	0.712	0.802	0.802	0.701	0.74	0.659
T1270TS241_4o__T1270TS145_1o	0.455	0.397	0.397	0.517	0.618	0.366
T1270TS261_2o__T1270TS331_5o	0.372	0.401	0.401	0.406	0.453	0.191
T1270TS261_4o__T1270TS110_1o	0.056	0.053	0.053	0.049	0.363	0.038
T1270TS261_4o__T1270TS219_5o	0.018	0.03	0.03	0.014	0.307	0.023
T1270TS262_1o__T1270TS290_1o	0.085	0.129	0.129	0.065	0.546	0.05
T1270TS262_1o__T1270TS423_4o	0.08	0.134	0.134	0.064	0.506	0.027
T1270TS262_2o__T1270TS204_3o	0.053	0.075	0.075	0.029	0.645	0.068
T1270TS264_1o__T1270TS079_2o	0.656	0.807	0.807	0.732	0.748	0.62
T1270TS267_5o__T1270TS171_2o	0.193	0.12	0.12	0.186	0.708	0.126
T1270TS274_1o__T1270TS311_4o	0.305	0.272	0.272	0.296	0.565	0.102
T1270TS284_1o__T1270TS319_5o	0.365	0.42	0.42	0.474	0.526	0.22
T1270TS284_5o__T1270TS171_1o	0.795	0.802	0.802	0.805	0.69	0.442
T1270TS286_1o__T1270TS208_4o	0.239	0.189	0.189	0.203	0.564	0.258
T1270TS286_5o__T1270TS059_5o	0.035	0.034	0.034	0.015	0.567	0.014
T1270TS287_1o__T1270TS419_2o	0.093	0.075	0.075	0.1	0.661	0.038
T1270TS287_5o__T1270TS264_5o	0.503	0.409	0.409	0.516	0.604	0.178
T1270TS294_2o__T1270TS052_2o	0.545	0.419	0.419	0.534	0.708	0.38
T1270TS294_2o__T1270TS147_4o	0.067	0.09	0.09	0.036	0.494	0.02
T1270TS294_3o__T1270TS304_2o	0.592	0.551	0.551	0.557	0.585	0.231
T1270TS294_5o__T1270TS294_4o	0.544	0.416	0.416	0.522	0.675	0.198
T1270TS298_3o__T1270TS419_2o	0.156	0.119	0.119	0.142	0.804	0.076
T1270TS301_3o__T1270TS052_1o	0.717	0.823	0.823	0.721	0.775	0.613
T1270TS304_4o__T1270TS293_2o	0.52	0.455	0.455	0.59	0.699	0.202
T1270TS311_2o__T1270TS015_2o	0.136	0.133	0.133	0.147	0.712	0.128
T1270TS311_5o__T1270TS139_6o	0.464	0.555	0.555	0.551	0.583	0.225
T1270TS322_2o__T1270TS204_2o	0.108	0.058	0.058	0.049	0.272	0.034
T1270TS331_3o__T1270TS204_3o	0.066	0.088	0.088	0.031	0.679	0.075
T1270TS331_4o__T1270TS208_1o	0.679	0.714	0.714	0.651	0.674	0.53
T1270TS345_1o__T1270TS311_3o	0.507	0.445	0.445	0.569	0.65	0.181
T1270TS345_2o__T1270TS456_3o	0.513	0.41	0.41	0.539	0.633	0.319
T1270TS375_1o__T1270TS274_3o	0.288	0.288	0.288	0.311	0.625	0.151
T1270TS388_3o__T1270TS450_4o	0.015	0.012	0.012	0.0	0.447	0.011
T1270TS393_1o__T1270TS319_5o	0.402	0.457	0.457	0.511	0.553	0.235
T1270TS393_4o__T1270TS198_2o	0.578	0.738	0.738	0.702	0.66	0.544
T1270TS419_1o__T1270TS075_3o	0.676	0.811	0.811	0.695	0.783	0.615
T1270TS419_1o__T1270TS301_3o	0.676	0.811	0.811	0.695	0.783	0.615
T1270TS419_4o__T1270TS262_3o	0.072	0.071	0.071	0.03	0.463	0.024
T1270TS419_4o__T1270TS331_4o	0.488	0.444	0.444	0.56	0.57	0.155
T1270TS423_2o__T1270TS051_3o	0.204	0.13	0.13	0.21	0.816	0.125
T1270TS423_4o__T1270TS204_3o	0.082	0.101	0.101	0.039	0.63	0.022
T1270TS423_4o__T1270TS221_4o	0.179	0.142	0.142	0.181	0.603	0.084
T1270TS423_5o__T1270TS015_4o	0.112	0.078	0.078	0.094	0.511	0.079
T1270TS425_2o__T1270TS163_4o	0.05	0.082	0.082	0.033	0.432	0.025
T1270TS450_2o__T1270TS079_3o	0.033	0.041	0.041	0.024	0.346	0.016
T1270TS450_2o__T1270TS221_5o	0.034	0.041	0.041	0.023	0.381	0.017
T1270TS450_3o__T1270TS148_4o	0.05	0.033	0.033	0.0	0.417	0.013
T1270TS456_2o__T1270TS196_1o	0.176	0.248	0.248	0.16	0.656	0.062
T1270TS456_2o__T1270TS286_2o	0.146	0.211	0.211	0.136	0.617	0.077
T1270TS456_3o__T1270TS191_3o	0.076	0.104	0.104	0.079	0.314	0.053
T1270TS456_5o__T1270TS264_1o	0.759	0.295	0.867	0.409	0.308	0.371
T1270TS462_1o__T1270TS272_5o	0.0	0.0	0.0	0.0	0.091	0.005
T1270TS462_5o__T1270TS163_2o	0.195	0.144	0.144	0.217	0.579	0.092
T1270TS462_6o__T1270TS287_1o	0.564	0.653	0.653	0.634	0.578	0.308
T1270TS465_5o__T1270TS304_1o	0.113	0.095	0.095	0.038	0.583	0.032
T1270TS475_1o__T1270TS015_4o	0.107	0.097	0.097	0.109	0.516	0.059
T1270TS475_2o__T1270TS450_3o	0.034	0.033	0.033	0.0	0.391	0.012
T1270TS489_1o__T1270TS051_1o	0.598	0.459	0.459	0.556	0.618	0.373
T1270TS489_3o__T1270TS163_2o	0.387	0.336	0.336	0.363	0.724	0.227
T1270TS489_5o__T1270TS264_3o	0.599	0.488	0.488	0.581	0.653	0.389
T1270TS494_5o__T1270TS284_4o	0.521	0.487	0.487	0.589	0.599	0.229
T1279TS015_3o__T1279TS051_3o	0.0	0.0	0.0	0.0	0.275	0.002
T1279TS015_4o__T1279TS110_3o	0.45	0.32	0.32	0.468	0.319	0.29
T1279TS015_5o__T1279TS456_5o	0.429	0.312	0.312	0.411	0.26	0.154
T1279TS022_2o__T1279TS419_5o	0.0	0.0	0.0	0.0	0.279	0.002
T1279TS022_4o__T1279TS241_5o	0.385	0.048	0.12	0.087	0.139	0.19
T1279TS022_5o__T1279TS419_1o	0.0	0.0	0.0	0.0	0.494	0.002
T1279TS028_1o__T1279TS304_1o	0.852	0.489	0.948	0.585	0.422	0.345
T1279TS028_1o__T1279TS331_5o	0.855	0.489	0.949	0.602	0.475	0.328
T1279TS028_2o__T1279TS147_3o	0.985	0.992	0.992	0.957	0.967	0.773
T1279TS052_2o__T1279TS465_3o	0.746	0.557	0.557	0.656	0.52	0.302
T1279TS052_3o__T1279TS022_4o	0.0	0.0	0.0	0.0	0.26	0.001
T1279TS052_4o__T1279TS022_2o	0.87	0.893	0.893	0.792	0.69	0.306
T1279TS110_5o__T1279TS294_2o	0.0	0.0	0.0	0.0	0.068	0.001
T1279TS110_5o__T1279TS294_3o	0.0	0.0	0.0	0.0	0.043	0.002
T1279TS110_5o__T1279TS345_1o	0.864	0.489	0.917	0.575	0.409	0.316
T1279TS147_1o__T1279TS028_3o	0.958	0.971	0.971	0.958	0.935	0.61
T1279TS147_3o__T1279TS110_3o	0.903	0.482	0.945	0.593	0.424	0.576
T1279TS147_3o__T1279TS294_3o	0.0	0.0	0.0	0.0	0.02	0.003
T1279TS147_3o__T1279TS450_4o	0.0	0.0	0.0	0.0	0.0	0.002
T1279TS163_1o__T1279TS319_1o	0.0	0.0	0.0	0.0	0.299	0.001
T1279TS163_1o__T1279TS319_5o	0.0	0.0	0.0	0.0	0.297	0.001
T1279TS163_1o__T1279TS465_1o	0.0	0.0	0.0	0.0	0.056	0.005
T1279TS163_4o__T1279TS022_4o	0.0	0.0	0.0	0.0	0.025	0.004
T1279TS163_5o__T1279TS110_3o	0.0	0.0	0.0	0.0	0.04	0.003
T1279TS163_5o__T1279TS261_2o	0.0	0.0	0.0	0.0	0.074	0.005
T1279TS164_1o__T1279TS164_2o	0.0	0.0	0.0	0.0	0.072	0.011
T1279TS164_1o__T1279TS331_1o	0.001	0.0	0.0	0.0	0.054	0.002
T1279TS164_2o__T1279TS456_5o	0.001	0.0	0.0	0.0	0.0	0.002
T1279TS164_3o__T1279TS110_4o	0.0	0.0	0.0	0.0	0.03	0.002
T1279TS164_4o__T1279TS331_5o	0.0	0.0	0.0	0.0	0.0	0.002
T1279TS241_3o__T1279TS465_3o	0.002	0.0	0.0	0.0	0.101	0.002
T1279TS261_5o__T1279TS304_3o	0.0	0.0	0.0	0.0	0.035	0.004
T1279TS286_2o__T1279TS241_5o	0.713	0.053	0.347	0.083	0.07	0.342
T1279TS304_3o__T1279TS294_4o	0.005	0.0	0.0	0.0	0.034	0.004
T1279TS304_4o__T1279TS419_5o	0.001	0.0	0.0	0.0	0.008	0.005
T1279TS319_5o__T1279TS051_1o	0.867	0.916	0.916	0.881	0.74	0.32
T1279TS319_5o__T1279TS261_3o	0.0	0.0	0.0	0.0	0.019	0.003
T1279TS331_1o__T1279TS241_2o	0.003	0.0	0.0	0.0	0.009	0.008
T1279TS331_2o__T1279TS028_4o	0.735	0.923	0.923	0.806	0.714	0.309
T1279TS331_2o__T1279TS163_3o	0.0	0.0	0.0	0.0	0.014	0.002
T1279TS345_2o__T1279TS022_5o	0.937	0.985	0.985	0.914	0.844	0.585
T1279TS345_2o__T1279TS241_2o	0.008	0.0	0.0	0.0	0.01	0.01
T1279TS345_4o__T1279TS294_4o	0.003	0.0	0.0	0.0	0.044	0.006
T1279TS419_3o__T1279TS261_3o	0.0	0.0	0.0	0.0	0.01	0.003
T1279TS419_3o__T1279TS419_5o	0.0	0.0	0.0	0.0	0.162	0.002
T1279TS450_1o__T1279TS241_3o	0.005	0.0	0.0	0.0	0.018	0.005
T1279TS450_1o__T1279TS425_2o	0.829	0.876	0.876	0.767	0.676	0.277
T1279TS450_5o__T1279TS110_2o	0.005	0.0	0.0	0.0	0.021	0.003
T1279TS450_5o__T1279TS345_4o	0.012	0.0	0.0	0.0	0.023	0.007
T1279TS456_1o__T1279TS022_1o	0.0	0.0	0.0	0.0	0.303	0.001
T1279TS456_1o__T1279TS294_2o	0.814	0.121	0.952	0.193	0.123	0.556
T1279TS456_3o__T1279TS052_1o	1.0	1.0	1.0	1.0	1.0	1.0
T1279TS456_3o__T1279TS164_3o	0.0	0.0	0.0	0.0	0.019	0.002
T1279TS456_4o__T1279TS294_5o	0.013	0.0	0.0	0.0	0.013	0.008
T1279TS462_2o__T1279TS465_3o	0.847	0.292	0.854	0.431	0.271	0.464
T1279TS462_3o__T1279TS319_5o	0.902	0.482	0.939	0.604	0.431	0.558
T1279TS462_3o__T1279TS419_1o	0.0	0.0	0.0	0.0	0.158	0.001
T1279TS462_3o__T1279TS462_6o	0.869	0.94	0.94	0.909	0.839	0.426
T1279TS465_1o__T1279TS163_4o	0.01	0.012	0.012	0.004	0.149	0.007
T1279TS465_1o__T1279TS425_5o	0.009	0.006	0.006	0.013	0.037	0.006
T1279TS465_2o__T1279TS425_1o	0.956	0.955	0.955	0.91	0.828	0.739
T1279TS465_3o__T1279TS261_5o	0.003	0.0	0.0	0.0	0.03	0.004
T1279TS465_5o__T1279TS015_5o	0.475	0.337	0.337	0.471	0.309	0.31
T1279TS465_5o__T1279TS261_4o	0.0	0.0	0.0	0.0	0.018	0.003
T1279TS465_5o__T1279TS286_1o	0.0	0.0	0.0	0.0	0.526	0.002
T1292TS014_2o__T1292TS040_1o	0.952	0.983	0.983	0.924	0.932	0.963
T1292TS015_2o__T1292TS075_5o	0.757	0.7	0.7	0.638	0.754	0.535
T1292TS015_6o__T1292TS022_1o	0.921	0.827	0.827	0.853	0.828	0.584
T1292TS015_6o__T1292TS052_5o	0.935	0.824	0.824	0.863	0.824	0.606
T1292TS022_2o__T1292TS262_5o	0.959	0.985	0.985	0.936	0.96	0.916
T1292TS022_3o__T1292TS388_1o	0.901	0.963	0.963	0.956	0.98	0.725
T1292TS022_4o__T1292TS388_2o	0.915	0.974	0.974	0.918	0.921	0.777
T1292TS040_4o__T1292TS145_1o	0.876	0.967	0.967	0.858	0.873	0.818
T1292TS040_4o__T1292TS196_3o	0.887	0.973	0.973	0.878	0.889	0.889
T1292TS052_1o__T1292TS262_5o	0.916	0.968	0.968	0.891	0.94	0.702
T1292TS052_4o__T1292TS284_5o	0.951	0.942	0.942	0.927	0.921	0.821
T1292TS059_1o__T1292TS147_4o	0.895	0.968	0.968	0.897	0.931	0.737
T1292TS059_2o__T1292TS148_2o	0.779	0.793	0.793	0.741	0.783	0.54
T1292TS075_3o__T1292TS014_2o	0.954	0.981	0.981	0.934	0.969	0.944
T1292TS075_4o__T1292TS301_1o	0.976	0.994	0.994	0.981	1.0	0.982
T1292TS079_3o__T1292TS294_5o	0.99	0.989	0.989	0.972	0.961	0.988
T1292TS091_1o__T1292TS163_1o	0.97	0.991	0.991	0.975	0.96	0.929
T1292TS091_1o__T1292TS298_5o	0.737	0.757	0.757	0.694	0.796	0.401
T1292TS110_1o__T1292TS298_5o	0.75	0.766	0.766	0.689	0.796	0.473
T1292TS110_5o__T1292TS028_2o	0.841	0.853	0.853	0.854	0.836	0.718
T1292TS114_5o__T1292TS208_2o	0.801	0.744	0.744	0.642	0.743	0.475
T1292TS122_2o__T1292TS345_4o	0.933	0.961	0.961	0.932	0.923	0.704
T1292TS139_1o__T1292TS091_4o	0.828	0.953	0.953	0.852	0.857	0.799
T1292TS139_2o__T1292TS369_2o	0.832	0.954	0.954	0.872	0.911	0.896
T1292TS139_4o__T1292TS145_3o	0.894	0.95	0.95	0.889	0.933	0.777
T1292TS139_4o__T1292TS304_4o	0.901	0.928	0.928	0.901	0.895	0.763
T1292TS139_6o__T1292TS456_5o	0.912	0.96	0.96	0.879	0.913	0.823
T1292TS147_4o__T1292TS114_2o	0.681	0.744	0.744	0.669	0.75	0.466
T1292TS147_5o__T1292TS051_5o	0.959	0.982	0.982	0.961	0.961	0.828
T1292TS147_5o__T1292TS298_3o	0.949	0.988	0.988	0.974	0.98	0.982
T1292TS164_2o__T1292TS456_3o	0.959	0.971	0.971	0.952	0.94	0.868
T1292TS164_4o__T1292TS139_4o	0.872	0.954	0.954	0.885	0.933	0.721
T1292TS167_1o__T1292TS040_2o	0.574	0.458	0.458	0.466	0.49	0.427
T1292TS167_5o__T1292TS091_5o	0.93	0.971	0.971	0.928	0.989	0.738
T1292TS167_5o__T1292TS423_4o	0.926	0.975	0.975	0.954	0.969	0.738
T1292TS187_1o__T1292TS014_5o	0.925	0.971	0.971	0.927	0.923	0.712
T1292TS196_2o__T1292TS345_3o	0.988	0.989	0.989	0.967	0.97	0.972
T1292TS208_1o__T1292TS264_5o	0.925	0.96	0.96	0.938	0.931	0.862
T1292TS208_2o__T1292TS059_3o	0.903	0.972	0.972	0.898	0.939	0.7
T1292TS219_1o__T1292TS163_5o	0.969	0.978	0.978	0.931	0.96	0.852
T1292TS221_1o__T1292TS122_4o	0.91	0.936	0.936	0.904	0.913	0.822
T1292TS221_2o__T1292TS198_2o	0.933	0.968	0.968	0.915	0.895	0.783
T1292TS221_5o__T1292TS208_5o	0.919	0.958	0.958	0.921	0.933	0.834
T1292TS241_3o__T1292TS419_1o	0.912	0.97	0.97	0.914	0.959	0.708
T1292TS261_4o__T1292TS319_4o	0.653	0.647	0.647	0.612	0.75	0.483
T1292TS261_5o__T1292TS040_4o	0.697	0.792	0.792	0.68	0.719	0.558
T1292TS262_5o__T1292TS419_5o	0.889	0.965	0.965	0.895	0.939	0.698
T1292TS267_3o__T1292TS059_4o	0.739	0.808	0.808	0.755	0.776	0.438
T1292TS272_1o__T1292TS322_3o	0.759	0.909	0.909	0.873	0.863	0.523
T1292TS286_1o__T1292TS196_5o	0.948	0.974	0.974	0.927	0.932	0.823
T1292TS286_2o__T1292TS293_5o	0.969	0.986	0.986	0.958	0.98	0.972
T1292TS287_2o__T1292TS196_3o	0.926	0.946	0.946	0.946	0.904	0.712
T1292TS293_1o__T1292TS262_3o	0.646	0.512	0.512	0.485	0.646	0.31
T1292TS293_1o__T1292TS267_4o	0.997	0.993	0.993	0.988	0.98	0.994
T1292TS293_1o__T1292TS287_1o	0.928	0.944	0.944	0.911	0.923	0.763
T1292TS294_3o__T1292TS164_1o	0.965	0.985	0.985	0.975	0.99	0.816
T1292TS294_4o__T1292TS164_2o	0.824	0.831	0.831	0.756	0.922	0.668
T1292TS298_1o__T1292TS040_4o	0.884	0.967	0.967	0.858	0.873	0.774
T1292TS298_2o__T1292TS301_1o	0.962	0.957	0.957	0.942	0.922	0.86
T1292TS300_2o__T1292TS423_1o	0.806	0.791	0.791	0.753	0.794	0.599
T1292TS301_5o__T1292TS419_2o	0.877	0.933	0.933	0.92	0.922	0.69
T1292TS304_5o__T1292TS319_3o	0.909	0.942	0.942	0.913	0.942	0.709
T1292TS322_3o__T1292TS312_2o	0.985	0.916	0.916	0.872	0.864	0.603
T1292TS322_4o__T1292TS052_1o	0.967	0.909	0.909	0.87	0.853	0.689
T1292TS331_3o__T1292TS059_4o	0.764	0.826	0.826	0.769	0.816	0.524
T1292TS331_3o__T1292TS388_4o	0.981	0.987	0.987	0.954	0.951	0.976
T1292TS345_3o__T1292TS388_5o	0.981	0.987	0.987	0.957	0.97	0.976
T1292TS369_2o__T1292TS014_3o	0.96	0.983	0.983	0.935	0.95	0.946
T1292TS388_4o__T1292TS208_5o	0.95	0.969	0.969	0.942	0.951	0.866
T1292TS388_4o__T1292TS423_5o	0.946	0.988	0.988	0.965	0.96	0.982
T1292TS419_3o__T1292TS304_4o	0.948	0.95	0.95	0.918	0.941	0.819
T1292TS419_5o__T1292TS319_4o	0.956	0.981	0.981	0.958	0.959	0.956
T1292TS423_1o__T1292TS148_5o	0.958	0.937	0.937	0.921	0.931	0.846
T1292TS423_1o__T1292TS208_3o	0.965	0.943	0.943	0.929	0.931	0.835
T1292TS423_2o__T1292TS122_2o	0.97	0.953	0.953	0.946	0.922	0.859
T1292TS423_2o__T1292TS293_3o	0.964	0.985	0.985	0.971	0.98	0.849
T1292TS423_3o__T1292TS091_1o	0.976	0.98	0.98	0.962	0.98	0.839
T1292TS423_3o__T1292TS187_1o	0.968	0.974	0.974	0.946	0.96	0.833
T1292TS423_5o__T1292TS208_5o	0.971	0.967	0.967	0.952	0.95	0.867
T1292TS423_5o__T1292TS323_1o	0.951	0.927	0.927	0.947	0.94	0.83
T1292TS425_2o__T1292TS323_1o	0.92	0.93	0.93	0.913	0.923	0.696
T1292TS450_5o__T1292TS167_4o	0.386	0.58	0.58	0.395	0.61	0.318
T1292TS456_1o__T1292TS261_2o	0.755	0.776	0.776	0.706	0.712	0.572
T1292TS462_2o__T1292TS163_2o	0.99	0.991	0.991	0.981	0.98	0.987
T1292TS462_3o__T1292TS267_3o	0.988	0.995	0.995	0.981	0.99	0.996
T1292TS462_4o__T1292TS337_5o	0.681	0.744	0.744	0.664	0.748	0.459
T1292TS462_5o__T1292TS022_4o	0.928	0.976	0.976	0.933	0.96	0.844
T1292TS462_6o__T1292TS425_5o	0.975	0.987	0.987	0.947	0.959	0.957
T1292TS475_4o__T1292TS208_1o	0.948	0.988	0.988	0.967	0.97	0.876
T1294v1TS014_6o__T1294v1TS345_6o	0.903	0.971	0.971	0.942	0.944	0.912
T1294v1TS051_4o__T1294v1TS015_6o	0.689	0.841	0.841	0.679	0.769	0.752
T1294v1TS051_4o__T1294v1TS091_1o	0.671	0.826	0.826	0.684	0.768	0.73
T1294v1TS059_3o__T1294v1TS163_3o	0.852	0.963	0.963	0.882	0.864	0.901
T1294v1TS059_3o__T1294v1TS198_2o	0.848	0.953	0.953	0.829	0.832	0.916
T1294v1TS059_3o__T1294v1TS462_2o	0.868	0.965	0.965	0.841	0.848	0.928
T1294v1TS059_4o__T1294v1TS022_4o	0.649	0.751	0.751	0.632	0.759	0.607
T1294v1TS075_5o__T1294v1TS198_4o	0.904	0.97	0.97	0.951	0.961	0.937
T1294v1TS079_4o__T1294v1TS475_1o	0.933	0.978	0.978	0.92	0.867	0.94
T1294v1TS091_1o__T1294v1TS293_3o	0.974	0.991	0.991	0.964	0.942	0.984
T1294v1TS091_2o__T1294v1TS369_3o	0.9	0.964	0.964	0.917	0.883	0.935
T1294v1TS091_4o__T1294v1TS312_2o	0.801	0.892	0.892	0.83	0.85	0.749
T1294v1TS091_5o__T1294v1TS419_4o	0.697	0.844	0.844	0.731	0.804	0.716
T1294v1TS110_2o__T1294v1TS110_5o	0.992	0.995	0.995	0.978	0.981	0.991
T1294v1TS110_5o__T1294v1TS059_1o	0.58	0.74	0.74	0.672	0.802	0.567
T1294v1TS139_2o__T1294v1TS312_4o	0.796	0.937	0.937	0.793	0.817	0.859
T1294v1TS139_6o__T1294v1TS287_4o	0.847	0.951	0.951	0.894	0.931	0.876
T1294v1TS145_1o__T1294v1TS462_3o	0.977	0.989	0.989	0.95	0.972	0.972
T1294v1TS145_4o__T1294v1TS272_4o	0.651	0.877	0.877	0.764	0.815	0.648
T1294v1TS147_3o__T1294v1TS122_1o	0.946	0.978	0.978	0.959	0.953	0.943
T1294v1TS147_4o__T1294v1TS284_2o	0.887	0.967	0.967	0.921	0.925	0.888
T1294v1TS148_5o__T1294v1TS196_1o	0.91	0.972	0.972	0.911	0.868	0.927
T1294v1TS163_3o__T1294v1TS300_5o	0.75	0.868	0.868	0.758	0.763	0.766
T1294v1TS163_5o__T1294v1TS015_1o	0.723	0.841	0.841	0.747	0.87	0.684
T1294v1TS164_2o__T1294v1TS059_3o	0.842	0.962	0.962	0.877	0.864	0.856
T1294v1TS164_4o__T1294v1TS267_1o	0.952	0.979	0.979	0.948	1.0	0.959
T1294v1TS164_4o__T1294v1TS393_5o	0.925	0.969	0.969	0.914	0.941	0.926
T1294v1TS167_3o__T1294v1TS388_1o	0.398	0.545	0.545	0.463	0.56	0.28
T1294v1TS187_1o__T1294v1TS015_2o	0.025	0.062	0.062	0.023	0.189	0.028
T1294v1TS196_3o__T1294v1TS051_4o	0.731	0.852	0.852	0.696	0.821	0.756
T1294v1TS196_3o__T1294v1TS287_2o	0.889	0.968	0.968	0.928	0.923	0.899
T1294v1TS198_1o__T1294v1TS221_5o	0.895	0.967	0.967	0.872	0.916	0.896
T1294v1TS198_4o__T1294v1TS091_1o	0.95	0.985	0.985	0.952	0.941	0.947
T1294v1TS198_5o__T1294v1TS219_1o	0.737	0.856	0.856	0.774	0.777	0.75
T1294v1TS208_1o__T1294v1TS221_1o	0.895	0.966	0.966	0.869	0.891	0.847
T1294v1TS208_2o__T1294v1TS369_5o	0.994	0.991	0.991	0.983	0.991	0.988
T1294v1TS208_3o__T1294v1TS221_3o	0.898	0.967	0.967	0.859	0.875	0.848
T1294v1TS208_4o__T1294v1TS015_2o	0.024	0.064	0.064	0.024	0.196	0.029
T1294v1TS208_4o__T1294v1TS148_1o	0.984	0.994	0.994	0.965	0.97	0.942
T1294v1TS208_5o__T1294v1TS022_2o	0.989	0.993	0.993	0.973	0.929	0.987
T1294v1TS219_1o__T1294v1TS110_2o	0.941	0.979	0.979	0.94	0.923	0.93
T1294v1TS221_1o__T1294v1TS052_5o	0.945	0.975	0.975	0.891	0.95	0.944
T1294v1TS221_5o__T1294v1TS052_1o	0.905	0.967	0.967	0.893	0.907	0.926
T1294v1TS221_5o__T1294v1TS261_1o	0.746	0.925	0.925	0.798	0.825	0.789
T1294v1TS241_4o__T1294v1TS028_3o	0.934	0.979	0.979	0.919	0.905	0.931
T1294v1TS261_2o__T1294v1TS388_3o	0.824	0.951	0.951	0.875	0.852	0.86
T1294v1TS262_2o__T1294v1TS145_1o	0.852	0.951	0.951	0.83	0.821	0.679
T1294v1TS262_5o__T1294v1TS075_5o	0.621	0.682	0.682	0.662	0.766	0.44
T1294v1TS264_4o__T1294v1TS475_2o	0.987	0.993	0.993	0.973	0.96	0.988
T1294v1TS267_3o__T1294v1TS475_1o	0.925	0.975	0.975	0.947	0.981	0.946
T1294v1TS267_4o__T1294v1TS122_3o	0.927	0.979	0.979	0.933	0.98	0.936
T1294v1TS272_1o__T1294v1TS475_4o	0.655	0.831	0.831	0.714	0.725	0.679
T1294v1TS284_2o__T1294v1TS319_2o	0.929	0.976	0.976	0.882	0.889	0.862
T1294v1TS284_4o__T1294v1TS139_4o	0.562	0.751	0.751	0.678	0.788	0.572
T1294v1TS286_1o__T1294v1TS139_4o	0.575	0.738	0.738	0.686	0.767	0.575
T1294v1TS286_3o__T1294v1TS196_5o	0.928	0.973	0.973	0.883	0.856	0.929
T1294v1TS286_5o__T1294v1TS264_5o	0.906	0.973	0.973	0.903	0.92	0.898
T1294v1TS286_5o__T1294v1TS287_2o	0.906	0.972	0.972	0.906	0.92	0.922
T1294v1TS287_5o__T1294v1TS286_2o	0.917	0.971	0.971	0.917	0.94	0.925
T1294v1TS293_1o__T1294v1TS345_3o	0.936	0.98	0.98	0.929	0.913	0.893
T1294v1TS293_5o__T1294v1TS272_4o	0.68	0.898	0.898	0.792	0.84	0.717
T1294v1TS294_2o__T1294v1TS110_2o	0.938	0.98	0.98	0.943	0.962	0.939
T1294v1TS294_3o__T1294v1TS284_4o	0.913	0.971	0.971	0.898	0.942	0.916
T1294v1TS294_5o__T1294v1TS110_3o	0.944	0.981	0.981	0.943	0.981	0.937
T1294v1TS294_5o__T1294v1TS261_4o	0.809	0.953	0.953	0.867	0.893	0.865
T1294v1TS301_2o__T1294v1TS059_3o	0.824	0.953	0.953	0.846	0.881	0.849
T1294v1TS301_5o__T1294v1TS163_5o	0.936	0.968	0.968	0.943	0.98	0.947
T1294v1TS301_5o__T1294v1TS475_2o	0.982	0.993	0.993	0.946	0.961	0.975
T1294v1TS304_2o__T1294v1TS148_2o	0.902	0.963	0.963	0.876	0.866	0.846
T1294v1TS304_2o__T1294v1TS208_2o	0.989	0.993	0.993	0.957	0.972	0.981
T1294v1TS304_2o__T1294v1TS272_2o	0.674	0.868	0.868	0.741	0.839	0.704
T1294v1TS304_5o__T1294v1TS167_2o	0.623	0.792	0.792	0.677	0.709	0.566
T1294v1TS312_1o__T1294v1TS241_2o	0.99	0.992	0.992	0.977	0.97	0.948
T1294v1TS312_1o__T1294v1TS393_4o	0.99	0.994	0.994	0.988	0.99	0.952
T1294v1TS319_1o__T1294v1TS075_2o	0.905	0.97	0.97	0.847	0.857	0.863
T1294v1TS319_1o__T1294v1TS284_3o	0.902	0.969	0.969	0.879	0.873	0.868
T1294v1TS319_2o__T1294v1TS014_2o	0.901	0.972	0.972	0.887	0.883	0.83
T1294v1TS319_4o__T1294v1TS393_4o	0.675	0.822	0.822	0.664	0.807	0.719
T1294v1TS331_5o__T1294v1TS139_1o	0.526	0.667	0.667	0.621	0.692	0.547
T1294v1TS337_2o__T1294v1TS051_5o	0.79	0.891	0.891	0.747	0.829	0.848
T1294v1TS345_1o__T1294v1TS051_1o	0.87	0.961	0.961	0.873	0.851	0.897
T1294v1TS345_1o__T1294v1TS425_1o	0.994	0.993	0.993	0.968	0.962	0.986
T1294v1TS369_2o__T1294v1TS261_2o	0.784	0.94	0.94	0.814	0.789	0.827
T1294v1TS369_2o__T1294v1TS423_3o	0.795	0.948	0.948	0.838	0.826	0.833
T1294v1TS388_1o__T1294v1TS294_5o	0.669	0.761	0.761	0.69	0.798	0.635
T1294v1TS388_2o__T1294v1TS196_2o	0.884	0.954	0.954	0.868	0.868	0.928
T1294v1TS393_3o__T1294v1TS261_1o	0.753	0.929	0.929	0.813	0.85	0.802
T1294v1TS419_4o__T1294v1TS114_5o	0.741	0.853	0.853	0.724	0.732	0.752
T1294v1TS419_5o__T1294v1TS028_1o	0.907	0.967	0.967	0.886	0.887	0.925
T1294v1TS425_2o__T1294v1TS475_1o	0.732	0.81	0.81	0.75	0.802	0.712
T1294v1TS456_3o__T1294v1TS286_3o	0.719	0.759	0.759	0.729	0.754	0.702
T1294v1TS456_3o__T1294v1TS293_1o	0.736	0.767	0.767	0.747	0.783	0.719
T1294v1TS456_4o__T1294v1TS208_2o	0.864	0.963	0.963	0.861	0.828	0.904
T1294v1TS456_5o__T1294v1TS393_4o	0.983	0.991	0.991	0.958	0.98	0.971
T1294v1TS462_3o__T1294v1TS110_1o	0.968	0.983	0.983	0.971	0.99	0.94
T1294v1TS465_1o__T1294v1TS147_1o	0.972	0.987	0.987	0.975	0.962	0.971
T1294v1TS475_1o__T1294v1TS110_4o	0.925	0.969	0.969	0.952	0.962	0.923
T1294v1TS475_1o__T1294v1TS423_4o	0.864	0.963	0.963	0.903	0.864	0.909
T1294v2TS014_2o__T1294v2TS423_5o	0.876	0.964	0.964	0.878	0.84	0.897
T1294v2TS014_4o__T1294v2TS262_2o	0.708	0.666	0.666	0.629	0.693	0.517
T1294v2TS014_5o__T1294v2TS051_4o	0.695	0.825	0.825	0.681	0.814	0.713
T1294v2TS014_6o__T1294v2TS293_4o	0.931	0.979	0.979	0.944	0.886	0.955
T1294v2TS015_1o__T1294v2TS293_2o	0.0	0.0	0.0	0.0	0.0	0.008
T1294v2TS015_3o__T1294v2TS164_4o	0.001	0.0	0.0	0.0	0.014	0.011
T1294v2TS022_2o__T1294v2TS294_5o	0.629	0.873	0.873	0.745	0.762	0.657
T1294v2TS022_2o__T1294v2TS319_5o	0.775	0.732	0.732	0.727	0.78	0.716
T1294v2TS022_2o__T1294v2TS369_3o	0.872	0.962	0.962	0.865	0.836	0.897
T1294v2TS028_2o__T1294v2TS322_5o	0.878	0.962	0.962	0.902	0.887	0.851
T1294v2TS028_3o__T1294v2TS262_3o	0.254	0.377	0.377	0.166	0.474	0.19
T1294v2TS051_1o__T1294v2TS022_5o	0.978	0.99	0.99	0.932	0.96	0.942
T1294v2TS051_1o__T1294v2TS393_3o	0.984	0.993	0.993	0.962	0.97	0.949
T1294v2TS051_4o__T1294v2TS267_2o	0.683	0.833	0.833	0.667	0.807	0.744
T1294v2TS052_2o__T1294v2TS419_4o	0.334	0.506	0.506	0.449	0.495	0.292
T1294v2TS052_4o__T1294v2TS286_1o	0.792	0.874	0.874	0.716	0.83	0.761
T1294v2TS075_5o__T1294v2TS079_1o	0.931	0.976	0.976	0.939	0.93	0.913
T1294v2TS091_4o__T1294v2TS052_2o	0.832	0.896	0.896	0.816	0.828	0.826
T1294v2TS110_3o__T1294v2TS052_3o	0.807	0.753	0.753	0.772	0.798	0.712
T1294v2TS110_3o__T1294v2TS221_4o	0.546	0.719	0.719	0.629	0.698	0.511
T1294v2TS122_2o__T1294v2TS322_2o	0.765	0.874	0.874	0.797	0.875	0.766
T1294v2TS122_5o__T1294v2TS425_5o	0.72	0.828	0.828	0.672	0.771	0.679
T1294v2TS139_2o__T1294v2TS475_2o	0.531	0.642	0.642	0.553	0.76	0.549
T1294v2TS139_5o__T1294v2TS221_4o	0.63	0.728	0.728	0.599	0.789	0.57
T1294v2TS145_2o__T1294v2TS264_3o	0.885	0.949	0.949	0.893	0.897	0.838
T1294v2TS145_2o__T1294v2TS388_5o	0.792	0.956	0.956	0.846	0.87	0.851
T1294v2TS145_4o__T1294v2TS059_4o	0.467	0.646	0.646	0.531	0.721	0.474
T1294v2TS147_2o__T1294v2TS475_1o	0.953	0.985	0.985	0.923	0.98	0.899
T1294v2TS147_3o__T1294v2TS261_2o	0.743	0.918	0.918	0.819	0.787	0.728
T1294v2TS147_3o__T1294v2TS304_4o	0.962	0.987	0.987	0.939	0.98	0.96
T1294v2TS147_4o__T1294v2TS304_5o	0.959	0.986	0.986	0.954	0.98	0.939
T1294v2TS163_4o__T1294v2TS075_3o	0.927	0.969	0.969	0.913	0.941	0.891
T1294v2TS167_1o__T1294v2TS425_2o	0.012	0.0	0.0	0.0	0.078	0.011
T1294v2TS167_3o__T1294v2TS462_1o	0.0	0.0	0.0	0.0	0.0	0.008
T1294v2TS196_2o__T1294v2TS319_1o	0.899	0.97	0.97	0.866	0.857	0.849
T1294v2TS196_2o__T1294v2TS331_5o	0.674	0.817	0.817	0.638	0.721	0.69
T1294v2TS198_3o__T1294v2TS264_6o	0.874	0.951	0.951	0.863	0.87	0.828
T1294v2TS198_4o__T1294v2TS312_1o	0.916	0.974	0.974	0.939	0.943	0.927
T1294v2TS221_2o__T1294v2TS286_4o	0.613	0.716	0.716	0.67	0.72	0.597
T1294v2TS221_4o__T1294v2TS079_5o	0.603	0.713	0.713	0.627	0.667	0.598
T1294v2TS221_5o__T1294v2TS148_5o	0.586	0.714	0.714	0.619	0.695	0.607
T1294v2TS221_5o__T1294v2TS393_4o	0.58	0.712	0.712	0.63	0.676	0.604
T1294v2TS241_3o__T1294v2TS091_1o	0.771	0.729	0.729	0.684	0.764	0.714
T1294v2TS241_4o__T1294v2TS164_1o	0.957	0.981	0.981	0.929	0.961	0.922
T1294v2TS261_2o__T1294v2TS196_1o	0.784	0.937	0.937	0.83	0.806	0.857
T1294v2TS261_4o__T1294v2TS261_2o	0.772	0.932	0.932	0.865	0.845	0.851
T1294v2TS261_5o__T1294v2TS147_4o	0.791	0.946	0.946	0.824	0.83	0.799
T1294v2TS261_5o__T1294v2TS221_5o	0.539	0.718	0.718	0.566	0.648	0.491
T1294v2TS262_1o__T1294v2TS456_3o	0.279	0.339	0.339	0.164	0.421	0.202
T1294v2TS262_5o__T1294v2TS014_3o	0.263	0.36	0.36	0.171	0.426	0.196
T1294v2TS264_5o__T1294v2TS388_3o	0.467	0.643	0.643	0.54	0.745	0.522
T1294v2TS264_6o__T1294v2TS198_4o	0.912	0.97	0.97	0.902	0.922	0.913
T1294v2TS267_1o__T1294v2TS059_4o	0.46	0.641	0.641	0.504	0.697	0.484
T1294v2TS267_3o__T1294v2TS122_5o	0.913	0.969	0.969	0.896	0.902	0.875
T1294v2TS272_2o__T1294v2TS059_3o	0.697	0.873	0.873	0.748	0.794	0.702
T1294v2TS272_3o__T1294v2TS301_2o	0.729	0.898	0.898	0.767	0.788	0.79
T1294v2TS284_1o__T1294v2TS425_4o	0.922	0.972	0.972	0.88	0.887	0.843
T1294v2TS284_3o__T1294v2TS301_1o	0.978	0.99	0.99	0.969	1.0	0.946
T1294v2TS284_4o__T1294v2TS272_5o	0.745	0.928	0.928	0.836	0.873	0.746
T1294v2TS284_5o__T1294v2TS301_2o	0.985	0.994	0.994	0.966	0.93	0.986
T1294v2TS286_2o__T1294v2TS198_3o	0.904	0.961	0.961	0.879	0.879	0.937
T1294v2TS287_1o__T1294v2TS393_2o	0.97	0.986	0.986	0.947	0.961	0.893
T1294v2TS293_5o__T1294v2TS284_4o	0.939	0.976	0.976	0.934	0.933	0.886
T1294v2TS298_1o__T1294v2TS014_3o	0.875	0.963	0.963	0.872	0.865	0.937
T1294v2TS301_3o__T1294v2TS022_5o	0.982	0.99	0.99	0.958	0.99	0.961
T1294v2TS301_4o__T1294v2TS284_5o	0.988	0.994	0.994	0.965	0.929	0.976
T1294v2TS304_1o__T1294v2TS261_3o	0.759	0.935	0.935	0.817	0.89	0.821
T1294v2TS312_3o__T1294v2TS163_5o	0.928	0.97	0.97	0.944	0.971	0.913
T1294v2TS312_5o__T1294v2TS262_2o	0.757	0.67	0.67	0.646	0.699	0.537
T1294v2TS319_5o__T1294v2TS059_4o	0.489	0.666	0.666	0.494	0.746	0.538
T1294v2TS319_5o__T1294v2TS294_2o	0.356	0.531	0.531	0.427	0.556	0.448
T1294v2TS322_1o__T1294v2TS241_5o	0.861	0.953	0.953	0.853	0.913	0.868
T1294v2TS331_4o__T1294v2TS264_5o	0.91	0.972	0.972	0.897	0.887	0.841
T1294v2TS331_5o__T1294v2TS051_2o	0.618	0.808	0.808	0.644	0.7	0.628
T1294v2TS345_5o__T1294v2TS139_3o	0.537	0.776	0.776	0.654	0.759	0.603
T1294v2TS345_6o__T1294v2TS059_1o	0.469	0.657	0.657	0.532	0.716	0.489
T1294v2TS369_1o__T1294v2TS294_2o	0.491	0.687	0.687	0.603	0.64	0.514
T1294v2TS369_4o__T1294v2TS423_1o	0.802	0.944	0.944	0.82	0.807	0.82
T1294v2TS388_2o__T1294v2TS294_4o	0.521	0.674	0.674	0.578	0.703	0.546
T1294v2TS388_5o__T1294v2TS167_5o	0.843	0.956	0.956	0.877	0.941	0.912
T1294v2TS388_5o__T1294v2TS286_2o	0.843	0.959	0.959	0.841	0.854	0.871
T1294v2TS393_2o__T1294v2TS393_6o	0.96	0.985	0.985	0.928	0.941	0.895
T1294v2TS393_5o__T1294v2TS298_5o	0.888	0.963	0.963	0.91	0.918	0.914
T1294v2TS419_1o__T1294v2TS145_2o	0.593	0.694	0.694	0.584	0.652	0.595
T1294v2TS419_3o__T1294v2TS293_3o	0.576	0.614	0.614	0.569	0.639	0.47
T1294v2TS419_3o__T1294v2TS345_2o	0.573	0.616	0.616	0.571	0.623	0.478
T1294v2TS419_4o__T1294v2TS287_5o	0.476	0.504	0.504	0.431	0.524	0.402
T1294v2TS423_1o__T1294v2TS423_4o	0.941	0.994	0.994	0.978	0.989	0.998
T1294v2TS423_2o__T1294v2TS298_3o	0.956	0.993	0.993	0.974	0.957	0.997
T1294v2TS425_4o__T1294v2TS287_3o	0.92	0.975	0.975	0.888	0.906	0.848
T1294v2TS425_5o__T1294v2TS287_3o	0.676	0.833	0.833	0.664	0.833	0.728
T1294v2TS456_1o__T1294v2TS110_5o	0.958	0.984	0.984	0.951	0.96	0.928
T1294v2TS456_5o__T1294v2TS028_4o	0.983	0.991	0.991	0.943	0.96	0.931
T1294v2TS462_1o__T1294v2TS148_1o	0.938	0.981	0.981	0.908	0.909	0.911
T1294v2TS462_1o__T1294v2TS241_5o	0.912	0.972	0.972	0.897	0.889	0.896
T1294v2TS462_1o__T1294v2TS322_1o	0.832	0.955	0.955	0.809	0.845	0.834
T1294v2TS462_2o__T1294v2TS196_2o	0.919	0.978	0.978	0.921	0.891	0.93
T1294v2TS462_3o__T1294v2TS015_4o	0.103	0.119	0.119	0.024	0.524	0.048
T1294v2TS475_2o__T1294v2TS075_5o	0.986	0.994	0.994	0.966	0.93	0.969
T1294v2TS475_3o__T1294v2TS198_4o	0.914	0.971	0.971	0.923	0.922	0.883
T1295TS014_2o__T1295TS319_2o	0.004	0.002	0.002	0.0	0.285	0.007
T1295TS014_4o__T1295TS465_3o	0.002	0.003	0.003	0.0	0.122	0.006
T1295TS014_5o__T1295TS475_5o	0.005	0.0	0.0	0.0	0.119	0.005
T1295TS015_2o__T1295TS475_4o	0.039	0.018	0.018	0.026	0.367	0.02
T1295TS015_4o__T1295TS294_4o	0.024	0.01	0.01	0.018	0.316	0.025
T1295TS022_2o__T1295TS052_5o	0.709	0.697	0.697	0.682	0.714	0.538
T1295TS022_4o__T1295TS015_4o	0.001	0.001	0.001	0.001	0.308	0.025
T1295TS022_5o__T1295TS294_5o	0.162	0.207	0.207	0.29	0.282	0.026
T1295TS028_2o__T1295TS059_4o	0.227	0.181	0.181	0.279	0.277	0.12
T1295TS031_2o__T1295TS425_4o	0.287	0.149	0.149	0.23	0.305	0.074
T1295TS040_1o__T1295TS272_1o	0.316	0.22	0.22	0.304	0.237	0.065
T1295TS052_2o__T1295TS262_5o	0.705	0.853	0.853	0.697	0.781	0.735
T1295TS052_4o__T1295TS425_5o	0.365	0.202	0.202	0.321	0.291	0.311
T1295TS075_4o__T1295TS196_5o	0.246	0.276	0.276	0.39	0.378	0.039
T1295TS079_3o__T1295TS298_2o	0.716	0.254	0.637	0.397	0.254	0.418
T1295TS079_5o__T1295TS304_5o	0.37	0.135	0.253	0.22	0.221	0.26
T1295TS091_1o__T1295TS196_4o	0.29	0.347	0.347	0.445	0.35	0.212
T1295TS110_5o__T1295TS267_1o	0.198	0.213	0.213	0.336	0.293	0.036
T1295TS122_3o__T1295TS164_2o	0.022	0.023	0.023	0.036	0.117	0.028
T1295TS147_3o__T1295TS284_2o	0.271	0.193	0.193	0.32	0.437	0.111
T1295TS147_5o__T1295TS208_1o	0.378	0.304	0.304	0.401	0.45	0.165
T1295TS148_4o__T1295TS051_3o	0.336	0.184	0.184	0.299	0.306	0.263
T1295TS164_1o__T1295TS267_1o	0.505	0.395	0.395	0.53	0.557	0.182
T1295TS164_3o__T1295TS148_2o	0.145	0.062	0.062	0.092	0.222	0.063
T1295TS164_5o__T1295TS287_3o	0.617	0.391	0.391	0.429	0.333	0.242
T1295TS167_5o__T1295TS304_4o	0.423	0.335	0.335	0.518	0.479	0.27
T1295TS221_1o__T1295TS294_4o	0.438	0.228	0.228	0.337	0.27	0.101
T1295TS262_2o__T1295TS164_5o	0.159	0.249	0.249	0.301	0.216	0.049
T1295TS262_3o__T1295TS450_5o	0.502	0.573	0.573	0.483	0.659	0.39
T1295TS264_1o__T1295TS419_1o	0.197	0.225	0.225	0.32	0.219	0.031
T1295TS264_2o__T1295TS022_2o	0.504	0.465	0.465	0.447	0.61	0.397
T1295TS264_4o__T1295TS028_5o	0.444	0.343	0.343	0.363	0.619	0.356
T1295TS264_5o__T1295TS052_2o	0.655	0.722	0.722	0.652	0.726	0.78
T1295TS267_4o__T1295TS294_1o	0.483	0.418	0.418	0.623	0.493	0.161
T1295TS272_4o__T1295TS284_2o	0.313	0.229	0.229	0.358	0.372	0.097
T1295TS272_5o__T1295TS267_2o	0.303	0.276	0.276	0.403	0.331	0.115
T1295TS284_2o__T1295TS331_5o	0.312	0.156	0.156	0.26	0.292	0.098
T1295TS284_3o__T1295TS031_2o	0.264	0.248	0.248	0.377	0.324	0.082
T1295TS284_3o__T1295TS264_3o	0.323	0.196	0.196	0.304	0.388	0.129
T1295TS286_1o__T1295TS015_5o	0.004	0.005	0.005	0.001	0.357	0.007
T1295TS286_2o__T1295TS164_2o	0.004	0.0	0.0	0.0	0.152	0.034
T1295TS286_3o__T1295TS028_2o	0.448	0.213	0.213	0.322	0.191	0.126
T1295TS287_1o__T1295TS465_2o	0.349	0.532	0.532	0.566	0.491	0.157
T1295TS287_2o__T1295TS456_1o	0.554	0.292	0.292	0.44	0.439	0.315
T1295TS287_4o__T1295TS294_3o	0.246	0.296	0.296	0.407	0.411	0.072
T1295TS287_4o__T1295TS312_5o	0.494	0.326	0.326	0.464	0.404	0.254
T1295TS293_3o__T1295TS284_2o	0.651	0.201	0.422	0.338	0.229	0.286
T1295TS294_1o__T1295TS075_5o	0.383	0.263	0.263	0.372	0.28	0.096
T1295TS294_3o__T1295TS147_3o	0.394	0.21	0.21	0.301	0.295	0.093
T1295TS294_3o__T1295TS163_4o	0.023	0.028	0.028	0.021	0.121	0.014
T1295TS294_4o__T1295TS393_2o	0.422	0.378	0.378	0.362	0.582	0.217
T1295TS294_5o__T1295TS059_2o	0.461	0.228	0.228	0.31	0.309	0.154
T1295TS298_2o__T1295TS015_1o	0.067	0.066	0.066	0.105	0.434	0.024
T1295TS298_3o__T1295TS241_5o	0.252	0.141	0.141	0.221	0.335	0.074
T1295TS298_4o__T1295TS015_3o	0.113	0.082	0.082	0.119	0.378	0.027
T1295TS298_4o__T1295TS465_3o	0.052	0.056	0.056	0.068	0.272	0.013
T1295TS301_3o__T1295TS163_3o	0.062	0.068	0.068	0.109	0.285	0.016
T1295TS304_2o__T1295TS028_4o	0.463	0.316	0.316	0.441	0.52	0.242
T1295TS304_2o__T1295TS241_4o	0.488	0.301	0.301	0.447	0.46	0.238
T1295TS304_4o__T1295TS110_4o	0.547	0.476	0.476	0.521	0.484	0.264
T1295TS304_5o__T1295TS331_1o	0.357	0.209	0.209	0.323	0.3	0.188
T1295TS312_2o__T1295TS450_5o	0.654	0.754	0.754	0.638	0.741	0.604
T1295TS319_3o__T1295TS163_1o	0.027	0.024	0.024	0.045	0.059	0.039
T1295TS319_4o__T1295TS219_1o	0.003	0.0	0.0	0.0	0.27	0.004
T1295TS331_5o__T1295TS015_2o	0.001	0.001	0.001	0.001	0.231	0.025
T1295TS331_5o__T1295TS286_2o	0.01	0.007	0.007	0.003	0.299	0.026
T1295TS388_1o__T1295TS287_5o	0.234	0.153	0.153	0.236	0.346	0.038
T1295TS388_5o__T1295TS059_4o	0.668	0.765	0.765	0.762	0.858	0.308
T1295TS393_1o__T1295TS419_5o	0.356	0.27	0.27	0.387	0.518	0.27
T1295TS393_1o__T1295TS423_2o	0.176	0.168	0.168	0.249	0.242	0.035
T1295TS393_1o__T1295TS456_1o	0.747	0.739	0.739	0.714	0.793	0.605
T1295TS419_1o__T1295TS450_4o	0.003	0.0	0.0	0.0	0.1	0.012
T1295TS419_4o__T1295TS241_1o	0.406	0.303	0.303	0.355	0.495	0.252
T1295TS419_5o__T1295TS091_2o	0.417	0.331	0.331	0.418	0.54	0.264
T1295TS423_4o__T1295TS091_5o	0.323	0.145	0.145	0.203	0.25	0.034
T1295TS423_5o__T1295TS051_3o	0.324	0.126	0.126	0.198	0.214	0.073
T1295TS425_3o__T1295TS241_4o	0.37	0.2	0.2	0.331	0.295	0.32
T1295TS425_3o__T1295TS284_3o	0.25	0.162	0.162	0.265	0.272	0.077
T1295TS425_4o__T1295TS015_2o	0.001	0.001	0.001	0.001	0.241	0.026
T1295TS425_4o__T1295TS287_3o	0.376	0.251	0.251	0.403	0.315	0.313
T1295TS425_5o__T1295TS286_3o	0.186	0.172	0.172	0.256	0.163	0.024
T1295TS450_1o__T1295TS264_6o	0.001	0.001	0.001	0.0	0.04	0.005
T1295TS450_1o__T1295TS425_5o	0.035	0.007	0.007	0.0	0.113	0.005
T1295TS456_1o__T1295TS345_1o	0.334	0.198	0.198	0.315	0.337	0.254
T1295TS456_5o__T1295TS462_6o	0.127	0.131	0.131	0.187	0.321	0.026
T1295TS462_2o__T1295TS208_5o	0.369	0.279	0.279	0.352	0.417	0.215
T1295TS462_3o__T1295TS312_1o	0.437	0.267	0.267	0.431	0.533	0.371
T1295TS462_4o__T1295TS262_5o	0.375	0.255	0.255	0.401	0.434	0.296
T1295TS462_5o__T1295TS475_1o	0.267	0.196	0.196	0.308	0.449	0.107
T1295TS465_2o__T1295TS264_6o	0.71	0.37	0.37	0.412	0.332	0.383
T1295TS465_4o__T1295TS331_3o	0.43	0.155	0.155	0.197	0.18	0.129
T1295TS465_5o__T1295TS208_1o	0.298	0.201	0.201	0.238	0.227	0.131
T1295TS475_3o__T1295TS345_4o	0.322	0.152	0.152	0.263	0.261	0.1
T1298TS014_5o__T1298TS290_2o	0.86	0.941	0.941	0.849	0.879	0.644
T1298TS014_6o__T1298TS040_2o	0.784	0.899	0.899	0.818	0.848	0.392
T1298TS022_1o__T1298TS286_3o	0.92	0.969	0.969	0.921	0.913	0.81
T1298TS022_3o__T1298TS462_1o	0.96	0.981	0.981	0.927	0.951	0.533
T1298TS040_4o__T1298TS450_4o	0.373	0.325	0.325	0.306	0.295	0.162
T1298TS040_5o__T1298TS465_4o	0.749	0.93	0.93	0.861	0.868	0.327
T1298TS051_6o__T1298TS208_4o	0.929	0.973	0.973	0.924	0.944	0.434
T1298TS079_4o__T1298TS322_4o	0.346	0.406	0.406	0.362	0.604	0.162
T1298TS085_4o__T1298TS286_5o	0.715	0.917	0.917	0.792	0.815	0.344
T1298TS122_1o__T1298TS261_3o	0.83	0.959	0.959	0.891	0.929	0.424
T1298TS122_1o__T1298TS331_2o	0.891	0.971	0.971	0.902	0.905	0.422
T1298TS122_2o__T1298TS198_5o	0.907	0.974	0.974	0.951	0.922	0.449
T1298TS122_5o__T1298TS337_3o	0.565	0.612	0.612	0.662	0.767	0.269
T1298TS139_1o__T1298TS022_1o	0.87	0.952	0.952	0.881	0.827	0.367
T1298TS139_2o__T1298TS419_5o	0.498	0.506	0.506	0.49	0.51	0.182
T1298TS139_3o__T1298TS331_1o	0.535	0.487	0.487	0.498	0.52	0.209
T1298TS139_4o__T1298TS293_5o	0.521	0.498	0.498	0.481	0.506	0.193
T1298TS139_6o__T1298TS052_2o	0.909	0.967	0.967	0.919	0.904	0.835
T1298TS147_1o__T1298TS091_2o	0.947	0.978	0.978	0.93	0.943	0.848
T1298TS147_3o__T1298TS241_2o	0.874	0.959	0.959	0.907	0.967	0.407
T1298TS147_4o__T1298TS264_3o	0.829	0.934	0.934	0.824	0.874	0.399
T1298TS147_4o__T1298TS290_1o	0.863	0.938	0.938	0.882	0.934	0.612
T1298TS147_5o__T1298TS110_1o	0.915	0.967	0.967	0.923	0.958	0.545
T1298TS148_1o__T1298TS388_3o	0.592	0.507	0.507	0.538	0.539	0.22
T1298TS148_2o__T1298TS204_2o	0.917	0.978	0.978	0.925	0.937	0.416
T1298TS148_5o__T1298TS298_2o	0.907	0.976	0.976	0.941	0.937	0.437
T1298TS163_4o__T1298TS304_1o	0.958	0.979	0.979	0.952	0.937	0.44
T1298TS164_3o__T1298TS494_2o	0.936	0.982	0.982	0.912	0.928	0.849
T1298TS164_5o__T1298TS301_3o	0.963	0.978	0.978	0.955	0.96	0.458
T1298TS167_3o__T1298TS208_4o	0.455	0.508	0.508	0.38	0.376	0.222
T1298TS167_4o__T1298TS331_5o	0.195	0.324	0.324	0.315	0.294	0.089
T1298TS196_1o__T1298TS419_4o	0.797	0.932	0.932	0.815	0.8	0.624
T1298TS196_4o__T1298TS196_1o	0.996	0.995	0.995	0.997	0.992	0.707
T1298TS196_5o__T1298TS114_2o	0.595	0.626	0.626	0.667	0.774	0.265
T1298TS196_5o__T1298TS290_4o	0.924	0.977	0.977	0.894	0.88	0.508
T1298TS204_1o__T1298TS301_2o	0.982	0.986	0.986	0.966	0.952	0.47
T1298TS204_3o__T1298TS114_4o	0.547	0.609	0.609	0.64	0.767	0.263
T1298TS204_5o__T1298TS312_2o	0.982	0.988	0.988	0.969	0.944	0.432
T1298TS204_5o__T1298TS423_1o	0.928	0.977	0.977	0.904	0.892	0.649
T1298TS208_3o__T1298TS301_1o	0.981	0.991	0.991	0.982	0.969	0.92
T1298TS218_2o__T1298TS147_3o	0.855	0.958	0.958	0.883	0.921	0.416
T1298TS218_4o__T1298TS262_5o	0.959	0.978	0.978	0.963	0.938	0.442
T1298TS221_1o__T1298TS051_5o	0.881	0.959	0.959	0.934	0.928	0.379
T1298TS261_2o__T1298TS079_2o	0.881	0.966	0.966	0.876	0.926	0.914
T1298TS261_3o__T1298TS267_1o	0.877	0.968	0.968	0.876	0.881	0.638
T1298TS262_1o__T1298TS040_5o	0.822	0.935	0.935	0.846	0.862	0.426
T1298TS262_2o__T1298TS085_1o	0.875	0.956	0.956	0.903	0.891	0.428
T1298TS262_4o__T1298TS450_2o	0.475	0.565	0.565	0.533	0.64	0.212
T1298TS262_5o__T1298TS051_6o	0.873	0.967	0.967	0.918	0.921	0.404
T1298TS264_3o__T1298TS079_3o	0.929	0.979	0.979	0.944	0.936	0.445
T1298TS264_5o__T1298TS221_1o	0.901	0.962	0.962	0.929	0.906	0.363
T1298TS264_5o__T1298TS262_1o	0.879	0.967	0.967	0.905	0.904	0.406
T1298TS264_6o__T1298TS148_4o	0.991	0.993	0.993	0.975	0.984	0.958
T1298TS267_1o__T1298TS091_2o	0.952	0.98	0.98	0.933	0.927	0.542
T1298TS267_2o__T1298TS393_5o	0.921	0.973	0.973	0.892	0.883	0.433
T1298TS267_3o__T1298TS051_1o	0.915	0.972	0.972	0.921	0.936	0.445
T1298TS267_5o__T1298TS040_1o	0.869	0.951	0.951	0.917	0.945	0.615
T1298TS272_4o__T1298TS196_4o	0.945	0.98	0.98	0.946	0.984	0.71
T1298TS274_2o__T1298TS079_1o	0.92	0.981	0.981	0.926	0.968	0.761
T1298TS286_3o__T1298TS147_5o	0.879	0.967	0.967	0.935	0.975	0.435
T1298TS286_5o__T1298TS286_2o	0.775	0.924	0.924	0.813	0.835	0.397
T1298TS287_1o__T1298TS208_5o	0.987	0.994	0.994	0.982	0.976	0.868
T1298TS287_2o__T1298TS319_4o	0.875	0.969	0.969	0.914	0.943	0.408
T1298TS287_4o__T1298TS204_2o	0.908	0.977	0.977	0.926	0.944	0.404
T1298TS293_1o__T1298TS196_3o	0.978	0.987	0.987	0.965	0.984	0.784
T1298TS293_2o__T1298TS241_2o	0.952	0.981	0.981	0.944	0.944	0.436
T1298TS293_2o__T1298TS300_2o	0.484	0.644	0.644	0.647	0.583	0.19
T1298TS293_3o__T1298TS051_1o	0.953	0.98	0.98	0.963	0.96	0.446
T1298TS293_4o__T1298TS139_5o	0.841	0.96	0.96	0.891	0.857	0.392
T1298TS294_1o__T1298TS294_4o	0.976	0.991	0.991	0.965	0.926	0.78
T1298TS294_4o__T1298TS322_1o	0.695	0.876	0.876	0.721	0.852	0.428
T1298TS300_1o__T1298TS322_3o	0.651	0.655	0.655	0.667	0.547	0.278
T1298TS300_3o__T1298TS293_2o	0.604	0.64	0.64	0.657	0.556	0.28
T1298TS301_1o__T1298TS163_2o	0.918	0.975	0.975	0.947	0.937	0.436
T1298TS301_1o__T1298TS312_5o	0.951	0.987	0.987	0.963	0.961	0.373
T1298TS304_5o__T1298TS091_5o	0.967	0.324	0.324	0.507	0.349	0.416
T1298TS312_1o__T1298TS345_5o	0.963	0.989	0.989	0.972	0.992	0.379
T1298TS319_1o__T1298TS287_3o	0.961	0.991	0.991	0.997	1.0	0.457
T1298TS319_3o__T1298TS267_1o	0.958	0.985	0.985	0.932	0.918	0.678
T1298TS322_4o__T1298TS014_1o	0.213	0.193	0.193	0.117	0.359	0.051
T1298TS322_4o__T1298TS337_5o	0.478	0.44	0.44	0.389	0.524	0.136
T1298TS331_2o__T1298TS022_2o	0.917	0.969	0.969	0.915	0.912	0.423
T1298TS337_5o__T1298TS301_1o	0.536	0.603	0.603	0.66	0.754	0.273
T1298TS345_5o__T1298TS031_5o	0.904	0.974	0.974	0.913	0.912	0.396
T1298TS345_6o__T1298TS337_3o	0.576	0.619	0.619	0.646	0.75	0.294
T1298TS393_1o__T1298TS304_4o	0.958	0.985	0.985	0.975	0.968	0.384
T1298TS423_2o__T1298TS456_3o	0.944	0.984	0.984	0.926	0.937	0.707
T1298TS425_2o__T1298TS272_2o	0.834	0.933	0.933	0.834	0.914	0.431
T1298TS425_3o__T1298TS290_4o	0.931	0.977	0.977	0.903	0.875	0.511
T1298TS425_5o__T1298TS319_5o	0.823	0.934	0.934	0.856	0.952	0.406
T1298TS450_4o__T1298TS462_5o	0.199	0.326	0.326	0.326	0.282	0.091
T1298TS462_1o__T1298TS145_3o	0.964	0.983	0.983	0.949	0.959	0.525
T1298TS462_1o__T1298TS298_3o	0.949	0.982	0.982	0.94	0.928	0.544
T1298TS462_6o__T1298TS028_5o	0.883	0.949	0.949	0.875	0.934	0.5
T1298TS465_1o__T1298TS059_3o	0.608	0.5	0.5	0.51	0.533	0.21
T1298TS465_3o__T1298TS272_3o	0.901	0.972	0.972	0.927	0.935	0.493
T1298TS475_1o__T1298TS489_5o	0.93	0.978	0.978	0.956	0.968	0.476
T1298TS489_1o__T1298TS122_1o	0.936	0.975	0.975	0.934	0.96	0.446
T1298TS489_3o__T1298TS031_1o	0.956	0.984	0.984	0.955	0.983	0.545
T1298TS489_3o__T1298TS319_1o	0.941	0.976	0.976	0.953	0.984	0.441
T2201TS008_2o__T2201TS264_2o	0.623	0.728	0.728	0.707	0.75	0.532
T2201TS014_3o__T2201TS475_1o	0.626	0.731	0.731	0.698	0.772	0.385
T2201TS015_1o__T2201TS163_5o	0.824	0.666	0.666	0.733	0.832	0.515
T2201TS015_2o__T2201TS085_5o	0.804	0.758	0.758	0.736	0.807	0.566
T2201TS015_2o__T2201TS423_4o	0.555	0.592	0.592	0.606	0.585	0.27
T2201TS015_4o__T2201TS456_5o	0.363	0.305	0.482	0.385	0.419	0.168
T2201TS022_2o__T2201TS358_1o	0.752	0.702	0.912	0.718	0.722	0.738
T2201TS022_4o__T2201TS314_5o	0.83	0.917	0.917	0.835	0.857	0.738
T2201TS028_3o__T2201TS465_2o	0.713	0.867	0.867	0.758	0.747	0.567
T2201TS051_4o__T2201TS219_2o	0.605	0.699	0.699	0.731	0.663	0.343
T2201TS075_2o__T2201TS241_1o	0.829	0.818	0.818	0.799	0.791	0.38
T2201TS079_1o__T2201TS139_4o	0.231	0.253	0.253	0.331	0.298	0.114
T2201TS079_5o__T2201TS022_4o	0.863	0.922	0.922	0.881	0.803	0.84
T2201TS085_5o__T2201TS221_3o	0.8	0.788	0.788	0.826	0.799	0.46
T2201TS091_1o__T2201TS284_3o	0.891	0.974	0.974	0.911	0.881	0.808
T2201TS091_3o__T2201TS028_2o	0.629	0.714	0.714	0.702	0.718	0.359
T2201TS091_5o__T2201TS475_3o	0.691	0.778	0.778	0.764	0.794	0.345
T2201TS110_3o__T2201TS015_1o	0.829	0.497	0.497	0.593	0.561	0.404
T2201TS122_1o__T2201TS122_4o	0.756	0.499	0.499	0.609	0.571	0.275
T2201TS122_2o__T2201TS196_4o	0.759	0.632	0.632	0.709	0.659	0.242
T2201TS122_2o__T2201TS388_4o	0.054	0.04	0.04	0.026	0.266	0.037
T2201TS139_2o__T2201TS423_2o	0.612	0.283	0.283	0.411	0.359	0.304
T2201TS139_4o__T2201TS051_3o	0.469	0.178	0.178	0.223	0.241	0.195
T2201TS145_1o__T2201TS293_1o	0.895	0.892	0.892	0.878	0.858	0.452
T2201TS145_2o__T2201TS091_3o	0.785	0.725	0.725	0.714	0.74	0.479
T2201TS145_4o__T2201TS196_3o	0.942	0.983	0.983	0.937	0.913	0.871
T2201TS147_2o__T2201TS198_1o	0.646	0.623	0.623	0.76	0.637	0.267
T2201TS147_4o__T2201TS015_5o	0.467	0.576	0.576	0.523	0.751	0.311
T2201TS147_5o__T2201TS290_2o	0.612	0.659	0.659	0.722	0.667	0.338
T2201TS148_4o__T2201TS139_4o	0.221	0.232	0.232	0.262	0.28	0.094
T2201TS163_2o__T2201TS145_1o	0.546	0.599	0.599	0.657	0.646	0.228
T2201TS164_2o__T2201TS147_1o	0.765	0.803	0.803	0.792	0.746	0.457
T2201TS164_3o__T2201TS147_2o	0.803	0.863	0.863	0.815	0.798	0.748
T2201TS164_4o__T2201TS059_6o	0.634	0.653	0.653	0.726	0.619	0.303
T2201TS164_4o__T2201TS110_5o	0.666	0.704	0.704	0.773	0.743	0.414
T2201TS171_1o__T2201TS015_2o	0.754	0.619	0.619	0.64	0.651	0.415
T2201TS171_3o__T2201TS241_1o	0.735	0.752	0.752	0.702	0.744	0.394
T2201TS171_3o__T2201TS261_3o	0.109	0.1	0.1	0.059	0.321	0.066
T2201TS171_5o__T2201TS198_3o	0.783	0.638	0.638	0.675	0.608	0.236
T2201TS196_3o__T2201TS139_1o	0.762	0.822	0.822	0.777	0.732	0.367
T2201TS196_3o__T2201TS287_1o	0.813	0.86	0.86	0.795	0.786	0.38
T2201TS204_1o__T2201TS286_1o	0.731	0.868	0.868	0.76	0.8	0.701
T2201TS221_3o__T2201TS489_1o	0.756	0.931	0.931	0.881	0.89	0.824
T2201TS221_4o__T2201TS419_1o	0.686	0.771	0.771	0.822	0.743	0.362
T2201TS221_4o__T2201TS462_3o	0.682	0.743	0.743	0.793	0.738	0.413
T2201TS221_5o__T2201TS051_5o	0.774	0.839	0.839	0.816	0.813	0.452
T2201TS241_1o__T2201TS059_6o	0.743	0.847	0.847	0.812	0.769	0.414
T2201TS241_1o__T2201TS274_5o	0.25	0.198	0.198	0.297	0.353	0.105
T2201TS262_1o__T2201TS171_2o	0.61	0.925	0.925	0.864	0.877	0.8
T2201TS262_1o__T2201TS314_1o	0.634	0.785	0.785	0.655	0.753	0.426
T2201TS262_2o__T2201TS091_1o	0.619	0.761	0.761	0.693	0.685	0.394
T2201TS262_3o__T2201TS358_5o	0.567	0.616	0.616	0.612	0.681	0.443
T2201TS262_5o__T2201TS059_1o	0.577	0.683	0.683	0.672	0.63	0.354
T2201TS267_1o__T2201TS293_1o	0.359	0.323	0.323	0.445	0.537	0.137
T2201TS272_1o__T2201TS079_1o	0.0	0.0	0.0	0.0	0.208	0.007
T2201TS272_6o__T2201TS147_4o	0.77	0.728	0.728	0.717	0.698	0.45
T2201TS274_4o__T2201TS079_4o	0.322	0.184	0.184	0.283	0.314	0.112
T2201TS287_1o__T2201TS274_1o	0.875	0.968	0.968	0.872	0.885	0.844
T2201TS294_4o__T2201TS262_4o	0.796	0.888	0.888	0.828	0.877	0.738
T2201TS294_5o__T2201TS171_2o	0.276	0.298	0.298	0.405	0.478	0.138
T2201TS298_2o__T2201TS388_4o	0.06	0.049	0.049	0.029	0.287	0.048
T2201TS301_2o__T2201TS358_2o	0.657	0.699	0.699	0.712	0.778	0.409
T2201TS301_3o__T2201TS110_5o	0.791	0.906	0.906	0.865	0.902	0.473
T2201TS304_2o__T2201TS284_5o	0.784	0.9	0.9	0.854	0.831	0.579
T2201TS312_3o__T2201TS272_3o	0.648	0.669	0.669	0.659	0.733	0.349
T2201TS314_1o__T2201TS145_4o	0.673	0.779	0.779	0.756	0.765	0.319
T2201TS314_2o__T2201TS475_5o	0.889	0.95	0.95	0.92	0.938	0.785
T2201TS323_1o__T2201TS198_2o	0.816	0.896	0.896	0.834	0.822	0.614
T2201TS345_3o__T2201TS290_4o	0.493	0.554	0.554	0.571	0.547	0.272
T2201TS358_2o__T2201TS014_1o	0.628	0.569	0.569	0.594	0.706	0.391
T2201TS358_2o__T2201TS322_5o	0.23	0.178	0.178	0.26	0.347	0.106
T2201TS358_4o__T2201TS110_5o	0.698	0.665	0.665	0.698	0.72	0.31
T2201TS358_4o__T2201TS419_5o	0.711	0.652	0.652	0.697	0.653	0.278
T2201TS369_1o__T2201TS375_4o	0.745	0.905	0.905	0.826	0.777	0.695
T2201TS369_5o__T2201TS014_6o	0.778	0.815	0.815	0.747	0.789	0.568
T2201TS375_1o__T2201TS369_2o	0.822	0.881	0.881	0.796	0.764	0.709
T2201TS375_3o__T2201TS456_4o	0.711	0.839	0.839	0.84	0.831	0.353
T2201TS375_3o__T2201TS465_3o	0.826	0.901	0.901	0.827	0.802	0.53
T2201TS419_5o__T2201TS284_1o	0.825	0.833	0.833	0.785	0.717	0.409
T2201TS423_3o__T2201TS323_1o	0.849	0.908	0.908	0.835	0.792	0.601
T2201TS423_4o__T2201TS287_4o	0.826	0.892	0.892	0.83	0.795	0.701
T2201TS450_2o__T2201TS301_5o	0.786	0.761	0.761	0.752	0.712	0.37
T2201TS450_5o__T2201TS091_5o	0.53	0.304	0.304	0.451	0.429	0.185
T2201TS462_1o__T2201TS139_2o	0.231	0.229	0.229	0.358	0.289	0.111
T2201TS462_1o__T2201TS304_2o	0.658	0.745	0.745	0.719	0.786	0.395
T2201TS465_5o__T2201TS262_2o	0.775	0.795	0.795	0.787	0.793	0.457
T2201TS475_2o__T2201TS272_2o	0.003	0.0	0.0	0.0	0.062	0.009
T2201TS489_2o__T2201TS358_1o	0.678	0.653	0.653	0.656	0.659	0.308
T2201TS489_2o__T2201TS450_2o	0.79	0.877	0.877	0.774	0.837	0.383
T2201TS489_3o__T2201TS171_2o	0.696	0.643	0.643	0.774	0.743	0.513
T2201TS489_5o__T2201TS022_3o	0.808	0.805	0.805	0.803	0.72	0.469
T2201TS489_5o__T2201TS475_3o	0.807	0.745	0.745	0.76	0.693	0.465
T2206TS014_5o__T2206TS369_2o	0.933	0.974	0.974	0.924	0.903	0.942
T2206TS014_6o__T2206TS164_1o	0.792	0.572	0.572	0.556	0.637	0.499
T2206TS022_4o__T2206TS079_1o	0.545	0.5	0.5	0.511	0.615	0.364
T2206TS023_3o__T2206TS187_1o	0.945	0.976	0.976	0.931	0.943	0.915
T2206TS028_3o__T2206TS494_4o	0.934	0.974	0.974	0.947	0.983	0.699
T2206TS040_1o__T2206TS298_4o	0.75	0.93	0.93	0.839	0.88	0.825
T2206TS040_1o__T2206TS419_5o	0.767	0.928	0.928	0.84	0.881	0.799
T2206TS040_2o__T2206TS079_4o	0.876	0.96	0.96	0.915	0.952	0.787
T2206TS051_1o__T2206TS110_2o	0.974	0.983	0.983	0.946	0.942	0.968
T2206TS052_1o__T2206TS322_3o	0.528	0.725	0.725	0.534	0.781	0.556
T2206TS052_4o__T2206TS261_1o	0.731	0.824	0.824	0.793	0.888	0.716
T2206TS059_1o__T2206TS014_2o	0.925	0.982	0.982	0.932	0.984	0.958
T2206TS059_1o__T2206TS489_5o	0.684	0.481	0.481	0.479	0.557	0.454
T2206TS075_1o__T2206TS262_3o	0.832	0.95	0.95	0.873	0.899	0.915
T2206TS075_4o__T2206TS145_1o	0.953	0.98	0.98	0.956	0.933	0.955
T2206TS079_2o__T2206TS380_4o	0.952	0.978	0.978	0.946	0.95	0.953
T2206TS079_4o__T2206TS204_1o	0.944	0.974	0.974	0.93	0.975	0.929
T2206TS079_5o__T2206TS293_3o	0.973	0.994	0.994	0.995	0.984	0.995
T2206TS079_5o__T2206TS380_5o	0.951	0.978	0.978	0.936	0.934	0.943
T2206TS091_4o__T2206TS286_5o	0.298	0.425	0.425	0.253	0.497	0.247
T2206TS110_1o__T2206TS375_3o	0.957	0.98	0.98	0.972	0.959	0.974
T2206TS110_3o__T2206TS059_4o	0.974	0.983	0.983	0.981	0.959	0.963
T2206TS110_4o__T2206TS465_5o	0.224	0.323	0.323	0.201	0.435	0.222
T2206TS139_1o__T2206TS023_3o	0.815	0.945	0.945	0.891	0.967	0.873
T2206TS139_1o__T2206TS298_3o	0.831	0.939	0.939	0.886	0.934	0.843
T2206TS139_5o__T2206TS219_2o	0.576	0.511	0.511	0.467	0.572	0.46
T2206TS139_5o__T2206TS272_2o	0.188	0.301	0.301	0.194	0.385	0.169
T2206TS145_1o__T2206TS304_1o	0.947	0.978	0.978	0.963	0.967	0.945
T2206TS145_3o__T2206TS052_3o	0.803	0.58	0.58	0.561	0.623	0.511
T2206TS145_5o__T2206TS494_5o	0.925	0.971	0.971	0.909	0.951	0.927
T2206TS147_1o__T2206TS079_5o	0.909	0.981	0.981	0.932	0.913	0.91
T2206TS147_4o__T2206TS489_5o	0.709	0.482	0.482	0.477	0.554	0.45
T2206TS163_1o__T2206TS286_4o	0.542	0.578	0.578	0.541	0.613	0.366
T2206TS163_3o__T2206TS164_2o	0.891	0.914	0.914	0.884	0.941	0.919
T2206TS164_2o__T2206TS423_5o	0.579	0.576	0.576	0.542	0.637	0.369
T2206TS164_2o__T2206TS494_4o	0.558	0.568	0.568	0.527	0.634	0.33
T2206TS164_3o__T2206TS164_4o	0.998	0.993	0.993	0.986	0.989	0.994
T2206TS164_4o__T2206TS147_3o	0.572	0.573	0.573	0.554	0.621	0.375
T2206TS164_5o__T2206TS419_5o	0.581	0.584	0.584	0.575	0.63	0.38
T2206TS171_1o__T2206TS171_5o	0.987	0.986	0.986	0.974	0.994	0.978
T2206TS171_1o__T2206TS274_5o	0.56	0.563	0.563	0.55	0.616	0.35
T2206TS171_4o__T2206TS312_4o	0.579	0.58	0.58	0.561	0.627	0.378
T2206TS171_5o__T2206TS298_2o	0.581	0.581	0.581	0.556	0.633	0.381
T2206TS171_5o__T2206TS380_4o	0.575	0.577	0.577	0.55	0.629	0.376
T2206TS196_3o__T2206TS380_4o	0.95	0.98	0.98	0.945	0.942	0.932
T2206TS198_1o__T2206TS304_2o	0.975	0.985	0.985	0.954	0.975	0.975
T2206TS198_3o__T2206TS023_2o	0.918	0.969	0.969	0.916	0.949	0.942
T2206TS204_4o__T2206TS208_3o	0.933	0.973	0.973	0.944	0.942	0.927
T2206TS218_1o__T2206TS419_5o	0.845	0.96	0.96	0.918	0.952	0.894
T2206TS219_5o__T2206TS085_1o	0.669	0.755	0.755	0.575	0.667	0.68
T2206TS221_3o__T2206TS171_2o	0.787	0.582	0.582	0.555	0.63	0.506
T2206TS221_5o__T2206TS293_5o	0.918	0.977	0.977	0.957	0.968	0.935
T2206TS261_1o__T2206TS059_1o	0.459	0.508	0.508	0.457	0.61	0.35
T2206TS261_2o__T2206TS380_1o	0.48	0.58	0.58	0.513	0.603	0.356
T2206TS261_5o__T2206TS171_3o	0.689	0.86	0.86	0.76	0.884	0.733
T2206TS262_1o__T2206TS219_2o	0.65	0.51	0.51	0.513	0.608	0.476
T2206TS264_6o__T2206TS014_1o	0.962	0.982	0.982	0.946	0.983	0.95
T2206TS264_6o__T2206TS208_1o	0.958	0.98	0.98	0.943	0.942	0.945
T2206TS267_4o__T2206TS164_1o	0.723	0.791	0.791	0.738	0.833	0.491
T2206TS267_5o__T2206TS164_1o	0.817	0.573	0.573	0.547	0.63	0.498
T2206TS272_3o__T2206TS286_2o	0.905	0.97	0.97	0.918	0.951	0.903
T2206TS272_4o__T2206TS274_2o	0.314	0.287	0.287	0.187	0.347	0.319
T2206TS274_3o__T2206TS304_1o	0.947	0.981	0.981	0.944	0.949	0.979
T2206TS284_3o__T2206TS164_1o	0.805	0.572	0.572	0.552	0.634	0.499
T2206TS284_3o__T2206TS198_2o	0.946	0.976	0.976	0.927	0.95	0.938
T2206TS284_3o__T2206TS286_2o	0.912	0.967	0.967	0.92	0.992	0.894
T2206TS284_5o__T2206TS450_2o	0.967	0.983	0.983	0.978	0.967	0.958
T2206TS286_1o__T2206TS051_1o	0.891	0.962	0.962	0.916	0.983	0.91
T2206TS286_3o__T2206TS219_5o	0.498	0.747	0.747	0.577	0.688	0.576
T2206TS286_3o__T2206TS301_5o	0.87	0.959	0.959	0.886	0.949	0.889
T2206TS293_4o__T2206TS196_4o	0.972	0.986	0.986	0.953	0.943	0.941
T2206TS293_4o__T2206TS274_2o	0.922	0.97	0.97	0.91	0.959	0.918
T2206TS294_3o__T2206TS294_2o	0.979	0.991	0.991	0.972	0.967	0.981
T2206TS298_1o__T2206TS322_1o	0.948	0.984	0.984	0.947	0.943	0.943
T2206TS311_3o__T2206TS272_1o	0.185	0.298	0.298	0.203	0.378	0.195
T2206TS311_3o__T2206TS298_5o	0.965	0.984	0.984	0.97	0.992	0.952
T2206TS322_3o__T2206TS284_3o	0.614	0.72	0.72	0.526	0.758	0.577
T2206TS322_4o__T2206TS014_2o	0.428	0.443	0.443	0.379	0.524	0.328
T2206TS322_4o__T2206TS163_2o	0.803	0.798	0.798	0.793	0.894	0.703
T2206TS369_1o__T2206TS122_3o	0.94	0.981	0.981	0.953	0.975	0.945
T2206TS369_3o__T2206TS241_2o	0.983	0.988	0.988	0.983	1.0	0.981
T2206TS380_2o__T2206TS208_3o	0.983	0.985	0.985	0.959	1.0	0.98
T2206TS380_3o__T2206TS450_1o	0.931	0.977	0.977	0.935	0.934	0.937
T2206TS388_2o__T2206TS147_4o	0.974	0.983	0.983	0.964	0.935	0.968
T2206TS388_2o__T2206TS272_3o	0.959	0.982	0.982	0.952	0.967	0.943
T2206TS419_1o__T2206TS196_3o	0.966	0.979	0.979	0.977	0.967	0.96
T2206TS419_3o__T2206TS059_4o	0.961	0.977	0.977	0.95	0.952	0.967
T2206TS423_1o__T2206TS051_5o	0.965	0.984	0.984	0.947	0.967	0.959
T2206TS456_1o__T2206TS294_3o	0.963	0.986	0.986	0.939	0.951	0.91
T2206TS456_2o__T2206TS298_4o	0.918	0.974	0.974	0.925	0.967	0.962
T2206TS462_3o__T2206TS241_1o	0.963	0.981	0.981	0.98	0.991	0.973
T2206TS462_4o__T2206TS052_3o	0.827	0.579	0.579	0.568	0.617	0.513
T2206TS465_2o__T2206TS208_2o	0.096	0.061	0.061	0.011	0.351	0.038
T2206TS465_3o__T2206TS290_3o	0.058	0.053	0.053	0.025	0.215	0.037
T2206TS489_2o__T2206TS298_4o	0.532	0.486	0.486	0.48	0.556	0.367
T2206TS489_3o__T2206TS456_4o	0.792	0.858	0.858	0.808	0.901	0.787
T2206TS494_2o__T2206TS139_1o	0.83	0.948	0.948	0.896	0.934	0.854
T2218TS014_1o__T2218TS261_1o	0.01	0.0	0.0	0.0	0.066	0.004
T2218TS014_3o__T2218TS208_3o	0.281	0.42	0.42	0.242	0.33	0.116
T2218TS014_5o__T2218TS145_1o	0.08	0.107	0.107	0.082	0.109	0.026
T2218TS015_1o__T2218TS079_1o	0.0	0.0	0.0	0.0	0.0	0.002
T2218TS015_3o__T2218TS262_3o	0.0	0.0	0.0	0.0	0.022	0.002
T2218TS015_5o__T2218TS286_5o	0.186	0.244	0.244	0.125	0.278	0.041
T2218TS022_2o__T2218TS147_3o	0.323	0.254	0.341	0.115	0.247	0.307
T2218TS022_3o__T2218TS423_2o	0.335	0.314	0.383	0.204	0.188	0.306
T2218TS023_2o__T2218TS147_1o	0.561	0.428	0.428	0.298	0.355	0.37
T2218TS028_1o__T2218TS311_4o	0.0	0.0	0.0	0.0	0.0	0.002
T2218TS028_5o__T2218TS014_4o	0.0	0.0	0.0	0.0	0.02	0.002
T2218TS051_4o__T2218TS023_1o	0.18	0.28	0.28	0.302	0.198	0.074
T2218TS052_3o__T2218TS164_3o	0.369	0.049	0.09	0.037	0.04	0.105
T2218TS052_4o__T2218TS375_2o	0.0	0.0	0.0	0.0	0.026	0.002
T2218TS059_1o__T2218TS014_5o	0.0	0.0	0.0	0.0	0.014	0.002
T2218TS059_6o__T2218TS208_5o	0.0	0.0	0.0	0.0	0.011	0.002
T2218TS075_2o__T2218TS171_3o	0.715	0.52	0.52	0.599	0.517	0.239
T2218TS075_5o__T2218TS345_3o	0.57	0.589	0.589	0.623	0.557	0.183
T2218TS079_1o__T2218TS241_5o	0.0	0.0	0.0	0.0	0.0	0.002
T2218TS079_1o__T2218TS264_4o	1.0	1.0	1.0	1.0	1.0	1.0
T2218TS085_3o__T2218TS196_5o	0.713	0.836	0.836	0.697	0.606	0.336
T2218TS085_4o__T2218TS287_1o	0.204	0.294	0.294	0.18	0.179	0.081
T2218TS085_5o__T2218TS091_2o	0.0	0.0	0.0	0.0	0.032	0.002
T2218TS091_3o__T2218TS148_1o	0.0	0.0	0.0	0.0	0.005	0.003
T2218TS110_4o__T2218TS052_4o	0.381	0.493	0.769	0.39	0.411	0.434
T2218TS122_5o__T2218TS262_5o	0.31	0.404	0.404	0.271	0.306	0.087
T2218TS139_2o__T2218TS221_4o	0.0	0.0	0.0	0.0	0.0	0.002
T2218TS139_4o__T2218TS221_3o	0.0	0.0	0.0	0.0	0.018	0.002
T2218TS139_6o__T2218TS022_5o	0.292	0.441	0.491	0.372	0.35	0.263
T2218TS145_2o__T2218TS272_5o	0.022	0.014	0.014	0.007	0.055	0.007
T2218TS145_2o__T2218TS369_1o	0.33	0.43	0.43	0.277	0.345	0.136
T2218TS148_1o__T2218TS494_1o	0.0	0.0	0.0	0.0	0.003	0.003
T2218TS148_3o__T2218TS091_3o	0.0	0.0	0.0	0.0	0.0	0.002
T2218TS163_2o__T2218TS110_5o	0.0	0.0	0.0	0.0	0.021	0.002
T2218TS163_5o__T2218TS264_1o	0.0	0.0	0.0	0.0	0.0	0.001
T2218TS163_5o__T2218TS388_3o	0.0	0.0	0.0	0.0	0.017	0.004
T2218TS164_3o__T2218TS147_3o	0.0	0.0	0.0	0.0	0.016	0.002
T2218TS164_3o__T2218TS323_1o	0.479	0.525	0.525	0.591	0.464	0.219
T2218TS171_3o__T2218TS294_5o	0.0	0.0	0.0	0.0	0.006	0.002
T2218TS196_1o__T2218TS052_3o	0.115	0.194	0.24	0.109	0.101	0.024
T2218TS196_5o__T2218TS204_2o	0.414	0.305	0.305	0.244	0.279	0.201
T2218TS198_2o__T2218TS110_4o	0.0	0.0	0.0	0.0	0.019	0.002
T2218TS198_3o__T2218TS122_5o	0.014	0.029	0.029	0.009	0.011	0.007
T2218TS204_3o__T2218TS241_1o	0.857	0.935	0.935	0.892	0.955	0.469
T2218TS204_3o__T2218TS494_4o	0.227	0.284	0.284	0.176	0.231	0.073
T2218TS219_5o__T2218TS085_1o	0.744	0.444	0.444	0.475	0.336	0.456
T2218TS221_2o__T2218TS139_2o	0.0	0.0	0.0	0.0	0.0	0.001
T2218TS221_3o__T2218TS164_1o	0.325	0.323	0.323	0.191	0.205	0.098
T2218TS241_1o__T2218TS059_3o	0.0	0.0	0.0	0.0	0.016	0.004
T2218TS241_3o__T2218TS145_5o	0.0	0.0	0.0	0.0	0.0	0.003
T2218TS241_4o__T2218TS196_1o	0.205	0.305	0.305	0.19	0.224	0.061
T2218TS241_5o__T2218TS388_5o	0.0	0.0	0.0	0.0	0.043	0.004
T2218TS261_3o__T2218TS014_4o	0.034	0.045	0.045	0.036	0.078	0.018
T2218TS261_5o__T2218TS148_1o	0.043	0.058	0.058	0.033	0.183	0.017
T2218TS262_3o__T2218TS015_2o	0.0	0.0	0.0	0.0	0.0	0.002
T2218TS262_3o__T2218TS264_3o	0.0	0.0	0.0	0.0	0.0	0.002
T2218TS262_4o__T2218TS345_5o	0.0	0.0	0.0	0.0	0.053	0.004
T2218TS264_1o__T2218TS284_4o	0.0	0.0	0.0	0.0	0.0	0.002
T2218TS264_4o__T2218TS290_4o	0.0	0.0	0.0	0.0	0.0	0.001
T2218TS264_5o__T2218TS022_5o	0.0	0.0	0.0	0.0	0.0	0.002
T2218TS272_1o__T2218TS272_5o	0.543	0.793	0.793	0.595	0.571	0.601
T2218TS272_3o__T2218TS475_5o	0.522	0.446	0.446	0.556	0.436	0.179
T2218TS284_1o__T2218TS196_4o	0.063	0.121	0.121	0.069	0.106	0.022
T2218TS284_1o__T2218TS419_4o	0.0	0.0	0.0	0.0	0.0	0.002
T2218TS284_2o__T2218TS311_5o	0.0	0.0	0.0	0.0	0.0	0.002
T2218TS287_1o__T2218TS051_3o	0.559	0.411	0.411	0.453	0.416	0.167
T2218TS287_1o__T2218TS171_2o	0.67	0.361	0.361	0.496	0.392	0.212
T2218TS287_1o__T2218TS171_4o	0.642	0.466	0.466	0.567	0.484	0.208
T2218TS287_3o__T2218TS284_5o	0.599	0.504	0.504	0.607	0.49	0.205
T2218TS287_5o__T2218TS241_1o	0.481	0.509	0.509	0.643	0.613	0.19
T2218TS293_1o__T2218TS122_2o	0.0	0.0	0.0	0.0	0.0	0.002
T2218TS293_2o__T2218TS241_4o	0.0	0.0	0.0	0.0	0.0	0.002
T2218TS293_2o__T2218TS241_5o	0.0	0.0	0.0	0.0	0.0	0.002
T2218TS298_3o__T2218TS139_1o	0.0	0.0	0.0	0.0	0.03	0.002
T2218TS298_5o__T2218TS345_5o	0.684	0.726	0.726	0.784	0.699	0.255
T2218TS304_2o__T2218TS110_3o	0.0	0.0	0.0	0.0	0.018	0.002
T2218TS311_3o__T2218TS163_4o	0.126	0.033	0.033	0.018	0.021	0.036
T2218TS312_2o__T2218TS221_3o	0.138	0.105	0.105	0.075	0.091	0.043
T2218TS322_5o__T2218TS059_2o	0.0	0.0	0.0	0.0	0.0	0.002
T2218TS323_1o__T2218TS051_5o	0.011	0.015	0.015	0.0	0.037	0.006
T2218TS345_1o__T2218TS267_5o	0.0	0.0	0.0	0.0	0.025	0.004
T2218TS369_1o__T2218TS051_5o	0.107	0.195	0.195	0.135	0.175	0.039
T2218TS369_1o__T2218TS262_4o	0.0	0.0	0.0	0.0	0.029	0.002
T2218TS375_4o__T2218TS122_2o	0.717	0.736	0.736	0.754	0.659	0.384
T2218TS375_5o__T2218TS023_5o	0.124	0.245	0.245	0.131	0.172	0.044
T2218TS388_1o__T2218TS015_4o	0.0	0.0	0.0	0.0	0.0	0.002
T2218TS388_1o__T2218TS079_4o	0.0	0.0	0.0	0.0	0.0	0.002
T2218TS388_3o__T2218TS148_1o	0.0	0.0	0.0	0.0	0.007	0.002
T2218TS393_1o__T2218TS284_5o	0.109	0.037	0.037	0.017	0.02	0.032
T2218TS393_4o__T2218TS261_2o	0.068	0.008	0.008	0.006	0.08	0.019
T2218TS419_2o__T2218TS241_1o	0.0	0.0	0.0	0.0	0.0	0.001
T2218TS423_3o__T2218TS293_1o	0.528	0.643	0.643	0.759	0.565	0.22
T2218TS465_2o__T2218TS139_2o	0.0	0.0	0.0	0.0	0.021	0.002
T2218TS465_3o__T2218TS198_1o	0.0	0.0	0.0	0.0	0.01	0.012
T2218TS465_4o__T2218TS284_4o	0.001	0.0	0.0	0.0	0.021	0.003
T2218TS475_5o__T2218TS267_1o	0.594	0.578	0.578	0.682	0.607	0.205
T2218TS489_5o__T2218TS023_3o	0.022	0.018	0.018	0.006	0.073	0.006
T2218TS494_3o__T2218TS456_1o	0.0	0.0	0.0	0.0	0.016	0.002
T2218TS494_5o__T2218TS272_1o	0.0	0.0	0.0	0.0	0.0	0.002
T2234TS014_3o__T2234TS290_3o	0.033	0.01	0.01	0.0	0.733	0.012
T2234TS014_4o__T2234TS375_3o	0.022	0.012	0.012	0.012	0.246	0.013
T2234TS014_5o__T2234TS110_2o	0.755	0.558	0.558	0.543	0.561	0.432
T2234TS014_5o__T2234TS267_5o	0.681	0.417	0.417	0.432	0.592	0.405
T2234TS014_5o__T2234TS286_5o	0.812	0.933	0.933	0.797	0.811	0.868
T2234TS014_6o__T2234TS028_1o	0.733	0.67	0.67	0.639	0.617	0.459
T2234TS022_1o__T2234TS465_1o	0.029	0.01	0.01	0.0	0.645	0.013
T2234TS028_5o__T2234TS468_1o	0.017	0.044	0.044	0.0	0.259	0.005
T2234TS040_2o__T2234TS218_3o	0.015	0.001	0.001	0.0	0.17	0.005
T2234TS040_4o__T2234TS380_2o	0.0	0.0	0.0	0.0	0.166	0.008
T2234TS051_2o__T2234TS075_4o	0.038	0.014	0.014	0.005	0.464	0.016
T2234TS052_3o__T2234TS287_2o	0.062	0.048	0.048	0.012	0.632	0.018
T2234TS052_4o__T2234TS145_1o	0.0	0.0	0.0	0.0	0.029	0.004
T2234TS059_2o__T2234TS015_2o	0.043	0.019	0.019	0.0	0.154	0.014
T2234TS059_2o__T2234TS171_2o	0.077	0.096	0.096	0.041	0.743	0.034
T2234TS059_6o__T2234TS462_1o	0.028	0.056	0.056	0.025	0.188	0.013
T2234TS075_1o__T2234TS294_3o	0.044	0.069	0.069	0.037	0.465	0.029
T2234TS079_2o__T2234TS301_5o	0.028	0.023	0.023	0.0	0.63	0.014
T2234TS091_3o__T2234TS075_1o	0.008	0.003	0.003	0.0	0.15	0.005
T2234TS091_5o__T2234TS494_1o	0.02	0.002	0.002	0.0	0.314	0.009
T2234TS139_1o__T2234TS110_1o	0.099	0.125	0.125	0.081	0.297	0.035
T2234TS147_1o__T2234TS059_5o	0.0	0.0	0.0	0.0	0.087	0.006
T2234TS147_3o__T2234TS208_1o	0.018	0.001	0.001	0.0	0.421	0.008
T2234TS148_1o__T2234TS304_4o	0.027	0.002	0.002	0.004	0.327	0.011
T2234TS163_1o__T2234TS052_1o	0.03	0.017	0.017	0.011	0.412	0.014
T2234TS163_4o__T2234TS014_1o	0.014	0.001	0.001	0.0	0.298	0.01
T2234TS164_2o__T2234TS475_4o	0.037	0.019	0.019	0.034	0.416	0.022
T2234TS164_4o__T2234TS051_5o	0.045	0.018	0.018	0.03	0.507	0.022
T2234TS171_2o__T2234TS423_1o	0.037	0.04	0.04	0.03	0.68	0.02
T2234TS171_4o__T2234TS393_6o	0.046	0.064	0.064	0.026	0.759	0.02
T2234TS171_5o__T2234TS110_2o	0.048	0.024	0.024	0.0	0.671	0.013
T2234TS171_5o__T2234TS274_3o	0.035	0.017	0.017	0.02	0.486	0.019
T2234TS196_1o__T2234TS301_2o	0.0	0.0	0.0	0.0	0.036	0.005
T2234TS196_4o__T2234TS015_4o	0.0	0.0	0.0	0.0	0.04	0.006
T2234TS196_4o__T2234TS261_5o	0.013	0.002	0.002	0.0	0.185	0.005
T2234TS196_5o__T2234TS465_3o	0.005	0.0	0.0	0.0	0.111	0.006
T2234TS198_2o__T2234TS465_2o	0.0	0.0	0.0	0.0	0.0	0.005
T2234TS198_4o__T2234TS014_5o	0.0	0.0	0.0	0.0	0.04	0.005
T2234TS204_3o__T2234TS187_1o	0.0	0.0	0.0	0.0	0.031	0.004
T2234TS204_4o__T2234TS079_5o	0.557	0.715	0.715	0.657	0.633	0.45
T2234TS204_5o__T2234TS475_1o	0.0	0.0	0.0	0.0	0.103	0.004
T2234TS218_2o__T2234TS015_3o	0.0	0.0	0.0	0.0	0.217	0.005
T2234TS218_5o__T2234TS051_3o	0.454	0.329	0.329	0.353	0.723	0.252
T2234TS218_5o__T2234TS287_1o	0.614	0.573	0.573	0.572	0.732	0.4
T2234TS221_1o__T2234TS462_2o	0.774	0.455	0.455	0.442	0.485	0.467
T2234TS241_4o__T2234TS075_5o	0.445	0.479	0.479	0.461	0.52	0.254
T2234TS241_5o__T2234TS091_4o	0.677	0.787	0.787	0.696	0.821	0.652
T2234TS261_2o__T2234TS290_4o	0.0	0.0	0.0	0.0	0.08	0.006
T2234TS261_3o__T2234TS241_2o	0.013	0.005	0.005	0.0	0.433	0.009
T2234TS262_1o__T2234TS375_3o	0.022	0.011	0.011	0.012	0.244	0.012
T2234TS262_1o__T2234TS388_3o	0.019	0.0	0.0	0.0	0.071	0.009
T2234TS262_2o__T2234TS475_4o	0.415	0.501	0.501	0.448	0.551	0.332
T2234TS262_3o__T2234TS312_3o	0.06	0.059	0.059	0.048	0.689	0.028
T2234TS264_3o__T2234TS312_5o	1.0	1.0	1.0	1.0	1.0	1.0
T2234TS264_5o__T2234TS456_4o	0.08	0.088	0.088	0.029	0.812	0.025
T2234TS267_4o__T2234TS468_3o	0.002	0.143	0.143	0.098	0.3	0.043
T2234TS274_3o__T2234TS294_1o	0.026	0.007	0.007	0.008	0.521	0.014
T2234TS284_1o__T2234TS163_3o	0.034	0.019	0.019	0.033	0.427	0.024
T2234TS284_2o__T2234TS171_4o	0.037	0.025	0.025	0.017	0.649	0.022
T2234TS284_2o__T2234TS286_2o	0.03	0.014	0.014	0.006	0.529	0.016
T2234TS286_1o__T2234TS208_3o	0.023	0.011	0.011	0.004	0.257	0.008
T2234TS286_3o__T2234TS465_4o	0.024	0.01	0.01	0.0	0.571	0.013
T2234TS287_4o__T2234TS380_1o	0.057	0.127	0.127	0.056	0.358	0.028
T2234TS287_5o__T2234TS122_5o	0.575	0.803	0.803	0.596	0.635	0.378
T2234TS287_5o__T2234TS164_1o	0.015	0.003	0.003	0.0	0.409	0.012
T2234TS293_4o__T2234TS345_1o	0.036	0.032	0.032	0.006	0.737	0.016
T2234TS294_2o__T2234TS075_3o	0.054	0.091	0.091	0.054	0.61	0.025
T2234TS301_4o__T2234TS475_4o	1.0	1.0	1.0	1.0	1.0	1.0
T2234TS301_4o__T2234TS494_1o	0.037	0.019	0.019	0.033	0.355	0.023
T2234TS301_5o__T2234TS145_1o	0.0	0.0	0.0	0.0	0.0	0.005
T2234TS304_2o__T2234TS196_5o	0.006	0.007	0.007	0.0	0.11	0.009
T2234TS304_2o__T2234TS198_5o	0.0	0.0	0.0	0.0	0.0	0.004
T2234TS304_2o__T2234TS380_2o	0.0	0.0	0.0	0.0	0.242	0.022
T2234TS311_1o__T2234TS274_4o	0.728	0.888	0.888	0.776	0.83	0.784
T2234TS311_2o__T2234TS221_5o	0.019	0.002	0.002	0.0	0.305	0.01
T2234TS311_4o__T2234TS287_3o	0.04	0.019	0.019	0.022	0.417	0.019
T2234TS323_1o__T2234TS148_3o	0.041	0.026	0.026	0.037	0.287	0.019
T2234TS345_1o__T2234TS287_4o	0.041	0.015	0.015	0.005	0.511	0.016
T2234TS345_3o__T2234TS091_1o	0.062	0.035	0.035	0.012	0.484	0.02
T2234TS369_2o__T2234TS196_1o	0.0	0.0	0.0	0.0	0.008	0.005
T2234TS375_1o__T2234TS145_1o	0.0	0.0	0.0	0.0	0.0	0.005
T2234TS375_2o__T2234TS022_5o	0.029	0.014	0.014	0.0	0.33	0.007
T2234TS375_4o__T2234TS059_1o	0.048	0.021	0.021	0.033	0.342	0.027
T2234TS380_5o__T2234TS272_2o	0.011	0.002	0.002	0.0	0.133	0.008
T2234TS388_1o__T2234TS345_1o	0.03	0.01	0.01	0.0	0.495	0.014
T2234TS388_3o__T2234TS110_5o	0.019	0.002	0.002	0.0	0.178	0.008
T2234TS388_5o__T2234TS274_3o	0.0	0.0	0.0	0.0	0.13	0.009
T2234TS423_5o__T2234TS147_3o	0.061	0.045	0.045	0.05	0.379	0.034
T2234TS456_5o__T2234TS287_2o	0.693	0.376	0.376	0.419	0.541	0.301
T2234TS462_1o__T2234TS286_1o	0.059	0.074	0.074	0.035	0.549	0.022
T2234TS462_5o__T2234TS198_4o	0.0	0.0	0.0	0.0	0.057	0.004
T2234TS465_1o__T2234TS375_4o	0.028	0.007	0.007	0.0	0.455	0.009
T2234TS468_3o__T2234TS262_1o	0.01	0.053	0.053	0.017	0.095	0.011
T2234TS468_4o__T2234TS218_5o	0.013	0.001	0.001	0.0	0.303	0.005
T2234TS475_5o__T2234TS375_2o	0.038	0.033	0.033	0.042	0.255	0.032
T2234TS489_5o__T2234TS286_3o	0.844	0.796	0.796	0.77	0.685	0.678
T2234TS494_1o__T2234TS196_4o	0.005	0.002	0.002	0.0	0.161	0.006
T2234TS494_3o__T2234TS345_1o	0.017	0.007	0.007	0.0	0.255	0.01
T2234TS494_3o__T2234TS369_3o	0.014	0.002	0.002	0.015	0.142	0.012
T2235TS014_1o__T2235TS028_4o	0.027	0.001	0.001	0.0	0.795	0.015
T2235TS014_1o__T2235TS085_4o	0.042	0.042	0.042	0.0	0.841	0.016
T2235TS014_6o__T2235TS423_2o	0.149	0.121	0.121	0.115	0.938	0.108
T2235TS015_1o__T2235TS312_1o	0.026	0.002	0.002	0.0	0.75	0.016
T2235TS015_4o__T2235TS311_4o	0.132	0.094	0.094	0.125	0.837	0.15
T2235TS022_4o__T2235TS475_4o	0.652	0.786	0.786	0.757	0.802	0.42
T2235TS040_5o__T2235TS264_5o	0.025	0.002	0.002	0.0	0.821	0.015
T2235TS052_3o__T2235TS465_2o	0.126	0.066	0.066	0.09	0.752	0.08
T2235TS052_4o__T2235TS208_1o	0.66	0.783	0.783	0.753	0.802	0.433
T2235TS052_4o__T2235TS286_4o	0.026	0.007	0.007	0.0	0.793	0.016
T2235TS052_5o__T2235TS051_1o	0.947	0.98	0.98	0.965	0.978	0.972
T2235TS059_2o__T2235TS051_5o	0.741	0.695	0.695	0.65	0.736	0.42
T2235TS085_2o__T2235TS267_1o	0.574	0.797	0.797	0.64	0.835	0.531
T2235TS091_3o__T2235TS293_1o	0.677	0.704	0.704	0.66	0.94	0.316
T2235TS110_5o__T2235TS091_4o	0.776	0.899	0.899	0.805	0.874	0.787
T2235TS122_1o__T2235TS015_5o	0.037	0.004	0.004	0.0	0.619	0.026
T2235TS122_1o__T2235TS059_6o	0.022	0.001	0.001	0.0	0.729	0.016
T2235TS122_3o__T2235TS494_3o	0.031	0.002	0.002	0.0	0.739	0.017
T2235TS122_4o__T2235TS475_3o	1.0	1.0	1.0	1.0	1.0	1.0
T2235TS122_5o__T2235TS287_4o	0.855	0.923	0.923	0.85	0.917	0.802
T2235TS139_2o__T2235TS262_2o	0.032	0.005	0.005	0.004	0.607	0.018
T2235TS145_1o__T2235TS262_2o	0.701	0.685	0.685	0.665	0.864	0.527
T2235TS147_1o__T2235TS221_2o	0.712	0.865	0.865	0.828	0.896	0.481
T2235TS147_1o__T2235TS494_5o	0.029	0.002	0.002	0.0	0.85	0.016
T2235TS147_3o__T2235TS014_3o	0.027	0.001	0.001	0.0	0.81	0.015
T2235TS147_5o__T2235TS294_2o	0.021	0.001	0.001	0.0	0.81	0.016
T2235TS163_4o__T2235TS014_6o	0.632	0.764	0.764	0.687	0.894	0.458
T2235TS163_4o__T2235TS262_4o	0.687	0.849	0.849	0.8	0.918	0.529
T2235TS164_1o__T2235TS040_2o	0.651	0.644	0.644	0.694	0.804	0.331
T2235TS164_1o__T2235TS293_3o	0.768	0.864	0.864	0.791	0.949	0.763
T2235TS187_1o__T2235TS196_3o	0.893	0.934	0.934	0.929	0.958	0.833
T2235TS196_2o__T2235TS489_3o	0.666	0.728	0.728	0.7	0.769	0.245
T2235TS196_3o__T2235TS298_5o	0.14	0.102	0.102	0.116	0.906	0.085
T2235TS198_1o__T2235TS075_3o	0.506	0.613	0.613	0.612	0.759	0.226
T2235TS198_2o__T2235TS462_4o	0.02	0.001	0.001	0.0	0.762	0.044
T2235TS198_4o__T2235TS369_2o	0.02	0.001	0.001	0.0	0.753	0.037
T2235TS198_5o__T2235TS208_3o	0.172	0.15	0.15	0.197	0.728	0.105
T2235TS208_2o__T2235TS059_2o	0.027	0.002	0.002	0.0	0.883	0.015
T2235TS208_2o__T2235TS163_5o	0.032	0.002	0.002	0.0	0.742	0.018
T2235TS208_2o__T2235TS272_5o	0.952	0.981	0.981	0.932	0.979	0.94
T2235TS218_1o__T2235TS059_5o	0.031	0.007	0.007	0.0	0.508	0.039
T2235TS218_2o__T2235TS286_1o	0.027	0.001	0.001	0.0	0.719	0.017
T2235TS218_3o__T2235TS286_1o	0.027	0.001	0.001	0.0	0.719	0.017
T2235TS218_5o__T2235TS462_3o	0.017	0.001	0.001	0.0	0.818	0.015
T2235TS221_5o__T2235TS311_1o	0.024	0.002	0.002	0.0	0.735	0.023
T2235TS261_3o__T2235TS267_5o	0.148	0.137	0.137	0.113	0.943	0.139
T2235TS262_3o__T2235TS204_1o	0.023	0.002	0.002	0.0	0.717	0.023
T2235TS264_3o__T2235TS287_1o	0.926	0.966	0.966	0.896	0.91	0.895
T2235TS267_1o__T2235TS122_4o	0.022	0.002	0.002	0.0	0.749	0.023
T2235TS272_2o__T2235TS287_1o	0.968	0.988	0.988	0.935	0.932	0.969
T2235TS284_3o__T2235TS267_1o	0.027	0.002	0.002	0.0	0.749	0.017
T2235TS284_4o__T2235TS286_4o	0.024	0.001	0.001	0.0	0.746	0.016
T2235TS284_5o__T2235TS164_1o	0.033	0.002	0.002	0.0	0.776	0.017
T2235TS286_3o__T2235TS208_2o	0.018	0.001	0.001	0.0	0.755	0.039
T2235TS287_5o__T2235TS040_4o	0.03	0.003	0.003	0.0	0.812	0.015
T2235TS290_1o__T2235TS298_5o	0.129	0.106	0.106	0.114	0.891	0.074
T2235TS293_5o__T2235TS298_4o	0.431	0.391	0.391	0.419	0.974	0.494
T2235TS294_2o__T2235TS015_4o	0.088	0.074	0.074	0.105	0.75	0.064
T2235TS294_2o__T2235TS241_1o	0.019	0.001	0.001	0.0	0.771	0.04
T2235TS294_4o__T2235TS465_2o	0.356	0.256	0.256	0.276	0.837	0.253
T2235TS294_5o__T2235TS015_5o	0.06	0.063	0.063	0.043	0.647	0.104
T2235TS298_1o__T2235TS301_3o	0.111	0.081	0.081	0.114	0.789	0.06
T2235TS298_2o__T2235TS145_2o	0.325	0.274	0.274	0.371	0.807	0.127
T2235TS298_5o__T2235TS290_2o	0.156	0.11	0.11	0.111	0.948	0.174
T2235TS304_4o__T2235TS393_5o	0.928	0.955	0.955	0.911	0.944	0.845
T2235TS304_5o__T2235TS139_3o	0.042	0.018	0.018	0.008	0.297	0.029
T2235TS311_5o__T2235TS148_3o	0.357	0.246	0.246	0.287	0.767	0.236
T2235TS311_5o__T2235TS419_3o	0.031	0.002	0.002	0.0	0.774	0.017
T2235TS312_2o__T2235TS301_1o	0.91	0.948	0.948	0.908	0.958	0.889
T2235TS345_1o__T2235TS419_3o	0.703	0.657	0.657	0.628	0.757	0.394
T2235TS345_2o__T2235TS028_3o	0.03	0.002	0.002	0.0	0.879	0.016
T2235TS345_4o__T2235TS284_1o	0.025	0.002	0.002	0.0	0.785	0.016
T2235TS369_1o__T2235TS262_4o	0.248	0.164	0.164	0.195	0.739	0.14
T2235TS369_4o__T2235TS059_2o	0.755	0.875	0.875	0.756	0.834	0.73
T2235TS375_2o__T2235TS079_3o	0.033	0.002	0.002	0.0	0.717	0.018
T2235TS375_2o__T2235TS139_4o	0.114	0.078	0.078	0.101	0.765	0.08
T2235TS375_3o__T2235TS148_1o	0.931	0.961	0.961	0.927	0.978	0.928
T2235TS375_5o__T2235TS079_1o	0.032	0.002	0.002	0.0	0.776	0.017
T2235TS380_1o__T2235TS468_4o	0.032	0.003	0.003	0.0	0.747	0.016
T2235TS380_5o__T2235TS052_2o	0.03	0.002	0.002	0.0	0.762	0.016
T2235TS388_1o__T2235TS218_4o	0.028	0.001	0.001	0.0	0.909	0.015
T2235TS393_1o__T2235TS052_5o	0.862	0.937	0.937	0.844	0.936	0.82
T2235TS393_2o__T2235TS301_2o	0.934	0.961	0.961	0.935	0.978	0.915
T2235TS393_2o__T2235TS423_1o	0.133	0.075	0.075	0.1	0.75	0.081
T2235TS393_5o__T2235TS419_3o	0.029	0.002	0.002	0.0	0.757	0.017
T2235TS393_6o__T2235TS241_4o	0.946	0.974	0.974	0.921	0.951	0.936
T2235TS419_1o__T2235TS311_5o	0.025	0.002	0.002	0.0	0.773	0.016
T2235TS419_2o__T2235TS489_5o	0.316	0.272	0.272	0.354	0.779	0.109
T2235TS419_4o__T2235TS014_4o	0.054	0.058	0.058	0.0	0.983	0.049
T2235TS419_5o__T2235TS204_1o	0.025	0.002	0.002	0.0	0.749	0.019
T2235TS423_5o__T2235TS171_5o	0.119	0.111	0.111	0.114	0.87	0.082
T2235TS456_2o__T2235TS380_1o	0.027	0.002	0.002	0.0	0.734	0.015
T2235TS462_5o__T2235TS091_4o	0.776	0.899	0.899	0.805	0.874	0.787
T2235TS462_6o__T2235TS272_3o	0.031	0.002	0.002	0.0	0.903	0.015
T2235TS465_1o__T2235TS293_2o	0.268	0.218	0.218	0.267	0.927	0.247
T2235TS465_5o__T2235TS147_3o	0.048	0.033	0.033	0.023	0.481	0.039
T2235TS468_2o__T2235TS286_5o	0.681	0.658	0.658	0.643	0.945	0.331
T2235TS489_5o__T2235TS014_1o	0.147	0.08	0.08	0.12	0.78	0.089
T2235TS494_1o__T2235TS059_3o	0.262	0.223	0.223	0.281	0.924	0.186
T2237TS014_4o__T2237TS075_1o	0.849	0.223	0.94	0.283	0.169	0.574
T2237TS014_5o__T2237TS164_2o	0.912	0.193	0.969	0.272	0.159	0.769
T2237TS014_6o__T2237TS122_2o	0.908	0.192	0.974	0.25	0.145	0.606
T2237TS015_1o__T2237TS294_4o	0.755	0.711	0.711	0.709	0.741	0.802
T2237TS015_1o__T2237TS298_4o	0.756	0.688	0.688	0.654	0.789	0.752
T2237TS022_2o__T2237TS304_2o	0.92	0.647	0.975	0.678	0.599	0.893
T2237TS028_3o__T2237TS241_4o	0.737	0.739	0.739	0.683	0.801	0.729
T2237TS028_4o__T2237TS015_1o	0.92	0.956	0.956	0.921	0.947	0.947
T2237TS028_4o__T2237TS388_4o	0.691	0.694	0.694	0.707	0.64	0.678
T2237TS040_5o__T2237TS287_2o	0.641	0.663	0.663	0.616	0.626	0.516
T2237TS040_5o__T2237TS465_2o	0.281	0.269	0.269	0.293	0.651	0.168
T2237TS051_1o__T2237TS163_5o	0.791	0.872	0.872	0.793	0.816	0.808
T2237TS052_2o__T2237TS040_5o	0.764	0.736	0.913	0.695	0.67	0.776
T2237TS052_3o__T2237TS261_4o	0.075	0.048	0.076	0.02	0.218	0.028
T2237TS052_4o__T2237TS052_5o	0.971	0.66	0.985	0.754	0.618	0.968
T2237TS059_2o__T2237TS290_1o	0.366	0.245	0.245	0.309	0.836	0.322
T2237TS059_6o__T2237TS052_2o	0.633	0.705	0.963	0.74	0.662	0.824
T2237TS091_2o__T2237TS462_3o	0.707	0.698	0.698	0.638	0.772	0.708
T2237TS110_1o__T2237TS075_3o	0.386	0.238	0.238	0.316	0.772	0.309
T2237TS110_3o__T2237TS286_4o	0.785	0.911	0.911	0.851	0.821	0.829
T2237TS110_3o__T2237TS465_4o	0.462	0.522	0.522	0.544	0.521	0.471
T2237TS122_1o__T2237TS218_4o	0.827	0.864	0.864	0.797	0.824	0.872
T2237TS122_1o__T2237TS462_6o	0.708	0.702	0.702	0.654	0.777	0.736
T2237TS122_2o__T2237TS171_2o	0.919	0.953	0.953	0.884	0.87	0.95
T2237TS122_2o__T2237TS494_1o	0.825	0.92	0.92	0.802	0.827	0.896
T2237TS122_4o__T2237TS022_3o	0.626	0.647	0.973	0.725	0.605	0.82
T2237TS139_4o__T2237TS040_5o	0.323	0.273	0.273	0.321	0.647	0.274
T2237TS145_2o__T2237TS079_3o	0.836	0.799	0.799	0.775	0.807	0.849
T2237TS145_4o__T2237TS494_4o	0.747	0.818	0.818	0.694	0.799	0.781
T2237TS147_3o__T2237TS164_3o	0.824	0.801	0.801	0.78	0.801	0.814
T2237TS147_5o__T2237TS040_5o	0.611	0.696	0.696	0.643	0.695	0.686
T2237TS148_3o__T2237TS028_1o	0.918	0.704	0.977	0.748	0.63	0.859
T2237TS163_3o__T2237TS264_1o	0.377	0.24	0.24	0.317	0.832	0.32
T2237TS163_3o__T2237TS311_2o	0.373	0.242	0.242	0.321	0.817	0.315
T2237TS171_1o__T2237TS204_4o	0.878	0.939	0.939	0.873	0.858	0.883
T2237TS171_4o__T2237TS264_6o	0.362	0.242	0.242	0.307	0.79	0.312
T2237TS196_5o__T2237TS040_1o	0.635	0.676	0.676	0.64	0.712	0.718
T2237TS196_5o__T2237TS079_5o	0.86	0.81	0.81	0.827	0.876	0.841
T2237TS198_1o__T2237TS059_5o	0.744	0.762	0.762	0.712	0.839	0.752
T2237TS198_5o__T2237TS375_5o	0.836	0.81	0.81	0.783	0.882	0.808
T2237TS204_2o__T2237TS171_5o	0.627	0.734	0.734	0.657	0.71	0.372
T2237TS221_3o__T2237TS241_3o	0.721	0.7	0.7	0.73	0.714	0.761
T2237TS241_1o__T2237TS022_2o	0.633	0.68	0.966	0.75	0.669	0.788
T2237TS262_2o__T2237TS122_5o	0.736	0.729	0.729	0.698	0.822	0.754
T2237TS264_3o__T2237TS311_5o	0.814	0.829	0.829	0.799	0.873	0.804
T2237TS264_4o__T2237TS221_2o	0.37	0.258	0.258	0.33	0.887	0.315
T2237TS264_5o__T2237TS022_4o	0.382	0.316	0.407	0.38	0.654	0.308
T2237TS264_5o__T2237TS419_4o	0.382	0.261	0.261	0.327	0.877	0.316
T2237TS267_5o__T2237TS475_1o	0.779	0.836	0.836	0.792	0.828	0.781
T2237TS272_1o__T2237TS298_1o	0.881	0.9	0.9	0.855	0.877	0.898
T2237TS274_1o__T2237TS456_1o	0.594	0.696	0.963	0.696	0.61	0.749
T2237TS274_2o__T2237TS264_4o	0.378	0.262	0.262	0.322	0.74	0.287
T2237TS274_4o__T2237TS264_5o	0.372	0.259	0.259	0.319	0.771	0.293
T2237TS284_2o__T2237TS304_2o	0.877	0.91	0.91	0.857	0.908	0.931
T2237TS286_4o__T2237TS145_5o	0.672	0.741	0.741	0.756	0.73	0.7
T2237TS286_4o__T2237TS274_5o	0.621	0.668	0.668	0.67	0.666	0.487
T2237TS290_5o__T2237TS059_6o	0.364	0.261	0.261	0.321	0.818	0.298
T2237TS293_1o__T2237TS139_4o	0.356	0.245	0.245	0.319	0.827	0.301
T2237TS293_2o__T2237TS294_4o	0.741	0.711	0.711	0.702	0.735	0.793
T2237TS293_2o__T2237TS388_5o	0.715	0.747	0.747	0.697	0.794	0.738
T2237TS293_3o__T2237TS051_5o	0.864	0.815	0.815	0.822	0.819	0.829
T2237TS293_3o__T2237TS208_2o	0.772	0.737	0.737	0.711	0.795	0.778
T2237TS293_5o__T2237TS290_5o	0.396	0.246	0.246	0.333	0.933	0.327
T2237TS293_5o__T2237TS293_1o	0.962	0.983	0.983	0.971	0.986	0.981
T2237TS298_1o__T2237TS267_3o	0.867	0.922	0.922	0.832	0.858	0.881
T2237TS298_2o__T2237TS164_1o	0.721	0.784	0.784	0.718	0.835	0.77
T2237TS298_5o__T2237TS091_1o	0.789	0.878	0.878	0.732	0.845	0.808
T2237TS301_2o__T2237TS462_1o	0.379	0.238	0.238	0.314	0.789	0.309
T2237TS301_4o__T2237TS312_3o	0.363	0.268	0.268	0.328	0.745	0.308
T2237TS301_5o__T2237TS456_5o	0.752	0.777	0.777	0.736	0.747	0.802
T2237TS304_2o__T2237TS110_5o	0.724	0.686	0.686	0.658	0.793	0.751
T2237TS304_3o__T2237TS196_3o	0.798	0.834	0.834	0.762	0.793	0.851
T2237TS311_1o__T2237TS091_1o	0.725	0.722	0.722	0.695	0.75	0.733
T2237TS311_1o__T2237TS323_1o	0.761	0.718	0.718	0.705	0.803	0.786
T2237TS311_1o__T2237TS369_3o	0.8	0.766	0.766	0.717	0.791	0.757
T2237TS311_5o__T2237TS040_2o	0.639	0.679	0.679	0.659	0.709	0.717
T2237TS345_4o__T2237TS208_4o	0.804	0.885	0.885	0.773	0.832	0.849
T2237TS369_3o__T2237TS187_1o	0.797	0.81	0.81	0.762	0.846	0.812
T2237TS375_4o__T2237TS022_1o	0.682	0.762	0.971	0.768	0.709	0.819
T2237TS388_1o__T2237TS148_3o	0.365	0.296	0.398	0.372	0.631	0.316
T2237TS388_2o__T2237TS204_3o	0.357	0.253	0.253	0.308	0.697	0.284
T2237TS393_3o__T2237TS369_2o	0.41	0.288	0.288	0.358	0.772	0.304
T2237TS393_5o__T2237TS388_2o	0.383	0.246	0.246	0.311	0.793	0.311
T2237TS419_1o__T2237TS164_4o	0.843	0.826	0.826	0.807	0.794	0.807
T2237TS423_2o__T2237TS393_4o	0.858	0.409	0.793	0.507	0.4	0.858
T2237TS423_3o__T2237TS028_5o	0.167	0.049	0.079	0.103	0.384	0.315
T2237TS423_4o__T2237TS267_3o	0.452	0.168	0.294	0.211	0.343	0.287
T2237TS456_5o__T2237TS052_3o	0.725	0.744	0.983	0.798	0.7	0.826
T2237TS462_5o__T2237TS040_4o	0.644	0.715	0.715	0.676	0.726	0.747
T2237TS465_1o__T2237TS284_1o	0.773	0.78	0.78	0.714	0.808	0.813
T2237TS465_3o__T2237TS489_4o	0.882	0.967	0.967	0.94	0.942	0.72
T2237TS475_3o__T2237TS241_4o	0.826	0.847	0.847	0.821	0.855	0.827
T2237TS475_4o__T2237TS022_4o	0.678	0.653	0.987	0.742	0.607	0.899
T2237TS475_4o__T2237TS164_3o	0.748	0.813	0.813	0.71	0.835	0.799
T2237TS494_1o__T2237TS261_3o	0.066	0.066	0.066	0.027	0.298	0.03
T2238TS014_1o__T2238TS267_3o	0.863	0.934	0.934	0.914	0.884	0.445
T2238TS022_3o__T2238TS059_6o	0.812	0.925	0.925	0.903	0.864	0.512
T2238TS023_2o__T2238TS163_1o	0.918	0.948	0.948	0.955	0.925	0.411
T2238TS023_2o__T2238TS494_1o	0.846	0.953	0.953	0.91	0.908	0.668
T2238TS028_5o__T2238TS272_1o	0.039	0.021	0.021	0.019	0.324	0.029
T2238TS040_5o__T2238TS311_5o	0.031	0.002	0.002	0.0	0.133	0.008
T2238TS051_2o__T2238TS052_3o	0.874	0.948	0.948	0.903	0.817	0.47
T2238TS051_3o__T2238TS187_1o	0.871	0.938	0.938	0.913	0.849	0.445
T2238TS052_2o__T2238TS393_3o	0.929	0.965	0.965	0.956	0.943	0.409
T2238TS052_5o__T2238TS015_4o	0.792	0.826	0.826	0.811	0.776	0.488
T2238TS052_5o__T2238TS171_1o	0.807	0.853	0.853	0.838	0.787	0.477
T2238TS075_1o__T2238TS475_1o	1.0	1.0	1.0	1.0	1.0	1.0
T2238TS075_4o__T2238TS075_5o	0.935	0.975	0.975	0.954	0.946	0.722
T2238TS079_2o__T2238TS375_2o	0.874	0.862	0.862	0.878	0.776	0.357
T2238TS079_4o__T2238TS040_5o	0.029	0.005	0.005	0.008	0.147	0.011
T2238TS079_5o__T2238TS301_5o	0.868	0.89	0.89	0.924	0.868	0.362
T2238TS091_1o__T2238TS294_4o	0.634	0.897	0.897	0.84	0.812	0.649
T2238TS110_3o__T2238TS204_5o	0.469	0.44	0.44	0.589	0.537	0.23
T2238TS110_5o__T2238TS388_1o	0.568	0.734	0.734	0.655	0.714	0.249
T2238TS122_2o__T2238TS380_4o	0.89	0.931	0.931	0.94	0.897	0.434
T2238TS122_5o__T2238TS059_3o	0.625	0.828	0.828	0.66	0.744	0.483
T2238TS139_5o__T2238TS110_3o	0.367	0.401	0.401	0.481	0.479	0.163
T2238TS145_4o__T2238TS163_1o	0.858	0.95	0.95	0.944	0.897	0.492
T2238TS145_5o__T2238TS145_1o	0.891	0.942	0.942	0.935	0.87	0.436
T2238TS145_5o__T2238TS284_4o	0.82	0.885	0.885	0.896	0.816	0.402
T2238TS147_4o__T2238TS241_3o	0.594	0.722	0.722	0.647	0.701	0.399
T2238TS148_1o__T2238TS023_3o	0.796	0.917	0.917	0.877	0.84	0.382
T2238TS148_1o__T2238TS312_4o	0.696	0.83	0.83	0.77	0.76	0.299
T2238TS163_4o__T2238TS369_2o	0.93	0.963	0.963	0.944	0.92	0.459
T2238TS164_4o__T2238TS171_5o	0.79	0.847	0.847	0.831	0.789	0.546
T2238TS171_4o__T2238TS272_3o	0.047	0.029	0.029	0.014	0.373	0.022
T2238TS196_2o__T2238TS015_3o	0.734	0.712	0.712	0.772	0.763	0.432
T2238TS196_3o__T2238TS040_3o	0.022	0.003	0.003	0.0	0.113	0.009
T2238TS196_4o__T2238TS298_1o	0.119	0.264	0.264	0.236	0.285	0.085
T2238TS198_1o__T2238TS304_5o	0.839	0.916	0.916	0.913	0.833	0.37
T2238TS198_4o__T2238TS301_1o	0.816	0.912	0.912	0.92	0.81	0.484
T2238TS204_3o__T2238TS221_4o	0.88	0.929	0.929	0.937	0.907	0.392
T2238TS208_1o__T2238TS388_3o	0.671	0.845	0.845	0.699	0.724	0.363
T2238TS208_2o__T2238TS208_1o	0.965	0.984	0.984	0.979	0.944	0.661
T2238TS208_2o__T2238TS311_1o	0.84	0.941	0.941	0.885	0.875	0.634
T2238TS221_1o__T2238TS284_2o	0.825	0.925	0.925	0.936	0.909	0.369
T2238TS221_2o__T2238TS051_5o	0.799	0.92	0.92	0.895	0.867	0.673
T2238TS221_3o__T2238TS145_4o	0.854	0.93	0.93	0.893	0.873	0.491
T2238TS262_2o__T2238TS052_2o	0.879	0.955	0.955	0.94	0.943	0.681
T2238TS264_3o__T2238TS218_5o	0.91	0.961	0.961	0.93	0.927	0.38
T2238TS264_3o__T2238TS261_2o	0.342	0.415	0.415	0.449	0.359	0.165
T2238TS267_2o__T2238TS122_3o	0.863	0.931	0.931	0.896	0.867	0.336
T2238TS267_4o__T2238TS171_3o	0.775	0.848	0.848	0.847	0.829	0.331
T2238TS272_1o__T2238TS196_1o	0.043	0.031	0.031	0.014	0.345	0.023
T2238TS274_3o__T2238TS241_5o	0.855	0.925	0.925	0.935	0.901	0.406
T2238TS284_1o__T2238TS272_4o	0.147	0.241	0.241	0.166	0.238	0.049
T2238TS284_3o__T2238TS075_2o	0.917	0.96	0.96	0.946	0.934	0.382
T2238TS286_1o__T2238TS022_2o	0.792	0.933	0.933	0.853	0.893	0.462
T2238TS286_4o__T2238TS272_2o	0.656	0.869	0.869	0.734	0.734	0.335
T2238TS286_4o__T2238TS462_6o	0.762	0.901	0.901	0.828	0.821	0.321
T2238TS286_5o__T2238TS091_1o	0.622	0.856	0.856	0.786	0.758	0.369
T2238TS287_3o__T2238TS171_5o	0.756	0.879	0.879	0.851	0.84	0.579
T2238TS290_5o__T2238TS147_1o	0.466	0.422	0.422	0.56	0.515	0.187
T2238TS290_5o__T2238TS164_1o	0.974	0.986	0.986	0.956	0.944	0.887
T2238TS293_4o__T2238TS147_2o	0.56	0.716	0.716	0.589	0.618	0.276
T2238TS294_1o__T2238TS419_2o	0.852	0.935	0.935	0.884	0.842	0.492
T2238TS301_1o__T2238TS272_4o	0.147	0.241	0.241	0.166	0.238	0.049
T2238TS301_3o__T2238TS465_5o	0.909	0.96	0.96	0.922	0.917	0.382
T2238TS301_4o__T2238TS022_3o	0.893	0.961	0.961	0.932	0.895	0.481
T2238TS301_5o__T2238TS164_4o	0.861	0.951	0.951	0.928	0.903	0.438
T2238TS304_1o__T2238TS311_4o	0.828	0.945	0.945	0.853	0.839	0.355
T2238TS304_5o__T2238TS272_5o	0.0	0.0	0.0	0.0	0.105	0.009
T2238TS311_1o__T2238TS163_4o	0.87	0.928	0.928	0.876	0.901	0.403
T2238TS311_1o__T2238TS462_5o	0.707	0.772	0.772	0.665	0.76	0.361
T2238TS311_2o__T2238TS079_4o	0.887	0.936	0.936	0.901	0.917	0.775
T2238TS311_2o__T2238TS145_5o	0.866	0.916	0.916	0.902	0.832	0.408
T2238TS312_2o__T2238TS163_2o	0.882	0.958	0.958	0.957	0.944	0.757
T2238TS345_4o__T2238TS262_5o	0.879	0.929	0.929	0.907	0.864	0.386
T2238TS345_5o__T2238TS311_4o	0.712	0.853	0.853	0.815	0.77	0.331
T2238TS369_5o__T2238TS204_1o	0.851	0.918	0.918	0.925	0.857	0.352
T2238TS375_3o__T2238TS393_2o	0.919	0.954	0.954	0.946	0.919	0.449
T2238TS380_2o__T2238TS218_3o	0.831	0.888	0.888	0.875	0.824	0.502
T2238TS380_5o__T2238TS241_1o	0.819	0.848	0.848	0.879	0.825	0.363
T2238TS388_5o__T2238TS393_5o	0.459	0.462	0.462	0.527	0.472	0.175
T2238TS393_2o__T2238TS022_5o	0.887	0.917	0.917	0.922	0.919	0.353
T2238TS393_4o__T2238TS311_1o	0.767	0.909	0.909	0.835	0.85	0.337
T2238TS419_2o__T2238TS286_4o	0.718	0.907	0.907	0.814	0.79	0.368
T2238TS423_5o__T2238TS163_3o	0.845	0.92	0.92	0.861	0.855	0.453
T2238TS456_1o__T2238TS145_3o	0.915	0.943	0.943	0.93	0.903	0.412
T2238TS462_4o__T2238TS375_2o	0.591	0.67	0.67	0.628	0.646	0.271
T2238TS465_2o__T2238TS465_1o	0.602	0.718	0.718	0.676	0.705	0.352
T2238TS465_5o__T2238TS110_5o	0.685	0.761	0.761	0.66	0.714	0.327
T2238TS468_1o__T2238TS163_4o	0.962	0.984	0.984	0.95	0.91	0.807
T2238TS468_2o__T2238TS051_5o	0.887	0.945	0.945	0.907	0.909	0.482
T2238TS468_5o__T2238TS462_1o	0.461	0.424	0.424	0.578	0.518	0.19
T2238TS475_2o__T2238TS091_2o	0.904	0.858	0.858	0.893	0.811	0.352
T2238TS475_2o__T2238TS110_1o	0.474	0.429	0.429	0.566	0.575	0.186
T2238TS489_3o__T2238TS287_2o	0.875	0.948	0.948	0.936	0.899	0.448
T2238TS489_4o__T2238TS274_5o	0.882	0.936	0.936	0.929	0.875	0.426
T2238TS494_4o__T2238TS311_5o	0.779	0.915	0.915	0.835	0.829	0.362
T2238TS494_4o__T2238TS494_1o	0.823	0.93	0.93	0.886	0.875	0.405
T2238TS494_5o__T2238TS015_3o	0.801	0.752	0.752	0.796	0.718	0.327
T2240TS014_2o__T2240TS221_2o	0.623	0.611	0.611	0.602	0.816	0.236
T2240TS014_4o__T2240TS489_2o	0.373	0.388	0.388	0.351	0.873	0.138
T2240TS014_6o__T2240TS284_4o	0.174	0.207	0.207	0.096	0.763	0.058
T2240TS015_1o__T2240TS028_1o	0.344	0.352	0.352	0.305	0.911	0.119
T2240TS015_1o__T2240TS468_2o	0.747	0.777	0.777	0.783	0.853	0.301
T2240TS022_1o__T2240TS301_2o	0.355	0.317	0.317	0.242	0.84	0.127
T2240TS028_1o__T2240TS022_4o	0.742	0.665	0.665	0.735	0.766	0.315
T2240TS028_2o__T2240TS059_4o	0.615	0.63	0.63	0.69	0.853	0.257
T2240TS028_4o__T2240TS218_3o	0.16	0.228	0.228	0.093	0.844	0.049
T2240TS028_4o__T2240TS274_2o	0.343	0.371	0.371	0.311	0.855	0.124
T2240TS028_4o__T2240TS462_1o	0.777	0.813	0.813	0.819	0.888	0.29
T2240TS040_4o__T2240TS393_6o	0.298	0.34	0.34	0.304	0.776	0.132
T2240TS051_2o__T2240TS028_1o	0.691	0.651	0.651	0.657	0.911	0.271
T2240TS051_2o__T2240TS380_2o	0.45	0.434	0.434	0.458	0.84	0.184
T2240TS051_2o__T2240TS475_1o	0.618	0.551	0.551	0.563	0.867	0.253
T2240TS052_2o__T2240TS267_2o	0.364	0.398	0.398	0.391	0.844	0.154
T2240TS059_1o__T2240TS272_6o	0.778	0.868	0.868	0.84	0.862	0.333
T2240TS059_6o__T2240TS287_3o	0.746	0.733	0.733	0.763	0.809	0.289
T2240TS075_3o__T2240TS051_4o	0.586	0.576	0.576	0.655	0.778	0.218
T2240TS079_5o__T2240TS221_5o	0.902	0.939	0.939	0.899	0.875	0.494
T2240TS079_5o__T2240TS272_3o	0.3	0.331	0.331	0.319	0.82	0.14
T2240TS085_3o__T2240TS419_2o	0.864	0.877	0.877	0.87	0.92	0.31
T2240TS110_2o__T2240TS465_4o	0.688	0.684	0.684	0.733	0.732	0.236
T2240TS110_4o__T2240TS393_2o	0.184	0.222	0.222	0.094	0.801	0.052
T2240TS122_2o__T2240TS380_3o	0.207	0.246	0.246	0.147	0.819	0.063
T2240TS139_3o__T2240TS304_5o	0.299	0.295	0.295	0.209	0.805	0.117
T2240TS139_5o__T2240TS164_3o	0.182	0.221	0.221	0.084	0.878	0.049
T2240TS145_5o__T2240TS294_2o	0.668	0.649	0.649	0.71	0.866	0.27
T2240TS147_1o__T2240TS293_1o	0.326	0.339	0.339	0.307	0.865	0.121
T2240TS148_5o__T2240TS091_1o	0.631	0.591	0.591	0.612	0.828	0.276
T2240TS163_2o__T2240TS147_1o	0.792	0.818	0.818	0.834	0.863	0.301
T2240TS164_5o__T2240TS110_1o	0.795	0.808	0.808	0.823	0.837	0.298
T2240TS171_1o__T2240TS312_5o	0.727	0.81	0.81	0.817	0.825	0.304
T2240TS171_4o__T2240TS204_2o	0.488	0.471	0.471	0.554	0.883	0.192
T2240TS196_4o__T2240TS052_3o	0.345	0.34	0.34	0.28	0.84	0.114
T2240TS198_5o__T2240TS163_1o	0.846	0.856	0.856	0.852	0.901	0.328
T2240TS204_3o__T2240TS028_3o	0.872	0.901	0.901	0.877	0.888	0.497
T2240TS204_4o__T2240TS393_4o	0.888	0.921	0.921	0.9	0.931	0.44
T2240TS218_5o__T2240TS393_6o	0.178	0.225	0.225	0.108	0.807	0.06
T2240TS221_3o__T2240TS218_1o	0.554	0.463	0.463	0.44	0.836	0.196
T2240TS221_5o__T2240TS419_5o	0.877	0.88	0.88	0.889	0.931	0.32
T2240TS241_3o__T2240TS494_3o	0.199	0.24	0.24	0.11	0.852	0.063
T2240TS241_4o__T2240TS052_5o	0.672	0.548	0.623	0.597	0.818	0.248
T2240TS261_1o__T2240TS293_2o	0.077	0.118	0.118	0.057	0.5	0.019
T2240TS261_2o__T2240TS221_1o	0.078	0.093	0.093	0.094	0.385	0.038
T2240TS267_2o__T2240TS272_3o	0.653	0.789	0.789	0.778	0.837	0.345
T2240TS267_3o__T2240TS301_3o	0.779	0.73	0.73	0.768	0.794	0.324
T2240TS272_1o__T2240TS274_4o	0.798	0.784	0.784	0.806	0.866	0.349
T2240TS274_1o__T2240TS196_3o	0.23	0.286	0.286	0.221	0.823	0.09
T2240TS274_5o__T2240TS456_2o	0.153	0.22	0.22	0.099	0.8	0.065
T2240TS284_3o__T2240TS284_1o	0.797	0.792	0.792	0.817	0.866	0.323
T2240TS284_3o__T2240TS423_2o	0.599	0.611	0.611	0.685	0.784	0.221
T2240TS286_2o__T2240TS198_2o	0.419	0.404	0.404	0.427	0.857	0.171
T2240TS286_3o__T2240TS419_3o	0.4	0.373	0.373	0.356	0.89	0.143
T2240TS287_3o__T2240TS110_2o	0.317	0.336	0.336	0.323	0.813	0.104
T2240TS287_5o__T2240TS015_2o	0.372	0.29	0.29	0.322	0.766	0.084
T2240TS287_5o__T2240TS204_1o	0.372	0.292	0.292	0.322	0.779	0.084
T2240TS290_1o__T2240TS079_4o	0.666	0.749	0.749	0.769	0.8	0.289
T2240TS290_4o__T2240TS164_3o	0.673	0.615	0.615	0.641	0.882	0.266
T2240TS290_5o__T2240TS145_4o	0.575	0.494	0.494	0.471	0.909	0.182
T2240TS293_2o__T2240TS075_1o	0.308	0.349	0.349	0.336	0.89	0.139
T2240TS293_3o__T2240TS085_3o	0.889	0.82	0.82	0.8	0.941	0.321
T2240TS293_4o__T2240TS462_3o	0.378	0.373	0.373	0.33	0.841	0.13
T2240TS293_5o__T2240TS196_1o	0.41	0.354	0.354	0.317	0.81	0.142
T2240TS294_3o__T2240TS075_2o	0.36	0.331	0.331	0.254	0.86	0.143
T2240TS298_3o__T2240TS419_5o	0.575	0.536	0.536	0.566	0.815	0.173
T2240TS304_1o__T2240TS085_2o	0.311	0.329	0.329	0.305	0.815	0.117
T2240TS304_3o__T2240TS052_5o	0.835	0.826	0.928	0.832	0.844	0.327
T2240TS304_3o__T2240TS312_5o	0.808	0.762	0.762	0.792	0.831	0.275
T2240TS312_3o__T2240TS375_2o	0.288	0.295	0.295	0.246	0.729	0.116
T2240TS312_4o__T2240TS419_2o	0.373	0.363	0.363	0.34	0.896	0.13
T2240TS345_5o__T2240TS110_3o	0.777	0.784	0.784	0.794	0.834	0.27
T2240TS345_5o__T2240TS264_2o	0.288	0.342	0.342	0.297	0.827	0.099
T2240TS375_1o__T2240TS015_3o	0.692	0.73	0.73	0.753	0.765	0.27
T2240TS375_3o__T2240TS075_3o	0.665	0.372	0.372	0.438	0.791	0.142
T2240TS375_5o__T2240TS204_3o	0.628	0.574	0.574	0.595	0.846	0.187
T2240TS380_3o__T2240TS475_1o	0.616	0.669	0.669	0.726	0.862	0.292
T2240TS388_2o__T2240TS014_6o	0.318	0.338	0.338	0.303	0.854	0.114
T2240TS393_2o__T2240TS145_5o	0.299	0.305	0.305	0.191	0.835	0.1
T2240TS419_1o__T2240TS052_3o	0.344	0.331	0.331	0.284	0.812	0.118
T2240TS423_1o__T2240TS264_2o	0.495	0.456	0.456	0.396	0.869	0.185
T2240TS423_2o__T2240TS145_1o	0.607	0.517	0.517	0.503	0.913	0.198
T2240TS423_3o__T2240TS489_2o	0.723	0.741	0.741	0.792	0.907	0.287
T2240TS423_5o__T2240TS287_5o	0.422	0.292	0.292	0.267	0.762	0.143
T2240TS456_1o__T2240TS040_4o	0.398	0.397	0.397	0.367	0.926	0.149
T2240TS456_1o__T2240TS375_5o	0.618	0.52	0.52	0.558	0.857	0.214
T2240TS456_4o__T2240TS145_1o	0.521	0.517	0.534	0.522	0.856	0.204
T2240TS462_3o__T2240TS122_4o	0.552	0.498	0.498	0.526	0.752	0.235
T2240TS462_6o__T2240TS028_5o	0.443	0.395	0.395	0.393	0.873	0.155
T2240TS465_2o__T2240TS284_3o	0.447	0.373	0.373	0.334	0.663	0.146
T2240TS465_3o__T2240TS221_5o	0.393	0.379	0.379	0.378	0.787	0.13
T2240TS468_1o__T2240TS264_1o	0.338	0.298	0.298	0.181	0.832	0.107
T2240TS468_2o__T2240TS221_4o	0.792	0.795	0.795	0.805	0.856	0.256
T2240TS468_2o__T2240TS462_4o	0.343	0.399	0.399	0.355	0.823	0.127
T2240TS475_2o__T2240TS171_4o	0.369	0.343	0.343	0.232	0.863	0.122
T2240TS475_2o__T2240TS475_4o	0.482	0.5	0.5	0.504	0.801	0.201
T2240TS489_1o__T2240TS375_3o	0.468	0.405	0.405	0.45	0.793	0.205
T2240TS489_4o__T2240TS163_3o	0.856	0.856	0.856	0.864	0.91	0.348
T2240TS494_1o__T2240TS110_4o	0.673	0.722	0.722	0.776	0.809	0.27
T2240TS494_5o__T2240TS023_1o	0.156	0.209	0.226	0.088	0.802	0.062
T2246TS022_1o__T2246TS022_3o	0.795	0.849	0.849	0.806	0.833	0.717
T2246TS022_1o__T2246TS052_2o	0.903	0.917	0.917	0.895	0.894	0.719
T2246TS022_1o__T2246TS052_4o	0.835	0.894	0.894	0.826	0.851	0.812
T2246TS022_1o__T2246TS456_1o	0.987	0.993	0.993	0.992	0.978	0.994
T2246TS022_1o__T2246TS456_2o	0.898	0.916	0.916	0.895	0.894	0.718
T2246TS022_1o__T2246TS456_3o	0.857	0.943	0.943	0.893	0.862	0.764
T2246TS022_1o__T2246TS456_4o	0.782	0.873	0.873	0.822	0.837	0.729
T2246TS022_1o__T2246TS456_5o	0.986	0.991	0.991	0.988	0.957	0.986
T2246TS022_2o__T2246TS022_1o	0.916	0.916	0.916	0.891	0.883	0.729
T2246TS022_2o__T2246TS022_5o	0.832	0.868	0.868	0.811	0.844	0.676
T2246TS022_2o__T2246TS052_1o	0.912	0.915	0.915	0.88	0.904	0.726
T2246TS022_2o__T2246TS052_3o	0.936	0.897	0.897	0.901	0.86	0.691
T2246TS022_2o__T2246TS052_4o	0.84	0.845	0.845	0.8	0.879	0.674
T2246TS022_2o__T2246TS052_5o	0.921	0.927	0.927	0.9	0.923	0.732
T2246TS022_2o__T2246TS456_1o	0.925	0.912	0.912	0.9	0.904	0.735
T2246TS022_2o__T2246TS456_2o	0.993	0.997	0.997	0.996	0.989	0.998
T2246TS022_2o__T2246TS456_4o	0.825	0.894	0.894	0.803	0.844	0.749
T2246TS022_3o__T2246TS022_1o	0.802	0.849	0.849	0.806	0.833	0.671
T2246TS022_3o__T2246TS022_4o	0.732	0.847	0.847	0.759	0.846	0.648
T2246TS022_3o__T2246TS052_2o	0.807	0.798	0.798	0.777	0.851	0.603
T2246TS022_3o__T2246TS052_5o	0.87	0.884	0.884	0.871	0.933	0.738
T2246TS022_3o__T2246TS456_1o	0.809	0.848	0.848	0.816	0.854	0.68
T2246TS022_3o__T2246TS456_3o	0.862	0.883	0.883	0.847	0.9	0.828
T2246TS022_3o__T2246TS456_4o	0.88	0.916	0.916	0.93	0.897	0.679
T2246TS022_4o__T2246TS022_1o	0.794	0.876	0.876	0.716	0.773	0.774
T2246TS022_4o__T2246TS022_3o	0.808	0.847	0.847	0.759	0.846	0.741
T2246TS022_4o__T2246TS456_1o	0.797	0.877	0.877	0.727	0.794	0.79
T2246TS022_4o__T2246TS456_3o	0.858	0.889	0.889	0.805	0.856	0.796
T2246TS022_4o__T2246TS456_4o	0.801	0.876	0.876	0.764	0.809	0.789
T2246TS022_4o__T2246TS456_5o	0.806	0.879	0.879	0.724	0.796	0.789
T2246TS022_5o__T2246TS052_1o	0.84	0.877	0.877	0.802	0.859	0.744
T2246TS022_5o__T2246TS052_3o	0.882	0.889	0.889	0.847	0.897	0.822
T2246TS022_5o__T2246TS052_4o	0.963	0.979	0.979	0.955	0.918	0.831
T2246TS022_5o__T2246TS456_1o	0.844	0.875	0.875	0.814	0.859	0.749
T2246TS022_5o__T2246TS456_2o	0.864	0.867	0.867	0.807	0.856	0.685
T2246TS022_5o__T2246TS456_3o	0.893	0.909	0.909	0.883	0.907	0.842
T2246TS022_5o__T2246TS456_4o	0.94	0.986	0.986	0.981	1.0	0.807
T2246TS052_1o__T2246TS022_1o	0.981	0.991	0.991	0.988	0.978	0.986
T2246TS052_1o__T2246TS022_4o	0.714	0.876	0.876	0.715	0.794	0.746
T2246TS052_1o__T2246TS456_2o	0.889	0.915	0.915	0.884	0.915	0.707
T2246TS052_1o__T2246TS456_3o	0.851	0.942	0.942	0.89	0.883	0.716
T2246TS052_1o__T2246TS456_4o	0.781	0.874	0.874	0.82	0.859	0.721
T2246TS052_1o__T2246TS456_5o	0.979	0.992	0.992	0.985	0.979	0.988
T2246TS052_2o__T2246TS022_2o	0.988	0.991	0.991	0.996	0.989	0.99
T2246TS052_2o__T2246TS022_4o	0.732	0.846	0.846	0.717	0.789	0.675
T2246TS052_2o__T2246TS022_5o	0.832	0.864	0.864	0.807	0.856	0.677
T2246TS052_2o__T2246TS456_1o	0.934	0.914	0.914	0.904	0.915	0.739
T2246TS052_2o__T2246TS456_3o	0.897	0.927	0.927	0.898	0.901	0.691
T2246TS052_3o__T2246TS022_2o	0.911	0.897	0.897	0.901	0.86	0.657
T2246TS052_3o__T2246TS022_3o	0.882	0.894	0.894	0.881	0.955	0.864
T2246TS052_3o__T2246TS022_4o	0.74	0.879	0.879	0.773	0.846	0.674
T2246TS052_3o__T2246TS052_1o	0.897	0.954	0.954	0.921	0.894	0.741
T2246TS052_3o__T2246TS052_4o	0.856	0.899	0.899	0.869	0.932	0.709
T2246TS052_3o__T2246TS456_1o	0.91	0.955	0.955	0.932	0.894	0.743
T2246TS052_3o__T2246TS456_2o	0.905	0.895	0.895	0.897	0.851	0.658
T2246TS052_3o__T2246TS456_3o	0.928	0.97	0.97	0.928	0.9	0.926
T2246TS052_4o__T2246TS022_3o	0.933	0.947	0.947	0.958	0.977	0.83
T2246TS052_4o__T2246TS022_5o	0.938	0.979	0.979	0.955	0.918	0.844
T2246TS052_4o__T2246TS052_1o	0.856	0.895	0.895	0.824	0.872	0.842
T2246TS052_4o__T2246TS052_3o	0.881	0.899	0.899	0.869	0.932	0.782
T2246TS052_4o__T2246TS052_5o	0.892	0.915	0.915	0.885	0.955	0.823
T2246TS052_4o__T2246TS456_1o	0.862	0.893	0.893	0.836	0.872	0.85
T2246TS052_4o__T2246TS456_3o	0.855	0.897	0.897	0.87	0.92	0.765
T2246TS052_5o__T2246TS022_1o	0.892	0.958	0.958	0.907	0.894	0.792
T2246TS052_5o__T2246TS022_4o	0.782	0.898	0.898	0.805	0.868	0.764
T2246TS052_5o__T2246TS022_5o	0.869	0.911	0.911	0.863	0.876	0.732
T2246TS052_5o__T2246TS052_1o	0.891	0.958	0.958	0.904	0.915	0.799
T2246TS052_5o__T2246TS052_2o	0.908	0.925	0.925	0.896	0.913	0.719
T2246TS052_5o__T2246TS052_3o	0.954	0.972	0.972	0.95	0.933	0.896
T2246TS052_5o__T2246TS052_4o	0.879	0.915	0.915	0.885	0.955	0.775
T2246TS052_5o__T2246TS456_1o	0.897	0.958	0.958	0.916	0.915	0.802
T2246TS052_5o__T2246TS456_4o	0.848	0.905	0.905	0.873	0.876	0.735
T2246TS456_1o__T2246TS022_1o	0.986	0.993	0.993	0.992	0.978	0.989
T2246TS456_1o__T2246TS052_3o	0.911	0.955	0.955	0.932	0.894	0.746
T2246TS456_1o__T2246TS052_4o	0.841	0.893	0.893	0.836	0.872	0.815
T2246TS456_2o__T2246TS022_2o	0.995	0.997	0.997	0.996	0.989	0.996
T2246TS456_2o__T2246TS022_5o	0.833	0.867	0.867	0.807	0.856	0.677
T2246TS456_2o__T2246TS052_1o	0.915	0.915	0.915	0.884	0.915	0.73
T2246TS456_2o__T2246TS052_5o	0.921	0.926	0.926	0.896	0.913	0.733
T2246TS456_2o__T2246TS456_1o	0.926	0.913	0.913	0.904	0.915	0.739
T2246TS456_2o__T2246TS456_3o	0.902	0.929	0.929	0.898	0.901	0.691
T2246TS456_3o__T2246TS022_1o	0.877	0.943	0.943	0.893	0.862	0.729
T2246TS456_3o__T2246TS022_2o	0.909	0.93	0.93	0.902	0.911	0.677
T2246TS456_3o__T2246TS052_1o	0.877	0.942	0.942	0.89	0.883	0.738
T2246TS456_3o__T2246TS052_2o	0.903	0.927	0.927	0.898	0.901	0.678
T2246TS456_3o__T2246TS052_3o	0.95	0.97	0.97	0.928	0.9	0.945
T2246TS456_3o__T2246TS052_5o	0.967	0.981	0.981	0.979	0.966	0.832
T2246TS456_3o__T2246TS456_5o	0.883	0.944	0.944	0.89	0.865	0.734
T2246TS456_4o__T2246TS022_2o	0.883	0.894	0.894	0.803	0.844	0.793
T2246TS456_4o__T2246TS022_3o	0.947	0.916	0.916	0.93	0.897	0.793
T2246TS456_4o__T2246TS052_1o	0.853	0.874	0.874	0.82	0.859	0.787
T2246TS456_4o__T2246TS052_3o	0.889	0.87	0.87	0.857	0.897	0.758
T2246TS456_4o__T2246TS456_3o	0.888	0.9	0.9	0.875	0.907	0.769
T2246TS456_4o__T2246TS456_5o	0.857	0.876	0.876	0.82	0.84	0.79
T2246TS456_5o__T2246TS022_1o	0.983	0.991	0.991	0.988	0.957	0.978
T2246TS456_5o__T2246TS022_2o	0.897	0.915	0.915	0.88	0.885	0.703
T2246TS456_5o__T2246TS052_2o	0.905	0.917	0.917	0.884	0.896	0.71
T2246TS456_5o__T2246TS052_3o	0.907	0.955	0.955	0.921	0.875	0.739
T2246TS456_5o__T2246TS052_5o	0.883	0.958	0.958	0.904	0.896	0.784
T2246TS456_5o__T2246TS456_1o	0.978	0.99	0.99	0.981	0.979	0.985
T2249v1TS014_1o__T2249v1TS023_3o	0.086	0.132	0.132	0.068	0.648	0.04
T2249v1TS014_1o__T2249v1TS393_4o	0.088	0.144	0.144	0.1	0.592	0.049
T2249v1TS014_1o__T2249v1TS475_1o	0.061	0.062	0.062	0.051	0.191	0.027
T2249v1TS014_6o__T2249v1TS262_4o	0.067	0.075	0.075	0.016	0.436	0.022
T2249v1TS015_3o__T2249v1TS304_4o	0.046	0.044	0.044	0.031	0.481	0.027
T2249v1TS015_5o__T2249v1TS052_1o	0.469	0.393	0.393	0.38	0.612	0.221
T2249v1TS022_4o__T2249v1TS375_2o	0.254	0.272	0.272	0.19	0.41	0.133
T2249v1TS023_1o__T2249v1TS287_1o	0.073	0.051	0.051	0.02	0.446	0.03
T2249v1TS023_5o__T2249v1TS284_4o	0.108	0.142	0.142	0.068	0.58	0.035
T2249v1TS023_5o__T2249v1TS465_2o	0.158	0.116	0.116	0.118	0.308	0.069
T2249v1TS028_5o__T2249v1TS163_1o	0.048	0.011	0.011	0.0	0.316	0.014
T2249v1TS028_5o__T2249v1TS264_1o	0.086	0.087	0.087	0.044	0.268	0.027
T2249v1TS051_1o__T2249v1TS267_2o	0.005	0.005	0.005	0.0	0.037	0.004
T2249v1TS052_1o__T2249v1TS264_2o	0.356	0.374	0.374	0.273	0.599	0.16
T2249v1TS075_2o__T2249v1TS171_2o	0.07	0.059	0.059	0.033	0.348	0.027
T2249v1TS091_3o__T2249v1TS261_2o	0.017	0.006	0.006	0.001	0.397	0.006
T2249v1TS110_3o__T2249v1TS287_5o	0.14	0.095	0.095	0.108	0.34	0.056
T2249v1TS139_5o__T2249v1TS052_2o	0.011	0.006	0.007	0.0	0.102	0.01
T2249v1TS139_5o__T2249v1TS163_3o	0.01	0.001	0.002	0.0	0.091	0.012
T2249v1TS139_6o__T2249v1TS196_1o	0.077	0.063	0.063	0.051	0.155	0.036
T2249v1TS145_5o__T2249v1TS148_2o	0.132	0.075	0.075	0.142	0.28	0.058
T2249v1TS145_5o__T2249v1TS196_2o	0.01	0.0	0.0	0.0	0.079	0.006
T2249v1TS147_4o__T2249v1TS208_3o	0.106	0.046	0.046	0.03	0.213	0.03
T2249v1TS148_3o__T2249v1TS023_2o	0.119	0.11	0.11	0.052	0.324	0.03
T2249v1TS163_1o__T2249v1TS198_3o	0.058	0.046	0.046	0.05	0.372	0.031
T2249v1TS163_3o__T2249v1TS267_4o	0.007	0.001	0.001	0.0	0.088	0.005
T2249v1TS164_5o__T2249v1TS059_2o	0.064	0.056	0.056	0.046	0.365	0.032
T2249v1TS171_2o__T2249v1TS465_1o	0.037	0.011	0.011	0.0	0.356	0.016
T2249v1TS196_1o__T2249v1TS267_3o	0.002	0.0	0.0	0.0	0.142	0.006
T2249v1TS196_2o__T2249v1TS311_4o	0.011	0.001	0.001	0.0	0.12	0.006
T2249v1TS198_4o__T2249v1TS059_1o	0.089	0.104	0.104	0.048	0.564	0.039
T2249v1TS208_3o__T2249v1TS287_5o	0.258	0.221	0.221	0.246	0.354	0.158
T2249v1TS208_4o__T2249v1TS075_5o	0.082	0.087	0.087	0.048	0.348	0.028
T2249v1TS221_1o__T2249v1TS028_2o	0.068	0.066	0.066	0.028	0.262	0.027
T2249v1TS221_3o__T2249v1TS264_1o	0.478	0.573	0.573	0.36	0.542	0.381
T2249v1TS241_2o__T2249v1TS241_1o	0.63	0.67	0.67	0.568	0.676	0.333
T2249v1TS241_4o__T2249v1TS014_2o	0.38	0.269	0.269	0.292	0.53	0.241
T2249v1TS241_5o__T2249v1TS163_3o	0.061	0.034	0.034	0.022	0.479	0.025
T2249v1TS261_1o__T2249v1TS147_3o	0.007	0.003	0.003	0.0	0.151	0.005
T2249v1TS261_1o__T2249v1TS301_2o	0.012	0.01	0.01	0.004	0.173	0.006
T2249v1TS261_2o__T2249v1TS262_5o	0.008	0.001	0.001	0.002	0.193	0.006
T2249v1TS262_2o__T2249v1TS059_6o	0.076	0.047	0.047	0.011	0.389	0.019
T2249v1TS262_2o__T2249v1TS241_5o	0.101	0.058	0.058	0.008	0.42	0.022
T2249v1TS262_2o__T2249v1TS304_2o	0.092	0.042	0.042	0.002	0.361	0.016
T2249v1TS262_2o__T2249v1TS375_5o	0.08	0.05	0.05	0.01	0.473	0.019
T2249v1TS262_3o__T2249v1TS284_2o	0.072	0.057	0.057	0.025	0.403	0.019
T2249v1TS262_5o__T2249v1TS375_4o	0.077	0.048	0.048	0.03	0.391	0.03
T2249v1TS264_2o__T2249v1TS298_5o	0.05	0.157	0.157	0.146	0.538	0.065
T2249v1TS264_6o__T2249v1TS014_3o	0.078	0.05	0.05	0.028	0.547	0.03
T2249v1TS264_6o__T2249v1TS171_4o	0.046	0.017	0.017	0.006	0.441	0.018
T2249v1TS267_2o__T2249v1TS267_1o	0.964	0.994	0.994	0.986	1.0	0.633
T2249v1TS267_2o__T2249v1TS287_5o	0.004	0.0	0.0	0.0	0.046	0.006
T2249v1TS284_4o__T2249v1TS079_3o	0.141	0.089	0.089	0.089	0.247	0.063
T2249v1TS284_4o__T2249v1TS462_6o	0.197	0.089	0.089	0.131	0.249	0.086
T2249v1TS286_3o__T2249v1TS059_5o	0.126	0.109	0.109	0.074	0.449	0.054
T2249v1TS286_3o__T2249v1TS465_5o	0.084	0.063	0.063	0.047	0.431	0.04
T2249v1TS286_3o__T2249v1TS475_1o	0.115	0.103	0.103	0.113	0.217	0.059
T2249v1TS287_1o__T2249v1TS208_2o	0.539	0.627	0.627	0.535	0.63	0.236
T2249v1TS287_4o__T2249v1TS145_5o	0.06	0.053	0.053	0.033	0.42	0.029
T2249v1TS287_4o__T2249v1TS301_2o	0.056	0.056	0.056	0.036	0.28	0.022
T2249v1TS293_1o__T2249v1TS171_5o	0.338	0.287	0.287	0.227	0.445	0.168
T2249v1TS293_3o__T2249v1TS393_2o	0.088	0.134	0.134	0.086	0.656	0.042
T2249v1TS294_2o__T2249v1TS261_5o	0.1	0.152	0.152	0.153	0.38	0.052
T2249v1TS294_3o__T2249v1TS015_1o	0.009	0.003	0.003	0.0	0.169	0.006
T2249v1TS294_3o__T2249v1TS196_2o	0.007	0.0	0.0	0.0	0.084	0.007
T2249v1TS294_4o__T2249v1TS262_4o	0.021	0.018	0.018	0.009	0.158	0.005
T2249v1TS294_4o__T2249v1TS293_5o	0.028	0.047	0.047	0.024	0.179	0.009
T2249v1TS298_1o__T2249v1TS122_3o	0.102	0.106	0.106	0.111	0.285	0.042
T2249v1TS301_1o__T2249v1TS147_1o	0.101	0.142	0.142	0.067	0.434	0.036
T2249v1TS301_2o__T2249v1TS164_5o	0.048	0.007	0.007	0.0	0.351	0.012
T2249v1TS301_3o__T2249v1TS139_4o	0.004	0.0	0.0	0.0	0.036	0.005
T2249v1TS304_2o__T2249v1TS375_5o	0.201	0.307	0.307	0.232	0.403	0.11
T2249v1TS304_5o__T2249v1TS023_2o	0.199	0.208	0.208	0.141	0.444	0.078
T2249v1TS311_1o__T2249v1TS272_4o	0.064	0.053	0.053	0.02	0.495	0.026
T2249v1TS312_2o__T2249v1TS345_2o	0.09	0.102	0.102	0.053	0.279	0.037
T2249v1TS312_5o__T2249v1TS219_2o	0.065	0.052	0.052	0.032	0.232	0.032
T2249v1TS312_5o__T2249v1TS456_2o	0.091	0.065	0.065	0.043	0.274	0.037
T2249v1TS322_2o__T2249v1TS059_3o	0.081	0.102	0.102	0.07	0.539	0.041
T2249v1TS322_2o__T2249v1TS139_6o	0.074	0.122	0.122	0.064	0.486	0.037
T2249v1TS322_4o__T2249v1TS393_4o	0.052	0.043	0.043	0.015	0.471	0.024
T2249v1TS345_3o__T2249v1TS122_2o	0.071	0.078	0.078	0.046	0.319	0.03
T2249v1TS345_3o__T2249v1TS419_5o	0.078	0.129	0.129	0.059	0.529	0.035
T2249v1TS345_5o__T2249v1TS198_3o	0.291	0.22	0.22	0.196	0.362	0.183
T2249v1TS369_1o__T2249v1TS284_4o	0.123	0.15	0.15	0.064	0.507	0.038
T2249v1TS375_4o__T2249v1TS393_1o	0.136	0.131	0.131	0.121	0.364	0.06
T2249v1TS380_5o__T2249v1TS465_2o	0.098	0.073	0.073	0.044	0.649	0.035
T2249v1TS388_1o__T2249v1TS023_3o	0.07	0.067	0.067	0.028	0.569	0.028
T2249v1TS388_4o__T2249v1TS014_3o	0.569	0.624	0.624	0.496	0.711	0.424
T2249v1TS419_2o__T2249v1TS023_2o	0.092	0.079	0.079	0.042	0.522	0.035
T2249v1TS419_5o__T2249v1TS293_4o	0.085	0.156	0.156	0.076	0.545	0.063
T2249v1TS456_2o__T2249v1TS322_3o	0.061	0.048	0.048	0.029	0.616	0.031
T2249v1TS456_4o__T2249v1TS267_3o	0.006	0.006	0.006	0.0	0.049	0.003
T2249v1TS456_5o__T2249v1TS262_2o	0.056	0.046	0.058	0.008	0.392	0.02
T2249v1TS456_5o__T2249v1TS456_3o	0.324	0.382	0.403	0.342	0.484	0.337
T2249v1TS462_2o__T2249v1TS122_3o	0.133	0.159	0.159	0.085	0.557	0.041
T2249v1TS462_6o__T2249v1TS375_3o	0.063	0.068	0.068	0.033	0.507	0.03
T2249v1TS465_3o__T2249v1TS456_3o	0.399	0.354	0.354	0.354	0.524	0.157
T2249v1TS475_2o__T2249v1TS196_2o	0.004	0.0	0.0	0.0	0.081	0.004
T2249v2TS014_1o__T2249v2TS028_5o	0.448	0.385	0.385	0.356	0.567	0.177
T2249v2TS014_2o__T2249v2TS388_3o	0.625	0.74	0.74	0.604	0.758	0.605
T2249v2TS014_3o__T2249v2TS163_5o	0.051	0.05	0.05	0.033	0.558	0.029
T2249v2TS015_2o__T2249v2TS015_4o	0.081	0.168	0.168	0.149	0.779	0.07
T2249v2TS015_2o__T2249v2TS196_1o	0.026	0.012	0.012	0.0	0.149	0.021
T2249v2TS015_4o__T2249v2TS287_1o	0.468	0.491	0.491	0.452	0.611	0.215
T2249v2TS015_5o__T2249v2TS475_3o	0.356	0.325	0.325	0.277	0.597	0.193
T2249v2TS022_1o__T2249v2TS393_5o	0.286	0.309	0.309	0.281	0.523	0.236
T2249v2TS022_3o__T2249v2TS122_5o	0.401	0.48	0.48	0.386	0.527	0.369
T2249v2TS022_4o__T2249v2TS028_4o	0.447	0.371	0.371	0.387	0.584	0.213
T2249v2TS022_5o__T2249v2TS059_3o	0.09	0.1	0.112	0.039	0.578	0.038
T2249v2TS022_5o__T2249v2TS312_3o	0.629	0.573	0.627	0.539	0.719	0.494
T2249v2TS023_5o__T2249v2TS301_1o	0.077	0.096	0.096	0.06	0.608	0.034
T2249v2TS028_4o__T2249v2TS294_1o	0.1	0.101	0.101	0.079	0.581	0.054
T2249v2TS051_1o__T2249v2TS261_2o	0.075	0.09	0.09	0.032	0.517	0.028
T2249v2TS051_2o__T2249v2TS465_2o	0.095	0.092	0.092	0.054	0.424	0.041
T2249v2TS052_2o__T2249v2TS284_2o	0.412	0.478	0.478	0.415	0.668	0.201
T2249v2TS052_2o__T2249v2TS284_4o	0.189	0.168	0.168	0.103	0.547	0.077
T2249v2TS052_3o__T2249v2TS462_4o	0.391	0.272	0.272	0.298	0.454	0.232
T2249v2TS059_2o__T2249v2TS015_5o	0.562	0.625	0.625	0.511	0.655	0.445
T2249v2TS059_4o__T2249v2TS388_4o	1.0	1.0	1.0	1.0	1.0	1.0
T2249v2TS075_1o__T2249v2TS311_4o	0.052	0.04	0.04	0.016	0.472	0.018
T2249v2TS110_5o__T2249v2TS059_3o	0.079	0.12	0.12	0.068	0.602	0.047
T2249v2TS122_2o__T2249v2TS261_2o	0.076	0.099	0.099	0.047	0.502	0.032
T2249v2TS122_4o__T2249v2TS311_3o	0.562	0.5	0.5	0.472	0.7	0.308
T2249v2TS122_5o__T2249v2TS163_5o	0.056	0.021	0.021	0.011	0.381	0.024
T2249v2TS139_5o__T2249v2TS272_1o	0.014	0.001	0.002	0.0	0.058	0.008
T2249v2TS145_1o__T2249v2TS163_1o	0.236	0.225	0.225	0.101	0.379	0.13
T2249v2TS145_3o__T2249v2TS456_2o	0.407	0.494	0.494	0.326	0.549	0.372
T2249v2TS145_5o__T2249v2TS375_1o	0.12	0.096	0.096	0.153	0.306	0.052
T2249v2TS147_3o__T2249v2TS311_4o	0.065	0.075	0.075	0.039	0.566	0.027
T2249v2TS147_3o__T2249v2TS345_1o	0.447	0.487	0.487	0.389	0.59	0.213
T2249v2TS148_3o__T2249v2TS171_4o	0.052	0.049	0.049	0.031	0.557	0.026
T2249v2TS148_5o__T2249v2TS267_2o	0.007	0.005	0.005	0.0	0.047	0.003
T2249v2TS163_1o__T2249v2TS221_1o	0.199	0.178	0.178	0.157	0.331	0.082
T2249v2TS163_2o__T2249v2TS388_3o	0.284	0.245	0.245	0.188	0.53	0.142
T2249v2TS163_3o__T2249v2TS075_1o	0.179	0.194	0.194	0.217	0.552	0.083
T2249v2TS163_3o__T2249v2TS298_1o	0.083	0.046	0.046	0.031	0.583	0.029
T2249v2TS164_4o__T2249v2TS311_3o	0.288	0.161	0.161	0.094	0.292	0.095
T2249v2TS164_5o__T2249v2TS022_4o	0.05	0.056	0.056	0.044	0.341	0.039
T2249v2TS171_1o__T2249v2TS301_2o	0.3	0.276	0.276	0.232	0.535	0.126
T2249v2TS198_2o__T2249v2TS301_4o	0.299	0.451	0.451	0.296	0.486	0.283
T2249v2TS208_3o__T2249v2TS148_4o	0.297	0.171	0.171	0.226	0.484	0.198
T2249v2TS219_3o__T2249v2TS023_1o	0.32	0.382	0.382	0.28	0.466	0.161
T2249v2TS219_4o__T2249v2TS051_3o	0.501	0.466	0.466	0.346	0.538	0.261
T2249v2TS221_1o__T2249v2TS015_1o	0.516	0.493	0.493	0.418	0.463	0.311
T2249v2TS221_3o__T2249v2TS375_4o	0.105	0.072	0.072	0.019	0.477	0.027
T2249v2TS241_1o__T2249v2TS164_2o	0.394	0.453	0.453	0.36	0.498	0.217
T2249v2TS241_4o__T2249v2TS147_3o	0.459	0.469	0.469	0.415	0.644	0.206
T2249v2TS241_4o__T2249v2TS450_5o	0.078	0.057	0.057	0.04	0.502	0.044
T2249v2TS241_4o__T2249v2TS462_2o	0.263	0.256	0.256	0.208	0.548	0.145
T2249v2TS261_3o__T2249v2TS393_2o	0.046	0.045	0.045	0.023	0.461	0.024
T2249v2TS261_4o__T2249v2TS462_6o	0.369	0.395	0.395	0.308	0.511	0.197
T2249v2TS261_5o__T2249v2TS267_4o	0.004	0.001	0.001	0.0	0.081	0.005
T2249v2TS261_5o__T2249v2TS304_2o	0.253	0.233	0.233	0.156	0.518	0.153
T2249v2TS262_2o__T2249v2TS079_2o	0.312	0.433	0.433	0.317	0.575	0.263
T2249v2TS262_4o__T2249v2TS028_4o	0.077	0.045	0.045	0.021	0.459	0.027
T2249v2TS262_4o__T2249v2TS301_2o	0.304	0.295	0.295	0.228	0.522	0.145
T2249v2TS264_4o__T2249v2TS148_4o	0.11	0.15	0.15	0.087	0.689	0.061
T2249v2TS267_2o__T2249v2TS052_5o	0.015	0.006	0.006	0.0	0.088	0.012
T2249v2TS267_3o__T2249v2TS023_2o	0.021	0.005	0.005	0.0	0.098	0.004
T2249v2TS272_2o__T2249v2TS264_3o	0.08	0.069	0.069	0.046	0.375	0.039
T2249v2TS284_1o__T2249v2TS475_3o	0.747	0.678	0.678	0.626	0.745	0.539
T2249v2TS286_2o__T2249v2TS388_2o	0.087	0.086	0.086	0.048	0.595	0.037
T2249v2TS286_4o__T2249v2TS312_5o	0.062	0.06	0.06	0.028	0.521	0.028
T2249v2TS287_2o__T2249v2TS375_2o	0.088	0.061	0.061	0.023	0.316	0.02
T2249v2TS287_5o__T2249v2TS393_1o	0.402	0.378	0.378	0.338	0.498	0.201
T2249v2TS293_4o__T2249v2TS301_4o	0.725	0.477	0.477	0.461	0.661	0.224
T2249v2TS293_5o__T2249v2TS059_2o	0.086	0.116	0.116	0.067	0.672	0.04
T2249v2TS293_5o__T2249v2TS298_1o	0.101	0.119	0.119	0.085	0.748	0.048
T2249v2TS294_1o__T2249v2TS015_5o	0.077	0.128	0.128	0.096	0.656	0.046
T2249v2TS301_1o__T2249v2TS284_2o	0.086	0.083	0.083	0.04	0.542	0.033
T2249v2TS304_3o__T2249v2TS147_1o	0.089	0.061	0.061	0.019	0.625	0.027
T2249v2TS304_4o__T2249v2TS264_6o	0.221	0.145	0.145	0.156	0.412	0.103
T2249v2TS304_5o__T2249v2TS139_1o	0.004	0.001	0.002	0.0	0.085	0.011
T2249v2TS311_1o__T2249v2TS294_2o	0.05	0.065	0.065	0.049	0.481	0.033
T2249v2TS312_1o__T2249v2TS419_2o	0.078	0.095	0.095	0.056	0.687	0.039
T2249v2TS322_2o__T2249v2TS014_4o	0.068	0.147	0.147	0.103	0.738	0.054
T2249v2TS322_4o__T2249v2TS052_4o	0.075	0.053	0.053	0.022	0.368	0.024
T2249v2TS345_2o__T2249v2TS262_2o	0.265	0.262	0.262	0.145	0.441	0.168
T2249v2TS375_1o__T2249v2TS475_4o	0.105	0.082	0.082	0.032	0.373	0.028
T2249v2TS375_5o__T2249v2TS110_4o	0.485	0.468	0.468	0.371	0.649	0.221
T2249v2TS380_1o__T2249v2TS023_1o	0.394	0.429	0.429	0.301	0.603	0.181
T2249v2TS380_5o__T2249v2TS456_2o	0.07	0.054	0.054	0.028	0.493	0.029
T2249v2TS388_2o__T2249v2TS465_2o	0.339	0.309	0.309	0.285	0.453	0.168
T2249v2TS393_2o__T2249v2TS139_4o	0.006	0.001	0.001	0.0	0.052	0.009
T2249v2TS393_6o__T2249v2TS462_2o	0.218	0.203	0.203	0.152	0.548	0.088
T2249v2TS419_2o__T2249v2TS052_5o	0.067	0.061	0.074	0.042	0.506	0.034
T2249v2TS419_2o__T2249v2TS145_5o	0.449	0.63	0.63	0.456	0.597	0.305
T2249v2TS450_2o__T2249v2TS171_2o	0.2	0.156	0.156	0.069	0.329	0.138
T2249v2TS450_4o__T2249v2TS293_3o	0.094	0.1	0.1	0.032	0.234	0.063
T2249v2TS456_2o__T2249v2TS393_5o	0.068	0.061	0.061	0.045	0.575	0.035
T2249v2TS462_1o__T2249v2TS298_1o	0.49	0.497	0.497	0.453	0.658	0.236
T2249v2TS462_4o__T2249v2TS345_2o	0.068	0.071	0.071	0.049	0.439	0.034
T2249v2TS465_1o__T2249v2TS198_4o	0.252	0.386	0.386	0.267	0.437	0.149
T2249v2TS465_1o__T2249v2TS369_2o	0.047	0.064	0.064	0.022	0.27	0.016
T2249v2TS475_1o__T2249v2TS287_4o	0.145	0.181	0.181	0.13	0.384	0.114
T2249v2TS475_3o__T2249v2TS419_1o	0.071	0.101	0.101	0.068	0.598	0.04
T2257TS014_1o__T2257TS052_5o	0.196	0.137	0.145	0.144	0.866	0.049
T2257TS014_4o__T2257TS494_2o	0.727	0.681	0.682	0.731	0.899	0.251
T2257TS015_4o__T2257TS040_5o	0.001	0.004	0.004	0.002	0.126	0.001
T2257TS022_1o__T2257TS110_1o	0.135	0.124	0.124	0.054	0.973	0.057
T2257TS022_3o__T2257TS475_2o	0.751	0.704	0.704	0.765	0.937	0.261
T2257TS023_1o__T2257TS293_4o	0.624	0.661	0.663	0.682	0.928	0.241
T2257TS023_2o__T2257TS294_4o	0.893	0.834	0.851	0.887	0.946	0.43
T2257TS023_2o__T2257TS465_2o	0.334	0.342	0.347	0.424	0.756	0.125
T2257TS023_4o__T2257TS345_1o	0.138	0.128	0.129	0.06	0.967	0.055
T2257TS028_1o__T2257TS468_2o	0.605	0.552	0.552	0.585	0.926	0.204
T2257TS051_3o__T2257TS241_3o	0.502	0.444	0.444	0.461	0.898	0.161
T2257TS052_1o__T2257TS145_5o	0.12	0.115	0.115	0.059	0.8	0.019
T2257TS052_2o__T2257TS261_3o	0.455	0.448	0.459	0.507	0.749	0.16
T2257TS052_3o__T2257TS393_1o	0.613	0.51	0.517	0.577	0.93	0.198
T2257TS052_4o__T2257TS286_4o	0.776	0.673	0.777	0.776	0.841	0.4
T2257TS052_5o__T2257TS147_3o	0.237	0.137	0.155	0.146	0.8	0.089
T2257TS052_5o__T2257TS419_5o	0.759	0.649	0.775	0.742	0.816	0.354
T2257TS059_2o__T2257TS122_4o	0.759	0.792	0.792	0.778	0.857	0.286
T2257TS059_5o__T2257TS122_1o	0.517	0.485	0.485	0.495	0.868	0.175
T2257TS059_5o__T2257TS465_5o	0.338	0.423	0.423	0.495	0.743	0.149
T2257TS075_2o__T2257TS091_4o	0.202	0.188	0.188	0.13	0.907	0.047
T2257TS075_4o__T2257TS208_5o	0.449	0.358	0.358	0.429	0.918	0.146
T2257TS079_4o__T2257TS208_4o	0.131	0.16	0.16	0.082	0.906	0.03
T2257TS091_1o__T2257TS286_5o	0.62	0.617	0.617	0.71	0.846	0.224
T2257TS091_2o__T2257TS171_5o	0.801	0.86	0.86	0.851	0.928	0.284
T2257TS110_3o__T2257TS052_5o	0.187	0.137	0.155	0.146	0.8	0.079
T2257TS122_2o__T2257TS015_1o	0.756	0.77	0.77	0.793	0.931	0.258
T2257TS145_1o__T2257TS196_2o	0.311	0.265	0.265	0.251	0.882	0.09
T2257TS145_2o__T2257TS261_5o	0.237	0.209	0.209	0.237	0.779	0.083
T2257TS148_1o__T2257TS023_3o	0.39	0.308	0.308	0.352	0.93	0.115
T2257TS148_1o__T2257TS221_4o	0.599	0.564	0.564	0.595	0.924	0.192
T2257TS148_2o__T2257TS304_2o	0.179	0.161	0.161	0.113	0.912	0.06
T2257TS148_3o__T2257TS462_4o	0.452	0.356	0.356	0.426	0.943	0.14
T2257TS163_3o__T2257TS040_4o	0.001	0.003	0.003	0.001	0.093	0.001
T2257TS163_4o__T2257TS059_4o	0.746	0.805	0.805	0.792	0.888	0.33
T2257TS164_2o__T2257TS465_1o	0.24	0.251	0.973	0.384	0.245	0.704
T2257TS164_5o__T2257TS208_5o	0.467	0.373	0.373	0.447	0.941	0.154
T2257TS171_2o__T2257TS091_2o	0.822	0.86	0.86	0.853	0.928	0.285
T2257TS196_1o__T2257TS294_3o	0.654	0.438	0.439	0.483	0.85	0.143
T2257TS196_4o__T2257TS380_3o	0.404	0.339	0.339	0.35	0.83	0.128
T2257TS198_4o__T2257TS261_1o	0.433	0.367	0.367	0.435	0.773	0.151
T2257TS208_3o__T2257TS059_6o	0.394	0.347	0.347	0.377	0.868	0.118
T2257TS208_3o__T2257TS393_2o	0.182	0.168	0.168	0.121	0.916	0.055
T2257TS208_4o__T2257TS022_4o	0.152	0.145	0.167	0.154	0.761	0.048
T2257TS221_1o__T2257TS040_5o	0.001	0.004	0.004	0.002	0.127	0.001
T2257TS221_3o__T2257TS208_5o	0.5	0.41	0.41	0.45	0.936	0.154
T2257TS221_3o__T2257TS494_1o	0.142	0.161	0.161	0.083	0.96	0.06
T2257TS221_4o__T2257TS286_4o	0.763	0.711	0.711	0.771	0.94	0.375
T2257TS261_3o__T2257TS187_1o	0.143	0.125	0.125	0.113	0.737	0.041
T2257TS264_1o__T2257TS059_4o	0.347	0.287	0.287	0.309	0.87	0.098
T2257TS264_5o__T2257TS284_3o	0.264	0.207	0.207	0.198	0.869	0.065
T2257TS267_1o__T2257TS286_5o	0.115	0.103	0.103	0.05	0.874	0.02
T2257TS267_2o__T2257TS419_1o	0.143	0.16	0.16	0.083	0.954	0.06
T2257TS272_1o__T2257TS148_5o	0.256	0.205	0.205	0.189	0.909	0.083
T2257TS272_3o__T2257TS164_1o	0.23	0.191	0.191	0.162	0.932	0.053
T2257TS274_2o__T2257TS475_4o	0.849	0.808	0.81	0.841	0.932	0.291
T2257TS286_1o__T2257TS145_4o	0.427	0.395	0.395	0.395	0.867	0.132
T2257TS286_1o__T2257TS267_4o	0.146	0.156	0.156	0.071	0.948	0.042
T2257TS286_2o__T2257TS311_2o	0.696	0.705	0.705	0.728	0.925	0.251
T2257TS286_5o__T2257TS059_1o	0.129	0.103	0.103	0.05	0.851	0.02
T2257TS287_1o__T2257TS241_2o	0.398	0.314	0.314	0.353	0.903	0.125
T2257TS287_1o__T2257TS267_3o	0.825	0.842	0.843	0.854	0.922	0.284
T2257TS287_3o__T2257TS494_5o	0.739	0.684	0.685	0.752	0.936	0.251
T2257TS293_4o__T2257TS462_1o	0.781	0.66	0.66	0.692	0.929	0.22
T2257TS294_2o__T2257TS164_2o	0.143	0.155	0.155	0.077	0.958	0.062
T2257TS294_3o__T2257TS051_1o	0.916	0.95	0.952	0.919	0.962	0.413
T2257TS294_5o__T2257TS419_1o	0.136	0.137	0.137	0.064	0.93	0.022
T2257TS298_4o__T2257TS198_2o	0.291	0.253	0.253	0.225	0.934	0.078
T2257TS298_4o__T2257TS419_4o	0.431	0.347	0.347	0.348	0.925	0.113
T2257TS301_3o__T2257TS079_4o	0.113	0.165	0.165	0.084	0.901	0.032
T2257TS304_1o__T2257TS164_4o	0.385	0.281	0.281	0.333	0.929	0.109
T2257TS304_1o__T2257TS465_5o	0.209	0.235	0.235	0.262	0.7	0.077
T2257TS304_2o__T2257TS293_3o	0.287	0.34	0.34	0.371	0.891	0.128
T2257TS304_3o__T2257TS462_1o	0.826	0.806	0.806	0.833	0.917	0.275
T2257TS304_4o__T2257TS287_3o	0.712	0.655	0.655	0.714	0.913	0.232
T2257TS304_5o__T2257TS187_1o	0.244	0.248	0.248	0.206	0.882	0.067
T2257TS311_3o__T2257TS468_4o	0.731	0.729	0.729	0.755	0.937	0.258
T2257TS311_5o__T2257TS091_5o	0.694	0.672	0.672	0.724	0.911	0.252
T2257TS380_1o__T2257TS139_1o	0.135	0.139	0.139	0.059	0.85	0.019
T2257TS380_1o__T2257TS272_3o	0.767	0.737	0.737	0.783	0.933	0.261
T2257TS380_3o__T2257TS221_3o	0.516	0.453	0.453	0.495	0.916	0.156
T2257TS380_3o__T2257TS293_2o	0.659	0.704	0.704	0.704	0.881	0.236
T2257TS380_5o__T2257TS311_3o	0.678	0.642	0.642	0.669	0.925	0.22
T2257TS388_1o__T2257TS163_2o	0.784	0.83	0.83	0.82	0.882	0.357
T2257TS388_3o__T2257TS468_5o	0.398	0.329	0.329	0.357	0.859	0.133
T2257TS393_2o__T2257TS311_3o	0.286	0.276	0.276	0.281	0.916	0.1
T2257TS393_5o__T2257TS272_1o	0.588	0.484	0.484	0.536	0.919	0.211
T2257TS419_2o__T2257TS267_4o	0.143	0.16	0.16	0.083	0.955	0.061
T2257TS419_4o__T2257TS345_4o	0.858	0.909	0.909	0.89	0.938	0.493
T2257TS419_5o__T2257TS393_1o	0.59	0.512	0.512	0.57	0.935	0.196
T2257TS456_2o__T2257TS262_3o	0.873	0.836	0.849	0.878	0.941	0.519
T2257TS462_3o__T2257TS262_4o	0.511	0.443	0.443	0.482	0.938	0.159
T2257TS462_6o__T2257TS267_1o	0.868	0.781	0.781	0.816	0.939	0.267
T2257TS465_2o__T2257TS298_3o	0.374	0.236	0.236	0.255	0.732	0.123
T2257TS465_3o__T2257TS261_5o	0.418	0.302	0.302	0.334	0.67	0.155
T2257TS468_2o__T2257TS462_6o	0.29	0.282	0.282	0.319	0.914	0.107
T2257TS468_3o__T2257TS164_2o	0.136	0.154	0.154	0.073	0.911	0.024
T2257TS475_5o__T2257TS380_5o	0.553	0.458	0.458	0.493	0.902	0.169
T2257TS494_5o__T2257TS388_5o	0.74	0.802	0.803	0.788	0.884	0.314
T2259TS014_3o__T2259TS196_3o	0.181	0.223	0.223	0.107	0.911	0.082
T2259TS015_2o__T2259TS286_3o	0.175	0.181	0.181	0.085	0.79	0.077
T2259TS022_2o__T2259TS014_2o	0.175	0.214	0.214	0.106	0.886	0.087
T2259TS028_3o__T2259TS456_1o	0.176	0.214	0.214	0.098	0.829	0.082
T2259TS028_5o__T2259TS085_4o	0.782	0.747	0.747	0.736	0.861	0.542
T2259TS028_5o__T2259TS091_1o	0.676	0.66	0.66	0.677	0.844	0.415
T2259TS051_1o__T2259TS475_4o	0.86	0.835	0.835	0.854	0.901	0.454
T2259TS051_2o__T2259TS462_2o	0.772	0.781	0.781	0.756	0.827	0.42
T2259TS051_4o__T2259TS187_1o	0.0	0.889	0.889	0.84	0.864	0.507
T2259TS051_5o__T2259TS148_5o	0.871	0.938	0.938	0.91	0.875	0.793
T2259TS052_2o__T2259TS304_2o	0.844	0.887	0.887	0.849	0.881	0.69
T2259TS052_4o__T2259TS369_1o	0.873	0.89	0.89	0.877	0.909	0.458
T2259TS052_5o__T2259TS221_4o	0.167	0.167	0.167	0.093	0.868	0.081
T2259TS059_3o__T2259TS028_5o	0.704	0.686	0.686	0.725	0.873	0.431
T2259TS075_3o__T2259TS262_2o	0.175	0.171	0.171	0.1	0.828	0.086
T2259TS075_4o__T2259TS284_4o	1.0	1.0	1.0	1.0	1.0	1.0
T2259TS079_1o__T2259TS022_2o	0.192	0.234	0.234	0.128	0.906	0.088
T2259TS085_2o__T2259TS091_1o	0.688	0.726	0.726	0.71	0.811	0.43
T2259TS085_5o__T2259TS393_5o	0.175	0.198	0.198	0.094	0.881	0.081
T2259TS091_1o__T2259TS221_4o	0.782	0.933	0.933	0.865	0.907	0.81
T2259TS091_1o__T2259TS241_2o	0.706	0.789	0.789	0.732	0.876	0.587
T2259TS110_1o__T2259TS267_1o	0.633	0.284	0.284	0.385	0.386	0.381
T2259TS110_2o__T2259TS059_3o	0.745	0.713	0.713	0.695	0.824	0.431
T2259TS110_2o__T2259TS311_2o	0.176	0.186	0.186	0.084	0.86	0.078
T2259TS110_3o__T2259TS022_5o	0.19	0.216	0.216	0.095	0.851	0.074
T2259TS110_3o__T2259TS423_2o	0.904	0.946	0.946	0.883	0.831	0.89
T2259TS139_1o__T2259TS311_3o	0.171	0.199	0.199	0.092	0.913	0.075
T2259TS145_2o__T2259TS059_5o	0.683	0.745	0.745	0.687	0.812	0.454
T2259TS148_5o__T2259TS085_4o	0.184	0.208	0.208	0.091	0.833	0.082
T2259TS148_5o__T2259TS456_4o	0.832	0.837	0.837	0.818	0.891	0.707
T2259TS148_5o__T2259TS465_3o	0.179	0.196	0.196	0.083	0.872	0.081
T2259TS163_1o__T2259TS462_2o	0.801	0.764	0.764	0.749	0.918	0.558
T2259TS164_2o__T2259TS051_2o	0.19	0.211	0.211	0.095	0.853	0.079
T2259TS196_5o__T2259TS221_1o	0.787	0.713	0.713	0.756	0.877	0.442
T2259TS198_2o__T2259TS196_5o	0.853	0.839	0.839	0.847	0.917	0.494
T2259TS204_1o__T2259TS267_5o	0.195	0.098	0.098	0.052	0.375	0.079
T2259TS204_1o__T2259TS388_5o	0.156	0.172	0.172	0.083	0.858	0.069
T2259TS204_4o__T2259TS110_3o	0.189	0.212	0.212	0.09	0.805	0.072
T2259TS208_2o__T2259TS221_2o	0.182	0.197	0.197	0.099	0.872	0.082
T2259TS208_4o__T2259TS052_1o	0.185	0.2	0.2	0.089	0.913	0.077
T2259TS218_2o__T2259TS290_4o	0.826	0.78	0.78	0.844	0.854	0.448
T2259TS218_3o__T2259TS262_4o	0.187	0.197	0.197	0.098	0.829	0.081
T2259TS218_5o__T2259TS147_1o	0.178	0.198	0.198	0.083	0.83	0.078
T2259TS218_5o__T2259TS148_5o	0.896	0.897	0.897	0.88	0.886	0.734
T2259TS218_5o__T2259TS301_2o	0.803	0.77	0.77	0.82	0.893	0.452
T2259TS218_5o__T2259TS456_1o	0.889	0.91	0.91	0.893	0.914	0.732
T2259TS221_2o__T2259TS208_4o	0.173	0.19	0.19	0.088	0.82	0.078
T2259TS221_3o__T2259TS290_3o	0.187	0.199	0.199	0.113	0.808	0.082
T2259TS221_5o__T2259TS312_1o	0.16	0.155	0.155	0.089	0.856	0.077
T2259TS241_3o__T2259TS311_2o	0.901	0.948	0.948	0.883	0.919	0.696
T2259TS241_3o__T2259TS465_5o	0.859	0.842	0.842	0.875	0.863	0.455
T2259TS261_1o__T2259TS221_5o	0.281	0.364	0.364	0.261	0.671	0.128
T2259TS262_5o__T2259TS079_4o	0.875	0.939	0.939	0.872	0.931	0.841
T2259TS262_5o__T2259TS139_1o	0.679	0.722	0.722	0.718	0.855	0.505
T2259TS264_5o__T2259TS075_2o	0.865	0.854	0.854	0.83	0.939	0.608
T2259TS267_2o__T2259TS274_2o	0.135	0.096	0.096	0.059	0.409	0.055
T2259TS267_4o__T2259TS014_4o	0.161	0.222	0.222	0.107	0.861	0.081
T2259TS274_1o__T2259TS462_2o	0.164	0.179	0.179	0.083	0.897	0.074
T2259TS274_3o__T2259TS171_3o	0.18	0.22	0.22	0.126	0.948	0.094
T2259TS274_3o__T2259TS423_4o	0.179	0.212	0.212	0.1	0.928	0.087
T2259TS284_3o__T2259TS423_3o	0.202	0.217	0.217	0.124	0.812	0.086
T2259TS284_4o__T2259TS301_4o	1.0	1.0	1.0	1.0	1.0	1.0
T2259TS284_5o__T2259TS287_3o	0.841	0.875	0.875	0.83	0.908	0.671
T2259TS286_3o__T2259TS489_4o	0.159	0.188	0.188	0.087	0.81	0.073
T2259TS286_4o__T2259TS221_5o	0.87	0.946	0.946	0.885	0.895	0.819
T2259TS286_4o__T2259TS262_3o	0.676	0.675	0.675	0.66	0.815	0.376
T2259TS290_5o__T2259TS489_3o	0.162	0.185	0.185	0.078	0.871	0.07
T2259TS293_3o__T2259TS208_4o	0.76	0.852	0.852	0.811	0.882	0.599
T2259TS293_3o__T2259TS262_2o	0.195	0.207	0.207	0.096	0.855	0.082
T2259TS293_4o__T2259TS262_3o	0.879	0.919	0.919	0.852	0.87	0.811
T2259TS294_1o__T2259TS293_1o	0.133	0.102	0.102	0.058	0.421	0.058
T2259TS294_5o__T2259TS345_2o	0.328	0.275	0.275	0.328	0.405	0.161
T2259TS298_2o__T2259TS274_5o	0.832	0.93	0.93	0.861	0.879	0.72
T2259TS298_4o__T2259TS312_1o	0.18	0.209	0.209	0.104	0.88	0.08
T2259TS304_1o__T2259TS196_1o	0.174	0.195	0.195	0.088	0.84	0.071
T2259TS304_4o__T2259TS014_1o	0.756	0.685	0.685	0.73	0.797	0.45
T2259TS304_5o__T2259TS241_1o	0.896	0.955	0.955	0.892	0.903	0.811
T2259TS311_1o__T2259TS298_2o	0.771	0.852	0.852	0.824	0.818	0.606
T2259TS345_1o__T2259TS494_3o	0.871	0.905	0.905	0.884	0.951	0.683
T2259TS345_5o__T2259TS262_5o	0.193	0.215	0.215	0.113	0.887	0.08
T2259TS369_3o__T2259TS311_3o	0.184	0.197	0.197	0.077	0.959	0.075
T2259TS369_4o__T2259TS221_4o	0.174	0.164	0.164	0.092	0.897	0.08
T2259TS388_1o__T2259TS059_6o	0.173	0.204	0.204	0.078	0.87	0.074
T2259TS388_4o__T2259TS198_4o	0.821	0.832	0.832	0.813	0.869	0.575
T2259TS393_1o__T2259TS261_2o	0.212	0.248	0.248	0.201	0.546	0.104
T2259TS393_3o__T2259TS208_3o	0.865	0.91	0.91	0.901	0.929	0.474
T2259TS419_2o__T2259TS294_5o	0.571	0.329	0.329	0.378	0.434	0.344
T2259TS419_5o__T2259TS312_3o	0.734	0.734	0.734	0.729	0.855	0.531
T2259TS423_3o__T2259TS304_4o	0.191	0.214	0.214	0.111	0.79	0.077
T2259TS456_4o__T2259TS204_4o	0.82	0.792	0.792	0.836	0.88	0.449
T2259TS462_2o__T2259TS014_5o	0.177	0.195	0.195	0.08	0.804	0.074
T2259TS462_2o__T2259TS022_5o	0.195	0.204	0.204	0.083	0.782	0.069
T2259TS462_2o__T2259TS301_2o	0.195	0.204	0.204	0.099	0.899	0.076
T2259TS462_6o__T2259TS301_5o	0.193	0.21	0.21	0.112	0.854	0.082
T2259TS465_2o__T2259TS304_2o	0.188	0.219	0.219	0.109	0.86	0.078
T2259TS475_4o__T2259TS261_3o	0.173	0.247	0.247	0.175	0.62	0.103
T2259TS489_5o__T2259TS462_1o	0.177	0.19	0.19	0.077	0.8	0.072
T2259TS494_3o__T2259TS393_3o	0.821	0.849	0.849	0.828	0.921	0.423
T2259TS494_5o__T2259TS163_1o	0.183	0.223	0.223	0.11	0.897	0.089
T2270TS014_6o__T2270TS208_4o	0.122	0.077	0.077	0.106	0.687	0.044
T2270TS022_1o__T2270TS015_5o	0.049	0.078	0.078	0.027	0.437	0.016
T2270TS022_1o__T2270TS475_3o	0.694	0.823	0.823	0.721	0.775	0.624
T2270TS022_3o__T2270TS208_2o	0.446	0.377	0.377	0.501	0.885	0.391
T2270TS022_3o__T2270TS489_3o	0.286	0.313	0.313	0.352	0.63	0.242
T2270TS028_3o__T2270TS423_4o	0.607	0.518	0.518	0.623	0.749	0.271
T2270TS040_4o__T2270TS059_2o	0.074	0.11	0.11	0.051	0.501	0.039
T2270TS051_3o__T2270TS110_4o	0.532	0.529	0.529	0.609	0.526	0.207
T2270TS051_4o__T2270TS110_3o	0.53	0.526	0.526	0.601	0.718	0.214
T2270TS051_5o__T2270TS171_1o	0.035	0.035	0.035	0.017	0.712	0.051
T2270TS051_5o__T2270TS264_1o	0.871	0.966	0.966	0.86	0.834	0.922
T2270TS052_1o__T2270TS139_6o	0.42	0.409	0.409	0.507	0.685	0.351
T2270TS052_2o__T2270TS079_2o	0.432	0.435	0.435	0.549	0.656	0.365
T2270TS052_2o__T2270TS221_2o	0.078	0.081	0.081	0.092	0.513	0.038
T2270TS059_6o__T2270TS489_5o	0.168	0.237	0.237	0.15	0.747	0.109
T2270TS075_2o__T2270TS148_4o	0.143	0.117	0.117	0.186	0.656	0.13
T2270TS075_3o__T2270TS304_4o	0.463	0.388	0.388	0.508	0.639	0.226
T2270TS075_5o__T2270TS059_4o	0.023	0.027	0.027	0.01	0.441	0.013
T2270TS075_5o__T2270TS267_2o	0.508	0.426	0.426	0.527	0.707	0.212
T2270TS079_3o__T2270TS301_2o	0.555	0.407	0.407	0.533	0.657	0.364
T2270TS091_3o__T2270TS122_2o	0.328	0.305	0.305	0.353	0.753	0.21
T2270TS091_3o__T2270TS262_3o	0.233	0.203	0.203	0.238	0.512	0.089
T2270TS091_3o__T2270TS272_6o	0.258	0.26	0.26	0.297	0.532	0.106
T2270TS110_2o__T2270TS218_2o	0.556	0.494	0.494	0.589	0.756	0.335
T2270TS122_4o__T2270TS286_4o	0.051	0.087	0.087	0.037	0.469	0.017
T2270TS139_2o__T2270TS148_4o	0.105	0.08	0.08	0.097	0.595	0.052
T2270TS139_2o__T2270TS489_3o	0.474	0.509	0.509	0.542	0.571	0.202
T2270TS139_3o__T2270TS164_3o	0.033	0.037	0.037	0.015	0.548	0.02
T2270TS139_3o__T2270TS208_5o	0.071	0.082	0.082	0.031	0.628	0.017
T2270TS139_3o__T2270TS494_1o	0.307	0.256	0.256	0.301	0.571	0.202
T2270TS145_1o__T2270TS221_5o	0.618	0.698	0.698	0.699	0.716	0.403
T2270TS145_3o__T2270TS028_5o	0.03	0.036	0.036	0.013	0.582	0.011
T2270TS145_3o__T2270TS264_4o	0.09	0.108	0.108	0.055	0.798	0.153
T2270TS147_1o__T2270TS475_4o	0.556	0.482	0.482	0.582	0.672	0.229
T2270TS147_4o__T2270TS051_1o	0.072	0.084	0.084	0.034	0.468	0.02
T2270TS148_1o__T2270TS163_4o	0.593	0.496	0.496	0.609	0.637	0.233
T2270TS164_2o__T2270TS388_5o	0.226	0.191	0.191	0.225	0.61	0.13
T2270TS164_4o__T2270TS312_4o	0.168	0.094	0.094	0.136	0.712	0.052
T2270TS164_5o__T2270TS312_1o	0.31	0.165	0.165	0.255	0.73	0.096
T2270TS171_1o__T2270TS304_2o	0.664	0.685	0.685	0.623	0.755	0.611
T2270TS171_1o__T2270TS304_3o	0.47	0.397	0.397	0.52	0.651	0.236
T2270TS171_2o__T2270TS075_1o	0.479	0.384	0.384	0.498	0.811	0.385
T2270TS171_2o__T2270TS290_1o	0.466	0.464	0.464	0.549	0.764	0.387
T2270TS187_1o__T2270TS475_1o	0.507	0.417	0.417	0.539	0.755	0.317
T2270TS196_2o__T2270TS198_3o	0.083	0.105	0.105	0.061	0.653	0.034
T2270TS196_3o__T2270TS204_5o	0.109	0.077	0.077	0.103	0.669	0.057
T2270TS198_3o__T2270TS465_5o	0.179	0.12	0.12	0.171	0.622	0.091
T2270TS218_1o__T2270TS145_4o	0.509	0.506	0.506	0.57	0.728	0.243
T2270TS218_5o__T2270TS015_5o	0.05	0.08	0.08	0.027	0.456	0.016
T2270TS221_3o__T2270TS028_3o	0.14	0.137	0.137	0.164	0.649	0.074
T2270TS221_4o__T2270TS196_1o	0.029	0.033	0.033	0.015	0.684	0.019
T2270TS241_1o__T2270TS221_3o	0.13	0.129	0.129	0.154	0.608	0.074
T2270TS241_3o__T2270TS294_2o	0.712	0.74	0.74	0.802	0.658	0.377
T2270TS241_5o__T2270TS262_3o	0.078	0.077	0.077	0.031	0.547	0.03
T2270TS261_4o__T2270TS287_2o	0.013	0.005	0.005	0.0	0.27	0.012
T2270TS261_4o__T2270TS423_2o	0.008	0.003	0.003	0.0	0.257	0.01
T2270TS262_3o__T2270TS290_5o	0.072	0.114	0.114	0.041	0.466	0.024
T2270TS262_5o__T2270TS262_2o	0.38	0.376	0.376	0.514	0.587	0.35
T2270TS262_5o__T2270TS393_3o	0.376	0.385	0.385	0.522	0.59	0.361
T2270TS264_4o__T2270TS163_2o	0.076	0.086	0.086	0.035	0.628	0.027
T2270TS264_5o__T2270TS489_1o	0.18	0.138	0.138	0.2	0.688	0.06
T2270TS267_1o__T2270TS028_4o	0.062	0.087	0.087	0.035	0.491	0.02
T2270TS267_1o__T2270TS040_5o	0.466	0.438	0.438	0.532	0.503	0.159
T2270TS267_2o__T2270TS304_4o	0.682	0.683	0.683	0.681	0.82	0.423
T2270TS267_3o__T2270TS272_5o	0.003	0.0	0.0	0.0	0.113	0.005
T2270TS272_1o__T2270TS304_1o	0.002	0.0	0.0	0.0	0.103	0.006
T2270TS272_4o__T2270TS028_3o	0.0	0.0	0.0	0.0	0.116	0.005
T2270TS272_5o__T2270TS022_2o	0.0	0.0	0.0	0.0	0.133	0.005
T2270TS272_5o__T2270TS204_5o	0.004	0.0	0.0	0.0	0.116	0.007
T2270TS274_1o__T2270TS261_4o	0.007	0.005	0.005	0.0	0.259	0.01
T2270TS274_4o__T2270TS393_6o	0.379	0.359	0.359	0.388	0.789	0.333
T2270TS274_4o__T2270TS456_2o	0.363	0.31	0.31	0.344	0.647	0.282
T2270TS284_1o__T2270TS293_4o	0.609	0.809	0.809	0.764	0.732	0.555
T2270TS284_4o__T2270TS462_2o	0.601	0.651	0.651	0.644	0.587	0.232
T2270TS286_5o__T2270TS419_4o	0.163	0.085	0.085	0.115	0.514	0.077
T2270TS287_1o__T2270TS208_2o	0.44	0.361	0.361	0.49	0.851	0.392
T2270TS287_5o__T2270TS163_1o	0.516	0.6	0.6	0.614	0.577	0.302
T2270TS290_5o__T2270TS272_1o	0.003	0.0	0.0	0.0	0.079	0.005
T2270TS293_2o__T2270TS272_1o	0.0	0.0	0.0	0.0	0.057	0.004
T2270TS293_2o__T2270TS294_5o	0.555	0.458	0.458	0.541	0.621	0.192
T2270TS301_1o__T2270TS494_3o	0.293	0.295	0.295	0.334	0.716	0.233
T2270TS301_3o__T2270TS262_3o	0.083	0.103	0.103	0.047	0.543	0.035
T2270TS301_5o__T2270TS122_4o	0.712	0.706	0.706	0.709	0.652	0.385
T2270TS345_2o__T2270TS198_4o	0.271	0.205	0.205	0.277	0.831	0.333
T2270TS345_2o__T2270TS298_3o	0.606	0.786	0.786	0.759	0.774	0.388
T2270TS345_2o__T2270TS494_1o	0.358	0.338	0.338	0.358	0.795	0.289
T2270TS388_1o__T2270TS110_1o	0.073	0.094	0.094	0.039	0.542	0.02
T2270TS388_4o__T2270TS345_1o	0.148	0.132	0.132	0.164	0.429	0.097
T2270TS393_1o__T2270TS022_1o	0.747	0.748	0.748	0.737	0.646	0.577
T2270TS393_2o__T2270TS145_5o	0.128	0.094	0.094	0.129	0.864	0.172
T2270TS393_4o__T2270TS051_4o	0.194	0.142	0.142	0.218	0.803	0.13
T2270TS393_4o__T2270TS218_5o	0.195	0.126	0.126	0.201	0.711	0.132
T2270TS423_1o__T2270TS145_5o	0.118	0.087	0.087	0.119	0.854	0.116
T2270TS465_1o__T2270TS264_2o	0.031	0.04	0.04	0.016	0.596	0.036
T2270TS475_1o__T2270TS122_1o	0.634	0.706	0.706	0.709	0.652	0.372
T2279TS022_1o__T2279TS294_3o	0.0	0.0	0.0	0.0	0.039	0.002
T2279TS022_1o__T2279TS304_3o	0.891	0.951	0.951	0.912	0.9	0.372
T2279TS022_2o__T2279TS028_1o	0.002	0.0	0.0	0.0	0.049	0.003
T2279TS022_2o__T2279TS241_5o	0.325	0.046	0.115	0.087	0.131	0.152
T2279TS022_2o__T2279TS304_4o	0.823	0.937	0.937	0.884	0.825	0.459
T2279TS022_4o__T2279TS022_2o	0.87	0.893	0.893	0.792	0.69	0.306
T2279TS022_4o__T2279TS462_3o	0.001	0.0	0.0	0.0	0.048	0.002
T2279TS022_5o__T2279TS028_2o	0.007	0.0	0.001	0.0	0.034	0.002
T2279TS022_5o__T2279TS051_2o	0.931	0.97	0.97	0.958	0.879	0.562
T2279TS022_5o__T2279TS147_5o	0.003	0.0	0.0	0.0	0.075	0.004
T2279TS022_5o__T2279TS462_2o	0.006	0.0	0.0	0.0	0.049	0.003
T2279TS028_5o__T2279TS028_2o	0.521	0.26	0.26	0.411	0.344	0.265
T2279TS028_5o__T2279TS294_3o	0.065	0.014	0.024	0.02	0.099	0.051
T2279TS051_1o__T2279TS294_4o	0.001	0.0	0.0	0.0	0.014	0.008
T2279TS051_3o__T2279TS147_4o	0.005	0.0	0.0	0.0	0.038	0.005
T2279TS052_1o__T2279TS052_5o	0.919	0.949	0.949	0.905	0.871	0.463
T2279TS052_2o__T2279TS028_4o	0.004	0.0	0.0	0.0	0.035	0.006
T2279TS052_2o__T2279TS456_3o	0.777	0.921	0.921	0.863	0.825	0.33
T2279TS052_3o__T2279TS294_1o	0.836	0.129	0.955	0.205	0.125	0.598
T2279TS052_3o__T2279TS304_3o	0.0	0.0	0.0	0.0	0.311	0.001
T2279TS052_4o__T2279TS147_5o	0.002	0.0	0.0	0.0	0.062	0.003
T2279TS052_5o__T2279TS110_2o	0.014	0.001	0.001	0.0	0.059	0.006
T2279TS110_1o__T2279TS028_5o	0.323	0.268	0.268	0.427	0.337	0.171
T2279TS110_2o__T2279TS462_4o	1.0	1.0	1.0	1.0	1.0	1.0
T2279TS110_5o__T2279TS241_5o	0.033	0.046	0.046	0.039	0.198	0.027
T2279TS110_5o__T2279TS462_1o	0.326	0.244	0.244	0.279	0.413	0.1
T2279TS147_1o__T2279TS294_5o	0.0	0.0	0.0	0.0	0.07	0.004
T2279TS147_3o__T2279TS294_4o	0.001	0.0	0.0	0.0	0.079	0.005
T2279TS147_5o__T2279TS241_2o	0.0	0.0	0.0	0.0	0.06	0.002
T2279TS147_5o__T2279TS462_6o	0.001	0.0	0.0	0.0	0.156	0.002
T2279TS164_2o__T2279TS022_5o	0.004	0.0	0.0	0.0	0.0	0.003
T2279TS164_2o__T2279TS051_1o	0.005	0.0	0.0	0.0	0.0	0.005
T2279TS164_2o__T2279TS462_6o	0.003	0.0	0.0	0.0	0.0	0.006
T2279TS164_3o__T2279TS110_3o	0.032	0.008	0.016	0.004	0.048	0.01
T2279TS164_3o__T2279TS294_3o	0.0	0.0	0.0	0.0	0.04	0.003
T2279TS164_5o__T2279TS241_5o	0.0	0.0	0.0	0.0	0.062	0.003
T2279TS241_1o__T2279TS462_2o	0.006	0.0	0.0	0.0	0.045	0.006
T2279TS241_2o__T2279TS294_5o	0.115	0.156	0.156	0.098	0.33	0.026
T2279TS241_3o__T2279TS052_1o	0.002	0.0	0.0	0.0	0.015	0.002
T2279TS241_3o__T2279TS304_2o	0.003	0.0	0.0	0.0	0.014	0.002
T2279TS241_3o__T2279TS345_2o	0.003	0.0	0.0	0.0	0.021	0.002
T2279TS241_3o__T2279TS456_5o	0.003	0.0	0.0	0.0	0.029	0.002
T2279TS241_5o__T2279TS028_3o	0.001	0.0	0.0	0.0	0.204	0.003
T2279TS294_1o__T2279TS462_3o	0.13	0.089	0.089	0.097	0.39	0.032
T2279TS304_1o__T2279TS028_5o	0.001	0.0	0.0	0.0	0.138	0.003
T2279TS304_2o__T2279TS022_5o	0.892	0.978	0.978	0.923	0.848	0.643
T2279TS304_2o__T2279TS028_4o	0.004	0.0	0.0	0.0	0.037	0.006
T2279TS304_2o__T2279TS294_5o	0.025	0.0	0.0	0.0	0.009	0.01
T2279TS304_3o__T2279TS345_2o	0.918	0.967	0.967	0.965	0.906	0.598
T2279TS304_3o__T2279TS456_2o	0.894	0.967	0.967	0.937	0.857	0.612
T2279TS304_4o__T2279TS051_2o	0.899	0.925	0.925	0.928	0.875	0.482
T2279TS304_5o__T2279TS051_2o	0.934	0.961	0.961	0.966	0.969	0.619
T2279TS304_5o__T2279TS052_1o	0.815	0.952	0.952	0.886	0.844	0.35
T2279TS304_5o__T2279TS052_5o	0.953	0.986	0.986	0.952	0.906	0.649
T2279TS304_5o__T2279TS110_5o	0.0	0.0	0.0	0.0	0.05	0.004
T2279TS345_1o__T2279TS051_3o	0.829	0.963	0.963	0.906	0.806	0.624
T2279TS345_1o__T2279TS304_4o	0.865	0.956	0.956	0.92	0.818	0.48
T2279TS345_2o__T2279TS028_3o	0.003	0.0	0.0	0.0	0.064	0.002
T2279TS345_2o__T2279TS345_1o	0.895	0.972	0.972	0.966	0.939	0.714
T2279TS345_3o__T2279TS294_4o	0.0	0.0	0.0	0.0	0.009	0.001
T2279TS456_1o__T2279TS051_2o	0.0	0.0	0.0	0.0	0.292	0.001
T2279TS456_1o__T2279TS304_4o	0.0	0.0	0.0	0.0	0.303	0.001
T2279TS456_2o__T2279TS110_1o	0.006	0.0	0.0	0.0	0.067	0.003
T2279TS456_4o__T2279TS022_3o	0.0	0.0	0.0	0.0	0.26	0.001
T2279TS456_5o__T2279TS022_2o	0.944	0.981	0.981	0.931	0.831	0.616
T2279TS456_5o__T2279TS052_3o	0.0	0.0	0.0	0.0	0.319	0.001
T2279TS456_5o__T2279TS304_3o	0.931	0.983	0.983	0.993	0.967	0.633
T2279TS462_2o__T2279TS028_5o	0.224	0.14	0.14	0.304	0.281	0.055
T2279TS462_2o__T2279TS241_5o	0.09	0.084	0.084	0.087	0.178	0.058
T2279TS462_5o__T2279TS294_4o	0.0	0.0	0.0	0.0	0.102	0.003
T2279TS465_1o__T2279TS052_4o	0.001	0.0	0.0	0.0	0.007	0.002
T2279TS465_1o__T2279TS462_3o	0.519	0.089	0.541	0.107	0.088	0.305
T2279TS465_2o__T2279TS456_5o	0.003	0.0	0.0	0.0	0.031	0.002
T2279TS465_3o__T2279TS456_5o	0.0	0.0	0.0	0.0	0.0	0.005
T2279TS465_4o__T2279TS110_5o	0.008	0.005	0.009	0.0	0.084	0.004
T2279TS465_4o__T2279TS304_5o	0.0	0.0	0.0	0.0	0.037	0.002
T2279TS465_5o__T2279TS462_2o	0.0	0.0	0.0	0.0	0.014	0.004
T2279TS465_5o__T2279TS462_4o	0.0	0.0	0.0	0.0	0.0	0.004
