target	model	t_id	m_id	residue_residue_cadscore	renaming_of_model_chains
8BWL-assembly1.cif	afm_dropout_noSM_woTemplates_model_3_multimer_v1_pred_11.pdb	0	4426	0.76821	A=C,B=D,C=A,D=B
8BWL-assembly1.cif	afm_dropout_full_woTemplates_model_3_multimer_v1_pred_60.pdb	0	2470	0.764093	A=C,B=D,C=A,D=B
8BWL-assembly1.cif	afm_woTemplates_model_3_multimer_v1_pred_41.pdb	0	5464	0.761611	A=A,B=D,C=C,D=B
8BWL-assembly1.cif	afm_dropout_noSM_woTemplates_model_3_multimer_v1_pred_49.pdb	0	4467	0.761096	A=C,B=B,C=A,D=D
8BWL-assembly1.cif	afm_woTemplates_model_3_multimer_v1_pred_44.pdb	0	5467	0.761077	A=C,B=B,C=A,D=D
8BWL-assembly1.cif	afm_woTemplates_model_3_multimer_v1_pred_3.pdb	0	5451	0.759252	A=C,B=B,C=A,D=D
8BWL-assembly1.cif	afm_dropout_full_woTemplates_model_3_multimer_v1_pred_11.pdb	0	2416	0.75889	A=C,B=B,C=A,D=D
8BWL-assembly1.cif	afm_dropout_full_woTemplates_model_4_multimer_v1_pred_0.pdb	0	2614	0.758498	A=C,B=B,C=A,D=D
8BWL-assembly1.cif	afm_dropout_full_woTemplates_model_3_multimer_v1_pred_37.pdb	0	2444	0.758392	A=A,B=D,C=C,D=B
8BWL-assembly1.cif	afm_woTemplates_model_3_multimer_v1_pred_19.pdb	0	5439	0.757973	A=C,B=B,C=A,D=D
8BWL-assembly1.cif	afm_dropout_noSM_woTemplates_model_3_multimer_v1_pred_31.pdb	0	4448	0.756721	A=A,B=B,C=C,D=D
8BWL-assembly1.cif	afm_dropout_full_woTemplates_model_3_multimer_v1_pred_35.pdb	0	2442	0.756487	A=C,B=B,C=A,D=D
8BWL-assembly1.cif	cf_dropout_full_woTemplates_model_3_multimer_v1_pred_46.pdb	0	6474	0.75632	A=C,B=D,C=A,D=B
8BWL-assembly1.cif	afm_basic_model_4_multimer_v1_pred_28.pdb	0	625	0.756295	A=C,B=B,C=A,D=D
8BWL-assembly1.cif	afm_dropout_noSM_woTemplates_model_4_multimer_v1_pred_38.pdb	0	4656	0.75602	A=A,B=D,C=C,D=B
8BWL-assembly1.cif	afm_dropout_full_woTemplates_model_4_multimer_v1_pred_66.pdb	0	2677	0.755834	A=A,B=D,C=C,D=B
8BWL-assembly1.cif	afm_dropout_full_woTemplates_model_3_multimer_v1_pred_66.pdb	0	2476	0.755798	A=C,B=B,C=A,D=D
8BWL-assembly1.cif	afm_dropout_full_woTemplates_model_3_multimer_v1_pred_14.pdb	0	2419	0.755649	A=A,B=D,C=C,D=B
8BWL-assembly1.cif	afm_dropout_full_woTemplates_model_3_multimer_v1_pred_49.pdb	0	2457	0.755638	A=C,B=B,C=A,D=D
8BWL-assembly1.cif	afm_dropout_noSM_woTemplates_model_3_multimer_v1_pred_50.pdb	0	4469	0.755421	A=C,B=B,C=A,D=D
8BWL-assembly1.cif	afm_dropout_full_woTemplates_model_4_multimer_v1_pred_15.pdb	0	2621	0.755303	A=A,B=D,C=C,D=B
8BWL-assembly1.cif	afm_dropout_noSM_woTemplates_model_3_multimer_v1_pred_12.pdb	0	4427	0.755298	A=A,B=D,C=C,D=B
8BWL-assembly1.cif	afm_dropout_noSM_woTemplates_model_3_multimer_v1_pred_39.pdb	0	4456	0.755245	A=A,B=D,C=C,D=B
8BWL-assembly1.cif	afm_dropout_full_model_4_multimer_v1_pred_3.pdb	0	1632	0.755074	A=C,B=B,C=A,D=D
8BWL-assembly1.cif	afm_dropout_noSM_woTemplates_model_3_multimer_v1_pred_26.pdb	0	4442	0.754731	A=A,B=D,C=C,D=B
8BWL-assembly1.cif	cf_dropout_full_woTemplates_model_3_multimer_v1_pred_52.pdb	0	6481	0.754614	A=C,B=B,C=A,D=D
8BWL-assembly1.cif	afm_dropout_noSM_woTemplates_model_3_multimer_v1_pred_63.pdb	0	4483	0.754412	A=C,B=B,C=A,D=D
8BWL-assembly1.cif	afm_dropout_full_woTemplates_model_3_multimer_v1_pred_15.pdb	0	2420	0.754052	A=A,B=D,C=C,D=B
8BWL-assembly1.cif	afm_dropout_full_woTemplates_model_3_multimer_v1_pred_59.pdb	0	2468	0.753926	A=A,B=D,C=C,D=B
8BWL-assembly1.cif	afm_dropout_full_model_4_multimer_v1_pred_31.pdb	0	1634	0.753925	A=A,B=D,C=C,D=B
8BWL-assembly1.cif	afm_dropout_full_woTemplates_r3_model_3_multimer_v2_pred_64.pdb	0	3546	0.753573	A=C,B=D,C=A,D=B
8BWL-assembly1.cif	afm_basic_model_4_multimer_v1_pred_29.pdb	0	626	0.753521	A=C,B=B,C=A,D=D
8BWL-assembly1.cif	afm_dropout_noSM_woTemplates_model_3_multimer_v1_pred_32.pdb	0	4449	0.753297	A=A,B=B,C=C,D=D
8BWL-assembly1.cif	afm_woTemplates_model_3_multimer_v1_pred_0.pdb	0	5428	0.753218	A=A,B=D,C=C,D=B
8BWL-assembly1.cif	afm_dropout_full_woTemplates_model_3_multimer_v1_pred_4.pdb	0	2447	0.753066	A=A,B=D,C=C,D=B
8BWL-assembly1.cif	afm_dropout_full_woTemplates_model_3_multimer_v1_pred_28.pdb	0	2434	0.752986	A=C,B=D,C=A,D=B
8BWL-assembly1.cif	afm_woTemplates_model_3_multimer_v1_pred_61.pdb	0	5486	0.752972	A=A,B=D,C=C,D=B
8BWL-assembly1.cif	cf_woTemplates_model_3_multimer_v1_pred_26.pdb	0	7457	0.752827	A=C,B=D,C=A,D=B
8BWL-assembly1.cif	afm_dropout_full_model_4_multimer_v1_pred_30.pdb	0	1633	0.752827	A=C,B=B,C=A,D=D
8BWL-assembly1.cif	afm_dropout_noSM_woTemplates_model_3_multimer_v1_pred_52.pdb	0	4471	0.752353	A=C,B=B,C=A,D=D
8BWL-assembly1.cif	afm_woTemplates_model_3_multimer_v1_pred_36.pdb	0	5458	0.752035	A=C,B=B,C=A,D=D
8BWL-assembly1.cif	afm_dropout_full_woTemplates_model_3_multimer_v1_pred_26.pdb	0	2432	0.751788	A=C,B=B,C=A,D=D
8BWL-assembly1.cif	afm_dropout_full_woTemplates_model_3_multimer_v1_pred_31.pdb	0	2438	0.751724	A=C,B=B,C=A,D=D
8BWL-assembly1.cif	afm_dropout_full_woTemplates_model_5_multimer_v1_pred_39.pdb	0	2848	0.751529	A=C,B=D,C=A,D=B
8BWL-assembly1.cif	afm_dropout_full_model_4_multimer_v1_pred_46.pdb	0	1650	0.751491	A=C,B=B,C=A,D=D
8BWL-assembly1.cif	afm_basic_model_4_multimer_v1_pred_42.pdb	0	641	0.751426	A=A,B=B,C=C,D=D
8BWL-assembly1.cif	afm_dropout_full_woTemplates_model_3_multimer_v1_pred_63.pdb	0	2473	0.751417	A=A,B=D,C=C,D=B
8BWL-assembly1.cif	afm_dropout_full_model_4_multimer_v1_pred_18.pdb	0	1619	0.75139	A=A,B=D,C=C,D=B
8BWL-assembly1.cif	afm_dropout_noSM_woTemplates_model_3_multimer_v1_pred_57.pdb	0	4476	0.751229	A=A,B=D,C=C,D=B
8BWL-assembly1.cif	afm_dropout_full_woTemplates_model_4_multimer_v1_pred_3.pdb	0	2637	0.750875	A=C,B=B,C=A,D=D
8BWL-assembly1.cif	afm_dropout_noSM_woTemplates_model_3_multimer_v1_pred_17.pdb	0	4432	0.750492	A=C,B=B,C=A,D=D
8BWL-assembly1.cif	afm_dropout_full_woTemplates_model_3_multimer_v1_pred_1.pdb	0	2414	0.750483	A=A,B=D,C=C,D=B
8BWL-assembly1.cif	cf_woTemplates_model_3_multimer_v1_pred_18.pdb	0	7448	0.750406	A=A,B=B,C=C,D=D
8BWL-assembly1.cif	cf_dropout_full_woTemplates_model_3_multimer_v1_pred_12.pdb	0	6437	0.750378	A=C,B=B,C=A,D=D
8BWL-assembly1.cif	afm_dropout_full_woTemplates_model_3_multimer_v1_pred_8.pdb	0	2478	0.750378	A=A,B=B,C=C,D=D
8BWL-assembly1.cif	cf_dropout_full_woTemplates_model_3_multimer_v1_pred_57.pdb	0	6486	0.75033	A=A,B=B,C=C,D=D
8BWL-assembly1.cif	afm_woTemplates_model_4_multimer_v1_pred_3.pdb	0	5652	0.75032	A=A,B=D,C=C,D=B
8BWL-assembly1.cif	afm_dropout_noSM_woTemplates_model_3_multimer_v1_pred_15.pdb	0	4430	0.750307	A=C,B=B,C=A,D=D
8BWL-assembly1.cif	afm_dropout_noSM_woTemplates_model_3_multimer_v1_pred_48.pdb	0	4466	0.75018	A=C,B=B,C=A,D=D
8BWL-assembly1.cif	afm_dropout_noSM_woTemplates_model_3_multimer_v1_pred_28.pdb	0	4444	0.750179	A=A,B=D,C=C,D=B
8BWL-assembly1.cif	afm_dropout_noSM_woTemplates_model_3_multimer_v1_pred_53.pdb	0	4472	0.750178	A=A,B=B,C=C,D=D
8BWL-assembly1.cif	afm_dropout_full_woTemplates_model_1_multimer_v1_pred_30.pdb	0	2035	0.749938	A=A,B=B,C=C,D=D
8BWL-assembly1.cif	afm_woTemplates_model_3_multimer_v1_pred_39.pdb	0	5461	0.749912	A=C,B=B,C=A,D=D
8BWL-assembly1.cif	afm_woTemplates_model_4_multimer_v1_pred_8.pdb	0	5694	0.749834	A=C,B=B,C=A,D=D
8BWL-assembly1.cif	afm_dropout_full_model_3_multimer_v1_pred_43.pdb	0	1446	0.749725	A=C,B=B,C=A,D=D
8BWL-assembly1.cif	afm_woTemplates_model_5_multimer_v3_pred_61.pdb	0	6022	0.749706	A=A,B=D,C=C,D=B
8BWL-assembly1.cif	afm_woTemplates_model_4_multimer_v1_pred_14.pdb	0	5635	0.749684	A=C,B=B,C=A,D=D
8BWL-assembly1.cif	afm_dropout_full_model_4_multimer_v1_pred_8.pdb	0	1674	0.74959	A=C,B=B,C=A,D=D
8BWL-assembly1.cif	afm_woTemplates_model_4_multimer_v1_pred_2.pdb	0	5641	0.749545	A=C,B=B,C=A,D=D
8BWL-assembly1.cif	afm_basic_model_4_multimer_v1_pred_24.pdb	0	621	0.749514	A=C,B=B,C=A,D=D
8BWL-assembly1.cif	afm_dropout_noSM_woTemplates_model_3_multimer_v1_pred_36.pdb	0	4453	0.74948	A=C,B=B,C=A,D=D
8BWL-assembly1.cif	afm_woTemplates_model_5_multimer_v3_pred_42.pdb	0	6001	0.749443	A=C,B=D,C=A,D=B
8BWL-assembly1.cif	afm_dropout_full_woTemplates_model_4_multimer_v1_pred_58.pdb	0	2668	0.749391	A=C,B=B,C=A,D=D
8BWL-assembly1.cif	afm_woTemplates_model_4_multimer_v1_pred_39.pdb	0	5662	0.749379	A=C,B=B,C=A,D=D
8BWL-assembly1.cif	afm_basic_model_4_multimer_v1_pred_65.pdb	0	666	0.74922	A=C,B=B,C=A,D=D
8BWL-assembly1.cif	afm_dropout_full_model_4_multimer_v1_pred_37.pdb	0	1640	0.749196	A=C,B=B,C=A,D=D
8BWL-assembly1.cif	afm_dropout_noSM_woTemplates_model_4_multimer_v1_pred_53.pdb	0	4673	0.749137	A=C,B=B,C=A,D=D
8BWL-assembly1.cif	afm_woTemplates_model_4_multimer_v1_pred_43.pdb	0	5667	0.748981	A=C,B=B,C=A,D=D
8BWL-assembly1.cif	afm_dropout_full_model_3_multimer_v1_pred_34.pdb	0	1436	0.748967	A=C,B=D,C=A,D=B
8BWL-assembly1.cif	afm_dropout_noSM_woTemplates_model_3_multimer_v1_pred_33.pdb	0	4450	0.748915	A=C,B=B,C=A,D=D
8BWL-assembly1.cif	afm_dropout_full_model_4_multimer_v1_pred_42.pdb	0	1646	0.748569	A=C,B=D,C=A,D=B
8BWL-assembly1.cif	afm_woTemplates_model_3_multimer_v1_pred_16.pdb	0	5436	0.748558	A=C,B=B,C=A,D=D
8BWL-assembly1.cif	afm_basic_model_4_multimer_v1_pred_21.pdb	0	618	0.748488	A=C,B=D,C=A,D=B
8BWL-assembly1.cif	afm_woTemplates_model_4_multimer_v1_pred_57.pdb	0	5682	0.748439	A=C,B=B,C=A,D=D
8BWL-assembly1.cif	afm_woTemplates_model_4_multimer_v1_pred_16.pdb	0	5637	0.748293	A=C,B=B,C=A,D=D
8BWL-assembly1.cif	afm_dropout_full_model_4_multimer_v1_pred_27.pdb	0	1629	0.748195	A=C,B=B,C=A,D=D
8BWL-assembly1.cif	afm_dropout_full_model_4_multimer_v1_pred_66.pdb	0	1672	0.748163	A=C,B=B,C=A,D=D
8BWL-assembly1.cif	afm_woTemplates_model_4_multimer_v1_pred_58.pdb	0	5683	0.74814	A=C,B=B,C=A,D=D
8BWL-assembly1.cif	afm_dropout_noSM_woTemplates_model_3_multimer_v1_pred_13.pdb	0	4428	0.748133	A=A,B=B,C=C,D=D
8BWL-assembly1.cif	cf_dropout_full_woTemplates_model_3_multimer_v1_pred_34.pdb	0	6461	0.748103	A=A,B=D,C=C,D=B
8BWL-assembly1.cif	afm_woTemplates_model_4_multimer_v1_pred_49.pdb	0	5673	0.747841	A=A,B=B,C=C,D=D
8BWL-assembly1.cif	afm_dropout_full_woTemplates_model_3_multimer_v1_pred_44.pdb	0	2452	0.747778	A=C,B=B,C=A,D=D
8BWL-assembly1.cif	afm_dropout_noSM_woTemplates_model_1_multimer_v1_pred_24.pdb	0	4038	0.747724	A=C,B=D,C=A,D=B
8BWL-assembly1.cif	cf_dropout_full_woTemplates_model_3_multimer_v1_pred_3.pdb	0	6456	0.747601	A=A,B=D,C=C,D=B
8BWL-assembly1.cif	afm_dropout_noSM_woTemplates_model_3_multimer_v1_pred_46.pdb	0	4464	0.747523	A=C,B=B,C=A,D=D
8BWL-assembly1.cif	afm_dropout_full_model_4_multimer_v1_pred_2.pdb	0	1621	0.747475	A=A,B=D,C=C,D=B
8BWL-assembly1.cif	afm_woTemplates_model_4_multimer_v1_pred_54.pdb	0	5679	0.747468	A=A,B=D,C=C,D=B
8BWL-assembly1.cif	afm_woTemplates_model_4_multimer_v1_pred_55.pdb	0	5680	0.747462	A=C,B=B,C=A,D=D
8BWL-assembly1.cif	afm_dropout_noSM_woTemplates_model_2_multimer_v1_pred_11.pdb	0	4225	0.747449	A=A,B=B,C=C,D=D
8BWL-assembly1.cif	afm_dropout_full_woTemplates_model_3_multimer_v1_pred_40.pdb	0	2448	0.747284	A=C,B=B,C=A,D=D
8BWL-assembly1.cif	afm_woTemplates_model_5_multimer_v3_pred_60.pdb	0	6021	0.747115	A=A,B=B,C=C,D=D
8BWL-assembly1.cif	afm_dropout_noSM_woTemplates_model_3_multimer_v1_pred_62.pdb	0	4482	0.747073	A=C,B=B,C=A,D=D
8BWL-assembly1.cif	afm_woTemplates_model_4_multimer_v1_pred_24.pdb	0	5646	0.74699	A=A,B=D,C=C,D=B
8BWL-assembly1.cif	afm_dropout_full_woTemplates_model_2_multimer_v3_pred_0.pdb	0	2346	0.746989	A=A,B=D,C=C,D=B
8BWL-assembly1.cif	afm_basic_model_4_multimer_v1_pred_4.pdb	0	638	0.746924	A=C,B=B,C=A,D=D
8BWL-assembly1.cif	afm_basic_model_4_multimer_v1_pred_8.pdb	0	669	0.746908	A=A,B=B,C=C,D=D
8BWL-assembly1.cif	afm_dropout_full_woTemplates_r3_model_5_multimer_v3_pred_3.pdb	0	3977	0.746904	A=C,B=D,C=A,D=B
8BWL-assembly1.cif	afm_dropout_full_woTemplates_model_3_multimer_v1_pred_12.pdb	0	2417	0.746783	A=A,B=D,C=C,D=B
8BWL-assembly1.cif	afm_basic_model_4_multimer_v1_pred_22.pdb	0	619	0.74666	A=C,B=B,C=A,D=D
8BWL-assembly1.cif	afm_dropout_full_woTemplates_model_4_multimer_v1_pred_43.pdb	0	2652	0.746644	A=C,B=B,C=A,D=D
8BWL-assembly1.cif	cf_dropout_full_woTemplates_model_3_multimer_v1_pred_29.pdb	0	6455	0.746542	A=A,B=D,C=C,D=B
8BWL-assembly1.cif	afm_woTemplates_model_4_multimer_v1_pred_13.pdb	0	5634	0.746465	A=C,B=B,C=A,D=D
8BWL-assembly1.cif	afm_dropout_full_woTemplates_model_4_multimer_v1_pred_9.pdb	0	2680	0.746368	A=A,B=D,C=C,D=B
8BWL-assembly1.cif	afm_dropout_noSM_woTemplates_model_3_multimer_v1_pred_8.pdb	0	4488	0.746347	A=A,B=B,C=C,D=D
8BWL-assembly1.cif	afm_dropout_full_model_5_multimer_v1_pred_3.pdb	0	1833	0.746284	A=A,B=D,C=C,D=B
8BWL-assembly1.cif	afm_dropout_full_woTemplates_model_3_multimer_v1_pred_47.pdb	0	2455	0.746281	A=A,B=D,C=C,D=B
8BWL-assembly1.cif	afm_dropout_full_model_4_multimer_v1_pred_36.pdb	0	1639	0.746187	A=C,B=B,C=A,D=D
8BWL-assembly1.cif	afm_basic_model_4_multimer_v1_pred_39.pdb	0	637	0.746107	A=C,B=B,C=A,D=D
8BWL-assembly1.cif	afm_woTemplates_model_3_multimer_v1_pred_38.pdb	0	5460	0.746098	A=A,B=D,C=C,D=B
8BWL-assembly1.cif	afm_dropout_noSM_woTemplates_model_3_multimer_v1_pred_59.pdb	0	4478	0.746072	A=A,B=D,C=C,D=B
8BWL-assembly1.cif	afm_woTemplates_model_4_multimer_v1_pred_34.pdb	0	5657	0.746028	A=C,B=B,C=A,D=D
8BWL-assembly1.cif	afm_basic_model_4_multimer_v1_pred_52.pdb	0	652	0.745994	A=C,B=B,C=A,D=D
8BWL-assembly1.cif	afm_basic_model_4_multimer_v1_pred_5.pdb	0	649	0.745956	A=C,B=B,C=A,D=D
8BWL-assembly1.cif	afm_dropout_full_woTemplates_model_3_multimer_v1_pred_33.pdb	0	2440	0.745896	A=C,B=B,C=A,D=D
8BWL-assembly1.cif	cf_dropout_full_woTemplates_model_3_multimer_v1_pred_62.pdb	0	6492	0.745881	A=A,B=B,C=C,D=D
8BWL-assembly1.cif	afm_basic_model_4_multimer_v1_pred_55.pdb	0	655	0.74587	A=C,B=B,C=A,D=D
8BWL-assembly1.cif	afm_basic_model_4_multimer_v1_pred_35.pdb	0	633	0.745863	A=C,B=B,C=A,D=D
8BWL-assembly1.cif	afm_dropout_noSM_woTemplates_model_4_multimer_v1_pred_52.pdb	0	4672	0.745842	A=A,B=D,C=C,D=B
8BWL-assembly1.cif	cf_woTemplates_model_3_multimer_v1_pred_3.pdb	0	7461	0.745823	A=C,B=D,C=A,D=B
8BWL-assembly1.cif	afm_basic_model_4_multimer_v1_pred_1.pdb	0	605	0.745817	A=C,B=B,C=A,D=D
8BWL-assembly1.cif	afm_dropout_full_woTemplates_model_3_multimer_v1_pred_65.pdb	0	2475	0.745747	A=A,B=D,C=C,D=B
8BWL-assembly1.cif	afm_basic_model_4_multimer_v1_pred_59.pdb	0	659	0.745747	A=C,B=B,C=A,D=D
8BWL-assembly1.cif	afm_dropout_noSM_woTemplates_model_4_multimer_v1_pred_57.pdb	0	4677	0.745737	A=A,B=D,C=C,D=B
8BWL-assembly1.cif	cf_dropout_full_woTemplates_model_3_multimer_v1_pred_39.pdb	0	6466	0.745712	A=C,B=B,C=A,D=D
8BWL-assembly1.cif	afm_woTemplates_model_4_multimer_v1_pred_52.pdb	0	5677	0.745636	A=C,B=B,C=A,D=D
8BWL-assembly1.cif	afm_basic_model_4_multimer_v1_pred_17.pdb	0	613	0.745541	A=C,B=B,C=A,D=D
8BWL-assembly1.cif	afm_woTemplates_model_5_multimer_v3_pred_20.pdb	0	5977	0.745396	A=A,B=D,C=C,D=B
8BWL-assembly1.cif	afm_dropout_full_woTemplates_model_1_multimer_v1_pred_46.pdb	0	2052	0.745354	A=C,B=B,C=A,D=D
8BWL-assembly1.cif	afm_dropout_full_model_4_multimer_v1_pred_47.pdb	0	1651	0.745348	A=A,B=D,C=C,D=B
8BWL-assembly1.cif	afm_dropout_full_woTemplates_model_3_multimer_v1_pred_29.pdb	0	2435	0.745288	A=C,B=B,C=A,D=D
8BWL-assembly1.cif	afm_dropout_noSM_woTemplates_model_3_multimer_v1_pred_61.pdb	0	4481	0.745273	A=A,B=B,C=C,D=D
8BWL-assembly1.cif	afm_dropout_noSM_woTemplates_model_4_multimer_v1_pred_27.pdb	0	4644	0.745133	A=C,B=B,C=A,D=D
8BWL-assembly1.cif	afm_dropout_full_woTemplates_model_4_multimer_v1_pred_34.pdb	0	2642	0.74512	A=C,B=B,C=A,D=D
8BWL-assembly1.cif	cf_woTemplates_model_3_multimer_v1_pred_66.pdb	0	7501	0.745078	A=C,B=B,C=A,D=D
8BWL-assembly1.cif	afm_dropout_full_woTemplates_model_3_multimer_v1_pred_42.pdb	0	2450	0.745035	A=A,B=D,C=C,D=B
8BWL-assembly1.cif	afm_dropout_noSM_woTemplates_model_3_multimer_v1_pred_22.pdb	0	4438	0.74502	A=C,B=B,C=A,D=D
8BWL-assembly1.cif	cf_dropout_full_woTemplates_model_3_multimer_v1_pred_49.pdb	0	6477	0.745016	A=A,B=D,C=C,D=B
8BWL-assembly1.cif	afm_dropout_full_woTemplates_model_3_multimer_v1_pred_22.pdb	0	2428	0.745015	A=A,B=D,C=C,D=B
8BWL-assembly1.cif	afm_dropout_full_woTemplates_model_4_multimer_v1_pred_5.pdb	0	2659	0.745001	A=A,B=D,C=C,D=B
8BWL-assembly1.cif	afm_dropout_full_woTemplates_model_4_multimer_v1_pred_10.pdb	0	2616	0.744946	A=C,B=B,C=A,D=D
8BWL-assembly1.cif	afm_dropout_full_woTemplates_model_3_multimer_v1_pred_5.pdb	0	2458	0.744935	A=A,B=B,C=C,D=D
8BWL-assembly1.cif	afm_dropout_full_woTemplates_model_3_multimer_v1_pred_20.pdb	0	2426	0.744911	A=A,B=B,C=C,D=D
8BWL-assembly1.cif	afm_dropout_noSM_woTemplates_model_3_multimer_v1_pred_9.pdb	0	4489	0.744819	A=C,B=B,C=A,D=D
8BWL-assembly1.cif	afm_dropout_full_woTemplates_model_1_multimer_v1_pred_16.pdb	0	2019	0.744819	A=C,B=B,C=A,D=D
8BWL-assembly1.cif	afm_dropout_noSM_woTemplates_model_4_multimer_v1_pred_60.pdb	0	4681	0.744697	A=A,B=D,C=C,D=B
8BWL-assembly1.cif	afm_woTemplates_model_4_multimer_v1_pred_26.pdb	0	5648	0.744689	A=C,B=B,C=A,D=D
8BWL-assembly1.cif	afm_dropout_full_woTemplates_model_3_multimer_v1_pred_41.pdb	0	2449	0.744687	A=A,B=D,C=C,D=B
8BWL-assembly1.cif	afm_basic_model_4_multimer_v1_pred_31.pdb	0	629	0.744673	A=C,B=B,C=A,D=D
8BWL-assembly1.cif	afm_dropout_noSM_woTemplates_model_3_multimer_v1_pred_10.pdb	0	4425	0.744672	A=C,B=B,C=A,D=D
8BWL-assembly1.cif	cf_woTemplates_model_3_multimer_v1_pred_36.pdb	0	7468	0.74467	A=C,B=B,C=A,D=D
8BWL-assembly1.cif	afm_dropout_full_model_4_multimer_v1_pred_4.pdb	0	1643	0.744626	A=C,B=B,C=A,D=D
8BWL-assembly1.cif	afm_dropout_full_woTemplates_model_3_multimer_v1_pred_32.pdb	0	2439	0.744619	A=A,B=D,C=C,D=B
8BWL-assembly1.cif	afm_dropout_noSM_woTemplates_model_3_multimer_v1_pred_24.pdb	0	4440	0.744602	A=C,B=B,C=A,D=D
8BWL-assembly1.cif	afm_dropout_full_model_2_multimer_v1_pred_39.pdb	0	1240	0.744572	A=A,B=D,C=C,D=B
8BWL-assembly1.cif	afm_woTemplates_model_4_multimer_v1_pred_5.pdb	0	5674	0.744571	A=C,B=B,C=A,D=D
8BWL-assembly1.cif	afm_basic_model_4_multimer_v1_pred_20.pdb	0	617	0.744563	A=C,B=B,C=A,D=D
8BWL-assembly1.cif	afm_dropout_noSM_woTemplates_model_5_multimer_v3_pred_43.pdb	0	4997	0.74453	A=A,B=D,C=C,D=B
8BWL-assembly1.cif	cf_dropout_full_woTemplates_model_3_multimer_v1_pred_38.pdb	0	6465	0.744495	A=C,B=D,C=A,D=B
8BWL-assembly1.cif	afm_dropout_full_model_4_multimer_v1_pred_28.pdb	0	1630	0.744489	A=C,B=B,C=A,D=D
8BWL-assembly1.cif	afm_dropout_full_woTemplates_model_3_multimer_v1_pred_56.pdb	0	2465	0.744455	A=C,B=B,C=A,D=D
8BWL-assembly1.cif	afm_woTemplates_model_5_multimer_v3_pred_26.pdb	0	5983	0.744379	A=A,B=D,C=C,D=B
8BWL-assembly1.cif	cf_woTemplates_model_3_multimer_v1_pred_62.pdb	0	7497	0.744351	A=A,B=D,C=C,D=B
8BWL-assembly1.cif	afm_dropout_noSM_woTemplates_model_5_multimer_v3_pred_58.pdb	0	5013	0.744197	A=A,B=B,C=C,D=D
8BWL-assembly1.cif	afm_basic_model_4_multimer_v1_pred_36.pdb	0	634	0.744148	A=A,B=D,C=C,D=B
8BWL-assembly1.cif	afm_dropout_noSM_woTemplates_model_3_multimer_v1_pred_37.pdb	0	4454	0.744148	A=A,B=D,C=C,D=B
8BWL-assembly1.cif	afm_basic_model_4_multimer_v1_pred_43.pdb	0	642	0.744146	A=A,B=D,C=C,D=B
8BWL-assembly1.cif	afm_dropout_full_woTemplates_model_4_multimer_v1_pred_50.pdb	0	2660	0.744129	A=A,B=D,C=C,D=B
8BWL-assembly1.cif	afm_woTemplates_model_3_multimer_v1_pred_21.pdb	0	5442	0.744108	A=A,B=D,C=C,D=B
8BWL-assembly1.cif	afm_dropout_noSM_woTemplates_model_5_multimer_v3_pred_66.pdb	0	5022	0.744088	A=A,B=B,C=C,D=D
8BWL-assembly1.cif	afm_woTemplates_model_5_multimer_v3_pred_54.pdb	0	6014	0.744084	A=C,B=B,C=A,D=D
8BWL-assembly1.cif	afm_woTemplates_model_4_multimer_v1_pred_6.pdb	0	5685	0.744069	A=C,B=B,C=A,D=D
8BWL-assembly1.cif	afm_dropout_noSM_woTemplates_model_3_multimer_v1_pred_43.pdb	0	4461	0.744063	A=C,B=B,C=A,D=D
8BWL-assembly1.cif	afm_basic_model_4_multimer_v1_pred_15.pdb	0	611	0.744013	A=C,B=B,C=A,D=D
8BWL-assembly1.cif	afm_dropout_full_woTemplates_model_3_multimer_v1_pred_30.pdb	0	2437	0.743997	A=C,B=B,C=A,D=D
8BWL-assembly1.cif	cf_woTemplates_model_3_multimer_v1_pred_27.pdb	0	7458	0.743995	A=C,B=D,C=A,D=B
8BWL-assembly1.cif	afm_basic_model_4_multimer_v1_pred_34.pdb	0	632	0.743994	A=C,B=B,C=A,D=D
8BWL-assembly1.cif	afm_dropout_full_model_5_multimer_v1_pred_32.pdb	0	1836	0.743918	A=A,B=D,C=C,D=B
8BWL-assembly1.cif	cf_woTemplates_model_3_multimer_v1_pred_10.pdb	0	7440	0.743904	A=A,B=D,C=C,D=B
8BWL-assembly1.cif	afm_dropout_full_woTemplates_r3_model_4_multimer_v3_pred_28.pdb	0	3774	0.743849	A=C,B=B,C=A,D=D
8BWL-assembly1.cif	afm_dropout_full_woTemplates_model_4_multimer_v1_pred_57.pdb	0	2667	0.743827	A=A,B=D,C=C,D=B
8BWL-assembly1.cif	afm_dropout_full_woTemplates_model_4_multimer_v1_pred_35.pdb	0	2643	0.743825	A=C,B=B,C=A,D=D
8BWL-assembly1.cif	afm_dropout_full_woTemplates_model_4_multimer_v1_pred_55.pdb	0	2665	0.743752	A=A,B=D,C=C,D=B
8BWL-assembly1.cif	afm_dropout_full_woTemplates_model_5_multimer_v1_pred_52.pdb	0	2863	0.743742	A=A,B=D,C=C,D=B
8BWL-assembly1.cif	afm_woTemplates_model_4_multimer_v1_pred_7.pdb	0	5693	0.743723	A=A,B=D,C=C,D=B
8BWL-assembly1.cif	afm_dropout_noSM_woTemplates_model_3_multimer_v1_pred_64.pdb	0	4484	0.743685	A=C,B=B,C=A,D=D
8BWL-assembly1.cif	afm_dropout_full_woTemplates_model_3_multimer_v1_pred_43.pdb	0	2451	0.743604	A=C,B=B,C=A,D=D
8BWL-assembly1.cif	afm_woTemplates_model_5_multimer_v3_pred_38.pdb	0	5996	0.743591	A=A,B=B,C=C,D=D
8BWL-assembly1.cif	afm_woTemplates_model_5_multimer_v3_pred_55.pdb	0	6015	0.743498	A=C,B=D,C=A,D=B
8BWL-assembly1.cif	afm_dropout_full_model_4_multimer_v1_pred_20.pdb	0	1622	0.743422	A=A,B=D,C=C,D=B
8BWL-assembly1.cif	afm_woTemplates_model_5_multimer_v3_pred_17.pdb	0	5973	0.743378	A=C,B=D,C=A,D=B
8BWL-assembly1.cif	afm_dropout_full_woTemplates_model_5_multimer_v3_pred_59.pdb	0	3004	0.743356	A=C,B=D,C=A,D=B
8BWL-assembly1.cif	afm_basic_model_4_multimer_v1_pred_50.pdb	0	650	0.743324	A=C,B=B,C=A,D=D
8BWL-assembly1.cif	afm_dropout_full_model_5_multimer_v1_pred_9.pdb	0	1876	0.743296	A=C,B=B,C=A,D=D
8BWL-assembly1.cif	afm_basic_model_4_multimer_v1_pred_18.pdb	0	614	0.743262	A=C,B=B,C=A,D=D
8BWL-assembly1.cif	afm_dropout_noSM_woTemplates_model_4_multimer_v1_pred_22.pdb	0	4639	0.743247	A=C,B=B,C=A,D=D
8BWL-assembly1.cif	afm_basic_model_4_multimer_v1_pred_41.pdb	0	640	0.743161	A=A,B=D,C=C,D=B
8BWL-assembly1.cif	cf_woTemplates_model_3_multimer_v1_pred_6.pdb	0	7494	0.743096	A=A,B=D,C=C,D=B
8BWL-assembly1.cif	afm_basic_model_4_multimer_v1_pred_13.pdb	0	609	0.743044	A=A,B=D,C=C,D=B
8BWL-assembly1.cif	afm_basic_model_4_multimer_v1_pred_57.pdb	0	657	0.742995	A=C,B=B,C=A,D=D
8BWL-assembly1.cif	afm_dropout_full_woTemplates_model_5_multimer_v3_pred_42.pdb	0	2986	0.742913	A=A,B=D,C=C,D=B
8BWL-assembly1.cif	afm_dropout_full_woTemplates_model_3_multimer_v1_pred_39.pdb	0	2446	0.742862	A=A,B=B,C=C,D=D
8BWL-assembly1.cif	afm_dropout_full_woTemplates_model_3_multimer_v1_pred_21.pdb	0	2427	0.742861	A=C,B=B,C=A,D=D
8BWL-assembly1.cif	afm_dropout_noSM_woTemplates_model_2_multimer_v1_pred_0.pdb	0	4222	0.742826	A=A,B=B,C=C,D=D
8BWL-assembly1.cif	cf_dropout_full_woTemplates_model_3_multimer_v1_pred_30.pdb	0	6457	0.74274	A=A,B=B,C=C,D=D
8BWL-assembly1.cif	afm_dropout_full_model_4_multimer_v1_pred_63.pdb	0	1669	0.742736	A=A,B=D,C=C,D=B
8BWL-assembly1.cif	afm_basic_model_4_multimer_v1_pred_64.pdb	0	665	0.742733	A=C,B=B,C=A,D=D
8BWL-assembly1.cif	cf_woTemplates_model_3_multimer_v1_pred_44.pdb	0	7477	0.742615	A=C,B=D,C=A,D=B
8BWL-assembly1.cif	afm_dropout_noSM_woTemplates_model_3_multimer_v1_pred_38.pdb	0	4455	0.742606	A=A,B=D,C=C,D=B
8BWL-assembly1.cif	cf_dropout_full_woTemplates_model_3_multimer_v1_pred_55.pdb	0	6484	0.74259	A=C,B=D,C=A,D=B
8BWL-assembly1.cif	afm_dropout_full_woTemplates_model_3_multimer_v1_pred_18.pdb	0	2423	0.742576	A=C,B=B,C=A,D=D
8BWL-assembly1.cif	cf_dropout_full_woTemplates_model_3_multimer_v1_pred_14.pdb	0	6439	0.742554	A=C,B=B,C=A,D=D
8BWL-assembly1.cif	afm_dropout_full_woTemplates_model_3_multimer_v1_pred_27.pdb	0	2433	0.742552	A=A,B=D,C=C,D=B
8BWL-assembly1.cif	afm_dropout_full_model_4_multimer_v1_pred_48.pdb	0	1652	0.742538	A=A,B=D,C=C,D=B
8BWL-assembly1.cif	afm_dropout_noSM_woTemplates_model_3_multimer_v1_pred_44.pdb	0	4462	0.742489	A=A,B=D,C=C,D=B
8BWL-assembly1.cif	afm_dropout_full_woTemplates_model_3_multimer_v1_pred_57.pdb	0	2466	0.742484	A=A,B=D,C=C,D=B
8BWL-assembly1.cif	afm_woTemplates_model_4_multimer_v1_pred_28.pdb	0	5650	0.742477	A=C,B=B,C=A,D=D
8BWL-assembly1.cif	afm_woTemplates_model_5_multimer_v3_pred_32.pdb	0	5990	0.742473	A=A,B=D,C=C,D=B
8BWL-assembly1.cif	afm_woTemplates_model_3_multimer_v1_pred_9.pdb	0	5494	0.742458	A=C,B=B,C=A,D=D
8BWL-assembly1.cif	afm_woTemplates_model_3_multimer_v1_pred_62.pdb	0	5487	0.742447	A=C,B=B,C=A,D=D
8BWL-assembly1.cif	afm_woTemplates_model_3_multimer_v1_pred_56.pdb	0	5480	0.742331	A=A,B=D,C=C,D=B
8BWL-assembly1.cif	afm_dropout_full_woTemplates_r3_model_5_multimer_v3_pred_57.pdb	0	4007	0.742208	A=A,B=D,C=C,D=B
8BWL-assembly1.cif	cf_woTemplates_model_5_multimer_v3_pred_7.pdb	0	8038	0.742169	A=C,B=B,C=A,D=D
8BWL-assembly1.cif	afm_dropout_full_woTemplates_r3_model_5_multimer_v3_pred_28.pdb	0	3975	0.742133	A=C,B=D,C=A,D=B
8BWL-assembly1.cif	afm_dropout_noSM_woTemplates_model_4_multimer_v1_pred_21.pdb	0	4638	0.742118	A=A,B=D,C=C,D=B
8BWL-assembly1.cif	afm_dropout_full_model_4_multimer_v1_pred_22.pdb	0	1624	0.742113	A=C,B=B,C=A,D=D
8BWL-assembly1.cif	afm_dropout_full_woTemplates_r3_model_3_multimer_v2_pred_35.pdb	0	3514	0.742093	A=C,B=D,C=A,D=B
8BWL-assembly1.cif	afm_dropout_full_woTemplates_model_3_multimer_v1_pred_2.pdb	0	2425	0.742069	A=C,B=B,C=A,D=D
8BWL-assembly1.cif	afm_dropout_full_woTemplates_model_5_multimer_v3_pred_62.pdb	0	3008	0.742059	A=C,B=B,C=A,D=D
8BWL-assembly1.cif	afm_dropout_noSM_woTemplates_model_4_multimer_v1_pred_6.pdb	0	4680	0.742022	A=A,B=D,C=C,D=B
8BWL-assembly1.cif	cf_woTemplates_model_3_multimer_v1_pred_22.pdb	0	7453	0.74202	A=C,B=B,C=A,D=D
8BWL-assembly1.cif	afm_dropout_full_woTemplates_model_3_multimer_v1_pred_36.pdb	0	2443	0.741988	A=A,B=D,C=C,D=B
8BWL-assembly1.cif	afm_woTemplates_model_3_multimer_v1_pred_40.pdb	0	5463	0.741967	A=C,B=B,C=A,D=D
8BWL-assembly1.cif	afm_dropout_full_woTemplates_model_4_multimer_v1_pred_44.pdb	0	2653	0.741948	A=A,B=D,C=C,D=B
8BWL-assembly1.cif	afm_dropout_full_model_4_multimer_v1_pred_35.pdb	0	1638	0.741892	A=C,B=D,C=A,D=B
8BWL-assembly1.cif	afm_dropout_full_woTemplates_model_3_multimer_v1_pred_54.pdb	0	2463	0.741878	A=C,B=D,C=A,D=B
8BWL-assembly1.cif	afm_dropout_full_woTemplates_model_3_multimer_v1_pred_34.pdb	0	2441	0.741872	A=A,B=D,C=C,D=B
8BWL-assembly1.cif	afm_dropout_full_woTemplates_model_5_multimer_v3_pred_10.pdb	0	2951	0.741833	A=C,B=D,C=A,D=B
8BWL-assembly1.cif	afm_dropout_full_model_5_multimer_v1_pred_46.pdb	0	1851	0.741801	A=A,B=D,C=C,D=B
8BWL-assembly1.cif	afm_woTemplates_model_5_multimer_v3_pred_7.pdb	0	6028	0.741794	A=A,B=B,C=C,D=D
8BWL-assembly1.cif	afm_basic_model_4_multimer_v1_pred_25.pdb	0	622	0.741778	A=A,B=B,C=C,D=D
8BWL-assembly1.cif	cf_dropout_full_woTemplates_model_3_multimer_v1_pred_15.pdb	0	6440	0.741762	A=A,B=D,C=C,D=B
8BWL-assembly1.cif	afm_dropout_full_woTemplates_model_5_multimer_v3_pred_25.pdb	0	2967	0.741676	A=C,B=D,C=A,D=B
8BWL-assembly1.cif	afm_dropout_noSM_woTemplates_model_3_multimer_v1_pred_56.pdb	0	4475	0.741645	A=A,B=D,C=C,D=B
8BWL-assembly1.cif	cf_dropout_full_woTemplates_model_3_multimer_v1_pred_31.pdb	0	6458	0.741599	A=A,B=D,C=C,D=B
8BWL-assembly1.cif	afm_woTemplates_model_3_multimer_v1_pred_20.pdb	0	5441	0.741575	A=A,B=D,C=C,D=B
8BWL-assembly1.cif	afm_woTemplates_model_3_multimer_v1_pred_31.pdb	0	5453	0.741479	A=C,B=B,C=A,D=D
8BWL-assembly1.cif	afm_woTemplates_model_5_multimer_v3_pred_43.pdb	0	6002	0.741435	A=A,B=B,C=C,D=D
8BWL-assembly1.cif	afm_dropout_full_woTemplates_model_5_multimer_v3_pred_26.pdb	0	2968	0.741409	A=C,B=B,C=A,D=D
8BWL-assembly1.cif	afm_dropout_full_model_4_multimer_v1_pred_25.pdb	0	1627	0.741391	A=C,B=B,C=A,D=D
8BWL-assembly1.cif	afm_dropout_full_woTemplates_model_2_multimer_v1_pred_11.pdb	0	2215	0.741384	A=A,B=B,C=C,D=D
8BWL-assembly1.cif	afm_dropout_full_model_2_multimer_v1_pred_9.pdb	0	1273	0.741345	A=A,B=D,C=C,D=B
8BWL-assembly1.cif	afm_dropout_full_woTemplates_model_2_multimer_v1_pred_64.pdb	0	2273	0.741326	A=C,B=B,C=A,D=D
8BWL-assembly1.cif	afm_dropout_noSM_woTemplates_model_4_multimer_v1_pred_28.pdb	0	4645	0.741255	A=A,B=D,C=C,D=B
8BWL-assembly1.cif	afm_basic_model_4_multimer_v1_pred_48.pdb	0	647	0.741251	A=C,B=B,C=A,D=D
8BWL-assembly1.cif	afm_dropout_noSM_woTemplates_model_4_multimer_v1_pred_13.pdb	0	4629	0.741245	A=C,B=B,C=A,D=D
8BWL-assembly1.cif	afm_dropout_noSM_woTemplates_model_2_multimer_v2_pred_59.pdb	0	4344	0.741224	A=A,B=D,C=C,D=B
8BWL-assembly1.cif	afm_dropout_noSM_woTemplates_model_4_multimer_v1_pred_43.pdb	0	4662	0.741222	A=A,B=D,C=C,D=B
8BWL-assembly1.cif	afm_dropout_full_woTemplates_r3_model_1_multimer_v3_pred_33.pdb	0	3177	0.741172	A=C,B=D,C=A,D=B
8BWL-assembly1.cif	afm_dropout_full_woTemplates_r3_model_2_multimer_v3_pred_62.pdb	0	3410	0.741171	A=C,B=B,C=A,D=D
8BWL-assembly1.cif	afm_basic_model_4_multimer_v1_pred_9.pdb	0	670	0.741128	A=C,B=B,C=A,D=D
8BWL-assembly1.cif	afm_woTemplates_model_5_multimer_v3_pred_6.pdb	0	6020	0.741096	A=A,B=B,C=C,D=D
8BWL-assembly1.cif	afm_dropout_noSM_woTemplates_model_4_multimer_v1_pred_1.pdb	0	4625	0.741077	A=C,B=B,C=A,D=D
8BWL-assembly1.cif	afm_dropout_full_woTemplates_r3_model_2_multimer_v3_pred_16.pdb	0	3359	0.740998	A=C,B=D,C=A,D=B
8BWL-assembly1.cif	afm_dropout_full_model_2_multimer_v1_pred_60.pdb	0	1264	0.740971	A=A,B=D,C=C,D=B
8BWL-assembly1.cif	afm_basic_model_4_multimer_v1_pred_2.pdb	0	616	0.740944	A=A,B=D,C=C,D=B
8BWL-assembly1.cif	afm_woTemplates_model_5_multimer_v3_pred_23.pdb	0	5980	0.740896	A=C,B=B,C=A,D=D
8BWL-assembly1.cif	cf_dropout_full_woTemplates_model_3_multimer_v1_pred_41.pdb	0	6469	0.740896	A=C,B=D,C=A,D=B
8BWL-assembly1.cif	afm_dropout_noSM_woTemplates_model_4_multimer_v1_pred_14.pdb	0	4630	0.740834	A=C,B=B,C=A,D=D
8BWL-assembly1.cif	afm_dropout_noSM_woTemplates_model_5_multimer_v3_pred_56.pdb	0	5011	0.740794	A=A,B=D,C=C,D=B
8BWL-assembly1.cif	afm_dropout_noSM_woTemplates_model_3_multimer_v1_pred_27.pdb	0	4443	0.740733	A=C,B=D,C=A,D=B
8BWL-assembly1.cif	afm_dropout_noSM_woTemplates_model_3_multimer_v1_pred_23.pdb	0	4439	0.740731	A=A,B=B,C=C,D=D
8BWL-assembly1.cif	afm_dropout_full_model_1_multimer_v1_pred_48.pdb	0	1049	0.740724	A=A,B=D,C=C,D=B
8BWL-assembly1.cif	cf_woTemplates_model_1_multimer_v1_pred_51.pdb	0	7083	0.74065	A=A,B=D,C=C,D=B
8BWL-assembly1.cif	afm_dropout_full_woTemplates_r3_model_5_multimer_v3_pred_58.pdb	0	4008	0.740588	A=C,B=D,C=A,D=B
8BWL-assembly1.cif	afm_basic_model_4_multimer_v1_pred_49.pdb	0	648	0.740582	A=C,B=B,C=A,D=D
8BWL-assembly1.cif	afm_woTemplates_model_5_multimer_v3_pred_40.pdb	0	5999	0.740579	A=C,B=D,C=A,D=B
8BWL-assembly1.cif	afm_basic_model_4_multimer_v1_pred_60.pdb	0	661	0.740577	A=A,B=D,C=C,D=B
8BWL-assembly1.cif	afm_woTemplates_model_3_multimer_v1_pred_65.pdb	0	5490	0.740573	A=A,B=D,C=C,D=B
8BWL-assembly1.cif	afm_dropout_noSM_woTemplates_model_5_multimer_v3_pred_36.pdb	0	4989	0.740563	A=C,B=D,C=A,D=B
8BWL-assembly1.cif	afm_basic_model_4_multimer_v1_pred_37.pdb	0	635	0.740544	A=A,B=D,C=C,D=B
8BWL-assembly1.cif	afm_dropout_full_model_4_multimer_v1_pred_10.pdb	0	1611	0.740541	A=A,B=D,C=C,D=B
8BWL-assembly1.cif	afm_woTemplates_model_4_multimer_v1_pred_42.pdb	0	5666	0.740528	A=A,B=D,C=C,D=B
8BWL-assembly1.cif	afm_dropout_full_woTemplates_model_5_multimer_v3_pred_28.pdb	0	2970	0.740525	A=A,B=D,C=C,D=B
8BWL-assembly1.cif	afm_dropout_full_woTemplates_model_5_multimer_v3_pred_2.pdb	0	2961	0.740515	A=C,B=D,C=A,D=B
8BWL-assembly1.cif	afm_dropout_full_woTemplates_model_3_multimer_v1_pred_23.pdb	0	2429	0.740512	A=C,B=D,C=A,D=B
8BWL-assembly1.cif	afm_dropout_noSM_woTemplates_model_3_multimer_v1_pred_19.pdb	0	4434	0.7405	A=A,B=D,C=C,D=B
8BWL-assembly1.cif	afm_dropout_full_woTemplates_model_5_multimer_v3_pred_54.pdb	0	2999	0.740489	A=C,B=D,C=A,D=B
8BWL-assembly1.cif	afm_dropout_noSM_woTemplates_model_3_multimer_v1_pred_3.pdb	0	4446	0.740464	A=A,B=D,C=C,D=B
8BWL-assembly1.cif	afm_dropout_full_woTemplates_model_5_multimer_v3_pred_66.pdb	0	3012	0.740412	A=A,B=D,C=C,D=B
8BWL-assembly1.cif	afm_basic_model_4_multimer_v1_pred_33.pdb	0	631	0.740411	A=C,B=B,C=A,D=D
8BWL-assembly1.cif	cf_dropout_full_woTemplates_model_3_multimer_v1_pred_53.pdb	0	6482	0.740407	A=A,B=D,C=C,D=B
8BWL-assembly1.cif	afm_woTemplates_model_5_multimer_v3_pred_4.pdb	0	5998	0.740385	A=A,B=D,C=C,D=B
8BWL-assembly1.cif	afm_dropout_full_model_4_multimer_v1_pred_34.pdb	0	1637	0.740355	A=C,B=D,C=A,D=B
8BWL-assembly1.cif	afm_dropout_full_woTemplates_model_5_multimer_v3_pred_27.pdb	0	2969	0.740355	A=C,B=B,C=A,D=D
8BWL-assembly1.cif	afm_woTemplates_model_5_multimer_v3_pred_52.pdb	0	6012	0.740331	A=C,B=B,C=A,D=D
8BWL-assembly1.cif	afm_dropout_full_model_2_multimer_v1_pred_58.pdb	0	1261	0.740322	A=A,B=D,C=C,D=B
8BWL-assembly1.cif	afm_dropout_full_woTemplates_r3_model_3_multimer_v1_pred_6.pdb	0	3474	0.740305	A=A,B=D,C=C,D=B
8BWL-assembly1.cif	afm_dropout_noSM_woTemplates_model_4_multimer_v1_pred_18.pdb	0	4634	0.740279	A=A,B=D,C=C,D=B
8BWL-assembly1.cif	afm_woTemplates_model_4_multimer_v1_pred_37.pdb	0	5660	0.740267	A=C,B=B,C=A,D=D
8BWL-assembly1.cif	afm_dropout_full_model_4_multimer_v1_pred_44.pdb	0	1648	0.740252	A=C,B=B,C=A,D=D
8BWL-assembly1.cif	afm_woTemplates_model_5_multimer_v3_pred_64.pdb	0	6025	0.740198	A=A,B=B,C=C,D=D
8BWL-assembly1.cif	afm_dropout_noSM_woTemplates_model_5_multimer_v3_pred_26.pdb	0	4978	0.740162	A=A,B=B,C=C,D=D
8BWL-assembly1.cif	afm_basic_model_4_multimer_v1_pred_30.pdb	0	628	0.740141	A=C,B=B,C=A,D=D
8BWL-assembly1.cif	afm_woTemplates_model_5_multimer_v3_pred_33.pdb	0	5991	0.740138	A=C,B=D,C=A,D=B
8BWL-assembly1.cif	afm_dropout_noSM_woTemplates_model_5_multimer_v3_pred_39.pdb	0	4992	0.740136	A=C,B=B,C=A,D=D
8BWL-assembly1.cif	cf_woTemplates_model_3_multimer_v1_pred_28.pdb	0	7459	0.740116	A=C,B=B,C=A,D=D
8BWL-assembly1.cif	afm_dropout_noSM_woTemplates_model_5_multimer_v3_pred_55.pdb	0	5010	0.740112	A=A,B=B,C=C,D=D
8BWL-assembly1.cif	afm_woTemplates_model_5_multimer_v3_pred_56.pdb	0	6016	0.740109	A=A,B=B,C=C,D=D
8BWL-assembly1.cif	afm_dropout_noSM_woTemplates_model_3_multimer_v2_pred_1.pdb	0	4491	0.740093	A=A,B=D,C=C,D=B
8BWL-assembly1.cif	afm_woTemplates_model_5_multimer_v3_pred_15.pdb	0	5971	0.740089	A=A,B=B,C=C,D=D
8BWL-assembly1.cif	afm_dropout_noSM_woTemplates_model_5_multimer_v3_pred_27.pdb	0	4979	0.740087	A=C,B=B,C=A,D=D
8BWL-assembly1.cif	afm_woTemplates_model_4_multimer_v1_pred_23.pdb	0	5645	0.740085	A=A,B=D,C=C,D=B
8BWL-assembly1.cif	afm_woTemplates_model_5_multimer_v3_pred_3.pdb	0	5987	0.740074	A=C,B=D,C=A,D=B
8BWL-assembly1.cif	afm_basic_model_4_multimer_v1_pred_26.pdb	0	623	0.740029	A=C,B=B,C=A,D=D
8BWL-assembly1.cif	afm_basic_model_2_multimer_v1_pred_52.pdb	0	250	0.740026	A=A,B=D,C=C,D=B
8BWL-assembly1.cif	afm_woTemplates_model_5_multimer_v3_pred_66.pdb	0	6027	0.740017	A=A,B=B,C=C,D=D
8BWL-assembly1.cif	afm_dropout_noSM_woTemplates_model_5_multimer_v3_pred_25.pdb	0	4977	0.74	A=C,B=D,C=A,D=B
8BWL-assembly1.cif	afm_woTemplates_model_3_multimer_v1_pred_51.pdb	0	5475	0.739976	A=A,B=D,C=C,D=B
8BWL-assembly1.cif	afm_basic_model_4_multimer_v1_pred_63.pdb	0	664	0.739971	A=C,B=B,C=A,D=D
8BWL-assembly1.cif	cf_dropout_full_woTemplates_model_3_multimer_v1_pred_37.pdb	0	6464	0.739968	A=A,B=D,C=C,D=B
8BWL-assembly1.cif	afm_dropout_full_model_2_multimer_v1_pred_46.pdb	0	1248	0.739946	A=A,B=D,C=C,D=B
8BWL-assembly1.cif	cf_dropout_full_woTemplates_model_3_multimer_v1_pred_19.pdb	0	6444	0.739929	A=C,B=B,C=A,D=D
8BWL-assembly1.cif	afm_woTemplates_model_5_multimer_v3_pred_12.pdb	0	5968	0.739924	A=C,B=D,C=A,D=B
8BWL-assembly1.cif	afm_woTemplates_model_5_multimer_v3_pred_1.pdb	0	5965	0.739921	A=C,B=D,C=A,D=B
8BWL-assembly1.cif	afm_dropout_noSM_woTemplates_model_5_multimer_v3_pred_22.pdb	0	4974	0.739921	A=A,B=D,C=C,D=B
8BWL-assembly1.cif	afm_dropout_full_model_4_multimer_v1_pred_14.pdb	0	1615	0.739916	A=C,B=B,C=A,D=D
8BWL-assembly1.cif	afm_dropout_full_woTemplates_model_5_multimer_v3_pred_53.pdb	0	2998	0.73991	A=A,B=B,C=C,D=D
8BWL-assembly1.cif	afm_dropout_full_woTemplates_r3_model_4_multimer_v1_pred_41.pdb	0	3655	0.73984	A=C,B=D,C=A,D=B
8BWL-assembly1.cif	afm_dropout_noSM_woTemplates_model_5_multimer_v3_pred_52.pdb	0	5007	0.739804	A=C,B=B,C=A,D=D
8BWL-assembly1.cif	afm_basic_model_4_multimer_v1_pred_45.pdb	0	644	0.739803	A=A,B=D,C=C,D=B
8BWL-assembly1.cif	afm_dropout_full_woTemplates_model_3_multimer_v1_pred_7.pdb	0	2477	0.739775	A=C,B=B,C=A,D=D
8BWL-assembly1.cif	afm_dropout_full_model_4_multimer_v1_pred_38.pdb	0	1641	0.739773	A=C,B=B,C=A,D=D
8BWL-assembly1.cif	cf_dropout_full_woTemplates_model_3_multimer_v1_pred_10.pdb	0	6435	0.739766	A=A,B=D,C=C,D=B
8BWL-assembly1.cif	afm_woTemplates_model_5_multimer_v3_pred_27.pdb	0	5984	0.739763	A=C,B=B,C=A,D=D
8BWL-assembly1.cif	afm_dropout_full_model_4_multimer_v1_pred_1.pdb	0	1610	0.739759	A=C,B=B,C=A,D=D
8BWL-assembly1.cif	afm_dropout_noSM_woTemplates_model_5_multimer_v3_pred_49.pdb	0	5003	0.739758	A=A,B=B,C=C,D=D
8BWL-assembly1.cif	afm_dropout_noSM_woTemplates_model_3_multimer_v1_pred_25.pdb	0	4441	0.739725	A=A,B=D,C=C,D=B
8BWL-assembly1.cif	cf_woTemplates_model_3_multimer_v1_pred_46.pdb	0	7479	0.739707	A=A,B=D,C=C,D=B
8BWL-assembly1.cif	afm_basic_model_4_multimer_v1_pred_14.pdb	0	610	0.739704	A=A,B=D,C=C,D=B
8BWL-assembly1.cif	afm_woTemplates_model_5_multimer_v3_pred_45.pdb	0	6004	0.739697	A=C,B=B,C=A,D=D
8BWL-assembly1.cif	afm_basic_model_4_multimer_v1_pred_62.pdb	0	663	0.739669	A=C,B=B,C=A,D=D
8BWL-assembly1.cif	cf_woTemplates_model_3_multimer_v1_pred_29.pdb	0	7460	0.739664	A=C,B=B,C=A,D=D
8BWL-assembly1.cif	cf_dropout_full_woTemplates_model_3_multimer_v1_pred_59.pdb	0	6488	0.739662	A=A,B=D,C=C,D=B
8BWL-assembly1.cif	afm_woTemplates_model_5_multimer_v3_pred_24.pdb	0	5981	0.739617	A=C,B=D,C=A,D=B
8BWL-assembly1.cif	afm_dropout_full_woTemplates_model_2_multimer_v3_pred_13.pdb	0	2351	0.739616	A=A,B=B,C=C,D=D
8BWL-assembly1.cif	afm_dropout_full_model_5_multimer_v1_pred_19.pdb	0	1821	0.739548	A=A,B=D,C=C,D=B
8BWL-assembly1.cif	afm_dropout_full_woTemplates_r3_model_3_multimer_v1_pred_19.pdb	0	3429	0.739547	A=C,B=B,C=A,D=D
8BWL-assembly1.cif	afm_dropout_full_woTemplates_r3_model_5_multimer_v3_pred_62.pdb	0	4013	0.739532	A=C,B=B,C=A,D=D
8BWL-assembly1.cif	afm_dropout_noSM_woTemplates_model_3_multimer_v1_pred_66.pdb	0	4486	0.739528	A=C,B=B,C=A,D=D
8BWL-assembly1.cif	afm_woTemplates_model_5_multimer_v3_pred_58.pdb	0	6018	0.739508	A=A,B=B,C=C,D=D
8BWL-assembly1.cif	afm_basic_model_4_multimer_v1_pred_58.pdb	0	658	0.739435	A=A,B=D,C=C,D=B
8BWL-assembly1.cif	cf_dropout_full_woTemplates_model_3_multimer_v1_pred_13.pdb	0	6438	0.739434	A=C,B=B,C=A,D=D
8BWL-assembly1.cif	afm_basic_model_4_multimer_v1_pred_46.pdb	0	645	0.739429	A=A,B=D,C=C,D=B
8BWL-assembly1.cif	afm_woTemplates_model_3_multimer_v1_pred_49.pdb	0	5472	0.739424	A=C,B=B,C=A,D=D
8BWL-assembly1.cif	afm_dropout_noSM_woTemplates_model_5_multimer_v3_pred_33.pdb	0	4986	0.739367	A=C,B=B,C=A,D=D
8BWL-assembly1.cif	afm_dropout_noSM_woTemplates_model_5_multimer_v3_pred_50.pdb	0	5005	0.739354	A=A,B=D,C=C,D=B
8BWL-assembly1.cif	afm_woTemplates_model_5_multimer_v3_pred_14.pdb	0	5970	0.739279	A=A,B=D,C=C,D=B
8BWL-assembly1.cif	afm_dropout_full_woTemplates_model_4_multimer_v3_pred_56.pdb	0	2800	0.739261	A=A,B=D,C=C,D=B
8BWL-assembly1.cif	afm_woTemplates_model_3_multimer_v1_pred_45.pdb	0	5468	0.739215	A=C,B=B,C=A,D=D
8BWL-assembly1.cif	cf_dropout_full_woTemplates_model_3_multimer_v1_pred_8.pdb	0	6498	0.739207	A=A,B=D,C=C,D=B
8BWL-assembly1.cif	afm_woTemplates_model_2_multimer_v3_pred_2.pdb	0	5373	0.739183	A=C,B=B,C=A,D=D
8BWL-assembly1.cif	cf_dropout_full_woTemplates_model_5_multimer_v3_pred_24.pdb	0	6986	0.739147	A=A,B=D,C=C,D=B
8BWL-assembly1.cif	afm_woTemplates_model_5_multimer_v3_pred_47.pdb	0	6006	0.739125	A=A,B=B,C=C,D=D
8BWL-assembly1.cif	afm_woTemplates_model_5_multimer_v3_pred_18.pdb	0	5974	0.739099	A=A,B=D,C=C,D=B
8BWL-assembly1.cif	afm_woTemplates_model_4_multimer_v1_pred_31.pdb	0	5654	0.739083	A=C,B=B,C=A,D=D
8BWL-assembly1.cif	afm_dropout_noSM_woTemplates_model_2_multimer_v1_pred_5.pdb	0	4267	0.739078	A=C,B=B,C=A,D=D
8BWL-assembly1.cif	afm_basic_model_2_multimer_v1_pred_28.pdb	0	223	0.739072	A=C,B=B,C=A,D=D
8BWL-assembly1.cif	afm_dropout_full_woTemplates_model_5_multimer_v3_pred_20.pdb	0	2962	0.739066	A=C,B=D,C=A,D=B
8BWL-assembly1.cif	afm_dropout_full_model_2_multimer_v1_pred_0.pdb	0	1207	0.739045	A=A,B=D,C=C,D=B
8BWL-assembly1.cif	afm_dropout_noSM_woTemplates_model_2_multimer_v1_pred_27.pdb	0	4242	0.739024	A=C,B=B,C=A,D=D
8BWL-assembly1.cif	afm_dropout_full_woTemplates_model_5_multimer_v3_pred_32.pdb	0	2975	0.738976	A=C,B=B,C=A,D=D
8BWL-assembly1.cif	afm_dropout_noSM_woTemplates_model_3_multimer_v1_pred_45.pdb	0	4463	0.738963	A=C,B=D,C=A,D=B
8BWL-assembly1.cif	afm_dropout_noSM_woTemplates_model_5_multimer_v3_pred_51.pdb	0	5006	0.738956	A=C,B=B,C=A,D=D
8BWL-assembly1.cif	afm_dropout_full_woTemplates_model_1_multimer_v1_pred_65.pdb	0	2073	0.73895	A=A,B=D,C=C,D=B
8BWL-assembly1.cif	afm_woTemplates_model_1_multimer_v1_pred_17.pdb	0	5035	0.738945	A=C,B=B,C=A,D=D
8BWL-assembly1.cif	afm_basic_model_2_multimer_v1_pred_48.pdb	0	245	0.738943	A=C,B=B,C=A,D=D
8BWL-assembly1.cif	afm_dropout_full_woTemplates_model_5_multimer_v3_pred_17.pdb	0	2958	0.738938	A=C,B=B,C=A,D=D
8BWL-assembly1.cif	afm_dropout_full_woTemplates_model_2_multimer_v1_pred_3.pdb	0	2235	0.738938	A=A,B=B,C=C,D=D
8BWL-assembly1.cif	afm_dropout_full_woTemplates_model_5_multimer_v3_pred_63.pdb	0	3009	0.738934	A=A,B=D,C=C,D=B
8BWL-assembly1.cif	afm_dropout_full_woTemplates_model_5_multimer_v1_pred_45.pdb	0	2855	0.738925	A=A,B=D,C=C,D=B
8BWL-assembly1.cif	afm_dropout_noSM_woTemplates_model_4_multimer_v1_pred_62.pdb	0	4683	0.738924	A=A,B=D,C=C,D=B
8BWL-assembly1.cif	afm_dropout_noSM_woTemplates_model_2_multimer_v1_pred_24.pdb	0	4239	0.738916	A=C,B=D,C=A,D=B
8BWL-assembly1.cif	afm_dropout_full_model_5_multimer_v1_pred_66.pdb	0	1873	0.738833	A=C,B=B,C=A,D=D
8BWL-assembly1.cif	afm_dropout_noSM_woTemplates_model_4_multimer_v1_pred_40.pdb	0	4659	0.73883	A=A,B=D,C=C,D=B
8BWL-assembly1.cif	afm_woTemplates_model_5_multimer_v3_pred_44.pdb	0	6003	0.738806	A=C,B=D,C=A,D=B
8BWL-assembly1.cif	afm_woTemplates_model_4_multimer_v1_pred_62.pdb	0	5688	0.738762	A=A,B=D,C=C,D=B
8BWL-assembly1.cif	cf_dropout_full_woTemplates_model_1_multimer_v3_pred_7.pdb	0	6229	0.738758	A=A,B=B,C=C,D=D
8BWL-assembly1.cif	afm_dropout_noSM_woTemplates_model_5_multimer_v3_pred_48.pdb	0	5002	0.738703	A=A,B=D,C=C,D=B
8BWL-assembly1.cif	afm_woTemplates_model_5_multimer_v3_pred_36.pdb	0	5994	0.738699	A=C,B=D,C=A,D=B
8BWL-assembly1.cif	afm_basic_model_4_multimer_v1_pred_16.pdb	0	612	0.738676	A=A,B=D,C=C,D=B
8BWL-assembly1.cif	afm_woTemplates_model_3_multimer_v1_pred_66.pdb	0	5491	0.738621	A=A,B=D,C=C,D=B
8BWL-assembly1.cif	afm_dropout_noSM_woTemplates_model_5_multimer_v3_pred_44.pdb	0	4998	0.738575	A=A,B=B,C=C,D=D
8BWL-assembly1.cif	afm_dropout_full_woTemplates_model_5_multimer_v3_pred_18.pdb	0	2959	0.738573	A=A,B=B,C=C,D=D
8BWL-assembly1.cif	afm_woTemplates_model_4_multimer_v1_pred_0.pdb	0	5629	0.73857	A=A,B=D,C=C,D=B
8BWL-assembly1.cif	afm_woTemplates_model_1_multimer_v1_pred_51.pdb	0	5073	0.738568	A=A,B=D,C=C,D=B
8BWL-assembly1.cif	afm_dropout_full_woTemplates_r3_model_5_multimer_v3_pred_40.pdb	0	3989	0.738537	A=C,B=D,C=A,D=B
8BWL-assembly1.cif	afm_dropout_full_woTemplates_model_5_multimer_v3_pred_58.pdb	0	3003	0.738509	A=A,B=D,C=C,D=B
8BWL-assembly1.cif	afm_woTemplates_model_5_multimer_v3_pred_11.pdb	0	5967	0.738494	A=C,B=D,C=A,D=B
8BWL-assembly1.cif	cf_woTemplates_model_2_multimer_v3_pred_36.pdb	0	7401	0.738493	A=C,B=D,C=A,D=B
8BWL-assembly1.cif	afm_dropout_full_woTemplates_model_1_multimer_v1_pred_40.pdb	0	2046	0.738467	A=C,B=B,C=A,D=D
8BWL-assembly1.cif	cf_dropout_full_woTemplates_model_2_multimer_v3_pred_45.pdb	0	6406	0.738456	A=C,B=B,C=A,D=D
8BWL-assembly1.cif	afm_dropout_noSM_woTemplates_model_5_multimer_v3_pred_14.pdb	0	4965	0.73845	A=C,B=D,C=A,D=B
8BWL-assembly1.cif	afm_dropout_noSM_woTemplates_model_2_multimer_v1_pred_40.pdb	0	4257	0.738447	A=C,B=B,C=A,D=D
8BWL-assembly1.cif	afm_dropout_full_woTemplates_model_5_multimer_v3_pred_0.pdb	0	2949	0.738399	A=A,B=B,C=C,D=D
8BWL-assembly1.cif	afm_dropout_full_woTemplates_model_5_multimer_v3_pred_48.pdb	0	2992	0.738396	A=A,B=B,C=C,D=D
8BWL-assembly1.cif	afm_dropout_full_model_3_multimer_v1_pred_54.pdb	0	1458	0.738395	A=C,B=D,C=A,D=B
8BWL-assembly1.cif	afm_basic_model_2_multimer_v1_pred_36.pdb	0	232	0.738364	A=C,B=B,C=A,D=D
8BWL-assembly1.cif	afm_dropout_full_woTemplates_r3_model_3_multimer_v2_pred_59.pdb	0	3540	0.738361	A=A,B=B,C=C,D=D
8BWL-assembly1.cif	cf_dropout_full_woTemplates_model_1_multimer_v3_pred_28.pdb	0	6186	0.738347	A=A,B=D,C=C,D=B
8BWL-assembly1.cif	cf_dropout_full_woTemplates_model_5_multimer_v3_pred_34.pdb	0	6997	0.738336	A=C,B=D,C=A,D=B
8BWL-assembly1.cif	afm_dropout_full_model_4_multimer_v1_pred_19.pdb	0	1620	0.73833	A=C,B=B,C=A,D=D
8BWL-assembly1.cif	afm_dropout_noSM_woTemplates_model_5_multimer_v3_pred_59.pdb	0	5014	0.738317	A=A,B=D,C=C,D=B
8BWL-assembly1.cif	afm_dropout_full_woTemplates_r3_model_3_multimer_v3_pred_23.pdb	0	3568	0.738311	A=C,B=D,C=A,D=B
8BWL-assembly1.cif	afm_woTemplates_model_3_multimer_v1_pred_50.pdb	0	5474	0.738297	A=C,B=B,C=A,D=D
8BWL-assembly1.cif	afm_dropout_noSM_woTemplates_model_3_multimer_v1_pred_41.pdb	0	4459	0.738246	A=A,B=D,C=C,D=B
8BWL-assembly1.cif	afm_woTemplates_model_5_multimer_v3_pred_9.pdb	0	6030	0.73824	A=A,B=B,C=C,D=D
8BWL-assembly1.cif	afm_dropout_noSM_woTemplates_model_4_multimer_v1_pred_44.pdb	0	4663	0.738232	A=A,B=D,C=C,D=B
8BWL-assembly1.cif	afm_dropout_full_model_4_multimer_v1_pred_59.pdb	0	1664	0.738188	A=A,B=D,C=C,D=B
8BWL-assembly1.cif	afm_woTemplates_model_4_multimer_v1_pred_27.pdb	0	5649	0.73818	A=C,B=B,C=A,D=D
8BWL-assembly1.cif	afm_woTemplates_model_5_multimer_v3_pred_16.pdb	0	5972	0.738175	A=A,B=B,C=C,D=D
8BWL-assembly1.cif	afm_dropout_full_woTemplates_model_2_multimer_v3_pred_9.pdb	0	2412	0.738163	A=A,B=B,C=C,D=D
8BWL-assembly1.cif	afm_woTemplates_model_5_multimer_v3_pred_25.pdb	0	5982	0.738123	A=C,B=D,C=A,D=B
8BWL-assembly1.cif	afm_basic_model_4_multimer_v1_pred_44.pdb	0	643	0.738098	A=A,B=D,C=C,D=B
8BWL-assembly1.cif	afm_dropout_full_woTemplates_r3_model_2_multimer_v3_pred_39.pdb	0	3384	0.738072	A=A,B=B,C=C,D=D
8BWL-assembly1.cif	afm_woTemplates_model_5_multimer_v3_pred_34.pdb	0	5992	0.738059	A=A,B=B,C=C,D=D
8BWL-assembly1.cif	afm_woTemplates_model_3_multimer_v1_pred_34.pdb	0	5456	0.738057	A=A,B=B,C=C,D=D
8BWL-assembly1.cif	afm_dropout_full_woTemplates_model_5_multimer_v3_pred_3.pdb	0	2972	0.738009	A=A,B=B,C=C,D=D
8BWL-assembly1.cif	afm_basic_model_4_multimer_v1_pred_23.pdb	0	620	0.738006	A=A,B=D,C=C,D=B
8BWL-assembly1.cif	afm_dropout_full_woTemplates_model_3_multimer_v1_pred_53.pdb	0	2462	0.737982	A=C,B=B,C=A,D=D
8BWL-assembly1.cif	afm_dropout_full_model_1_multimer_v1_pred_35.pdb	0	1035	0.737959	A=C,B=B,C=A,D=D
8BWL-assembly1.cif	cf_woTemplates_model_5_multimer_v3_pred_53.pdb	0	8023	0.737948	A=A,B=B,C=C,D=D
8BWL-assembly1.cif	afm_woTemplates_model_5_multimer_v3_pred_29.pdb	0	5986	0.737946	A=A,B=D,C=C,D=B
8BWL-assembly1.cif	afm_dropout_noSM_woTemplates_model_5_multimer_v3_pred_34.pdb	0	4987	0.737941	A=A,B=B,C=C,D=D
8BWL-assembly1.cif	afm_dropout_full_woTemplates_model_5_multimer_v3_pred_46.pdb	0	2990	0.737939	A=A,B=D,C=C,D=B
8BWL-assembly1.cif	cf_woTemplates_model_5_multimer_v3_pred_49.pdb	0	8018	0.737902	A=C,B=D,C=A,D=B
8BWL-assembly1.cif	afm_dropout_full_woTemplates_model_4_multimer_v3_pred_30.pdb	0	2772	0.737897	A=C,B=D,C=A,D=B
8BWL-assembly1.cif	afm_woTemplates_model_5_multimer_v3_pred_21.pdb	0	5978	0.737874	A=A,B=B,C=C,D=D
8BWL-assembly1.cif	afm_woTemplates_model_5_multimer_v3_pred_59.pdb	0	6019	0.737858	A=A,B=B,C=C,D=D
8BWL-assembly1.cif	cf_woTemplates_model_5_multimer_v3_pred_50.pdb	0	8020	0.737857	A=C,B=B,C=A,D=D
8BWL-assembly1.cif	afm_dropout_noSM_woTemplates_model_2_multimer_v2_pred_10.pdb	0	4291	0.737854	A=C,B=B,C=A,D=D
8BWL-assembly1.cif	afm_dropout_full_woTemplates_r3_model_5_multimer_v3_pred_21.pdb	0	3968	0.737851	A=C,B=D,C=A,D=B
8BWL-assembly1.cif	afm_dropout_full_model_5_multimer_v1_pred_47.pdb	0	1852	0.737835	A=A,B=D,C=C,D=B
8BWL-assembly1.cif	afm_dropout_noSM_woTemplates_model_5_multimer_v3_pred_65.pdb	0	5021	0.737824	A=C,B=B,C=A,D=D
8BWL-assembly1.cif	afm_dropout_full_model_2_multimer_v1_pred_13.pdb	0	1212	0.7378	A=A,B=D,C=C,D=B
8BWL-assembly1.cif	afm_woTemplates_model_3_multimer_v2_pred_63.pdb	0	5555	0.737797	A=C,B=D,C=A,D=B
8BWL-assembly1.cif	cf_woTemplates_model_5_multimer_v3_pred_56.pdb	0	8026	0.73778	A=C,B=D,C=A,D=B
8BWL-assembly1.cif	afm_dropout_full_model_4_multimer_v1_pred_17.pdb	0	1618	0.737768	A=C,B=B,C=A,D=D
8BWL-assembly1.cif	afm_dropout_noSM_woTemplates_model_4_multimer_v1_pred_2.pdb	0	4636	0.737757	A=A,B=D,C=C,D=B
8BWL-assembly1.cif	afm_dropout_full_woTemplates_model_5_multimer_v3_pred_22.pdb	0	2964	0.737691	A=C,B=B,C=A,D=D
8BWL-assembly1.cif	cf_dropout_full_woTemplates_model_3_multimer_v1_pred_43.pdb	0	6471	0.73763	A=A,B=D,C=C,D=B
8BWL-assembly1.cif	afm_dropout_noSM_woTemplates_model_2_multimer_v3_pred_0.pdb	0	4356	0.737616	A=A,B=D,C=C,D=B
8BWL-assembly1.cif	afm_dropout_full_model_4_multimer_v1_pred_49.pdb	0	1653	0.737609	A=C,B=B,C=A,D=D
8BWL-assembly1.cif	cf_woTemplates_model_3_multimer_v1_pred_58.pdb	0	7492	0.737606	A=C,B=D,C=A,D=B
8BWL-assembly1.cif	afm_woTemplates_model_4_multimer_v1_pred_64.pdb	0	5690	0.73759	A=A,B=D,C=C,D=B
8BWL-assembly1.cif	afm_woTemplates_model_3_multimer_v3_pred_21.pdb	0	5576	0.737582	A=A,B=D,C=C,D=B
8BWL-assembly1.cif	afm_dropout_full_woTemplates_model_3_multimer_v1_pred_16.pdb	0	2421	0.737573	A=A,B=D,C=C,D=B
8BWL-assembly1.cif	afm_dropout_noSM_woTemplates_model_3_multimer_v1_pred_2.pdb	0	4435	0.737522	A=A,B=D,C=C,D=B
8BWL-assembly1.cif	afm_dropout_full_model_4_multimer_v1_pred_21.pdb	0	1623	0.737499	A=C,B=B,C=A,D=D
8BWL-assembly1.cif	afm_dropout_full_model_4_multimer_v1_pred_41.pdb	0	1645	0.737492	A=A,B=B,C=C,D=D
8BWL-assembly1.cif	afm_basic_model_2_multimer_v1_pred_41.pdb	0	238	0.737489	A=C,B=B,C=A,D=D
8BWL-assembly1.cif	afm_dropout_full_model_4_multimer_v1_pred_52.pdb	0	1657	0.737483	A=A,B=B,C=C,D=D
8BWL-assembly1.cif	afm_dropout_full_woTemplates_model_5_multimer_v3_pred_64.pdb	0	3010	0.737481	A=C,B=D,C=A,D=B
8BWL-assembly1.cif	afm_dropout_full_woTemplates_model_1_multimer_v1_pred_36.pdb	0	2041	0.737447	A=C,B=D,C=A,D=B
8BWL-assembly1.cif	afm_dropout_noSM_woTemplates_model_5_multimer_v3_pred_38.pdb	0	4991	0.737441	A=C,B=D,C=A,D=B
8BWL-assembly1.cif	afm_basic_model_2_multimer_v1_pred_19.pdb	0	213	0.737433	A=C,B=B,C=A,D=D
8BWL-assembly1.cif	afm_dropout_full_model_4_multimer_v1_pred_54.pdb	0	1659	0.737424	A=C,B=B,C=A,D=D
8BWL-assembly1.cif	afm_dropout_full_woTemplates_r3_model_3_multimer_v3_pred_14.pdb	0	3558	0.737389	A=A,B=B,C=C,D=D
8BWL-assembly1.cif	afm_dropout_noSM_woTemplates_model_4_multimer_v1_pred_32.pdb	0	4650	0.737382	A=C,B=D,C=A,D=B
8BWL-assembly1.cif	afm_woTemplates_model_3_multimer_v3_pred_28.pdb	0	5583	0.737375	A=A,B=D,C=C,D=B
8BWL-assembly1.cif	afm_basic_model_4_multimer_v1_pred_10.pdb	0	606	0.737334	A=A,B=D,C=C,D=B
8BWL-assembly1.cif	afm_dropout_full_woTemplates_r3_model_1_multimer_v3_pred_46.pdb	0	3191	0.737332	A=C,B=D,C=A,D=B
8BWL-assembly1.cif	afm_woTemplates_model_5_multimer_v3_pred_49.pdb	0	6008	0.737306	A=A,B=D,C=C,D=B
8BWL-assembly1.cif	afm_dropout_full_woTemplates_model_5_multimer_v3_pred_21.pdb	0	2963	0.737273	A=C,B=B,C=A,D=D
8BWL-assembly1.cif	afm_dropout_noSM_woTemplates_model_5_multimer_v3_pred_62.pdb	0	5018	0.737263	A=C,B=D,C=A,D=B
8BWL-assembly1.cif	afm_dropout_noSM_woTemplates_model_1_multimer_v3_pred_57.pdb	0	4208	0.737244	A=C,B=B,C=A,D=D
8BWL-assembly1.cif	afm_basic_model_2_multimer_v1_pred_42.pdb	0	239	0.73722	A=A,B=D,C=C,D=B
8BWL-assembly1.cif	cf_woTemplates_model_5_multimer_v3_pred_45.pdb	0	8014	0.737181	A=A,B=B,C=C,D=D
8BWL-assembly1.cif	afm_woTemplates_model_1_multimer_v1_pred_36.pdb	0	5056	0.737166	A=A,B=D,C=C,D=B
8BWL-assembly1.cif	afm_dropout_full_woTemplates_model_5_multimer_v3_pred_15.pdb	0	2956	0.737166	A=C,B=B,C=A,D=D
8BWL-assembly1.cif	afm_dropout_full_model_5_multimer_v1_pred_20.pdb	0	1823	0.73716	A=A,B=B,C=C,D=D
8BWL-assembly1.cif	afm_dropout_full_woTemplates_model_3_multimer_v3_pred_10.pdb	0	2549	0.737155	A=C,B=B,C=A,D=D
8BWL-assembly1.cif	afm_dropout_full_woTemplates_r3_model_5_multimer_v3_pred_31.pdb	0	3979	0.737153	A=A,B=D,C=C,D=B
8BWL-assembly1.cif	afm_woTemplates_model_3_multimer_v2_pred_15.pdb	0	5502	0.737125	A=C,B=B,C=A,D=D
8BWL-assembly1.cif	afm_dropout_noSM_woTemplates_model_3_multimer_v1_pred_6.pdb	0	4479	0.737104	A=A,B=D,C=C,D=B
8BWL-assembly1.cif	afm_woTemplates_model_2_multimer_v1_pred_32.pdb	0	5253	0.737104	A=A,B=D,C=C,D=B
8BWL-assembly1.cif	afm_dropout_full_woTemplates_r3_model_5_multimer_v3_pred_7.pdb	0	4018	0.737084	A=A,B=B,C=C,D=D
8BWL-assembly1.cif	afm_basic_model_2_multimer_v1_pred_60.pdb	0	259	0.737073	A=C,B=B,C=A,D=D
8BWL-assembly1.cif	afm_dropout_noSM_woTemplates_model_5_multimer_v3_pred_20.pdb	0	4972	0.737073	A=A,B=B,C=C,D=D
8BWL-assembly1.cif	cf_woTemplates_model_5_multimer_v3_pred_10.pdb	0	7976	0.737068	A=A,B=D,C=C,D=B
8BWL-assembly1.cif	afm_dropout_noSM_woTemplates_model_2_multimer_v1_pred_6.pdb	0	4278	0.737039	A=C,B=B,C=A,D=D
8BWL-assembly1.cif	cf_dropout_full_woTemplates_model_3_multimer_v1_pred_26.pdb	0	6452	0.737033	A=C,B=B,C=A,D=D
8BWL-assembly1.cif	afm_dropout_noSM_woTemplates_model_4_multimer_v1_pred_4.pdb	0	4658	0.736983	A=C,B=B,C=A,D=D
8BWL-assembly1.cif	afm_woTemplates_model_4_multimer_v3_pred_14.pdb	0	5769	0.736976	A=C,B=D,C=A,D=B
8BWL-assembly1.cif	cf_woTemplates_model_5_multimer_v3_pred_57.pdb	0	8027	0.736971	A=C,B=B,C=A,D=D
8BWL-assembly1.cif	afm_dropout_noSM_woTemplates_model_2_multimer_v1_pred_39.pdb	0	4255	0.736968	A=A,B=D,C=C,D=B
8BWL-assembly1.cif	cf_dropout_full_woTemplates_model_3_multimer_v1_pred_5.pdb	0	6478	0.736961	A=C,B=B,C=A,D=D
8BWL-assembly1.cif	cf_woTemplates_model_5_multimer_v3_pred_34.pdb	0	8002	0.736943	A=A,B=B,C=C,D=D
8BWL-assembly1.cif	afm_dropout_full_woTemplates_r3_model_2_multimer_v3_pred_28.pdb	0	3372	0.736936	A=C,B=B,C=A,D=D
8BWL-assembly1.cif	afm_dropout_noSM_woTemplates_model_2_multimer_v1_pred_13.pdb	0	4227	0.736912	A=A,B=B,C=C,D=D
8BWL-assembly1.cif	afm_dropout_noSM_woTemplates_model_5_multimer_v3_pred_24.pdb	0	4976	0.736903	A=C,B=D,C=A,D=B
8BWL-assembly1.cif	afm_dropout_full_model_3_multimer_v1_pred_23.pdb	0	1424	0.736898	A=C,B=B,C=A,D=D
8BWL-assembly1.cif	afm_dropout_full_woTemplates_r3_model_5_multimer_v3_pred_65.pdb	0	4016	0.73688	A=A,B=D,C=C,D=B
8BWL-assembly1.cif	afm_dropout_full_woTemplates_model_5_multimer_v3_pred_31.pdb	0	2974	0.73684	A=A,B=D,C=C,D=B
8BWL-assembly1.cif	afm_dropout_full_woTemplates_model_5_multimer_v3_pred_45.pdb	0	2989	0.736838	A=A,B=B,C=C,D=D
8BWL-assembly1.cif	afm_dropout_noSM_woTemplates_model_1_multimer_v3_pred_0.pdb	0	4155	0.736827	A=C,B=B,C=A,D=D
8BWL-assembly1.cif	afm_basic_model_2_multimer_v1_pred_6.pdb	0	258	0.736807	A=A,B=D,C=C,D=B
8BWL-assembly1.cif	afm_woTemplates_model_4_multimer_v3_pred_33.pdb	0	5790	0.736806	A=A,B=D,C=C,D=B
8BWL-assembly1.cif	afm_dropout_full_model_5_multimer_v1_pred_57.pdb	0	1863	0.736793	A=C,B=B,C=A,D=D
8BWL-assembly1.cif	afm_dropout_full_model_2_multimer_v1_pred_37.pdb	0	1238	0.736762	A=A,B=D,C=C,D=B
8BWL-assembly1.cif	afm_basic_model_2_multimer_v1_pred_0.pdb	0	202	0.73676	A=A,B=D,C=C,D=B
8BWL-assembly1.cif	afm_dropout_full_model_3_multimer_v1_pred_14.pdb	0	1414	0.736719	A=C,B=B,C=A,D=D
8BWL-assembly1.cif	afm_woTemplates_model_5_multimer_v3_pred_5.pdb	0	6009	0.736719	A=C,B=D,C=A,D=B
8BWL-assembly1.cif	afm_dropout_full_woTemplates_r3_model_5_multimer_v3_pred_24.pdb	0	3971	0.736714	A=C,B=B,C=A,D=D
8BWL-assembly1.cif	afm_dropout_full_model_4_multimer_v1_pred_16.pdb	0	1617	0.736708	A=A,B=D,C=C,D=B
8BWL-assembly1.cif	afm_dropout_noSM_woTemplates_model_4_multimer_v1_pred_31.pdb	0	4649	0.736694	A=C,B=B,C=A,D=D
8BWL-assembly1.cif	afm_dropout_full_woTemplates_r3_model_1_multimer_v3_pred_1.pdb	0	3151	0.736682	A=A,B=B,C=C,D=D
8BWL-assembly1.cif	afm_dropout_noSM_woTemplates_model_4_multimer_v3_pred_14.pdb	0	4764	0.736667	A=A,B=B,C=C,D=D
8BWL-assembly1.cif	afm_dropout_full_woTemplates_model_3_multimer_v1_pred_9.pdb	0	2479	0.736657	A=C,B=D,C=A,D=B
8BWL-assembly1.cif	afm_dropout_full_woTemplates_model_5_multimer_v3_pred_56.pdb	0	3001	0.736621	A=C,B=D,C=A,D=B
8BWL-assembly1.cif	afm_dropout_full_model_4_multimer_v1_pred_43.pdb	0	1647	0.736621	A=C,B=B,C=A,D=D
8BWL-assembly1.cif	afm_basic_model_2_multimer_v1_pred_31.pdb	0	227	0.736578	A=C,B=B,C=A,D=D
8BWL-assembly1.cif	afm_woTemplates_model_3_multimer_v3_pred_8.pdb	0	5627	0.73657	A=C,B=D,C=A,D=B
8BWL-assembly1.cif	cf_woTemplates_model_3_multimer_v1_pred_24.pdb	0	7455	0.736558	A=C,B=B,C=A,D=D
8BWL-assembly1.cif	afm_basic_model_2_multimer_v1_pred_39.pdb	0	235	0.736557	A=C,B=B,C=A,D=D
8BWL-assembly1.cif	cf_dropout_full_woTemplates_model_1_multimer_v1_pred_25.pdb	0	6049	0.736529	A=A,B=D,C=C,D=B
8BWL-assembly1.cif	afm_dropout_noSM_woTemplates_model_4_multimer_v1_pred_19.pdb	0	4635	0.736526	A=C,B=B,C=A,D=D
8BWL-assembly1.cif	afm_dropout_full_model_3_multimer_v1_pred_15.pdb	0	1415	0.736525	A=A,B=D,C=C,D=B
8BWL-assembly1.cif	afm_dropout_full_woTemplates_r3_model_5_multimer_v3_pred_34.pdb	0	3982	0.736513	A=A,B=B,C=C,D=D
8BWL-assembly1.cif	afm_woTemplates_model_5_multimer_v3_pred_10.pdb	0	5966	0.736511	A=A,B=D,C=C,D=B
8BWL-assembly1.cif	afm_woTemplates_model_5_multimer_v3_pred_62.pdb	0	6023	0.736498	A=A,B=D,C=C,D=B
8BWL-assembly1.cif	afm_dropout_full_woTemplates_r3_model_5_multimer_v3_pred_45.pdb	0	3994	0.736494	A=A,B=B,C=C,D=D
8BWL-assembly1.cif	afm_woTemplates_model_3_multimer_v1_pred_7.pdb	0	5492	0.736482	A=C,B=B,C=A,D=D
8BWL-assembly1.cif	cf_woTemplates_model_5_multimer_v3_pred_26.pdb	0	7993	0.736431	A=A,B=B,C=C,D=D
8BWL-assembly1.cif	afm_woTemplates_model_2_multimer_v1_pred_23.pdb	0	5243	0.736431	A=A,B=D,C=C,D=B
8BWL-assembly1.cif	afm_dropout_full_model_5_multimer_v1_pred_6.pdb	0	1866	0.736428	A=A,B=D,C=C,D=B
8BWL-assembly1.cif	afm_woTemplates_model_4_multimer_v1_pred_22.pdb	0	5644	0.736399	A=C,B=B,C=A,D=D
8BWL-assembly1.cif	afm_dropout_full_woTemplates_model_2_multimer_v3_pred_6.pdb	0	2402	0.736384	A=A,B=B,C=C,D=D
8BWL-assembly1.cif	afm_woTemplates_model_5_multimer_v3_pred_0.pdb	0	5964	0.736369	A=C,B=B,C=A,D=D
8BWL-assembly1.cif	afm_dropout_full_model_5_multimer_v3_pred_45.pdb	0	1984	0.736346	A=A,B=D,C=C,D=B
8BWL-assembly1.cif	afm_dropout_full_model_2_multimer_v1_pred_24.pdb	0	1224	0.736339	A=C,B=B,C=A,D=D
8BWL-assembly1.cif	afm_dropout_full_woTemplates_r3_model_5_multimer_v3_pred_10.pdb	0	3956	0.736334	A=A,B=D,C=C,D=B
8BWL-assembly1.cif	cf_woTemplates_model_3_multimer_v1_pred_21.pdb	0	7452	0.736329	A=A,B=D,C=C,D=B
8BWL-assembly1.cif	afm_dropout_full_woTemplates_model_2_multimer_v2_pred_33.pdb	0	2306	0.736326	A=C,B=B,C=A,D=D
8BWL-assembly1.cif	afm_woTemplates_model_3_multimer_v1_pred_17.pdb	0	5437	0.73627	A=C,B=B,C=A,D=D
8BWL-assembly1.cif	afm_dropout_full_woTemplates_model_5_multimer_v3_pred_51.pdb	0	2996	0.736269	A=C,B=D,C=A,D=B
8BWL-assembly1.cif	cf_dropout_full_woTemplates_model_3_multimer_v1_pred_18.pdb	0	6443	0.736248	A=C,B=B,C=A,D=D
8BWL-assembly1.cif	afm_dropout_noSM_woTemplates_model_4_multimer_v1_pred_41.pdb	0	4660	0.736243	A=C,B=B,C=A,D=D
8BWL-assembly1.cif	afm_dropout_noSM_woTemplates_model_5_multimer_v3_pred_37.pdb	0	4990	0.736227	A=C,B=B,C=A,D=D
8BWL-assembly1.cif	afm_dropout_noSM_woTemplates_model_2_multimer_v1_pred_17.pdb	0	4231	0.736164	A=C,B=D,C=A,D=B
8BWL-assembly1.cif	afm_dropout_full_woTemplates_model_3_multimer_v3_pred_41.pdb	0	2583	0.736143	A=A,B=B,C=C,D=D
8BWL-assembly1.cif	cf_woTemplates_model_5_multimer_v3_pred_25.pdb	0	7992	0.736137	A=A,B=D,C=C,D=B
8BWL-assembly1.cif	afm_dropout_full_woTemplates_r3_model_3_multimer_v2_pred_32.pdb	0	3511	0.736109	A=C,B=B,C=A,D=D
8BWL-assembly1.cif	cf_dropout_full_woTemplates_model_1_multimer_v1_pred_57.pdb	0	6084	0.736102	A=C,B=B,C=A,D=D
8BWL-assembly1.cif	afm_dropout_noSM_woTemplates_model_5_multimer_v3_pred_31.pdb	0	4984	0.736094	A=C,B=B,C=A,D=D
8BWL-assembly1.cif	afm_basic_model_2_multimer_v1_pred_43.pdb	0	240	0.736092	A=C,B=B,C=A,D=D
8BWL-assembly1.cif	afm_dropout_full_woTemplates_model_5_multimer_v3_pred_33.pdb	0	2976	0.736078	A=C,B=D,C=A,D=B
8BWL-assembly1.cif	afm_woTemplates_model_3_multimer_v1_pred_15.pdb	0	5435	0.736057	A=A,B=D,C=C,D=B
8BWL-assembly1.cif	afm_dropout_full_woTemplates_model_5_multimer_v3_pred_12.pdb	0	2953	0.736027	A=C,B=D,C=A,D=B
8BWL-assembly1.cif	afm_woTemplates_model_2_multimer_v3_pred_35.pdb	0	5390	0.736026	A=C,B=D,C=A,D=B
8BWL-assembly1.cif	cf_woTemplates_model_5_multimer_v3_pred_36.pdb	0	8004	0.735997	A=C,B=B,C=A,D=D
8BWL-assembly1.cif	cf_woTemplates_model_5_multimer_v3_pred_15.pdb	0	7981	0.735996	A=A,B=B,C=C,D=D
8BWL-assembly1.cif	afm_dropout_noSM_woTemplates_model_4_multimer_v1_pred_0.pdb	0	4624	0.735961	A=C,B=B,C=A,D=D
8BWL-assembly1.cif	afm_woTemplates_model_5_multimer_v3_pred_35.pdb	0	5993	0.735918	A=A,B=B,C=C,D=D
8BWL-assembly1.cif	afm_dropout_noSM_woTemplates_model_3_multimer_v2_pred_36.pdb	0	4520	0.735893	A=C,B=D,C=A,D=B
8BWL-assembly1.cif	afm_woTemplates_model_3_multimer_v3_pred_57.pdb	0	5615	0.735885	A=C,B=D,C=A,D=B
8BWL-assembly1.cif	afm_dropout_noSM_woTemplates_model_2_multimer_v1_pred_9.pdb	0	4288	0.73587	A=C,B=B,C=A,D=D
8BWL-assembly1.cif	cf_woTemplates_model_5_multimer_v3_pred_63.pdb	0	8034	0.735852	A=A,B=D,C=C,D=B
8BWL-assembly1.cif	afm_dropout_noSM_woTemplates_model_3_multimer_v1_pred_18.pdb	0	4433	0.735837	A=C,B=B,C=A,D=D
8BWL-assembly1.cif	afm_woTemplates_model_3_multimer_v2_pred_27.pdb	0	5515	0.735828	A=A,B=B,C=C,D=D
8BWL-assembly1.cif	afm_dropout_noSM_woTemplates_model_5_multimer_v3_pred_16.pdb	0	4967	0.735824	A=A,B=B,C=C,D=D
8BWL-assembly1.cif	afm_woTemplates_model_5_multimer_v3_pred_30.pdb	0	5988	0.735761	A=A,B=D,C=C,D=B
8BWL-assembly1.cif	cf_woTemplates_model_3_multimer_v1_pred_50.pdb	0	7484	0.735723	A=C,B=B,C=A,D=D
8BWL-assembly1.cif	afm_woTemplates_model_3_multimer_v3_pred_25.pdb	0	5580	0.735713	A=A,B=B,C=C,D=D
8BWL-assembly1.cif	afm_dropout_noSM_woTemplates_model_3_multimer_v1_pred_40.pdb	0	4458	0.735712	A=A,B=D,C=C,D=B
8BWL-assembly1.cif	afm_dropout_full_woTemplates_model_5_multimer_v3_pred_50.pdb	0	2995	0.735708	A=A,B=D,C=C,D=B
8BWL-assembly1.cif	afm_dropout_full_woTemplates_model_2_multimer_v3_pred_63.pdb	0	2406	0.735699	A=C,B=D,C=A,D=B
8BWL-assembly1.cif	afm_dropout_full_woTemplates_model_5_multimer_v3_pred_7.pdb	0	3013	0.735686	A=C,B=D,C=A,D=B
8BWL-assembly1.cif	cf_dropout_full_woTemplates_model_3_multimer_v1_pred_45.pdb	0	6473	0.73567	A=A,B=D,C=C,D=B
8BWL-assembly1.cif	cf_woTemplates_model_3_multimer_v1_pred_59.pdb	0	7493	0.735669	A=C,B=D,C=A,D=B
8BWL-assembly1.cif	afm_basic_model_2_multimer_v1_pred_24.pdb	0	219	0.735658	A=A,B=D,C=C,D=B
8BWL-assembly1.cif	afm_dropout_full_woTemplates_r3_model_2_multimer_v3_pred_35.pdb	0	3380	0.735647	A=A,B=D,C=C,D=B
8BWL-assembly1.cif	afm_dropout_full_model_1_multimer_v1_pred_40.pdb	0	1041	0.735638	A=C,B=D,C=A,D=B
8BWL-assembly1.cif	afm_dropout_noSM_woTemplates_model_5_multimer_v3_pred_32.pdb	0	4985	0.73562	A=C,B=B,C=A,D=D
8BWL-assembly1.cif	afm_dropout_full_woTemplates_model_5_multimer_v3_pred_14.pdb	0	2955	0.735612	A=C,B=B,C=A,D=D
8BWL-assembly1.cif	cf_dropout_full_woTemplates_model_5_multimer_v1_pred_50.pdb	0	6881	0.735608	A=A,B=D,C=C,D=B
8BWL-assembly1.cif	cf_dropout_full_woTemplates_model_5_multimer_v3_pred_22.pdb	0	6984	0.735607	A=A,B=B,C=C,D=D
8BWL-assembly1.cif	cf_dropout_full_woTemplates_model_1_multimer_v1_pred_24.pdb	0	6048	0.735606	A=A,B=D,C=C,D=B
8BWL-assembly1.cif	afm_woTemplates_model_3_multimer_v3_pred_4.pdb	0	5596	0.735602	A=C,B=B,C=A,D=D
8BWL-assembly1.cif	afm_dropout_full_model_2_multimer_v1_pred_1.pdb	0	1208	0.735589	A=A,B=D,C=C,D=B
8BWL-assembly1.cif	afm_woTemplates_model_5_multimer_v3_pred_19.pdb	0	5975	0.735586	A=C,B=D,C=A,D=B
8BWL-assembly1.cif	cf_dropout_full_woTemplates_model_5_multimer_v3_pred_16.pdb	0	6977	0.735585	A=A,B=D,C=C,D=B
8BWL-assembly1.cif	afm_dropout_full_woTemplates_model_4_multimer_v1_pred_64.pdb	0	2675	0.735572	A=A,B=D,C=C,D=B
8BWL-assembly1.cif	cf_woTemplates_model_5_multimer_v3_pred_39.pdb	0	8007	0.735559	A=A,B=D,C=C,D=B
8BWL-assembly1.cif	afm_woTemplates_model_4_multimer_v3_pred_42.pdb	0	5800	0.735547	A=A,B=B,C=C,D=D
8BWL-assembly1.cif	afm_dropout_full_model_5_multimer_v3_pred_8.pdb	0	2009	0.735533	A=A,B=B,C=C,D=D
8BWL-assembly1.cif	afm_dropout_full_woTemplates_model_5_multimer_v3_pred_38.pdb	0	2981	0.735526	A=C,B=D,C=A,D=B
8BWL-assembly1.cif	cf_dropout_full_woTemplates_model_3_multimer_v1_pred_35.pdb	0	6462	0.735483	A=A,B=D,C=C,D=B
8BWL-assembly1.cif	afm_woTemplates_model_3_multimer_v1_pred_32.pdb	0	5454	0.735472	A=C,B=B,C=A,D=D
8BWL-assembly1.cif	afm_dropout_full_model_1_multimer_v1_pred_62.pdb	0	1065	0.735457	A=A,B=D,C=C,D=B
8BWL-assembly1.cif	cf_dropout_full_woTemplates_model_1_multimer_v3_pred_14.pdb	0	6171	0.735447	A=A,B=B,C=C,D=D
8BWL-assembly1.cif	afm_dropout_full_model_2_multimer_v1_pred_65.pdb	0	1269	0.735429	A=A,B=D,C=C,D=B
8BWL-assembly1.cif	afm_dropout_noSM_woTemplates_model_3_multimer_v3_pred_43.pdb	0	4595	0.735422	A=A,B=D,C=C,D=B
8BWL-assembly1.cif	afm_woTemplates_model_5_multimer_v3_pred_13.pdb	0	5969	0.735387	A=C,B=D,C=A,D=B
8BWL-assembly1.cif	afm_woTemplates_model_3_multimer_v3_pred_29.pdb	0	5584	0.735387	A=A,B=D,C=C,D=B
8BWL-assembly1.cif	afm_woTemplates_model_4_multimer_v3_pred_29.pdb	0	5785	0.735371	A=A,B=D,C=C,D=B
8BWL-assembly1.cif	afm_basic_model_5_multimer_v1_pred_34.pdb	0	833	0.735371	A=C,B=B,C=A,D=D
8BWL-assembly1.cif	afm_dropout_full_woTemplates_model_5_multimer_v3_pred_24.pdb	0	2966	0.735361	A=A,B=B,C=C,D=D
8BWL-assembly1.cif	afm_dropout_full_woTemplates_r3_model_5_multimer_v3_pred_48.pdb	0	3997	0.735333	A=A,B=B,C=C,D=D
8BWL-assembly1.cif	afm_woTemplates_model_5_multimer_v3_pred_50.pdb	0	6010	0.735297	A=C,B=B,C=A,D=D
8BWL-assembly1.cif	afm_woTemplates_model_5_multimer_v1_pred_61.pdb	0	5888	0.735281	A=C,B=D,C=A,D=B
8BWL-assembly1.cif	afm_dropout_full_model_2_multimer_v1_pred_30.pdb	0	1231	0.735251	A=A,B=D,C=C,D=B
8BWL-assembly1.cif	cf_woTemplates_model_3_multimer_v1_pred_61.pdb	0	7496	0.735211	A=A,B=D,C=C,D=B
8BWL-assembly1.cif	cf_woTemplates_model_5_multimer_v3_pred_2.pdb	0	7986	0.735209	A=A,B=D,C=C,D=B
8BWL-assembly1.cif	afm_dropout_noSM_woTemplates_model_5_multimer_v1_pred_17.pdb	0	4834	0.735176	A=C,B=B,C=A,D=D
8BWL-assembly1.cif	cf_woTemplates_model_5_multimer_v3_pred_58.pdb	0	8028	0.735165	A=C,B=D,C=A,D=B
8BWL-assembly1.cif	cf_woTemplates_model_5_multimer_v3_pred_28.pdb	0	7995	0.735162	A=C,B=B,C=A,D=D
8BWL-assembly1.cif	afm_dropout_noSM_woTemplates_model_2_multimer_v3_pred_54.pdb	0	4406	0.735135	A=C,B=D,C=A,D=B
8BWL-assembly1.cif	afm_basic_model_2_multimer_v1_pred_15.pdb	0	209	0.735102	A=C,B=B,C=A,D=D
8BWL-assembly1.cif	afm_woTemplates_model_3_multimer_v1_pred_25.pdb	0	5446	0.735087	A=C,B=B,C=A,D=D
8BWL-assembly1.cif	afm_basic_model_5_multimer_v1_pred_2.pdb	0	817	0.735082	A=C,B=B,C=A,D=D
8BWL-assembly1.cif	afm_dropout_noSM_woTemplates_model_5_multimer_v3_pred_11.pdb	0	4962	0.735056	A=A,B=D,C=C,D=B
8BWL-assembly1.cif	afm_woTemplates_model_5_multimer_v3_pred_2.pdb	0	5976	0.73505	A=C,B=D,C=A,D=B
8BWL-assembly1.cif	afm_dropout_noSM_woTemplates_model_3_multimer_v2_pred_10.pdb	0	4492	0.735031	A=C,B=D,C=A,D=B
8BWL-assembly1.cif	afm_dropout_noSM_woTemplates_model_5_multimer_v3_pred_57.pdb	0	5012	0.735027	A=A,B=D,C=C,D=B
8BWL-assembly1.cif	afm_dropout_noSM_woTemplates_model_5_multimer_v3_pred_60.pdb	0	5016	0.735024	A=C,B=B,C=A,D=D
8BWL-assembly1.cif	afm_dropout_full_woTemplates_r3_model_2_multimer_v3_pred_40.pdb	0	3386	0.735023	A=A,B=B,C=C,D=D
8BWL-assembly1.cif	cf_dropout_full_woTemplates_model_2_multimer_v3_pred_13.pdb	0	6371	0.73502	A=C,B=B,C=A,D=D
8BWL-assembly1.cif	afm_dropout_full_woTemplates_r3_model_5_multimer_v3_pred_54.pdb	0	4004	0.735016	A=C,B=D,C=A,D=B
8BWL-assembly1.cif	afm_dropout_full_woTemplates_model_2_multimer_v2_pred_42.pdb	0	2316	0.735002	A=C,B=D,C=A,D=B
8BWL-assembly1.cif	afm_basic_model_5_multimer_v1_pred_36.pdb	0	835	0.735	A=A,B=D,C=C,D=B
8BWL-assembly1.cif	afm_dropout_full_woTemplates_r3_model_2_multimer_v3_pred_5.pdb	0	3396	0.734999	A=A,B=B,C=C,D=D
8BWL-assembly1.cif	afm_dropout_full_woTemplates_model_5_multimer_v3_pred_37.pdb	0	2980	0.734997	A=C,B=B,C=A,D=D
8BWL-assembly1.cif	cf_dropout_full_woTemplates_model_1_multimer_v3_pred_38.pdb	0	6197	0.734976	A=C,B=B,C=A,D=D
8BWL-assembly1.cif	afm_dropout_noSM_woTemplates_model_3_multimer_v1_pred_30.pdb	0	4447	0.734948	A=C,B=B,C=A,D=D
8BWL-assembly1.cif	afm_dropout_full_model_2_multimer_v1_pred_42.pdb	0	1244	0.734946	A=A,B=D,C=C,D=B
8BWL-assembly1.cif	afm_woTemplates_model_3_multimer_v3_pred_39.pdb	0	5595	0.734941	A=A,B=B,C=C,D=D
8BWL-assembly1.cif	afm_dropout_noSM_woTemplates_model_3_multimer_v3_pred_8.pdb	0	4622	0.734932	A=C,B=B,C=A,D=D
8BWL-assembly1.cif	afm_dropout_full_woTemplates_r3_model_5_multimer_v3_pred_50.pdb	0	4000	0.734915	A=A,B=D,C=C,D=B
8BWL-assembly1.cif	afm_woTemplates_model_3_multimer_v2_pred_9.pdb	0	5561	0.734895	A=C,B=D,C=A,D=B
8BWL-assembly1.cif	afm_dropout_full_woTemplates_model_3_multimer_v3_pred_14.pdb	0	2553	0.734882	A=C,B=D,C=A,D=B
8BWL-assembly1.cif	afm_dropout_noSM_woTemplates_model_1_multimer_v1_pred_16.pdb	0	4029	0.734872	A=C,B=D,C=A,D=B
8BWL-assembly1.cif	afm_dropout_full_woTemplates_model_5_multimer_v3_pred_49.pdb	0	2993	0.734866	A=A,B=B,C=C,D=D
8BWL-assembly1.cif	afm_dropout_full_woTemplates_model_2_multimer_v2_pred_0.pdb	0	2279	0.73486	A=C,B=B,C=A,D=D
8BWL-assembly1.cif	afm_woTemplates_model_3_multimer_v3_pred_53.pdb	0	5611	0.734849	A=A,B=B,C=C,D=D
8BWL-assembly1.cif	afm_dropout_full_woTemplates_model_2_multimer_v2_pred_14.pdb	0	2285	0.734848	A=A,B=B,C=C,D=D
8BWL-assembly1.cif	afm_dropout_full_woTemplates_r3_model_2_multimer_v3_pred_64.pdb	0	3412	0.734847	A=C,B=B,C=A,D=D
8BWL-assembly1.cif	afm_dropout_noSM_woTemplates_model_5_multimer_v3_pred_29.pdb	0	4981	0.734826	A=A,B=D,C=C,D=B
8BWL-assembly1.cif	afm_dropout_full_model_2_multimer_v1_pred_36.pdb	0	1237	0.734825	A=A,B=D,C=C,D=B
8BWL-assembly1.cif	afm_dropout_full_woTemplates_r3_model_2_multimer_v1_pred_16.pdb	0	3225	0.734814	A=A,B=D,C=C,D=B
8BWL-assembly1.cif	afm_dropout_noSM_woTemplates_model_5_multimer_v3_pred_13.pdb	0	4964	0.734811	A=C,B=D,C=A,D=B
8BWL-assembly1.cif	afm_dropout_noSM_woTemplates_model_1_multimer_v3_pred_43.pdb	0	4193	0.73481	A=A,B=B,C=C,D=D
8BWL-assembly1.cif	afm_dropout_full_woTemplates_model_5_multimer_v3_pred_4.pdb	0	2983	0.734793	A=A,B=D,C=C,D=B
8BWL-assembly1.cif	afm_dropout_full_woTemplates_r3_model_5_multimer_v3_pred_41.pdb	0	3990	0.734788	A=C,B=D,C=A,D=B
8BWL-assembly1.cif	afm_dropout_full_woTemplates_model_3_multimer_v1_pred_17.pdb	0	2422	0.734775	A=A,B=D,C=C,D=B
8BWL-assembly1.cif	afm_dropout_noSM_woTemplates_model_5_multimer_v3_pred_12.pdb	0	4963	0.734773	A=C,B=B,C=A,D=D
8BWL-assembly1.cif	afm_woTemplates_model_5_multimer_v3_pred_63.pdb	0	6024	0.734758	A=A,B=D,C=C,D=B
8BWL-assembly1.cif	afm_dropout_full_woTemplates_model_2_multimer_v1_pred_60.pdb	0	2269	0.734733	A=C,B=B,C=A,D=D
8BWL-assembly1.cif	cf_woTemplates_model_3_multimer_v1_pred_55.pdb	0	7489	0.73472	A=C,B=B,C=A,D=D
8BWL-assembly1.cif	afm_dropout_full_woTemplates_model_2_multimer_v1_pred_12.pdb	0	2216	0.734717	A=C,B=B,C=A,D=D
8BWL-assembly1.cif	afm_basic_model_2_multimer_v1_pred_17.pdb	0	211	0.73471	A=C,B=B,C=A,D=D
8BWL-assembly1.cif	afm_woTemplates_model_4_multimer_v3_pred_19.pdb	0	5774	0.734694	A=A,B=B,C=C,D=D
8BWL-assembly1.cif	afm_dropout_noSM_woTemplates_model_5_multimer_v3_pred_42.pdb	0	4996	0.734682	A=A,B=D,C=C,D=B
8BWL-assembly1.cif	cf_woTemplates_model_5_multimer_v3_pred_33.pdb	0	8001	0.734667	A=A,B=B,C=C,D=D
8BWL-assembly1.cif	afm_dropout_full_woTemplates_model_4_multimer_v1_pred_53.pdb	0	2663	0.734666	A=A,B=D,C=C,D=B
8BWL-assembly1.cif	afm_dropout_full_woTemplates_model_5_multimer_v3_pred_52.pdb	0	2997	0.734648	A=A,B=B,C=C,D=D
8BWL-assembly1.cif	afm_woTemplates_model_5_multimer_v3_pred_31.pdb	0	5989	0.73462	A=A,B=B,C=C,D=D
8BWL-assembly1.cif	afm_woTemplates_model_3_multimer_v2_pred_47.pdb	0	5537	0.734616	A=A,B=B,C=C,D=D
8BWL-assembly1.cif	afm_dropout_full_woTemplates_r3_model_3_multimer_v3_pred_29.pdb	0	3574	0.734602	A=C,B=B,C=A,D=D
8BWL-assembly1.cif	afm_dropout_noSM_woTemplates_model_4_multimer_v1_pred_65.pdb	0	4686	0.734581	A=C,B=B,C=A,D=D
8BWL-assembly1.cif	cf_dropout_full_woTemplates_model_5_multimer_v3_pred_17.pdb	0	6978	0.734578	A=C,B=B,C=A,D=D
8BWL-assembly1.cif	afm_woTemplates_model_4_multimer_v1_pred_65.pdb	0	5691	0.73456	A=C,B=B,C=A,D=D
8BWL-assembly1.cif	afm_dropout_full_model_5_multimer_v1_pred_40.pdb	0	1845	0.734554	A=A,B=D,C=C,D=B
8BWL-assembly1.cif	afm_dropout_noSM_woTemplates_model_5_multimer_v3_pred_30.pdb	0	4983	0.734548	A=C,B=B,C=A,D=D
8BWL-assembly1.cif	afm_dropout_full_woTemplates_model_3_multimer_v1_pred_51.pdb	0	2460	0.734546	A=C,B=B,C=A,D=D
8BWL-assembly1.cif	cf_woTemplates_model_2_multimer_v3_pred_53.pdb	0	7420	0.734541	A=A,B=B,C=C,D=D
8BWL-assembly1.cif	afm_dropout_full_model_3_multimer_v1_pred_4.pdb	0	1442	0.734532	A=C,B=B,C=A,D=D
8BWL-assembly1.cif	afm_basic_model_4_multimer_v3_pred_3.pdb	0	761	0.734529	A=C,B=D,C=A,D=B
8BWL-assembly1.cif	cf_woTemplates_model_3_multimer_v1_pred_57.pdb	0	7491	0.734528	A=A,B=B,C=C,D=D
8BWL-assembly1.cif	afm_basic_model_2_multimer_v1_pred_57.pdb	0	255	0.73452	A=A,B=D,C=C,D=B
8BWL-assembly1.cif	afm_dropout_full_woTemplates_model_1_multimer_v1_pred_10.pdb	0	2013	0.734516	A=C,B=B,C=A,D=D
8BWL-assembly1.cif	cf_dropout_full_woTemplates_model_5_multimer_v1_pred_27.pdb	0	6855	0.734514	A=A,B=D,C=C,D=B
8BWL-assembly1.cif	afm_dropout_full_woTemplates_model_2_multimer_v1_pred_40.pdb	0	2247	0.734509	A=A,B=B,C=C,D=D
8BWL-assembly1.cif	afm_dropout_full_woTemplates_r3_model_1_multimer_v3_pred_42.pdb	0	3187	0.734508	A=C,B=B,C=A,D=D
8BWL-assembly1.cif	afm_dropout_full_woTemplates_model_3_multimer_v2_pred_46.pdb	0	2521	0.734493	A=C,B=B,C=A,D=D
8BWL-assembly1.cif	cf_woTemplates_model_5_multimer_v3_pred_52.pdb	0	8022	0.734492	A=A,B=B,C=C,D=D
8BWL-assembly1.cif	cf_dropout_full_woTemplates_model_4_multimer_v1_pred_26.pdb	0	6653	0.734473	A=A,B=D,C=C,D=B
8BWL-assembly1.cif	afm_dropout_full_model_2_multimer_v1_pred_62.pdb	0	1266	0.734472	A=A,B=D,C=C,D=B
8BWL-assembly1.cif	afm_basic_model_5_multimer_v1_pred_58.pdb	0	859	0.73444	A=A,B=D,C=C,D=B
8BWL-assembly1.cif	cf_dropout_full_woTemplates_model_1_multimer_v3_pred_22.pdb	0	6180	0.734414	A=C,B=B,C=A,D=D
8BWL-assembly1.cif	afm_dropout_noSM_woTemplates_model_2_multimer_v3_pred_32.pdb	0	4382	0.734409	A=A,B=D,C=C,D=B
8BWL-assembly1.cif	afm_dropout_full_woTemplates_model_3_multimer_v3_pred_64.pdb	0	2608	0.734405	A=C,B=B,C=A,D=D
8BWL-assembly1.cif	afm_dropout_full_woTemplates_model_5_multimer_v3_pred_61.pdb	0	3007	0.734383	A=A,B=B,C=C,D=D
8BWL-assembly1.cif	afm_dropout_noSM_woTemplates_model_2_multimer_v2_pred_55.pdb	0	4340	0.734375	A=A,B=D,C=C,D=B
8BWL-assembly1.cif	afm_woTemplates_model_3_multimer_v2_pred_50.pdb	0	5541	0.734346	A=C,B=D,C=A,D=B
8BWL-assembly1.cif	afm_dropout_noSM_woTemplates_model_3_multimer_v1_pred_7.pdb	0	4487	0.734335	A=A,B=B,C=C,D=D
8BWL-assembly1.cif	afm_dropout_full_woTemplates_model_5_multimer_v3_pred_9.pdb	0	3015	0.734328	A=C,B=D,C=A,D=B
8BWL-assembly1.cif	afm_dropout_full_woTemplates_model_1_multimer_v1_pred_0.pdb	0	2011	0.734325	A=C,B=B,C=A,D=D
8BWL-assembly1.cif	afm_dropout_full_woTemplates_model_4_multimer_v1_pred_38.pdb	0	2646	0.734316	A=C,B=B,C=A,D=D
8BWL-assembly1.cif	afm_woTemplates_model_3_multimer_v2_pred_57.pdb	0	5548	0.734315	A=C,B=D,C=A,D=B
8BWL-assembly1.cif	afm_dropout_full_woTemplates_r3_model_2_multimer_v3_pred_38.pdb	0	3383	0.734314	A=A,B=B,C=C,D=D
8BWL-assembly1.cif	afm_dropout_noSM_woTemplates_model_5_multimer_v3_pred_53.pdb	0	5008	0.734303	A=A,B=D,C=C,D=B
8BWL-assembly1.cif	afm_dropout_noSM_woTemplates_model_4_multimer_v1_pred_61.pdb	0	4682	0.734287	A=A,B=D,C=C,D=B
8BWL-assembly1.cif	afm_dropout_full_woTemplates_r3_model_5_multimer_v3_pred_64.pdb	0	4015	0.734245	A=A,B=D,C=C,D=B
8BWL-assembly1.cif	cf_dropout_full_woTemplates_model_3_multimer_v1_pred_20.pdb	0	6446	0.73424	A=C,B=B,C=A,D=D
8BWL-assembly1.cif	afm_dropout_full_model_4_multimer_v1_pred_33.pdb	0	1636	0.734229	A=C,B=B,C=A,D=D
8BWL-assembly1.cif	afm_dropout_full_model_4_multimer_v1_pred_7.pdb	0	1673	0.73422	A=A,B=D,C=C,D=B
8BWL-assembly1.cif	cf_dropout_full_woTemplates_model_1_multimer_v3_pred_23.pdb	0	6181	0.734194	A=C,B=B,C=A,D=D
8BWL-assembly1.cif	afm_dropout_full_woTemplates_model_4_multimer_v3_pred_33.pdb	0	2775	0.734185	A=C,B=B,C=A,D=D
8BWL-assembly1.cif	afm_dropout_full_woTemplates_model_3_multimer_v2_pred_18.pdb	0	2490	0.734185	A=A,B=D,C=C,D=B
8BWL-assembly1.cif	afm_dropout_noSM_woTemplates_model_3_multimer_v2_pred_25.pdb	0	4508	0.734173	A=C,B=B,C=A,D=D
8BWL-assembly1.cif	afm_dropout_noSM_woTemplates_model_1_multimer_v1_pred_41.pdb	0	4057	0.734162	A=A,B=D,C=C,D=B
8BWL-assembly1.cif	cf_woTemplates_model_5_multimer_v3_pred_47.pdb	0	8016	0.73415	A=C,B=B,C=A,D=D
8BWL-assembly1.cif	afm_dropout_full_woTemplates_model_3_multimer_v2_pred_20.pdb	0	2493	0.734138	A=C,B=B,C=A,D=D
8BWL-assembly1.cif	afm_dropout_full_woTemplates_r3_model_3_multimer_v2_pred_5.pdb	0	3530	0.734136	A=A,B=B,C=C,D=D
8BWL-assembly1.cif	afm_woTemplates_model_5_multimer_v3_pred_53.pdb	0	6013	0.734131	A=C,B=B,C=A,D=D
8BWL-assembly1.cif	afm_dropout_full_woTemplates_r3_model_2_multimer_v3_pred_59.pdb	0	3406	0.734112	A=C,B=B,C=A,D=D
8BWL-assembly1.cif	afm_dropout_noSM_woTemplates_model_5_multimer_v3_pred_0.pdb	0	4959	0.734092	A=A,B=D,C=C,D=B
8BWL-assembly1.cif	afm_woTemplates_model_3_multimer_v3_pred_34.pdb	0	5590	0.734082	A=C,B=D,C=A,D=B
8BWL-assembly1.cif	afm_dropout_noSM_woTemplates_model_5_multimer_v3_pred_23.pdb	0	4975	0.734082	A=C,B=B,C=A,D=D
8BWL-assembly1.cif	afm_woTemplates_model_5_multimer_v3_pred_28.pdb	0	5985	0.734079	A=A,B=B,C=C,D=D
8BWL-assembly1.cif	afm_dropout_full_model_4_multimer_v1_pred_51.pdb	0	1656	0.734072	A=C,B=D,C=A,D=B
8BWL-assembly1.cif	afm_dropout_full_model_2_multimer_v1_pred_12.pdb	0	1211	0.734069	A=A,B=D,C=C,D=B
8BWL-assembly1.cif	afm_dropout_full_woTemplates_model_3_multimer_v1_pred_24.pdb	0	2430	0.734062	A=A,B=D,C=C,D=B
8BWL-assembly1.cif	afm_dropout_full_woTemplates_model_3_multimer_v2_pred_66.pdb	0	2543	0.734012	A=C,B=B,C=A,D=D
8BWL-assembly1.cif	afm_woTemplates_model_5_multimer_v3_pred_41.pdb	0	6000	0.734012	A=C,B=D,C=A,D=B
8BWL-assembly1.cif	afm_woTemplates_model_3_multimer_v3_pred_5.pdb	0	5607	0.733998	A=A,B=B,C=C,D=D
8BWL-assembly1.cif	cf_woTemplates_model_5_multimer_v3_pred_46.pdb	0	8015	0.733954	A=A,B=B,C=C,D=D
8BWL-assembly1.cif	afm_dropout_full_woTemplates_model_4_multimer_v1_pred_23.pdb	0	2630	0.73395	A=C,B=B,C=A,D=D
8BWL-assembly1.cif	afm_dropout_full_model_3_multimer_v1_pred_10.pdb	0	1410	0.73394	A=C,B=D,C=A,D=B
8BWL-assembly1.cif	cf_woTemplates_model_5_multimer_v3_pred_22.pdb	0	7989	0.733929	A=A,B=D,C=C,D=B
8BWL-assembly1.cif	afm_dropout_full_model_4_multimer_v1_pred_62.pdb	0	1668	0.733915	A=A,B=B,C=C,D=D
8BWL-assembly1.cif	afm_dropout_full_woTemplates_model_3_multimer_v2_pred_27.pdb	0	2500	0.733907	A=C,B=B,C=A,D=D
8BWL-assembly1.cif	afm_dropout_noSM_woTemplates_model_4_multimer_v3_pred_7.pdb	0	4822	0.733904	A=C,B=B,C=A,D=D
8BWL-assembly1.cif	afm_dropout_full_model_2_multimer_v2_pred_40.pdb	0	1309	0.733887	A=A,B=B,C=C,D=D
8BWL-assembly1.cif	afm_woTemplates_model_3_multimer_v3_pred_30.pdb	0	5586	0.733885	A=A,B=D,C=C,D=B
8BWL-assembly1.cif	cf_dropout_full_woTemplates_model_1_multimer_v1_pred_44.pdb	0	6070	0.733879	A=A,B=D,C=C,D=B
8BWL-assembly1.cif	afm_dropout_full_model_1_multimer_v1_pred_42.pdb	0	1043	0.733878	A=A,B=D,C=C,D=B
8BWL-assembly1.cif	afm_woTemplates_model_5_multimer_v3_pred_57.pdb	0	6017	0.733872	A=A,B=B,C=C,D=D
8BWL-assembly1.cif	afm_dropout_full_model_2_multimer_v1_pred_22.pdb	0	1222	0.733859	A=A,B=D,C=C,D=B
8BWL-assembly1.cif	afm_dropout_noSM_woTemplates_model_2_multimer_v2_pred_1.pdb	0	4290	0.733858	A=C,B=D,C=A,D=B
8BWL-assembly1.cif	afm_dropout_full_woTemplates_model_4_multimer_v1_pred_52.pdb	0	2662	0.733858	A=A,B=D,C=C,D=B
8BWL-assembly1.cif	afm_dropout_full_woTemplates_model_3_multimer_v1_pred_64.pdb	0	2474	0.733852	A=A,B=D,C=C,D=B
8BWL-assembly1.cif	afm_woTemplates_model_3_multimer_v3_pred_1.pdb	0	5563	0.73385	A=A,B=B,C=C,D=D
8BWL-assembly1.cif	afm_dropout_noSM_woTemplates_model_2_multimer_v3_pred_52.pdb	0	4404	0.733843	A=A,B=B,C=C,D=D
8BWL-assembly1.cif	afm_woTemplates_model_1_multimer_v3_pred_48.pdb	0	5203	0.733839	A=C,B=D,C=A,D=B
8BWL-assembly1.cif	afm_dropout_full_woTemplates_model_3_multimer_v2_pred_9.pdb	0	2546	0.733835	A=C,B=B,C=A,D=D
8BWL-assembly1.cif	afm_dropout_full_model_1_multimer_v1_pred_37.pdb	0	1037	0.733825	A=C,B=D,C=A,D=B
8BWL-assembly1.cif	afm_woTemplates_model_5_multimer_v3_pred_65.pdb	0	6026	0.733817	A=A,B=B,C=C,D=D
8BWL-assembly1.cif	cf_woTemplates_model_5_multimer_v3_pred_1.pdb	0	7975	0.73381	A=A,B=B,C=C,D=D
8BWL-assembly1.cif	afm_dropout_full_model_5_multimer_v3_pred_49.pdb	0	1988	0.733797	A=C,B=B,C=A,D=D
8BWL-assembly1.cif	afm_dropout_full_woTemplates_model_1_multimer_v3_pred_2.pdb	0	2157	0.733786	A=A,B=B,C=C,D=D
8BWL-assembly1.cif	afm_basic_model_2_multimer_v1_pred_30.pdb	0	226	0.733772	A=C,B=B,C=A,D=D
8BWL-assembly1.cif	cf_woTemplates_model_3_multimer_v1_pred_14.pdb	0	7444	0.733769	A=C,B=B,C=A,D=D
8BWL-assembly1.cif	afm_dropout_full_woTemplates_r3_model_4_multimer_v3_pred_58.pdb	0	3807	0.733769	A=C,B=B,C=A,D=D
8BWL-assembly1.cif	afm_dropout_noSM_woTemplates_model_3_multimer_v3_pred_47.pdb	0	4599	0.733755	A=C,B=B,C=A,D=D
8BWL-assembly1.cif	afm_dropout_full_woTemplates_model_5_multimer_v3_pred_41.pdb	0	2985	0.733739	A=A,B=D,C=C,D=B
8BWL-assembly1.cif	afm_woTemplates_model_2_multimer_v1_pred_45.pdb	0	5267	0.733734	A=A,B=D,C=C,D=B
8BWL-assembly1.cif	afm_woTemplates_model_3_multimer_v1_pred_28.pdb	0	5449	0.733723	A=A,B=B,C=C,D=D
8BWL-assembly1.cif	afm_woTemplates_model_4_multimer_v3_pred_66.pdb	0	5826	0.733722	A=A,B=B,C=C,D=D
8BWL-assembly1.cif	cf_dropout_full_woTemplates_model_5_multimer_v3_pred_65.pdb	0	7031	0.733716	A=A,B=B,C=C,D=D
8BWL-assembly1.cif	afm_dropout_noSM_woTemplates_model_1_multimer_v1_pred_15.pdb	0	4028	0.733704	A=C,B=B,C=A,D=D
8BWL-assembly1.cif	afm_dropout_full_woTemplates_r3_model_4_multimer_v3_pred_56.pdb	0	3805	0.733687	A=A,B=B,C=C,D=D
8BWL-assembly1.cif	afm_dropout_noSM_woTemplates_model_4_multimer_v3_pred_54.pdb	0	4808	0.73368	A=C,B=D,C=A,D=B
8BWL-assembly1.cif	afm_dropout_noSM_woTemplates_model_3_multimer_v1_pred_16.pdb	0	4431	0.73367	A=C,B=B,C=A,D=D
8BWL-assembly1.cif	afm_dropout_noSM_woTemplates_model_3_multimer_v2_pred_15.pdb	0	4497	0.733662	A=A,B=D,C=C,D=B
8BWL-assembly1.cif	afm_dropout_full_woTemplates_model_3_multimer_v3_pred_2.pdb	0	2559	0.733651	A=C,B=B,C=A,D=D
8BWL-assembly1.cif	afm_woTemplates_model_4_multimer_v3_pred_8.pdb	0	5828	0.73364	A=C,B=B,C=A,D=D
8BWL-assembly1.cif	afm_dropout_noSM_woTemplates_model_4_multimer_v3_pred_40.pdb	0	4793	0.733621	A=C,B=D,C=A,D=B
8BWL-assembly1.cif	afm_dropout_full_model_2_multimer_v1_pred_2.pdb	0	1219	0.73362	A=A,B=D,C=C,D=B
8BWL-assembly1.cif	afm_woTemplates_model_3_multimer_v3_pred_26.pdb	0	5581	0.733613	A=A,B=D,C=C,D=B
8BWL-assembly1.cif	afm_dropout_noSM_woTemplates_model_3_multimer_v2_pred_32.pdb	0	4516	0.733597	A=C,B=D,C=A,D=B
8BWL-assembly1.cif	cf_dropout_full_woTemplates_model_5_multimer_v3_pred_13.pdb	0	6974	0.733585	A=C,B=B,C=A,D=D
8BWL-assembly1.cif	afm_dropout_full_woTemplates_model_3_multimer_v3_pred_9.pdb	0	2613	0.73358	A=A,B=B,C=C,D=D
8BWL-assembly1.cif	cf_woTemplates_model_1_multimer_v3_pred_39.pdb	0	7203	0.733565	A=A,B=D,C=C,D=B
8BWL-assembly1.cif	afm_basic_model_5_multimer_v1_pred_17.pdb	0	814	0.733557	A=A,B=D,C=C,D=B
8BWL-assembly1.cif	afm_dropout_full_woTemplates_r3_model_2_multimer_v3_pred_60.pdb	0	3408	0.733555	A=C,B=B,C=A,D=D
8BWL-assembly1.cif	cf_woTemplates_model_5_multimer_v3_pred_60.pdb	0	8031	0.733543	A=A,B=B,C=C,D=D
8BWL-assembly1.cif	afm_dropout_full_woTemplates_model_1_multimer_v3_pred_62.pdb	0	2204	0.733517	A=A,B=B,C=C,D=D
8BWL-assembly1.cif	afm_woTemplates_model_5_multimer_v3_pred_8.pdb	0	6029	0.733514	A=A,B=D,C=C,D=B
8BWL-assembly1.cif	afm_dropout_noSM_woTemplates_model_3_multimer_v1_pred_54.pdb	0	4473	0.733502	A=C,B=B,C=A,D=D
8BWL-assembly1.cif	afm_basic_model_2_multimer_v1_pred_32.pdb	0	228	0.733485	A=C,B=B,C=A,D=D
8BWL-assembly1.cif	afm_dropout_full_woTemplates_model_3_multimer_v2_pred_48.pdb	0	2523	0.73348	A=A,B=B,C=C,D=D
8BWL-assembly1.cif	afm_woTemplates_model_4_multimer_v3_pred_12.pdb	0	5767	0.733464	A=A,B=D,C=C,D=B
8BWL-assembly1.cif	afm_dropout_full_model_1_multimer_v1_pred_38.pdb	0	1038	0.733463	A=A,B=D,C=C,D=B
8BWL-assembly1.cif	afm_basic_model_2_multimer_v1_pred_40.pdb	0	237	0.733448	A=C,B=B,C=A,D=D
8BWL-assembly1.cif	afm_dropout_noSM_woTemplates_model_2_multimer_v2_pred_19.pdb	0	4300	0.733432	A=A,B=B,C=C,D=D
8BWL-assembly1.cif	afm_basic_model_3_multimer_v1_pred_27.pdb	0	423	0.733424	A=A,B=B,C=C,D=D
8BWL-assembly1.cif	afm_dropout_full_model_5_multimer_v1_pred_51.pdb	0	1857	0.733421	A=C,B=B,C=A,D=D
8BWL-assembly1.cif	afm_dropout_noSM_woTemplates_model_4_multimer_v3_pred_1.pdb	0	4759	0.733421	A=A,B=D,C=C,D=B
8BWL-assembly1.cif	afm_basic_model_2_multimer_v1_pred_66.pdb	0	265	0.733406	A=C,B=B,C=A,D=D
8BWL-assembly1.cif	afm_dropout_full_model_5_multimer_v1_pred_52.pdb	0	1858	0.733387	A=C,B=B,C=A,D=D
8BWL-assembly1.cif	afm_dropout_noSM_woTemplates_model_3_multimer_v2_pred_16.pdb	0	4498	0.733366	A=A,B=D,C=C,D=B
8BWL-assembly1.cif	afm_basic_model_5_multimer_v1_pred_3.pdb	0	828	0.733343	A=C,B=B,C=A,D=D
8BWL-assembly1.cif	afm_dropout_full_woTemplates_r3_model_5_multimer_v3_pred_52.pdb	0	4002	0.733336	A=A,B=D,C=C,D=B
8BWL-assembly1.cif	afm_woTemplates_model_3_multimer_v3_pred_47.pdb	0	5604	0.733312	A=C,B=B,C=A,D=D
8BWL-assembly1.cif	afm_basic_model_2_multimer_v1_pred_61.pdb	0	260	0.733292	A=A,B=D,C=C,D=B
8BWL-assembly1.cif	afm_woTemplates_model_4_multimer_v3_pred_31.pdb	0	5788	0.733281	A=C,B=B,C=A,D=D
8BWL-assembly1.cif	afm_dropout_full_woTemplates_model_3_multimer_v2_pred_1.pdb	0	2481	0.733272	A=A,B=D,C=C,D=B
8BWL-assembly1.cif	afm_dropout_noSM_woTemplates_model_3_multimer_v2_pred_52.pdb	0	4538	0.733263	A=C,B=D,C=A,D=B
8BWL-assembly1.cif	afm_basic_model_4_multimer_v1_pred_11.pdb	0	607	0.733235	A=A,B=B,C=C,D=D
8BWL-assembly1.cif	cf_woTemplates_model_1_multimer_v3_pred_47.pdb	0	7212	0.73322	A=A,B=D,C=C,D=B
8BWL-assembly1.cif	afm_dropout_full_woTemplates_model_1_multimer_v3_pred_65.pdb	0	2207	0.73321	A=C,B=D,C=A,D=B
8BWL-assembly1.cif	cf_woTemplates_model_5_multimer_v3_pred_27.pdb	0	7994	0.733196	A=A,B=D,C=C,D=B
8BWL-assembly1.cif	afm_dropout_full_woTemplates_model_1_multimer_v1_pred_64.pdb	0	2072	0.733179	A=C,B=B,C=A,D=D
8BWL-assembly1.cif	cf_woTemplates_model_5_multimer_v3_pred_62.pdb	0	8033	0.733175	A=C,B=B,C=A,D=D
8BWL-assembly1.cif	afm_woTemplates_model_4_multimer_v3_pred_54.pdb	0	5813	0.733167	A=A,B=D,C=C,D=B
8BWL-assembly1.cif	afm_dropout_full_woTemplates_model_5_multimer_v3_pred_23.pdb	0	2965	0.733165	A=A,B=D,C=C,D=B
8BWL-assembly1.cif	cf_woTemplates_model_4_multimer_v1_pred_63.pdb	0	7699	0.733152	A=C,B=B,C=A,D=D
8BWL-assembly1.cif	cf_dropout_full_woTemplates_model_3_multimer_v1_pred_61.pdb	0	6491	0.733128	A=A,B=D,C=C,D=B
8BWL-assembly1.cif	afm_woTemplates_model_4_multimer_v3_pred_51.pdb	0	5810	0.733127	A=C,B=B,C=A,D=D
8BWL-assembly1.cif	cf_dropout_full_woTemplates_model_5_multimer_v3_pred_66.pdb	0	7032	0.733117	A=A,B=B,C=C,D=D
8BWL-assembly1.cif	afm_dropout_full_model_5_multimer_v3_pred_59.pdb	0	1999	0.733114	A=C,B=D,C=A,D=B
8BWL-assembly1.cif	afm_dropout_noSM_woTemplates_model_4_multimer_v3_pred_63.pdb	0	4818	0.733109	A=A,B=D,C=C,D=B
8BWL-assembly1.cif	afm_dropout_full_model_5_multimer_v3_pred_13.pdb	0	1949	0.733102	A=C,B=B,C=A,D=D
8BWL-assembly1.cif	afm_dropout_full_model_5_multimer_v1_pred_5.pdb	0	1855	0.733099	A=A,B=D,C=C,D=B
8BWL-assembly1.cif	afm_dropout_full_woTemplates_r3_model_1_multimer_v3_pred_31.pdb	0	3175	0.733092	A=C,B=B,C=A,D=D
8BWL-assembly1.cif	afm_dropout_full_woTemplates_model_3_multimer_v3_pred_42.pdb	0	2584	0.733092	A=C,B=B,C=A,D=D
8BWL-assembly1.cif	afm_dropout_noSM_woTemplates_model_5_multimer_v3_pred_40.pdb	0	4994	0.733081	A=C,B=B,C=A,D=D
8BWL-assembly1.cif	cf_dropout_full_woTemplates_model_5_multimer_v3_pred_43.pdb	0	7007	0.73307	A=A,B=B,C=C,D=D
8BWL-assembly1.cif	cf_dropout_full_woTemplates_model_1_multimer_v1_pred_47.pdb	0	6073	0.733065	A=A,B=D,C=C,D=B
8BWL-assembly1.cif	afm_dropout_full_woTemplates_model_5_multimer_v3_pred_5.pdb	0	2994	0.733063	A=C,B=D,C=A,D=B
8BWL-assembly1.cif	afm_dropout_full_woTemplates_model_5_multimer_v3_pred_40.pdb	0	2984	0.733061	A=C,B=D,C=A,D=B
8BWL-assembly1.cif	afm_basic_model_2_multimer_v1_pred_27.pdb	0	222	0.733024	A=A,B=D,C=C,D=B
8BWL-assembly1.cif	afm_dropout_full_model_4_multimer_v1_pred_64.pdb	0	1670	0.733023	A=C,B=D,C=A,D=B
8BWL-assembly1.cif	afm_dropout_noSM_woTemplates_model_2_multimer_v3_pred_4.pdb	0	4390	0.733021	A=A,B=D,C=C,D=B
8BWL-assembly1.cif	cf_dropout_full_woTemplates_model_1_multimer_v1_pred_32.pdb	0	6057	0.733012	A=A,B=D,C=C,D=B
8BWL-assembly1.cif	afm_basic_model_5_multimer_v3_pred_53.pdb	0	988	0.733003	A=C,B=B,C=A,D=D
8BWL-assembly1.cif	cf_woTemplates_model_5_multimer_v3_pred_24.pdb	0	7991	0.732982	A=A,B=B,C=C,D=D
8BWL-assembly1.cif	cf_woTemplates_model_3_multimer_v2_pred_5.pdb	0	7550	0.732982	A=A,B=B,C=C,D=D
8BWL-assembly1.cif	cf_woTemplates_model_5_multimer_v3_pred_4.pdb	0	8008	0.732975	A=C,B=D,C=A,D=B
8BWL-assembly1.cif	afm_woTemplates_model_2_multimer_v1_pred_39.pdb	0	5260	0.732948	A=C,B=B,C=A,D=D
8BWL-assembly1.cif	cf_woTemplates_model_3_multimer_v1_pred_49.pdb	0	7482	0.73294	A=A,B=D,C=C,D=B
8BWL-assembly1.cif	afm_dropout_full_woTemplates_model_5_multimer_v3_pred_36.pdb	0	2979	0.732938	A=A,B=D,C=C,D=B
8BWL-assembly1.cif	afm_dropout_full_model_1_multimer_v1_pred_0.pdb	0	1006	0.732934	A=A,B=D,C=C,D=B
8BWL-assembly1.cif	cf_dropout_full_woTemplates_model_2_multimer_v3_pred_63.pdb	0	6426	0.732934	A=C,B=B,C=A,D=D
8BWL-assembly1.cif	afm_dropout_full_model_5_multimer_v3_pred_66.pdb	0	2007	0.732933	A=A,B=D,C=C,D=B
8BWL-assembly1.cif	cf_woTemplates_model_5_multimer_v3_pred_9.pdb	0	8040	0.732931	A=A,B=B,C=C,D=D
8BWL-assembly1.cif	afm_woTemplates_model_3_multimer_v3_pred_27.pdb	0	5582	0.732915	A=C,B=D,C=A,D=B
8BWL-assembly1.cif	afm_dropout_full_woTemplates_r3_model_5_multimer_v3_pred_23.pdb	0	3970	0.732914	A=C,B=D,C=A,D=B
8BWL-assembly1.cif	afm_dropout_full_model_4_multimer_v1_pred_53.pdb	0	1658	0.732911	A=A,B=D,C=C,D=B
8BWL-assembly1.cif	cf_woTemplates_model_3_multimer_v1_pred_16.pdb	0	7446	0.732908	A=C,B=B,C=A,D=D
8BWL-assembly1.cif	afm_dropout_full_woTemplates_model_4_multimer_v3_pred_57.pdb	0	2801	0.732904	A=C,B=D,C=A,D=B
8BWL-assembly1.cif	afm_basic_model_4_multimer_v1_pred_19.pdb	0	615	0.732901	A=C,B=B,C=A,D=D
8BWL-assembly1.cif	cf_dropout_full_woTemplates_model_3_multimer_v1_pred_11.pdb	0	6436	0.732882	A=A,B=D,C=C,D=B
8BWL-assembly1.cif	afm_woTemplates_model_5_multimer_v3_pred_46.pdb	0	6005	0.732875	A=C,B=D,C=A,D=B
8BWL-assembly1.cif	cf_dropout_full_woTemplates_model_3_multimer_v1_pred_48.pdb	0	6476	0.732875	A=A,B=D,C=C,D=B
8BWL-assembly1.cif	afm_basic_model_2_multimer_v1_pred_29.pdb	0	224	0.732871	A=C,B=B,C=A,D=D
8BWL-assembly1.cif	afm_basic_model_5_multimer_v1_pred_4.pdb	0	839	0.732865	A=A,B=D,C=C,D=B
8BWL-assembly1.cif	afm_dropout_noSM_woTemplates_model_3_multimer_v2_pred_31.pdb	0	4515	0.732852	A=C,B=D,C=A,D=B
8BWL-assembly1.cif	afm_dropout_full_woTemplates_model_5_multimer_v3_pred_43.pdb	0	2987	0.732848	A=A,B=D,C=C,D=B
8BWL-assembly1.cif	afm_dropout_full_model_3_multimer_v1_pred_58.pdb	0	1462	0.732817	A=A,B=D,C=C,D=B
8BWL-assembly1.cif	cf_woTemplates_model_5_multimer_v1_pred_47.pdb	0	7882	0.73281	A=C,B=D,C=A,D=B
8BWL-assembly1.cif	afm_dropout_full_model_1_multimer_v1_pred_29.pdb	0	1028	0.732805	A=A,B=D,C=C,D=B
8BWL-assembly1.cif	afm_basic_model_5_multimer_v3_pred_27.pdb	0	959	0.732795	A=C,B=B,C=A,D=D
8BWL-assembly1.cif	afm_dropout_noSM_woTemplates_model_3_multimer_v3_pred_22.pdb	0	4572	0.732773	A=A,B=D,C=C,D=B
8BWL-assembly1.cif	afm_dropout_full_model_2_multimer_v2_pred_48.pdb	0	1317	0.732766	A=C,B=B,C=A,D=D
8BWL-assembly1.cif	afm_dropout_full_model_1_multimer_v1_pred_6.pdb	0	1062	0.73276	A=C,B=B,C=A,D=D
8BWL-assembly1.cif	afm_dropout_full_model_3_multimer_v1_pred_61.pdb	0	1466	0.732757	A=C,B=B,C=A,D=D
8BWL-assembly1.cif	afm_woTemplates_model_1_multimer_v3_pred_41.pdb	0	5196	0.732723	A=C,B=B,C=A,D=D
8BWL-assembly1.cif	afm_woTemplates_model_4_multimer_v3_pred_28.pdb	0	5784	0.732719	A=C,B=D,C=A,D=B
8BWL-assembly1.cif	afm_dropout_full_woTemplates_model_2_multimer_v2_pred_16.pdb	0	2287	0.732713	A=C,B=D,C=A,D=B
8BWL-assembly1.cif	afm_dropout_full_woTemplates_model_5_multimer_v3_pred_65.pdb	0	3011	0.732698	A=A,B=D,C=C,D=B
8BWL-assembly1.cif	afm_dropout_full_model_3_multimer_v1_pred_7.pdb	0	1472	0.732686	A=C,B=D,C=A,D=B
8BWL-assembly1.cif	afm_dropout_full_model_2_multimer_v1_pred_45.pdb	0	1247	0.732684	A=A,B=D,C=C,D=B
8BWL-assembly1.cif	afm_woTemplates_model_3_multimer_v3_pred_16.pdb	0	5570	0.732682	A=C,B=B,C=A,D=D
8BWL-assembly1.cif	afm_basic_model_2_multimer_v1_pred_34.pdb	0	230	0.732659	A=C,B=B,C=A,D=D
8BWL-assembly1.cif	afm_dropout_full_woTemplates_model_3_multimer_v1_pred_3.pdb	0	2436	0.732656	A=A,B=B,C=C,D=D
8BWL-assembly1.cif	afm_woTemplates_model_3_multimer_v2_pred_23.pdb	0	5511	0.732644	A=A,B=B,C=C,D=D
8BWL-assembly1.cif	cf_woTemplates_model_4_multimer_v3_pred_17.pdb	0	7782	0.73264	A=C,B=B,C=A,D=D
8BWL-assembly1.cif	afm_dropout_noSM_woTemplates_model_4_multimer_v1_pred_24.pdb	0	4641	0.732636	A=C,B=B,C=A,D=D
8BWL-assembly1.cif	afm_dropout_full_woTemplates_model_5_multimer_v3_pred_57.pdb	0	3002	0.732615	A=A,B=B,C=C,D=D
8BWL-assembly1.cif	afm_dropout_full_model_2_multimer_v3_pred_66.pdb	0	1404	0.73261	A=A,B=B,C=C,D=D
8BWL-assembly1.cif	afm_dropout_full_model_4_multimer_v1_pred_32.pdb	0	1635	0.732605	A=C,B=B,C=A,D=D
8BWL-assembly1.cif	afm_woTemplates_model_2_multimer_v1_pred_59.pdb	0	5282	0.732602	A=C,B=B,C=A,D=D
8BWL-assembly1.cif	afm_woTemplates_model_3_multimer_v3_pred_22.pdb	0	5577	0.732593	A=A,B=D,C=C,D=B
8BWL-assembly1.cif	afm_dropout_full_model_3_multimer_v1_pred_6.pdb	0	1464	0.732565	A=A,B=D,C=C,D=B
8BWL-assembly1.cif	afm_dropout_full_woTemplates_model_3_multimer_v2_pred_5.pdb	0	2525	0.73256	A=A,B=B,C=C,D=D
8BWL-assembly1.cif	afm_dropout_full_woTemplates_model_4_multimer_v3_pred_0.pdb	0	2748	0.732548	A=C,B=D,C=A,D=B
8BWL-assembly1.cif	afm_dropout_full_woTemplates_r3_model_4_multimer_v3_pred_30.pdb	0	3777	0.732537	A=A,B=B,C=C,D=D
8BWL-assembly1.cif	afm_dropout_full_woTemplates_model_5_multimer_v3_pred_30.pdb	0	2973	0.732534	A=A,B=B,C=C,D=D
8BWL-assembly1.cif	afm_dropout_full_model_5_multimer_v3_pred_48.pdb	0	1987	0.732499	A=C,B=B,C=A,D=D
8BWL-assembly1.cif	afm_dropout_full_woTemplates_model_3_multimer_v1_pred_25.pdb	0	2431	0.732489	A=A,B=B,C=C,D=D
8BWL-assembly1.cif	afm_dropout_full_model_2_multimer_v1_pred_59.pdb	0	1262	0.732474	A=C,B=B,C=A,D=D
8BWL-assembly1.cif	cf_dropout_full_woTemplates_model_3_multimer_v1_pred_6.pdb	0	6489	0.732442	A=A,B=D,C=C,D=B
8BWL-assembly1.cif	cf_dropout_full_woTemplates_model_5_multimer_v3_pred_18.pdb	0	6979	0.732438	A=C,B=B,C=A,D=D
8BWL-assembly1.cif	afm_dropout_full_woTemplates_model_5_multimer_v3_pred_55.pdb	0	3000	0.732436	A=C,B=D,C=A,D=B
8BWL-assembly1.cif	afm_dropout_full_woTemplates_model_4_multimer_v3_pred_55.pdb	0	2799	0.732425	A=C,B=B,C=A,D=D
8BWL-assembly1.cif	afm_dropout_full_woTemplates_model_3_multimer_v2_pred_23.pdb	0	2496	0.732408	A=A,B=B,C=C,D=D
8BWL-assembly1.cif	afm_dropout_noSM_woTemplates_model_4_multimer_v3_pred_60.pdb	0	4815	0.732404	A=C,B=B,C=A,D=D
8BWL-assembly1.cif	cf_dropout_full_woTemplates_model_5_multimer_v3_pred_7.pdb	0	7033	0.7324	A=C,B=B,C=A,D=D
8BWL-assembly1.cif	afm_dropout_full_woTemplates_model_4_multimer_v3_pred_21.pdb	0	2762	0.732393	A=A,B=D,C=C,D=B
8BWL-assembly1.cif	afm_basic_model_2_multimer_v1_pred_59.pdb	0	257	0.732391	A=A,B=D,C=C,D=B
8BWL-assembly1.cif	afm_woTemplates_model_3_multimer_v1_pred_43.pdb	0	5466	0.732385	A=A,B=B,C=C,D=D
8BWL-assembly1.cif	afm_dropout_noSM_woTemplates_model_1_multimer_v3_pred_60.pdb	0	4212	0.732372	A=C,B=B,C=A,D=D
8BWL-assembly1.cif	afm_woTemplates_model_4_multimer_v3_pred_3.pdb	0	5786	0.732362	A=C,B=B,C=A,D=D
8BWL-assembly1.cif	afm_dropout_full_woTemplates_r3_model_4_multimer_v3_pred_60.pdb	0	3810	0.732353	A=C,B=D,C=A,D=B
8BWL-assembly1.cif	afm_woTemplates_model_3_multimer_v3_pred_18.pdb	0	5572	0.732303	A=A,B=B,C=C,D=D
8BWL-assembly1.cif	afm_woTemplates_model_3_multimer_v2_pred_48.pdb	0	5538	0.73229	A=C,B=D,C=A,D=B
8BWL-assembly1.cif	afm_dropout_noSM_woTemplates_model_2_multimer_v2_pred_15.pdb	0	4296	0.732274	A=C,B=B,C=A,D=D
8BWL-assembly1.cif	afm_dropout_full_woTemplates_r3_model_4_multimer_v3_pred_43.pdb	0	3791	0.732271	A=A,B=D,C=C,D=B
8BWL-assembly1.cif	afm_dropout_noSM_woTemplates_model_5_multimer_v3_pred_17.pdb	0	4968	0.732234	A=C,B=B,C=A,D=D
8BWL-assembly1.cif	afm_basic_model_2_multimer_v1_pred_56.pdb	0	254	0.732226	A=C,B=B,C=A,D=D
8BWL-assembly1.cif	afm_basic_model_4_multimer_v1_pred_3.pdb	0	627	0.732209	A=A,B=D,C=C,D=B
8BWL-assembly1.cif	cf_woTemplates_model_2_multimer_v3_pred_52.pdb	0	7419	0.732194	A=A,B=B,C=C,D=D
8BWL-assembly1.cif	afm_dropout_full_woTemplates_model_2_multimer_v2_pred_1.pdb	0	2280	0.73218	A=C,B=B,C=A,D=D
8BWL-assembly1.cif	afm_basic_model_2_multimer_v1_pred_7.pdb	0	266	0.73218	A=C,B=B,C=A,D=D
8BWL-assembly1.cif	afm_dropout_full_model_4_multimer_v2_pred_42.pdb	0	1713	0.73217	A=C,B=D,C=A,D=B
8BWL-assembly1.cif	afm_dropout_noSM_woTemplates_model_5_multimer_v3_pred_45.pdb	0	4999	0.732157	A=C,B=D,C=A,D=B
8BWL-assembly1.cif	afm_dropout_noSM_woTemplates_model_3_multimer_v3_pred_37.pdb	0	4588	0.732144	A=A,B=D,C=C,D=B
8BWL-assembly1.cif	afm_dropout_full_model_4_multimer_v1_pred_13.pdb	0	1614	0.732138	A=A,B=D,C=C,D=B
8BWL-assembly1.cif	afm_dropout_full_woTemplates_model_5_multimer_v2_pred_36.pdb	0	2912	0.732136	A=C,B=B,C=A,D=D
8BWL-assembly1.cif	afm_woTemplates_model_4_multimer_v3_pred_55.pdb	0	5814	0.732127	A=C,B=D,C=A,D=B
8BWL-assembly1.cif	afm_dropout_full_woTemplates_model_3_multimer_v3_pred_34.pdb	0	2575	0.732124	A=C,B=D,C=A,D=B
8BWL-assembly1.cif	afm_dropout_noSM_woTemplates_model_3_multimer_v2_pred_2.pdb	0	4502	0.732121	A=C,B=D,C=A,D=B
8BWL-assembly1.cif	afm_dropout_full_model_5_multimer_v1_pred_31.pdb	0	1835	0.732121	A=C,B=B,C=A,D=D
8BWL-assembly1.cif	afm_woTemplates_model_4_multimer_v3_pred_4.pdb	0	5797	0.732103	A=A,B=B,C=C,D=D
8BWL-assembly1.cif	cf_dropout_full_woTemplates_model_3_multimer_v1_pred_54.pdb	0	6483	0.732087	A=A,B=D,C=C,D=B
8BWL-assembly1.cif	afm_dropout_noSM_woTemplates_model_1_multimer_v1_pred_28.pdb	0	4042	0.732086	A=C,B=B,C=A,D=D
8BWL-assembly1.cif	afm_dropout_full_model_1_multimer_v1_pred_55.pdb	0	1057	0.732083	A=C,B=D,C=A,D=B
8BWL-assembly1.cif	afm_woTemplates_model_3_multimer_v2_pred_55.pdb	0	5546	0.732082	A=A,B=D,C=C,D=B
8BWL-assembly1.cif	afm_dropout_full_woTemplates_model_5_multimer_v3_pred_16.pdb	0	2957	0.732081	A=A,B=D,C=C,D=B
8BWL-assembly1.cif	afm_dropout_full_woTemplates_model_3_multimer_v3_pred_38.pdb	0	2579	0.732077	A=A,B=B,C=C,D=D
8BWL-assembly1.cif	afm_dropout_full_woTemplates_model_3_multimer_v2_pred_33.pdb	0	2507	0.732069	A=C,B=D,C=A,D=B
8BWL-assembly1.cif	afm_woTemplates_model_3_multimer_v3_pred_2.pdb	0	5574	0.732068	A=A,B=D,C=C,D=B
8BWL-assembly1.cif	afm_dropout_full_model_3_multimer_v1_pred_31.pdb	0	1433	0.732065	A=A,B=D,C=C,D=B
8BWL-assembly1.cif	afm_dropout_noSM_woTemplates_model_3_multimer_v1_pred_4.pdb	0	4457	0.732045	A=A,B=D,C=C,D=B
8BWL-assembly1.cif	afm_dropout_full_woTemplates_model_2_multimer_v3_pred_34.pdb	0	2374	0.732041	A=A,B=B,C=C,D=D
8BWL-assembly1.cif	cf_woTemplates_model_5_multimer_v3_pred_6.pdb	0	8030	0.732025	A=A,B=D,C=C,D=B
8BWL-assembly1.cif	cf_woTemplates_model_3_multimer_v1_pred_47.pdb	0	7480	0.732011	A=C,B=B,C=A,D=D
8BWL-assembly1.cif	afm_dropout_full_model_3_multimer_v1_pred_28.pdb	0	1429	0.732006	A=A,B=B,C=C,D=D
8BWL-assembly1.cif	afm_dropout_noSM_woTemplates_model_3_multimer_v1_pred_47.pdb	0	4465	0.732006	A=A,B=D,C=C,D=B
8BWL-assembly1.cif	afm_dropout_full_woTemplates_model_5_multimer_v3_pred_60.pdb	0	3006	0.731999	A=C,B=B,C=A,D=D
8BWL-assembly1.cif	afm_dropout_full_model_3_multimer_v1_pred_63.pdb	0	1468	0.731994	A=C,B=D,C=A,D=B
8BWL-assembly1.cif	afm_basic_model_5_multimer_v1_pred_39.pdb	0	838	0.731986	A=C,B=B,C=A,D=D
8BWL-assembly1.cif	afm_woTemplates_model_4_multimer_v3_pred_38.pdb	0	5795	0.731984	A=C,B=D,C=A,D=B
8BWL-assembly1.cif	afm_dropout_full_model_2_multimer_v1_pred_40.pdb	0	1242	0.731974	A=A,B=D,C=C,D=B
8BWL-assembly1.cif	afm_dropout_noSM_woTemplates_model_5_multimer_v3_pred_61.pdb	0	5017	0.731968	A=C,B=D,C=A,D=B
8BWL-assembly1.cif	afm_dropout_full_model_5_multimer_v2_pred_35.pdb	0	1906	0.731967	A=C,B=B,C=A,D=D
8BWL-assembly1.cif	afm_dropout_full_model_5_multimer_v3_pred_34.pdb	0	1972	0.731965	A=A,B=D,C=C,D=B
8BWL-assembly1.cif	afm_dropout_full_woTemplates_r3_model_3_multimer_v3_pred_66.pdb	0	3615	0.731958	A=A,B=D,C=C,D=B
8BWL-assembly1.cif	afm_dropout_noSM_woTemplates_model_3_multimer_v2_pred_18.pdb	0	4500	0.731938	A=A,B=B,C=C,D=D
8BWL-assembly1.cif	afm_basic_model_5_multimer_v3_pred_41.pdb	0	975	0.731937	A=C,B=D,C=A,D=B
8BWL-assembly1.cif	afm_dropout_noSM_woTemplates_model_5_multimer_v3_pred_10.pdb	0	4961	0.731926	A=A,B=B,C=C,D=D
8BWL-assembly1.cif	afm_dropout_full_woTemplates_r3_model_4_multimer_v3_pred_18.pdb	0	3763	0.73192	A=C,B=B,C=A,D=D
8BWL-assembly1.cif	afm_woTemplates_model_4_multimer_v3_pred_56.pdb	0	5815	0.731876	A=C,B=D,C=A,D=B
8BWL-assembly1.cif	afm_dropout_noSM_woTemplates_model_3_multimer_v2_pred_12.pdb	0	4494	0.731873	A=A,B=B,C=C,D=D
8BWL-assembly1.cif	afm_dropout_noSM_woTemplates_model_1_multimer_v3_pred_23.pdb	0	4171	0.731871	A=A,B=D,C=C,D=B
8BWL-assembly1.cif	afm_dropout_noSM_woTemplates_model_3_multimer_v2_pred_58.pdb	0	4544	0.73187	A=A,B=D,C=C,D=B
8BWL-assembly1.cif	afm_dropout_full_woTemplates_model_4_multimer_v3_pred_42.pdb	0	2785	0.731869	A=C,B=D,C=A,D=B
8BWL-assembly1.cif	afm_dropout_noSM_woTemplates_model_3_multimer_v2_pred_13.pdb	0	4495	0.731855	A=A,B=D,C=C,D=B
8BWL-assembly1.cif	afm_basic_model_5_multimer_v3_pred_8.pdb	0	1004	0.731855	A=C,B=B,C=A,D=D
8BWL-assembly1.cif	afm_dropout_noSM_woTemplates_model_3_multimer_v2_pred_27.pdb	0	4510	0.731852	A=A,B=D,C=C,D=B
8BWL-assembly1.cif	afm_dropout_noSM_woTemplates_model_3_multimer_v2_pred_41.pdb	0	4526	0.731841	A=C,B=D,C=A,D=B
8BWL-assembly1.cif	afm_dropout_full_woTemplates_model_5_multimer_v3_pred_19.pdb	0	2960	0.73184	A=C,B=B,C=A,D=D
8BWL-assembly1.cif	afm_woTemplates_model_3_multimer_v2_pred_29.pdb	0	5517	0.73182	A=A,B=B,C=C,D=D
8BWL-assembly1.cif	cf_woTemplates_model_5_multimer_v3_pred_29.pdb	0	7996	0.731811	A=C,B=D,C=A,D=B
8BWL-assembly1.cif	afm_dropout_noSM_woTemplates_model_4_multimer_v1_pred_7.pdb	0	4688	0.731811	A=A,B=D,C=C,D=B
8BWL-assembly1.cif	afm_dropout_full_model_5_multimer_v1_pred_24.pdb	0	1827	0.73181	A=C,B=B,C=A,D=D
8BWL-assembly1.cif	afm_dropout_full_model_2_multimer_v2_pred_50.pdb	0	1320	0.731793	A=A,B=D,C=C,D=B
8BWL-assembly1.cif	afm_dropout_full_model_4_multimer_v3_pred_15.pdb	0	1750	0.731792	A=C,B=B,C=A,D=D
8BWL-assembly1.cif	afm_woTemplates_model_4_multimer_v2_pred_7.pdb	0	5760	0.731788	A=A,B=B,C=C,D=D
8BWL-assembly1.cif	afm_woTemplates_model_5_multimer_v3_pred_37.pdb	0	5995	0.731786	A=A,B=D,C=C,D=B
8BWL-assembly1.cif	afm_dropout_noSM_woTemplates_model_2_multimer_v2_pred_24.pdb	0	4306	0.731784	A=C,B=B,C=A,D=D
8BWL-assembly1.cif	afm_woTemplates_model_5_multimer_v3_pred_51.pdb	0	6011	0.731778	A=C,B=D,C=A,D=B
8BWL-assembly1.cif	afm_dropout_full_woTemplates_r3_model_5_multimer_v3_pred_26.pdb	0	3973	0.731756	A=A,B=D,C=C,D=B
8BWL-assembly1.cif	afm_basic_model_5_multimer_v2_pred_23.pdb	0	888	0.731748	A=C,B=B,C=A,D=D
8BWL-assembly1.cif	afm_dropout_full_woTemplates_model_3_multimer_v2_pred_31.pdb	0	2505	0.731744	A=C,B=B,C=A,D=D
8BWL-assembly1.cif	afm_dropout_noSM_woTemplates_model_1_multimer_v3_pred_36.pdb	0	4185	0.731744	A=A,B=D,C=C,D=B
8BWL-assembly1.cif	afm_dropout_full_model_4_multimer_v1_pred_50.pdb	0	1655	0.731743	A=A,B=B,C=C,D=D
8BWL-assembly1.cif	afm_dropout_full_model_4_multimer_v1_pred_61.pdb	0	1667	0.731741	A=A,B=D,C=C,D=B
8BWL-assembly1.cif	afm_dropout_noSM_woTemplates_model_3_multimer_v1_pred_29.pdb	0	4445	0.731733	A=C,B=B,C=A,D=D
8BWL-assembly1.cif	afm_woTemplates_model_2_multimer_v1_pred_42.pdb	0	5264	0.731726	A=A,B=D,C=C,D=B
8BWL-assembly1.cif	afm_dropout_full_woTemplates_model_2_multimer_v1_pred_28.pdb	0	2233	0.731725	A=A,B=B,C=C,D=D
8BWL-assembly1.cif	afm_dropout_full_woTemplates_model_2_multimer_v1_pred_39.pdb	0	2245	0.731724	A=C,B=B,C=A,D=D
8BWL-assembly1.cif	afm_woTemplates_model_2_multimer_v1_pred_27.pdb	0	5247	0.731721	A=A,B=D,C=C,D=B
8BWL-assembly1.cif	afm_woTemplates_model_2_multimer_v1_pred_56.pdb	0	5279	0.731717	A=C,B=B,C=A,D=D
8BWL-assembly1.cif	cf_dropout_full_woTemplates_model_1_multimer_v1_pred_23.pdb	0	6047	0.731714	A=A,B=D,C=C,D=B
8BWL-assembly1.cif	afm_basic_model_2_multimer_v1_pred_1.pdb	0	203	0.73171	A=A,B=D,C=C,D=B
8BWL-assembly1.cif	cf_woTemplates_model_2_multimer_v3_pred_3.pdb	0	7394	0.73171	A=A,B=D,C=C,D=B
8BWL-assembly1.cif	afm_woTemplates_model_3_multimer_v3_pred_7.pdb	0	5626	0.731709	A=C,B=B,C=A,D=D
8BWL-assembly1.cif	cf_dropout_full_woTemplates_model_3_multimer_v1_pred_63.pdb	0	6493	0.731706	A=A,B=D,C=C,D=B
8BWL-assembly1.cif	afm_dropout_full_model_4_multimer_v3_pred_4.pdb	0	1777	0.731702	A=C,B=D,C=A,D=B
8BWL-assembly1.cif	cf_woTemplates_model_5_multimer_v1_pred_19.pdb	0	7851	0.731699	A=C,B=B,C=A,D=D
8BWL-assembly1.cif	afm_dropout_full_woTemplates_model_1_multimer_v1_pred_29.pdb	0	2033	0.731685	A=A,B=D,C=C,D=B
8BWL-assembly1.cif	afm_dropout_full_woTemplates_r3_model_2_multimer_v3_pred_9.pdb	0	3417	0.73168	A=C,B=B,C=A,D=D
8BWL-assembly1.cif	afm_dropout_full_woTemplates_r3_model_2_multimer_v3_pred_14.pdb	0	3357	0.731676	A=C,B=B,C=A,D=D
8BWL-assembly1.cif	afm_dropout_full_model_3_multimer_v1_pred_48.pdb	0	1451	0.73167	A=A,B=B,C=C,D=D
8BWL-assembly1.cif	afm_dropout_full_woTemplates_model_3_multimer_v1_pred_48.pdb	0	2456	0.731669	A=C,B=B,C=A,D=D
8BWL-assembly1.cif	afm_dropout_full_woTemplates_model_4_multimer_v1_pred_65.pdb	0	2676	0.731649	A=C,B=B,C=A,D=D
8BWL-assembly1.cif	cf_dropout_full_woTemplates_model_3_multimer_v3_pred_45.pdb	0	6607	0.73164	A=A,B=D,C=C,D=B
8BWL-assembly1.cif	afm_dropout_full_woTemplates_model_5_multimer_v3_pred_35.pdb	0	2978	0.731638	A=C,B=B,C=A,D=D
8BWL-assembly1.cif	afm_woTemplates_model_3_multimer_v2_pred_32.pdb	0	5521	0.731637	A=C,B=D,C=A,D=B
8BWL-assembly1.cif	afm_dropout_full_woTemplates_model_4_multimer_v3_pred_15.pdb	0	2755	0.731632	A=A,B=B,C=C,D=D
8BWL-assembly1.cif	cf_dropout_full_woTemplates_model_3_multimer_v1_pred_22.pdb	0	6448	0.731619	A=C,B=B,C=A,D=D
8BWL-assembly1.cif	afm_dropout_noSM_woTemplates_model_5_multimer_v3_pred_64.pdb	0	5020	0.731615	A=A,B=D,C=C,D=B
8BWL-assembly1.cif	afm_dropout_noSM_woTemplates_model_3_multimer_v2_pred_17.pdb	0	4499	0.731606	A=C,B=D,C=A,D=B
8BWL-assembly1.cif	cf_dropout_full_woTemplates_model_3_multimer_v1_pred_60.pdb	0	6490	0.73158	A=C,B=B,C=A,D=D
8BWL-assembly1.cif	afm_dropout_noSM_woTemplates_model_3_multimer_v2_pred_28.pdb	0	4511	0.731573	A=C,B=B,C=A,D=D
8BWL-assembly1.cif	afm_woTemplates_model_2_multimer_v3_pred_39.pdb	0	5394	0.731564	A=C,B=B,C=A,D=D
8BWL-assembly1.cif	afm_woTemplates_model_1_multimer_v3_pred_26.pdb	0	5179	0.731563	A=C,B=B,C=A,D=D
8BWL-assembly1.cif	afm_dropout_full_model_5_multimer_v3_pred_55.pdb	0	1995	0.73156	A=A,B=D,C=C,D=B
8BWL-assembly1.cif	cf_dropout_full_woTemplates_model_1_multimer_v1_pred_27.pdb	0	6051	0.731533	A=C,B=B,C=A,D=D
8BWL-assembly1.cif	cf_woTemplates_model_5_multimer_v3_pred_65.pdb	0	8036	0.731532	A=A,B=D,C=C,D=B
8BWL-assembly1.cif	afm_dropout_full_woTemplates_model_4_multimer_v3_pred_14.pdb	0	2754	0.731528	A=C,B=B,C=A,D=D
8BWL-assembly1.cif	afm_dropout_full_woTemplates_model_3_multimer_v2_pred_55.pdb	0	2531	0.731523	A=A,B=D,C=C,D=B
8BWL-assembly1.cif	afm_dropout_full_woTemplates_model_5_multimer_v3_pred_44.pdb	0	2988	0.731522	A=A,B=D,C=C,D=B
8BWL-assembly1.cif	afm_basic_model_4_multimer_v1_pred_53.pdb	0	653	0.731516	A=A,B=D,C=C,D=B
8BWL-assembly1.cif	cf_dropout_full_woTemplates_model_1_multimer_v1_pred_45.pdb	0	6071	0.731513	A=C,B=B,C=A,D=D
8BWL-assembly1.cif	afm_woTemplates_model_3_multimer_v3_pred_35.pdb	0	5591	0.731508	A=C,B=D,C=A,D=B
8BWL-assembly1.cif	afm_dropout_full_model_5_multimer_v3_pred_43.pdb	0	1982	0.731499	A=C,B=D,C=A,D=B
8BWL-assembly1.cif	afm_dropout_noSM_woTemplates_model_3_multimer_v1_pred_55.pdb	0	4474	0.731493	A=C,B=B,C=A,D=D
8BWL-assembly1.cif	afm_dropout_noSM_woTemplates_model_3_multimer_v2_pred_42.pdb	0	4527	0.731484	A=C,B=D,C=A,D=B
8BWL-assembly1.cif	afm_woTemplates_model_5_multimer_v3_pred_48.pdb	0	6007	0.731483	A=A,B=B,C=C,D=D
8BWL-assembly1.cif	afm_woTemplates_model_4_multimer_v3_pred_21.pdb	0	5777	0.731482	A=C,B=D,C=A,D=B
8BWL-assembly1.cif	afm_dropout_full_woTemplates_model_3_multimer_v2_pred_51.pdb	0	2527	0.731478	A=C,B=D,C=A,D=B
8BWL-assembly1.cif	afm_dropout_full_woTemplates_model_2_multimer_v2_pred_4.pdb	0	2313	0.731475	A=C,B=B,C=A,D=D
8BWL-assembly1.cif	afm_basic_model_5_multimer_v3_pred_25.pdb	0	957	0.731475	A=A,B=B,C=C,D=D
8BWL-assembly1.cif	afm_basic_model_5_multimer_v1_pred_41.pdb	0	841	0.731444	A=C,B=B,C=A,D=D
8BWL-assembly1.cif	afm_dropout_full_model_4_multimer_v2_pred_43.pdb	0	1714	0.731436	A=C,B=D,C=A,D=B
8BWL-assembly1.cif	afm_dropout_full_model_3_multimer_v1_pred_16.pdb	0	1416	0.731434	A=A,B=D,C=C,D=B
8BWL-assembly1.cif	afm_dropout_full_woTemplates_r3_model_3_multimer_v3_pred_27.pdb	0	3572	0.73142	A=A,B=D,C=C,D=B
8BWL-assembly1.cif	afm_dropout_full_model_2_multimer_v1_pred_44.pdb	0	1246	0.731409	A=A,B=D,C=C,D=B
8BWL-assembly1.cif	afm_dropout_full_woTemplates_model_1_multimer_v3_pred_54.pdb	0	2195	0.731409	A=C,B=D,C=A,D=B
8BWL-assembly1.cif	afm_dropout_full_woTemplates_model_3_multimer_v3_pred_18.pdb	0	2557	0.731407	A=C,B=B,C=A,D=D
8BWL-assembly1.cif	afm_dropout_full_woTemplates_r3_model_4_multimer_v3_pred_62.pdb	0	3812	0.731405	A=C,B=B,C=A,D=D
8BWL-assembly1.cif	afm_dropout_full_woTemplates_model_1_multimer_v1_pred_39.pdb	0	2044	0.731386	A=A,B=D,C=C,D=B
8BWL-assembly1.cif	afm_basic_model_2_multimer_v1_pred_14.pdb	0	208	0.731378	A=C,B=B,C=A,D=D
8BWL-assembly1.cif	afm_woTemplates_model_4_multimer_v3_pred_41.pdb	0	5799	0.731375	A=C,B=D,C=A,D=B
8BWL-assembly1.cif	afm_dropout_full_woTemplates_model_2_multimer_v3_pred_23.pdb	0	2362	0.731374	A=A,B=D,C=C,D=B
8BWL-assembly1.cif	afm_woTemplates_model_2_multimer_v1_pred_4.pdb	0	5261	0.731369	A=C,B=B,C=A,D=D
8BWL-assembly1.cif	afm_dropout_noSM_woTemplates_model_3_multimer_v2_pred_20.pdb	0	4503	0.731355	A=A,B=D,C=C,D=B
8BWL-assembly1.cif	cf_woTemplates_model_5_multimer_v1_pred_49.pdb	0	7884	0.731354	A=A,B=D,C=C,D=B
8BWL-assembly1.cif	afm_dropout_full_woTemplates_model_2_multimer_v2_pred_36.pdb	0	2309	0.731348	A=A,B=D,C=C,D=B
8BWL-assembly1.cif	afm_dropout_full_model_5_multimer_v1_pred_17.pdb	0	1819	0.731346	A=C,B=B,C=A,D=D
8BWL-assembly1.cif	afm_woTemplates_model_4_multimer_v1_pred_21.pdb	0	5643	0.731341	A=C,B=B,C=A,D=D
8BWL-assembly1.cif	cf_dropout_full_woTemplates_model_5_multimer_v3_pred_64.pdb	0	7030	0.73132	A=A,B=B,C=C,D=D
8BWL-assembly1.cif	afm_basic_model_5_multimer_v1_pred_65.pdb	0	867	0.731317	A=A,B=D,C=C,D=B
8BWL-assembly1.cif	afm_basic_model_2_multimer_v1_pred_12.pdb	0	206	0.731301	A=C,B=B,C=A,D=D
8BWL-assembly1.cif	afm_dropout_full_woTemplates_r3_model_4_multimer_v3_pred_0.pdb	0	3753	0.73129	A=C,B=D,C=A,D=B
8BWL-assembly1.cif	afm_woTemplates_model_4_multimer_v3_pred_13.pdb	0	5768	0.731286	A=A,B=D,C=C,D=B
8BWL-assembly1.cif	cf_dropout_full_woTemplates_model_1_multimer_v1_pred_14.pdb	0	6037	0.731285	A=A,B=B,C=C,D=D
8BWL-assembly1.cif	afm_dropout_full_model_5_multimer_v1_pred_45.pdb	0	1850	0.731282	A=C,B=B,C=A,D=D
8BWL-assembly1.cif	afm_dropout_full_woTemplates_model_3_multimer_v3_pred_57.pdb	0	2600	0.731278	A=A,B=B,C=C,D=D
8BWL-assembly1.cif	afm_woTemplates_model_4_multimer_v1_pred_12.pdb	0	5633	0.731265	A=C,B=B,C=A,D=D
8BWL-assembly1.cif	afm_dropout_full_woTemplates_model_3_multimer_v2_pred_41.pdb	0	2516	0.731264	A=C,B=B,C=A,D=D
8BWL-assembly1.cif	afm_dropout_full_model_4_multimer_v3_pred_33.pdb	0	1770	0.731243	A=A,B=B,C=C,D=D
8BWL-assembly1.cif	afm_dropout_full_model_4_multimer_v1_pred_5.pdb	0	1654	0.731242	A=C,B=B,C=A,D=D
8BWL-assembly1.cif	afm_dropout_full_woTemplates_model_2_multimer_v2_pred_41.pdb	0	2315	0.73124	A=C,B=D,C=A,D=B
8BWL-assembly1.cif	afm_dropout_full_model_1_multimer_v1_pred_53.pdb	0	1055	0.731235	A=C,B=B,C=A,D=D
8BWL-assembly1.cif	afm_dropout_full_woTemplates_model_3_multimer_v3_pred_23.pdb	0	2563	0.731225	A=C,B=D,C=A,D=B
8BWL-assembly1.cif	afm_dropout_full_woTemplates_model_5_multimer_v3_pred_6.pdb	0	3005	0.731223	A=A,B=D,C=C,D=B
8BWL-assembly1.cif	afm_dropout_full_model_4_multimer_v1_pred_45.pdb	0	1649	0.731218	A=A,B=B,C=C,D=D
8BWL-assembly1.cif	cf_dropout_full_woTemplates_model_3_multimer_v1_pred_64.pdb	0	6494	0.731211	A=C,B=B,C=A,D=D
8BWL-assembly1.cif	afm_dropout_full_woTemplates_model_3_multimer_v2_pred_44.pdb	0	2519	0.731204	A=A,B=B,C=C,D=D
8BWL-assembly1.cif	afm_dropout_noSM_woTemplates_model_5_multimer_v3_pred_4.pdb	0	4993	0.731204	A=C,B=D,C=A,D=B
8BWL-assembly1.cif	afm_woTemplates_model_3_multimer_v3_pred_31.pdb	0	5587	0.731182	A=C,B=D,C=A,D=B
8BWL-assembly1.cif	afm_woTemplates_model_2_multimer_v2_pred_5.pdb	0	5339	0.73118	A=C,B=D,C=A,D=B
8BWL-assembly1.cif	afm_dropout_noSM_woTemplates_model_1_multimer_v3_pred_52.pdb	0	4203	0.73117	A=A,B=D,C=C,D=B
8BWL-assembly1.cif	afm_woTemplates_model_3_multimer_v3_pred_49.pdb	0	5606	0.731164	A=A,B=B,C=C,D=D
8BWL-assembly1.cif	afm_woTemplates_model_3_multimer_v2_pred_65.pdb	0	5557	0.731155	A=C,B=D,C=A,D=B
8BWL-assembly1.cif	afm_woTemplates_model_3_multimer_v2_pred_38.pdb	0	5527	0.731148	A=C,B=D,C=A,D=B
8BWL-assembly1.cif	afm_dropout_full_woTemplates_model_3_multimer_v3_pred_3.pdb	0	2570	0.731147	A=C,B=D,C=A,D=B
8BWL-assembly1.cif	afm_basic_model_2_multimer_v1_pred_53.pdb	0	251	0.731146	A=A,B=D,C=C,D=B
8BWL-assembly1.cif	afm_dropout_full_model_1_multimer_v1_pred_20.pdb	0	1019	0.731143	A=A,B=D,C=C,D=B
8BWL-assembly1.cif	afm_dropout_full_model_4_multimer_v1_pred_39.pdb	0	1642	0.731122	A=C,B=B,C=A,D=D
8BWL-assembly1.cif	afm_dropout_full_woTemplates_model_4_multimer_v3_pred_44.pdb	0	2787	0.731111	A=C,B=D,C=A,D=B
8BWL-assembly1.cif	afm_dropout_full_woTemplates_model_4_multimer_v3_pred_29.pdb	0	2770	0.731109	A=A,B=B,C=C,D=D
8BWL-assembly1.cif	afm_woTemplates_model_3_multimer_v2_pred_12.pdb	0	5499	0.731108	A=C,B=B,C=A,D=D
8BWL-assembly1.cif	cf_woTemplates_model_5_multimer_v3_pred_38.pdb	0	8006	0.731105	A=C,B=B,C=A,D=D
8BWL-assembly1.cif	afm_dropout_full_woTemplates_model_3_multimer_v1_pred_55.pdb	0	2464	0.731094	A=C,B=B,C=A,D=D
8BWL-assembly1.cif	afm_dropout_full_woTemplates_r3_model_4_multimer_v3_pred_35.pdb	0	3782	0.731093	A=C,B=B,C=A,D=D
8BWL-assembly1.cif	afm_dropout_noSM_woTemplates_model_3_multimer_v1_pred_14.pdb	0	4429	0.731071	A=A,B=D,C=C,D=B
8BWL-assembly1.cif	afm_dropout_noSM_woTemplates_model_3_multimer_v2_pred_57.pdb	0	4543	0.731063	A=A,B=D,C=C,D=B
8BWL-assembly1.cif	cf_woTemplates_model_5_multimer_v3_pred_42.pdb	0	8011	0.731059	A=C,B=B,C=A,D=D
8BWL-assembly1.cif	afm_dropout_noSM_woTemplates_model_4_multimer_v3_pred_25.pdb	0	4776	0.731055	A=A,B=B,C=C,D=D
8BWL-assembly1.cif	afm_dropout_full_woTemplates_model_4_multimer_v1_pred_18.pdb	0	2624	0.731054	A=C,B=B,C=A,D=D
8BWL-assembly1.cif	cf_woTemplates_model_3_multimer_v1_pred_17.pdb	0	7447	0.731049	A=C,B=D,C=A,D=B
8BWL-assembly1.cif	afm_basic_model_5_multimer_v1_pred_52.pdb	0	853	0.731047	A=C,B=B,C=A,D=D
8BWL-assembly1.cif	afm_woTemplates_model_3_multimer_v2_pred_30.pdb	0	5519	0.731037	A=A,B=D,C=C,D=B
8BWL-assembly1.cif	afm_woTemplates_model_4_multimer_v3_pred_11.pdb	0	5766	0.731035	A=A,B=D,C=C,D=B
8BWL-assembly1.cif	cf_woTemplates_model_5_multimer_v3_pred_51.pdb	0	8021	0.731035	A=A,B=B,C=C,D=D
8BWL-assembly1.cif	afm_dropout_full_model_4_multimer_v2_pred_34.pdb	0	1704	0.731027	A=C,B=B,C=A,D=D
8BWL-assembly1.cif	afm_dropout_full_model_2_multimer_v1_pred_43.pdb	0	1245	0.731024	A=C,B=B,C=A,D=D
8BWL-assembly1.cif	afm_woTemplates_model_4_multimer_v3_pred_52.pdb	0	5811	0.73102	A=C,B=B,C=A,D=D
8BWL-assembly1.cif	afm_dropout_full_model_4_multimer_v1_pred_26.pdb	0	1628	0.731015	A=C,B=B,C=A,D=D
8BWL-assembly1.cif	afm_basic_model_4_multimer_v1_pred_6.pdb	0	660	0.731015	A=C,B=B,C=A,D=D
8BWL-assembly1.cif	afm_dropout_full_woTemplates_r3_model_5_multimer_v3_pred_55.pdb	0	4005	0.731011	A=A,B=B,C=C,D=D
8BWL-assembly1.cif	cf_woTemplates_model_5_multimer_v3_pred_32.pdb	0	8000	0.731003	A=A,B=B,C=C,D=D
8BWL-assembly1.cif	afm_dropout_full_model_4_multimer_v1_pred_9.pdb	0	1675	0.730995	A=C,B=B,C=A,D=D
8BWL-assembly1.cif	afm_dropout_noSM_woTemplates_model_3_multimer_v2_pred_4.pdb	0	4524	0.730973	A=A,B=B,C=C,D=D
8BWL-assembly1.cif	cf_woTemplates_model_5_multimer_v3_pred_61.pdb	0	8032	0.730973	A=A,B=B,C=C,D=D
8BWL-assembly1.cif	afm_dropout_full_woTemplates_r3_model_4_multimer_v3_pred_10.pdb	0	3755	0.73096	A=C,B=D,C=A,D=B
8BWL-assembly1.cif	afm_dropout_full_model_5_multimer_v3_pred_26.pdb	0	1963	0.73096	A=C,B=D,C=A,D=B
8BWL-assembly1.cif	afm_basic_model_5_multimer_v3_pred_37.pdb	0	970	0.73094	A=A,B=D,C=C,D=B
8BWL-assembly1.cif	afm_dropout_full_model_4_multimer_v1_pred_55.pdb	0	1660	0.730927	A=A,B=D,C=C,D=B
8BWL-assembly1.cif	afm_dropout_full_model_4_multimer_v2_pred_62.pdb	0	1735	0.730925	A=C,B=B,C=A,D=D
8BWL-assembly1.cif	cf_woTemplates_model_5_multimer_v3_pred_35.pdb	0	8003	0.730913	A=C,B=D,C=A,D=B
8BWL-assembly1.cif	afm_dropout_noSM_woTemplates_model_5_multimer_v3_pred_6.pdb	0	5015	0.730908	A=A,B=B,C=C,D=D
8BWL-assembly1.cif	afm_woTemplates_model_3_multimer_v3_pred_19.pdb	0	5573	0.730902	A=C,B=B,C=A,D=D
8BWL-assembly1.cif	afm_dropout_noSM_woTemplates_model_3_multimer_v3_pred_12.pdb	0	4561	0.730888	A=C,B=B,C=A,D=D
8BWL-assembly1.cif	cf_dropout_full_woTemplates_model_1_multimer_v3_pred_3.pdb	0	6188	0.730872	A=C,B=D,C=A,D=B
8BWL-assembly1.cif	afm_dropout_full_woTemplates_model_2_multimer_v1_pred_46.pdb	0	2253	0.730868	A=C,B=B,C=A,D=D
8BWL-assembly1.cif	afm_woTemplates_model_3_multimer_v3_pred_42.pdb	0	5599	0.730864	A=C,B=D,C=A,D=B
8BWL-assembly1.cif	afm_woTemplates_model_3_multimer_v2_pred_43.pdb	0	5533	0.730851	A=A,B=D,C=C,D=B
8BWL-assembly1.cif	afm_woTemplates_model_2_multimer_v1_pred_15.pdb	0	5234	0.730843	A=A,B=D,C=C,D=B
8BWL-assembly1.cif	afm_basic_model_4_multimer_v2_pred_59.pdb	0	726	0.730832	A=C,B=D,C=A,D=B
8BWL-assembly1.cif	afm_dropout_full_model_5_multimer_v1_pred_22.pdb	0	1825	0.730811	A=A,B=D,C=C,D=B
8BWL-assembly1.cif	afm_dropout_full_model_3_multimer_v1_pred_22.pdb	0	1423	0.730808	A=C,B=D,C=A,D=B
8BWL-assembly1.cif	afm_dropout_noSM_woTemplates_model_3_multimer_v2_pred_55.pdb	0	4541	0.730804	A=A,B=B,C=C,D=D
8BWL-assembly1.cif	afm_basic_model_4_multimer_v1_pred_38.pdb	0	636	0.730794	A=C,B=B,C=A,D=D
8BWL-assembly1.cif	afm_dropout_full_model_3_multimer_v1_pred_32.pdb	0	1434	0.730783	A=C,B=B,C=A,D=D
8BWL-assembly1.cif	afm_dropout_full_woTemplates_r3_model_4_multimer_v3_pred_53.pdb	0	3802	0.730773	A=A,B=B,C=C,D=D
8BWL-assembly1.cif	cf_woTemplates_model_5_multimer_v3_pred_37.pdb	0	8005	0.730762	A=A,B=B,C=C,D=D
8BWL-assembly1.cif	afm_dropout_full_woTemplates_model_3_multimer_v2_pred_21.pdb	0	2494	0.730753	A=A,B=B,C=C,D=D
8BWL-assembly1.cif	cf_dropout_full_woTemplates_model_5_multimer_v3_pred_59.pdb	0	7024	0.730737	A=A,B=D,C=C,D=B
8BWL-assembly1.cif	afm_dropout_full_woTemplates_r3_model_4_multimer_v3_pred_44.pdb	0	3792	0.730735	A=A,B=B,C=C,D=D
8BWL-assembly1.cif	afm_dropout_noSM_woTemplates_model_2_multimer_v1_pred_46.pdb	0	4263	0.730734	A=A,B=D,C=C,D=B
8BWL-assembly1.cif	afm_woTemplates_model_3_multimer_v3_pred_62.pdb	0	5621	0.730734	A=A,B=D,C=C,D=B
8BWL-assembly1.cif	afm_dropout_full_woTemplates_model_4_multimer_v3_pred_18.pdb	0	2758	0.730728	A=A,B=D,C=C,D=B
8BWL-assembly1.cif	afm_dropout_full_woTemplates_model_3_multimer_v2_pred_12.pdb	0	2484	0.730722	A=A,B=D,C=C,D=B
8BWL-assembly1.cif	afm_dropout_full_woTemplates_r3_model_3_multimer_v2_pred_40.pdb	0	3520	0.730714	A=A,B=B,C=C,D=D
8BWL-assembly1.cif	cf_dropout_full_woTemplates_model_5_multimer_v3_pred_37.pdb	0	7000	0.730711	A=C,B=B,C=A,D=D
8BWL-assembly1.cif	cf_woTemplates_model_5_multimer_v3_pred_8.pdb	0	8039	0.73071	A=C,B=D,C=A,D=B
8BWL-assembly1.cif	afm_dropout_full_woTemplates_model_3_multimer_v2_pred_32.pdb	0	2506	0.730695	A=A,B=B,C=C,D=D
8BWL-assembly1.cif	afm_dropout_noSM_woTemplates_model_3_multimer_v2_pred_30.pdb	0	4514	0.730693	A=A,B=D,C=C,D=B
8BWL-assembly1.cif	cf_woTemplates_model_3_multimer_v1_pred_31.pdb	0	7463	0.730691	A=C,B=B,C=A,D=D
8BWL-assembly1.cif	afm_dropout_full_woTemplates_r3_model_4_multimer_v3_pred_41.pdb	0	3789	0.730686	A=A,B=D,C=C,D=B
8BWL-assembly1.cif	afm_woTemplates_model_4_multimer_v3_pred_44.pdb	0	5802	0.730679	A=C,B=D,C=A,D=B
8BWL-assembly1.cif	afm_dropout_full_woTemplates_r3_model_1_multimer_v3_pred_49.pdb	0	3194	0.730645	A=C,B=D,C=A,D=B
8BWL-assembly1.cif	afm_dropout_full_model_2_multimer_v1_pred_26.pdb	0	1226	0.730643	A=C,B=B,C=A,D=D
8BWL-assembly1.cif	cf_dropout_full_woTemplates_model_4_multimer_v1_pred_37.pdb	0	6665	0.730631	A=A,B=D,C=C,D=B
8BWL-assembly1.cif	cf_woTemplates_model_2_multimer_v2_pred_8.pdb	0	7369	0.730624	A=C,B=D,C=A,D=B
8BWL-assembly1.cif	afm_dropout_full_model_5_multimer_v1_pred_34.pdb	0	1838	0.730622	A=A,B=D,C=C,D=B
8BWL-assembly1.cif	afm_dropout_full_woTemplates_r3_model_1_multimer_v3_pred_11.pdb	0	3153	0.73062	A=C,B=B,C=A,D=D
8BWL-assembly1.cif	afm_dropout_full_model_5_multimer_v3_pred_53.pdb	0	1993	0.730605	A=A,B=B,C=C,D=D
8BWL-assembly1.cif	afm_dropout_full_model_5_multimer_v3_pred_37.pdb	0	1975	0.730598	A=C,B=D,C=A,D=B
8BWL-assembly1.cif	afm_dropout_noSM_woTemplates_model_3_multimer_v2_pred_29.pdb	0	4512	0.730594	A=A,B=B,C=C,D=D
8BWL-assembly1.cif	cf_dropout_full_woTemplates_model_2_multimer_v2_pred_61.pdb	0	6357	0.730589	A=C,B=B,C=A,D=D
8BWL-assembly1.cif	afm_dropout_noSM_woTemplates_model_4_multimer_v1_pred_48.pdb	0	4667	0.730584	A=C,B=B,C=A,D=D
8BWL-assembly1.cif	cf_dropout_full_woTemplates_model_3_multimer_v1_pred_56.pdb	0	6485	0.730568	A=C,B=D,C=A,D=B
8BWL-assembly1.cif	afm_dropout_full_model_2_multimer_v1_pred_16.pdb	0	1215	0.730568	A=C,B=B,C=A,D=D
8BWL-assembly1.cif	afm_dropout_full_woTemplates_model_4_multimer_v3_pred_45.pdb	0	2788	0.730566	A=C,B=D,C=A,D=B
8BWL-assembly1.cif	afm_woTemplates_model_3_multimer_v3_pred_9.pdb	0	5628	0.730545	A=A,B=D,C=C,D=B
8BWL-assembly1.cif	afm_dropout_noSM_woTemplates_model_3_multimer_v3_pred_16.pdb	0	4565	0.73054	A=C,B=D,C=A,D=B
8BWL-assembly1.cif	afm_dropout_full_woTemplates_model_3_multimer_v2_pred_43.pdb	0	2518	0.730538	A=C,B=D,C=A,D=B
8BWL-assembly1.cif	afm_dropout_full_model_1_multimer_v2_pred_38.pdb	0	1105	0.730532	A=A,B=B,C=C,D=D
8BWL-assembly1.cif	afm_dropout_full_woTemplates_model_5_multimer_v3_pred_8.pdb	0	3014	0.730532	A=C,B=D,C=A,D=B
8BWL-assembly1.cif	afm_woTemplates_model_3_multimer_v3_pred_52.pdb	0	5610	0.730531	A=C,B=B,C=A,D=D
8BWL-assembly1.cif	afm_dropout_full_model_4_multimer_v3_pred_31.pdb	0	1768	0.730529	A=A,B=D,C=C,D=B
8BWL-assembly1.cif	afm_woTemplates_model_4_multimer_v3_pred_48.pdb	0	5806	0.730521	A=C,B=D,C=A,D=B
8BWL-assembly1.cif	afm_dropout_full_woTemplates_model_5_multimer_v1_pred_28.pdb	0	2836	0.730521	A=C,B=B,C=A,D=D
8BWL-assembly1.cif	afm_woTemplates_model_3_multimer_v2_pred_5.pdb	0	5540	0.73052	A=C,B=B,C=A,D=D
8BWL-assembly1.cif	cf_dropout_full_woTemplates_model_3_multimer_v1_pred_32.pdb	0	6459	0.730517	A=C,B=B,C=A,D=D
8BWL-assembly1.cif	afm_dropout_full_woTemplates_r3_model_5_multimer_v3_pred_56.pdb	0	4006	0.73051	A=C,B=D,C=A,D=B
8BWL-assembly1.cif	afm_dropout_full_woTemplates_model_5_multimer_v3_pred_29.pdb	0	2971	0.730504	A=C,B=B,C=A,D=D
8BWL-assembly1.cif	afm_dropout_full_woTemplates_model_3_multimer_v2_pred_11.pdb	0	2483	0.73049	A=C,B=B,C=A,D=D
8BWL-assembly1.cif	afm_dropout_full_model_2_multimer_v2_pred_16.pdb	0	1282	0.730489	A=A,B=D,C=C,D=B
8BWL-assembly1.cif	afm_dropout_full_woTemplates_model_1_multimer_v3_pred_44.pdb	0	2184	0.730487	A=C,B=D,C=A,D=B
8BWL-assembly1.cif	afm_woTemplates_model_4_multimer_v3_pred_40.pdb	0	5798	0.73048	A=A,B=B,C=C,D=D
8BWL-assembly1.cif	afm_dropout_noSM_woTemplates_model_5_multimer_v3_pred_1.pdb	0	4960	0.730468	A=A,B=D,C=C,D=B
8BWL-assembly1.cif	afm_woTemplates_model_4_multimer_v3_pred_45.pdb	0	5803	0.730437	A=A,B=B,C=C,D=D
8BWL-assembly1.cif	cf_woTemplates_model_4_multimer_v3_pred_41.pdb	0	7809	0.730433	A=A,B=B,C=C,D=D
8BWL-assembly1.cif	cf_dropout_full_woTemplates_model_5_multimer_v3_pred_38.pdb	0	7001	0.730433	A=C,B=D,C=A,D=B
8BWL-assembly1.cif	afm_woTemplates_model_4_multimer_v3_pred_2.pdb	0	5775	0.7304	A=C,B=D,C=A,D=B
8BWL-assembly1.cif	cf_dropout_full_woTemplates_model_4_multimer_v1_pred_44.pdb	0	6673	0.730372	A=C,B=B,C=A,D=D
8BWL-assembly1.cif	afm_dropout_full_woTemplates_r3_model_5_multimer_v3_pred_33.pdb	0	3981	0.730366	A=C,B=D,C=A,D=B
8BWL-assembly1.cif	afm_dropout_full_model_3_multimer_v1_pred_26.pdb	0	1427	0.730361	A=A,B=D,C=C,D=B
8BWL-assembly1.cif	afm_dropout_full_woTemplates_model_2_multimer_v3_pred_4.pdb	0	2380	0.730348	A=A,B=B,C=C,D=D
8BWL-assembly1.cif	cf_dropout_full_woTemplates_model_3_multimer_v1_pred_36.pdb	0	6463	0.730338	A=A,B=D,C=C,D=B
8BWL-assembly1.cif	cf_woTemplates_model_5_multimer_v3_pred_54.pdb	0	8024	0.730335	A=C,B=B,C=A,D=D
8BWL-assembly1.cif	afm_dropout_noSM_woTemplates_model_4_multimer_v3_pred_66.pdb	0	4821	0.730329	A=A,B=B,C=C,D=D
8BWL-assembly1.cif	afm_dropout_noSM_woTemplates_model_5_multimer_v3_pred_15.pdb	0	4966	0.730325	A=A,B=B,C=C,D=D
8BWL-assembly1.cif	afm_dropout_full_woTemplates_model_3_multimer_v2_pred_47.pdb	0	2522	0.730322	A=A,B=D,C=C,D=B
8BWL-assembly1.cif	afm_dropout_full_woTemplates_model_5_multimer_v3_pred_34.pdb	0	2977	0.730316	A=C,B=B,C=A,D=D
8BWL-assembly1.cif	afm_woTemplates_model_3_multimer_v2_pred_16.pdb	0	5503	0.730316	A=A,B=B,C=C,D=D
8BWL-assembly1.cif	afm_dropout_full_woTemplates_model_3_multimer_v3_pred_61.pdb	0	2605	0.730313	A=C,B=B,C=A,D=D
8BWL-assembly1.cif	afm_dropout_full_woTemplates_model_3_multimer_v2_pred_35.pdb	0	2509	0.730308	A=C,B=D,C=A,D=B
8BWL-assembly1.cif	afm_dropout_full_woTemplates_model_4_multimer_v1_pred_29.pdb	0	2636	0.7303	A=A,B=D,C=C,D=B
8BWL-assembly1.cif	afm_dropout_noSM_woTemplates_model_3_multimer_v1_pred_1.pdb	0	4424	0.730299	A=C,B=D,C=A,D=B
8BWL-assembly1.cif	afm_dropout_full_woTemplates_model_4_multimer_v1_pred_27.pdb	0	2634	0.73027	A=C,B=B,C=A,D=D
8BWL-assembly1.cif	afm_woTemplates_model_3_multimer_v2_pred_56.pdb	0	5547	0.730261	A=C,B=B,C=A,D=D
8BWL-assembly1.cif	afm_woTemplates_model_4_multimer_v3_pred_50.pdb	0	5809	0.730254	A=A,B=D,C=C,D=B
8BWL-assembly1.cif	afm_dropout_noSM_woTemplates_model_2_multimer_v3_pred_42.pdb	0	4393	0.730244	A=C,B=B,C=A,D=D
8BWL-assembly1.cif	afm_woTemplates_model_3_multimer_v3_pred_11.pdb	0	5565	0.730236	A=A,B=D,C=C,D=B
8BWL-assembly1.cif	afm_woTemplates_model_3_multimer_v2_pred_58.pdb	0	5549	0.730234	A=A,B=D,C=C,D=B
8BWL-assembly1.cif	afm_woTemplates_model_4_multimer_v3_pred_32.pdb	0	5789	0.730231	A=A,B=B,C=C,D=D
8BWL-assembly1.cif	afm_basic_model_4_multimer_v1_pred_12.pdb	0	608	0.730231	A=C,B=B,C=A,D=D
8BWL-assembly1.cif	afm_dropout_noSM_woTemplates_model_3_multimer_v2_pred_66.pdb	0	4553	0.730231	A=C,B=B,C=A,D=D
8BWL-assembly1.cif	cf_dropout_full_woTemplates_model_2_multimer_v3_pred_24.pdb	0	6383	0.730213	A=C,B=D,C=A,D=B
8BWL-assembly1.cif	afm_dropout_full_woTemplates_model_3_multimer_v1_pred_10.pdb	0	2415	0.730213	A=C,B=B,C=A,D=D
8BWL-assembly1.cif	afm_basic_model_2_multimer_v1_pred_49.pdb	0	246	0.730213	A=C,B=B,C=A,D=D
8BWL-assembly1.cif	cf_dropout_full_woTemplates_model_3_multimer_v1_pred_16.pdb	0	6441	0.730204	A=A,B=D,C=C,D=B
8BWL-assembly1.cif	afm_dropout_full_woTemplates_model_2_multimer_v2_pred_29.pdb	0	2301	0.730199	A=C,B=D,C=A,D=B
8BWL-assembly1.cif	cf_dropout_full_woTemplates_model_5_multimer_v3_pred_3.pdb	0	6992	0.730195	A=C,B=B,C=A,D=D
8BWL-assembly1.cif	afm_dropout_full_model_3_multimer_v1_pred_65.pdb	0	1470	0.73019	A=A,B=D,C=C,D=B
8BWL-assembly1.cif	afm_woTemplates_model_4_multimer_v3_pred_27.pdb	0	5783	0.730189	A=A,B=D,C=C,D=B
8BWL-assembly1.cif	cf_dropout_full_woTemplates_model_5_multimer_v3_pred_20.pdb	0	6982	0.730185	A=A,B=B,C=C,D=D
8BWL-assembly1.cif	afm_woTemplates_model_3_multimer_v1_pred_60.pdb	0	5485	0.730176	A=A,B=D,C=C,D=B
8BWL-assembly1.cif	afm_dropout_noSM_woTemplates_model_4_multimer_v1_pred_63.pdb	0	4684	0.73016	A=C,B=B,C=A,D=D
8BWL-assembly1.cif	afm_woTemplates_model_3_multimer_v3_pred_32.pdb	0	5588	0.730154	A=C,B=D,C=A,D=B
8BWL-assembly1.cif	cf_dropout_full_woTemplates_model_2_multimer_v3_pred_51.pdb	0	6413	0.730147	A=C,B=D,C=A,D=B
8BWL-assembly1.cif	cf_dropout_full_woTemplates_model_1_multimer_v1_pred_5.pdb	0	6076	0.730142	A=A,B=D,C=C,D=B
8BWL-assembly1.cif	afm_dropout_full_model_4_multimer_v1_pred_40.pdb	0	1644	0.730138	A=A,B=B,C=C,D=D
8BWL-assembly1.cif	cf_dropout_full_woTemplates_model_5_multimer_v3_pred_19.pdb	0	6980	0.730133	A=A,B=B,C=C,D=D
8BWL-assembly1.cif	cf_woTemplates_model_3_multimer_v1_pred_40.pdb	0	7473	0.730132	A=C,B=B,C=A,D=D
8BWL-assembly1.cif	afm_dropout_full_model_4_multimer_v1_pred_56.pdb	0	1661	0.73013	A=C,B=B,C=A,D=D
8BWL-assembly1.cif	afm_dropout_full_model_3_multimer_v1_pred_25.pdb	0	1426	0.730119	A=C,B=B,C=A,D=D
8BWL-assembly1.cif	afm_woTemplates_model_4_multimer_v3_pred_17.pdb	0	5772	0.730118	A=C,B=D,C=A,D=B
8BWL-assembly1.cif	afm_dropout_noSM_woTemplates_model_3_multimer_v3_pred_3.pdb	0	4580	0.730113	A=A,B=D,C=C,D=B
8BWL-assembly1.cif	afm_dropout_full_model_3_multimer_v1_pred_60.pdb	0	1465	0.730109	A=A,B=B,C=C,D=D
8BWL-assembly1.cif	afm_dropout_noSM_woTemplates_model_4_multimer_v1_pred_34.pdb	0	4652	0.730096	A=A,B=D,C=C,D=B
8BWL-assembly1.cif	afm_dropout_full_model_4_multimer_v1_pred_23.pdb	0	1625	0.730093	A=C,B=B,C=A,D=D
8BWL-assembly1.cif	afm_dropout_noSM_woTemplates_model_3_multimer_v2_pred_38.pdb	0	4522	0.730086	A=A,B=D,C=C,D=B
8BWL-assembly1.cif	afm_woTemplates_model_3_multimer_v3_pred_46.pdb	0	5603	0.730081	A=C,B=D,C=A,D=B
8BWL-assembly1.cif	cf_woTemplates_model_3_multimer_v1_pred_51.pdb	0	7485	0.730079	A=C,B=B,C=A,D=D
8BWL-assembly1.cif	afm_dropout_full_model_2_multimer_v1_pred_18.pdb	0	1217	0.730073	A=A,B=D,C=C,D=B
8BWL-assembly1.cif	afm_dropout_full_woTemplates_model_5_multimer_v3_pred_39.pdb	0	2982	0.73007	A=A,B=B,C=C,D=D
8BWL-assembly1.cif	afm_dropout_full_model_2_multimer_v2_pred_31.pdb	0	1299	0.730059	A=C,B=D,C=A,D=B
8BWL-assembly1.cif	afm_dropout_full_woTemplates_model_3_multimer_v2_pred_54.pdb	0	2530	0.730054	A=C,B=D,C=A,D=B
8BWL-assembly1.cif	afm_woTemplates_model_4_multimer_v3_pred_62.pdb	0	5822	0.730049	A=C,B=B,C=A,D=D
8BWL-assembly1.cif	afm_dropout_full_model_1_multimer_v2_pred_34.pdb	0	1101	0.730045	A=A,B=D,C=C,D=B
8BWL-assembly1.cif	afm_dropout_noSM_woTemplates_model_3_multimer_v3_pred_46.pdb	0	4598	0.730043	A=C,B=B,C=A,D=D
8BWL-assembly1.cif	afm_woTemplates_model_4_multimer_v3_pred_64.pdb	0	5824	0.730037	A=A,B=B,C=C,D=D
8BWL-assembly1.cif	afm_woTemplates_model_3_multimer_v3_pred_3.pdb	0	5585	0.730026	A=A,B=B,C=C,D=D
8BWL-assembly1.cif	afm_dropout_full_woTemplates_model_4_multimer_v3_pred_50.pdb	0	2794	0.730021	A=C,B=D,C=A,D=B
8BWL-assembly1.cif	afm_woTemplates_model_4_multimer_v3_pred_25.pdb	0	5781	0.730019	A=A,B=D,C=C,D=B
8BWL-assembly1.cif	afm_dropout_full_woTemplates_r3_model_2_multimer_v3_pred_8.pdb	0	3416	0.730019	A=A,B=B,C=C,D=D
8BWL-assembly1.cif	afm_basic_model_2_multimer_v1_pred_21.pdb	0	216	0.730018	A=A,B=D,C=C,D=B
8BWL-assembly1.cif	cf_dropout_full_woTemplates_model_5_multimer_v3_pred_1.pdb	0	6970	0.729994	A=C,B=D,C=A,D=B
8BWL-assembly1.cif	afm_dropout_full_woTemplates_model_5_multimer_v3_pred_11.pdb	0	2952	0.729986	A=A,B=D,C=C,D=B
8BWL-assembly1.cif	afm_dropout_full_model_2_multimer_v1_pred_7.pdb	0	1271	0.729978	A=A,B=D,C=C,D=B
8BWL-assembly1.cif	afm_dropout_full_woTemplates_model_3_multimer_v2_pred_10.pdb	0	2482	0.729972	A=A,B=B,C=C,D=D
8BWL-assembly1.cif	afm_dropout_full_model_1_multimer_v1_pred_31.pdb	0	1031	0.72997	A=C,B=B,C=A,D=D
8BWL-assembly1.cif	afm_dropout_noSM_woTemplates_model_4_multimer_v3_pred_39.pdb	0	4791	0.729963	A=A,B=B,C=C,D=D
8BWL-assembly1.cif	afm_woTemplates_model_2_multimer_v1_pred_8.pdb	0	5292	0.729957	A=A,B=D,C=C,D=B
8BWL-assembly1.cif	afm_dropout_full_woTemplates_model_3_multimer_v2_pred_49.pdb	0	2524	0.729948	A=A,B=B,C=C,D=D
8BWL-assembly1.cif	cf_dropout_full_woTemplates_model_3_multimer_v1_pred_7.pdb	0	6497	0.729939	A=C,B=B,C=A,D=D
8BWL-assembly1.cif	afm_dropout_full_model_3_multimer_v1_pred_21.pdb	0	1422	0.729937	A=C,B=D,C=A,D=B
8BWL-assembly1.cif	afm_dropout_full_woTemplates_model_1_multimer_v3_pred_3.pdb	0	2168	0.729936	A=A,B=B,C=C,D=D
8BWL-assembly1.cif	afm_woTemplates_model_1_multimer_v3_pred_6.pdb	0	5216	0.729926	A=A,B=D,C=C,D=B
8BWL-assembly1.cif	afm_dropout_noSM_woTemplates_model_3_multimer_v3_pred_31.pdb	0	4582	0.729921	A=C,B=D,C=A,D=B
8BWL-assembly1.cif	afm_dropout_full_model_3_multimer_v1_pred_9.pdb	0	1474	0.729918	A=A,B=B,C=C,D=D
8BWL-assembly1.cif	afm_basic_model_5_multimer_v3_pred_24.pdb	0	956	0.729916	A=C,B=B,C=A,D=D
8BWL-assembly1.cif	afm_basic_model_2_multimer_v1_pred_4.pdb	0	236	0.729905	A=A,B=D,C=C,D=B
8BWL-assembly1.cif	afm_basic_model_4_multimer_v3_pred_39.pdb	0	771	0.729898	A=A,B=D,C=C,D=B
8BWL-assembly1.cif	afm_dropout_full_model_2_multimer_v2_pred_33.pdb	0	1301	0.729893	A=C,B=B,C=A,D=D
8BWL-assembly1.cif	afm_woTemplates_model_3_multimer_v2_pred_51.pdb	0	5542	0.729886	A=C,B=B,C=A,D=D
8BWL-assembly1.cif	afm_woTemplates_model_3_multimer_v3_pred_43.pdb	0	5600	0.729879	A=C,B=D,C=A,D=B
8BWL-assembly1.cif	afm_woTemplates_model_4_multimer_v1_pred_9.pdb	0	5695	0.729873	A=C,B=B,C=A,D=D
8BWL-assembly1.cif	cf_woTemplates_model_4_multimer_v3_pred_38.pdb	0	7805	0.729863	A=A,B=D,C=C,D=B
8BWL-assembly1.cif	afm_basic_model_5_multimer_v3_pred_56.pdb	0	991	0.729844	A=C,B=D,C=A,D=B
8BWL-assembly1.cif	cf_dropout_full_woTemplates_model_4_multimer_v1_pred_59.pdb	0	6689	0.729826	A=A,B=D,C=C,D=B
8BWL-assembly1.cif	afm_woTemplates_model_3_multimer_v2_pred_18.pdb	0	5505	0.729821	A=A,B=B,C=C,D=D
8BWL-assembly1.cif	afm_dropout_full_woTemplates_model_4_multimer_v3_pred_12.pdb	0	2752	0.729812	A=C,B=B,C=A,D=D
8BWL-assembly1.cif	afm_dropout_full_model_3_multimer_v3_pred_29.pdb	0	1564	0.729811	A=C,B=B,C=A,D=D
8BWL-assembly1.cif	afm_dropout_noSM_woTemplates_model_3_multimer_v2_pred_9.pdb	0	4556	0.729799	A=C,B=D,C=A,D=B
8BWL-assembly1.cif	afm_dropout_full_model_3_multimer_v1_pred_52.pdb	0	1456	0.729794	A=A,B=D,C=C,D=B
8BWL-assembly1.cif	afm_woTemplates_model_3_multimer_v3_pred_63.pdb	0	5622	0.729791	A=C,B=B,C=A,D=D
8BWL-assembly1.cif	afm_dropout_full_woTemplates_r3_model_2_multimer_v3_pred_57.pdb	0	3404	0.72979	A=C,B=B,C=A,D=D
8BWL-assembly1.cif	afm_dropout_full_model_1_multimer_v1_pred_51.pdb	0	1053	0.729784	A=A,B=D,C=C,D=B
8BWL-assembly1.cif	afm_dropout_noSM_woTemplates_model_3_multimer_v2_pred_45.pdb	0	4530	0.729776	A=A,B=B,C=C,D=D
8BWL-assembly1.cif	afm_dropout_full_woTemplates_r3_model_1_multimer_v3_pred_53.pdb	0	3199	0.729775	A=A,B=B,C=C,D=D
8BWL-assembly1.cif	afm_dropout_full_model_5_multimer_v3_pred_20.pdb	0	1957	0.729774	A=C,B=D,C=A,D=B
8BWL-assembly1.cif	afm_dropout_noSM_woTemplates_model_4_multimer_v1_pred_42.pdb	0	4661	0.729771	A=C,B=B,C=A,D=D
8BWL-assembly1.cif	afm_dropout_full_model_4_multimer_v2_pred_31.pdb	0	1701	0.729771	A=C,B=B,C=A,D=D
8BWL-assembly1.cif	cf_dropout_full_woTemplates_model_5_multimer_v3_pred_47.pdb	0	7011	0.729766	A=A,B=B,C=C,D=D
8BWL-assembly1.cif	afm_dropout_full_model_5_multimer_v1_pred_21.pdb	0	1824	0.729743	A=C,B=B,C=A,D=D
8BWL-assembly1.cif	afm_basic_model_5_multimer_v1_pred_40.pdb	0	840	0.72974	A=C,B=B,C=A,D=D
8BWL-assembly1.cif	afm_basic_model_5_multimer_v2_pred_54.pdb	0	922	0.729727	A=C,B=B,C=A,D=D
8BWL-assembly1.cif	afm_dropout_full_model_4_multimer_v2_pred_12.pdb	0	1680	0.729714	A=C,B=D,C=A,D=B
8BWL-assembly1.cif	afm_dropout_noSM_woTemplates_model_3_multimer_v2_pred_6.pdb	0	4546	0.729711	A=A,B=D,C=C,D=B
8BWL-assembly1.cif	afm_woTemplates_model_3_multimer_v2_pred_37.pdb	0	5526	0.729711	A=C,B=D,C=A,D=B
8BWL-assembly1.cif	afm_basic_model_5_multimer_v1_pred_27.pdb	0	825	0.729711	A=C,B=B,C=A,D=D
8BWL-assembly1.cif	afm_woTemplates_model_2_multimer_v1_pred_9.pdb	0	5293	0.729709	A=A,B=D,C=C,D=B
8BWL-assembly1.cif	cf_dropout_full_woTemplates_model_5_multimer_v3_pred_45.pdb	0	7009	0.729708	A=A,B=D,C=C,D=B
8BWL-assembly1.cif	afm_dropout_full_model_3_multimer_v1_pred_18.pdb	0	1418	0.729708	A=A,B=B,C=C,D=D
8BWL-assembly1.cif	afm_dropout_full_woTemplates_model_4_multimer_v3_pred_48.pdb	0	2791	0.729699	A=A,B=B,C=C,D=D
8BWL-assembly1.cif	afm_dropout_full_woTemplates_model_2_multimer_v1_pred_26.pdb	0	2231	0.729679	A=C,B=B,C=A,D=D
8BWL-assembly1.cif	afm_dropout_noSM_woTemplates_model_5_multimer_v3_pred_5.pdb	0	5004	0.729678	A=C,B=B,C=A,D=D
8BWL-assembly1.cif	afm_dropout_full_woTemplates_model_5_multimer_v3_pred_1.pdb	0	2950	0.729673	A=A,B=B,C=C,D=D
8BWL-assembly1.cif	afm_dropout_full_model_5_multimer_v1_pred_62.pdb	0	1869	0.729671	A=A,B=D,C=C,D=B
8BWL-assembly1.cif	afm_dropout_full_woTemplates_r3_model_5_multimer_v2_pred_40.pdb	0	3922	0.729658	A=C,B=B,C=A,D=D
8BWL-assembly1.cif	cf_woTemplates_model_1_multimer_v1_pred_30.pdb	0	7060	0.729653	A=A,B=D,C=C,D=B
8BWL-assembly1.cif	afm_dropout_full_woTemplates_model_3_multimer_v2_pred_45.pdb	0	2520	0.729642	A=C,B=B,C=A,D=D
8BWL-assembly1.cif	afm_dropout_full_woTemplates_model_4_multimer_v3_pred_58.pdb	0	2802	0.729627	A=A,B=D,C=C,D=B
8BWL-assembly1.cif	afm_woTemplates_model_3_multimer_v2_pred_34.pdb	0	5523	0.729622	A=C,B=B,C=A,D=D
8BWL-assembly1.cif	afm_dropout_full_model_5_multimer_v2_pred_17.pdb	0	1886	0.729617	A=C,B=B,C=A,D=D
8BWL-assembly1.cif	afm_woTemplates_model_4_multimer_v3_pred_26.pdb	0	5782	0.729609	A=C,B=B,C=A,D=D
8BWL-assembly1.cif	afm_woTemplates_model_1_multimer_v3_pred_19.pdb	0	5171	0.729606	A=A,B=D,C=C,D=B
8BWL-assembly1.cif	afm_woTemplates_model_3_multimer_v3_pred_60.pdb	0	5619	0.729606	A=C,B=D,C=A,D=B
8BWL-assembly1.cif	cf_dropout_full_woTemplates_model_3_multimer_v1_pred_9.pdb	0	6499	0.729597	A=A,B=D,C=C,D=B
8BWL-assembly1.cif	afm_dropout_noSM_woTemplates_model_3_multimer_v3_pred_34.pdb	0	4585	0.729597	A=A,B=B,C=C,D=D
8BWL-assembly1.cif	afm_woTemplates_model_4_multimer_v1_pred_51.pdb	0	5676	0.729595	A=C,B=D,C=A,D=B
8BWL-assembly1.cif	afm_dropout_full_model_2_multimer_v1_pred_55.pdb	0	1258	0.729585	A=C,B=B,C=A,D=D
8BWL-assembly1.cif	afm_basic_model_4_multimer_v1_pred_54.pdb	0	654	0.729582	A=A,B=D,C=C,D=B
8BWL-assembly1.cif	afm_dropout_noSM_woTemplates_model_2_multimer_v1_pred_63.pdb	0	4282	0.729582	A=A,B=D,C=C,D=B
8BWL-assembly1.cif	afm_woTemplates_model_3_multimer_v3_pred_59.pdb	0	5617	0.729578	A=C,B=B,C=A,D=D
8BWL-assembly1.cif	afm_dropout_full_model_2_multimer_v2_pred_17.pdb	0	1283	0.729578	A=C,B=B,C=A,D=D
8BWL-assembly1.cif	afm_dropout_full_woTemplates_model_5_multimer_v2_pred_35.pdb	0	2911	0.729578	A=A,B=B,C=C,D=D
8BWL-assembly1.cif	afm_dropout_full_model_2_multimer_v1_pred_10.pdb	0	1209	0.729574	A=A,B=D,C=C,D=B
8BWL-assembly1.cif	afm_dropout_full_woTemplates_r3_model_4_multimer_v3_pred_61.pdb	0	3811	0.729572	A=C,B=B,C=A,D=D
8BWL-assembly1.cif	afm_woTemplates_model_4_multimer_v3_pred_60.pdb	0	5820	0.729569	A=A,B=D,C=C,D=B
8BWL-assembly1.cif	afm_woTemplates_model_2_multimer_v2_pred_14.pdb	0	5300	0.729568	A=A,B=B,C=C,D=D
8BWL-assembly1.cif	afm_dropout_full_woTemplates_r3_model_4_multimer_v3_pred_16.pdb	0	3761	0.729564	A=A,B=D,C=C,D=B
8BWL-assembly1.cif	afm_dropout_noSM_woTemplates_model_4_multimer_v1_pred_3.pdb	0	4647	0.729564	A=A,B=D,C=C,D=B
8BWL-assembly1.cif	afm_dropout_noSM_woTemplates_model_1_multimer_v3_pred_10.pdb	0	4157	0.729563	A=A,B=D,C=C,D=B
8BWL-assembly1.cif	afm_woTemplates_model_3_multimer_v2_pred_7.pdb	0	5559	0.729563	A=A,B=D,C=C,D=B
8BWL-assembly1.cif	cf_dropout_full_woTemplates_model_5_multimer_v3_pred_5.pdb	0	7014	0.729559	A=A,B=D,C=C,D=B
8BWL-assembly1.cif	afm_dropout_noSM_woTemplates_model_2_multimer_v2_pred_49.pdb	0	4333	0.729557	A=A,B=B,C=C,D=D
8BWL-assembly1.cif	afm_woTemplates_model_3_multimer_v3_pred_33.pdb	0	5589	0.729548	A=C,B=B,C=A,D=D
8BWL-assembly1.cif	afm_dropout_full_woTemplates_model_3_multimer_v3_pred_55.pdb	0	2598	0.729543	A=A,B=D,C=C,D=B
8BWL-assembly1.cif	afm_woTemplates_model_3_multimer_v3_pred_56.pdb	0	5614	0.729539	A=C,B=B,C=A,D=D
8BWL-assembly1.cif	cf_dropout_full_woTemplates_model_3_multimer_v3_pred_13.pdb	0	6572	0.729525	A=C,B=B,C=A,D=D
8BWL-assembly1.cif	afm_woTemplates_model_3_multimer_v2_pred_40.pdb	0	5530	0.729523	A=A,B=D,C=C,D=B
8BWL-assembly1.cif	afm_dropout_noSM_woTemplates_model_3_multimer_v3_pred_45.pdb	0	4597	0.729516	A=A,B=D,C=C,D=B
8BWL-assembly1.cif	cf_woTemplates_model_5_multimer_v3_pred_64.pdb	0	8035	0.729505	A=A,B=B,C=C,D=D
8BWL-assembly1.cif	afm_woTemplates_model_3_multimer_v3_pred_65.pdb	0	5624	0.729503	A=A,B=B,C=C,D=D
8BWL-assembly1.cif	afm_dropout_full_woTemplates_r3_model_3_multimer_v2_pred_8.pdb	0	3550	0.729499	A=A,B=B,C=C,D=D
8BWL-assembly1.cif	afm_woTemplates_model_3_multimer_v3_pred_20.pdb	0	5575	0.729499	A=A,B=B,C=C,D=D
8BWL-assembly1.cif	cf_woTemplates_model_1_multimer_v1_pred_27.pdb	0	7056	0.729497	A=A,B=D,C=C,D=B
8BWL-assembly1.cif	afm_dropout_full_woTemplates_r3_model_3_multimer_v2_pred_30.pdb	0	3509	0.729496	A=C,B=D,C=A,D=B
8BWL-assembly1.cif	cf_woTemplates_model_1_multimer_v1_pred_34.pdb	0	7064	0.729494	A=C,B=B,C=A,D=D
8BWL-assembly1.cif	afm_dropout_noSM_woTemplates_model_1_multimer_v3_pred_50.pdb	0	4201	0.729488	A=C,B=D,C=A,D=B
8BWL-assembly1.cif	cf_woTemplates_model_4_multimer_v1_pred_50.pdb	0	7685	0.729473	A=C,B=B,C=A,D=D
8BWL-assembly1.cif	afm_dropout_full_model_5_multimer_v1_pred_26.pdb	0	1829	0.729469	A=C,B=B,C=A,D=D
8BWL-assembly1.cif	afm_woTemplates_model_3_multimer_v3_pred_36.pdb	0	5592	0.729467	A=A,B=D,C=C,D=B
8BWL-assembly1.cif	afm_dropout_noSM_woTemplates_model_3_multimer_v2_pred_24.pdb	0	4507	0.729455	A=A,B=B,C=C,D=D
8BWL-assembly1.cif	cf_dropout_full_woTemplates_model_5_multimer_v3_pred_40.pdb	0	7004	0.729444	A=C,B=D,C=A,D=B
8BWL-assembly1.cif	afm_dropout_full_model_5_multimer_v3_pred_10.pdb	0	1946	0.729388	A=A,B=D,C=C,D=B
8BWL-assembly1.cif	afm_basic_model_5_multimer_v3_pred_1.pdb	0	940	0.729385	A=C,B=B,C=A,D=D
8BWL-assembly1.cif	afm_dropout_full_woTemplates_model_1_multimer_v3_pred_56.pdb	0	2197	0.729373	A=A,B=B,C=C,D=D
8BWL-assembly1.cif	afm_dropout_full_woTemplates_model_3_multimer_v2_pred_14.pdb	0	2486	0.729366	A=C,B=D,C=A,D=B
8BWL-assembly1.cif	afm_dropout_full_woTemplates_model_3_multimer_v1_pred_0.pdb	0	2413	0.729358	A=A,B=D,C=C,D=B
8BWL-assembly1.cif	cf_woTemplates_model_2_multimer_v2_pred_38.pdb	0	7336	0.729348	A=A,B=B,C=C,D=D
8BWL-assembly1.cif	cf_woTemplates_model_5_multimer_v1_pred_51.pdb	0	7887	0.72933	A=C,B=B,C=A,D=D
8BWL-assembly1.cif	afm_dropout_full_model_3_multimer_v1_pred_30.pdb	0	1432	0.729321	A=A,B=B,C=C,D=D
8BWL-assembly1.cif	afm_woTemplates_model_3_multimer_v3_pred_12.pdb	0	5566	0.729317	A=A,B=D,C=C,D=B
8BWL-assembly1.cif	afm_dropout_full_woTemplates_model_4_multimer_v3_pred_27.pdb	0	2768	0.729312	A=A,B=B,C=C,D=D
8BWL-assembly1.cif	afm_dropout_noSM_woTemplates_model_2_multimer_v2_pred_48.pdb	0	4332	0.729307	A=A,B=B,C=C,D=D
8BWL-assembly1.cif	afm_dropout_full_model_3_multimer_v3_pred_46.pdb	0	1583	0.729304	A=C,B=D,C=A,D=B
8BWL-assembly1.cif	afm_dropout_full_woTemplates_r3_model_4_multimer_v3_pred_66.pdb	0	3816	0.729303	A=A,B=B,C=C,D=D
8BWL-assembly1.cif	cf_woTemplates_model_3_multimer_v1_pred_41.pdb	0	7474	0.729295	A=C,B=B,C=A,D=D
8BWL-assembly1.cif	cf_dropout_full_woTemplates_model_5_multimer_v3_pred_25.pdb	0	6987	0.729278	A=C,B=B,C=A,D=D
8BWL-assembly1.cif	afm_dropout_full_model_4_multimer_v2_pred_41.pdb	0	1712	0.729275	A=C,B=B,C=A,D=D
8BWL-assembly1.cif	afm_woTemplates_model_4_multimer_v3_pred_47.pdb	0	5805	0.729263	A=C,B=D,C=A,D=B
8BWL-assembly1.cif	afm_dropout_full_model_3_multimer_v1_pred_3.pdb	0	1431	0.729258	A=A,B=B,C=C,D=D
8BWL-assembly1.cif	cf_woTemplates_model_5_multimer_v3_pred_0.pdb	0	7974	0.729254	A=A,B=D,C=C,D=B
8BWL-assembly1.cif	afm_dropout_full_model_4_multimer_v3_pred_21.pdb	0	1757	0.729253	A=C,B=D,C=A,D=B
8BWL-assembly1.cif	cf_dropout_full_woTemplates_model_3_multimer_v1_pred_25.pdb	0	6451	0.729253	A=A,B=D,C=C,D=B
8BWL-assembly1.cif	afm_dropout_full_model_1_multimer_v1_pred_36.pdb	0	1036	0.729249	A=A,B=D,C=C,D=B
8BWL-assembly1.cif	cf_dropout_full_woTemplates_model_4_multimer_v3_pred_47.pdb	0	6810	0.729246	A=A,B=D,C=C,D=B
8BWL-assembly1.cif	afm_dropout_noSM_woTemplates_model_3_multimer_v3_pred_29.pdb	0	4579	0.729242	A=A,B=D,C=C,D=B
8BWL-assembly1.cif	afm_basic_model_4_multimer_v3_pred_26.pdb	0	757	0.729223	A=A,B=D,C=C,D=B
8BWL-assembly1.cif	cf_dropout_full_woTemplates_model_2_multimer_v2_pred_39.pdb	0	6332	0.729221	A=C,B=D,C=A,D=B
8BWL-assembly1.cif	afm_dropout_full_woTemplates_r3_model_3_multimer_v1_pred_20.pdb	0	3431	0.729212	A=A,B=D,C=C,D=B
8BWL-assembly1.cif	afm_basic_model_2_multimer_v1_pred_33.pdb	0	229	0.729204	A=A,B=D,C=C,D=B
8BWL-assembly1.cif	afm_dropout_noSM_woTemplates_model_3_multimer_v3_pred_51.pdb	0	4604	0.729195	A=C,B=D,C=A,D=B
8BWL-assembly1.cif	afm_dropout_full_woTemplates_model_3_multimer_v2_pred_50.pdb	0	2526	0.729193	A=C,B=B,C=A,D=D
8BWL-assembly1.cif	afm_dropout_full_woTemplates_r3_model_4_multimer_v3_pred_11.pdb	0	3756	0.72919	A=C,B=D,C=A,D=B
8BWL-assembly1.cif	cf_woTemplates_model_4_multimer_v3_pred_9.pdb	0	7839	0.729181	A=C,B=B,C=A,D=D
8BWL-assembly1.cif	afm_basic_model_4_multimer_v1_pred_27.pdb	0	624	0.729173	A=A,B=B,C=C,D=D
8BWL-assembly1.cif	afm_woTemplates_model_3_multimer_v2_pred_41.pdb	0	5531	0.729165	A=A,B=B,C=C,D=D
8BWL-assembly1.cif	afm_woTemplates_model_4_multimer_v3_pred_57.pdb	0	5816	0.729162	A=C,B=D,C=A,D=B
8BWL-assembly1.cif	afm_dropout_noSM_woTemplates_model_3_multimer_v3_pred_15.pdb	0	4564	0.729157	A=A,B=B,C=C,D=D
8BWL-assembly1.cif	afm_dropout_noSM_woTemplates_model_3_multimer_v3_pred_53.pdb	0	4606	0.729146	A=A,B=B,C=C,D=D
8BWL-assembly1.cif	afm_basic_model_5_multimer_v2_pred_56.pdb	0	924	0.729141	A=A,B=D,C=C,D=B
8BWL-assembly1.cif	afm_dropout_noSM_woTemplates_model_5_multimer_v2_pred_33.pdb	0	4919	0.729139	A=A,B=D,C=C,D=B
8BWL-assembly1.cif	afm_dropout_noSM_woTemplates_model_3_multimer_v3_pred_40.pdb	0	4592	0.729135	A=C,B=D,C=A,D=B
8BWL-assembly1.cif	afm_woTemplates_model_3_multimer_v1_pred_37.pdb	0	5459	0.729127	A=C,B=B,C=A,D=D
8BWL-assembly1.cif	afm_dropout_full_woTemplates_r3_model_2_multimer_v3_pred_41.pdb	0	3387	0.729125	A=A,B=B,C=C,D=D
8BWL-assembly1.cif	afm_dropout_noSM_woTemplates_model_4_multimer_v3_pred_20.pdb	0	4771	0.729125	A=C,B=D,C=A,D=B
8BWL-assembly1.cif	afm_dropout_noSM_woTemplates_model_1_multimer_v3_pred_39.pdb	0	4188	0.72912	A=A,B=B,C=C,D=D
8BWL-assembly1.cif	afm_woTemplates_model_3_multimer_v3_pred_44.pdb	0	5601	0.72911	A=A,B=B,C=C,D=D
8BWL-assembly1.cif	afm_woTemplates_model_3_multimer_v3_pred_6.pdb	0	5618	0.729107	A=C,B=B,C=A,D=D
8BWL-assembly1.cif	afm_woTemplates_model_4_multimer_v3_pred_34.pdb	0	5791	0.729096	A=A,B=D,C=C,D=B
8BWL-assembly1.cif	afm_woTemplates_model_4_multimer_v3_pred_35.pdb	0	5792	0.729092	A=C,B=B,C=A,D=D
8BWL-assembly1.cif	afm_dropout_noSM_woTemplates_model_4_multimer_v3_pred_38.pdb	0	4790	0.729088	A=A,B=D,C=C,D=B
8BWL-assembly1.cif	cf_dropout_full_woTemplates_model_4_multimer_v1_pred_14.pdb	0	6640	0.729075	A=A,B=D,C=C,D=B
8BWL-assembly1.cif	afm_dropout_noSM_woTemplates_model_3_multimer_v2_pred_21.pdb	0	4504	0.729057	A=C,B=B,C=A,D=D
8BWL-assembly1.cif	afm_woTemplates_model_4_multimer_v3_pred_59.pdb	0	5818	0.729055	A=C,B=B,C=A,D=D
8BWL-assembly1.cif	afm_dropout_full_woTemplates_model_4_multimer_v3_pred_31.pdb	0	2773	0.729048	A=A,B=B,C=C,D=D
8BWL-assembly1.cif	afm_woTemplates_model_3_multimer_v2_pred_17.pdb	0	5504	0.729047	A=C,B=B,C=A,D=D
8BWL-assembly1.cif	afm_dropout_noSM_woTemplates_model_2_multimer_v2_pred_2.pdb	0	4301	0.729041	A=A,B=B,C=C,D=D
8BWL-assembly1.cif	afm_dropout_noSM_woTemplates_model_1_multimer_v3_pred_66.pdb	0	4218	0.729018	A=A,B=B,C=C,D=D
8BWL-assembly1.cif	afm_woTemplates_model_4_multimer_v3_pred_61.pdb	0	5821	0.729011	A=C,B=D,C=A,D=B
8BWL-assembly1.cif	afm_dropout_noSM_woTemplates_model_3_multimer_v2_pred_11.pdb	0	4493	0.72901	A=C,B=B,C=A,D=D
8BWL-assembly1.cif	afm_dropout_noSM_woTemplates_model_2_multimer_v2_pred_3.pdb	0	4312	0.729009	A=C,B=D,C=A,D=B
8BWL-assembly1.cif	afm_dropout_full_woTemplates_r3_model_5_multimer_v3_pred_15.pdb	0	3961	0.729001	A=C,B=D,C=A,D=B
8BWL-assembly1.cif	cf_woTemplates_model_5_multimer_v1_pred_32.pdb	0	7866	0.728999	A=A,B=D,C=C,D=B
8BWL-assembly1.cif	afm_dropout_full_woTemplates_model_4_multimer_v3_pred_37.pdb	0	2779	0.728994	A=C,B=B,C=A,D=D
8BWL-assembly1.cif	afm_dropout_full_woTemplates_model_3_multimer_v3_pred_63.pdb	0	2607	0.728983	A=C,B=D,C=A,D=B
8BWL-assembly1.cif	afm_dropout_full_model_5_multimer_v1_pred_1.pdb	0	1811	0.728979	A=C,B=B,C=A,D=D
8BWL-assembly1.cif	afm_dropout_full_model_5_multimer_v1_pred_37.pdb	0	1841	0.728975	A=A,B=D,C=C,D=B
8BWL-assembly1.cif	afm_dropout_full_woTemplates_r3_model_5_multimer_v3_pred_39.pdb	0	3987	0.728974	A=C,B=D,C=A,D=B
8BWL-assembly1.cif	afm_dropout_noSM_woTemplates_model_3_multimer_v3_pred_5.pdb	0	4602	0.728972	A=A,B=B,C=C,D=D
8BWL-assembly1.cif	afm_basic_model_3_multimer_v1_pred_56.pdb	0	455	0.728966	A=C,B=B,C=A,D=D
8BWL-assembly1.cif	cf_dropout_full_woTemplates_model_4_multimer_v1_pred_56.pdb	0	6686	0.728963	A=C,B=B,C=A,D=D
8BWL-assembly1.cif	afm_dropout_full_model_4_multimer_v1_pred_24.pdb	0	1626	0.728942	A=C,B=B,C=A,D=D
8BWL-assembly1.cif	afm_dropout_noSM_woTemplates_model_2_multimer_v2_pred_34.pdb	0	4317	0.728941	A=C,B=B,C=A,D=D
8BWL-assembly1.cif	cf_woTemplates_model_5_multimer_v3_pred_19.pdb	0	7985	0.728938	A=A,B=D,C=C,D=B
8BWL-assembly1.cif	afm_dropout_noSM_woTemplates_model_3_multimer_v2_pred_40.pdb	0	4525	0.728934	A=A,B=D,C=C,D=B
8BWL-assembly1.cif	afm_dropout_full_woTemplates_model_3_multimer_v3_pred_8.pdb	0	2612	0.728915	A=A,B=B,C=C,D=D
8BWL-assembly1.cif	cf_woTemplates_model_5_multimer_v3_pred_55.pdb	0	8025	0.728896	A=A,B=B,C=C,D=D
8BWL-assembly1.cif	afm_dropout_full_model_1_multimer_v1_pred_1.pdb	0	1007	0.728889	A=C,B=B,C=A,D=D
8BWL-assembly1.cif	cf_dropout_full_woTemplates_model_3_multimer_v1_pred_65.pdb	0	6495	0.728882	A=C,B=B,C=A,D=D
8BWL-assembly1.cif	afm_basic_model_3_multimer_v1_pred_17.pdb	0	412	0.728862	A=A,B=D,C=C,D=B
8BWL-assembly1.cif	afm_basic_model_3_multimer_v1_pred_9.pdb	0	469	0.728854	A=A,B=B,C=C,D=D
8BWL-assembly1.cif	afm_woTemplates_model_2_multimer_v1_pred_35.pdb	0	5256	0.728843	A=A,B=D,C=C,D=B
8BWL-assembly1.cif	afm_dropout_noSM_woTemplates_model_5_multimer_v3_pred_18.pdb	0	4969	0.728809	A=C,B=D,C=A,D=B
8BWL-assembly1.cif	afm_dropout_full_model_2_multimer_v1_pred_63.pdb	0	1267	0.728802	A=A,B=D,C=C,D=B
8BWL-assembly1.cif	afm_dropout_noSM_woTemplates_model_3_multimer_v2_pred_5.pdb	0	4535	0.728799	A=A,B=B,C=C,D=D
8BWL-assembly1.cif	afm_woTemplates_model_4_multimer_v3_pred_53.pdb	0	5812	0.728793	A=C,B=D,C=A,D=B
8BWL-assembly1.cif	afm_dropout_full_woTemplates_model_3_multimer_v3_pred_48.pdb	0	2590	0.72878	A=C,B=B,C=A,D=D
8BWL-assembly1.cif	afm_woTemplates_model_3_multimer_v3_pred_48.pdb	0	5605	0.728778	A=A,B=D,C=C,D=B
8BWL-assembly1.cif	afm_basic_model_5_multimer_v3_pred_30.pdb	0	963	0.72876	A=C,B=B,C=A,D=D
8BWL-assembly1.cif	afm_dropout_noSM_woTemplates_model_1_multimer_v3_pred_16.pdb	0	4163	0.728744	A=C,B=B,C=A,D=D
8BWL-assembly1.cif	afm_dropout_noSM_woTemplates_model_2_multimer_v2_pred_43.pdb	0	4327	0.728732	A=C,B=B,C=A,D=D
8BWL-assembly1.cif	afm_woTemplates_model_3_multimer_v3_pred_40.pdb	0	5597	0.728706	A=C,B=D,C=A,D=B
8BWL-assembly1.cif	afm_basic_model_1_multimer_v1_pred_29.pdb	0	23	0.7287	A=A,B=D,C=C,D=B
8BWL-assembly1.cif	afm_dropout_noSM_woTemplates_model_3_multimer_v2_pred_22.pdb	0	4505	0.728683	A=C,B=D,C=A,D=B
8BWL-assembly1.cif	afm_dropout_full_model_2_multimer_v2_pred_11.pdb	0	1277	0.728671	A=C,B=B,C=A,D=D
8BWL-assembly1.cif	afm_woTemplates_model_4_multimer_v1_pred_61.pdb	0	5687	0.728667	A=A,B=D,C=C,D=B
8BWL-assembly1.cif	cf_woTemplates_model_5_multimer_v3_pred_48.pdb	0	8017	0.728666	A=A,B=B,C=C,D=D
8BWL-assembly1.cif	afm_basic_model_4_multimer_v1_pred_47.pdb	0	646	0.728665	A=A,B=D,C=C,D=B
8BWL-assembly1.cif	cf_dropout_full_woTemplates_model_1_multimer_v1_pred_35.pdb	0	6060	0.728651	A=C,B=B,C=A,D=D
8BWL-assembly1.cif	afm_dropout_full_woTemplates_model_1_multimer_v3_pred_64.pdb	0	2206	0.728636	A=C,B=B,C=A,D=D
8BWL-assembly1.cif	afm_dropout_full_woTemplates_r3_model_4_multimer_v3_pred_25.pdb	0	3771	0.728619	A=A,B=B,C=C,D=D
8BWL-assembly1.cif	afm_dropout_full_woTemplates_model_2_multimer_v2_pred_38.pdb	0	2311	0.728601	A=A,B=D,C=C,D=B
8BWL-assembly1.cif	afm_dropout_full_model_3_multimer_v1_pred_59.pdb	0	1463	0.728601	A=C,B=D,C=A,D=B
8BWL-assembly1.cif	cf_woTemplates_model_3_multimer_v1_pred_54.pdb	0	7488	0.728597	A=A,B=D,C=C,D=B
8BWL-assembly1.cif	afm_dropout_noSM_woTemplates_model_3_multimer_v3_pred_42.pdb	0	4594	0.728594	A=A,B=D,C=C,D=B
8BWL-assembly1.cif	cf_woTemplates_model_3_multimer_v3_pred_39.pdb	0	7605	0.728587	A=C,B=D,C=A,D=B
8BWL-assembly1.cif	afm_dropout_noSM_woTemplates_model_4_multimer_v1_pred_50.pdb	0	4670	0.728586	A=A,B=D,C=C,D=B
8BWL-assembly1.cif	afm_dropout_full_woTemplates_r3_model_4_multimer_v3_pred_40.pdb	0	3788	0.728579	A=A,B=D,C=C,D=B
8BWL-assembly1.cif	afm_dropout_full_model_4_multimer_v1_pred_11.pdb	0	1612	0.728577	A=C,B=B,C=A,D=D
8BWL-assembly1.cif	afm_dropout_noSM_woTemplates_model_5_multimer_v3_pred_3.pdb	0	4982	0.728572	A=C,B=B,C=A,D=D
8BWL-assembly1.cif	afm_dropout_full_woTemplates_r3_model_4_multimer_v3_pred_5.pdb	0	3798	0.72857	A=C,B=D,C=A,D=B
8BWL-assembly1.cif	afm_dropout_full_woTemplates_r3_model_4_multimer_v3_pred_47.pdb	0	3795	0.728548	A=C,B=D,C=A,D=B
8BWL-assembly1.cif	afm_dropout_full_model_4_multimer_v1_pred_0.pdb	0	1609	0.728542	A=A,B=D,C=C,D=B
8BWL-assembly1.cif	afm_dropout_full_woTemplates_model_3_multimer_v1_pred_38.pdb	0	2445	0.728541	A=C,B=B,C=A,D=D
8BWL-assembly1.cif	afm_dropout_noSM_woTemplates_model_2_multimer_v3_pred_8.pdb	0	4421	0.728534	A=A,B=B,C=C,D=D
8BWL-assembly1.cif	afm_dropout_noSM_woTemplates_model_3_multimer_v3_pred_7.pdb	0	4621	0.728526	A=C,B=B,C=A,D=D
8BWL-assembly1.cif	afm_dropout_noSM_woTemplates_model_3_multimer_v2_pred_3.pdb	0	4513	0.728515	A=C,B=D,C=A,D=B
8BWL-assembly1.cif	afm_dropout_noSM_woTemplates_model_2_multimer_v1_pred_29.pdb	0	4244	0.728506	A=A,B=D,C=C,D=B
8BWL-assembly1.cif	afm_dropout_full_model_4_multimer_v1_pred_58.pdb	0	1663	0.728497	A=A,B=D,C=C,D=B
8BWL-assembly1.cif	afm_dropout_full_woTemplates_r3_model_4_multimer_v3_pred_31.pdb	0	3778	0.728494	A=C,B=B,C=A,D=D
8BWL-assembly1.cif	afm_dropout_noSM_woTemplates_model_4_multimer_v3_pred_9.pdb	0	4824	0.728491	A=A,B=B,C=C,D=D
8BWL-assembly1.cif	cf_woTemplates_model_5_multimer_v3_pred_5.pdb	0	8019	0.728486	A=A,B=B,C=C,D=D
8BWL-assembly1.cif	afm_dropout_noSM_woTemplates_model_3_multimer_v2_pred_49.pdb	0	4534	0.728481	A=C,B=D,C=A,D=B
8BWL-assembly1.cif	cf_dropout_full_woTemplates_model_2_multimer_v1_pred_30.pdb	0	6256	0.72846	A=A,B=D,C=C,D=B
8BWL-assembly1.cif	afm_basic_model_4_multimer_v3_pred_13.pdb	0	743	0.728453	A=A,B=D,C=C,D=B
8BWL-assembly1.cif	cf_dropout_full_woTemplates_model_5_multimer_v3_pred_56.pdb	0	7021	0.728452	A=C,B=D,C=A,D=B
8BWL-assembly1.cif	afm_dropout_noSM_woTemplates_model_3_multimer_v3_pred_13.pdb	0	4562	0.728449	A=C,B=D,C=A,D=B
8BWL-assembly1.cif	afm_dropout_full_woTemplates_model_4_multimer_v3_pred_60.pdb	0	2805	0.728433	A=C,B=B,C=A,D=D
8BWL-assembly1.cif	afm_dropout_noSM_woTemplates_model_5_multimer_v3_pred_21.pdb	0	4973	0.728426	A=A,B=B,C=C,D=D
8BWL-assembly1.cif	afm_dropout_full_model_5_multimer_v3_pred_60.pdb	0	2001	0.728413	A=A,B=B,C=C,D=D
8BWL-assembly1.cif	cf_woTemplates_model_3_multimer_v1_pred_39.pdb	0	7471	0.728411	A=C,B=B,C=A,D=D
8BWL-assembly1.cif	cf_dropout_full_woTemplates_model_1_multimer_v1_pred_60.pdb	0	6088	0.728403	A=A,B=D,C=C,D=B
8BWL-assembly1.cif	afm_dropout_full_woTemplates_model_3_multimer_v3_pred_58.pdb	0	2601	0.72839	A=C,B=B,C=A,D=D
8BWL-assembly1.cif	cf_dropout_full_woTemplates_model_3_multimer_v1_pred_33.pdb	0	6460	0.728384	A=A,B=D,C=C,D=B
8BWL-assembly1.cif	afm_dropout_full_woTemplates_r3_model_1_multimer_v3_pred_29.pdb	0	3172	0.728382	A=A,B=B,C=C,D=D
8BWL-assembly1.cif	afm_dropout_noSM_woTemplates_model_4_multimer_v3_pred_27.pdb	0	4778	0.72838	A=A,B=D,C=C,D=B
8BWL-assembly1.cif	afm_basic_model_5_multimer_v2_pred_8.pdb	0	937	0.728355	A=A,B=B,C=C,D=D
8BWL-assembly1.cif	afm_dropout_full_woTemplates_r3_model_5_multimer_v3_pred_11.pdb	0	3957	0.728335	A=C,B=B,C=A,D=D
8BWL-assembly1.cif	afm_dropout_noSM_woTemplates_model_4_multimer_v3_pred_18.pdb	0	4768	0.728311	A=C,B=D,C=A,D=B
8BWL-assembly1.cif	afm_dropout_full_model_2_multimer_v2_pred_46.pdb	0	1315	0.728307	A=A,B=D,C=C,D=B
8BWL-assembly1.cif	afm_basic_model_5_multimer_v3_pred_11.pdb	0	942	0.728285	A=C,B=D,C=A,D=B
8BWL-assembly1.cif	afm_dropout_full_model_4_multimer_v1_pred_65.pdb	0	1671	0.728279	A=A,B=D,C=C,D=B
8BWL-assembly1.cif	afm_dropout_noSM_woTemplates_model_3_multimer_v3_pred_39.pdb	0	4590	0.728276	A=C,B=D,C=A,D=B
8BWL-assembly1.cif	afm_dropout_full_model_4_multimer_v1_pred_15.pdb	0	1616	0.728273	A=A,B=D,C=C,D=B
8BWL-assembly1.cif	afm_dropout_full_woTemplates_model_3_multimer_v2_pred_28.pdb	0	2501	0.728254	A=C,B=B,C=A,D=D
8BWL-assembly1.cif	afm_dropout_full_woTemplates_model_4_multimer_v3_pred_16.pdb	0	2756	0.72825	A=C,B=B,C=A,D=D
8BWL-assembly1.cif	afm_dropout_full_woTemplates_model_4_multimer_v3_pred_28.pdb	0	2769	0.728244	A=C,B=D,C=A,D=B
8BWL-assembly1.cif	cf_woTemplates_model_3_multimer_v1_pred_32.pdb	0	7464	0.728238	A=C,B=B,C=A,D=D
8BWL-assembly1.cif	afm_woTemplates_model_3_multimer_v3_pred_14.pdb	0	5568	0.728238	A=C,B=D,C=A,D=B
8BWL-assembly1.cif	afm_woTemplates_model_1_multimer_v3_pred_38.pdb	0	5192	0.728226	A=C,B=D,C=A,D=B
8BWL-assembly1.cif	afm_woTemplates_model_5_multimer_v3_pred_22.pdb	0	5979	0.728224	A=C,B=D,C=A,D=B
8BWL-assembly1.cif	afm_woTemplates_model_4_multimer_v3_pred_39.pdb	0	5796	0.728217	A=A,B=B,C=C,D=D
8BWL-assembly1.cif	afm_woTemplates_model_3_multimer_v2_pred_35.pdb	0	5524	0.728213	A=C,B=D,C=A,D=B
8BWL-assembly1.cif	afm_dropout_full_woTemplates_r3_model_5_multimer_v3_pred_17.pdb	0	3963	0.728208	A=A,B=D,C=C,D=B
8BWL-assembly1.cif	afm_dropout_full_woTemplates_r3_model_5_multimer_v3_pred_42.pdb	0	3991	0.728208	A=C,B=D,C=A,D=B
8BWL-assembly1.cif	afm_dropout_full_woTemplates_r3_model_4_multimer_v3_pred_42.pdb	0	3790	0.728206	A=C,B=B,C=A,D=D
8BWL-assembly1.cif	afm_dropout_full_woTemplates_model_3_multimer_v2_pred_37.pdb	0	2511	0.728203	A=A,B=B,C=C,D=D
8BWL-assembly1.cif	afm_dropout_full_woTemplates_r3_model_3_multimer_v3_pred_30.pdb	0	3576	0.728202	A=C,B=B,C=A,D=D
8BWL-assembly1.cif	afm_dropout_full_model_1_multimer_v1_pred_54.pdb	0	1056	0.728198	A=A,B=D,C=C,D=B
8BWL-assembly1.cif	afm_dropout_noSM_woTemplates_model_5_multimer_v3_pred_2.pdb	0	4971	0.728197	A=A,B=B,C=C,D=D
8BWL-assembly1.cif	afm_dropout_full_woTemplates_model_4_multimer_v3_pred_65.pdb	0	2810	0.728196	A=A,B=B,C=C,D=D
8BWL-assembly1.cif	afm_woTemplates_model_1_multimer_v3_pred_34.pdb	0	5188	0.72819	A=C,B=D,C=A,D=B
8BWL-assembly1.cif	afm_woTemplates_model_4_multimer_v3_pred_18.pdb	0	5773	0.728173	A=C,B=B,C=A,D=D
8BWL-assembly1.cif	afm_basic_model_4_multimer_v1_pred_56.pdb	0	656	0.728161	A=A,B=B,C=C,D=D
8BWL-assembly1.cif	afm_dropout_full_woTemplates_model_2_multimer_v1_pred_7.pdb	0	2276	0.728158	A=A,B=B,C=C,D=D
8BWL-assembly1.cif	afm_basic_model_4_multimer_v1_pred_7.pdb	0	668	0.72815	A=C,B=B,C=A,D=D
8BWL-assembly1.cif	afm_dropout_full_woTemplates_model_1_multimer_v3_pred_10.pdb	0	2147	0.728146	A=A,B=B,C=C,D=D
8BWL-assembly1.cif	afm_basic_model_1_multimer_v1_pred_25.pdb	0	19	0.728137	A=C,B=B,C=A,D=D
8BWL-assembly1.cif	cf_dropout_full_woTemplates_model_2_multimer_v2_pred_14.pdb	0	6305	0.728136	A=C,B=B,C=A,D=D
8BWL-assembly1.cif	afm_dropout_noSM_woTemplates_model_3_multimer_v1_pred_35.pdb	0	4452	0.728132	A=C,B=B,C=A,D=D
8BWL-assembly1.cif	afm_woTemplates_model_4_multimer_v3_pred_30.pdb	0	5787	0.728129	A=C,B=B,C=A,D=D
8BWL-assembly1.cif	afm_woTemplates_model_3_multimer_v2_pred_2.pdb	0	5507	0.728122	A=A,B=D,C=C,D=B
8BWL-assembly1.cif	afm_basic_model_2_multimer_v1_pred_63.pdb	0	262	0.728119	A=C,B=B,C=A,D=D
8BWL-assembly1.cif	afm_dropout_noSM_woTemplates_model_1_multimer_v3_pred_59.pdb	0	4210	0.728116	A=A,B=D,C=C,D=B
8BWL-assembly1.cif	afm_dropout_full_woTemplates_r3_model_5_multimer_v3_pred_51.pdb	0	4001	0.728113	A=C,B=D,C=A,D=B
8BWL-assembly1.cif	afm_dropout_full_model_3_multimer_v1_pred_44.pdb	0	1447	0.728109	A=C,B=B,C=A,D=D
8BWL-assembly1.cif	afm_woTemplates_model_2_multimer_v1_pred_61.pdb	0	5285	0.728107	A=C,B=D,C=A,D=B
8BWL-assembly1.cif	afm_woTemplates_model_3_multimer_v2_pred_66.pdb	0	5558	0.728097	A=A,B=B,C=C,D=D
8BWL-assembly1.cif	cf_woTemplates_model_2_multimer_v2_pred_42.pdb	0	7341	0.728034	A=C,B=B,C=A,D=D
8BWL-assembly1.cif	afm_dropout_full_woTemplates_model_1_multimer_v1_pred_6.pdb	0	2067	0.728032	A=C,B=B,C=A,D=D
8BWL-assembly1.cif	afm_dropout_full_woTemplates_r3_model_3_multimer_v2_pred_9.pdb	0	3551	0.728032	A=C,B=D,C=A,D=B
8BWL-assembly1.cif	afm_woTemplates_model_3_multimer_v2_pred_24.pdb	0	5512	0.72802	A=C,B=D,C=A,D=B
8BWL-assembly1.cif	afm_woTemplates_model_3_multimer_v3_pred_61.pdb	0	5620	0.728018	A=A,B=D,C=C,D=B
8BWL-assembly1.cif	afm_woTemplates_model_3_multimer_v3_pred_23.pdb	0	5578	0.728017	A=A,B=D,C=C,D=B
8BWL-assembly1.cif	afm_dropout_noSM_woTemplates_model_3_multimer_v2_pred_44.pdb	0	4529	0.728	A=C,B=D,C=A,D=B
8BWL-assembly1.cif	cf_woTemplates_model_3_multimer_v1_pred_33.pdb	0	7465	0.728	A=C,B=B,C=A,D=D
8BWL-assembly1.cif	cf_woTemplates_model_3_multimer_v1_pred_37.pdb	0	7469	0.727985	A=A,B=B,C=C,D=D
8BWL-assembly1.cif	afm_dropout_noSM_woTemplates_model_4_multimer_v3_pred_62.pdb	0	4817	0.727982	A=A,B=B,C=C,D=D
8BWL-assembly1.cif	afm_basic_model_5_multimer_v1_pred_1.pdb	0	806	0.727969	A=A,B=D,C=C,D=B
8BWL-assembly1.cif	afm_dropout_full_model_5_multimer_v1_pred_8.pdb	0	1875	0.72795	A=C,B=B,C=A,D=D
8BWL-assembly1.cif	afm_dropout_full_model_5_multimer_v3_pred_2.pdb	0	1956	0.727944	A=A,B=D,C=C,D=B
8BWL-assembly1.cif	afm_dropout_full_woTemplates_model_4_multimer_v3_pred_43.pdb	0	2786	0.727936	A=A,B=B,C=C,D=D
8BWL-assembly1.cif	cf_dropout_full_woTemplates_model_3_multimer_v3_pred_11.pdb	0	6570	0.727925	A=A,B=B,C=C,D=D
8BWL-assembly1.cif	afm_woTemplates_model_3_multimer_v2_pred_19.pdb	0	5506	0.727916	A=C,B=B,C=A,D=D
8BWL-assembly1.cif	cf_woTemplates_model_4_multimer_v3_pred_39.pdb	0	7806	0.727912	A=C,B=D,C=A,D=B
8BWL-assembly1.cif	afm_dropout_full_woTemplates_r3_model_4_multimer_v3_pred_63.pdb	0	3813	0.727911	A=C,B=D,C=A,D=B
8BWL-assembly1.cif	afm_dropout_full_model_3_multimer_v1_pred_36.pdb	0	1438	0.727901	A=A,B=B,C=C,D=D
8BWL-assembly1.cif	afm_dropout_full_model_5_multimer_v1_pred_30.pdb	0	1834	0.727894	A=A,B=D,C=C,D=B
8BWL-assembly1.cif	afm_dropout_full_model_2_multimer_v1_pred_17.pdb	0	1216	0.727892	A=C,B=B,C=A,D=D
8BWL-assembly1.cif	afm_dropout_full_model_4_multimer_v2_pred_38.pdb	0	1708	0.727874	A=C,B=D,C=A,D=B
8BWL-assembly1.cif	afm_woTemplates_model_3_multimer_v2_pred_25.pdb	0	5513	0.727869	A=C,B=B,C=A,D=D
8BWL-assembly1.cif	afm_basic_model_5_multimer_v1_pred_62.pdb	0	864	0.727869	A=C,B=B,C=A,D=D
8BWL-assembly1.cif	afm_dropout_full_model_1_multimer_v1_pred_49.pdb	0	1050	0.727866	A=C,B=B,C=A,D=D
8BWL-assembly1.cif	afm_dropout_noSM_woTemplates_model_2_multimer_v2_pred_18.pdb	0	4299	0.727857	A=C,B=D,C=A,D=B
8BWL-assembly1.cif	afm_dropout_full_woTemplates_model_1_multimer_v3_pred_36.pdb	0	2175	0.727854	A=C,B=B,C=A,D=D
8BWL-assembly1.cif	afm_dropout_noSM_woTemplates_model_3_multimer_v2_pred_7.pdb	0	4554	0.727839	A=A,B=D,C=C,D=B
8BWL-assembly1.cif	afm_dropout_full_woTemplates_model_4_multimer_v1_pred_60.pdb	0	2671	0.727833	A=A,B=D,C=C,D=B
8BWL-assembly1.cif	afm_dropout_full_model_2_multimer_v1_pred_52.pdb	0	1255	0.727826	A=C,B=B,C=A,D=D
8BWL-assembly1.cif	afm_woTemplates_model_3_multimer_v2_pred_60.pdb	0	5552	0.727816	A=A,B=B,C=C,D=D
8BWL-assembly1.cif	cf_dropout_full_woTemplates_model_5_multimer_v3_pred_8.pdb	0	7034	0.727814	A=A,B=B,C=C,D=D
8BWL-assembly1.cif	cf_dropout_full_woTemplates_model_1_multimer_v1_pred_31.pdb	0	6056	0.727795	A=C,B=D,C=A,D=B
8BWL-assembly1.cif	cf_dropout_full_woTemplates_model_3_multimer_v3_pred_0.pdb	0	6567	0.727794	A=A,B=D,C=C,D=B
8BWL-assembly1.cif	afm_woTemplates_model_3_multimer_v1_pred_5.pdb	0	5473	0.727784	A=C,B=D,C=A,D=B
8BWL-assembly1.cif	afm_dropout_full_woTemplates_r3_model_5_multimer_v3_pred_47.pdb	0	3996	0.727778	A=A,B=B,C=C,D=D
8BWL-assembly1.cif	afm_dropout_full_model_4_multimer_v2_pred_19.pdb	0	1687	0.727776	A=C,B=B,C=A,D=D
8BWL-assembly1.cif	afm_dropout_full_model_4_multimer_v2_pred_26.pdb	0	1695	0.727774	A=A,B=B,C=C,D=D
8BWL-assembly1.cif	afm_dropout_noSM_woTemplates_model_3_multimer_v2_pred_26.pdb	0	4509	0.727766	A=C,B=B,C=A,D=D
8BWL-assembly1.cif	afm_dropout_full_model_3_multimer_v3_pred_62.pdb	0	1601	0.727763	A=A,B=D,C=C,D=B
8BWL-assembly1.cif	afm_dropout_noSM_woTemplates_model_5_multimer_v2_pred_32.pdb	0	4918	0.727763	A=C,B=B,C=A,D=D
8BWL-assembly1.cif	afm_woTemplates_model_3_multimer_v3_pred_45.pdb	0	5602	0.727756	A=A,B=B,C=C,D=D
8BWL-assembly1.cif	afm_dropout_full_woTemplates_r3_model_4_multimer_v3_pred_27.pdb	0	3773	0.727755	A=C,B=B,C=A,D=D
8BWL-assembly1.cif	afm_dropout_full_woTemplates_model_3_multimer_v3_pred_37.pdb	0	2578	0.727753	A=A,B=D,C=C,D=B
8BWL-assembly1.cif	afm_dropout_noSM_woTemplates_model_4_multimer_v2_pred_24.pdb	0	4708	0.727742	A=A,B=D,C=C,D=B
8BWL-assembly1.cif	afm_dropout_full_woTemplates_r3_model_4_multimer_v3_pred_39.pdb	0	3786	0.727736	A=A,B=D,C=C,D=B
8BWL-assembly1.cif	afm_dropout_full_woTemplates_r3_model_3_multimer_v3_pred_40.pdb	0	3587	0.72772	A=A,B=D,C=C,D=B
8BWL-assembly1.cif	afm_dropout_noSM_woTemplates_model_1_multimer_v3_pred_21.pdb	0	4169	0.727717	A=C,B=D,C=A,D=B
8BWL-assembly1.cif	afm_dropout_full_woTemplates_r3_model_4_multimer_v3_pred_20.pdb	0	3766	0.72771	A=C,B=B,C=A,D=D
8BWL-assembly1.cif	afm_basic_model_2_multimer_v2_pred_24.pdb	0	286	0.727678	A=C,B=D,C=A,D=B
8BWL-assembly1.cif	afm_woTemplates_model_3_multimer_v2_pred_45.pdb	0	5535	0.727677	A=C,B=D,C=A,D=B
8BWL-assembly1.cif	afm_dropout_noSM_woTemplates_model_4_multimer_v3_pred_31.pdb	0	4783	0.727664	A=C,B=B,C=A,D=D
8BWL-assembly1.cif	afm_dropout_full_model_2_multimer_v2_pred_45.pdb	0	1314	0.727657	A=A,B=D,C=C,D=B
8BWL-assembly1.cif	afm_dropout_noSM_woTemplates_model_3_multimer_v2_pred_39.pdb	0	4523	0.727655	A=C,B=B,C=A,D=D
8BWL-assembly1.cif	afm_dropout_full_woTemplates_model_4_multimer_v3_pred_51.pdb	0	2795	0.727643	A=A,B=B,C=C,D=D
8BWL-assembly1.cif	cf_woTemplates_model_3_multimer_v1_pred_12.pdb	0	7442	0.727641	A=A,B=D,C=C,D=B
8BWL-assembly1.cif	afm_dropout_full_model_3_multimer_v1_pred_29.pdb	0	1430	0.727628	A=C,B=B,C=A,D=D
8BWL-assembly1.cif	afm_dropout_full_woTemplates_model_4_multimer_v3_pred_2.pdb	0	2760	0.727626	A=C,B=D,C=A,D=B
8BWL-assembly1.cif	afm_dropout_noSM_woTemplates_model_3_multimer_v2_pred_0.pdb	0	4490	0.727625	A=C,B=D,C=A,D=B
8BWL-assembly1.cif	afm_dropout_full_woTemplates_r3_model_2_multimer_v3_pred_48.pdb	0	3394	0.727622	A=A,B=D,C=C,D=B
8BWL-assembly1.cif	afm_dropout_full_model_1_multimer_v1_pred_14.pdb	0	1012	0.727612	A=A,B=D,C=C,D=B
8BWL-assembly1.cif	afm_basic_model_1_multimer_v1_pred_14.pdb	0	7	0.727605	A=C,B=D,C=A,D=B
8BWL-assembly1.cif	afm_dropout_noSM_woTemplates_model_4_multimer_v3_pred_56.pdb	0	4810	0.727601	A=C,B=D,C=A,D=B
8BWL-assembly1.cif	afm_dropout_full_woTemplates_model_3_multimer_v2_pred_6.pdb	0	2536	0.727598	A=A,B=D,C=C,D=B
8BWL-assembly1.cif	afm_dropout_full_model_5_multimer_v1_pred_39.pdb	0	1843	0.727592	A=A,B=D,C=C,D=B
8BWL-assembly1.cif	afm_dropout_full_woTemplates_model_4_multimer_v3_pred_49.pdb	0	2792	0.727589	A=A,B=B,C=C,D=D
8BWL-assembly1.cif	afm_dropout_full_model_5_multimer_v3_pred_36.pdb	0	1974	0.727578	A=A,B=B,C=C,D=D
8BWL-assembly1.cif	afm_dropout_full_woTemplates_r3_model_4_multimer_v3_pred_26.pdb	0	3772	0.727569	A=A,B=D,C=C,D=B
8BWL-assembly1.cif	afm_basic_model_2_multimer_v1_pred_11.pdb	0	205	0.727568	A=C,B=B,C=A,D=D
8BWL-assembly1.cif	afm_dropout_noSM_woTemplates_model_3_multimer_v2_pred_34.pdb	0	4518	0.727561	A=A,B=B,C=C,D=D
8BWL-assembly1.cif	cf_woTemplates_model_1_multimer_v3_pred_30.pdb	0	7194	0.727559	A=C,B=D,C=A,D=B
8BWL-assembly1.cif	cf_dropout_full_woTemplates_model_5_multimer_v3_pred_9.pdb	0	7035	0.72755	A=C,B=D,C=A,D=B
8BWL-assembly1.cif	afm_dropout_full_model_4_multimer_v2_pred_57.pdb	0	1729	0.727537	A=C,B=D,C=A,D=B
8BWL-assembly1.cif	afm_dropout_noSM_woTemplates_model_3_multimer_v3_pred_65.pdb	0	4619	0.727536	A=C,B=D,C=A,D=B
8BWL-assembly1.cif	cf_dropout_full_woTemplates_model_3_multimer_v1_pred_27.pdb	0	6453	0.727535	A=A,B=D,C=C,D=B
8BWL-assembly1.cif	afm_woTemplates_model_1_multimer_v3_pred_30.pdb	0	5184	0.727531	A=A,B=D,C=C,D=B
8BWL-assembly1.cif	afm_dropout_noSM_woTemplates_model_2_multimer_v2_pred_27.pdb	0	4309	0.727529	A=C,B=B,C=A,D=D
8BWL-assembly1.cif	cf_dropout_full_woTemplates_model_3_multimer_v1_pred_42.pdb	0	6470	0.727523	A=C,B=B,C=A,D=D
8BWL-assembly1.cif	afm_woTemplates_model_4_multimer_v3_pred_15.pdb	0	5770	0.727518	A=C,B=D,C=A,D=B
8BWL-assembly1.cif	afm_dropout_noSM_woTemplates_model_4_multimer_v1_pred_39.pdb	0	4657	0.727512	A=A,B=D,C=C,D=B
8BWL-assembly1.cif	afm_dropout_full_model_5_multimer_v1_pred_33.pdb	0	1837	0.72751	A=C,B=B,C=A,D=D
8BWL-assembly1.cif	afm_dropout_full_model_2_multimer_v1_pred_6.pdb	0	1263	0.727496	A=C,B=B,C=A,D=D
8BWL-assembly1.cif	afm_dropout_full_model_5_multimer_v1_pred_36.pdb	0	1840	0.727493	A=C,B=B,C=A,D=D
8BWL-assembly1.cif	afm_woTemplates_model_4_multimer_v3_pred_63.pdb	0	5823	0.727491	A=C,B=B,C=A,D=D
8BWL-assembly1.cif	afm_woTemplates_model_2_multimer_v1_pred_14.pdb	0	5233	0.72749	A=A,B=D,C=C,D=B
8BWL-assembly1.cif	afm_dropout_full_model_1_multimer_v1_pred_28.pdb	0	1027	0.727482	A=A,B=D,C=C,D=B
8BWL-assembly1.cif	cf_woTemplates_model_3_multimer_v3_pred_0.pdb	0	7572	0.727477	A=A,B=D,C=C,D=B
8BWL-assembly1.cif	afm_woTemplates_model_3_multimer_v2_pred_13.pdb	0	5500	0.727474	A=A,B=B,C=C,D=D
8BWL-assembly1.cif	afm_dropout_full_woTemplates_r3_model_5_multimer_v2_pred_1.pdb	0	3888	0.727472	A=A,B=B,C=C,D=D
8BWL-assembly1.cif	afm_woTemplates_model_3_multimer_v2_pred_28.pdb	0	5516	0.727469	A=A,B=B,C=C,D=D
8BWL-assembly1.cif	afm_dropout_full_model_5_multimer_v1_pred_23.pdb	0	1826	0.727467	A=C,B=B,C=A,D=D
8BWL-assembly1.cif	cf_dropout_full_woTemplates_model_2_multimer_v2_pred_48.pdb	0	6342	0.727437	A=C,B=D,C=A,D=B
8BWL-assembly1.cif	cf_dropout_full_woTemplates_model_5_multimer_v3_pred_14.pdb	0	6975	0.727431	A=C,B=D,C=A,D=B
8BWL-assembly1.cif	afm_dropout_full_model_4_multimer_v1_pred_29.pdb	0	1631	0.727428	A=A,B=D,C=C,D=B
8BWL-assembly1.cif	afm_woTemplates_model_3_multimer_v3_pred_58.pdb	0	5616	0.727422	A=A,B=D,C=C,D=B
8BWL-assembly1.cif	cf_woTemplates_model_5_multimer_v3_pred_40.pdb	0	8009	0.72742	A=C,B=D,C=A,D=B
8BWL-assembly1.cif	afm_dropout_full_woTemplates_model_3_multimer_v2_pred_65.pdb	0	2542	0.727414	A=A,B=D,C=C,D=B
8BWL-assembly1.cif	afm_dropout_full_woTemplates_model_3_multimer_v3_pred_32.pdb	0	2573	0.727409	A=A,B=D,C=C,D=B
8BWL-assembly1.cif	afm_dropout_full_woTemplates_model_1_multimer_v3_pred_19.pdb	0	2156	0.727404	A=A,B=D,C=C,D=B
8BWL-assembly1.cif	cf_woTemplates_model_4_multimer_v3_pred_19.pdb	0	7784	0.727398	A=C,B=D,C=A,D=B
8BWL-assembly1.cif	afm_woTemplates_model_1_multimer_v3_pred_37.pdb	0	5191	0.727387	A=C,B=D,C=A,D=B
8BWL-assembly1.cif	afm_dropout_full_model_4_multimer_v1_pred_57.pdb	0	1662	0.727381	A=C,B=B,C=A,D=D
8BWL-assembly1.cif	afm_woTemplates_model_4_multimer_v3_pred_22.pdb	0	5778	0.727381	A=C,B=D,C=A,D=B
8BWL-assembly1.cif	afm_dropout_full_woTemplates_model_2_multimer_v2_pred_15.pdb	0	2286	0.727374	A=C,B=B,C=A,D=D
8BWL-assembly1.cif	afm_dropout_full_woTemplates_model_4_multimer_v3_pred_64.pdb	0	2809	0.727369	A=A,B=D,C=C,D=B
8BWL-assembly1.cif	afm_dropout_noSM_woTemplates_model_2_multimer_v2_pred_56.pdb	0	4341	0.72735	A=C,B=B,C=A,D=D
8BWL-assembly1.cif	cf_woTemplates_model_5_multimer_v3_pred_13.pdb	0	7979	0.727346	A=C,B=D,C=A,D=B
8BWL-assembly1.cif	afm_basic_model_2_multimer_v1_pred_45.pdb	0	242	0.727342	A=C,B=B,C=A,D=D
8BWL-assembly1.cif	afm_dropout_noSM_woTemplates_model_4_multimer_v3_pred_12.pdb	0	4762	0.727335	A=C,B=D,C=A,D=B
8BWL-assembly1.cif	afm_dropout_noSM_woTemplates_model_3_multimer_v1_pred_65.pdb	0	4485	0.727333	A=C,B=B,C=A,D=D
8BWL-assembly1.cif	afm_dropout_noSM_woTemplates_model_4_multimer_v1_pred_58.pdb	0	4678	0.727332	A=C,B=B,C=A,D=D
8BWL-assembly1.cif	cf_woTemplates_model_4_multimer_v1_pred_4.pdb	0	7673	0.727326	A=C,B=D,C=A,D=B
8BWL-assembly1.cif	afm_woTemplates_model_5_multimer_v2_pred_59.pdb	0	5952	0.727304	A=C,B=D,C=A,D=B
8BWL-assembly1.cif	afm_woTemplates_model_1_multimer_v3_pred_29.pdb	0	5182	0.727304	A=C,B=B,C=A,D=D
8BWL-assembly1.cif	cf_woTemplates_model_5_multimer_v3_pred_44.pdb	0	8013	0.727298	A=C,B=B,C=A,D=D
8BWL-assembly1.cif	cf_dropout_full_woTemplates_model_3_multimer_v3_pred_4.pdb	0	6601	0.727295	A=A,B=B,C=C,D=D
8BWL-assembly1.cif	cf_dropout_full_woTemplates_model_4_multimer_v1_pred_63.pdb	0	6694	0.727295	A=C,B=B,C=A,D=D
8BWL-assembly1.cif	afm_dropout_full_model_4_multimer_v3_pred_8.pdb	0	1808	0.727282	A=A,B=D,C=C,D=B
8BWL-assembly1.cif	afm_dropout_full_woTemplates_r3_model_3_multimer_v2_pred_65.pdb	0	3547	0.727273	A=A,B=B,C=C,D=D
8BWL-assembly1.cif	cf_woTemplates_model_3_multimer_v1_pred_15.pdb	0	7445	0.727271	A=A,B=D,C=C,D=B
8BWL-assembly1.cif	afm_dropout_full_model_3_multimer_v1_pred_57.pdb	0	1461	0.727268	A=C,B=B,C=A,D=D
8BWL-assembly1.cif	afm_dropout_noSM_woTemplates_model_3_multimer_v2_pred_61.pdb	0	4548	0.727266	A=C,B=D,C=A,D=B
8BWL-assembly1.cif	afm_woTemplates_model_4_multimer_v3_pred_37.pdb	0	5794	0.727264	A=C,B=D,C=A,D=B
8BWL-assembly1.cif	afm_dropout_full_woTemplates_model_3_multimer_v3_pred_65.pdb	0	2609	0.727263	A=A,B=B,C=C,D=D
8BWL-assembly1.cif	cf_dropout_full_woTemplates_model_1_multimer_v3_pred_53.pdb	0	6214	0.727257	A=A,B=D,C=C,D=B
8BWL-assembly1.cif	afm_dropout_noSM_woTemplates_model_3_multimer_v2_pred_33.pdb	0	4517	0.727255	A=A,B=D,C=C,D=B
8BWL-assembly1.cif	afm_basic_model_3_multimer_v1_pred_37.pdb	0	434	0.727253	A=C,B=B,C=A,D=D
8BWL-assembly1.cif	cf_woTemplates_model_2_multimer_v2_pred_50.pdb	0	7350	0.72725	A=C,B=D,C=A,D=B
8BWL-assembly1.cif	afm_dropout_full_model_2_multimer_v2_pred_34.pdb	0	1302	0.727242	A=C,B=D,C=A,D=B
8BWL-assembly1.cif	afm_dropout_noSM_woTemplates_model_4_multimer_v3_pred_28.pdb	0	4779	0.72723	A=C,B=D,C=A,D=B
8BWL-assembly1.cif	afm_dropout_noSM_woTemplates_model_4_multimer_v1_pred_12.pdb	0	4628	0.727225	A=C,B=B,C=A,D=D
8BWL-assembly1.cif	afm_dropout_noSM_woTemplates_model_4_multimer_v3_pred_55.pdb	0	4809	0.727223	A=A,B=D,C=C,D=B
8BWL-assembly1.cif	afm_basic_model_5_multimer_v3_pred_48.pdb	0	982	0.727221	A=C,B=D,C=A,D=B
8BWL-assembly1.cif	afm_dropout_full_model_2_multimer_v2_pred_61.pdb	0	1332	0.727215	A=A,B=B,C=C,D=D
8BWL-assembly1.cif	afm_dropout_full_woTemplates_r3_model_4_multimer_v3_pred_65.pdb	0	3815	0.727214	A=C,B=B,C=A,D=D
8BWL-assembly1.cif	cf_dropout_full_woTemplates_model_3_multimer_v1_pred_50.pdb	0	6479	0.727212	A=C,B=B,C=A,D=D
8BWL-assembly1.cif	afm_dropout_noSM_woTemplates_model_2_multimer_v2_pred_63.pdb	0	4349	0.727212	A=C,B=D,C=A,D=B
8BWL-assembly1.cif	afm_dropout_noSM_woTemplates_model_3_multimer_v3_pred_58.pdb	0	4611	0.72721	A=C,B=B,C=A,D=D
8BWL-assembly1.cif	afm_basic_model_3_multimer_v3_pred_0.pdb	0	537	0.727207	A=C,B=B,C=A,D=D
8BWL-assembly1.cif	afm_dropout_full_model_3_multimer_v1_pred_13.pdb	0	1413	0.727205	A=C,B=B,C=A,D=D
8BWL-assembly1.cif	cf_dropout_full_woTemplates_model_4_multimer_v1_pred_30.pdb	0	6658	0.7272	A=A,B=D,C=C,D=B
8BWL-assembly1.cif	afm_basic_model_2_multimer_v2_pred_0.pdb	0	269	0.727198	A=C,B=B,C=A,D=D
8BWL-assembly1.cif	cf_dropout_full_woTemplates_model_5_multimer_v3_pred_23.pdb	0	6985	0.727187	A=A,B=D,C=C,D=B
8BWL-assembly1.cif	afm_woTemplates_model_4_multimer_v3_pred_0.pdb	0	5763	0.727182	A=C,B=B,C=A,D=D
8BWL-assembly1.cif	afm_dropout_full_model_2_multimer_v1_pred_27.pdb	0	1227	0.727172	A=A,B=D,C=C,D=B
8BWL-assembly1.cif	afm_basic_model_5_multimer_v3_pred_34.pdb	0	967	0.727171	A=C,B=D,C=A,D=B
8BWL-assembly1.cif	afm_dropout_noSM_woTemplates_model_1_multimer_v3_pred_34.pdb	0	4183	0.727162	A=C,B=D,C=A,D=B
8BWL-assembly1.cif	afm_dropout_noSM_woTemplates_model_4_multimer_v3_pred_57.pdb	0	4811	0.727154	A=C,B=B,C=A,D=D
8BWL-assembly1.cif	cf_woTemplates_model_4_multimer_v1_pred_61.pdb	0	7697	0.727153	A=A,B=D,C=C,D=B
8BWL-assembly1.cif	cf_dropout_full_woTemplates_model_2_multimer_v2_pred_42.pdb	0	6336	0.727145	A=C,B=D,C=A,D=B
8BWL-assembly1.cif	afm_dropout_full_woTemplates_model_1_multimer_v3_pred_48.pdb	0	2188	0.727136	A=C,B=D,C=A,D=B
8BWL-assembly1.cif	afm_dropout_noSM_woTemplates_model_3_multimer_v2_pred_51.pdb	0	4537	0.727135	A=A,B=D,C=C,D=B
8BWL-assembly1.cif	afm_dropout_full_model_3_multimer_v1_pred_47.pdb	0	1450	0.727132	A=C,B=D,C=A,D=B
8BWL-assembly1.cif	cf_dropout_full_woTemplates_model_5_multimer_v1_pred_8.pdb	0	6900	0.727126	A=C,B=B,C=A,D=D
8BWL-assembly1.cif	cf_dropout_full_woTemplates_model_3_multimer_v1_pred_2.pdb	0	6445	0.727122	A=A,B=D,C=C,D=B
8BWL-assembly1.cif	afm_basic_model_1_multimer_v1_pred_61.pdb	0	59	0.727117	A=C,B=B,C=A,D=D
8BWL-assembly1.cif	cf_dropout_full_woTemplates_model_2_multimer_v2_pred_1.pdb	0	6300	0.727112	A=A,B=B,C=C,D=D
8BWL-assembly1.cif	afm_dropout_full_model_2_multimer_v2_pred_2.pdb	0	1286	0.727103	A=C,B=B,C=A,D=D
8BWL-assembly1.cif	afm_dropout_full_model_5_multimer_v1_pred_18.pdb	0	1820	0.727103	A=C,B=B,C=A,D=D
8BWL-assembly1.cif	afm_basic_model_4_multimer_v1_pred_0.pdb	0	604	0.727099	A=C,B=B,C=A,D=D
8BWL-assembly1.cif	afm_dropout_full_model_4_multimer_v3_pred_19.pdb	0	1754	0.727099	A=A,B=B,C=C,D=D
8BWL-assembly1.cif	cf_dropout_full_woTemplates_model_4_multimer_v3_pred_32.pdb	0	6794	0.727095	A=A,B=B,C=C,D=D
8BWL-assembly1.cif	afm_dropout_full_woTemplates_model_2_multimer_v2_pred_49.pdb	0	2323	0.727086	A=C,B=B,C=A,D=D
8BWL-assembly1.cif	afm_dropout_full_woTemplates_model_2_multimer_v2_pred_5.pdb	0	2324	0.727077	A=A,B=B,C=C,D=D
8BWL-assembly1.cif	cf_dropout_full_woTemplates_model_2_multimer_v2_pred_32.pdb	0	6325	0.727076	A=A,B=B,C=C,D=D
8BWL-assembly1.cif	afm_dropout_full_woTemplates_r3_model_3_multimer_v3_pred_2.pdb	0	3564	0.72707	A=C,B=D,C=A,D=B
8BWL-assembly1.cif	afm_dropout_full_woTemplates_r3_model_3_multimer_v2_pred_55.pdb	0	3536	0.727058	A=C,B=D,C=A,D=B
8BWL-assembly1.cif	cf_dropout_full_woTemplates_model_5_multimer_v3_pred_54.pdb	0	7019	0.727044	A=A,B=D,C=C,D=B
8BWL-assembly1.cif	afm_woTemplates_model_2_multimer_v1_pred_7.pdb	0	5291	0.727042	A=A,B=D,C=C,D=B
8BWL-assembly1.cif	afm_basic_model_5_multimer_v2_pred_19.pdb	0	883	0.727041	A=A,B=D,C=C,D=B
8BWL-assembly1.cif	cf_dropout_full_woTemplates_model_5_multimer_v3_pred_32.pdb	0	6995	0.72703	A=C,B=B,C=A,D=D
8BWL-assembly1.cif	afm_dropout_noSM_woTemplates_model_3_multimer_v3_pred_52.pdb	0	4605	0.72703	A=C,B=B,C=A,D=D
8BWL-assembly1.cif	afm_dropout_full_model_5_multimer_v3_pred_62.pdb	0	2003	0.727014	A=A,B=B,C=C,D=D
8BWL-assembly1.cif	afm_dropout_noSM_woTemplates_model_1_multimer_v3_pred_49.pdb	0	4199	0.727004	A=C,B=B,C=A,D=D
8BWL-assembly1.cif	cf_woTemplates_model_3_multimer_v1_pred_23.pdb	0	7454	0.726991	A=A,B=D,C=C,D=B
8BWL-assembly1.cif	cf_dropout_full_woTemplates_model_3_multimer_v1_pred_0.pdb	0	6433	0.72699	A=C,B=B,C=A,D=D
8BWL-assembly1.cif	cf_dropout_full_woTemplates_model_5_multimer_v1_pred_42.pdb	0	6872	0.726984	A=C,B=B,C=A,D=D
8BWL-assembly1.cif	afm_dropout_full_model_5_multimer_v1_pred_10.pdb	0	1812	0.72697	A=A,B=D,C=C,D=B
8BWL-assembly1.cif	afm_woTemplates_model_3_multimer_v2_pred_53.pdb	0	5544	0.72697	A=C,B=D,C=A,D=B
8BWL-assembly1.cif	cf_dropout_full_woTemplates_model_1_multimer_v1_pred_30.pdb	0	6055	0.726966	A=A,B=D,C=C,D=B
8BWL-assembly1.cif	cf_woTemplates_model_4_multimer_v1_pred_53.pdb	0	7688	0.726961	A=C,B=B,C=A,D=D
8BWL-assembly1.cif	afm_dropout_full_woTemplates_r3_model_3_multimer_v3_pred_50.pdb	0	3598	0.726957	A=C,B=D,C=A,D=B
8BWL-assembly1.cif	afm_dropout_full_model_2_multimer_v2_pred_29.pdb	0	1296	0.726955	A=C,B=D,C=A,D=B
8BWL-assembly1.cif	afm_woTemplates_model_4_multimer_v3_pred_6.pdb	0	5819	0.726955	A=A,B=D,C=C,D=B
8BWL-assembly1.cif	afm_dropout_full_woTemplates_r3_model_4_multimer_v3_pred_8.pdb	0	3818	0.726953	A=C,B=D,C=A,D=B
8BWL-assembly1.cif	afm_basic_model_5_multimer_v3_pred_32.pdb	0	965	0.726915	A=A,B=B,C=C,D=D
8BWL-assembly1.cif	afm_dropout_full_model_5_multimer_v2_pred_60.pdb	0	1934	0.726914	A=A,B=D,C=C,D=B
8BWL-assembly1.cif	afm_dropout_full_woTemplates_r3_model_1_multimer_v3_pred_16.pdb	0	3158	0.726912	A=A,B=B,C=C,D=D
8BWL-assembly1.cif	afm_dropout_full_woTemplates_r3_model_1_multimer_v3_pred_27.pdb	0	3170	0.726912	A=C,B=D,C=A,D=B
8BWL-assembly1.cif	afm_dropout_noSM_woTemplates_model_3_multimer_v2_pred_62.pdb	0	4549	0.726902	A=A,B=D,C=C,D=B
8BWL-assembly1.cif	afm_basic_model_1_multimer_v1_pred_17.pdb	0	10	0.7269	A=A,B=D,C=C,D=B
8BWL-assembly1.cif	afm_dropout_full_woTemplates_model_2_multimer_v3_pred_17.pdb	0	2355	0.726899	A=A,B=B,C=C,D=D
8BWL-assembly1.cif	cf_dropout_full_woTemplates_model_3_multimer_v1_pred_21.pdb	0	6447	0.726883	A=C,B=D,C=A,D=B
8BWL-assembly1.cif	cf_dropout_full_woTemplates_model_2_multimer_v3_pred_58.pdb	0	6420	0.726883	A=C,B=D,C=A,D=B
8BWL-assembly1.cif	afm_dropout_noSM_woTemplates_model_2_multimer_v3_pred_33.pdb	0	4383	0.726881	A=A,B=D,C=C,D=B
8BWL-assembly1.cif	afm_woTemplates_model_2_multimer_v2_pred_52.pdb	0	5342	0.726865	A=C,B=D,C=A,D=B
8BWL-assembly1.cif	afm_dropout_full_woTemplates_model_3_multimer_v3_pred_21.pdb	0	2561	0.726863	A=A,B=D,C=C,D=B
8BWL-assembly1.cif	afm_basic_model_4_multimer_v1_pred_61.pdb	0	662	0.726855	A=C,B=B,C=A,D=D
8BWL-assembly1.cif	cf_dropout_full_woTemplates_model_1_multimer_v3_pred_65.pdb	0	6227	0.726854	A=C,B=D,C=A,D=B
8BWL-assembly1.cif	afm_dropout_full_woTemplates_r3_model_5_multimer_v3_pred_36.pdb	0	3984	0.726847	A=A,B=D,C=C,D=B
8BWL-assembly1.cif	afm_dropout_noSM_woTemplates_model_5_multimer_v1_pred_44.pdb	0	4864	0.726844	A=A,B=D,C=C,D=B
8BWL-assembly1.cif	afm_dropout_full_woTemplates_model_3_multimer_v3_pred_15.pdb	0	2554	0.726842	A=C,B=D,C=A,D=B
8BWL-assembly1.cif	afm_dropout_noSM_woTemplates_model_3_multimer_v2_pred_64.pdb	0	4551	0.726834	A=C,B=D,C=A,D=B
8BWL-assembly1.cif	afm_dropout_full_woTemplates_r3_model_3_multimer_v3_pred_48.pdb	0	3595	0.72682	A=C,B=D,C=A,D=B
8BWL-assembly1.cif	afm_basic_model_2_multimer_v1_pred_64.pdb	0	263	0.726815	A=C,B=B,C=A,D=D
8BWL-assembly1.cif	afm_dropout_full_model_2_multimer_v1_pred_66.pdb	0	1270	0.726783	A=C,B=B,C=A,D=D
8BWL-assembly1.cif	afm_dropout_full_woTemplates_model_5_multimer_v1_pred_42.pdb	0	2852	0.72677	A=A,B=D,C=C,D=B
8BWL-assembly1.cif	afm_dropout_full_woTemplates_r3_model_5_multimer_v3_pred_6.pdb	0	4010	0.726766	A=A,B=B,C=C,D=D
8BWL-assembly1.cif	afm_dropout_full_woTemplates_model_3_multimer_v2_pred_36.pdb	0	2510	0.72676	A=A,B=B,C=C,D=D
8BWL-assembly1.cif	afm_dropout_full_model_2_multimer_v2_pred_53.pdb	0	1323	0.726746	A=A,B=B,C=C,D=D
8BWL-assembly1.cif	afm_dropout_noSM_woTemplates_model_2_multimer_v1_pred_61.pdb	0	4280	0.726744	A=A,B=B,C=C,D=D
8BWL-assembly1.cif	afm_dropout_noSM_woTemplates_model_1_multimer_v3_pred_3.pdb	0	4178	0.726736	A=C,B=D,C=A,D=B
8BWL-assembly1.cif	afm_woTemplates_model_5_multimer_v2_pred_54.pdb	0	5947	0.726723	A=A,B=B,C=C,D=D
8BWL-assembly1.cif	afm_woTemplates_model_4_multimer_v3_pred_58.pdb	0	5817	0.726721	A=C,B=D,C=A,D=B
8BWL-assembly1.cif	afm_dropout_full_woTemplates_r3_model_4_multimer_v3_pred_54.pdb	0	3803	0.726714	A=C,B=B,C=A,D=D
8BWL-assembly1.cif	afm_dropout_full_model_2_multimer_v1_pred_25.pdb	0	1225	0.726713	A=C,B=B,C=A,D=D
8BWL-assembly1.cif	afm_dropout_noSM_woTemplates_model_2_multimer_v2_pred_44.pdb	0	4328	0.726707	A=A,B=D,C=C,D=B
8BWL-assembly1.cif	afm_dropout_full_woTemplates_model_5_multimer_v3_pred_47.pdb	0	2991	0.7267	A=C,B=B,C=A,D=D
8BWL-assembly1.cif	cf_woTemplates_model_3_multimer_v1_pred_5.pdb	0	7483	0.726696	A=C,B=B,C=A,D=D
8BWL-assembly1.cif	cf_dropout_full_woTemplates_model_1_multimer_v3_pred_56.pdb	0	6217	0.726687	A=C,B=D,C=A,D=B
8BWL-assembly1.cif	cf_dropout_full_woTemplates_model_5_multimer_v3_pred_11.pdb	0	6972	0.726683	A=C,B=B,C=A,D=D
8BWL-assembly1.cif	afm_woTemplates_model_2_multimer_v1_pred_40.pdb	0	5262	0.726671	A=C,B=B,C=A,D=D
8BWL-assembly1.cif	afm_dropout_full_woTemplates_r3_model_1_multimer_v3_pred_38.pdb	0	3182	0.726671	A=A,B=B,C=C,D=D
8BWL-assembly1.cif	afm_dropout_noSM_woTemplates_model_2_multimer_v2_pred_13.pdb	0	4294	0.726669	A=A,B=D,C=C,D=B
8BWL-assembly1.cif	afm_woTemplates_model_3_multimer_v3_pred_50.pdb	0	5608	0.726662	A=A,B=B,C=C,D=D
8BWL-assembly1.cif	afm_dropout_full_model_2_multimer_v2_pred_12.pdb	0	1278	0.726657	A=C,B=B,C=A,D=D
8BWL-assembly1.cif	afm_basic_model_5_multimer_v3_pred_57.pdb	0	992	0.726646	A=A,B=B,C=C,D=D
8BWL-assembly1.cif	afm_dropout_full_model_3_multimer_v1_pred_38.pdb	0	1440	0.726642	A=C,B=B,C=A,D=D
8BWL-assembly1.cif	afm_dropout_full_woTemplates_model_4_multimer_v1_pred_39.pdb	0	2647	0.72664	A=A,B=D,C=C,D=B
8BWL-assembly1.cif	cf_dropout_full_woTemplates_model_3_multimer_v3_pred_37.pdb	0	6598	0.726636	A=A,B=D,C=C,D=B
8BWL-assembly1.cif	afm_basic_model_3_multimer_v1_pred_1.pdb	0	404	0.726628	A=C,B=B,C=A,D=D
8BWL-assembly1.cif	cf_dropout_full_woTemplates_model_3_multimer_v3_pred_36.pdb	0	6597	0.726612	A=C,B=B,C=A,D=D
8BWL-assembly1.cif	afm_dropout_full_model_4_multimer_v3_pred_58.pdb	0	1797	0.726608	A=C,B=B,C=A,D=D
8BWL-assembly1.cif	afm_dropout_full_woTemplates_model_4_multimer_v1_pred_54.pdb	0	2664	0.726607	A=C,B=B,C=A,D=D
8BWL-assembly1.cif	afm_basic_model_5_multimer_v3_pred_15.pdb	0	946	0.726604	A=A,B=B,C=C,D=D
8BWL-assembly1.cif	afm_dropout_noSM_woTemplates_model_4_multimer_v3_pred_59.pdb	0	4813	0.726603	A=C,B=D,C=A,D=B
8BWL-assembly1.cif	cf_dropout_full_woTemplates_model_4_multimer_v3_pred_24.pdb	0	6785	0.726598	A=A,B=B,C=C,D=D
8BWL-assembly1.cif	afm_dropout_full_woTemplates_r3_model_5_multimer_v3_pred_59.pdb	0	4009	0.726595	A=A,B=B,C=C,D=D
8BWL-assembly1.cif	afm_dropout_full_woTemplates_r3_model_2_multimer_v3_pred_53.pdb	0	3400	0.726595	A=C,B=B,C=A,D=D
8BWL-assembly1.cif	afm_woTemplates_model_2_multimer_v1_pred_26.pdb	0	5246	0.726582	A=C,B=B,C=A,D=D
8BWL-assembly1.cif	afm_woTemplates_model_3_multimer_v3_pred_55.pdb	0	5613	0.72658	A=A,B=D,C=C,D=B
8BWL-assembly1.cif	cf_dropout_full_woTemplates_model_3_multimer_v1_pred_24.pdb	0	6450	0.726578	A=A,B=D,C=C,D=B
8BWL-assembly1.cif	afm_dropout_full_model_5_multimer_v3_pred_28.pdb	0	1965	0.726571	A=C,B=B,C=A,D=D
8BWL-assembly1.cif	afm_basic_model_4_multimer_v3_pred_11.pdb	0	741	0.726562	A=C,B=D,C=A,D=B
8BWL-assembly1.cif	afm_dropout_full_model_4_multimer_v2_pred_54.pdb	0	1726	0.72656	A=A,B=D,C=C,D=B
8BWL-assembly1.cif	afm_dropout_full_model_4_multimer_v3_pred_46.pdb	0	1784	0.726559	A=A,B=D,C=C,D=B
8BWL-assembly1.cif	afm_woTemplates_model_2_multimer_v1_pred_13.pdb	0	5232	0.726558	A=C,B=B,C=A,D=D
8BWL-assembly1.cif	afm_dropout_full_woTemplates_model_2_multimer_v2_pred_48.pdb	0	2322	0.726544	A=C,B=B,C=A,D=D
8BWL-assembly1.cif	afm_dropout_full_model_2_multimer_v2_pred_0.pdb	0	1274	0.726541	A=C,B=D,C=A,D=B
8BWL-assembly1.cif	afm_dropout_noSM_woTemplates_model_3_multimer_v3_pred_25.pdb	0	4575	0.72654	A=C,B=D,C=A,D=B
8BWL-assembly1.cif	cf_woTemplates_model_3_multimer_v3_pred_30.pdb	0	7596	0.726534	A=A,B=B,C=C,D=D
8BWL-assembly1.cif	afm_basic_model_4_multimer_v3_pred_51.pdb	0	785	0.726533	A=A,B=B,C=C,D=D
8BWL-assembly1.cif	cf_dropout_full_woTemplates_model_5_multimer_v3_pred_49.pdb	0	7013	0.726523	A=A,B=B,C=C,D=D
8BWL-assembly1.cif	afm_woTemplates_model_3_multimer_v2_pred_10.pdb	0	5497	0.72652	A=C,B=B,C=A,D=D
8BWL-assembly1.cif	afm_basic_model_5_multimer_v1_pred_50.pdb	0	851	0.726516	A=C,B=B,C=A,D=D
8BWL-assembly1.cif	afm_dropout_full_model_3_multimer_v3_pred_27.pdb	0	1562	0.726516	A=A,B=D,C=C,D=B
8BWL-assembly1.cif	cf_dropout_full_woTemplates_model_3_multimer_v1_pred_47.pdb	0	6475	0.726515	A=C,B=B,C=A,D=D
8BWL-assembly1.cif	afm_dropout_full_woTemplates_model_2_multimer_v1_pred_4.pdb	0	2246	0.726513	A=C,B=B,C=A,D=D
8BWL-assembly1.cif	cf_woTemplates_model_2_multimer_v2_pred_11.pdb	0	7307	0.726511	A=C,B=B,C=A,D=D
8BWL-assembly1.cif	afm_woTemplates_model_2_multimer_v1_pred_51.pdb	0	5274	0.726509	A=C,B=B,C=A,D=D
8BWL-assembly1.cif	afm_dropout_noSM_woTemplates_model_3_multimer_v2_pred_50.pdb	0	4536	0.726494	A=C,B=B,C=A,D=D
8BWL-assembly1.cif	cf_woTemplates_model_2_multimer_v2_pred_23.pdb	0	7320	0.726493	A=C,B=D,C=A,D=B
8BWL-assembly1.cif	afm_basic_model_2_multimer_v1_pred_26.pdb	0	221	0.726487	A=C,B=B,C=A,D=D
8BWL-assembly1.cif	afm_dropout_full_woTemplates_model_2_multimer_v1_pred_58.pdb	0	2266	0.726476	A=A,B=B,C=C,D=D
8BWL-assembly1.cif	afm_dropout_full_woTemplates_model_2_multimer_v2_pred_30.pdb	0	2303	0.726461	A=A,B=B,C=C,D=D
8BWL-assembly1.cif	afm_dropout_full_model_2_multimer_v2_pred_32.pdb	0	1300	0.72646	A=C,B=B,C=A,D=D
8BWL-assembly1.cif	cf_dropout_full_woTemplates_model_1_multimer_v3_pred_13.pdb	0	6170	0.726455	A=C,B=D,C=A,D=B
8BWL-assembly1.cif	afm_dropout_full_model_3_multimer_v1_pred_51.pdb	0	1455	0.72645	A=A,B=D,C=C,D=B
8BWL-assembly1.cif	afm_dropout_full_woTemplates_r3_model_1_multimer_v3_pred_7.pdb	0	3214	0.726447	A=A,B=B,C=C,D=D
8BWL-assembly1.cif	cf_dropout_full_woTemplates_model_2_multimer_v3_pred_4.pdb	0	6400	0.726446	A=C,B=B,C=A,D=D
8BWL-assembly1.cif	cf_woTemplates_model_4_multimer_v3_pred_50.pdb	0	7819	0.726445	A=C,B=B,C=A,D=D
8BWL-assembly1.cif	afm_woTemplates_model_4_multimer_v3_pred_9.pdb	0	5829	0.726434	A=A,B=B,C=C,D=D
8BWL-assembly1.cif	afm_dropout_full_woTemplates_r3_model_4_multimer_v3_pred_23.pdb	0	3769	0.726432	A=A,B=D,C=C,D=B
8BWL-assembly1.cif	afm_woTemplates_model_4_multimer_v3_pred_10.pdb	0	5765	0.726431	A=A,B=B,C=C,D=D
8BWL-assembly1.cif	cf_dropout_full_woTemplates_model_4_multimer_v3_pred_10.pdb	0	6770	0.726429	A=C,B=D,C=A,D=B
8BWL-assembly1.cif	afm_dropout_full_woTemplates_r3_model_3_multimer_v3_pred_60.pdb	0	3609	0.726428	A=A,B=B,C=C,D=D
8BWL-assembly1.cif	afm_woTemplates_model_5_multimer_v2_pred_21.pdb	0	5911	0.726422	A=C,B=B,C=A,D=D
8BWL-assembly1.cif	afm_dropout_noSM_woTemplates_model_3_multimer_v2_pred_63.pdb	0	4550	0.72641	A=A,B=B,C=C,D=D
8BWL-assembly1.cif	afm_dropout_full_model_5_multimer_v3_pred_46.pdb	0	1985	0.726405	A=A,B=D,C=C,D=B
8BWL-assembly1.cif	afm_dropout_full_model_4_multimer_v3_pred_16.pdb	0	1751	0.726402	A=C,B=B,C=A,D=D
8BWL-assembly1.cif	afm_dropout_full_woTemplates_r3_model_3_multimer_v3_pred_9.pdb	0	3618	0.726381	A=C,B=B,C=A,D=D
8BWL-assembly1.cif	afm_dropout_noSM_woTemplates_model_2_multimer_v2_pred_42.pdb	0	4326	0.726379	A=C,B=B,C=A,D=D
8BWL-assembly1.cif	afm_dropout_noSM_woTemplates_model_3_multimer_v1_pred_5.pdb	0	4468	0.726378	A=A,B=D,C=C,D=B
8BWL-assembly1.cif	cf_woTemplates_model_5_multimer_v3_pred_21.pdb	0	7988	0.726377	A=C,B=B,C=A,D=D
8BWL-assembly1.cif	afm_basic_model_3_multimer_v3_pred_36.pdb	0	567	0.726366	A=A,B=B,C=C,D=D
8BWL-assembly1.cif	afm_dropout_full_model_2_multimer_v1_pred_28.pdb	0	1228	0.726352	A=A,B=D,C=C,D=B
8BWL-assembly1.cif	afm_dropout_full_model_1_multimer_v1_pred_45.pdb	0	1046	0.726346	A=A,B=D,C=C,D=B
8BWL-assembly1.cif	afm_dropout_full_woTemplates_r3_model_4_multimer_v3_pred_6.pdb	0	3809	0.726341	A=A,B=B,C=C,D=D
8BWL-assembly1.cif	afm_basic_model_2_multimer_v1_pred_2.pdb	0	214	0.726337	A=A,B=D,C=C,D=B
8BWL-assembly1.cif	cf_dropout_full_woTemplates_model_1_multimer_v3_pred_20.pdb	0	6178	0.726332	A=C,B=D,C=A,D=B
8BWL-assembly1.cif	afm_woTemplates_model_1_multimer_v1_pred_23.pdb	0	5042	0.726331	A=C,B=B,C=A,D=D
8BWL-assembly1.cif	afm_dropout_full_model_5_multimer_v3_pred_23.pdb	0	1960	0.726327	A=A,B=B,C=C,D=D
8BWL-assembly1.cif	afm_dropout_full_model_2_multimer_v1_pred_50.pdb	0	1253	0.726327	A=A,B=D,C=C,D=B
8BWL-assembly1.cif	afm_basic_model_2_multimer_v1_pred_38.pdb	0	234	0.726326	A=C,B=B,C=A,D=D
8BWL-assembly1.cif	afm_dropout_noSM_woTemplates_model_5_multimer_v3_pred_47.pdb	0	5001	0.726323	A=C,B=B,C=A,D=D
8BWL-assembly1.cif	afm_dropout_noSM_woTemplates_model_3_multimer_v3_pred_41.pdb	0	4593	0.726314	A=C,B=B,C=A,D=D
8BWL-assembly1.cif	afm_dropout_full_woTemplates_model_1_multimer_v3_pred_61.pdb	0	2203	0.726313	A=C,B=D,C=A,D=B
8BWL-assembly1.cif	cf_dropout_full_woTemplates_model_3_multimer_v1_pred_4.pdb	0	6467	0.726305	A=A,B=D,C=C,D=B
8BWL-assembly1.cif	afm_dropout_full_woTemplates_r3_model_1_multimer_v3_pred_65.pdb	0	3212	0.726296	A=C,B=D,C=A,D=B
8BWL-assembly1.cif	cf_dropout_full_woTemplates_model_4_multimer_v1_pred_53.pdb	0	6683	0.726286	A=A,B=B,C=C,D=D
8BWL-assembly1.cif	afm_dropout_noSM_woTemplates_model_1_multimer_v3_pred_48.pdb	0	4198	0.726282	A=A,B=D,C=C,D=B
8BWL-assembly1.cif	afm_basic_model_4_multimer_v3_pred_25.pdb	0	756	0.726249	A=A,B=B,C=C,D=D
8BWL-assembly1.cif	afm_basic_model_5_multimer_v2_pred_30.pdb	0	896	0.726241	A=A,B=D,C=C,D=B
8BWL-assembly1.cif	afm_basic_model_3_multimer_v1_pred_23.pdb	0	419	0.726239	A=A,B=D,C=C,D=B
8BWL-assembly1.cif	cf_dropout_full_woTemplates_model_1_multimer_v1_pred_34.pdb	0	6059	0.726237	A=A,B=D,C=C,D=B
8BWL-assembly1.cif	cf_woTemplates_model_3_multimer_v1_pred_43.pdb	0	7476	0.726235	A=A,B=D,C=C,D=B
8BWL-assembly1.cif	cf_dropout_full_woTemplates_model_1_multimer_v3_pred_17.pdb	0	6174	0.726233	A=C,B=D,C=A,D=B
8BWL-assembly1.cif	afm_dropout_full_woTemplates_r3_model_3_multimer_v2_pred_21.pdb	0	3499	0.726231	A=C,B=D,C=A,D=B
8BWL-assembly1.cif	afm_basic_model_4_multimer_v3_pred_44.pdb	0	777	0.726229	A=C,B=B,C=A,D=D
8BWL-assembly1.cif	afm_dropout_full_model_5_multimer_v1_pred_42.pdb	0	1847	0.726217	A=A,B=D,C=C,D=B
8BWL-assembly1.cif	afm_basic_model_1_multimer_v1_pred_11.pdb	0	4	0.726206	A=A,B=D,C=C,D=B
8BWL-assembly1.cif	afm_dropout_full_woTemplates_r3_model_4_multimer_v3_pred_52.pdb	0	3801	0.726205	A=A,B=B,C=C,D=D
8BWL-assembly1.cif	cf_woTemplates_model_3_multimer_v1_pred_1.pdb	0	7439	0.726182	A=A,B=D,C=C,D=B
8BWL-assembly1.cif	afm_dropout_full_model_2_multimer_v2_pred_23.pdb	0	1290	0.726182	A=C,B=D,C=A,D=B
8BWL-assembly1.cif	cf_woTemplates_model_4_multimer_v3_pred_35.pdb	0	7802	0.726176	A=C,B=D,C=A,D=B
8BWL-assembly1.cif	afm_dropout_full_woTemplates_r3_model_3_multimer_v2_pred_36.pdb	0	3515	0.726173	A=C,B=B,C=A,D=D
8BWL-assembly1.cif	afm_basic_model_1_multimer_v1_pred_48.pdb	0	44	0.726173	A=C,B=B,C=A,D=D
8BWL-assembly1.cif	afm_dropout_full_woTemplates_r3_model_5_multimer_v3_pred_35.pdb	0	3983	0.72617	A=A,B=B,C=C,D=D
8BWL-assembly1.cif	afm_dropout_full_woTemplates_r3_model_3_multimer_v1_pred_5.pdb	0	3463	0.726154	A=C,B=B,C=A,D=D
8BWL-assembly1.cif	cf_woTemplates_model_5_multimer_v3_pred_18.pdb	0	7984	0.726149	A=A,B=D,C=C,D=B
8BWL-assembly1.cif	afm_woTemplates_model_2_multimer_v3_pred_25.pdb	0	5379	0.726134	A=C,B=D,C=A,D=B
8BWL-assembly1.cif	afm_dropout_full_woTemplates_model_3_multimer_v2_pred_13.pdb	0	2485	0.726129	A=C,B=D,C=A,D=B
8BWL-assembly1.cif	afm_dropout_full_woTemplates_r3_model_4_multimer_v3_pred_12.pdb	0	3757	0.726116	A=A,B=D,C=C,D=B
8BWL-assembly1.cif	afm_dropout_full_woTemplates_r3_model_5_multimer_v3_pred_66.pdb	0	4017	0.726115	A=C,B=B,C=A,D=D
8BWL-assembly1.cif	afm_dropout_full_model_5_multimer_v2_pred_11.pdb	0	1880	0.726099	A=A,B=D,C=C,D=B
8BWL-assembly1.cif	afm_basic_model_3_multimer_v1_pred_24.pdb	0	420	0.726096	A=A,B=B,C=C,D=D
8BWL-assembly1.cif	afm_dropout_full_woTemplates_r3_model_4_multimer_v3_pred_14.pdb	0	3759	0.726095	A=A,B=D,C=C,D=B
8BWL-assembly1.cif	afm_dropout_full_model_5_multimer_v3_pred_42.pdb	0	1981	0.726088	A=A,B=D,C=C,D=B
8BWL-assembly1.cif	afm_dropout_full_woTemplates_model_3_multimer_v2_pred_4.pdb	0	2514	0.726081	A=C,B=B,C=A,D=D
8BWL-assembly1.cif	cf_woTemplates_model_2_multimer_v2_pred_20.pdb	0	7317	0.726074	A=C,B=B,C=A,D=D
8BWL-assembly1.cif	afm_dropout_full_model_5_multimer_v3_pred_63.pdb	0	2004	0.726073	A=C,B=D,C=A,D=B
8BWL-assembly1.cif	afm_dropout_full_woTemplates_model_5_multimer_v3_pred_13.pdb	0	2954	0.726069	A=C,B=B,C=A,D=D
8BWL-assembly1.cif	afm_basic_model_2_multimer_v1_pred_46.pdb	0	243	0.726067	A=C,B=B,C=A,D=D
8BWL-assembly1.cif	afm_basic_model_1_multimer_v1_pred_47.pdb	0	43	0.726065	A=A,B=D,C=C,D=B
8BWL-assembly1.cif	afm_dropout_full_woTemplates_r3_model_2_multimer_v3_pred_45.pdb	0	3391	0.726063	A=A,B=B,C=C,D=D
8BWL-assembly1.cif	afm_dropout_full_woTemplates_model_3_multimer_v3_pred_20.pdb	0	2560	0.726059	A=C,B=B,C=A,D=D
8BWL-assembly1.cif	afm_dropout_full_woTemplates_r3_model_3_multimer_v1_pred_30.pdb	0	3442	0.726056	A=C,B=B,C=A,D=D
8BWL-assembly1.cif	cf_dropout_full_woTemplates_model_1_multimer_v3_pred_31.pdb	0	6190	0.72605	A=A,B=B,C=C,D=D
8BWL-assembly1.cif	afm_dropout_full_model_5_multimer_v1_pred_35.pdb	0	1839	0.726048	A=A,B=D,C=C,D=B
8BWL-assembly1.cif	afm_dropout_noSM_woTemplates_model_3_multimer_v2_pred_65.pdb	0	4552	0.726047	A=C,B=B,C=A,D=D
8BWL-assembly1.cif	cf_dropout_full_woTemplates_model_1_multimer_v1_pred_26.pdb	0	6050	0.726037	A=C,B=B,C=A,D=D
8BWL-assembly1.cif	afm_woTemplates_model_2_multimer_v1_pred_0.pdb	0	5227	0.726036	A=C,B=B,C=A,D=D
8BWL-assembly1.cif	afm_dropout_full_model_5_multimer_v3_pred_33.pdb	0	1971	0.726029	A=A,B=D,C=C,D=B
8BWL-assembly1.cif	afm_dropout_full_woTemplates_model_3_multimer_v3_pred_46.pdb	0	2588	0.726024	A=A,B=D,C=C,D=B
8BWL-assembly1.cif	afm_dropout_full_woTemplates_model_3_multimer_v3_pred_62.pdb	0	2606	0.726022	A=C,B=D,C=A,D=B
8BWL-assembly1.cif	afm_dropout_full_woTemplates_model_4_multimer_v3_pred_46.pdb	0	2789	0.726019	A=C,B=B,C=A,D=D
8BWL-assembly1.cif	afm_dropout_full_woTemplates_r3_model_1_multimer_v3_pred_30.pdb	0	3174	0.726008	A=C,B=B,C=A,D=D
8BWL-assembly1.cif	afm_woTemplates_model_3_multimer_v2_pred_20.pdb	0	5508	0.726005	A=A,B=B,C=C,D=D
8BWL-assembly1.cif	afm_dropout_full_model_5_multimer_v2_pred_34.pdb	0	1905	0.726	A=A,B=D,C=C,D=B
8BWL-assembly1.cif	afm_woTemplates_model_5_multimer_v2_pred_53.pdb	0	5946	0.725999	A=C,B=B,C=A,D=D
8BWL-assembly1.cif	afm_dropout_full_model_4_multimer_v2_pred_28.pdb	0	1697	0.725988	A=C,B=B,C=A,D=D
8BWL-assembly1.cif	afm_dropout_noSM_woTemplates_model_2_multimer_v1_pred_53.pdb	0	4271	0.725984	A=C,B=D,C=A,D=B
8BWL-assembly1.cif	afm_woTemplates_model_2_multimer_v2_pred_12.pdb	0	5298	0.72598	A=A,B=B,C=C,D=D
8BWL-assembly1.cif	cf_dropout_full_woTemplates_model_1_multimer_v3_pred_15.pdb	0	6172	0.725979	A=C,B=D,C=A,D=B
8BWL-assembly1.cif	cf_woTemplates_model_2_multimer_v2_pred_10.pdb	0	7306	0.725973	A=C,B=D,C=A,D=B
8BWL-assembly1.cif	afm_dropout_full_woTemplates_r3_model_1_multimer_v3_pred_51.pdb	0	3197	0.725968	A=A,B=D,C=C,D=B
8BWL-assembly1.cif	afm_basic_model_2_multimer_v1_pred_22.pdb	0	217	0.725961	A=A,B=D,C=C,D=B
8BWL-assembly1.cif	afm_woTemplates_model_3_multimer_v2_pred_4.pdb	0	5529	0.725958	A=C,B=B,C=A,D=D
8BWL-assembly1.cif	afm_dropout_full_model_5_multimer_v1_pred_0.pdb	0	1810	0.725955	A=A,B=D,C=C,D=B
8BWL-assembly1.cif	afm_woTemplates_model_2_multimer_v2_pred_56.pdb	0	5346	0.725952	A=A,B=B,C=C,D=D
8BWL-assembly1.cif	afm_dropout_full_model_5_multimer_v3_pred_25.pdb	0	1962	0.725941	A=C,B=D,C=A,D=B
8BWL-assembly1.cif	cf_dropout_full_woTemplates_model_2_multimer_v3_pred_7.pdb	0	6430	0.725938	A=C,B=D,C=A,D=B
8BWL-assembly1.cif	cf_dropout_full_woTemplates_model_5_multimer_v3_pred_35.pdb	0	6998	0.725924	A=C,B=B,C=A,D=D
8BWL-assembly1.cif	afm_dropout_full_woTemplates_r3_model_3_multimer_v2_pred_24.pdb	0	3502	0.725923	A=A,B=D,C=C,D=B
8BWL-assembly1.cif	afm_dropout_full_woTemplates_model_3_multimer_v2_pred_26.pdb	0	2499	0.725922	A=A,B=B,C=C,D=D
8BWL-assembly1.cif	afm_dropout_noSM_woTemplates_model_2_multimer_v2_pred_35.pdb	0	4318	0.725916	A=A,B=B,C=C,D=D
8BWL-assembly1.cif	afm_woTemplates_model_2_multimer_v2_pred_49.pdb	0	5338	0.725913	A=C,B=D,C=A,D=B
8BWL-assembly1.cif	afm_dropout_noSM_woTemplates_model_3_multimer_v3_pred_17.pdb	0	4566	0.72591	A=C,B=D,C=A,D=B
8BWL-assembly1.cif	afm_woTemplates_model_2_multimer_v2_pred_32.pdb	0	5320	0.725908	A=C,B=D,C=A,D=B
8BWL-assembly1.cif	afm_woTemplates_model_1_multimer_v3_pred_21.pdb	0	5174	0.725904	A=C,B=B,C=A,D=D
8BWL-assembly1.cif	afm_woTemplates_model_2_multimer_v2_pred_31.pdb	0	5319	0.725902	A=C,B=D,C=A,D=B
8BWL-assembly1.cif	afm_basic_model_5_multimer_v2_pred_17.pdb	0	881	0.7259	A=A,B=D,C=C,D=B
8BWL-assembly1.cif	afm_woTemplates_model_3_multimer_v2_pred_36.pdb	0	5525	0.725899	A=A,B=B,C=C,D=D
8BWL-assembly1.cif	afm_woTemplates_model_4_multimer_v1_pred_53.pdb	0	5678	0.725898	A=A,B=D,C=C,D=B
8BWL-assembly1.cif	afm_dropout_full_woTemplates_model_2_multimer_v1_pred_31.pdb	0	2237	0.725891	A=C,B=B,C=A,D=D
8BWL-assembly1.cif	afm_basic_model_5_multimer_v2_pred_10.pdb	0	874	0.725885	A=C,B=B,C=A,D=D
8BWL-assembly1.cif	cf_woTemplates_model_4_multimer_v3_pred_62.pdb	0	7832	0.725863	A=A,B=B,C=C,D=D
8BWL-assembly1.cif	afm_basic_model_1_multimer_v1_pred_15.pdb	0	8	0.725853	A=C,B=B,C=A,D=D
8BWL-assembly1.cif	afm_woTemplates_model_3_multimer_v2_pred_62.pdb	0	5554	0.725842	A=C,B=B,C=A,D=D
8BWL-assembly1.cif	afm_dropout_noSM_woTemplates_model_3_multimer_v2_pred_53.pdb	0	4539	0.725832	A=C,B=D,C=A,D=B
8BWL-assembly1.cif	afm_dropout_full_model_1_multimer_v1_pred_24.pdb	0	1023	0.725828	A=C,B=B,C=A,D=D
8BWL-assembly1.cif	afm_dropout_full_woTemplates_model_2_multimer_v3_pred_50.pdb	0	2392	0.725827	A=C,B=B,C=A,D=D
8BWL-assembly1.cif	afm_dropout_full_woTemplates_model_3_multimer_v1_pred_52.pdb	0	2461	0.725827	A=A,B=B,C=C,D=D
8BWL-assembly1.cif	cf_woTemplates_model_2_multimer_v2_pred_37.pdb	0	7335	0.725826	A=A,B=B,C=C,D=D
8BWL-assembly1.cif	afm_dropout_full_model_3_multimer_v1_pred_35.pdb	0	1437	0.725822	A=A,B=B,C=C,D=D
8BWL-assembly1.cif	afm_dropout_full_model_4_multimer_v2_pred_55.pdb	0	1727	0.72582	A=A,B=B,C=C,D=D
8BWL-assembly1.cif	afm_dropout_full_model_5_multimer_v3_pred_21.pdb	0	1958	0.725815	A=C,B=B,C=A,D=D
8BWL-assembly1.cif	afm_basic_model_3_multimer_v3_pred_55.pdb	0	588	0.725815	A=C,B=B,C=A,D=D
8BWL-assembly1.cif	afm_dropout_noSM_woTemplates_model_1_multimer_v3_pred_14.pdb	0	4161	0.725807	A=A,B=D,C=C,D=B
8BWL-assembly1.cif	afm_dropout_full_woTemplates_model_1_multimer_v3_pred_4.pdb	0	2179	0.725802	A=A,B=B,C=C,D=D
8BWL-assembly1.cif	cf_dropout_full_woTemplates_model_5_multimer_v1_pred_10.pdb	0	6837	0.725802	A=A,B=D,C=C,D=B
8BWL-assembly1.cif	cf_woTemplates_model_3_multimer_v1_pred_4.pdb	0	7472	0.725801	A=C,B=B,C=A,D=D
8BWL-assembly1.cif	afm_dropout_full_model_1_multimer_v2_pred_22.pdb	0	1088	0.725798	A=A,B=D,C=C,D=B
8BWL-assembly1.cif	afm_dropout_noSM_woTemplates_model_4_multimer_v3_pred_47.pdb	0	4800	0.725789	A=A,B=D,C=C,D=B
8BWL-assembly1.cif	cf_dropout_full_woTemplates_model_5_multimer_v3_pred_53.pdb	0	7018	0.725782	A=A,B=D,C=C,D=B
8BWL-assembly1.cif	afm_basic_model_5_multimer_v2_pred_64.pdb	0	933	0.725781	A=A,B=D,C=C,D=B
8BWL-assembly1.cif	afm_dropout_noSM_woTemplates_model_4_multimer_v3_pred_10.pdb	0	4760	0.725773	A=A,B=B,C=C,D=D
8BWL-assembly1.cif	afm_dropout_noSM_woTemplates_model_3_multimer_v3_pred_44.pdb	0	4596	0.72577	A=A,B=D,C=C,D=B
8BWL-assembly1.cif	afm_woTemplates_model_5_multimer_v2_pred_8.pdb	0	5962	0.725767	A=C,B=D,C=A,D=B
8BWL-assembly1.cif	afm_dropout_full_woTemplates_r3_model_2_multimer_v3_pred_3.pdb	0	3374	0.725756	A=C,B=B,C=A,D=D
8BWL-assembly1.cif	afm_woTemplates_model_3_multimer_v1_pred_30.pdb	0	5452	0.725745	A=C,B=B,C=A,D=D
8BWL-assembly1.cif	afm_dropout_full_model_5_multimer_v3_pred_47.pdb	0	1986	0.725741	A=C,B=B,C=A,D=D
8BWL-assembly1.cif	afm_dropout_full_woTemplates_model_4_multimer_v2_pred_45.pdb	0	2721	0.725734	A=C,B=B,C=A,D=D
8BWL-assembly1.cif	afm_dropout_full_woTemplates_r3_model_1_multimer_v3_pred_20.pdb	0	3163	0.725727	A=A,B=B,C=C,D=D
8BWL-assembly1.cif	afm_dropout_noSM_woTemplates_model_3_multimer_v3_pred_36.pdb	0	4587	0.725724	A=A,B=B,C=C,D=D
8BWL-assembly1.cif	afm_dropout_noSM_woTemplates_model_4_multimer_v1_pred_15.pdb	0	4631	0.725723	A=C,B=B,C=A,D=D
8BWL-assembly1.cif	cf_dropout_full_woTemplates_model_5_multimer_v1_pred_16.pdb	0	6843	0.725723	A=C,B=B,C=A,D=D
8BWL-assembly1.cif	afm_dropout_full_model_3_multimer_v3_pred_0.pdb	0	1542	0.725721	A=C,B=B,C=A,D=D
8BWL-assembly1.cif	afm_dropout_noSM_woTemplates_model_3_multimer_v3_pred_54.pdb	0	4607	0.725716	A=A,B=B,C=C,D=D
8BWL-assembly1.cif	afm_dropout_full_woTemplates_model_2_multimer_v2_pred_56.pdb	0	2331	0.725716	A=A,B=B,C=C,D=D
8BWL-assembly1.cif	afm_woTemplates_model_1_multimer_v3_pred_36.pdb	0	5190	0.725713	A=A,B=B,C=C,D=D
8BWL-assembly1.cif	afm_dropout_full_model_2_multimer_v2_pred_65.pdb	0	1336	0.725707	A=C,B=D,C=A,D=B
8BWL-assembly1.cif	afm_woTemplates_model_3_multimer_v2_pred_21.pdb	0	5509	0.725701	A=A,B=B,C=C,D=D
8BWL-assembly1.cif	cf_woTemplates_model_2_multimer_v2_pred_32.pdb	0	7330	0.725697	A=A,B=B,C=C,D=D
8BWL-assembly1.cif	afm_dropout_full_model_3_multimer_v1_pred_40.pdb	0	1443	0.725696	A=A,B=D,C=C,D=B
8BWL-assembly1.cif	afm_dropout_full_woTemplates_model_3_multimer_v2_pred_56.pdb	0	2532	0.725693	A=A,B=D,C=C,D=B
8BWL-assembly1.cif	afm_dropout_noSM_woTemplates_model_4_multimer_v3_pred_51.pdb	0	4805	0.725687	A=C,B=D,C=A,D=B
8BWL-assembly1.cif	afm_basic_model_5_multimer_v3_pred_42.pdb	0	976	0.725683	A=A,B=D,C=C,D=B
8BWL-assembly1.cif	cf_woTemplates_model_2_multimer_v2_pred_39.pdb	0	7337	0.725679	A=C,B=B,C=A,D=D
8BWL-assembly1.cif	afm_dropout_full_model_3_multimer_v1_pred_53.pdb	0	1457	0.725675	A=A,B=D,C=C,D=B
8BWL-assembly1.cif	afm_basic_model_1_multimer_v1_pred_55.pdb	0	52	0.725673	A=C,B=D,C=A,D=B
8BWL-assembly1.cif	afm_dropout_noSM_woTemplates_model_4_multimer_v3_pred_16.pdb	0	4766	0.725671	A=C,B=D,C=A,D=B
8BWL-assembly1.cif	afm_basic_model_2_multimer_v1_pred_20.pdb	0	215	0.725669	A=C,B=B,C=A,D=D
8BWL-assembly1.cif	afm_dropout_full_woTemplates_model_4_multimer_v3_pred_23.pdb	0	2764	0.725668	A=A,B=B,C=C,D=D
8BWL-assembly1.cif	afm_dropout_full_woTemplates_model_4_multimer_v3_pred_22.pdb	0	2763	0.725662	A=C,B=B,C=A,D=D
8BWL-assembly1.cif	afm_basic_model_5_multimer_v2_pred_40.pdb	0	907	0.725661	A=C,B=D,C=A,D=B
8BWL-assembly1.cif	cf_woTemplates_model_3_multimer_v3_pred_60.pdb	0	7629	0.725657	A=A,B=D,C=C,D=B
8BWL-assembly1.cif	afm_dropout_full_model_1_multimer_v1_pred_44.pdb	0	1045	0.725652	A=A,B=B,C=C,D=D
8BWL-assembly1.cif	afm_basic_model_1_multimer_v1_pred_43.pdb	0	39	0.725651	A=C,B=B,C=A,D=D
8BWL-assembly1.cif	afm_dropout_full_model_5_multimer_v1_pred_15.pdb	0	1817	0.725644	A=A,B=D,C=C,D=B
8BWL-assembly1.cif	afm_dropout_full_model_5_multimer_v3_pred_17.pdb	0	1953	0.725643	A=A,B=D,C=C,D=B
8BWL-assembly1.cif	afm_dropout_noSM_woTemplates_model_4_multimer_v3_pred_4.pdb	0	4792	0.725642	A=C,B=B,C=A,D=D
8BWL-assembly1.cif	afm_basic_model_2_multimer_v2_pred_12.pdb	0	273	0.725637	A=A,B=D,C=C,D=B
8BWL-assembly1.cif	afm_basic_model_5_multimer_v2_pred_28.pdb	0	893	0.725634	A=A,B=D,C=C,D=B
8BWL-assembly1.cif	afm_dropout_full_model_5_multimer_v1_pred_27.pdb	0	1830	0.725629	A=A,B=D,C=C,D=B
8BWL-assembly1.cif	afm_basic_model_2_multimer_v1_pred_51.pdb	0	249	0.725625	A=A,B=D,C=C,D=B
8BWL-assembly1.cif	cf_dropout_full_woTemplates_model_4_multimer_v3_pred_22.pdb	0	6783	0.725623	A=A,B=D,C=C,D=B
8BWL-assembly1.cif	cf_woTemplates_model_5_multimer_v3_pred_30.pdb	0	7998	0.72562	A=A,B=D,C=C,D=B
8BWL-assembly1.cif	afm_dropout_full_woTemplates_model_4_multimer_v3_pred_53.pdb	0	2797	0.725619	A=C,B=B,C=A,D=D
8BWL-assembly1.cif	afm_dropout_noSM_woTemplates_model_5_multimer_v2_pred_3.pdb	0	4915	0.725617	A=A,B=D,C=C,D=B
8BWL-assembly1.cif	afm_dropout_full_woTemplates_model_2_multimer_v2_pred_11.pdb	0	2282	0.725613	A=A,B=D,C=C,D=B
8BWL-assembly1.cif	cf_woTemplates_model_2_multimer_v2_pred_63.pdb	0	7364	0.725613	A=C,B=D,C=A,D=B
8BWL-assembly1.cif	cf_dropout_full_woTemplates_model_5_multimer_v1_pred_43.pdb	0	6873	0.725588	A=C,B=B,C=A,D=D
8BWL-assembly1.cif	afm_dropout_full_model_5_multimer_v3_pred_65.pdb	0	2006	0.725582	A=C,B=B,C=A,D=D
8BWL-assembly1.cif	afm_dropout_full_model_3_multimer_v1_pred_42.pdb	0	1445	0.725576	A=A,B=B,C=C,D=D
8BWL-assembly1.cif	afm_woTemplates_model_3_multimer_v3_pred_17.pdb	0	5571	0.72557	A=A,B=B,C=C,D=D
8BWL-assembly1.cif	afm_dropout_full_model_1_multimer_v1_pred_4.pdb	0	1040	0.725559	A=A,B=D,C=C,D=B
8BWL-assembly1.cif	cf_dropout_full_woTemplates_model_5_multimer_v1_pred_25.pdb	0	6853	0.725558	A=C,B=B,C=A,D=D
8BWL-assembly1.cif	afm_dropout_full_model_3_multimer_v1_pred_50.pdb	0	1454	0.725556	A=C,B=D,C=A,D=B
8BWL-assembly1.cif	afm_woTemplates_model_2_multimer_v3_pred_41.pdb	0	5397	0.725553	A=A,B=D,C=C,D=B
8BWL-assembly1.cif	afm_dropout_full_woTemplates_r3_model_4_multimer_v3_pred_2.pdb	0	3765	0.72555	A=A,B=B,C=C,D=D
8BWL-assembly1.cif	afm_basic_model_2_multimer_v2_pred_10.pdb	0	271	0.725547	A=C,B=B,C=A,D=D
8BWL-assembly1.cif	afm_dropout_noSM_woTemplates_model_4_multimer_v3_pred_29.pdb	0	4780	0.725547	A=C,B=D,C=A,D=B
8BWL-assembly1.cif	afm_dropout_full_woTemplates_r3_model_3_multimer_v3_pred_45.pdb	0	3592	0.725543	A=C,B=B,C=A,D=D
8BWL-assembly1.cif	afm_dropout_full_woTemplates_model_3_multimer_v3_pred_35.pdb	0	2576	0.725541	A=A,B=B,C=C,D=D
8BWL-assembly1.cif	afm_dropout_full_model_5_multimer_v2_pred_32.pdb	0	1903	0.725532	A=A,B=D,C=C,D=B
8BWL-assembly1.cif	afm_basic_model_4_multimer_v3_pred_1.pdb	0	739	0.725529	A=A,B=B,C=C,D=D
8BWL-assembly1.cif	afm_dropout_full_woTemplates_model_3_multimer_v2_pred_39.pdb	0	2513	0.725528	A=A,B=B,C=C,D=D
8BWL-assembly1.cif	afm_woTemplates_model_3_multimer_v3_pred_54.pdb	0	5612	0.725526	A=C,B=B,C=A,D=D
8BWL-assembly1.cif	afm_woTemplates_model_2_multimer_v1_pred_64.pdb	0	5288	0.725519	A=A,B=D,C=C,D=B
8BWL-assembly1.cif	cf_dropout_full_woTemplates_model_1_multimer_v1_pred_46.pdb	0	6072	0.725518	A=A,B=D,C=C,D=B
8BWL-assembly1.cif	afm_dropout_full_model_1_multimer_v1_pred_39.pdb	0	1039	0.725503	A=C,B=B,C=A,D=D
8BWL-assembly1.cif	afm_woTemplates_model_2_multimer_v1_pred_5.pdb	0	5272	0.725501	A=A,B=D,C=C,D=B
8BWL-assembly1.cif	afm_dropout_full_woTemplates_model_3_multimer_v2_pred_25.pdb	0	2498	0.7255	A=A,B=D,C=C,D=B
8BWL-assembly1.cif	afm_dropout_full_model_3_multimer_v1_pred_0.pdb	0	1408	0.725488	A=C,B=B,C=A,D=D
8BWL-assembly1.cif	afm_dropout_full_woTemplates_r3_model_3_multimer_v3_pred_25.pdb	0	3570	0.725487	A=A,B=D,C=C,D=B
8BWL-assembly1.cif	afm_dropout_full_model_5_multimer_v2_pred_4.pdb	0	1911	0.725486	A=A,B=D,C=C,D=B
8BWL-assembly1.cif	afm_woTemplates_model_1_multimer_v3_pred_9.pdb	0	5226	0.725482	A=C,B=D,C=A,D=B
8BWL-assembly1.cif	afm_basic_model_2_multimer_v2_pred_36.pdb	0	299	0.725481	A=C,B=D,C=A,D=B
8BWL-assembly1.cif	afm_dropout_noSM_woTemplates_model_2_multimer_v1_pred_57.pdb	0	4275	0.725478	A=C,B=D,C=A,D=B
8BWL-assembly1.cif	cf_woTemplates_model_5_multimer_v1_pred_15.pdb	0	7847	0.725474	A=A,B=D,C=C,D=B
8BWL-assembly1.cif	afm_woTemplates_model_1_multimer_v1_pred_4.pdb	0	5060	0.72547	A=A,B=D,C=C,D=B
8BWL-assembly1.cif	afm_woTemplates_model_2_multimer_v1_pred_21.pdb	0	5241	0.725468	A=A,B=D,C=C,D=B
8BWL-assembly1.cif	cf_dropout_full_woTemplates_model_2_multimer_v2_pred_9.pdb	0	6365	0.725464	A=C,B=B,C=A,D=D
8BWL-assembly1.cif	afm_dropout_full_model_5_multimer_v3_pred_64.pdb	0	2005	0.725457	A=A,B=D,C=C,D=B
8BWL-assembly1.cif	afm_dropout_noSM_woTemplates_model_3_multimer_v3_pred_33.pdb	0	4584	0.725456	A=A,B=B,C=C,D=D
8BWL-assembly1.cif	afm_dropout_full_model_1_multimer_v1_pred_5.pdb	0	1051	0.725447	A=A,B=D,C=C,D=B
8BWL-assembly1.cif	cf_dropout_full_woTemplates_model_5_multimer_v3_pred_42.pdb	0	7006	0.725443	A=C,B=B,C=A,D=D
8BWL-assembly1.cif	cf_dropout_full_woTemplates_model_2_multimer_v2_pred_55.pdb	0	6350	0.725441	A=C,B=B,C=A,D=D
8BWL-assembly1.cif	afm_dropout_full_model_2_multimer_v2_pred_60.pdb	0	1331	0.72543	A=A,B=D,C=C,D=B
8BWL-assembly1.cif	afm_basic_model_2_multimer_v2_pred_61.pdb	0	327	0.725429	A=A,B=D,C=C,D=B
8BWL-assembly1.cif	afm_dropout_full_model_2_multimer_v2_pred_52.pdb	0	1322	0.725427	A=C,B=D,C=A,D=B
8BWL-assembly1.cif	afm_dropout_full_model_5_multimer_v3_pred_7.pdb	0	2008	0.72542	A=A,B=D,C=C,D=B
8BWL-assembly1.cif	afm_dropout_noSM_woTemplates_model_3_multimer_v2_pred_47.pdb	0	4532	0.725414	A=C,B=D,C=A,D=B
8BWL-assembly1.cif	afm_basic_model_2_multimer_v1_pred_35.pdb	0	231	0.72541	A=C,B=B,C=A,D=D
8BWL-assembly1.cif	afm_dropout_full_model_1_multimer_v1_pred_46.pdb	0	1047	0.725404	A=C,B=B,C=A,D=D
8BWL-assembly1.cif	afm_dropout_noSM_woTemplates_model_2_multimer_v1_pred_3.pdb	0	4245	0.725402	A=C,B=D,C=A,D=B
8BWL-assembly1.cif	afm_dropout_full_model_3_multimer_v3_pred_58.pdb	0	1596	0.7254	A=C,B=B,C=A,D=D
8BWL-assembly1.cif	afm_woTemplates_model_2_multimer_v3_pred_32.pdb	0	5387	0.725398	A=C,B=D,C=A,D=B
8BWL-assembly1.cif	afm_basic_model_2_multimer_v1_pred_25.pdb	0	220	0.725384	A=C,B=B,C=A,D=D
8BWL-assembly1.cif	afm_woTemplates_model_2_multimer_v1_pred_55.pdb	0	5278	0.725363	A=A,B=D,C=C,D=B
8BWL-assembly1.cif	afm_dropout_full_model_4_multimer_v3_pred_10.pdb	0	1745	0.725357	A=C,B=B,C=A,D=D
8BWL-assembly1.cif	afm_dropout_full_woTemplates_model_3_multimer_v3_pred_4.pdb	0	2581	0.725355	A=C,B=D,C=A,D=B
8BWL-assembly1.cif	afm_basic_model_5_multimer_v1_pred_6.pdb	0	861	0.725348	A=A,B=D,C=C,D=B
8BWL-assembly1.cif	cf_dropout_full_woTemplates_model_4_multimer_v1_pred_33.pdb	0	6661	0.725341	A=C,B=B,C=A,D=D
8BWL-assembly1.cif	afm_dropout_noSM_woTemplates_model_2_multimer_v1_pred_2.pdb	0	4234	0.725337	A=C,B=B,C=A,D=D
8BWL-assembly1.cif	afm_dropout_full_model_3_multimer_v3_pred_39.pdb	0	1575	0.725335	A=A,B=B,C=C,D=D
8BWL-assembly1.cif	afm_dropout_full_model_3_multimer_v3_pred_55.pdb	0	1593	0.72533	A=A,B=B,C=C,D=D
8BWL-assembly1.cif	afm_dropout_noSM_woTemplates_model_4_multimer_v3_pred_35.pdb	0	4787	0.72532	A=A,B=B,C=C,D=D
8BWL-assembly1.cif	cf_dropout_full_woTemplates_model_4_multimer_v3_pred_6.pdb	0	6824	0.725316	A=C,B=B,C=A,D=D
8BWL-assembly1.cif	afm_woTemplates_model_4_multimer_v3_pred_16.pdb	0	5771	0.725303	A=A,B=D,C=C,D=B
8BWL-assembly1.cif	afm_dropout_noSM_woTemplates_model_5_multimer_v3_pred_54.pdb	0	5009	0.725302	A=A,B=D,C=C,D=B
8BWL-assembly1.cif	afm_dropout_noSM_woTemplates_model_5_multimer_v3_pred_35.pdb	0	4988	0.725302	A=A,B=D,C=C,D=B
8BWL-assembly1.cif	cf_woTemplates_model_4_multimer_v1_pred_23.pdb	0	7655	0.7253	A=A,B=D,C=C,D=B
8BWL-assembly1.cif	afm_dropout_full_woTemplates_model_1_multimer_v3_pred_57.pdb	0	2198	0.725295	A=A,B=D,C=C,D=B
8BWL-assembly1.cif	afm_dropout_full_model_3_multimer_v1_pred_20.pdb	0	1421	0.725295	A=C,B=B,C=A,D=D
8BWL-assembly1.cif	afm_dropout_full_woTemplates_r3_model_5_multimer_v2_pred_55.pdb	0	3938	0.725288	A=C,B=D,C=A,D=B
8BWL-assembly1.cif	afm_woTemplates_model_4_multimer_v1_pred_66.pdb	0	5692	0.725288	A=C,B=B,C=A,D=D
8BWL-assembly1.cif	afm_dropout_noSM_woTemplates_model_2_multimer_v2_pred_8.pdb	0	4354	0.725281	A=A,B=D,C=C,D=B
8BWL-assembly1.cif	afm_dropout_noSM_woTemplates_model_4_multimer_v3_pred_23.pdb	0	4774	0.725279	A=A,B=D,C=C,D=B
8BWL-assembly1.cif	cf_dropout_full_woTemplates_model_5_multimer_v3_pred_51.pdb	0	7016	0.725273	A=C,B=D,C=A,D=B
8BWL-assembly1.cif	afm_basic_model_2_multimer_v2_pred_4.pdb	0	303	0.725272	A=A,B=B,C=C,D=D
8BWL-assembly1.cif	cf_dropout_full_woTemplates_model_2_multimer_v2_pred_36.pdb	0	6329	0.725258	A=C,B=B,C=A,D=D
8BWL-assembly1.cif	afm_dropout_noSM_woTemplates_model_3_multimer_v2_pred_46.pdb	0	4531	0.725256	A=C,B=B,C=A,D=D
8BWL-assembly1.cif	cf_woTemplates_model_3_multimer_v1_pred_65.pdb	0	7500	0.725254	A=A,B=D,C=C,D=B
8BWL-assembly1.cif	afm_dropout_full_model_2_multimer_v2_pred_25.pdb	0	1292	0.725247	A=C,B=B,C=A,D=D
8BWL-assembly1.cif	afm_dropout_full_woTemplates_r3_model_2_multimer_v3_pred_7.pdb	0	3415	0.72524	A=A,B=D,C=C,D=B
8BWL-assembly1.cif	afm_dropout_noSM_woTemplates_model_4_multimer_v1_pred_49.pdb	0	4668	0.72523	A=A,B=D,C=C,D=B
8BWL-assembly1.cif	afm_dropout_full_woTemplates_model_4_multimer_v3_pred_17.pdb	0	2757	0.725225	A=C,B=B,C=A,D=D
8BWL-assembly1.cif	afm_dropout_full_model_2_multimer_v2_pred_10.pdb	0	1276	0.725222	A=A,B=D,C=C,D=B
8BWL-assembly1.cif	afm_basic_model_5_multimer_v3_pred_16.pdb	0	947	0.725219	A=A,B=D,C=C,D=B
8BWL-assembly1.cif	afm_dropout_full_woTemplates_model_4_multimer_v1_pred_8.pdb	0	2679	0.725219	A=A,B=D,C=C,D=B
8BWL-assembly1.cif	afm_dropout_full_woTemplates_r3_model_5_multimer_v3_pred_38.pdb	0	3986	0.725216	A=C,B=D,C=A,D=B
8BWL-assembly1.cif	afm_woTemplates_model_5_multimer_v2_pred_3.pdb	0	5920	0.725203	A=A,B=B,C=C,D=D
8BWL-assembly1.cif	cf_woTemplates_model_2_multimer_v2_pred_12.pdb	0	7308	0.725201	A=C,B=D,C=A,D=B
8BWL-assembly1.cif	afm_basic_model_3_multimer_v3_pred_47.pdb	0	579	0.725201	A=A,B=B,C=C,D=D
8BWL-assembly1.cif	afm_basic_model_4_multimer_v3_pred_58.pdb	0	792	0.7252	A=C,B=B,C=A,D=D
8BWL-assembly1.cif	afm_dropout_noSM_woTemplates_model_1_multimer_v3_pred_20.pdb	0	4168	0.725199	A=A,B=B,C=C,D=D
8BWL-assembly1.cif	afm_dropout_noSM_woTemplates_model_4_multimer_v3_pred_30.pdb	0	4782	0.725183	A=C,B=B,C=A,D=D
8BWL-assembly1.cif	afm_basic_model_5_multimer_v1_pred_30.pdb	0	829	0.725182	A=A,B=D,C=C,D=B
8BWL-assembly1.cif	afm_dropout_noSM_woTemplates_model_2_multimer_v2_pred_65.pdb	0	4351	0.725179	A=C,B=B,C=A,D=D
8BWL-assembly1.cif	afm_basic_model_3_multimer_v1_pred_62.pdb	0	462	0.725176	A=C,B=D,C=A,D=B
8BWL-assembly1.cif	afm_basic_model_5_multimer_v1_pred_12.pdb	0	809	0.725173	A=C,B=B,C=A,D=D
8BWL-assembly1.cif	afm_dropout_full_model_4_multimer_v2_pred_61.pdb	0	1734	0.725165	A=C,B=D,C=A,D=B
8BWL-assembly1.cif	afm_basic_model_1_multimer_v1_pred_27.pdb	0	21	0.725165	A=A,B=D,C=C,D=B
8BWL-assembly1.cif	afm_woTemplates_model_2_multimer_v2_pred_45.pdb	0	5334	0.725164	A=C,B=D,C=A,D=B
8BWL-assembly1.cif	afm_dropout_full_model_1_multimer_v1_pred_32.pdb	0	1032	0.725157	A=C,B=B,C=A,D=D
8BWL-assembly1.cif	afm_dropout_full_model_3_multimer_v1_pred_2.pdb	0	1420	0.725153	A=C,B=D,C=A,D=B
8BWL-assembly1.cif	afm_dropout_full_model_1_multimer_v1_pred_23.pdb	0	1022	0.725149	A=C,B=B,C=A,D=D
8BWL-assembly1.cif	afm_basic_model_1_multimer_v1_pred_49.pdb	0	45	0.725147	A=A,B=D,C=C,D=B
8BWL-assembly1.cif	afm_dropout_noSM_woTemplates_model_3_multimer_v3_pred_24.pdb	0	4574	0.725135	A=A,B=B,C=C,D=D
8BWL-assembly1.cif	afm_dropout_full_model_5_multimer_v2_pred_3.pdb	0	1900	0.725133	A=A,B=B,C=C,D=D
8BWL-assembly1.cif	afm_basic_model_5_multimer_v2_pred_55.pdb	0	923	0.725128	A=C,B=B,C=A,D=D
8BWL-assembly1.cif	cf_woTemplates_model_3_multimer_v3_pred_66.pdb	0	7635	0.725127	A=C,B=B,C=A,D=D
8BWL-assembly1.cif	afm_woTemplates_model_1_multimer_v1_pred_35.pdb	0	5055	0.725126	A=A,B=D,C=C,D=B
8BWL-assembly1.cif	afm_dropout_full_woTemplates_model_5_multimer_v1_pred_32.pdb	0	2841	0.725124	A=A,B=D,C=C,D=B
8BWL-assembly1.cif	afm_dropout_full_woTemplates_model_2_multimer_v2_pred_40.pdb	0	2314	0.725122	A=C,B=B,C=A,D=D
8BWL-assembly1.cif	cf_dropout_full_woTemplates_model_4_multimer_v3_pred_40.pdb	0	6803	0.725121	A=C,B=D,C=A,D=B
8BWL-assembly1.cif	cf_dropout_full_woTemplates_model_1_multimer_v3_pred_59.pdb	0	6220	0.725118	A=A,B=B,C=C,D=D
8BWL-assembly1.cif	afm_dropout_full_model_1_multimer_v1_pred_13.pdb	0	1011	0.725116	A=A,B=D,C=C,D=B
8BWL-assembly1.cif	afm_dropout_full_woTemplates_model_3_multimer_v3_pred_40.pdb	0	2582	0.725109	A=C,B=D,C=A,D=B
8BWL-assembly1.cif	afm_woTemplates_model_2_multimer_v2_pred_18.pdb	0	5304	0.725108	A=C,B=B,C=A,D=D
8BWL-assembly1.cif	afm_dropout_full_model_5_multimer_v2_pred_48.pdb	0	1920	0.7251	A=A,B=B,C=C,D=D
8BWL-assembly1.cif	afm_dropout_full_model_5_multimer_v2_pred_40.pdb	0	1912	0.725086	A=C,B=D,C=A,D=B
8BWL-assembly1.cif	afm_dropout_full_woTemplates_r3_model_3_multimer_v2_pred_16.pdb	0	3493	0.725081	A=C,B=B,C=A,D=D
8BWL-assembly1.cif	cf_dropout_full_woTemplates_model_1_multimer_v1_pred_64.pdb	0	6092	0.72507	A=A,B=D,C=C,D=B
8BWL-assembly1.cif	afm_dropout_full_woTemplates_r3_model_1_multimer_v3_pred_17.pdb	0	3159	0.725069	A=C,B=D,C=A,D=B
8BWL-assembly1.cif	afm_dropout_full_woTemplates_model_2_multimer_v2_pred_60.pdb	0	2336	0.725065	A=A,B=B,C=C,D=D
8BWL-assembly1.cif	afm_woTemplates_model_2_multimer_v1_pred_24.pdb	0	5244	0.725053	A=A,B=D,C=C,D=B
8BWL-assembly1.cif	afm_basic_model_2_multimer_v2_pred_14.pdb	0	275	0.725049	A=A,B=B,C=C,D=D
8BWL-assembly1.cif	afm_dropout_full_model_4_multimer_v3_pred_40.pdb	0	1778	0.725044	A=C,B=B,C=A,D=D
8BWL-assembly1.cif	afm_dropout_noSM_woTemplates_model_2_multimer_v2_pred_31.pdb	0	4314	0.725038	A=A,B=B,C=C,D=D
8BWL-assembly1.cif	afm_basic_model_1_multimer_v1_pred_38.pdb	0	33	0.725027	A=C,B=B,C=A,D=D
8BWL-assembly1.cif	afm_woTemplates_model_4_multimer_v3_pred_43.pdb	0	5801	0.725024	A=C,B=B,C=A,D=D
8BWL-assembly1.cif	afm_dropout_full_woTemplates_model_3_multimer_v3_pred_22.pdb	0	2562	0.725023	A=A,B=D,C=C,D=B
8BWL-assembly1.cif	cf_dropout_full_woTemplates_model_5_multimer_v3_pred_6.pdb	0	7025	0.725022	A=C,B=B,C=A,D=D
8BWL-assembly1.cif	afm_dropout_full_model_5_multimer_v2_pred_55.pdb	0	1928	0.725021	A=A,B=D,C=C,D=B
8BWL-assembly1.cif	afm_basic_model_5_multimer_v2_pred_52.pdb	0	920	0.725012	A=A,B=B,C=C,D=D
8BWL-assembly1.cif	afm_dropout_full_woTemplates_r3_model_1_multimer_v3_pred_37.pdb	0	3181	0.724998	A=A,B=B,C=C,D=D
8BWL-assembly1.cif	cf_woTemplates_model_2_multimer_v2_pred_61.pdb	0	7362	0.724981	A=C,B=B,C=A,D=D
8BWL-assembly1.cif	cf_woTemplates_model_3_multimer_v1_pred_13.pdb	0	7443	0.724981	A=A,B=D,C=C,D=B
8BWL-assembly1.cif	afm_woTemplates_model_3_multimer_v2_pred_49.pdb	0	5539	0.724976	A=C,B=D,C=A,D=B
8BWL-assembly1.cif	afm_woTemplates_model_1_multimer_v3_pred_57.pdb	0	5213	0.724974	A=C,B=D,C=A,D=B
8BWL-assembly1.cif	afm_dropout_full_model_2_multimer_v1_pred_47.pdb	0	1249	0.724969	A=A,B=D,C=C,D=B
8BWL-assembly1.cif	afm_woTemplates_model_1_multimer_v1_pred_32.pdb	0	5052	0.724953	A=C,B=B,C=A,D=D
8BWL-assembly1.cif	afm_dropout_noSM_woTemplates_model_3_multimer_v2_pred_54.pdb	0	4540	0.72495	A=A,B=D,C=C,D=B
8BWL-assembly1.cif	afm_dropout_full_woTemplates_r3_model_4_multimer_v3_pred_48.pdb	0	3796	0.724946	A=C,B=B,C=A,D=D
8BWL-assembly1.cif	afm_basic_model_5_multimer_v3_pred_35.pdb	0	968	0.72494	A=C,B=D,C=A,D=B
8BWL-assembly1.cif	afm_woTemplates_model_1_multimer_v3_pred_58.pdb	0	5214	0.724932	A=A,B=D,C=C,D=B
8BWL-assembly1.cif	afm_dropout_full_woTemplates_r3_model_2_multimer_v3_pred_30.pdb	0	3375	0.724925	A=C,B=D,C=A,D=B
8BWL-assembly1.cif	afm_dropout_full_woTemplates_model_1_multimer_v3_pred_46.pdb	0	2186	0.724924	A=A,B=B,C=C,D=D
8BWL-assembly1.cif	afm_dropout_full_woTemplates_model_3_multimer_v3_pred_19.pdb	0	2558	0.724924	A=A,B=D,C=C,D=B
8BWL-assembly1.cif	afm_dropout_full_model_2_multimer_v2_pred_59.pdb	0	1329	0.724922	A=C,B=D,C=A,D=B
8BWL-assembly1.cif	cf_woTemplates_model_1_multimer_v3_pred_65.pdb	0	7232	0.724913	A=A,B=D,C=C,D=B
8BWL-assembly1.cif	afm_basic_model_5_multimer_v2_pred_51.pdb	0	919	0.724908	A=C,B=D,C=A,D=B
8BWL-assembly1.cif	afm_dropout_full_woTemplates_model_3_multimer_v3_pred_25.pdb	0	2565	0.724906	A=C,B=B,C=A,D=D
8BWL-assembly1.cif	afm_woTemplates_model_3_multimer_v3_pred_37.pdb	0	5593	0.724905	A=A,B=B,C=C,D=D
8BWL-assembly1.cif	afm_dropout_full_woTemplates_model_4_multimer_v3_pred_34.pdb	0	2776	0.724897	A=C,B=B,C=A,D=D
8BWL-assembly1.cif	cf_dropout_full_woTemplates_model_3_multimer_v1_pred_17.pdb	0	6442	0.724895	A=A,B=D,C=C,D=B
8BWL-assembly1.cif	cf_dropout_full_woTemplates_model_3_multimer_v1_pred_66.pdb	0	6496	0.72489	A=A,B=D,C=C,D=B
8BWL-assembly1.cif	afm_dropout_noSM_woTemplates_model_2_multimer_v2_pred_16.pdb	0	4297	0.724888	A=C,B=B,C=A,D=D
8BWL-assembly1.cif	afm_dropout_full_model_5_multimer_v3_pred_35.pdb	0	1973	0.724876	A=C,B=B,C=A,D=D
8BWL-assembly1.cif	afm_woTemplates_model_5_multimer_v2_pred_14.pdb	0	5903	0.724873	A=C,B=D,C=A,D=B
8BWL-assembly1.cif	afm_basic_model_2_multimer_v1_pred_8.pdb	0	267	0.724867	A=A,B=D,C=C,D=B
8BWL-assembly1.cif	afm_basic_model_2_multimer_v2_pred_50.pdb	0	315	0.724861	A=C,B=D,C=A,D=B
8BWL-assembly1.cif	afm_dropout_full_woTemplates_r3_model_3_multimer_v3_pred_8.pdb	0	3617	0.72486	A=A,B=D,C=C,D=B
8BWL-assembly1.cif	afm_dropout_full_woTemplates_model_3_multimer_v3_pred_44.pdb	0	2586	0.72486	A=C,B=B,C=A,D=D
8BWL-assembly1.cif	afm_dropout_full_woTemplates_r3_model_5_multimer_v3_pred_2.pdb	0	3966	0.724855	A=A,B=B,C=C,D=D
8BWL-assembly1.cif	afm_dropout_full_model_5_multimer_v3_pred_0.pdb	0	1944	0.724841	A=C,B=D,C=A,D=B
8BWL-assembly1.cif	cf_dropout_full_woTemplates_model_2_multimer_v2_pred_66.pdb	0	6362	0.724834	A=C,B=B,C=A,D=D
8BWL-assembly1.cif	afm_basic_model_5_multimer_v1_pred_32.pdb	0	831	0.724828	A=C,B=B,C=A,D=D
8BWL-assembly1.cif	afm_woTemplates_model_2_multimer_v2_pred_9.pdb	0	5360	0.724823	A=A,B=D,C=C,D=B
8BWL-assembly1.cif	afm_woTemplates_model_3_multimer_v2_pred_61.pdb	0	5553	0.72482	A=C,B=D,C=A,D=B
8BWL-assembly1.cif	afm_dropout_full_model_2_multimer_v1_pred_11.pdb	0	1210	0.724813	A=A,B=D,C=C,D=B
8BWL-assembly1.cif	cf_dropout_full_woTemplates_model_5_multimer_v3_pred_41.pdb	0	7005	0.724807	A=C,B=B,C=A,D=D
8BWL-assembly1.cif	cf_woTemplates_model_3_multimer_v1_pred_60.pdb	0	7495	0.724804	A=C,B=B,C=A,D=D
8BWL-assembly1.cif	afm_woTemplates_model_3_multimer_v3_pred_41.pdb	0	5598	0.724802	A=A,B=B,C=C,D=D
8BWL-assembly1.cif	afm_dropout_full_woTemplates_model_2_multimer_v2_pred_47.pdb	0	2321	0.724801	A=C,B=B,C=A,D=D
8BWL-assembly1.cif	afm_dropout_full_model_1_multimer_v1_pred_43.pdb	0	1044	0.724798	A=C,B=B,C=A,D=D
8BWL-assembly1.cif	afm_dropout_noSM_woTemplates_model_2_multimer_v3_pred_37.pdb	0	4387	0.724793	A=A,B=B,C=C,D=D
8BWL-assembly1.cif	afm_dropout_full_woTemplates_model_4_multimer_v3_pred_3.pdb	0	2771	0.724792	A=A,B=B,C=C,D=D
8BWL-assembly1.cif	afm_basic_model_1_multimer_v1_pred_6.pdb	0	57	0.724791	A=C,B=B,C=A,D=D
8BWL-assembly1.cif	afm_dropout_full_model_5_multimer_v1_pred_7.pdb	0	1874	0.724787	A=C,B=B,C=A,D=D
8BWL-assembly1.cif	afm_woTemplates_model_1_multimer_v3_pred_14.pdb	0	5166	0.724778	A=C,B=D,C=A,D=B
8BWL-assembly1.cif	afm_dropout_noSM_woTemplates_model_5_multimer_v3_pred_46.pdb	0	5000	0.724776	A=A,B=B,C=C,D=D
8BWL-assembly1.cif	cf_woTemplates_model_3_multimer_v3_pred_43.pdb	0	7610	0.724767	A=A,B=B,C=C,D=D
8BWL-assembly1.cif	afm_dropout_noSM_woTemplates_model_5_multimer_v2_pred_23.pdb	0	4908	0.724763	A=A,B=B,C=C,D=D
8BWL-assembly1.cif	afm_basic_model_5_multimer_v3_pred_17.pdb	0	948	0.724763	A=C,B=B,C=A,D=D
8BWL-assembly1.cif	cf_dropout_full_woTemplates_model_2_multimer_v2_pred_62.pdb	0	6358	0.724756	A=C,B=D,C=A,D=B
8BWL-assembly1.cif	afm_basic_model_2_multimer_v2_pred_20.pdb	0	282	0.724753	A=C,B=B,C=A,D=D
8BWL-assembly1.cif	afm_dropout_full_woTemplates_model_2_multimer_v2_pred_63.pdb	0	2339	0.724744	A=A,B=B,C=C,D=D
8BWL-assembly1.cif	afm_dropout_noSM_woTemplates_model_1_multimer_v3_pred_46.pdb	0	4196	0.724728	A=C,B=D,C=A,D=B
8BWL-assembly1.cif	cf_dropout_full_woTemplates_model_2_multimer_v3_pred_56.pdb	0	6418	0.724728	A=A,B=D,C=C,D=B
8BWL-assembly1.cif	cf_woTemplates_model_4_multimer_v3_pred_18.pdb	0	7783	0.724726	A=C,B=B,C=A,D=D
8BWL-assembly1.cif	afm_dropout_full_model_1_multimer_v1_pred_60.pdb	0	1063	0.724724	A=A,B=B,C=C,D=D
8BWL-assembly1.cif	afm_woTemplates_model_5_multimer_v2_pred_46.pdb	0	5938	0.724717	A=A,B=B,C=C,D=D
8BWL-assembly1.cif	afm_dropout_noSM_woTemplates_model_3_multimer_v3_pred_60.pdb	0	4614	0.724714	A=A,B=B,C=C,D=D
8BWL-assembly1.cif	afm_dropout_noSM_woTemplates_model_2_multimer_v2_pred_0.pdb	0	4289	0.724709	A=A,B=B,C=C,D=D
8BWL-assembly1.cif	afm_dropout_noSM_woTemplates_model_4_multimer_v3_pred_5.pdb	0	4803	0.724679	A=A,B=D,C=C,D=B
8BWL-assembly1.cif	afm_basic_model_3_multimer_v3_pred_9.pdb	0	603	0.724676	A=C,B=B,C=A,D=D
8BWL-assembly1.cif	afm_dropout_full_model_2_multimer_v1_pred_48.pdb	0	1250	0.724674	A=A,B=D,C=C,D=B
8BWL-assembly1.cif	afm_dropout_full_model_4_multimer_v2_pred_48.pdb	0	1719	0.724672	A=A,B=B,C=C,D=D
8BWL-assembly1.cif	cf_dropout_full_woTemplates_model_4_multimer_v3_pred_20.pdb	0	6781	0.724665	A=C,B=B,C=A,D=D
8BWL-assembly1.cif	cf_dropout_full_woTemplates_model_1_multimer_v1_pred_20.pdb	0	6044	0.724663	A=A,B=B,C=C,D=D
8BWL-assembly1.cif	afm_basic_model_3_multimer_v3_pred_43.pdb	0	575	0.724663	A=C,B=B,C=A,D=D
8BWL-assembly1.cif	afm_dropout_full_woTemplates_r3_model_1_multimer_v3_pred_55.pdb	0	3201	0.724654	A=C,B=B,C=A,D=D
8BWL-assembly1.cif	afm_dropout_full_model_5_multimer_v1_pred_48.pdb	0	1853	0.724653	A=A,B=D,C=C,D=B
8BWL-assembly1.cif	afm_woTemplates_model_3_multimer_v3_pred_24.pdb	0	5579	0.724645	A=A,B=B,C=C,D=D
8BWL-assembly1.cif	afm_dropout_full_woTemplates_r3_model_5_multimer_v3_pred_13.pdb	0	3959	0.72464	A=A,B=D,C=C,D=B
8BWL-assembly1.cif	afm_woTemplates_model_3_multimer_v3_pred_38.pdb	0	5594	0.724637	A=A,B=B,C=C,D=D
8BWL-assembly1.cif	cf_dropout_full_woTemplates_model_3_multimer_v3_pred_50.pdb	0	6613	0.724631	A=A,B=D,C=C,D=B
8BWL-assembly1.cif	afm_basic_model_1_multimer_v1_pred_66.pdb	0	64	0.724631	A=A,B=D,C=C,D=B
8BWL-assembly1.cif	afm_woTemplates_model_4_multimer_v3_pred_23.pdb	0	5779	0.724626	A=C,B=D,C=A,D=B
8BWL-assembly1.cif	afm_basic_model_5_multimer_v2_pred_7.pdb	0	936	0.724615	A=A,B=D,C=C,D=B
8BWL-assembly1.cif	afm_dropout_noSM_woTemplates_model_2_multimer_v2_pred_29.pdb	0	4311	0.724609	A=C,B=B,C=A,D=D
8BWL-assembly1.cif	afm_dropout_noSM_woTemplates_model_4_multimer_v3_pred_0.pdb	0	4758	0.724605	A=A,B=D,C=C,D=B
8BWL-assembly1.cif	afm_dropout_full_woTemplates_model_4_multimer_v3_pred_66.pdb	0	2811	0.724604	A=A,B=B,C=C,D=D
8BWL-assembly1.cif	afm_dropout_full_woTemplates_r3_model_5_multimer_v3_pred_44.pdb	0	3993	0.724604	A=C,B=B,C=A,D=D
8BWL-assembly1.cif	afm_dropout_full_woTemplates_model_4_multimer_v3_pred_36.pdb	0	2778	0.724597	A=A,B=B,C=C,D=D
8BWL-assembly1.cif	afm_basic_model_2_multimer_v2_pred_13.pdb	0	274	0.724596	A=A,B=B,C=C,D=D
8BWL-assembly1.cif	afm_dropout_full_model_4_multimer_v3_pred_59.pdb	0	1798	0.724591	A=A,B=D,C=C,D=B
8BWL-assembly1.cif	afm_dropout_full_model_4_multimer_v2_pred_53.pdb	0	1725	0.724588	A=A,B=B,C=C,D=D
8BWL-assembly1.cif	afm_dropout_full_woTemplates_r3_model_5_multimer_v2_pred_16.pdb	0	3895	0.724585	A=A,B=B,C=C,D=D
8BWL-assembly1.cif	afm_dropout_noSM_woTemplates_model_1_multimer_v3_pred_64.pdb	0	4216	0.724582	A=C,B=B,C=A,D=D
8BWL-assembly1.cif	afm_dropout_noSM_woTemplates_model_3_multimer_v3_pred_32.pdb	0	4583	0.724579	A=C,B=B,C=A,D=D
8BWL-assembly1.cif	afm_dropout_full_model_5_multimer_v1_pred_4.pdb	0	1844	0.724578	A=C,B=B,C=A,D=D
8BWL-assembly1.cif	afm_dropout_noSM_woTemplates_model_3_multimer_v1_pred_58.pdb	0	4477	0.72457	A=C,B=D,C=A,D=B
8BWL-assembly1.cif	afm_dropout_full_model_2_multimer_v2_pred_38.pdb	0	1306	0.724566	A=A,B=D,C=C,D=B
8BWL-assembly1.cif	afm_dropout_full_woTemplates_r3_model_3_multimer_v2_pred_19.pdb	0	3496	0.724564	A=A,B=B,C=C,D=D
8BWL-assembly1.cif	afm_woTemplates_model_2_multimer_v2_pred_37.pdb	0	5325	0.724564	A=C,B=D,C=A,D=B
8BWL-assembly1.cif	afm_dropout_full_woTemplates_r3_model_2_multimer_v2_pred_19.pdb	0	3295	0.724559	A=A,B=B,C=C,D=D
8BWL-assembly1.cif	afm_dropout_full_woTemplates_model_3_multimer_v2_pred_40.pdb	0	2515	0.724554	A=C,B=B,C=A,D=D
8BWL-assembly1.cif	afm_dropout_full_woTemplates_model_3_multimer_v2_pred_7.pdb	0	2544	0.724552	A=A,B=D,C=C,D=B
8BWL-assembly1.cif	afm_basic_model_5_multimer_v2_pred_14.pdb	0	878	0.724547	A=C,B=B,C=A,D=D
8BWL-assembly1.cif	cf_dropout_full_woTemplates_model_2_multimer_v2_pred_18.pdb	0	6309	0.724533	A=C,B=B,C=A,D=D
8BWL-assembly1.cif	afm_basic_model_5_multimer_v2_pred_46.pdb	0	913	0.72453	A=C,B=B,C=A,D=D
8BWL-assembly1.cif	cf_woTemplates_model_5_multimer_v3_pred_59.pdb	0	8029	0.724511	A=C,B=D,C=A,D=B
8BWL-assembly1.cif	cf_woTemplates_model_3_multimer_v1_pred_64.pdb	0	7499	0.724511	A=C,B=D,C=A,D=B
8BWL-assembly1.cif	afm_woTemplates_model_3_multimer_v2_pred_6.pdb	0	5551	0.724501	A=A,B=D,C=C,D=B
8BWL-assembly1.cif	afm_dropout_full_woTemplates_model_2_multimer_v1_pred_25.pdb	0	2230	0.724494	A=C,B=D,C=A,D=B
8BWL-assembly1.cif	afm_basic_model_5_multimer_v2_pred_12.pdb	0	876	0.724491	A=A,B=D,C=C,D=B
8BWL-assembly1.cif	cf_woTemplates_model_4_multimer_v3_pred_2.pdb	0	7785	0.72449	A=A,B=B,C=C,D=D
8BWL-assembly1.cif	afm_dropout_full_woTemplates_model_3_multimer_v3_pred_45.pdb	0	2587	0.724489	A=C,B=D,C=A,D=B
8BWL-assembly1.cif	cf_dropout_full_woTemplates_model_4_multimer_v1_pred_9.pdb	0	6700	0.724489	A=C,B=B,C=A,D=D
8BWL-assembly1.cif	afm_woTemplates_model_3_multimer_v1_pred_11.pdb	0	5431	0.724488	A=C,B=B,C=A,D=D
8BWL-assembly1.cif	afm_basic_model_5_multimer_v1_pred_23.pdb	0	821	0.724479	A=C,B=B,C=A,D=D
8BWL-assembly1.cif	afm_dropout_noSM_woTemplates_model_3_multimer_v2_pred_23.pdb	0	4506	0.724476	A=A,B=D,C=C,D=B
8BWL-assembly1.cif	afm_dropout_full_model_5_multimer_v3_pred_38.pdb	0	1976	0.724472	A=A,B=B,C=C,D=D
8BWL-assembly1.cif	afm_woTemplates_model_3_multimer_v2_pred_59.pdb	0	5550	0.724471	A=A,B=B,C=C,D=D
8BWL-assembly1.cif	afm_woTemplates_model_2_multimer_v2_pred_15.pdb	0	5301	0.72447	A=A,B=B,C=C,D=D
8BWL-assembly1.cif	afm_dropout_full_model_1_multimer_v1_pred_16.pdb	0	1014	0.724432	A=A,B=D,C=C,D=B
8BWL-assembly1.cif	cf_dropout_full_woTemplates_model_5_multimer_v3_pred_29.pdb	0	6991	0.72443	A=C,B=B,C=A,D=D
8BWL-assembly1.cif	afm_dropout_full_model_4_multimer_v2_pred_40.pdb	0	1711	0.72443	A=C,B=B,C=A,D=D
8BWL-assembly1.cif	afm_basic_model_1_multimer_v1_pred_62.pdb	0	60	0.724426	A=C,B=B,C=A,D=D
8BWL-assembly1.cif	cf_dropout_full_woTemplates_model_3_multimer_v3_pred_3.pdb	0	6590	0.724423	A=A,B=B,C=C,D=D
8BWL-assembly1.cif	cf_dropout_full_woTemplates_model_2_multimer_v2_pred_30.pdb	0	6323	0.724422	A=A,B=B,C=C,D=D
8BWL-assembly1.cif	afm_dropout_full_model_5_multimer_v2_pred_65.pdb	0	1939	0.72442	A=A,B=B,C=C,D=D
8BWL-assembly1.cif	afm_dropout_noSM_woTemplates_model_2_multimer_v2_pred_22.pdb	0	4304	0.724417	A=A,B=D,C=C,D=B
8BWL-assembly1.cif	afm_dropout_full_model_5_multimer_v1_pred_16.pdb	0	1818	0.724414	A=C,B=B,C=A,D=D
8BWL-assembly1.cif	cf_woTemplates_model_2_multimer_v2_pred_5.pdb	0	7349	0.724408	A=A,B=B,C=C,D=D
8BWL-assembly1.cif	afm_woTemplates_model_3_multimer_v2_pred_14.pdb	0	5501	0.724406	A=A,B=D,C=C,D=B
8BWL-assembly1.cif	afm_dropout_full_woTemplates_model_4_multimer_v3_pred_7.pdb	0	2812	0.724405	A=A,B=B,C=C,D=D
8BWL-assembly1.cif	afm_basic_model_5_multimer_v1_pred_20.pdb	0	818	0.724405	A=C,B=B,C=A,D=D
8BWL-assembly1.cif	afm_dropout_full_model_1_multimer_v1_pred_11.pdb	0	1009	0.724392	A=C,B=B,C=A,D=D
8BWL-assembly1.cif	afm_basic_model_5_multimer_v2_pred_65.pdb	0	934	0.724389	A=C,B=B,C=A,D=D
8BWL-assembly1.cif	afm_dropout_full_woTemplates_r3_model_5_multimer_v3_pred_9.pdb	0	4020	0.724384	A=A,B=D,C=C,D=B
8BWL-assembly1.cif	afm_dropout_full_model_2_multimer_v1_pred_49.pdb	0	1251	0.72438	A=A,B=D,C=C,D=B
8BWL-assembly1.cif	afm_dropout_full_model_4_multimer_v3_pred_42.pdb	0	1780	0.724376	A=C,B=B,C=A,D=D
8BWL-assembly1.cif	cf_woTemplates_model_3_multimer_v3_pred_29.pdb	0	7594	0.724367	A=A,B=D,C=C,D=B
8BWL-assembly1.cif	afm_dropout_full_woTemplates_model_4_multimer_v1_pred_42.pdb	0	2651	0.724367	A=A,B=D,C=C,D=B
8BWL-assembly1.cif	afm_dropout_full_woTemplates_r3_model_5_multimer_v2_pred_65.pdb	0	3949	0.724363	A=C,B=B,C=A,D=D
8BWL-assembly1.cif	afm_woTemplates_model_3_multimer_v3_pred_13.pdb	0	5567	0.724361	A=C,B=D,C=A,D=B
8BWL-assembly1.cif	afm_dropout_full_model_5_multimer_v2_pred_24.pdb	0	1894	0.724356	A=A,B=D,C=C,D=B
8BWL-assembly1.cif	afm_dropout_full_model_5_multimer_v2_pred_58.pdb	0	1931	0.72435	A=A,B=D,C=C,D=B
8BWL-assembly1.cif	afm_basic_model_5_multimer_v2_pred_24.pdb	0	889	0.724348	A=C,B=D,C=A,D=B
8BWL-assembly1.cif	afm_basic_model_2_multimer_v1_pred_47.pdb	0	244	0.72434	A=A,B=D,C=C,D=B
8BWL-assembly1.cif	afm_dropout_noSM_woTemplates_model_3_multimer_v3_pred_62.pdb	0	4616	0.724335	A=A,B=D,C=C,D=B
8BWL-assembly1.cif	cf_woTemplates_model_1_multimer_v1_pred_63.pdb	0	7096	0.724334	A=A,B=D,C=C,D=B
8BWL-assembly1.cif	cf_woTemplates_model_3_multimer_v3_pred_27.pdb	0	7592	0.724322	A=A,B=B,C=C,D=D
8BWL-assembly1.cif	cf_woTemplates_model_4_multimer_v3_pred_48.pdb	0	7816	0.724313	A=A,B=D,C=C,D=B
8BWL-assembly1.cif	afm_dropout_full_model_3_multimer_v1_pred_11.pdb	0	1411	0.724308	A=A,B=B,C=C,D=D
8BWL-assembly1.cif	afm_basic_model_5_multimer_v2_pred_48.pdb	0	915	0.724298	A=A,B=D,C=C,D=B
8BWL-assembly1.cif	afm_dropout_full_model_5_multimer_v2_pred_28.pdb	0	1898	0.724284	A=C,B=D,C=A,D=B
8BWL-assembly1.cif	cf_dropout_full_woTemplates_model_1_multimer_v3_pred_27.pdb	0	6185	0.724274	A=A,B=D,C=C,D=B
8BWL-assembly1.cif	afm_dropout_full_model_3_multimer_v1_pred_19.pdb	0	1419	0.724273	A=C,B=B,C=A,D=D
8BWL-assembly1.cif	afm_dropout_full_woTemplates_model_3_multimer_v3_pred_12.pdb	0	2551	0.724271	A=A,B=B,C=C,D=D
8BWL-assembly1.cif	cf_woTemplates_model_3_multimer_v3_pred_7.pdb	0	7636	0.724264	A=C,B=D,C=A,D=B
8BWL-assembly1.cif	afm_dropout_full_woTemplates_model_4_multimer_v3_pred_47.pdb	0	2790	0.724255	A=C,B=D,C=A,D=B
8BWL-assembly1.cif	cf_dropout_full_woTemplates_model_3_multimer_v1_pred_1.pdb	0	6434	0.724249	A=A,B=D,C=C,D=B
8BWL-assembly1.cif	afm_dropout_full_model_5_multimer_v1_pred_2.pdb	0	1822	0.724241	A=A,B=D,C=C,D=B
8BWL-assembly1.cif	afm_dropout_full_model_5_multimer_v3_pred_14.pdb	0	1950	0.72424	A=C,B=B,C=A,D=D
8BWL-assembly1.cif	afm_dropout_full_woTemplates_r3_model_3_multimer_v3_pred_55.pdb	0	3603	0.724233	A=A,B=D,C=C,D=B
8BWL-assembly1.cif	afm_dropout_full_woTemplates_model_3_multimer_v3_pred_28.pdb	0	2568	0.724232	A=A,B=D,C=C,D=B
8BWL-assembly1.cif	afm_woTemplates_model_5_multimer_v2_pred_5.pdb	0	5942	0.72423	A=C,B=B,C=A,D=D
8BWL-assembly1.cif	afm_dropout_full_woTemplates_model_3_multimer_v2_pred_30.pdb	0	2504	0.724228	A=A,B=D,C=C,D=B
8BWL-assembly1.cif	afm_basic_model_1_multimer_v1_pred_44.pdb	0	40	0.724228	A=C,B=B,C=A,D=D
8BWL-assembly1.cif	afm_dropout_noSM_woTemplates_model_3_multimer_v3_pred_35.pdb	0	4586	0.724225	A=A,B=D,C=C,D=B
8BWL-assembly1.cif	afm_dropout_noSM_woTemplates_model_3_multimer_v3_pred_1.pdb	0	4558	0.724208	A=A,B=D,C=C,D=B
8BWL-assembly1.cif	afm_basic_model_3_multimer_v3_pred_60.pdb	0	594	0.724204	A=C,B=B,C=A,D=D
8BWL-assembly1.cif	afm_dropout_noSM_woTemplates_model_1_multimer_v1_pred_55.pdb	0	4072	0.724189	A=C,B=B,C=A,D=D
8BWL-assembly1.cif	afm_basic_model_2_multimer_v2_pred_34.pdb	0	297	0.724183	A=A,B=D,C=C,D=B
8BWL-assembly1.cif	cf_dropout_full_woTemplates_model_4_multimer_v3_pred_63.pdb	0	6828	0.724178	A=A,B=D,C=C,D=B
8BWL-assembly1.cif	cf_woTemplates_model_5_multimer_v3_pred_31.pdb	0	7999	0.724176	A=C,B=D,C=A,D=B
8BWL-assembly1.cif	cf_dropout_full_woTemplates_model_2_multimer_v1_pred_5.pdb	0	6277	0.724174	A=C,B=B,C=A,D=D
8BWL-assembly1.cif	cf_woTemplates_model_2_multimer_v2_pred_31.pdb	0	7329	0.72417	A=C,B=D,C=A,D=B
8BWL-assembly1.cif	cf_woTemplates_model_5_multimer_v3_pred_16.pdb	0	7982	0.724163	A=A,B=B,C=C,D=D
8BWL-assembly1.cif	afm_dropout_noSM_woTemplates_model_2_multimer_v2_pred_46.pdb	0	4330	0.724152	A=C,B=B,C=A,D=D
8BWL-assembly1.cif	afm_woTemplates_model_2_multimer_v2_pred_13.pdb	0	5299	0.724147	A=C,B=D,C=A,D=B
8BWL-assembly1.cif	cf_woTemplates_model_3_multimer_v1_pred_7.pdb	0	7502	0.72414	A=C,B=B,C=A,D=D
8BWL-assembly1.cif	afm_woTemplates_model_4_multimer_v1_pred_10.pdb	0	5631	0.72414	A=A,B=D,C=C,D=B
8BWL-assembly1.cif	cf_dropout_full_woTemplates_model_5_multimer_v3_pred_26.pdb	0	6988	0.724131	A=A,B=D,C=C,D=B
8BWL-assembly1.cif	afm_dropout_full_model_3_multimer_v3_pred_61.pdb	0	1600	0.724118	A=C,B=D,C=A,D=B
8BWL-assembly1.cif	cf_woTemplates_model_2_multimer_v2_pred_56.pdb	0	7356	0.724115	A=C,B=B,C=A,D=D
8BWL-assembly1.cif	afm_woTemplates_model_3_multimer_v3_pred_10.pdb	0	5564	0.724114	A=A,B=D,C=C,D=B
8BWL-assembly1.cif	afm_basic_model_3_multimer_v1_pred_38.pdb	0	435	0.724112	A=A,B=D,C=C,D=B
8BWL-assembly1.cif	afm_basic_model_1_multimer_v1_pred_39.pdb	0	34	0.724103	A=C,B=B,C=A,D=D
8BWL-assembly1.cif	afm_dropout_full_model_3_multimer_v3_pred_50.pdb	0	1588	0.724102	A=A,B=B,C=C,D=D
8BWL-assembly1.cif	afm_woTemplates_model_3_multimer_v3_pred_66.pdb	0	5625	0.724092	A=A,B=D,C=C,D=B
8BWL-assembly1.cif	afm_woTemplates_model_2_multimer_v2_pred_30.pdb	0	5318	0.72409	A=A,B=D,C=C,D=B
8BWL-assembly1.cif	afm_basic_model_1_multimer_v1_pred_36.pdb	0	31	0.724083	A=C,B=B,C=A,D=D
8BWL-assembly1.cif	afm_dropout_full_woTemplates_model_3_multimer_v3_pred_43.pdb	0	2585	0.724072	A=A,B=D,C=C,D=B
8BWL-assembly1.cif	afm_dropout_full_woTemplates_model_5_multimer_v2_pred_0.pdb	0	2882	0.724072	A=A,B=B,C=C,D=D
8BWL-assembly1.cif	afm_basic_model_5_multimer_v2_pred_45.pdb	0	912	0.724072	A=C,B=D,C=A,D=B
8BWL-assembly1.cif	afm_dropout_full_woTemplates_model_4_multimer_v1_pred_26.pdb	0	2633	0.72407	A=A,B=D,C=C,D=B
8BWL-assembly1.cif	afm_basic_model_3_multimer_v3_pred_32.pdb	0	563	0.724065	A=C,B=B,C=A,D=D
8BWL-assembly1.cif	afm_dropout_noSM_woTemplates_model_2_multimer_v1_pred_45.pdb	0	4262	0.724064	A=A,B=D,C=C,D=B
8BWL-assembly1.cif	cf_dropout_full_woTemplates_model_1_multimer_v3_pred_6.pdb	0	6221	0.724061	A=C,B=D,C=A,D=B
8BWL-assembly1.cif	afm_dropout_full_woTemplates_model_2_multimer_v2_pred_27.pdb	0	2299	0.724061	A=C,B=B,C=A,D=D
8BWL-assembly1.cif	afm_dropout_full_woTemplates_r3_model_4_multimer_v3_pred_19.pdb	0	3764	0.72406	A=C,B=D,C=A,D=B
8BWL-assembly1.cif	afm_basic_model_2_multimer_v2_pred_8.pdb	0	334	0.724051	A=A,B=B,C=C,D=D
8BWL-assembly1.cif	afm_basic_model_2_multimer_v2_pred_56.pdb	0	321	0.724047	A=A,B=B,C=C,D=D
8BWL-assembly1.cif	afm_woTemplates_model_3_multimer_v2_pred_1.pdb	0	5496	0.72404	A=C,B=B,C=A,D=D
8BWL-assembly1.cif	afm_basic_model_4_multimer_v3_pred_27.pdb	0	758	0.724038	A=A,B=D,C=C,D=B
8BWL-assembly1.cif	afm_basic_model_5_multimer_v1_pred_31.pdb	0	830	0.724034	A=C,B=B,C=A,D=D
8BWL-assembly1.cif	cf_woTemplates_model_4_multimer_v3_pred_65.pdb	0	7835	0.72402	A=C,B=B,C=A,D=D
8BWL-assembly1.cif	afm_woTemplates_model_4_multimer_v1_pred_60.pdb	0	5686	0.724017	A=C,B=B,C=A,D=D
8BWL-assembly1.cif	afm_basic_model_5_multimer_v2_pred_1.pdb	0	873	0.724012	A=A,B=D,C=C,D=B
8BWL-assembly1.cif	afm_dropout_full_model_1_multimer_v1_pred_34.pdb	0	1034	0.72401	A=A,B=D,C=C,D=B
8BWL-assembly1.cif	afm_dropout_full_woTemplates_model_2_multimer_v2_pred_28.pdb	0	2300	0.724005	A=A,B=D,C=C,D=B
8BWL-assembly1.cif	afm_woTemplates_model_2_multimer_v2_pred_10.pdb	0	5296	0.724004	A=A,B=B,C=C,D=D
8BWL-assembly1.cif	afm_dropout_full_woTemplates_r3_model_4_multimer_v3_pred_9.pdb	0	3819	0.724003	A=A,B=B,C=C,D=D
8BWL-assembly1.cif	afm_dropout_full_woTemplates_r3_model_1_multimer_v3_pred_61.pdb	0	3208	0.723998	A=A,B=D,C=C,D=B
8BWL-assembly1.cif	afm_basic_model_1_multimer_v2_pred_43.pdb	0	106	0.723996	A=A,B=B,C=C,D=D
8BWL-assembly1.cif	afm_dropout_full_model_5_multimer_v2_pred_56.pdb	0	1929	0.723994	A=C,B=B,C=A,D=D
8BWL-assembly1.cif	afm_woTemplates_model_2_multimer_v2_pred_6.pdb	0	5350	0.723994	A=C,B=D,C=A,D=B
8BWL-assembly1.cif	afm_dropout_full_woTemplates_r3_model_5_multimer_v2_pred_42.pdb	0	3924	0.723985	A=C,B=B,C=A,D=D
8BWL-assembly1.cif	afm_dropout_full_model_5_multimer_v2_pred_42.pdb	0	1914	0.723978	A=C,B=B,C=A,D=D
8BWL-assembly1.cif	afm_dropout_full_model_1_multimer_v1_pred_18.pdb	0	1016	0.723975	A=A,B=D,C=C,D=B
8BWL-assembly1.cif	afm_dropout_full_model_4_multimer_v2_pred_27.pdb	0	1696	0.723974	A=A,B=B,C=C,D=D
8BWL-assembly1.cif	afm_basic_model_1_multimer_v1_pred_57.pdb	0	54	0.723969	A=A,B=D,C=C,D=B
8BWL-assembly1.cif	afm_basic_model_2_multimer_v2_pred_46.pdb	0	310	0.72396	A=A,B=D,C=C,D=B
8BWL-assembly1.cif	cf_dropout_full_woTemplates_model_2_multimer_v1_pred_31.pdb	0	6257	0.723957	A=A,B=D,C=C,D=B
8BWL-assembly1.cif	afm_dropout_full_model_1_multimer_v1_pred_25.pdb	0	1024	0.723949	A=C,B=B,C=A,D=D
8BWL-assembly1.cif	cf_woTemplates_model_4_multimer_v3_pred_14.pdb	0	7779	0.723946	A=A,B=D,C=C,D=B
8BWL-assembly1.cif	afm_dropout_full_model_5_multimer_v3_pred_31.pdb	0	1969	0.723941	A=A,B=B,C=C,D=D
8BWL-assembly1.cif	cf_dropout_full_woTemplates_model_2_multimer_v2_pred_52.pdb	0	6347	0.723931	A=C,B=D,C=A,D=B
8BWL-assembly1.cif	afm_dropout_full_model_3_multimer_v3_pred_44.pdb	0	1581	0.723929	A=A,B=B,C=C,D=D
8BWL-assembly1.cif	afm_dropout_full_model_3_multimer_v1_pred_45.pdb	0	1448	0.723921	A=A,B=D,C=C,D=B
8BWL-assembly1.cif	afm_dropout_full_model_3_multimer_v3_pred_20.pdb	0	1555	0.723917	A=A,B=D,C=C,D=B
8BWL-assembly1.cif	afm_dropout_noSM_woTemplates_model_5_multimer_v1_pred_18.pdb	0	4835	0.723909	A=A,B=D,C=C,D=B
8BWL-assembly1.cif	cf_dropout_full_woTemplates_model_2_multimer_v2_pred_0.pdb	0	6299	0.723905	A=C,B=B,C=A,D=D
8BWL-assembly1.cif	cf_woTemplates_model_4_multimer_v3_pred_23.pdb	0	7789	0.723901	A=A,B=B,C=C,D=D
8BWL-assembly1.cif	afm_dropout_full_model_4_multimer_v3_pred_12.pdb	0	1747	0.723899	A=C,B=B,C=A,D=D
8BWL-assembly1.cif	afm_basic_model_5_multimer_v1_pred_44.pdb	0	844	0.723881	A=A,B=D,C=C,D=B
8BWL-assembly1.cif	afm_basic_model_5_multimer_v2_pred_49.pdb	0	916	0.723877	A=C,B=B,C=A,D=D
8BWL-assembly1.cif	afm_dropout_full_woTemplates_model_2_multimer_v2_pred_22.pdb	0	2294	0.723866	A=A,B=B,C=C,D=D
8BWL-assembly1.cif	afm_woTemplates_model_2_multimer_v1_pred_31.pdb	0	5252	0.723862	A=C,B=B,C=A,D=D
8BWL-assembly1.cif	cf_woTemplates_model_2_multimer_v2_pred_19.pdb	0	7315	0.723862	A=C,B=D,C=A,D=B
8BWL-assembly1.cif	afm_dropout_noSM_woTemplates_model_5_multimer_v2_pred_64.pdb	0	4953	0.723857	A=C,B=D,C=A,D=B
8BWL-assembly1.cif	afm_basic_model_3_multimer_v1_pred_8.pdb	0	468	0.723856	A=C,B=D,C=A,D=B
8BWL-assembly1.cif	afm_dropout_full_model_4_multimer_v3_pred_27.pdb	0	1763	0.723854	A=A,B=B,C=C,D=D
8BWL-assembly1.cif	afm_dropout_full_model_3_multimer_v1_pred_12.pdb	0	1412	0.72385	A=A,B=B,C=C,D=D
8BWL-assembly1.cif	afm_dropout_full_woTemplates_r3_model_1_multimer_v3_pred_43.pdb	0	3188	0.723846	A=C,B=D,C=A,D=B
8BWL-assembly1.cif	cf_dropout_full_woTemplates_model_3_multimer_v3_pred_61.pdb	0	6625	0.723845	A=A,B=B,C=C,D=D
8BWL-assembly1.cif	afm_dropout_full_woTemplates_model_2_multimer_v2_pred_13.pdb	0	2284	0.723842	A=A,B=B,C=C,D=D
8BWL-assembly1.cif	cf_dropout_full_woTemplates_model_1_multimer_v1_pred_28.pdb	0	6052	0.72384	A=C,B=B,C=A,D=D
8BWL-assembly1.cif	afm_dropout_full_model_2_multimer_v2_pred_39.pdb	0	1307	0.723835	A=C,B=D,C=A,D=B
8BWL-assembly1.cif	afm_basic_model_3_multimer_v1_pred_28.pdb	0	424	0.723812	A=A,B=B,C=C,D=D
8BWL-assembly1.cif	cf_dropout_full_woTemplates_model_1_multimer_v1_pred_0.pdb	0	6031	0.723811	A=A,B=D,C=C,D=B
8BWL-assembly1.cif	afm_dropout_full_model_4_multimer_v3_pred_25.pdb	0	1761	0.72381	A=A,B=B,C=C,D=D
8BWL-assembly1.cif	cf_woTemplates_model_2_multimer_v2_pred_44.pdb	0	7343	0.723806	A=A,B=B,C=C,D=D
8BWL-assembly1.cif	cf_dropout_full_woTemplates_model_2_multimer_v2_pred_60.pdb	0	6356	0.723802	A=A,B=D,C=C,D=B
8BWL-assembly1.cif	afm_dropout_noSM_woTemplates_model_4_multimer_v2_pred_26.pdb	0	4710	0.72379	A=A,B=B,C=C,D=D
8BWL-assembly1.cif	afm_dropout_full_woTemplates_model_1_multimer_v3_pred_8.pdb	0	2210	0.723788	A=C,B=B,C=A,D=D
8BWL-assembly1.cif	cf_woTemplates_model_1_multimer_v1_pred_8.pdb	0	7101	0.72378	A=A,B=D,C=C,D=B
8BWL-assembly1.cif	afm_basic_model_5_multimer_v2_pred_43.pdb	0	910	0.723773	A=C,B=B,C=A,D=D
8BWL-assembly1.cif	afm_dropout_noSM_woTemplates_model_1_multimer_v3_pred_29.pdb	0	4177	0.723773	A=A,B=D,C=C,D=B
8BWL-assembly1.cif	afm_woTemplates_model_5_multimer_v2_pred_29.pdb	0	5919	0.723766	A=C,B=B,C=A,D=D
8BWL-assembly1.cif	cf_dropout_full_woTemplates_model_2_multimer_v2_pred_23.pdb	0	6315	0.723763	A=A,B=B,C=C,D=D
8BWL-assembly1.cif	afm_dropout_full_woTemplates_model_5_multimer_v1_pred_61.pdb	0	2873	0.723761	A=C,B=B,C=A,D=D
8BWL-assembly1.cif	afm_dropout_noSM_woTemplates_model_3_multimer_v3_pred_2.pdb	0	4569	0.723755	A=A,B=D,C=C,D=B
8BWL-assembly1.cif	afm_basic_model_1_multimer_v1_pred_4.pdb	0	35	0.723753	A=C,B=B,C=A,D=D
8BWL-assembly1.cif	afm_woTemplates_model_5_multimer_v2_pred_40.pdb	0	5932	0.723752	A=C,B=B,C=A,D=D
8BWL-assembly1.cif	afm_basic_model_2_multimer_v2_pred_48.pdb	0	312	0.723747	A=A,B=D,C=C,D=B
8BWL-assembly1.cif	afm_woTemplates_model_2_multimer_v2_pred_58.pdb	0	5348	0.723743	A=A,B=D,C=C,D=B
8BWL-assembly1.cif	afm_dropout_full_woTemplates_model_4_multimer_v1_pred_25.pdb	0	2632	0.723736	A=A,B=D,C=C,D=B
8BWL-assembly1.cif	afm_dropout_full_model_5_multimer_v1_pred_65.pdb	0	1872	0.723724	A=A,B=D,C=C,D=B
8BWL-assembly1.cif	afm_dropout_noSM_woTemplates_model_4_multimer_v3_pred_53.pdb	0	4807	0.723723	A=A,B=D,C=C,D=B
8BWL-assembly1.cif	afm_dropout_full_woTemplates_model_2_multimer_v2_pred_17.pdb	0	2288	0.723717	A=A,B=B,C=C,D=D
8BWL-assembly1.cif	afm_dropout_full_woTemplates_model_2_multimer_v1_pred_9.pdb	0	2278	0.723711	A=C,B=D,C=A,D=B
8BWL-assembly1.cif	afm_woTemplates_model_1_multimer_v3_pred_39.pdb	0	5193	0.72371	A=C,B=D,C=A,D=B
8BWL-assembly1.cif	afm_basic_model_1_multimer_v1_pred_30.pdb	0	25	0.723706	A=C,B=B,C=A,D=D
8BWL-assembly1.cif	afm_dropout_full_model_4_multimer_v2_pred_2.pdb	0	1688	0.723705	A=A,B=D,C=C,D=B
8BWL-assembly1.cif	afm_basic_model_3_multimer_v1_pred_3.pdb	0	426	0.7237	A=C,B=B,C=A,D=D
8BWL-assembly1.cif	afm_basic_model_3_multimer_v1_pred_51.pdb	0	450	0.7237	A=A,B=D,C=C,D=B
8BWL-assembly1.cif	afm_basic_model_3_multimer_v3_pred_45.pdb	0	577	0.7237	A=A,B=B,C=C,D=D
8BWL-assembly1.cif	cf_dropout_full_woTemplates_model_1_multimer_v3_pred_46.pdb	0	6206	0.723696	A=C,B=B,C=A,D=D
8BWL-assembly1.cif	cf_woTemplates_model_3_multimer_v1_pred_48.pdb	0	7481	0.723695	A=C,B=B,C=A,D=D
8BWL-assembly1.cif	afm_dropout_full_model_5_multimer_v1_pred_13.pdb	0	1815	0.723694	A=A,B=D,C=C,D=B
8BWL-assembly1.cif	afm_woTemplates_model_2_multimer_v1_pred_20.pdb	0	5240	0.723691	A=A,B=D,C=C,D=B
8BWL-assembly1.cif	afm_basic_model_2_multimer_v2_pred_16.pdb	0	277	0.723682	A=C,B=B,C=A,D=D
8BWL-assembly1.cif	afm_basic_model_5_multimer_v2_pred_37.pdb	0	903	0.723682	A=A,B=D,C=C,D=B
8BWL-assembly1.cif	cf_dropout_full_woTemplates_model_3_multimer_v3_pred_58.pdb	0	6621	0.723669	A=C,B=B,C=A,D=D
8BWL-assembly1.cif	cf_dropout_full_woTemplates_model_5_multimer_v3_pred_50.pdb	0	7015	0.723665	A=C,B=B,C=A,D=D
8BWL-assembly1.cif	afm_basic_model_1_multimer_v1_pred_60.pdb	0	58	0.72366	A=C,B=B,C=A,D=D
8BWL-assembly1.cif	afm_basic_model_2_multimer_v2_pred_9.pdb	0	335	0.723657	A=A,B=D,C=C,D=B
8BWL-assembly1.cif	afm_basic_model_5_multimer_v3_pred_51.pdb	0	986	0.723655	A=A,B=D,C=C,D=B
8BWL-assembly1.cif	cf_dropout_full_woTemplates_model_4_multimer_v3_pred_3.pdb	0	6791	0.723647	A=C,B=B,C=A,D=D
8BWL-assembly1.cif	afm_dropout_full_woTemplates_model_4_multimer_v2_pred_25.pdb	0	2699	0.72364	A=C,B=D,C=A,D=B
8BWL-assembly1.cif	afm_basic_model_5_multimer_v1_pred_48.pdb	0	848	0.723636	A=A,B=D,C=C,D=B
8BWL-assembly1.cif	afm_basic_model_5_multimer_v2_pred_32.pdb	0	898	0.723627	A=C,B=D,C=A,D=B
8BWL-assembly1.cif	afm_basic_model_5_multimer_v1_pred_61.pdb	0	863	0.723625	A=C,B=B,C=A,D=D
8BWL-assembly1.cif	afm_dropout_full_woTemplates_r3_model_4_multimer_v1_pred_30.pdb	0	3643	0.723622	A=C,B=B,C=A,D=D
8BWL-assembly1.cif	cf_woTemplates_model_2_multimer_v1_pred_4.pdb	0	7271	0.723619	A=C,B=D,C=A,D=B
8BWL-assembly1.cif	afm_dropout_full_model_1_multimer_v2_pred_14.pdb	0	1079	0.723613	A=A,B=B,C=C,D=D
8BWL-assembly1.cif	afm_dropout_full_woTemplates_model_4_multimer_v1_pred_19.pdb	0	2625	0.723598	A=C,B=D,C=A,D=B
8BWL-assembly1.cif	afm_dropout_noSM_woTemplates_model_5_multimer_v3_pred_63.pdb	0	5019	0.723598	A=C,B=D,C=A,D=B
8BWL-assembly1.cif	afm_dropout_noSM_woTemplates_model_2_multimer_v1_pred_23.pdb	0	4238	0.723595	A=C,B=B,C=A,D=D
8BWL-assembly1.cif	afm_dropout_full_woTemplates_model_5_multimer_v2_pred_16.pdb	0	2890	0.723591	A=A,B=D,C=C,D=B
8BWL-assembly1.cif	afm_dropout_noSM_woTemplates_model_4_multimer_v2_pred_23.pdb	0	4707	0.723588	A=A,B=B,C=C,D=D
8BWL-assembly1.cif	afm_dropout_full_woTemplates_model_3_multimer_v3_pred_13.pdb	0	2552	0.723585	A=C,B=B,C=A,D=D
8BWL-assembly1.cif	afm_dropout_full_model_2_multimer_v2_pred_62.pdb	0	1333	0.723583	A=A,B=B,C=C,D=D
8BWL-assembly1.cif	afm_basic_model_5_multimer_v1_pred_47.pdb	0	847	0.723582	A=A,B=D,C=C,D=B
8BWL-assembly1.cif	cf_woTemplates_model_3_multimer_v3_pred_64.pdb	0	7633	0.723581	A=C,B=B,C=A,D=D
8BWL-assembly1.cif	afm_dropout_noSM_woTemplates_model_3_multimer_v1_pred_34.pdb	0	4451	0.723577	A=A,B=D,C=C,D=B
8BWL-assembly1.cif	afm_basic_model_5_multimer_v3_pred_58.pdb	0	993	0.723576	A=C,B=D,C=A,D=B
8BWL-assembly1.cif	cf_woTemplates_model_2_multimer_v2_pred_65.pdb	0	7366	0.72357	A=A,B=B,C=C,D=D
8BWL-assembly1.cif	afm_basic_model_5_multimer_v2_pred_44.pdb	0	911	0.723568	A=C,B=B,C=A,D=D
8BWL-assembly1.cif	afm_basic_model_5_multimer_v2_pred_38.pdb	0	904	0.723562	A=A,B=D,C=C,D=B
8BWL-assembly1.cif	afm_woTemplates_model_2_multimer_v2_pred_61.pdb	0	5352	0.723562	A=C,B=D,C=A,D=B
8BWL-assembly1.cif	afm_woTemplates_model_4_multimer_v3_pred_65.pdb	0	5825	0.723559	A=A,B=D,C=C,D=B
8BWL-assembly1.cif	cf_woTemplates_model_2_multimer_v2_pred_53.pdb	0	7353	0.723559	A=A,B=B,C=C,D=D
8BWL-assembly1.cif	afm_basic_model_3_multimer_v3_pred_39.pdb	0	570	0.723554	A=C,B=B,C=A,D=D
8BWL-assembly1.cif	afm_dropout_full_woTemplates_r3_model_5_multimer_v3_pred_49.pdb	0	3998	0.723545	A=A,B=B,C=C,D=D
8BWL-assembly1.cif	cf_dropout_full_woTemplates_model_2_multimer_v2_pred_46.pdb	0	6340	0.72354	A=C,B=B,C=A,D=D
8BWL-assembly1.cif	afm_dropout_full_woTemplates_model_4_multimer_v3_pred_10.pdb	0	2750	0.723538	A=C,B=B,C=A,D=D
8BWL-assembly1.cif	afm_dropout_full_woTemplates_model_3_multimer_v3_pred_59.pdb	0	2602	0.723536	A=A,B=B,C=C,D=D
8BWL-assembly1.cif	afm_woTemplates_model_2_multimer_v3_pred_58.pdb	0	5415	0.723518	A=A,B=D,C=C,D=B
8BWL-assembly1.cif	afm_woTemplates_model_5_multimer_v2_pred_17.pdb	0	5906	0.723518	A=C,B=B,C=A,D=D
8BWL-assembly1.cif	afm_woTemplates_model_1_multimer_v1_pred_21.pdb	0	5040	0.72351	A=A,B=D,C=C,D=B
8BWL-assembly1.cif	afm_dropout_full_model_5_multimer_v1_pred_11.pdb	0	1813	0.72351	A=A,B=D,C=C,D=B
8BWL-assembly1.cif	afm_woTemplates_model_2_multimer_v2_pred_39.pdb	0	5327	0.723507	A=A,B=B,C=C,D=D
8BWL-assembly1.cif	afm_woTemplates_model_1_multimer_v3_pred_65.pdb	0	5222	0.7235	A=C,B=B,C=A,D=D
8BWL-assembly1.cif	afm_dropout_full_model_4_multimer_v2_pred_46.pdb	0	1717	0.723497	A=C,B=D,C=A,D=B
8BWL-assembly1.cif	afm_dropout_full_woTemplates_model_2_multimer_v2_pred_25.pdb	0	2297	0.723497	A=A,B=B,C=C,D=D
8BWL-assembly1.cif	afm_basic_model_3_multimer_v1_pred_36.pdb	0	433	0.723493	A=A,B=D,C=C,D=B
8BWL-assembly1.cif	afm_dropout_full_model_1_multimer_v1_pred_56.pdb	0	1058	0.72349	A=A,B=D,C=C,D=B
8BWL-assembly1.cif	afm_dropout_full_model_4_multimer_v3_pred_7.pdb	0	1807	0.723481	A=C,B=B,C=A,D=D
8BWL-assembly1.cif	afm_dropout_full_model_3_multimer_v1_pred_46.pdb	0	1449	0.72348	A=A,B=D,C=C,D=B
8BWL-assembly1.cif	afm_basic_model_1_multimer_v1_pred_23.pdb	0	17	0.723478	A=C,B=B,C=A,D=D
8BWL-assembly1.cif	afm_woTemplates_model_1_multimer_v1_pred_3.pdb	0	5049	0.723474	A=A,B=D,C=C,D=B
8BWL-assembly1.cif	afm_dropout_full_model_4_multimer_v3_pred_52.pdb	0	1791	0.723473	A=C,B=D,C=A,D=B
8BWL-assembly1.cif	afm_dropout_full_woTemplates_model_4_multimer_v3_pred_26.pdb	0	2767	0.72347	A=A,B=D,C=C,D=B
8BWL-assembly1.cif	cf_woTemplates_model_4_multimer_v3_pred_40.pdb	0	7808	0.723448	A=A,B=B,C=C,D=D
8BWL-assembly1.cif	afm_basic_model_2_multimer_v2_pred_27.pdb	0	289	0.723446	A=C,B=B,C=A,D=D
8BWL-assembly1.cif	cf_dropout_full_woTemplates_model_1_multimer_v3_pred_62.pdb	0	6224	0.723442	A=C,B=D,C=A,D=B
8BWL-assembly1.cif	cf_woTemplates_model_4_multimer_v3_pred_5.pdb	0	7818	0.72343	A=C,B=D,C=A,D=B
8BWL-assembly1.cif	afm_dropout_noSM_woTemplates_model_3_multimer_v3_pred_9.pdb	0	4623	0.723422	A=A,B=B,C=C,D=D
8BWL-assembly1.cif	afm_dropout_full_model_1_multimer_v1_pred_9.pdb	0	1072	0.72342	A=A,B=D,C=C,D=B
8BWL-assembly1.cif	afm_dropout_full_model_2_multimer_v2_pred_21.pdb	0	1288	0.72342	A=A,B=D,C=C,D=B
8BWL-assembly1.cif	afm_woTemplates_model_2_multimer_v2_pred_2.pdb	0	5306	0.723419	A=C,B=B,C=A,D=D
8BWL-assembly1.cif	afm_woTemplates_model_1_multimer_v3_pred_66.pdb	0	5223	0.723415	A=C,B=D,C=A,D=B
8BWL-assembly1.cif	cf_dropout_full_woTemplates_model_4_multimer_v1_pred_1.pdb	0	6635	0.723412	A=A,B=D,C=C,D=B
8BWL-assembly1.cif	afm_dropout_full_woTemplates_r3_model_1_multimer_v3_pred_18.pdb	0	3160	0.723411	A=A,B=B,C=C,D=D
8BWL-assembly1.cif	afm_dropout_full_woTemplates_model_2_multimer_v2_pred_6.pdb	0	2335	0.723409	A=A,B=D,C=C,D=B
8BWL-assembly1.cif	afm_dropout_full_woTemplates_model_3_multimer_v3_pred_0.pdb	0	2547	0.723406	A=A,B=B,C=C,D=D
8BWL-assembly1.cif	afm_basic_model_3_multimer_v1_pred_34.pdb	0	431	0.723397	A=C,B=B,C=A,D=D
8BWL-assembly1.cif	cf_dropout_full_woTemplates_model_2_multimer_v2_pred_49.pdb	0	6343	0.723397	A=C,B=D,C=A,D=B
8BWL-assembly1.cif	afm_dropout_noSM_woTemplates_model_1_multimer_v3_pred_4.pdb	0	4189	0.723392	A=C,B=D,C=A,D=B
8BWL-assembly1.cif	afm_dropout_full_woTemplates_model_4_multimer_v3_pred_8.pdb	0	2813	0.723386	A=A,B=B,C=C,D=D
8BWL-assembly1.cif	cf_woTemplates_model_1_multimer_v1_pred_65.pdb	0	7098	0.723383	A=A,B=D,C=C,D=B
8BWL-assembly1.cif	afm_basic_model_5_multimer_v2_pred_59.pdb	0	927	0.723378	A=C,B=D,C=A,D=B
8BWL-assembly1.cif	afm_dropout_noSM_woTemplates_model_3_multimer_v3_pred_50.pdb	0	4603	0.723367	A=A,B=D,C=C,D=B
8BWL-assembly1.cif	afm_dropout_noSM_woTemplates_model_2_multimer_v1_pred_34.pdb	0	4250	0.723351	A=C,B=B,C=A,D=D
8BWL-assembly1.cif	afm_basic_model_1_multimer_v2_pred_26.pdb	0	87	0.723349	A=A,B=D,C=C,D=B
8BWL-assembly1.cif	cf_dropout_full_woTemplates_model_4_multimer_v1_pred_11.pdb	0	6637	0.723348	A=C,B=D,C=A,D=B
8BWL-assembly1.cif	cf_dropout_full_woTemplates_model_1_multimer_v1_pred_37.pdb	0	6062	0.723344	A=A,B=D,C=C,D=B
8BWL-assembly1.cif	afm_dropout_full_woTemplates_model_4_multimer_v1_pred_2.pdb	0	2626	0.723342	A=A,B=D,C=C,D=B
8BWL-assembly1.cif	afm_dropout_full_model_4_multimer_v2_pred_14.pdb	0	1682	0.723342	A=C,B=D,C=A,D=B
8BWL-assembly1.cif	cf_woTemplates_model_2_multimer_v2_pred_48.pdb	0	7347	0.723332	A=C,B=D,C=A,D=B
8BWL-assembly1.cif	afm_dropout_full_woTemplates_model_1_multimer_v3_pred_6.pdb	0	2201	0.723316	A=A,B=B,C=C,D=D
8BWL-assembly1.cif	cf_dropout_full_woTemplates_model_5_multimer_v1_pred_21.pdb	0	6849	0.723315	A=C,B=B,C=A,D=D
8BWL-assembly1.cif	afm_dropout_noSM_woTemplates_model_2_multimer_v2_pred_64.pdb	0	4350	0.723309	A=C,B=B,C=A,D=D
8BWL-assembly1.cif	afm_basic_model_5_multimer_v3_pred_10.pdb	0	941	0.723301	A=A,B=D,C=C,D=B
8BWL-assembly1.cif	afm_dropout_full_woTemplates_r3_model_5_multimer_v2_pred_23.pdb	0	3903	0.723292	A=A,B=D,C=C,D=B
8BWL-assembly1.cif	afm_dropout_full_woTemplates_r3_model_2_multimer_v3_pred_63.pdb	0	3411	0.723283	A=A,B=D,C=C,D=B
8BWL-assembly1.cif	afm_dropout_full_model_3_multimer_v1_pred_33.pdb	0	1435	0.723283	A=C,B=B,C=A,D=D
8BWL-assembly1.cif	cf_woTemplates_model_4_multimer_v3_pred_33.pdb	0	7800	0.72328	A=C,B=D,C=A,D=B
8BWL-assembly1.cif	afm_dropout_full_model_3_multimer_v2_pred_8.pdb	0	1540	0.723265	A=A,B=D,C=C,D=B
8BWL-assembly1.cif	cf_dropout_full_woTemplates_model_5_multimer_v1_pred_55.pdb	0	6886	0.723264	A=C,B=B,C=A,D=D
8BWL-assembly1.cif	afm_basic_model_3_multimer_v3_pred_54.pdb	0	587	0.723256	A=A,B=B,C=C,D=D
8BWL-assembly1.cif	afm_dropout_full_model_4_multimer_v3_pred_36.pdb	0	1773	0.723254	A=A,B=B,C=C,D=D
8BWL-assembly1.cif	afm_dropout_full_woTemplates_model_4_multimer_v1_pred_4.pdb	0	2648	0.72325	A=C,B=B,C=A,D=D
8BWL-assembly1.cif	afm_dropout_full_woTemplates_r3_model_5_multimer_v2_pred_14.pdb	0	3893	0.723248	A=C,B=B,C=A,D=D
8BWL-assembly1.cif	afm_dropout_full_woTemplates_model_5_multimer_v2_pred_39.pdb	0	2915	0.723247	A=A,B=D,C=C,D=B
8BWL-assembly1.cif	afm_basic_model_3_multimer_v1_pred_53.pdb	0	452	0.723242	A=A,B=B,C=C,D=D
8BWL-assembly1.cif	afm_dropout_full_woTemplates_model_3_multimer_v2_pred_52.pdb	0	2528	0.723237	A=C,B=D,C=A,D=B
8BWL-assembly1.cif	afm_dropout_full_woTemplates_model_3_multimer_v3_pred_24.pdb	0	2564	0.723234	A=A,B=D,C=C,D=B
8BWL-assembly1.cif	cf_woTemplates_model_3_multimer_v1_pred_30.pdb	0	7462	0.72323	A=A,B=D,C=C,D=B
8BWL-assembly1.cif	afm_dropout_full_woTemplates_model_2_multimer_v2_pred_8.pdb	0	2344	0.723228	A=A,B=D,C=C,D=B
8BWL-assembly1.cif	cf_woTemplates_model_3_multimer_v3_pred_38.pdb	0	7604	0.723228	A=A,B=D,C=C,D=B
8BWL-assembly1.cif	cf_dropout_full_woTemplates_model_4_multimer_v1_pred_45.pdb	0	6674	0.723225	A=C,B=B,C=A,D=D
8BWL-assembly1.cif	afm_dropout_full_model_4_multimer_v1_pred_6.pdb	0	1665	0.723223	A=A,B=B,C=C,D=D
8BWL-assembly1.cif	cf_dropout_full_woTemplates_model_1_multimer_v2_pred_42.pdb	0	6135	0.72322	A=A,B=B,C=C,D=D
8BWL-assembly1.cif	afm_basic_model_4_multimer_v3_pred_15.pdb	0	745	0.723211	A=A,B=D,C=C,D=B
8BWL-assembly1.cif	afm_basic_model_3_multimer_v1_pred_30.pdb	0	427	0.723201	A=C,B=B,C=A,D=D
8BWL-assembly1.cif	afm_dropout_full_woTemplates_model_5_multimer_v2_pred_13.pdb	0	2887	0.723201	A=A,B=B,C=C,D=D
8BWL-assembly1.cif	afm_woTemplates_model_5_multimer_v2_pred_62.pdb	0	5956	0.723198	A=C,B=B,C=A,D=D
8BWL-assembly1.cif	afm_basic_model_1_multimer_v1_pred_9.pdb	0	67	0.723197	A=A,B=D,C=C,D=B
8BWL-assembly1.cif	cf_woTemplates_model_2_multimer_v2_pred_51.pdb	0	7351	0.723193	A=A,B=D,C=C,D=B
8BWL-assembly1.cif	afm_dropout_full_model_4_multimer_v2_pred_60.pdb	0	1733	0.723185	A=C,B=D,C=A,D=B
8BWL-assembly1.cif	afm_dropout_full_woTemplates_model_3_multimer_v2_pred_42.pdb	0	2517	0.723183	A=C,B=D,C=A,D=B
8BWL-assembly1.cif	afm_basic_model_3_multimer_v1_pred_41.pdb	0	439	0.72318	A=C,B=D,C=A,D=B
8BWL-assembly1.cif	afm_dropout_noSM_woTemplates_model_3_multimer_v1_pred_20.pdb	0	4436	0.723174	A=C,B=B,C=A,D=D
8BWL-assembly1.cif	cf_dropout_full_woTemplates_model_3_multimer_v3_pred_25.pdb	0	6585	0.723173	A=A,B=D,C=C,D=B
8BWL-assembly1.cif	afm_dropout_full_model_4_multimer_v2_pred_22.pdb	0	1691	0.723171	A=A,B=D,C=C,D=B
8BWL-assembly1.cif	afm_basic_model_4_multimer_v2_pred_5.pdb	0	716	0.723169	A=A,B=B,C=C,D=D
8BWL-assembly1.cif	afm_woTemplates_model_5_multimer_v2_pred_65.pdb	0	5959	0.723163	A=A,B=B,C=C,D=D
8BWL-assembly1.cif	afm_basic_model_3_multimer_v1_pred_25.pdb	0	421	0.723157	A=C,B=D,C=A,D=B
8BWL-assembly1.cif	afm_dropout_full_woTemplates_r3_model_5_multimer_v2_pred_18.pdb	0	3897	0.723154	A=C,B=D,C=A,D=B
8BWL-assembly1.cif	afm_dropout_full_model_3_multimer_v3_pred_12.pdb	0	1546	0.723145	A=A,B=B,C=C,D=D
8BWL-assembly1.cif	afm_dropout_full_woTemplates_r3_model_3_multimer_v3_pred_32.pdb	0	3578	0.723142	A=A,B=D,C=C,D=B
8BWL-assembly1.cif	afm_dropout_noSM_woTemplates_model_2_multimer_v2_pred_30.pdb	0	4313	0.723128	A=A,B=B,C=C,D=D
8BWL-assembly1.cif	afm_dropout_full_woTemplates_model_3_multimer_v2_pred_17.pdb	0	2489	0.723126	A=C,B=D,C=A,D=B
8BWL-assembly1.cif	afm_dropout_full_woTemplates_model_1_multimer_v3_pred_28.pdb	0	2166	0.723126	A=C,B=B,C=A,D=D
8BWL-assembly1.cif	cf_dropout_full_woTemplates_model_3_multimer_v3_pred_1.pdb	0	6568	0.723116	A=A,B=D,C=C,D=B
8BWL-assembly1.cif	afm_basic_model_5_multimer_v2_pred_63.pdb	0	932	0.723115	A=A,B=D,C=C,D=B
8BWL-assembly1.cif	afm_basic_model_5_multimer_v1_pred_19.pdb	0	816	0.723114	A=A,B=D,C=C,D=B
8BWL-assembly1.cif	afm_dropout_noSM_woTemplates_model_3_multimer_v2_pred_56.pdb	0	4542	0.723111	A=A,B=B,C=C,D=D
8BWL-assembly1.cif	cf_woTemplates_model_4_multimer_v3_pred_1.pdb	0	7774	0.72311	A=A,B=D,C=C,D=B
8BWL-assembly1.cif	afm_basic_model_3_multimer_v1_pred_14.pdb	0	409	0.723109	A=A,B=B,C=C,D=D
8BWL-assembly1.cif	afm_dropout_full_model_3_multimer_v1_pred_37.pdb	0	1439	0.723107	A=C,B=B,C=A,D=D
8BWL-assembly1.cif	afm_dropout_full_woTemplates_r3_model_2_multimer_v2_pred_47.pdb	0	3326	0.723104	A=A,B=B,C=C,D=D
8BWL-assembly1.cif	afm_dropout_noSM_woTemplates_model_5_multimer_v3_pred_7.pdb	0	5023	0.7231	A=A,B=B,C=C,D=D
8BWL-assembly1.cif	afm_woTemplates_model_1_multimer_v1_pred_15.pdb	0	5033	0.723098	A=A,B=D,C=C,D=B
8BWL-assembly1.cif	afm_dropout_full_woTemplates_model_4_multimer_v3_pred_62.pdb	0	2807	0.723098	A=C,B=B,C=A,D=D
8BWL-assembly1.cif	cf_woTemplates_model_3_multimer_v1_pred_9.pdb	0	7504	0.723092	A=C,B=B,C=A,D=D
8BWL-assembly1.cif	afm_dropout_full_woTemplates_r3_model_2_multimer_v3_pred_44.pdb	0	3390	0.723089	A=C,B=B,C=A,D=D
8BWL-assembly1.cif	afm_dropout_full_woTemplates_r3_model_5_multimer_v2_pred_13.pdb	0	3892	0.723089	A=C,B=D,C=A,D=B
8BWL-assembly1.cif	afm_dropout_full_woTemplates_r3_model_5_multimer_v3_pred_32.pdb	0	3980	0.723087	A=C,B=D,C=A,D=B
8BWL-assembly1.cif	cf_woTemplates_model_3_multimer_v3_pred_14.pdb	0	7578	0.723076	A=A,B=D,C=C,D=B
8BWL-assembly1.cif	afm_dropout_full_woTemplates_r3_model_4_multimer_v3_pred_3.pdb	0	3776	0.723071	A=A,B=B,C=C,D=D
8BWL-assembly1.cif	afm_basic_model_5_multimer_v2_pred_11.pdb	0	875	0.723069	A=C,B=B,C=A,D=D
8BWL-assembly1.cif	afm_dropout_full_model_2_multimer_v2_pred_13.pdb	0	1279	0.723062	A=C,B=B,C=A,D=D
8BWL-assembly1.cif	afm_woTemplates_model_1_multimer_v3_pred_17.pdb	0	5169	0.723054	A=C,B=B,C=A,D=D
8BWL-assembly1.cif	afm_dropout_noSM_woTemplates_model_2_multimer_v2_pred_52.pdb	0	4337	0.723051	A=A,B=D,C=C,D=B
8BWL-assembly1.cif	cf_dropout_full_woTemplates_model_3_multimer_v3_pred_53.pdb	0	6616	0.723049	A=C,B=D,C=A,D=B
8BWL-assembly1.cif	afm_dropout_noSM_woTemplates_model_2_multimer_v1_pred_65.pdb	0	4284	0.723046	A=A,B=B,C=C,D=D
8BWL-assembly1.cif	afm_basic_model_5_multimer_v3_pred_22.pdb	0	954	0.723041	A=C,B=B,C=A,D=D
8BWL-assembly1.cif	afm_dropout_full_model_5_multimer_v3_pred_11.pdb	0	1947	0.723036	A=A,B=D,C=C,D=B
8BWL-assembly1.cif	afm_basic_model_2_multimer_v1_pred_44.pdb	0	241	0.723026	A=C,B=B,C=A,D=D
8BWL-assembly1.cif	afm_dropout_full_woTemplates_model_3_multimer_v3_pred_39.pdb	0	2580	0.723012	A=C,B=D,C=A,D=B
8BWL-assembly1.cif	afm_dropout_full_model_2_multimer_v1_pred_61.pdb	0	1265	0.723007	A=C,B=B,C=A,D=D
8BWL-assembly1.cif	afm_basic_model_5_multimer_v2_pred_22.pdb	0	887	0.723003	A=C,B=B,C=A,D=D
8BWL-assembly1.cif	afm_basic_model_1_multimer_v1_pred_46.pdb	0	42	0.722998	A=C,B=B,C=A,D=D
8BWL-assembly1.cif	afm_woTemplates_model_2_multimer_v1_pred_60.pdb	0	5284	0.72298	A=A,B=D,C=C,D=B
8BWL-assembly1.cif	afm_dropout_full_woTemplates_r3_model_1_multimer_v3_pred_52.pdb	0	3198	0.722973	A=C,B=D,C=A,D=B
8BWL-assembly1.cif	afm_basic_model_1_multimer_v1_pred_63.pdb	0	61	0.72297	A=C,B=B,C=A,D=D
8BWL-assembly1.cif	afm_basic_model_3_multimer_v1_pred_29.pdb	0	425	0.722969	A=A,B=D,C=C,D=B
8BWL-assembly1.cif	afm_dropout_full_woTemplates_r3_model_2_multimer_v3_pred_0.pdb	0	3351	0.722959	A=C,B=D,C=A,D=B
8BWL-assembly1.cif	afm_dropout_full_woTemplates_r3_model_3_multimer_v3_pred_22.pdb	0	3567	0.722957	A=A,B=D,C=C,D=B
8BWL-assembly1.cif	afm_dropout_full_woTemplates_model_2_multimer_v2_pred_53.pdb	0	2328	0.722954	A=A,B=B,C=C,D=D
8BWL-assembly1.cif	afm_dropout_full_model_5_multimer_v1_pred_50.pdb	0	1856	0.722951	A=A,B=D,C=C,D=B
8BWL-assembly1.cif	cf_woTemplates_model_4_multimer_v3_pred_15.pdb	0	7780	0.722939	A=C,B=B,C=A,D=D
8BWL-assembly1.cif	afm_dropout_full_model_5_multimer_v1_pred_29.pdb	0	1832	0.722937	A=A,B=D,C=C,D=B
8BWL-assembly1.cif	afm_basic_model_2_multimer_v1_pred_9.pdb	0	268	0.722937	A=C,B=B,C=A,D=D
8BWL-assembly1.cif	afm_dropout_full_woTemplates_model_5_multimer_v2_pred_62.pdb	0	2941	0.722931	A=A,B=D,C=C,D=B
8BWL-assembly1.cif	afm_dropout_full_woTemplates_r3_model_3_multimer_v2_pred_42.pdb	0	3522	0.722926	A=C,B=B,C=A,D=D
8BWL-assembly1.cif	afm_basic_model_5_multimer_v2_pred_31.pdb	0	897	0.722923	A=C,B=B,C=A,D=D
8BWL-assembly1.cif	cf_woTemplates_model_2_multimer_v2_pred_54.pdb	0	7354	0.722923	A=C,B=D,C=A,D=B
8BWL-assembly1.cif	afm_dropout_full_model_4_multimer_v3_pred_55.pdb	0	1794	0.722917	A=A,B=B,C=C,D=D
8BWL-assembly1.cif	afm_basic_model_1_multimer_v1_pred_35.pdb	0	30	0.722917	A=A,B=D,C=C,D=B
8BWL-assembly1.cif	cf_dropout_full_woTemplates_model_2_multimer_v3_pred_27.pdb	0	6386	0.722909	A=A,B=D,C=C,D=B
8BWL-assembly1.cif	afm_dropout_full_model_3_multimer_v1_pred_62.pdb	0	1467	0.722906	A=A,B=D,C=C,D=B
8BWL-assembly1.cif	afm_dropout_full_model_4_multimer_v2_pred_18.pdb	0	1686	0.722901	A=C,B=B,C=A,D=D
8BWL-assembly1.cif	cf_woTemplates_model_3_multimer_v1_pred_0.pdb	0	7438	0.722892	A=A,B=D,C=C,D=B
8BWL-assembly1.cif	afm_dropout_noSM_woTemplates_model_3_multimer_v3_pred_30.pdb	0	4581	0.722891	A=C,B=D,C=A,D=B
8BWL-assembly1.cif	afm_dropout_full_model_2_multimer_v2_pred_54.pdb	0	1324	0.722887	A=A,B=D,C=C,D=B
8BWL-assembly1.cif	afm_basic_model_5_multimer_v1_pred_24.pdb	0	822	0.722885	A=C,B=B,C=A,D=D
8BWL-assembly1.cif	afm_dropout_full_woTemplates_model_3_multimer_v3_pred_60.pdb	0	2604	0.722883	A=C,B=D,C=A,D=B
8BWL-assembly1.cif	cf_woTemplates_model_2_multimer_v1_pred_44.pdb	0	7276	0.722882	A=A,B=D,C=C,D=B
8BWL-assembly1.cif	afm_dropout_full_woTemplates_r3_model_3_multimer_v3_pred_18.pdb	0	3562	0.722873	A=C,B=B,C=A,D=D
8BWL-assembly1.cif	afm_dropout_full_model_1_multimer_v1_pred_15.pdb	0	1013	0.722866	A=A,B=D,C=C,D=B
8BWL-assembly1.cif	afm_dropout_full_model_2_multimer_v2_pred_20.pdb	0	1287	0.722856	A=A,B=D,C=C,D=B
8BWL-assembly1.cif	afm_woTemplates_model_5_multimer_v2_pred_38.pdb	0	5929	0.722838	A=C,B=B,C=A,D=D
8BWL-assembly1.cif	afm_basic_model_3_multimer_v1_pred_52.pdb	0	451	0.722826	A=C,B=D,C=A,D=B
8BWL-assembly1.cif	afm_dropout_full_woTemplates_r3_model_1_multimer_v3_pred_19.pdb	0	3161	0.722821	A=A,B=B,C=C,D=D
8BWL-assembly1.cif	afm_dropout_full_woTemplates_model_2_multimer_v2_pred_65.pdb	0	2341	0.722819	A=A,B=D,C=C,D=B
8BWL-assembly1.cif	afm_dropout_noSM_woTemplates_model_2_multimer_v1_pred_43.pdb	0	4260	0.722818	A=C,B=B,C=A,D=D
8BWL-assembly1.cif	afm_dropout_full_model_4_multimer_v2_pred_21.pdb	0	1690	0.722816	A=C,B=D,C=A,D=B
8BWL-assembly1.cif	afm_basic_model_3_multimer_v1_pred_63.pdb	0	463	0.722814	A=A,B=B,C=C,D=D
8BWL-assembly1.cif	afm_woTemplates_model_3_multimer_v2_pred_31.pdb	0	5520	0.722811	A=C,B=D,C=A,D=B
8BWL-assembly1.cif	cf_woTemplates_model_3_multimer_v3_pred_3.pdb	0	7595	0.722809	A=A,B=B,C=C,D=D
8BWL-assembly1.cif	afm_dropout_full_model_5_multimer_v2_pred_2.pdb	0	1889	0.722806	A=C,B=D,C=A,D=B
8BWL-assembly1.cif	afm_dropout_full_model_4_multimer_v2_pred_6.pdb	0	1732	0.722797	A=A,B=B,C=C,D=D
8BWL-assembly1.cif	cf_dropout_full_woTemplates_model_1_multimer_v3_pred_44.pdb	0	6204	0.722797	A=A,B=D,C=C,D=B
8BWL-assembly1.cif	afm_basic_model_2_multimer_v2_pred_7.pdb	0	333	0.72279	A=C,B=B,C=A,D=D
8BWL-assembly1.cif	afm_woTemplates_model_3_multimer_v3_pred_15.pdb	0	5569	0.722782	A=A,B=D,C=C,D=B
8BWL-assembly1.cif	afm_dropout_full_model_5_multimer_v1_pred_55.pdb	0	1861	0.722782	A=A,B=D,C=C,D=B
8BWL-assembly1.cif	afm_woTemplates_model_2_multimer_v1_pred_57.pdb	0	5280	0.722773	A=A,B=D,C=C,D=B
8BWL-assembly1.cif	cf_dropout_full_woTemplates_model_4_multimer_v3_pred_64.pdb	0	6829	0.722772	A=A,B=B,C=C,D=D
8BWL-assembly1.cif	afm_basic_model_3_multimer_v1_pred_2.pdb	0	415	0.72276	A=C,B=B,C=A,D=D
8BWL-assembly1.cif	afm_dropout_full_woTemplates_r3_model_3_multimer_v3_pred_37.pdb	0	3583	0.722748	A=C,B=D,C=A,D=B
8BWL-assembly1.cif	cf_woTemplates_model_5_multimer_v1_pred_6.pdb	0	7896	0.722745	A=C,B=B,C=A,D=D
8BWL-assembly1.cif	afm_basic_model_2_multimer_v2_pred_53.pdb	0	318	0.722738	A=A,B=D,C=C,D=B
8BWL-assembly1.cif	afm_basic_model_3_multimer_v1_pred_4.pdb	0	437	0.722737	A=C,B=B,C=A,D=D
8BWL-assembly1.cif	cf_dropout_full_woTemplates_model_2_multimer_v3_pred_42.pdb	0	6403	0.722729	A=C,B=B,C=A,D=D
8BWL-assembly1.cif	cf_woTemplates_model_3_multimer_v3_pred_23.pdb	0	7588	0.722726	A=A,B=D,C=C,D=B
8BWL-assembly1.cif	afm_basic_model_3_multimer_v3_pred_35.pdb	0	566	0.722726	A=A,B=B,C=C,D=D
8BWL-assembly1.cif	afm_woTemplates_model_2_multimer_v2_pred_33.pdb	0	5321	0.722722	A=A,B=D,C=C,D=B
8BWL-assembly1.cif	cf_dropout_full_woTemplates_model_1_multimer_v1_pred_12.pdb	0	6035	0.722721	A=C,B=B,C=A,D=D
8BWL-assembly1.cif	cf_woTemplates_model_3_multimer_v3_pred_5.pdb	0	7617	0.722713	A=C,B=D,C=A,D=B
8BWL-assembly1.cif	afm_basic_model_5_multimer_v1_pred_38.pdb	0	837	0.722706	A=C,B=B,C=A,D=D
8BWL-assembly1.cif	afm_basic_model_3_multimer_v1_pred_12.pdb	0	407	0.7227	A=C,B=B,C=A,D=D
8BWL-assembly1.cif	afm_dropout_full_model_1_multimer_v1_pred_47.pdb	0	1048	0.722694	A=A,B=D,C=C,D=B
8BWL-assembly1.cif	afm_dropout_noSM_woTemplates_model_5_multimer_v2_pred_29.pdb	0	4914	0.722672	A=C,B=B,C=A,D=D
8BWL-assembly1.cif	afm_dropout_full_woTemplates_r3_model_1_multimer_v3_pred_6.pdb	0	3206	0.722672	A=C,B=B,C=A,D=D
8BWL-assembly1.cif	afm_dropout_full_woTemplates_model_2_multimer_v2_pred_52.pdb	0	2327	0.722669	A=C,B=D,C=A,D=B
8BWL-assembly1.cif	afm_dropout_noSM_woTemplates_model_4_multimer_v3_pred_13.pdb	0	4763	0.722667	A=A,B=D,C=C,D=B
8BWL-assembly1.cif	afm_dropout_full_woTemplates_model_1_multimer_v3_pred_23.pdb	0	2161	0.722666	A=C,B=D,C=A,D=B
8BWL-assembly1.cif	afm_basic_model_5_multimer_v1_pred_29.pdb	0	827	0.722659	A=A,B=D,C=C,D=B
8BWL-assembly1.cif	afm_dropout_noSM_woTemplates_model_3_multimer_v2_pred_48.pdb	0	4533	0.722658	A=A,B=B,C=C,D=D
8BWL-assembly1.cif	afm_dropout_full_model_5_multimer_v1_pred_58.pdb	0	1864	0.722649	A=A,B=D,C=C,D=B
8BWL-assembly1.cif	cf_woTemplates_model_4_multimer_v3_pred_4.pdb	0	7807	0.722648	A=A,B=D,C=C,D=B
8BWL-assembly1.cif	afm_dropout_noSM_woTemplates_model_2_multimer_v3_pred_48.pdb	0	4399	0.722645	A=C,B=D,C=A,D=B
8BWL-assembly1.cif	afm_basic_model_3_multimer_v3_pred_16.pdb	0	545	0.722643	A=C,B=D,C=A,D=B
8BWL-assembly1.cif	afm_basic_model_5_multimer_v2_pred_15.pdb	0	879	0.722621	A=C,B=B,C=A,D=D
8BWL-assembly1.cif	cf_dropout_full_woTemplates_model_4_multimer_v1_pred_6.pdb	0	6690	0.722618	A=C,B=B,C=A,D=D
8BWL-assembly1.cif	afm_woTemplates_model_5_multimer_v1_pred_64.pdb	0	5891	0.722609	A=A,B=D,C=C,D=B
8BWL-assembly1.cif	afm_basic_model_5_multimer_v2_pred_62.pdb	0	931	0.722607	A=A,B=D,C=C,D=B
8BWL-assembly1.cif	afm_basic_model_5_multimer_v1_pred_42.pdb	0	842	0.722605	A=C,B=B,C=A,D=D
8BWL-assembly1.cif	afm_dropout_noSM_woTemplates_model_2_multimer_v2_pred_23.pdb	0	4305	0.722599	A=A,B=B,C=C,D=D
8BWL-assembly1.cif	afm_dropout_full_woTemplates_model_2_multimer_v2_pred_2.pdb	0	2291	0.722594	A=C,B=B,C=A,D=D
8BWL-assembly1.cif	afm_basic_model_5_multimer_v2_pred_36.pdb	0	902	0.722584	A=C,B=D,C=A,D=B
8BWL-assembly1.cif	afm_dropout_full_model_3_multimer_v1_pred_1.pdb	0	1409	0.722584	A=C,B=D,C=A,D=B
8BWL-assembly1.cif	cf_woTemplates_model_2_multimer_v2_pred_29.pdb	0	7326	0.722579	A=C,B=D,C=A,D=B
8BWL-assembly1.cif	cf_dropout_full_woTemplates_model_4_multimer_v3_pred_16.pdb	0	6776	0.722577	A=A,B=B,C=C,D=D
8BWL-assembly1.cif	afm_dropout_full_model_4_multimer_v3_pred_43.pdb	0	1781	0.722565	A=A,B=B,C=C,D=D
8BWL-assembly1.cif	afm_dropout_full_woTemplates_r3_model_4_multimer_v3_pred_7.pdb	0	3817	0.72256	A=A,B=D,C=C,D=B
8BWL-assembly1.cif	cf_woTemplates_model_3_multimer_v3_pred_65.pdb	0	7634	0.722557	A=C,B=D,C=A,D=B
8BWL-assembly1.cif	afm_woTemplates_model_4_multimer_v1_pred_59.pdb	0	5684	0.722556	A=C,B=B,C=A,D=D
8BWL-assembly1.cif	cf_woTemplates_model_3_multimer_v3_pred_31.pdb	0	7597	0.722555	A=A,B=D,C=C,D=B
8BWL-assembly1.cif	cf_woTemplates_model_2_multimer_v2_pred_16.pdb	0	7312	0.722552	A=C,B=D,C=A,D=B
8BWL-assembly1.cif	afm_dropout_noSM_woTemplates_model_2_multimer_v1_pred_16.pdb	0	4230	0.722552	A=A,B=D,C=C,D=B
8BWL-assembly1.cif	afm_woTemplates_model_5_multimer_v2_pred_47.pdb	0	5939	0.722534	A=A,B=D,C=C,D=B
8BWL-assembly1.cif	afm_woTemplates_model_2_multimer_v2_pred_26.pdb	0	5313	0.722534	A=A,B=B,C=C,D=D
8BWL-assembly1.cif	afm_dropout_noSM_woTemplates_model_1_multimer_v3_pred_2.pdb	0	4167	0.722532	A=A,B=D,C=C,D=B
8BWL-assembly1.cif	afm_basic_model_3_multimer_v3_pred_51.pdb	0	584	0.722531	A=C,B=D,C=A,D=B
8BWL-assembly1.cif	afm_woTemplates_model_2_multimer_v2_pred_24.pdb	0	5311	0.722529	A=C,B=D,C=A,D=B
8BWL-assembly1.cif	cf_dropout_full_woTemplates_model_1_multimer_v1_pred_18.pdb	0	6041	0.722527	A=C,B=B,C=A,D=D
8BWL-assembly1.cif	afm_woTemplates_model_3_multimer_v2_pred_0.pdb	0	5495	0.722526	A=C,B=D,C=A,D=B
8BWL-assembly1.cif	afm_dropout_full_woTemplates_r3_model_4_multimer_v3_pred_59.pdb	0	3808	0.722522	A=A,B=B,C=C,D=D
8BWL-assembly1.cif	cf_woTemplates_model_2_multimer_v1_pred_31.pdb	0	7262	0.722512	A=A,B=B,C=C,D=D
8BWL-assembly1.cif	afm_dropout_full_model_5_multimer_v2_pred_63.pdb	0	1937	0.72251	A=C,B=B,C=A,D=D
8BWL-assembly1.cif	cf_dropout_full_woTemplates_model_1_multimer_v1_pred_53.pdb	0	6080	0.722508	A=C,B=B,C=A,D=D
8BWL-assembly1.cif	cf_dropout_full_woTemplates_model_1_multimer_v2_pred_43.pdb	0	6136	0.722507	A=C,B=D,C=A,D=B
8BWL-assembly1.cif	afm_dropout_full_model_2_multimer_v2_pred_66.pdb	0	1337	0.722504	A=A,B=B,C=C,D=D
8BWL-assembly1.cif	cf_woTemplates_model_4_multimer_v1_pred_2.pdb	0	7651	0.722501	A=A,B=D,C=C,D=B
8BWL-assembly1.cif	afm_basic_model_3_multimer_v1_pred_35.pdb	0	432	0.72249	A=C,B=B,C=A,D=D
8BWL-assembly1.cif	afm_woTemplates_model_5_multimer_v2_pred_32.pdb	0	5923	0.722479	A=A,B=D,C=C,D=B
8BWL-assembly1.cif	afm_dropout_full_woTemplates_model_2_multimer_v3_pred_49.pdb	0	2390	0.722477	A=C,B=B,C=A,D=D
8BWL-assembly1.cif	afm_dropout_noSM_woTemplates_model_3_multimer_v3_pred_14.pdb	0	4563	0.722476	A=A,B=D,C=C,D=B
8BWL-assembly1.cif	afm_woTemplates_model_2_multimer_v2_pred_63.pdb	0	5354	0.722475	A=A,B=D,C=C,D=B
8BWL-assembly1.cif	afm_dropout_noSM_woTemplates_model_4_multimer_v3_pred_48.pdb	0	4801	0.722472	A=A,B=B,C=C,D=D
8BWL-assembly1.cif	cf_woTemplates_model_1_multimer_v1_pred_61.pdb	0	7094	0.72247	A=A,B=D,C=C,D=B
8BWL-assembly1.cif	afm_dropout_full_model_4_multimer_v2_pred_17.pdb	0	1685	0.72247	A=C,B=B,C=A,D=D
8BWL-assembly1.cif	afm_dropout_noSM_woTemplates_model_3_multimer_v3_pred_6.pdb	0	4613	0.722468	A=A,B=B,C=C,D=D
8BWL-assembly1.cif	afm_dropout_noSM_woTemplates_model_5_multimer_v2_pred_37.pdb	0	4923	0.722468	A=A,B=B,C=C,D=D
8BWL-assembly1.cif	afm_basic_model_3_multimer_v1_pred_11.pdb	0	406	0.722448	A=A,B=B,C=C,D=D
8BWL-assembly1.cif	afm_basic_model_2_multimer_v1_pred_58.pdb	0	256	0.722438	A=A,B=D,C=C,D=B
8BWL-assembly1.cif	afm_dropout_full_woTemplates_r3_model_2_multimer_v2_pred_32.pdb	0	3310	0.722427	A=C,B=D,C=A,D=B
8BWL-assembly1.cif	afm_dropout_full_model_3_multimer_v1_pred_24.pdb	0	1425	0.722426	A=A,B=B,C=C,D=D
8BWL-assembly1.cif	afm_dropout_full_woTemplates_r3_model_5_multimer_v3_pred_30.pdb	0	3978	0.722424	A=C,B=D,C=A,D=B
8BWL-assembly1.cif	cf_woTemplates_model_5_multimer_v1_pred_59.pdb	0	7895	0.722419	A=C,B=B,C=A,D=D
8BWL-assembly1.cif	afm_dropout_full_model_2_multimer_v1_pred_14.pdb	0	1213	0.722415	A=C,B=B,C=A,D=D
8BWL-assembly1.cif	afm_woTemplates_model_3_multimer_v2_pred_52.pdb	0	5543	0.72241	A=C,B=D,C=A,D=B
8BWL-assembly1.cif	afm_basic_model_5_multimer_v2_pred_50.pdb	0	918	0.722405	A=C,B=D,C=A,D=B
8BWL-assembly1.cif	cf_dropout_full_woTemplates_model_5_multimer_v1_pred_45.pdb	0	6875	0.722403	A=C,B=B,C=A,D=D
8BWL-assembly1.cif	afm_woTemplates_model_5_multimer_v2_pred_18.pdb	0	5907	0.722401	A=C,B=D,C=A,D=B
8BWL-assembly1.cif	afm_dropout_noSM_woTemplates_model_1_multimer_v3_pred_18.pdb	0	4165	0.722397	A=C,B=D,C=A,D=B
8BWL-assembly1.cif	cf_dropout_full_woTemplates_model_2_multimer_v1_pred_22.pdb	0	6247	0.72239	A=C,B=D,C=A,D=B
8BWL-assembly1.cif	afm_woTemplates_model_2_multimer_v1_pred_18.pdb	0	5237	0.722385	A=C,B=B,C=A,D=D
8BWL-assembly1.cif	afm_dropout_noSM_woTemplates_model_3_multimer_v3_pred_20.pdb	0	4570	0.72236	A=C,B=D,C=A,D=B
8BWL-assembly1.cif	afm_dropout_full_model_3_multimer_v3_pred_49.pdb	0	1586	0.722356	A=C,B=D,C=A,D=B
8BWL-assembly1.cif	afm_dropout_full_woTemplates_model_4_multimer_v3_pred_9.pdb	0	2814	0.722349	A=A,B=D,C=C,D=B
8BWL-assembly1.cif	afm_dropout_noSM_woTemplates_model_4_multimer_v3_pred_61.pdb	0	4816	0.722342	A=A,B=B,C=C,D=D
8BWL-assembly1.cif	afm_dropout_full_model_4_multimer_v2_pred_37.pdb	0	1707	0.72234	A=A,B=D,C=C,D=B
8BWL-assembly1.cif	cf_dropout_full_woTemplates_model_1_multimer_v1_pred_56.pdb	0	6083	0.72234	A=A,B=D,C=C,D=B
8BWL-assembly1.cif	afm_dropout_full_model_5_multimer_v3_pred_3.pdb	0	1967	0.722333	A=C,B=B,C=A,D=D
8BWL-assembly1.cif	cf_dropout_full_woTemplates_model_1_multimer_v3_pred_52.pdb	0	6213	0.722333	A=C,B=B,C=A,D=D
8BWL-assembly1.cif	afm_dropout_full_model_2_multimer_v2_pred_24.pdb	0	1291	0.722332	A=A,B=B,C=C,D=D
8BWL-assembly1.cif	afm_basic_model_2_multimer_v2_pred_32.pdb	0	295	0.722316	A=C,B=B,C=A,D=D
8BWL-assembly1.cif	afm_woTemplates_model_2_multimer_v2_pred_7.pdb	0	5358	0.722312	A=C,B=D,C=A,D=B
8BWL-assembly1.cif	afm_dropout_noSM_woTemplates_model_2_multimer_v1_pred_56.pdb	0	4274	0.722312	A=A,B=D,C=C,D=B
8BWL-assembly1.cif	cf_woTemplates_model_2_multimer_v2_pred_7.pdb	0	7368	0.722312	A=C,B=D,C=A,D=B
8BWL-assembly1.cif	afm_dropout_full_woTemplates_r3_model_5_multimer_v3_pred_46.pdb	0	3995	0.722304	A=C,B=B,C=A,D=D
8BWL-assembly1.cif	cf_dropout_full_woTemplates_model_4_multimer_v1_pred_57.pdb	0	6687	0.7223	A=A,B=D,C=C,D=B
8BWL-assembly1.cif	afm_woTemplates_model_5_multimer_v2_pred_6.pdb	0	5953	0.722287	A=C,B=D,C=A,D=B
8BWL-assembly1.cif	afm_basic_model_1_multimer_v1_pred_2.pdb	0	13	0.722287	A=A,B=D,C=C,D=B
8BWL-assembly1.cif	afm_dropout_full_model_5_multimer_v1_pred_41.pdb	0	1846	0.722279	A=C,B=B,C=A,D=D
8BWL-assembly1.cif	afm_dropout_full_woTemplates_r3_model_3_multimer_v2_pred_13.pdb	0	3490	0.722278	A=A,B=B,C=C,D=D
8BWL-assembly1.cif	afm_dropout_full_model_2_multimer_v1_pred_34.pdb	0	1235	0.722265	A=A,B=D,C=C,D=B
8BWL-assembly1.cif	cf_dropout_full_woTemplates_model_3_multimer_v3_pred_12.pdb	0	6571	0.72226	A=C,B=D,C=A,D=B
8BWL-assembly1.cif	afm_woTemplates_model_4_multimer_v1_pred_32.pdb	0	5655	0.722257	A=A,B=D,C=C,D=B
8BWL-assembly1.cif	afm_dropout_full_model_3_multimer_v3_pred_47.pdb	0	1584	0.722246	A=C,B=D,C=A,D=B
8BWL-assembly1.cif	afm_dropout_noSM_woTemplates_model_3_multimer_v3_pred_4.pdb	0	4591	0.722239	A=A,B=D,C=C,D=B
8BWL-assembly1.cif	afm_dropout_full_model_4_multimer_v2_pred_29.pdb	0	1698	0.722237	A=C,B=B,C=A,D=D
8BWL-assembly1.cif	cf_woTemplates_model_3_multimer_v1_pred_42.pdb	0	7475	0.722226	A=A,B=D,C=C,D=B
8BWL-assembly1.cif	afm_dropout_full_woTemplates_model_2_multimer_v2_pred_64.pdb	0	2340	0.722224	A=C,B=D,C=A,D=B
8BWL-assembly1.cif	afm_basic_model_2_multimer_v2_pred_62.pdb	0	328	0.722223	A=C,B=B,C=A,D=D
8BWL-assembly1.cif	afm_dropout_full_model_2_multimer_v2_pred_9.pdb	0	1340	0.722216	A=A,B=B,C=C,D=D
8BWL-assembly1.cif	afm_basic_model_5_multimer_v2_pred_2.pdb	0	884	0.722212	A=A,B=D,C=C,D=B
8BWL-assembly1.cif	afm_woTemplates_model_3_multimer_v2_pred_26.pdb	0	5514	0.722206	A=A,B=B,C=C,D=D
8BWL-assembly1.cif	afm_woTemplates_model_1_multimer_v1_pred_10.pdb	0	5028	0.722203	A=A,B=D,C=C,D=B
8BWL-assembly1.cif	afm_woTemplates_model_1_multimer_v3_pred_23.pdb	0	5176	0.722198	A=C,B=B,C=A,D=D
8BWL-assembly1.cif	afm_dropout_full_woTemplates_model_2_multimer_v1_pred_27.pdb	0	2232	0.722198	A=C,B=D,C=A,D=B
8BWL-assembly1.cif	afm_dropout_noSM_woTemplates_model_4_multimer_v3_pred_32.pdb	0	4784	0.722198	A=C,B=D,C=A,D=B
8BWL-assembly1.cif	afm_dropout_full_model_5_multimer_v2_pred_45.pdb	0	1917	0.722191	A=A,B=B,C=C,D=D
8BWL-assembly1.cif	afm_basic_model_3_multimer_v1_pred_6.pdb	0	459	0.72219	A=C,B=D,C=A,D=B
8BWL-assembly1.cif	afm_woTemplates_model_1_multimer_v3_pred_51.pdb	0	5207	0.72219	A=C,B=B,C=A,D=D
8BWL-assembly1.cif	afm_dropout_full_model_2_multimer_v2_pred_14.pdb	0	1280	0.722174	A=A,B=D,C=C,D=B
8BWL-assembly1.cif	afm_dropout_full_model_4_multimer_v3_pred_2.pdb	0	1755	0.722166	A=C,B=D,C=A,D=B
8BWL-assembly1.cif	afm_dropout_full_woTemplates_model_2_multimer_v2_pred_24.pdb	0	2296	0.722162	A=C,B=B,C=A,D=D
8BWL-assembly1.cif	afm_woTemplates_model_2_multimer_v3_pred_18.pdb	0	5371	0.722158	A=A,B=D,C=C,D=B
8BWL-assembly1.cif	afm_dropout_full_model_1_multimer_v3_pred_41.pdb	0	1176	0.722156	A=C,B=D,C=A,D=B
8BWL-assembly1.cif	afm_dropout_noSM_woTemplates_model_3_multimer_v1_pred_60.pdb	0	4480	0.722156	A=C,B=D,C=A,D=B
8BWL-assembly1.cif	afm_dropout_full_model_1_multimer_v2_pred_64.pdb	0	1134	0.722151	A=C,B=D,C=A,D=B
8BWL-assembly1.cif	afm_basic_model_3_multimer_v1_pred_50.pdb	0	449	0.722143	A=A,B=D,C=C,D=B
8BWL-assembly1.cif	afm_basic_model_1_multimer_v1_pred_52.pdb	0	49	0.722134	A=C,B=B,C=A,D=D
8BWL-assembly1.cif	afm_basic_model_4_multimer_v1_pred_51.pdb	0	651	0.722131	A=C,B=B,C=A,D=D
8BWL-assembly1.cif	afm_dropout_full_woTemplates_r3_model_3_multimer_v3_pred_5.pdb	0	3597	0.722128	A=A,B=B,C=C,D=D
8BWL-assembly1.cif	cf_dropout_full_woTemplates_model_5_multimer_v3_pred_62.pdb	0	7028	0.722119	A=A,B=B,C=C,D=D
8BWL-assembly1.cif	afm_dropout_full_woTemplates_model_1_multimer_v3_pred_50.pdb	0	2191	0.722116	A=A,B=B,C=C,D=D
8BWL-assembly1.cif	afm_dropout_full_woTemplates_model_3_multimer_v3_pred_52.pdb	0	2595	0.722115	A=A,B=D,C=C,D=B
8BWL-assembly1.cif	afm_dropout_full_woTemplates_model_2_multimer_v2_pred_31.pdb	0	2304	0.722113	A=C,B=B,C=A,D=D
8BWL-assembly1.cif	cf_dropout_full_woTemplates_model_2_multimer_v3_pred_44.pdb	0	6405	0.72211	A=A,B=B,C=C,D=D
8BWL-assembly1.cif	afm_woTemplates_model_2_multimer_v1_pred_36.pdb	0	5257	0.722109	A=A,B=D,C=C,D=B
8BWL-assembly1.cif	afm_basic_model_2_multimer_v2_pred_40.pdb	0	304	0.722103	A=C,B=D,C=A,D=B
8BWL-assembly1.cif	cf_woTemplates_model_2_multimer_v3_pred_12.pdb	0	7375	0.722102	A=A,B=B,C=C,D=D
8BWL-assembly1.cif	afm_dropout_full_woTemplates_model_3_multimer_v2_pred_3.pdb	0	2503	0.722101	A=C,B=D,C=A,D=B
8BWL-assembly1.cif	afm_basic_model_2_multimer_v2_pred_26.pdb	0	288	0.722098	A=C,B=D,C=A,D=B
8BWL-assembly1.cif	afm_dropout_full_woTemplates_r3_model_2_multimer_v3_pred_24.pdb	0	3368	0.722097	A=C,B=D,C=A,D=B
8BWL-assembly1.cif	afm_dropout_full_model_3_multimer_v1_pred_56.pdb	0	1460	0.722091	A=A,B=D,C=C,D=B
8BWL-assembly1.cif	afm_basic_model_1_multimer_v1_pred_3.pdb	0	24	0.722089	A=C,B=B,C=A,D=D
8BWL-assembly1.cif	cf_dropout_full_woTemplates_model_5_multimer_v1_pred_51.pdb	0	6882	0.722082	A=C,B=B,C=A,D=D
8BWL-assembly1.cif	afm_dropout_full_model_5_multimer_v3_pred_30.pdb	0	1968	0.722079	A=A,B=D,C=C,D=B
8BWL-assembly1.cif	cf_woTemplates_model_4_multimer_v3_pred_43.pdb	0	7811	0.722077	A=A,B=B,C=C,D=D
8BWL-assembly1.cif	afm_dropout_full_woTemplates_model_3_multimer_v3_pred_5.pdb	0	2592	0.722069	A=C,B=D,C=A,D=B
8BWL-assembly1.cif	afm_basic_model_4_multimer_v2_pred_29.pdb	0	693	0.722064	A=A,B=B,C=C,D=D
8BWL-assembly1.cif	afm_basic_model_2_multimer_v2_pred_39.pdb	0	302	0.722063	A=C,B=B,C=A,D=D
8BWL-assembly1.cif	afm_dropout_full_model_3_multimer_v3_pred_30.pdb	0	1566	0.722056	A=C,B=D,C=A,D=B
8BWL-assembly1.cif	afm_basic_model_5_multimer_v1_pred_60.pdb	0	862	0.722048	A=C,B=B,C=A,D=D
8BWL-assembly1.cif	cf_dropout_full_woTemplates_model_4_multimer_v1_pred_10.pdb	0	6636	0.722032	A=A,B=D,C=C,D=B
8BWL-assembly1.cif	cf_woTemplates_model_5_multimer_v2_pred_8.pdb	0	7972	0.722032	A=A,B=D,C=C,D=B
8BWL-assembly1.cif	afm_basic_model_2_multimer_v1_pred_55.pdb	0	253	0.722018	A=C,B=B,C=A,D=D
8BWL-assembly1.cif	afm_dropout_noSM_woTemplates_model_4_multimer_v3_pred_46.pdb	0	4799	0.722017	A=C,B=B,C=A,D=D
8BWL-assembly1.cif	afm_woTemplates_model_4_multimer_v3_pred_5.pdb	0	5808	0.722015	A=A,B=B,C=C,D=D
8BWL-assembly1.cif	cf_woTemplates_model_2_multimer_v3_pred_47.pdb	0	7413	0.722013	A=A,B=B,C=C,D=D
8BWL-assembly1.cif	afm_dropout_full_model_1_multimer_v1_pred_17.pdb	0	1015	0.722003	A=A,B=D,C=C,D=B
8BWL-assembly1.cif	afm_dropout_full_model_2_multimer_v2_pred_47.pdb	0	1316	0.722002	A=A,B=B,C=C,D=D
8BWL-assembly1.cif	afm_dropout_full_model_5_multimer_v2_pred_16.pdb	0	1885	0.722001	A=A,B=D,C=C,D=B
8BWL-assembly1.cif	afm_basic_model_5_multimer_v1_pred_66.pdb	0	868	0.721992	A=C,B=B,C=A,D=D
8BWL-assembly1.cif	afm_woTemplates_model_2_multimer_v2_pred_36.pdb	0	5324	0.721982	A=C,B=B,C=A,D=D
8BWL-assembly1.cif	cf_woTemplates_model_3_multimer_v3_pred_17.pdb	0	7581	0.721982	A=C,B=D,C=A,D=B
8BWL-assembly1.cif	afm_dropout_noSM_woTemplates_model_4_multimer_v2_pred_27.pdb	0	4711	0.721981	A=C,B=D,C=A,D=B
8BWL-assembly1.cif	afm_woTemplates_model_5_multimer_v2_pred_0.pdb	0	5897	0.721981	A=A,B=B,C=C,D=D
8BWL-assembly1.cif	cf_dropout_full_woTemplates_model_2_multimer_v2_pred_64.pdb	0	6360	0.721973	A=A,B=B,C=C,D=D
8BWL-assembly1.cif	afm_dropout_full_woTemplates_r3_model_1_multimer_v3_pred_45.pdb	0	3190	0.721968	A=C,B=D,C=A,D=B
8BWL-assembly1.cif	afm_dropout_noSM_woTemplates_model_4_multimer_v3_pred_6.pdb	0	4814	0.721961	A=C,B=D,C=A,D=B
8BWL-assembly1.cif	afm_dropout_noSM_woTemplates_model_4_multimer_v2_pred_17.pdb	0	4700	0.721954	A=A,B=B,C=C,D=D
8BWL-assembly1.cif	afm_dropout_noSM_woTemplates_model_2_multimer_v3_pred_46.pdb	0	4397	0.721947	A=C,B=D,C=A,D=B
8BWL-assembly1.cif	afm_dropout_noSM_woTemplates_model_5_multimer_v2_pred_55.pdb	0	4943	0.721944	A=C,B=D,C=A,D=B
8BWL-assembly1.cif	afm_woTemplates_model_2_multimer_v2_pred_55.pdb	0	5345	0.721939	A=A,B=B,C=C,D=D
8BWL-assembly1.cif	afm_dropout_full_woTemplates_model_1_multimer_v3_pred_32.pdb	0	2171	0.721921	A=C,B=B,C=A,D=D
8BWL-assembly1.cif	afm_basic_model_1_multimer_v1_pred_22.pdb	0	16	0.721918	A=C,B=B,C=A,D=D
8BWL-assembly1.cif	afm_dropout_full_woTemplates_model_3_multimer_v3_pred_33.pdb	0	2574	0.721915	A=C,B=D,C=A,D=B
8BWL-assembly1.cif	afm_basic_model_3_multimer_v3_pred_62.pdb	0	596	0.721905	A=C,B=B,C=A,D=D
8BWL-assembly1.cif	cf_woTemplates_model_2_multimer_v2_pred_60.pdb	0	7361	0.721897	A=C,B=D,C=A,D=B
8BWL-assembly1.cif	afm_dropout_full_woTemplates_model_3_multimer_v2_pred_58.pdb	0	2534	0.721897	A=C,B=B,C=A,D=D
8BWL-assembly1.cif	afm_woTemplates_model_3_multimer_v3_pred_51.pdb	0	5609	0.721885	A=A,B=B,C=C,D=D
8BWL-assembly1.cif	afm_dropout_full_woTemplates_model_3_multimer_v3_pred_36.pdb	0	2577	0.721883	A=C,B=D,C=A,D=B
8BWL-assembly1.cif	afm_basic_model_2_multimer_v2_pred_23.pdb	0	285	0.721873	A=C,B=D,C=A,D=B
8BWL-assembly1.cif	afm_woTemplates_model_2_multimer_v2_pred_50.pdb	0	5340	0.721858	A=C,B=B,C=A,D=D
8BWL-assembly1.cif	cf_woTemplates_model_3_multimer_v3_pred_42.pdb	0	7609	0.721853	A=A,B=D,C=C,D=B
8BWL-assembly1.cif	afm_dropout_full_woTemplates_model_5_multimer_v2_pred_66.pdb	0	2945	0.721849	A=C,B=B,C=A,D=D
8BWL-assembly1.cif	afm_dropout_full_model_4_multimer_v2_pred_8.pdb	0	1741	0.721845	A=A,B=B,C=C,D=D
8BWL-assembly1.cif	afm_dropout_noSM_woTemplates_model_1_multimer_v3_pred_22.pdb	0	4170	0.721844	A=C,B=D,C=A,D=B
8BWL-assembly1.cif	cf_dropout_full_woTemplates_model_5_multimer_v3_pred_55.pdb	0	7020	0.721838	A=A,B=D,C=C,D=B
8BWL-assembly1.cif	afm_dropout_full_woTemplates_model_3_multimer_v1_pred_62.pdb	0	2472	0.721838	A=A,B=D,C=C,D=B
8BWL-assembly1.cif	afm_dropout_full_model_2_multimer_v1_pred_29.pdb	0	1229	0.721837	A=C,B=B,C=A,D=D
8BWL-assembly1.cif	afm_dropout_full_woTemplates_r3_model_3_multimer_v3_pred_26.pdb	0	3571	0.721833	A=C,B=B,C=A,D=D
8BWL-assembly1.cif	afm_dropout_full_model_4_multimer_v3_pred_26.pdb	0	1762	0.721829	A=A,B=D,C=C,D=B
8BWL-assembly1.cif	afm_dropout_full_model_1_multimer_v1_pred_22.pdb	0	1021	0.721827	A=A,B=D,C=C,D=B
8BWL-assembly1.cif	cf_dropout_full_woTemplates_model_5_multimer_v1_pred_48.pdb	0	6878	0.721825	A=A,B=D,C=C,D=B
8BWL-assembly1.cif	afm_dropout_full_model_2_multimer_v2_pred_22.pdb	0	1289	0.721823	A=C,B=D,C=A,D=B
8BWL-assembly1.cif	cf_woTemplates_model_2_multimer_v1_pred_2.pdb	0	7249	0.721822	A=A,B=D,C=C,D=B
8BWL-assembly1.cif	afm_dropout_full_model_3_multimer_v3_pred_66.pdb	0	1605	0.721815	A=C,B=B,C=A,D=D
8BWL-assembly1.cif	afm_dropout_full_model_1_multimer_v1_pred_66.pdb	0	1069	0.721815	A=C,B=B,C=A,D=D
8BWL-assembly1.cif	afm_dropout_noSM_woTemplates_model_3_multimer_v3_pred_63.pdb	0	4617	0.72181	A=C,B=B,C=A,D=D
8BWL-assembly1.cif	cf_dropout_full_woTemplates_model_2_multimer_v2_pred_44.pdb	0	6338	0.721808	A=A,B=D,C=C,D=B
8BWL-assembly1.cif	cf_dropout_full_woTemplates_model_4_multimer_v3_pred_21.pdb	0	6782	0.721807	A=C,B=B,C=A,D=D
8BWL-assembly1.cif	afm_dropout_full_model_4_multimer_v3_pred_3.pdb	0	1766	0.7218	A=C,B=D,C=A,D=B
8BWL-assembly1.cif	afm_dropout_full_model_1_multimer_v1_pred_63.pdb	0	1066	0.721789	A=A,B=D,C=C,D=B
8BWL-assembly1.cif	afm_dropout_full_model_3_multimer_v3_pred_52.pdb	0	1590	0.721787	A=A,B=D,C=C,D=B
8BWL-assembly1.cif	afm_dropout_full_woTemplates_model_2_multimer_v1_pred_62.pdb	0	2271	0.721781	A=A,B=D,C=C,D=B
8BWL-assembly1.cif	cf_woTemplates_model_3_multimer_v1_pred_20.pdb	0	7451	0.721779	A=A,B=D,C=C,D=B
8BWL-assembly1.cif	cf_dropout_full_woTemplates_model_5_multimer_v1_pred_29.pdb	0	6857	0.721775	A=A,B=D,C=C,D=B
8BWL-assembly1.cif	afm_woTemplates_model_2_multimer_v1_pred_49.pdb	0	5271	0.721774	A=C,B=B,C=A,D=D
8BWL-assembly1.cif	afm_dropout_noSM_woTemplates_model_5_multimer_v3_pred_8.pdb	0	5024	0.721773	A=C,B=D,C=A,D=B
8BWL-assembly1.cif	afm_basic_model_2_multimer_v2_pred_22.pdb	0	284	0.721771	A=C,B=B,C=A,D=D
8BWL-assembly1.cif	afm_dropout_noSM_woTemplates_model_3_multimer_v3_pred_59.pdb	0	4612	0.72177	A=A,B=B,C=C,D=D
8BWL-assembly1.cif	afm_dropout_noSM_woTemplates_model_2_multimer_v2_pred_11.pdb	0	4292	0.721765	A=A,B=B,C=C,D=D
8BWL-assembly1.cif	cf_dropout_full_woTemplates_model_4_multimer_v1_pred_58.pdb	0	6688	0.721756	A=C,B=D,C=A,D=B
8BWL-assembly1.cif	cf_dropout_full_woTemplates_model_2_multimer_v2_pred_37.pdb	0	6330	0.721752	A=A,B=D,C=C,D=B
8BWL-assembly1.cif	afm_dropout_full_model_5_multimer_v2_pred_25.pdb	0	1895	0.721751	A=C,B=D,C=A,D=B
8BWL-assembly1.cif	afm_dropout_noSM_woTemplates_model_3_multimer_v1_pred_0.pdb	0	4423	0.721733	A=A,B=B,C=C,D=D
8BWL-assembly1.cif	afm_basic_model_5_multimer_v1_pred_45.pdb	0	845	0.721731	A=C,B=B,C=A,D=D
8BWL-assembly1.cif	afm_basic_model_3_multimer_v1_pred_16.pdb	0	411	0.72173	A=A,B=D,C=C,D=B
8BWL-assembly1.cif	afm_basic_model_5_multimer_v2_pred_42.pdb	0	909	0.72172	A=A,B=B,C=C,D=D
8BWL-assembly1.cif	afm_dropout_noSM_woTemplates_model_2_multimer_v2_pred_38.pdb	0	4321	0.721719	A=A,B=D,C=C,D=B
8BWL-assembly1.cif	afm_dropout_full_model_1_multimer_v2_pred_50.pdb	0	1119	0.721709	A=C,B=D,C=A,D=B
8BWL-assembly1.cif	afm_dropout_full_woTemplates_r3_model_2_multimer_v2_pred_0.pdb	0	3284	0.721708	A=C,B=B,C=A,D=D
8BWL-assembly1.cif	cf_woTemplates_model_3_multimer_v3_pred_37.pdb	0	7603	0.721701	A=A,B=D,C=C,D=B
8BWL-assembly1.cif	afm_woTemplates_model_3_multimer_v2_pred_22.pdb	0	5510	0.721686	A=C,B=D,C=A,D=B
8BWL-assembly1.cif	afm_dropout_full_model_1_multimer_v3_pred_12.pdb	0	1144	0.721685	A=C,B=B,C=A,D=D
8BWL-assembly1.cif	afm_dropout_full_model_3_multimer_v1_pred_49.pdb	0	1452	0.721684	A=C,B=B,C=A,D=D
8BWL-assembly1.cif	afm_woTemplates_model_1_multimer_v3_pred_45.pdb	0	5200	0.721683	A=C,B=D,C=A,D=B
8BWL-assembly1.cif	afm_dropout_full_model_5_multimer_v1_pred_38.pdb	0	1842	0.721683	A=A,B=D,C=C,D=B
8BWL-assembly1.cif	cf_dropout_full_woTemplates_model_2_multimer_v3_pred_17.pdb	0	6375	0.721679	A=A,B=B,C=C,D=D
8BWL-assembly1.cif	afm_dropout_full_woTemplates_model_2_multimer_v1_pred_24.pdb	0	2229	0.721668	A=C,B=B,C=A,D=D
8BWL-assembly1.cif	afm_basic_model_3_multimer_v1_pred_32.pdb	0	429	0.721663	A=C,B=B,C=A,D=D
8BWL-assembly1.cif	afm_basic_model_1_multimer_v1_pred_40.pdb	0	36	0.721662	A=A,B=D,C=C,D=B
8BWL-assembly1.cif	afm_woTemplates_model_5_multimer_v3_pred_39.pdb	0	5997	0.721639	A=C,B=D,C=A,D=B
8BWL-assembly1.cif	cf_dropout_full_woTemplates_model_1_multimer_v1_pred_17.pdb	0	6040	0.721636	A=C,B=B,C=A,D=D
8BWL-assembly1.cif	afm_dropout_noSM_woTemplates_model_2_multimer_v1_pred_50.pdb	0	4268	0.721632	A=C,B=B,C=A,D=D
8BWL-assembly1.cif	afm_dropout_noSM_woTemplates_model_3_multimer_v3_pred_28.pdb	0	4578	0.721631	A=C,B=D,C=A,D=B
8BWL-assembly1.cif	afm_dropout_full_model_2_multimer_v3_pred_51.pdb	0	1388	0.72163	A=C,B=B,C=A,D=D
8BWL-assembly1.cif	afm_dropout_full_model_5_multimer_v3_pred_61.pdb	0	2002	0.721626	A=C,B=D,C=A,D=B
8BWL-assembly1.cif	afm_dropout_full_model_4_multimer_v2_pred_39.pdb	0	1709	0.721621	A=A,B=B,C=C,D=D
8BWL-assembly1.cif	afm_dropout_full_model_3_multimer_v3_pred_65.pdb	0	1604	0.721615	A=C,B=D,C=A,D=B
8BWL-assembly1.cif	afm_basic_model_5_multimer_v1_pred_8.pdb	0	870	0.721611	A=C,B=B,C=A,D=D
8BWL-assembly1.cif	afm_dropout_noSM_woTemplates_model_5_multimer_v2_pred_58.pdb	0	4946	0.721611	A=A,B=B,C=C,D=D
8BWL-assembly1.cif	cf_dropout_full_woTemplates_model_4_multimer_v1_pred_31.pdb	0	6659	0.721607	A=A,B=D,C=C,D=B
8BWL-assembly1.cif	afm_dropout_full_model_5_multimer_v1_pred_61.pdb	0	1868	0.721604	A=A,B=D,C=C,D=B
8BWL-assembly1.cif	cf_woTemplates_model_4_multimer_v3_pred_3.pdb	0	7796	0.721601	A=C,B=D,C=A,D=B
8BWL-assembly1.cif	cf_woTemplates_model_4_multimer_v3_pred_31.pdb	0	7798	0.721594	A=C,B=D,C=A,D=B
8BWL-assembly1.cif	afm_dropout_full_model_5_multimer_v1_pred_44.pdb	0	1849	0.721594	A=A,B=D,C=C,D=B
8BWL-assembly1.cif	afm_basic_model_1_multimer_v1_pred_59.pdb	0	56	0.721593	A=C,B=B,C=A,D=D
8BWL-assembly1.cif	afm_dropout_full_model_4_multimer_v2_pred_44.pdb	0	1715	0.721587	A=A,B=B,C=C,D=D
8BWL-assembly1.cif	afm_basic_model_5_multimer_v1_pred_63.pdb	0	865	0.721586	A=C,B=B,C=A,D=D
8BWL-assembly1.cif	afm_dropout_full_woTemplates_model_1_multimer_v3_pred_40.pdb	0	2180	0.721577	A=A,B=D,C=C,D=B
8BWL-assembly1.cif	afm_dropout_full_model_3_multimer_v2_pred_65.pdb	0	1537	0.721574	A=C,B=D,C=A,D=B
8BWL-assembly1.cif	afm_basic_model_1_multimer_v1_pred_28.pdb	0	22	0.721574	A=C,B=B,C=A,D=D
8BWL-assembly1.cif	afm_basic_model_1_multimer_v1_pred_10.pdb	0	3	0.721562	A=C,B=B,C=A,D=D
8BWL-assembly1.cif	afm_dropout_full_woTemplates_r3_model_1_multimer_v3_pred_41.pdb	0	3186	0.721559	A=C,B=B,C=A,D=D
8BWL-assembly1.cif	afm_dropout_full_model_3_multimer_v3_pred_25.pdb	0	1560	0.721545	A=A,B=B,C=C,D=D
8BWL-assembly1.cif	afm_woTemplates_model_2_multimer_v2_pred_16.pdb	0	5302	0.721538	A=C,B=D,C=A,D=B
8BWL-assembly1.cif	afm_dropout_full_woTemplates_r3_model_5_multimer_v3_pred_14.pdb	0	3960	0.721535	A=C,B=D,C=A,D=B
8BWL-assembly1.cif	afm_woTemplates_model_5_multimer_v2_pred_1.pdb	0	5898	0.721508	A=C,B=D,C=A,D=B
8BWL-assembly1.cif	afm_dropout_full_woTemplates_model_3_multimer_v3_pred_17.pdb	0	2556	0.721502	A=A,B=D,C=C,D=B
8BWL-assembly1.cif	afm_basic_model_3_multimer_v3_pred_14.pdb	0	543	0.721488	A=C,B=D,C=A,D=B
8BWL-assembly1.cif	afm_basic_model_3_multimer_v1_pred_7.pdb	0	467	0.721478	A=A,B=B,C=C,D=D
8BWL-assembly1.cif	afm_dropout_noSM_woTemplates_model_3_multimer_v2_pred_37.pdb	0	4521	0.721478	A=A,B=B,C=C,D=D
8BWL-assembly1.cif	cf_woTemplates_model_3_multimer_v2_pred_62.pdb	0	7564	0.721467	A=C,B=D,C=A,D=B
8BWL-assembly1.cif	afm_dropout_full_model_1_multimer_v1_pred_41.pdb	0	1042	0.721465	A=A,B=D,C=C,D=B
8BWL-assembly1.cif	cf_dropout_full_woTemplates_model_3_multimer_v3_pred_29.pdb	0	6589	0.721447	A=A,B=B,C=C,D=D
8BWL-assembly1.cif	afm_dropout_full_model_3_multimer_v1_pred_55.pdb	0	1459	0.721442	A=C,B=B,C=A,D=D
8BWL-assembly1.cif	cf_dropout_full_woTemplates_model_3_multimer_v3_pred_66.pdb	0	6630	0.72144	A=A,B=D,C=C,D=B
8BWL-assembly1.cif	afm_dropout_full_woTemplates_r3_model_2_multimer_v3_pred_23.pdb	0	3367	0.721437	A=C,B=B,C=A,D=D
8BWL-assembly1.cif	afm_basic_model_5_multimer_v2_pred_34.pdb	0	900	0.721429	A=C,B=B,C=A,D=D
8BWL-assembly1.cif	afm_basic_model_2_multimer_v2_pred_57.pdb	0	322	0.721427	A=C,B=B,C=A,D=D
8BWL-assembly1.cif	afm_basic_model_1_multimer_v2_pred_48.pdb	0	111	0.721422	A=C,B=B,C=A,D=D
8BWL-assembly1.cif	cf_dropout_full_woTemplates_model_2_multimer_v2_pred_2.pdb	0	6311	0.72142	A=A,B=B,C=C,D=D
8BWL-assembly1.cif	afm_woTemplates_model_2_multimer_v1_pred_58.pdb	0	5281	0.721409	A=C,B=B,C=A,D=D
8BWL-assembly1.cif	afm_dropout_full_model_1_multimer_v1_pred_8.pdb	0	1071	0.721408	A=A,B=D,C=C,D=B
8BWL-assembly1.cif	afm_woTemplates_model_5_multimer_v2_pred_12.pdb	0	5901	0.721407	A=A,B=B,C=C,D=D
8BWL-assembly1.cif	cf_woTemplates_model_1_multimer_v3_pred_23.pdb	0	7186	0.721406	A=C,B=D,C=A,D=B
8BWL-assembly1.cif	afm_dropout_full_model_3_multimer_v1_pred_66.pdb	0	1471	0.721405	A=A,B=B,C=C,D=D
8BWL-assembly1.cif	cf_dropout_full_woTemplates_model_1_multimer_v3_pred_35.pdb	0	6194	0.721405	A=C,B=D,C=A,D=B
8BWL-assembly1.cif	afm_dropout_full_woTemplates_r3_model_5_multimer_v3_pred_25.pdb	0	3972	0.721392	A=C,B=D,C=A,D=B
8BWL-assembly1.cif	afm_dropout_full_model_3_multimer_v3_pred_16.pdb	0	1550	0.721389	A=A,B=B,C=C,D=D
8BWL-assembly1.cif	afm_dropout_noSM_woTemplates_model_2_multimer_v3_pred_10.pdb	0	4358	0.721387	A=C,B=B,C=A,D=D
8BWL-assembly1.cif	afm_basic_model_1_multimer_v1_pred_18.pdb	0	11	0.721375	A=C,B=B,C=A,D=D
8BWL-assembly1.cif	cf_woTemplates_model_4_multimer_v3_pred_0.pdb	0	7773	0.721374	A=A,B=B,C=C,D=D
8BWL-assembly1.cif	afm_basic_model_1_multimer_v1_pred_13.pdb	0	6	0.721373	A=C,B=B,C=A,D=D
8BWL-assembly1.cif	afm_dropout_noSM_woTemplates_model_5_multimer_v2_pred_9.pdb	0	4958	0.721363	A=C,B=D,C=A,D=B
8BWL-assembly1.cif	cf_woTemplates_model_2_multimer_v2_pred_34.pdb	0	7332	0.721363	A=C,B=B,C=A,D=D
8BWL-assembly1.cif	afm_basic_model_3_multimer_v3_pred_24.pdb	0	554	0.72136	A=A,B=B,C=C,D=D
8BWL-assembly1.cif	cf_dropout_full_woTemplates_model_4_multimer_v1_pred_51.pdb	0	6681	0.721356	A=C,B=B,C=A,D=D
8BWL-assembly1.cif	afm_basic_model_2_multimer_v2_pred_63.pdb	0	329	0.72135	A=A,B=B,C=C,D=D
8BWL-assembly1.cif	afm_dropout_noSM_woTemplates_model_2_multimer_v1_pred_35.pdb	0	4251	0.721349	A=C,B=B,C=A,D=D
8BWL-assembly1.cif	cf_woTemplates_model_4_multimer_v3_pred_47.pdb	0	7815	0.721346	A=C,B=B,C=A,D=D
8BWL-assembly1.cif	cf_dropout_full_woTemplates_model_4_multimer_v1_pred_65.pdb	0	6696	0.721345	A=C,B=B,C=A,D=D
8BWL-assembly1.cif	cf_woTemplates_model_3_multimer_v3_pred_61.pdb	0	7630	0.721338	A=C,B=D,C=A,D=B
8BWL-assembly1.cif	afm_dropout_noSM_woTemplates_model_4_multimer_v2_pred_32.pdb	0	4717	0.721337	A=A,B=B,C=C,D=D
8BWL-assembly1.cif	afm_dropout_full_woTemplates_r3_model_5_multimer_v3_pred_60.pdb	0	4011	0.721335	A=C,B=B,C=A,D=D
8BWL-assembly1.cif	cf_dropout_full_woTemplates_model_5_multimer_v3_pred_28.pdb	0	6990	0.721335	A=C,B=D,C=A,D=B
8BWL-assembly1.cif	afm_dropout_noSM_woTemplates_model_5_multimer_v2_pred_43.pdb	0	4930	0.721334	A=C,B=B,C=A,D=D
8BWL-assembly1.cif	afm_dropout_noSM_woTemplates_model_3_multimer_v2_pred_59.pdb	0	4545	0.72133	A=C,B=D,C=A,D=B
8BWL-assembly1.cif	afm_woTemplates_model_1_multimer_v3_pred_53.pdb	0	5209	0.721328	A=C,B=D,C=A,D=B
8BWL-assembly1.cif	afm_basic_model_3_multimer_v1_pred_49.pdb	0	447	0.721319	A=A,B=D,C=C,D=B
8BWL-assembly1.cif	afm_dropout_full_woTemplates_r3_model_2_multimer_v2_pred_29.pdb	0	3306	0.721318	A=C,B=D,C=A,D=B
8BWL-assembly1.cif	cf_dropout_full_woTemplates_model_2_multimer_v2_pred_24.pdb	0	6316	0.721316	A=C,B=D,C=A,D=B
8BWL-assembly1.cif	afm_basic_model_5_multimer_v2_pred_33.pdb	0	899	0.721308	A=C,B=D,C=A,D=B
8BWL-assembly1.cif	afm_dropout_full_woTemplates_model_5_multimer_v2_pred_30.pdb	0	2906	0.721297	A=A,B=D,C=C,D=B
8BWL-assembly1.cif	afm_dropout_noSM_woTemplates_model_2_multimer_v2_pred_61.pdb	0	4347	0.72129	A=A,B=B,C=C,D=D
8BWL-assembly1.cif	afm_dropout_full_woTemplates_model_2_multimer_v2_pred_10.pdb	0	2281	0.721286	A=A,B=D,C=C,D=B
8BWL-assembly1.cif	afm_basic_model_3_multimer_v3_pred_34.pdb	0	565	0.721284	A=C,B=D,C=A,D=B
8BWL-assembly1.cif	cf_dropout_full_woTemplates_model_2_multimer_v2_pred_45.pdb	0	6339	0.721282	A=A,B=B,C=C,D=D
8BWL-assembly1.cif	afm_dropout_full_woTemplates_r3_model_2_multimer_v3_pred_47.pdb	0	3393	0.721281	A=A,B=D,C=C,D=B
8BWL-assembly1.cif	afm_dropout_full_model_4_multimer_v1_pred_12.pdb	0	1613	0.721276	A=A,B=B,C=C,D=D
8BWL-assembly1.cif	afm_dropout_full_woTemplates_model_1_multimer_v3_pred_5.pdb	0	2190	0.721275	A=C,B=B,C=A,D=D
8BWL-assembly1.cif	afm_dropout_full_woTemplates_model_4_multimer_v3_pred_39.pdb	0	2781	0.721267	A=C,B=D,C=A,D=B
8BWL-assembly1.cif	afm_dropout_noSM_woTemplates_model_3_multimer_v3_pred_56.pdb	0	4609	0.721265	A=A,B=D,C=C,D=B
8BWL-assembly1.cif	afm_dropout_full_woTemplates_r3_model_1_multimer_v3_pred_62.pdb	0	3209	0.721262	A=A,B=D,C=C,D=B
8BWL-assembly1.cif	cf_dropout_full_woTemplates_model_3_multimer_v1_pred_40.pdb	0	6468	0.721255	A=A,B=D,C=C,D=B
8BWL-assembly1.cif	cf_dropout_full_woTemplates_model_4_multimer_v3_pred_42.pdb	0	6805	0.721254	A=A,B=D,C=C,D=B
8BWL-assembly1.cif	afm_dropout_full_woTemplates_model_5_multimer_v2_pred_43.pdb	0	2920	0.721254	A=C,B=B,C=A,D=D
8BWL-assembly1.cif	afm_dropout_full_model_3_multimer_v1_pred_64.pdb	0	1469	0.721251	A=A,B=D,C=C,D=B
8BWL-assembly1.cif	afm_dropout_full_woTemplates_model_2_multimer_v2_pred_20.pdb	0	2292	0.72125	A=C,B=B,C=A,D=D
8BWL-assembly1.cif	afm_dropout_full_woTemplates_r3_model_2_multimer_v3_pred_66.pdb	0	3414	0.721236	A=A,B=D,C=C,D=B
8BWL-assembly1.cif	afm_woTemplates_model_2_multimer_v2_pred_38.pdb	0	5326	0.721227	A=C,B=B,C=A,D=D
8BWL-assembly1.cif	cf_woTemplates_model_4_multimer_v1_pred_43.pdb	0	7677	0.721214	A=C,B=B,C=A,D=D
8BWL-assembly1.cif	afm_dropout_noSM_woTemplates_model_2_multimer_v1_pred_7.pdb	0	4286	0.721213	A=C,B=B,C=A,D=D
8BWL-assembly1.cif	afm_woTemplates_model_3_multimer_v2_pred_46.pdb	0	5536	0.721211	A=A,B=D,C=C,D=B
8BWL-assembly1.cif	cf_woTemplates_model_4_multimer_v3_pred_58.pdb	0	7827	0.721193	A=C,B=D,C=A,D=B
8BWL-assembly1.cif	afm_basic_model_5_multimer_v1_pred_28.pdb	0	826	0.721188	A=A,B=D,C=C,D=B
8BWL-assembly1.cif	afm_dropout_noSM_woTemplates_model_3_multimer_v1_pred_42.pdb	0	4460	0.721187	A=A,B=D,C=C,D=B
8BWL-assembly1.cif	afm_dropout_noSM_woTemplates_model_1_multimer_v3_pred_54.pdb	0	4205	0.721183	A=A,B=D,C=C,D=B
8BWL-assembly1.cif	afm_dropout_noSM_woTemplates_model_2_multimer_v3_pred_41.pdb	0	4392	0.721179	A=C,B=B,C=A,D=D
8BWL-assembly1.cif	afm_dropout_full_model_2_multimer_v1_pred_32.pdb	0	1233	0.721177	A=A,B=D,C=C,D=B
8BWL-assembly1.cif	afm_dropout_full_model_5_multimer_v2_pred_43.pdb	0	1915	0.72117	A=C,B=B,C=A,D=D
8BWL-assembly1.cif	afm_basic_model_5_multimer_v1_pred_57.pdb	0	858	0.72117	A=A,B=D,C=C,D=B
8BWL-assembly1.cif	afm_dropout_full_model_4_multimer_v2_pred_5.pdb	0	1721	0.721152	A=C,B=B,C=A,D=D
8BWL-assembly1.cif	cf_woTemplates_model_5_multimer_v1_pred_7.pdb	0	7904	0.721151	A=A,B=D,C=C,D=B
8BWL-assembly1.cif	afm_dropout_noSM_woTemplates_model_2_multimer_v3_pred_50.pdb	0	4402	0.721149	A=C,B=B,C=A,D=D
8BWL-assembly1.cif	cf_woTemplates_model_4_multimer_v3_pred_66.pdb	0	7836	0.721146	A=C,B=B,C=A,D=D
8BWL-assembly1.cif	afm_dropout_full_woTemplates_r3_model_3_multimer_v3_pred_7.pdb	0	3616	0.721144	A=A,B=B,C=C,D=D
8BWL-assembly1.cif	afm_dropout_full_model_1_multimer_v2_pred_47.pdb	0	1115	0.721143	A=A,B=D,C=C,D=B
8BWL-assembly1.cif	afm_dropout_noSM_woTemplates_model_1_multimer_v3_pred_6.pdb	0	4211	0.721143	A=A,B=B,C=C,D=D
8BWL-assembly1.cif	afm_basic_model_5_multimer_v1_pred_9.pdb	0	871	0.721139	A=C,B=B,C=A,D=D
8BWL-assembly1.cif	cf_woTemplates_model_2_multimer_v1_pred_19.pdb	0	7248	0.721138	A=A,B=B,C=C,D=D
8BWL-assembly1.cif	cf_woTemplates_model_2_multimer_v2_pred_9.pdb	0	7370	0.721131	A=C,B=D,C=A,D=B
8BWL-assembly1.cif	afm_dropout_noSM_woTemplates_model_2_multimer_v2_pred_14.pdb	0	4295	0.721129	A=A,B=D,C=C,D=B
8BWL-assembly1.cif	cf_dropout_full_woTemplates_model_3_multimer_v1_pred_58.pdb	0	6487	0.721124	A=A,B=B,C=C,D=D
8BWL-assembly1.cif	cf_dropout_full_woTemplates_model_2_multimer_v2_pred_51.pdb	0	6346	0.721119	A=C,B=B,C=A,D=D
8BWL-assembly1.cif	cf_woTemplates_model_5_multimer_v2_pred_10.pdb	0	7909	0.721115	A=A,B=B,C=C,D=D
8BWL-assembly1.cif	afm_dropout_full_model_4_multimer_v3_pred_61.pdb	0	1801	0.721114	A=A,B=B,C=C,D=D
8BWL-assembly1.cif	afm_woTemplates_model_1_multimer_v3_pred_7.pdb	0	5224	0.721105	A=C,B=D,C=A,D=B
8BWL-assembly1.cif	afm_dropout_noSM_woTemplates_model_5_multimer_v3_pred_19.pdb	0	4970	0.721103	A=A,B=D,C=C,D=B
8BWL-assembly1.cif	afm_dropout_full_woTemplates_r3_model_1_multimer_v3_pred_5.pdb	0	3195	0.7211	A=A,B=B,C=C,D=D
8BWL-assembly1.cif	cf_dropout_full_woTemplates_model_4_multimer_v1_pred_23.pdb	0	6650	0.721096	A=A,B=D,C=C,D=B
8BWL-assembly1.cif	cf_dropout_full_woTemplates_model_3_multimer_v3_pred_7.pdb	0	6631	0.721081	A=C,B=B,C=A,D=D
8BWL-assembly1.cif	afm_dropout_full_model_1_multimer_v2_pred_7.pdb	0	1137	0.721062	A=A,B=D,C=C,D=B
8BWL-assembly1.cif	cf_woTemplates_model_4_multimer_v3_pred_29.pdb	0	7795	0.721055	A=A,B=D,C=C,D=B
8BWL-assembly1.cif	afm_dropout_full_model_2_multimer_v2_pred_28.pdb	0	1295	0.721055	A=C,B=D,C=A,D=B
8BWL-assembly1.cif	cf_woTemplates_model_2_multimer_v2_pred_24.pdb	0	7321	0.721053	A=C,B=B,C=A,D=D
8BWL-assembly1.cif	afm_dropout_full_woTemplates_model_5_multimer_v2_pred_40.pdb	0	2917	0.721053	A=C,B=D,C=A,D=B
8BWL-assembly1.cif	afm_dropout_noSM_woTemplates_model_2_multimer_v2_pred_47.pdb	0	4331	0.721051	A=C,B=D,C=A,D=B
8BWL-assembly1.cif	cf_dropout_full_woTemplates_model_5_multimer_v1_pred_22.pdb	0	6850	0.721046	A=C,B=B,C=A,D=D
8BWL-assembly1.cif	afm_basic_model_1_multimer_v1_pred_26.pdb	0	20	0.721046	A=A,B=D,C=C,D=B
8BWL-assembly1.cif	afm_dropout_full_model_4_multimer_v2_pred_20.pdb	0	1689	0.721046	A=A,B=D,C=C,D=B
8BWL-assembly1.cif	afm_dropout_noSM_woTemplates_model_2_multimer_v2_pred_17.pdb	0	4298	0.721038	A=A,B=D,C=C,D=B
8BWL-assembly1.cif	afm_basic_model_5_multimer_v2_pred_66.pdb	0	935	0.72103	A=A,B=B,C=C,D=D
8BWL-assembly1.cif	afm_basic_model_3_multimer_v3_pred_18.pdb	0	547	0.721027	A=C,B=D,C=A,D=B
8BWL-assembly1.cif	afm_woTemplates_model_2_multimer_v2_pred_42.pdb	0	5331	0.721027	A=C,B=D,C=A,D=B
8BWL-assembly1.cif	afm_woTemplates_model_5_multimer_v2_pred_60.pdb	0	5954	0.721023	A=C,B=D,C=A,D=B
8BWL-assembly1.cif	afm_basic_model_5_multimer_v3_pred_43.pdb	0	977	0.721019	A=A,B=D,C=C,D=B
8BWL-assembly1.cif	cf_woTemplates_model_2_multimer_v2_pred_25.pdb	0	7322	0.721018	A=C,B=B,C=A,D=D
8BWL-assembly1.cif	afm_basic_model_3_multimer_v1_pred_19.pdb	0	414	0.721017	A=C,B=B,C=A,D=D
8BWL-assembly1.cif	afm_dropout_full_woTemplates_model_4_multimer_v3_pred_19.pdb	0	2759	0.721017	A=A,B=B,C=C,D=D
8BWL-assembly1.cif	afm_dropout_full_model_5_multimer_v1_pred_56.pdb	0	1862	0.721011	A=A,B=D,C=C,D=B
8BWL-assembly1.cif	afm_dropout_full_model_5_multimer_v2_pred_7.pdb	0	1941	0.721005	A=C,B=D,C=A,D=B
8BWL-assembly1.cif	cf_woTemplates_model_3_multimer_v3_pred_46.pdb	0	7613	0.721005	A=C,B=D,C=A,D=B
8BWL-assembly1.cif	afm_dropout_full_model_5_multimer_v2_pred_14.pdb	0	1883	0.721003	A=A,B=D,C=C,D=B
8BWL-assembly1.cif	afm_dropout_full_woTemplates_r3_model_4_multimer_v3_pred_57.pdb	0	3806	0.721	A=C,B=D,C=A,D=B
8BWL-assembly1.cif	afm_basic_model_2_multimer_v2_pred_35.pdb	0	298	0.720999	A=A,B=B,C=C,D=D
8BWL-assembly1.cif	afm_dropout_noSM_woTemplates_model_3_multimer_v3_pred_27.pdb	0	4577	0.720992	A=A,B=D,C=C,D=B
8BWL-assembly1.cif	afm_dropout_full_woTemplates_r3_model_5_multimer_v3_pred_27.pdb	0	3974	0.720989	A=C,B=B,C=A,D=D
8BWL-assembly1.cif	afm_dropout_full_woTemplates_model_2_multimer_v2_pred_43.pdb	0	2317	0.720983	A=A,B=D,C=C,D=B
8BWL-assembly1.cif	afm_basic_model_5_multimer_v1_pred_11.pdb	0	808	0.720973	A=A,B=D,C=C,D=B
8BWL-assembly1.cif	afm_basic_model_5_multimer_v1_pred_37.pdb	0	836	0.720973	A=C,B=B,C=A,D=D
8BWL-assembly1.cif	afm_dropout_full_model_3_multimer_v3_pred_17.pdb	0	1551	0.720973	A=C,B=B,C=A,D=D
8BWL-assembly1.cif	cf_dropout_full_woTemplates_model_2_multimer_v3_pred_11.pdb	0	6369	0.720963	A=C,B=B,C=A,D=D
8BWL-assembly1.cif	afm_dropout_full_model_5_multimer_v2_pred_8.pdb	0	1942	0.720959	A=A,B=B,C=C,D=D
8BWL-assembly1.cif	cf_woTemplates_model_2_multimer_v2_pred_27.pdb	0	7324	0.720941	A=A,B=B,C=C,D=D
8BWL-assembly1.cif	afm_basic_model_3_multimer_v1_pred_48.pdb	0	446	0.720939	A=C,B=B,C=A,D=D
8BWL-assembly1.cif	afm_woTemplates_model_2_multimer_v2_pred_62.pdb	0	5353	0.720938	A=C,B=B,C=A,D=D
8BWL-assembly1.cif	afm_woTemplates_model_2_multimer_v2_pred_35.pdb	0	5323	0.720931	A=C,B=D,C=A,D=B
8BWL-assembly1.cif	afm_dropout_full_model_1_multimer_v2_pred_12.pdb	0	1077	0.720927	A=C,B=D,C=A,D=B
8BWL-assembly1.cif	afm_woTemplates_model_3_multimer_v3_pred_0.pdb	0	5562	0.720926	A=C,B=D,C=A,D=B
8BWL-assembly1.cif	afm_dropout_full_model_2_multimer_v3_pred_0.pdb	0	1341	0.720925	A=C,B=D,C=A,D=B
8BWL-assembly1.cif	afm_basic_model_3_multimer_v1_pred_22.pdb	0	418	0.720923	A=C,B=B,C=A,D=D
8BWL-assembly1.cif	cf_woTemplates_model_4_multimer_v3_pred_24.pdb	0	7790	0.720923	A=A,B=D,C=C,D=B
8BWL-assembly1.cif	afm_dropout_full_woTemplates_model_1_multimer_v3_pred_66.pdb	0	2208	0.720917	A=A,B=D,C=C,D=B
8BWL-assembly1.cif	afm_woTemplates_model_1_multimer_v1_pred_53.pdb	0	5075	0.720912	A=C,B=B,C=A,D=D
8BWL-assembly1.cif	cf_dropout_full_woTemplates_model_3_multimer_v3_pred_46.pdb	0	6608	0.720895	A=A,B=D,C=C,D=B
8BWL-assembly1.cif	afm_basic_model_3_multimer_v1_pred_18.pdb	0	413	0.72089	A=A,B=B,C=C,D=D
8BWL-assembly1.cif	cf_dropout_full_woTemplates_model_3_multimer_v3_pred_42.pdb	0	6604	0.720886	A=A,B=B,C=C,D=D
8BWL-assembly1.cif	cf_dropout_full_woTemplates_model_5_multimer_v1_pred_64.pdb	0	6896	0.720881	A=A,B=D,C=C,D=B
8BWL-assembly1.cif	afm_dropout_full_woTemplates_r3_model_3_multimer_v3_pred_52.pdb	0	3600	0.720881	A=A,B=B,C=C,D=D
8BWL-assembly1.cif	afm_dropout_full_model_1_multimer_v2_pred_61.pdb	0	1131	0.720879	A=A,B=D,C=C,D=B
8BWL-assembly1.cif	afm_woTemplates_model_2_multimer_v1_pred_16.pdb	0	5235	0.720865	A=C,B=B,C=A,D=D
8BWL-assembly1.cif	afm_dropout_full_model_1_multimer_v2_pred_2.pdb	0	1085	0.720864	A=A,B=B,C=C,D=D
8BWL-assembly1.cif	afm_basic_model_2_multimer_v2_pred_43.pdb	0	307	0.720861	A=A,B=D,C=C,D=B
8BWL-assembly1.cif	afm_basic_model_4_multimer_v1_pred_66.pdb	0	667	0.72086	A=C,B=B,C=A,D=D
8BWL-assembly1.cif	afm_basic_model_1_multimer_v1_pred_41.pdb	0	37	0.720854	A=C,B=B,C=A,D=D
8BWL-assembly1.cif	cf_dropout_full_woTemplates_model_4_multimer_v3_pred_8.pdb	0	6833	0.720848	A=C,B=D,C=A,D=B
8BWL-assembly1.cif	afm_dropout_full_model_3_multimer_v3_pred_3.pdb	0	1565	0.720845	A=C,B=B,C=A,D=D
8BWL-assembly1.cif	afm_dropout_full_woTemplates_model_3_multimer_v3_pred_16.pdb	0	2555	0.720843	A=A,B=B,C=C,D=D
8BWL-assembly1.cif	cf_woTemplates_model_1_multimer_v1_pred_31.pdb	0	7061	0.720832	A=A,B=D,C=C,D=B
8BWL-assembly1.cif	cf_dropout_full_woTemplates_model_4_multimer_v3_pred_39.pdb	0	6801	0.720831	A=C,B=B,C=A,D=D
8BWL-assembly1.cif	afm_basic_model_3_multimer_v3_pred_13.pdb	0	542	0.720826	A=C,B=B,C=A,D=D
8BWL-assembly1.cif	afm_basic_model_4_multimer_v3_pred_5.pdb	0	783	0.720823	A=A,B=B,C=C,D=D
8BWL-assembly1.cif	afm_basic_model_4_multimer_v2_pred_49.pdb	0	715	0.72082	A=A,B=B,C=C,D=D
8BWL-assembly1.cif	afm_dropout_full_woTemplates_model_3_multimer_v3_pred_66.pdb	0	2610	0.720815	A=A,B=B,C=C,D=D
8BWL-assembly1.cif	cf_woTemplates_model_2_multimer_v1_pred_37.pdb	0	7268	0.720807	A=C,B=B,C=A,D=D
8BWL-assembly1.cif	afm_dropout_noSM_woTemplates_model_1_multimer_v3_pred_31.pdb	0	4180	0.720804	A=A,B=D,C=C,D=B
8BWL-assembly1.cif	cf_dropout_full_woTemplates_model_5_multimer_v3_pred_46.pdb	0	7010	0.720802	A=C,B=B,C=A,D=D
8BWL-assembly1.cif	afm_dropout_full_woTemplates_model_1_multimer_v3_pred_20.pdb	0	2158	0.720797	A=A,B=D,C=C,D=B
8BWL-assembly1.cif	afm_dropout_full_model_4_multimer_v2_pred_49.pdb	0	1720	0.720793	A=A,B=B,C=C,D=D
8BWL-assembly1.cif	afm_basic_model_4_multimer_v3_pred_55.pdb	0	789	0.720792	A=A,B=B,C=C,D=D
8BWL-assembly1.cif	afm_dropout_noSM_woTemplates_model_3_multimer_v2_pred_19.pdb	0	4501	0.720792	A=C,B=D,C=A,D=B
8BWL-assembly1.cif	afm_dropout_full_model_2_multimer_v1_pred_64.pdb	0	1268	0.720779	A=C,B=B,C=A,D=D
8BWL-assembly1.cif	afm_dropout_noSM_woTemplates_model_5_multimer_v2_pred_45.pdb	0	4932	0.720771	A=C,B=B,C=A,D=D
8BWL-assembly1.cif	cf_woTemplates_model_4_multimer_v1_pred_17.pdb	0	7648	0.720768	A=C,B=B,C=A,D=D
8BWL-assembly1.cif	afm_woTemplates_model_1_multimer_v3_pred_54.pdb	0	5210	0.720755	A=C,B=D,C=A,D=B
8BWL-assembly1.cif	cf_dropout_full_woTemplates_model_2_multimer_v2_pred_4.pdb	0	6333	0.72075	A=A,B=D,C=C,D=B
8BWL-assembly1.cif	afm_dropout_full_woTemplates_model_2_multimer_v1_pred_17.pdb	0	2221	0.720736	A=A,B=D,C=C,D=B
8BWL-assembly1.cif	afm_basic_model_5_multimer_v1_pred_14.pdb	0	811	0.720733	A=A,B=D,C=C,D=B
8BWL-assembly1.cif	afm_dropout_full_woTemplates_model_4_multimer_v1_pred_6.pdb	0	2670	0.720733	A=A,B=D,C=C,D=B
8BWL-assembly1.cif	cf_woTemplates_model_2_multimer_v2_pred_13.pdb	0	7309	0.720726	A=C,B=B,C=A,D=D
8BWL-assembly1.cif	cf_dropout_full_woTemplates_model_3_multimer_v3_pred_40.pdb	0	6602	0.720724	A=A,B=B,C=C,D=D
8BWL-assembly1.cif	afm_dropout_noSM_woTemplates_model_2_multimer_v1_pred_38.pdb	0	4254	0.720723	A=A,B=D,C=C,D=B
8BWL-assembly1.cif	afm_basic_model_1_multimer_v1_pred_19.pdb	0	12	0.72072	A=A,B=D,C=C,D=B
8BWL-assembly1.cif	afm_dropout_full_woTemplates_r3_model_2_multimer_v2_pred_41.pdb	0	3320	0.720715	A=A,B=D,C=C,D=B
8BWL-assembly1.cif	afm_woTemplates_model_2_multimer_v2_pred_4.pdb	0	5328	0.720701	A=C,B=B,C=A,D=D
8BWL-assembly1.cif	afm_dropout_noSM_woTemplates_model_5_multimer_v2_pred_46.pdb	0	4933	0.720701	A=A,B=D,C=C,D=B
8BWL-assembly1.cif	afm_dropout_full_woTemplates_model_3_multimer_v2_pred_64.pdb	0	2541	0.720695	A=C,B=D,C=A,D=B
8BWL-assembly1.cif	afm_dropout_full_woTemplates_r3_model_2_multimer_v3_pred_58.pdb	0	3405	0.720686	A=A,B=B,C=C,D=D
8BWL-assembly1.cif	afm_dropout_full_model_5_multimer_v3_pred_40.pdb	0	1979	0.720686	A=A,B=B,C=C,D=D
8BWL-assembly1.cif	cf_woTemplates_model_2_multimer_v3_pred_33.pdb	0	7398	0.720685	A=C,B=D,C=A,D=B
8BWL-assembly1.cif	cf_woTemplates_model_2_multimer_v3_pred_35.pdb	0	7400	0.720682	A=C,B=D,C=A,D=B
8BWL-assembly1.cif	cf_dropout_full_woTemplates_model_3_multimer_v3_pred_6.pdb	0	6623	0.720678	A=C,B=B,C=A,D=D
8BWL-assembly1.cif	afm_basic_model_3_multimer_v3_pred_27.pdb	0	557	0.720672	A=C,B=D,C=A,D=B
8BWL-assembly1.cif	cf_woTemplates_model_3_multimer_v3_pred_56.pdb	0	7624	0.720663	A=A,B=B,C=C,D=D
8BWL-assembly1.cif	afm_dropout_noSM_woTemplates_model_2_multimer_v2_pred_28.pdb	0	4310	0.720654	A=C,B=B,C=A,D=D
8BWL-assembly1.cif	afm_dropout_full_woTemplates_r3_model_4_multimer_v3_pred_46.pdb	0	3794	0.720647	A=A,B=B,C=C,D=D
8BWL-assembly1.cif	afm_dropout_full_model_5_multimer_v2_pred_18.pdb	0	1887	0.720636	A=A,B=D,C=C,D=B
8BWL-assembly1.cif	cf_woTemplates_model_4_multimer_v1_pred_54.pdb	0	7689	0.720636	A=C,B=B,C=A,D=D
8BWL-assembly1.cif	afm_basic_model_3_multimer_v1_pred_66.pdb	0	466	0.720628	A=A,B=D,C=C,D=B
8BWL-assembly1.cif	afm_basic_model_5_multimer_v1_pred_0.pdb	0	805	0.720625	A=C,B=B,C=A,D=D
8BWL-assembly1.cif	afm_woTemplates_model_1_multimer_v3_pred_33.pdb	0	5187	0.72062	A=C,B=B,C=A,D=D
8BWL-assembly1.cif	cf_dropout_full_woTemplates_model_3_multimer_v3_pred_15.pdb	0	6574	0.720601	A=C,B=D,C=A,D=B
8BWL-assembly1.cif	afm_basic_model_3_multimer_v1_pred_33.pdb	0	430	0.720596	A=A,B=D,C=C,D=B
8BWL-assembly1.cif	afm_woTemplates_model_5_multimer_v2_pred_61.pdb	0	5955	0.720596	A=C,B=D,C=A,D=B
8BWL-assembly1.cif	cf_woTemplates_model_2_multimer_v3_pred_19.pdb	0	7382	0.720591	A=C,B=D,C=A,D=B
8BWL-assembly1.cif	afm_dropout_full_model_5_multimer_v2_pred_5.pdb	0	1922	0.720583	A=C,B=D,C=A,D=B
8BWL-assembly1.cif	afm_basic_model_5_multimer_v2_pred_6.pdb	0	928	0.720576	A=A,B=D,C=C,D=B
8BWL-assembly1.cif	afm_dropout_noSM_woTemplates_model_1_multimer_v3_pred_37.pdb	0	4186	0.720568	A=C,B=D,C=A,D=B
8BWL-assembly1.cif	afm_dropout_noSM_woTemplates_model_2_multimer_v1_pred_21.pdb	0	4236	0.720568	A=C,B=D,C=A,D=B
8BWL-assembly1.cif	cf_woTemplates_model_3_multimer_v3_pred_11.pdb	0	7575	0.720566	A=A,B=D,C=C,D=B
8BWL-assembly1.cif	afm_dropout_full_model_5_multimer_v2_pred_62.pdb	0	1936	0.720559	A=C,B=D,C=A,D=B
8BWL-assembly1.cif	afm_dropout_full_woTemplates_r3_model_5_multimer_v3_pred_43.pdb	0	3992	0.720558	A=C,B=D,C=A,D=B
8BWL-assembly1.cif	cf_dropout_full_woTemplates_model_4_multimer_v3_pred_26.pdb	0	6787	0.720556	A=C,B=B,C=A,D=D
8BWL-assembly1.cif	cf_woTemplates_model_3_multimer_v1_pred_45.pdb	0	7478	0.720548	A=C,B=B,C=A,D=D
8BWL-assembly1.cif	cf_dropout_full_woTemplates_model_4_multimer_v3_pred_28.pdb	0	6789	0.720547	A=A,B=B,C=C,D=D
8BWL-assembly1.cif	afm_basic_model_5_multimer_v1_pred_15.pdb	0	812	0.720544	A=A,B=D,C=C,D=B
8BWL-assembly1.cif	afm_basic_model_5_multimer_v2_pred_57.pdb	0	925	0.720537	A=C,B=B,C=A,D=D
8BWL-assembly1.cif	afm_dropout_full_model_1_multimer_v2_pred_17.pdb	0	1082	0.72053	A=C,B=D,C=A,D=B
8BWL-assembly1.cif	cf_dropout_full_woTemplates_model_1_multimer_v3_pred_41.pdb	0	6201	0.720529	A=C,B=B,C=A,D=D
8BWL-assembly1.cif	afm_dropout_full_model_2_multimer_v2_pred_64.pdb	0	1335	0.720528	A=A,B=D,C=C,D=B
8BWL-assembly1.cif	afm_dropout_noSM_woTemplates_model_3_multimer_v3_pred_10.pdb	0	4559	0.720527	A=A,B=D,C=C,D=B
8BWL-assembly1.cif	afm_dropout_full_model_3_multimer_v3_pred_45.pdb	0	1582	0.720524	A=C,B=B,C=A,D=D
8BWL-assembly1.cif	afm_woTemplates_model_4_multimer_v1_pred_45.pdb	0	5669	0.720517	A=C,B=D,C=A,D=B
8BWL-assembly1.cif	afm_basic_model_1_multimer_v2_pred_32.pdb	0	94	0.720514	A=A,B=D,C=C,D=B
8BWL-assembly1.cif	afm_dropout_full_model_4_multimer_v2_pred_56.pdb	0	1728	0.720512	A=A,B=D,C=C,D=B
8BWL-assembly1.cif	afm_basic_model_2_multimer_v2_pred_18.pdb	0	279	0.720508	A=A,B=B,C=C,D=D
8BWL-assembly1.cif	cf_woTemplates_model_1_multimer_v1_pred_19.pdb	0	7047	0.720502	A=C,B=B,C=A,D=D
8BWL-assembly1.cif	cf_dropout_full_woTemplates_model_3_multimer_v3_pred_48.pdb	0	6610	0.720501	A=A,B=B,C=C,D=D
8BWL-assembly1.cif	afm_dropout_full_woTemplates_model_4_multimer_v3_pred_32.pdb	0	2774	0.720499	A=A,B=D,C=C,D=B
8BWL-assembly1.cif	afm_dropout_full_model_2_multimer_v2_pred_27.pdb	0	1294	0.720488	A=A,B=B,C=C,D=D
8BWL-assembly1.cif	afm_dropout_noSM_woTemplates_model_4_multimer_v3_pred_49.pdb	0	4802	0.72048	A=C,B=B,C=A,D=D
8BWL-assembly1.cif	afm_basic_model_5_multimer_v2_pred_47.pdb	0	914	0.720478	A=C,B=D,C=A,D=B
8BWL-assembly1.cif	afm_woTemplates_model_2_multimer_v1_pred_22.pdb	0	5242	0.720473	A=A,B=D,C=C,D=B
8BWL-assembly1.cif	afm_dropout_full_woTemplates_r3_model_5_multimer_v3_pred_63.pdb	0	4014	0.720473	A=A,B=D,C=C,D=B
8BWL-assembly1.cif	cf_woTemplates_model_4_multimer_v3_pred_7.pdb	0	7837	0.720469	A=C,B=B,C=A,D=D
8BWL-assembly1.cif	afm_woTemplates_model_2_multimer_v2_pred_27.pdb	0	5314	0.720465	A=C,B=B,C=A,D=D
8BWL-assembly1.cif	cf_woTemplates_model_2_multimer_v2_pred_52.pdb	0	7352	0.720462	A=C,B=B,C=A,D=D
8BWL-assembly1.cif	afm_basic_model_5_multimer_v1_pred_16.pdb	0	813	0.72045	A=C,B=B,C=A,D=D
8BWL-assembly1.cif	afm_dropout_full_model_3_multimer_v2_pred_5.pdb	0	1520	0.720449	A=C,B=D,C=A,D=B
8BWL-assembly1.cif	cf_woTemplates_model_2_multimer_v3_pred_32.pdb	0	7397	0.720449	A=A,B=B,C=C,D=D
8BWL-assembly1.cif	afm_dropout_full_model_2_multimer_v3_pred_52.pdb	0	1389	0.720448	A=C,B=B,C=A,D=D
8BWL-assembly1.cif	cf_dropout_full_woTemplates_model_4_multimer_v1_pred_15.pdb	0	6641	0.72044	A=C,B=B,C=A,D=D
8BWL-assembly1.cif	afm_dropout_full_model_1_multimer_v3_pred_21.pdb	0	1154	0.720435	A=A,B=D,C=C,D=B
8BWL-assembly1.cif	afm_dropout_full_woTemplates_model_3_multimer_v2_pred_16.pdb	0	2488	0.720431	A=C,B=D,C=A,D=B
8BWL-assembly1.cif	afm_dropout_full_model_1_multimer_v2_pred_48.pdb	0	1116	0.72043	A=A,B=B,C=C,D=D
8BWL-assembly1.cif	afm_dropout_full_woTemplates_model_4_multimer_v2_pred_36.pdb	0	2711	0.720428	A=C,B=B,C=A,D=D
8BWL-assembly1.cif	cf_dropout_full_woTemplates_model_1_multimer_v3_pred_50.pdb	0	6211	0.720419	A=A,B=B,C=C,D=D
8BWL-assembly1.cif	afm_dropout_noSM_woTemplates_model_2_multimer_v2_pred_54.pdb	0	4339	0.720416	A=A,B=D,C=C,D=B
8BWL-assembly1.cif	afm_dropout_full_model_1_multimer_v2_pred_60.pdb	0	1130	0.720412	A=C,B=B,C=A,D=D
8BWL-assembly1.cif	afm_dropout_full_woTemplates_model_4_multimer_v3_pred_11.pdb	0	2751	0.720399	A=C,B=D,C=A,D=B
8BWL-assembly1.cif	cf_dropout_full_woTemplates_model_1_multimer_v2_pred_13.pdb	0	6103	0.720395	A=C,B=D,C=A,D=B
8BWL-assembly1.cif	afm_dropout_full_woTemplates_model_5_multimer_v2_pred_22.pdb	0	2897	0.720378	A=A,B=D,C=C,D=B
8BWL-assembly1.cif	cf_dropout_full_woTemplates_model_1_multimer_v1_pred_48.pdb	0	6074	0.720373	A=A,B=D,C=C,D=B
8BWL-assembly1.cif	afm_basic_model_5_multimer_v1_pred_53.pdb	0	854	0.720372	A=A,B=D,C=C,D=B
8BWL-assembly1.cif	afm_dropout_noSM_woTemplates_model_2_multimer_v3_pred_17.pdb	0	4365	0.720369	A=C,B=B,C=A,D=D
8BWL-assembly1.cif	cf_dropout_full_woTemplates_model_2_multimer_v3_pred_9.pdb	0	6432	0.720358	A=C,B=D,C=A,D=B
8BWL-assembly1.cif	cf_woTemplates_model_4_multimer_v1_pred_12.pdb	0	7643	0.720353	A=C,B=B,C=A,D=D
8BWL-assembly1.cif	afm_dropout_noSM_woTemplates_model_2_multimer_v2_pred_26.pdb	0	4308	0.720352	A=A,B=D,C=C,D=B
8BWL-assembly1.cif	afm_woTemplates_model_2_multimer_v3_pred_48.pdb	0	5404	0.720348	A=A,B=B,C=C,D=D
8BWL-assembly1.cif	cf_woTemplates_model_1_multimer_v3_pred_40.pdb	0	7205	0.720348	A=A,B=B,C=C,D=D
8BWL-assembly1.cif	cf_woTemplates_model_2_multimer_v3_pred_10.pdb	0	7373	0.72032	A=C,B=D,C=A,D=B
8BWL-assembly1.cif	cf_dropout_full_woTemplates_model_5_multimer_v3_pred_27.pdb	0	6989	0.720307	A=A,B=D,C=C,D=B
8BWL-assembly1.cif	cf_dropout_full_woTemplates_model_5_multimer_v3_pred_60.pdb	0	7026	0.720299	A=C,B=B,C=A,D=D
8BWL-assembly1.cif	cf_dropout_full_woTemplates_model_2_multimer_v3_pred_49.pdb	0	6410	0.720297	A=C,B=D,C=A,D=B
8BWL-assembly1.cif	afm_dropout_noSM_woTemplates_model_2_multimer_v3_pred_51.pdb	0	4403	0.720294	A=C,B=D,C=A,D=B
8BWL-assembly1.cif	cf_woTemplates_model_2_multimer_v2_pred_47.pdb	0	7346	0.720294	A=C,B=D,C=A,D=B
8BWL-assembly1.cif	afm_dropout_full_model_3_multimer_v1_pred_8.pdb	0	1473	0.720291	A=A,B=D,C=C,D=B
8BWL-assembly1.cif	afm_dropout_full_woTemplates_model_2_multimer_v1_pred_61.pdb	0	2270	0.720279	A=C,B=D,C=A,D=B
8BWL-assembly1.cif	afm_dropout_noSM_woTemplates_model_2_multimer_v2_pred_57.pdb	0	4342	0.720277	A=A,B=D,C=C,D=B
8BWL-assembly1.cif	cf_woTemplates_model_2_multimer_v3_pred_26.pdb	0	7390	0.720267	A=A,B=B,C=C,D=D
8BWL-assembly1.cif	cf_woTemplates_model_1_multimer_v2_pred_54.pdb	0	7153	0.720267	A=A,B=D,C=C,D=B
8BWL-assembly1.cif	afm_woTemplates_model_3_multimer_v2_pred_64.pdb	0	5556	0.720259	A=A,B=B,C=C,D=D
8BWL-assembly1.cif	afm_basic_model_2_multimer_v2_pred_60.pdb	0	326	0.720256	A=A,B=D,C=C,D=B
8BWL-assembly1.cif	cf_dropout_full_woTemplates_model_3_multimer_v3_pred_27.pdb	0	6587	0.720248	A=C,B=D,C=A,D=B
8BWL-assembly1.cif	afm_dropout_noSM_woTemplates_model_2_multimer_v2_pred_66.pdb	0	4352	0.720243	A=C,B=B,C=A,D=D
8BWL-assembly1.cif	afm_dropout_noSM_woTemplates_model_5_multimer_v2_pred_6.pdb	0	4948	0.720242	A=A,B=D,C=C,D=B
8BWL-assembly1.cif	afm_basic_model_5_multimer_v1_pred_25.pdb	0	823	0.72024	A=A,B=D,C=C,D=B
8BWL-assembly1.cif	afm_dropout_noSM_woTemplates_model_5_multimer_v2_pred_35.pdb	0	4921	0.720225	A=C,B=B,C=A,D=D
8BWL-assembly1.cif	afm_dropout_full_woTemplates_model_2_multimer_v3_pred_11.pdb	0	2349	0.720224	A=C,B=B,C=A,D=D
8BWL-assembly1.cif	afm_dropout_full_woTemplates_model_3_multimer_v2_pred_60.pdb	0	2537	0.72022	A=A,B=B,C=C,D=D
8BWL-assembly1.cif	afm_dropout_full_woTemplates_r3_model_2_multimer_v3_pred_61.pdb	0	3409	0.72021	A=C,B=B,C=A,D=D
8BWL-assembly1.cif	afm_dropout_noSM_woTemplates_model_2_multimer_v2_pred_12.pdb	0	4293	0.720206	A=A,B=D,C=C,D=B
8BWL-assembly1.cif	afm_dropout_noSM_woTemplates_model_2_multimer_v3_pred_44.pdb	0	4395	0.720205	A=C,B=D,C=A,D=B
8BWL-assembly1.cif	afm_dropout_full_model_2_multimer_v2_pred_7.pdb	0	1338	0.720205	A=A,B=D,C=C,D=B
8BWL-assembly1.cif	cf_dropout_full_woTemplates_model_3_multimer_v3_pred_56.pdb	0	6619	0.720204	A=A,B=D,C=C,D=B
8BWL-assembly1.cif	afm_dropout_full_woTemplates_model_2_multimer_v3_pred_21.pdb	0	2360	0.720203	A=A,B=D,C=C,D=B
8BWL-assembly1.cif	afm_basic_model_3_multimer_v1_pred_39.pdb	0	436	0.720199	A=A,B=D,C=C,D=B
8BWL-assembly1.cif	afm_dropout_full_model_2_multimer_v2_pred_56.pdb	0	1326	0.720194	A=A,B=D,C=C,D=B
8BWL-assembly1.cif	afm_dropout_full_model_3_multimer_v3_pred_13.pdb	0	1547	0.720191	A=C,B=D,C=A,D=B
8BWL-assembly1.cif	afm_dropout_full_model_1_multimer_v1_pred_21.pdb	0	1020	0.720181	A=A,B=D,C=C,D=B
8BWL-assembly1.cif	cf_dropout_full_woTemplates_model_1_multimer_v2_pred_22.pdb	0	6113	0.720176	A=C,B=D,C=A,D=B
8BWL-assembly1.cif	afm_dropout_noSM_woTemplates_model_2_multimer_v3_pred_13.pdb	0	4361	0.720175	A=C,B=D,C=A,D=B
8BWL-assembly1.cif	afm_basic_model_2_multimer_v2_pred_54.pdb	0	319	0.720172	A=A,B=D,C=C,D=B
8BWL-assembly1.cif	afm_dropout_full_woTemplates_model_1_multimer_v3_pred_15.pdb	0	2152	0.720165	A=C,B=D,C=A,D=B
8BWL-assembly1.cif	afm_dropout_full_model_5_multimer_v1_pred_54.pdb	0	1860	0.72016	A=C,B=B,C=A,D=D
8BWL-assembly1.cif	cf_woTemplates_model_2_multimer_v1_pred_34.pdb	0	7265	0.72015	A=A,B=D,C=C,D=B
8BWL-assembly1.cif	afm_basic_model_2_multimer_v2_pred_37.pdb	0	300	0.72014	A=A,B=B,C=C,D=D
8BWL-assembly1.cif	afm_basic_model_5_multimer_v1_pred_49.pdb	0	849	0.72013	A=A,B=D,C=C,D=B
8BWL-assembly1.cif	afm_basic_model_5_multimer_v2_pred_29.pdb	0	894	0.72013	A=A,B=D,C=C,D=B
8BWL-assembly1.cif	afm_dropout_full_woTemplates_model_2_multimer_v1_pred_35.pdb	0	2241	0.720125	A=A,B=D,C=C,D=B
8BWL-assembly1.cif	afm_dropout_noSM_woTemplates_model_1_multimer_v3_pred_61.pdb	0	4213	0.720115	A=C,B=D,C=A,D=B
8BWL-assembly1.cif	afm_dropout_full_woTemplates_model_5_multimer_v2_pred_65.pdb	0	2944	0.720113	A=A,B=D,C=C,D=B
8BWL-assembly1.cif	afm_basic_model_3_multimer_v1_pred_45.pdb	0	443	0.720111	A=A,B=D,C=C,D=B
8BWL-assembly1.cif	afm_dropout_full_model_1_multimer_v2_pred_10.pdb	0	1075	0.720109	A=C,B=B,C=A,D=D
8BWL-assembly1.cif	cf_woTemplates_model_2_multimer_v2_pred_46.pdb	0	7345	0.720099	A=C,B=B,C=A,D=D
8BWL-assembly1.cif	afm_dropout_full_woTemplates_r3_model_1_multimer_v3_pred_44.pdb	0	3189	0.720091	A=C,B=B,C=A,D=D
8BWL-assembly1.cif	afm_dropout_full_woTemplates_model_2_multimer_v3_pred_48.pdb	0	2389	0.720078	A=A,B=B,C=C,D=D
8BWL-assembly1.cif	cf_dropout_full_woTemplates_model_3_multimer_v1_pred_44.pdb	0	6472	0.720073	A=C,B=B,C=A,D=D
8BWL-assembly1.cif	afm_dropout_full_woTemplates_model_4_multimer_v3_pred_40.pdb	0	2783	0.720066	A=C,B=B,C=A,D=D
8BWL-assembly1.cif	afm_dropout_noSM_woTemplates_model_5_multimer_v2_pred_7.pdb	0	4956	0.720057	A=C,B=D,C=A,D=B
8BWL-assembly1.cif	afm_dropout_noSM_woTemplates_model_2_multimer_v2_pred_60.pdb	0	4346	0.720053	A=C,B=B,C=A,D=D
8BWL-assembly1.cif	afm_dropout_noSM_woTemplates_model_3_multimer_v2_pred_35.pdb	0	4519	0.720045	A=A,B=D,C=C,D=B
8BWL-assembly1.cif	afm_dropout_full_woTemplates_r3_model_2_multimer_v3_pred_13.pdb	0	3356	0.720041	A=C,B=B,C=A,D=D
8BWL-assembly1.cif	afm_basic_model_3_multimer_v1_pred_55.pdb	0	454	0.720031	A=A,B=D,C=C,D=B
8BWL-assembly1.cif	cf_woTemplates_model_2_multimer_v2_pred_49.pdb	0	7348	0.720027	A=A,B=B,C=C,D=D
8BWL-assembly1.cif	afm_basic_model_5_multimer_v1_pred_56.pdb	0	857	0.720012	A=A,B=D,C=C,D=B
8BWL-assembly1.cif	afm_dropout_full_woTemplates_r3_model_2_multimer_v3_pred_31.pdb	0	3376	0.72001	A=A,B=D,C=C,D=B
8BWL-assembly1.cif	afm_dropout_noSM_woTemplates_model_3_multimer_v3_pred_23.pdb	0	4573	0.72001	A=A,B=D,C=C,D=B
8BWL-assembly1.cif	afm_basic_model_2_multimer_v1_pred_5.pdb	0	247	0.720009	A=C,B=B,C=A,D=D
8BWL-assembly1.cif	cf_dropout_full_woTemplates_model_2_multimer_v2_pred_63.pdb	0	6359	0.719992	A=A,B=D,C=C,D=B
8BWL-assembly1.cif	afm_dropout_full_model_4_multimer_v3_pred_62.pdb	0	1802	0.719961	A=A,B=B,C=C,D=D
8BWL-assembly1.cif	afm_dropout_full_woTemplates_model_1_multimer_v3_pred_25.pdb	0	2163	0.719957	A=A,B=D,C=C,D=B
8BWL-assembly1.cif	afm_basic_model_3_multimer_v3_pred_46.pdb	0	578	0.719946	A=A,B=D,C=C,D=B
8BWL-assembly1.cif	afm_dropout_full_model_5_multimer_v2_pred_33.pdb	0	1904	0.719944	A=A,B=B,C=C,D=D
8BWL-assembly1.cif	afm_dropout_full_woTemplates_r3_model_3_multimer_v3_pred_13.pdb	0	3557	0.719942	A=A,B=B,C=C,D=D
8BWL-assembly1.cif	afm_dropout_full_model_4_multimer_v2_pred_3.pdb	0	1699	0.719936	A=C,B=D,C=A,D=B
8BWL-assembly1.cif	cf_woTemplates_model_3_multimer_v3_pred_51.pdb	0	7619	0.719935	A=A,B=D,C=C,D=B
8BWL-assembly1.cif	cf_dropout_full_woTemplates_model_3_multimer_v3_pred_8.pdb	0	6632	0.719928	A=C,B=D,C=A,D=B
8BWL-assembly1.cif	afm_dropout_full_model_1_multimer_v1_pred_12.pdb	0	1010	0.719927	A=A,B=B,C=C,D=D
8BWL-assembly1.cif	afm_dropout_noSM_woTemplates_model_4_multimer_v3_pred_58.pdb	0	4812	0.719925	A=A,B=D,C=C,D=B
8BWL-assembly1.cif	afm_basic_model_2_multimer_v2_pred_59.pdb	0	324	0.719923	A=A,B=D,C=C,D=B
8BWL-assembly1.cif	afm_dropout_full_woTemplates_r3_model_3_multimer_v3_pred_47.pdb	0	3594	0.719912	A=A,B=D,C=C,D=B
8BWL-assembly1.cif	afm_dropout_full_woTemplates_r3_model_3_multimer_v3_pred_6.pdb	0	3608	0.719907	A=A,B=B,C=C,D=D
8BWL-assembly1.cif	cf_dropout_full_woTemplates_model_1_multimer_v3_pred_37.pdb	0	6196	0.719905	A=C,B=D,C=A,D=B
8BWL-assembly1.cif	afm_dropout_full_woTemplates_r3_model_5_multimer_v2_pred_17.pdb	0	3896	0.719903	A=C,B=D,C=A,D=B
8BWL-assembly1.cif	afm_basic_model_1_multimer_v1_pred_54.pdb	0	51	0.719891	A=C,B=B,C=A,D=D
8BWL-assembly1.cif	afm_woTemplates_model_3_multimer_v2_pred_42.pdb	0	5532	0.719889	A=A,B=B,C=C,D=D
8BWL-assembly1.cif	afm_dropout_full_model_2_multimer_v2_pred_49.pdb	0	1318	0.719877	A=C,B=D,C=A,D=B
8BWL-assembly1.cif	cf_dropout_full_woTemplates_model_2_multimer_v2_pred_50.pdb	0	6345	0.719874	A=C,B=D,C=A,D=B
8BWL-assembly1.cif	afm_dropout_full_model_2_multimer_v2_pred_18.pdb	0	1284	0.719871	A=A,B=D,C=C,D=B
8BWL-assembly1.cif	cf_dropout_full_woTemplates_model_1_multimer_v1_pred_19.pdb	0	6042	0.71987	A=C,B=B,C=A,D=D
8BWL-assembly1.cif	afm_basic_model_3_multimer_v3_pred_26.pdb	0	556	0.719865	A=C,B=D,C=A,D=B
8BWL-assembly1.cif	afm_dropout_full_model_3_multimer_v3_pred_64.pdb	0	1603	0.719846	A=C,B=B,C=A,D=D
8BWL-assembly1.cif	afm_dropout_full_woTemplates_r3_model_2_multimer_v3_pred_17.pdb	0	3360	0.719845	A=A,B=D,C=C,D=B
8BWL-assembly1.cif	afm_dropout_noSM_woTemplates_model_2_multimer_v2_pred_62.pdb	0	4348	0.71984	A=A,B=D,C=C,D=B
8BWL-assembly1.cif	afm_woTemplates_model_5_multimer_v2_pred_58.pdb	0	5951	0.719835	A=C,B=D,C=A,D=B
8BWL-assembly1.cif	afm_basic_model_5_multimer_v1_pred_5.pdb	0	850	0.719815	A=A,B=D,C=C,D=B
8BWL-assembly1.cif	afm_basic_model_2_multimer_v2_pred_6.pdb	0	325	0.719802	A=C,B=B,C=A,D=D
8BWL-assembly1.cif	afm_dropout_full_woTemplates_r3_model_4_multimer_v3_pred_4.pdb	0	3787	0.719794	A=C,B=D,C=A,D=B
8BWL-assembly1.cif	afm_dropout_noSM_woTemplates_model_2_multimer_v1_pred_8.pdb	0	4287	0.719793	A=C,B=B,C=A,D=D
8BWL-assembly1.cif	cf_dropout_full_woTemplates_model_4_multimer_v1_pred_17.pdb	0	6643	0.719791	A=A,B=D,C=C,D=B
8BWL-assembly1.cif	afm_dropout_full_woTemplates_model_1_multimer_v3_pred_39.pdb	0	2178	0.719777	A=C,B=B,C=A,D=D
8BWL-assembly1.cif	afm_basic_model_3_multimer_v3_pred_8.pdb	0	602	0.719766	A=C,B=D,C=A,D=B
8BWL-assembly1.cif	cf_woTemplates_model_2_multimer_v1_pred_7.pdb	0	7301	0.71976	A=C,B=B,C=A,D=D
8BWL-assembly1.cif	cf_dropout_full_woTemplates_model_2_multimer_v2_pred_28.pdb	0	6320	0.719751	A=A,B=D,C=C,D=B
8BWL-assembly1.cif	afm_dropout_full_woTemplates_r3_model_3_multimer_v2_pred_39.pdb	0	3518	0.719749	A=C,B=D,C=A,D=B
8BWL-assembly1.cif	afm_basic_model_2_multimer_v2_pred_28.pdb	0	290	0.719742	A=A,B=B,C=C,D=D
8BWL-assembly1.cif	cf_dropout_full_woTemplates_model_2_multimer_v3_pred_19.pdb	0	6377	0.719742	A=A,B=D,C=C,D=B
8BWL-assembly1.cif	afm_dropout_full_woTemplates_model_2_multimer_v2_pred_59.pdb	0	2334	0.719742	A=A,B=D,C=C,D=B
8BWL-assembly1.cif	cf_dropout_full_woTemplates_model_3_multimer_v1_pred_23.pdb	0	6449	0.719737	A=C,B=B,C=A,D=D
8BWL-assembly1.cif	afm_basic_model_5_multimer_v1_pred_10.pdb	0	807	0.719737	A=C,B=B,C=A,D=D
8BWL-assembly1.cif	cf_woTemplates_model_3_multimer_v3_pred_2.pdb	0	7584	0.719732	A=A,B=B,C=C,D=D
8BWL-assembly1.cif	afm_woTemplates_model_5_multimer_v2_pred_51.pdb	0	5944	0.719732	A=C,B=D,C=A,D=B
8BWL-assembly1.cif	afm_dropout_full_woTemplates_r3_model_2_multimer_v3_pred_37.pdb	0	3382	0.719731	A=C,B=D,C=A,D=B
8BWL-assembly1.cif	afm_dropout_full_woTemplates_model_2_multimer_v1_pred_59.pdb	0	2267	0.71972	A=A,B=B,C=C,D=D
8BWL-assembly1.cif	afm_woTemplates_model_2_multimer_v2_pred_44.pdb	0	5333	0.71971	A=C,B=D,C=A,D=B
8BWL-assembly1.cif	afm_dropout_noSM_woTemplates_model_2_multimer_v1_pred_12.pdb	0	4226	0.719708	A=A,B=D,C=C,D=B
8BWL-assembly1.cif	afm_dropout_full_woTemplates_model_2_multimer_v2_pred_44.pdb	0	2318	0.719703	A=C,B=B,C=A,D=D
8BWL-assembly1.cif	cf_woTemplates_model_3_multimer_v1_pred_52.pdb	0	7486	0.719695	A=C,B=B,C=A,D=D
8BWL-assembly1.cif	cf_woTemplates_model_3_multimer_v3_pred_44.pdb	0	7611	0.719689	A=C,B=D,C=A,D=B
8BWL-assembly1.cif	cf_dropout_full_woTemplates_model_1_multimer_v1_pred_62.pdb	0	6090	0.719687	A=A,B=D,C=C,D=B
8BWL-assembly1.cif	afm_dropout_noSM_woTemplates_model_3_multimer_v3_pred_21.pdb	0	4571	0.719687	A=A,B=D,C=C,D=B
8BWL-assembly1.cif	cf_dropout_full_woTemplates_model_3_multimer_v3_pred_26.pdb	0	6586	0.719687	A=C,B=D,C=A,D=B
8BWL-assembly1.cif	afm_basic_model_3_multimer_v1_pred_59.pdb	0	458	0.71968	A=A,B=D,C=C,D=B
8BWL-assembly1.cif	afm_basic_model_2_multimer_v2_pred_33.pdb	0	296	0.719676	A=C,B=D,C=A,D=B
8BWL-assembly1.cif	afm_dropout_full_woTemplates_r3_model_3_multimer_v3_pred_61.pdb	0	3610	0.719672	A=C,B=D,C=A,D=B
8BWL-assembly1.cif	afm_basic_model_3_multimer_v3_pred_29.pdb	0	559	0.719671	A=A,B=B,C=C,D=D
8BWL-assembly1.cif	afm_dropout_noSM_woTemplates_model_2_multimer_v3_pred_34.pdb	0	4384	0.719668	A=C,B=D,C=A,D=B
8BWL-assembly1.cif	afm_basic_model_5_multimer_v1_pred_64.pdb	0	866	0.719648	A=A,B=D,C=C,D=B
8BWL-assembly1.cif	afm_basic_model_3_multimer_v1_pred_10.pdb	0	405	0.719641	A=C,B=B,C=A,D=D
8BWL-assembly1.cif	afm_basic_model_5_multimer_v1_pred_21.pdb	0	819	0.719638	A=C,B=B,C=A,D=D
8BWL-assembly1.cif	afm_basic_model_3_multimer_v3_pred_48.pdb	0	580	0.719632	A=C,B=B,C=A,D=D
8BWL-assembly1.cif	afm_woTemplates_model_4_multimer_v1_pred_30.pdb	0	5653	0.719628	A=A,B=D,C=C,D=B
8BWL-assembly1.cif	afm_basic_model_1_multimer_v2_pred_39.pdb	0	101	0.719627	A=A,B=D,C=C,D=B
8BWL-assembly1.cif	cf_dropout_full_woTemplates_model_5_multimer_v3_pred_39.pdb	0	7002	0.719627	A=A,B=D,C=C,D=B
8BWL-assembly1.cif	cf_woTemplates_model_2_multimer_v2_pred_40.pdb	0	7339	0.719625	A=C,B=D,C=A,D=B
8BWL-assembly1.cif	afm_dropout_full_woTemplates_model_3_multimer_v2_pred_59.pdb	0	2535	0.719605	A=C,B=B,C=A,D=D
8BWL-assembly1.cif	afm_dropout_full_woTemplates_r3_model_5_multimer_v2_pred_64.pdb	0	3948	0.719602	A=A,B=B,C=C,D=D
8BWL-assembly1.cif	afm_dropout_full_woTemplates_model_1_multimer_v3_pred_27.pdb	0	2165	0.719599	A=A,B=B,C=C,D=D
8BWL-assembly1.cif	afm_dropout_noSM_woTemplates_model_2_multimer_v2_pred_58.pdb	0	4343	0.719598	A=C,B=D,C=A,D=B
8BWL-assembly1.cif	afm_dropout_full_model_2_multimer_v1_pred_23.pdb	0	1223	0.719593	A=A,B=D,C=C,D=B
8BWL-assembly1.cif	afm_woTemplates_model_2_multimer_v1_pred_11.pdb	0	5230	0.719585	A=A,B=D,C=C,D=B
8BWL-assembly1.cif	afm_dropout_full_woTemplates_r3_model_2_multimer_v3_pred_12.pdb	0	3355	0.719585	A=A,B=B,C=C,D=D
8BWL-assembly1.cif	afm_dropout_noSM_woTemplates_model_4_multimer_v3_pred_22.pdb	0	4773	0.71958	A=C,B=D,C=A,D=B
8BWL-assembly1.cif	afm_dropout_full_woTemplates_r3_model_5_multimer_v2_pred_50.pdb	0	3933	0.719573	A=C,B=D,C=A,D=B
8BWL-assembly1.cif	cf_dropout_full_woTemplates_model_1_multimer_v1_pred_21.pdb	0	6045	0.71956	A=C,B=B,C=A,D=D
8BWL-assembly1.cif	cf_woTemplates_model_2_multimer_v3_pred_65.pdb	0	7433	0.719556	A=A,B=D,C=C,D=B
8BWL-assembly1.cif	afm_dropout_noSM_woTemplates_model_2_multimer_v2_pred_36.pdb	0	4319	0.719555	A=A,B=D,C=C,D=B
8BWL-assembly1.cif	afm_dropout_full_woTemplates_r3_model_2_multimer_v3_pred_33.pdb	0	3378	0.719555	A=A,B=B,C=C,D=D
8BWL-assembly1.cif	afm_woTemplates_model_5_multimer_v2_pred_27.pdb	0	5917	0.71955	A=A,B=D,C=C,D=B
8BWL-assembly1.cif	afm_basic_model_3_multimer_v1_pred_46.pdb	0	444	0.719547	A=A,B=D,C=C,D=B
8BWL-assembly1.cif	afm_woTemplates_model_2_multimer_v1_pred_48.pdb	0	5270	0.719547	A=A,B=D,C=C,D=B
8BWL-assembly1.cif	afm_basic_model_4_multimer_v3_pred_35.pdb	0	767	0.719541	A=C,B=B,C=A,D=D
8BWL-assembly1.cif	afm_dropout_noSM_woTemplates_model_2_multimer_v3_pred_20.pdb	0	4369	0.719537	A=A,B=D,C=C,D=B
8BWL-assembly1.cif	afm_dropout_noSM_woTemplates_model_1_multimer_v1_pred_31.pdb	0	4046	0.719531	A=C,B=B,C=A,D=D
8BWL-assembly1.cif	afm_dropout_noSM_woTemplates_model_4_multimer_v1_pred_26.pdb	0	4643	0.719531	A=A,B=D,C=C,D=B
8BWL-assembly1.cif	afm_dropout_full_model_2_multimer_v2_pred_37.pdb	0	1305	0.719529	A=A,B=D,C=C,D=B
8BWL-assembly1.cif	afm_dropout_full_model_4_multimer_v3_pred_20.pdb	0	1756	0.719523	A=C,B=B,C=A,D=D
8BWL-assembly1.cif	afm_basic_model_3_multimer_v3_pred_5.pdb	0	582	0.719515	A=A,B=B,C=C,D=D
8BWL-assembly1.cif	cf_woTemplates_model_2_multimer_v1_pred_35.pdb	0	7266	0.719504	A=C,B=B,C=A,D=D
8BWL-assembly1.cif	afm_dropout_noSM_woTemplates_model_4_multimer_v3_pred_11.pdb	0	4761	0.719498	A=A,B=B,C=C,D=D
8BWL-assembly1.cif	afm_woTemplates_model_2_multimer_v2_pred_43.pdb	0	5332	0.719496	A=A,B=B,C=C,D=D
8BWL-assembly1.cif	afm_dropout_full_model_4_multimer_v2_pred_15.pdb	0	1683	0.719495	A=A,B=D,C=C,D=B
8BWL-assembly1.cif	cf_woTemplates_model_4_multimer_v3_pred_34.pdb	0	7801	0.719494	A=A,B=B,C=C,D=D
8BWL-assembly1.cif	cf_woTemplates_model_3_multimer_v3_pred_41.pdb	0	7608	0.719486	A=A,B=B,C=C,D=D
8BWL-assembly1.cif	afm_dropout_full_woTemplates_r3_model_1_multimer_v3_pred_21.pdb	0	3164	0.719481	A=A,B=D,C=C,D=B
8BWL-assembly1.cif	afm_dropout_full_woTemplates_model_3_multimer_v3_pred_31.pdb	0	2572	0.719481	A=C,B=B,C=A,D=D
8BWL-assembly1.cif	afm_dropout_noSM_woTemplates_model_4_multimer_v2_pred_0.pdb	0	4691	0.719478	A=A,B=B,C=C,D=D
8BWL-assembly1.cif	afm_dropout_full_model_4_multimer_v2_pred_47.pdb	0	1718	0.719475	A=A,B=D,C=C,D=B
8BWL-assembly1.cif	afm_dropout_full_woTemplates_r3_model_4_multimer_v3_pred_36.pdb	0	3783	0.719472	A=A,B=D,C=C,D=B
8BWL-assembly1.cif	afm_dropout_full_model_4_multimer_v2_pred_64.pdb	0	1737	0.719443	A=C,B=D,C=A,D=B
8BWL-assembly1.cif	afm_dropout_full_woTemplates_model_2_multimer_v2_pred_23.pdb	0	2295	0.719434	A=C,B=D,C=A,D=B
8BWL-assembly1.cif	cf_woTemplates_model_1_multimer_v1_pred_60.pdb	0	7093	0.719422	A=C,B=B,C=A,D=D
8BWL-assembly1.cif	afm_basic_model_1_multimer_v2_pred_44.pdb	0	107	0.719421	A=A,B=B,C=C,D=D
8BWL-assembly1.cif	afm_dropout_full_model_4_multimer_v2_pred_33.pdb	0	1703	0.719416	A=A,B=D,C=C,D=B
8BWL-assembly1.cif	afm_dropout_noSM_woTemplates_model_2_multimer_v1_pred_4.pdb	0	4256	0.719411	A=C,B=B,C=A,D=D
8BWL-assembly1.cif	cf_woTemplates_model_3_multimer_v3_pred_35.pdb	0	7601	0.719401	A=C,B=B,C=A,D=D
8BWL-assembly1.cif	afm_basic_model_1_multimer_v1_pred_8.pdb	0	66	0.719396	A=C,B=B,C=A,D=D
8BWL-assembly1.cif	afm_dropout_full_model_3_multimer_v2_pred_20.pdb	0	1488	0.719396	A=C,B=B,C=A,D=D
8BWL-assembly1.cif	afm_woTemplates_model_1_multimer_v1_pred_63.pdb	0	5086	0.719395	A=A,B=D,C=C,D=B
8BWL-assembly1.cif	afm_basic_model_2_multimer_v2_pred_1.pdb	0	270	0.719389	A=C,B=B,C=A,D=D
8BWL-assembly1.cif	afm_dropout_full_model_5_multimer_v3_pred_6.pdb	0	2000	0.719379	A=A,B=D,C=C,D=B
8BWL-assembly1.cif	cf_dropout_full_woTemplates_model_2_multimer_v3_pred_64.pdb	0	6427	0.719375	A=A,B=D,C=C,D=B
8BWL-assembly1.cif	afm_dropout_full_model_2_multimer_v2_pred_36.pdb	0	1304	0.719375	A=C,B=B,C=A,D=D
8BWL-assembly1.cif	afm_woTemplates_model_2_multimer_v3_pred_31.pdb	0	5386	0.719366	A=C,B=D,C=A,D=B
8BWL-assembly1.cif	afm_basic_model_5_multimer_v2_pred_25.pdb	0	890	0.719366	A=A,B=D,C=C,D=B
8BWL-assembly1.cif	cf_woTemplates_model_2_multimer_v2_pred_45.pdb	0	7344	0.719365	A=A,B=D,C=C,D=B
8BWL-assembly1.cif	cf_woTemplates_model_1_multimer_v1_pred_15.pdb	0	7043	0.719357	A=A,B=D,C=C,D=B
8BWL-assembly1.cif	afm_basic_model_2_multimer_v2_pred_11.pdb	0	272	0.719355	A=C,B=B,C=A,D=D
8BWL-assembly1.cif	afm_basic_model_1_multimer_v1_pred_24.pdb	0	18	0.719351	A=A,B=D,C=C,D=B
8BWL-assembly1.cif	cf_dropout_full_woTemplates_model_2_multimer_v3_pred_15.pdb	0	6373	0.719347	A=C,B=D,C=A,D=B
8BWL-assembly1.cif	afm_dropout_full_woTemplates_model_2_multimer_v3_pred_16.pdb	0	2354	0.719339	A=C,B=D,C=A,D=B
8BWL-assembly1.cif	afm_dropout_noSM_woTemplates_model_2_multimer_v3_pred_18.pdb	0	4366	0.71933	A=A,B=B,C=C,D=D
8BWL-assembly1.cif	afm_woTemplates_model_5_multimer_v2_pred_28.pdb	0	5918	0.719321	A=C,B=B,C=A,D=D
8BWL-assembly1.cif	cf_dropout_full_woTemplates_model_2_multimer_v3_pred_29.pdb	0	6388	0.719318	A=C,B=B,C=A,D=D
8BWL-assembly1.cif	cf_dropout_full_woTemplates_model_2_multimer_v3_pred_18.pdb	0	6376	0.719316	A=C,B=B,C=A,D=D
8BWL-assembly1.cif	afm_dropout_noSM_woTemplates_model_4_multimer_v1_pred_25.pdb	0	4642	0.719303	A=A,B=D,C=C,D=B
8BWL-assembly1.cif	cf_dropout_full_woTemplates_model_5_multimer_v1_pred_28.pdb	0	6856	0.719296	A=A,B=D,C=C,D=B
8BWL-assembly1.cif	cf_woTemplates_model_2_multimer_v3_pred_18.pdb	0	7381	0.719294	A=A,B=B,C=C,D=D
8BWL-assembly1.cif	afm_basic_model_5_multimer_v1_pred_43.pdb	0	843	0.719287	A=C,B=B,C=A,D=D
8BWL-assembly1.cif	cf_woTemplates_model_5_multimer_v1_pred_39.pdb	0	7873	0.719279	A=A,B=D,C=C,D=B
8BWL-assembly1.cif	cf_woTemplates_model_1_multimer_v1_pred_39.pdb	0	7069	0.719275	A=A,B=D,C=C,D=B
8BWL-assembly1.cif	afm_dropout_full_model_4_multimer_v2_pred_4.pdb	0	1710	0.719275	A=C,B=D,C=A,D=B
8BWL-assembly1.cif	cf_woTemplates_model_3_multimer_v1_pred_35.pdb	0	7467	0.719263	A=A,B=D,C=C,D=B
8BWL-assembly1.cif	afm_dropout_full_woTemplates_model_2_multimer_v2_pred_62.pdb	0	2338	0.719259	A=C,B=B,C=A,D=D
8BWL-assembly1.cif	cf_woTemplates_model_1_multimer_v1_pred_53.pdb	0	7085	0.719252	A=A,B=D,C=C,D=B
8BWL-assembly1.cif	afm_basic_model_1_multimer_v2_pred_54.pdb	0	118	0.719247	A=C,B=B,C=A,D=D
8BWL-assembly1.cif	cf_dropout_full_woTemplates_model_1_multimer_v1_pred_13.pdb	0	6036	0.719246	A=C,B=B,C=A,D=D
8BWL-assembly1.cif	afm_basic_model_3_multimer_v1_pred_64.pdb	0	464	0.719242	A=C,B=B,C=A,D=D
8BWL-assembly1.cif	afm_dropout_full_model_4_multimer_v3_pred_38.pdb	0	1775	0.719241	A=A,B=D,C=C,D=B
8BWL-assembly1.cif	afm_dropout_noSM_woTemplates_model_5_multimer_v2_pred_61.pdb	0	4950	0.719231	A=A,B=B,C=C,D=D
8BWL-assembly1.cif	afm_dropout_full_woTemplates_r3_model_4_multimer_v3_pred_49.pdb	0	3797	0.719229	A=A,B=B,C=C,D=D
8BWL-assembly1.cif	afm_basic_model_5_multimer_v3_pred_31.pdb	0	964	0.719227	A=A,B=D,C=C,D=B
8BWL-assembly1.cif	afm_basic_model_2_multimer_v1_pred_37.pdb	0	233	0.719223	A=A,B=D,C=C,D=B
8BWL-assembly1.cif	afm_dropout_noSM_woTemplates_model_2_multimer_v2_pred_6.pdb	0	4345	0.719212	A=C,B=B,C=A,D=D
8BWL-assembly1.cif	afm_basic_model_3_multimer_v3_pred_21.pdb	0	551	0.719211	A=C,B=B,C=A,D=D
8BWL-assembly1.cif	cf_woTemplates_model_1_multimer_v3_pred_11.pdb	0	7173	0.71921	A=A,B=B,C=C,D=D
8BWL-assembly1.cif	afm_dropout_full_woTemplates_r3_model_5_multimer_v2_pred_53.pdb	0	3936	0.719208	A=C,B=D,C=A,D=B
8BWL-assembly1.cif	afm_basic_model_1_multimer_v1_pred_58.pdb	0	55	0.719193	A=C,B=B,C=A,D=D
8BWL-assembly1.cif	cf_woTemplates_model_2_multimer_v1_pred_5.pdb	0	7282	0.719193	A=C,B=D,C=A,D=B
8BWL-assembly1.cif	afm_dropout_full_model_1_multimer_v3_pred_48.pdb	0	1183	0.71919	A=A,B=B,C=C,D=D
8BWL-assembly1.cif	afm_basic_model_3_multimer_v1_pred_61.pdb	0	461	0.719186	A=C,B=B,C=A,D=D
8BWL-assembly1.cif	afm_basic_model_2_multimer_v2_pred_45.pdb	0	309	0.719184	A=A,B=D,C=C,D=B
8BWL-assembly1.cif	afm_dropout_full_woTemplates_model_4_multimer_v2_pred_41.pdb	0	2717	0.719164	A=A,B=B,C=C,D=D
8BWL-assembly1.cif	afm_dropout_full_woTemplates_r3_model_4_multimer_v2_pred_16.pdb	0	3694	0.719163	A=A,B=B,C=C,D=D
8BWL-assembly1.cif	afm_dropout_noSM_woTemplates_model_2_multimer_v3_pred_27.pdb	0	4376	0.719162	A=C,B=D,C=A,D=B
8BWL-assembly1.cif	afm_dropout_full_woTemplates_r3_model_2_multimer_v3_pred_56.pdb	0	3403	0.719156	A=A,B=B,C=C,D=D
8BWL-assembly1.cif	cf_woTemplates_model_3_multimer_v3_pred_49.pdb	0	7616	0.719155	A=C,B=B,C=A,D=D
8BWL-assembly1.cif	afm_dropout_noSM_woTemplates_model_2_multimer_v1_pred_1.pdb	0	4223	0.719148	A=A,B=D,C=C,D=B
8BWL-assembly1.cif	afm_basic_model_2_multimer_v2_pred_30.pdb	0	293	0.719148	A=C,B=B,C=A,D=D
8BWL-assembly1.cif	afm_dropout_noSM_woTemplates_model_3_multimer_v3_pred_11.pdb	0	4560	0.719144	A=A,B=B,C=C,D=D
8BWL-assembly1.cif	afm_basic_model_3_multimer_v1_pred_0.pdb	0	403	0.719141	A=C,B=B,C=A,D=D
8BWL-assembly1.cif	afm_dropout_noSM_woTemplates_model_4_multimer_v3_pred_64.pdb	0	4819	0.719138	A=C,B=D,C=A,D=B
8BWL-assembly1.cif	afm_basic_model_3_multimer_v1_pred_40.pdb	0	438	0.719137	A=A,B=D,C=C,D=B
8BWL-assembly1.cif	cf_dropout_full_woTemplates_model_1_multimer_v1_pred_52.pdb	0	6079	0.719134	A=A,B=D,C=C,D=B
8BWL-assembly1.cif	afm_dropout_full_woTemplates_model_2_multimer_v2_pred_12.pdb	0	2283	0.719132	A=C,B=D,C=A,D=B
8BWL-assembly1.cif	afm_dropout_noSM_woTemplates_model_2_multimer_v3_pred_57.pdb	0	4409	0.719128	A=A,B=B,C=C,D=D
8BWL-assembly1.cif	cf_woTemplates_model_2_multimer_v1_pred_33.pdb	0	7264	0.719118	A=C,B=B,C=A,D=D
8BWL-assembly1.cif	cf_woTemplates_model_5_multimer_v3_pred_14.pdb	0	7980	0.719117	A=A,B=D,C=C,D=B
8BWL-assembly1.cif	afm_dropout_noSM_woTemplates_model_4_multimer_v2_pred_64.pdb	0	4752	0.719113	A=A,B=B,C=C,D=D
8BWL-assembly1.cif	afm_basic_model_1_multimer_v2_pred_22.pdb	0	83	0.719112	A=C,B=B,C=A,D=D
8BWL-assembly1.cif	afm_dropout_full_model_3_multimer_v2_pred_22.pdb	0	1490	0.719103	A=C,B=B,C=A,D=D
8BWL-assembly1.cif	cf_woTemplates_model_2_multimer_v3_pred_37.pdb	0	7402	0.719098	A=A,B=D,C=C,D=B
8BWL-assembly1.cif	cf_dropout_full_woTemplates_model_1_multimer_v2_pred_24.pdb	0	6115	0.719096	A=C,B=B,C=A,D=D
8BWL-assembly1.cif	afm_dropout_full_woTemplates_model_5_multimer_v1_pred_50.pdb	0	2861	0.719096	A=A,B=D,C=C,D=B
8BWL-assembly1.cif	cf_dropout_full_woTemplates_model_3_multimer_v3_pred_20.pdb	0	6580	0.71909	A=C,B=D,C=A,D=B
8BWL-assembly1.cif	afm_dropout_full_woTemplates_model_1_multimer_v3_pred_53.pdb	0	2194	0.719087	A=C,B=B,C=A,D=D
8BWL-assembly1.cif	afm_dropout_full_woTemplates_r3_model_4_multimer_v3_pred_13.pdb	0	3758	0.719081	A=C,B=B,C=A,D=D
8BWL-assembly1.cif	afm_dropout_full_model_2_multimer_v1_pred_57.pdb	0	1260	0.71906	A=C,B=B,C=A,D=D
8BWL-assembly1.cif	afm_woTemplates_model_2_multimer_v3_pred_14.pdb	0	5367	0.719058	A=C,B=D,C=A,D=B
8BWL-assembly1.cif	cf_woTemplates_model_1_multimer_v3_pred_15.pdb	0	7177	0.719051	A=A,B=B,C=C,D=D
8BWL-assembly1.cif	afm_woTemplates_model_2_multimer_v1_pred_62.pdb	0	5286	0.719041	A=A,B=D,C=C,D=B
8BWL-assembly1.cif	afm_dropout_noSM_woTemplates_model_3_multimer_v3_pred_61.pdb	0	4615	0.719035	A=A,B=B,C=C,D=D
8BWL-assembly1.cif	afm_dropout_full_model_5_multimer_v1_pred_64.pdb	0	1871	0.719035	A=C,B=B,C=A,D=D
8BWL-assembly1.cif	afm_dropout_full_woTemplates_model_3_multimer_v3_pred_27.pdb	0	2567	0.719034	A=C,B=B,C=A,D=D
8BWL-assembly1.cif	afm_dropout_noSM_woTemplates_model_3_multimer_v3_pred_57.pdb	0	4610	0.719026	A=A,B=B,C=C,D=D
8BWL-assembly1.cif	afm_basic_model_2_multimer_v1_pred_13.pdb	0	207	0.719023	A=C,B=B,C=A,D=D
8BWL-assembly1.cif	afm_dropout_full_model_5_multimer_v1_pred_14.pdb	0	1816	0.719019	A=C,B=B,C=A,D=D
8BWL-assembly1.cif	cf_dropout_full_woTemplates_model_2_multimer_v3_pred_60.pdb	0	6423	0.719012	A=C,B=D,C=A,D=B
8BWL-assembly1.cif	afm_dropout_full_woTemplates_r3_model_3_multimer_v3_pred_11.pdb	0	3555	0.719006	A=A,B=D,C=C,D=B
8BWL-assembly1.cif	afm_dropout_full_model_4_multimer_v2_pred_50.pdb	0	1722	0.719006	A=A,B=B,C=C,D=D
8BWL-assembly1.cif	cf_woTemplates_model_2_multimer_v2_pred_35.pdb	0	7333	0.719005	A=A,B=D,C=C,D=B
8BWL-assembly1.cif	afm_dropout_full_woTemplates_r3_model_2_multimer_v3_pred_65.pdb	0	3413	0.719002	A=A,B=D,C=C,D=B
8BWL-assembly1.cif	afm_basic_model_1_multimer_v1_pred_34.pdb	0	29	0.718997	A=C,B=B,C=A,D=D
8BWL-assembly1.cif	afm_dropout_noSM_woTemplates_model_1_multimer_v3_pred_28.pdb	0	4176	0.718992	A=C,B=B,C=A,D=D
8BWL-assembly1.cif	cf_woTemplates_model_1_multimer_v3_pred_41.pdb	0	7206	0.718978	A=C,B=D,C=A,D=B
8BWL-assembly1.cif	afm_woTemplates_model_5_multimer_v2_pred_49.pdb	0	5941	0.718976	A=A,B=B,C=C,D=D
8BWL-assembly1.cif	cf_dropout_full_woTemplates_model_5_multimer_v1_pred_18.pdb	0	6845	0.718975	A=A,B=B,C=C,D=D
8BWL-assembly1.cif	afm_dropout_full_woTemplates_model_5_multimer_v2_pred_19.pdb	0	2893	0.718975	A=C,B=D,C=A,D=B
8BWL-assembly1.cif	afm_dropout_noSM_woTemplates_model_2_multimer_v3_pred_23.pdb	0	4372	0.718966	A=C,B=D,C=A,D=B
8BWL-assembly1.cif	afm_basic_model_2_multimer_v2_pred_38.pdb	0	301	0.718953	A=C,B=D,C=A,D=B
8BWL-assembly1.cif	afm_basic_model_5_multimer_v1_pred_7.pdb	0	869	0.718952	A=A,B=D,C=C,D=B
8BWL-assembly1.cif	afm_dropout_full_woTemplates_model_5_multimer_v2_pred_51.pdb	0	2929	0.718948	A=C,B=B,C=A,D=D
8BWL-assembly1.cif	cf_dropout_full_woTemplates_model_3_multimer_v2_pred_47.pdb	0	6542	0.718942	A=C,B=D,C=A,D=B
8BWL-assembly1.cif	afm_dropout_full_model_3_multimer_v2_pred_60.pdb	0	1532	0.718936	A=A,B=B,C=C,D=D
8BWL-assembly1.cif	afm_dropout_noSM_woTemplates_model_2_multimer_v2_pred_50.pdb	0	4335	0.718932	A=A,B=B,C=C,D=D
8BWL-assembly1.cif	afm_dropout_full_model_3_multimer_v3_pred_28.pdb	0	1563	0.718927	A=A,B=D,C=C,D=B
8BWL-assembly1.cif	afm_dropout_full_woTemplates_model_2_multimer_v2_pred_19.pdb	0	2290	0.718926	A=C,B=D,C=A,D=B
8BWL-assembly1.cif	cf_woTemplates_model_1_multimer_v1_pred_36.pdb	0	7066	0.718911	A=C,B=B,C=A,D=D
8BWL-assembly1.cif	cf_dropout_full_woTemplates_model_5_multimer_v1_pred_49.pdb	0	6879	0.71891	A=A,B=D,C=C,D=B
8BWL-assembly1.cif	afm_woTemplates_model_1_multimer_v3_pred_47.pdb	0	5202	0.71891	A=C,B=D,C=A,D=B
8BWL-assembly1.cif	afm_dropout_noSM_woTemplates_model_2_multimer_v3_pred_43.pdb	0	4394	0.718905	A=C,B=D,C=A,D=B
8BWL-assembly1.cif	cf_dropout_full_woTemplates_model_3_multimer_v3_pred_17.pdb	0	6576	0.718901	A=A,B=D,C=C,D=B
8BWL-assembly1.cif	afm_dropout_full_model_1_multimer_v1_pred_52.pdb	0	1054	0.718898	A=C,B=B,C=A,D=D
8BWL-assembly1.cif	cf_dropout_full_woTemplates_model_1_multimer_v3_pred_19.pdb	0	6176	0.718898	A=A,B=D,C=C,D=B
8BWL-assembly1.cif	afm_basic_model_5_multimer_v1_pred_59.pdb	0	860	0.718895	A=A,B=D,C=C,D=B
8BWL-assembly1.cif	afm_dropout_full_model_3_multimer_v3_pred_41.pdb	0	1578	0.718887	A=A,B=D,C=C,D=B
8BWL-assembly1.cif	afm_dropout_noSM_woTemplates_model_4_multimer_v3_pred_2.pdb	0	4770	0.718886	A=A,B=D,C=C,D=B
8BWL-assembly1.cif	cf_dropout_full_woTemplates_model_5_multimer_v3_pred_36.pdb	0	6999	0.718884	A=C,B=B,C=A,D=D
8BWL-assembly1.cif	afm_basic_model_3_multimer_v3_pred_44.pdb	0	576	0.718883	A=C,B=B,C=A,D=D
8BWL-assembly1.cif	cf_woTemplates_model_3_multimer_v3_pred_33.pdb	0	7599	0.718881	A=A,B=D,C=C,D=B
8BWL-assembly1.cif	afm_woTemplates_model_2_multimer_v2_pred_46.pdb	0	5335	0.718878	A=C,B=B,C=A,D=D
8BWL-assembly1.cif	afm_woTemplates_model_2_multimer_v1_pred_38.pdb	0	5259	0.718874	A=A,B=D,C=C,D=B
8BWL-assembly1.cif	afm_basic_model_5_multimer_v1_pred_22.pdb	0	820	0.718873	A=C,B=B,C=A,D=D
8BWL-assembly1.cif	cf_woTemplates_model_3_multimer_v3_pred_15.pdb	0	7579	0.718872	A=A,B=B,C=C,D=D
8BWL-assembly1.cif	afm_basic_model_2_multimer_v2_pred_2.pdb	0	281	0.718872	A=A,B=D,C=C,D=B
8BWL-assembly1.cif	afm_dropout_full_woTemplates_model_2_multimer_v3_pred_61.pdb	0	2404	0.71887	A=A,B=B,C=C,D=D
8BWL-assembly1.cif	afm_dropout_full_woTemplates_model_2_multimer_v2_pred_18.pdb	0	2289	0.718868	A=A,B=B,C=C,D=D
8BWL-assembly1.cif	afm_dropout_full_model_2_multimer_v3_pred_8.pdb	0	1406	0.718868	A=C,B=B,C=A,D=D
8BWL-assembly1.cif	afm_woTemplates_model_2_multimer_v3_pred_47.pdb	0	5403	0.718868	A=C,B=B,C=A,D=D
8BWL-assembly1.cif	afm_dropout_full_model_1_multimer_v1_pred_30.pdb	0	1030	0.718855	A=A,B=D,C=C,D=B
8BWL-assembly1.cif	afm_basic_model_1_multimer_v2_pred_49.pdb	0	112	0.718854	A=A,B=D,C=C,D=B
8BWL-assembly1.cif	afm_dropout_full_woTemplates_model_5_multimer_v2_pred_28.pdb	0	2903	0.718853	A=A,B=B,C=C,D=D
8BWL-assembly1.cif	afm_basic_model_1_multimer_v1_pred_21.pdb	0	15	0.718851	A=A,B=D,C=C,D=B
8BWL-assembly1.cif	cf_dropout_full_woTemplates_model_1_multimer_v1_pred_6.pdb	0	6087	0.718848	A=A,B=D,C=C,D=B
8BWL-assembly1.cif	afm_dropout_full_woTemplates_model_2_multimer_v1_pred_13.pdb	0	2217	0.718846	A=C,B=D,C=A,D=B
8BWL-assembly1.cif	afm_dropout_full_model_1_multimer_v2_pred_58.pdb	0	1127	0.718845	A=A,B=D,C=C,D=B
8BWL-assembly1.cif	cf_dropout_full_woTemplates_model_1_multimer_v1_pred_43.pdb	0	6069	0.718839	A=C,B=D,C=A,D=B
8BWL-assembly1.cif	afm_dropout_full_woTemplates_r3_model_3_multimer_v3_pred_42.pdb	0	3589	0.71882	A=A,B=D,C=C,D=B
8BWL-assembly1.cif	afm_dropout_noSM_woTemplates_model_5_multimer_v2_pred_60.pdb	0	4949	0.71882	A=A,B=B,C=C,D=D
8BWL-assembly1.cif	afm_dropout_noSM_woTemplates_model_2_multimer_v2_pred_9.pdb	0	4355	0.718818	A=C,B=B,C=A,D=D
8BWL-assembly1.cif	cf_woTemplates_model_3_multimer_v3_pred_48.pdb	0	7615	0.718817	A=C,B=D,C=A,D=B
8BWL-assembly1.cif	cf_woTemplates_model_3_multimer_v3_pred_13.pdb	0	7577	0.718804	A=A,B=B,C=C,D=D
8BWL-assembly1.cif	cf_woTemplates_model_4_multimer_v3_pred_30.pdb	0	7797	0.718791	A=C,B=D,C=A,D=B
8BWL-assembly1.cif	afm_dropout_full_woTemplates_r3_model_4_multimer_v3_pred_37.pdb	0	3784	0.718789	A=A,B=B,C=C,D=D
8BWL-assembly1.cif	afm_dropout_full_woTemplates_model_2_multimer_v2_pred_46.pdb	0	2320	0.718786	A=C,B=D,C=A,D=B
8BWL-assembly1.cif	afm_basic_model_5_multimer_v1_pred_54.pdb	0	855	0.718782	A=A,B=D,C=C,D=B
8BWL-assembly1.cif	afm_dropout_full_woTemplates_model_1_multimer_v2_pred_22.pdb	0	2093	0.718781	A=A,B=D,C=C,D=B
8BWL-assembly1.cif	afm_dropout_full_woTemplates_model_2_multimer_v1_pred_66.pdb	0	2275	0.71878	A=A,B=B,C=C,D=D
8BWL-assembly1.cif	afm_dropout_full_woTemplates_model_2_multimer_v2_pred_26.pdb	0	2298	0.718779	A=C,B=B,C=A,D=D
8BWL-assembly1.cif	afm_basic_model_1_multimer_v1_pred_37.pdb	0	32	0.718775	A=A,B=D,C=C,D=B
8BWL-assembly1.cif	cf_woTemplates_model_2_multimer_v2_pred_15.pdb	0	7311	0.718769	A=A,B=B,C=C,D=D
8BWL-assembly1.cif	cf_dropout_full_woTemplates_model_2_multimer_v2_pred_29.pdb	0	6321	0.718768	A=C,B=B,C=A,D=D
8BWL-assembly1.cif	afm_woTemplates_model_2_multimer_v2_pred_23.pdb	0	5310	0.718763	A=C,B=D,C=A,D=B
8BWL-assembly1.cif	afm_basic_model_5_multimer_v1_pred_46.pdb	0	846	0.718759	A=C,B=B,C=A,D=D
8BWL-assembly1.cif	cf_woTemplates_model_3_multimer_v3_pred_26.pdb	0	7591	0.718754	A=A,B=D,C=C,D=B
8BWL-assembly1.cif	afm_basic_model_3_multimer_v1_pred_60.pdb	0	460	0.718752	A=A,B=D,C=C,D=B
8BWL-assembly1.cif	afm_dropout_full_woTemplates_model_4_multimer_v3_pred_20.pdb	0	2761	0.718751	A=A,B=B,C=C,D=D
8BWL-assembly1.cif	cf_woTemplates_model_1_multimer_v1_pred_56.pdb	0	7088	0.718746	A=A,B=D,C=C,D=B
8BWL-assembly1.cif	afm_dropout_full_woTemplates_r3_model_3_multimer_v3_pred_46.pdb	0	3593	0.718746	A=A,B=B,C=C,D=D
8BWL-assembly1.cif	afm_dropout_full_woTemplates_model_1_multimer_v3_pred_26.pdb	0	2164	0.71874	A=C,B=B,C=A,D=D
8BWL-assembly1.cif	afm_dropout_full_model_5_multimer_v1_pred_28.pdb	0	1831	0.718736	A=A,B=D,C=C,D=B
8BWL-assembly1.cif	cf_woTemplates_model_2_multimer_v1_pred_36.pdb	0	7267	0.718733	A=C,B=B,C=A,D=D
8BWL-assembly1.cif	afm_dropout_full_woTemplates_r3_model_3_multimer_v3_pred_4.pdb	0	3586	0.718729	A=A,B=B,C=C,D=D
8BWL-assembly1.cif	afm_woTemplates_model_5_multimer_v2_pred_22.pdb	0	5912	0.718724	A=C,B=D,C=A,D=B
8BWL-assembly1.cif	afm_basic_model_2_multimer_v2_pred_29.pdb	0	291	0.718722	A=A,B=D,C=C,D=B
8BWL-assembly1.cif	afm_dropout_full_model_3_multimer_v3_pred_21.pdb	0	1556	0.718722	A=C,B=D,C=A,D=B
8BWL-assembly1.cif	afm_dropout_full_model_2_multimer_v3_pred_50.pdb	0	1387	0.71872	A=A,B=D,C=C,D=B
8BWL-assembly1.cif	afm_basic_model_3_multimer_v1_pred_31.pdb	0	428	0.71871	A=A,B=D,C=C,D=B
8BWL-assembly1.cif	cf_woTemplates_model_1_multimer_v1_pred_50.pdb	0	7082	0.718686	A=A,B=D,C=C,D=B
8BWL-assembly1.cif	afm_dropout_full_model_3_multimer_v3_pred_19.pdb	0	1553	0.718685	A=A,B=D,C=C,D=B
8BWL-assembly1.cif	afm_dropout_noSM_woTemplates_model_2_multimer_v2_pred_37.pdb	0	4320	0.718663	A=A,B=D,C=C,D=B
8BWL-assembly1.cif	cf_dropout_full_woTemplates_model_1_multimer_v1_pred_42.pdb	0	6068	0.71866	A=C,B=B,C=A,D=D
8BWL-assembly1.cif	cf_dropout_full_woTemplates_model_1_multimer_v3_pred_40.pdb	0	6200	0.718659	A=A,B=B,C=C,D=D
8BWL-assembly1.cif	afm_woTemplates_model_5_multimer_v1_pred_40.pdb	0	5865	0.718656	A=A,B=D,C=C,D=B
8BWL-assembly1.cif	cf_woTemplates_model_1_multimer_v1_pred_7.pdb	0	7100	0.718648	A=A,B=D,C=C,D=B
8BWL-assembly1.cif	afm_dropout_noSM_woTemplates_model_2_multimer_v1_pred_58.pdb	0	4276	0.718643	A=A,B=D,C=C,D=B
8BWL-assembly1.cif	afm_woTemplates_model_5_multimer_v2_pred_10.pdb	0	5899	0.718634	A=C,B=B,C=A,D=D
8BWL-assembly1.cif	afm_basic_model_1_multimer_v2_pred_50.pdb	0	114	0.718631	A=A,B=D,C=C,D=B
8BWL-assembly1.cif	afm_basic_model_1_multimer_v1_pred_64.pdb	0	62	0.718631	A=C,B=B,C=A,D=D
8BWL-assembly1.cif	afm_woTemplates_model_2_multimer_v1_pred_17.pdb	0	5236	0.71861	A=A,B=D,C=C,D=B
8BWL-assembly1.cif	afm_basic_model_3_multimer_v3_pred_10.pdb	0	539	0.718595	A=A,B=B,C=C,D=D
8BWL-assembly1.cif	afm_dropout_full_model_2_multimer_v3_pred_63.pdb	0	1401	0.718593	A=C,B=D,C=A,D=B
8BWL-assembly1.cif	afm_dropout_full_woTemplates_r3_model_1_multimer_v3_pred_57.pdb	0	3203	0.718592	A=A,B=D,C=C,D=B
8BWL-assembly1.cif	afm_dropout_noSM_woTemplates_model_2_multimer_v2_pred_40.pdb	0	4324	0.718581	A=A,B=D,C=C,D=B
8BWL-assembly1.cif	afm_dropout_full_woTemplates_model_2_multimer_v1_pred_54.pdb	0	2262	0.718575	A=C,B=B,C=A,D=D
8BWL-assembly1.cif	afm_dropout_full_woTemplates_r3_model_4_multimer_v3_pred_24.pdb	0	3770	0.718571	A=A,B=B,C=C,D=D
8BWL-assembly1.cif	afm_dropout_full_model_2_multimer_v2_pred_15.pdb	0	1281	0.718569	A=C,B=B,C=A,D=D
8BWL-assembly1.cif	afm_dropout_full_model_2_multimer_v3_pred_59.pdb	0	1396	0.718564	A=A,B=D,C=C,D=B
8BWL-assembly1.cif	cf_dropout_full_woTemplates_model_4_multimer_v3_pred_51.pdb	0	6815	0.718562	A=A,B=B,C=C,D=D
8BWL-assembly1.cif	afm_dropout_full_model_2_multimer_v2_pred_30.pdb	0	1298	0.718557	A=C,B=B,C=A,D=D
8BWL-assembly1.cif	afm_dropout_full_model_3_multimer_v2_pred_30.pdb	0	1499	0.718555	A=A,B=B,C=C,D=D
8BWL-assembly1.cif	afm_dropout_full_woTemplates_model_2_multimer_v3_pred_32.pdb	0	2372	0.718553	A=C,B=D,C=A,D=B
8BWL-assembly1.cif	afm_dropout_full_woTemplates_r3_model_1_multimer_v3_pred_25.pdb	0	3168	0.718547	A=A,B=D,C=C,D=B
8BWL-assembly1.cif	afm_dropout_full_model_1_multimer_v2_pred_52.pdb	0	1121	0.718532	A=A,B=D,C=C,D=B
8BWL-assembly1.cif	cf_woTemplates_model_2_multimer_v3_pred_44.pdb	0	7410	0.718526	A=A,B=B,C=C,D=D
8BWL-assembly1.cif	afm_dropout_full_woTemplates_r3_model_3_multimer_v2_pred_2.pdb	0	3497	0.718526	A=A,B=B,C=C,D=D
8BWL-assembly1.cif	afm_basic_model_5_multimer_v1_pred_51.pdb	0	852	0.718518	A=C,B=B,C=A,D=D
8BWL-assembly1.cif	afm_dropout_full_woTemplates_model_3_multimer_v2_pred_34.pdb	0	2508	0.718511	A=C,B=D,C=A,D=B
8BWL-assembly1.cif	cf_dropout_full_woTemplates_model_3_multimer_v3_pred_16.pdb	0	6575	0.71851	A=C,B=B,C=A,D=D
8BWL-assembly1.cif	afm_basic_model_3_multimer_v3_pred_37.pdb	0	568	0.718505	A=A,B=B,C=C,D=D
8BWL-assembly1.cif	cf_dropout_full_woTemplates_model_2_multimer_v3_pred_62.pdb	0	6425	0.718503	A=C,B=B,C=A,D=D
8BWL-assembly1.cif	afm_dropout_full_woTemplates_model_3_multimer_v3_pred_54.pdb	0	2597	0.718501	A=C,B=D,C=A,D=B
8BWL-assembly1.cif	afm_dropout_noSM_woTemplates_model_4_multimer_v3_pred_42.pdb	0	4795	0.718501	A=A,B=B,C=C,D=D
8BWL-assembly1.cif	afm_dropout_noSM_woTemplates_model_4_multimer_v3_pred_33.pdb	0	4785	0.718492	A=C,B=B,C=A,D=D
8BWL-assembly1.cif	afm_dropout_full_woTemplates_r3_model_2_multimer_v3_pred_27.pdb	0	3371	0.71849	A=C,B=B,C=A,D=D
8BWL-assembly1.cif	afm_dropout_full_woTemplates_model_5_multimer_v2_pred_1.pdb	0	2883	0.718489	A=A,B=D,C=C,D=B
8BWL-assembly1.cif	afm_basic_model_2_multimer_v2_pred_41.pdb	0	305	0.718479	A=A,B=D,C=C,D=B
8BWL-assembly1.cif	afm_dropout_full_woTemplates_model_3_multimer_v3_pred_47.pdb	0	2589	0.718461	A=A,B=B,C=C,D=D
8BWL-assembly1.cif	cf_dropout_full_woTemplates_model_1_multimer_v1_pred_33.pdb	0	6058	0.718461	A=A,B=B,C=C,D=D
8BWL-assembly1.cif	afm_dropout_full_model_3_multimer_v3_pred_18.pdb	0	1552	0.718445	A=C,B=D,C=A,D=B
8BWL-assembly1.cif	afm_basic_model_1_multimer_v1_pred_1.pdb	0	2	0.718431	A=A,B=D,C=C,D=B
8BWL-assembly1.cif	afm_woTemplates_model_2_multimer_v2_pred_1.pdb	0	5295	0.718423	A=C,B=D,C=A,D=B
8BWL-assembly1.cif	afm_dropout_full_woTemplates_r3_model_4_multimer_v2_pred_23.pdb	0	3702	0.718418	A=A,B=B,C=C,D=D
8BWL-assembly1.cif	cf_dropout_full_woTemplates_model_4_multimer_v1_pred_50.pdb	0	6680	0.718415	A=C,B=B,C=A,D=D
8BWL-assembly1.cif	afm_dropout_full_model_1_multimer_v2_pred_66.pdb	0	1136	0.718412	A=C,B=D,C=A,D=B
8BWL-assembly1.cif	afm_woTemplates_model_5_multimer_v2_pred_19.pdb	0	5908	0.718412	A=A,B=B,C=C,D=D
8BWL-assembly1.cif	afm_dropout_full_model_1_multimer_v2_pred_59.pdb	0	1128	0.718406	A=A,B=D,C=C,D=B
8BWL-assembly1.cif	afm_basic_model_5_multimer_v1_pred_26.pdb	0	824	0.718405	A=A,B=D,C=C,D=B
8BWL-assembly1.cif	afm_basic_model_5_multimer_v1_pred_13.pdb	0	810	0.7184	A=C,B=B,C=A,D=D
8BWL-assembly1.cif	afm_dropout_full_woTemplates_model_2_multimer_v1_pred_32.pdb	0	2238	0.718394	A=A,B=B,C=C,D=D
8BWL-assembly1.cif	afm_dropout_full_model_1_multimer_v2_pred_0.pdb	0	1073	0.718393	A=C,B=D,C=A,D=B
8BWL-assembly1.cif	cf_woTemplates_model_4_multimer_v1_pred_33.pdb	0	7666	0.718391	A=C,B=B,C=A,D=D
8BWL-assembly1.cif	afm_dropout_noSM_woTemplates_model_5_multimer_v2_pred_59.pdb	0	4947	0.718388	A=A,B=B,C=C,D=D
8BWL-assembly1.cif	afm_dropout_full_woTemplates_model_3_multimer_v3_pred_50.pdb	0	2593	0.718388	A=C,B=B,C=A,D=D
8BWL-assembly1.cif	afm_basic_model_1_multimer_v1_pred_51.pdb	0	48	0.718387	A=A,B=D,C=C,D=B
8BWL-assembly1.cif	afm_dropout_full_model_3_multimer_v1_pred_17.pdb	0	1417	0.718384	A=A,B=D,C=C,D=B
8BWL-assembly1.cif	afm_dropout_full_model_2_multimer_v1_pred_3.pdb	0	1230	0.718383	A=C,B=B,C=A,D=D
8BWL-assembly1.cif	afm_woTemplates_model_2_multimer_v3_pred_9.pdb	0	5427	0.718377	A=C,B=B,C=A,D=D
8BWL-assembly1.cif	cf_woTemplates_model_2_multimer_v2_pred_2.pdb	0	7316	0.718374	A=C,B=D,C=A,D=B
8BWL-assembly1.cif	afm_dropout_full_woTemplates_model_2_multimer_v3_pred_19.pdb	0	2357	0.718369	A=C,B=B,C=A,D=D
8BWL-assembly1.cif	afm_dropout_full_woTemplates_r3_model_4_multimer_v3_pred_38.pdb	0	3785	0.718369	A=C,B=D,C=A,D=B
8BWL-assembly1.cif	afm_woTemplates_model_2_multimer_v2_pred_21.pdb	0	5308	0.718368	A=C,B=D,C=A,D=B
8BWL-assembly1.cif	afm_dropout_full_model_1_multimer_v2_pred_6.pdb	0	1129	0.718345	A=C,B=D,C=A,D=B
8BWL-assembly1.cif	afm_dropout_full_woTemplates_model_2_multimer_v1_pred_63.pdb	0	2272	0.718345	A=A,B=D,C=C,D=B
8BWL-assembly1.cif	afm_dropout_full_model_5_multimer_v1_pred_59.pdb	0	1865	0.718341	A=A,B=D,C=C,D=B
8BWL-assembly1.cif	cf_dropout_full_woTemplates_model_4_multimer_v3_pred_43.pdb	0	6806	0.718341	A=A,B=B,C=C,D=D
8BWL-assembly1.cif	cf_woTemplates_model_4_multimer_v3_pred_54.pdb	0	7823	0.71834	A=A,B=D,C=C,D=B
8BWL-assembly1.cif	afm_dropout_full_woTemplates_model_3_multimer_v3_pred_56.pdb	0	2599	0.718325	A=C,B=D,C=A,D=B
8BWL-assembly1.cif	afm_dropout_full_model_1_multimer_v2_pred_31.pdb	0	1098	0.718316	A=A,B=B,C=C,D=D
8BWL-assembly1.cif	afm_basic_model_3_multimer_v1_pred_42.pdb	0	440	0.718316	A=A,B=B,C=C,D=D
8BWL-assembly1.cif	afm_basic_model_3_multimer_v1_pred_20.pdb	0	416	0.718315	A=C,B=B,C=A,D=D
8BWL-assembly1.cif	afm_dropout_noSM_woTemplates_model_4_multimer_v3_pred_44.pdb	0	4797	0.718307	A=A,B=D,C=C,D=B
8BWL-assembly1.cif	afm_dropout_full_model_3_multimer_v1_pred_39.pdb	0	1441	0.718304	A=C,B=B,C=A,D=D
8BWL-assembly1.cif	afm_dropout_full_model_3_multimer_v2_pred_59.pdb	0	1530	0.718299	A=A,B=D,C=C,D=B
8BWL-assembly1.cif	afm_woTemplates_model_4_multimer_v3_pred_36.pdb	0	5793	0.71829	A=C,B=D,C=A,D=B
8BWL-assembly1.cif	cf_dropout_full_woTemplates_model_3_multimer_v3_pred_55.pdb	0	6618	0.718289	A=C,B=B,C=A,D=D
8BWL-assembly1.cif	afm_dropout_full_woTemplates_r3_model_5_multimer_v2_pred_35.pdb	0	3916	0.718281	A=A,B=B,C=C,D=D
8BWL-assembly1.cif	afm_dropout_noSM_woTemplates_model_5_multimer_v2_pred_41.pdb	0	4928	0.718258	A=C,B=B,C=A,D=D
8BWL-assembly1.cif	cf_woTemplates_model_2_multimer_v2_pred_17.pdb	0	7313	0.718257	A=A,B=B,C=C,D=D
8BWL-assembly1.cif	afm_dropout_full_model_2_multimer_v2_pred_41.pdb	0	1310	0.718257	A=A,B=D,C=C,D=B
8BWL-assembly1.cif	afm_dropout_noSM_woTemplates_model_2_multimer_v3_pred_16.pdb	0	4364	0.718257	A=A,B=D,C=C,D=B
8BWL-assembly1.cif	afm_dropout_full_model_3_multimer_v3_pred_15.pdb	0	1549	0.718256	A=A,B=B,C=C,D=D
8BWL-assembly1.cif	afm_woTemplates_model_5_multimer_v1_pred_9.pdb	0	5896	0.718248	A=A,B=D,C=C,D=B
8BWL-assembly1.cif	cf_dropout_full_woTemplates_model_3_multimer_v3_pred_52.pdb	0	6615	0.718247	A=A,B=D,C=C,D=B
8BWL-assembly1.cif	cf_woTemplates_model_2_multimer_v2_pred_57.pdb	0	7357	0.718236	A=A,B=B,C=C,D=D
8BWL-assembly1.cif	afm_basic_model_5_multimer_v2_pred_3.pdb	0	895	0.718236	A=C,B=D,C=A,D=B
8BWL-assembly1.cif	afm_basic_model_2_multimer_v1_pred_50.pdb	0	248	0.718222	A=A,B=D,C=C,D=B
8BWL-assembly1.cif	afm_dropout_noSM_woTemplates_model_2_multimer_v1_pred_36.pdb	0	4252	0.718216	A=C,B=B,C=A,D=D
8BWL-assembly1.cif	afm_woTemplates_model_1_multimer_v3_pred_8.pdb	0	5225	0.718213	A=A,B=D,C=C,D=B
8BWL-assembly1.cif	cf_dropout_full_woTemplates_model_2_multimer_v1_pred_36.pdb	0	6262	0.718213	A=C,B=B,C=A,D=D
8BWL-assembly1.cif	afm_woTemplates_model_2_multimer_v2_pred_66.pdb	0	5357	0.718212	A=C,B=D,C=A,D=B
8BWL-assembly1.cif	afm_dropout_full_model_4_multimer_v3_pred_34.pdb	0	1771	0.718206	A=C,B=D,C=A,D=B
8BWL-assembly1.cif	cf_dropout_full_woTemplates_model_3_multimer_v3_pred_32.pdb	0	6593	0.718201	A=A,B=B,C=C,D=D
8BWL-assembly1.cif	afm_basic_model_4_multimer_v2_pred_16.pdb	0	679	0.718191	A=C,B=D,C=A,D=B
8BWL-assembly1.cif	afm_dropout_full_woTemplates_r3_model_1_multimer_v2_pred_6.pdb	0	3139	0.71819	A=A,B=D,C=C,D=B
8BWL-assembly1.cif	afm_dropout_full_woTemplates_r3_model_1_multimer_v3_pred_23.pdb	0	3166	0.718186	A=C,B=D,C=A,D=B
8BWL-assembly1.cif	afm_woTemplates_model_5_multimer_v2_pred_2.pdb	0	5909	0.718178	A=C,B=B,C=A,D=D
8BWL-assembly1.cif	afm_basic_model_3_multimer_v3_pred_19.pdb	0	548	0.718178	A=A,B=B,C=C,D=D
8BWL-assembly1.cif	afm_dropout_full_woTemplates_r3_model_1_multimer_v3_pred_56.pdb	0	3202	0.718177	A=A,B=B,C=C,D=D
8BWL-assembly1.cif	afm_woTemplates_model_5_multimer_v2_pred_33.pdb	0	5924	0.718176	A=A,B=D,C=C,D=B
8BWL-assembly1.cif	afm_dropout_full_model_5_multimer_v2_pred_9.pdb	0	1943	0.718169	A=C,B=B,C=A,D=D
8BWL-assembly1.cif	afm_basic_model_3_multimer_v3_pred_64.pdb	0	598	0.718168	A=C,B=B,C=A,D=D
8BWL-assembly1.cif	cf_dropout_full_woTemplates_model_3_multimer_v3_pred_5.pdb	0	6612	0.71815	A=C,B=D,C=A,D=B
8BWL-assembly1.cif	afm_dropout_full_woTemplates_r3_model_1_multimer_v2_pred_5.pdb	0	3128	0.718142	A=C,B=D,C=A,D=B
8BWL-assembly1.cif	afm_dropout_noSM_woTemplates_model_2_multimer_v1_pred_59.pdb	0	4277	0.718138	A=C,B=B,C=A,D=D
8BWL-assembly1.cif	afm_basic_model_2_multimer_v2_pred_52.pdb	0	317	0.718134	A=C,B=B,C=A,D=D
8BWL-assembly1.cif	afm_dropout_full_model_1_multimer_v2_pred_42.pdb	0	1110	0.718129	A=A,B=B,C=C,D=D
8BWL-assembly1.cif	afm_basic_model_1_multimer_v1_pred_12.pdb	0	5	0.718126	A=A,B=D,C=C,D=B
8BWL-assembly1.cif	afm_basic_model_5_multimer_v1_pred_33.pdb	0	832	0.718124	A=C,B=B,C=A,D=D
8BWL-assembly1.cif	afm_woTemplates_model_3_multimer_v2_pred_39.pdb	0	5528	0.718115	A=A,B=D,C=C,D=B
8BWL-assembly1.cif	afm_dropout_full_woTemplates_model_2_multimer_v1_pred_10.pdb	0	2214	0.7181	A=C,B=B,C=A,D=D
8BWL-assembly1.cif	cf_dropout_full_woTemplates_model_5_multimer_v1_pred_52.pdb	0	6883	0.718098	A=C,B=B,C=A,D=D
8BWL-assembly1.cif	afm_dropout_full_model_2_multimer_v2_pred_51.pdb	0	1321	0.718097	A=A,B=D,C=C,D=B
8BWL-assembly1.cif	afm_basic_model_3_multimer_v3_pred_38.pdb	0	569	0.718094	A=A,B=D,C=C,D=B
8BWL-assembly1.cif	afm_basic_model_2_multimer_v2_pred_17.pdb	0	278	0.718089	A=C,B=B,C=A,D=D
8BWL-assembly1.cif	afm_dropout_full_woTemplates_model_2_multimer_v3_pred_30.pdb	0	2370	0.718089	A=A,B=B,C=C,D=D
8BWL-assembly1.cif	cf_dropout_full_woTemplates_model_1_multimer_v1_pred_54.pdb	0	6081	0.718088	A=C,B=B,C=A,D=D
8BWL-assembly1.cif	cf_woTemplates_model_1_multimer_v1_pred_35.pdb	0	7065	0.718084	A=C,B=B,C=A,D=D
8BWL-assembly1.cif	cf_dropout_full_woTemplates_model_4_multimer_v1_pred_32.pdb	0	6660	0.718083	A=A,B=D,C=C,D=B
8BWL-assembly1.cif	afm_basic_model_3_multimer_v1_pred_57.pdb	0	456	0.718079	A=A,B=D,C=C,D=B
8BWL-assembly1.cif	afm_dropout_full_model_1_multimer_v2_pred_62.pdb	0	1132	0.718074	A=A,B=B,C=C,D=D
8BWL-assembly1.cif	cf_dropout_full_woTemplates_model_2_multimer_v3_pred_53.pdb	0	6415	0.718071	A=A,B=D,C=C,D=B
8BWL-assembly1.cif	cf_woTemplates_model_1_multimer_v3_pred_8.pdb	0	7235	0.71807	A=A,B=B,C=C,D=D
8BWL-assembly1.cif	afm_dropout_full_model_1_multimer_v2_pred_25.pdb	0	1091	0.718067	A=A,B=B,C=C,D=D
8BWL-assembly1.cif	cf_dropout_full_woTemplates_model_2_multimer_v3_pred_2.pdb	0	6378	0.718066	A=C,B=B,C=A,D=D
8BWL-assembly1.cif	cf_dropout_full_woTemplates_model_4_multimer_v1_pred_0.pdb	0	6634	0.718065	A=C,B=B,C=A,D=D
8BWL-assembly1.cif	cf_woTemplates_model_3_multimer_v3_pred_63.pdb	0	7632	0.718056	A=C,B=B,C=A,D=D
8BWL-assembly1.cif	afm_dropout_full_model_4_multimer_v2_pred_36.pdb	0	1706	0.718055	A=C,B=B,C=A,D=D
8BWL-assembly1.cif	cf_woTemplates_model_4_multimer_v3_pred_6.pdb	0	7829	0.718053	A=C,B=B,C=A,D=D
8BWL-assembly1.cif	afm_woTemplates_model_5_multimer_v2_pred_36.pdb	0	5927	0.718053	A=C,B=D,C=A,D=B
8BWL-assembly1.cif	afm_basic_model_3_multimer_v1_pred_58.pdb	0	457	0.718044	A=C,B=B,C=A,D=D
8BWL-assembly1.cif	afm_dropout_full_woTemplates_r3_model_1_multimer_v3_pred_47.pdb	0	3192	0.718043	A=A,B=B,C=C,D=D
8BWL-assembly1.cif	afm_dropout_noSM_woTemplates_model_3_multimer_v3_pred_48.pdb	0	4600	0.71804	A=C,B=D,C=A,D=B
8BWL-assembly1.cif	afm_dropout_full_model_1_multimer_v1_pred_64.pdb	0	1067	0.718039	A=C,B=B,C=A,D=D
8BWL-assembly1.cif	afm_dropout_full_model_1_multimer_v2_pred_16.pdb	0	1081	0.718027	A=A,B=D,C=C,D=B
8BWL-assembly1.cif	afm_dropout_full_model_2_multimer_v2_pred_3.pdb	0	1297	0.718018	A=C,B=B,C=A,D=D
8BWL-assembly1.cif	afm_dropout_full_woTemplates_model_1_multimer_v3_pred_49.pdb	0	2189	0.71801	A=C,B=B,C=A,D=D
8BWL-assembly1.cif	afm_basic_model_3_multimer_v1_pred_13.pdb	0	408	0.718009	A=A,B=D,C=C,D=B
8BWL-assembly1.cif	cf_dropout_full_woTemplates_model_1_multimer_v3_pred_60.pdb	0	6222	0.718006	A=A,B=D,C=C,D=B
8BWL-assembly1.cif	afm_dropout_full_model_3_multimer_v2_pred_17.pdb	0	1484	0.718006	A=C,B=B,C=A,D=D
8BWL-assembly1.cif	afm_dropout_full_woTemplates_r3_model_5_multimer_v3_pred_1.pdb	0	3955	0.717994	A=C,B=D,C=A,D=B
8BWL-assembly1.cif	cf_woTemplates_model_1_multimer_v3_pred_24.pdb	0	7187	0.717986	A=C,B=D,C=A,D=B
8BWL-assembly1.cif	cf_dropout_full_woTemplates_model_2_multimer_v2_pred_10.pdb	0	6301	0.717978	A=C,B=B,C=A,D=D
8BWL-assembly1.cif	afm_dropout_full_model_1_multimer_v2_pred_26.pdb	0	1092	0.717978	A=C,B=B,C=A,D=D
8BWL-assembly1.cif	afm_basic_model_3_multimer_v1_pred_15.pdb	0	410	0.717975	A=C,B=B,C=A,D=D
8BWL-assembly1.cif	cf_dropout_full_woTemplates_model_1_multimer_v3_pred_45.pdb	0	6205	0.717952	A=C,B=D,C=A,D=B
8BWL-assembly1.cif	afm_basic_model_5_multimer_v1_pred_35.pdb	0	834	0.71795	A=C,B=B,C=A,D=D
8BWL-assembly1.cif	afm_dropout_full_model_1_multimer_v2_pred_18.pdb	0	1083	0.717948	A=C,B=D,C=A,D=B
8BWL-assembly1.cif	cf_dropout_full_woTemplates_model_3_multimer_v3_pred_51.pdb	0	6614	0.717947	A=C,B=B,C=A,D=D
8BWL-assembly1.cif	afm_dropout_full_woTemplates_model_2_multimer_v3_pred_65.pdb	0	2408	0.717941	A=C,B=B,C=A,D=D
8BWL-assembly1.cif	afm_dropout_full_woTemplates_r3_model_3_multimer_v3_pred_31.pdb	0	3577	0.71793	A=C,B=B,C=A,D=D
8BWL-assembly1.cif	afm_dropout_full_model_3_multimer_v3_pred_8.pdb	0	1607	0.717912	A=C,B=B,C=A,D=D
8BWL-assembly1.cif	afm_dropout_full_model_4_multimer_v2_pred_59.pdb	0	1731	0.717912	A=C,B=B,C=A,D=D
8BWL-assembly1.cif	afm_dropout_full_model_3_multimer_v3_pred_48.pdb	0	1585	0.717909	A=A,B=D,C=C,D=B
8BWL-assembly1.cif	afm_dropout_full_woTemplates_r3_model_3_multimer_v3_pred_63.pdb	0	3612	0.717908	A=C,B=D,C=A,D=B
8BWL-assembly1.cif	cf_woTemplates_model_2_multimer_v2_pred_1.pdb	0	7305	0.717903	A=A,B=B,C=C,D=D
8BWL-assembly1.cif	afm_dropout_full_woTemplates_model_3_multimer_v2_pred_38.pdb	0	2512	0.717902	A=A,B=D,C=C,D=B
8BWL-assembly1.cif	afm_dropout_full_model_1_multimer_v2_pred_9.pdb	0	1139	0.717898	A=A,B=B,C=C,D=D
8BWL-assembly1.cif	afm_dropout_full_woTemplates_model_3_multimer_v2_pred_57.pdb	0	2533	0.717893	A=C,B=B,C=A,D=D
8BWL-assembly1.cif	afm_basic_model_2_multimer_v2_pred_21.pdb	0	283	0.717886	A=A,B=D,C=C,D=B
8BWL-assembly1.cif	cf_dropout_full_woTemplates_model_2_multimer_v2_pred_40.pdb	0	6334	0.717879	A=A,B=D,C=C,D=B
8BWL-assembly1.cif	afm_dropout_full_woTemplates_model_5_multimer_v2_pred_52.pdb	0	2930	0.717878	A=A,B=D,C=C,D=B
8BWL-assembly1.cif	afm_dropout_full_model_1_multimer_v2_pred_49.pdb	0	1117	0.717865	A=C,B=D,C=A,D=B
8BWL-assembly1.cif	afm_basic_model_3_multimer_v1_pred_65.pdb	0	465	0.717854	A=A,B=B,C=C,D=D
8BWL-assembly1.cif	cf_dropout_full_woTemplates_model_2_multimer_v2_pred_5.pdb	0	6344	0.717846	A=C,B=B,C=A,D=D
8BWL-assembly1.cif	afm_dropout_noSM_woTemplates_model_5_multimer_v3_pred_9.pdb	0	5025	0.717838	A=C,B=D,C=A,D=B
8BWL-assembly1.cif	afm_basic_model_5_multimer_v1_pred_55.pdb	0	856	0.717828	A=C,B=B,C=A,D=D
8BWL-assembly1.cif	cf_dropout_full_woTemplates_model_5_multimer_v1_pred_0.pdb	0	6835	0.717823	A=C,B=B,C=A,D=D
8BWL-assembly1.cif	afm_dropout_full_woTemplates_model_4_multimer_v3_pred_54.pdb	0	2798	0.717821	A=A,B=D,C=C,D=B
8BWL-assembly1.cif	afm_basic_model_5_multimer_v1_pred_18.pdb	0	815	0.71781	A=A,B=D,C=C,D=B
8BWL-assembly1.cif	afm_basic_model_4_multimer_v3_pred_10.pdb	0	740	0.71781	A=C,B=B,C=A,D=D
8BWL-assembly1.cif	afm_basic_model_2_multimer_v3_pred_19.pdb	0	347	0.717804	A=C,B=D,C=A,D=B
8BWL-assembly1.cif	afm_woTemplates_model_2_multimer_v2_pred_22.pdb	0	5309	0.717804	A=A,B=B,C=C,D=D
8BWL-assembly1.cif	cf_woTemplates_model_4_multimer_v1_pred_27.pdb	0	7659	0.717798	A=C,B=B,C=A,D=D
8BWL-assembly1.cif	afm_woTemplates_model_2_multimer_v2_pred_54.pdb	0	5344	0.717797	A=C,B=B,C=A,D=D
8BWL-assembly1.cif	afm_dropout_full_model_5_multimer_v1_pred_12.pdb	0	1814	0.717797	A=C,B=B,C=A,D=D
8BWL-assembly1.cif	afm_dropout_full_model_1_multimer_v1_pred_59.pdb	0	1061	0.717789	A=C,B=B,C=A,D=D
8BWL-assembly1.cif	cf_woTemplates_model_2_multimer_v3_pred_46.pdb	0	7412	0.717785	A=C,B=B,C=A,D=D
8BWL-assembly1.cif	afm_woTemplates_model_2_multimer_v3_pred_38.pdb	0	5393	0.717785	A=A,B=D,C=C,D=B
8BWL-assembly1.cif	afm_dropout_full_model_3_multimer_v1_pred_5.pdb	0	1453	0.717781	A=A,B=D,C=C,D=B
8BWL-assembly1.cif	cf_woTemplates_model_2_multimer_v1_pred_11.pdb	0	7240	0.717781	A=C,B=B,C=A,D=D
8BWL-assembly1.cif	cf_woTemplates_model_1_multimer_v3_pred_61.pdb	0	7228	0.717779	A=C,B=B,C=A,D=D
8BWL-assembly1.cif	afm_basic_model_4_multimer_v2_pred_8.pdb	0	736	0.717778	A=C,B=D,C=A,D=B
8BWL-assembly1.cif	cf_dropout_full_woTemplates_model_4_multimer_v3_pred_7.pdb	0	6832	0.717775	A=A,B=B,C=C,D=D
8BWL-assembly1.cif	cf_dropout_full_woTemplates_model_2_multimer_v2_pred_19.pdb	0	6310	0.717768	A=A,B=B,C=C,D=D
8BWL-assembly1.cif	afm_dropout_full_model_3_multimer_v1_pred_27.pdb	0	1428	0.717767	A=A,B=D,C=C,D=B
8BWL-assembly1.cif	afm_dropout_full_model_2_multimer_v2_pred_5.pdb	0	1319	0.717764	A=C,B=B,C=A,D=D
8BWL-assembly1.cif	cf_dropout_full_woTemplates_model_5_multimer_v1_pred_24.pdb	0	6852	0.717759	A=C,B=B,C=A,D=D
8BWL-assembly1.cif	cf_dropout_full_woTemplates_model_1_multimer_v1_pred_1.pdb	0	6032	0.717757	A=C,B=B,C=A,D=D
8BWL-assembly1.cif	afm_dropout_full_woTemplates_model_3_multimer_v3_pred_30.pdb	0	2571	0.717747	A=C,B=D,C=A,D=B
8BWL-assembly1.cif	afm_dropout_full_woTemplates_model_3_multimer_v3_pred_6.pdb	0	2603	0.717735	A=A,B=D,C=C,D=B
8BWL-assembly1.cif	afm_dropout_full_woTemplates_model_3_multimer_v2_pred_53.pdb	0	2529	0.717733	A=C,B=B,C=A,D=D
8BWL-assembly1.cif	afm_dropout_full_woTemplates_model_2_multimer_v2_pred_34.pdb	0	2307	0.717725	A=C,B=D,C=A,D=B
8BWL-assembly1.cif	afm_dropout_full_woTemplates_r3_model_1_multimer_v3_pred_9.pdb	0	3216	0.71772	A=C,B=B,C=A,D=D
8BWL-assembly1.cif	afm_basic_model_3_multimer_v1_pred_21.pdb	0	417	0.717709	A=A,B=B,C=C,D=D
8BWL-assembly1.cif	afm_dropout_noSM_woTemplates_model_4_multimer_v3_pred_24.pdb	0	4775	0.717698	A=A,B=D,C=C,D=B
8BWL-assembly1.cif	afm_dropout_full_model_2_multimer_v2_pred_35.pdb	0	1303	0.717688	A=A,B=D,C=C,D=B
8BWL-assembly1.cif	afm_dropout_full_model_5_multimer_v2_pred_64.pdb	0	1938	0.717673	A=C,B=B,C=A,D=D
8BWL-assembly1.cif	afm_dropout_full_model_1_multimer_v2_pred_1.pdb	0	1074	0.717672	A=C,B=D,C=A,D=B
8BWL-assembly1.cif	afm_dropout_full_woTemplates_model_4_multimer_v3_pred_52.pdb	0	2796	0.717662	A=A,B=B,C=C,D=D
8BWL-assembly1.cif	afm_dropout_full_woTemplates_model_5_multimer_v2_pred_29.pdb	0	2904	0.717661	A=A,B=D,C=C,D=B
8BWL-assembly1.cif	cf_woTemplates_model_2_multimer_v2_pred_64.pdb	0	7365	0.717649	A=C,B=B,C=A,D=D
8BWL-assembly1.cif	cf_woTemplates_model_2_multimer_v3_pred_11.pdb	0	7374	0.717639	A=A,B=B,C=C,D=D
8BWL-assembly1.cif	afm_dropout_noSM_woTemplates_model_1_multimer_v2_pred_28.pdb	0	4109	0.717623	A=C,B=D,C=A,D=B
8BWL-assembly1.cif	cf_dropout_full_woTemplates_model_3_multimer_v2_pred_36.pdb	0	6530	0.717617	A=C,B=B,C=A,D=D
8BWL-assembly1.cif	afm_basic_model_3_multimer_v3_pred_58.pdb	0	591	0.717616	A=A,B=D,C=C,D=B
8BWL-assembly1.cif	afm_woTemplates_model_1_multimer_v3_pred_1.pdb	0	5161	0.717612	A=C,B=B,C=A,D=D
8BWL-assembly1.cif	cf_dropout_full_woTemplates_model_3_multimer_v3_pred_41.pdb	0	6603	0.717609	A=A,B=D,C=C,D=B
8BWL-assembly1.cif	afm_dropout_full_model_1_multimer_v1_pred_26.pdb	0	1025	0.717603	A=C,B=B,C=A,D=D
8BWL-assembly1.cif	cf_dropout_full_woTemplates_model_2_multimer_v3_pred_36.pdb	0	6396	0.7176	A=A,B=D,C=C,D=B
8BWL-assembly1.cif	cf_dropout_full_woTemplates_model_1_multimer_v2_pred_1.pdb	0	6099	0.7176	A=C,B=D,C=A,D=B
8BWL-assembly1.cif	cf_dropout_full_woTemplates_model_3_multimer_v3_pred_35.pdb	0	6596	0.717595	A=C,B=B,C=A,D=D
8BWL-assembly1.cif	afm_dropout_full_woTemplates_r3_model_3_multimer_v2_pred_58.pdb	0	3539	0.717582	A=A,B=B,C=C,D=D
8BWL-assembly1.cif	afm_dropout_full_woTemplates_r3_model_3_multimer_v1_pred_13.pdb	0	3423	0.717581	A=A,B=D,C=C,D=B
8BWL-assembly1.cif	afm_dropout_full_woTemplates_model_2_multimer_v2_pred_66.pdb	0	2342	0.717563	A=A,B=B,C=C,D=D
8BWL-assembly1.cif	afm_dropout_full_model_3_multimer_v3_pred_63.pdb	0	1602	0.717555	A=A,B=D,C=C,D=B
8BWL-assembly1.cif	afm_dropout_full_woTemplates_model_2_multimer_v3_pred_15.pdb	0	2353	0.717551	A=C,B=D,C=A,D=B
8BWL-assembly1.cif	afm_dropout_full_model_2_multimer_v3_pred_46.pdb	0	1382	0.71755	A=C,B=D,C=A,D=B
8BWL-assembly1.cif	afm_dropout_full_model_5_multimer_v2_pred_44.pdb	0	1916	0.717545	A=A,B=D,C=C,D=B
8BWL-assembly1.cif	afm_dropout_noSM_woTemplates_model_2_multimer_v2_pred_51.pdb	0	4336	0.717544	A=A,B=D,C=C,D=B
8BWL-assembly1.cif	cf_woTemplates_model_2_multimer_v1_pred_12.pdb	0	7241	0.717537	A=A,B=D,C=C,D=B
8BWL-assembly1.cif	cf_woTemplates_model_3_multimer_v3_pred_25.pdb	0	7590	0.717529	A=C,B=D,C=A,D=B
8BWL-assembly1.cif	cf_woTemplates_model_1_multimer_v2_pred_22.pdb	0	7118	0.717528	A=A,B=B,C=C,D=D
8BWL-assembly1.cif	afm_dropout_full_woTemplates_model_1_multimer_v3_pred_33.pdb	0	2172	0.717522	A=A,B=B,C=C,D=D
8BWL-assembly1.cif	afm_dropout_full_model_2_multimer_v3_pred_44.pdb	0	1380	0.717517	A=C,B=B,C=A,D=D
8BWL-assembly1.cif	afm_dropout_full_model_4_multimer_v2_pred_66.pdb	0	1739	0.717516	A=A,B=B,C=C,D=D
8BWL-assembly1.cif	cf_woTemplates_model_1_multimer_v1_pred_10.pdb	0	7038	0.717514	A=C,B=D,C=A,D=B
8BWL-assembly1.cif	afm_dropout_full_woTemplates_r3_model_2_multimer_v2_pred_18.pdb	0	3294	0.717512	A=A,B=B,C=C,D=D
8BWL-assembly1.cif	cf_dropout_full_woTemplates_model_5_multimer_v1_pred_56.pdb	0	6887	0.717509	A=A,B=D,C=C,D=B
8BWL-assembly1.cif	afm_basic_model_4_multimer_v1_pred_40.pdb	0	639	0.717497	A=C,B=B,C=A,D=D
8BWL-assembly1.cif	afm_basic_model_3_multimer_v3_pred_1.pdb	0	538	0.717494	A=A,B=D,C=C,D=B
8BWL-assembly1.cif	afm_dropout_full_woTemplates_r3_model_3_multimer_v1_pred_2.pdb	0	3430	0.71749	A=C,B=D,C=A,D=B
8BWL-assembly1.cif	afm_dropout_full_woTemplates_model_4_multimer_v3_pred_25.pdb	0	2766	0.717488	A=A,B=B,C=C,D=D
8BWL-assembly1.cif	afm_basic_model_1_multimer_v2_pred_8.pdb	0	133	0.717479	A=C,B=B,C=A,D=D
8BWL-assembly1.cif	afm_dropout_full_woTemplates_model_3_multimer_v2_pred_8.pdb	0	2545	0.717479	A=C,B=D,C=A,D=B
8BWL-assembly1.cif	cf_dropout_full_woTemplates_model_5_multimer_v3_pred_57.pdb	0	7022	0.717476	A=C,B=D,C=A,D=B
8BWL-assembly1.cif	afm_dropout_full_woTemplates_r3_model_4_multimer_v3_pred_17.pdb	0	3762	0.717464	A=C,B=D,C=A,D=B
8BWL-assembly1.cif	afm_dropout_noSM_woTemplates_model_1_multimer_v2_pred_24.pdb	0	4105	0.717461	A=A,B=B,C=C,D=D
8BWL-assembly1.cif	afm_basic_model_3_multimer_v1_pred_26.pdb	0	422	0.71746	A=A,B=D,C=C,D=B
8BWL-assembly1.cif	cf_dropout_full_woTemplates_model_4_multimer_v3_pred_4.pdb	0	6802	0.71745	A=A,B=B,C=C,D=D
8BWL-assembly1.cif	cf_dropout_full_woTemplates_model_3_multimer_v3_pred_63.pdb	0	6627	0.717441	A=A,B=B,C=C,D=D
8BWL-assembly1.cif	afm_dropout_full_model_5_multimer_v1_pred_43.pdb	0	1848	0.717434	A=C,B=B,C=A,D=D
8BWL-assembly1.cif	afm_basic_model_1_multimer_v2_pred_13.pdb	0	73	0.717428	A=C,B=B,C=A,D=D
8BWL-assembly1.cif	afm_basic_model_2_multimer_v2_pred_47.pdb	0	311	0.717424	A=C,B=D,C=A,D=B
8BWL-assembly1.cif	cf_dropout_full_woTemplates_model_2_multimer_v3_pred_33.pdb	0	6393	0.71742	A=A,B=B,C=C,D=D
8BWL-assembly1.cif	afm_dropout_noSM_woTemplates_model_2_multimer_v2_pred_45.pdb	0	4329	0.717419	A=C,B=D,C=A,D=B
8BWL-assembly1.cif	cf_dropout_full_woTemplates_model_4_multimer_v3_pred_34.pdb	0	6796	0.717415	A=A,B=B,C=C,D=D
8BWL-assembly1.cif	cf_woTemplates_model_1_multimer_v1_pred_25.pdb	0	7054	0.717409	A=C,B=B,C=A,D=D
8BWL-assembly1.cif	afm_dropout_noSM_woTemplates_model_2_multimer_v1_pred_54.pdb	0	4272	0.717408	A=C,B=B,C=A,D=D
8BWL-assembly1.cif	cf_dropout_full_woTemplates_model_3_multimer_v3_pred_19.pdb	0	6578	0.717407	A=C,B=D,C=A,D=B
8BWL-assembly1.cif	afm_basic_model_1_multimer_v1_pred_45.pdb	0	41	0.717393	A=C,B=B,C=A,D=D
8BWL-assembly1.cif	afm_basic_model_2_multimer_v2_pred_42.pdb	0	306	0.717389	A=A,B=D,C=C,D=B
8BWL-assembly1.cif	cf_dropout_full_woTemplates_model_3_multimer_v1_pred_28.pdb	0	6454	0.717379	A=A,B=D,C=C,D=B
8BWL-assembly1.cif	cf_dropout_full_woTemplates_model_3_multimer_v3_pred_39.pdb	0	6600	0.717374	A=C,B=D,C=A,D=B
8BWL-assembly1.cif	cf_dropout_full_woTemplates_model_2_multimer_v3_pred_28.pdb	0	6387	0.717364	A=A,B=D,C=C,D=B
8BWL-assembly1.cif	afm_dropout_noSM_woTemplates_model_3_multimer_v3_pred_19.pdb	0	4568	0.717357	A=A,B=D,C=C,D=B
8BWL-assembly1.cif	cf_dropout_full_woTemplates_model_4_multimer_v1_pred_29.pdb	0	6656	0.717345	A=C,B=D,C=A,D=B
8BWL-assembly1.cif	afm_basic_model_2_multimer_v3_pred_3.pdb	0	359	0.717344	A=A,B=B,C=C,D=D
8BWL-assembly1.cif	afm_woTemplates_model_2_multimer_v2_pred_3.pdb	0	5317	0.717339	A=A,B=B,C=C,D=D
8BWL-assembly1.cif	afm_basic_model_3_multimer_v3_pred_33.pdb	0	564	0.717337	A=C,B=B,C=A,D=D
8BWL-assembly1.cif	cf_woTemplates_model_1_multimer_v3_pred_63.pdb	0	7230	0.717328	A=A,B=D,C=C,D=B
8BWL-assembly1.cif	cf_dropout_full_woTemplates_model_1_multimer_v1_pred_2.pdb	0	6043	0.717327	A=C,B=B,C=A,D=D
8BWL-assembly1.cif	cf_dropout_full_woTemplates_model_2_multimer_v3_pred_26.pdb	0	6385	0.717309	A=A,B=D,C=C,D=B
8BWL-assembly1.cif	afm_woTemplates_model_2_multimer_v3_pred_44.pdb	0	5400	0.717306	A=C,B=B,C=A,D=D
8BWL-assembly1.cif	cf_woTemplates_model_3_multimer_v2_pred_65.pdb	0	7567	0.717304	A=C,B=D,C=A,D=B
8BWL-assembly1.cif	cf_woTemplates_model_3_multimer_v3_pred_16.pdb	0	7580	0.717298	A=A,B=D,C=C,D=B
8BWL-assembly1.cif	afm_dropout_full_model_4_multimer_v2_pred_65.pdb	0	1738	0.717296	A=A,B=D,C=C,D=B
8BWL-assembly1.cif	afm_dropout_full_woTemplates_model_5_multimer_v2_pred_9.pdb	0	2948	0.717291	A=C,B=B,C=A,D=D
8BWL-assembly1.cif	afm_dropout_full_woTemplates_r3_model_3_multimer_v3_pred_34.pdb	0	3580	0.717291	A=C,B=D,C=A,D=B
8BWL-assembly1.cif	cf_woTemplates_model_3_multimer_v3_pred_59.pdb	0	7627	0.717289	A=C,B=B,C=A,D=D
8BWL-assembly1.cif	cf_woTemplates_model_5_multimer_v2_pred_66.pdb	0	7970	0.717288	A=C,B=B,C=A,D=D
8BWL-assembly1.cif	cf_woTemplates_model_4_multimer_v1_pred_60.pdb	0	7696	0.717286	A=C,B=B,C=A,D=D
8BWL-assembly1.cif	cf_dropout_full_woTemplates_model_1_multimer_v3_pred_1.pdb	0	6166	0.717286	A=C,B=B,C=A,D=D
8BWL-assembly1.cif	afm_woTemplates_model_2_multimer_v3_pred_54.pdb	0	5411	0.717286	A=C,B=D,C=A,D=B
8BWL-assembly1.cif	afm_dropout_full_woTemplates_model_4_multimer_v1_pred_46.pdb	0	2655	0.717283	A=A,B=D,C=C,D=B
8BWL-assembly1.cif	cf_woTemplates_model_1_multimer_v3_pred_36.pdb	0	7200	0.717272	A=A,B=D,C=C,D=B
8BWL-assembly1.cif	afm_dropout_full_woTemplates_model_3_multimer_v3_pred_51.pdb	0	2594	0.717255	A=C,B=D,C=A,D=B
8BWL-assembly1.cif	cf_woTemplates_model_4_multimer_v3_pred_52.pdb	0	7821	0.717254	A=C,B=D,C=A,D=B
8BWL-assembly1.cif	afm_woTemplates_model_1_multimer_v3_pred_18.pdb	0	5170	0.717253	A=C,B=B,C=A,D=D
8BWL-assembly1.cif	cf_woTemplates_model_2_multimer_v1_pred_60.pdb	0	7294	0.717248	A=C,B=D,C=A,D=B
8BWL-assembly1.cif	afm_dropout_full_model_2_multimer_v3_pred_24.pdb	0	1358	0.717246	A=A,B=B,C=C,D=D
8BWL-assembly1.cif	afm_dropout_full_woTemplates_model_4_multimer_v3_pred_41.pdb	0	2784	0.717232	A=A,B=B,C=C,D=D
8BWL-assembly1.cif	cf_woTemplates_model_3_multimer_v3_pred_28.pdb	0	7593	0.717225	A=C,B=B,C=A,D=D
8BWL-assembly1.cif	cf_dropout_full_woTemplates_model_3_multimer_v3_pred_43.pdb	0	6605	0.717222	A=A,B=D,C=C,D=B
8BWL-assembly1.cif	cf_woTemplates_model_2_multimer_v3_pred_4.pdb	0	7405	0.717216	A=A,B=B,C=C,D=D
8BWL-assembly1.cif	cf_woTemplates_model_1_multimer_v1_pred_57.pdb	0	7089	0.717213	A=C,B=D,C=A,D=B
8BWL-assembly1.cif	afm_dropout_full_model_2_multimer_v1_pred_8.pdb	0	1272	0.717211	A=C,B=B,C=A,D=D
8BWL-assembly1.cif	afm_woTemplates_model_2_multimer_v2_pred_60.pdb	0	5351	0.717204	A=C,B=D,C=A,D=B
8BWL-assembly1.cif	cf_dropout_full_woTemplates_model_1_multimer_v1_pred_41.pdb	0	6067	0.717204	A=C,B=B,C=A,D=D
8BWL-assembly1.cif	afm_woTemplates_model_1_multimer_v3_pred_5.pdb	0	5205	0.717186	A=A,B=B,C=C,D=D
8BWL-assembly1.cif	cf_woTemplates_model_1_multimer_v3_pred_54.pdb	0	7220	0.717186	A=A,B=B,C=C,D=D
8BWL-assembly1.cif	afm_dropout_full_model_1_multimer_v2_pred_40.pdb	0	1108	0.717186	A=C,B=B,C=A,D=D
8BWL-assembly1.cif	cf_dropout_full_woTemplates_model_1_multimer_v1_pred_8.pdb	0	6096	0.717178	A=C,B=B,C=A,D=D
8BWL-assembly1.cif	afm_woTemplates_model_3_multimer_v2_pred_54.pdb	0	5545	0.717178	A=C,B=D,C=A,D=B
8BWL-assembly1.cif	afm_woTemplates_model_4_multimer_v3_pred_7.pdb	0	5827	0.717165	A=A,B=D,C=C,D=B
8BWL-assembly1.cif	afm_dropout_full_woTemplates_model_3_multimer_v1_pred_19.pdb	0	2424	0.717164	A=A,B=D,C=C,D=B
8BWL-assembly1.cif	afm_dropout_full_model_3_multimer_v3_pred_33.pdb	0	1569	0.717155	A=C,B=D,C=A,D=B
8BWL-assembly1.cif	afm_dropout_noSM_woTemplates_model_2_multimer_v3_pred_14.pdb	0	4362	0.717152	A=A,B=D,C=C,D=B
8BWL-assembly1.cif	afm_dropout_noSM_woTemplates_model_2_multimer_v1_pred_41.pdb	0	4258	0.71715	A=A,B=D,C=C,D=B
8BWL-assembly1.cif	afm_basic_model_3_multimer_v3_pred_6.pdb	0	593	0.717144	A=A,B=B,C=C,D=D
8BWL-assembly1.cif	cf_woTemplates_model_5_multimer_v1_pred_1.pdb	0	7841	0.717122	A=C,B=B,C=A,D=D
8BWL-assembly1.cif	afm_dropout_noSM_woTemplates_model_5_multimer_v2_pred_62.pdb	0	4951	0.717095	A=A,B=D,C=C,D=B
8BWL-assembly1.cif	afm_dropout_full_model_4_multimer_v2_pred_1.pdb	0	1677	0.717086	A=A,B=B,C=C,D=D
8BWL-assembly1.cif	cf_dropout_full_woTemplates_model_4_multimer_v3_pred_65.pdb	0	6830	0.717086	A=A,B=B,C=C,D=D
8BWL-assembly1.cif	afm_dropout_full_woTemplates_model_1_multimer_v3_pred_21.pdb	0	2159	0.717082	A=A,B=D,C=C,D=B
8BWL-assembly1.cif	afm_dropout_full_model_4_multimer_v3_pred_11.pdb	0	1746	0.717081	A=A,B=B,C=C,D=D
8BWL-assembly1.cif	afm_basic_model_1_multimer_v2_pred_28.pdb	0	89	0.717077	A=A,B=D,C=C,D=B
8BWL-assembly1.cif	afm_dropout_noSM_woTemplates_model_2_multimer_v3_pred_6.pdb	0	4412	0.717076	A=C,B=D,C=A,D=B
8BWL-assembly1.cif	afm_dropout_full_woTemplates_r3_model_2_multimer_v3_pred_32.pdb	0	3377	0.717067	A=C,B=D,C=A,D=B
8BWL-assembly1.cif	cf_dropout_full_woTemplates_model_1_multimer_v2_pred_33.pdb	0	6125	0.717055	A=C,B=D,C=A,D=B
8BWL-assembly1.cif	afm_woTemplates_model_4_multimer_v1_pred_1.pdb	0	5630	0.717054	A=A,B=B,C=C,D=D
8BWL-assembly1.cif	cf_woTemplates_model_1_multimer_v1_pred_29.pdb	0	7058	0.717054	A=C,B=B,C=A,D=D
8BWL-assembly1.cif	cf_woTemplates_model_3_multimer_v1_pred_56.pdb	0	7490	0.717053	A=C,B=B,C=A,D=D
8BWL-assembly1.cif	afm_woTemplates_model_3_multimer_v2_pred_11.pdb	0	5498	0.717051	A=C,B=D,C=A,D=B
8BWL-assembly1.cif	afm_dropout_full_woTemplates_model_2_multimer_v2_pred_54.pdb	0	2329	0.717044	A=A,B=B,C=C,D=D
8BWL-assembly1.cif	afm_basic_model_2_multimer_v2_pred_15.pdb	0	276	0.717037	A=A,B=D,C=C,D=B
8BWL-assembly1.cif	cf_woTemplates_model_3_multimer_v3_pred_45.pdb	0	7612	0.717036	A=A,B=B,C=C,D=D
8BWL-assembly1.cif	afm_woTemplates_model_5_multimer_v2_pred_34.pdb	0	5925	0.717019	A=A,B=D,C=C,D=B
8BWL-assembly1.cif	cf_dropout_full_woTemplates_model_5_multimer_v3_pred_63.pdb	0	7029	0.717019	A=C,B=D,C=A,D=B
8BWL-assembly1.cif	cf_woTemplates_model_2_multimer_v3_pred_38.pdb	0	7403	0.717017	A=C,B=B,C=A,D=D
8BWL-assembly1.cif	afm_dropout_full_model_4_multimer_v3_pred_50.pdb	0	1789	0.717015	A=C,B=D,C=A,D=B
8BWL-assembly1.cif	afm_dropout_full_model_1_multimer_v2_pred_27.pdb	0	1093	0.717003	A=A,B=B,C=C,D=D
8BWL-assembly1.cif	cf_woTemplates_model_2_multimer_v3_pred_20.pdb	0	7384	0.716993	A=C,B=D,C=A,D=B
8BWL-assembly1.cif	afm_dropout_full_model_2_multimer_v2_pred_6.pdb	0	1330	0.716989	A=A,B=D,C=C,D=B
8BWL-assembly1.cif	afm_basic_model_2_multimer_v2_pred_64.pdb	0	330	0.716986	A=A,B=D,C=C,D=B
8BWL-assembly1.cif	cf_dropout_full_woTemplates_model_2_multimer_v3_pred_61.pdb	0	6424	0.71698	A=C,B=D,C=A,D=B
8BWL-assembly1.cif	cf_woTemplates_model_3_multimer_v3_pred_40.pdb	0	7607	0.716971	A=A,B=B,C=C,D=D
8BWL-assembly1.cif	afm_basic_model_2_multimer_v2_pred_65.pdb	0	331	0.716969	A=A,B=D,C=C,D=B
8BWL-assembly1.cif	afm_dropout_full_model_3_multimer_v2_pred_55.pdb	0	1526	0.716968	A=A,B=B,C=C,D=D
8BWL-assembly1.cif	afm_dropout_full_model_2_multimer_v1_pred_4.pdb	0	1241	0.716965	A=C,B=B,C=A,D=D
8BWL-assembly1.cif	afm_basic_model_3_multimer_v3_pred_41.pdb	0	573	0.716964	A=A,B=B,C=C,D=D
8BWL-assembly1.cif	afm_woTemplates_model_2_multimer_v1_pred_25.pdb	0	5245	0.716962	A=A,B=D,C=C,D=B
8BWL-assembly1.cif	afm_dropout_full_woTemplates_model_4_multimer_v2_pred_50.pdb	0	2727	0.716953	A=A,B=D,C=C,D=B
8BWL-assembly1.cif	afm_basic_model_1_multimer_v2_pred_46.pdb	0	109	0.716951	A=C,B=B,C=A,D=D
8BWL-assembly1.cif	afm_dropout_full_woTemplates_model_2_multimer_v2_pred_57.pdb	0	2332	0.716951	A=C,B=D,C=A,D=B
8BWL-assembly1.cif	afm_woTemplates_model_2_multimer_v3_pred_21.pdb	0	5375	0.716949	A=A,B=D,C=C,D=B
8BWL-assembly1.cif	afm_basic_model_2_multimer_v2_pred_49.pdb	0	313	0.716944	A=A,B=B,C=C,D=D
8BWL-assembly1.cif	cf_dropout_full_woTemplates_model_3_multimer_v3_pred_10.pdb	0	6569	0.716943	A=A,B=B,C=C,D=D
8BWL-assembly1.cif	afm_basic_model_4_multimer_v2_pred_25.pdb	0	689	0.716941	A=A,B=D,C=C,D=B
8BWL-assembly1.cif	afm_basic_model_1_multimer_v2_pred_36.pdb	0	98	0.716939	A=C,B=B,C=A,D=D
8BWL-assembly1.cif	afm_dropout_full_woTemplates_r3_model_2_multimer_v2_pred_8.pdb	0	3349	0.71693	A=A,B=D,C=C,D=B
8BWL-assembly1.cif	afm_dropout_noSM_woTemplates_model_5_multimer_v2_pred_66.pdb	0	4955	0.716927	A=C,B=D,C=A,D=B
8BWL-assembly1.cif	cf_dropout_full_woTemplates_model_3_multimer_v1_pred_51.pdb	0	6480	0.716924	A=A,B=B,C=C,D=D
8BWL-assembly1.cif	cf_dropout_full_woTemplates_model_4_multimer_v3_pred_59.pdb	0	6823	0.716922	A=C,B=B,C=A,D=D
8BWL-assembly1.cif	afm_dropout_full_model_1_multimer_v1_pred_58.pdb	0	1060	0.716921	A=C,B=D,C=A,D=B
8BWL-assembly1.cif	afm_dropout_full_woTemplates_r3_model_3_multimer_v3_pred_24.pdb	0	3569	0.716918	A=C,B=D,C=A,D=B
8BWL-assembly1.cif	afm_dropout_full_model_5_multimer_v2_pred_31.pdb	0	1902	0.716906	A=A,B=B,C=C,D=D
8BWL-assembly1.cif	afm_dropout_full_woTemplates_r3_model_3_multimer_v3_pred_62.pdb	0	3611	0.7169	A=C,B=D,C=A,D=B
8BWL-assembly1.cif	afm_basic_model_1_multimer_v1_pred_20.pdb	0	14	0.716899	A=C,B=B,C=A,D=D
8BWL-assembly1.cif	afm_dropout_full_woTemplates_r3_model_1_multimer_v2_pred_9.pdb	0	3149	0.716893	A=C,B=D,C=A,D=B
8BWL-assembly1.cif	afm_basic_model_3_multimer_v3_pred_49.pdb	0	581	0.716889	A=A,B=B,C=C,D=D
8BWL-assembly1.cif	afm_dropout_full_woTemplates_model_2_multimer_v1_pred_37.pdb	0	2243	0.716884	A=C,B=D,C=A,D=B
8BWL-assembly1.cif	cf_dropout_full_woTemplates_model_1_multimer_v3_pred_9.pdb	0	6231	0.716883	A=C,B=B,C=A,D=D
8BWL-assembly1.cif	cf_woTemplates_model_1_multimer_v3_pred_58.pdb	0	7224	0.716877	A=C,B=B,C=A,D=D
8BWL-assembly1.cif	afm_dropout_full_woTemplates_r3_model_4_multimer_v2_pred_28.pdb	0	3707	0.716869	A=C,B=B,C=A,D=D
8BWL-assembly1.cif	afm_basic_model_2_multimer_v2_pred_19.pdb	0	280	0.716868	A=A,B=B,C=C,D=D
8BWL-assembly1.cif	cf_woTemplates_model_2_multimer_v2_pred_36.pdb	0	7334	0.716867	A=C,B=D,C=A,D=B
8BWL-assembly1.cif	cf_woTemplates_model_3_multimer_v3_pred_34.pdb	0	7600	0.716859	A=A,B=D,C=C,D=B
8BWL-assembly1.cif	afm_woTemplates_model_2_multimer_v2_pred_57.pdb	0	5347	0.71685	A=C,B=D,C=A,D=B
8BWL-assembly1.cif	afm_basic_model_1_multimer_v1_pred_65.pdb	0	63	0.716837	A=A,B=D,C=C,D=B
8BWL-assembly1.cif	afm_dropout_full_woTemplates_model_1_multimer_v3_pred_24.pdb	0	2162	0.716825	A=A,B=B,C=C,D=D
8BWL-assembly1.cif	cf_woTemplates_model_3_multimer_v3_pred_55.pdb	0	7623	0.716822	A=C,B=B,C=A,D=D
8BWL-assembly1.cif	cf_woTemplates_model_5_multimer_v3_pred_23.pdb	0	7990	0.716819	A=C,B=D,C=A,D=B
8BWL-assembly1.cif	cf_dropout_full_woTemplates_model_3_multimer_v3_pred_44.pdb	0	6606	0.716809	A=A,B=D,C=C,D=B
8BWL-assembly1.cif	afm_dropout_full_woTemplates_model_2_multimer_v3_pred_46.pdb	0	2387	0.716804	A=C,B=B,C=A,D=D
8BWL-assembly1.cif	afm_basic_model_2_multimer_v1_pred_3.pdb	0	225	0.716801	A=A,B=D,C=C,D=B
8BWL-assembly1.cif	afm_basic_model_3_multimer_v1_pred_54.pdb	0	453	0.716799	A=C,B=B,C=A,D=D
8BWL-assembly1.cif	cf_woTemplates_model_5_multimer_v2_pred_6.pdb	0	7963	0.716787	A=C,B=D,C=A,D=B
8BWL-assembly1.cif	afm_basic_model_4_multimer_v3_pred_8.pdb	0	803	0.716777	A=C,B=B,C=A,D=D
8BWL-assembly1.cif	afm_dropout_noSM_woTemplates_model_1_multimer_v3_pred_27.pdb	0	4175	0.716761	A=C,B=D,C=A,D=B
8BWL-assembly1.cif	afm_dropout_noSM_woTemplates_model_2_multimer_v3_pred_45.pdb	0	4396	0.716759	A=A,B=B,C=C,D=D
8BWL-assembly1.cif	cf_woTemplates_model_2_multimer_v2_pred_3.pdb	0	7327	0.716751	A=C,B=D,C=A,D=B
8BWL-assembly1.cif	cf_dropout_full_woTemplates_model_4_multimer_v3_pred_50.pdb	0	6814	0.716746	A=A,B=B,C=C,D=D
8BWL-assembly1.cif	cf_dropout_full_woTemplates_model_3_multimer_v2_pred_30.pdb	0	6524	0.716742	A=C,B=D,C=A,D=B
8BWL-assembly1.cif	afm_dropout_full_woTemplates_model_3_multimer_v2_pred_63.pdb	0	2540	0.71674	A=A,B=D,C=C,D=B
8BWL-assembly1.cif	cf_woTemplates_model_2_multimer_v3_pred_24.pdb	0	7388	0.716737	A=A,B=D,C=C,D=B
8BWL-assembly1.cif	afm_basic_model_2_multimer_v2_pred_66.pdb	0	332	0.716734	A=A,B=D,C=C,D=B
8BWL-assembly1.cif	afm_dropout_full_woTemplates_model_2_multimer_v1_pred_23.pdb	0	2228	0.716724	A=C,B=B,C=A,D=D
8BWL-assembly1.cif	cf_woTemplates_model_3_multimer_v3_pred_18.pdb	0	7582	0.716721	A=A,B=D,C=C,D=B
8BWL-assembly1.cif	cf_dropout_full_woTemplates_model_2_multimer_v3_pred_38.pdb	0	6398	0.71672	A=C,B=D,C=A,D=B
8BWL-assembly1.cif	afm_basic_model_1_multimer_v2_pred_64.pdb	0	129	0.716719	A=A,B=B,C=C,D=D
8BWL-assembly1.cif	afm_dropout_full_model_1_multimer_v2_pred_57.pdb	0	1126	0.716711	A=C,B=B,C=A,D=D
8BWL-assembly1.cif	afm_dropout_full_model_4_multimer_v3_pred_1.pdb	0	1744	0.716702	A=A,B=B,C=C,D=D
8BWL-assembly1.cif	afm_basic_model_1_multimer_v2_pred_29.pdb	0	90	0.716701	A=A,B=B,C=C,D=D
8BWL-assembly1.cif	afm_woTemplates_model_2_multimer_v1_pred_41.pdb	0	5263	0.7167	A=C,B=D,C=A,D=B
8BWL-assembly1.cif	afm_woTemplates_model_2_multimer_v3_pred_24.pdb	0	5378	0.716697	A=A,B=B,C=C,D=D
8BWL-assembly1.cif	afm_dropout_full_model_1_multimer_v1_pred_19.pdb	0	1017	0.716695	A=C,B=B,C=A,D=D
8BWL-assembly1.cif	afm_dropout_noSM_woTemplates_model_1_multimer_v2_pred_12.pdb	0	4092	0.716694	A=C,B=D,C=A,D=B
8BWL-assembly1.cif	afm_dropout_full_model_2_multimer_v3_pred_17.pdb	0	1350	0.716694	A=C,B=B,C=A,D=D
8BWL-assembly1.cif	afm_dropout_full_woTemplates_model_2_multimer_v3_pred_53.pdb	0	2395	0.716693	A=C,B=B,C=A,D=D
8BWL-assembly1.cif	afm_dropout_noSM_woTemplates_model_5_multimer_v3_pred_41.pdb	0	4995	0.716692	A=C,B=D,C=A,D=B
8BWL-assembly1.cif	afm_dropout_full_model_3_multimer_v2_pred_51.pdb	0	1522	0.716686	A=A,B=B,C=C,D=D
8BWL-assembly1.cif	afm_dropout_full_model_3_multimer_v3_pred_37.pdb	0	1573	0.716677	A=A,B=D,C=C,D=B
8BWL-assembly1.cif	afm_basic_model_1_multimer_v2_pred_53.pdb	0	117	0.716666	A=A,B=B,C=C,D=D
8BWL-assembly1.cif	cf_dropout_full_woTemplates_model_1_multimer_v2_pred_0.pdb	0	6098	0.716661	A=A,B=D,C=C,D=B
8BWL-assembly1.cif	afm_dropout_full_model_4_multimer_v2_pred_25.pdb	0	1694	0.716657	A=C,B=B,C=A,D=D
8BWL-assembly1.cif	afm_dropout_full_woTemplates_r3_model_2_multimer_v3_pred_46.pdb	0	3392	0.71664	A=C,B=D,C=A,D=B
8BWL-assembly1.cif	afm_dropout_full_woTemplates_model_2_multimer_v1_pred_33.pdb	0	2239	0.71664	A=A,B=B,C=C,D=D
8BWL-assembly1.cif	afm_dropout_full_model_3_multimer_v2_pred_37.pdb	0	1506	0.716637	A=C,B=B,C=A,D=D
8BWL-assembly1.cif	afm_dropout_full_woTemplates_model_2_multimer_v2_pred_37.pdb	0	2310	0.716635	A=A,B=D,C=C,D=B
8BWL-assembly1.cif	afm_woTemplates_model_2_multimer_v2_pred_65.pdb	0	5356	0.71663	A=C,B=D,C=A,D=B
8BWL-assembly1.cif	afm_dropout_full_woTemplates_r3_model_3_multimer_v3_pred_35.pdb	0	3581	0.716624	A=A,B=B,C=C,D=D
8BWL-assembly1.cif	afm_dropout_full_model_3_multimer_v3_pred_9.pdb	0	1608	0.716623	A=A,B=B,C=C,D=D
8BWL-assembly1.cif	afm_dropout_full_woTemplates_r3_model_3_multimer_v2_pred_11.pdb	0	3488	0.716621	A=C,B=D,C=A,D=B
8BWL-assembly1.cif	afm_basic_model_1_multimer_v2_pred_63.pdb	0	128	0.716621	A=C,B=D,C=A,D=B
8BWL-assembly1.cif	afm_dropout_full_model_4_multimer_v3_pred_14.pdb	0	1749	0.716617	A=C,B=D,C=A,D=B
8BWL-assembly1.cif	afm_dropout_full_model_2_multimer_v1_pred_54.pdb	0	1257	0.716611	A=A,B=D,C=C,D=B
8BWL-assembly1.cif	afm_dropout_full_model_2_multimer_v2_pred_8.pdb	0	1339	0.716609	A=A,B=B,C=C,D=D
8BWL-assembly1.cif	afm_dropout_full_woTemplates_r3_model_5_multimer_v2_pred_26.pdb	0	3906	0.716605	A=C,B=D,C=A,D=B
8BWL-assembly1.cif	cf_dropout_full_woTemplates_model_2_multimer_v3_pred_46.pdb	0	6407	0.716604	A=A,B=D,C=C,D=B
8BWL-assembly1.cif	afm_basic_model_3_multimer_v3_pred_28.pdb	0	558	0.716599	A=C,B=B,C=A,D=D
8BWL-assembly1.cif	afm_dropout_full_model_3_multimer_v3_pred_11.pdb	0	1545	0.716593	A=A,B=D,C=C,D=B
8BWL-assembly1.cif	cf_woTemplates_model_4_multimer_v1_pred_8.pdb	0	7704	0.71659	A=A,B=B,C=C,D=D
8BWL-assembly1.cif	cf_dropout_full_woTemplates_model_2_multimer_v1_pred_45.pdb	0	6272	0.71659	A=A,B=D,C=C,D=B
8BWL-assembly1.cif	cf_woTemplates_model_1_multimer_v1_pred_12.pdb	0	7040	0.716587	A=A,B=D,C=C,D=B
8BWL-assembly1.cif	cf_woTemplates_model_3_multimer_v1_pred_63.pdb	0	7498	0.716586	A=C,B=B,C=A,D=D
8BWL-assembly1.cif	afm_woTemplates_model_2_multimer_v3_pred_20.pdb	0	5374	0.716581	A=A,B=D,C=C,D=B
8BWL-assembly1.cif	afm_dropout_full_woTemplates_model_2_multimer_v3_pred_18.pdb	0	2356	0.716577	A=A,B=D,C=C,D=B
8BWL-assembly1.cif	afm_dropout_full_model_5_multimer_v2_pred_59.pdb	0	1932	0.716576	A=A,B=B,C=C,D=D
8BWL-assembly1.cif	cf_woTemplates_model_5_multimer_v3_pred_12.pdb	0	7978	0.71657	A=A,B=B,C=C,D=D
8BWL-assembly1.cif	afm_basic_model_2_multimer_v2_pred_51.pdb	0	316	0.71656	A=A,B=B,C=C,D=D
8BWL-assembly1.cif	cf_woTemplates_model_1_multimer_v1_pred_33.pdb	0	7063	0.716559	A=A,B=D,C=C,D=B
8BWL-assembly1.cif	cf_dropout_full_woTemplates_model_2_multimer_v2_pred_20.pdb	0	6312	0.716557	A=C,B=B,C=A,D=D
8BWL-assembly1.cif	cf_woTemplates_model_1_multimer_v2_pred_12.pdb	0	7107	0.716548	A=A,B=D,C=C,D=B
8BWL-assembly1.cif	cf_woTemplates_model_2_multimer_v2_pred_21.pdb	0	7318	0.716547	A=C,B=D,C=A,D=B
8BWL-assembly1.cif	cf_dropout_full_woTemplates_model_3_multimer_v3_pred_18.pdb	0	6577	0.716543	A=C,B=B,C=A,D=D
8BWL-assembly1.cif	afm_basic_model_1_multimer_v2_pred_14.pdb	0	74	0.716542	A=C,B=B,C=A,D=D
8BWL-assembly1.cif	cf_dropout_full_woTemplates_model_4_multimer_v3_pred_46.pdb	0	6809	0.716505	A=C,B=B,C=A,D=D
8BWL-assembly1.cif	cf_woTemplates_model_2_multimer_v3_pred_0.pdb	0	7371	0.716501	A=C,B=B,C=A,D=D
8BWL-assembly1.cif	afm_dropout_full_model_4_multimer_v3_pred_0.pdb	0	1743	0.716499	A=A,B=D,C=C,D=B
8BWL-assembly1.cif	afm_dropout_full_woTemplates_model_5_multimer_v2_pred_14.pdb	0	2888	0.716481	A=A,B=B,C=C,D=D
8BWL-assembly1.cif	cf_dropout_full_woTemplates_model_2_multimer_v3_pred_3.pdb	0	6389	0.716478	A=A,B=D,C=C,D=B
8BWL-assembly1.cif	cf_woTemplates_model_2_multimer_v1_pred_23.pdb	0	7253	0.716473	A=C,B=D,C=A,D=B
8BWL-assembly1.cif	cf_woTemplates_model_1_multimer_v3_pred_21.pdb	0	7184	0.716472	A=C,B=D,C=A,D=B
8BWL-assembly1.cif	cf_woTemplates_model_2_multimer_v1_pred_13.pdb	0	7242	0.716472	A=A,B=D,C=C,D=B
8BWL-assembly1.cif	afm_dropout_full_woTemplates_r3_model_1_multimer_v3_pred_0.pdb	0	3150	0.716466	A=A,B=B,C=C,D=D
8BWL-assembly1.cif	afm_basic_model_2_multimer_v3_pred_1.pdb	0	337	0.716465	A=A,B=D,C=C,D=B
8BWL-assembly1.cif	afm_basic_model_4_multimer_v2_pred_21.pdb	0	685	0.71646	A=C,B=D,C=A,D=B
8BWL-assembly1.cif	afm_dropout_full_woTemplates_model_5_multimer_v2_pred_8.pdb	0	2947	0.71646	A=A,B=D,C=C,D=B
8BWL-assembly1.cif	afm_woTemplates_model_4_multimer_v3_pred_1.pdb	0	5764	0.716459	A=A,B=B,C=C,D=D
8BWL-assembly1.cif	afm_basic_model_2_multimer_v2_pred_58.pdb	0	323	0.716456	A=C,B=D,C=A,D=B
8BWL-assembly1.cif	afm_dropout_full_woTemplates_model_4_multimer_v2_pred_8.pdb	0	2746	0.716453	A=C,B=B,C=A,D=D
8BWL-assembly1.cif	afm_dropout_full_model_2_multimer_v3_pred_38.pdb	0	1373	0.716427	A=A,B=B,C=C,D=D
8BWL-assembly1.cif	afm_woTemplates_model_2_multimer_v2_pred_53.pdb	0	5343	0.71642	A=C,B=B,C=A,D=D
8BWL-assembly1.cif	afm_dropout_full_woTemplates_r3_model_2_multimer_v2_pred_3.pdb	0	3307	0.71642	A=C,B=D,C=A,D=B
8BWL-assembly1.cif	cf_woTemplates_model_2_multimer_v3_pred_16.pdb	0	7379	0.716414	A=C,B=D,C=A,D=B
8BWL-assembly1.cif	afm_dropout_full_model_3_multimer_v3_pred_5.pdb	0	1587	0.716408	A=C,B=B,C=A,D=D
8BWL-assembly1.cif	afm_basic_model_2_multimer_v3_pred_25.pdb	0	354	0.7164	A=C,B=B,C=A,D=D
8BWL-assembly1.cif	afm_dropout_full_model_3_multimer_v2_pred_26.pdb	0	1494	0.716399	A=A,B=B,C=C,D=D
8BWL-assembly1.cif	cf_dropout_full_woTemplates_model_4_multimer_v1_pred_18.pdb	0	6644	0.716398	A=A,B=D,C=C,D=B
8BWL-assembly1.cif	cf_woTemplates_model_2_multimer_v3_pred_7.pdb	0	7435	0.716397	A=A,B=B,C=C,D=D
8BWL-assembly1.cif	afm_dropout_full_woTemplates_model_1_multimer_v3_pred_35.pdb	0	2174	0.716394	A=C,B=B,C=A,D=D
8BWL-assembly1.cif	afm_woTemplates_model_2_multimer_v3_pred_4.pdb	0	5395	0.716389	A=C,B=B,C=A,D=D
8BWL-assembly1.cif	afm_dropout_full_model_5_multimer_v1_pred_60.pdb	0	1867	0.716388	A=C,B=B,C=A,D=D
8BWL-assembly1.cif	cf_dropout_full_woTemplates_model_5_multimer_v2_pred_28.pdb	0	6923	0.716386	A=A,B=B,C=C,D=D
8BWL-assembly1.cif	afm_dropout_full_model_3_multimer_v3_pred_7.pdb	0	1606	0.716386	A=C,B=B,C=A,D=D
8BWL-assembly1.cif	cf_woTemplates_model_3_multimer_v3_pred_24.pdb	0	7589	0.716385	A=C,B=D,C=A,D=B
8BWL-assembly1.cif	afm_dropout_noSM_woTemplates_model_2_multimer_v3_pred_65.pdb	0	4418	0.716382	A=A,B=B,C=C,D=D
8BWL-assembly1.cif	afm_basic_model_1_multimer_v2_pred_65.pdb	0	130	0.71638	A=A,B=D,C=C,D=B
8BWL-assembly1.cif	afm_basic_model_2_multimer_v2_pred_31.pdb	0	294	0.716372	A=A,B=B,C=C,D=D
8BWL-assembly1.cif	cf_woTemplates_model_2_multimer_v1_pred_38.pdb	0	7269	0.716369	A=C,B=B,C=A,D=D
8BWL-assembly1.cif	afm_dropout_full_model_4_multimer_v3_pred_23.pdb	0	1759	0.716363	A=A,B=D,C=C,D=B
8BWL-assembly1.cif	cf_woTemplates_model_1_multimer_v1_pred_44.pdb	0	7075	0.71636	A=A,B=D,C=C,D=B
8BWL-assembly1.cif	cf_woTemplates_model_2_multimer_v3_pred_40.pdb	0	7406	0.716345	A=A,B=D,C=C,D=B
8BWL-assembly1.cif	afm_dropout_full_model_5_multimer_v1_pred_49.pdb	0	1854	0.716341	A=A,B=D,C=C,D=B
8BWL-assembly1.cif	afm_dropout_full_woTemplates_model_2_multimer_v3_pred_38.pdb	0	2378	0.71634	A=C,B=D,C=A,D=B
8BWL-assembly1.cif	afm_dropout_full_woTemplates_r3_model_3_multimer_v2_pred_4.pdb	0	3519	0.716338	A=A,B=D,C=C,D=B
8BWL-assembly1.cif	cf_dropout_full_woTemplates_model_3_multimer_v3_pred_65.pdb	0	6629	0.716337	A=A,B=B,C=C,D=D
8BWL-assembly1.cif	afm_dropout_full_model_2_multimer_v1_pred_38.pdb	0	1239	0.716337	A=A,B=D,C=C,D=B
8BWL-assembly1.cif	afm_basic_model_2_multimer_v2_pred_5.pdb	0	314	0.716329	A=C,B=D,C=A,D=B
8BWL-assembly1.cif	afm_dropout_full_woTemplates_model_2_multimer_v2_pred_35.pdb	0	2308	0.716314	A=A,B=B,C=C,D=D
8BWL-assembly1.cif	cf_dropout_full_woTemplates_model_2_multimer_v2_pred_47.pdb	0	6341	0.716308	A=C,B=D,C=A,D=B
8BWL-assembly1.cif	cf_dropout_full_woTemplates_model_1_multimer_v2_pred_56.pdb	0	6150	0.716307	A=C,B=B,C=A,D=D
8BWL-assembly1.cif	cf_woTemplates_model_1_multimer_v2_pred_1.pdb	0	7104	0.716304	A=C,B=B,C=A,D=D
8BWL-assembly1.cif	cf_dropout_full_woTemplates_model_1_multimer_v1_pred_50.pdb	0	6077	0.716299	A=C,B=B,C=A,D=D
8BWL-assembly1.cif	cf_woTemplates_model_5_multimer_v2_pred_34.pdb	0	7935	0.716295	A=C,B=D,C=A,D=B
8BWL-assembly1.cif	afm_woTemplates_model_5_multimer_v2_pred_52.pdb	0	5945	0.716268	A=C,B=B,C=A,D=D
8BWL-assembly1.cif	afm_basic_model_1_multimer_v1_pred_42.pdb	0	38	0.716267	A=C,B=B,C=A,D=D
8BWL-assembly1.cif	cf_woTemplates_model_2_multimer_v3_pred_63.pdb	0	7431	0.71626	A=C,B=D,C=A,D=B
8BWL-assembly1.cif	afm_dropout_full_model_1_multimer_v1_pred_2.pdb	0	1018	0.716252	A=A,B=D,C=C,D=B
8BWL-assembly1.cif	afm_dropout_full_model_1_multimer_v3_pred_60.pdb	0	1197	0.716251	A=C,B=B,C=A,D=D
8BWL-assembly1.cif	afm_dropout_full_model_1_multimer_v2_pred_45.pdb	0	1113	0.716242	A=A,B=D,C=C,D=B
8BWL-assembly1.cif	afm_basic_model_4_multimer_v3_pred_22.pdb	0	753	0.716236	A=A,B=D,C=C,D=B
8BWL-assembly1.cif	cf_dropout_full_woTemplates_model_1_multimer_v3_pred_26.pdb	0	6184	0.716234	A=C,B=B,C=A,D=D
8BWL-assembly1.cif	afm_woTemplates_model_2_multimer_v2_pred_17.pdb	0	5303	0.71622	A=C,B=D,C=A,D=B
8BWL-assembly1.cif	cf_woTemplates_model_2_multimer_v2_pred_62.pdb	0	7363	0.716217	A=A,B=B,C=C,D=D
8BWL-assembly1.cif	cf_dropout_full_woTemplates_model_2_multimer_v2_pred_3.pdb	0	6322	0.716212	A=A,B=D,C=C,D=B
8BWL-assembly1.cif	afm_dropout_full_model_1_multimer_v3_pred_46.pdb	0	1181	0.716212	A=A,B=D,C=C,D=B
8BWL-assembly1.cif	afm_dropout_full_model_4_multimer_v3_pred_39.pdb	0	1776	0.716211	A=C,B=B,C=A,D=D
8BWL-assembly1.cif	afm_dropout_full_model_3_multimer_v3_pred_10.pdb	0	1544	0.716206	A=C,B=D,C=A,D=B
8BWL-assembly1.cif	cf_dropout_full_woTemplates_model_3_multimer_v3_pred_33.pdb	0	6594	0.716197	A=C,B=B,C=A,D=D
8BWL-assembly1.cif	afm_dropout_noSM_woTemplates_model_2_multimer_v3_pred_40.pdb	0	4391	0.716189	A=C,B=B,C=A,D=D
8BWL-assembly1.cif	afm_woTemplates_model_2_multimer_v2_pred_29.pdb	0	5316	0.716186	A=C,B=D,C=A,D=B
8BWL-assembly1.cif	afm_dropout_full_woTemplates_r3_model_3_multimer_v3_pred_15.pdb	0	3559	0.716174	A=C,B=D,C=A,D=B
8BWL-assembly1.cif	afm_dropout_full_model_1_multimer_v2_pred_24.pdb	0	1090	0.716172	A=A,B=D,C=C,D=B
8BWL-assembly1.cif	afm_dropout_full_model_2_multimer_v1_pred_5.pdb	0	1252	0.716166	A=A,B=D,C=C,D=B
8BWL-assembly1.cif	afm_dropout_full_model_3_multimer_v3_pred_22.pdb	0	1557	0.716162	A=A,B=D,C=C,D=B
8BWL-assembly1.cif	afm_dropout_noSM_woTemplates_model_5_multimer_v3_pred_28.pdb	0	4980	0.716158	A=C,B=D,C=A,D=B
8BWL-assembly1.cif	afm_basic_model_3_multimer_v3_pred_30.pdb	0	561	0.716157	A=C,B=B,C=A,D=D
8BWL-assembly1.cif	afm_woTemplates_model_5_multimer_v2_pred_24.pdb	0	5914	0.716157	A=A,B=B,C=C,D=D
8BWL-assembly1.cif	afm_dropout_full_model_4_multimer_v2_pred_58.pdb	0	1730	0.716144	A=C,B=D,C=A,D=B
8BWL-assembly1.cif	cf_dropout_full_woTemplates_model_4_multimer_v3_pred_9.pdb	0	6834	0.716143	A=C,B=B,C=A,D=D
8BWL-assembly1.cif	afm_woTemplates_model_2_multimer_v2_pred_34.pdb	0	5322	0.71614	A=A,B=D,C=C,D=B
8BWL-assembly1.cif	cf_woTemplates_model_1_multimer_v2_pred_51.pdb	0	7150	0.716129	A=C,B=D,C=A,D=B
8BWL-assembly1.cif	afm_woTemplates_model_1_multimer_v2_pred_38.pdb	0	5125	0.716121	A=A,B=B,C=C,D=D
8BWL-assembly1.cif	cf_dropout_full_woTemplates_model_2_multimer_v2_pred_21.pdb	0	6313	0.716117	A=C,B=B,C=A,D=D
8BWL-assembly1.cif	afm_woTemplates_model_2_multimer_v2_pred_11.pdb	0	5297	0.716111	A=C,B=B,C=A,D=D
8BWL-assembly1.cif	cf_woTemplates_model_1_multimer_v2_pred_61.pdb	0	7161	0.716104	A=A,B=B,C=C,D=D
8BWL-assembly1.cif	afm_dropout_full_model_2_multimer_v2_pred_57.pdb	0	1327	0.7161	A=C,B=D,C=A,D=B
8BWL-assembly1.cif	afm_dropout_full_model_2_multimer_v3_pred_48.pdb	0	1384	0.716099	A=C,B=D,C=A,D=B
8BWL-assembly1.cif	cf_woTemplates_model_3_multimer_v1_pred_8.pdb	0	7503	0.716099	A=C,B=B,C=A,D=D
8BWL-assembly1.cif	afm_dropout_full_woTemplates_model_3_multimer_v2_pred_15.pdb	0	2487	0.716086	A=A,B=D,C=C,D=B
8BWL-assembly1.cif	afm_dropout_full_model_5_multimer_v2_pred_66.pdb	0	1940	0.716086	A=A,B=D,C=C,D=B
8BWL-assembly1.cif	cf_woTemplates_model_1_multimer_v2_pred_36.pdb	0	7133	0.716086	A=A,B=B,C=C,D=D
8BWL-assembly1.cif	afm_dropout_full_woTemplates_model_5_multimer_v2_pred_25.pdb	0	2900	0.716079	A=A,B=D,C=C,D=B
8BWL-assembly1.cif	cf_dropout_full_woTemplates_model_2_multimer_v1_pred_39.pdb	0	6265	0.716078	A=A,B=D,C=C,D=B
8BWL-assembly1.cif	afm_dropout_full_woTemplates_model_4_multimer_v2_pred_4.pdb	0	2715	0.716072	A=C,B=B,C=A,D=D
8BWL-assembly1.cif	cf_dropout_full_woTemplates_model_3_multimer_v3_pred_47.pdb	0	6609	0.716068	A=A,B=B,C=C,D=D
8BWL-assembly1.cif	afm_dropout_full_woTemplates_r3_model_2_multimer_v3_pred_43.pdb	0	3389	0.716065	A=A,B=D,C=C,D=B
8BWL-assembly1.cif	afm_dropout_full_woTemplates_r3_model_3_multimer_v3_pred_49.pdb	0	3596	0.716064	A=C,B=D,C=A,D=B
8BWL-assembly1.cif	cf_woTemplates_model_2_multimer_v3_pred_29.pdb	0	7393	0.716064	A=C,B=D,C=A,D=B
8BWL-assembly1.cif	afm_dropout_full_model_3_multimer_v3_pred_36.pdb	0	1572	0.716063	A=C,B=D,C=A,D=B
8BWL-assembly1.cif	cf_woTemplates_model_2_multimer_v3_pred_42.pdb	0	7408	0.716056	A=A,B=D,C=C,D=B
8BWL-assembly1.cif	afm_dropout_noSM_woTemplates_model_5_multimer_v2_pred_39.pdb	0	4925	0.716051	A=C,B=B,C=A,D=D
8BWL-assembly1.cif	afm_dropout_full_model_3_multimer_v3_pred_2.pdb	0	1554	0.716046	A=C,B=B,C=A,D=D
8BWL-assembly1.cif	afm_dropout_full_model_1_multimer_v2_pred_37.pdb	0	1104	0.716042	A=C,B=B,C=A,D=D
8BWL-assembly1.cif	afm_dropout_full_model_4_multimer_v3_pred_9.pdb	0	1809	0.716036	A=A,B=B,C=C,D=D
8BWL-assembly1.cif	afm_dropout_full_model_3_multimer_v3_pred_51.pdb	0	1589	0.716033	A=A,B=D,C=C,D=B
8BWL-assembly1.cif	afm_woTemplates_model_2_multimer_v2_pred_48.pdb	0	5337	0.716032	A=C,B=D,C=A,D=B
8BWL-assembly1.cif	afm_dropout_full_model_5_multimer_v3_pred_41.pdb	0	1980	0.716032	A=C,B=B,C=A,D=D
8BWL-assembly1.cif	afm_basic_model_2_multimer_v1_pred_54.pdb	0	252	0.716028	A=C,B=B,C=A,D=D
8BWL-assembly1.cif	afm_dropout_full_woTemplates_r3_model_3_multimer_v2_pred_18.pdb	0	3495	0.716022	A=A,B=B,C=C,D=D
8BWL-assembly1.cif	afm_dropout_noSM_woTemplates_model_2_multimer_v3_pred_28.pdb	0	4377	0.716021	A=C,B=D,C=A,D=B
8BWL-assembly1.cif	afm_basic_model_2_multimer_v1_pred_65.pdb	0	264	0.716021	A=C,B=B,C=A,D=D
8BWL-assembly1.cif	afm_dropout_full_model_4_multimer_v3_pred_51.pdb	0	1790	0.716009	A=C,B=B,C=A,D=D
8BWL-assembly1.cif	afm_dropout_full_woTemplates_r3_model_1_multimer_v3_pred_63.pdb	0	3210	0.716006	A=C,B=D,C=A,D=B
8BWL-assembly1.cif	afm_dropout_full_woTemplates_model_1_multimer_v3_pred_38.pdb	0	2177	0.716005	A=C,B=D,C=A,D=B
8BWL-assembly1.cif	cf_woTemplates_model_4_multimer_v1_pred_7.pdb	0	7703	0.716004	A=A,B=D,C=C,D=B
8BWL-assembly1.cif	afm_dropout_noSM_woTemplates_model_1_multimer_v3_pred_45.pdb	0	4195	0.716004	A=C,B=D,C=A,D=B
8BWL-assembly1.cif	afm_dropout_noSM_woTemplates_model_2_multimer_v3_pred_56.pdb	0	4408	0.715997	A=C,B=B,C=A,D=D
8BWL-assembly1.cif	cf_dropout_full_woTemplates_model_5_multimer_v3_pred_44.pdb	0	7008	0.715991	A=A,B=B,C=C,D=D
8BWL-assembly1.cif	afm_dropout_full_woTemplates_r3_model_1_multimer_v3_pred_66.pdb	0	3213	0.715982	A=A,B=B,C=C,D=D
8BWL-assembly1.cif	afm_basic_model_1_multimer_v2_pred_7.pdb	0	132	0.715977	A=C,B=D,C=A,D=B
8BWL-assembly1.cif	afm_woTemplates_model_2_multimer_v1_pred_29.pdb	0	5249	0.715975	A=A,B=D,C=C,D=B
8BWL-assembly1.cif	afm_basic_model_3_multimer_v3_pred_4.pdb	0	571	0.715968	A=A,B=D,C=C,D=B
8BWL-assembly1.cif	afm_dropout_full_model_4_multimer_v2_pred_7.pdb	0	1740	0.715958	A=C,B=D,C=A,D=B
8BWL-assembly1.cif	cf_dropout_full_woTemplates_model_2_multimer_v2_pred_25.pdb	0	6317	0.715954	A=A,B=B,C=C,D=D
8BWL-assembly1.cif	cf_dropout_full_woTemplates_model_3_multimer_v3_pred_54.pdb	0	6617	0.715952	A=C,B=D,C=A,D=B
8BWL-assembly1.cif	afm_dropout_full_model_4_multimer_v2_pred_51.pdb	0	1723	0.715947	A=C,B=D,C=A,D=B
8BWL-assembly1.cif	afm_dropout_full_woTemplates_r3_model_2_multimer_v3_pred_21.pdb	0	3365	0.715941	A=A,B=D,C=C,D=B
8BWL-assembly1.cif	afm_basic_model_2_multimer_v3_pred_41.pdb	0	372	0.71593	A=C,B=B,C=A,D=D
8BWL-assembly1.cif	afm_dropout_full_model_2_multimer_v2_pred_55.pdb	0	1325	0.71593	A=A,B=D,C=C,D=B
8BWL-assembly1.cif	cf_woTemplates_model_3_multimer_v3_pred_21.pdb	0	7586	0.715929	A=A,B=D,C=C,D=B
8BWL-assembly1.cif	afm_dropout_full_model_4_multimer_v1_pred_60.pdb	0	1666	0.715913	A=A,B=D,C=C,D=B
8BWL-assembly1.cif	afm_dropout_full_model_1_multimer_v2_pred_63.pdb	0	1133	0.715899	A=A,B=D,C=C,D=B
8BWL-assembly1.cif	cf_woTemplates_model_4_multimer_v1_pred_49.pdb	0	7683	0.715893	A=C,B=B,C=A,D=D
8BWL-assembly1.cif	cf_woTemplates_model_4_multimer_v1_pred_62.pdb	0	7698	0.715891	A=C,B=B,C=A,D=D
8BWL-assembly1.cif	cf_woTemplates_model_2_multimer_v3_pred_51.pdb	0	7418	0.71589	A=A,B=B,C=C,D=D
8BWL-assembly1.cif	cf_dropout_full_woTemplates_model_1_multimer_v3_pred_21.pdb	0	6179	0.71589	A=C,B=B,C=A,D=D
8BWL-assembly1.cif	afm_woTemplates_model_2_multimer_v1_pred_1.pdb	0	5228	0.715888	A=C,B=B,C=A,D=D
8BWL-assembly1.cif	afm_woTemplates_model_3_multimer_v2_pred_3.pdb	0	5518	0.715886	A=C,B=D,C=A,D=B
8BWL-assembly1.cif	afm_basic_model_3_multimer_v1_pred_5.pdb	0	448	0.715876	A=C,B=B,C=A,D=D
8BWL-assembly1.cif	afm_woTemplates_model_1_multimer_v3_pred_11.pdb	0	5163	0.715868	A=A,B=B,C=C,D=D
8BWL-assembly1.cif	afm_dropout_full_model_4_multimer_v2_pred_10.pdb	0	1678	0.715865	A=A,B=D,C=C,D=B
8BWL-assembly1.cif	cf_woTemplates_model_1_multimer_v2_pred_0.pdb	0	7103	0.715861	A=C,B=B,C=A,D=D
8BWL-assembly1.cif	afm_dropout_full_woTemplates_model_2_multimer_v3_pred_10.pdb	0	2348	0.715858	A=A,B=B,C=C,D=D
8BWL-assembly1.cif	afm_dropout_full_woTemplates_model_2_multimer_v2_pred_39.pdb	0	2312	0.715838	A=A,B=D,C=C,D=B
8BWL-assembly1.cif	cf_woTemplates_model_1_multimer_v1_pred_11.pdb	0	7039	0.715837	A=A,B=D,C=C,D=B
8BWL-assembly1.cif	afm_dropout_full_woTemplates_r3_model_4_multimer_v3_pred_55.pdb	0	3804	0.715826	A=A,B=D,C=C,D=B
8BWL-assembly1.cif	cf_woTemplates_model_2_multimer_v3_pred_6.pdb	0	7427	0.715824	A=C,B=D,C=A,D=B
8BWL-assembly1.cif	afm_basic_model_3_multimer_v1_pred_43.pdb	0	441	0.715817	A=C,B=B,C=A,D=D
8BWL-assembly1.cif	afm_basic_model_2_multimer_v3_pred_52.pdb	0	384	0.715813	A=A,B=B,C=C,D=D
8BWL-assembly1.cif	cf_dropout_full_woTemplates_model_1_multimer_v1_pred_59.pdb	0	6086	0.715801	A=A,B=D,C=C,D=B
8BWL-assembly1.cif	afm_dropout_full_woTemplates_model_2_multimer_v3_pred_43.pdb	0	2384	0.715796	A=A,B=D,C=C,D=B
8BWL-assembly1.cif	afm_dropout_noSM_woTemplates_model_4_multimer_v2_pred_7.pdb	0	4755	0.715796	A=A,B=D,C=C,D=B
8BWL-assembly1.cif	afm_dropout_noSM_woTemplates_model_1_multimer_v3_pred_35.pdb	0	4184	0.715787	A=A,B=D,C=C,D=B
8BWL-assembly1.cif	afm_basic_model_1_multimer_v2_pred_23.pdb	0	84	0.715785	A=A,B=D,C=C,D=B
8BWL-assembly1.cif	afm_dropout_full_model_1_multimer_v2_pred_21.pdb	0	1087	0.71578	A=A,B=B,C=C,D=D
8BWL-assembly1.cif	afm_basic_model_1_multimer_v2_pred_33.pdb	0	95	0.715767	A=A,B=B,C=C,D=D
8BWL-assembly1.cif	afm_dropout_full_woTemplates_r3_model_1_multimer_v3_pred_34.pdb	0	3178	0.715758	A=C,B=D,C=A,D=B
8BWL-assembly1.cif	afm_dropout_full_woTemplates_r3_model_5_multimer_v2_pred_2.pdb	0	3899	0.715751	A=A,B=B,C=C,D=D
8BWL-assembly1.cif	afm_woTemplates_model_5_multimer_v2_pred_43.pdb	0	5935	0.715751	A=C,B=B,C=A,D=D
8BWL-assembly1.cif	cf_dropout_full_woTemplates_model_2_multimer_v2_pred_34.pdb	0	6327	0.715739	A=C,B=B,C=A,D=D
8BWL-assembly1.cif	cf_dropout_full_woTemplates_model_2_multimer_v2_pred_35.pdb	0	6328	0.715731	A=A,B=D,C=C,D=B
8BWL-assembly1.cif	afm_woTemplates_model_2_multimer_v1_pred_28.pdb	0	5248	0.715727	A=A,B=D,C=C,D=B
8BWL-assembly1.cif	afm_dropout_full_model_2_multimer_v1_pred_15.pdb	0	1214	0.715706	A=A,B=D,C=C,D=B
8BWL-assembly1.cif	afm_dropout_noSM_woTemplates_model_4_multimer_v2_pred_46.pdb	0	4732	0.715705	A=A,B=D,C=C,D=B
8BWL-assembly1.cif	afm_dropout_full_woTemplates_model_2_multimer_v3_pred_40.pdb	0	2381	0.715686	A=C,B=B,C=A,D=D
8BWL-assembly1.cif	afm_dropout_full_woTemplates_model_1_multimer_v3_pred_30.pdb	0	2169	0.715682	A=C,B=B,C=A,D=D
8BWL-assembly1.cif	afm_dropout_full_model_3_multimer_v2_pred_4.pdb	0	1509	0.71568	A=C,B=B,C=A,D=D
8BWL-assembly1.cif	afm_basic_model_2_multimer_v3_pred_24.pdb	0	353	0.71568	A=C,B=B,C=A,D=D
8BWL-assembly1.cif	afm_basic_model_3_multimer_v1_pred_47.pdb	0	445	0.715667	A=A,B=D,C=C,D=B
8BWL-assembly1.cif	cf_woTemplates_model_1_multimer_v1_pred_46.pdb	0	7077	0.715661	A=A,B=D,C=C,D=B
8BWL-assembly1.cif	afm_dropout_full_model_2_multimer_v3_pred_45.pdb	0	1381	0.71566	A=C,B=B,C=A,D=D
8BWL-assembly1.cif	afm_woTemplates_model_2_multimer_v1_pred_34.pdb	0	5255	0.715657	A=C,B=D,C=A,D=B
8BWL-assembly1.cif	afm_dropout_full_woTemplates_r3_model_3_multimer_v3_pred_17.pdb	0	3561	0.71563	A=A,B=B,C=C,D=D
8BWL-assembly1.cif	afm_dropout_noSM_woTemplates_model_2_multimer_v2_pred_33.pdb	0	4316	0.715622	A=A,B=D,C=C,D=B
8BWL-assembly1.cif	afm_dropout_full_woTemplates_model_1_multimer_v2_pred_16.pdb	0	2086	0.715615	A=A,B=D,C=C,D=B
8BWL-assembly1.cif	cf_woTemplates_model_3_multimer_v3_pred_8.pdb	0	7637	0.715608	A=C,B=B,C=A,D=D
8BWL-assembly1.cif	afm_basic_model_1_multimer_v1_pred_56.pdb	0	53	0.7156	A=A,B=D,C=C,D=B
8BWL-assembly1.cif	afm_dropout_full_model_1_multimer_v3_pred_5.pdb	0	1185	0.715581	A=A,B=B,C=C,D=D
8BWL-assembly1.cif	afm_dropout_full_model_2_multimer_v3_pred_4.pdb	0	1375	0.715576	A=A,B=B,C=C,D=D
8BWL-assembly1.cif	cf_woTemplates_model_4_multimer_v1_pred_16.pdb	0	7647	0.715576	A=A,B=D,C=C,D=B
8BWL-assembly1.cif	afm_dropout_full_model_1_multimer_v2_pred_35.pdb	0	1102	0.715572	A=C,B=B,C=A,D=D
8BWL-assembly1.cif	afm_dropout_full_model_2_multimer_v3_pred_20.pdb	0	1354	0.715562	A=C,B=B,C=A,D=D
8BWL-assembly1.cif	afm_dropout_full_model_5_multimer_v2_pred_57.pdb	0	1930	0.715547	A=A,B=B,C=C,D=D
8BWL-assembly1.cif	afm_dropout_noSM_woTemplates_model_5_multimer_v2_pred_30.pdb	0	4916	0.715534	A=C,B=D,C=A,D=B
8BWL-assembly1.cif	afm_dropout_full_woTemplates_r3_model_1_multimer_v3_pred_4.pdb	0	3184	0.71553	A=A,B=B,C=C,D=D
8BWL-assembly1.cif	cf_woTemplates_model_1_multimer_v3_pred_6.pdb	0	7226	0.71553	A=A,B=B,C=C,D=D
8BWL-assembly1.cif	cf_woTemplates_model_3_multimer_v3_pred_47.pdb	0	7614	0.715513	A=C,B=D,C=A,D=B
8BWL-assembly1.cif	cf_dropout_full_woTemplates_model_5_multimer_v2_pred_59.pdb	0	6957	0.715503	A=A,B=B,C=C,D=D
8BWL-assembly1.cif	afm_dropout_noSM_woTemplates_model_5_multimer_v2_pred_21.pdb	0	4906	0.715494	A=C,B=B,C=A,D=D
8BWL-assembly1.cif	afm_woTemplates_model_2_multimer_v3_pred_15.pdb	0	5368	0.715494	A=A,B=D,C=C,D=B
8BWL-assembly1.cif	afm_dropout_noSM_woTemplates_model_2_multimer_v3_pred_30.pdb	0	4380	0.715489	A=A,B=D,C=C,D=B
8BWL-assembly1.cif	afm_dropout_full_model_3_multimer_v3_pred_23.pdb	0	1558	0.715484	A=C,B=B,C=A,D=D
8BWL-assembly1.cif	afm_dropout_full_model_2_multimer_v3_pred_54.pdb	0	1391	0.71547	A=A,B=B,C=C,D=D
8BWL-assembly1.cif	afm_woTemplates_model_2_multimer_v3_pred_45.pdb	0	5401	0.715464	A=A,B=D,C=C,D=B
8BWL-assembly1.cif	afm_dropout_noSM_woTemplates_model_2_multimer_v2_pred_39.pdb	0	4322	0.715462	A=C,B=B,C=A,D=D
8BWL-assembly1.cif	afm_dropout_noSM_woTemplates_model_3_multimer_v3_pred_49.pdb	0	4601	0.71546	A=A,B=B,C=C,D=D
8BWL-assembly1.cif	cf_woTemplates_model_2_multimer_v3_pred_45.pdb	0	7411	0.715449	A=C,B=D,C=A,D=B
8BWL-assembly1.cif	cf_woTemplates_model_2_multimer_v3_pred_14.pdb	0	7377	0.715442	A=A,B=B,C=C,D=D
8BWL-assembly1.cif	cf_woTemplates_model_3_multimer_v3_pred_50.pdb	0	7618	0.715438	A=C,B=D,C=A,D=B
8BWL-assembly1.cif	afm_dropout_full_model_1_multimer_v2_pred_5.pdb	0	1118	0.715424	A=C,B=D,C=A,D=B
8BWL-assembly1.cif	afm_dropout_noSM_woTemplates_model_1_multimer_v3_pred_44.pdb	0	4194	0.715416	A=A,B=B,C=C,D=D
8BWL-assembly1.cif	afm_woTemplates_model_2_multimer_v3_pred_34.pdb	0	5389	0.715415	A=A,B=B,C=C,D=D
8BWL-assembly1.cif	afm_dropout_full_model_4_multimer_v2_pred_9.pdb	0	1742	0.715413	A=A,B=D,C=C,D=B
8BWL-assembly1.cif	afm_woTemplates_model_4_multimer_v3_pred_46.pdb	0	5804	0.715408	A=A,B=B,C=C,D=D
8BWL-assembly1.cif	cf_dropout_full_woTemplates_model_1_multimer_v2_pred_49.pdb	0	6142	0.715407	A=C,B=B,C=A,D=D
8BWL-assembly1.cif	afm_dropout_full_woTemplates_model_2_multimer_v2_pred_7.pdb	0	2343	0.715405	A=C,B=B,C=A,D=D
8BWL-assembly1.cif	afm_basic_model_2_multimer_v3_pred_27.pdb	0	356	0.715396	A=C,B=B,C=A,D=D
8BWL-assembly1.cif	afm_woTemplates_model_2_multimer_v3_pred_3.pdb	0	5384	0.715391	A=A,B=D,C=C,D=B
8BWL-assembly1.cif	cf_woTemplates_model_1_multimer_v1_pred_42.pdb	0	7073	0.715388	A=A,B=D,C=C,D=B
8BWL-assembly1.cif	afm_dropout_full_model_4_multimer_v2_pred_63.pdb	0	1736	0.715381	A=A,B=B,C=C,D=D
8BWL-assembly1.cif	afm_dropout_full_model_2_multimer_v2_pred_42.pdb	0	1311	0.715375	A=C,B=B,C=A,D=D
8BWL-assembly1.cif	cf_woTemplates_model_2_multimer_v2_pred_30.pdb	0	7328	0.715372	A=A,B=B,C=C,D=D
8BWL-assembly1.cif	afm_dropout_noSM_woTemplates_model_4_multimer_v1_pred_46.pdb	0	4665	0.71537	A=A,B=D,C=C,D=B
8BWL-assembly1.cif	afm_dropout_noSM_woTemplates_model_4_multimer_v2_pred_31.pdb	0	4716	0.715364	A=A,B=B,C=C,D=D
8BWL-assembly1.cif	cf_dropout_full_woTemplates_model_2_multimer_v3_pred_43.pdb	0	6404	0.715358	A=A,B=D,C=C,D=B
8BWL-assembly1.cif	afm_dropout_full_model_4_multimer_v3_pred_45.pdb	0	1783	0.715344	A=C,B=B,C=A,D=D
8BWL-assembly1.cif	afm_woTemplates_model_2_multimer_v3_pred_40.pdb	0	5396	0.715344	A=C,B=B,C=A,D=D
8BWL-assembly1.cif	afm_dropout_full_woTemplates_r3_model_3_multimer_v2_pred_27.pdb	0	3505	0.715337	A=A,B=B,C=C,D=D
8BWL-assembly1.cif	cf_woTemplates_model_3_multimer_v3_pred_6.pdb	0	7628	0.715333	A=A,B=B,C=C,D=D
8BWL-assembly1.cif	afm_dropout_full_model_1_multimer_v2_pred_19.pdb	0	1084	0.71533	A=C,B=B,C=A,D=D
8BWL-assembly1.cif	afm_dropout_full_model_4_multimer_v3_pred_13.pdb	0	1748	0.715305	A=C,B=B,C=A,D=D
8BWL-assembly1.cif	afm_dropout_full_woTemplates_r3_model_2_multimer_v2_pred_24.pdb	0	3301	0.715303	A=C,B=D,C=A,D=B
8BWL-assembly1.cif	cf_woTemplates_model_1_multimer_v3_pred_49.pdb	0	7214	0.715303	A=A,B=D,C=C,D=B
8BWL-assembly1.cif	cf_woTemplates_model_2_multimer_v3_pred_60.pdb	0	7428	0.715298	A=A,B=B,C=C,D=D
8BWL-assembly1.cif	afm_dropout_full_model_2_multimer_v3_pred_57.pdb	0	1394	0.715283	A=A,B=D,C=C,D=B
8BWL-assembly1.cif	afm_dropout_full_woTemplates_r3_model_2_multimer_v2_pred_16.pdb	0	3292	0.715281	A=A,B=B,C=C,D=D
8BWL-assembly1.cif	cf_woTemplates_model_1_multimer_v3_pred_34.pdb	0	7198	0.715279	A=A,B=D,C=C,D=B
8BWL-assembly1.cif	cf_woTemplates_model_1_multimer_v1_pred_38.pdb	0	7068	0.715276	A=A,B=D,C=C,D=B
8BWL-assembly1.cif	cf_dropout_full_woTemplates_model_1_multimer_v1_pred_49.pdb	0	6075	0.71527	A=C,B=B,C=A,D=D
8BWL-assembly1.cif	cf_woTemplates_model_3_multimer_v3_pred_62.pdb	0	7631	0.715265	A=A,B=B,C=C,D=D
8BWL-assembly1.cif	afm_dropout_noSM_woTemplates_model_4_multimer_v2_pred_18.pdb	0	4701	0.715263	A=C,B=B,C=A,D=D
8BWL-assembly1.cif	afm_basic_model_2_multimer_v2_pred_55.pdb	0	320	0.715249	A=A,B=D,C=C,D=B
8BWL-assembly1.cif	afm_dropout_full_model_3_multimer_v1_pred_41.pdb	0	1444	0.715239	A=A,B=D,C=C,D=B
8BWL-assembly1.cif	cf_dropout_full_woTemplates_model_2_multimer_v3_pred_12.pdb	0	6370	0.715236	A=A,B=D,C=C,D=B
8BWL-assembly1.cif	cf_dropout_full_woTemplates_model_3_multimer_v3_pred_34.pdb	0	6595	0.715227	A=C,B=B,C=A,D=D
8BWL-assembly1.cif	afm_basic_model_2_multimer_v3_pred_26.pdb	0	355	0.715218	A=A,B=B,C=C,D=D
8BWL-assembly1.cif	afm_basic_model_2_multimer_v3_pred_57.pdb	0	389	0.715217	A=A,B=B,C=C,D=D
8BWL-assembly1.cif	cf_dropout_full_woTemplates_model_2_multimer_v3_pred_34.pdb	0	6394	0.715207	A=C,B=B,C=A,D=D
8BWL-assembly1.cif	cf_dropout_full_woTemplates_model_4_multimer_v3_pred_30.pdb	0	6792	0.715202	A=C,B=B,C=A,D=D
8BWL-assembly1.cif	afm_basic_model_2_multimer_v2_pred_25.pdb	0	287	0.715198	A=A,B=D,C=C,D=B
8BWL-assembly1.cif	afm_basic_model_5_multimer_v2_pred_21.pdb	0	886	0.715192	A=C,B=B,C=A,D=D
8BWL-assembly1.cif	cf_dropout_full_woTemplates_model_2_multimer_v1_pred_12.pdb	0	6236	0.71519	A=C,B=D,C=A,D=B
8BWL-assembly1.cif	afm_dropout_full_model_4_multimer_v3_pred_48.pdb	0	1786	0.715186	A=C,B=D,C=A,D=B
8BWL-assembly1.cif	afm_dropout_full_woTemplates_model_2_multimer_v3_pred_58.pdb	0	2400	0.715185	A=C,B=D,C=A,D=B
8BWL-assembly1.cif	cf_woTemplates_model_1_multimer_v2_pred_23.pdb	0	7119	0.715185	A=A,B=D,C=C,D=B
8BWL-assembly1.cif	cf_dropout_full_woTemplates_model_1_multimer_v3_pred_33.pdb	0	6192	0.715182	A=A,B=B,C=C,D=D
8BWL-assembly1.cif	cf_dropout_full_woTemplates_model_3_multimer_v3_pred_30.pdb	0	6591	0.715181	A=C,B=B,C=A,D=D
8BWL-assembly1.cif	cf_woTemplates_model_2_multimer_v3_pred_41.pdb	0	7407	0.715173	A=C,B=B,C=A,D=D
8BWL-assembly1.cif	afm_dropout_full_woTemplates_model_2_multimer_v1_pred_45.pdb	0	2252	0.715165	A=A,B=D,C=C,D=B
8BWL-assembly1.cif	afm_dropout_full_woTemplates_model_5_multimer_v2_pred_27.pdb	0	2902	0.715156	A=A,B=B,C=C,D=D
8BWL-assembly1.cif	afm_basic_model_3_multimer_v3_pred_66.pdb	0	600	0.715156	A=A,B=B,C=C,D=D
8BWL-assembly1.cif	afm_dropout_full_model_4_multimer_v2_pred_45.pdb	0	1716	0.715155	A=C,B=D,C=A,D=B
8BWL-assembly1.cif	afm_dropout_full_woTemplates_model_1_multimer_v2_pred_10.pdb	0	2080	0.715155	A=C,B=D,C=A,D=B
8BWL-assembly1.cif	afm_basic_model_5_multimer_v3_pred_29.pdb	0	961	0.715142	A=C,B=B,C=A,D=D
8BWL-assembly1.cif	cf_dropout_full_woTemplates_model_2_multimer_v2_pred_27.pdb	0	6319	0.715142	A=A,B=B,C=C,D=D
8BWL-assembly1.cif	afm_dropout_noSM_woTemplates_model_1_multimer_v3_pred_42.pdb	0	4192	0.715133	A=C,B=B,C=A,D=D
8BWL-assembly1.cif	afm_woTemplates_model_2_multimer_v3_pred_0.pdb	0	5361	0.715124	A=A,B=B,C=C,D=D
8BWL-assembly1.cif	cf_woTemplates_model_1_multimer_v3_pred_9.pdb	0	7236	0.715118	A=A,B=B,C=C,D=D
8BWL-assembly1.cif	afm_dropout_full_model_1_multimer_v2_pred_3.pdb	0	1096	0.715117	A=A,B=B,C=C,D=D
8BWL-assembly1.cif	afm_dropout_full_model_2_multimer_v2_pred_4.pdb	0	1308	0.71511	A=A,B=D,C=C,D=B
8BWL-assembly1.cif	afm_woTemplates_model_2_multimer_v3_pred_51.pdb	0	5408	0.715099	A=A,B=D,C=C,D=B
8BWL-assembly1.cif	afm_dropout_full_woTemplates_model_4_multimer_v3_pred_24.pdb	0	2765	0.715099	A=C,B=B,C=A,D=D
8BWL-assembly1.cif	cf_woTemplates_model_2_multimer_v3_pred_27.pdb	0	7391	0.715097	A=C,B=D,C=A,D=B
8BWL-assembly1.cif	afm_basic_model_1_multimer_v2_pred_11.pdb	0	71	0.715097	A=A,B=D,C=C,D=B
8BWL-assembly1.cif	afm_dropout_full_model_1_multimer_v2_pred_65.pdb	0	1135	0.715095	A=A,B=B,C=C,D=D
8BWL-assembly1.cif	afm_basic_model_3_multimer_v3_pred_61.pdb	0	595	0.715094	A=A,B=D,C=C,D=B
8BWL-assembly1.cif	afm_dropout_full_woTemplates_r3_model_1_multimer_v3_pred_26.pdb	0	3169	0.715074	A=A,B=B,C=C,D=D
8BWL-assembly1.cif	cf_dropout_full_woTemplates_model_1_multimer_v1_pred_10.pdb	0	6033	0.715074	A=A,B=D,C=C,D=B
8BWL-assembly1.cif	afm_dropout_full_woTemplates_model_1_multimer_v3_pred_0.pdb	0	2145	0.715072	A=C,B=B,C=A,D=D
8BWL-assembly1.cif	afm_dropout_full_model_1_multimer_v3_pred_25.pdb	0	1158	0.715064	A=C,B=B,C=A,D=D
8BWL-assembly1.cif	cf_dropout_full_woTemplates_model_2_multimer_v2_pred_65.pdb	0	6361	0.715045	A=A,B=B,C=C,D=D
8BWL-assembly1.cif	afm_woTemplates_model_2_multimer_v2_pred_51.pdb	0	5341	0.715044	A=C,B=D,C=A,D=B
8BWL-assembly1.cif	afm_basic_model_1_multimer_v2_pred_9.pdb	0	134	0.715041	A=C,B=B,C=A,D=D
8BWL-assembly1.cif	afm_dropout_full_model_2_multimer_v3_pred_37.pdb	0	1372	0.71504	A=A,B=D,C=C,D=B
8BWL-assembly1.cif	afm_dropout_full_model_3_multimer_v2_pred_45.pdb	0	1515	0.715037	A=A,B=D,C=C,D=B
8BWL-assembly1.cif	cf_woTemplates_model_2_multimer_v3_pred_21.pdb	0	7385	0.715035	A=A,B=D,C=C,D=B
8BWL-assembly1.cif	cf_dropout_full_woTemplates_model_2_multimer_v2_pred_59.pdb	0	6354	0.715022	A=C,B=B,C=A,D=D
8BWL-assembly1.cif	afm_dropout_full_woTemplates_r3_model_1_multimer_v3_pred_54.pdb	0	3200	0.715002	A=C,B=B,C=A,D=D
8BWL-assembly1.cif	afm_basic_model_1_multimer_v1_pred_33.pdb	0	28	0.714983	A=A,B=B,C=C,D=D
8BWL-assembly1.cif	afm_dropout_full_woTemplates_model_3_multimer_v2_pred_61.pdb	0	2538	0.714978	A=C,B=B,C=A,D=D
8BWL-assembly1.cif	afm_dropout_full_model_5_multimer_v3_pred_44.pdb	0	1983	0.714978	A=C,B=D,C=A,D=B
8BWL-assembly1.cif	cf_dropout_full_woTemplates_model_4_multimer_v3_pred_27.pdb	0	6788	0.714976	A=C,B=B,C=A,D=D
8BWL-assembly1.cif	cf_woTemplates_model_4_multimer_v1_pred_29.pdb	0	7661	0.714971	A=A,B=D,C=C,D=B
8BWL-assembly1.cif	afm_dropout_noSM_woTemplates_model_1_multimer_v2_pred_7.pdb	0	4152	0.714969	A=A,B=D,C=C,D=B
8BWL-assembly1.cif	afm_dropout_full_model_4_multimer_v2_pred_30.pdb	0	1700	0.714969	A=C,B=B,C=A,D=D
8BWL-assembly1.cif	afm_basic_model_1_multimer_v2_pred_34.pdb	0	96	0.714966	A=A,B=D,C=C,D=B
8BWL-assembly1.cif	cf_woTemplates_model_4_multimer_v3_pred_16.pdb	0	7781	0.714962	A=C,B=B,C=A,D=D
8BWL-assembly1.cif	afm_dropout_noSM_woTemplates_model_2_multimer_v3_pred_39.pdb	0	4389	0.714947	A=C,B=D,C=A,D=B
8BWL-assembly1.cif	afm_dropout_full_model_2_multimer_v3_pred_6.pdb	0	1397	0.714937	A=C,B=D,C=A,D=B
8BWL-assembly1.cif	afm_basic_model_4_multimer_v3_pred_14.pdb	0	744	0.714932	A=C,B=D,C=A,D=B
8BWL-assembly1.cif	afm_dropout_full_woTemplates_model_1_multimer_v3_pred_11.pdb	0	2148	0.714931	A=A,B=B,C=C,D=D
8BWL-assembly1.cif	afm_dropout_full_woTemplates_r3_model_3_multimer_v2_pred_63.pdb	0	3545	0.714927	A=C,B=D,C=A,D=B
8BWL-assembly1.cif	afm_dropout_full_model_1_multimer_v2_pred_23.pdb	0	1089	0.714923	A=A,B=B,C=C,D=D
8BWL-assembly1.cif	cf_dropout_full_woTemplates_model_3_multimer_v3_pred_2.pdb	0	6579	0.714919	A=A,B=D,C=C,D=B
8BWL-assembly1.cif	afm_dropout_full_woTemplates_r3_model_1_multimer_v3_pred_32.pdb	0	3176	0.714917	A=A,B=B,C=C,D=D
8BWL-assembly1.cif	afm_dropout_full_woTemplates_r3_model_1_multimer_v3_pred_64.pdb	0	3211	0.714917	A=C,B=B,C=A,D=D
8BWL-assembly1.cif	afm_woTemplates_model_2_multimer_v2_pred_47.pdb	0	5336	0.714912	A=C,B=B,C=A,D=D
8BWL-assembly1.cif	afm_basic_model_1_multimer_v2_pred_66.pdb	0	131	0.714901	A=C,B=D,C=A,D=B
8BWL-assembly1.cif	afm_woTemplates_model_2_multimer_v2_pred_59.pdb	0	5349	0.714884	A=A,B=B,C=C,D=D
8BWL-assembly1.cif	afm_dropout_full_woTemplates_model_2_multimer_v3_pred_27.pdb	0	2366	0.714873	A=A,B=D,C=C,D=B
8BWL-assembly1.cif	cf_woTemplates_model_1_multimer_v3_pred_52.pdb	0	7218	0.71487	A=A,B=B,C=C,D=D
8BWL-assembly1.cif	cf_woTemplates_model_2_multimer_v2_pred_33.pdb	0	7331	0.714866	A=C,B=D,C=A,D=B
8BWL-assembly1.cif	cf_dropout_full_woTemplates_model_2_multimer_v2_pred_26.pdb	0	6318	0.714866	A=C,B=D,C=A,D=B
8BWL-assembly1.cif	cf_dropout_full_woTemplates_model_2_multimer_v3_pred_22.pdb	0	6381	0.714863	A=A,B=D,C=C,D=B
8BWL-assembly1.cif	cf_dropout_full_woTemplates_model_4_multimer_v1_pred_64.pdb	0	6695	0.714851	A=A,B=B,C=C,D=D
8BWL-assembly1.cif	cf_dropout_full_woTemplates_model_4_multimer_v3_pred_58.pdb	0	6822	0.714837	A=A,B=D,C=C,D=B
8BWL-assembly1.cif	afm_dropout_noSM_woTemplates_model_1_multimer_v2_pred_58.pdb	0	4142	0.714829	A=C,B=D,C=A,D=B
8BWL-assembly1.cif	afm_dropout_full_woTemplates_r3_model_3_multimer_v3_pred_12.pdb	0	3556	0.714823	A=C,B=B,C=A,D=D
8BWL-assembly1.cif	cf_dropout_full_woTemplates_model_4_multimer_v3_pred_61.pdb	0	6826	0.714816	A=C,B=D,C=A,D=B
8BWL-assembly1.cif	afm_dropout_full_model_3_multimer_v3_pred_4.pdb	0	1576	0.714813	A=A,B=B,C=C,D=D
8BWL-assembly1.cif	afm_dropout_full_model_1_multimer_v1_pred_33.pdb	0	1033	0.714808	A=C,B=B,C=A,D=D
8BWL-assembly1.cif	cf_dropout_full_woTemplates_model_2_multimer_v2_pred_8.pdb	0	6364	0.714806	A=C,B=B,C=A,D=D
8BWL-assembly1.cif	afm_basic_model_1_multimer_v2_pred_42.pdb	0	105	0.714804	A=C,B=D,C=A,D=B
8BWL-assembly1.cif	afm_dropout_full_model_2_multimer_v2_pred_44.pdb	0	1313	0.714798	A=C,B=D,C=A,D=B
8BWL-assembly1.cif	afm_dropout_full_woTemplates_model_4_multimer_v2_pred_49.pdb	0	2725	0.714798	A=C,B=D,C=A,D=B
8BWL-assembly1.cif	afm_dropout_noSM_woTemplates_model_4_multimer_v2_pred_43.pdb	0	4729	0.714789	A=C,B=D,C=A,D=B
8BWL-assembly1.cif	afm_basic_model_1_multimer_v2_pred_51.pdb	0	115	0.714786	A=C,B=D,C=A,D=B
8BWL-assembly1.cif	afm_dropout_noSM_woTemplates_model_2_multimer_v1_pred_28.pdb	0	4243	0.714779	A=A,B=D,C=C,D=B
8BWL-assembly1.cif	cf_woTemplates_model_2_multimer_v1_pred_51.pdb	0	7284	0.714772	A=A,B=D,C=C,D=B
8BWL-assembly1.cif	cf_woTemplates_model_2_multimer_v3_pred_50.pdb	0	7417	0.714768	A=A,B=D,C=C,D=B
8BWL-assembly1.cif	afm_dropout_full_woTemplates_model_1_multimer_v3_pred_31.pdb	0	2170	0.714759	A=A,B=B,C=C,D=D
8BWL-assembly1.cif	afm_basic_model_1_multimer_v2_pred_62.pdb	0	127	0.714755	A=C,B=D,C=A,D=B
8BWL-assembly1.cif	afm_woTemplates_model_3_multimer_v2_pred_8.pdb	0	5560	0.714753	A=A,B=B,C=C,D=D
8BWL-assembly1.cif	cf_dropout_full_woTemplates_model_5_multimer_v2_pred_35.pdb	0	6931	0.714747	A=C,B=D,C=A,D=B
8BWL-assembly1.cif	afm_dropout_full_woTemplates_model_4_multimer_v2_pred_54.pdb	0	2731	0.714741	A=C,B=D,C=A,D=B
8BWL-assembly1.cif	afm_dropout_full_model_5_multimer_v2_pred_54.pdb	0	1927	0.714724	A=C,B=B,C=A,D=D
8BWL-assembly1.cif	afm_dropout_full_model_4_multimer_v2_pred_0.pdb	0	1676	0.714719	A=A,B=D,C=C,D=B
8BWL-assembly1.cif	cf_woTemplates_model_1_multimer_v1_pred_2.pdb	0	7048	0.714717	A=A,B=D,C=C,D=B
8BWL-assembly1.cif	cf_dropout_full_woTemplates_model_5_multimer_v1_pred_33.pdb	0	6862	0.714716	A=C,B=B,C=A,D=D
8BWL-assembly1.cif	cf_dropout_full_woTemplates_model_3_multimer_v3_pred_49.pdb	0	6611	0.714707	A=C,B=B,C=A,D=D
8BWL-assembly1.cif	afm_dropout_full_woTemplates_r3_model_4_multimer_v3_pred_21.pdb	0	3767	0.714705	A=C,B=B,C=A,D=D
8BWL-assembly1.cif	cf_woTemplates_model_2_multimer_v3_pred_55.pdb	0	7422	0.714704	A=C,B=B,C=A,D=D
8BWL-assembly1.cif	cf_woTemplates_model_2_multimer_v3_pred_23.pdb	0	7387	0.714702	A=C,B=B,C=A,D=D
8BWL-assembly1.cif	afm_dropout_noSM_woTemplates_model_3_multimer_v3_pred_64.pdb	0	4618	0.714702	A=A,B=D,C=C,D=B
8BWL-assembly1.cif	afm_dropout_full_woTemplates_model_3_multimer_v1_pred_6.pdb	0	2469	0.714694	A=C,B=B,C=A,D=D
8BWL-assembly1.cif	afm_dropout_full_model_4_multimer_v2_pred_52.pdb	0	1724	0.714689	A=A,B=D,C=C,D=B
8BWL-assembly1.cif	afm_dropout_full_woTemplates_r3_model_4_multimer_v3_pred_22.pdb	0	3768	0.714687	A=C,B=B,C=A,D=D
8BWL-assembly1.cif	afm_dropout_noSM_woTemplates_model_2_multimer_v3_pred_25.pdb	0	4374	0.714686	A=A,B=D,C=C,D=B
8BWL-assembly1.cif	afm_basic_model_2_multimer_v1_pred_18.pdb	0	212	0.71468	A=C,B=B,C=A,D=D
8BWL-assembly1.cif	afm_woTemplates_model_2_multimer_v3_pred_63.pdb	0	5421	0.714675	A=C,B=B,C=A,D=D
8BWL-assembly1.cif	afm_dropout_noSM_woTemplates_model_4_multimer_v2_pred_16.pdb	0	4699	0.71467	A=C,B=B,C=A,D=D
8BWL-assembly1.cif	afm_basic_model_2_multimer_v3_pred_32.pdb	0	362	0.714665	A=A,B=B,C=C,D=D
8BWL-assembly1.cif	afm_dropout_noSM_woTemplates_model_4_multimer_v3_pred_52.pdb	0	4806	0.714665	A=A,B=D,C=C,D=B
8BWL-assembly1.cif	cf_dropout_full_woTemplates_model_4_multimer_v1_pred_47.pdb	0	6676	0.714653	A=A,B=B,C=C,D=D
8BWL-assembly1.cif	cf_woTemplates_model_1_multimer_v3_pred_44.pdb	0	7209	0.714649	A=A,B=B,C=C,D=D
8BWL-assembly1.cif	afm_dropout_full_model_1_multimer_v2_pred_54.pdb	0	1123	0.714647	A=C,B=B,C=A,D=D
8BWL-assembly1.cif	afm_dropout_full_woTemplates_model_1_multimer_v3_pred_43.pdb	0	2183	0.714642	A=C,B=D,C=A,D=B
8BWL-assembly1.cif	cf_dropout_full_woTemplates_model_2_multimer_v1_pred_7.pdb	0	6296	0.71462	A=A,B=D,C=C,D=B
8BWL-assembly1.cif	afm_dropout_full_model_3_multimer_v2_pred_6.pdb	0	1531	0.71462	A=C,B=D,C=A,D=B
8BWL-assembly1.cif	cf_dropout_full_woTemplates_model_3_multimer_v3_pred_62.pdb	0	6626	0.714617	A=C,B=B,C=A,D=D
8BWL-assembly1.cif	afm_basic_model_1_multimer_v2_pred_58.pdb	0	122	0.714615	A=A,B=D,C=C,D=B
8BWL-assembly1.cif	afm_basic_model_2_multimer_v1_pred_23.pdb	0	218	0.714611	A=A,B=D,C=C,D=B
8BWL-assembly1.cif	afm_dropout_full_model_5_multimer_v2_pred_12.pdb	0	1881	0.714604	A=A,B=B,C=C,D=D
8BWL-assembly1.cif	cf_woTemplates_model_5_multimer_v3_pred_66.pdb	0	8037	0.714601	A=C,B=B,C=A,D=D
8BWL-assembly1.cif	afm_dropout_full_woTemplates_r3_model_2_multimer_v2_pred_37.pdb	0	3315	0.714585	A=C,B=D,C=A,D=B
8BWL-assembly1.cif	cf_dropout_full_woTemplates_model_2_multimer_v3_pred_10.pdb	0	6368	0.714582	A=A,B=D,C=C,D=B
8BWL-assembly1.cif	afm_dropout_noSM_woTemplates_model_1_multimer_v3_pred_1.pdb	0	4156	0.71458	A=C,B=D,C=A,D=B
8BWL-assembly1.cif	cf_dropout_full_woTemplates_model_4_multimer_v3_pred_44.pdb	0	6807	0.714575	A=A,B=B,C=C,D=D
8BWL-assembly1.cif	afm_dropout_full_model_2_multimer_v3_pred_13.pdb	0	1346	0.714573	A=A,B=D,C=C,D=B
8BWL-assembly1.cif	cf_woTemplates_model_1_multimer_v3_pred_31.pdb	0	7195	0.71457	A=C,B=D,C=A,D=B
8BWL-assembly1.cif	afm_dropout_full_woTemplates_r3_model_2_multimer_v2_pred_14.pdb	0	3290	0.714568	A=C,B=B,C=A,D=D
8BWL-assembly1.cif	afm_dropout_noSM_woTemplates_model_4_multimer_v3_pred_65.pdb	0	4820	0.714563	A=A,B=D,C=C,D=B
8BWL-assembly1.cif	afm_dropout_full_woTemplates_r3_model_2_multimer_v2_pred_7.pdb	0	3348	0.714562	A=C,B=B,C=A,D=D
8BWL-assembly1.cif	afm_dropout_full_model_1_multimer_v2_pred_4.pdb	0	1107	0.714555	A=A,B=B,C=C,D=D
8BWL-assembly1.cif	cf_dropout_full_woTemplates_model_5_multimer_v3_pred_30.pdb	0	6993	0.714538	A=C,B=D,C=A,D=B
8BWL-assembly1.cif	cf_dropout_full_woTemplates_model_4_multimer_v1_pred_43.pdb	0	6672	0.714537	A=A,B=D,C=C,D=B
8BWL-assembly1.cif	afm_basic_model_2_multimer_v3_pred_31.pdb	0	361	0.714535	A=A,B=D,C=C,D=B
8BWL-assembly1.cif	afm_dropout_full_woTemplates_model_5_multimer_v2_pred_41.pdb	0	2918	0.714497	A=C,B=D,C=A,D=B
8BWL-assembly1.cif	afm_dropout_noSM_woTemplates_model_2_multimer_v3_pred_21.pdb	0	4370	0.714495	A=C,B=D,C=A,D=B
8BWL-assembly1.cif	afm_basic_model_2_multimer_v2_pred_3.pdb	0	292	0.714495	A=C,B=B,C=A,D=D
8BWL-assembly1.cif	afm_basic_model_2_multimer_v3_pred_13.pdb	0	341	0.714494	A=C,B=B,C=A,D=D
8BWL-assembly1.cif	cf_dropout_full_woTemplates_model_1_multimer_v2_pred_62.pdb	0	6157	0.714492	A=C,B=B,C=A,D=D
8BWL-assembly1.cif	afm_basic_model_2_multimer_v3_pred_9.pdb	0	402	0.71449	A=A,B=B,C=C,D=D
8BWL-assembly1.cif	afm_dropout_full_model_2_multimer_v3_pred_9.pdb	0	1407	0.714486	A=A,B=D,C=C,D=B
8BWL-assembly1.cif	afm_basic_model_4_multimer_v3_pred_54.pdb	0	788	0.714479	A=C,B=B,C=A,D=D
8BWL-assembly1.cif	afm_dropout_full_woTemplates_model_2_multimer_v3_pred_55.pdb	0	2397	0.714472	A=A,B=D,C=C,D=B
8BWL-assembly1.cif	afm_dropout_full_model_2_multimer_v1_pred_33.pdb	0	1234	0.714472	A=C,B=B,C=A,D=D
8BWL-assembly1.cif	afm_basic_model_2_multimer_v3_pred_45.pdb	0	376	0.71447	A=C,B=D,C=A,D=B
8BWL-assembly1.cif	afm_basic_model_4_multimer_v2_pred_17.pdb	0	680	0.714455	A=A,B=D,C=C,D=B
8BWL-assembly1.cif	afm_dropout_full_woTemplates_model_4_multimer_v1_pred_62.pdb	0	2673	0.714433	A=C,B=B,C=A,D=D
8BWL-assembly1.cif	cf_woTemplates_model_2_multimer_v3_pred_9.pdb	0	7437	0.714433	A=A,B=B,C=C,D=D
8BWL-assembly1.cif	cf_woTemplates_model_1_multimer_v1_pred_14.pdb	0	7042	0.714409	A=C,B=B,C=A,D=D
8BWL-assembly1.cif	afm_basic_model_2_multimer_v3_pred_12.pdb	0	340	0.714398	A=C,B=B,C=A,D=D
8BWL-assembly1.cif	cf_dropout_full_woTemplates_model_4_multimer_v3_pred_54.pdb	0	6818	0.714398	A=A,B=D,C=C,D=B
8BWL-assembly1.cif	cf_dropout_full_woTemplates_model_5_multimer_v3_pred_48.pdb	0	7012	0.714397	A=C,B=D,C=A,D=B
8BWL-assembly1.cif	afm_dropout_noSM_woTemplates_model_4_multimer_v3_pred_21.pdb	0	4772	0.714395	A=A,B=B,C=C,D=D
8BWL-assembly1.cif	cf_dropout_full_woTemplates_model_2_multimer_v2_pred_12.pdb	0	6303	0.714379	A=C,B=B,C=A,D=D
8BWL-assembly1.cif	afm_basic_model_2_multimer_v3_pred_15.pdb	0	343	0.714379	A=A,B=B,C=C,D=D
8BWL-assembly1.cif	afm_dropout_full_woTemplates_r3_model_4_multimer_v3_pred_29.pdb	0	3775	0.714369	A=A,B=D,C=C,D=B
8BWL-assembly1.cif	afm_basic_model_1_multimer_v2_pred_56.pdb	0	120	0.714364	A=C,B=D,C=A,D=B
8BWL-assembly1.cif	afm_dropout_full_woTemplates_model_3_multimer_v3_pred_1.pdb	0	2548	0.714361	A=C,B=B,C=A,D=D
8BWL-assembly1.cif	cf_dropout_full_woTemplates_model_5_multimer_v3_pred_61.pdb	0	7027	0.71435	A=A,B=B,C=C,D=D
8BWL-assembly1.cif	afm_dropout_noSM_woTemplates_model_2_multimer_v2_pred_7.pdb	0	4353	0.714349	A=A,B=B,C=C,D=D
8BWL-assembly1.cif	afm_dropout_full_woTemplates_r3_model_2_multimer_v3_pred_18.pdb	0	3361	0.714346	A=C,B=B,C=A,D=D
8BWL-assembly1.cif	afm_basic_model_1_multimer_v2_pred_6.pdb	0	124	0.714345	A=C,B=B,C=A,D=D
8BWL-assembly1.cif	cf_dropout_full_woTemplates_model_2_multimer_v3_pred_48.pdb	0	6409	0.714345	A=A,B=D,C=C,D=B
8BWL-assembly1.cif	afm_dropout_full_model_5_multimer_v2_pred_30.pdb	0	1901	0.714339	A=A,B=B,C=C,D=D
8BWL-assembly1.cif	cf_dropout_full_woTemplates_model_1_multimer_v2_pred_57.pdb	0	6151	0.714331	A=C,B=D,C=A,D=B
8BWL-assembly1.cif	cf_dropout_full_woTemplates_model_5_multimer_v1_pred_15.pdb	0	6842	0.714327	A=A,B=D,C=C,D=B
8BWL-assembly1.cif	cf_dropout_full_woTemplates_model_5_multimer_v3_pred_33.pdb	0	6996	0.714323	A=A,B=B,C=C,D=D
8BWL-assembly1.cif	afm_dropout_full_woTemplates_model_5_multimer_v2_pred_47.pdb	0	2924	0.714312	A=A,B=D,C=C,D=B
8BWL-assembly1.cif	afm_dropout_full_woTemplates_r3_model_2_multimer_v2_pred_13.pdb	0	3289	0.714288	A=C,B=D,C=A,D=B
8BWL-assembly1.cif	cf_woTemplates_model_3_multimer_v3_pred_22.pdb	0	7587	0.714275	A=C,B=D,C=A,D=B
8BWL-assembly1.cif	afm_dropout_noSM_woTemplates_model_2_multimer_v2_pred_25.pdb	0	4307	0.714274	A=A,B=D,C=C,D=B
8BWL-assembly1.cif	cf_dropout_full_woTemplates_model_1_multimer_v1_pred_58.pdb	0	6085	0.714272	A=A,B=D,C=C,D=B
8BWL-assembly1.cif	afm_dropout_full_woTemplates_model_1_multimer_v3_pred_12.pdb	0	2149	0.714268	A=A,B=B,C=C,D=D
8BWL-assembly1.cif	cf_woTemplates_model_2_multimer_v3_pred_28.pdb	0	7392	0.714266	A=A,B=D,C=C,D=B
8BWL-assembly1.cif	afm_dropout_full_model_2_multimer_v3_pred_47.pdb	0	1383	0.714265	A=C,B=D,C=A,D=B
8BWL-assembly1.cif	cf_woTemplates_model_2_multimer_v3_pred_48.pdb	0	7414	0.714255	A=C,B=B,C=A,D=D
8BWL-assembly1.cif	afm_dropout_full_woTemplates_model_4_multimer_v2_pred_11.pdb	0	2684	0.714255	A=A,B=B,C=C,D=D
8BWL-assembly1.cif	cf_dropout_full_woTemplates_model_2_multimer_v3_pred_6.pdb	0	6422	0.71424	A=A,B=D,C=C,D=B
8BWL-assembly1.cif	afm_basic_model_2_multimer_v2_pred_44.pdb	0	308	0.714239	A=C,B=B,C=A,D=D
8BWL-assembly1.cif	afm_dropout_full_model_2_multimer_v3_pred_21.pdb	0	1355	0.714236	A=A,B=D,C=C,D=B
8BWL-assembly1.cif	afm_dropout_full_model_1_multimer_v2_pred_44.pdb	0	1112	0.714233	A=C,B=B,C=A,D=D
8BWL-assembly1.cif	cf_woTemplates_model_1_multimer_v1_pred_17.pdb	0	7045	0.714231	A=A,B=D,C=C,D=B
8BWL-assembly1.cif	afm_dropout_full_woTemplates_r3_model_5_multimer_v2_pred_15.pdb	0	3894	0.71423	A=C,B=D,C=A,D=B
8BWL-assembly1.cif	cf_dropout_full_woTemplates_model_1_multimer_v1_pred_22.pdb	0	6046	0.71421	A=C,B=B,C=A,D=D
8BWL-assembly1.cif	afm_woTemplates_model_2_multimer_v2_pred_19.pdb	0	5305	0.71421	A=C,B=D,C=A,D=B
8BWL-assembly1.cif	afm_dropout_full_woTemplates_r3_model_1_multimer_v3_pred_3.pdb	0	3173	0.714207	A=A,B=B,C=C,D=D
8BWL-assembly1.cif	afm_basic_model_3_multimer_v3_pred_23.pdb	0	553	0.714207	A=A,B=D,C=C,D=B
8BWL-assembly1.cif	cf_woTemplates_model_1_multimer_v3_pred_12.pdb	0	7174	0.714205	A=C,B=D,C=A,D=B
8BWL-assembly1.cif	cf_woTemplates_model_3_multimer_v2_pred_28.pdb	0	7526	0.714205	A=C,B=D,C=A,D=B
8BWL-assembly1.cif	afm_dropout_full_model_2_multimer_v3_pred_18.pdb	0	1351	0.714203	A=C,B=D,C=A,D=B
8BWL-assembly1.cif	cf_dropout_full_woTemplates_model_4_multimer_v1_pred_61.pdb	0	6692	0.714198	A=C,B=B,C=A,D=D
8BWL-assembly1.cif	afm_basic_model_2_multimer_v3_pred_21.pdb	0	350	0.71419	A=C,B=B,C=A,D=D
8BWL-assembly1.cif	afm_dropout_noSM_woTemplates_model_2_multimer_v2_pred_53.pdb	0	4338	0.714182	A=A,B=B,C=C,D=D
8BWL-assembly1.cif	afm_dropout_full_woTemplates_r3_model_3_multimer_v3_pred_44.pdb	0	3591	0.714179	A=C,B=B,C=A,D=D
8BWL-assembly1.cif	afm_basic_model_4_multimer_v2_pred_2.pdb	0	683	0.714173	A=A,B=D,C=C,D=B
8BWL-assembly1.cif	cf_woTemplates_model_4_multimer_v3_pred_36.pdb	0	7803	0.714162	A=C,B=D,C=A,D=B
8BWL-assembly1.cif	cf_woTemplates_model_2_multimer_v3_pred_62.pdb	0	7430	0.714159	A=C,B=B,C=A,D=D
8BWL-assembly1.cif	afm_dropout_full_model_3_multimer_v3_pred_42.pdb	0	1579	0.714146	A=A,B=B,C=C,D=D
8BWL-assembly1.cif	afm_dropout_full_model_3_multimer_v2_pred_56.pdb	0	1527	0.714133	A=A,B=B,C=C,D=D
8BWL-assembly1.cif	afm_basic_model_4_multimer_v2_pred_66.pdb	0	734	0.714132	A=C,B=D,C=A,D=B
8BWL-assembly1.cif	afm_dropout_full_woTemplates_r3_model_3_multimer_v2_pred_33.pdb	0	3512	0.714122	A=A,B=B,C=C,D=D
8BWL-assembly1.cif	afm_woTemplates_model_2_multimer_v1_pred_6.pdb	0	5283	0.71412	A=C,B=D,C=A,D=B
8BWL-assembly1.cif	cf_dropout_full_woTemplates_model_2_multimer_v3_pred_23.pdb	0	6382	0.714108	A=A,B=D,C=C,D=B
8BWL-assembly1.cif	cf_woTemplates_model_3_multimer_v3_pred_57.pdb	0	7625	0.714093	A=C,B=D,C=A,D=B
8BWL-assembly1.cif	afm_basic_model_3_multimer_v2_pred_16.pdb	0	478	0.71407	A=A,B=D,C=C,D=B
8BWL-assembly1.cif	cf_woTemplates_model_5_multimer_v2_pred_43.pdb	0	7945	0.714067	A=A,B=D,C=C,D=B
8BWL-assembly1.cif	afm_woTemplates_model_2_multimer_v3_pred_60.pdb	0	5418	0.714062	A=A,B=B,C=C,D=D
8BWL-assembly1.cif	cf_dropout_full_woTemplates_model_1_multimer_v3_pred_64.pdb	0	6226	0.71406	A=A,B=B,C=C,D=D
8BWL-assembly1.cif	cf_woTemplates_model_4_multimer_v1_pred_19.pdb	0	7650	0.714059	A=C,B=B,C=A,D=D
8BWL-assembly1.cif	cf_woTemplates_model_2_multimer_v3_pred_2.pdb	0	7383	0.714051	A=A,B=B,C=C,D=D
8BWL-assembly1.cif	afm_dropout_noSM_woTemplates_model_5_multimer_v2_pred_24.pdb	0	4909	0.714045	A=C,B=D,C=A,D=B
8BWL-assembly1.cif	afm_dropout_full_model_3_multimer_v2_pred_9.pdb	0	1541	0.714038	A=C,B=D,C=A,D=B
8BWL-assembly1.cif	afm_woTemplates_model_4_multimer_v1_pred_36.pdb	0	5659	0.714037	A=A,B=D,C=C,D=B
8BWL-assembly1.cif	afm_woTemplates_model_2_multimer_v2_pred_64.pdb	0	5355	0.714033	A=A,B=B,C=C,D=D
8BWL-assembly1.cif	afm_dropout_full_model_1_multimer_v2_pred_39.pdb	0	1106	0.714028	A=C,B=D,C=A,D=B
8BWL-assembly1.cif	afm_woTemplates_model_2_multimer_v3_pred_6.pdb	0	5417	0.714018	A=A,B=B,C=C,D=D
8BWL-assembly1.cif	afm_basic_model_4_multimer_v3_pred_56.pdb	0	790	0.714013	A=A,B=D,C=C,D=B
8BWL-assembly1.cif	cf_dropout_full_woTemplates_model_1_multimer_v2_pred_37.pdb	0	6129	0.713991	A=C,B=D,C=A,D=B
8BWL-assembly1.cif	afm_dropout_full_woTemplates_r3_model_3_multimer_v1_pred_56.pdb	0	3470	0.713988	A=A,B=D,C=C,D=B
8BWL-assembly1.cif	afm_basic_model_1_multimer_v2_pred_60.pdb	0	125	0.713983	A=A,B=B,C=C,D=D
8BWL-assembly1.cif	afm_woTemplates_model_3_multimer_v1_pred_8.pdb	0	5493	0.713978	A=C,B=B,C=A,D=D
8BWL-assembly1.cif	afm_basic_model_1_multimer_v2_pred_24.pdb	0	85	0.713971	A=C,B=D,C=A,D=B
8BWL-assembly1.cif	afm_woTemplates_model_2_multimer_v3_pred_46.pdb	0	5402	0.713966	A=C,B=B,C=A,D=D
8BWL-assembly1.cif	afm_woTemplates_model_2_multimer_v3_pred_59.pdb	0	5416	0.713965	A=C,B=D,C=A,D=B
8BWL-assembly1.cif	afm_dropout_full_model_2_multimer_v1_pred_56.pdb	0	1259	0.713962	A=C,B=B,C=A,D=D
8BWL-assembly1.cif	afm_basic_model_1_multimer_v2_pred_38.pdb	0	100	0.713959	A=C,B=D,C=A,D=B
8BWL-assembly1.cif	cf_woTemplates_model_3_multimer_v3_pred_9.pdb	0	7638	0.713959	A=C,B=B,C=A,D=D
8BWL-assembly1.cif	afm_woTemplates_model_4_multimer_v3_pred_24.pdb	0	5780	0.713958	A=A,B=B,C=C,D=D
8BWL-assembly1.cif	afm_woTemplates_model_1_multimer_v3_pred_27.pdb	0	5180	0.713934	A=A,B=B,C=C,D=D
8BWL-assembly1.cif	afm_dropout_full_woTemplates_r3_model_2_multimer_v2_pred_39.pdb	0	3317	0.713931	A=A,B=D,C=C,D=B
8BWL-assembly1.cif	afm_dropout_full_woTemplates_r3_model_3_multimer_v3_pred_0.pdb	0	3552	0.713931	A=C,B=D,C=A,D=B
8BWL-assembly1.cif	afm_basic_model_4_multimer_v2_pred_12.pdb	0	675	0.713931	A=C,B=D,C=A,D=B
8BWL-assembly1.cif	afm_basic_model_1_multimer_v2_pred_1.pdb	0	69	0.713925	A=C,B=D,C=A,D=B
8BWL-assembly1.cif	cf_woTemplates_model_1_multimer_v1_pred_55.pdb	0	7087	0.713922	A=A,B=D,C=C,D=B
8BWL-assembly1.cif	cf_woTemplates_model_2_multimer_v3_pred_13.pdb	0	7376	0.713914	A=A,B=B,C=C,D=D
8BWL-assembly1.cif	afm_basic_model_1_multimer_v2_pred_57.pdb	0	121	0.713902	A=A,B=D,C=C,D=B
8BWL-assembly1.cif	afm_dropout_full_model_2_multimer_v3_pred_15.pdb	0	1348	0.713902	A=C,B=D,C=A,D=B
8BWL-assembly1.cif	afm_dropout_full_model_4_multimer_v2_pred_11.pdb	0	1679	0.713893	A=A,B=D,C=C,D=B
8BWL-assembly1.cif	cf_woTemplates_model_1_multimer_v1_pred_59.pdb	0	7091	0.71389	A=A,B=D,C=C,D=B
8BWL-assembly1.cif	cf_woTemplates_model_2_multimer_v3_pred_39.pdb	0	7404	0.713888	A=A,B=B,C=C,D=D
8BWL-assembly1.cif	afm_basic_model_4_multimer_v3_pred_6.pdb	0	794	0.713878	A=A,B=B,C=C,D=D
8BWL-assembly1.cif	cf_woTemplates_model_1_multimer_v3_pred_57.pdb	0	7223	0.713874	A=C,B=D,C=A,D=B
8BWL-assembly1.cif	afm_woTemplates_model_2_multimer_v3_pred_65.pdb	0	5423	0.713868	A=C,B=D,C=A,D=B
8BWL-assembly1.cif	afm_dropout_full_model_4_multimer_v3_pred_18.pdb	0	1753	0.713866	A=A,B=D,C=C,D=B
8BWL-assembly1.cif	cf_woTemplates_model_3_multimer_v3_pred_53.pdb	0	7621	0.713866	A=A,B=B,C=C,D=D
8BWL-assembly1.cif	afm_dropout_full_model_1_multimer_v1_pred_7.pdb	0	1070	0.71386	A=A,B=D,C=C,D=B
8BWL-assembly1.cif	cf_dropout_full_woTemplates_model_2_multimer_v3_pred_57.pdb	0	6419	0.713857	A=C,B=B,C=A,D=D
8BWL-assembly1.cif	afm_basic_model_3_multimer_v3_pred_31.pdb	0	562	0.713853	A=C,B=B,C=A,D=D
8BWL-assembly1.cif	afm_dropout_full_woTemplates_r3_model_3_multimer_v2_pred_26.pdb	0	3504	0.713845	A=C,B=B,C=A,D=D
8BWL-assembly1.cif	cf_woTemplates_model_4_multimer_v1_pred_6.pdb	0	7695	0.713836	A=C,B=B,C=A,D=D
8BWL-assembly1.cif	cf_woTemplates_model_1_multimer_v1_pred_48.pdb	0	7079	0.713834	A=A,B=D,C=C,D=B
8BWL-assembly1.cif	afm_basic_model_1_multimer_v2_pred_30.pdb	0	92	0.713831	A=A,B=D,C=C,D=B
8BWL-assembly1.cif	cf_dropout_full_woTemplates_model_1_multimer_v2_pred_51.pdb	0	6145	0.71383	A=A,B=D,C=C,D=B
8BWL-assembly1.cif	cf_dropout_full_woTemplates_model_1_multimer_v2_pred_28.pdb	0	6119	0.713828	A=A,B=D,C=C,D=B
8BWL-assembly1.cif	afm_woTemplates_model_2_multimer_v3_pred_53.pdb	0	5410	0.713824	A=C,B=B,C=A,D=D
8BWL-assembly1.cif	afm_dropout_noSM_woTemplates_model_3_multimer_v3_pred_38.pdb	0	4589	0.713817	A=A,B=D,C=C,D=B
8BWL-assembly1.cif	cf_dropout_full_woTemplates_model_3_multimer_v3_pred_9.pdb	0	6633	0.713814	A=C,B=B,C=A,D=D
8BWL-assembly1.cif	cf_dropout_full_woTemplates_model_4_multimer_v3_pred_33.pdb	0	6795	0.71381	A=A,B=B,C=C,D=D
8BWL-assembly1.cif	afm_dropout_full_model_2_multimer_v2_pred_19.pdb	0	1285	0.71381	A=C,B=D,C=A,D=B
8BWL-assembly1.cif	cf_dropout_full_woTemplates_model_2_multimer_v3_pred_52.pdb	0	6414	0.713802	A=A,B=B,C=C,D=D
8BWL-assembly1.cif	afm_dropout_full_model_2_multimer_v3_pred_56.pdb	0	1393	0.713798	A=C,B=D,C=A,D=B
8BWL-assembly1.cif	afm_dropout_full_model_2_multimer_v3_pred_19.pdb	0	1352	0.713793	A=C,B=B,C=A,D=D
8BWL-assembly1.cif	afm_dropout_noSM_woTemplates_model_4_multimer_v2_pred_45.pdb	0	4731	0.71379	A=C,B=B,C=A,D=D
8BWL-assembly1.cif	cf_woTemplates_model_1_multimer_v3_pred_25.pdb	0	7188	0.713789	A=A,B=D,C=C,D=B
8BWL-assembly1.cif	cf_dropout_full_woTemplates_model_1_multimer_v3_pred_11.pdb	0	6168	0.713769	A=C,B=D,C=A,D=B
8BWL-assembly1.cif	afm_dropout_full_woTemplates_model_2_multimer_v3_pred_47.pdb	0	2388	0.713763	A=C,B=B,C=A,D=D
8BWL-assembly1.cif	afm_dropout_full_model_4_multimer_v3_pred_56.pdb	0	1795	0.713759	A=C,B=B,C=A,D=D
8BWL-assembly1.cif	cf_dropout_full_woTemplates_model_1_multimer_v1_pred_9.pdb	0	6097	0.713759	A=A,B=D,C=C,D=B
8BWL-assembly1.cif	afm_dropout_full_model_1_multimer_v1_pred_27.pdb	0	1026	0.713748	A=C,B=B,C=A,D=D
8BWL-assembly1.cif	cf_dropout_full_woTemplates_model_1_multimer_v1_pred_63.pdb	0	6091	0.713746	A=A,B=D,C=C,D=B
8BWL-assembly1.cif	afm_dropout_noSM_woTemplates_model_2_multimer_v3_pred_11.pdb	0	4359	0.713742	A=C,B=D,C=A,D=B
8BWL-assembly1.cif	cf_woTemplates_model_1_multimer_v1_pred_24.pdb	0	7053	0.71374	A=A,B=D,C=C,D=B
8BWL-assembly1.cif	afm_dropout_full_model_5_multimer_v2_pred_23.pdb	0	1893	0.713733	A=A,B=B,C=C,D=D
8BWL-assembly1.cif	afm_basic_model_2_multimer_v1_pred_16.pdb	0	210	0.713732	A=C,B=B,C=A,D=D
8BWL-assembly1.cif	afm_woTemplates_model_4_multimer_v3_pred_49.pdb	0	5807	0.713725	A=A,B=B,C=C,D=D
8BWL-assembly1.cif	afm_dropout_full_woTemplates_model_4_multimer_v3_pred_6.pdb	0	2804	0.713722	A=A,B=B,C=C,D=D
8BWL-assembly1.cif	afm_basic_model_1_multimer_v2_pred_40.pdb	0	103	0.71372	A=A,B=D,C=C,D=B
8BWL-assembly1.cif	afm_basic_model_3_multimer_v3_pred_50.pdb	0	583	0.71372	A=C,B=D,C=A,D=B
8BWL-assembly1.cif	afm_dropout_noSM_woTemplates_model_1_multimer_v3_pred_25.pdb	0	4173	0.713708	A=C,B=D,C=A,D=B
8BWL-assembly1.cif	afm_basic_model_1_multimer_v2_pred_12.pdb	0	72	0.713704	A=A,B=D,C=C,D=B
8BWL-assembly1.cif	afm_dropout_full_model_3_multimer_v2_pred_18.pdb	0	1485	0.713694	A=C,B=D,C=A,D=B
8BWL-assembly1.cif	cf_woTemplates_model_5_multimer_v1_pred_42.pdb	0	7877	0.713689	A=C,B=B,C=A,D=D
8BWL-assembly1.cif	afm_dropout_full_woTemplates_r3_model_3_multimer_v2_pred_34.pdb	0	3513	0.713682	A=C,B=D,C=A,D=B
8BWL-assembly1.cif	afm_dropout_full_woTemplates_model_4_multimer_v2_pred_0.pdb	0	2681	0.71368	A=A,B=B,C=C,D=D
8BWL-assembly1.cif	cf_woTemplates_model_1_multimer_v2_pred_33.pdb	0	7130	0.713679	A=A,B=B,C=C,D=D
8BWL-assembly1.cif	cf_dropout_full_woTemplates_model_1_multimer_v2_pred_52.pdb	0	6146	0.713678	A=C,B=B,C=A,D=D
8BWL-assembly1.cif	cf_woTemplates_model_1_multimer_v1_pred_3.pdb	0	7059	0.713676	A=A,B=D,C=C,D=B
8BWL-assembly1.cif	cf_dropout_full_woTemplates_model_1_multimer_v1_pred_65.pdb	0	6093	0.713674	A=C,B=B,C=A,D=D
8BWL-assembly1.cif	cf_woTemplates_model_1_multimer_v1_pred_13.pdb	0	7041	0.713668	A=A,B=D,C=C,D=B
8BWL-assembly1.cif	cf_woTemplates_model_2_multimer_v1_pred_26.pdb	0	7256	0.713663	A=C,B=D,C=A,D=B
8BWL-assembly1.cif	afm_basic_model_1_multimer_v2_pred_59.pdb	0	123	0.713658	A=A,B=D,C=C,D=B
8BWL-assembly1.cif	cf_dropout_full_woTemplates_model_4_multimer_v1_pred_55.pdb	0	6685	0.713657	A=C,B=D,C=A,D=B
8BWL-assembly1.cif	afm_dropout_full_model_2_multimer_v2_pred_26.pdb	0	1293	0.713656	A=C,B=D,C=A,D=B
8BWL-assembly1.cif	cf_dropout_full_woTemplates_model_4_multimer_v3_pred_55.pdb	0	6819	0.713656	A=C,B=D,C=A,D=B
8BWL-assembly1.cif	afm_dropout_full_woTemplates_model_3_multimer_v3_pred_49.pdb	0	2591	0.71364	A=A,B=B,C=C,D=D
8BWL-assembly1.cif	afm_dropout_full_model_2_multimer_v3_pred_39.pdb	0	1374	0.713638	A=A,B=D,C=C,D=B
8BWL-assembly1.cif	afm_dropout_full_woTemplates_model_1_multimer_v3_pred_22.pdb	0	2160	0.713635	A=C,B=B,C=A,D=D
8BWL-assembly1.cif	afm_woTemplates_model_2_multimer_v3_pred_28.pdb	0	5382	0.713634	A=A,B=D,C=C,D=B
8BWL-assembly1.cif	cf_dropout_full_woTemplates_model_3_multimer_v3_pred_38.pdb	0	6599	0.713627	A=C,B=D,C=A,D=B
8BWL-assembly1.cif	afm_basic_model_3_multimer_v3_pred_56.pdb	0	589	0.713623	A=A,B=B,C=C,D=D
8BWL-assembly1.cif	afm_dropout_noSM_woTemplates_model_4_multimer_v2_pred_28.pdb	0	4712	0.713622	A=C,B=B,C=A,D=D
8BWL-assembly1.cif	cf_dropout_full_woTemplates_model_1_multimer_v1_pred_39.pdb	0	6064	0.713619	A=C,B=B,C=A,D=D
8BWL-assembly1.cif	cf_dropout_full_woTemplates_model_5_multimer_v2_pred_63.pdb	0	6962	0.713617	A=A,B=B,C=C,D=D
8BWL-assembly1.cif	afm_dropout_full_woTemplates_model_3_multimer_v3_pred_7.pdb	0	2611	0.713606	A=C,B=B,C=A,D=D
8BWL-assembly1.cif	cf_dropout_full_woTemplates_model_2_multimer_v2_pred_22.pdb	0	6314	0.713606	A=C,B=D,C=A,D=B
8BWL-assembly1.cif	afm_woTemplates_model_2_multimer_v3_pred_16.pdb	0	5369	0.7136	A=A,B=B,C=C,D=D
8BWL-assembly1.cif	afm_basic_model_4_multimer_v2_pred_34.pdb	0	699	0.713595	A=A,B=B,C=C,D=D
8BWL-assembly1.cif	cf_woTemplates_model_1_multimer_v3_pred_48.pdb	0	7213	0.713589	A=C,B=D,C=A,D=B
8BWL-assembly1.cif	afm_basic_model_3_multimer_v3_pred_57.pdb	0	590	0.713584	A=A,B=D,C=C,D=B
8BWL-assembly1.cif	afm_dropout_full_model_2_multimer_v3_pred_41.pdb	0	1377	0.713581	A=A,B=D,C=C,D=B
8BWL-assembly1.cif	cf_woTemplates_model_3_multimer_v3_pred_32.pdb	0	7598	0.713579	A=C,B=D,C=A,D=B
8BWL-assembly1.cif	cf_dropout_full_woTemplates_model_1_multimer_v3_pred_55.pdb	0	6216	0.713569	A=C,B=D,C=A,D=B
8BWL-assembly1.cif	afm_dropout_full_model_5_multimer_v2_pred_50.pdb	0	1923	0.713563	A=C,B=D,C=A,D=B
8BWL-assembly1.cif	afm_dropout_noSM_woTemplates_model_2_multimer_v3_pred_59.pdb	0	4411	0.713543	A=A,B=D,C=C,D=B
8BWL-assembly1.cif	cf_woTemplates_model_4_multimer_v1_pred_26.pdb	0	7658	0.713519	A=C,B=B,C=A,D=D
8BWL-assembly1.cif	afm_woTemplates_model_2_multimer_v3_pred_42.pdb	0	5398	0.713515	A=A,B=D,C=C,D=B
8BWL-assembly1.cif	afm_dropout_full_woTemplates_model_2_multimer_v2_pred_9.pdb	0	2345	0.713513	A=A,B=D,C=C,D=B
8BWL-assembly1.cif	afm_dropout_full_model_2_multimer_v3_pred_53.pdb	0	1390	0.713506	A=C,B=D,C=A,D=B
8BWL-assembly1.cif	afm_dropout_noSM_woTemplates_model_1_multimer_v3_pred_12.pdb	0	4159	0.713505	A=A,B=D,C=C,D=B
8BWL-assembly1.cif	afm_basic_model_2_multimer_v3_pred_4.pdb	0	370	0.713498	A=A,B=D,C=C,D=B
8BWL-assembly1.cif	afm_dropout_full_woTemplates_model_2_multimer_v2_pred_45.pdb	0	2319	0.713489	A=C,B=B,C=A,D=D
8BWL-assembly1.cif	afm_basic_model_2_multimer_v3_pred_61.pdb	0	394	0.713489	A=A,B=D,C=C,D=B
8BWL-assembly1.cif	afm_dropout_noSM_woTemplates_model_1_multimer_v3_pred_38.pdb	0	4187	0.713489	A=A,B=D,C=C,D=B
8BWL-assembly1.cif	afm_basic_model_1_multimer_v2_pred_19.pdb	0	79	0.713488	A=A,B=B,C=C,D=D
8BWL-assembly1.cif	afm_woTemplates_model_2_multimer_v3_pred_57.pdb	0	5414	0.713482	A=C,B=D,C=A,D=B
8BWL-assembly1.cif	afm_basic_model_5_multimer_v3_pred_45.pdb	0	979	0.713477	A=A,B=B,C=C,D=D
8BWL-assembly1.cif	afm_dropout_full_woTemplates_model_2_multimer_v3_pred_22.pdb	0	2361	0.713475	A=A,B=D,C=C,D=B
8BWL-assembly1.cif	afm_dropout_full_model_3_multimer_v3_pred_14.pdb	0	1548	0.713475	A=C,B=D,C=A,D=B
8BWL-assembly1.cif	afm_dropout_full_model_3_multimer_v3_pred_35.pdb	0	1571	0.713473	A=C,B=D,C=A,D=B
8BWL-assembly1.cif	cf_woTemplates_model_2_multimer_v1_pred_50.pdb	0	7283	0.71347	A=A,B=D,C=C,D=B
8BWL-assembly1.cif	cf_dropout_full_woTemplates_model_5_multimer_v1_pred_5.pdb	0	6880	0.713466	A=A,B=D,C=C,D=B
8BWL-assembly1.cif	afm_dropout_full_woTemplates_r3_model_2_multimer_v2_pred_2.pdb	0	3296	0.713462	A=A,B=D,C=C,D=B
8BWL-assembly1.cif	afm_basic_model_2_multimer_v3_pred_55.pdb	0	387	0.713461	A=C,B=B,C=A,D=D
8BWL-assembly1.cif	afm_dropout_full_woTemplates_model_2_multimer_v2_pred_61.pdb	0	2337	0.713458	A=C,B=B,C=A,D=D
8BWL-assembly1.cif	cf_dropout_full_woTemplates_model_4_multimer_v1_pred_38.pdb	0	6666	0.713455	A=A,B=D,C=C,D=B
8BWL-assembly1.cif	afm_dropout_full_model_1_multimer_v2_pred_15.pdb	0	1080	0.713447	A=C,B=D,C=A,D=B
8BWL-assembly1.cif	afm_dropout_full_woTemplates_model_4_multimer_v3_pred_63.pdb	0	2808	0.713444	A=A,B=D,C=C,D=B
8BWL-assembly1.cif	afm_basic_model_2_multimer_v3_pred_58.pdb	0	390	0.71344	A=A,B=B,C=C,D=D
8BWL-assembly1.cif	afm_basic_model_4_multimer_v2_pred_33.pdb	0	698	0.713434	A=A,B=B,C=C,D=D
8BWL-assembly1.cif	cf_woTemplates_model_2_multimer_v3_pred_25.pdb	0	7389	0.713429	A=C,B=B,C=A,D=D
8BWL-assembly1.cif	afm_dropout_full_model_3_multimer_v2_pred_46.pdb	0	1516	0.713424	A=A,B=B,C=C,D=D
8BWL-assembly1.cif	afm_dropout_full_woTemplates_model_2_multimer_v3_pred_42.pdb	0	2383	0.713419	A=C,B=D,C=A,D=B
8BWL-assembly1.cif	afm_woTemplates_model_3_multimer_v1_pred_2.pdb	0	5440	0.713418	A=C,B=B,C=A,D=D
8BWL-assembly1.cif	afm_dropout_full_model_3_multimer_v2_pred_12.pdb	0	1479	0.713416	A=C,B=D,C=A,D=B
8BWL-assembly1.cif	afm_woTemplates_model_2_multimer_v3_pred_36.pdb	0	5391	0.713413	A=A,B=D,C=C,D=B
8BWL-assembly1.cif	afm_dropout_noSM_woTemplates_model_1_multimer_v3_pred_40.pdb	0	4190	0.713408	A=A,B=B,C=C,D=D
8BWL-assembly1.cif	afm_dropout_noSM_woTemplates_model_2_multimer_v3_pred_7.pdb	0	4420	0.7134	A=C,B=B,C=A,D=D
8BWL-assembly1.cif	cf_dropout_full_woTemplates_model_1_multimer_v2_pred_50.pdb	0	6144	0.713381	A=C,B=B,C=A,D=D
8BWL-assembly1.cif	afm_dropout_full_model_5_multimer_v2_pred_21.pdb	0	1891	0.713377	A=C,B=B,C=A,D=D
8BWL-assembly1.cif	afm_dropout_full_woTemplates_r3_model_2_multimer_v3_pred_29.pdb	0	3373	0.713377	A=C,B=D,C=A,D=B
8BWL-assembly1.cif	afm_dropout_full_woTemplates_model_1_multimer_v3_pred_59.pdb	0	2200	0.713376	A=A,B=D,C=C,D=B
8BWL-assembly1.cif	afm_dropout_noSM_woTemplates_model_1_multimer_v3_pred_65.pdb	0	4217	0.713374	A=C,B=D,C=A,D=B
8BWL-assembly1.cif	cf_dropout_full_woTemplates_model_5_multimer_v2_pred_3.pdb	0	6925	0.713368	A=C,B=B,C=A,D=D
8BWL-assembly1.cif	afm_basic_model_3_multimer_v2_pred_20.pdb	0	483	0.713362	A=A,B=B,C=C,D=D
8BWL-assembly1.cif	cf_dropout_full_woTemplates_model_2_multimer_v2_pred_16.pdb	0	6307	0.71336	A=C,B=B,C=A,D=D
8BWL-assembly1.cif	afm_dropout_full_model_5_multimer_v3_pred_18.pdb	0	1954	0.713341	A=A,B=B,C=C,D=D
8BWL-assembly1.cif	cf_dropout_full_woTemplates_model_2_multimer_v2_pred_53.pdb	0	6348	0.713341	A=A,B=B,C=C,D=D
8BWL-assembly1.cif	afm_dropout_full_model_3_multimer_v3_pred_40.pdb	0	1577	0.713341	A=A,B=D,C=C,D=B
8BWL-assembly1.cif	cf_dropout_full_woTemplates_model_5_multimer_v1_pred_37.pdb	0	6866	0.713334	A=A,B=D,C=C,D=B
8BWL-assembly1.cif	cf_dropout_full_woTemplates_model_5_multimer_v2_pred_54.pdb	0	6952	0.713328	A=C,B=B,C=A,D=D
8BWL-assembly1.cif	afm_dropout_full_woTemplates_model_5_multimer_v2_pred_58.pdb	0	2936	0.713321	A=C,B=B,C=A,D=D
8BWL-assembly1.cif	afm_dropout_full_woTemplates_r3_model_4_multimer_v3_pred_1.pdb	0	3754	0.713319	A=C,B=B,C=A,D=D
8BWL-assembly1.cif	cf_dropout_full_woTemplates_model_4_multimer_v1_pred_8.pdb	0	6699	0.713316	A=C,B=B,C=A,D=D
8BWL-assembly1.cif	cf_dropout_full_woTemplates_model_1_multimer_v3_pred_4.pdb	0	6199	0.713307	A=A,B=B,C=C,D=D
8BWL-assembly1.cif	cf_woTemplates_model_1_multimer_v3_pred_1.pdb	0	7171	0.713305	A=C,B=B,C=A,D=D
8BWL-assembly1.cif	afm_woTemplates_model_1_multimer_v3_pred_0.pdb	0	5160	0.713293	A=C,B=B,C=A,D=D
8BWL-assembly1.cif	afm_dropout_full_woTemplates_r3_model_5_multimer_v2_pred_60.pdb	0	3944	0.713293	A=C,B=B,C=A,D=D
8BWL-assembly1.cif	afm_basic_model_4_multimer_v3_pred_24.pdb	0	755	0.713285	A=A,B=B,C=C,D=D
8BWL-assembly1.cif	afm_dropout_noSM_woTemplates_model_2_multimer_v3_pred_53.pdb	0	4405	0.713282	A=A,B=B,C=C,D=D
8BWL-assembly1.cif	afm_dropout_full_woTemplates_r3_model_2_multimer_v3_pred_55.pdb	0	3402	0.713281	A=A,B=B,C=C,D=D
8BWL-assembly1.cif	afm_dropout_full_model_5_multimer_v2_pred_0.pdb	0	1877	0.713278	A=C,B=B,C=A,D=D
8BWL-assembly1.cif	afm_dropout_noSM_woTemplates_model_2_multimer_v3_pred_19.pdb	0	4367	0.713275	A=A,B=D,C=C,D=B
8BWL-assembly1.cif	cf_woTemplates_model_1_multimer_v2_pred_55.pdb	0	7154	0.713274	A=C,B=D,C=A,D=B
8BWL-assembly1.cif	cf_woTemplates_model_1_multimer_v3_pred_5.pdb	0	7215	0.713273	A=A,B=B,C=C,D=D
8BWL-assembly1.cif	afm_dropout_full_model_1_multimer_v3_pred_35.pdb	0	1169	0.713272	A=C,B=B,C=A,D=D
8BWL-assembly1.cif	afm_dropout_full_woTemplates_model_2_multimer_v2_pred_51.pdb	0	2326	0.713268	A=A,B=D,C=C,D=B
8BWL-assembly1.cif	afm_dropout_full_woTemplates_model_2_multimer_v1_pred_2.pdb	0	2224	0.713266	A=A,B=D,C=C,D=B
8BWL-assembly1.cif	afm_basic_model_3_multimer_v2_pred_13.pdb	0	475	0.71326	A=C,B=B,C=A,D=D
8BWL-assembly1.cif	afm_dropout_full_model_1_multimer_v1_pred_61.pdb	0	1064	0.713256	A=C,B=B,C=A,D=D
8BWL-assembly1.cif	cf_woTemplates_model_1_multimer_v1_pred_66.pdb	0	7099	0.713255	A=C,B=B,C=A,D=D
8BWL-assembly1.cif	cf_dropout_full_woTemplates_model_2_multimer_v2_pred_33.pdb	0	6326	0.713254	A=C,B=B,C=A,D=D
8BWL-assembly1.cif	afm_dropout_full_model_1_multimer_v1_pred_3.pdb	0	1029	0.713253	A=A,B=D,C=C,D=B
8BWL-assembly1.cif	afm_woTemplates_model_1_multimer_v3_pred_50.pdb	0	5206	0.713252	A=A,B=B,C=C,D=D
8BWL-assembly1.cif	afm_dropout_noSM_woTemplates_model_1_multimer_v3_pred_55.pdb	0	4206	0.713251	A=C,B=D,C=A,D=B
8BWL-assembly1.cif	afm_dropout_noSM_woTemplates_model_2_multimer_v3_pred_35.pdb	0	4385	0.713229	A=A,B=B,C=C,D=D
8BWL-assembly1.cif	afm_dropout_full_woTemplates_r3_model_2_multimer_v2_pred_48.pdb	0	3327	0.713223	A=C,B=D,C=A,D=B
8BWL-assembly1.cif	afm_dropout_full_model_3_multimer_v2_pred_54.pdb	0	1525	0.713219	A=A,B=D,C=C,D=B
8BWL-assembly1.cif	cf_dropout_full_woTemplates_model_4_multimer_v3_pred_53.pdb	0	6817	0.71321	A=C,B=D,C=A,D=B
8BWL-assembly1.cif	cf_woTemplates_model_4_multimer_v1_pred_48.pdb	0	7682	0.713203	A=A,B=D,C=C,D=B
8BWL-assembly1.cif	afm_basic_model_4_multimer_v3_pred_50.pdb	0	784	0.713202	A=C,B=B,C=A,D=D
8BWL-assembly1.cif	cf_woTemplates_model_1_multimer_v2_pred_62.pdb	0	7162	0.713197	A=C,B=D,C=A,D=B
8BWL-assembly1.cif	afm_dropout_full_woTemplates_r3_model_3_multimer_v2_pred_43.pdb	0	3523	0.713195	A=A,B=B,C=C,D=D
8BWL-assembly1.cif	cf_woTemplates_model_1_multimer_v1_pred_62.pdb	0	7095	0.713193	A=C,B=B,C=A,D=D
8BWL-assembly1.cif	cf_dropout_full_woTemplates_model_3_multimer_v3_pred_21.pdb	0	6581	0.713158	A=A,B=D,C=C,D=B
8BWL-assembly1.cif	cf_woTemplates_model_2_multimer_v1_pred_57.pdb	0	7290	0.713157	A=A,B=D,C=C,D=B
8BWL-assembly1.cif	cf_woTemplates_model_1_multimer_v1_pred_40.pdb	0	7071	0.713152	A=C,B=B,C=A,D=D
8BWL-assembly1.cif	cf_woTemplates_model_1_multimer_v1_pred_52.pdb	0	7084	0.713149	A=C,B=B,C=A,D=D
8BWL-assembly1.cif	afm_dropout_full_woTemplates_r3_model_2_multimer_v2_pred_10.pdb	0	3286	0.713142	A=A,B=D,C=C,D=B
8BWL-assembly1.cif	afm_dropout_full_woTemplates_r3_model_4_multimer_v1_pred_57.pdb	0	3672	0.71314	A=C,B=B,C=A,D=D
8BWL-assembly1.cif	afm_dropout_full_model_5_multimer_v3_pred_51.pdb	0	1991	0.713139	A=C,B=D,C=A,D=B
8BWL-assembly1.cif	afm_basic_model_1_multimer_v2_pred_25.pdb	0	86	0.713137	A=A,B=D,C=C,D=B
8BWL-assembly1.cif	cf_dropout_full_woTemplates_model_2_multimer_v3_pred_55.pdb	0	6417	0.71313	A=A,B=D,C=C,D=B
8BWL-assembly1.cif	cf_dropout_full_woTemplates_model_5_multimer_v3_pred_52.pdb	0	7017	0.713125	A=C,B=B,C=A,D=D
8BWL-assembly1.cif	cf_woTemplates_model_4_multimer_v3_pred_21.pdb	0	7787	0.713124	A=C,B=B,C=A,D=D
8BWL-assembly1.cif	cf_dropout_full_woTemplates_model_1_multimer_v3_pred_25.pdb	0	6183	0.713115	A=C,B=D,C=A,D=B
8BWL-assembly1.cif	afm_dropout_full_woTemplates_model_3_multimer_v3_pred_26.pdb	0	2566	0.713107	A=C,B=B,C=A,D=D
8BWL-assembly1.cif	cf_woTemplates_model_5_multimer_v1_pred_29.pdb	0	7862	0.713107	A=C,B=B,C=A,D=D
8BWL-assembly1.cif	cf_dropout_full_woTemplates_model_4_multimer_v1_pred_4.pdb	0	6668	0.713107	A=A,B=B,C=C,D=D
8BWL-assembly1.cif	cf_dropout_full_woTemplates_model_2_multimer_v3_pred_16.pdb	0	6374	0.713093	A=A,B=D,C=C,D=B
8BWL-assembly1.cif	afm_basic_model_1_multimer_v2_pred_18.pdb	0	78	0.71309	A=C,B=D,C=A,D=B
8BWL-assembly1.cif	afm_dropout_full_woTemplates_model_2_multimer_v1_pred_34.pdb	0	2240	0.713089	A=C,B=D,C=A,D=B
8BWL-assembly1.cif	afm_dropout_full_model_5_multimer_v3_pred_54.pdb	0	1994	0.713087	A=C,B=D,C=A,D=B
8BWL-assembly1.cif	cf_woTemplates_model_2_multimer_v3_pred_66.pdb	0	7434	0.713085	A=A,B=D,C=C,D=B
8BWL-assembly1.cif	afm_woTemplates_model_1_multimer_v2_pred_63.pdb	0	5153	0.713077	A=A,B=D,C=C,D=B
8BWL-assembly1.cif	cf_woTemplates_model_2_multimer_v3_pred_34.pdb	0	7399	0.713075	A=A,B=D,C=C,D=B
8BWL-assembly1.cif	cf_dropout_full_woTemplates_model_4_multimer_v1_pred_21.pdb	0	6648	0.713071	A=C,B=B,C=A,D=D
8BWL-assembly1.cif	afm_basic_model_3_multimer_v3_pred_12.pdb	0	541	0.713071	A=A,B=B,C=C,D=D
8BWL-assembly1.cif	afm_dropout_noSM_woTemplates_model_1_multimer_v2_pred_1.pdb	0	4089	0.713061	A=C,B=D,C=A,D=B
8BWL-assembly1.cif	afm_woTemplates_model_2_multimer_v3_pred_56.pdb	0	5413	0.713057	A=A,B=D,C=C,D=B
8BWL-assembly1.cif	afm_woTemplates_model_2_multimer_v3_pred_12.pdb	0	5365	0.713053	A=A,B=B,C=C,D=D
8BWL-assembly1.cif	afm_dropout_full_model_1_multimer_v2_pred_33.pdb	0	1100	0.713043	A=A,B=B,C=C,D=D
8BWL-assembly1.cif	afm_basic_model_4_multimer_v3_pred_4.pdb	0	772	0.713042	A=C,B=B,C=A,D=D
8BWL-assembly1.cif	afm_dropout_full_woTemplates_r3_model_4_multimer_v3_pred_15.pdb	0	3760	0.713041	A=C,B=D,C=A,D=B
8BWL-assembly1.cif	cf_woTemplates_model_1_multimer_v1_pred_5.pdb	0	7081	0.713036	A=A,B=D,C=C,D=B
8BWL-assembly1.cif	afm_dropout_full_woTemplates_model_4_multimer_v2_pred_65.pdb	0	2743	0.713033	A=A,B=B,C=C,D=D
8BWL-assembly1.cif	afm_dropout_full_woTemplates_model_2_multimer_v3_pred_5.pdb	0	2391	0.71303	A=C,B=B,C=A,D=D
8BWL-assembly1.cif	cf_dropout_full_woTemplates_model_2_multimer_v3_pred_25.pdb	0	6384	0.713029	A=A,B=D,C=C,D=B
8BWL-assembly1.cif	cf_dropout_full_woTemplates_model_5_multimer_v3_pred_12.pdb	0	6973	0.713026	A=A,B=D,C=C,D=B
8BWL-assembly1.cif	afm_basic_model_1_multimer_v2_pred_16.pdb	0	76	0.713024	A=A,B=B,C=C,D=D
8BWL-assembly1.cif	cf_dropout_full_woTemplates_model_2_multimer_v2_pred_13.pdb	0	6304	0.713023	A=A,B=D,C=C,D=B
8BWL-assembly1.cif	afm_woTemplates_model_2_multimer_v2_pred_40.pdb	0	5329	0.713023	A=C,B=D,C=A,D=B
8BWL-assembly1.cif	afm_dropout_noSM_woTemplates_model_1_multimer_v3_pred_8.pdb	0	4220	0.713022	A=C,B=D,C=A,D=B
8BWL-assembly1.cif	afm_basic_model_2_multimer_v3_pred_33.pdb	0	363	0.713017	A=A,B=B,C=C,D=D
8BWL-assembly1.cif	afm_dropout_full_woTemplates_model_5_multimer_v2_pred_3.pdb	0	2905	0.713016	A=C,B=D,C=A,D=B
8BWL-assembly1.cif	afm_dropout_full_woTemplates_model_1_multimer_v2_pred_38.pdb	0	2110	0.71301	A=A,B=D,C=C,D=B
8BWL-assembly1.cif	afm_basic_model_2_multimer_v3_pred_37.pdb	0	367	0.713008	A=C,B=D,C=A,D=B
8BWL-assembly1.cif	afm_basic_model_3_multimer_v3_pred_20.pdb	0	550	0.713008	A=A,B=B,C=C,D=D
8BWL-assembly1.cif	afm_basic_model_4_multimer_v3_pred_48.pdb	0	781	0.713001	A=A,B=D,C=C,D=B
8BWL-assembly1.cif	afm_dropout_full_model_5_multimer_v1_pred_63.pdb	0	1870	0.712994	A=A,B=D,C=C,D=B
8BWL-assembly1.cif	afm_dropout_noSM_woTemplates_model_5_multimer_v2_pred_0.pdb	0	4892	0.712992	A=A,B=B,C=C,D=D
8BWL-assembly1.cif	afm_dropout_noSM_woTemplates_model_2_multimer_v3_pred_24.pdb	0	4373	0.712991	A=A,B=D,C=C,D=B
8BWL-assembly1.cif	afm_woTemplates_model_2_multimer_v3_pred_22.pdb	0	5376	0.71299	A=C,B=B,C=A,D=D
8BWL-assembly1.cif	cf_woTemplates_model_1_multimer_v2_pred_24.pdb	0	7120	0.712978	A=C,B=D,C=A,D=B
8BWL-assembly1.cif	cf_dropout_full_woTemplates_model_1_multimer_v2_pred_59.pdb	0	6153	0.712974	A=C,B=D,C=A,D=B
8BWL-assembly1.cif	cf_dropout_full_woTemplates_model_2_multimer_v2_pred_56.pdb	0	6351	0.712969	A=C,B=D,C=A,D=B
8BWL-assembly1.cif	afm_dropout_full_woTemplates_r3_model_2_multimer_v2_pred_52.pdb	0	3332	0.712964	A=A,B=D,C=C,D=B
8BWL-assembly1.cif	afm_dropout_full_woTemplates_r3_model_3_multimer_v2_pred_54.pdb	0	3535	0.712962	A=A,B=B,C=C,D=D
8BWL-assembly1.cif	afm_dropout_noSM_woTemplates_model_2_multimer_v1_pred_51.pdb	0	4269	0.712953	A=C,B=B,C=A,D=D
8BWL-assembly1.cif	afm_dropout_full_woTemplates_model_5_multimer_v2_pred_10.pdb	0	2884	0.712951	A=C,B=B,C=A,D=D
8BWL-assembly1.cif	cf_woTemplates_model_3_multimer_v3_pred_10.pdb	0	7574	0.712948	A=A,B=D,C=C,D=B
8BWL-assembly1.cif	cf_woTemplates_model_5_multimer_v2_pred_23.pdb	0	7923	0.712945	A=A,B=B,C=C,D=D
8BWL-assembly1.cif	afm_dropout_full_model_5_multimer_v2_pred_53.pdb	0	1926	0.712942	A=C,B=D,C=A,D=B
8BWL-assembly1.cif	cf_woTemplates_model_4_multimer_v1_pred_34.pdb	0	7667	0.712935	A=A,B=D,C=C,D=B
8BWL-assembly1.cif	afm_dropout_noSM_woTemplates_model_4_multimer_v3_pred_37.pdb	0	4789	0.712933	A=A,B=B,C=C,D=D
8BWL-assembly1.cif	afm_dropout_noSM_woTemplates_model_4_multimer_v2_pred_59.pdb	0	4746	0.712928	A=A,B=D,C=C,D=B
8BWL-assembly1.cif	afm_basic_model_2_multimer_v3_pred_17.pdb	0	345	0.712927	A=C,B=D,C=A,D=B
8BWL-assembly1.cif	afm_dropout_full_woTemplates_model_2_multimer_v3_pred_2.pdb	0	2358	0.712926	A=C,B=D,C=A,D=B
8BWL-assembly1.cif	afm_dropout_full_woTemplates_r3_model_3_multimer_v3_pred_41.pdb	0	3588	0.712913	A=C,B=D,C=A,D=B
8BWL-assembly1.cif	afm_dropout_noSM_woTemplates_model_2_multimer_v1_pred_32.pdb	0	4248	0.712908	A=A,B=D,C=C,D=B
8BWL-assembly1.cif	cf_woTemplates_model_1_multimer_v3_pred_64.pdb	0	7231	0.712906	A=A,B=B,C=C,D=D
8BWL-assembly1.cif	cf_woTemplates_model_1_multimer_v2_pred_32.pdb	0	7129	0.712899	A=C,B=D,C=A,D=B
8BWL-assembly1.cif	afm_basic_model_1_multimer_v2_pred_4.pdb	0	102	0.712897	A=A,B=D,C=C,D=B
8BWL-assembly1.cif	cf_woTemplates_model_3_multimer_v1_pred_34.pdb	0	7466	0.712894	A=A,B=D,C=C,D=B
8BWL-assembly1.cif	cf_dropout_full_woTemplates_model_1_multimer_v2_pred_63.pdb	0	6158	0.71289	A=C,B=D,C=A,D=B
8BWL-assembly1.cif	afm_basic_model_3_multimer_v2_pred_24.pdb	0	487	0.712888	A=A,B=D,C=C,D=B
8BWL-assembly1.cif	cf_woTemplates_model_1_multimer_v3_pred_19.pdb	0	7181	0.712887	A=C,B=B,C=A,D=D
8BWL-assembly1.cif	cf_woTemplates_model_2_multimer_v3_pred_49.pdb	0	7415	0.712881	A=A,B=B,C=C,D=D
8BWL-assembly1.cif	afm_dropout_full_model_5_multimer_v2_pred_47.pdb	0	1919	0.712874	A=C,B=B,C=A,D=D
8BWL-assembly1.cif	afm_woTemplates_model_3_multimer_v2_pred_44.pdb	0	5534	0.71287	A=C,B=D,C=A,D=B
8BWL-assembly1.cif	afm_woTemplates_model_2_multimer_v3_pred_19.pdb	0	5372	0.712867	A=C,B=B,C=A,D=D
8BWL-assembly1.cif	afm_woTemplates_model_1_multimer_v2_pred_32.pdb	0	5119	0.712861	A=A,B=B,C=C,D=D
8BWL-assembly1.cif	afm_dropout_full_model_3_multimer_v3_pred_56.pdb	0	1594	0.712855	A=C,B=B,C=A,D=D
8BWL-assembly1.cif	afm_dropout_full_model_5_multimer_v2_pred_52.pdb	0	1925	0.712852	A=A,B=D,C=C,D=B
8BWL-assembly1.cif	afm_dropout_full_woTemplates_r3_model_1_multimer_v2_pred_45.pdb	0	3123	0.712852	A=C,B=D,C=A,D=B
8BWL-assembly1.cif	afm_dropout_noSM_woTemplates_model_3_multimer_v3_pred_55.pdb	0	4608	0.712847	A=C,B=D,C=A,D=B
8BWL-assembly1.cif	cf_dropout_full_woTemplates_model_3_multimer_v2_pred_40.pdb	0	6535	0.712842	A=C,B=D,C=A,D=B
8BWL-assembly1.cif	afm_basic_model_1_multimer_v2_pred_17.pdb	0	77	0.71284	A=A,B=B,C=C,D=D
8BWL-assembly1.cif	afm_basic_model_3_multimer_v2_pred_56.pdb	0	522	0.712834	A=A,B=D,C=C,D=B
8BWL-assembly1.cif	cf_dropout_full_woTemplates_model_3_multimer_v2_pred_34.pdb	0	6528	0.712834	A=A,B=B,C=C,D=D
8BWL-assembly1.cif	afm_dropout_full_woTemplates_model_2_multimer_v3_pred_62.pdb	0	2405	0.71283	A=C,B=B,C=A,D=D
8BWL-assembly1.cif	afm_basic_model_2_multimer_v3_pred_64.pdb	0	397	0.712827	A=A,B=B,C=C,D=D
8BWL-assembly1.cif	afm_basic_model_2_multimer_v3_pred_20.pdb	0	349	0.712825	A=C,B=B,C=A,D=D
8BWL-assembly1.cif	afm_dropout_full_woTemplates_r3_model_3_multimer_v2_pred_25.pdb	0	3503	0.712818	A=C,B=B,C=A,D=D
8BWL-assembly1.cif	cf_woTemplates_model_1_multimer_v1_pred_18.pdb	0	7046	0.712817	A=C,B=B,C=A,D=D
8BWL-assembly1.cif	cf_woTemplates_model_2_multimer_v3_pred_17.pdb	0	7380	0.712811	A=C,B=B,C=A,D=D
8BWL-assembly1.cif	cf_dropout_full_woTemplates_model_5_multimer_v3_pred_10.pdb	0	6971	0.712803	A=A,B=B,C=C,D=D
8BWL-assembly1.cif	cf_woTemplates_model_2_multimer_v3_pred_15.pdb	0	7378	0.712802	A=C,B=B,C=A,D=D
8BWL-assembly1.cif	cf_woTemplates_model_2_multimer_v1_pred_53.pdb	0	7286	0.712797	A=C,B=B,C=A,D=D
8BWL-assembly1.cif	afm_dropout_full_model_3_multimer_v2_pred_27.pdb	0	1495	0.712794	A=A,B=D,C=C,D=B
8BWL-assembly1.cif	afm_dropout_noSM_woTemplates_model_2_multimer_v3_pred_5.pdb	0	4401	0.71279	A=A,B=B,C=C,D=D
8BWL-assembly1.cif	cf_woTemplates_model_4_multimer_v1_pred_11.pdb	0	7642	0.712781	A=C,B=B,C=A,D=D
8BWL-assembly1.cif	cf_dropout_full_woTemplates_model_1_multimer_v2_pred_21.pdb	0	6112	0.712777	A=C,B=B,C=A,D=D
8BWL-assembly1.cif	cf_woTemplates_model_5_multimer_v1_pred_40.pdb	0	7875	0.712775	A=C,B=D,C=A,D=B
8BWL-assembly1.cif	afm_dropout_full_woTemplates_model_2_multimer_v3_pred_52.pdb	0	2394	0.712775	A=A,B=D,C=C,D=B
8BWL-assembly1.cif	afm_dropout_full_woTemplates_model_4_multimer_v3_pred_59.pdb	0	2803	0.712768	A=A,B=D,C=C,D=B
8BWL-assembly1.cif	cf_woTemplates_model_2_multimer_v1_pred_9.pdb	0	7303	0.712762	A=C,B=B,C=A,D=D
8BWL-assembly1.cif	afm_dropout_noSM_woTemplates_model_5_multimer_v2_pred_18.pdb	0	4902	0.712761	A=C,B=B,C=A,D=D
8BWL-assembly1.cif	cf_woTemplates_model_1_multimer_v2_pred_64.pdb	0	7164	0.712745	A=C,B=B,C=A,D=D
8BWL-assembly1.cif	cf_woTemplates_model_1_multimer_v3_pred_18.pdb	0	7180	0.712739	A=C,B=D,C=A,D=B
8BWL-assembly1.cif	afm_basic_model_1_multimer_v2_pred_45.pdb	0	108	0.712734	A=A,B=D,C=C,D=B
8BWL-assembly1.cif	afm_dropout_full_model_2_multimer_v3_pred_30.pdb	0	1365	0.712733	A=C,B=B,C=A,D=D
8BWL-assembly1.cif	afm_dropout_full_model_1_multimer_v2_pred_41.pdb	0	1109	0.712725	A=C,B=D,C=A,D=B
8BWL-assembly1.cif	afm_dropout_full_woTemplates_r3_model_3_multimer_v3_pred_65.pdb	0	3614	0.71272	A=C,B=D,C=A,D=B
8BWL-assembly1.cif	afm_basic_model_1_multimer_v2_pred_5.pdb	0	113	0.71272	A=A,B=B,C=C,D=D
8BWL-assembly1.cif	afm_basic_model_4_multimer_v3_pred_12.pdb	0	742	0.712717	A=A,B=B,C=C,D=D
8BWL-assembly1.cif	afm_basic_model_2_multimer_v3_pred_6.pdb	0	392	0.712716	A=A,B=B,C=C,D=D
8BWL-assembly1.cif	afm_dropout_full_model_1_multimer_v2_pred_30.pdb	0	1097	0.712713	A=A,B=D,C=C,D=B
8BWL-assembly1.cif	afm_dropout_noSM_woTemplates_model_1_multimer_v2_pred_40.pdb	0	4123	0.712712	A=A,B=B,C=C,D=D
8BWL-assembly1.cif	cf_woTemplates_model_1_multimer_v3_pred_35.pdb	0	7199	0.712707	A=C,B=D,C=A,D=B
8BWL-assembly1.cif	afm_dropout_full_model_2_multimer_v2_pred_43.pdb	0	1312	0.712704	A=A,B=D,C=C,D=B
8BWL-assembly1.cif	afm_basic_model_1_multimer_v2_pred_55.pdb	0	119	0.712701	A=A,B=B,C=C,D=D
8BWL-assembly1.cif	cf_dropout_full_woTemplates_model_4_multimer_v1_pred_16.pdb	0	6642	0.712696	A=A,B=D,C=C,D=B
8BWL-assembly1.cif	afm_dropout_full_woTemplates_model_2_multimer_v3_pred_59.pdb	0	2401	0.712691	A=C,B=D,C=A,D=B
8BWL-assembly1.cif	cf_woTemplates_model_2_multimer_v3_pred_31.pdb	0	7396	0.712686	A=A,B=B,C=C,D=D
8BWL-assembly1.cif	cf_woTemplates_model_5_multimer_v1_pred_41.pdb	0	7876	0.712684	A=C,B=B,C=A,D=D
8BWL-assembly1.cif	afm_dropout_full_woTemplates_model_5_multimer_v2_pred_61.pdb	0	2940	0.712675	A=A,B=D,C=C,D=B
8BWL-assembly1.cif	cf_woTemplates_model_2_multimer_v3_pred_30.pdb	0	7395	0.712665	A=C,B=D,C=A,D=B
8BWL-assembly1.cif	afm_dropout_full_model_2_multimer_v3_pred_12.pdb	0	1345	0.712656	A=C,B=B,C=A,D=D
8BWL-assembly1.cif	cf_woTemplates_model_1_multimer_v3_pred_53.pdb	0	7219	0.712654	A=A,B=D,C=C,D=B
8BWL-assembly1.cif	afm_basic_model_1_multimer_v2_pred_3.pdb	0	91	0.712632	A=A,B=D,C=C,D=B
8BWL-assembly1.cif	afm_woTemplates_model_2_multimer_v3_pred_26.pdb	0	5380	0.712629	A=C,B=D,C=A,D=B
8BWL-assembly1.cif	afm_dropout_full_model_3_multimer_v3_pred_54.pdb	0	1592	0.712625	A=A,B=D,C=C,D=B
8BWL-assembly1.cif	cf_dropout_full_woTemplates_model_1_multimer_v2_pred_27.pdb	0	6118	0.712621	A=A,B=B,C=C,D=D
8BWL-assembly1.cif	cf_woTemplates_model_1_multimer_v3_pred_28.pdb	0	7191	0.712618	A=A,B=B,C=C,D=D
8BWL-assembly1.cif	afm_dropout_full_model_2_multimer_v1_pred_19.pdb	0	1218	0.712611	A=A,B=D,C=C,D=B
8BWL-assembly1.cif	afm_dropout_full_woTemplates_model_2_multimer_v3_pred_33.pdb	0	2373	0.712594	A=C,B=D,C=A,D=B
8BWL-assembly1.cif	cf_woTemplates_model_2_multimer_v3_pred_22.pdb	0	7386	0.712593	A=A,B=B,C=C,D=D
8BWL-assembly1.cif	afm_basic_model_4_multimer_v3_pred_41.pdb	0	774	0.712589	A=C,B=B,C=A,D=D
8BWL-assembly1.cif	cf_woTemplates_model_1_multimer_v3_pred_55.pdb	0	7221	0.71258	A=A,B=B,C=C,D=D
8BWL-assembly1.cif	afm_dropout_noSM_woTemplates_model_4_multimer_v3_pred_50.pdb	0	4804	0.712569	A=C,B=D,C=A,D=B
8BWL-assembly1.cif	cf_dropout_full_woTemplates_model_2_multimer_v3_pred_66.pdb	0	6429	0.712565	A=A,B=B,C=C,D=D
8BWL-assembly1.cif	afm_dropout_noSM_woTemplates_model_2_multimer_v3_pred_64.pdb	0	4417	0.712561	A=A,B=B,C=C,D=D
8BWL-assembly1.cif	afm_basic_model_3_multimer_v3_pred_17.pdb	0	546	0.712561	A=A,B=B,C=C,D=D
8BWL-assembly1.cif	cf_woTemplates_model_2_multimer_v3_pred_1.pdb	0	7372	0.712555	A=C,B=D,C=A,D=B
8BWL-assembly1.cif	afm_dropout_full_woTemplates_model_3_multimer_v3_pred_53.pdb	0	2596	0.712555	A=C,B=B,C=A,D=D
8BWL-assembly1.cif	cf_woTemplates_model_1_multimer_v3_pred_17.pdb	0	7179	0.712552	A=A,B=B,C=C,D=D
8BWL-assembly1.cif	cf_woTemplates_model_2_multimer_v2_pred_14.pdb	0	7310	0.712549	A=C,B=D,C=A,D=B
8BWL-assembly1.cif	afm_dropout_full_model_1_multimer_v2_pred_11.pdb	0	1076	0.712544	A=A,B=B,C=C,D=D
8BWL-assembly1.cif	afm_basic_model_1_multimer_v2_pred_20.pdb	0	81	0.712544	A=C,B=B,C=A,D=D
8BWL-assembly1.cif	afm_dropout_noSM_woTemplates_model_2_multimer_v3_pred_58.pdb	0	4410	0.712542	A=A,B=D,C=C,D=B
8BWL-assembly1.cif	afm_dropout_full_model_3_multimer_v2_pred_23.pdb	0	1491	0.712542	A=C,B=B,C=A,D=D
8BWL-assembly1.cif	afm_dropout_full_model_3_multimer_v2_pred_7.pdb	0	1539	0.712542	A=A,B=D,C=C,D=B
8BWL-assembly1.cif	cf_dropout_full_woTemplates_model_2_multimer_v2_pred_54.pdb	0	6349	0.712541	A=C,B=B,C=A,D=D
8BWL-assembly1.cif	afm_dropout_noSM_woTemplates_model_1_multimer_v3_pred_11.pdb	0	4158	0.712537	A=C,B=B,C=A,D=D
8BWL-assembly1.cif	afm_basic_model_3_multimer_v3_pred_52.pdb	0	585	0.712533	A=A,B=B,C=C,D=D
8BWL-assembly1.cif	cf_woTemplates_model_2_multimer_v3_pred_8.pdb	0	7436	0.712525	A=C,B=D,C=A,D=B
8BWL-assembly1.cif	afm_dropout_full_woTemplates_model_2_multimer_v3_pred_56.pdb	0	2398	0.712518	A=A,B=D,C=C,D=B
8BWL-assembly1.cif	afm_basic_model_4_multimer_v3_pred_38.pdb	0	770	0.712518	A=C,B=B,C=A,D=D
8BWL-assembly1.cif	afm_dropout_full_woTemplates_r3_model_1_multimer_v3_pred_12.pdb	0	3154	0.712511	A=C,B=D,C=A,D=B
8BWL-assembly1.cif	cf_woTemplates_model_4_multimer_v1_pred_41.pdb	0	7675	0.712504	A=C,B=B,C=A,D=D
8BWL-assembly1.cif	afm_dropout_full_woTemplates_r3_model_2_multimer_v3_pred_54.pdb	0	3401	0.712498	A=C,B=B,C=A,D=D
8BWL-assembly1.cif	cf_woTemplates_model_3_multimer_v3_pred_19.pdb	0	7583	0.712495	A=A,B=D,C=C,D=B
8BWL-assembly1.cif	afm_woTemplates_model_3_multimer_v2_pred_33.pdb	0	5522	0.71249	A=A,B=B,C=C,D=D
8BWL-assembly1.cif	cf_woTemplates_model_2_multimer_v1_pred_10.pdb	0	7239	0.712487	A=A,B=D,C=C,D=B
8BWL-assembly1.cif	afm_basic_model_2_multimer_v3_pred_46.pdb	0	377	0.712486	A=A,B=D,C=C,D=B
8BWL-assembly1.cif	afm_dropout_full_model_1_multimer_v2_pred_28.pdb	0	1094	0.712485	A=C,B=B,C=A,D=D
8BWL-assembly1.cif	afm_woTemplates_model_1_multimer_v3_pred_62.pdb	0	5219	0.712484	A=A,B=B,C=C,D=D
8BWL-assembly1.cif	afm_dropout_full_woTemplates_model_2_multimer_v3_pred_64.pdb	0	2407	0.712471	A=A,B=B,C=C,D=D
8BWL-assembly1.cif	afm_basic_model_1_multimer_v2_pred_27.pdb	0	88	0.712469	A=A,B=D,C=C,D=B
8BWL-assembly1.cif	afm_dropout_full_model_2_multimer_v3_pred_32.pdb	0	1367	0.712469	A=C,B=D,C=A,D=B
8BWL-assembly1.cif	afm_dropout_full_model_2_multimer_v3_pred_33.pdb	0	1368	0.712467	A=A,B=B,C=C,D=D
8BWL-assembly1.cif	afm_basic_model_4_multimer_v3_pred_36.pdb	0	768	0.712463	A=C,B=B,C=A,D=D
8BWL-assembly1.cif	afm_dropout_noSM_woTemplates_model_2_multimer_v1_pred_49.pdb	0	4266	0.712459	A=C,B=B,C=A,D=D
8BWL-assembly1.cif	cf_woTemplates_model_1_multimer_v2_pred_27.pdb	0	7123	0.712459	A=A,B=B,C=C,D=D
8BWL-assembly1.cif	afm_dropout_full_model_3_multimer_v3_pred_26.pdb	0	1561	0.712453	A=C,B=D,C=A,D=B
8BWL-assembly1.cif	afm_woTemplates_model_1_multimer_v3_pred_24.pdb	0	5177	0.712447	A=A,B=B,C=C,D=D
8BWL-assembly1.cif	afm_dropout_full_model_1_multimer_v2_pred_53.pdb	0	1122	0.712444	A=C,B=B,C=A,D=D
8BWL-assembly1.cif	afm_dropout_full_woTemplates_model_1_multimer_v2_pred_64.pdb	0	2139	0.712443	A=C,B=B,C=A,D=D
8BWL-assembly1.cif	afm_basic_model_5_multimer_v2_pred_4.pdb	0	906	0.712426	A=C,B=D,C=A,D=B
8BWL-assembly1.cif	cf_woTemplates_model_1_multimer_v1_pred_16.pdb	0	7044	0.712422	A=A,B=D,C=C,D=B
8BWL-assembly1.cif	cf_woTemplates_model_2_multimer_v3_pred_43.pdb	0	7409	0.71242	A=C,B=B,C=A,D=D
8BWL-assembly1.cif	afm_basic_model_2_multimer_v3_pred_8.pdb	0	401	0.71242	A=A,B=D,C=C,D=B
8BWL-assembly1.cif	afm_basic_model_4_multimer_v2_pred_50.pdb	0	717	0.712418	A=A,B=B,C=C,D=D
8BWL-assembly1.cif	afm_dropout_full_woTemplates_r3_model_4_multimer_v2_pred_49.pdb	0	3730	0.712416	A=C,B=B,C=A,D=D
8BWL-assembly1.cif	cf_dropout_full_woTemplates_model_2_multimer_v2_pred_31.pdb	0	6324	0.712416	A=A,B=B,C=C,D=D
8BWL-assembly1.cif	afm_dropout_full_model_3_multimer_v3_pred_32.pdb	0	1568	0.71241	A=A,B=D,C=C,D=B
8BWL-assembly1.cif	afm_woTemplates_model_1_multimer_v3_pred_10.pdb	0	5162	0.712401	A=C,B=D,C=A,D=B
8BWL-assembly1.cif	cf_dropout_full_woTemplates_model_2_multimer_v3_pred_21.pdb	0	6380	0.712398	A=C,B=D,C=A,D=B
8BWL-assembly1.cif	afm_dropout_full_woTemplates_model_5_multimer_v2_pred_38.pdb	0	2914	0.712397	A=C,B=B,C=A,D=D
8BWL-assembly1.cif	afm_dropout_full_woTemplates_model_1_multimer_v3_pred_13.pdb	0	2150	0.712394	A=A,B=B,C=C,D=D
8BWL-assembly1.cif	cf_woTemplates_model_4_multimer_v1_pred_28.pdb	0	7660	0.712393	A=A,B=D,C=C,D=B
8BWL-assembly1.cif	cf_dropout_full_woTemplates_model_4_multimer_v3_pred_52.pdb	0	6816	0.71239	A=A,B=B,C=C,D=D
8BWL-assembly1.cif	afm_dropout_full_woTemplates_r3_model_4_multimer_v1_pred_3.pdb	0	3642	0.712385	A=C,B=B,C=A,D=D
8BWL-assembly1.cif	afm_basic_model_4_multimer_v2_pred_46.pdb	0	712	0.712383	A=C,B=B,C=A,D=D
8BWL-assembly1.cif	afm_dropout_noSM_woTemplates_model_2_multimer_v1_pred_44.pdb	0	4261	0.712381	A=A,B=D,C=C,D=B
8BWL-assembly1.cif	afm_dropout_full_model_3_multimer_v2_pred_38.pdb	0	1507	0.712375	A=A,B=B,C=C,D=D
8BWL-assembly1.cif	afm_woTemplates_model_1_multimer_v3_pred_42.pdb	0	5197	0.712375	A=C,B=D,C=A,D=B
8BWL-assembly1.cif	afm_dropout_noSM_woTemplates_model_1_multimer_v2_pred_19.pdb	0	4099	0.712372	A=C,B=B,C=A,D=D
8BWL-assembly1.cif	cf_woTemplates_model_2_multimer_v3_pred_59.pdb	0	7426	0.71237	A=A,B=D,C=C,D=B
8BWL-assembly1.cif	afm_basic_model_3_multimer_v2_pred_41.pdb	0	506	0.712367	A=C,B=D,C=A,D=B
8BWL-assembly1.cif	afm_dropout_noSM_woTemplates_model_2_multimer_v3_pred_12.pdb	0	4360	0.712366	A=A,B=B,C=C,D=D
8BWL-assembly1.cif	afm_dropout_full_woTemplates_model_2_multimer_v3_pred_29.pdb	0	2368	0.712355	A=A,B=D,C=C,D=B
8BWL-assembly1.cif	afm_dropout_full_woTemplates_model_1_multimer_v2_pred_55.pdb	0	2129	0.712349	A=C,B=D,C=A,D=B
8BWL-assembly1.cif	cf_dropout_full_woTemplates_model_4_multimer_v3_pred_66.pdb	0	6831	0.712329	A=C,B=D,C=A,D=B
8BWL-assembly1.cif	afm_dropout_noSM_woTemplates_model_2_multimer_v1_pred_14.pdb	0	4228	0.712328	A=A,B=B,C=C,D=D
8BWL-assembly1.cif	afm_dropout_full_woTemplates_model_1_multimer_v2_pred_63.pdb	0	2138	0.712314	A=C,B=D,C=A,D=B
8BWL-assembly1.cif	cf_dropout_full_woTemplates_model_1_multimer_v2_pred_48.pdb	0	6141	0.712311	A=A,B=B,C=C,D=D
8BWL-assembly1.cif	afm_dropout_full_model_3_multimer_v2_pred_52.pdb	0	1523	0.712311	A=C,B=D,C=A,D=B
8BWL-assembly1.cif	afm_dropout_full_model_3_multimer_v2_pred_42.pdb	0	1512	0.71231	A=C,B=B,C=A,D=D
8BWL-assembly1.cif	cf_dropout_full_woTemplates_model_4_multimer_v1_pred_25.pdb	0	6652	0.712303	A=C,B=D,C=A,D=B
8BWL-assembly1.cif	afm_dropout_noSM_woTemplates_model_2_multimer_v3_pred_26.pdb	0	4375	0.712302	A=A,B=B,C=C,D=D
8BWL-assembly1.cif	afm_dropout_full_woTemplates_r3_model_4_multimer_v2_pred_33.pdb	0	3713	0.7123	A=A,B=B,C=C,D=D
8BWL-assembly1.cif	cf_woTemplates_model_1_multimer_v3_pred_3.pdb	0	7193	0.7123	A=A,B=B,C=C,D=D
8BWL-assembly1.cif	cf_dropout_full_woTemplates_model_3_multimer_v2_pred_23.pdb	0	6516	0.712299	A=C,B=D,C=A,D=B
8BWL-assembly1.cif	cf_dropout_full_woTemplates_model_2_multimer_v1_pred_4.pdb	0	6266	0.712289	A=A,B=D,C=C,D=B
8BWL-assembly1.cif	afm_dropout_full_model_3_multimer_v2_pred_15.pdb	0	1482	0.712276	A=A,B=D,C=C,D=B
8BWL-assembly1.cif	cf_woTemplates_model_1_multimer_v1_pred_22.pdb	0	7051	0.712275	A=A,B=D,C=C,D=B
8BWL-assembly1.cif	afm_basic_model_2_multimer_v3_pred_66.pdb	0	399	0.712274	A=A,B=B,C=C,D=D
8BWL-assembly1.cif	afm_dropout_full_woTemplates_r3_model_2_multimer_v3_pred_10.pdb	0	3353	0.71227	A=A,B=B,C=C,D=D
8BWL-assembly1.cif	afm_dropout_noSM_woTemplates_model_2_multimer_v3_pred_22.pdb	0	4371	0.71225	A=A,B=B,C=C,D=D
8BWL-assembly1.cif	afm_dropout_full_model_1_multimer_v1_pred_50.pdb	0	1052	0.712247	A=C,B=B,C=A,D=D
8BWL-assembly1.cif	afm_dropout_full_model_3_multimer_v3_pred_38.pdb	0	1574	0.71224	A=A,B=B,C=C,D=D
8BWL-assembly1.cif	afm_basic_model_1_multimer_v2_pred_61.pdb	0	126	0.712238	A=A,B=B,C=C,D=D
8BWL-assembly1.cif	afm_woTemplates_model_1_multimer_v3_pred_3.pdb	0	5183	0.71222	A=A,B=B,C=C,D=D
8BWL-assembly1.cif	cf_dropout_full_woTemplates_model_2_multimer_v1_pred_44.pdb	0	6271	0.712209	A=C,B=B,C=A,D=D
8BWL-assembly1.cif	afm_woTemplates_model_2_multimer_v3_pred_49.pdb	0	5405	0.712203	A=A,B=B,C=C,D=D
8BWL-assembly1.cif	cf_dropout_full_woTemplates_model_2_multimer_v1_pred_6.pdb	0	6288	0.7122	A=A,B=D,C=C,D=B
8BWL-assembly1.cif	afm_basic_model_4_multimer_v2_pred_11.pdb	0	674	0.712199	A=A,B=B,C=C,D=D
8BWL-assembly1.cif	cf_dropout_full_woTemplates_model_1_multimer_v3_pred_66.pdb	0	6228	0.712192	A=A,B=D,C=C,D=B
8BWL-assembly1.cif	afm_dropout_full_model_3_multimer_v3_pred_24.pdb	0	1559	0.712189	A=A,B=D,C=C,D=B
8BWL-assembly1.cif	afm_basic_model_3_multimer_v3_pred_65.pdb	0	599	0.712188	A=C,B=D,C=A,D=B
8BWL-assembly1.cif	afm_dropout_full_model_2_multimer_v3_pred_1.pdb	0	1342	0.712184	A=C,B=D,C=A,D=B
8BWL-assembly1.cif	afm_dropout_noSM_woTemplates_model_2_multimer_v2_pred_4.pdb	0	4323	0.712182	A=C,B=B,C=A,D=D
8BWL-assembly1.cif	afm_basic_model_3_multimer_v3_pred_59.pdb	0	592	0.712164	A=A,B=B,C=C,D=D
8BWL-assembly1.cif	cf_woTemplates_model_4_multimer_v1_pred_32.pdb	0	7665	0.712159	A=A,B=D,C=C,D=B
8BWL-assembly1.cif	afm_basic_model_1_multimer_v2_pred_2.pdb	0	80	0.712157	A=C,B=B,C=A,D=D
8BWL-assembly1.cif	cf_dropout_full_woTemplates_model_1_multimer_v3_pred_24.pdb	0	6182	0.712154	A=C,B=D,C=A,D=B
8BWL-assembly1.cif	cf_dropout_full_woTemplates_model_3_multimer_v3_pred_28.pdb	0	6588	0.71215	A=C,B=B,C=A,D=D
8BWL-assembly1.cif	afm_dropout_full_model_2_multimer_v3_pred_34.pdb	0	1369	0.71215	A=A,B=B,C=C,D=D
8BWL-assembly1.cif	afm_basic_model_2_multimer_v1_pred_62.pdb	0	261	0.712148	A=A,B=D,C=C,D=B
8BWL-assembly1.cif	afm_dropout_full_model_4_multimer_v3_pred_57.pdb	0	1796	0.712146	A=C,B=D,C=A,D=B
8BWL-assembly1.cif	afm_dropout_full_woTemplates_model_5_multimer_v2_pred_49.pdb	0	2926	0.712143	A=A,B=D,C=C,D=B
8BWL-assembly1.cif	cf_dropout_full_woTemplates_model_4_multimer_v1_pred_5.pdb	0	6679	0.712141	A=A,B=B,C=C,D=D
8BWL-assembly1.cif	afm_dropout_full_model_2_multimer_v3_pred_25.pdb	0	1359	0.712138	A=A,B=B,C=C,D=D
8BWL-assembly1.cif	afm_basic_model_2_multimer_v3_pred_0.pdb	0	336	0.71212	A=A,B=D,C=C,D=B
8BWL-assembly1.cif	afm_dropout_noSM_woTemplates_model_4_multimer_v3_pred_19.pdb	0	4769	0.712117	A=A,B=B,C=C,D=D
8BWL-assembly1.cif	afm_dropout_full_woTemplates_r3_model_5_multimer_v2_pred_48.pdb	0	3930	0.712114	A=A,B=B,C=C,D=D
8BWL-assembly1.cif	afm_basic_model_5_multimer_v2_pred_5.pdb	0	917	0.71211	A=A,B=B,C=C,D=D
8BWL-assembly1.cif	afm_basic_model_3_multimer_v2_pred_46.pdb	0	511	0.712107	A=A,B=B,C=C,D=D
8BWL-assembly1.cif	cf_dropout_full_woTemplates_model_5_multimer_v3_pred_4.pdb	0	7003	0.712103	A=A,B=D,C=C,D=B
8BWL-assembly1.cif	cf_woTemplates_model_1_multimer_v2_pred_7.pdb	0	7167	0.712096	A=C,B=B,C=A,D=D
8BWL-assembly1.cif	afm_basic_model_2_multimer_v3_pred_56.pdb	0	388	0.712086	A=A,B=B,C=C,D=D
8BWL-assembly1.cif	afm_woTemplates_model_2_multimer_v2_pred_28.pdb	0	5315	0.712077	A=C,B=B,C=A,D=D
8BWL-assembly1.cif	cf_woTemplates_model_4_multimer_v1_pred_44.pdb	0	7678	0.712072	A=A,B=D,C=C,D=B
8BWL-assembly1.cif	afm_dropout_full_woTemplates_r3_model_1_multimer_v2_pred_21.pdb	0	3097	0.712068	A=C,B=B,C=A,D=D
8BWL-assembly1.cif	afm_dropout_full_model_2_multimer_v3_pred_2.pdb	0	1353	0.712066	A=A,B=D,C=C,D=B
8BWL-assembly1.cif	cf_dropout_full_woTemplates_model_1_multimer_v2_pred_15.pdb	0	6105	0.712036	A=A,B=D,C=C,D=B
8BWL-assembly1.cif	cf_dropout_full_woTemplates_model_3_multimer_v3_pred_31.pdb	0	6592	0.712027	A=A,B=D,C=C,D=B
8BWL-assembly1.cif	cf_woTemplates_model_1_multimer_v3_pred_13.pdb	0	7175	0.712027	A=C,B=D,C=A,D=B
8BWL-assembly1.cif	afm_basic_model_3_multimer_v2_pred_61.pdb	0	528	0.712026	A=A,B=D,C=C,D=B
8BWL-assembly1.cif	afm_basic_model_4_multimer_v3_pred_30.pdb	0	762	0.712026	A=A,B=B,C=C,D=D
8BWL-assembly1.cif	afm_basic_model_2_multimer_v3_pred_14.pdb	0	342	0.71202	A=C,B=B,C=A,D=D
8BWL-assembly1.cif	afm_basic_model_2_multimer_v3_pred_10.pdb	0	338	0.712018	A=C,B=B,C=A,D=D
8BWL-assembly1.cif	afm_basic_model_4_multimer_v3_pred_0.pdb	0	738	0.712018	A=C,B=B,C=A,D=D
8BWL-assembly1.cif	cf_dropout_full_woTemplates_model_5_multimer_v2_pred_4.pdb	0	6936	0.712012	A=A,B=B,C=C,D=D
8BWL-assembly1.cif	cf_dropout_full_woTemplates_model_1_multimer_v3_pred_10.pdb	0	6167	0.712008	A=A,B=D,C=C,D=B
8BWL-assembly1.cif	cf_woTemplates_model_1_multimer_v2_pred_60.pdb	0	7160	0.711993	A=C,B=D,C=A,D=B
8BWL-assembly1.cif	afm_basic_model_3_multimer_v3_pred_2.pdb	0	549	0.711988	A=A,B=B,C=C,D=D
8BWL-assembly1.cif	afm_dropout_full_woTemplates_r3_model_3_multimer_v1_pred_4.pdb	0	3452	0.711987	A=C,B=D,C=A,D=B
8BWL-assembly1.cif	cf_dropout_full_woTemplates_model_5_multimer_v1_pred_54.pdb	0	6885	0.711972	A=C,B=B,C=A,D=D
8BWL-assembly1.cif	cf_woTemplates_model_3_multimer_v3_pred_4.pdb	0	7606	0.71197	A=C,B=B,C=A,D=D
8BWL-assembly1.cif	cf_dropout_full_woTemplates_model_3_multimer_v3_pred_23.pdb	0	6583	0.711969	A=C,B=B,C=A,D=D
8BWL-assembly1.cif	cf_dropout_full_woTemplates_model_5_multimer_v1_pred_35.pdb	0	6864	0.711968	A=A,B=D,C=C,D=B
8BWL-assembly1.cif	afm_basic_model_1_multimer_v2_pred_0.pdb	0	68	0.711968	A=A,B=D,C=C,D=B
8BWL-assembly1.cif	afm_dropout_noSM_woTemplates_model_1_multimer_v3_pred_56.pdb	0	4207	0.711946	A=A,B=D,C=C,D=B
8BWL-assembly1.cif	afm_basic_model_2_multimer_v3_pred_16.pdb	0	344	0.711946	A=A,B=B,C=C,D=D
8BWL-assembly1.cif	afm_basic_model_4_multimer_v2_pred_53.pdb	0	720	0.711933	A=A,B=B,C=C,D=D
8BWL-assembly1.cif	afm_woTemplates_model_4_multimer_v2_pred_63.pdb	0	5756	0.711931	A=A,B=D,C=C,D=B
8BWL-assembly1.cif	afm_dropout_full_woTemplates_model_2_multimer_v3_pred_1.pdb	0	2347	0.711921	A=A,B=D,C=C,D=B
8BWL-assembly1.cif	afm_dropout_noSM_woTemplates_model_2_multimer_v3_pred_29.pdb	0	4378	0.711921	A=A,B=B,C=C,D=D
8BWL-assembly1.cif	afm_basic_model_3_multimer_v2_pred_10.pdb	0	472	0.711908	A=A,B=D,C=C,D=B
8BWL-assembly1.cif	cf_dropout_full_woTemplates_model_2_multimer_v2_pred_41.pdb	0	6335	0.711907	A=C,B=B,C=A,D=D
8BWL-assembly1.cif	afm_dropout_full_woTemplates_r3_model_5_multimer_v2_pred_11.pdb	0	3890	0.711894	A=C,B=D,C=A,D=B
8BWL-assembly1.cif	afm_dropout_noSM_woTemplates_model_2_multimer_v3_pred_36.pdb	0	4386	0.711891	A=A,B=D,C=C,D=B
8BWL-assembly1.cif	afm_dropout_full_model_2_multimer_v3_pred_3.pdb	0	1364	0.711888	A=C,B=B,C=A,D=D
8BWL-assembly1.cif	afm_basic_model_3_multimer_v2_pred_35.pdb	0	499	0.711886	A=A,B=D,C=C,D=B
8BWL-assembly1.cif	afm_dropout_noSM_woTemplates_model_1_multimer_v2_pred_56.pdb	0	4140	0.711884	A=C,B=D,C=A,D=B
8BWL-assembly1.cif	afm_dropout_full_model_4_multimer_v2_pred_23.pdb	0	1692	0.711883	A=A,B=D,C=C,D=B
8BWL-assembly1.cif	afm_dropout_full_woTemplates_r3_model_2_multimer_v3_pred_36.pdb	0	3381	0.711881	A=A,B=D,C=C,D=B
8BWL-assembly1.cif	afm_woTemplates_model_2_multimer_v3_pred_52.pdb	0	5409	0.71187	A=A,B=D,C=C,D=B
8BWL-assembly1.cif	afm_dropout_full_model_1_multimer_v2_pred_36.pdb	0	1103	0.71187	A=C,B=B,C=A,D=D
8BWL-assembly1.cif	afm_woTemplates_model_1_multimer_v2_pred_18.pdb	0	5103	0.711861	A=A,B=D,C=C,D=B
8BWL-assembly1.cif	afm_dropout_noSM_woTemplates_model_2_multimer_v2_pred_20.pdb	0	4302	0.711855	A=A,B=B,C=C,D=D
8BWL-assembly1.cif	afm_basic_model_3_multimer_v3_pred_7.pdb	0	601	0.711854	A=C,B=B,C=A,D=D
8BWL-assembly1.cif	cf_dropout_full_woTemplates_model_2_multimer_v2_pred_43.pdb	0	6337	0.711843	A=C,B=B,C=A,D=D
8BWL-assembly1.cif	afm_basic_model_3_multimer_v2_pred_3.pdb	0	493	0.711839	A=A,B=D,C=C,D=B
8BWL-assembly1.cif	cf_woTemplates_model_5_multimer_v2_pred_39.pdb	0	7940	0.711834	A=C,B=B,C=A,D=D
8BWL-assembly1.cif	afm_basic_model_5_multimer_v2_pred_13.pdb	0	877	0.711829	A=C,B=B,C=A,D=D
8BWL-assembly1.cif	cf_dropout_full_woTemplates_model_3_multimer_v3_pred_24.pdb	0	6584	0.711823	A=A,B=B,C=C,D=D
8BWL-assembly1.cif	afm_dropout_noSM_woTemplates_model_2_multimer_v2_pred_32.pdb	0	4315	0.711819	A=C,B=B,C=A,D=D
8BWL-assembly1.cif	cf_dropout_full_woTemplates_model_4_multimer_v3_pred_12.pdb	0	6772	0.711809	A=C,B=B,C=A,D=D
8BWL-assembly1.cif	afm_dropout_full_woTemplates_model_2_multimer_v3_pred_3.pdb	0	2369	0.711805	A=A,B=B,C=C,D=D
8BWL-assembly1.cif	afm_dropout_full_woTemplates_r3_model_3_multimer_v3_pred_20.pdb	0	3565	0.711804	A=A,B=B,C=C,D=D
8BWL-assembly1.cif	afm_dropout_noSM_woTemplates_model_1_multimer_v3_pred_33.pdb	0	4182	0.711789	A=A,B=B,C=C,D=D
8BWL-assembly1.cif	afm_dropout_noSM_woTemplates_model_1_multimer_v3_pred_24.pdb	0	4172	0.711781	A=A,B=D,C=C,D=B
8BWL-assembly1.cif	cf_dropout_full_woTemplates_model_5_multimer_v1_pred_30.pdb	0	6859	0.711779	A=C,B=B,C=A,D=D
8BWL-assembly1.cif	afm_basic_model_4_multimer_v3_pred_66.pdb	0	801	0.711774	A=C,B=B,C=A,D=D
8BWL-assembly1.cif	afm_basic_model_2_multimer_v3_pred_47.pdb	0	378	0.71177	A=A,B=D,C=C,D=B
8BWL-assembly1.cif	cf_woTemplates_model_3_multimer_v3_pred_52.pdb	0	7620	0.71176	A=A,B=B,C=C,D=D
8BWL-assembly1.cif	afm_basic_model_2_multimer_v3_pred_54.pdb	0	386	0.71176	A=A,B=D,C=C,D=B
8BWL-assembly1.cif	cf_woTemplates_model_4_multimer_v1_pred_39.pdb	0	7672	0.711755	A=C,B=B,C=A,D=D
8BWL-assembly1.cif	cf_woTemplates_model_4_multimer_v1_pred_21.pdb	0	7653	0.711745	A=A,B=D,C=C,D=B
8BWL-assembly1.cif	afm_basic_model_4_multimer_v3_pred_20.pdb	0	751	0.71174	A=C,B=B,C=A,D=D
8BWL-assembly1.cif	afm_basic_model_3_multimer_v2_pred_59.pdb	0	525	0.711736	A=C,B=B,C=A,D=D
8BWL-assembly1.cif	afm_basic_model_4_multimer_v3_pred_7.pdb	0	802	0.71173	A=C,B=B,C=A,D=D
8BWL-assembly1.cif	cf_woTemplates_model_1_multimer_v3_pred_60.pdb	0	7227	0.711729	A=A,B=D,C=C,D=B
8BWL-assembly1.cif	afm_basic_model_1_multimer_v2_pred_37.pdb	0	99	0.711724	A=A,B=D,C=C,D=B
8BWL-assembly1.cif	afm_dropout_full_woTemplates_r3_model_3_multimer_v1_pred_53.pdb	0	3467	0.711721	A=A,B=D,C=C,D=B
8BWL-assembly1.cif	cf_woTemplates_model_4_multimer_v1_pred_38.pdb	0	7671	0.711717	A=C,B=B,C=A,D=D
8BWL-assembly1.cif	cf_woTemplates_model_1_multimer_v2_pred_63.pdb	0	7163	0.711713	A=A,B=B,C=C,D=D
8BWL-assembly1.cif	cf_dropout_full_woTemplates_model_1_multimer_v2_pred_19.pdb	0	6109	0.711709	A=A,B=B,C=C,D=D
8BWL-assembly1.cif	afm_dropout_full_woTemplates_r3_model_1_multimer_v2_pred_47.pdb	0	3125	0.711703	A=A,B=D,C=C,D=B
8BWL-assembly1.cif	cf_dropout_full_woTemplates_model_1_multimer_v1_pred_4.pdb	0	6065	0.711701	A=A,B=D,C=C,D=B
8BWL-assembly1.cif	afm_dropout_noSM_woTemplates_model_3_multimer_v2_pred_60.pdb	0	4547	0.711698	A=C,B=D,C=A,D=B
8BWL-assembly1.cif	afm_dropout_noSM_woTemplates_model_1_multimer_v3_pred_17.pdb	0	4164	0.711684	A=A,B=B,C=C,D=D
8BWL-assembly1.cif	afm_basic_model_4_multimer_v3_pred_47.pdb	0	780	0.711683	A=C,B=D,C=A,D=B
8BWL-assembly1.cif	afm_woTemplates_model_2_multimer_v3_pred_29.pdb	0	5383	0.711678	A=C,B=B,C=A,D=D
8BWL-assembly1.cif	cf_dropout_full_woTemplates_model_2_multimer_v3_pred_59.pdb	0	6421	0.711678	A=A,B=B,C=C,D=D
8BWL-assembly1.cif	cf_woTemplates_model_1_multimer_v1_pred_58.pdb	0	7090	0.711676	A=A,B=D,C=C,D=B
8BWL-assembly1.cif	afm_woTemplates_model_2_multimer_v2_pred_0.pdb	0	5294	0.71167	A=C,B=B,C=A,D=D
8BWL-assembly1.cif	cf_dropout_full_woTemplates_model_3_multimer_v2_pred_15.pdb	0	6507	0.711668	A=A,B=D,C=C,D=B
8BWL-assembly1.cif	afm_dropout_full_woTemplates_r3_model_2_multimer_v3_pred_25.pdb	0	3369	0.711665	A=A,B=D,C=C,D=B
8BWL-assembly1.cif	afm_basic_model_3_multimer_v3_pred_40.pdb	0	572	0.711653	A=C,B=D,C=A,D=B
8BWL-assembly1.cif	afm_dropout_full_model_2_multimer_v1_pred_53.pdb	0	1256	0.711652	A=A,B=D,C=C,D=B
8BWL-assembly1.cif	afm_dropout_full_woTemplates_model_2_multimer_v2_pred_58.pdb	0	2333	0.71165	A=C,B=B,C=A,D=D
8BWL-assembly1.cif	afm_dropout_full_woTemplates_model_4_multimer_v2_pred_19.pdb	0	2692	0.711649	A=A,B=B,C=C,D=D
8BWL-assembly1.cif	afm_basic_model_2_multimer_v3_pred_2.pdb	0	348	0.711648	A=C,B=B,C=A,D=D
8BWL-assembly1.cif	cf_woTemplates_model_4_multimer_v2_pred_12.pdb	0	7710	0.711645	A=A,B=B,C=C,D=D
8BWL-assembly1.cif	afm_dropout_full_woTemplates_r3_model_5_multimer_v2_pred_21.pdb	0	3901	0.711642	A=C,B=B,C=A,D=D
8BWL-assembly1.cif	afm_dropout_full_woTemplates_r3_model_3_multimer_v2_pred_12.pdb	0	3489	0.71164	A=C,B=D,C=A,D=B
8BWL-assembly1.cif	afm_woTemplates_model_4_multimer_v3_pred_20.pdb	0	5776	0.711635	A=C,B=B,C=A,D=D
8BWL-assembly1.cif	afm_dropout_full_model_2_multimer_v3_pred_27.pdb	0	1361	0.711628	A=A,B=B,C=C,D=D
8BWL-assembly1.cif	afm_dropout_full_model_5_multimer_v2_pred_29.pdb	0	1899	0.711625	A=C,B=D,C=A,D=B
8BWL-assembly1.cif	cf_dropout_full_woTemplates_model_2_multimer_v3_pred_5.pdb	0	6411	0.711625	A=C,B=D,C=A,D=B
8BWL-assembly1.cif	afm_dropout_full_model_1_multimer_v2_pred_8.pdb	0	1138	0.711624	A=A,B=B,C=C,D=D
8BWL-assembly1.cif	afm_woTemplates_model_2_multimer_v2_pred_8.pdb	0	5359	0.711614	A=A,B=B,C=C,D=D
8BWL-assembly1.cif	afm_dropout_full_model_2_multimer_v3_pred_28.pdb	0	1362	0.71161	A=C,B=B,C=A,D=D
8BWL-assembly1.cif	afm_dropout_full_woTemplates_r3_model_4_multimer_v3_pred_64.pdb	0	3814	0.711607	A=A,B=B,C=C,D=D
8BWL-assembly1.cif	afm_basic_model_1_multimer_v2_pred_10.pdb	0	70	0.711603	A=C,B=D,C=A,D=B
8BWL-assembly1.cif	cf_woTemplates_model_4_multimer_v3_pred_32.pdb	0	7799	0.711602	A=C,B=B,C=A,D=D
8BWL-assembly1.cif	cf_woTemplates_model_1_multimer_v3_pred_51.pdb	0	7217	0.711602	A=C,B=D,C=A,D=B
8BWL-assembly1.cif	afm_woTemplates_model_1_multimer_v2_pred_40.pdb	0	5128	0.711596	A=C,B=D,C=A,D=B
8BWL-assembly1.cif	cf_dropout_full_woTemplates_model_2_multimer_v3_pred_8.pdb	0	6431	0.711592	A=A,B=D,C=C,D=B
8BWL-assembly1.cif	afm_dropout_noSM_woTemplates_model_2_multimer_v3_pred_3.pdb	0	4379	0.711582	A=C,B=D,C=A,D=B
8BWL-assembly1.cif	cf_dropout_full_woTemplates_model_3_multimer_v2_pred_45.pdb	0	6540	0.71158	A=C,B=B,C=A,D=D
8BWL-assembly1.cif	cf_woTemplates_model_1_multimer_v2_pred_8.pdb	0	7168	0.711578	A=A,B=D,C=C,D=B
8BWL-assembly1.cif	cf_woTemplates_model_2_multimer_v3_pred_58.pdb	0	7425	0.711577	A=A,B=B,C=C,D=D
8BWL-assembly1.cif	afm_dropout_noSM_woTemplates_model_2_multimer_v2_pred_5.pdb	0	4334	0.71157	A=C,B=B,C=A,D=D
8BWL-assembly1.cif	cf_woTemplates_model_1_multimer_v3_pred_66.pdb	0	7233	0.71157	A=A,B=D,C=C,D=B
8BWL-assembly1.cif	afm_dropout_full_woTemplates_model_2_multimer_v2_pred_3.pdb	0	2302	0.711568	A=A,B=D,C=C,D=B
8BWL-assembly1.cif	afm_woTemplates_model_1_multimer_v2_pred_58.pdb	0	5147	0.711566	A=C,B=B,C=A,D=D
8BWL-assembly1.cif	cf_woTemplates_model_4_multimer_v1_pred_40.pdb	0	7674	0.711553	A=A,B=D,C=C,D=B
8BWL-assembly1.cif	afm_dropout_noSM_woTemplates_model_2_multimer_v3_pred_38.pdb	0	4388	0.711548	A=A,B=B,C=C,D=D
8BWL-assembly1.cif	afm_dropout_full_woTemplates_model_2_multimer_v3_pred_41.pdb	0	2382	0.711544	A=A,B=D,C=C,D=B
8BWL-assembly1.cif	cf_dropout_full_woTemplates_model_1_multimer_v2_pred_10.pdb	0	6100	0.71153	A=A,B=B,C=C,D=D
8BWL-assembly1.cif	afm_dropout_noSM_woTemplates_model_1_multimer_v3_pred_47.pdb	0	4197	0.711526	A=A,B=D,C=C,D=B
8BWL-assembly1.cif	afm_basic_model_5_multimer_v2_pred_35.pdb	0	901	0.711519	A=A,B=B,C=C,D=D
8BWL-assembly1.cif	afm_dropout_noSM_woTemplates_model_4_multimer_v3_pred_41.pdb	0	4794	0.711511	A=C,B=D,C=A,D=B
8BWL-assembly1.cif	afm_woTemplates_model_5_multimer_v1_pred_55.pdb	0	5881	0.711506	A=A,B=B,C=C,D=D
8BWL-assembly1.cif	afm_dropout_full_woTemplates_model_2_multimer_v3_pred_8.pdb	0	2411	0.711501	A=C,B=D,C=A,D=B
8BWL-assembly1.cif	cf_woTemplates_model_1_multimer_v1_pred_49.pdb	0	7080	0.711493	A=A,B=D,C=C,D=B
8BWL-assembly1.cif	afm_basic_model_2_multimer_v3_pred_43.pdb	0	374	0.711484	A=A,B=B,C=C,D=D
8BWL-assembly1.cif	afm_basic_model_1_multimer_v2_pred_47.pdb	0	110	0.711484	A=A,B=D,C=C,D=B
8BWL-assembly1.cif	afm_dropout_full_woTemplates_model_4_multimer_v2_pred_56.pdb	0	2733	0.71147	A=A,B=B,C=C,D=D
8BWL-assembly1.cif	afm_woTemplates_model_5_multimer_v2_pred_9.pdb	0	5963	0.711469	A=C,B=B,C=A,D=D
8BWL-assembly1.cif	afm_dropout_full_model_3_multimer_v2_pred_41.pdb	0	1511	0.711461	A=A,B=D,C=C,D=B
8BWL-assembly1.cif	afm_dropout_full_model_2_multimer_v3_pred_23.pdb	0	1357	0.711459	A=A,B=D,C=C,D=B
8BWL-assembly1.cif	afm_dropout_full_woTemplates_model_4_multimer_v3_pred_1.pdb	0	2749	0.711456	A=A,B=B,C=C,D=D
8BWL-assembly1.cif	cf_woTemplates_model_2_multimer_v1_pred_16.pdb	0	7245	0.711455	A=A,B=D,C=C,D=B
8BWL-assembly1.cif	afm_basic_model_2_multimer_v3_pred_53.pdb	0	385	0.711454	A=A,B=B,C=C,D=D
8BWL-assembly1.cif	afm_woTemplates_model_5_multimer_v2_pred_30.pdb	0	5921	0.711449	A=C,B=D,C=A,D=B
8BWL-assembly1.cif	afm_woTemplates_model_1_multimer_v3_pred_40.pdb	0	5195	0.71144	A=C,B=D,C=A,D=B
8BWL-assembly1.cif	cf_dropout_full_woTemplates_model_4_multimer_v1_pred_60.pdb	0	6691	0.711435	A=C,B=B,C=A,D=D
8BWL-assembly1.cif	afm_basic_model_1_multimer_v2_pred_41.pdb	0	104	0.711426	A=A,B=D,C=C,D=B
8BWL-assembly1.cif	cf_dropout_full_woTemplates_model_4_multimer_v1_pred_46.pdb	0	6675	0.711424	A=C,B=B,C=A,D=D
8BWL-assembly1.cif	afm_dropout_full_woTemplates_r3_model_2_multimer_v2_pred_57.pdb	0	3337	0.711421	A=C,B=B,C=A,D=D
8BWL-assembly1.cif	afm_dropout_full_model_3_multimer_v2_pred_11.pdb	0	1478	0.711421	A=A,B=B,C=C,D=D
8BWL-assembly1.cif	afm_dropout_noSM_woTemplates_model_4_multimer_v2_pred_36.pdb	0	4721	0.711416	A=C,B=B,C=A,D=D
8BWL-assembly1.cif	cf_dropout_full_woTemplates_model_4_multimer_v1_pred_54.pdb	0	6684	0.711415	A=A,B=D,C=C,D=B
8BWL-assembly1.cif	afm_dropout_full_woTemplates_model_2_multimer_v1_pred_43.pdb	0	2250	0.711414	A=C,B=D,C=A,D=B
8BWL-assembly1.cif	afm_dropout_full_woTemplates_model_3_multimer_v1_pred_13.pdb	0	2418	0.711412	A=A,B=B,C=C,D=D
8BWL-assembly1.cif	afm_basic_model_4_multimer_v3_pred_9.pdb	0	804	0.711412	A=C,B=D,C=A,D=B
8BWL-assembly1.cif	afm_woTemplates_model_2_multimer_v3_pred_27.pdb	0	5381	0.711411	A=C,B=D,C=A,D=B
8BWL-assembly1.cif	cf_woTemplates_model_1_multimer_v2_pred_3.pdb	0	7126	0.711408	A=C,B=B,C=A,D=D
8BWL-assembly1.cif	cf_woTemplates_model_5_multimer_v3_pred_41.pdb	0	8010	0.711406	A=C,B=B,C=A,D=D
8BWL-assembly1.cif	afm_basic_model_2_multimer_v3_pred_38.pdb	0	368	0.7114	A=A,B=D,C=C,D=B
8BWL-assembly1.cif	afm_dropout_full_model_1_multimer_v2_pred_20.pdb	0	1086	0.711391	A=C,B=D,C=A,D=B
8BWL-assembly1.cif	afm_dropout_noSM_woTemplates_model_1_multimer_v2_pred_41.pdb	0	4124	0.711388	A=A,B=B,C=C,D=D
8BWL-assembly1.cif	cf_dropout_full_woTemplates_model_3_multimer_v3_pred_64.pdb	0	6628	0.711373	A=A,B=D,C=C,D=B
8BWL-assembly1.cif	afm_dropout_full_woTemplates_model_2_multimer_v3_pred_31.pdb	0	2371	0.71137	A=C,B=D,C=A,D=B
8BWL-assembly1.cif	afm_basic_model_3_multimer_v3_pred_25.pdb	0	555	0.711369	A=A,B=B,C=C,D=D
8BWL-assembly1.cif	afm_dropout_full_woTemplates_model_2_multimer_v3_pred_60.pdb	0	2403	0.711369	A=A,B=D,C=C,D=B
8BWL-assembly1.cif	cf_dropout_full_woTemplates_model_2_multimer_v1_pred_0.pdb	0	6232	0.711366	A=C,B=B,C=A,D=D
8BWL-assembly1.cif	afm_dropout_full_model_2_multimer_v1_pred_21.pdb	0	1221	0.71136	A=A,B=D,C=C,D=B
8BWL-assembly1.cif	afm_dropout_full_woTemplates_model_2_multimer_v3_pred_44.pdb	0	2385	0.71136	A=A,B=B,C=C,D=D
8BWL-assembly1.cif	afm_dropout_full_model_4_multimer_v3_pred_63.pdb	0	1803	0.71136	A=C,B=B,C=A,D=D
8BWL-assembly1.cif	afm_dropout_full_model_2_multimer_v3_pred_11.pdb	0	1344	0.711359	A=A,B=D,C=C,D=B
8BWL-assembly1.cif	afm_basic_model_3_multimer_v2_pred_44.pdb	0	509	0.711359	A=C,B=B,C=A,D=D
8BWL-assembly1.cif	afm_dropout_full_woTemplates_model_1_multimer_v3_pred_63.pdb	0	2205	0.711357	A=C,B=D,C=A,D=B
8BWL-assembly1.cif	afm_dropout_full_woTemplates_r3_model_2_multimer_v3_pred_50.pdb	0	3397	0.71134	A=A,B=D,C=C,D=B
8BWL-assembly1.cif	afm_dropout_full_woTemplates_model_4_multimer_v2_pred_14.pdb	0	2687	0.711331	A=C,B=D,C=A,D=B
8BWL-assembly1.cif	afm_basic_model_3_multimer_v3_pred_42.pdb	0	574	0.71133	A=C,B=D,C=A,D=B
8BWL-assembly1.cif	afm_dropout_noSM_woTemplates_model_5_multimer_v2_pred_20.pdb	0	4905	0.711328	A=A,B=B,C=C,D=D
8BWL-assembly1.cif	cf_woTemplates_model_1_multimer_v3_pred_22.pdb	0	7185	0.711325	A=C,B=D,C=A,D=B
8BWL-assembly1.cif	afm_basic_model_2_multimer_v3_pred_40.pdb	0	371	0.711319	A=C,B=B,C=A,D=D
8BWL-assembly1.cif	cf_woTemplates_model_1_multimer_v1_pred_23.pdb	0	7052	0.711311	A=C,B=B,C=A,D=D
8BWL-assembly1.cif	afm_basic_model_3_multimer_v3_pred_53.pdb	0	586	0.711307	A=A,B=B,C=C,D=D
8BWL-assembly1.cif	afm_dropout_noSM_woTemplates_model_4_multimer_v3_pred_36.pdb	0	4788	0.711304	A=C,B=D,C=A,D=B
8BWL-assembly1.cif	afm_woTemplates_model_5_multimer_v1_pred_14.pdb	0	5836	0.711301	A=C,B=B,C=A,D=D
8BWL-assembly1.cif	afm_dropout_full_woTemplates_model_1_multimer_v3_pred_18.pdb	0	2155	0.711288	A=A,B=D,C=C,D=B
8BWL-assembly1.cif	afm_dropout_full_model_1_multimer_v2_pred_13.pdb	0	1078	0.711288	A=A,B=B,C=C,D=D
8BWL-assembly1.cif	afm_basic_model_5_multimer_v2_pred_20.pdb	0	885	0.71127	A=A,B=D,C=C,D=B
8BWL-assembly1.cif	afm_basic_model_4_multimer_v2_pred_28.pdb	0	692	0.71127	A=C,B=B,C=A,D=D
8BWL-assembly1.cif	cf_dropout_full_woTemplates_model_2_multimer_v1_pred_33.pdb	0	6259	0.711269	A=A,B=D,C=C,D=B
8BWL-assembly1.cif	cf_woTemplates_model_3_multimer_v1_pred_19.pdb	0	7449	0.71126	A=A,B=D,C=C,D=B
8BWL-assembly1.cif	afm_dropout_noSM_woTemplates_model_4_multimer_v3_pred_43.pdb	0	4796	0.711259	A=A,B=D,C=C,D=B
8BWL-assembly1.cif	afm_basic_model_4_multimer_v3_pred_57.pdb	0	791	0.711251	A=C,B=B,C=A,D=D
8BWL-assembly1.cif	afm_dropout_full_model_5_multimer_v2_pred_27.pdb	0	1897	0.711249	A=A,B=D,C=C,D=B
8BWL-assembly1.cif	afm_dropout_noSM_woTemplates_model_2_multimer_v3_pred_9.pdb	0	4422	0.711246	A=C,B=D,C=A,D=B
8BWL-assembly1.cif	cf_dropout_full_woTemplates_model_5_multimer_v2_pred_44.pdb	0	6941	0.711242	A=C,B=B,C=A,D=D
8BWL-assembly1.cif	cf_dropout_full_woTemplates_model_2_multimer_v1_pred_38.pdb	0	6264	0.711235	A=C,B=D,C=A,D=B
8BWL-assembly1.cif	afm_basic_model_1_multimer_v2_pred_35.pdb	0	97	0.711235	A=A,B=D,C=C,D=B
8BWL-assembly1.cif	cf_woTemplates_model_5_multimer_v3_pred_3.pdb	0	7997	0.711235	A=A,B=D,C=C,D=B
8BWL-assembly1.cif	afm_basic_model_4_multimer_v3_pred_29.pdb	0	760	0.711224	A=C,B=B,C=A,D=D
8BWL-assembly1.cif	afm_dropout_full_model_2_multimer_v3_pred_58.pdb	0	1395	0.711224	A=C,B=B,C=A,D=D
8BWL-assembly1.cif	afm_dropout_full_model_3_multimer_v2_pred_61.pdb	0	1533	0.711217	A=C,B=B,C=A,D=D
8BWL-assembly1.cif	afm_dropout_full_model_5_multimer_v2_pred_20.pdb	0	1890	0.711216	A=C,B=B,C=A,D=D
8BWL-assembly1.cif	cf_woTemplates_model_3_multimer_v2_pred_45.pdb	0	7545	0.711213	A=C,B=D,C=A,D=B
8BWL-assembly1.cif	afm_dropout_full_woTemplates_model_1_multimer_v3_pred_55.pdb	0	2196	0.711202	A=C,B=B,C=A,D=D
8BWL-assembly1.cif	cf_dropout_full_woTemplates_model_1_multimer_v3_pred_48.pdb	0	6208	0.711188	A=C,B=B,C=A,D=D
8BWL-assembly1.cif	afm_dropout_full_woTemplates_r3_model_2_multimer_v3_pred_52.pdb	0	3399	0.711185	A=A,B=D,C=C,D=B
8BWL-assembly1.cif	afm_woTemplates_model_5_multimer_v2_pred_13.pdb	0	5902	0.711182	A=C,B=D,C=A,D=B
8BWL-assembly1.cif	cf_woTemplates_model_1_multimer_v3_pred_38.pdb	0	7202	0.71118	A=A,B=B,C=C,D=D
8BWL-assembly1.cif	afm_dropout_full_model_2_multimer_v1_pred_51.pdb	0	1254	0.711172	A=A,B=D,C=C,D=B
8BWL-assembly1.cif	afm_woTemplates_model_1_multimer_v2_pred_50.pdb	0	5139	0.711171	A=A,B=B,C=C,D=D
8BWL-assembly1.cif	cf_dropout_full_woTemplates_model_1_multimer_v3_pred_63.pdb	0	6225	0.71117	A=C,B=B,C=A,D=D
8BWL-assembly1.cif	afm_dropout_full_woTemplates_r3_model_2_multimer_v3_pred_26.pdb	0	3370	0.71117	A=A,B=D,C=C,D=B
8BWL-assembly1.cif	afm_dropout_full_woTemplates_model_2_multimer_v1_pred_53.pdb	0	2261	0.711164	A=C,B=B,C=A,D=D
8BWL-assembly1.cif	afm_basic_model_5_multimer_v2_pred_0.pdb	0	872	0.711159	A=C,B=B,C=A,D=D
8BWL-assembly1.cif	afm_basic_model_4_multimer_v2_pred_57.pdb	0	724	0.711155	A=C,B=D,C=A,D=B
8BWL-assembly1.cif	afm_dropout_full_model_3_multimer_v3_pred_43.pdb	0	1580	0.711152	A=A,B=B,C=C,D=D
8BWL-assembly1.cif	afm_basic_model_3_multimer_v3_pred_11.pdb	0	540	0.711143	A=C,B=B,C=A,D=D
8BWL-assembly1.cif	afm_basic_model_2_multimer_v3_pred_49.pdb	0	380	0.71114	A=A,B=B,C=C,D=D
8BWL-assembly1.cif	afm_basic_model_2_multimer_v3_pred_51.pdb	0	383	0.71113	A=A,B=D,C=C,D=B
8BWL-assembly1.cif	afm_dropout_noSM_woTemplates_model_1_multimer_v3_pred_5.pdb	0	4200	0.711129	A=A,B=B,C=C,D=D
8BWL-assembly1.cif	afm_basic_model_2_multimer_v3_pred_28.pdb	0	357	0.711111	A=C,B=D,C=A,D=B
8BWL-assembly1.cif	afm_dropout_full_woTemplates_r3_model_1_multimer_v3_pred_10.pdb	0	3152	0.711111	A=C,B=B,C=A,D=D
8BWL-assembly1.cif	cf_dropout_full_woTemplates_model_2_multimer_v3_pred_31.pdb	0	6391	0.71111	A=A,B=D,C=C,D=B
8BWL-assembly1.cif	cf_woTemplates_model_1_multimer_v3_pred_2.pdb	0	7182	0.711107	A=A,B=D,C=C,D=B
8BWL-assembly1.cif	afm_basic_model_3_multimer_v2_pred_58.pdb	0	524	0.711104	A=C,B=B,C=A,D=D
8BWL-assembly1.cif	cf_woTemplates_model_1_multimer_v3_pred_33.pdb	0	7197	0.711103	A=C,B=D,C=A,D=B
8BWL-assembly1.cif	afm_basic_model_3_multimer_v2_pred_28.pdb	0	491	0.711101	A=C,B=B,C=A,D=D
8BWL-assembly1.cif	afm_dropout_full_model_5_multimer_v2_pred_41.pdb	0	1913	0.711098	A=C,B=D,C=A,D=B
8BWL-assembly1.cif	afm_basic_model_2_multimer_v3_pred_44.pdb	0	375	0.711098	A=C,B=D,C=A,D=B
8BWL-assembly1.cif	afm_dropout_full_woTemplates_model_4_multimer_v1_pred_41.pdb	0	2650	0.711091	A=C,B=B,C=A,D=D
8BWL-assembly1.cif	afm_dropout_full_woTemplates_model_2_multimer_v2_pred_55.pdb	0	2330	0.711088	A=C,B=B,C=A,D=D
8BWL-assembly1.cif	cf_woTemplates_model_1_multimer_v3_pred_16.pdb	0	7178	0.711085	A=A,B=D,C=C,D=B
8BWL-assembly1.cif	afm_dropout_full_woTemplates_r3_model_1_multimer_v3_pred_24.pdb	0	3167	0.711084	A=C,B=D,C=A,D=B
8BWL-assembly1.cif	afm_dropout_full_model_1_multimer_v1_pred_65.pdb	0	1068	0.711079	A=A,B=D,C=C,D=B
8BWL-assembly1.cif	afm_dropout_full_model_5_multimer_v3_pred_4.pdb	0	1978	0.711076	A=C,B=D,C=A,D=B
8BWL-assembly1.cif	afm_woTemplates_model_5_multimer_v1_pred_45.pdb	0	5870	0.711065	A=A,B=D,C=C,D=B
8BWL-assembly1.cif	cf_dropout_full_woTemplates_model_1_multimer_v2_pred_40.pdb	0	6133	0.711062	A=A,B=D,C=C,D=B
8BWL-assembly1.cif	cf_dropout_full_woTemplates_model_1_multimer_v1_pred_7.pdb	0	6095	0.711054	A=A,B=D,C=C,D=B
8BWL-assembly1.cif	afm_dropout_full_model_2_multimer_v3_pred_40.pdb	0	1376	0.711044	A=A,B=D,C=C,D=B
8BWL-assembly1.cif	cf_dropout_full_woTemplates_model_2_multimer_v1_pred_60.pdb	0	6289	0.71104	A=C,B=B,C=A,D=D
8BWL-assembly1.cif	cf_dropout_full_woTemplates_model_5_multimer_v2_pred_14.pdb	0	6908	0.711033	A=A,B=B,C=C,D=D
8BWL-assembly1.cif	afm_woTemplates_model_2_multimer_v3_pred_10.pdb	0	5363	0.711024	A=C,B=B,C=A,D=D
8BWL-assembly1.cif	afm_basic_model_2_multimer_v3_pred_5.pdb	0	381	0.711019	A=C,B=B,C=A,D=D
8BWL-assembly1.cif	afm_dropout_full_woTemplates_r3_model_2_multimer_v2_pred_11.pdb	0	3287	0.711017	A=C,B=D,C=A,D=B
8BWL-assembly1.cif	afm_dropout_full_model_2_multimer_v2_pred_63.pdb	0	1334	0.711006	A=C,B=D,C=A,D=B
8BWL-assembly1.cif	afm_basic_model_3_multimer_v2_pred_65.pdb	0	532	0.711	A=A,B=B,C=C,D=D
8BWL-assembly1.cif	afm_basic_model_3_multimer_v2_pred_54.pdb	0	520	0.710995	A=C,B=D,C=A,D=B
8BWL-assembly1.cif	cf_dropout_full_woTemplates_model_2_multimer_v3_pred_37.pdb	0	6397	0.710981	A=A,B=B,C=C,D=D
8BWL-assembly1.cif	afm_basic_model_3_multimer_v2_pred_0.pdb	0	470	0.710974	A=C,B=D,C=A,D=B
8BWL-assembly1.cif	afm_dropout_full_model_2_multimer_v2_pred_1.pdb	0	1275	0.710969	A=C,B=B,C=A,D=D
8BWL-assembly1.cif	afm_dropout_full_woTemplates_model_2_multimer_v3_pred_54.pdb	0	2396	0.710967	A=A,B=D,C=C,D=B
8BWL-assembly1.cif	afm_dropout_full_model_5_multimer_v2_pred_1.pdb	0	1878	0.710965	A=A,B=B,C=C,D=D
8BWL-assembly1.cif	cf_woTemplates_model_4_multimer_v1_pred_35.pdb	0	7668	0.710962	A=A,B=D,C=C,D=B
8BWL-assembly1.cif	afm_dropout_full_woTemplates_model_4_multimer_v2_pred_32.pdb	0	2707	0.710959	A=A,B=B,C=C,D=D
8BWL-assembly1.cif	cf_dropout_full_woTemplates_model_5_multimer_v1_pred_32.pdb	0	6861	0.710943	A=C,B=B,C=A,D=D
8BWL-assembly1.cif	afm_basic_model_5_multimer_v2_pred_61.pdb	0	930	0.710938	A=C,B=D,C=A,D=B
8BWL-assembly1.cif	afm_dropout_full_model_2_multimer_v3_pred_61.pdb	0	1399	0.710928	A=C,B=B,C=A,D=D
8BWL-assembly1.cif	cf_dropout_full_woTemplates_model_1_multimer_v2_pred_23.pdb	0	6114	0.710921	A=C,B=B,C=A,D=D
8BWL-assembly1.cif	cf_dropout_full_woTemplates_model_2_multimer_v3_pred_54.pdb	0	6416	0.71092	A=C,B=B,C=A,D=D
8BWL-assembly1.cif	afm_dropout_full_woTemplates_r3_model_1_multimer_v3_pred_36.pdb	0	3180	0.710916	A=C,B=D,C=A,D=B
8BWL-assembly1.cif	afm_basic_model_4_multimer_v2_pred_32.pdb	0	697	0.710912	A=C,B=D,C=A,D=B
8BWL-assembly1.cif	cf_dropout_full_woTemplates_model_2_multimer_v3_pred_47.pdb	0	6408	0.710911	A=A,B=D,C=C,D=B
8BWL-assembly1.cif	cf_woTemplates_model_1_multimer_v3_pred_45.pdb	0	7210	0.710908	A=A,B=B,C=C,D=D
8BWL-assembly1.cif	afm_dropout_full_woTemplates_r3_model_3_multimer_v2_pred_37.pdb	0	3516	0.710907	A=C,B=B,C=A,D=D
8BWL-assembly1.cif	afm_dropout_full_model_3_multimer_v3_pred_1.pdb	0	1543	0.710904	A=A,B=B,C=C,D=D
8BWL-assembly1.cif	afm_dropout_noSM_woTemplates_model_2_multimer_v1_pred_10.pdb	0	4224	0.710899	A=A,B=D,C=C,D=B
8BWL-assembly1.cif	afm_dropout_noSM_woTemplates_model_2_multimer_v2_pred_41.pdb	0	4325	0.71089	A=C,B=D,C=A,D=B
8BWL-assembly1.cif	cf_dropout_full_woTemplates_model_2_multimer_v1_pred_59.pdb	0	6287	0.710882	A=A,B=D,C=C,D=B
8BWL-assembly1.cif	afm_basic_model_3_multimer_v3_pred_3.pdb	0	560	0.710878	A=A,B=B,C=C,D=D
8BWL-assembly1.cif	cf_dropout_full_woTemplates_model_2_multimer_v2_pred_7.pdb	0	6363	0.710874	A=A,B=D,C=C,D=B
8BWL-assembly1.cif	cf_woTemplates_model_5_multimer_v1_pred_60.pdb	0	7897	0.710869	A=C,B=B,C=A,D=D
8BWL-assembly1.cif	cf_dropout_full_woTemplates_model_5_multimer_v2_pred_66.pdb	0	6965	0.710865	A=C,B=B,C=A,D=D
8BWL-assembly1.cif	afm_dropout_full_model_2_multimer_v2_pred_58.pdb	0	1328	0.710859	A=C,B=D,C=A,D=B
8BWL-assembly1.cif	afm_dropout_full_woTemplates_model_1_multimer_v3_pred_14.pdb	0	2151	0.71084	A=C,B=D,C=A,D=B
8BWL-assembly1.cif	afm_dropout_full_woTemplates_model_2_multimer_v3_pred_26.pdb	0	2365	0.710836	A=C,B=D,C=A,D=B
8BWL-assembly1.cif	cf_woTemplates_model_1_multimer_v3_pred_42.pdb	0	7207	0.710836	A=A,B=D,C=C,D=B
8BWL-assembly1.cif	cf_woTemplates_model_3_multimer_v1_pred_11.pdb	0	7441	0.710834	A=A,B=D,C=C,D=B
8BWL-assembly1.cif	afm_dropout_full_woTemplates_model_4_multimer_v1_pred_12.pdb	0	2618	0.710829	A=C,B=B,C=A,D=D
8BWL-assembly1.cif	afm_dropout_full_woTemplates_model_4_multimer_v2_pred_43.pdb	0	2719	0.710825	A=C,B=B,C=A,D=D
8BWL-assembly1.cif	afm_basic_model_4_multimer_v2_pred_24.pdb	0	688	0.710824	A=C,B=B,C=A,D=D
8BWL-assembly1.cif	cf_dropout_full_woTemplates_model_1_multimer_v3_pred_43.pdb	0	6203	0.710817	A=C,B=B,C=A,D=D
8BWL-assembly1.cif	afm_basic_model_4_multimer_v2_pred_19.pdb	0	682	0.710816	A=C,B=D,C=A,D=B
8BWL-assembly1.cif	afm_woTemplates_model_1_multimer_v3_pred_22.pdb	0	5175	0.710809	A=A,B=D,C=C,D=B
8BWL-assembly1.cif	afm_woTemplates_model_1_multimer_v3_pred_13.pdb	0	5165	0.710808	A=C,B=B,C=A,D=D
8BWL-assembly1.cif	afm_basic_model_2_multimer_v3_pred_59.pdb	0	391	0.710806	A=C,B=D,C=A,D=B
8BWL-assembly1.cif	afm_woTemplates_model_2_multimer_v3_pred_33.pdb	0	5388	0.710806	A=C,B=B,C=A,D=D
8BWL-assembly1.cif	afm_dropout_full_woTemplates_r3_model_2_multimer_v3_pred_4.pdb	0	3385	0.710803	A=C,B=D,C=A,D=B
8BWL-assembly1.cif	afm_dropout_noSM_woTemplates_model_4_multimer_v2_pred_22.pdb	0	4706	0.710803	A=C,B=B,C=A,D=D
8BWL-assembly1.cif	cf_dropout_full_woTemplates_model_1_multimer_v1_pred_15.pdb	0	6038	0.710798	A=C,B=B,C=A,D=D
8BWL-assembly1.cif	afm_woTemplates_model_1_multimer_v3_pred_20.pdb	0	5173	0.710791	A=C,B=B,C=A,D=D
8BWL-assembly1.cif	afm_woTemplates_model_1_multimer_v3_pred_63.pdb	0	5220	0.71079	A=C,B=D,C=A,D=B
8BWL-assembly1.cif	cf_woTemplates_model_3_multimer_v2_pred_39.pdb	0	7538	0.710788	A=A,B=D,C=C,D=B
8BWL-assembly1.cif	cf_woTemplates_model_1_multimer_v3_pred_43.pdb	0	7208	0.710781	A=C,B=B,C=A,D=D
8BWL-assembly1.cif	cf_dropout_full_woTemplates_model_2_multimer_v3_pred_35.pdb	0	6395	0.710771	A=A,B=D,C=C,D=B
8BWL-assembly1.cif	afm_dropout_full_model_2_multimer_v1_pred_41.pdb	0	1243	0.710764	A=C,B=B,C=A,D=D
8BWL-assembly1.cif	afm_dropout_noSM_woTemplates_model_3_multimer_v3_pred_26.pdb	0	4576	0.710745	A=C,B=B,C=A,D=D
8BWL-assembly1.cif	cf_dropout_full_woTemplates_model_2_multimer_v1_pred_40.pdb	0	6267	0.710736	A=C,B=B,C=A,D=D
8BWL-assembly1.cif	afm_basic_model_4_multimer_v3_pred_17.pdb	0	747	0.710728	A=A,B=B,C=C,D=D
8BWL-assembly1.cif	afm_dropout_full_model_5_multimer_v2_pred_38.pdb	0	1909	0.710728	A=C,B=D,C=A,D=B
8BWL-assembly1.cif	cf_dropout_full_woTemplates_model_2_multimer_v3_pred_14.pdb	0	6372	0.710725	A=A,B=B,C=C,D=D
8BWL-assembly1.cif	afm_dropout_full_woTemplates_model_1_multimer_v2_pred_6.pdb	0	2134	0.710724	A=C,B=B,C=A,D=D
8BWL-assembly1.cif	afm_dropout_full_woTemplates_r3_model_3_multimer_v1_pred_36.pdb	0	3448	0.710721	A=C,B=B,C=A,D=D
8BWL-assembly1.cif	afm_dropout_full_woTemplates_r3_model_4_multimer_v2_pred_6.pdb	0	3742	0.710718	A=C,B=B,C=A,D=D
8BWL-assembly1.cif	afm_basic_model_1_multimer_v2_pred_52.pdb	0	116	0.710715	A=C,B=B,C=A,D=D
8BWL-assembly1.cif	cf_dropout_full_woTemplates_model_3_multimer_v3_pred_60.pdb	0	6624	0.710707	A=C,B=B,C=A,D=D
8BWL-assembly1.cif	afm_basic_model_2_multimer_v3_pred_7.pdb	0	400	0.710706	A=A,B=D,C=C,D=B
8BWL-assembly1.cif	afm_dropout_full_model_4_multimer_v3_pred_24.pdb	0	1760	0.710706	A=A,B=D,C=C,D=B
8BWL-assembly1.cif	cf_woTemplates_model_1_multimer_v3_pred_0.pdb	0	7170	0.710692	A=C,B=B,C=A,D=D
8BWL-assembly1.cif	afm_dropout_full_model_2_multimer_v1_pred_31.pdb	0	1232	0.710691	A=C,B=B,C=A,D=D
8BWL-assembly1.cif	afm_dropout_noSM_woTemplates_model_4_multimer_v2_pred_52.pdb	0	4739	0.710686	A=A,B=B,C=C,D=D
8BWL-assembly1.cif	afm_basic_model_3_multimer_v2_pred_50.pdb	0	516	0.710686	A=C,B=D,C=A,D=B
8BWL-assembly1.cif	afm_woTemplates_model_5_multimer_v2_pred_48.pdb	0	5940	0.710681	A=C,B=B,C=A,D=D
8BWL-assembly1.cif	afm_woTemplates_model_2_multimer_v3_pred_23.pdb	0	5377	0.710674	A=C,B=D,C=A,D=B
8BWL-assembly1.cif	afm_dropout_full_woTemplates_r3_model_1_multimer_v3_pred_50.pdb	0	3196	0.710673	A=C,B=D,C=A,D=B
8BWL-assembly1.cif	cf_woTemplates_model_4_multimer_v3_pred_42.pdb	0	7810	0.710672	A=C,B=B,C=A,D=D
8BWL-assembly1.cif	afm_woTemplates_model_2_multimer_v3_pred_7.pdb	0	5425	0.710662	A=C,B=D,C=A,D=B
8BWL-assembly1.cif	afm_basic_model_1_multimer_v2_pred_31.pdb	0	93	0.710658	A=C,B=D,C=A,D=B
8BWL-assembly1.cif	afm_basic_model_1_multimer_v2_pred_21.pdb	0	82	0.710654	A=C,B=D,C=A,D=B
8BWL-assembly1.cif	afm_dropout_full_woTemplates_r3_model_3_multimer_v2_pred_62.pdb	0	3544	0.710649	A=A,B=B,C=C,D=D
8BWL-assembly1.cif	afm_basic_model_4_multimer_v3_pred_45.pdb	0	778	0.710645	A=A,B=D,C=C,D=B
8BWL-assembly1.cif	afm_basic_model_4_multimer_v3_pred_49.pdb	0	782	0.710638	A=A,B=D,C=C,D=B
8BWL-assembly1.cif	cf_woTemplates_model_5_multimer_v2_pred_58.pdb	0	7961	0.710636	A=C,B=D,C=A,D=B
8BWL-assembly1.cif	afm_dropout_full_model_3_multimer_v3_pred_34.pdb	0	1570	0.710626	A=C,B=D,C=A,D=B
8BWL-assembly1.cif	cf_woTemplates_model_2_multimer_v1_pred_1.pdb	0	7238	0.710609	A=C,B=B,C=A,D=D
8BWL-assembly1.cif	afm_dropout_full_woTemplates_r3_model_3_multimer_v1_pred_40.pdb	0	3453	0.710607	A=A,B=D,C=C,D=B
8BWL-assembly1.cif	afm_basic_model_2_multimer_v3_pred_42.pdb	0	373	0.710606	A=C,B=B,C=A,D=D
8BWL-assembly1.cif	cf_woTemplates_model_1_multimer_v2_pred_25.pdb	0	7121	0.710605	A=A,B=B,C=C,D=D
8BWL-assembly1.cif	cf_woTemplates_model_5_multimer_v3_pred_11.pdb	0	7977	0.710598	A=C,B=B,C=A,D=D
8BWL-assembly1.cif	cf_woTemplates_model_4_multimer_v1_pred_47.pdb	0	7681	0.710584	A=A,B=D,C=C,D=B
8BWL-assembly1.cif	afm_woTemplates_model_2_multimer_v2_pred_41.pdb	0	5330	0.710582	A=C,B=B,C=A,D=D
8BWL-assembly1.cif	cf_woTemplates_model_2_multimer_v3_pred_61.pdb	0	7429	0.710576	A=C,B=D,C=A,D=B
8BWL-assembly1.cif	afm_dropout_full_woTemplates_r3_model_2_multimer_v3_pred_11.pdb	0	3354	0.710574	A=C,B=D,C=A,D=B
8BWL-assembly1.cif	afm_dropout_full_woTemplates_r3_model_4_multimer_v2_pred_50.pdb	0	3732	0.710559	A=A,B=B,C=C,D=D
8BWL-assembly1.cif	afm_basic_model_4_multimer_v2_pred_20.pdb	0	684	0.710554	A=A,B=D,C=C,D=B
8BWL-assembly1.cif	afm_basic_model_3_multimer_v2_pred_17.pdb	0	479	0.710553	A=C,B=D,C=A,D=B
8BWL-assembly1.cif	afm_basic_model_3_multimer_v2_pred_29.pdb	0	492	0.710549	A=A,B=D,C=C,D=B
8BWL-assembly1.cif	afm_basic_model_3_multimer_v2_pred_42.pdb	0	507	0.710546	A=C,B=B,C=A,D=D
8BWL-assembly1.cif	afm_dropout_full_model_2_multimer_v3_pred_43.pdb	0	1379	0.710535	A=C,B=B,C=A,D=D
8BWL-assembly1.cif	afm_dropout_full_model_4_multimer_v3_pred_30.pdb	0	1767	0.710531	A=C,B=D,C=A,D=B
8BWL-assembly1.cif	afm_basic_model_2_multimer_v3_pred_29.pdb	0	358	0.710529	A=A,B=D,C=C,D=B
8BWL-assembly1.cif	cf_woTemplates_model_1_multimer_v3_pred_14.pdb	0	7176	0.710529	A=A,B=B,C=C,D=D
8BWL-assembly1.cif	afm_dropout_full_model_3_multimer_v2_pred_25.pdb	0	1493	0.710521	A=A,B=D,C=C,D=B
8BWL-assembly1.cif	afm_dropout_full_woTemplates_model_1_multimer_v2_pred_49.pdb	0	2122	0.710518	A=A,B=D,C=C,D=B
8BWL-assembly1.cif	afm_dropout_noSM_woTemplates_model_4_multimer_v3_pred_17.pdb	0	4767	0.710515	A=A,B=B,C=C,D=D
8BWL-assembly1.cif	afm_dropout_noSM_woTemplates_model_1_multimer_v3_pred_58.pdb	0	4209	0.710512	A=A,B=B,C=C,D=D
8BWL-assembly1.cif	cf_dropout_full_woTemplates_model_1_multimer_v2_pred_45.pdb	0	6138	0.710511	A=C,B=B,C=A,D=D
8BWL-assembly1.cif	cf_woTemplates_model_5_multimer_v3_pred_43.pdb	0	8012	0.710506	A=C,B=B,C=A,D=D
8BWL-assembly1.cif	afm_woTemplates_model_1_multimer_v3_pred_2.pdb	0	5172	0.710505	A=C,B=B,C=A,D=D
8BWL-assembly1.cif	cf_woTemplates_model_1_multimer_v2_pred_40.pdb	0	7138	0.710505	A=A,B=B,C=C,D=D
8BWL-assembly1.cif	afm_basic_model_3_multimer_v2_pred_31.pdb	0	495	0.710498	A=C,B=B,C=A,D=D
8BWL-assembly1.cif	cf_dropout_full_woTemplates_model_1_multimer_v3_pred_18.pdb	0	6175	0.710497	A=A,B=D,C=C,D=B
8BWL-assembly1.cif	cf_woTemplates_model_3_multimer_v3_pred_58.pdb	0	7626	0.710495	A=A,B=B,C=C,D=D
8BWL-assembly1.cif	afm_dropout_full_model_4_multimer_v2_pred_16.pdb	0	1684	0.710493	A=A,B=B,C=C,D=D
8BWL-assembly1.cif	cf_woTemplates_model_1_multimer_v1_pred_4.pdb	0	7070	0.710477	A=A,B=D,C=C,D=B
8BWL-assembly1.cif	afm_dropout_full_model_3_multimer_v2_pred_43.pdb	0	1513	0.710466	A=C,B=B,C=A,D=D
8BWL-assembly1.cif	cf_woTemplates_model_1_multimer_v2_pred_44.pdb	0	7142	0.710459	A=A,B=D,C=C,D=B
8BWL-assembly1.cif	afm_basic_model_4_multimer_v3_pred_34.pdb	0	766	0.710448	A=A,B=B,C=C,D=D
8BWL-assembly1.cif	afm_basic_model_5_multimer_v2_pred_18.pdb	0	882	0.710443	A=A,B=B,C=C,D=D
8BWL-assembly1.cif	afm_basic_model_4_multimer_v2_pred_60.pdb	0	728	0.710429	A=C,B=B,C=A,D=D
8BWL-assembly1.cif	cf_woTemplates_model_2_multimer_v3_pred_56.pdb	0	7423	0.710426	A=A,B=B,C=C,D=D
8BWL-assembly1.cif	afm_basic_model_4_multimer_v3_pred_52.pdb	0	786	0.710419	A=C,B=B,C=A,D=D
8BWL-assembly1.cif	afm_dropout_noSM_woTemplates_model_1_multimer_v3_pred_19.pdb	0	4166	0.710418	A=A,B=D,C=C,D=B
8BWL-assembly1.cif	afm_dropout_noSM_woTemplates_model_4_multimer_v3_pred_3.pdb	0	4781	0.710415	A=A,B=B,C=C,D=D
8BWL-assembly1.cif	cf_dropout_full_woTemplates_model_1_multimer_v3_pred_51.pdb	0	6212	0.710415	A=A,B=B,C=C,D=D
8BWL-assembly1.cif	cf_dropout_full_woTemplates_model_2_multimer_v1_pred_61.pdb	0	6290	0.7104	A=C,B=B,C=A,D=D
8BWL-assembly1.cif	cf_dropout_full_woTemplates_model_1_multimer_v2_pred_9.pdb	0	6164	0.710393	A=A,B=D,C=C,D=B
8BWL-assembly1.cif	afm_basic_model_3_multimer_v2_pred_55.pdb	0	521	0.710386	A=C,B=B,C=A,D=D
8BWL-assembly1.cif	afm_basic_model_3_multimer_v2_pred_23.pdb	0	486	0.710382	A=A,B=B,C=C,D=D
8BWL-assembly1.cif	afm_dropout_full_model_3_multimer_v2_pred_57.pdb	0	1528	0.710381	A=A,B=D,C=C,D=B
8BWL-assembly1.cif	afm_woTemplates_model_5_multimer_v2_pred_7.pdb	0	5961	0.71038	A=A,B=D,C=C,D=B
8BWL-assembly1.cif	afm_basic_model_4_multimer_v2_pred_15.pdb	0	678	0.710376	A=C,B=D,C=A,D=B
8BWL-assembly1.cif	afm_dropout_full_model_4_multimer_v3_pred_35.pdb	0	1772	0.71037	A=A,B=B,C=C,D=D
8BWL-assembly1.cif	afm_basic_model_5_multimer_v2_pred_27.pdb	0	892	0.710366	A=C,B=D,C=A,D=B
8BWL-assembly1.cif	afm_dropout_full_woTemplates_r3_model_2_multimer_v2_pred_4.pdb	0	3318	0.710362	A=C,B=B,C=A,D=D
8BWL-assembly1.cif	afm_dropout_full_woTemplates_model_1_multimer_v3_pred_45.pdb	0	2185	0.710357	A=C,B=D,C=A,D=B
8BWL-assembly1.cif	afm_dropout_full_model_1_multimer_v3_pred_57.pdb	0	1193	0.710357	A=C,B=B,C=A,D=D
8BWL-assembly1.cif	afm_dropout_noSM_woTemplates_model_4_multimer_v3_pred_26.pdb	0	4777	0.710356	A=C,B=B,C=A,D=D
8BWL-assembly1.cif	afm_basic_model_4_multimer_v3_pred_59.pdb	0	793	0.710353	A=A,B=D,C=C,D=B
8BWL-assembly1.cif	afm_basic_model_3_multimer_v2_pred_57.pdb	0	523	0.710334	A=A,B=B,C=C,D=D
8BWL-assembly1.cif	afm_basic_model_3_multimer_v2_pred_39.pdb	0	503	0.710326	A=C,B=B,C=A,D=D
8BWL-assembly1.cif	afm_dropout_noSM_woTemplates_model_3_multimer_v3_pred_66.pdb	0	4620	0.710324	A=C,B=D,C=A,D=B
8BWL-assembly1.cif	afm_dropout_full_model_1_multimer_v2_pred_43.pdb	0	1111	0.710322	A=C,B=B,C=A,D=D
8BWL-assembly1.cif	afm_dropout_noSM_woTemplates_model_1_multimer_v3_pred_30.pdb	0	4179	0.710311	A=C,B=B,C=A,D=D
8BWL-assembly1.cif	afm_dropout_full_model_1_multimer_v3_pred_14.pdb	0	1146	0.7103	A=A,B=B,C=C,D=D
8BWL-assembly1.cif	afm_dropout_noSM_woTemplates_model_2_multimer_v3_pred_61.pdb	0	4414	0.710293	A=C,B=B,C=A,D=D
8BWL-assembly1.cif	afm_dropout_full_woTemplates_model_1_multimer_v2_pred_45.pdb	0	2118	0.710292	A=C,B=B,C=A,D=D
8BWL-assembly1.cif	afm_basic_model_3_multimer_v2_pred_38.pdb	0	502	0.71029	A=C,B=B,C=A,D=D
8BWL-assembly1.cif	afm_dropout_full_woTemplates_model_4_multimer_v3_pred_38.pdb	0	2780	0.710289	A=C,B=B,C=A,D=D
8BWL-assembly1.cif	afm_dropout_full_woTemplates_model_1_multimer_v2_pred_50.pdb	0	2124	0.710282	A=A,B=B,C=C,D=D
8BWL-assembly1.cif	afm_woTemplates_model_4_multimer_v2_pred_12.pdb	0	5700	0.710282	A=C,B=D,C=A,D=B
8BWL-assembly1.cif	cf_dropout_full_woTemplates_model_2_multimer_v3_pred_30.pdb	0	6390	0.710271	A=A,B=B,C=C,D=D
8BWL-assembly1.cif	afm_dropout_full_woTemplates_model_1_multimer_v3_pred_29.pdb	0	2167	0.710266	A=A,B=B,C=C,D=D
8BWL-assembly1.cif	afm_basic_model_3_multimer_v2_pred_12.pdb	0	474	0.710264	A=A,B=B,C=C,D=D
8BWL-assembly1.cif	cf_dropout_full_woTemplates_model_5_multimer_v1_pred_23.pdb	0	6851	0.710212	A=A,B=D,C=C,D=B
8BWL-assembly1.cif	cf_dropout_full_woTemplates_model_4_multimer_v1_pred_27.pdb	0	6654	0.710198	A=A,B=D,C=C,D=B
8BWL-assembly1.cif	afm_dropout_full_model_3_multimer_v3_pred_57.pdb	0	1595	0.710197	A=C,B=D,C=A,D=B
8BWL-assembly1.cif	cf_woTemplates_model_4_multimer_v1_pred_20.pdb	0	7652	0.710194	A=A,B=D,C=C,D=B
8BWL-assembly1.cif	cf_woTemplates_model_1_multimer_v2_pred_53.pdb	0	7152	0.710182	A=A,B=B,C=C,D=D
8BWL-assembly1.cif	cf_woTemplates_model_2_multimer_v3_pred_57.pdb	0	7424	0.710176	A=C,B=B,C=A,D=D
8BWL-assembly1.cif	afm_basic_model_2_multimer_v3_pred_62.pdb	0	395	0.710176	A=A,B=D,C=C,D=B
8BWL-assembly1.cif	cf_dropout_full_woTemplates_model_4_multimer_v1_pred_24.pdb	0	6651	0.710175	A=A,B=D,C=C,D=B
8BWL-assembly1.cif	afm_dropout_full_model_4_multimer_v3_pred_28.pdb	0	1764	0.710175	A=A,B=D,C=C,D=B
8BWL-assembly1.cif	afm_basic_model_4_multimer_v3_pred_23.pdb	0	754	0.710169	A=A,B=D,C=C,D=B
8BWL-assembly1.cif	cf_woTemplates_model_1_multimer_v3_pred_10.pdb	0	7172	0.710162	A=C,B=B,C=A,D=D
8BWL-assembly1.cif	afm_dropout_full_woTemplates_r3_model_2_multimer_v3_pred_6.pdb	0	3407	0.710148	A=A,B=B,C=C,D=D
8BWL-assembly1.cif	afm_dropout_full_woTemplates_r3_model_1_multimer_v3_pred_40.pdb	0	3185	0.71014	A=A,B=D,C=C,D=B
8BWL-assembly1.cif	afm_basic_model_3_multimer_v2_pred_62.pdb	0	529	0.710133	A=C,B=D,C=A,D=B
8BWL-assembly1.cif	afm_dropout_full_model_3_multimer_v2_pred_32.pdb	0	1501	0.710132	A=C,B=D,C=A,D=B
8BWL-assembly1.cif	afm_dropout_full_woTemplates_model_3_multimer_v2_pred_62.pdb	0	2539	0.710132	A=C,B=D,C=A,D=B
8BWL-assembly1.cif	afm_dropout_noSM_woTemplates_model_1_multimer_v2_pred_37.pdb	0	4119	0.710124	A=A,B=B,C=C,D=D
8BWL-assembly1.cif	afm_basic_model_2_multimer_v3_pred_30.pdb	0	360	0.710124	A=A,B=B,C=C,D=D
8BWL-assembly1.cif	afm_woTemplates_model_1_multimer_v3_pred_59.pdb	0	5215	0.71012	A=A,B=B,C=C,D=D
8BWL-assembly1.cif	afm_dropout_full_model_1_multimer_v2_pred_32.pdb	0	1099	0.710117	A=C,B=D,C=A,D=B
8BWL-assembly1.cif	afm_dropout_full_woTemplates_r3_model_3_multimer_v3_pred_59.pdb	0	3607	0.710114	A=C,B=D,C=A,D=B
8BWL-assembly1.cif	afm_dropout_noSM_woTemplates_model_2_multimer_v3_pred_1.pdb	0	4357	0.71011	A=C,B=D,C=A,D=B
8BWL-assembly1.cif	afm_basic_model_4_multimer_v3_pred_60.pdb	0	795	0.710102	A=A,B=B,C=C,D=D
8BWL-assembly1.cif	cf_dropout_full_woTemplates_model_2_multimer_v3_pred_39.pdb	0	6399	0.710087	A=C,B=D,C=A,D=B
8BWL-assembly1.cif	afm_basic_model_4_multimer_v2_pred_48.pdb	0	714	0.71008	A=A,B=B,C=C,D=D
8BWL-assembly1.cif	afm_woTemplates_model_1_multimer_v3_pred_55.pdb	0	5211	0.710077	A=A,B=D,C=C,D=B
8BWL-assembly1.cif	cf_dropout_full_woTemplates_model_2_multimer_v1_pred_53.pdb	0	6281	0.710063	A=A,B=B,C=C,D=D
8BWL-assembly1.cif	cf_dropout_full_woTemplates_model_2_multimer_v3_pred_40.pdb	0	6401	0.710063	A=A,B=D,C=C,D=B
8BWL-assembly1.cif	afm_dropout_full_model_1_multimer_v3_pred_23.pdb	0	1156	0.710063	A=C,B=B,C=A,D=D
8BWL-assembly1.cif	cf_dropout_full_woTemplates_model_1_multimer_v2_pred_44.pdb	0	6137	0.710061	A=C,B=D,C=A,D=B
8BWL-assembly1.cif	cf_woTemplates_model_1_multimer_v2_pred_65.pdb	0	7165	0.710055	A=A,B=B,C=C,D=D
8BWL-assembly1.cif	afm_dropout_full_woTemplates_model_1_multimer_v2_pred_24.pdb	0	2095	0.710052	A=C,B=B,C=A,D=D
8BWL-assembly1.cif	cf_woTemplates_model_1_multimer_v1_pred_21.pdb	0	7050	0.710049	A=A,B=D,C=C,D=B
8BWL-assembly1.cif	cf_woTemplates_model_1_multimer_v2_pred_9.pdb	0	7169	0.710046	A=A,B=D,C=C,D=B
8BWL-assembly1.cif	afm_dropout_full_woTemplates_model_2_multimer_v3_pred_20.pdb	0	2359	0.710043	A=C,B=B,C=A,D=D
8BWL-assembly1.cif	afm_basic_model_2_multimer_v3_pred_36.pdb	0	366	0.710015	A=A,B=B,C=C,D=D
8BWL-assembly1.cif	cf_woTemplates_model_1_multimer_v3_pred_27.pdb	0	7190	0.710014	A=A,B=B,C=C,D=D
8BWL-assembly1.cif	cf_dropout_full_woTemplates_model_4_multimer_v3_pred_35.pdb	0	6797	0.710006	A=C,B=D,C=A,D=B
8BWL-assembly1.cif	cf_woTemplates_model_3_multimer_v2_pred_66.pdb	0	7568	0.709999	A=A,B=D,C=C,D=B
8BWL-assembly1.cif	afm_basic_model_2_multimer_v3_pred_34.pdb	0	364	0.709996	A=C,B=B,C=A,D=D
8BWL-assembly1.cif	afm_dropout_full_woTemplates_r3_model_5_multimer_v2_pred_58.pdb	0	3941	0.709995	A=A,B=B,C=C,D=D
8BWL-assembly1.cif	afm_dropout_full_model_1_multimer_v2_pred_56.pdb	0	1125	0.709994	A=A,B=B,C=C,D=D
8BWL-assembly1.cif	cf_dropout_full_woTemplates_model_2_multimer_v1_pred_43.pdb	0	6270	0.709963	A=C,B=B,C=A,D=D
8BWL-assembly1.cif	afm_dropout_full_woTemplates_model_4_multimer_v2_pred_31.pdb	0	2706	0.709963	A=A,B=D,C=C,D=B
8BWL-assembly1.cif	afm_dropout_full_model_3_multimer_v3_pred_53.pdb	0	1591	0.70996	A=C,B=D,C=A,D=B
8BWL-assembly1.cif	afm_dropout_full_model_3_multimer_v2_pred_10.pdb	0	1477	0.70995	A=C,B=D,C=A,D=B
8BWL-assembly1.cif	cf_woTemplates_model_1_multimer_v3_pred_7.pdb	0	7234	0.709946	A=C,B=B,C=A,D=D
8BWL-assembly1.cif	afm_dropout_noSM_woTemplates_model_5_multimer_v2_pred_54.pdb	0	4942	0.709926	A=C,B=D,C=A,D=B
8BWL-assembly1.cif	afm_basic_model_3_multimer_v2_pred_6.pdb	0	526	0.709924	A=A,B=B,C=C,D=D
8BWL-assembly1.cif	cf_woTemplates_model_1_multimer_v1_pred_26.pdb	0	7055	0.709917	A=A,B=D,C=C,D=B
8BWL-assembly1.cif	afm_dropout_full_model_2_multimer_v1_pred_20.pdb	0	1220	0.709917	A=A,B=D,C=C,D=B
8BWL-assembly1.cif	afm_dropout_full_woTemplates_r3_model_4_multimer_v3_pred_45.pdb	0	3793	0.7099	A=A,B=B,C=C,D=D
8BWL-assembly1.cif	afm_dropout_noSM_woTemplates_model_2_multimer_v3_pred_31.pdb	0	4381	0.709886	A=A,B=B,C=C,D=D
8BWL-assembly1.cif	afm_dropout_full_woTemplates_r3_model_1_multimer_v3_pred_58.pdb	0	3204	0.709883	A=A,B=D,C=C,D=B
8BWL-assembly1.cif	afm_woTemplates_model_2_multimer_v3_pred_17.pdb	0	5370	0.709874	A=C,B=B,C=A,D=D
8BWL-assembly1.cif	cf_dropout_full_woTemplates_model_5_multimer_v3_pred_31.pdb	0	6994	0.709871	A=C,B=D,C=A,D=B
8BWL-assembly1.cif	afm_dropout_noSM_woTemplates_model_2_multimer_v1_pred_64.pdb	0	4283	0.709858	A=C,B=B,C=A,D=D
8BWL-assembly1.cif	afm_dropout_full_model_4_multimer_v3_pred_44.pdb	0	1782	0.709857	A=A,B=D,C=C,D=B
8BWL-assembly1.cif	afm_dropout_full_woTemplates_model_1_multimer_v2_pred_32.pdb	0	2104	0.709854	A=A,B=D,C=C,D=B
8BWL-assembly1.cif	afm_dropout_full_woTemplates_model_2_multimer_v1_pred_56.pdb	0	2264	0.709852	A=C,B=D,C=A,D=B
8BWL-assembly1.cif	afm_dropout_noSM_woTemplates_model_1_multimer_v3_pred_62.pdb	0	4214	0.709849	A=A,B=D,C=C,D=B
8BWL-assembly1.cif	cf_woTemplates_model_2_multimer_v3_pred_54.pdb	0	7421	0.709826	A=C,B=B,C=A,D=D
8BWL-assembly1.cif	afm_dropout_full_model_4_multimer_v3_pred_49.pdb	0	1787	0.709823	A=A,B=B,C=C,D=D
8BWL-assembly1.cif	afm_dropout_noSM_woTemplates_model_1_multimer_v2_pred_30.pdb	0	4112	0.709816	A=A,B=D,C=C,D=B
8BWL-assembly1.cif	cf_woTemplates_model_2_multimer_v1_pred_61.pdb	0	7295	0.709811	A=C,B=B,C=A,D=D
8BWL-assembly1.cif	afm_woTemplates_model_4_multimer_v2_pred_54.pdb	0	5746	0.709802	A=C,B=B,C=A,D=D
8BWL-assembly1.cif	afm_basic_model_3_multimer_v2_pred_36.pdb	0	500	0.709792	A=A,B=D,C=C,D=B
8BWL-assembly1.cif	afm_dropout_full_woTemplates_r3_model_1_multimer_v2_pred_24.pdb	0	3100	0.709791	A=A,B=B,C=C,D=D
8BWL-assembly1.cif	afm_basic_model_4_multimer_v3_pred_32.pdb	0	764	0.709789	A=C,B=D,C=A,D=B
8BWL-assembly1.cif	afm_dropout_full_model_5_multimer_v1_pred_53.pdb	0	1859	0.709782	A=C,B=B,C=A,D=D
8BWL-assembly1.cif	afm_basic_model_3_multimer_v2_pred_63.pdb	0	530	0.709777	A=C,B=B,C=A,D=D
8BWL-assembly1.cif	cf_dropout_full_woTemplates_model_2_multimer_v3_pred_20.pdb	0	6379	0.709772	A=A,B=B,C=C,D=D
8BWL-assembly1.cif	afm_woTemplates_model_5_multimer_v2_pred_16.pdb	0	5905	0.709764	A=A,B=D,C=C,D=B
8BWL-assembly1.cif	afm_dropout_full_woTemplates_model_2_multimer_v1_pred_14.pdb	0	2218	0.709761	A=C,B=B,C=A,D=D
8BWL-assembly1.cif	afm_basic_model_4_multimer_v2_pred_47.pdb	0	713	0.70976	A=A,B=B,C=C,D=D
8BWL-assembly1.cif	cf_woTemplates_model_1_multimer_v3_pred_46.pdb	0	7211	0.70976	A=C,B=D,C=A,D=B
8BWL-assembly1.cif	cf_dropout_full_woTemplates_model_1_multimer_v3_pred_32.pdb	0	6191	0.709745	A=C,B=D,C=A,D=B
8BWL-assembly1.cif	afm_woTemplates_model_1_multimer_v3_pred_12.pdb	0	5164	0.70974	A=C,B=D,C=A,D=B
8BWL-assembly1.cif	cf_woTemplates_model_1_multimer_v3_pred_59.pdb	0	7225	0.709731	A=C,B=D,C=A,D=B
8BWL-assembly1.cif	afm_dropout_full_woTemplates_model_1_multimer_v3_pred_60.pdb	0	2202	0.709729	A=C,B=D,C=A,D=B
8BWL-assembly1.cif	afm_dropout_full_woTemplates_r3_model_1_multimer_v2_pred_4.pdb	0	3117	0.709727	A=A,B=B,C=C,D=D
8BWL-assembly1.cif	afm_dropout_noSM_woTemplates_model_4_multimer_v2_pred_57.pdb	0	4744	0.709727	A=A,B=D,C=C,D=B
8BWL-assembly1.cif	afm_dropout_full_woTemplates_model_2_multimer_v1_pred_65.pdb	0	2274	0.709726	A=C,B=B,C=A,D=D
8BWL-assembly1.cif	cf_woTemplates_model_5_multimer_v3_pred_17.pdb	0	7983	0.709724	A=C,B=B,C=A,D=D
8BWL-assembly1.cif	afm_woTemplates_model_1_multimer_v3_pred_43.pdb	0	5198	0.709716	A=A,B=B,C=C,D=D
8BWL-assembly1.cif	afm_dropout_noSM_woTemplates_model_4_multimer_v2_pred_8.pdb	0	4756	0.709713	A=A,B=D,C=C,D=B
8BWL-assembly1.cif	afm_woTemplates_model_5_multimer_v2_pred_42.pdb	0	5934	0.709711	A=C,B=B,C=A,D=D
8BWL-assembly1.cif	afm_basic_model_2_multimer_v3_pred_22.pdb	0	351	0.709708	A=A,B=D,C=C,D=B
8BWL-assembly1.cif	cf_woTemplates_model_3_multimer_v3_pred_36.pdb	0	7602	0.709705	A=A,B=B,C=C,D=D
8BWL-assembly1.cif	cf_woTemplates_model_5_multimer_v1_pred_16.pdb	0	7848	0.709696	A=C,B=B,C=A,D=D
8BWL-assembly1.cif	cf_woTemplates_model_1_multimer_v2_pred_28.pdb	0	7124	0.709695	A=A,B=B,C=C,D=D
8BWL-assembly1.cif	afm_dropout_noSM_woTemplates_model_5_multimer_v2_pred_22.pdb	0	4907	0.709688	A=A,B=D,C=C,D=B
8BWL-assembly1.cif	afm_basic_model_4_multimer_v3_pred_61.pdb	0	796	0.709687	A=C,B=B,C=A,D=D
8BWL-assembly1.cif	cf_woTemplates_model_2_multimer_v2_pred_26.pdb	0	7323	0.709681	A=C,B=D,C=A,D=B
8BWL-assembly1.cif	afm_woTemplates_model_1_multimer_v3_pred_15.pdb	0	5167	0.709679	A=A,B=B,C=C,D=D
8BWL-assembly1.cif	afm_dropout_full_model_1_multimer_v3_pred_51.pdb	0	1187	0.70967	A=A,B=D,C=C,D=B
8BWL-assembly1.cif	cf_dropout_full_woTemplates_model_1_multimer_v3_pred_39.pdb	0	6198	0.70965	A=C,B=D,C=A,D=B
8BWL-assembly1.cif	cf_woTemplates_model_2_multimer_v1_pred_17.pdb	0	7246	0.709645	A=A,B=D,C=C,D=B
8BWL-assembly1.cif	cf_dropout_full_woTemplates_model_5_multimer_v2_pred_13.pdb	0	6907	0.709637	A=A,B=D,C=C,D=B
8BWL-assembly1.cif	afm_dropout_noSM_woTemplates_model_2_multimer_v3_pred_62.pdb	0	4415	0.70963	A=A,B=B,C=C,D=D
8BWL-assembly1.cif	afm_dropout_full_model_2_multimer_v3_pred_36.pdb	0	1371	0.70962	A=C,B=D,C=A,D=B
8BWL-assembly1.cif	cf_woTemplates_model_1_multimer_v2_pred_4.pdb	0	7137	0.709619	A=C,B=B,C=A,D=D
8BWL-assembly1.cif	cf_dropout_full_woTemplates_model_5_multimer_v1_pred_62.pdb	0	6894	0.709613	A=A,B=D,C=C,D=B
8BWL-assembly1.cif	afm_basic_model_4_multimer_v2_pred_40.pdb	0	706	0.709612	A=C,B=B,C=A,D=D
8BWL-assembly1.cif	afm_dropout_full_woTemplates_model_4_multimer_v3_pred_35.pdb	0	2777	0.709609	A=A,B=D,C=C,D=B
8BWL-assembly1.cif	cf_woTemplates_model_1_multimer_v2_pred_19.pdb	0	7114	0.709597	A=C,B=D,C=A,D=B
8BWL-assembly1.cif	afm_woTemplates_model_1_multimer_v3_pred_32.pdb	0	5186	0.709596	A=C,B=D,C=A,D=B
8BWL-assembly1.cif	cf_dropout_full_woTemplates_model_3_multimer_v2_pred_33.pdb	0	6527	0.70959	A=C,B=B,C=A,D=D
8BWL-assembly1.cif	afm_dropout_full_woTemplates_r3_model_2_multimer_v3_pred_22.pdb	0	3366	0.709576	A=C,B=B,C=A,D=D
8BWL-assembly1.cif	afm_basic_model_2_multimer_v3_pred_63.pdb	0	396	0.709561	A=C,B=D,C=A,D=B
8BWL-assembly1.cif	cf_dropout_full_woTemplates_model_4_multimer_v1_pred_35.pdb	0	6663	0.709558	A=C,B=D,C=A,D=B
8BWL-assembly1.cif	afm_basic_model_5_multimer_v2_pred_60.pdb	0	929	0.709557	A=A,B=D,C=C,D=B
8BWL-assembly1.cif	afm_dropout_noSM_woTemplates_model_1_multimer_v3_pred_15.pdb	0	4162	0.709556	A=A,B=B,C=C,D=D
8BWL-assembly1.cif	afm_dropout_full_model_5_multimer_v2_pred_51.pdb	0	1924	0.709553	A=C,B=D,C=A,D=B
8BWL-assembly1.cif	afm_basic_model_4_multimer_v2_pred_36.pdb	0	701	0.709552	A=A,B=D,C=C,D=B
8BWL-assembly1.cif	cf_dropout_full_woTemplates_model_5_multimer_v1_pred_63.pdb	0	6895	0.709551	A=A,B=D,C=C,D=B
8BWL-assembly1.cif	afm_woTemplates_model_2_multimer_v1_pred_53.pdb	0	5276	0.709546	A=A,B=D,C=C,D=B
8BWL-assembly1.cif	cf_woTemplates_model_4_multimer_v3_pred_57.pdb	0	7826	0.709529	A=A,B=B,C=C,D=D
8BWL-assembly1.cif	afm_dropout_full_model_1_multimer_v3_pred_4.pdb	0	1174	0.709522	A=C,B=B,C=A,D=D
8BWL-assembly1.cif	afm_dropout_full_woTemplates_r3_model_2_multimer_v1_pred_65.pdb	0	3279	0.709509	A=A,B=B,C=C,D=D
8BWL-assembly1.cif	afm_dropout_full_woTemplates_r3_model_2_multimer_v2_pred_36.pdb	0	3314	0.709508	A=A,B=D,C=C,D=B
8BWL-assembly1.cif	afm_dropout_noSM_woTemplates_model_1_multimer_v2_pred_20.pdb	0	4101	0.709502	A=A,B=B,C=C,D=D
8BWL-assembly1.cif	afm_dropout_full_woTemplates_r3_model_5_multimer_v3_pred_5.pdb	0	3999	0.709494	A=A,B=B,C=C,D=D
8BWL-assembly1.cif	afm_dropout_full_model_4_multimer_v3_pred_29.pdb	0	1765	0.709488	A=A,B=D,C=C,D=B
8BWL-assembly1.cif	afm_basic_model_3_multimer_v2_pred_66.pdb	0	533	0.709484	A=C,B=D,C=A,D=B
8BWL-assembly1.cif	afm_dropout_noSM_woTemplates_model_4_multimer_v1_pred_30.pdb	0	4648	0.709483	A=C,B=B,C=A,D=D
8BWL-assembly1.cif	afm_basic_model_3_multimer_v2_pred_32.pdb	0	496	0.709482	A=C,B=B,C=A,D=D
8BWL-assembly1.cif	afm_basic_model_3_multimer_v2_pred_53.pdb	0	519	0.709468	A=A,B=D,C=C,D=B
8BWL-assembly1.cif	afm_dropout_full_model_3_multimer_v2_pred_19.pdb	0	1486	0.709468	A=C,B=B,C=A,D=D
8BWL-assembly1.cif	afm_woTemplates_model_1_multimer_v3_pred_56.pdb	0	5212	0.709466	A=A,B=B,C=C,D=D
8BWL-assembly1.cif	cf_dropout_full_woTemplates_model_1_multimer_v2_pred_11.pdb	0	6101	0.709449	A=A,B=B,C=C,D=D
8BWL-assembly1.cif	afm_dropout_full_woTemplates_model_4_multimer_v3_pred_4.pdb	0	2782	0.709447	A=A,B=D,C=C,D=B
8BWL-assembly1.cif	afm_dropout_full_woTemplates_r3_model_1_multimer_v3_pred_2.pdb	0	3162	0.709446	A=C,B=B,C=A,D=D
8BWL-assembly1.cif	afm_dropout_full_woTemplates_model_3_multimer_v2_pred_19.pdb	0	2491	0.709444	A=C,B=D,C=A,D=B
8BWL-assembly1.cif	afm_basic_model_4_multimer_v3_pred_62.pdb	0	797	0.709439	A=C,B=B,C=A,D=D
8BWL-assembly1.cif	afm_dropout_noSM_woTemplates_model_1_multimer_v2_pred_22.pdb	0	4103	0.709436	A=C,B=B,C=A,D=D
8BWL-assembly1.cif	cf_woTemplates_model_1_multimer_v1_pred_0.pdb	0	7036	0.709433	A=C,B=B,C=A,D=D
8BWL-assembly1.cif	afm_woTemplates_model_5_multimer_v2_pred_25.pdb	0	5915	0.709429	A=A,B=B,C=C,D=D
8BWL-assembly1.cif	cf_dropout_full_woTemplates_model_4_multimer_v1_pred_66.pdb	0	6697	0.709428	A=C,B=B,C=A,D=D
8BWL-assembly1.cif	cf_dropout_full_woTemplates_model_1_multimer_v1_pred_16.pdb	0	6039	0.709423	A=C,B=B,C=A,D=D
8BWL-assembly1.cif	afm_basic_model_3_multimer_v2_pred_60.pdb	0	527	0.709417	A=C,B=D,C=A,D=B
8BWL-assembly1.cif	afm_dropout_full_model_1_multimer_v3_pred_44.pdb	0	1179	0.709416	A=C,B=B,C=A,D=D
8BWL-assembly1.cif	cf_woTemplates_model_4_multimer_v1_pred_1.pdb	0	7640	0.709416	A=A,B=D,C=C,D=B
8BWL-assembly1.cif	cf_dropout_full_woTemplates_model_2_multimer_v3_pred_0.pdb	0	6366	0.709413	A=A,B=B,C=C,D=D
8BWL-assembly1.cif	afm_woTemplates_model_1_multimer_v2_pred_56.pdb	0	5145	0.709402	A=A,B=D,C=C,D=B
8BWL-assembly1.cif	cf_dropout_full_woTemplates_model_3_multimer_v2_pred_18.pdb	0	6510	0.709397	A=A,B=B,C=C,D=D
8BWL-assembly1.cif	afm_dropout_full_model_3_multimer_v3_pred_60.pdb	0	1599	0.709392	A=C,B=B,C=A,D=D
8BWL-assembly1.cif	cf_woTemplates_model_4_multimer_v1_pred_64.pdb	0	7700	0.709387	A=A,B=D,C=C,D=B
8BWL-assembly1.cif	afm_basic_model_1_multimer_v2_pred_15.pdb	0	75	0.709386	A=C,B=D,C=A,D=B
8BWL-assembly1.cif	afm_dropout_noSM_woTemplates_model_4_multimer_v2_pred_13.pdb	0	4696	0.709382	A=A,B=D,C=C,D=B
8BWL-assembly1.cif	afm_dropout_full_model_3_multimer_v2_pred_50.pdb	0	1521	0.709377	A=C,B=D,C=A,D=B
8BWL-assembly1.cif	afm_dropout_full_woTemplates_r3_model_1_multimer_v2_pred_43.pdb	0	3121	0.709375	A=C,B=D,C=A,D=B
8BWL-assembly1.cif	cf_woTemplates_model_3_multimer_v1_pred_38.pdb	0	7470	0.709369	A=A,B=D,C=C,D=B
8BWL-assembly1.cif	afm_dropout_full_woTemplates_model_4_multimer_v3_pred_13.pdb	0	2753	0.70936	A=A,B=D,C=C,D=B
8BWL-assembly1.cif	afm_woTemplates_model_1_multimer_v3_pred_44.pdb	0	5199	0.709359	A=A,B=D,C=C,D=B
8BWL-assembly1.cif	afm_dropout_full_woTemplates_r3_model_1_multimer_v3_pred_39.pdb	0	3183	0.709355	A=C,B=B,C=A,D=D
8BWL-assembly1.cif	afm_dropout_full_woTemplates_r3_model_2_multimer_v3_pred_19.pdb	0	3362	0.709355	A=A,B=B,C=C,D=D
8BWL-assembly1.cif	afm_dropout_full_woTemplates_r3_model_5_multimer_v2_pred_46.pdb	0	3928	0.709352	A=C,B=D,C=A,D=B
8BWL-assembly1.cif	cf_dropout_full_woTemplates_model_1_multimer_v3_pred_42.pdb	0	6202	0.709351	A=C,B=D,C=A,D=B
8BWL-assembly1.cif	afm_basic_model_3_multimer_v2_pred_33.pdb	0	497	0.709349	A=C,B=D,C=A,D=B
8BWL-assembly1.cif	afm_woTemplates_model_1_multimer_v3_pred_4.pdb	0	5194	0.709328	A=C,B=B,C=A,D=D
8BWL-assembly1.cif	afm_dropout_full_model_2_multimer_v3_pred_64.pdb	0	1402	0.709324	A=C,B=D,C=A,D=B
8BWL-assembly1.cif	afm_basic_model_3_multimer_v3_pred_22.pdb	0	552	0.709319	A=A,B=D,C=C,D=B
8BWL-assembly1.cif	cf_dropout_full_woTemplates_model_1_multimer_v3_pred_29.pdb	0	6187	0.709309	A=C,B=B,C=A,D=D
8BWL-assembly1.cif	afm_dropout_full_woTemplates_r3_model_2_multimer_v3_pred_1.pdb	0	3352	0.709308	A=C,B=D,C=A,D=B
8BWL-assembly1.cif	afm_basic_model_2_multimer_v3_pred_48.pdb	0	379	0.709301	A=A,B=D,C=C,D=B
8BWL-assembly1.cif	afm_basic_model_3_multimer_v2_pred_4.pdb	0	504	0.7093	A=A,B=D,C=C,D=B
8BWL-assembly1.cif	afm_dropout_full_model_4_multimer_v3_pred_65.pdb	0	1805	0.709297	A=C,B=D,C=A,D=B
8BWL-assembly1.cif	afm_woTemplates_model_2_multimer_v3_pred_66.pdb	0	5424	0.709295	A=C,B=B,C=A,D=D
8BWL-assembly1.cif	afm_basic_model_3_multimer_v2_pred_5.pdb	0	515	0.709288	A=A,B=B,C=C,D=D
8BWL-assembly1.cif	afm_dropout_full_model_2_multimer_v3_pred_22.pdb	0	1356	0.709286	A=A,B=B,C=C,D=D
8BWL-assembly1.cif	afm_basic_model_3_multimer_v2_pred_37.pdb	0	501	0.709284	A=A,B=D,C=C,D=B
8BWL-assembly1.cif	afm_basic_model_4_multimer_v2_pred_6.pdb	0	727	0.709271	A=A,B=B,C=C,D=D
8BWL-assembly1.cif	cf_woTemplates_model_1_multimer_v3_pred_62.pdb	0	7229	0.709254	A=C,B=D,C=A,D=B
8BWL-assembly1.cif	afm_woTemplates_model_4_multimer_v1_pred_50.pdb	0	5675	0.709251	A=C,B=B,C=A,D=D
8BWL-assembly1.cif	afm_basic_model_4_multimer_v2_pred_44.pdb	0	710	0.709249	A=C,B=B,C=A,D=D
8BWL-assembly1.cif	afm_woTemplates_model_2_multimer_v3_pred_37.pdb	0	5392	0.709232	A=A,B=D,C=C,D=B
8BWL-assembly1.cif	afm_dropout_noSM_woTemplates_model_1_multimer_v3_pred_53.pdb	0	4204	0.709227	A=A,B=B,C=C,D=D
8BWL-assembly1.cif	afm_basic_model_2_multimer_v3_pred_60.pdb	0	393	0.709222	A=C,B=B,C=A,D=D
8BWL-assembly1.cif	cf_dropout_full_woTemplates_model_1_multimer_v3_pred_57.pdb	0	6218	0.709214	A=C,B=B,C=A,D=D
8BWL-assembly1.cif	afm_dropout_full_woTemplates_model_4_multimer_v2_pred_44.pdb	0	2720	0.70921	A=A,B=B,C=C,D=D
8BWL-assembly1.cif	afm_basic_model_4_multimer_v3_pred_18.pdb	0	748	0.709197	A=C,B=B,C=A,D=D
8BWL-assembly1.cif	cf_woTemplates_model_5_multimer_v1_pred_64.pdb	0	7901	0.709189	A=A,B=D,C=C,D=B
8BWL-assembly1.cif	afm_basic_model_4_multimer_v2_pred_61.pdb	0	729	0.70917	A=A,B=B,C=C,D=D
8BWL-assembly1.cif	cf_dropout_full_woTemplates_model_2_multimer_v1_pred_48.pdb	0	6275	0.709164	A=A,B=D,C=C,D=B
8BWL-assembly1.cif	afm_basic_model_3_multimer_v2_pred_18.pdb	0	480	0.709163	A=C,B=D,C=A,D=B
8BWL-assembly1.cif	afm_basic_model_4_multimer_v2_pred_65.pdb	0	733	0.709161	A=A,B=D,C=C,D=B
8BWL-assembly1.cif	afm_basic_model_5_multimer_v2_pred_9.pdb	0	938	0.709159	A=A,B=B,C=C,D=D
8BWL-assembly1.cif	afm_dropout_full_model_5_multimer_v2_pred_26.pdb	0	1896	0.709159	A=A,B=B,C=C,D=D
8BWL-assembly1.cif	afm_dropout_full_woTemplates_r3_model_2_multimer_v2_pred_38.pdb	0	3316	0.709143	A=C,B=B,C=A,D=D
8BWL-assembly1.cif	afm_dropout_full_woTemplates_model_1_multimer_v3_pred_51.pdb	0	2192	0.709137	A=A,B=B,C=C,D=D
8BWL-assembly1.cif	afm_dropout_full_model_1_multimer_v2_pred_29.pdb	0	1095	0.709123	A=A,B=B,C=C,D=D
8BWL-assembly1.cif	cf_dropout_full_woTemplates_model_2_multimer_v3_pred_50.pdb	0	6412	0.709119	A=A,B=D,C=C,D=B
8BWL-assembly1.cif	afm_dropout_full_woTemplates_r3_model_3_multimer_v1_pred_22.pdb	0	3433	0.709117	A=A,B=D,C=C,D=B
8BWL-assembly1.cif	afm_dropout_full_model_3_multimer_v3_pred_31.pdb	0	1567	0.709112	A=A,B=D,C=C,D=B
8BWL-assembly1.cif	cf_woTemplates_model_1_multimer_v2_pred_41.pdb	0	7139	0.709108	A=C,B=D,C=A,D=B
8BWL-assembly1.cif	afm_dropout_noSM_woTemplates_model_4_multimer_v3_pred_45.pdb	0	4798	0.709106	A=C,B=D,C=A,D=B
8BWL-assembly1.cif	afm_dropout_noSM_woTemplates_model_4_multimer_v2_pred_21.pdb	0	4705	0.709093	A=A,B=B,C=C,D=D
8BWL-assembly1.cif	cf_woTemplates_model_2_multimer_v2_pred_28.pdb	0	7325	0.709093	A=A,B=B,C=C,D=D
8BWL-assembly1.cif	afm_dropout_noSM_woTemplates_model_1_multimer_v2_pred_5.pdb	0	4133	0.709088	A=C,B=B,C=A,D=D
8BWL-assembly1.cif	afm_basic_model_4_multimer_v2_pred_63.pdb	0	731	0.709087	A=C,B=B,C=A,D=D
8BWL-assembly1.cif	afm_dropout_noSM_woTemplates_model_4_multimer_v3_pred_34.pdb	0	4786	0.709087	A=C,B=D,C=A,D=B
8BWL-assembly1.cif	afm_dropout_full_woTemplates_r3_model_2_multimer_v2_pred_40.pdb	0	3319	0.709072	A=C,B=B,C=A,D=D
8BWL-assembly1.cif	afm_woTemplates_model_2_multimer_v3_pred_5.pdb	0	5406	0.709072	A=C,B=B,C=A,D=D
8BWL-assembly1.cif	afm_basic_model_2_multimer_v3_pred_39.pdb	0	369	0.709062	A=C,B=B,C=A,D=D
8BWL-assembly1.cif	afm_dropout_full_model_1_multimer_v2_pred_55.pdb	0	1124	0.70906	A=C,B=D,C=A,D=B
8BWL-assembly1.cif	cf_woTemplates_model_2_multimer_v1_pred_0.pdb	0	7237	0.709054	A=A,B=D,C=C,D=B
8BWL-assembly1.cif	afm_dropout_full_model_4_multimer_v3_pred_32.pdb	0	1769	0.709053	A=C,B=D,C=A,D=B
8BWL-assembly1.cif	afm_woTemplates_model_1_multimer_v3_pred_25.pdb	0	5178	0.709043	A=A,B=B,C=C,D=D
8BWL-assembly1.cif	afm_dropout_full_model_3_multimer_v3_pred_59.pdb	0	1597	0.709041	A=C,B=B,C=A,D=D
8BWL-assembly1.cif	cf_dropout_full_woTemplates_model_4_multimer_v3_pred_41.pdb	0	6804	0.70904	A=A,B=B,C=C,D=D
8BWL-assembly1.cif	afm_woTemplates_model_2_multimer_v3_pred_64.pdb	0	5422	0.709035	A=C,B=D,C=A,D=B
8BWL-assembly1.cif	afm_woTemplates_model_5_multimer_v2_pred_11.pdb	0	5900	0.70903	A=A,B=D,C=C,D=B
8BWL-assembly1.cif	afm_dropout_full_woTemplates_r3_model_4_multimer_v2_pred_13.pdb	0	3691	0.709025	A=C,B=D,C=A,D=B
8BWL-assembly1.cif	cf_woTemplates_model_5_multimer_v1_pred_23.pdb	0	7856	0.709022	A=A,B=D,C=C,D=B
8BWL-assembly1.cif	afm_dropout_full_woTemplates_r3_model_3_multimer_v3_pred_54.pdb	0	3602	0.709014	A=A,B=B,C=C,D=D
8BWL-assembly1.cif	cf_dropout_full_woTemplates_model_3_multimer_v3_pred_59.pdb	0	6622	0.709013	A=C,B=D,C=A,D=B
8BWL-assembly1.cif	cf_woTemplates_model_1_multimer_v1_pred_6.pdb	0	7092	0.709002	A=C,B=B,C=A,D=D
8BWL-assembly1.cif	afm_dropout_full_model_4_multimer_v3_pred_47.pdb	0	1785	0.708997	A=C,B=D,C=A,D=B
8BWL-assembly1.cif	cf_woTemplates_model_4_multimer_v3_pred_25.pdb	0	7791	0.708994	A=C,B=D,C=A,D=B
8BWL-assembly1.cif	afm_woTemplates_model_1_multimer_v2_pred_31.pdb	0	5118	0.708994	A=A,B=B,C=C,D=D
8BWL-assembly1.cif	afm_dropout_full_woTemplates_model_4_multimer_v2_pred_63.pdb	0	2741	0.708991	A=C,B=D,C=A,D=B
8BWL-assembly1.cif	afm_dropout_full_woTemplates_r3_model_5_multimer_v3_pred_18.pdb	0	3964	0.708983	A=A,B=D,C=C,D=B
8BWL-assembly1.cif	cf_dropout_full_woTemplates_model_4_multimer_v3_pred_5.pdb	0	6813	0.708982	A=A,B=D,C=C,D=B
8BWL-assembly1.cif	cf_woTemplates_model_4_multimer_v3_pred_44.pdb	0	7812	0.708974	A=A,B=D,C=C,D=B
8BWL-assembly1.cif	afm_dropout_noSM_woTemplates_model_5_multimer_v2_pred_25.pdb	0	4910	0.708973	A=A,B=B,C=C,D=D
8BWL-assembly1.cif	cf_dropout_full_woTemplates_model_1_multimer_v3_pred_34.pdb	0	6193	0.708968	A=A,B=B,C=C,D=D
8BWL-assembly1.cif	afm_dropout_noSM_woTemplates_model_1_multimer_v2_pred_31.pdb	0	4113	0.708967	A=C,B=B,C=A,D=D
8BWL-assembly1.cif	afm_woTemplates_model_2_multimer_v3_pred_1.pdb	0	5362	0.708965	A=C,B=B,C=A,D=D
8BWL-assembly1.cif	afm_dropout_full_model_4_multimer_v3_pred_17.pdb	0	1752	0.708947	A=A,B=D,C=C,D=B
8BWL-assembly1.cif	cf_dropout_full_woTemplates_model_1_multimer_v2_pred_55.pdb	0	6149	0.708946	A=C,B=D,C=A,D=B
8BWL-assembly1.cif	afm_dropout_full_woTemplates_model_5_multimer_v2_pred_46.pdb	0	2923	0.708929	A=C,B=D,C=A,D=B
8BWL-assembly1.cif	cf_dropout_full_woTemplates_model_2_multimer_v3_pred_32.pdb	0	6392	0.708928	A=A,B=B,C=C,D=D
8BWL-assembly1.cif	afm_basic_model_5_multimer_v2_pred_26.pdb	0	891	0.708928	A=A,B=D,C=C,D=B
8BWL-assembly1.cif	afm_dropout_noSM_woTemplates_model_1_multimer_v2_pred_17.pdb	0	4097	0.708925	A=C,B=B,C=A,D=D
8BWL-assembly1.cif	afm_dropout_full_model_2_multimer_v3_pred_55.pdb	0	1392	0.708922	A=C,B=D,C=A,D=B
8BWL-assembly1.cif	afm_basic_model_3_multimer_v2_pred_52.pdb	0	518	0.708918	A=C,B=B,C=A,D=D
8BWL-assembly1.cif	afm_woTemplates_model_1_multimer_v3_pred_64.pdb	0	5221	0.70891	A=C,B=B,C=A,D=D
8BWL-assembly1.cif	afm_dropout_full_woTemplates_r3_model_3_multimer_v2_pred_49.pdb	0	3529	0.708896	A=A,B=D,C=C,D=B
8BWL-assembly1.cif	afm_dropout_noSM_woTemplates_model_1_multimer_v3_pred_13.pdb	0	4160	0.708886	A=C,B=D,C=A,D=B
8BWL-assembly1.cif	afm_dropout_full_woTemplates_model_2_multimer_v3_pred_28.pdb	0	2367	0.708876	A=A,B=D,C=C,D=B
8BWL-assembly1.cif	cf_dropout_full_woTemplates_model_2_multimer_v1_pred_18.pdb	0	6242	0.708875	A=A,B=D,C=C,D=B
8BWL-assembly1.cif	afm_dropout_full_woTemplates_r3_model_2_multimer_v3_pred_20.pdb	0	3364	0.708853	A=A,B=D,C=C,D=B
8BWL-assembly1.cif	afm_basic_model_2_multimer_v3_pred_18.pdb	0	346	0.708845	A=A,B=B,C=C,D=D
8BWL-assembly1.cif	afm_dropout_full_model_5_multimer_v2_pred_39.pdb	0	1910	0.708845	A=A,B=B,C=C,D=D
8BWL-assembly1.cif	cf_dropout_full_woTemplates_model_5_multimer_v2_pred_39.pdb	0	6935	0.708842	A=C,B=D,C=A,D=B
8BWL-assembly1.cif	cf_woTemplates_model_5_multimer_v1_pred_62.pdb	0	7899	0.708834	A=A,B=D,C=C,D=B
8BWL-assembly1.cif	afm_basic_model_4_multimer_v2_pred_1.pdb	0	672	0.70883	A=C,B=B,C=A,D=D
8BWL-assembly1.cif	afm_woTemplates_model_1_multimer_v3_pred_31.pdb	0	5185	0.708827	A=A,B=D,C=C,D=B
8BWL-assembly1.cif	afm_dropout_full_woTemplates_r3_model_4_multimer_v3_pred_50.pdb	0	3799	0.708803	A=A,B=B,C=C,D=D
8BWL-assembly1.cif	afm_dropout_full_woTemplates_r3_model_2_multimer_v2_pred_23.pdb	0	3300	0.708782	A=A,B=B,C=C,D=D
8BWL-assembly1.cif	cf_dropout_full_woTemplates_model_4_multimer_v1_pred_20.pdb	0	6647	0.708779	A=A,B=D,C=C,D=B
8BWL-assembly1.cif	afm_dropout_full_woTemplates_r3_model_5_multimer_v2_pred_57.pdb	0	3940	0.708757	A=A,B=D,C=C,D=B
8BWL-assembly1.cif	afm_basic_model_3_multimer_v3_pred_15.pdb	0	544	0.708752	A=C,B=D,C=A,D=B
8BWL-assembly1.cif	afm_dropout_full_model_3_multimer_v2_pred_62.pdb	0	1534	0.708749	A=A,B=B,C=C,D=D
8BWL-assembly1.cif	cf_dropout_full_woTemplates_model_1_multimer_v1_pred_61.pdb	0	6089	0.708743	A=A,B=D,C=C,D=B
8BWL-assembly1.cif	cf_woTemplates_model_4_multimer_v1_pred_15.pdb	0	7646	0.708739	A=A,B=D,C=C,D=B
8BWL-assembly1.cif	cf_woTemplates_model_4_multimer_v3_pred_45.pdb	0	7813	0.708736	A=C,B=B,C=A,D=D
8BWL-assembly1.cif	cf_woTemplates_model_5_multimer_v1_pred_45.pdb	0	7880	0.708722	A=C,B=B,C=A,D=D
8BWL-assembly1.cif	afm_dropout_noSM_woTemplates_model_2_multimer_v3_pred_60.pdb	0	4413	0.7087	A=A,B=B,C=C,D=D
8BWL-assembly1.cif	cf_woTemplates_model_5_multimer_v1_pred_28.pdb	0	7861	0.708691	A=A,B=D,C=C,D=B
8BWL-assembly1.cif	afm_dropout_noSM_woTemplates_model_2_multimer_v3_pred_15.pdb	0	4363	0.708678	A=A,B=B,C=C,D=D
8BWL-assembly1.cif	cf_dropout_full_woTemplates_model_5_multimer_v1_pred_66.pdb	0	6898	0.708663	A=A,B=D,C=C,D=B
8BWL-assembly1.cif	cf_woTemplates_model_1_multimer_v2_pred_18.pdb	0	7113	0.708655	A=C,B=D,C=A,D=B
8BWL-assembly1.cif	afm_dropout_full_woTemplates_model_2_multimer_v3_pred_51.pdb	0	2393	0.708649	A=C,B=B,C=A,D=D
8BWL-assembly1.cif	cf_woTemplates_model_3_multimer_v2_pred_23.pdb	0	7521	0.708645	A=A,B=B,C=C,D=D
8BWL-assembly1.cif	cf_dropout_full_woTemplates_model_1_multimer_v3_pred_30.pdb	0	6189	0.708622	A=A,B=D,C=C,D=B
8BWL-assembly1.cif	afm_basic_model_4_multimer_v2_pred_13.pdb	0	676	0.70862	A=A,B=B,C=C,D=D
8BWL-assembly1.cif	afm_dropout_full_model_2_multimer_v3_pred_26.pdb	0	1360	0.708615	A=C,B=B,C=A,D=D
8BWL-assembly1.cif	cf_dropout_full_woTemplates_model_1_multimer_v2_pred_20.pdb	0	6111	0.708615	A=C,B=D,C=A,D=B
8BWL-assembly1.cif	afm_basic_model_4_multimer_v3_pred_2.pdb	0	750	0.708612	A=C,B=B,C=A,D=D
8BWL-assembly1.cif	afm_dropout_full_woTemplates_r3_model_5_multimer_v2_pred_5.pdb	0	3932	0.708603	A=C,B=D,C=A,D=B
8BWL-assembly1.cif	afm_dropout_noSM_woTemplates_model_2_multimer_v3_pred_2.pdb	0	4368	0.708579	A=A,B=D,C=C,D=B
8BWL-assembly1.cif	cf_woTemplates_model_4_multimer_v2_pred_35.pdb	0	7735	0.708546	A=C,B=D,C=A,D=B
8BWL-assembly1.cif	afm_dropout_full_model_5_multimer_v1_pred_25.pdb	0	1828	0.708542	A=A,B=D,C=C,D=B
8BWL-assembly1.cif	afm_woTemplates_model_5_multimer_v2_pred_31.pdb	0	5922	0.708538	A=A,B=D,C=C,D=B
8BWL-assembly1.cif	cf_woTemplates_model_1_multimer_v1_pred_9.pdb	0	7102	0.708534	A=C,B=B,C=A,D=D
8BWL-assembly1.cif	cf_woTemplates_model_1_multimer_v3_pred_32.pdb	0	7196	0.70853	A=A,B=D,C=C,D=B
8BWL-assembly1.cif	afm_woTemplates_model_4_multimer_v2_pred_46.pdb	0	5737	0.708527	A=C,B=D,C=A,D=B
8BWL-assembly1.cif	afm_basic_model_2_multimer_v3_pred_35.pdb	0	365	0.708525	A=A,B=D,C=C,D=B
8BWL-assembly1.cif	afm_dropout_full_model_3_multimer_v2_pred_64.pdb	0	1536	0.708525	A=C,B=D,C=A,D=B
8BWL-assembly1.cif	afm_dropout_full_woTemplates_r3_model_4_multimer_v3_pred_34.pdb	0	3781	0.708518	A=A,B=B,C=C,D=D
8BWL-assembly1.cif	afm_woTemplates_model_1_multimer_v3_pred_28.pdb	0	5181	0.708512	A=C,B=B,C=A,D=D
8BWL-assembly1.cif	afm_dropout_full_model_3_multimer_v2_pred_48.pdb	0	1518	0.708492	A=C,B=D,C=A,D=B
8BWL-assembly1.cif	cf_dropout_full_woTemplates_model_2_multimer_v1_pred_66.pdb	0	6295	0.708489	A=C,B=B,C=A,D=D
8BWL-assembly1.cif	cf_woTemplates_model_2_multimer_v3_pred_64.pdb	0	7432	0.708487	A=C,B=D,C=A,D=B
8BWL-assembly1.cif	afm_dropout_full_woTemplates_r3_model_1_multimer_v3_pred_48.pdb	0	3193	0.708484	A=A,B=D,C=C,D=B
8BWL-assembly1.cif	cf_woTemplates_model_1_multimer_v2_pred_30.pdb	0	7127	0.708482	A=C,B=B,C=A,D=D
8BWL-assembly1.cif	cf_dropout_full_woTemplates_model_4_multimer_v2_pred_47.pdb	0	6743	0.708468	A=A,B=D,C=C,D=B
8BWL-assembly1.cif	afm_dropout_noSM_woTemplates_model_1_multimer_v2_pred_66.pdb	0	4151	0.708462	A=A,B=B,C=C,D=D
8BWL-assembly1.cif	cf_woTemplates_model_2_multimer_v1_pred_58.pdb	0	7291	0.708444	A=A,B=D,C=C,D=B
8BWL-assembly1.cif	afm_woTemplates_model_1_multimer_v2_pred_23.pdb	0	5109	0.708442	A=A,B=D,C=C,D=B
8BWL-assembly1.cif	cf_woTemplates_model_1_multimer_v3_pred_26.pdb	0	7189	0.708439	A=A,B=B,C=C,D=D
8BWL-assembly1.cif	cf_dropout_full_woTemplates_model_3_multimer_v2_pred_54.pdb	0	6550	0.708438	A=C,B=D,C=A,D=B
8BWL-assembly1.cif	cf_dropout_full_woTemplates_model_3_multimer_v2_pred_62.pdb	0	6559	0.708431	A=C,B=D,C=A,D=B
8BWL-assembly1.cif	afm_dropout_full_model_5_multimer_v2_pred_10.pdb	0	1879	0.708427	A=A,B=B,C=C,D=D
8BWL-assembly1.cif	afm_basic_model_3_multimer_v2_pred_45.pdb	0	510	0.708422	A=A,B=B,C=C,D=D
8BWL-assembly1.cif	cf_dropout_full_woTemplates_model_1_multimer_v3_pred_54.pdb	0	6215	0.708408	A=A,B=D,C=C,D=B
8BWL-assembly1.cif	cf_woTemplates_model_4_multimer_v3_pred_13.pdb	0	7778	0.708397	A=C,B=D,C=A,D=B
8BWL-assembly1.cif	afm_dropout_full_model_5_multimer_v2_pred_6.pdb	0	1933	0.708394	A=C,B=B,C=A,D=D
8BWL-assembly1.cif	afm_dropout_full_model_3_multimer_v2_pred_14.pdb	0	1481	0.708387	A=A,B=D,C=C,D=B
8BWL-assembly1.cif	afm_dropout_full_model_4_multimer_v3_pred_54.pdb	0	1793	0.708379	A=A,B=D,C=C,D=B
8BWL-assembly1.cif	afm_dropout_full_woTemplates_r3_model_2_multimer_v2_pred_1.pdb	0	3285	0.708375	A=A,B=B,C=C,D=D
8BWL-assembly1.cif	afm_basic_model_4_multimer_v2_pred_62.pdb	0	730	0.708373	A=A,B=D,C=C,D=B
8BWL-assembly1.cif	afm_dropout_full_woTemplates_r3_model_1_multimer_v2_pred_66.pdb	0	3146	0.708372	A=C,B=B,C=A,D=D
8BWL-assembly1.cif	cf_dropout_full_woTemplates_model_4_multimer_v1_pred_48.pdb	0	6677	0.708359	A=C,B=B,C=A,D=D
8BWL-assembly1.cif	afm_dropout_full_woTemplates_r3_model_5_multimer_v2_pred_8.pdb	0	3952	0.708356	A=A,B=D,C=C,D=B
8BWL-assembly1.cif	afm_dropout_noSM_woTemplates_model_1_multimer_v3_pred_51.pdb	0	4202	0.708342	A=A,B=B,C=C,D=D
8BWL-assembly1.cif	afm_dropout_full_woTemplates_r3_model_1_multimer_v3_pred_59.pdb	0	3205	0.708332	A=C,B=B,C=A,D=D
8BWL-assembly1.cif	cf_woTemplates_model_4_multimer_v1_pred_45.pdb	0	7679	0.708332	A=A,B=D,C=C,D=B
8BWL-assembly1.cif	afm_basic_model_3_multimer_v2_pred_11.pdb	0	473	0.708326	A=A,B=B,C=C,D=D
8BWL-assembly1.cif	afm_basic_model_5_multimer_v2_pred_53.pdb	0	921	0.708318	A=A,B=B,C=C,D=D
8BWL-assembly1.cif	afm_dropout_full_woTemplates_model_4_multimer_v2_pred_37.pdb	0	2712	0.708316	A=C,B=B,C=A,D=D
8BWL-assembly1.cif	afm_basic_model_2_multimer_v3_pred_50.pdb	0	382	0.708314	A=C,B=B,C=A,D=D
8BWL-assembly1.cif	cf_woTemplates_model_1_multimer_v3_pred_29.pdb	0	7192	0.70831	A=A,B=D,C=C,D=B
8BWL-assembly1.cif	afm_dropout_full_model_1_multimer_v3_pred_16.pdb	0	1148	0.708303	A=A,B=B,C=C,D=D
8BWL-assembly1.cif	cf_woTemplates_model_4_multimer_v3_pred_8.pdb	0	7838	0.708298	A=C,B=D,C=A,D=B
8BWL-assembly1.cif	afm_basic_model_2_multimer_v3_pred_11.pdb	0	339	0.708287	A=C,B=B,C=A,D=D
8BWL-assembly1.cif	afm_dropout_full_woTemplates_model_1_multimer_v2_pred_44.pdb	0	2117	0.708283	A=C,B=D,C=A,D=B
8BWL-assembly1.cif	cf_dropout_full_woTemplates_model_5_multimer_v1_pred_34.pdb	0	6863	0.708283	A=C,B=B,C=A,D=D
8BWL-assembly1.cif	cf_woTemplates_model_1_multimer_v1_pred_47.pdb	0	7078	0.70828	A=A,B=D,C=C,D=B
8BWL-assembly1.cif	afm_dropout_full_model_1_multimer_v2_pred_51.pdb	0	1120	0.708276	A=A,B=B,C=C,D=D
8BWL-assembly1.cif	afm_dropout_full_woTemplates_r3_model_1_multimer_v2_pred_65.pdb	0	3145	0.708267	A=C,B=B,C=A,D=D
8BWL-assembly1.cif	afm_dropout_full_model_5_multimer_v3_pred_58.pdb	0	1998	0.708259	A=C,B=B,C=A,D=D
8BWL-assembly1.cif	cf_dropout_full_woTemplates_model_1_multimer_v3_pred_36.pdb	0	6195	0.708246	A=C,B=B,C=A,D=D
8BWL-assembly1.cif	afm_basic_model_4_multimer_v2_pred_26.pdb	0	690	0.708237	A=A,B=B,C=C,D=D
8BWL-assembly1.cif	afm_basic_model_3_multimer_v2_pred_15.pdb	0	477	0.708236	A=A,B=D,C=C,D=B
8BWL-assembly1.cif	cf_woTemplates_model_2_multimer_v1_pred_65.pdb	0	7299	0.708233	A=C,B=D,C=A,D=B
8BWL-assembly1.cif	afm_dropout_full_model_2_multimer_v3_pred_62.pdb	0	1400	0.708231	A=A,B=B,C=C,D=D
8BWL-assembly1.cif	afm_woTemplates_model_1_multimer_v3_pred_35.pdb	0	5189	0.708223	A=C,B=B,C=A,D=D
8BWL-assembly1.cif	afm_dropout_full_model_2_multimer_v1_pred_35.pdb	0	1236	0.70822	A=A,B=D,C=C,D=B
8BWL-assembly1.cif	cf_woTemplates_model_4_multimer_v1_pred_3.pdb	0	7662	0.708219	A=A,B=D,C=C,D=B
8BWL-assembly1.cif	afm_dropout_full_woTemplates_r3_model_2_multimer_v2_pred_63.pdb	0	3344	0.708198	A=C,B=B,C=A,D=D
8BWL-assembly1.cif	cf_woTemplates_model_1_multimer_v3_pred_37.pdb	0	7201	0.708195	A=C,B=D,C=A,D=B
8BWL-assembly1.cif	cf_woTemplates_model_3_multimer_v3_pred_20.pdb	0	7585	0.708191	A=A,B=D,C=C,D=B
8BWL-assembly1.cif	afm_basic_model_3_multimer_v2_pred_14.pdb	0	476	0.708163	A=A,B=B,C=C,D=D
8BWL-assembly1.cif	afm_woTemplates_model_2_multimer_v3_pred_11.pdb	0	5364	0.708159	A=C,B=D,C=A,D=B
8BWL-assembly1.cif	cf_woTemplates_model_1_multimer_v1_pred_45.pdb	0	7076	0.708157	A=A,B=D,C=C,D=B
8BWL-assembly1.cif	cf_woTemplates_model_3_multimer_v3_pred_54.pdb	0	7622	0.70815	A=C,B=B,C=A,D=D
8BWL-assembly1.cif	afm_dropout_full_woTemplates_r3_model_2_multimer_v3_pred_51.pdb	0	3398	0.708147	A=C,B=B,C=A,D=D
8BWL-assembly1.cif	cf_dropout_full_woTemplates_model_2_multimer_v1_pred_64.pdb	0	6293	0.708141	A=C,B=B,C=A,D=D
8BWL-assembly1.cif	afm_woTemplates_model_1_multimer_v2_pred_35.pdb	0	5122	0.708136	A=A,B=B,C=C,D=D
8BWL-assembly1.cif	cf_dropout_full_woTemplates_model_4_multimer_v1_pred_7.pdb	0	6698	0.708129	A=C,B=B,C=A,D=D
8BWL-assembly1.cif	afm_basic_model_3_multimer_v2_pred_30.pdb	0	494	0.708121	A=A,B=D,C=C,D=B
8BWL-assembly1.cif	cf_woTemplates_model_5_multimer_v1_pred_46.pdb	0	7881	0.708121	A=C,B=B,C=A,D=D
8BWL-assembly1.cif	afm_dropout_full_woTemplates_r3_model_2_multimer_v3_pred_49.pdb	0	3395	0.708121	A=A,B=D,C=C,D=B
8BWL-assembly1.cif	afm_dropout_full_model_1_multimer_v3_pred_53.pdb	0	1189	0.708116	A=A,B=B,C=C,D=D
8BWL-assembly1.cif	afm_basic_model_1_multimer_v3_pred_55.pdb	0	186	0.708105	A=C,B=B,C=A,D=D
8BWL-assembly1.cif	afm_woTemplates_model_4_multimer_v2_pred_11.pdb	0	5699	0.708103	A=A,B=D,C=C,D=B
8BWL-assembly1.cif	cf_dropout_full_woTemplates_model_4_multimer_v3_pred_56.pdb	0	6820	0.708102	A=A,B=D,C=C,D=B
8BWL-assembly1.cif	afm_dropout_full_model_1_multimer_v2_pred_46.pdb	0	1114	0.708091	A=A,B=B,C=C,D=D
8BWL-assembly1.cif	cf_dropout_full_woTemplates_model_5_multimer_v3_pred_58.pdb	0	7023	0.708078	A=C,B=D,C=A,D=B
8BWL-assembly1.cif	afm_dropout_full_woTemplates_model_2_multimer_v3_pred_45.pdb	0	2386	0.708074	A=A,B=B,C=C,D=D
8BWL-assembly1.cif	afm_dropout_full_woTemplates_r3_model_3_multimer_v2_pred_14.pdb	0	3491	0.708069	A=A,B=B,C=C,D=D
8BWL-assembly1.cif	afm_dropout_full_woTemplates_r3_model_2_multimer_v2_pred_58.pdb	0	3338	0.708067	A=A,B=B,C=C,D=D
8BWL-assembly1.cif	afm_dropout_full_woTemplates_model_1_multimer_v3_pred_1.pdb	0	2146	0.708037	A=A,B=B,C=C,D=D
8BWL-assembly1.cif	afm_basic_model_3_multimer_v2_pred_49.pdb	0	514	0.708034	A=A,B=D,C=C,D=B
8BWL-assembly1.cif	afm_basic_model_3_multimer_v2_pred_9.pdb	0	536	0.708023	A=A,B=D,C=C,D=B
8BWL-assembly1.cif	afm_dropout_full_woTemplates_r3_model_1_multimer_v2_pred_61.pdb	0	3141	0.708002	A=A,B=B,C=C,D=D
8BWL-assembly1.cif	cf_woTemplates_model_1_multimer_v2_pred_15.pdb	0	7110	0.707999	A=C,B=B,C=A,D=D
8BWL-assembly1.cif	afm_woTemplates_model_2_multimer_v3_pred_13.pdb	0	5366	0.707997	A=C,B=D,C=A,D=B
8BWL-assembly1.cif	afm_dropout_full_model_2_multimer_v3_pred_42.pdb	0	1378	0.707992	A=A,B=D,C=C,D=B
8BWL-assembly1.cif	afm_woTemplates_model_4_multimer_v2_pred_55.pdb	0	5747	0.707991	A=A,B=B,C=C,D=D
8BWL-assembly1.cif	afm_dropout_noSM_woTemplates_model_1_multimer_v2_pred_49.pdb	0	4132	0.707991	A=C,B=B,C=A,D=D
8BWL-assembly1.cif	cf_woTemplates_model_4_multimer_v3_pred_60.pdb	0	7830	0.70798	A=C,B=B,C=A,D=D
8BWL-assembly1.cif	afm_dropout_full_model_4_multimer_v3_pred_37.pdb	0	1774	0.707977	A=A,B=B,C=C,D=D
8BWL-assembly1.cif	afm_dropout_full_model_1_multimer_v3_pred_8.pdb	0	1205	0.707974	A=A,B=D,C=C,D=B
8BWL-assembly1.cif	cf_dropout_full_woTemplates_model_5_multimer_v2_pred_51.pdb	0	6949	0.707968	A=C,B=B,C=A,D=D
8BWL-assembly1.cif	cf_dropout_full_woTemplates_model_1_multimer_v3_pred_0.pdb	0	6165	0.707965	A=A,B=D,C=C,D=B
8BWL-assembly1.cif	afm_woTemplates_model_1_multimer_v3_pred_52.pdb	0	5208	0.707959	A=A,B=B,C=C,D=D
8BWL-assembly1.cif	afm_woTemplates_model_2_multimer_v3_pred_62.pdb	0	5420	0.707943	A=A,B=B,C=C,D=D
8BWL-assembly1.cif	afm_basic_model_4_multimer_v3_pred_21.pdb	0	752	0.707937	A=A,B=B,C=C,D=D
8BWL-assembly1.cif	afm_dropout_full_model_2_multimer_v3_pred_7.pdb	0	1405	0.707933	A=C,B=D,C=A,D=B
8BWL-assembly1.cif	afm_dropout_full_woTemplates_r3_model_3_multimer_v2_pred_47.pdb	0	3527	0.707932	A=C,B=B,C=A,D=D
8BWL-assembly1.cif	afm_dropout_full_model_2_multimer_v3_pred_29.pdb	0	1363	0.70793	A=A,B=B,C=C,D=D
8BWL-assembly1.cif	afm_woTemplates_model_5_multimer_v2_pred_57.pdb	0	5950	0.707898	A=A,B=D,C=C,D=B
8BWL-assembly1.cif	afm_dropout_full_model_1_multimer_v3_pred_0.pdb	0	1140	0.707885	A=A,B=B,C=C,D=D
8BWL-assembly1.cif	cf_dropout_full_woTemplates_model_2_multimer_v3_pred_1.pdb	0	6367	0.707883	A=C,B=B,C=A,D=D
8BWL-assembly1.cif	afm_dropout_full_woTemplates_r3_model_2_multimer_v2_pred_6.pdb	0	3340	0.707878	A=A,B=B,C=C,D=D
8BWL-assembly1.cif	cf_woTemplates_model_5_multimer_v1_pred_9.pdb	0	7906	0.707876	A=C,B=B,C=A,D=D
8BWL-assembly1.cif	afm_dropout_noSM_woTemplates_model_2_multimer_v3_pred_63.pdb	0	4416	0.707849	A=C,B=B,C=A,D=D
8BWL-assembly1.cif	cf_woTemplates_model_1_multimer_v2_pred_21.pdb	0	7117	0.70784	A=C,B=B,C=A,D=D
8BWL-assembly1.cif	afm_dropout_full_woTemplates_model_1_multimer_v3_pred_42.pdb	0	2182	0.707813	A=C,B=B,C=A,D=D
8BWL-assembly1.cif	cf_dropout_full_woTemplates_model_3_multimer_v3_pred_57.pdb	0	6620	0.707813	A=A,B=D,C=C,D=B
8BWL-assembly1.cif	afm_dropout_noSM_woTemplates_model_2_multimer_v1_pred_22.pdb	0	4237	0.707805	A=C,B=B,C=A,D=D
8BWL-assembly1.cif	afm_dropout_full_model_3_multimer_v2_pred_3.pdb	0	1498	0.707791	A=A,B=B,C=C,D=D
8BWL-assembly1.cif	cf_woTemplates_model_4_multimer_v1_pred_36.pdb	0	7669	0.70779	A=C,B=B,C=A,D=D
8BWL-assembly1.cif	afm_basic_model_5_multimer_v2_pred_41.pdb	0	908	0.707786	A=A,B=D,C=C,D=B
8BWL-assembly1.cif	cf_dropout_full_woTemplates_model_1_multimer_v1_pred_36.pdb	0	6061	0.707775	A=C,B=B,C=A,D=D
8BWL-assembly1.cif	cf_dropout_full_woTemplates_model_2_multimer_v2_pred_38.pdb	0	6331	0.707769	A=A,B=B,C=C,D=D
8BWL-assembly1.cif	afm_dropout_full_model_3_multimer_v2_pred_49.pdb	0	1519	0.707763	A=A,B=B,C=C,D=D
8BWL-assembly1.cif	afm_dropout_noSM_woTemplates_model_5_multimer_v2_pred_12.pdb	0	4896	0.707762	A=A,B=D,C=C,D=B
8BWL-assembly1.cif	afm_dropout_full_woTemplates_r3_model_3_multimer_v2_pred_48.pdb	0	3528	0.707751	A=A,B=D,C=C,D=B
8BWL-assembly1.cif	afm_dropout_noSM_woTemplates_model_1_multimer_v2_pred_54.pdb	0	4138	0.707746	A=A,B=D,C=C,D=B
8BWL-assembly1.cif	afm_dropout_full_model_3_multimer_v2_pred_35.pdb	0	1504	0.707746	A=C,B=D,C=A,D=B
8BWL-assembly1.cif	afm_woTemplates_model_1_multimer_v3_pred_16.pdb	0	5168	0.707746	A=A,B=D,C=C,D=B
8BWL-assembly1.cif	afm_dropout_full_woTemplates_r3_model_3_multimer_v2_pred_22.pdb	0	3500	0.707734	A=C,B=B,C=A,D=D
8BWL-assembly1.cif	cf_dropout_full_woTemplates_model_3_multimer_v2_pred_53.pdb	0	6549	0.707731	A=A,B=D,C=C,D=B
8BWL-assembly1.cif	afm_basic_model_4_multimer_v2_pred_7.pdb	0	735	0.70773	A=C,B=B,C=A,D=D
8BWL-assembly1.cif	afm_dropout_full_model_4_multimer_v3_pred_60.pdb	0	1800	0.707717	A=A,B=D,C=C,D=B
8BWL-assembly1.cif	cf_woTemplates_model_3_multimer_v1_pred_25.pdb	0	7456	0.707708	A=A,B=B,C=C,D=D
8BWL-assembly1.cif	cf_woTemplates_model_5_multimer_v1_pred_3.pdb	0	7863	0.707704	A=C,B=B,C=A,D=D
8BWL-assembly1.cif	afm_dropout_full_woTemplates_model_2_multimer_v3_pred_35.pdb	0	2375	0.707699	A=C,B=B,C=A,D=D
8BWL-assembly1.cif	cf_woTemplates_model_2_multimer_v3_pred_5.pdb	0	7416	0.707698	A=C,B=D,C=A,D=B
8BWL-assembly1.cif	afm_basic_model_4_multimer_v2_pred_9.pdb	0	737	0.707668	A=A,B=B,C=C,D=D
8BWL-assembly1.cif	cf_dropout_full_woTemplates_model_1_multimer_v2_pred_2.pdb	0	6110	0.707664	A=C,B=D,C=A,D=B
8BWL-assembly1.cif	afm_dropout_full_model_2_multimer_v3_pred_60.pdb	0	1398	0.70766	A=A,B=B,C=C,D=D
8BWL-assembly1.cif	afm_woTemplates_model_5_multimer_v2_pred_37.pdb	0	5928	0.707657	A=A,B=B,C=C,D=D
8BWL-assembly1.cif	afm_woTemplates_model_2_multimer_v3_pred_50.pdb	0	5407	0.707655	A=C,B=D,C=A,D=B
8BWL-assembly1.cif	cf_woTemplates_model_1_multimer_v3_pred_20.pdb	0	7183	0.707641	A=A,B=B,C=C,D=D
8BWL-assembly1.cif	afm_dropout_full_model_5_multimer_v2_pred_13.pdb	0	1882	0.707636	A=C,B=D,C=A,D=B
8BWL-assembly1.cif	cf_dropout_full_woTemplates_model_5_multimer_v1_pred_3.pdb	0	6858	0.707633	A=A,B=D,C=C,D=B
8BWL-assembly1.cif	afm_basic_model_4_multimer_v3_pred_31.pdb	0	763	0.707631	A=C,B=B,C=A,D=D
8BWL-assembly1.cif	afm_dropout_noSM_woTemplates_model_1_multimer_v2_pred_3.pdb	0	4111	0.707631	A=A,B=B,C=C,D=D
8BWL-assembly1.cif	afm_dropout_noSM_woTemplates_model_5_multimer_v2_pred_51.pdb	0	4939	0.707623	A=C,B=D,C=A,D=B
8BWL-assembly1.cif	cf_dropout_full_woTemplates_model_1_multimer_v2_pred_12.pdb	0	6102	0.70762	A=C,B=B,C=A,D=D
8BWL-assembly1.cif	afm_dropout_full_model_4_multimer_v3_pred_41.pdb	0	1779	0.707618	A=C,B=D,C=A,D=B
8BWL-assembly1.cif	cf_woTemplates_model_2_multimer_v1_pred_27.pdb	0	7257	0.707616	A=C,B=B,C=A,D=D
8BWL-assembly1.cif	afm_dropout_full_woTemplates_r3_model_3_multimer_v3_pred_64.pdb	0	3613	0.707614	A=C,B=D,C=A,D=B
8BWL-assembly1.cif	afm_dropout_full_woTemplates_model_3_multimer_v1_pred_45.pdb	0	2453	0.707606	A=C,B=D,C=A,D=B
8BWL-assembly1.cif	afm_dropout_full_model_1_multimer_v3_pred_24.pdb	0	1157	0.707596	A=A,B=B,C=C,D=D
8BWL-assembly1.cif	afm_dropout_full_woTemplates_model_4_multimer_v2_pred_62.pdb	0	2740	0.707594	A=A,B=B,C=C,D=D
8BWL-assembly1.cif	cf_woTemplates_model_4_multimer_v1_pred_25.pdb	0	7657	0.707593	A=C,B=B,C=A,D=D
8BWL-assembly1.cif	afm_dropout_full_model_5_multimer_v2_pred_36.pdb	0	1907	0.707589	A=C,B=B,C=A,D=D
8BWL-assembly1.cif	cf_dropout_full_woTemplates_model_2_multimer_v1_pred_13.pdb	0	6237	0.707583	A=A,B=B,C=C,D=D
8BWL-assembly1.cif	afm_basic_model_3_multimer_v2_pred_34.pdb	0	498	0.70757	A=C,B=D,C=A,D=B
8BWL-assembly1.cif	cf_woTemplates_model_1_multimer_v1_pred_37.pdb	0	7067	0.707567	A=A,B=D,C=C,D=B
8BWL-assembly1.cif	cf_dropout_full_woTemplates_model_3_multimer_v2_pred_63.pdb	0	6560	0.707563	A=A,B=B,C=C,D=D
8BWL-assembly1.cif	cf_dropout_full_woTemplates_model_1_multimer_v3_pred_47.pdb	0	6207	0.70756	A=C,B=B,C=A,D=D
8BWL-assembly1.cif	afm_dropout_full_woTemplates_model_2_multimer_v3_pred_66.pdb	0	2409	0.707559	A=C,B=D,C=A,D=B
8BWL-assembly1.cif	afm_dropout_full_woTemplates_model_1_multimer_v2_pred_13.pdb	0	2083	0.707543	A=A,B=D,C=C,D=B
8BWL-assembly1.cif	afm_dropout_noSM_woTemplates_model_1_multimer_v2_pred_14.pdb	0	4094	0.70754	A=A,B=B,C=C,D=D
8BWL-assembly1.cif	afm_woTemplates_model_2_multimer_v1_pred_33.pdb	0	5254	0.707525	A=A,B=D,C=C,D=B
8BWL-assembly1.cif	cf_dropout_full_woTemplates_model_2_multimer_v1_pred_15.pdb	0	6239	0.707517	A=A,B=D,C=C,D=B
8BWL-assembly1.cif	afm_dropout_full_woTemplates_model_3_multimer_v2_pred_29.pdb	0	2502	0.707514	A=A,B=B,C=C,D=D
8BWL-assembly1.cif	cf_woTemplates_model_2_multimer_v1_pred_45.pdb	0	7277	0.707512	A=C,B=B,C=A,D=D
8BWL-assembly1.cif	afm_woTemplates_model_2_multimer_v3_pred_30.pdb	0	5385	0.70751	A=A,B=B,C=C,D=D
8BWL-assembly1.cif	afm_dropout_noSM_woTemplates_model_1_multimer_v2_pred_39.pdb	0	4121	0.707506	A=C,B=B,C=A,D=D
8BWL-assembly1.cif	afm_dropout_full_woTemplates_r3_model_3_multimer_v2_pred_20.pdb	0	3498	0.707485	A=C,B=D,C=A,D=B
8BWL-assembly1.cif	afm_dropout_noSM_woTemplates_model_1_multimer_v2_pred_61.pdb	0	4146	0.707485	A=A,B=B,C=C,D=D
8BWL-assembly1.cif	cf_woTemplates_model_3_multimer_v2_pred_8.pdb	0	7570	0.707485	A=C,B=D,C=A,D=B
8BWL-assembly1.cif	afm_basic_model_4_multimer_v2_pred_41.pdb	0	707	0.707484	A=A,B=D,C=C,D=B
8BWL-assembly1.cif	cf_dropout_full_woTemplates_model_2_multimer_v2_pred_15.pdb	0	6306	0.70748	A=C,B=D,C=A,D=B
8BWL-assembly1.cif	cf_dropout_full_woTemplates_model_4_multimer_v2_pred_32.pdb	0	6727	0.707474	A=A,B=B,C=C,D=D
8BWL-assembly1.cif	cf_woTemplates_model_3_multimer_v3_pred_12.pdb	0	7576	0.707474	A=A,B=B,C=C,D=D
8BWL-assembly1.cif	afm_woTemplates_model_4_multimer_v2_pred_31.pdb	0	5721	0.70747	A=A,B=D,C=C,D=B
8BWL-assembly1.cif	afm_dropout_full_woTemplates_r3_model_1_multimer_v3_pred_14.pdb	0	3156	0.707464	A=C,B=D,C=A,D=B
8BWL-assembly1.cif	afm_basic_model_4_multimer_v2_pred_27.pdb	0	691	0.707463	A=A,B=D,C=C,D=B
8BWL-assembly1.cif	afm_dropout_full_woTemplates_model_1_multimer_v2_pred_43.pdb	0	2116	0.70746	A=C,B=D,C=A,D=B
8BWL-assembly1.cif	afm_dropout_full_model_1_multimer_v3_pred_63.pdb	0	1200	0.707458	A=C,B=B,C=A,D=D
8BWL-assembly1.cif	afm_dropout_noSM_woTemplates_model_1_multimer_v3_pred_63.pdb	0	4215	0.707455	A=C,B=B,C=A,D=D
8BWL-assembly1.cif	afm_dropout_full_woTemplates_r3_model_1_multimer_v2_pred_41.pdb	0	3119	0.70745	A=A,B=D,C=C,D=B
8BWL-assembly1.cif	cf_dropout_full_woTemplates_model_5_multimer_v1_pred_9.pdb	0	6901	0.707425	A=C,B=B,C=A,D=D
8BWL-assembly1.cif	afm_dropout_full_woTemplates_model_1_multimer_v2_pred_19.pdb	0	2089	0.707416	A=C,B=D,C=A,D=B
8BWL-assembly1.cif	afm_dropout_noSM_woTemplates_model_4_multimer_v2_pred_35.pdb	0	4720	0.70741	A=C,B=B,C=A,D=D
8BWL-assembly1.cif	afm_dropout_full_model_5_multimer_v2_pred_22.pdb	0	1892	0.707407	A=A,B=D,C=C,D=B
8BWL-assembly1.cif	cf_woTemplates_model_3_multimer_v2_pred_27.pdb	0	7525	0.70739	A=A,B=D,C=C,D=B
8BWL-assembly1.cif	cf_woTemplates_model_1_multimer_v2_pred_17.pdb	0	7112	0.70738	A=A,B=B,C=C,D=D
8BWL-assembly1.cif	afm_dropout_full_woTemplates_r3_model_3_multimer_v2_pred_56.pdb	0	3537	0.707371	A=C,B=B,C=A,D=D
8BWL-assembly1.cif	cf_dropout_full_woTemplates_model_5_multimer_v1_pred_17.pdb	0	6844	0.707333	A=A,B=D,C=C,D=B
8BWL-assembly1.cif	cf_dropout_full_woTemplates_model_1_multimer_v3_pred_49.pdb	0	6209	0.70733	A=A,B=B,C=C,D=D
8BWL-assembly1.cif	afm_dropout_full_woTemplates_model_1_multimer_v2_pred_61.pdb	0	2136	0.707317	A=C,B=B,C=A,D=D
8BWL-assembly1.cif	afm_dropout_full_woTemplates_r3_model_1_multimer_v3_pred_13.pdb	0	3155	0.707317	A=A,B=B,C=C,D=D
8BWL-assembly1.cif	cf_dropout_full_woTemplates_model_1_multimer_v2_pred_53.pdb	0	6147	0.707313	A=A,B=B,C=C,D=D
8BWL-assembly1.cif	afm_woTemplates_model_4_multimer_v2_pred_57.pdb	0	5749	0.707311	A=C,B=B,C=A,D=D
8BWL-assembly1.cif	cf_dropout_full_woTemplates_model_4_multimer_v1_pred_12.pdb	0	6638	0.707311	A=C,B=D,C=A,D=B
8BWL-assembly1.cif	afm_dropout_full_model_2_multimer_v3_pred_5.pdb	0	1386	0.70731	A=A,B=B,C=C,D=D
8BWL-assembly1.cif	afm_dropout_full_woTemplates_model_1_multimer_v3_pred_41.pdb	0	2181	0.707307	A=A,B=B,C=C,D=D
8BWL-assembly1.cif	cf_woTemplates_model_2_multimer_v1_pred_46.pdb	0	7278	0.707273	A=A,B=D,C=C,D=B
8BWL-assembly1.cif	cf_dropout_full_woTemplates_model_3_multimer_v2_pred_65.pdb	0	6562	0.707266	A=C,B=D,C=A,D=B
8BWL-assembly1.cif	afm_woTemplates_model_5_multimer_v2_pred_15.pdb	0	5904	0.707261	A=A,B=D,C=C,D=B
8BWL-assembly1.cif	afm_dropout_full_model_1_multimer_v3_pred_27.pdb	0	1160	0.707258	A=C,B=B,C=A,D=D
8BWL-assembly1.cif	afm_dropout_full_woTemplates_model_1_multimer_v3_pred_47.pdb	0	2187	0.707243	A=A,B=B,C=C,D=D
8BWL-assembly1.cif	afm_dropout_full_woTemplates_model_2_multimer_v3_pred_37.pdb	0	2377	0.707238	A=C,B=B,C=A,D=D
8BWL-assembly1.cif	cf_woTemplates_model_2_multimer_v1_pred_48.pdb	0	7280	0.707228	A=A,B=D,C=C,D=B
8BWL-assembly1.cif	cf_woTemplates_model_3_multimer_v2_pred_41.pdb	0	7541	0.707222	A=A,B=B,C=C,D=D
8BWL-assembly1.cif	afm_dropout_full_woTemplates_r3_model_2_multimer_v2_pred_35.pdb	0	3313	0.707216	A=A,B=B,C=C,D=D
8BWL-assembly1.cif	afm_dropout_noSM_woTemplates_model_1_multimer_v2_pred_15.pdb	0	4095	0.707208	A=A,B=D,C=C,D=B
8BWL-assembly1.cif	afm_dropout_full_woTemplates_model_1_multimer_v2_pred_5.pdb	0	2123	0.707193	A=A,B=D,C=C,D=B
8BWL-assembly1.cif	cf_dropout_full_woTemplates_model_1_multimer_v3_pred_58.pdb	0	6219	0.707192	A=C,B=D,C=A,D=B
8BWL-assembly1.cif	afm_dropout_full_model_1_multimer_v3_pred_34.pdb	0	1168	0.707188	A=A,B=D,C=C,D=B
8BWL-assembly1.cif	afm_dropout_full_woTemplates_model_1_multimer_v2_pred_30.pdb	0	2102	0.707187	A=A,B=D,C=C,D=B
8BWL-assembly1.cif	cf_woTemplates_model_5_multimer_v1_pred_53.pdb	0	7889	0.707176	A=A,B=D,C=C,D=B
8BWL-assembly1.cif	afm_dropout_full_woTemplates_r3_model_3_multimer_v3_pred_51.pdb	0	3599	0.707174	A=A,B=B,C=C,D=D
8BWL-assembly1.cif	afm_dropout_full_model_5_multimer_v2_pred_37.pdb	0	1908	0.707171	A=C,B=B,C=A,D=D
8BWL-assembly1.cif	cf_dropout_full_woTemplates_model_2_multimer_v3_pred_65.pdb	0	6428	0.707156	A=C,B=D,C=A,D=B
8BWL-assembly1.cif	afm_dropout_full_woTemplates_r3_model_1_multimer_v3_pred_28.pdb	0	3171	0.707148	A=A,B=B,C=C,D=D
8BWL-assembly1.cif	cf_dropout_full_woTemplates_model_1_multimer_v2_pred_60.pdb	0	6155	0.707135	A=A,B=B,C=C,D=D
8BWL-assembly1.cif	cf_dropout_full_woTemplates_model_3_multimer_v2_pred_8.pdb	0	6565	0.707134	A=A,B=B,C=C,D=D
8BWL-assembly1.cif	afm_basic_model_1_multimer_v3_pred_39.pdb	0	168	0.707125	A=A,B=D,C=C,D=B
8BWL-assembly1.cif	cf_dropout_full_woTemplates_model_2_multimer_v2_pred_11.pdb	0	6302	0.707121	A=C,B=B,C=A,D=D
8BWL-assembly1.cif	afm_dropout_full_woTemplates_r3_model_1_multimer_v2_pred_19.pdb	0	3094	0.707113	A=A,B=B,C=C,D=D
8BWL-assembly1.cif	afm_dropout_full_woTemplates_r3_model_1_multimer_v2_pred_20.pdb	0	3096	0.707105	A=A,B=D,C=C,D=B
8BWL-assembly1.cif	afm_dropout_full_woTemplates_model_1_multimer_v2_pred_14.pdb	0	2084	0.707092	A=C,B=D,C=A,D=B
8BWL-assembly1.cif	cf_dropout_full_woTemplates_model_3_multimer_v2_pred_31.pdb	0	6525	0.707088	A=C,B=B,C=A,D=D
8BWL-assembly1.cif	afm_basic_model_3_multimer_v2_pred_26.pdb	0	489	0.707043	A=A,B=D,C=C,D=B
8BWL-assembly1.cif	afm_dropout_full_woTemplates_model_1_multimer_v2_pred_7.pdb	0	2142	0.707038	A=C,B=D,C=A,D=B
8BWL-assembly1.cif	cf_dropout_full_woTemplates_model_2_multimer_v2_pred_6.pdb	0	6355	0.707019	A=C,B=D,C=A,D=B
8BWL-assembly1.cif	cf_dropout_full_woTemplates_model_2_multimer_v1_pred_54.pdb	0	6282	0.707017	A=C,B=B,C=A,D=D
8BWL-assembly1.cif	cf_dropout_full_woTemplates_model_1_multimer_v2_pred_41.pdb	0	6134	0.707015	A=C,B=D,C=A,D=B
8BWL-assembly1.cif	afm_woTemplates_model_5_multimer_v1_pred_25.pdb	0	5848	0.707001	A=C,B=B,C=A,D=D
8BWL-assembly1.cif	afm_dropout_full_model_5_multimer_v3_pred_27.pdb	0	1964	0.706993	A=C,B=B,C=A,D=D
8BWL-assembly1.cif	afm_dropout_full_woTemplates_model_1_multimer_v3_pred_16.pdb	0	2153	0.706987	A=A,B=D,C=C,D=B
8BWL-assembly1.cif	afm_basic_model_4_multimer_v2_pred_14.pdb	0	677	0.706983	A=C,B=B,C=A,D=D
8BWL-assembly1.cif	afm_woTemplates_model_4_multimer_v1_pred_33.pdb	0	5656	0.706978	A=C,B=B,C=A,D=D
8BWL-assembly1.cif	cf_woTemplates_model_4_multimer_v3_pred_56.pdb	0	7825	0.706974	A=C,B=B,C=A,D=D
8BWL-assembly1.cif	afm_dropout_full_woTemplates_model_4_multimer_v3_pred_61.pdb	0	2806	0.706971	A=A,B=B,C=C,D=D
8BWL-assembly1.cif	cf_dropout_full_woTemplates_model_2_multimer_v1_pred_49.pdb	0	6276	0.706967	A=C,B=B,C=A,D=D
8BWL-assembly1.cif	afm_dropout_full_woTemplates_r3_model_4_multimer_v3_pred_32.pdb	0	3779	0.706954	A=A,B=D,C=C,D=B
8BWL-assembly1.cif	afm_dropout_full_woTemplates_model_2_multimer_v2_pred_32.pdb	0	2305	0.706952	A=C,B=D,C=A,D=B
8BWL-assembly1.cif	cf_dropout_full_woTemplates_model_4_multimer_v3_pred_29.pdb	0	6790	0.706952	A=C,B=B,C=A,D=D
8BWL-assembly1.cif	afm_dropout_noSM_woTemplates_model_2_multimer_v3_pred_66.pdb	0	4419	0.706949	A=A,B=B,C=C,D=D
8BWL-assembly1.cif	afm_basic_model_4_multimer_v2_pred_35.pdb	0	700	0.706947	A=A,B=D,C=C,D=B
8BWL-assembly1.cif	cf_woTemplates_model_1_multimer_v2_pred_56.pdb	0	7155	0.706938	A=C,B=D,C=A,D=B
8BWL-assembly1.cif	afm_basic_model_1_multimer_v3_pred_36.pdb	0	165	0.706936	A=A,B=D,C=C,D=B
8BWL-assembly1.cif	afm_basic_model_3_multimer_v2_pred_40.pdb	0	505	0.706933	A=A,B=D,C=C,D=B
8BWL-assembly1.cif	afm_dropout_full_model_4_multimer_v3_pred_22.pdb	0	1758	0.706921	A=A,B=D,C=C,D=B
8BWL-assembly1.cif	afm_dropout_noSM_woTemplates_model_4_multimer_v3_pred_15.pdb	0	4765	0.706917	A=A,B=D,C=C,D=B
8BWL-assembly1.cif	afm_dropout_full_model_5_multimer_v2_pred_15.pdb	0	1884	0.706905	A=A,B=D,C=C,D=B
8BWL-assembly1.cif	afm_dropout_full_woTemplates_r3_model_5_multimer_v2_pred_49.pdb	0	3931	0.706898	A=A,B=B,C=C,D=D
8BWL-assembly1.cif	afm_dropout_full_model_2_multimer_v3_pred_10.pdb	0	1343	0.706891	A=C,B=B,C=A,D=D
8BWL-assembly1.cif	cf_woTemplates_model_1_multimer_v2_pred_46.pdb	0	7144	0.706877	A=C,B=B,C=A,D=D
8BWL-assembly1.cif	cf_woTemplates_model_1_multimer_v2_pred_2.pdb	0	7115	0.706877	A=A,B=B,C=C,D=D
8BWL-assembly1.cif	afm_dropout_full_woTemplates_r3_model_2_multimer_v2_pred_45.pdb	0	3324	0.70687	A=A,B=D,C=C,D=B
8BWL-assembly1.cif	cf_dropout_full_woTemplates_model_1_multimer_v3_pred_5.pdb	0	6210	0.70687	A=C,B=D,C=A,D=B
8BWL-assembly1.cif	cf_woTemplates_model_1_multimer_v1_pred_20.pdb	0	7049	0.706858	A=A,B=D,C=C,D=B
8BWL-assembly1.cif	afm_dropout_full_woTemplates_r3_model_3_multimer_v3_pred_21.pdb	0	3566	0.70685	A=A,B=D,C=C,D=B
8BWL-assembly1.cif	afm_woTemplates_model_1_multimer_v3_pred_61.pdb	0	5218	0.70684	A=C,B=B,C=A,D=D
8BWL-assembly1.cif	afm_dropout_noSM_woTemplates_model_1_multimer_v2_pred_25.pdb	0	4106	0.706829	A=C,B=B,C=A,D=D
8BWL-assembly1.cif	afm_dropout_full_woTemplates_model_5_multimer_v2_pred_50.pdb	0	2928	0.706819	A=A,B=D,C=C,D=B
8BWL-assembly1.cif	afm_basic_model_5_multimer_v2_pred_16.pdb	0	880	0.706805	A=A,B=D,C=C,D=B
8BWL-assembly1.cif	afm_basic_model_4_multimer_v2_pred_30.pdb	0	695	0.706803	A=C,B=D,C=A,D=B
8BWL-assembly1.cif	cf_woTemplates_model_1_multimer_v1_pred_32.pdb	0	7062	0.706796	A=A,B=D,C=C,D=B
8BWL-assembly1.cif	cf_woTemplates_model_2_multimer_v1_pred_21.pdb	0	7251	0.706792	A=A,B=D,C=C,D=B
8BWL-assembly1.cif	afm_dropout_full_model_5_multimer_v2_pred_61.pdb	0	1935	0.706777	A=A,B=B,C=C,D=D
8BWL-assembly1.cif	cf_dropout_full_woTemplates_model_1_multimer_v1_pred_51.pdb	0	6078	0.706776	A=A,B=D,C=C,D=B
8BWL-assembly1.cif	cf_woTemplates_model_5_multimer_v1_pred_5.pdb	0	7885	0.706765	A=A,B=D,C=C,D=B
8BWL-assembly1.cif	afm_woTemplates_model_1_multimer_v2_pred_12.pdb	0	5097	0.706755	A=C,B=D,C=A,D=B
8BWL-assembly1.cif	cf_dropout_full_woTemplates_model_4_multimer_v2_pred_49.pdb	0	6745	0.706753	A=C,B=D,C=A,D=B
8BWL-assembly1.cif	cf_woTemplates_model_4_multimer_v3_pred_27.pdb	0	7793	0.706745	A=C,B=D,C=A,D=B
8BWL-assembly1.cif	afm_woTemplates_model_1_multimer_v3_pred_46.pdb	0	5201	0.706731	A=C,B=D,C=A,D=B
8BWL-assembly1.cif	cf_dropout_full_woTemplates_model_1_multimer_v3_pred_61.pdb	0	6223	0.70673	A=C,B=D,C=A,D=B
8BWL-assembly1.cif	afm_dropout_full_woTemplates_model_3_multimer_v1_pred_58.pdb	0	2467	0.706727	A=A,B=D,C=C,D=B
8BWL-assembly1.cif	cf_woTemplates_model_4_multimer_v3_pred_26.pdb	0	7792	0.706723	A=C,B=D,C=A,D=B
8BWL-assembly1.cif	cf_woTemplates_model_3_multimer_v3_pred_1.pdb	0	7573	0.706717	A=A,B=B,C=C,D=D
8BWL-assembly1.cif	afm_woTemplates_model_4_multimer_v2_pred_37.pdb	0	5727	0.706714	A=C,B=D,C=A,D=B
8BWL-assembly1.cif	afm_dropout_full_model_5_multimer_v2_pred_19.pdb	0	1888	0.706712	A=A,B=D,C=C,D=B
8BWL-assembly1.cif	cf_dropout_full_woTemplates_model_4_multimer_v1_pred_13.pdb	0	6639	0.70671	A=A,B=B,C=C,D=D
8BWL-assembly1.cif	afm_dropout_full_woTemplates_model_2_multimer_v3_pred_24.pdb	0	2363	0.7067	A=C,B=B,C=A,D=D
8BWL-assembly1.cif	cf_woTemplates_model_4_multimer_v1_pred_58.pdb	0	7693	0.706697	A=C,B=B,C=A,D=D
8BWL-assembly1.cif	afm_dropout_full_woTemplates_r3_model_3_multimer_v2_pred_1.pdb	0	3486	0.706687	A=C,B=B,C=A,D=D
8BWL-assembly1.cif	afm_dropout_noSM_woTemplates_model_1_multimer_v3_pred_26.pdb	0	4174	0.706668	A=C,B=B,C=A,D=D
8BWL-assembly1.cif	afm_woTemplates_model_4_multimer_v2_pred_42.pdb	0	5733	0.706667	A=A,B=B,C=C,D=D
8BWL-assembly1.cif	afm_dropout_full_woTemplates_r3_model_2_multimer_v2_pred_15.pdb	0	3291	0.706661	A=C,B=D,C=A,D=B
8BWL-assembly1.cif	cf_woTemplates_model_5_multimer_v1_pred_18.pdb	0	7850	0.70665	A=A,B=D,C=C,D=B
8BWL-assembly1.cif	afm_dropout_full_woTemplates_r3_model_5_multimer_v3_pred_53.pdb	0	4003	0.706624	A=C,B=D,C=A,D=B
8BWL-assembly1.cif	afm_woTemplates_model_5_multimer_v2_pred_4.pdb	0	5931	0.706623	A=C,B=B,C=A,D=D
8BWL-assembly1.cif	afm_basic_model_3_multimer_v2_pred_47.pdb	0	512	0.706618	A=C,B=D,C=A,D=B
8BWL-assembly1.cif	afm_basic_model_4_multimer_v2_pred_0.pdb	0	671	0.706613	A=C,B=D,C=A,D=B
8BWL-assembly1.cif	cf_woTemplates_model_2_multimer_v1_pred_66.pdb	0	7300	0.706592	A=C,B=B,C=A,D=D
8BWL-assembly1.cif	afm_basic_model_5_multimer_v2_pred_39.pdb	0	905	0.706566	A=C,B=D,C=A,D=B
8BWL-assembly1.cif	cf_woTemplates_model_5_multimer_v1_pred_24.pdb	0	7857	0.706547	A=C,B=B,C=A,D=D
8BWL-assembly1.cif	afm_woTemplates_model_4_multimer_v2_pred_30.pdb	0	5720	0.706539	A=C,B=D,C=A,D=B
8BWL-assembly1.cif	afm_dropout_full_woTemplates_model_1_multimer_v2_pred_34.pdb	0	2106	0.706531	A=A,B=D,C=C,D=B
8BWL-assembly1.cif	afm_dropout_noSM_woTemplates_model_1_multimer_v2_pred_59.pdb	0	4143	0.706519	A=A,B=D,C=C,D=B
8BWL-assembly1.cif	afm_dropout_full_woTemplates_r3_model_1_multimer_v3_pred_15.pdb	0	3157	0.706515	A=C,B=D,C=A,D=B
8BWL-assembly1.cif	afm_woTemplates_model_4_multimer_v2_pred_33.pdb	0	5723	0.706498	A=A,B=B,C=C,D=D
8BWL-assembly1.cif	cf_woTemplates_model_5_multimer_v1_pred_50.pdb	0	7886	0.706477	A=C,B=B,C=A,D=D
8BWL-assembly1.cif	afm_dropout_noSM_woTemplates_model_1_multimer_v2_pred_0.pdb	0	4088	0.706473	A=C,B=B,C=A,D=D
8BWL-assembly1.cif	cf_woTemplates_model_1_multimer_v2_pred_47.pdb	0	7145	0.706467	A=A,B=D,C=C,D=B
8BWL-assembly1.cif	afm_woTemplates_model_2_multimer_v3_pred_55.pdb	0	5412	0.706464	A=A,B=B,C=C,D=D
8BWL-assembly1.cif	afm_dropout_noSM_woTemplates_model_4_multimer_v2_pred_25.pdb	0	4709	0.706444	A=A,B=B,C=C,D=D
8BWL-assembly1.cif	cf_dropout_full_woTemplates_model_4_multimer_v3_pred_19.pdb	0	6779	0.70644	A=A,B=B,C=C,D=D
8BWL-assembly1.cif	afm_dropout_full_woTemplates_model_2_multimer_v1_pred_8.pdb	0	2277	0.706426	A=A,B=D,C=C,D=B
8BWL-assembly1.cif	cf_dropout_full_woTemplates_model_4_multimer_v2_pred_23.pdb	0	6717	0.706422	A=C,B=B,C=A,D=D
8BWL-assembly1.cif	afm_dropout_noSM_woTemplates_model_1_multimer_v2_pred_27.pdb	0	4108	0.706418	A=C,B=D,C=A,D=B
8BWL-assembly1.cif	afm_woTemplates_model_1_multimer_v2_pred_9.pdb	0	5159	0.706405	A=A,B=B,C=C,D=D
8BWL-assembly1.cif	cf_dropout_full_woTemplates_model_2_multimer_v1_pred_58.pdb	0	6286	0.706381	A=C,B=B,C=A,D=D
8BWL-assembly1.cif	cf_dropout_full_woTemplates_model_1_multimer_v2_pred_39.pdb	0	6131	0.706378	A=C,B=D,C=A,D=B
8BWL-assembly1.cif	cf_woTemplates_model_4_multimer_v1_pred_42.pdb	0	7676	0.706373	A=A,B=D,C=C,D=B
8BWL-assembly1.cif	afm_woTemplates_model_4_multimer_v2_pred_25.pdb	0	5714	0.706365	A=C,B=B,C=A,D=D
8BWL-assembly1.cif	cf_woTemplates_model_5_multimer_v1_pred_14.pdb	0	7846	0.706364	A=C,B=B,C=A,D=D
8BWL-assembly1.cif	afm_dropout_full_woTemplates_r3_model_1_multimer_v2_pred_29.pdb	0	3105	0.706363	A=C,B=D,C=A,D=B
8BWL-assembly1.cif	afm_dropout_noSM_woTemplates_model_1_multimer_v2_pred_10.pdb	0	4090	0.706361	A=C,B=D,C=A,D=B
8BWL-assembly1.cif	cf_dropout_full_woTemplates_model_4_multimer_v3_pred_60.pdb	0	6825	0.706354	A=A,B=D,C=C,D=B
8BWL-assembly1.cif	cf_dropout_full_woTemplates_model_4_multimer_v3_pred_62.pdb	0	6827	0.706344	A=A,B=D,C=C,D=B
8BWL-assembly1.cif	afm_dropout_full_model_3_multimer_v2_pred_36.pdb	0	1505	0.706333	A=A,B=B,C=C,D=D
8BWL-assembly1.cif	afm_dropout_full_model_1_multimer_v3_pred_62.pdb	0	1199	0.706314	A=A,B=B,C=C,D=D
8BWL-assembly1.cif	afm_dropout_noSM_woTemplates_model_1_multimer_v2_pred_33.pdb	0	4115	0.706304	A=C,B=D,C=A,D=B
8BWL-assembly1.cif	afm_woTemplates_model_2_multimer_v3_pred_61.pdb	0	5419	0.7063	A=A,B=D,C=C,D=B
8BWL-assembly1.cif	cf_dropout_full_woTemplates_model_1_multimer_v2_pred_8.pdb	0	6163	0.706284	A=C,B=B,C=A,D=D
8BWL-assembly1.cif	afm_woTemplates_model_4_multimer_v2_pred_22.pdb	0	5711	0.706278	A=C,B=D,C=A,D=B
8BWL-assembly1.cif	afm_dropout_full_woTemplates_model_4_multimer_v2_pred_18.pdb	0	2691	0.706252	A=C,B=D,C=A,D=B
8BWL-assembly1.cif	afm_dropout_full_model_1_multimer_v3_pred_61.pdb	0	1198	0.706251	A=C,B=D,C=A,D=B
8BWL-assembly1.cif	afm_dropout_full_woTemplates_model_1_multimer_v2_pred_2.pdb	0	2090	0.706244	A=A,B=D,C=C,D=B
8BWL-assembly1.cif	afm_dropout_full_woTemplates_model_1_multimer_v2_pred_31.pdb	0	2103	0.706236	A=C,B=D,C=A,D=B
8BWL-assembly1.cif	afm_dropout_noSM_woTemplates_model_4_multimer_v2_pred_55.pdb	0	4742	0.706234	A=A,B=D,C=C,D=B
8BWL-assembly1.cif	afm_woTemplates_model_1_multimer_v3_pred_60.pdb	0	5217	0.706233	A=C,B=B,C=A,D=D
8BWL-assembly1.cif	afm_dropout_noSM_woTemplates_model_1_multimer_v2_pred_6.pdb	0	4144	0.706226	A=A,B=D,C=C,D=B
8BWL-assembly1.cif	afm_dropout_noSM_woTemplates_model_1_multimer_v3_pred_32.pdb	0	4181	0.706224	A=A,B=B,C=C,D=D
8BWL-assembly1.cif	afm_dropout_full_woTemplates_r3_model_3_multimer_v1_pred_14.pdb	0	3424	0.70622	A=A,B=D,C=C,D=B
8BWL-assembly1.cif	afm_dropout_full_woTemplates_model_1_multimer_v3_pred_58.pdb	0	2199	0.706196	A=A,B=D,C=C,D=B
8BWL-assembly1.cif	afm_dropout_full_woTemplates_model_1_multimer_v2_pred_27.pdb	0	2098	0.706185	A=C,B=B,C=A,D=D
8BWL-assembly1.cif	afm_dropout_full_model_5_multimer_v3_pred_39.pdb	0	1977	0.706181	A=A,B=B,C=C,D=D
8BWL-assembly1.cif	afm_basic_model_3_multimer_v2_pred_7.pdb	0	534	0.706178	A=A,B=D,C=C,D=B
8BWL-assembly1.cif	afm_basic_model_1_multimer_v3_pred_56.pdb	0	187	0.706175	A=C,B=D,C=A,D=B
8BWL-assembly1.cif	afm_dropout_noSM_woTemplates_model_4_multimer_v2_pred_65.pdb	0	4753	0.706175	A=A,B=D,C=C,D=B
8BWL-assembly1.cif	afm_woTemplates_model_5_multimer_v2_pred_39.pdb	0	5930	0.706174	A=C,B=B,C=A,D=D
8BWL-assembly1.cif	afm_dropout_full_model_5_multimer_v2_pred_46.pdb	0	1918	0.706164	A=A,B=D,C=C,D=B
8BWL-assembly1.cif	cf_dropout_full_woTemplates_model_5_multimer_v1_pred_19.pdb	0	6846	0.706148	A=C,B=B,C=A,D=D
8BWL-assembly1.cif	cf_dropout_full_woTemplates_model_2_multimer_v3_pred_41.pdb	0	6402	0.706144	A=A,B=B,C=C,D=D
8BWL-assembly1.cif	afm_woTemplates_model_1_multimer_v2_pred_17.pdb	0	5102	0.706133	A=C,B=B,C=A,D=D
8BWL-assembly1.cif	afm_dropout_full_woTemplates_r3_model_2_multimer_v3_pred_2.pdb	0	3363	0.706132	A=C,B=B,C=A,D=D
8BWL-assembly1.cif	afm_dropout_full_woTemplates_model_1_multimer_v3_pred_7.pdb	0	2209	0.706112	A=A,B=B,C=C,D=D
8BWL-assembly1.cif	afm_woTemplates_model_4_multimer_v2_pred_1.pdb	0	5697	0.706096	A=A,B=D,C=C,D=B
8BWL-assembly1.cif	afm_dropout_full_woTemplates_r3_model_1_multimer_v3_pred_35.pdb	0	3179	0.706096	A=C,B=B,C=A,D=D
8BWL-assembly1.cif	afm_dropout_noSM_woTemplates_model_1_multimer_v2_pred_47.pdb	0	4130	0.706092	A=A,B=D,C=C,D=B
8BWL-assembly1.cif	afm_dropout_full_model_2_multimer_v3_pred_14.pdb	0	1347	0.706089	A=C,B=B,C=A,D=D
8BWL-assembly1.cif	cf_woTemplates_model_2_multimer_v1_pred_6.pdb	0	7293	0.706087	A=C,B=B,C=A,D=D
8BWL-assembly1.cif	cf_woTemplates_model_1_multimer_v3_pred_56.pdb	0	7222	0.706072	A=A,B=D,C=C,D=B
8BWL-assembly1.cif	afm_basic_model_4_multimer_v2_pred_23.pdb	0	687	0.706067	A=A,B=B,C=C,D=D
8BWL-assembly1.cif	afm_basic_model_3_multimer_v2_pred_1.pdb	0	471	0.706066	A=C,B=B,C=A,D=D
8BWL-assembly1.cif	afm_woTemplates_model_1_multimer_v2_pred_15.pdb	0	5100	0.706066	A=C,B=D,C=A,D=B
8BWL-assembly1.cif	afm_dropout_full_woTemplates_r3_model_5_multimer_v2_pred_33.pdb	0	3914	0.706058	A=A,B=B,C=C,D=D
8BWL-assembly1.cif	afm_dropout_full_woTemplates_model_1_multimer_v2_pred_11.pdb	0	2081	0.706042	A=A,B=D,C=C,D=B
8BWL-assembly1.cif	afm_woTemplates_model_4_multimer_v2_pred_60.pdb	0	5753	0.706033	A=A,B=D,C=C,D=B
8BWL-assembly1.cif	afm_basic_model_4_multimer_v2_pred_51.pdb	0	718	0.706017	A=A,B=B,C=C,D=D
8BWL-assembly1.cif	afm_dropout_noSM_woTemplates_model_4_multimer_v2_pred_50.pdb	0	4737	0.705983	A=A,B=B,C=C,D=D
8BWL-assembly1.cif	cf_dropout_full_woTemplates_model_3_multimer_v2_pred_56.pdb	0	6552	0.705981	A=A,B=B,C=C,D=D
8BWL-assembly1.cif	afm_dropout_full_woTemplates_model_1_multimer_v2_pred_0.pdb	0	2078	0.705977	A=C,B=D,C=A,D=B
8BWL-assembly1.cif	afm_woTemplates_model_1_multimer_v2_pred_37.pdb	0	5124	0.705976	A=C,B=D,C=A,D=B
8BWL-assembly1.cif	cf_woTemplates_model_5_multimer_v1_pred_27.pdb	0	7860	0.705975	A=C,B=B,C=A,D=D
8BWL-assembly1.cif	cf_woTemplates_model_1_multimer_v2_pred_20.pdb	0	7116	0.705955	A=A,B=B,C=C,D=D
8BWL-assembly1.cif	cf_dropout_full_woTemplates_model_1_multimer_v2_pred_18.pdb	0	6108	0.705954	A=A,B=D,C=C,D=B
8BWL-assembly1.cif	cf_woTemplates_model_4_multimer_v3_pred_22.pdb	0	7788	0.705938	A=C,B=B,C=A,D=D
8BWL-assembly1.cif	cf_woTemplates_model_1_multimer_v3_pred_50.pdb	0	7216	0.705938	A=C,B=D,C=A,D=B
8BWL-assembly1.cif	afm_basic_model_4_multimer_v2_pred_58.pdb	0	725	0.705938	A=C,B=B,C=A,D=D
8BWL-assembly1.cif	cf_woTemplates_model_4_multimer_v1_pred_30.pdb	0	7663	0.705924	A=A,B=D,C=C,D=B
8BWL-assembly1.cif	afm_dropout_full_model_4_multimer_v3_pred_5.pdb	0	1788	0.705916	A=C,B=B,C=A,D=D
8BWL-assembly1.cif	afm_basic_model_1_multimer_v3_pred_65.pdb	0	197	0.705906	A=A,B=B,C=C,D=D
8BWL-assembly1.cif	afm_dropout_full_woTemplates_model_1_multimer_v2_pred_37.pdb	0	2109	0.705905	A=A,B=D,C=C,D=B
8BWL-assembly1.cif	cf_dropout_full_woTemplates_model_2_multimer_v1_pred_17.pdb	0	6241	0.705893	A=A,B=B,C=C,D=D
8BWL-assembly1.cif	afm_woTemplates_model_1_multimer_v2_pred_20.pdb	0	5106	0.70589	A=C,B=D,C=A,D=B
8BWL-assembly1.cif	cf_woTemplates_model_5_multimer_v1_pred_43.pdb	0	7878	0.705885	A=C,B=B,C=A,D=D
8BWL-assembly1.cif	cf_dropout_full_woTemplates_model_5_multimer_v2_pred_27.pdb	0	6922	0.705859	A=C,B=D,C=A,D=B
8BWL-assembly1.cif	afm_dropout_full_model_1_multimer_v3_pred_36.pdb	0	1170	0.705844	A=A,B=B,C=C,D=D
8BWL-assembly1.cif	afm_dropout_full_woTemplates_r3_model_3_multimer_v2_pred_66.pdb	0	3548	0.705841	A=C,B=B,C=A,D=D
8BWL-assembly1.cif	afm_dropout_full_woTemplates_r3_model_1_multimer_v3_pred_22.pdb	0	3165	0.705838	A=A,B=D,C=C,D=B
8BWL-assembly1.cif	afm_dropout_full_woTemplates_model_1_multimer_v2_pred_46.pdb	0	2119	0.705837	A=A,B=D,C=C,D=B
8BWL-assembly1.cif	afm_basic_model_4_multimer_v2_pred_54.pdb	0	721	0.705834	A=C,B=D,C=A,D=B
8BWL-assembly1.cif	afm_woTemplates_model_1_multimer_v2_pred_5.pdb	0	5138	0.705832	A=C,B=D,C=A,D=B
8BWL-assembly1.cif	cf_dropout_full_woTemplates_model_4_multimer_v1_pred_28.pdb	0	6655	0.705831	A=C,B=B,C=A,D=D
8BWL-assembly1.cif	afm_basic_model_4_multimer_v2_pred_22.pdb	0	686	0.705824	A=A,B=B,C=C,D=D
8BWL-assembly1.cif	cf_woTemplates_model_2_multimer_v2_pred_4.pdb	0	7338	0.705818	A=A,B=B,C=C,D=D
8BWL-assembly1.cif	afm_dropout_full_model_2_multimer_v3_pred_35.pdb	0	1370	0.705801	A=A,B=D,C=C,D=B
8BWL-assembly1.cif	cf_dropout_full_woTemplates_model_3_multimer_v2_pred_2.pdb	0	6512	0.705799	A=C,B=D,C=A,D=B
8BWL-assembly1.cif	afm_dropout_full_woTemplates_r3_model_4_multimer_v2_pred_52.pdb	0	3734	0.705791	A=A,B=D,C=C,D=B
8BWL-assembly1.cif	afm_dropout_full_woTemplates_r3_model_3_multimer_v2_pred_44.pdb	0	3524	0.70579	A=C,B=B,C=A,D=D
8BWL-assembly1.cif	cf_woTemplates_model_3_multimer_v1_pred_2.pdb	0	7450	0.705774	A=A,B=D,C=C,D=B
8BWL-assembly1.cif	afm_dropout_full_model_1_multimer_v3_pred_10.pdb	0	1142	0.70577	A=A,B=B,C=C,D=D
8BWL-assembly1.cif	afm_dropout_full_model_3_multimer_v2_pred_29.pdb	0	1497	0.70577	A=C,B=D,C=A,D=B
8BWL-assembly1.cif	cf_dropout_full_woTemplates_model_4_multimer_v2_pred_26.pdb	0	6720	0.705759	A=C,B=B,C=A,D=D
8BWL-assembly1.cif	afm_dropout_full_woTemplates_model_1_multimer_v2_pred_29.pdb	0	2100	0.705751	A=A,B=D,C=C,D=B
8BWL-assembly1.cif	cf_woTemplates_model_4_multimer_v3_pred_53.pdb	0	7822	0.705749	A=A,B=B,C=C,D=D
8BWL-assembly1.cif	afm_dropout_full_woTemplates_r3_model_1_multimer_v2_pred_0.pdb	0	3083	0.705744	A=A,B=D,C=C,D=B
8BWL-assembly1.cif	afm_dropout_noSM_woTemplates_model_1_multimer_v2_pred_29.pdb	0	4110	0.705743	A=A,B=D,C=C,D=B
8BWL-assembly1.cif	cf_dropout_full_woTemplates_model_4_multimer_v1_pred_2.pdb	0	6646	0.705737	A=C,B=B,C=A,D=D
8BWL-assembly1.cif	cf_dropout_full_woTemplates_model_1_multimer_v1_pred_38.pdb	0	6063	0.705735	A=C,B=B,C=A,D=D
8BWL-assembly1.cif	cf_woTemplates_model_5_multimer_v1_pred_26.pdb	0	7859	0.705719	A=C,B=B,C=A,D=D
8BWL-assembly1.cif	cf_dropout_full_woTemplates_model_4_multimer_v2_pred_60.pdb	0	6758	0.705708	A=A,B=B,C=C,D=D
8BWL-assembly1.cif	afm_dropout_full_model_1_multimer_v3_pred_32.pdb	0	1166	0.705699	A=C,B=B,C=A,D=D
8BWL-assembly1.cif	afm_basic_model_4_multimer_v2_pred_37.pdb	0	702	0.705696	A=A,B=B,C=C,D=D
8BWL-assembly1.cif	afm_dropout_full_woTemplates_model_3_multimer_v2_pred_24.pdb	0	2497	0.705695	A=C,B=D,C=A,D=B
8BWL-assembly1.cif	afm_woTemplates_model_4_multimer_v2_pred_64.pdb	0	5757	0.705685	A=C,B=B,C=A,D=D
8BWL-assembly1.cif	afm_dropout_full_woTemplates_r3_model_1_multimer_v2_pred_14.pdb	0	3089	0.705673	A=C,B=B,C=A,D=D
8BWL-assembly1.cif	cf_woTemplates_model_3_multimer_v2_pred_40.pdb	0	7540	0.705672	A=C,B=D,C=A,D=B
8BWL-assembly1.cif	cf_woTemplates_model_5_multimer_v2_pred_29.pdb	0	7929	0.705661	A=C,B=D,C=A,D=B
8BWL-assembly1.cif	cf_woTemplates_model_1_multimer_v2_pred_38.pdb	0	7135	0.70566	A=A,B=B,C=C,D=D
8BWL-assembly1.cif	cf_woTemplates_model_4_multimer_v1_pred_56.pdb	0	7691	0.705656	A=C,B=B,C=A,D=D
8BWL-assembly1.cif	cf_dropout_full_woTemplates_model_3_multimer_v2_pred_6.pdb	0	6556	0.705654	A=C,B=B,C=A,D=D
8BWL-assembly1.cif	cf_woTemplates_model_5_multimer_v1_pred_31.pdb	0	7865	0.705651	A=C,B=B,C=A,D=D
8BWL-assembly1.cif	afm_dropout_full_woTemplates_model_1_multimer_v2_pred_8.pdb	0	2143	0.705629	A=C,B=D,C=A,D=B
8BWL-assembly1.cif	cf_woTemplates_model_3_multimer_v2_pred_64.pdb	0	7566	0.705614	A=C,B=B,C=A,D=D
8BWL-assembly1.cif	cf_woTemplates_model_1_multimer_v2_pred_48.pdb	0	7146	0.705604	A=C,B=D,C=A,D=B
8BWL-assembly1.cif	afm_woTemplates_model_2_multimer_v3_pred_43.pdb	0	5399	0.705599	A=C,B=D,C=A,D=B
8BWL-assembly1.cif	afm_dropout_noSM_woTemplates_model_4_multimer_v2_pred_11.pdb	0	4694	0.705583	A=C,B=B,C=A,D=D
8BWL-assembly1.cif	cf_dropout_full_woTemplates_model_4_multimer_v1_pred_52.pdb	0	6682	0.705568	A=A,B=D,C=C,D=B
8BWL-assembly1.cif	cf_woTemplates_model_1_multimer_v2_pred_35.pdb	0	7132	0.705567	A=A,B=B,C=C,D=D
8BWL-assembly1.cif	cf_woTemplates_model_4_multimer_v1_pred_22.pdb	0	7654	0.705565	A=A,B=D,C=C,D=B
8BWL-assembly1.cif	afm_woTemplates_model_1_multimer_v2_pred_29.pdb	0	5115	0.705552	A=C,B=D,C=A,D=B
8BWL-assembly1.cif	cf_woTemplates_model_4_multimer_v1_pred_59.pdb	0	7694	0.705547	A=A,B=D,C=C,D=B
8BWL-assembly1.cif	afm_dropout_full_woTemplates_r3_model_3_multimer_v2_pred_7.pdb	0	3549	0.705537	A=C,B=D,C=A,D=B
8BWL-assembly1.cif	afm_woTemplates_model_5_multimer_v2_pred_20.pdb	0	5910	0.705513	A=C,B=B,C=A,D=D
8BWL-assembly1.cif	afm_woTemplates_model_1_multimer_v2_pred_13.pdb	0	5098	0.705508	A=A,B=B,C=C,D=D
8BWL-assembly1.cif	cf_woTemplates_model_1_multimer_v1_pred_28.pdb	0	7057	0.705501	A=A,B=D,C=C,D=B
8BWL-assembly1.cif	afm_basic_model_3_multimer_v2_pred_19.pdb	0	481	0.70549	A=C,B=B,C=A,D=D
8BWL-assembly1.cif	afm_dropout_full_model_1_multimer_v1_pred_10.pdb	0	1008	0.705487	A=C,B=B,C=A,D=D
8BWL-assembly1.cif	cf_dropout_full_woTemplates_model_4_multimer_v3_pred_23.pdb	0	6784	0.705486	A=C,B=B,C=A,D=D
8BWL-assembly1.cif	cf_dropout_full_woTemplates_model_5_multimer_v3_pred_15.pdb	0	6976	0.705475	A=C,B=D,C=A,D=B
8BWL-assembly1.cif	cf_dropout_full_woTemplates_model_1_multimer_v2_pred_26.pdb	0	6117	0.705474	A=C,B=B,C=A,D=D
8BWL-assembly1.cif	afm_basic_model_3_multimer_v2_pred_27.pdb	0	490	0.705472	A=C,B=B,C=A,D=D
8BWL-assembly1.cif	afm_basic_model_4_multimer_v2_pred_18.pdb	0	681	0.705471	A=C,B=D,C=A,D=B
8BWL-assembly1.cif	afm_woTemplates_model_5_multimer_v2_pred_66.pdb	0	5960	0.705467	A=C,B=D,C=A,D=B
8BWL-assembly1.cif	cf_dropout_full_woTemplates_model_1_multimer_v2_pred_36.pdb	0	6128	0.705445	A=A,B=B,C=C,D=D
8BWL-assembly1.cif	cf_dropout_full_woTemplates_model_5_multimer_v2_pred_36.pdb	0	6932	0.705435	A=C,B=D,C=A,D=B
8BWL-assembly1.cif	afm_basic_model_1_multimer_v3_pred_8.pdb	0	200	0.705433	A=C,B=D,C=A,D=B
8BWL-assembly1.cif	afm_dropout_full_model_3_multimer_v3_pred_6.pdb	0	1598	0.705431	A=A,B=B,C=C,D=D
8BWL-assembly1.cif	afm_basic_model_3_multimer_v2_pred_25.pdb	0	488	0.705423	A=C,B=B,C=A,D=D
8BWL-assembly1.cif	afm_dropout_full_model_3_multimer_v2_pred_21.pdb	0	1489	0.705419	A=A,B=D,C=C,D=B
8BWL-assembly1.cif	afm_dropout_full_woTemplates_r3_model_3_multimer_v3_pred_19.pdb	0	3563	0.705418	A=A,B=B,C=C,D=D
8BWL-assembly1.cif	cf_dropout_full_woTemplates_model_4_multimer_v2_pred_11.pdb	0	6704	0.705399	A=C,B=B,C=A,D=D
8BWL-assembly1.cif	afm_dropout_full_woTemplates_model_5_multimer_v1_pred_56.pdb	0	2867	0.705383	A=C,B=B,C=A,D=D
8BWL-assembly1.cif	afm_dropout_noSM_woTemplates_model_1_multimer_v2_pred_50.pdb	0	4134	0.705364	A=C,B=D,C=A,D=B
8BWL-assembly1.cif	afm_basic_model_1_multimer_v3_pred_15.pdb	0	142	0.70535	A=C,B=D,C=A,D=B
8BWL-assembly1.cif	afm_dropout_noSM_woTemplates_model_2_multimer_v1_pred_26.pdb	0	4241	0.705345	A=A,B=B,C=C,D=D
8BWL-assembly1.cif	cf_woTemplates_model_2_multimer_v1_pred_47.pdb	0	7279	0.705321	A=C,B=B,C=A,D=D
8BWL-assembly1.cif	afm_dropout_full_model_4_multimer_v2_pred_32.pdb	0	1702	0.70532	A=A,B=D,C=C,D=B
8BWL-assembly1.cif	afm_dropout_noSM_woTemplates_model_1_multimer_v2_pred_65.pdb	0	4150	0.705313	A=A,B=B,C=C,D=D
8BWL-assembly1.cif	cf_woTemplates_model_1_multimer_v2_pred_45.pdb	0	7143	0.705311	A=A,B=B,C=C,D=D
8BWL-assembly1.cif	afm_basic_model_4_multimer_v2_pred_64.pdb	0	732	0.705305	A=C,B=D,C=A,D=B
8BWL-assembly1.cif	afm_basic_model_4_multimer_v3_pred_46.pdb	0	779	0.705301	A=C,B=D,C=A,D=B
8BWL-assembly1.cif	cf_dropout_full_woTemplates_model_5_multimer_v2_pred_17.pdb	0	6911	0.705298	A=A,B=D,C=C,D=B
8BWL-assembly1.cif	cf_dropout_full_woTemplates_model_2_multimer_v1_pred_34.pdb	0	6260	0.705294	A=A,B=D,C=C,D=B
8BWL-assembly1.cif	afm_dropout_noSM_woTemplates_model_4_multimer_v2_pred_1.pdb	0	4692	0.705293	A=C,B=D,C=A,D=B
8BWL-assembly1.cif	afm_woTemplates_model_1_multimer_v2_pred_49.pdb	0	5137	0.705288	A=C,B=D,C=A,D=B
8BWL-assembly1.cif	afm_basic_model_4_multimer_v2_pred_31.pdb	0	696	0.705284	A=A,B=B,C=C,D=D
8BWL-assembly1.cif	afm_woTemplates_model_1_multimer_v2_pred_48.pdb	0	5136	0.705279	A=C,B=B,C=A,D=D
8BWL-assembly1.cif	afm_woTemplates_model_4_multimer_v2_pred_47.pdb	0	5738	0.705271	A=A,B=B,C=C,D=D
8BWL-assembly1.cif	afm_dropout_full_woTemplates_r3_model_4_multimer_v2_pred_20.pdb	0	3699	0.705267	A=C,B=B,C=A,D=D
8BWL-assembly1.cif	afm_dropout_full_woTemplates_r3_model_2_multimer_v2_pred_12.pdb	0	3288	0.705258	A=A,B=D,C=C,D=B
8BWL-assembly1.cif	cf_dropout_full_woTemplates_model_2_multimer_v1_pred_55.pdb	0	6283	0.70524	A=C,B=B,C=A,D=D
8BWL-assembly1.cif	afm_basic_model_4_multimer_v2_pred_4.pdb	0	705	0.70524	A=C,B=B,C=A,D=D
8BWL-assembly1.cif	cf_dropout_full_woTemplates_model_2_multimer_v1_pred_14.pdb	0	6238	0.705234	A=A,B=D,C=C,D=B
8BWL-assembly1.cif	cf_woTemplates_model_2_multimer_v1_pred_43.pdb	0	7275	0.705225	A=C,B=D,C=A,D=B
8BWL-assembly1.cif	afm_dropout_full_model_1_multimer_v3_pred_42.pdb	0	1177	0.705218	A=C,B=B,C=A,D=D
8BWL-assembly1.cif	afm_basic_model_4_multimer_v2_pred_39.pdb	0	704	0.705215	A=A,B=D,C=C,D=B
8BWL-assembly1.cif	afm_woTemplates_model_4_multimer_v2_pred_36.pdb	0	5726	0.705212	A=A,B=B,C=C,D=D
8BWL-assembly1.cif	cf_woTemplates_model_4_multimer_v1_pred_13.pdb	0	7644	0.705193	A=C,B=B,C=A,D=D
8BWL-assembly1.cif	cf_dropout_full_woTemplates_model_3_multimer_v3_pred_22.pdb	0	6582	0.705175	A=A,B=B,C=C,D=D
8BWL-assembly1.cif	afm_dropout_full_model_3_multimer_v2_pred_39.pdb	0	1508	0.705156	A=A,B=D,C=C,D=B
8BWL-assembly1.cif	cf_dropout_full_woTemplates_model_1_multimer_v2_pred_58.pdb	0	6152	0.705148	A=A,B=D,C=C,D=B
8BWL-assembly1.cif	afm_woTemplates_model_4_multimer_v2_pred_20.pdb	0	5709	0.705146	A=A,B=D,C=C,D=B
8BWL-assembly1.cif	cf_dropout_full_woTemplates_model_4_multimer_v3_pred_1.pdb	0	6769	0.705137	A=C,B=B,C=A,D=D
8BWL-assembly1.cif	cf_dropout_full_woTemplates_model_4_multimer_v2_pred_10.pdb	0	6703	0.705136	A=A,B=B,C=C,D=D
8BWL-assembly1.cif	cf_woTemplates_model_1_multimer_v2_pred_58.pdb	0	7157	0.705135	A=A,B=B,C=C,D=D
8BWL-assembly1.cif	afm_dropout_full_woTemplates_r3_model_2_multimer_v2_pred_61.pdb	0	3342	0.705115	A=A,B=D,C=C,D=B
8BWL-assembly1.cif	afm_dropout_full_woTemplates_r3_model_2_multimer_v2_pred_49.pdb	0	3328	0.705112	A=C,B=D,C=A,D=B
8BWL-assembly1.cif	cf_dropout_full_woTemplates_model_4_multimer_v3_pred_31.pdb	0	6793	0.70508	A=C,B=D,C=A,D=B
8BWL-assembly1.cif	afm_dropout_full_woTemplates_r3_model_1_multimer_v2_pred_44.pdb	0	3122	0.705063	A=C,B=B,C=A,D=D
8BWL-assembly1.cif	afm_dropout_noSM_woTemplates_model_1_multimer_v3_pred_41.pdb	0	4191	0.705056	A=C,B=D,C=A,D=B
8BWL-assembly1.cif	afm_woTemplates_model_5_multimer_v2_pred_55.pdb	0	5948	0.70505	A=C,B=D,C=A,D=B
8BWL-assembly1.cif	afm_woTemplates_model_1_multimer_v2_pred_64.pdb	0	5154	0.705042	A=C,B=D,C=A,D=B
8BWL-assembly1.cif	afm_dropout_full_woTemplates_model_2_multimer_v3_pred_36.pdb	0	2376	0.705039	A=C,B=B,C=A,D=D
8BWL-assembly1.cif	afm_woTemplates_model_1_multimer_v2_pred_57.pdb	0	5146	0.705036	A=A,B=B,C=C,D=D
8BWL-assembly1.cif	cf_dropout_full_woTemplates_model_1_multimer_v1_pred_55.pdb	0	6082	0.705028	A=C,B=B,C=A,D=D
8BWL-assembly1.cif	cf_woTemplates_model_4_multimer_v1_pred_51.pdb	0	7686	0.705025	A=C,B=D,C=A,D=B
8BWL-assembly1.cif	afm_dropout_full_woTemplates_r3_model_3_multimer_v2_pred_29.pdb	0	3507	0.705025	A=A,B=B,C=C,D=D
8BWL-assembly1.cif	cf_woTemplates_model_1_multimer_v2_pred_66.pdb	0	7166	0.705011	A=C,B=D,C=A,D=B
8BWL-assembly1.cif	afm_dropout_full_woTemplates_model_2_multimer_v1_pred_15.pdb	0	2219	0.704993	A=C,B=B,C=A,D=D
8BWL-assembly1.cif	cf_dropout_full_woTemplates_model_3_multimer_v2_pred_35.pdb	0	6529	0.704968	A=A,B=B,C=C,D=D
8BWL-assembly1.cif	afm_dropout_full_woTemplates_model_1_multimer_v3_pred_17.pdb	0	2154	0.704963	A=A,B=B,C=C,D=D
8BWL-assembly1.cif	afm_dropout_noSM_woTemplates_model_4_multimer_v2_pred_48.pdb	0	4734	0.704936	A=A,B=B,C=C,D=D
8BWL-assembly1.cif	cf_dropout_full_woTemplates_model_1_multimer_v2_pred_4.pdb	0	6132	0.70493	A=C,B=D,C=A,D=B
8BWL-assembly1.cif	afm_dropout_noSM_woTemplates_model_4_multimer_v2_pred_42.pdb	0	4728	0.704923	A=C,B=B,C=A,D=D
8BWL-assembly1.cif	cf_dropout_full_woTemplates_model_5_multimer_v2_pred_48.pdb	0	6945	0.704912	A=C,B=B,C=A,D=D
8BWL-assembly1.cif	afm_woTemplates_model_1_multimer_v2_pred_21.pdb	0	5107	0.704902	A=C,B=B,C=A,D=D
8BWL-assembly1.cif	cf_woTemplates_model_5_multimer_v1_pred_13.pdb	0	7845	0.704892	A=A,B=D,C=C,D=B
8BWL-assembly1.cif	cf_woTemplates_model_4_multimer_v1_pred_18.pdb	0	7649	0.704886	A=C,B=B,C=A,D=D
8BWL-assembly1.cif	afm_dropout_full_woTemplates_r3_model_2_multimer_v2_pred_62.pdb	0	3343	0.704861	A=C,B=D,C=A,D=B
8BWL-assembly1.cif	cf_dropout_full_woTemplates_model_4_multimer_v3_pred_17.pdb	0	6777	0.704855	A=A,B=B,C=C,D=D
8BWL-assembly1.cif	afm_basic_model_4_multimer_v2_pred_52.pdb	0	719	0.704851	A=A,B=B,C=C,D=D
8BWL-assembly1.cif	cf_dropout_full_woTemplates_model_1_multimer_v2_pred_64.pdb	0	6159	0.704846	A=C,B=D,C=A,D=B
8BWL-assembly1.cif	afm_dropout_full_model_1_multimer_v3_pred_6.pdb	0	1196	0.704831	A=A,B=B,C=C,D=D
8BWL-assembly1.cif	cf_dropout_full_woTemplates_model_5_multimer_v1_pred_12.pdb	0	6839	0.70483	A=C,B=B,C=A,D=D
8BWL-assembly1.cif	cf_dropout_full_woTemplates_model_4_multimer_v2_pred_6.pdb	0	6757	0.704822	A=A,B=B,C=C,D=D
8BWL-assembly1.cif	afm_woTemplates_model_4_multimer_v2_pred_51.pdb	0	5743	0.704813	A=C,B=B,C=A,D=D
8BWL-assembly1.cif	cf_woTemplates_model_3_multimer_v2_pred_14.pdb	0	7511	0.704791	A=A,B=B,C=C,D=D
8BWL-assembly1.cif	afm_dropout_noSM_woTemplates_model_1_multimer_v2_pred_57.pdb	0	4141	0.704789	A=A,B=B,C=C,D=D
8BWL-assembly1.cif	cf_woTemplates_model_2_multimer_v2_pred_55.pdb	0	7355	0.704788	A=C,B=D,C=A,D=B
8BWL-assembly1.cif	cf_dropout_full_woTemplates_model_5_multimer_v1_pred_11.pdb	0	6838	0.704781	A=C,B=B,C=A,D=D
8BWL-assembly1.cif	cf_woTemplates_model_2_multimer_v1_pred_64.pdb	0	7298	0.704762	A=C,B=B,C=A,D=D
8BWL-assembly1.cif	cf_dropout_full_woTemplates_model_4_multimer_v2_pred_34.pdb	0	6729	0.704761	A=A,B=B,C=C,D=D
8BWL-assembly1.cif	afm_dropout_full_woTemplates_r3_model_1_multimer_v2_pred_31.pdb	0	3108	0.704732	A=C,B=B,C=A,D=D
8BWL-assembly1.cif	afm_woTemplates_model_4_multimer_v2_pred_4.pdb	0	5730	0.704723	A=A,B=B,C=C,D=D
8BWL-assembly1.cif	cf_dropout_full_woTemplates_model_3_multimer_v2_pred_1.pdb	0	6501	0.704713	A=C,B=B,C=A,D=D
8BWL-assembly1.cif	cf_dropout_full_woTemplates_model_4_multimer_v1_pred_40.pdb	0	6669	0.704704	A=A,B=D,C=C,D=B
8BWL-assembly1.cif	afm_woTemplates_model_4_multimer_v2_pred_6.pdb	0	5752	0.704702	A=C,B=B,C=A,D=D
8BWL-assembly1.cif	cf_dropout_full_woTemplates_model_2_multimer_v1_pred_8.pdb	0	6297	0.704693	A=C,B=D,C=A,D=B
8BWL-assembly1.cif	afm_dropout_full_woTemplates_model_1_multimer_v2_pred_39.pdb	0	2111	0.704691	A=C,B=D,C=A,D=B
8BWL-assembly1.cif	afm_dropout_full_woTemplates_model_5_multimer_v2_pred_6.pdb	0	2938	0.704687	A=A,B=D,C=C,D=B
8BWL-assembly1.cif	afm_dropout_noSM_woTemplates_model_5_multimer_v2_pred_4.pdb	0	4926	0.704683	A=A,B=D,C=C,D=B
8BWL-assembly1.cif	cf_woTemplates_model_4_multimer_v1_pred_0.pdb	0	7639	0.704681	A=C,B=B,C=A,D=D
8BWL-assembly1.cif	afm_dropout_full_woTemplates_model_4_multimer_v2_pred_15.pdb	0	2688	0.704676	A=C,B=D,C=A,D=B
8BWL-assembly1.cif	afm_dropout_full_woTemplates_model_1_multimer_v2_pred_15.pdb	0	2085	0.704671	A=A,B=D,C=C,D=B
8BWL-assembly1.cif	afm_woTemplates_model_1_multimer_v2_pred_28.pdb	0	5114	0.704666	A=A,B=B,C=C,D=D
8BWL-assembly1.cif	afm_basic_model_2_multimer_v3_pred_23.pdb	0	352	0.704658	A=C,B=D,C=A,D=B
8BWL-assembly1.cif	afm_dropout_noSM_woTemplates_model_1_multimer_v2_pred_16.pdb	0	4096	0.704656	A=C,B=D,C=A,D=B
8BWL-assembly1.cif	cf_woTemplates_model_4_multimer_v3_pred_49.pdb	0	7817	0.704641	A=C,B=B,C=A,D=D
8BWL-assembly1.cif	afm_dropout_full_woTemplates_model_2_multimer_v3_pred_14.pdb	0	2352	0.704623	A=A,B=D,C=C,D=B
8BWL-assembly1.cif	afm_basic_model_4_multimer_v2_pred_42.pdb	0	708	0.704621	A=C,B=D,C=A,D=B
8BWL-assembly1.cif	cf_woTemplates_model_4_multimer_v3_pred_12.pdb	0	7777	0.70462	A=C,B=D,C=A,D=B
8BWL-assembly1.cif	cf_dropout_full_woTemplates_model_3_multimer_v2_pred_13.pdb	0	6505	0.704616	A=A,B=D,C=C,D=B
8BWL-assembly1.cif	cf_dropout_full_woTemplates_model_1_multimer_v2_pred_30.pdb	0	6122	0.704613	A=C,B=D,C=A,D=B
8BWL-assembly1.cif	afm_dropout_noSM_woTemplates_model_1_multimer_v2_pred_35.pdb	0	4117	0.704611	A=A,B=B,C=C,D=D
8BWL-assembly1.cif	afm_dropout_full_model_3_multimer_v2_pred_66.pdb	0	1538	0.70458	A=A,B=D,C=C,D=B
8BWL-assembly1.cif	afm_dropout_noSM_woTemplates_model_1_multimer_v2_pred_48.pdb	0	4131	0.704569	A=C,B=B,C=A,D=D
8BWL-assembly1.cif	afm_woTemplates_model_4_multimer_v2_pred_43.pdb	0	5734	0.704569	A=A,B=D,C=C,D=B
8BWL-assembly1.cif	afm_woTemplates_model_1_multimer_v2_pred_11.pdb	0	5096	0.704561	A=A,B=D,C=C,D=B
8BWL-assembly1.cif	afm_dropout_full_model_4_multimer_v2_pred_13.pdb	0	1681	0.704546	A=A,B=B,C=C,D=D
8BWL-assembly1.cif	cf_woTemplates_model_5_multimer_v2_pred_31.pdb	0	7932	0.704517	A=C,B=B,C=A,D=D
8BWL-assembly1.cif	afm_dropout_full_woTemplates_r3_model_3_multimer_v2_pred_31.pdb	0	3510	0.704516	A=C,B=D,C=A,D=B
8BWL-assembly1.cif	afm_basic_model_4_multimer_v2_pred_55.pdb	0	722	0.7045	A=C,B=D,C=A,D=B
8BWL-assembly1.cif	afm_basic_model_1_multimer_v3_pred_49.pdb	0	179	0.70449	A=A,B=B,C=C,D=D
8BWL-assembly1.cif	afm_woTemplates_model_1_multimer_v2_pred_26.pdb	0	5112	0.704443	A=A,B=B,C=C,D=D
8BWL-assembly1.cif	afm_woTemplates_model_4_multimer_v2_pred_19.pdb	0	5707	0.704435	A=A,B=D,C=C,D=B
8BWL-assembly1.cif	afm_woTemplates_model_3_multimer_v1_pred_52.pdb	0	5476	0.704429	A=A,B=D,C=C,D=B
8BWL-assembly1.cif	cf_woTemplates_model_4_multimer_v3_pred_59.pdb	0	7828	0.704399	A=A,B=B,C=C,D=D
8BWL-assembly1.cif	cf_woTemplates_model_4_multimer_v2_pred_52.pdb	0	7754	0.704391	A=C,B=B,C=A,D=D
8BWL-assembly1.cif	afm_dropout_noSM_woTemplates_model_1_multimer_v2_pred_60.pdb	0	4145	0.70439	A=A,B=B,C=C,D=D
8BWL-assembly1.cif	afm_woTemplates_model_5_multimer_v2_pred_50.pdb	0	5943	0.704387	A=C,B=D,C=A,D=B
8BWL-assembly1.cif	afm_dropout_full_woTemplates_r3_model_4_multimer_v2_pred_26.pdb	0	3705	0.704377	A=A,B=D,C=C,D=B
8BWL-assembly1.cif	afm_woTemplates_model_1_multimer_v2_pred_39.pdb	0	5126	0.704371	A=A,B=B,C=C,D=D
8BWL-assembly1.cif	afm_dropout_noSM_woTemplates_model_5_multimer_v2_pred_2.pdb	0	4904	0.704366	A=C,B=B,C=A,D=D
8BWL-assembly1.cif	cf_dropout_full_woTemplates_model_5_multimer_v1_pred_1.pdb	0	6836	0.704349	A=A,B=D,C=C,D=B
8BWL-assembly1.cif	afm_dropout_full_model_5_multimer_v3_pred_22.pdb	0	1959	0.704328	A=A,B=D,C=C,D=B
8BWL-assembly1.cif	afm_woTemplates_model_4_multimer_v2_pred_49.pdb	0	5740	0.704318	A=A,B=B,C=C,D=D
8BWL-assembly1.cif	afm_dropout_full_woTemplates_model_4_multimer_v2_pred_30.pdb	0	2705	0.704303	A=C,B=B,C=A,D=D
8BWL-assembly1.cif	afm_basic_model_3_multimer_v2_pred_48.pdb	0	513	0.704287	A=C,B=D,C=A,D=B
8BWL-assembly1.cif	afm_woTemplates_model_4_multimer_v2_pred_32.pdb	0	5722	0.704281	A=A,B=D,C=C,D=B
8BWL-assembly1.cif	afm_woTemplates_model_1_multimer_v2_pred_14.pdb	0	5099	0.704277	A=C,B=B,C=A,D=D
8BWL-assembly1.cif	afm_dropout_full_model_2_multimer_v3_pred_31.pdb	0	1366	0.704271	A=C,B=D,C=A,D=B
8BWL-assembly1.cif	afm_dropout_full_woTemplates_model_5_multimer_v2_pred_26.pdb	0	2901	0.704254	A=A,B=B,C=C,D=D
8BWL-assembly1.cif	afm_basic_model_4_multimer_v2_pred_3.pdb	0	694	0.70425	A=C,B=B,C=A,D=D
8BWL-assembly1.cif	afm_dropout_full_model_1_multimer_v3_pred_26.pdb	0	1159	0.704245	A=A,B=B,C=C,D=D
8BWL-assembly1.cif	cf_woTemplates_model_2_multimer_v2_pred_22.pdb	0	7319	0.704237	A=A,B=D,C=C,D=B
8BWL-assembly1.cif	cf_woTemplates_model_4_multimer_v3_pred_63.pdb	0	7833	0.704236	A=A,B=B,C=C,D=D
8BWL-assembly1.cif	cf_dropout_full_woTemplates_model_4_multimer_v3_pred_25.pdb	0	6786	0.704222	A=A,B=D,C=C,D=B
8BWL-assembly1.cif	afm_dropout_noSM_woTemplates_model_2_multimer_v3_pred_55.pdb	0	4407	0.704222	A=A,B=B,C=C,D=D
8BWL-assembly1.cif	afm_dropout_full_model_3_multimer_v2_pred_2.pdb	0	1487	0.704214	A=A,B=B,C=C,D=D
8BWL-assembly1.cif	cf_dropout_full_woTemplates_model_3_multimer_v2_pred_49.pdb	0	6544	0.704195	A=A,B=D,C=C,D=B
8BWL-assembly1.cif	afm_dropout_full_woTemplates_r3_model_4_multimer_v2_pred_53.pdb	0	3735	0.704167	A=C,B=B,C=A,D=D
8BWL-assembly1.cif	cf_woTemplates_model_2_multimer_v1_pred_59.pdb	0	7292	0.704148	A=C,B=B,C=A,D=D
8BWL-assembly1.cif	cf_dropout_full_woTemplates_model_4_multimer_v1_pred_62.pdb	0	6693	0.704131	A=C,B=D,C=A,D=B
8BWL-assembly1.cif	afm_basic_model_3_multimer_v2_pred_22.pdb	0	485	0.704119	A=A,B=B,C=C,D=D
8BWL-assembly1.cif	cf_woTemplates_model_4_multimer_v3_pred_20.pdb	0	7786	0.704117	A=C,B=D,C=A,D=B
8BWL-assembly1.cif	afm_dropout_full_woTemplates_r3_model_1_multimer_v3_pred_60.pdb	0	3207	0.704104	A=C,B=D,C=A,D=B
8BWL-assembly1.cif	afm_woTemplates_model_5_multimer_v2_pred_45.pdb	0	5937	0.704101	A=A,B=B,C=C,D=D
8BWL-assembly1.cif	cf_woTemplates_model_1_multimer_v2_pred_31.pdb	0	7128	0.704095	A=A,B=B,C=C,D=D
8BWL-assembly1.cif	afm_dropout_full_woTemplates_model_2_multimer_v3_pred_57.pdb	0	2399	0.70408	A=A,B=B,C=C,D=D
8BWL-assembly1.cif	cf_woTemplates_model_3_multimer_v2_pred_10.pdb	0	7507	0.704076	A=C,B=B,C=A,D=D
8BWL-assembly1.cif	cf_dropout_full_woTemplates_model_3_multimer_v2_pred_39.pdb	0	6533	0.704065	A=A,B=B,C=C,D=D
8BWL-assembly1.cif	afm_dropout_full_model_2_multimer_v3_pred_49.pdb	0	1385	0.704059	A=C,B=B,C=A,D=D
8BWL-assembly1.cif	afm_dropout_noSM_woTemplates_model_5_multimer_v2_pred_26.pdb	0	4911	0.704056	A=C,B=B,C=A,D=D
8BWL-assembly1.cif	cf_woTemplates_model_2_multimer_v1_pred_22.pdb	0	7252	0.704052	A=C,B=B,C=A,D=D
8BWL-assembly1.cif	cf_dropout_full_woTemplates_model_1_multimer_v2_pred_16.pdb	0	6106	0.704049	A=A,B=B,C=C,D=D
8BWL-assembly1.cif	cf_dropout_full_woTemplates_model_4_multimer_v2_pred_54.pdb	0	6751	0.704042	A=A,B=B,C=C,D=D
8BWL-assembly1.cif	cf_dropout_full_woTemplates_model_1_multimer_v2_pred_61.pdb	0	6156	0.704039	A=A,B=B,C=C,D=D
8BWL-assembly1.cif	afm_dropout_full_woTemplates_r3_model_3_multimer_v2_pred_52.pdb	0	3533	0.704035	A=A,B=B,C=C,D=D
8BWL-assembly1.cif	afm_dropout_full_woTemplates_r3_model_1_multimer_v2_pred_39.pdb	0	3116	0.704028	A=C,B=B,C=A,D=D
8BWL-assembly1.cif	cf_woTemplates_model_3_multimer_v2_pred_51.pdb	0	7552	0.704005	A=A,B=B,C=C,D=D
8BWL-assembly1.cif	afm_dropout_full_woTemplates_r3_model_3_multimer_v2_pred_23.pdb	0	3501	0.703999	A=C,B=B,C=A,D=D
8BWL-assembly1.cif	afm_woTemplates_model_1_multimer_v3_pred_49.pdb	0	5204	0.703999	A=C,B=D,C=A,D=B
8BWL-assembly1.cif	cf_dropout_full_woTemplates_model_1_multimer_v3_pred_16.pdb	0	6173	0.703991	A=C,B=D,C=A,D=B
8BWL-assembly1.cif	afm_dropout_noSM_woTemplates_model_5_multimer_v2_pred_13.pdb	0	4897	0.703989	A=A,B=B,C=C,D=D
8BWL-assembly1.cif	cf_dropout_full_woTemplates_model_3_multimer_v2_pred_61.pdb	0	6558	0.703987	A=A,B=B,C=C,D=D
8BWL-assembly1.cif	cf_dropout_full_woTemplates_model_4_multimer_v3_pred_57.pdb	0	6821	0.703986	A=A,B=D,C=C,D=B
8BWL-assembly1.cif	afm_dropout_full_woTemplates_r3_model_3_multimer_v2_pred_60.pdb	0	3542	0.703951	A=C,B=B,C=A,D=D
8BWL-assembly1.cif	afm_basic_model_3_multimer_v2_pred_64.pdb	0	531	0.70393	A=C,B=B,C=A,D=D
8BWL-assembly1.cif	cf_woTemplates_model_5_multimer_v1_pred_33.pdb	0	7867	0.703907	A=C,B=B,C=A,D=D
8BWL-assembly1.cif	cf_woTemplates_model_3_multimer_v2_pred_11.pdb	0	7508	0.703906	A=C,B=D,C=A,D=B
8BWL-assembly1.cif	afm_woTemplates_model_3_multimer_v1_pred_22.pdb	0	5443	0.703905	A=C,B=B,C=A,D=D
8BWL-assembly1.cif	afm_basic_model_4_multimer_v2_pred_38.pdb	0	703	0.703903	A=C,B=D,C=A,D=B
8BWL-assembly1.cif	cf_woTemplates_model_4_multimer_v3_pred_61.pdb	0	7831	0.703894	A=A,B=D,C=C,D=B
8BWL-assembly1.cif	afm_woTemplates_model_4_multimer_v2_pred_38.pdb	0	5728	0.703875	A=A,B=B,C=C,D=D
8BWL-assembly1.cif	cf_dropout_full_woTemplates_model_3_multimer_v2_pred_0.pdb	0	6500	0.70387	A=C,B=B,C=A,D=D
8BWL-assembly1.cif	afm_dropout_full_woTemplates_r3_model_5_multimer_v2_pred_51.pdb	0	3934	0.703865	A=C,B=D,C=A,D=B
8BWL-assembly1.cif	cf_dropout_full_woTemplates_model_5_multimer_v2_pred_58.pdb	0	6956	0.70385	A=A,B=D,C=C,D=B
8BWL-assembly1.cif	afm_basic_model_1_multimer_v3_pred_29.pdb	0	157	0.703844	A=C,B=D,C=A,D=B
8BWL-assembly1.cif	cf_dropout_full_woTemplates_model_5_multimer_v1_pred_53.pdb	0	6884	0.703829	A=A,B=D,C=C,D=B
8BWL-assembly1.cif	cf_woTemplates_model_1_multimer_v2_pred_5.pdb	0	7148	0.703825	A=C,B=B,C=A,D=D
8BWL-assembly1.cif	afm_dropout_full_woTemplates_model_2_multimer_v2_pred_21.pdb	0	2293	0.703823	A=A,B=D,C=C,D=B
8BWL-assembly1.cif	cf_woTemplates_model_4_multimer_v3_pred_10.pdb	0	7775	0.703822	A=A,B=D,C=C,D=B
8BWL-assembly1.cif	cf_dropout_full_woTemplates_model_5_multimer_v3_pred_21.pdb	0	6983	0.703817	A=A,B=B,C=C,D=D
8BWL-assembly1.cif	cf_dropout_full_woTemplates_model_5_multimer_v3_pred_0.pdb	0	6969	0.703806	A=C,B=B,C=A,D=D
8BWL-assembly1.cif	afm_dropout_noSM_woTemplates_model_1_multimer_v2_pred_32.pdb	0	4114	0.703758	A=C,B=D,C=A,D=B
8BWL-assembly1.cif	cf_woTemplates_model_1_multimer_v3_pred_4.pdb	0	7204	0.703746	A=A,B=D,C=C,D=B
8BWL-assembly1.cif	afm_dropout_full_woTemplates_r3_model_1_multimer_v2_pred_59.pdb	0	3138	0.703716	A=A,B=D,C=C,D=B
8BWL-assembly1.cif	cf_dropout_full_woTemplates_model_2_multimer_v1_pred_27.pdb	0	6252	0.70371	A=C,B=B,C=A,D=D
8BWL-assembly1.cif	cf_woTemplates_model_4_multimer_v3_pred_55.pdb	0	7824	0.703708	A=A,B=D,C=C,D=B
8BWL-assembly1.cif	afm_dropout_full_model_2_multimer_v3_pred_16.pdb	0	1349	0.703698	A=C,B=B,C=A,D=D
8BWL-assembly1.cif	afm_woTemplates_model_1_multimer_v2_pred_61.pdb	0	5151	0.703681	A=C,B=D,C=A,D=B
8BWL-assembly1.cif	afm_dropout_full_woTemplates_r3_model_1_multimer_v3_pred_8.pdb	0	3215	0.70368	A=A,B=B,C=C,D=D
8BWL-assembly1.cif	afm_woTemplates_model_1_multimer_v2_pred_41.pdb	0	5129	0.703679	A=A,B=B,C=C,D=D
8BWL-assembly1.cif	cf_woTemplates_model_5_multimer_v1_pred_58.pdb	0	7894	0.703664	A=A,B=D,C=C,D=B
8BWL-assembly1.cif	cf_woTemplates_model_3_multimer_v2_pred_26.pdb	0	7524	0.703664	A=A,B=D,C=C,D=B
8BWL-assembly1.cif	afm_basic_model_1_multimer_v3_pred_62.pdb	0	194	0.703663	A=A,B=B,C=C,D=D
8BWL-assembly1.cif	afm_dropout_full_woTemplates_model_5_multimer_v2_pred_33.pdb	0	2909	0.703655	A=C,B=D,C=A,D=B
8BWL-assembly1.cif	cf_woTemplates_model_5_multimer_v1_pred_20.pdb	0	7853	0.703648	A=C,B=B,C=A,D=D
8BWL-assembly1.cif	afm_dropout_full_woTemplates_r3_model_4_multimer_v3_pred_51.pdb	0	3800	0.703646	A=A,B=B,C=C,D=D
8BWL-assembly1.cif	afm_dropout_noSM_woTemplates_model_4_multimer_v2_pred_37.pdb	0	4722	0.703642	A=C,B=B,C=A,D=D
8BWL-assembly1.cif	cf_dropout_full_woTemplates_model_4_multimer_v2_pred_65.pdb	0	6763	0.703632	A=A,B=B,C=C,D=D
8BWL-assembly1.cif	cf_dropout_full_woTemplates_model_3_multimer_v2_pred_29.pdb	0	6522	0.703629	A=A,B=B,C=C,D=D
8BWL-assembly1.cif	cf_woTemplates_model_4_multimer_v3_pred_51.pdb	0	7820	0.703615	A=A,B=B,C=C,D=D
8BWL-assembly1.cif	cf_dropout_full_woTemplates_model_1_multimer_v3_pred_8.pdb	0	6230	0.703607	A=C,B=B,C=A,D=D
8BWL-assembly1.cif	cf_dropout_full_woTemplates_model_4_multimer_v3_pred_49.pdb	0	6812	0.703601	A=C,B=D,C=A,D=B
8BWL-assembly1.cif	cf_woTemplates_model_4_multimer_v1_pred_31.pdb	0	7664	0.7036	A=A,B=D,C=C,D=B
8BWL-assembly1.cif	afm_woTemplates_model_5_multimer_v2_pred_64.pdb	0	5958	0.703586	A=A,B=B,C=C,D=D
8BWL-assembly1.cif	cf_dropout_full_woTemplates_model_5_multimer_v1_pred_58.pdb	0	6889	0.703568	A=C,B=B,C=A,D=D
8BWL-assembly1.cif	afm_dropout_full_woTemplates_model_1_multimer_v2_pred_28.pdb	0	2099	0.703567	A=A,B=D,C=C,D=B
8BWL-assembly1.cif	afm_dropout_full_model_1_multimer_v3_pred_38.pdb	0	1172	0.703555	A=A,B=D,C=C,D=B
8BWL-assembly1.cif	afm_basic_model_1_multimer_v3_pred_18.pdb	0	145	0.703548	A=C,B=D,C=A,D=B
8BWL-assembly1.cif	cf_dropout_full_woTemplates_model_2_multimer_v1_pred_32.pdb	0	6258	0.703546	A=C,B=B,C=A,D=D
8BWL-assembly1.cif	afm_dropout_full_woTemplates_model_1_multimer_v3_pred_37.pdb	0	2176	0.703517	A=A,B=B,C=C,D=D
8BWL-assembly1.cif	afm_dropout_full_woTemplates_r3_model_4_multimer_v3_pred_33.pdb	0	3780	0.703513	A=A,B=D,C=C,D=B
8BWL-assembly1.cif	afm_dropout_full_woTemplates_model_1_multimer_v2_pred_18.pdb	0	2088	0.703505	A=A,B=B,C=C,D=D
8BWL-assembly1.cif	cf_woTemplates_model_2_multimer_v1_pred_52.pdb	0	7285	0.703484	A=A,B=D,C=C,D=B
8BWL-assembly1.cif	cf_woTemplates_model_3_multimer_v2_pred_20.pdb	0	7518	0.703473	A=C,B=D,C=A,D=B
8BWL-assembly1.cif	afm_basic_model_1_multimer_v3_pred_34.pdb	0	163	0.703466	A=A,B=B,C=C,D=D
8BWL-assembly1.cif	cf_woTemplates_model_4_multimer_v1_pred_9.pdb	0	7705	0.703449	A=A,B=D,C=C,D=B
8BWL-assembly1.cif	cf_woTemplates_model_4_multimer_v1_pred_14.pdb	0	7645	0.703444	A=A,B=D,C=C,D=B
8BWL-assembly1.cif	cf_woTemplates_model_1_multimer_v2_pred_10.pdb	0	7105	0.703443	A=C,B=B,C=A,D=D
8BWL-assembly1.cif	cf_woTemplates_model_1_multimer_v2_pred_37.pdb	0	7134	0.703435	A=C,B=D,C=A,D=B
8BWL-assembly1.cif	afm_dropout_noSM_woTemplates_model_2_multimer_v3_pred_47.pdb	0	4398	0.703421	A=A,B=B,C=C,D=D
8BWL-assembly1.cif	afm_dropout_full_woTemplates_model_1_multimer_v2_pred_57.pdb	0	2131	0.703409	A=A,B=D,C=C,D=B
8BWL-assembly1.cif	cf_dropout_full_woTemplates_model_4_multimer_v1_pred_22.pdb	0	6649	0.703396	A=C,B=B,C=A,D=D
8BWL-assembly1.cif	afm_dropout_full_model_1_multimer_v3_pred_47.pdb	0	1182	0.703384	A=C,B=B,C=A,D=D
8BWL-assembly1.cif	cf_woTemplates_model_4_multimer_v3_pred_37.pdb	0	7804	0.70337	A=C,B=D,C=A,D=B
8BWL-assembly1.cif	afm_dropout_full_model_1_multimer_v3_pred_37.pdb	0	1171	0.703354	A=A,B=D,C=C,D=B
8BWL-assembly1.cif	afm_woTemplates_model_1_multimer_v2_pred_51.pdb	0	5140	0.703351	A=A,B=D,C=C,D=B
8BWL-assembly1.cif	cf_woTemplates_model_2_multimer_v2_pred_43.pdb	0	7342	0.703318	A=C,B=D,C=A,D=B
8BWL-assembly1.cif	cf_woTemplates_model_4_multimer_v1_pred_57.pdb	0	7692	0.703317	A=C,B=B,C=A,D=D
8BWL-assembly1.cif	afm_dropout_noSM_woTemplates_model_4_multimer_v1_pred_36.pdb	0	4654	0.703307	A=C,B=B,C=A,D=D
8BWL-assembly1.cif	cf_dropout_full_woTemplates_model_4_multimer_v3_pred_18.pdb	0	6778	0.703293	A=A,B=D,C=C,D=B
8BWL-assembly1.cif	cf_dropout_full_woTemplates_model_5_multimer_v2_pred_18.pdb	0	6912	0.70329	A=A,B=D,C=C,D=B
8BWL-assembly1.cif	cf_dropout_full_woTemplates_model_5_multimer_v1_pred_31.pdb	0	6860	0.703285	A=A,B=D,C=C,D=B
8BWL-assembly1.cif	afm_dropout_full_woTemplates_model_2_multimer_v3_pred_25.pdb	0	2364	0.703278	A=A,B=D,C=C,D=B
8BWL-assembly1.cif	afm_basic_model_1_multimer_v3_pred_20.pdb	0	148	0.703277	A=A,B=B,C=C,D=D
8BWL-assembly1.cif	afm_dropout_full_woTemplates_model_1_multimer_v2_pred_48.pdb	0	2121	0.703274	A=A,B=D,C=C,D=B
8BWL-assembly1.cif	cf_dropout_full_woTemplates_model_3_multimer_v2_pred_27.pdb	0	6520	0.703274	A=C,B=D,C=A,D=B
8BWL-assembly1.cif	afm_dropout_full_woTemplates_r3_model_1_multimer_v2_pred_3.pdb	0	3106	0.703254	A=A,B=B,C=C,D=D
8BWL-assembly1.cif	cf_woTemplates_model_5_multimer_v2_pred_60.pdb	0	7964	0.703247	A=A,B=B,C=C,D=D
8BWL-assembly1.cif	afm_dropout_full_woTemplates_model_1_multimer_v2_pred_1.pdb	0	2079	0.703234	A=C,B=D,C=A,D=B
8BWL-assembly1.cif	afm_woTemplates_model_4_multimer_v2_pred_66.pdb	0	5759	0.703231	A=A,B=D,C=C,D=B
8BWL-assembly1.cif	afm_dropout_full_woTemplates_model_1_multimer_v2_pred_58.pdb	0	2132	0.703213	A=C,B=D,C=A,D=B
8BWL-assembly1.cif	afm_dropout_full_woTemplates_model_1_multimer_v3_pred_52.pdb	0	2193	0.703207	A=A,B=D,C=C,D=B
8BWL-assembly1.cif	afm_basic_model_1_multimer_v3_pred_24.pdb	0	152	0.703198	A=C,B=D,C=A,D=B
8BWL-assembly1.cif	afm_woTemplates_model_1_multimer_v2_pred_34.pdb	0	5121	0.703191	A=A,B=D,C=C,D=B
8BWL-assembly1.cif	afm_basic_model_1_multimer_v3_pred_60.pdb	0	192	0.703185	A=A,B=D,C=C,D=B
8BWL-assembly1.cif	afm_dropout_full_woTemplates_model_5_multimer_v2_pred_60.pdb	0	2939	0.70318	A=A,B=D,C=C,D=B
8BWL-assembly1.cif	afm_woTemplates_model_3_multimer_v1_pred_1.pdb	0	5429	0.703176	A=C,B=B,C=A,D=D
8BWL-assembly1.cif	afm_dropout_full_model_1_multimer_v3_pred_18.pdb	0	1150	0.703175	A=A,B=D,C=C,D=B
8BWL-assembly1.cif	afm_dropout_full_woTemplates_model_4_multimer_v2_pred_52.pdb	0	2729	0.703168	A=C,B=D,C=A,D=B
8BWL-assembly1.cif	afm_woTemplates_model_4_multimer_v2_pred_9.pdb	0	5762	0.703157	A=C,B=B,C=A,D=D
8BWL-assembly1.cif	afm_dropout_full_woTemplates_model_1_multimer_v2_pred_56.pdb	0	2130	0.703152	A=A,B=D,C=C,D=B
8BWL-assembly1.cif	afm_woTemplates_model_1_multimer_v2_pred_66.pdb	0	5156	0.703136	A=C,B=D,C=A,D=B
8BWL-assembly1.cif	cf_dropout_full_woTemplates_model_4_multimer_v2_pred_56.pdb	0	6753	0.703127	A=A,B=D,C=C,D=B
8BWL-assembly1.cif	cf_woTemplates_model_1_multimer_v2_pred_29.pdb	0	7125	0.703125	A=C,B=D,C=A,D=B
8BWL-assembly1.cif	afm_basic_model_1_multimer_v3_pred_44.pdb	0	174	0.703124	A=C,B=B,C=A,D=D
8BWL-assembly1.cif	afm_dropout_full_woTemplates_model_1_multimer_v2_pred_4.pdb	0	2112	0.703123	A=C,B=D,C=A,D=B
8BWL-assembly1.cif	afm_dropout_full_woTemplates_model_2_multimer_v3_pred_7.pdb	0	2410	0.703108	A=A,B=B,C=C,D=D
8BWL-assembly1.cif	afm_dropout_full_model_1_multimer_v3_pred_20.pdb	0	1153	0.703104	A=C,B=D,C=A,D=B
8BWL-assembly1.cif	cf_dropout_full_woTemplates_model_1_multimer_v2_pred_7.pdb	0	6162	0.70308	A=C,B=D,C=A,D=B
8BWL-assembly1.cif	afm_dropout_full_woTemplates_model_4_multimer_v2_pred_2.pdb	0	2693	0.703077	A=C,B=B,C=A,D=D
8BWL-assembly1.cif	afm_dropout_full_woTemplates_r3_model_1_multimer_v2_pred_33.pdb	0	3110	0.703073	A=A,B=D,C=C,D=B
8BWL-assembly1.cif	cf_dropout_full_woTemplates_model_4_multimer_v3_pred_37.pdb	0	6799	0.70306	A=C,B=D,C=A,D=B
8BWL-assembly1.cif	afm_dropout_full_woTemplates_model_1_multimer_v2_pred_60.pdb	0	2135	0.703055	A=A,B=D,C=C,D=B
8BWL-assembly1.cif	cf_dropout_full_woTemplates_model_4_multimer_v2_pred_48.pdb	0	6744	0.703003	A=C,B=D,C=A,D=B
8BWL-assembly1.cif	cf_dropout_full_woTemplates_model_3_multimer_v2_pred_42.pdb	0	6537	0.702977	A=C,B=B,C=A,D=D
8BWL-assembly1.cif	cf_woTemplates_model_4_multimer_v1_pred_46.pdb	0	7680	0.702973	A=C,B=B,C=A,D=D
8BWL-assembly1.cif	afm_basic_model_1_multimer_v3_pred_23.pdb	0	151	0.702973	A=A,B=B,C=C,D=D
8BWL-assembly1.cif	cf_woTemplates_model_2_multimer_v1_pred_55.pdb	0	7288	0.702972	A=A,B=D,C=C,D=B
8BWL-assembly1.cif	afm_dropout_full_woTemplates_r3_model_2_multimer_v2_pred_60.pdb	0	3341	0.702969	A=C,B=B,C=A,D=D
8BWL-assembly1.cif	cf_dropout_full_woTemplates_model_5_multimer_v1_pred_4.pdb	0	6869	0.702959	A=A,B=B,C=C,D=D
8BWL-assembly1.cif	afm_dropout_noSM_woTemplates_model_5_multimer_v2_pred_44.pdb	0	4931	0.702946	A=C,B=B,C=A,D=D
8BWL-assembly1.cif	cf_woTemplates_model_5_multimer_v1_pred_0.pdb	0	7840	0.70294	A=C,B=B,C=A,D=D
8BWL-assembly1.cif	afm_dropout_full_woTemplates_r3_model_5_multimer_v2_pred_20.pdb	0	3900	0.702918	A=C,B=D,C=A,D=B
8BWL-assembly1.cif	afm_dropout_full_woTemplates_r3_model_1_multimer_v2_pred_17.pdb	0	3092	0.702918	A=C,B=D,C=A,D=B
8BWL-assembly1.cif	afm_dropout_full_woTemplates_r3_model_3_multimer_v1_pred_18.pdb	0	3428	0.702901	A=A,B=D,C=C,D=B
8BWL-assembly1.cif	afm_basic_model_4_multimer_v2_pred_56.pdb	0	723	0.702889	A=C,B=D,C=A,D=B
8BWL-assembly1.cif	cf_dropout_full_woTemplates_model_5_multimer_v1_pred_26.pdb	0	6854	0.702889	A=C,B=B,C=A,D=D
8BWL-assembly1.cif	cf_dropout_full_woTemplates_model_4_multimer_v3_pred_2.pdb	0	6780	0.702876	A=C,B=B,C=A,D=D
8BWL-assembly1.cif	afm_woTemplates_model_4_multimer_v2_pred_16.pdb	0	5704	0.702873	A=C,B=D,C=A,D=B
8BWL-assembly1.cif	afm_dropout_full_woTemplates_r3_model_2_multimer_v2_pred_21.pdb	0	3298	0.70285	A=A,B=D,C=C,D=B
8BWL-assembly1.cif	cf_dropout_full_woTemplates_model_3_multimer_v2_pred_3.pdb	0	6523	0.702844	A=A,B=B,C=C,D=D
8BWL-assembly1.cif	cf_woTemplates_model_3_multimer_v2_pred_9.pdb	0	7571	0.702841	A=A,B=D,C=C,D=B
8BWL-assembly1.cif	afm_dropout_full_woTemplates_model_4_multimer_v2_pred_23.pdb	0	2697	0.702832	A=C,B=D,C=A,D=B
8BWL-assembly1.cif	afm_basic_model_1_multimer_v3_pred_0.pdb	0	135	0.702828	A=A,B=B,C=C,D=D
8BWL-assembly1.cif	afm_woTemplates_model_1_multimer_v2_pred_33.pdb	0	5120	0.702817	A=C,B=D,C=A,D=B
8BWL-assembly1.cif	afm_dropout_full_woTemplates_model_5_multimer_v2_pred_4.pdb	0	2916	0.702816	A=A,B=B,C=C,D=D
8BWL-assembly1.cif	cf_woTemplates_model_5_multimer_v1_pred_36.pdb	0	7870	0.702813	A=C,B=D,C=A,D=B
8BWL-assembly1.cif	cf_woTemplates_model_4_multimer_v1_pred_24.pdb	0	7656	0.702805	A=C,B=B,C=A,D=D
8BWL-assembly1.cif	afm_dropout_full_woTemplates_model_1_multimer_v2_pred_9.pdb	0	2144	0.702803	A=A,B=B,C=C,D=D
8BWL-assembly1.cif	cf_woTemplates_model_3_multimer_v2_pred_2.pdb	0	7517	0.702778	A=A,B=B,C=C,D=D
8BWL-assembly1.cif	afm_dropout_full_woTemplates_r3_model_4_multimer_v2_pred_56.pdb	0	3738	0.702769	A=C,B=B,C=A,D=D
8BWL-assembly1.cif	afm_woTemplates_model_4_multimer_v2_pred_5.pdb	0	5741	0.702766	A=A,B=D,C=C,D=B
8BWL-assembly1.cif	cf_dropout_full_woTemplates_model_5_multimer_v1_pred_65.pdb	0	6897	0.702736	A=A,B=D,C=C,D=B
8BWL-assembly1.cif	cf_woTemplates_model_5_multimer_v1_pred_52.pdb	0	7888	0.702736	A=A,B=D,C=C,D=B
8BWL-assembly1.cif	afm_woTemplates_model_4_multimer_v2_pred_34.pdb	0	5724	0.702735	A=C,B=D,C=A,D=B
8BWL-assembly1.cif	afm_dropout_full_woTemplates_r3_model_1_multimer_v2_pred_23.pdb	0	3099	0.702731	A=C,B=B,C=A,D=D
8BWL-assembly1.cif	cf_woTemplates_model_4_multimer_v3_pred_11.pdb	0	7776	0.702726	A=A,B=B,C=C,D=D
8BWL-assembly1.cif	cf_dropout_full_woTemplates_model_3_multimer_v2_pred_4.pdb	0	6534	0.702722	A=C,B=D,C=A,D=B
8BWL-assembly1.cif	cf_dropout_full_woTemplates_model_5_multimer_v2_pred_50.pdb	0	6948	0.702721	A=C,B=D,C=A,D=B
8BWL-assembly1.cif	afm_dropout_noSM_woTemplates_model_1_multimer_v2_pred_13.pdb	0	4093	0.702709	A=A,B=B,C=C,D=D
8BWL-assembly1.cif	afm_woTemplates_model_2_multimer_v3_pred_8.pdb	0	5426	0.702707	A=C,B=B,C=A,D=D
8BWL-assembly1.cif	cf_woTemplates_model_5_multimer_v2_pred_3.pdb	0	7930	0.702688	A=C,B=B,C=A,D=D
8BWL-assembly1.cif	cf_woTemplates_model_1_multimer_v2_pred_49.pdb	0	7147	0.702682	A=A,B=D,C=C,D=B
8BWL-assembly1.cif	afm_dropout_full_model_3_multimer_v2_pred_34.pdb	0	1503	0.702666	A=C,B=B,C=A,D=D
8BWL-assembly1.cif	afm_basic_model_4_multimer_v2_pred_45.pdb	0	711	0.702655	A=A,B=D,C=C,D=B
8BWL-assembly1.cif	afm_woTemplates_model_4_multimer_v2_pred_14.pdb	0	5702	0.702637	A=C,B=B,C=A,D=D
8BWL-assembly1.cif	afm_basic_model_3_multimer_v2_pred_8.pdb	0	535	0.702618	A=C,B=B,C=A,D=D
8BWL-assembly1.cif	afm_dropout_noSM_woTemplates_model_4_multimer_v2_pred_3.pdb	0	4714	0.702616	A=C,B=B,C=A,D=D
8BWL-assembly1.cif	afm_dropout_full_woTemplates_model_3_multimer_v1_pred_46.pdb	0	2454	0.702615	A=A,B=B,C=C,D=D
8BWL-assembly1.cif	afm_dropout_full_woTemplates_r3_model_3_multimer_v2_pred_28.pdb	0	3506	0.702614	A=C,B=B,C=A,D=D
8BWL-assembly1.cif	afm_dropout_noSM_woTemplates_model_1_multimer_v3_pred_9.pdb	0	4221	0.702613	A=C,B=B,C=A,D=D
8BWL-assembly1.cif	afm_basic_model_4_multimer_v2_pred_43.pdb	0	709	0.702609	A=C,B=D,C=A,D=B
8BWL-assembly1.cif	afm_basic_model_4_multimer_v2_pred_10.pdb	0	673	0.702591	A=A,B=B,C=C,D=D
8BWL-assembly1.cif	afm_dropout_full_model_1_multimer_v3_pred_11.pdb	0	1143	0.70259	A=A,B=B,C=C,D=D
8BWL-assembly1.cif	afm_basic_model_1_multimer_v3_pred_45.pdb	0	175	0.702584	A=C,B=D,C=A,D=B
8BWL-assembly1.cif	afm_dropout_full_woTemplates_model_4_multimer_v2_pred_6.pdb	0	2737	0.702582	A=C,B=B,C=A,D=D
8BWL-assembly1.cif	cf_dropout_full_woTemplates_model_2_multimer_v1_pred_1.pdb	0	6233	0.70258	A=A,B=D,C=C,D=B
8BWL-assembly1.cif	afm_dropout_noSM_woTemplates_model_4_multimer_v3_pred_8.pdb	0	4823	0.702564	A=C,B=B,C=A,D=D
8BWL-assembly1.cif	afm_basic_model_1_multimer_v3_pred_42.pdb	0	172	0.702547	A=C,B=B,C=A,D=D
8BWL-assembly1.cif	cf_dropout_full_woTemplates_model_5_multimer_v1_pred_13.pdb	0	6840	0.702533	A=A,B=D,C=C,D=B
8BWL-assembly1.cif	afm_woTemplates_model_1_multimer_v2_pred_19.pdb	0	5104	0.702531	A=C,B=D,C=A,D=B
8BWL-assembly1.cif	afm_woTemplates_model_5_multimer_v2_pred_44.pdb	0	5936	0.702517	A=A,B=B,C=C,D=D
8BWL-assembly1.cif	afm_basic_model_1_multimer_v3_pred_2.pdb	0	147	0.702499	A=A,B=B,C=C,D=D
8BWL-assembly1.cif	cf_woTemplates_model_2_multimer_v1_pred_41.pdb	0	7273	0.702491	A=A,B=D,C=C,D=B
8BWL-assembly1.cif	afm_woTemplates_model_1_multimer_v2_pred_27.pdb	0	5113	0.70249	A=C,B=D,C=A,D=B
8BWL-assembly1.cif	cf_woTemplates_model_5_multimer_v1_pred_25.pdb	0	7858	0.70249	A=C,B=B,C=A,D=D
8BWL-assembly1.cif	cf_woTemplates_model_2_multimer_v1_pred_32.pdb	0	7263	0.702482	A=A,B=D,C=C,D=B
8BWL-assembly1.cif	cf_woTemplates_model_1_multimer_v1_pred_64.pdb	0	7097	0.702477	A=A,B=D,C=C,D=B
8BWL-assembly1.cif	cf_dropout_full_woTemplates_model_4_multimer_v3_pred_15.pdb	0	6775	0.702476	A=C,B=B,C=A,D=D
8BWL-assembly1.cif	cf_dropout_full_woTemplates_model_2_multimer_v1_pred_65.pdb	0	6294	0.702463	A=A,B=D,C=C,D=B
8BWL-assembly1.cif	afm_dropout_full_model_1_multimer_v3_pred_22.pdb	0	1155	0.702453	A=A,B=D,C=C,D=B
8BWL-assembly1.cif	afm_basic_model_3_multimer_v2_pred_51.pdb	0	517	0.702452	A=C,B=B,C=A,D=D
8BWL-assembly1.cif	afm_dropout_noSM_woTemplates_model_1_multimer_v2_pred_2.pdb	0	4100	0.702446	A=C,B=D,C=A,D=B
8BWL-assembly1.cif	cf_woTemplates_model_4_multimer_v1_pred_52.pdb	0	7687	0.702444	A=C,B=B,C=A,D=D
8BWL-assembly1.cif	cf_woTemplates_model_5_multimer_v1_pred_11.pdb	0	7843	0.70242	A=A,B=D,C=C,D=B
8BWL-assembly1.cif	afm_dropout_full_woTemplates_r3_model_2_multimer_v2_pred_9.pdb	0	3350	0.702389	A=C,B=B,C=A,D=D
8BWL-assembly1.cif	afm_dropout_full_woTemplates_model_1_multimer_v2_pred_66.pdb	0	2141	0.702388	A=A,B=D,C=C,D=B
8BWL-assembly1.cif	cf_dropout_full_woTemplates_model_2_multimer_v1_pred_57.pdb	0	6285	0.70238	A=C,B=B,C=A,D=D
8BWL-assembly1.cif	afm_basic_model_1_multimer_v3_pred_27.pdb	0	155	0.702366	A=C,B=B,C=A,D=D
8BWL-assembly1.cif	cf_dropout_full_woTemplates_model_4_multimer_v2_pred_33.pdb	0	6728	0.702356	A=C,B=B,C=A,D=D
8BWL-assembly1.cif	afm_dropout_full_woTemplates_model_1_multimer_v2_pred_36.pdb	0	2108	0.702354	A=C,B=B,C=A,D=D
8BWL-assembly1.cif	afm_basic_model_2_multimer_v3_pred_65.pdb	0	398	0.702305	A=A,B=B,C=C,D=D
8BWL-assembly1.cif	afm_dropout_full_woTemplates_model_1_multimer_v2_pred_47.pdb	0	2120	0.702304	A=C,B=B,C=A,D=D
8BWL-assembly1.cif	afm_basic_model_1_multimer_v3_pred_43.pdb	0	173	0.702292	A=C,B=D,C=A,D=B
8BWL-assembly1.cif	afm_basic_model_1_multimer_v3_pred_48.pdb	0	178	0.702275	A=C,B=D,C=A,D=B
8BWL-assembly1.cif	cf_woTemplates_model_2_multimer_v1_pred_49.pdb	0	7281	0.702273	A=A,B=D,C=C,D=B
8BWL-assembly1.cif	cf_dropout_full_woTemplates_model_2_multimer_v1_pred_37.pdb	0	6263	0.70227	A=C,B=B,C=A,D=D
8BWL-assembly1.cif	afm_woTemplates_model_5_multimer_v2_pred_35.pdb	0	5926	0.702267	A=A,B=B,C=C,D=D
8BWL-assembly1.cif	cf_woTemplates_model_3_multimer_v2_pred_42.pdb	0	7542	0.702261	A=C,B=B,C=A,D=D
8BWL-assembly1.cif	cf_dropout_full_woTemplates_model_5_multimer_v1_pred_6.pdb	0	6891	0.702257	A=A,B=D,C=C,D=B
8BWL-assembly1.cif	cf_woTemplates_model_5_multimer_v1_pred_35.pdb	0	7869	0.702251	A=C,B=B,C=A,D=D
8BWL-assembly1.cif	cf_woTemplates_model_4_multimer_v1_pred_10.pdb	0	7641	0.702223	A=A,B=D,C=C,D=B
8BWL-assembly1.cif	afm_dropout_full_woTemplates_r3_model_1_multimer_v2_pred_12.pdb	0	3087	0.702202	A=A,B=D,C=C,D=B
8BWL-assembly1.cif	cf_woTemplates_model_5_multimer_v1_pred_44.pdb	0	7879	0.70218	A=C,B=B,C=A,D=D
8BWL-assembly1.cif	cf_dropout_full_woTemplates_model_5_multimer_v2_pred_37.pdb	0	6933	0.70218	A=A,B=D,C=C,D=B
8BWL-assembly1.cif	afm_dropout_full_woTemplates_model_4_multimer_v2_pred_53.pdb	0	2730	0.702166	A=C,B=B,C=A,D=D
8BWL-assembly1.cif	afm_dropout_noSM_woTemplates_model_4_multimer_v1_pred_37.pdb	0	4655	0.702163	A=C,B=D,C=A,D=B
8BWL-assembly1.cif	cf_woTemplates_model_4_multimer_v2_pred_0.pdb	0	7706	0.702163	A=C,B=D,C=A,D=B
8BWL-assembly1.cif	afm_woTemplates_model_4_multimer_v2_pred_40.pdb	0	5731	0.702159	A=A,B=B,C=C,D=D
8BWL-assembly1.cif	cf_woTemplates_model_2_multimer_v2_pred_18.pdb	0	7314	0.702156	A=C,B=B,C=A,D=D
8BWL-assembly1.cif	afm_basic_model_3_multimer_v2_pred_21.pdb	0	484	0.702155	A=A,B=B,C=C,D=D
8BWL-assembly1.cif	afm_basic_model_1_multimer_v3_pred_11.pdb	0	138	0.702126	A=A,B=D,C=C,D=B
8BWL-assembly1.cif	afm_basic_model_1_multimer_v3_pred_52.pdb	0	183	0.702123	A=A,B=D,C=C,D=B
8BWL-assembly1.cif	afm_dropout_full_woTemplates_model_2_multimer_v1_pred_21.pdb	0	2226	0.702114	A=C,B=B,C=A,D=D
8BWL-assembly1.cif	afm_dropout_full_model_5_multimer_v2_pred_49.pdb	0	1921	0.702113	A=A,B=B,C=C,D=D
8BWL-assembly1.cif	cf_woTemplates_model_4_multimer_v2_pred_43.pdb	0	7744	0.702079	A=A,B=B,C=C,D=D
8BWL-assembly1.cif	afm_basic_model_1_multimer_v3_pred_38.pdb	0	167	0.70207	A=A,B=B,C=C,D=D
8BWL-assembly1.cif	afm_dropout_full_model_1_multimer_v3_pred_33.pdb	0	1167	0.702058	A=C,B=B,C=A,D=D
8BWL-assembly1.cif	cf_woTemplates_model_4_multimer_v3_pred_46.pdb	0	7814	0.702043	A=C,B=D,C=A,D=B
8BWL-assembly1.cif	afm_dropout_full_model_3_multimer_v2_pred_53.pdb	0	1524	0.70204	A=C,B=D,C=A,D=B
8BWL-assembly1.cif	cf_dropout_full_woTemplates_model_4_multimer_v3_pred_36.pdb	0	6798	0.702038	A=C,B=D,C=A,D=B
8BWL-assembly1.cif	afm_dropout_full_model_4_multimer_v3_pred_66.pdb	0	1806	0.702026	A=A,B=B,C=C,D=D
8BWL-assembly1.cif	afm_dropout_full_model_3_multimer_v2_pred_63.pdb	0	1535	0.702016	A=A,B=B,C=C,D=D
8BWL-assembly1.cif	afm_basic_model_1_multimer_v3_pred_46.pdb	0	176	0.70201	A=A,B=B,C=C,D=D
8BWL-assembly1.cif	afm_basic_model_1_multimer_v3_pred_10.pdb	0	137	0.701973	A=C,B=D,C=A,D=B
8BWL-assembly1.cif	cf_dropout_full_woTemplates_model_4_multimer_v1_pred_42.pdb	0	6671	0.701966	A=A,B=B,C=C,D=D
8BWL-assembly1.cif	cf_dropout_full_woTemplates_model_1_multimer_v1_pred_11.pdb	0	6034	0.701955	A=C,B=B,C=A,D=D
8BWL-assembly1.cif	afm_dropout_full_woTemplates_model_2_multimer_v3_pred_39.pdb	0	2379	0.701949	A=C,B=D,C=A,D=B
8BWL-assembly1.cif	afm_basic_model_1_multimer_v3_pred_19.pdb	0	146	0.701919	A=A,B=B,C=C,D=D
8BWL-assembly1.cif	afm_dropout_full_woTemplates_model_5_multimer_v2_pred_34.pdb	0	2910	0.701903	A=C,B=B,C=A,D=D
8BWL-assembly1.cif	afm_woTemplates_model_4_multimer_v2_pred_29.pdb	0	5718	0.701902	A=A,B=B,C=C,D=D
8BWL-assembly1.cif	cf_woTemplates_model_3_multimer_v2_pred_58.pdb	0	7559	0.701896	A=C,B=B,C=A,D=D
8BWL-assembly1.cif	afm_dropout_full_woTemplates_r3_model_2_multimer_v2_pred_65.pdb	0	3346	0.701882	A=C,B=B,C=A,D=D
8BWL-assembly1.cif	afm_basic_model_1_multimer_v3_pred_3.pdb	0	158	0.701879	A=A,B=B,C=C,D=D
8BWL-assembly1.cif	cf_dropout_full_woTemplates_model_2_multimer_v2_pred_58.pdb	0	6353	0.701875	A=A,B=B,C=C,D=D
8BWL-assembly1.cif	afm_dropout_full_woTemplates_r3_model_1_multimer_v2_pred_55.pdb	0	3134	0.701862	A=C,B=D,C=A,D=B
8BWL-assembly1.cif	afm_dropout_full_woTemplates_model_1_multimer_v2_pred_62.pdb	0	2137	0.701849	A=C,B=B,C=A,D=D
8BWL-assembly1.cif	cf_dropout_full_woTemplates_model_4_multimer_v2_pred_61.pdb	0	6759	0.701843	A=C,B=D,C=A,D=B
8BWL-assembly1.cif	afm_dropout_noSM_woTemplates_model_4_multimer_v2_pred_38.pdb	0	4723	0.701838	A=A,B=D,C=C,D=B
8BWL-assembly1.cif	afm_basic_model_1_multimer_v3_pred_26.pdb	0	154	0.701838	A=C,B=D,C=A,D=B
8BWL-assembly1.cif	afm_woTemplates_model_1_multimer_v2_pred_24.pdb	0	5110	0.701835	A=A,B=B,C=C,D=D
8BWL-assembly1.cif	cf_woTemplates_model_4_multimer_v3_pred_28.pdb	0	7794	0.70183	A=C,B=D,C=A,D=B
8BWL-assembly1.cif	afm_woTemplates_model_1_multimer_v2_pred_1.pdb	0	5094	0.70183	A=C,B=B,C=A,D=D
8BWL-assembly1.cif	cf_woTemplates_model_5_multimer_v2_pred_16.pdb	0	7915	0.701826	A=C,B=D,C=A,D=B
8BWL-assembly1.cif	afm_dropout_full_woTemplates_r3_model_2_multimer_v2_pred_54.pdb	0	3334	0.701821	A=C,B=B,C=A,D=D
8BWL-assembly1.cif	cf_dropout_full_woTemplates_model_3_multimer_v2_pred_51.pdb	0	6547	0.70182	A=A,B=B,C=C,D=D
8BWL-assembly1.cif	cf_woTemplates_model_4_multimer_v2_pred_11.pdb	0	7709	0.701815	A=A,B=B,C=C,D=D
8BWL-assembly1.cif	afm_dropout_full_model_3_multimer_v2_pred_16.pdb	0	1483	0.701807	A=A,B=B,C=C,D=D
8BWL-assembly1.cif	afm_dropout_full_woTemplates_model_1_multimer_v2_pred_25.pdb	0	2096	0.701806	A=C,B=D,C=A,D=B
8BWL-assembly1.cif	afm_woTemplates_model_3_multimer_v1_pred_18.pdb	0	5438	0.701803	A=A,B=D,C=C,D=B
8BWL-assembly1.cif	cf_dropout_full_woTemplates_model_2_multimer_v1_pred_41.pdb	0	6268	0.701802	A=C,B=B,C=A,D=D
8BWL-assembly1.cif	cf_woTemplates_model_2_multimer_v1_pred_42.pdb	0	7274	0.701797	A=C,B=D,C=A,D=B
8BWL-assembly1.cif	cf_dropout_full_woTemplates_model_2_multimer_v1_pred_9.pdb	0	6298	0.701794	A=A,B=D,C=C,D=B
8BWL-assembly1.cif	afm_dropout_full_woTemplates_model_1_multimer_v2_pred_54.pdb	0	2128	0.701784	A=C,B=D,C=A,D=B
8BWL-assembly1.cif	cf_dropout_full_woTemplates_model_2_multimer_v1_pred_42.pdb	0	6269	0.701781	A=A,B=D,C=C,D=B
8BWL-assembly1.cif	afm_basic_model_1_multimer_v3_pred_66.pdb	0	198	0.701766	A=A,B=B,C=C,D=D
8BWL-assembly1.cif	afm_woTemplates_model_1_multimer_v2_pred_59.pdb	0	5148	0.701758	A=C,B=B,C=A,D=D
8BWL-assembly1.cif	afm_dropout_full_woTemplates_model_1_multimer_v3_pred_9.pdb	0	2211	0.701748	A=C,B=B,C=A,D=D
8BWL-assembly1.cif	afm_dropout_full_model_1_multimer_v3_pred_39.pdb	0	1173	0.701747	A=A,B=D,C=C,D=B
8BWL-assembly1.cif	cf_dropout_full_woTemplates_model_2_multimer_v1_pred_21.pdb	0	6246	0.701739	A=A,B=D,C=C,D=B
8BWL-assembly1.cif	afm_woTemplates_model_1_multimer_v2_pred_43.pdb	0	5131	0.701739	A=C,B=D,C=A,D=B
8BWL-assembly1.cif	afm_dropout_noSM_woTemplates_model_1_multimer_v3_pred_7.pdb	0	4219	0.701732	A=C,B=D,C=A,D=B
8BWL-assembly1.cif	cf_woTemplates_model_5_multimer_v1_pred_57.pdb	0	7893	0.701724	A=A,B=D,C=C,D=B
8BWL-assembly1.cif	afm_basic_model_1_multimer_v3_pred_6.pdb	0	191	0.701708	A=C,B=D,C=A,D=B
8BWL-assembly1.cif	cf_dropout_full_woTemplates_model_3_multimer_v2_pred_25.pdb	0	6518	0.701699	A=C,B=D,C=A,D=B
8BWL-assembly1.cif	afm_basic_model_1_multimer_v3_pred_1.pdb	0	136	0.701694	A=A,B=B,C=C,D=D
8BWL-assembly1.cif	afm_basic_model_1_multimer_v3_pred_40.pdb	0	170	0.701678	A=C,B=B,C=A,D=D
8BWL-assembly1.cif	cf_woTemplates_model_4_multimer_v3_pred_64.pdb	0	7834	0.701666	A=C,B=B,C=A,D=D
8BWL-assembly1.cif	afm_basic_model_1_multimer_v3_pred_30.pdb	0	159	0.701655	A=A,B=B,C=C,D=D
8BWL-assembly1.cif	cf_dropout_full_woTemplates_model_2_multimer_v1_pred_26.pdb	0	6251	0.701649	A=A,B=D,C=C,D=B
8BWL-assembly1.cif	afm_dropout_full_woTemplates_r3_model_2_multimer_v2_pred_46.pdb	0	3325	0.701643	A=A,B=B,C=C,D=D
8BWL-assembly1.cif	cf_woTemplates_model_3_multimer_v2_pred_18.pdb	0	7515	0.701635	A=C,B=B,C=A,D=D
8BWL-assembly1.cif	afm_dropout_full_woTemplates_r3_model_2_multimer_v2_pred_17.pdb	0	3293	0.701635	A=A,B=B,C=C,D=D
8BWL-assembly1.cif	cf_woTemplates_model_1_multimer_v2_pred_16.pdb	0	7111	0.701599	A=C,B=B,C=A,D=D
8BWL-assembly1.cif	afm_dropout_full_woTemplates_r3_model_2_multimer_v3_pred_42.pdb	0	3388	0.701579	A=C,B=D,C=A,D=B
8BWL-assembly1.cif	afm_woTemplates_model_1_multimer_v2_pred_62.pdb	0	5152	0.701512	A=A,B=B,C=C,D=D
8BWL-assembly1.cif	cf_woTemplates_model_2_multimer_v1_pred_39.pdb	0	7270	0.70149	A=C,B=B,C=A,D=D
8BWL-assembly1.cif	cf_dropout_full_woTemplates_model_4_multimer_v2_pred_18.pdb	0	6711	0.701487	A=C,B=B,C=A,D=D
8BWL-assembly1.cif	afm_dropout_full_model_1_multimer_v3_pred_40.pdb	0	1175	0.701462	A=C,B=D,C=A,D=B
8BWL-assembly1.cif	afm_woTemplates_model_1_multimer_v2_pred_4.pdb	0	5127	0.701452	A=A,B=D,C=C,D=B
8BWL-assembly1.cif	afm_dropout_full_model_1_multimer_v3_pred_15.pdb	0	1147	0.701435	A=A,B=B,C=C,D=D
8BWL-assembly1.cif	cf_dropout_full_woTemplates_model_1_multimer_v1_pred_29.pdb	0	6053	0.701403	A=A,B=D,C=C,D=B
8BWL-assembly1.cif	afm_dropout_full_model_1_multimer_v3_pred_17.pdb	0	1149	0.701397	A=C,B=B,C=A,D=D
8BWL-assembly1.cif	afm_basic_model_1_multimer_v3_pred_22.pdb	0	150	0.701394	A=C,B=B,C=A,D=D
8BWL-assembly1.cif	afm_dropout_full_model_1_multimer_v3_pred_30.pdb	0	1164	0.70138	A=C,B=D,C=A,D=B
8BWL-assembly1.cif	afm_basic_model_1_multimer_v3_pred_57.pdb	0	188	0.701375	A=A,B=D,C=C,D=B
8BWL-assembly1.cif	cf_dropout_full_woTemplates_model_2_multimer_v1_pred_29.pdb	0	6254	0.701329	A=A,B=D,C=C,D=B
8BWL-assembly1.cif	afm_dropout_full_woTemplates_r3_model_3_multimer_v2_pred_51.pdb	0	3532	0.701321	A=C,B=D,C=A,D=B
8BWL-assembly1.cif	afm_dropout_full_woTemplates_model_5_multimer_v2_pred_12.pdb	0	2886	0.70131	A=C,B=B,C=A,D=D
8BWL-assembly1.cif	cf_dropout_full_woTemplates_model_3_multimer_v2_pred_22.pdb	0	6515	0.701306	A=A,B=D,C=C,D=B
8BWL-assembly1.cif	afm_woTemplates_model_1_multimer_v2_pred_16.pdb	0	5101	0.701304	A=C,B=D,C=A,D=B
8BWL-assembly1.cif	afm_dropout_full_woTemplates_model_1_multimer_v2_pred_35.pdb	0	2107	0.701303	A=C,B=B,C=A,D=D
8BWL-assembly1.cif	cf_woTemplates_model_5_multimer_v2_pred_27.pdb	0	7927	0.701297	A=C,B=D,C=A,D=B
8BWL-assembly1.cif	cf_woTemplates_model_5_multimer_v2_pred_52.pdb	0	7955	0.701276	A=A,B=D,C=C,D=B
8BWL-assembly1.cif	cf_dropout_full_woTemplates_model_3_multimer_v3_pred_14.pdb	0	6573	0.701272	A=A,B=D,C=C,D=B
8BWL-assembly1.cif	afm_dropout_noSM_woTemplates_model_1_multimer_v2_pred_4.pdb	0	4122	0.701261	A=C,B=B,C=A,D=D
8BWL-assembly1.cif	cf_woTemplates_model_5_multimer_v1_pred_4.pdb	0	7874	0.701261	A=C,B=B,C=A,D=D
8BWL-assembly1.cif	afm_woTemplates_model_3_multimer_v1_pred_47.pdb	0	5470	0.701247	A=A,B=D,C=C,D=B
8BWL-assembly1.cif	afm_dropout_full_woTemplates_r3_model_2_multimer_v2_pred_55.pdb	0	3335	0.701235	A=A,B=D,C=C,D=B
8BWL-assembly1.cif	afm_basic_model_1_multimer_v3_pred_25.pdb	0	153	0.70122	A=A,B=D,C=C,D=B
8BWL-assembly1.cif	afm_dropout_noSM_woTemplates_model_5_multimer_v2_pred_28.pdb	0	4913	0.70122	A=A,B=D,C=C,D=B
8BWL-assembly1.cif	cf_woTemplates_model_3_multimer_v2_pred_43.pdb	0	7543	0.701216	A=C,B=D,C=A,D=B
8BWL-assembly1.cif	afm_dropout_noSM_woTemplates_model_1_multimer_v2_pred_64.pdb	0	4149	0.701167	A=A,B=B,C=C,D=D
8BWL-assembly1.cif	cf_woTemplates_model_2_multimer_v1_pred_25.pdb	0	7255	0.701155	A=C,B=B,C=A,D=D
8BWL-assembly1.cif	afm_dropout_noSM_woTemplates_model_5_multimer_v2_pred_16.pdb	0	4900	0.701154	A=C,B=D,C=A,D=B
8BWL-assembly1.cif	afm_woTemplates_model_4_multimer_v2_pred_28.pdb	0	5717	0.701149	A=A,B=B,C=C,D=D
8BWL-assembly1.cif	afm_dropout_noSM_woTemplates_model_3_multimer_v2_pred_14.pdb	0	4496	0.701149	A=A,B=B,C=C,D=D
8BWL-assembly1.cif	cf_dropout_full_woTemplates_model_3_multimer_v2_pred_48.pdb	0	6543	0.701139	A=C,B=D,C=A,D=B
8BWL-assembly1.cif	afm_dropout_noSM_woTemplates_model_1_multimer_v2_pred_42.pdb	0	4125	0.701137	A=A,B=B,C=C,D=D
8BWL-assembly1.cif	afm_dropout_full_woTemplates_model_1_multimer_v3_pred_34.pdb	0	2173	0.701132	A=C,B=D,C=A,D=B
8BWL-assembly1.cif	afm_dropout_full_woTemplates_r3_model_4_multimer_v2_pred_10.pdb	0	3688	0.701126	A=C,B=D,C=A,D=B
8BWL-assembly1.cif	afm_basic_model_1_multimer_v3_pred_17.pdb	0	144	0.701123	A=A,B=B,C=C,D=D
8BWL-assembly1.cif	cf_dropout_full_woTemplates_model_4_multimer_v2_pred_12.pdb	0	6705	0.701119	A=C,B=D,C=A,D=B
8BWL-assembly1.cif	afm_dropout_full_woTemplates_model_5_multimer_v2_pred_15.pdb	0	2889	0.701089	A=A,B=B,C=C,D=D
8BWL-assembly1.cif	afm_woTemplates_model_4_multimer_v1_pred_18.pdb	0	5639	0.701086	A=A,B=D,C=C,D=B
8BWL-assembly1.cif	afm_dropout_noSM_woTemplates_model_2_multimer_v3_pred_49.pdb	0	4400	0.70108	A=A,B=D,C=C,D=B
8BWL-assembly1.cif	afm_basic_model_5_multimer_v3_pred_0.pdb	0	939	0.701077	A=C,B=B,C=A,D=D
8BWL-assembly1.cif	cf_dropout_full_woTemplates_model_5_multimer_v2_pred_34.pdb	0	6930	0.701074	A=A,B=D,C=C,D=B
8BWL-assembly1.cif	afm_dropout_noSM_woTemplates_model_4_multimer_v2_pred_66.pdb	0	4754	0.701071	A=A,B=B,C=C,D=D
8BWL-assembly1.cif	afm_basic_model_1_multimer_v3_pred_5.pdb	0	180	0.701069	A=A,B=D,C=C,D=B
8BWL-assembly1.cif	afm_woTemplates_model_1_multimer_v2_pred_0.pdb	0	5093	0.701041	A=A,B=B,C=C,D=D
8BWL-assembly1.cif	cf_dropout_full_woTemplates_model_1_multimer_v3_pred_2.pdb	0	6177	0.701038	A=C,B=D,C=A,D=B
8BWL-assembly1.cif	cf_dropout_full_woTemplates_model_4_multimer_v2_pred_64.pdb	0	6762	0.701024	A=C,B=B,C=A,D=D
8BWL-assembly1.cif	cf_dropout_full_woTemplates_model_2_multimer_v1_pred_47.pdb	0	6274	0.701022	A=C,B=B,C=A,D=D
8BWL-assembly1.cif	afm_dropout_full_model_1_multimer_v3_pred_2.pdb	0	1152	0.70101	A=C,B=D,C=A,D=B
8BWL-assembly1.cif	afm_dropout_noSM_woTemplates_model_1_multimer_v2_pred_52.pdb	0	4136	0.701003	A=C,B=B,C=A,D=D
8BWL-assembly1.cif	cf_dropout_full_woTemplates_model_4_multimer_v2_pred_13.pdb	0	6706	0.700996	A=C,B=D,C=A,D=B
8BWL-assembly1.cif	cf_dropout_full_woTemplates_model_4_multimer_v2_pred_59.pdb	0	6756	0.700988	A=A,B=D,C=C,D=B
8BWL-assembly1.cif	afm_dropout_noSM_woTemplates_model_1_multimer_v2_pred_26.pdb	0	4107	0.700986	A=C,B=D,C=A,D=B
8BWL-assembly1.cif	afm_dropout_full_model_5_multimer_v3_pred_32.pdb	0	1970	0.70098	A=C,B=B,C=A,D=D
8BWL-assembly1.cif	cf_dropout_full_woTemplates_model_3_multimer_v2_pred_10.pdb	0	6502	0.700967	A=C,B=D,C=A,D=B
8BWL-assembly1.cif	cf_woTemplates_model_4_multimer_v2_pred_4.pdb	0	7740	0.70096	A=A,B=B,C=C,D=D
8BWL-assembly1.cif	afm_basic_model_1_multimer_v3_pred_53.pdb	0	184	0.700948	A=A,B=D,C=C,D=B
8BWL-assembly1.cif	afm_basic_model_1_multimer_v3_pred_4.pdb	0	169	0.700945	A=C,B=D,C=A,D=B
8BWL-assembly1.cif	cf_woTemplates_model_3_multimer_v2_pred_3.pdb	0	7528	0.700933	A=A,B=B,C=C,D=D
8BWL-assembly1.cif	afm_woTemplates_model_3_multimer_v1_pred_42.pdb	0	5465	0.700932	A=C,B=B,C=A,D=D
8BWL-assembly1.cif	cf_woTemplates_model_3_multimer_v2_pred_55.pdb	0	7556	0.70091	A=A,B=B,C=C,D=D
8BWL-assembly1.cif	afm_dropout_full_woTemplates_model_2_multimer_v3_pred_12.pdb	0	2350	0.700907	A=C,B=D,C=A,D=B
8BWL-assembly1.cif	cf_woTemplates_model_2_multimer_v1_pred_3.pdb	0	7260	0.700906	A=C,B=B,C=A,D=D
8BWL-assembly1.cif	afm_dropout_full_woTemplates_model_1_multimer_v2_pred_23.pdb	0	2094	0.700903	A=A,B=B,C=C,D=D
8BWL-assembly1.cif	afm_basic_model_1_multimer_v3_pred_59.pdb	0	190	0.700902	A=A,B=D,C=C,D=B
8BWL-assembly1.cif	afm_dropout_full_model_3_multimer_v2_pred_44.pdb	0	1514	0.700882	A=C,B=B,C=A,D=D
8BWL-assembly1.cif	cf_dropout_full_woTemplates_model_2_multimer_v2_pred_57.pdb	0	6352	0.700878	A=C,B=B,C=A,D=D
8BWL-assembly1.cif	afm_dropout_full_woTemplates_model_1_multimer_v2_pred_53.pdb	0	2127	0.700859	A=C,B=B,C=A,D=D
8BWL-assembly1.cif	afm_basic_model_1_multimer_v3_pred_7.pdb	0	199	0.700857	A=A,B=B,C=C,D=D
8BWL-assembly1.cif	cf_dropout_full_woTemplates_model_2_multimer_v1_pred_63.pdb	0	6292	0.70085	A=C,B=B,C=A,D=D
8BWL-assembly1.cif	cf_dropout_full_woTemplates_model_5_multimer_v1_pred_39.pdb	0	6868	0.700846	A=A,B=D,C=C,D=B
8BWL-assembly1.cif	cf_dropout_full_woTemplates_model_5_multimer_v1_pred_14.pdb	0	6841	0.700831	A=C,B=D,C=A,D=B
8BWL-assembly1.cif	afm_dropout_full_woTemplates_model_1_multimer_v2_pred_65.pdb	0	2140	0.700805	A=A,B=D,C=C,D=B
8BWL-assembly1.cif	afm_dropout_noSM_woTemplates_model_5_multimer_v2_pred_10.pdb	0	4894	0.700801	A=C,B=D,C=A,D=B
8BWL-assembly1.cif	cf_woTemplates_model_5_multimer_v2_pred_49.pdb	0	7951	0.700763	A=C,B=B,C=A,D=D
8BWL-assembly1.cif	afm_woTemplates_model_1_multimer_v2_pred_22.pdb	0	5108	0.700757	A=A,B=B,C=C,D=D
8BWL-assembly1.cif	afm_basic_model_5_multimer_v3_pred_61.pdb	0	997	0.700754	A=C,B=B,C=A,D=D
8BWL-assembly1.cif	cf_woTemplates_model_4_multimer_v2_pred_53.pdb	0	7755	0.700747	A=A,B=D,C=C,D=B
8BWL-assembly1.cif	cf_woTemplates_model_1_multimer_v2_pred_34.pdb	0	7131	0.700742	A=C,B=B,C=A,D=D
8BWL-assembly1.cif	cf_woTemplates_model_5_multimer_v1_pred_48.pdb	0	7883	0.700731	A=C,B=B,C=A,D=D
8BWL-assembly1.cif	cf_woTemplates_model_4_multimer_v2_pred_8.pdb	0	7771	0.700727	A=C,B=B,C=A,D=D
8BWL-assembly1.cif	cf_woTemplates_model_2_multimer_v1_pred_40.pdb	0	7272	0.700725	A=C,B=B,C=A,D=D
8BWL-assembly1.cif	afm_dropout_full_woTemplates_model_4_multimer_v2_pred_17.pdb	0	2690	0.700723	A=C,B=B,C=A,D=D
8BWL-assembly1.cif	afm_basic_model_5_multimer_v3_pred_62.pdb	0	998	0.7007	A=C,B=B,C=A,D=D
8BWL-assembly1.cif	cf_woTemplates_model_5_multimer_v2_pred_35.pdb	0	7936	0.700697	A=C,B=B,C=A,D=D
8BWL-assembly1.cif	cf_woTemplates_model_5_multimer_v1_pred_17.pdb	0	7849	0.700691	A=C,B=B,C=A,D=D
8BWL-assembly1.cif	afm_woTemplates_model_1_multimer_v2_pred_2.pdb	0	5105	0.700691	A=C,B=D,C=A,D=B
8BWL-assembly1.cif	cf_dropout_full_woTemplates_model_1_multimer_v2_pred_25.pdb	0	6116	0.700687	A=A,B=D,C=C,D=B
8BWL-assembly1.cif	afm_basic_model_1_multimer_v3_pred_50.pdb	0	181	0.700686	A=A,B=B,C=C,D=D
8BWL-assembly1.cif	afm_dropout_full_woTemplates_r3_model_3_multimer_v3_pred_38.pdb	0	3584	0.700683	A=C,B=D,C=A,D=B
8BWL-assembly1.cif	afm_basic_model_1_multimer_v3_pred_35.pdb	0	164	0.700675	A=C,B=B,C=A,D=D
8BWL-assembly1.cif	afm_basic_model_5_multimer_v3_pred_63.pdb	0	999	0.700673	A=C,B=D,C=A,D=B
8BWL-assembly1.cif	cf_dropout_full_woTemplates_model_3_multimer_v2_pred_11.pdb	0	6503	0.700654	A=C,B=D,C=A,D=B
8BWL-assembly1.cif	afm_dropout_full_woTemplates_model_5_multimer_v2_pred_59.pdb	0	2937	0.700639	A=C,B=D,C=A,D=B
8BWL-assembly1.cif	cf_dropout_full_woTemplates_model_3_multimer_v2_pred_38.pdb	0	6532	0.700625	A=C,B=B,C=A,D=D
8BWL-assembly1.cif	afm_dropout_noSM_woTemplates_model_1_multimer_v2_pred_51.pdb	0	4135	0.700621	A=C,B=D,C=A,D=B
8BWL-assembly1.cif	cf_dropout_full_woTemplates_model_3_multimer_v2_pred_58.pdb	0	6554	0.700585	A=C,B=D,C=A,D=B
8BWL-assembly1.cif	cf_dropout_full_woTemplates_model_4_multimer_v2_pred_21.pdb	0	6715	0.700579	A=C,B=B,C=A,D=D
8BWL-assembly1.cif	afm_basic_model_1_multimer_v3_pred_33.pdb	0	162	0.700578	A=C,B=D,C=A,D=B
8BWL-assembly1.cif	cf_woTemplates_model_3_multimer_v2_pred_49.pdb	0	7549	0.700571	A=A,B=D,C=C,D=B
8BWL-assembly1.cif	afm_dropout_full_woTemplates_r3_model_2_multimer_v3_pred_15.pdb	0	3358	0.70057	A=A,B=D,C=C,D=B
8BWL-assembly1.cif	afm_dropout_full_woTemplates_r3_model_3_multimer_v1_pred_65.pdb	0	3480	0.700568	A=C,B=B,C=A,D=D
8BWL-assembly1.cif	cf_woTemplates_model_3_multimer_v2_pred_50.pdb	0	7551	0.700566	A=A,B=B,C=C,D=D
8BWL-assembly1.cif	afm_woTemplates_model_1_multimer_v2_pred_45.pdb	0	5133	0.700542	A=C,B=B,C=A,D=D
8BWL-assembly1.cif	afm_dropout_full_woTemplates_model_4_multimer_v2_pred_27.pdb	0	2701	0.70054	A=C,B=B,C=A,D=D
8BWL-assembly1.cif	afm_basic_model_1_multimer_v3_pred_28.pdb	0	156	0.700519	A=C,B=D,C=A,D=B
8BWL-assembly1.cif	afm_woTemplates_model_3_multimer_v1_pred_53.pdb	0	5477	0.700516	A=A,B=D,C=C,D=B
8BWL-assembly1.cif	afm_basic_model_1_multimer_v3_pred_13.pdb	0	140	0.700484	A=A,B=D,C=C,D=B
8BWL-assembly1.cif	cf_woTemplates_model_2_multimer_v1_pred_29.pdb	0	7259	0.700476	A=A,B=D,C=C,D=B
8BWL-assembly1.cif	afm_dropout_full_woTemplates_model_1_multimer_v2_pred_40.pdb	0	2113	0.700469	A=C,B=D,C=A,D=B
8BWL-assembly1.cif	afm_basic_model_1_multimer_v3_pred_51.pdb	0	182	0.700466	A=C,B=B,C=A,D=D
8BWL-assembly1.cif	cf_dropout_full_woTemplates_model_4_multimer_v1_pred_19.pdb	0	6645	0.700443	A=C,B=B,C=A,D=D
8BWL-assembly1.cif	cf_dropout_full_woTemplates_model_4_multimer_v2_pred_2.pdb	0	6713	0.700426	A=A,B=B,C=C,D=D
8BWL-assembly1.cif	cf_woTemplates_model_3_multimer_v2_pred_48.pdb	0	7548	0.700413	A=C,B=D,C=A,D=B
8BWL-assembly1.cif	afm_dropout_full_woTemplates_r3_model_4_multimer_v2_pred_57.pdb	0	3739	0.700399	A=A,B=D,C=C,D=B
8BWL-assembly1.cif	cf_dropout_full_woTemplates_model_3_multimer_v2_pred_28.pdb	0	6521	0.700397	A=A,B=D,C=C,D=B
8BWL-assembly1.cif	cf_woTemplates_model_5_multimer_v2_pred_62.pdb	0	7966	0.700392	A=C,B=D,C=A,D=B
8BWL-assembly1.cif	afm_dropout_full_model_1_multimer_v3_pred_52.pdb	0	1188	0.70039	A=C,B=B,C=A,D=D
8BWL-assembly1.cif	cf_woTemplates_model_2_multimer_v1_pred_56.pdb	0	7289	0.70039	A=C,B=B,C=A,D=D
8BWL-assembly1.cif	cf_woTemplates_model_3_multimer_v2_pred_25.pdb	0	7523	0.700387	A=A,B=B,C=C,D=D
8BWL-assembly1.cif	afm_woTemplates_model_1_multimer_v2_pred_3.pdb	0	5116	0.700387	A=C,B=B,C=A,D=D
8BWL-assembly1.cif	afm_basic_model_1_multimer_v3_pred_54.pdb	0	185	0.700376	A=A,B=D,C=C,D=B
8BWL-assembly1.cif	cf_dropout_full_woTemplates_model_2_multimer_v1_pred_24.pdb	0	6249	0.700373	A=A,B=B,C=C,D=D
8BWL-assembly1.cif	cf_dropout_full_woTemplates_model_5_multimer_v2_pred_62.pdb	0	6961	0.700348	A=C,B=D,C=A,D=B
8BWL-assembly1.cif	cf_dropout_full_woTemplates_model_5_multimer_v1_pred_20.pdb	0	6848	0.700339	A=C,B=B,C=A,D=D
8BWL-assembly1.cif	cf_dropout_full_woTemplates_model_2_multimer_v2_pred_17.pdb	0	6308	0.700333	A=A,B=D,C=C,D=B
8BWL-assembly1.cif	cf_dropout_full_woTemplates_model_2_multimer_v1_pred_20.pdb	0	6245	0.700305	A=A,B=D,C=C,D=B
8BWL-assembly1.cif	cf_dropout_full_woTemplates_model_1_multimer_v2_pred_31.pdb	0	6123	0.700285	A=A,B=D,C=C,D=B
8BWL-assembly1.cif	afm_dropout_full_woTemplates_r3_model_3_multimer_v2_pred_53.pdb	0	3534	0.700271	A=A,B=B,C=C,D=D
8BWL-assembly1.cif	afm_dropout_noSM_woTemplates_model_1_multimer_v2_pred_34.pdb	0	4116	0.700261	A=C,B=B,C=A,D=D
8BWL-assembly1.cif	afm_basic_model_5_multimer_v2_pred_58.pdb	0	926	0.700248	A=C,B=D,C=A,D=B
8BWL-assembly1.cif	afm_woTemplates_model_1_multimer_v2_pred_52.pdb	0	5141	0.700238	A=C,B=D,C=A,D=B
8BWL-assembly1.cif	afm_woTemplates_model_2_multimer_v2_pred_20.pdb	0	5307	0.700206	A=A,B=D,C=C,D=B
8BWL-assembly1.cif	afm_dropout_full_woTemplates_model_5_multimer_v2_pred_45.pdb	0	2922	0.7002	A=C,B=B,C=A,D=D
8BWL-assembly1.cif	afm_basic_model_1_multimer_v3_pred_31.pdb	0	160	0.700197	A=C,B=B,C=A,D=D
8BWL-assembly1.cif	afm_dropout_noSM_woTemplates_model_4_multimer_v2_pred_54.pdb	0	4741	0.700193	A=A,B=B,C=C,D=D
8BWL-assembly1.cif	cf_dropout_full_woTemplates_model_5_multimer_v2_pred_47.pdb	0	6944	0.700183	A=C,B=D,C=A,D=B
8BWL-assembly1.cif	cf_dropout_full_woTemplates_model_5_multimer_v2_pred_19.pdb	0	6913	0.700159	A=A,B=D,C=C,D=B
8BWL-assembly1.cif	afm_dropout_full_model_1_multimer_v3_pred_66.pdb	0	1203	0.700156	A=A,B=D,C=C,D=B
8BWL-assembly1.cif	cf_woTemplates_model_1_multimer_v2_pred_26.pdb	0	7122	0.700152	A=C,B=B,C=A,D=D
8BWL-assembly1.cif	afm_woTemplates_model_1_multimer_v2_pred_42.pdb	0	5130	0.700142	A=C,B=D,C=A,D=B
8BWL-assembly1.cif	afm_dropout_noSM_woTemplates_model_1_multimer_v2_pred_62.pdb	0	4147	0.700134	A=C,B=B,C=A,D=D
8BWL-assembly1.cif	cf_dropout_full_woTemplates_model_4_multimer_v2_pred_8.pdb	0	6766	0.700129	A=C,B=B,C=A,D=D
8BWL-assembly1.cif	afm_woTemplates_model_1_multimer_v2_pred_8.pdb	0	5158	0.700091	A=A,B=B,C=C,D=D
8BWL-assembly1.cif	cf_dropout_full_woTemplates_model_4_multimer_v1_pred_41.pdb	0	6670	0.700076	A=A,B=D,C=C,D=B
8BWL-assembly1.cif	cf_dropout_full_woTemplates_model_2_multimer_v1_pred_19.pdb	0	6243	0.700075	A=A,B=D,C=C,D=B
8BWL-assembly1.cif	afm_basic_model_1_multimer_v3_pred_9.pdb	0	201	0.700073	A=C,B=D,C=A,D=B
8BWL-assembly1.cif	afm_dropout_full_woTemplates_r3_model_1_multimer_v1_pred_55.pdb	0	3067	0.700072	A=C,B=B,C=A,D=D
8BWL-assembly1.cif	afm_woTemplates_model_5_multimer_v2_pred_23.pdb	0	5913	0.700071	A=C,B=B,C=A,D=D
8BWL-assembly1.cif	afm_dropout_full_model_1_multimer_v3_pred_31.pdb	0	1165	0.700071	A=C,B=D,C=A,D=B
8BWL-assembly1.cif	cf_woTemplates_model_5_multimer_v2_pred_20.pdb	0	7920	0.700063	A=C,B=D,C=A,D=B
8BWL-assembly1.cif	cf_dropout_full_woTemplates_model_5_multimer_v2_pred_49.pdb	0	6946	0.700057	A=C,B=D,C=A,D=B
8BWL-assembly1.cif	cf_woTemplates_model_3_multimer_v2_pred_4.pdb	0	7539	0.700055	A=C,B=D,C=A,D=B
8BWL-assembly1.cif	afm_woTemplates_model_1_multimer_v2_pred_7.pdb	0	5157	0.700051	A=C,B=D,C=A,D=B
8BWL-assembly1.cif	cf_dropout_full_woTemplates_model_5_multimer_v2_pred_1.pdb	0	6903	0.700032	A=A,B=D,C=C,D=B
8BWL-assembly1.cif	afm_woTemplates_model_4_multimer_v2_pred_53.pdb	0	5745	0.700005	A=C,B=B,C=A,D=D
8BWL-assembly1.cif	cf_dropout_full_woTemplates_model_4_multimer_v3_pred_14.pdb	0	6774	0.699988	A=A,B=B,C=C,D=D
8BWL-assembly1.cif	afm_dropout_full_woTemplates_model_5_multimer_v2_pred_48.pdb	0	2925	0.699983	A=A,B=B,C=C,D=D
8BWL-assembly1.cif	afm_dropout_full_woTemplates_model_5_multimer_v2_pred_42.pdb	0	2919	0.699978	A=C,B=B,C=A,D=D
8BWL-assembly1.cif	afm_basic_model_1_multimer_v3_pred_41.pdb	0	171	0.699975	A=A,B=D,C=C,D=B
8BWL-assembly1.cif	afm_dropout_full_woTemplates_r3_model_1_multimer_v2_pred_2.pdb	0	3095	0.699965	A=C,B=D,C=A,D=B
8BWL-assembly1.cif	afm_woTemplates_model_3_multimer_v1_pred_46.pdb	0	5469	0.699965	A=C,B=B,C=A,D=D
8BWL-assembly1.cif	cf_woTemplates_model_4_multimer_v2_pred_49.pdb	0	7750	0.699958	A=A,B=D,C=C,D=B
8BWL-assembly1.cif	cf_dropout_full_woTemplates_model_4_multimer_v1_pred_3.pdb	0	6657	0.699952	A=C,B=D,C=A,D=B
8BWL-assembly1.cif	cf_dropout_full_woTemplates_model_4_multimer_v2_pred_45.pdb	0	6741	0.699939	A=A,B=B,C=C,D=D
8BWL-assembly1.cif	cf_dropout_full_woTemplates_model_5_multimer_v1_pred_61.pdb	0	6893	0.699923	A=A,B=B,C=C,D=D
8BWL-assembly1.cif	cf_woTemplates_model_3_multimer_v2_pred_22.pdb	0	7520	0.699922	A=A,B=D,C=C,D=B
8BWL-assembly1.cif	cf_dropout_full_woTemplates_model_4_multimer_v1_pred_49.pdb	0	6678	0.699902	A=C,B=B,C=A,D=D
8BWL-assembly1.cif	afm_basic_model_1_multimer_v3_pred_32.pdb	0	161	0.699892	A=A,B=B,C=C,D=D
8BWL-assembly1.cif	afm_basic_model_1_multimer_v3_pred_61.pdb	0	193	0.699889	A=C,B=D,C=A,D=B
8BWL-assembly1.cif	cf_dropout_full_woTemplates_model_3_multimer_v2_pred_17.pdb	0	6509	0.699887	A=A,B=B,C=C,D=D
8BWL-assembly1.cif	afm_basic_model_1_multimer_v3_pred_58.pdb	0	189	0.699864	A=C,B=D,C=A,D=B
8BWL-assembly1.cif	cf_woTemplates_model_2_multimer_v2_pred_59.pdb	0	7359	0.699855	A=A,B=B,C=C,D=D
8BWL-assembly1.cif	afm_dropout_full_model_1_multimer_v3_pred_45.pdb	0	1180	0.699844	A=C,B=B,C=A,D=D
8BWL-assembly1.cif	afm_dropout_noSM_woTemplates_model_1_multimer_v2_pred_38.pdb	0	4120	0.69982	A=C,B=D,C=A,D=B
8BWL-assembly1.cif	cf_dropout_full_woTemplates_model_5_multimer_v1_pred_47.pdb	0	6877	0.6998	A=C,B=D,C=A,D=B
8BWL-assembly1.cif	afm_basic_model_5_multimer_v3_pred_52.pdb	0	987	0.69979	A=A,B=D,C=C,D=B
8BWL-assembly1.cif	cf_woTemplates_model_2_multimer_v1_pred_20.pdb	0	7250	0.699778	A=A,B=D,C=C,D=B
8BWL-assembly1.cif	afm_dropout_full_model_5_multimer_v3_pred_15.pdb	0	1951	0.699755	A=A,B=B,C=C,D=D
8BWL-assembly1.cif	afm_basic_model_1_multimer_v3_pred_37.pdb	0	166	0.699746	A=C,B=B,C=A,D=D
8BWL-assembly1.cif	cf_woTemplates_model_4_multimer_v2_pred_19.pdb	0	7717	0.69973	A=C,B=D,C=A,D=B
8BWL-assembly1.cif	cf_woTemplates_model_2_multimer_v1_pred_15.pdb	0	7244	0.69971	A=A,B=D,C=C,D=B
8BWL-assembly1.cif	afm_dropout_full_woTemplates_r3_model_1_multimer_v2_pred_52.pdb	0	3131	0.699702	A=C,B=B,C=A,D=D
8BWL-assembly1.cif	afm_basic_model_1_multimer_v3_pred_21.pdb	0	149	0.699689	A=C,B=B,C=A,D=D
8BWL-assembly1.cif	cf_dropout_full_woTemplates_model_4_multimer_v3_pred_13.pdb	0	6773	0.699685	A=A,B=D,C=C,D=B
8BWL-assembly1.cif	cf_dropout_full_woTemplates_model_5_multimer_v3_pred_2.pdb	0	6981	0.69968	A=C,B=D,C=A,D=B
8BWL-assembly1.cif	afm_dropout_noSM_woTemplates_model_1_multimer_v2_pred_46.pdb	0	4129	0.699679	A=C,B=D,C=A,D=B
8BWL-assembly1.cif	cf_dropout_full_woTemplates_model_4_multimer_v2_pred_25.pdb	0	6719	0.699633	A=A,B=D,C=C,D=B
8BWL-assembly1.cif	afm_basic_model_5_multimer_v3_pred_50.pdb	0	985	0.699628	A=C,B=D,C=A,D=B
8BWL-assembly1.cif	afm_woTemplates_model_4_multimer_v2_pred_61.pdb	0	5754	0.699622	A=C,B=B,C=A,D=D
8BWL-assembly1.cif	cf_dropout_full_woTemplates_model_3_multimer_v2_pred_7.pdb	0	6564	0.699583	A=A,B=B,C=C,D=D
8BWL-assembly1.cif	afm_dropout_full_model_4_multimer_v3_pred_64.pdb	0	1804	0.699558	A=A,B=B,C=C,D=D
8BWL-assembly1.cif	afm_basic_model_1_multimer_v3_pred_14.pdb	0	141	0.699554	A=C,B=D,C=A,D=B
8BWL-assembly1.cif	cf_woTemplates_model_5_multimer_v2_pred_40.pdb	0	7942	0.699552	A=C,B=B,C=A,D=D
8BWL-assembly1.cif	afm_dropout_full_woTemplates_r3_model_2_multimer_v2_pred_43.pdb	0	3322	0.699549	A=A,B=B,C=C,D=D
8BWL-assembly1.cif	cf_dropout_full_woTemplates_model_4_multimer_v2_pred_41.pdb	0	6737	0.699542	A=C,B=D,C=A,D=B
8BWL-assembly1.cif	afm_dropout_full_woTemplates_model_4_multimer_v2_pred_57.pdb	0	2734	0.699533	A=C,B=B,C=A,D=D
8BWL-assembly1.cif	afm_dropout_full_woTemplates_r3_model_1_multimer_v2_pred_49.pdb	0	3127	0.699531	A=C,B=B,C=A,D=D
8BWL-assembly1.cif	cf_dropout_full_woTemplates_model_4_multimer_v2_pred_46.pdb	0	6742	0.699525	A=A,B=D,C=C,D=B
8BWL-assembly1.cif	cf_woTemplates_model_5_multimer_v1_pred_38.pdb	0	7872	0.699488	A=A,B=B,C=C,D=D
8BWL-assembly1.cif	cf_dropout_full_woTemplates_model_5_multimer_v2_pred_7.pdb	0	6966	0.699476	A=C,B=B,C=A,D=D
8BWL-assembly1.cif	afm_dropout_full_woTemplates_r3_model_3_multimer_v3_pred_1.pdb	0	3553	0.69947	A=C,B=D,C=A,D=B
8BWL-assembly1.cif	cf_dropout_full_woTemplates_model_2_multimer_v1_pred_50.pdb	0	6278	0.699457	A=C,B=D,C=A,D=B
8BWL-assembly1.cif	cf_woTemplates_model_1_multimer_v2_pred_13.pdb	0	7108	0.699447	A=C,B=D,C=A,D=B
8BWL-assembly1.cif	cf_dropout_full_woTemplates_model_5_multimer_v2_pred_31.pdb	0	6927	0.699438	A=C,B=D,C=A,D=B
8BWL-assembly1.cif	cf_woTemplates_model_5_multimer_v1_pred_37.pdb	0	7871	0.699399	A=C,B=B,C=A,D=D
8BWL-assembly1.cif	cf_dropout_full_woTemplates_model_3_multimer_v2_pred_64.pdb	0	6561	0.699398	A=C,B=D,C=A,D=B
8BWL-assembly1.cif	afm_woTemplates_model_2_multimer_v2_pred_25.pdb	0	5312	0.699376	A=A,B=B,C=C,D=D
8BWL-assembly1.cif	cf_woTemplates_model_5_multimer_v2_pred_41.pdb	0	7943	0.699369	A=C,B=D,C=A,D=B
8BWL-assembly1.cif	afm_dropout_noSM_woTemplates_model_1_multimer_v2_pred_8.pdb	0	4153	0.699368	A=A,B=B,C=C,D=D
8BWL-assembly1.cif	cf_woTemplates_model_1_multimer_v2_pred_42.pdb	0	7140	0.699348	A=C,B=D,C=A,D=B
8BWL-assembly1.cif	cf_woTemplates_model_3_multimer_v2_pred_19.pdb	0	7516	0.699326	A=A,B=B,C=C,D=D
8BWL-assembly1.cif	afm_dropout_full_woTemplates_r3_model_1_multimer_v2_pred_11.pdb	0	3086	0.699317	A=A,B=D,C=C,D=B
8BWL-assembly1.cif	cf_dropout_full_woTemplates_model_4_multimer_v1_pred_34.pdb	0	6662	0.699316	A=A,B=D,C=C,D=B
8BWL-assembly1.cif	cf_woTemplates_model_5_multimer_v2_pred_44.pdb	0	7946	0.6993	A=C,B=D,C=A,D=B
8BWL-assembly1.cif	afm_dropout_noSM_woTemplates_model_4_multimer_v2_pred_20.pdb	0	4704	0.699276	A=A,B=D,C=C,D=B
8BWL-assembly1.cif	afm_dropout_full_model_1_multimer_v3_pred_49.pdb	0	1184	0.699272	A=A,B=B,C=C,D=D
8BWL-assembly1.cif	afm_woTemplates_model_5_multimer_v2_pred_63.pdb	0	5957	0.699266	A=C,B=B,C=A,D=D
8BWL-assembly1.cif	afm_dropout_full_model_1_multimer_v3_pred_56.pdb	0	1192	0.699218	A=C,B=D,C=A,D=B
8BWL-assembly1.cif	afm_dropout_full_model_1_multimer_v3_pred_13.pdb	0	1145	0.699208	A=A,B=D,C=C,D=B
8BWL-assembly1.cif	cf_dropout_full_woTemplates_model_5_multimer_v2_pred_52.pdb	0	6950	0.699196	A=C,B=B,C=A,D=D
8BWL-assembly1.cif	afm_dropout_full_woTemplates_model_4_multimer_v2_pred_51.pdb	0	2728	0.699193	A=C,B=D,C=A,D=B
8BWL-assembly1.cif	afm_dropout_full_model_4_multimer_v2_pred_24.pdb	0	1693	0.699169	A=C,B=B,C=A,D=D
8BWL-assembly1.cif	cf_dropout_full_woTemplates_model_5_multimer_v2_pred_65.pdb	0	6964	0.699155	A=C,B=D,C=A,D=B
8BWL-assembly1.cif	afm_woTemplates_model_1_multimer_v2_pred_10.pdb	0	5095	0.699152	A=C,B=D,C=A,D=B
8BWL-assembly1.cif	cf_dropout_full_woTemplates_model_1_multimer_v2_pred_47.pdb	0	6140	0.699146	A=C,B=D,C=A,D=B
8BWL-assembly1.cif	afm_dropout_full_woTemplates_model_3_multimer_v2_pred_0.pdb	0	2480	0.699138	A=C,B=D,C=A,D=B
8BWL-assembly1.cif	afm_dropout_full_woTemplates_r3_model_5_multimer_v2_pred_39.pdb	0	3920	0.699131	A=A,B=D,C=C,D=B
8BWL-assembly1.cif	afm_dropout_noSM_woTemplates_model_4_multimer_v2_pred_5.pdb	0	4736	0.699128	A=C,B=B,C=A,D=D
8BWL-assembly1.cif	cf_dropout_full_woTemplates_model_1_multimer_v2_pred_54.pdb	0	6148	0.699108	A=C,B=D,C=A,D=B
8BWL-assembly1.cif	afm_dropout_full_woTemplates_r3_model_5_multimer_v1_pred_9.pdb	0	3886	0.6991	A=C,B=D,C=A,D=B
8BWL-assembly1.cif	cf_woTemplates_model_4_multimer_v1_pred_37.pdb	0	7670	0.699098	A=A,B=D,C=C,D=B
8BWL-assembly1.cif	afm_dropout_full_woTemplates_model_1_multimer_v2_pred_51.pdb	0	2125	0.699084	A=A,B=B,C=C,D=D
8BWL-assembly1.cif	afm_dropout_full_woTemplates_r3_model_2_multimer_v3_pred_34.pdb	0	3379	0.69908	A=A,B=D,C=C,D=B
8BWL-assembly1.cif	afm_basic_model_1_multimer_v3_pred_63.pdb	0	195	0.69908	A=C,B=B,C=A,D=D
8BWL-assembly1.cif	cf_dropout_full_woTemplates_model_4_multimer_v1_pred_39.pdb	0	6667	0.699048	A=A,B=D,C=C,D=B
8BWL-assembly1.cif	cf_dropout_full_woTemplates_model_5_multimer_v2_pred_9.pdb	0	6968	0.699031	A=C,B=B,C=A,D=D
8BWL-assembly1.cif	cf_dropout_full_woTemplates_model_2_multimer_v1_pred_16.pdb	0	6240	0.698965	A=A,B=D,C=C,D=B
8BWL-assembly1.cif	cf_woTemplates_model_4_multimer_v2_pred_10.pdb	0	7708	0.698964	A=A,B=B,C=C,D=D
8BWL-assembly1.cif	cf_dropout_full_woTemplates_model_1_multimer_v2_pred_66.pdb	0	6161	0.698932	A=C,B=D,C=A,D=B
8BWL-assembly1.cif	cf_woTemplates_model_4_multimer_v1_pred_66.pdb	0	7702	0.698923	A=C,B=B,C=A,D=D
8BWL-assembly1.cif	afm_dropout_full_woTemplates_model_1_multimer_v2_pred_59.pdb	0	2133	0.698906	A=C,B=B,C=A,D=D
8BWL-assembly1.cif	afm_basic_model_1_multimer_v3_pred_64.pdb	0	196	0.6989	A=A,B=D,C=C,D=B
8BWL-assembly1.cif	afm_dropout_full_model_5_multimer_v3_pred_50.pdb	0	1990	0.698888	A=C,B=B,C=A,D=D
8BWL-assembly1.cif	cf_woTemplates_model_3_multimer_v2_pred_60.pdb	0	7562	0.698888	A=C,B=D,C=A,D=B
8BWL-assembly1.cif	cf_woTemplates_model_2_multimer_v1_pred_14.pdb	0	7243	0.698884	A=C,B=D,C=A,D=B
8BWL-assembly1.cif	cf_woTemplates_model_2_multimer_v1_pred_30.pdb	0	7261	0.698875	A=A,B=B,C=C,D=D
8BWL-assembly1.cif	afm_dropout_full_woTemplates_r3_model_4_multimer_v2_pred_58.pdb	0	3740	0.698871	A=C,B=D,C=A,D=B
8BWL-assembly1.cif	afm_woTemplates_model_4_multimer_v1_pred_25.pdb	0	5647	0.698869	A=A,B=D,C=C,D=B
8BWL-assembly1.cif	cf_dropout_full_woTemplates_model_1_multimer_v2_pred_38.pdb	0	6130	0.69885	A=A,B=D,C=C,D=B
8BWL-assembly1.cif	cf_dropout_full_woTemplates_model_4_multimer_v2_pred_57.pdb	0	6754	0.698835	A=C,B=B,C=A,D=D
8BWL-assembly1.cif	cf_dropout_full_woTemplates_model_5_multimer_v2_pred_57.pdb	0	6955	0.698829	A=A,B=B,C=C,D=D
8BWL-assembly1.cif	cf_woTemplates_model_2_multimer_v2_pred_41.pdb	0	7340	0.698823	A=C,B=B,C=A,D=D
8BWL-assembly1.cif	afm_dropout_full_woTemplates_r3_model_4_multimer_v2_pred_11.pdb	0	3689	0.698804	A=C,B=B,C=A,D=D
8BWL-assembly1.cif	afm_dropout_full_woTemplates_r3_model_1_multimer_v2_pred_36.pdb	0	3113	0.698791	A=C,B=B,C=A,D=D
8BWL-assembly1.cif	cf_dropout_full_woTemplates_model_5_multimer_v1_pred_57.pdb	0	6888	0.69878	A=C,B=B,C=A,D=D
8BWL-assembly1.cif	cf_woTemplates_model_5_multimer_v2_pred_55.pdb	0	7958	0.698754	A=C,B=D,C=A,D=B
8BWL-assembly1.cif	cf_woTemplates_model_2_multimer_v1_pred_54.pdb	0	7287	0.698716	A=A,B=D,C=C,D=B
8BWL-assembly1.cif	afm_dropout_full_model_5_multimer_v3_pred_19.pdb	0	1955	0.698707	A=A,B=D,C=C,D=B
8BWL-assembly1.cif	cf_woTemplates_model_5_multimer_v2_pred_4.pdb	0	7941	0.698688	A=C,B=D,C=A,D=B
8BWL-assembly1.cif	afm_basic_model_1_multimer_v3_pred_12.pdb	0	139	0.698678	A=A,B=B,C=C,D=D
8BWL-assembly1.cif	afm_dropout_noSM_woTemplates_model_4_multimer_v2_pred_58.pdb	0	4745	0.698672	A=C,B=B,C=A,D=D
8BWL-assembly1.cif	cf_dropout_full_woTemplates_model_5_multimer_v1_pred_44.pdb	0	6874	0.698668	A=C,B=B,C=A,D=D
8BWL-assembly1.cif	afm_basic_model_5_multimer_v3_pred_65.pdb	0	1001	0.698667	A=A,B=B,C=C,D=D
8BWL-assembly1.cif	afm_basic_model_1_multimer_v3_pred_47.pdb	0	177	0.698647	A=C,B=D,C=A,D=B
8BWL-assembly1.cif	afm_basic_model_1_multimer_v3_pred_16.pdb	0	143	0.698643	A=A,B=D,C=C,D=B
8BWL-assembly1.cif	afm_dropout_full_woTemplates_r3_model_2_multimer_v2_pred_30.pdb	0	3308	0.698638	A=C,B=B,C=A,D=D
8BWL-assembly1.cif	afm_basic_model_5_multimer_v3_pred_39.pdb	0	972	0.698632	A=A,B=B,C=C,D=D
8BWL-assembly1.cif	cf_dropout_full_woTemplates_model_4_multimer_v3_pred_45.pdb	0	6808	0.69861	A=C,B=D,C=A,D=B
8BWL-assembly1.cif	afm_dropout_full_woTemplates_model_4_multimer_v2_pred_28.pdb	0	2702	0.698586	A=A,B=B,C=C,D=D
8BWL-assembly1.cif	afm_dropout_full_woTemplates_r3_model_1_multimer_v2_pred_38.pdb	0	3115	0.69857	A=A,B=B,C=C,D=D
8BWL-assembly1.cif	cf_woTemplates_model_5_multimer_v2_pred_26.pdb	0	7926	0.698567	A=C,B=B,C=A,D=D
8BWL-assembly1.cif	cf_woTemplates_model_4_multimer_v2_pred_62.pdb	0	7765	0.698555	A=C,B=D,C=A,D=B
8BWL-assembly1.cif	cf_dropout_full_woTemplates_model_3_multimer_v2_pred_32.pdb	0	6526	0.698549	A=C,B=D,C=A,D=B
8BWL-assembly1.cif	cf_dropout_full_woTemplates_model_5_multimer_v2_pred_42.pdb	0	6939	0.698542	A=A,B=B,C=C,D=D
8BWL-assembly1.cif	afm_dropout_full_woTemplates_model_1_multimer_v2_pred_17.pdb	0	2087	0.698527	A=C,B=D,C=A,D=B
8BWL-assembly1.cif	afm_dropout_full_woTemplates_r3_model_4_multimer_v2_pred_17.pdb	0	3695	0.698515	A=C,B=D,C=A,D=B
8BWL-assembly1.cif	cf_dropout_full_woTemplates_model_4_multimer_v2_pred_5.pdb	0	6746	0.698487	A=C,B=B,C=A,D=D
8BWL-assembly1.cif	cf_dropout_full_woTemplates_model_5_multimer_v2_pred_45.pdb	0	6942	0.698477	A=C,B=B,C=A,D=D
8BWL-assembly1.cif	afm_dropout_full_woTemplates_r3_model_4_multimer_v2_pred_42.pdb	0	3723	0.698464	A=A,B=D,C=C,D=B
8BWL-assembly1.cif	cf_dropout_full_woTemplates_model_3_multimer_v2_pred_12.pdb	0	6504	0.698437	A=A,B=B,C=C,D=D
8BWL-assembly1.cif	cf_dropout_full_woTemplates_model_1_multimer_v2_pred_6.pdb	0	6154	0.698422	A=A,B=B,C=C,D=D
8BWL-assembly1.cif	afm_dropout_full_woTemplates_model_1_multimer_v2_pred_20.pdb	0	2091	0.698422	A=A,B=D,C=C,D=B
8BWL-assembly1.cif	cf_dropout_full_woTemplates_model_3_multimer_v2_pred_16.pdb	0	6508	0.698419	A=C,B=D,C=A,D=B
8BWL-assembly1.cif	afm_dropout_full_model_1_multimer_v3_pred_7.pdb	0	1204	0.698396	A=A,B=D,C=C,D=B
8BWL-assembly1.cif	cf_dropout_full_woTemplates_model_4_multimer_v2_pred_3.pdb	0	6724	0.698348	A=C,B=B,C=A,D=D
8BWL-assembly1.cif	afm_dropout_full_model_1_multimer_v3_pred_65.pdb	0	1202	0.698335	A=A,B=B,C=C,D=D
8BWL-assembly1.cif	cf_woTemplates_model_4_multimer_v2_pred_55.pdb	0	7757	0.698315	A=A,B=B,C=C,D=D
8BWL-assembly1.cif	afm_dropout_full_woTemplates_r3_model_1_multimer_v2_pred_46.pdb	0	3124	0.698296	A=C,B=D,C=A,D=B
8BWL-assembly1.cif	afm_dropout_full_woTemplates_r3_model_5_multimer_v2_pred_37.pdb	0	3918	0.698288	A=C,B=D,C=A,D=B
8BWL-assembly1.cif	cf_dropout_full_woTemplates_model_5_multimer_v2_pred_56.pdb	0	6954	0.698261	A=A,B=B,C=C,D=D
8BWL-assembly1.cif	afm_basic_model_5_multimer_v3_pred_44.pdb	0	978	0.698259	A=A,B=B,C=C,D=D
8BWL-assembly1.cif	afm_dropout_noSM_woTemplates_model_4_multimer_v2_pred_40.pdb	0	4726	0.69823	A=C,B=D,C=A,D=B
8BWL-assembly1.cif	cf_woTemplates_model_5_multimer_v1_pred_10.pdb	0	7842	0.698225	A=C,B=B,C=A,D=D
8BWL-assembly1.cif	afm_dropout_noSM_woTemplates_model_1_multimer_v2_pred_53.pdb	0	4137	0.698217	A=A,B=B,C=C,D=D
8BWL-assembly1.cif	cf_dropout_full_woTemplates_model_5_multimer_v2_pred_64.pdb	0	6963	0.698184	A=A,B=D,C=C,D=B
8BWL-assembly1.cif	cf_woTemplates_model_5_multimer_v2_pred_46.pdb	0	7948	0.698139	A=A,B=D,C=C,D=B
8BWL-assembly1.cif	cf_woTemplates_model_5_multimer_v2_pred_57.pdb	0	7960	0.698139	A=C,B=B,C=A,D=D
8BWL-assembly1.cif	cf_woTemplates_model_3_multimer_v2_pred_0.pdb	0	7505	0.698101	A=C,B=D,C=A,D=B
8BWL-assembly1.cif	cf_dropout_full_woTemplates_model_1_multimer_v2_pred_17.pdb	0	6107	0.6981	A=C,B=B,C=A,D=D
8BWL-assembly1.cif	afm_dropout_full_woTemplates_r3_model_1_multimer_v2_pred_40.pdb	0	3118	0.698092	A=A,B=D,C=C,D=B
8BWL-assembly1.cif	afm_dropout_full_woTemplates_model_1_multimer_v2_pred_42.pdb	0	2115	0.698092	A=C,B=B,C=A,D=D
8BWL-assembly1.cif	cf_woTemplates_model_5_multimer_v2_pred_17.pdb	0	7916	0.698081	A=A,B=B,C=C,D=D
8BWL-assembly1.cif	cf_woTemplates_model_5_multimer_v1_pred_34.pdb	0	7868	0.698075	A=A,B=D,C=C,D=B
8BWL-assembly1.cif	cf_woTemplates_model_5_multimer_v2_pred_14.pdb	0	7913	0.698064	A=A,B=D,C=C,D=B
8BWL-assembly1.cif	cf_woTemplates_model_3_multimer_v2_pred_34.pdb	0	7533	0.698052	A=A,B=B,C=C,D=D
8BWL-assembly1.cif	cf_dropout_full_woTemplates_model_1_multimer_v2_pred_29.pdb	0	6120	0.698044	A=C,B=B,C=A,D=D
8BWL-assembly1.cif	afm_dropout_full_model_1_multimer_v3_pred_58.pdb	0	1194	0.698022	A=C,B=D,C=A,D=B
8BWL-assembly1.cif	cf_woTemplates_model_4_multimer_v2_pred_66.pdb	0	7769	0.697984	A=C,B=D,C=A,D=B
8BWL-assembly1.cif	afm_dropout_full_woTemplates_model_4_multimer_v3_pred_5.pdb	0	2793	0.697934	A=A,B=B,C=C,D=D
8BWL-assembly1.cif	cf_dropout_full_woTemplates_model_4_multimer_v2_pred_63.pdb	0	6761	0.697927	A=C,B=D,C=A,D=B
8BWL-assembly1.cif	afm_basic_model_5_multimer_v3_pred_7.pdb	0	1003	0.697903	A=C,B=B,C=A,D=D
8BWL-assembly1.cif	afm_dropout_full_woTemplates_r3_model_2_multimer_v2_pred_33.pdb	0	3311	0.697865	A=C,B=B,C=A,D=D
8BWL-assembly1.cif	cf_dropout_full_woTemplates_model_1_multimer_v2_pred_3.pdb	0	6121	0.69785	A=C,B=B,C=A,D=D
8BWL-assembly1.cif	cf_woTemplates_model_5_multimer_v2_pred_18.pdb	0	7917	0.697832	A=C,B=B,C=A,D=D
8BWL-assembly1.cif	cf_dropout_full_woTemplates_model_4_multimer_v2_pred_20.pdb	0	6714	0.697826	A=A,B=D,C=C,D=B
8BWL-assembly1.cif	cf_dropout_full_woTemplates_model_3_multimer_v2_pred_20.pdb	0	6513	0.697825	A=A,B=B,C=C,D=D
8BWL-assembly1.cif	cf_dropout_full_woTemplates_model_3_multimer_v2_pred_37.pdb	0	6531	0.697818	A=A,B=B,C=C,D=D
8BWL-assembly1.cif	afm_dropout_full_model_3_multimer_v2_pred_24.pdb	0	1492	0.697816	A=A,B=B,C=C,D=D
8BWL-assembly1.cif	cf_woTemplates_model_5_multimer_v2_pred_0.pdb	0	7907	0.697795	A=C,B=B,C=A,D=D
8BWL-assembly1.cif	cf_woTemplates_model_5_multimer_v2_pred_53.pdb	0	7956	0.697787	A=A,B=D,C=C,D=B
8BWL-assembly1.cif	cf_woTemplates_model_2_multimer_v2_pred_0.pdb	0	7304	0.697786	A=C,B=D,C=A,D=B
8BWL-assembly1.cif	cf_dropout_full_woTemplates_model_4_multimer_v2_pred_36.pdb	0	6731	0.697779	A=C,B=D,C=A,D=B
8BWL-assembly1.cif	afm_dropout_full_woTemplates_r3_model_1_multimer_v2_pred_8.pdb	0	3148	0.697778	A=A,B=D,C=C,D=B
8BWL-assembly1.cif	cf_woTemplates_model_5_multimer_v1_pred_22.pdb	0	7855	0.697771	A=A,B=D,C=C,D=B
8BWL-assembly1.cif	afm_dropout_full_woTemplates_model_1_multimer_v2_pred_33.pdb	0	2105	0.697766	A=A,B=B,C=C,D=D
8BWL-assembly1.cif	afm_dropout_full_woTemplates_model_5_multimer_v2_pred_21.pdb	0	2896	0.697756	A=C,B=B,C=A,D=D
8BWL-assembly1.cif	cf_woTemplates_model_5_multimer_v2_pred_61.pdb	0	7965	0.697742	A=C,B=D,C=A,D=B
8BWL-assembly1.cif	afm_dropout_full_woTemplates_r3_model_4_multimer_v2_pred_62.pdb	0	3745	0.697729	A=A,B=B,C=C,D=D
8BWL-assembly1.cif	afm_woTemplates_model_3_multimer_v1_pred_26.pdb	0	5447	0.69772	A=A,B=B,C=C,D=D
8BWL-assembly1.cif	afm_dropout_noSM_woTemplates_model_4_multimer_v2_pred_34.pdb	0	4719	0.69772	A=A,B=D,C=C,D=B
8BWL-assembly1.cif	afm_dropout_full_woTemplates_r3_model_1_multimer_v2_pred_48.pdb	0	3126	0.697718	A=C,B=B,C=A,D=D
8BWL-assembly1.cif	afm_basic_model_5_multimer_v3_pred_12.pdb	0	943	0.697713	A=C,B=B,C=A,D=D
8BWL-assembly1.cif	afm_dropout_full_woTemplates_model_5_multimer_v2_pred_55.pdb	0	2933	0.697709	A=A,B=B,C=C,D=D
8BWL-assembly1.cif	afm_dropout_full_woTemplates_r3_model_3_multimer_v1_pred_51.pdb	0	3465	0.697708	A=A,B=D,C=C,D=B
8BWL-assembly1.cif	cf_dropout_full_woTemplates_model_5_multimer_v2_pred_30.pdb	0	6926	0.697687	A=A,B=B,C=C,D=D
8BWL-assembly1.cif	cf_dropout_full_woTemplates_model_4_multimer_v2_pred_58.pdb	0	6755	0.697672	A=C,B=D,C=A,D=B
8BWL-assembly1.cif	afm_dropout_noSM_woTemplates_model_4_multimer_v2_pred_29.pdb	0	4713	0.697635	A=A,B=B,C=C,D=D
8BWL-assembly1.cif	cf_woTemplates_model_5_multimer_v2_pred_45.pdb	0	7947	0.697632	A=A,B=D,C=C,D=B
8BWL-assembly1.cif	cf_dropout_full_woTemplates_model_3_multimer_v2_pred_46.pdb	0	6541	0.69763	A=C,B=B,C=A,D=D
8BWL-assembly1.cif	cf_woTemplates_model_5_multimer_v2_pred_12.pdb	0	7911	0.697613	A=C,B=D,C=A,D=B
8BWL-assembly1.cif	afm_dropout_full_woTemplates_model_3_multimer_v1_pred_61.pdb	0	2471	0.697584	A=A,B=D,C=C,D=B
8BWL-assembly1.cif	afm_dropout_full_model_1_multimer_v3_pred_50.pdb	0	1186	0.697582	A=A,B=B,C=C,D=D
8BWL-assembly1.cif	cf_dropout_full_woTemplates_model_5_multimer_v2_pred_0.pdb	0	6902	0.697581	A=A,B=B,C=C,D=D
8BWL-assembly1.cif	cf_dropout_full_woTemplates_model_4_multimer_v2_pred_14.pdb	0	6707	0.697571	A=A,B=B,C=C,D=D
8BWL-assembly1.cif	cf_woTemplates_model_4_multimer_v2_pred_18.pdb	0	7716	0.697559	A=C,B=D,C=A,D=B
8BWL-assembly1.cif	cf_woTemplates_model_5_multimer_v1_pred_55.pdb	0	7891	0.697548	A=C,B=B,C=A,D=D
8BWL-assembly1.cif	afm_dropout_noSM_woTemplates_model_4_multimer_v2_pred_41.pdb	0	4727	0.697514	A=A,B=B,C=C,D=D
8BWL-assembly1.cif	cf_dropout_full_woTemplates_model_4_multimer_v3_pred_38.pdb	0	6800	0.697514	A=A,B=B,C=C,D=D
8BWL-assembly1.cif	afm_basic_model_5_multimer_v3_pred_55.pdb	0	990	0.697498	A=C,B=D,C=A,D=B
8BWL-assembly1.cif	afm_dropout_noSM_woTemplates_model_3_multimer_v2_pred_8.pdb	0	4555	0.69748	A=C,B=B,C=A,D=D
8BWL-assembly1.cif	afm_basic_model_5_multimer_v3_pred_46.pdb	0	980	0.697451	A=C,B=D,C=A,D=B
8BWL-assembly1.cif	cf_woTemplates_model_5_multimer_v2_pred_25.pdb	0	7925	0.697447	A=A,B=B,C=C,D=D
8BWL-assembly1.cif	cf_woTemplates_model_3_multimer_v2_pred_54.pdb	0	7555	0.69744	A=A,B=B,C=C,D=D
8BWL-assembly1.cif	cf_woTemplates_model_5_multimer_v2_pred_33.pdb	0	7934	0.697414	A=C,B=D,C=A,D=B
8BWL-assembly1.cif	afm_dropout_full_woTemplates_r3_model_3_multimer_v2_pred_50.pdb	0	3531	0.697397	A=C,B=D,C=A,D=B
8BWL-assembly1.cif	cf_dropout_full_woTemplates_model_5_multimer_v2_pred_6.pdb	0	6958	0.697358	A=C,B=D,C=A,D=B
8BWL-assembly1.cif	afm_dropout_full_woTemplates_r3_model_4_multimer_v2_pred_41.pdb	0	3722	0.697344	A=C,B=D,C=A,D=B
8BWL-assembly1.cif	cf_woTemplates_model_2_multimer_v1_pred_63.pdb	0	7297	0.697333	A=C,B=B,C=A,D=D
8BWL-assembly1.cif	cf_woTemplates_model_5_multimer_v2_pred_24.pdb	0	7924	0.697329	A=A,B=D,C=C,D=B
8BWL-assembly1.cif	cf_woTemplates_model_4_multimer_v2_pred_28.pdb	0	7727	0.697323	A=A,B=D,C=C,D=B
8BWL-assembly1.cif	cf_dropout_full_woTemplates_model_1_multimer_v2_pred_34.pdb	0	6126	0.697292	A=A,B=B,C=C,D=D
8BWL-assembly1.cif	cf_woTemplates_model_4_multimer_v2_pred_22.pdb	0	7721	0.697281	A=A,B=D,C=C,D=B
8BWL-assembly1.cif	cf_dropout_full_woTemplates_model_2_multimer_v1_pred_46.pdb	0	6273	0.697263	A=C,B=B,C=A,D=D
8BWL-assembly1.cif	cf_woTemplates_model_4_multimer_v1_pred_55.pdb	0	7690	0.697258	A=C,B=B,C=A,D=D
8BWL-assembly1.cif	afm_woTemplates_model_1_multimer_v2_pred_54.pdb	0	5143	0.697254	A=C,B=B,C=A,D=D
8BWL-assembly1.cif	afm_dropout_noSM_woTemplates_model_1_multimer_v2_pred_43.pdb	0	4126	0.697252	A=C,B=B,C=A,D=D
8BWL-assembly1.cif	cf_dropout_full_woTemplates_model_5_multimer_v2_pred_22.pdb	0	6917	0.697231	A=C,B=B,C=A,D=D
8BWL-assembly1.cif	afm_dropout_noSM_woTemplates_model_4_multimer_v2_pred_19.pdb	0	4702	0.697212	A=A,B=D,C=C,D=B
8BWL-assembly1.cif	cf_woTemplates_model_5_multimer_v2_pred_47.pdb	0	7949	0.697203	A=C,B=D,C=A,D=B
8BWL-assembly1.cif	afm_dropout_full_woTemplates_r3_model_3_multimer_v3_pred_56.pdb	0	3604	0.697178	A=A,B=B,C=C,D=D
8BWL-assembly1.cif	afm_basic_model_5_multimer_v3_pred_28.pdb	0	960	0.697173	A=C,B=D,C=A,D=B
8BWL-assembly1.cif	cf_woTemplates_model_3_multimer_v2_pred_17.pdb	0	7514	0.697173	A=A,B=D,C=C,D=B
8BWL-assembly1.cif	afm_basic_model_5_multimer_v3_pred_3.pdb	0	962	0.69716	A=C,B=B,C=A,D=D
8BWL-assembly1.cif	cf_dropout_full_woTemplates_model_5_multimer_v2_pred_53.pdb	0	6951	0.697152	A=C,B=B,C=A,D=D
8BWL-assembly1.cif	cf_dropout_full_woTemplates_model_5_multimer_v1_pred_46.pdb	0	6876	0.697141	A=C,B=B,C=A,D=D
8BWL-assembly1.cif	afm_basic_model_5_multimer_v3_pred_9.pdb	0	1005	0.697138	A=C,B=B,C=A,D=D
8BWL-assembly1.cif	cf_woTemplates_model_3_multimer_v2_pred_57.pdb	0	7558	0.697137	A=A,B=B,C=C,D=D
8BWL-assembly1.cif	afm_dropout_full_woTemplates_model_4_multimer_v2_pred_21.pdb	0	2695	0.6971	A=C,B=D,C=A,D=B
8BWL-assembly1.cif	cf_dropout_full_woTemplates_model_4_multimer_v2_pred_43.pdb	0	6739	0.697079	A=A,B=D,C=C,D=B
8BWL-assembly1.cif	cf_woTemplates_model_4_multimer_v2_pred_13.pdb	0	7711	0.697065	A=A,B=D,C=C,D=B
8BWL-assembly1.cif	afm_dropout_full_model_5_multimer_v3_pred_5.pdb	0	1989	0.697062	A=C,B=B,C=A,D=D
8BWL-assembly1.cif	afm_dropout_noSM_woTemplates_model_4_multimer_v2_pred_4.pdb	0	4725	0.697058	A=A,B=D,C=C,D=B
8BWL-assembly1.cif	afm_woTemplates_model_4_multimer_v2_pred_35.pdb	0	5725	0.697052	A=A,B=D,C=C,D=B
8BWL-assembly1.cif	cf_woTemplates_model_3_multimer_v2_pred_52.pdb	0	7553	0.697051	A=C,B=D,C=A,D=B
8BWL-assembly1.cif	afm_basic_model_5_multimer_v3_pred_18.pdb	0	949	0.697037	A=A,B=B,C=C,D=D
8BWL-assembly1.cif	afm_woTemplates_model_4_multimer_v2_pred_3.pdb	0	5719	0.697037	A=C,B=B,C=A,D=D
8BWL-assembly1.cif	cf_woTemplates_model_4_multimer_v2_pred_56.pdb	0	7758	0.697034	A=C,B=D,C=A,D=B
8BWL-assembly1.cif	afm_dropout_full_model_5_multimer_v3_pred_57.pdb	0	1997	0.697014	A=A,B=B,C=C,D=D
8BWL-assembly1.cif	afm_dropout_full_woTemplates_r3_model_1_multimer_v2_pred_26.pdb	0	3102	0.697003	A=A,B=B,C=C,D=D
8BWL-assembly1.cif	afm_dropout_full_woTemplates_model_4_multimer_v2_pred_55.pdb	0	2732	0.696987	A=A,B=B,C=C,D=D
8BWL-assembly1.cif	cf_dropout_full_woTemplates_model_4_multimer_v2_pred_62.pdb	0	6760	0.696986	A=A,B=B,C=C,D=D
8BWL-assembly1.cif	cf_dropout_full_woTemplates_model_4_multimer_v2_pred_44.pdb	0	6740	0.696973	A=C,B=D,C=A,D=B
8BWL-assembly1.cif	cf_dropout_full_woTemplates_model_5_multimer_v2_pred_12.pdb	0	6906	0.696969	A=C,B=D,C=A,D=B
8BWL-assembly1.cif	cf_woTemplates_model_3_multimer_v2_pred_44.pdb	0	7544	0.696956	A=C,B=D,C=A,D=B
8BWL-assembly1.cif	cf_woTemplates_model_3_multimer_v2_pred_61.pdb	0	7563	0.696948	A=A,B=B,C=C,D=D
8BWL-assembly1.cif	afm_dropout_noSM_woTemplates_model_1_multimer_v2_pred_11.pdb	0	4091	0.696936	A=C,B=D,C=A,D=B
8BWL-assembly1.cif	afm_dropout_full_model_1_multimer_v3_pred_59.pdb	0	1195	0.696925	A=C,B=B,C=A,D=D
8BWL-assembly1.cif	cf_woTemplates_model_3_multimer_v2_pred_56.pdb	0	7557	0.696917	A=C,B=D,C=A,D=B
8BWL-assembly1.cif	cf_dropout_full_woTemplates_model_4_multimer_v2_pred_22.pdb	0	6716	0.696915	A=C,B=D,C=A,D=B
8BWL-assembly1.cif	cf_woTemplates_model_3_multimer_v2_pred_33.pdb	0	7532	0.696911	A=A,B=B,C=C,D=D
8BWL-assembly1.cif	afm_dropout_full_woTemplates_model_4_multimer_v2_pred_3.pdb	0	2704	0.69691	A=C,B=D,C=A,D=B
8BWL-assembly1.cif	afm_dropout_full_woTemplates_r3_model_2_multimer_v2_pred_56.pdb	0	3336	0.696897	A=A,B=D,C=C,D=B
8BWL-assembly1.cif	cf_woTemplates_model_3_multimer_v2_pred_6.pdb	0	7561	0.696895	A=C,B=D,C=A,D=B
8BWL-assembly1.cif	afm_basic_model_5_multimer_v3_pred_54.pdb	0	989	0.696856	A=C,B=B,C=A,D=D
8BWL-assembly1.cif	cf_dropout_full_woTemplates_model_5_multimer_v2_pred_38.pdb	0	6934	0.696837	A=A,B=D,C=C,D=B
8BWL-assembly1.cif	afm_dropout_full_woTemplates_model_1_multimer_v2_pred_41.pdb	0	2114	0.696831	A=C,B=B,C=A,D=D
8BWL-assembly1.cif	cf_woTemplates_model_3_multimer_v2_pred_24.pdb	0	7522	0.696827	A=C,B=B,C=A,D=D
8BWL-assembly1.cif	cf_dropout_full_woTemplates_model_3_multimer_v2_pred_24.pdb	0	6517	0.696798	A=C,B=D,C=A,D=B
8BWL-assembly1.cif	cf_woTemplates_model_2_multimer_v2_pred_66.pdb	0	7367	0.696784	A=C,B=B,C=A,D=D
8BWL-assembly1.cif	cf_dropout_full_woTemplates_model_3_multimer_v2_pred_43.pdb	0	6538	0.696782	A=A,B=D,C=C,D=B
8BWL-assembly1.cif	afm_dropout_full_woTemplates_r3_model_1_multimer_v2_pred_42.pdb	0	3120	0.696747	A=C,B=B,C=A,D=D
8BWL-assembly1.cif	cf_woTemplates_model_5_multimer_v2_pred_9.pdb	0	7973	0.696741	A=A,B=B,C=C,D=D
8BWL-assembly1.cif	cf_woTemplates_model_5_multimer_v1_pred_12.pdb	0	7844	0.696732	A=C,B=B,C=A,D=D
8BWL-assembly1.cif	afm_dropout_full_woTemplates_r3_model_3_multimer_v3_pred_57.pdb	0	3605	0.696721	A=C,B=D,C=A,D=B
8BWL-assembly1.cif	cf_woTemplates_model_4_multimer_v2_pred_32.pdb	0	7732	0.696702	A=A,B=D,C=C,D=B
8BWL-assembly1.cif	afm_dropout_noSM_woTemplates_model_1_multimer_v2_pred_44.pdb	0	4127	0.696636	A=A,B=B,C=C,D=D
8BWL-assembly1.cif	cf_dropout_full_woTemplates_model_5_multimer_v2_pred_16.pdb	0	6910	0.696609	A=A,B=D,C=C,D=B
8BWL-assembly1.cif	cf_woTemplates_model_4_multimer_v2_pred_60.pdb	0	7763	0.696544	A=A,B=D,C=C,D=B
8BWL-assembly1.cif	afm_dropout_full_woTemplates_model_4_multimer_v2_pred_22.pdb	0	2696	0.696539	A=C,B=D,C=A,D=B
8BWL-assembly1.cif	afm_dropout_full_woTemplates_r3_model_1_multimer_v2_pred_28.pdb	0	3104	0.696534	A=C,B=D,C=A,D=B
8BWL-assembly1.cif	afm_dropout_noSM_woTemplates_model_4_multimer_v2_pred_14.pdb	0	4697	0.696517	A=C,B=B,C=A,D=D
8BWL-assembly1.cif	afm_woTemplates_model_1_multimer_v2_pred_55.pdb	0	5144	0.696483	A=C,B=D,C=A,D=B
8BWL-assembly1.cif	cf_woTemplates_model_4_multimer_v1_pred_5.pdb	0	7684	0.696481	A=A,B=D,C=C,D=B
8BWL-assembly1.cif	afm_dropout_full_woTemplates_model_4_multimer_v2_pred_5.pdb	0	2726	0.696478	A=A,B=D,C=C,D=B
8BWL-assembly1.cif	cf_dropout_full_woTemplates_model_4_multimer_v2_pred_9.pdb	0	6767	0.696449	A=A,B=D,C=C,D=B
8BWL-assembly1.cif	cf_dropout_full_woTemplates_model_4_multimer_v3_pred_11.pdb	0	6771	0.696402	A=C,B=D,C=A,D=B
8BWL-assembly1.cif	afm_dropout_full_model_1_multimer_v3_pred_1.pdb	0	1141	0.696394	A=A,B=D,C=C,D=B
8BWL-assembly1.cif	afm_dropout_full_woTemplates_r3_model_3_multimer_v1_pred_57.pdb	0	3471	0.696356	A=A,B=D,C=C,D=B
8BWL-assembly1.cif	afm_dropout_full_woTemplates_model_5_multimer_v2_pred_56.pdb	0	2934	0.696344	A=A,B=B,C=C,D=D
8BWL-assembly1.cif	cf_woTemplates_model_2_multimer_v2_pred_58.pdb	0	7358	0.696334	A=C,B=B,C=A,D=D
8BWL-assembly1.cif	cf_woTemplates_model_4_multimer_v2_pred_59.pdb	0	7761	0.696326	A=A,B=D,C=C,D=B
8BWL-assembly1.cif	afm_basic_model_5_multimer_v3_pred_36.pdb	0	969	0.696318	A=A,B=B,C=C,D=D
8BWL-assembly1.cif	afm_dropout_noSM_woTemplates_model_4_multimer_v2_pred_30.pdb	0	4715	0.696276	A=A,B=B,C=C,D=D
8BWL-assembly1.cif	afm_dropout_full_woTemplates_r3_model_1_multimer_v2_pred_10.pdb	0	3085	0.696256	A=C,B=B,C=A,D=D
8BWL-assembly1.cif	afm_dropout_noSM_woTemplates_model_1_multimer_v2_pred_21.pdb	0	4102	0.696247	A=C,B=D,C=A,D=B
8BWL-assembly1.cif	cf_woTemplates_model_3_multimer_v2_pred_59.pdb	0	7560	0.696222	A=A,B=B,C=C,D=D
8BWL-assembly1.cif	cf_dropout_full_woTemplates_model_3_multimer_v2_pred_59.pdb	0	6555	0.696221	A=C,B=D,C=A,D=B
8BWL-assembly1.cif	cf_dropout_full_woTemplates_model_4_multimer_v2_pred_28.pdb	0	6722	0.696186	A=A,B=B,C=C,D=D
8BWL-assembly1.cif	cf_woTemplates_model_4_multimer_v2_pred_40.pdb	0	7741	0.69617	A=C,B=B,C=A,D=D
8BWL-assembly1.cif	cf_dropout_full_woTemplates_model_5_multimer_v2_pred_29.pdb	0	6924	0.696161	A=C,B=B,C=A,D=D
8BWL-assembly1.cif	afm_dropout_full_model_3_multimer_v2_pred_1.pdb	0	1476	0.696134	A=C,B=B,C=A,D=D
8BWL-assembly1.cif	afm_woTemplates_model_4_multimer_v2_pred_24.pdb	0	5713	0.696125	A=C,B=B,C=A,D=D
8BWL-assembly1.cif	cf_dropout_full_woTemplates_model_5_multimer_v2_pred_25.pdb	0	6920	0.696125	A=C,B=D,C=A,D=B
8BWL-assembly1.cif	cf_woTemplates_model_2_multimer_v1_pred_18.pdb	0	7247	0.696114	A=C,B=B,C=A,D=D
8BWL-assembly1.cif	afm_woTemplates_model_1_multimer_v2_pred_53.pdb	0	5142	0.696027	A=A,B=D,C=C,D=B
8BWL-assembly1.cif	cf_dropout_full_woTemplates_model_2_multimer_v1_pred_25.pdb	0	6250	0.696026	A=C,B=B,C=A,D=D
8BWL-assembly1.cif	cf_dropout_full_woTemplates_model_5_multimer_v2_pred_15.pdb	0	6909	0.696008	A=C,B=B,C=A,D=D
8BWL-assembly1.cif	afm_dropout_noSM_woTemplates_model_4_multimer_v2_pred_49.pdb	0	4735	0.696006	A=A,B=B,C=C,D=D
8BWL-assembly1.cif	cf_dropout_full_woTemplates_model_5_multimer_v2_pred_2.pdb	0	6914	0.695986	A=C,B=B,C=A,D=D
8BWL-assembly1.cif	cf_dropout_full_woTemplates_model_4_multimer_v2_pred_40.pdb	0	6736	0.695982	A=A,B=B,C=C,D=D
8BWL-assembly1.cif	cf_woTemplates_model_4_multimer_v2_pred_37.pdb	0	7737	0.695972	A=C,B=B,C=A,D=D
8BWL-assembly1.cif	afm_woTemplates_model_3_multimer_v1_pred_13.pdb	0	5433	0.695957	A=A,B=D,C=C,D=B
8BWL-assembly1.cif	cf_dropout_full_woTemplates_model_4_multimer_v2_pred_52.pdb	0	6749	0.695955	A=C,B=D,C=A,D=B
8BWL-assembly1.cif	afm_basic_model_5_multimer_v3_pred_49.pdb	0	983	0.695949	A=A,B=D,C=C,D=B
8BWL-assembly1.cif	afm_dropout_full_woTemplates_r3_model_2_multimer_v2_pred_42.pdb	0	3321	0.695944	A=A,B=B,C=C,D=D
8BWL-assembly1.cif	cf_dropout_full_woTemplates_model_4_multimer_v2_pred_50.pdb	0	6747	0.69594	A=C,B=B,C=A,D=D
8BWL-assembly1.cif	cf_dropout_full_woTemplates_model_2_multimer_v1_pred_23.pdb	0	6248	0.69594	A=C,B=B,C=A,D=D
8BWL-assembly1.cif	afm_dropout_full_woTemplates_r3_model_1_multimer_v2_pred_13.pdb	0	3088	0.695909	A=C,B=D,C=A,D=B
8BWL-assembly1.cif	cf_dropout_full_woTemplates_model_4_multimer_v2_pred_24.pdb	0	6718	0.695888	A=C,B=B,C=A,D=D
8BWL-assembly1.cif	cf_woTemplates_model_4_multimer_v2_pred_20.pdb	0	7719	0.695874	A=A,B=B,C=C,D=D
8BWL-assembly1.cif	afm_dropout_full_woTemplates_model_5_multimer_v1_pred_60.pdb	0	2872	0.695856	A=C,B=B,C=A,D=D
8BWL-assembly1.cif	cf_woTemplates_model_3_multimer_v2_pred_63.pdb	0	7565	0.695843	A=A,B=B,C=C,D=D
8BWL-assembly1.cif	afm_basic_model_5_multimer_v3_pred_38.pdb	0	971	0.695824	A=A,B=B,C=C,D=D
8BWL-assembly1.cif	afm_basic_model_5_multimer_v3_pred_19.pdb	0	950	0.695814	A=A,B=B,C=C,D=D
8BWL-assembly1.cif	cf_woTemplates_model_5_multimer_v1_pred_21.pdb	0	7854	0.695781	A=C,B=B,C=A,D=D
8BWL-assembly1.cif	cf_dropout_full_woTemplates_model_2_multimer_v1_pred_56.pdb	0	6284	0.695772	A=C,B=B,C=A,D=D
8BWL-assembly1.cif	afm_woTemplates_model_1_multimer_v2_pred_36.pdb	0	5123	0.695754	A=C,B=D,C=A,D=B
8BWL-assembly1.cif	cf_woTemplates_model_4_multimer_v2_pred_6.pdb	0	7762	0.695735	A=C,B=B,C=A,D=D
8BWL-assembly1.cif	afm_dropout_full_model_5_multimer_v3_pred_12.pdb	0	1948	0.695731	A=C,B=D,C=A,D=B
8BWL-assembly1.cif	cf_dropout_full_woTemplates_model_4_multimer_v3_pred_48.pdb	0	6811	0.69573	A=C,B=D,C=A,D=B
8BWL-assembly1.cif	cf_dropout_full_woTemplates_model_4_multimer_v2_pred_0.pdb	0	6701	0.695723	A=A,B=D,C=C,D=B
8BWL-assembly1.cif	cf_woTemplates_model_5_multimer_v2_pred_36.pdb	0	7937	0.695722	A=A,B=B,C=C,D=D
8BWL-assembly1.cif	afm_dropout_noSM_woTemplates_model_5_multimer_v1_pred_53.pdb	0	4874	0.695719	A=C,B=B,C=A,D=D
8BWL-assembly1.cif	cf_dropout_full_woTemplates_model_1_multimer_v2_pred_35.pdb	0	6127	0.695704	A=A,B=B,C=C,D=D
8BWL-assembly1.cif	afm_dropout_noSM_woTemplates_model_1_multimer_v2_pred_23.pdb	0	4104	0.695704	A=C,B=D,C=A,D=B
8BWL-assembly1.cif	cf_woTemplates_model_1_multimer_v2_pred_50.pdb	0	7149	0.695687	A=A,B=D,C=C,D=B
8BWL-assembly1.cif	cf_woTemplates_model_5_multimer_v2_pred_7.pdb	0	7971	0.695668	A=C,B=D,C=A,D=B
8BWL-assembly1.cif	afm_dropout_full_woTemplates_model_1_multimer_v2_pred_12.pdb	0	2082	0.695667	A=C,B=D,C=A,D=B
8BWL-assembly1.cif	cf_woTemplates_model_4_multimer_v2_pred_17.pdb	0	7715	0.695666	A=C,B=D,C=A,D=B
8BWL-assembly1.cif	afm_dropout_full_model_1_multimer_v3_pred_54.pdb	0	1190	0.695665	A=C,B=B,C=A,D=D
8BWL-assembly1.cif	cf_woTemplates_model_5_multimer_v2_pred_42.pdb	0	7944	0.695635	A=C,B=B,C=A,D=D
8BWL-assembly1.cif	afm_basic_model_3_multimer_v2_pred_2.pdb	0	482	0.695605	A=A,B=B,C=C,D=D
8BWL-assembly1.cif	cf_dropout_full_woTemplates_model_3_multimer_v2_pred_52.pdb	0	6548	0.695602	A=C,B=B,C=A,D=D
8BWL-assembly1.cif	afm_dropout_full_model_1_multimer_v3_pred_29.pdb	0	1162	0.695592	A=A,B=B,C=C,D=D
8BWL-assembly1.cif	afm_dropout_full_woTemplates_model_1_multimer_v2_pred_52.pdb	0	2126	0.695567	A=C,B=D,C=A,D=B
8BWL-assembly1.cif	afm_basic_model_5_multimer_v3_pred_66.pdb	0	1002	0.695551	A=C,B=D,C=A,D=B
8BWL-assembly1.cif	cf_woTemplates_model_5_multimer_v2_pred_56.pdb	0	7959	0.695547	A=C,B=D,C=A,D=B
8BWL-assembly1.cif	cf_woTemplates_model_5_multimer_v2_pred_19.pdb	0	7918	0.695538	A=A,B=B,C=C,D=D
8BWL-assembly1.cif	cf_woTemplates_model_5_multimer_v2_pred_50.pdb	0	7953	0.695517	A=C,B=D,C=A,D=B
8BWL-assembly1.cif	afm_dropout_full_woTemplates_r3_model_1_multimer_v2_pred_57.pdb	0	3136	0.695485	A=C,B=B,C=A,D=D
8BWL-assembly1.cif	cf_woTemplates_model_4_multimer_v2_pred_30.pdb	0	7730	0.695437	A=A,B=B,C=C,D=D
8BWL-assembly1.cif	cf_dropout_full_woTemplates_model_5_multimer_v2_pred_23.pdb	0	6918	0.695423	A=C,B=B,C=A,D=D
8BWL-assembly1.cif	afm_basic_model_5_multimer_v3_pred_2.pdb	0	951	0.695389	A=C,B=B,C=A,D=D
8BWL-assembly1.cif	cf_dropout_full_woTemplates_model_4_multimer_v2_pred_66.pdb	0	6764	0.695385	A=C,B=D,C=A,D=B
8BWL-assembly1.cif	cf_woTemplates_model_4_multimer_v2_pred_23.pdb	0	7722	0.695379	A=C,B=D,C=A,D=B
8BWL-assembly1.cif	afm_woTemplates_model_4_multimer_v2_pred_50.pdb	0	5742	0.695374	A=A,B=D,C=C,D=B
8BWL-assembly1.cif	cf_dropout_full_woTemplates_model_3_multimer_v2_pred_19.pdb	0	6511	0.695333	A=C,B=B,C=A,D=D
8BWL-assembly1.cif	afm_woTemplates_model_3_multimer_v1_pred_64.pdb	0	5489	0.695315	A=A,B=D,C=C,D=B
8BWL-assembly1.cif	afm_dropout_noSM_woTemplates_model_1_multimer_v2_pred_63.pdb	0	4148	0.695304	A=A,B=D,C=C,D=B
8BWL-assembly1.cif	cf_woTemplates_model_3_multimer_v2_pred_35.pdb	0	7534	0.695234	A=A,B=B,C=C,D=D
8BWL-assembly1.cif	afm_dropout_noSM_woTemplates_model_4_multimer_v2_pred_63.pdb	0	4751	0.695222	A=C,B=B,C=A,D=D
8BWL-assembly1.cif	cf_woTemplates_model_4_multimer_v2_pred_48.pdb	0	7749	0.695218	A=C,B=B,C=A,D=D
8BWL-assembly1.cif	afm_woTemplates_model_3_multimer_v1_pred_58.pdb	0	5482	0.695206	A=C,B=B,C=A,D=D
8BWL-assembly1.cif	afm_dropout_noSM_woTemplates_model_4_multimer_v2_pred_56.pdb	0	4743	0.695193	A=A,B=B,C=C,D=D
8BWL-assembly1.cif	afm_dropout_full_model_1_multimer_v3_pred_43.pdb	0	1178	0.695189	A=C,B=B,C=A,D=D
8BWL-assembly1.cif	afm_basic_model_5_multimer_v3_pred_21.pdb	0	953	0.695184	A=C,B=D,C=A,D=B
8BWL-assembly1.cif	afm_dropout_noSM_woTemplates_model_1_multimer_v2_pred_36.pdb	0	4118	0.695182	A=A,B=D,C=C,D=B
8BWL-assembly1.cif	cf_dropout_full_woTemplates_model_5_multimer_v2_pred_10.pdb	0	6904	0.69516	A=C,B=B,C=A,D=D
8BWL-assembly1.cif	afm_dropout_noSM_woTemplates_model_4_multimer_v2_pred_2.pdb	0	4703	0.695156	A=C,B=D,C=A,D=B
8BWL-assembly1.cif	afm_dropout_full_woTemplates_r3_model_5_multimer_v2_pred_0.pdb	0	3887	0.695135	A=C,B=D,C=A,D=B
8BWL-assembly1.cif	afm_dropout_full_model_5_multimer_v3_pred_9.pdb	0	2010	0.695072	A=A,B=B,C=C,D=D
8BWL-assembly1.cif	afm_woTemplates_model_4_multimer_v2_pred_18.pdb	0	5706	0.695071	A=C,B=B,C=A,D=D
8BWL-assembly1.cif	afm_dropout_full_model_4_multimer_v2_pred_35.pdb	0	1705	0.695062	A=A,B=B,C=C,D=D
8BWL-assembly1.cif	cf_woTemplates_model_5_multimer_v2_pred_1.pdb	0	7908	0.69505	A=A,B=B,C=C,D=D
8BWL-assembly1.cif	cf_dropout_full_woTemplates_model_4_multimer_v3_pred_0.pdb	0	6768	0.695027	A=A,B=B,C=C,D=D
8BWL-assembly1.cif	afm_dropout_full_woTemplates_r3_model_1_multimer_v2_pred_25.pdb	0	3101	0.694971	A=A,B=D,C=C,D=B
8BWL-assembly1.cif	afm_basic_model_5_multimer_v3_pred_60.pdb	0	996	0.694952	A=A,B=B,C=C,D=D
8BWL-assembly1.cif	afm_basic_model_5_multimer_v3_pred_13.pdb	0	944	0.69493	A=C,B=D,C=A,D=B
8BWL-assembly1.cif	cf_woTemplates_model_5_multimer_v2_pred_38.pdb	0	7939	0.694927	A=A,B=D,C=C,D=B
8BWL-assembly1.cif	cf_woTemplates_model_3_multimer_v2_pred_21.pdb	0	7519	0.694923	A=C,B=D,C=A,D=B
8BWL-assembly1.cif	cf_dropout_full_woTemplates_model_3_multimer_v2_pred_50.pdb	0	6546	0.694875	A=C,B=B,C=A,D=D
8BWL-assembly1.cif	afm_dropout_noSM_woTemplates_model_4_multimer_v2_pred_12.pdb	0	4695	0.694875	A=A,B=B,C=C,D=D
8BWL-assembly1.cif	afm_dropout_full_woTemplates_r3_model_3_multimer_v2_pred_38.pdb	0	3517	0.694864	A=A,B=D,C=C,D=B
8BWL-assembly1.cif	cf_dropout_full_woTemplates_model_3_multimer_v2_pred_9.pdb	0	6566	0.694858	A=A,B=B,C=C,D=D
8BWL-assembly1.cif	afm_dropout_full_woTemplates_r3_model_2_multimer_v2_pred_50.pdb	0	3330	0.694842	A=C,B=B,C=A,D=D
8BWL-assembly1.cif	afm_basic_model_5_multimer_v3_pred_5.pdb	0	984	0.69483	A=C,B=D,C=A,D=B
8BWL-assembly1.cif	cf_dropout_full_woTemplates_model_5_multimer_v2_pred_61.pdb	0	6960	0.694814	A=C,B=B,C=A,D=D
8BWL-assembly1.cif	cf_dropout_full_woTemplates_model_1_multimer_v3_pred_12.pdb	0	6169	0.694782	A=C,B=B,C=A,D=D
8BWL-assembly1.cif	afm_dropout_noSM_woTemplates_model_4_multimer_v2_pred_53.pdb	0	4740	0.694767	A=A,B=B,C=C,D=D
8BWL-assembly1.cif	afm_dropout_full_woTemplates_model_4_multimer_v2_pred_58.pdb	0	2735	0.694764	A=A,B=B,C=C,D=D
8BWL-assembly1.cif	afm_woTemplates_model_1_multimer_v2_pred_25.pdb	0	5111	0.69476	A=A,B=D,C=C,D=B
8BWL-assembly1.cif	cf_woTemplates_model_5_multimer_v2_pred_13.pdb	0	7912	0.694703	A=C,B=B,C=A,D=D
8BWL-assembly1.cif	cf_woTemplates_model_5_multimer_v2_pred_59.pdb	0	7962	0.694665	A=A,B=B,C=C,D=D
8BWL-assembly1.cif	cf_woTemplates_model_5_multimer_v2_pred_22.pdb	0	7922	0.694654	A=C,B=D,C=A,D=B
8BWL-assembly1.cif	afm_dropout_full_woTemplates_model_4_multimer_v2_pred_26.pdb	0	2700	0.694581	A=C,B=D,C=A,D=B
8BWL-assembly1.cif	cf_woTemplates_model_3_multimer_v2_pred_37.pdb	0	7536	0.69458	A=C,B=B,C=A,D=D
8BWL-assembly1.cif	cf_woTemplates_model_3_multimer_v2_pred_38.pdb	0	7537	0.694577	A=A,B=D,C=C,D=B
8BWL-assembly1.cif	afm_basic_model_2_multimer_v1_pred_10.pdb	0	204	0.69456	A=A,B=D,C=C,D=B
8BWL-assembly1.cif	cf_woTemplates_model_5_multimer_v2_pred_64.pdb	0	7968	0.694555	A=A,B=B,C=C,D=D
8BWL-assembly1.cif	afm_dropout_full_woTemplates_r3_model_4_multimer_v2_pred_9.pdb	0	3752	0.694507	A=A,B=B,C=C,D=D
8BWL-assembly1.cif	cf_woTemplates_model_5_multimer_v1_pred_63.pdb	0	7900	0.694498	A=A,B=D,C=C,D=B
8BWL-assembly1.cif	cf_dropout_full_woTemplates_model_3_multimer_v2_pred_21.pdb	0	6514	0.694487	A=A,B=D,C=C,D=B
8BWL-assembly1.cif	afm_woTemplates_model_4_multimer_v2_pred_23.pdb	0	5712	0.694456	A=A,B=D,C=C,D=B
8BWL-assembly1.cif	cf_woTemplates_model_5_multimer_v2_pred_65.pdb	0	7969	0.694448	A=A,B=D,C=C,D=B
8BWL-assembly1.cif	cf_woTemplates_model_2_multimer_v1_pred_8.pdb	0	7302	0.694446	A=C,B=D,C=A,D=B
8BWL-assembly1.cif	cf_dropout_full_woTemplates_model_4_multimer_v2_pred_4.pdb	0	6735	0.69443	A=C,B=B,C=A,D=D
8BWL-assembly1.cif	cf_dropout_full_woTemplates_model_4_multimer_v2_pred_53.pdb	0	6750	0.694411	A=C,B=D,C=A,D=B
8BWL-assembly1.cif	cf_dropout_full_woTemplates_model_2_multimer_v1_pred_10.pdb	0	6234	0.694388	A=A,B=D,C=C,D=B
8BWL-assembly1.cif	cf_woTemplates_model_4_multimer_v2_pred_46.pdb	0	7747	0.694368	A=A,B=D,C=C,D=B
8BWL-assembly1.cif	afm_dropout_full_woTemplates_model_4_multimer_v2_pred_9.pdb	0	2747	0.694368	A=C,B=D,C=A,D=B
8BWL-assembly1.cif	cf_woTemplates_model_1_multimer_v2_pred_6.pdb	0	7159	0.694364	A=A,B=B,C=C,D=D
8BWL-assembly1.cif	cf_woTemplates_model_5_multimer_v2_pred_54.pdb	0	7957	0.694329	A=C,B=B,C=A,D=D
8BWL-assembly1.cif	afm_dropout_full_woTemplates_r3_model_2_multimer_v2_pred_26.pdb	0	3303	0.6943	A=A,B=B,C=C,D=D
8BWL-assembly1.cif	afm_dropout_full_woTemplates_model_4_multimer_v2_pred_60.pdb	0	2738	0.694253	A=C,B=B,C=A,D=D
8BWL-assembly1.cif	afm_woTemplates_model_3_multimer_v1_pred_12.pdb	0	5432	0.694249	A=C,B=B,C=A,D=D
8BWL-assembly1.cif	cf_woTemplates_model_3_multimer_v2_pred_29.pdb	0	7527	0.694223	A=A,B=D,C=C,D=B
8BWL-assembly1.cif	afm_woTemplates_model_4_multimer_v2_pred_39.pdb	0	5729	0.694213	A=C,B=B,C=A,D=D
8BWL-assembly1.cif	afm_woTemplates_model_3_multimer_v1_pred_4.pdb	0	5462	0.694168	A=A,B=D,C=C,D=B
8BWL-assembly1.cif	cf_woTemplates_model_5_multimer_v2_pred_63.pdb	0	7967	0.694155	A=A,B=D,C=C,D=B
8BWL-assembly1.cif	afm_woTemplates_model_4_multimer_v2_pred_65.pdb	0	5758	0.694129	A=C,B=D,C=A,D=B
8BWL-assembly1.cif	cf_woTemplates_model_4_multimer_v2_pred_21.pdb	0	7720	0.694127	A=C,B=D,C=A,D=B
8BWL-assembly1.cif	cf_dropout_full_woTemplates_model_5_multimer_v1_pred_7.pdb	0	6899	0.694124	A=C,B=B,C=A,D=D
8BWL-assembly1.cif	afm_dropout_full_woTemplates_model_4_multimer_v2_pred_66.pdb	0	2744	0.694111	A=C,B=B,C=A,D=D
8BWL-assembly1.cif	afm_dropout_full_woTemplates_r3_model_2_multimer_v2_pred_27.pdb	0	3304	0.694107	A=C,B=D,C=A,D=B
8BWL-assembly1.cif	cf_woTemplates_model_3_multimer_v2_pred_7.pdb	0	7569	0.694105	A=A,B=B,C=C,D=D
8BWL-assembly1.cif	afm_dropout_full_woTemplates_model_4_multimer_v2_pred_29.pdb	0	2703	0.694091	A=C,B=D,C=A,D=B
8BWL-assembly1.cif	afm_dropout_full_woTemplates_r3_model_4_multimer_v2_pred_8.pdb	0	3751	0.69409	A=A,B=B,C=C,D=D
8BWL-assembly1.cif	afm_woTemplates_model_4_multimer_v2_pred_21.pdb	0	5710	0.694081	A=A,B=B,C=C,D=D
8BWL-assembly1.cif	cf_dropout_full_woTemplates_model_4_multimer_v2_pred_17.pdb	0	6710	0.694056	A=C,B=D,C=A,D=B
8BWL-assembly1.cif	cf_woTemplates_model_4_multimer_v2_pred_25.pdb	0	7724	0.694049	A=C,B=D,C=A,D=B
8BWL-assembly1.cif	afm_dropout_noSM_woTemplates_model_4_multimer_v2_pred_47.pdb	0	4733	0.694029	A=A,B=D,C=C,D=B
8BWL-assembly1.cif	cf_dropout_full_woTemplates_model_4_multimer_v2_pred_27.pdb	0	6721	0.694023	A=C,B=D,C=A,D=B
8BWL-assembly1.cif	cf_woTemplates_model_2_multimer_v1_pred_28.pdb	0	7258	0.694013	A=C,B=D,C=A,D=B
8BWL-assembly1.cif	cf_dropout_full_woTemplates_model_4_multimer_v2_pred_30.pdb	0	6725	0.693985	A=A,B=B,C=C,D=D
8BWL-assembly1.cif	cf_woTemplates_model_4_multimer_v2_pred_50.pdb	0	7752	0.693981	A=C,B=D,C=A,D=B
8BWL-assembly1.cif	cf_dropout_full_woTemplates_model_3_multimer_v2_pred_66.pdb	0	6563	0.693972	A=C,B=B,C=A,D=D
8BWL-assembly1.cif	cf_woTemplates_model_4_multimer_v2_pred_31.pdb	0	7731	0.693962	A=A,B=D,C=C,D=B
8BWL-assembly1.cif	cf_dropout_full_woTemplates_model_5_multimer_v2_pred_43.pdb	0	6940	0.693943	A=C,B=B,C=A,D=D
8BWL-assembly1.cif	cf_dropout_full_woTemplates_model_3_multimer_v2_pred_44.pdb	0	6539	0.69393	A=C,B=D,C=A,D=B
8BWL-assembly1.cif	cf_woTemplates_model_4_multimer_v1_pred_65.pdb	0	7701	0.693929	A=C,B=B,C=A,D=D
8BWL-assembly1.cif	cf_dropout_full_woTemplates_model_3_multimer_v2_pred_14.pdb	0	6506	0.693924	A=A,B=D,C=C,D=B
8BWL-assembly1.cif	cf_dropout_full_woTemplates_model_4_multimer_v2_pred_16.pdb	0	6709	0.69392	A=C,B=D,C=A,D=B
8BWL-assembly1.cif	cf_woTemplates_model_4_multimer_v2_pred_63.pdb	0	7766	0.693899	A=C,B=D,C=A,D=B
8BWL-assembly1.cif	afm_dropout_full_model_1_multimer_v3_pred_3.pdb	0	1163	0.693836	A=C,B=D,C=A,D=B
8BWL-assembly1.cif	cf_woTemplates_model_2_multimer_v1_pred_24.pdb	0	7254	0.693806	A=A,B=D,C=C,D=B
8BWL-assembly1.cif	cf_woTemplates_model_5_multimer_v2_pred_37.pdb	0	7938	0.693766	A=A,B=B,C=C,D=D
8BWL-assembly1.cif	cf_woTemplates_model_4_multimer_v2_pred_45.pdb	0	7746	0.693757	A=C,B=D,C=A,D=B
8BWL-assembly1.cif	cf_woTemplates_model_5_multimer_v2_pred_11.pdb	0	7910	0.69374	A=C,B=D,C=A,D=B
8BWL-assembly1.cif	afm_dropout_full_woTemplates_model_4_multimer_v2_pred_24.pdb	0	2698	0.693714	A=A,B=D,C=C,D=B
8BWL-assembly1.cif	cf_woTemplates_model_1_multimer_v2_pred_11.pdb	0	7106	0.693702	A=A,B=D,C=C,D=B
8BWL-assembly1.cif	afm_dropout_full_woTemplates_model_4_multimer_v2_pred_42.pdb	0	2718	0.693696	A=A,B=D,C=C,D=B
8BWL-assembly1.cif	afm_dropout_full_woTemplates_model_4_multimer_v2_pred_46.pdb	0	2722	0.693656	A=C,B=D,C=A,D=B
8BWL-assembly1.cif	afm_woTemplates_model_4_multimer_v2_pred_8.pdb	0	5761	0.693649	A=A,B=B,C=C,D=D
8BWL-assembly1.cif	afm_woTemplates_model_4_multimer_v2_pred_59.pdb	0	5751	0.693614	A=A,B=B,C=C,D=D
8BWL-assembly1.cif	cf_dropout_full_woTemplates_model_4_multimer_v2_pred_19.pdb	0	6712	0.693534	A=A,B=D,C=C,D=B
8BWL-assembly1.cif	afm_dropout_full_woTemplates_model_4_multimer_v2_pred_35.pdb	0	2710	0.693498	A=C,B=B,C=A,D=D
8BWL-assembly1.cif	afm_dropout_full_woTemplates_r3_model_4_multimer_v2_pred_29.pdb	0	3708	0.693491	A=C,B=D,C=A,D=B
8BWL-assembly1.cif	cf_woTemplates_model_2_multimer_v2_pred_6.pdb	0	7360	0.693482	A=C,B=D,C=A,D=B
8BWL-assembly1.cif	cf_dropout_full_woTemplates_model_4_multimer_v2_pred_55.pdb	0	6752	0.693466	A=C,B=D,C=A,D=B
8BWL-assembly1.cif	cf_woTemplates_model_3_multimer_v2_pred_36.pdb	0	7535	0.693439	A=A,B=D,C=C,D=B
8BWL-assembly1.cif	cf_woTemplates_model_4_multimer_v2_pred_15.pdb	0	7713	0.693438	A=A,B=B,C=C,D=D
8BWL-assembly1.cif	afm_dropout_full_woTemplates_model_4_multimer_v2_pred_20.pdb	0	2694	0.693434	A=A,B=D,C=C,D=B
8BWL-assembly1.cif	afm_dropout_full_woTemplates_r3_model_1_multimer_v2_pred_58.pdb	0	3137	0.693415	A=A,B=D,C=C,D=B
8BWL-assembly1.cif	afm_dropout_full_model_2_multimer_v3_pred_65.pdb	0	1403	0.693392	A=C,B=B,C=A,D=D
8BWL-assembly1.cif	afm_basic_model_5_multimer_v3_pred_6.pdb	0	995	0.693378	A=A,B=D,C=C,D=B
8BWL-assembly1.cif	afm_dropout_full_woTemplates_r3_model_5_multimer_v2_pred_47.pdb	0	3929	0.693364	A=C,B=D,C=A,D=B
8BWL-assembly1.cif	cf_dropout_full_woTemplates_model_3_multimer_v2_pred_55.pdb	0	6551	0.693356	A=A,B=D,C=C,D=B
8BWL-assembly1.cif	cf_woTemplates_model_1_multimer_v2_pred_43.pdb	0	7141	0.693323	A=A,B=B,C=C,D=D
8BWL-assembly1.cif	cf_woTemplates_model_4_multimer_v2_pred_44.pdb	0	7745	0.693322	A=A,B=B,C=C,D=D
8BWL-assembly1.cif	cf_woTemplates_model_5_multimer_v2_pred_30.pdb	0	7931	0.693321	A=A,B=D,C=C,D=B
8BWL-assembly1.cif	afm_dropout_full_woTemplates_r3_model_1_multimer_v2_pred_22.pdb	0	3098	0.693301	A=C,B=D,C=A,D=B
8BWL-assembly1.cif	cf_woTemplates_model_4_multimer_v2_pred_5.pdb	0	7751	0.693265	A=A,B=B,C=C,D=D
8BWL-assembly1.cif	cf_woTemplates_model_3_multimer_v2_pred_30.pdb	0	7529	0.693251	A=C,B=B,C=A,D=D
8BWL-assembly1.cif	afm_dropout_full_model_1_multimer_v3_pred_28.pdb	0	1161	0.69323	A=A,B=D,C=C,D=B
8BWL-assembly1.cif	cf_woTemplates_model_4_multimer_v2_pred_41.pdb	0	7742	0.6932	A=C,B=B,C=A,D=D
8BWL-assembly1.cif	afm_dropout_full_woTemplates_r3_model_3_multimer_v1_pred_34.pdb	0	3446	0.693172	A=C,B=D,C=A,D=B
8BWL-assembly1.cif	cf_dropout_full_woTemplates_model_2_multimer_v1_pred_11.pdb	0	6235	0.693171	A=A,B=D,C=C,D=B
8BWL-assembly1.cif	cf_woTemplates_model_4_multimer_v2_pred_65.pdb	0	7768	0.69317	A=A,B=D,C=C,D=B
8BWL-assembly1.cif	cf_dropout_full_woTemplates_model_5_multimer_v2_pred_40.pdb	0	6937	0.693169	A=A,B=B,C=C,D=D
8BWL-assembly1.cif	cf_woTemplates_model_4_multimer_v2_pred_27.pdb	0	7726	0.693168	A=A,B=D,C=C,D=B
8BWL-assembly1.cif	afm_basic_model_5_multimer_v3_pred_47.pdb	0	981	0.693159	A=A,B=B,C=C,D=D
8BWL-assembly1.cif	afm_dropout_full_woTemplates_r3_model_2_multimer_v2_pred_28.pdb	0	3305	0.693158	A=C,B=B,C=A,D=D
8BWL-assembly1.cif	afm_dropout_full_woTemplates_r3_model_2_multimer_v2_pred_64.pdb	0	3345	0.693138	A=A,B=D,C=C,D=B
8BWL-assembly1.cif	cf_dropout_full_woTemplates_model_4_multimer_v2_pred_35.pdb	0	6730	0.693115	A=C,B=B,C=A,D=D
8BWL-assembly1.cif	afm_dropout_full_woTemplates_model_1_multimer_v2_pred_26.pdb	0	2097	0.693112	A=C,B=D,C=A,D=B
8BWL-assembly1.cif	afm_dropout_full_woTemplates_r3_model_3_multimer_v1_pred_24.pdb	0	3435	0.693074	A=C,B=B,C=A,D=D
8BWL-assembly1.cif	cf_dropout_full_woTemplates_model_4_multimer_v2_pred_29.pdb	0	6723	0.693071	A=A,B=B,C=C,D=D
8BWL-assembly1.cif	afm_basic_model_3_multimer_v2_pred_43.pdb	0	508	0.693066	A=C,B=B,C=A,D=D
8BWL-assembly1.cif	afm_woTemplates_model_3_multimer_v1_pred_23.pdb	0	5444	0.693024	A=A,B=D,C=C,D=B
8BWL-assembly1.cif	cf_dropout_full_woTemplates_model_5_multimer_v2_pred_32.pdb	0	6928	0.693006	A=A,B=B,C=C,D=D
8BWL-assembly1.cif	cf_dropout_full_woTemplates_model_3_multimer_v2_pred_26.pdb	0	6519	0.692994	A=C,B=D,C=A,D=B
8BWL-assembly1.cif	afm_dropout_full_woTemplates_r3_model_3_multimer_v2_pred_46.pdb	0	3526	0.692971	A=C,B=D,C=A,D=B
8BWL-assembly1.cif	cf_dropout_full_woTemplates_model_4_multimer_v2_pred_1.pdb	0	6702	0.692966	A=A,B=D,C=C,D=B
8BWL-assembly1.cif	cf_dropout_full_woTemplates_model_5_multimer_v2_pred_5.pdb	0	6947	0.692963	A=A,B=D,C=C,D=B
8BWL-assembly1.cif	cf_woTemplates_model_4_multimer_v2_pred_14.pdb	0	7712	0.692925	A=C,B=D,C=A,D=B
8BWL-assembly1.cif	afm_basic_model_5_multimer_v3_pred_59.pdb	0	994	0.692907	A=C,B=D,C=A,D=B
8BWL-assembly1.cif	cf_woTemplates_model_4_multimer_v2_pred_33.pdb	0	7733	0.692836	A=C,B=B,C=A,D=D
8BWL-assembly1.cif	afm_woTemplates_model_4_multimer_v2_pred_17.pdb	0	5705	0.692797	A=A,B=D,C=C,D=B
8BWL-assembly1.cif	cf_woTemplates_model_5_multimer_v2_pred_2.pdb	0	7919	0.692779	A=A,B=D,C=C,D=B
8BWL-assembly1.cif	afm_woTemplates_model_4_multimer_v2_pred_62.pdb	0	5755	0.692737	A=C,B=D,C=A,D=B
8BWL-assembly1.cif	afm_basic_model_5_multimer_v3_pred_33.pdb	0	966	0.692729	A=A,B=B,C=C,D=D
8BWL-assembly1.cif	cf_dropout_full_woTemplates_model_4_multimer_v2_pred_39.pdb	0	6734	0.692711	A=A,B=B,C=C,D=D
8BWL-assembly1.cif	cf_woTemplates_model_3_multimer_v2_pred_1.pdb	0	7506	0.692688	A=C,B=B,C=A,D=D
8BWL-assembly1.cif	afm_dropout_full_woTemplates_model_1_multimer_v2_pred_21.pdb	0	2092	0.692669	A=C,B=D,C=A,D=B
8BWL-assembly1.cif	afm_basic_model_5_multimer_v3_pred_4.pdb	0	973	0.692654	A=C,B=D,C=A,D=B
8BWL-assembly1.cif	cf_woTemplates_model_4_multimer_v2_pred_47.pdb	0	7748	0.692643	A=C,B=B,C=A,D=D
8BWL-assembly1.cif	afm_dropout_full_woTemplates_r3_model_4_multimer_v2_pred_47.pdb	0	3728	0.692641	A=C,B=D,C=A,D=B
8BWL-assembly1.cif	afm_dropout_noSM_woTemplates_model_4_multimer_v2_pred_62.pdb	0	4750	0.692588	A=A,B=B,C=C,D=D
8BWL-assembly1.cif	afm_basic_model_5_multimer_v3_pred_64.pdb	0	1000	0.692574	A=C,B=B,C=A,D=D
8BWL-assembly1.cif	afm_dropout_full_woTemplates_r3_model_2_multimer_v2_pred_25.pdb	0	3302	0.692482	A=A,B=B,C=C,D=D
8BWL-assembly1.cif	cf_dropout_full_woTemplates_model_4_multimer_v1_pred_36.pdb	0	6664	0.692479	A=A,B=D,C=C,D=B
8BWL-assembly1.cif	cf_dropout_full_woTemplates_model_4_multimer_v2_pred_51.pdb	0	6748	0.692472	A=A,B=B,C=C,D=D
8BWL-assembly1.cif	cf_dropout_full_woTemplates_model_4_multimer_v2_pred_7.pdb	0	6765	0.692464	A=C,B=B,C=A,D=D
8BWL-assembly1.cif	afm_dropout_full_woTemplates_r3_model_4_multimer_v2_pred_0.pdb	0	3686	0.692457	A=A,B=B,C=C,D=D
8BWL-assembly1.cif	afm_dropout_full_model_1_multimer_v3_pred_55.pdb	0	1191	0.692444	A=A,B=B,C=C,D=D
8BWL-assembly1.cif	afm_dropout_full_woTemplates_model_4_multimer_v2_pred_48.pdb	0	2724	0.692414	A=A,B=B,C=C,D=D
8BWL-assembly1.cif	cf_woTemplates_model_4_multimer_v2_pred_51.pdb	0	7753	0.692413	A=C,B=B,C=A,D=D
8BWL-assembly1.cif	afm_woTemplates_model_1_multimer_v2_pred_6.pdb	0	5149	0.692413	A=C,B=B,C=A,D=D
8BWL-assembly1.cif	afm_basic_model_5_multimer_v3_pred_14.pdb	0	945	0.692394	A=C,B=B,C=A,D=D
8BWL-assembly1.cif	afm_dropout_full_model_1_multimer_v3_pred_9.pdb	0	1206	0.692372	A=C,B=B,C=A,D=D
8BWL-assembly1.cif	cf_dropout_full_woTemplates_model_5_multimer_v2_pred_24.pdb	0	6919	0.692355	A=C,B=B,C=A,D=D
8BWL-assembly1.cif	cf_dropout_full_woTemplates_model_5_multimer_v1_pred_60.pdb	0	6892	0.692315	A=A,B=D,C=C,D=B
8BWL-assembly1.cif	afm_dropout_full_woTemplates_r3_model_1_multimer_v2_pred_7.pdb	0	3147	0.692299	A=A,B=D,C=C,D=B
8BWL-assembly1.cif	afm_dropout_full_model_5_multimer_v3_pred_29.pdb	0	1966	0.69222	A=C,B=B,C=A,D=D
8BWL-assembly1.cif	afm_dropout_noSM_woTemplates_model_3_multimer_v1_pred_21.pdb	0	4437	0.692195	A=A,B=B,C=C,D=D
8BWL-assembly1.cif	afm_woTemplates_model_2_multimer_v1_pred_47.pdb	0	5269	0.692114	A=A,B=D,C=C,D=B
8BWL-assembly1.cif	cf_woTemplates_model_1_multimer_v2_pred_14.pdb	0	7109	0.692104	A=A,B=B,C=C,D=D
8BWL-assembly1.cif	afm_woTemplates_model_4_multimer_v2_pred_27.pdb	0	5716	0.692093	A=A,B=D,C=C,D=B
8BWL-assembly1.cif	afm_dropout_full_woTemplates_model_4_multimer_v2_pred_12.pdb	0	2685	0.692088	A=A,B=B,C=C,D=D
8BWL-assembly1.cif	afm_dropout_noSM_woTemplates_model_4_multimer_v2_pred_15.pdb	0	4698	0.692075	A=C,B=B,C=A,D=D
8BWL-assembly1.cif	cf_woTemplates_model_5_multimer_v2_pred_32.pdb	0	7933	0.69207	A=C,B=B,C=A,D=D
8BWL-assembly1.cif	cf_dropout_full_woTemplates_model_5_multimer_v1_pred_41.pdb	0	6871	0.692068	A=A,B=D,C=C,D=B
8BWL-assembly1.cif	afm_dropout_full_woTemplates_model_4_multimer_v2_pred_64.pdb	0	2742	0.692035	A=A,B=B,C=C,D=D
8BWL-assembly1.cif	afm_dropout_full_woTemplates_r3_model_3_multimer_v1_pred_43.pdb	0	3456	0.691984	A=A,B=B,C=C,D=D
8BWL-assembly1.cif	cf_woTemplates_model_4_multimer_v2_pred_57.pdb	0	7759	0.691975	A=A,B=D,C=C,D=B
8BWL-assembly1.cif	cf_dropout_full_woTemplates_model_2_multimer_v1_pred_62.pdb	0	6291	0.691954	A=A,B=D,C=C,D=B
8BWL-assembly1.cif	cf_woTemplates_model_4_multimer_v2_pred_9.pdb	0	7772	0.691939	A=C,B=D,C=A,D=B
8BWL-assembly1.cif	afm_dropout_full_woTemplates_r3_model_4_multimer_v2_pred_3.pdb	0	3709	0.691922	A=C,B=B,C=A,D=D
8BWL-assembly1.cif	afm_woTemplates_model_4_multimer_v2_pred_58.pdb	0	5750	0.691901	A=A,B=D,C=C,D=B
8BWL-assembly1.cif	afm_dropout_noSM_woTemplates_model_4_multimer_v2_pred_61.pdb	0	4749	0.69187	A=A,B=B,C=C,D=D
8BWL-assembly1.cif	afm_woTemplates_model_3_multimer_v1_pred_33.pdb	0	5455	0.691821	A=C,B=B,C=A,D=D
8BWL-assembly1.cif	cf_woTemplates_model_5_multimer_v2_pred_28.pdb	0	7928	0.691821	A=C,B=D,C=A,D=B
8BWL-assembly1.cif	cf_woTemplates_model_4_multimer_v2_pred_36.pdb	0	7736	0.691812	A=A,B=B,C=C,D=D
8BWL-assembly1.cif	afm_dropout_noSM_woTemplates_model_4_multimer_v2_pred_33.pdb	0	4718	0.691799	A=C,B=D,C=A,D=B
8BWL-assembly1.cif	cf_dropout_full_woTemplates_model_4_multimer_v2_pred_38.pdb	0	6733	0.691791	A=A,B=D,C=C,D=B
8BWL-assembly1.cif	cf_woTemplates_model_5_multimer_v2_pred_51.pdb	0	7954	0.691734	A=C,B=D,C=A,D=B
8BWL-assembly1.cif	afm_dropout_full_woTemplates_model_4_multimer_v2_pred_33.pdb	0	2708	0.691734	A=A,B=D,C=C,D=B
8BWL-assembly1.cif	afm_dropout_full_model_5_multimer_v3_pred_24.pdb	0	1961	0.6917	A=A,B=B,C=C,D=D
8BWL-assembly1.cif	cf_woTemplates_model_5_multimer_v2_pred_15.pdb	0	7914	0.691694	A=A,B=B,C=C,D=D
8BWL-assembly1.cif	afm_dropout_full_woTemplates_r3_model_2_multimer_v2_pred_22.pdb	0	3299	0.691688	A=C,B=D,C=A,D=B
8BWL-assembly1.cif	afm_basic_model_5_multimer_v3_pred_20.pdb	0	952	0.691679	A=A,B=B,C=C,D=D
8BWL-assembly1.cif	afm_dropout_full_woTemplates_r3_model_5_multimer_v3_pred_61.pdb	0	4012	0.691661	A=C,B=B,C=A,D=D
8BWL-assembly1.cif	cf_woTemplates_model_4_multimer_v2_pred_61.pdb	0	7764	0.691648	A=A,B=D,C=C,D=B
8BWL-assembly1.cif	afm_dropout_noSM_woTemplates_model_4_multimer_v2_pred_10.pdb	0	4693	0.691633	A=A,B=B,C=C,D=D
8BWL-assembly1.cif	afm_woTemplates_model_3_multimer_v1_pred_59.pdb	0	5483	0.69163	A=C,B=B,C=A,D=D
8BWL-assembly1.cif	afm_dropout_full_woTemplates_model_4_multimer_v2_pred_7.pdb	0	2745	0.691629	A=A,B=B,C=C,D=D
8BWL-assembly1.cif	cf_dropout_full_woTemplates_model_5_multimer_v2_pred_8.pdb	0	6967	0.691628	A=C,B=D,C=A,D=B
8BWL-assembly1.cif	cf_dropout_full_woTemplates_model_5_multimer_v1_pred_40.pdb	0	6870	0.691535	A=C,B=B,C=A,D=D
8BWL-assembly1.cif	afm_dropout_full_woTemplates_r3_model_4_multimer_v2_pred_12.pdb	0	3690	0.691511	A=C,B=B,C=A,D=D
8BWL-assembly1.cif	cf_woTemplates_model_1_multimer_v2_pred_52.pdb	0	7151	0.691511	A=C,B=D,C=A,D=B
8BWL-assembly1.cif	afm_dropout_noSM_woTemplates_model_1_multimer_v1_pred_32.pdb	0	4047	0.691508	A=C,B=B,C=A,D=D
8BWL-assembly1.cif	afm_basic_model_4_multimer_v3_pred_65.pdb	0	800	0.691444	A=C,B=D,C=A,D=B
8BWL-assembly1.cif	afm_dropout_full_woTemplates_r3_model_1_multimer_v2_pred_56.pdb	0	3135	0.691432	A=A,B=B,C=C,D=D
8BWL-assembly1.cif	afm_woTemplates_model_4_multimer_v2_pred_48.pdb	0	5739	0.691431	A=A,B=D,C=C,D=B
8BWL-assembly1.cif	cf_woTemplates_model_4_multimer_v2_pred_26.pdb	0	7725	0.691415	A=C,B=B,C=A,D=D
8BWL-assembly1.cif	afm_woTemplates_model_4_multimer_v2_pred_15.pdb	0	5703	0.691413	A=A,B=B,C=C,D=D
8BWL-assembly1.cif	cf_dropout_full_woTemplates_model_5_multimer_v2_pred_33.pdb	0	6929	0.69137	A=A,B=B,C=C,D=D
8BWL-assembly1.cif	cf_dropout_full_woTemplates_model_2_multimer_v1_pred_2.pdb	0	6244	0.691369	A=C,B=B,C=A,D=D
8BWL-assembly1.cif	cf_dropout_full_woTemplates_model_5_multimer_v2_pred_41.pdb	0	6938	0.691358	A=C,B=D,C=A,D=B
8BWL-assembly1.cif	cf_woTemplates_model_1_multimer_v2_pred_59.pdb	0	7158	0.691328	A=C,B=B,C=A,D=D
8BWL-assembly1.cif	cf_woTemplates_model_4_multimer_v2_pred_34.pdb	0	7734	0.691318	A=C,B=B,C=A,D=D
8BWL-assembly1.cif	afm_dropout_full_woTemplates_r3_model_3_multimer_v3_pred_16.pdb	0	3560	0.691241	A=C,B=D,C=A,D=B
8BWL-assembly1.cif	afm_dropout_full_woTemplates_r3_model_5_multimer_v3_pred_16.pdb	0	3962	0.691201	A=A,B=D,C=C,D=B
8BWL-assembly1.cif	afm_dropout_full_woTemplates_r3_model_1_multimer_v2_pred_53.pdb	0	3132	0.691186	A=C,B=B,C=A,D=D
8BWL-assembly1.cif	afm_dropout_full_model_5_multimer_v3_pred_16.pdb	0	1952	0.691185	A=C,B=B,C=A,D=D
8BWL-assembly1.cif	afm_dropout_full_woTemplates_model_1_multimer_v2_pred_3.pdb	0	2101	0.691156	A=C,B=D,C=A,D=B
8BWL-assembly1.cif	afm_dropout_noSM_woTemplates_model_1_multimer_v2_pred_18.pdb	0	4098	0.691154	A=A,B=D,C=C,D=B
8BWL-assembly1.cif	afm_dropout_full_model_5_multimer_v3_pred_1.pdb	0	1945	0.69114	A=C,B=B,C=A,D=D
8BWL-assembly1.cif	afm_dropout_full_model_5_multimer_v3_pred_52.pdb	0	1992	0.691139	A=C,B=B,C=A,D=D
8BWL-assembly1.cif	afm_dropout_full_model_4_multimer_v3_pred_53.pdb	0	1792	0.691128	A=C,B=D,C=A,D=B
8BWL-assembly1.cif	afm_dropout_full_woTemplates_r3_model_5_multimer_v3_pred_37.pdb	0	3985	0.69112	A=C,B=D,C=A,D=B
8BWL-assembly1.cif	afm_dropout_noSM_woTemplates_model_4_multimer_v2_pred_51.pdb	0	4738	0.69102	A=C,B=B,C=A,D=D
8BWL-assembly1.cif	cf_woTemplates_model_5_multimer_v2_pred_48.pdb	0	7950	0.691006	A=C,B=B,C=A,D=D
8BWL-assembly1.cif	cf_dropout_full_woTemplates_model_5_multimer_v2_pred_11.pdb	0	6905	0.690987	A=C,B=B,C=A,D=D
8BWL-assembly1.cif	afm_dropout_full_woTemplates_r3_model_1_multimer_v2_pred_63.pdb	0	3143	0.690961	A=C,B=D,C=A,D=B
8BWL-assembly1.cif	afm_dropout_full_woTemplates_r3_model_1_multimer_v2_pred_64.pdb	0	3144	0.690948	A=C,B=D,C=A,D=B
8BWL-assembly1.cif	cf_woTemplates_model_1_multimer_v1_pred_54.pdb	0	7086	0.690936	A=A,B=D,C=C,D=B
8BWL-assembly1.cif	cf_dropout_full_woTemplates_model_5_multimer_v2_pred_26.pdb	0	6921	0.690932	A=A,B=B,C=C,D=D
8BWL-assembly1.cif	afm_dropout_full_woTemplates_r3_model_1_multimer_v2_pred_54.pdb	0	3133	0.690906	A=A,B=B,C=C,D=D
8BWL-assembly1.cif	afm_dropout_full_woTemplates_r3_model_1_multimer_v2_pred_30.pdb	0	3107	0.690874	A=C,B=B,C=A,D=D
8BWL-assembly1.cif	afm_basic_model_5_multimer_v3_pred_40.pdb	0	974	0.690852	A=A,B=D,C=C,D=B
8BWL-assembly1.cif	afm_woTemplates_model_3_multimer_v1_pred_29.pdb	0	5450	0.69079	A=A,B=D,C=C,D=B
8BWL-assembly1.cif	afm_dropout_full_woTemplates_r3_model_3_multimer_v2_pred_15.pdb	0	3492	0.69078	A=C,B=B,C=A,D=D
8BWL-assembly1.cif	cf_dropout_full_woTemplates_model_1_multimer_v2_pred_14.pdb	0	6104	0.69062	A=A,B=D,C=C,D=B
8BWL-assembly1.cif	afm_dropout_full_woTemplates_model_4_multimer_v2_pred_39.pdb	0	2714	0.69061	A=A,B=D,C=C,D=B
8BWL-assembly1.cif	afm_dropout_full_woTemplates_r3_model_2_multimer_v1_pred_24.pdb	0	3234	0.690518	A=C,B=B,C=A,D=D
8BWL-assembly1.cif	cf_woTemplates_model_4_multimer_v2_pred_39.pdb	0	7739	0.690498	A=A,B=B,C=C,D=D
8BWL-assembly1.cif	afm_woTemplates_model_4_multimer_v2_pred_56.pdb	0	5748	0.690477	A=C,B=B,C=A,D=D
8BWL-assembly1.cif	afm_dropout_full_model_1_multimer_v3_pred_19.pdb	0	1151	0.690466	A=A,B=B,C=C,D=D
8BWL-assembly1.cif	afm_dropout_noSM_woTemplates_model_4_multimer_v2_pred_6.pdb	0	4747	0.690408	A=C,B=B,C=A,D=D
8BWL-assembly1.cif	afm_dropout_full_woTemplates_r3_model_3_multimer_v2_pred_10.pdb	0	3487	0.690366	A=A,B=D,C=C,D=B
8BWL-assembly1.cif	cf_dropout_full_woTemplates_model_5_multimer_v2_pred_46.pdb	0	6943	0.690342	A=A,B=B,C=C,D=D
8BWL-assembly1.cif	cf_woTemplates_model_5_multimer_v2_pred_5.pdb	0	7952	0.690339	A=C,B=B,C=A,D=D
8BWL-assembly1.cif	afm_dropout_full_woTemplates_model_4_multimer_v2_pred_16.pdb	0	2689	0.69033	A=A,B=D,C=C,D=B
8BWL-assembly1.cif	afm_basic_model_4_multimer_v3_pred_28.pdb	0	759	0.69027	A=A,B=D,C=C,D=B
8BWL-assembly1.cif	cf_woTemplates_model_4_multimer_v2_pred_1.pdb	0	7707	0.69026	A=A,B=D,C=C,D=B
8BWL-assembly1.cif	cf_woTemplates_model_4_multimer_v2_pred_24.pdb	0	7723	0.690237	A=C,B=D,C=A,D=B
8BWL-assembly1.cif	cf_dropout_full_woTemplates_model_4_multimer_v2_pred_42.pdb	0	6738	0.690173	A=C,B=B,C=A,D=D
8BWL-assembly1.cif	afm_basic_model_5_multimer_v3_pred_23.pdb	0	955	0.68998	A=A,B=B,C=C,D=D
8BWL-assembly1.cif	afm_dropout_full_woTemplates_model_4_multimer_v2_pred_47.pdb	0	2723	0.689974	A=A,B=D,C=C,D=B
8BWL-assembly1.cif	cf_dropout_full_woTemplates_model_2_multimer_v1_pred_52.pdb	0	6280	0.689937	A=A,B=D,C=C,D=B
8BWL-assembly1.cif	cf_woTemplates_model_4_multimer_v2_pred_2.pdb	0	7718	0.689861	A=A,B=B,C=C,D=D
8BWL-assembly1.cif	cf_woTemplates_model_4_multimer_v2_pred_38.pdb	0	7738	0.689852	A=C,B=D,C=A,D=B
8BWL-assembly1.cif	afm_dropout_full_woTemplates_r3_model_4_multimer_v2_pred_65.pdb	0	3748	0.68981	A=A,B=D,C=C,D=B
8BWL-assembly1.cif	afm_dropout_full_woTemplates_r3_model_2_multimer_v2_pred_66.pdb	0	3347	0.689791	A=C,B=B,C=A,D=D
8BWL-assembly1.cif	afm_dropout_full_model_1_multimer_v3_pred_64.pdb	0	1201	0.689764	A=C,B=D,C=A,D=B
8BWL-assembly1.cif	afm_woTemplates_model_2_multimer_v1_pred_44.pdb	0	5266	0.689627	A=A,B=D,C=C,D=B
8BWL-assembly1.cif	cf_woTemplates_model_5_multimer_v2_pred_21.pdb	0	7921	0.689593	A=C,B=D,C=A,D=B
8BWL-assembly1.cif	afm_woTemplates_model_1_multimer_v2_pred_47.pdb	0	5135	0.689536	A=C,B=B,C=A,D=D
8BWL-assembly1.cif	cf_woTemplates_model_3_multimer_v2_pred_31.pdb	0	7530	0.689481	A=A,B=D,C=C,D=B
8BWL-assembly1.cif	afm_dropout_full_woTemplates_model_4_multimer_v2_pred_13.pdb	0	2686	0.68948	A=A,B=B,C=C,D=D
8BWL-assembly1.cif	cf_dropout_full_woTemplates_model_5_multimer_v2_pred_60.pdb	0	6959	0.689415	A=C,B=B,C=A,D=D
8BWL-assembly1.cif	afm_dropout_noSM_woTemplates_model_4_multimer_v2_pred_60.pdb	0	4748	0.689377	A=C,B=D,C=A,D=B
8BWL-assembly1.cif	cf_dropout_full_woTemplates_model_5_multimer_v1_pred_38.pdb	0	6867	0.689292	A=A,B=D,C=C,D=B
8BWL-assembly1.cif	afm_dropout_full_woTemplates_r3_model_2_multimer_v2_pred_31.pdb	0	3309	0.689284	A=A,B=D,C=C,D=B
8BWL-assembly1.cif	afm_woTemplates_model_1_multimer_v2_pred_65.pdb	0	5155	0.689253	A=C,B=D,C=A,D=B
8BWL-assembly1.cif	cf_dropout_full_woTemplates_model_5_multimer_v2_pred_55.pdb	0	6953	0.689229	A=A,B=B,C=C,D=D
8BWL-assembly1.cif	cf_woTemplates_model_4_multimer_v2_pred_64.pdb	0	7767	0.689213	A=A,B=D,C=C,D=B
8BWL-assembly1.cif	cf_woTemplates_model_1_multimer_v2_pred_57.pdb	0	7156	0.689178	A=A,B=B,C=C,D=D
8BWL-assembly1.cif	afm_dropout_full_woTemplates_model_4_multimer_v2_pred_10.pdb	0	2683	0.689126	A=A,B=D,C=C,D=B
8BWL-assembly1.cif	afm_dropout_full_woTemplates_r3_model_4_multimer_v2_pred_4.pdb	0	3720	0.689118	A=C,B=B,C=A,D=D
8BWL-assembly1.cif	afm_dropout_full_woTemplates_r3_model_4_multimer_v2_pred_7.pdb	0	3750	0.689038	A=A,B=D,C=C,D=B
8BWL-assembly1.cif	cf_dropout_full_woTemplates_model_2_multimer_v1_pred_35.pdb	0	6261	0.688962	A=C,B=B,C=A,D=D
8BWL-assembly1.cif	cf_woTemplates_model_4_multimer_v2_pred_54.pdb	0	7756	0.68893	A=C,B=D,C=A,D=B
8BWL-assembly1.cif	afm_dropout_full_woTemplates_r3_model_1_multimer_v2_pred_27.pdb	0	3103	0.688922	A=C,B=D,C=A,D=B
8BWL-assembly1.cif	cf_dropout_full_woTemplates_model_3_multimer_v2_pred_57.pdb	0	6553	0.688721	A=A,B=B,C=C,D=D
8BWL-assembly1.cif	afm_dropout_full_woTemplates_model_4_multimer_v2_pred_59.pdb	0	2736	0.688614	A=A,B=B,C=C,D=D
8BWL-assembly1.cif	cf_dropout_full_woTemplates_model_5_multimer_v2_pred_21.pdb	0	6916	0.688526	A=A,B=B,C=C,D=D
8BWL-assembly1.cif	afm_woTemplates_model_4_multimer_v2_pred_44.pdb	0	5735	0.688485	A=A,B=B,C=C,D=D
8BWL-assembly1.cif	cf_woTemplates_model_2_multimer_v1_pred_62.pdb	0	7296	0.688412	A=C,B=B,C=A,D=D
8BWL-assembly1.cif	cf_dropout_full_woTemplates_model_3_multimer_v2_pred_60.pdb	0	6557	0.6883	A=A,B=B,C=C,D=D
8BWL-assembly1.cif	afm_dropout_full_woTemplates_r3_model_1_multimer_v2_pred_35.pdb	0	3112	0.68824	A=A,B=B,C=C,D=D
8BWL-assembly1.cif	afm_dropout_full_woTemplates_r3_model_4_multimer_v1_pred_66.pdb	0	3682	0.688208	A=A,B=B,C=C,D=D
8BWL-assembly1.cif	afm_dropout_full_woTemplates_r3_model_2_multimer_v2_pred_51.pdb	0	3331	0.688175	A=A,B=D,C=C,D=B
8BWL-assembly1.cif	afm_basic_model_4_multimer_v3_pred_33.pdb	0	765	0.68809	A=A,B=B,C=C,D=D
8BWL-assembly1.cif	afm_dropout_noSM_woTemplates_model_4_multimer_v1_pred_23.pdb	0	4640	0.688026	A=C,B=B,C=A,D=D
8BWL-assembly1.cif	afm_dropout_full_woTemplates_r3_model_4_multimer_v2_pred_43.pdb	0	3724	0.687898	A=A,B=B,C=C,D=D
8BWL-assembly1.cif	afm_dropout_full_woTemplates_model_4_multimer_v1_pred_11.pdb	0	2617	0.687889	A=C,B=D,C=A,D=B
8BWL-assembly1.cif	cf_woTemplates_model_3_multimer_v2_pred_32.pdb	0	7531	0.687821	A=C,B=B,C=A,D=D
8BWL-assembly1.cif	afm_dropout_full_woTemplates_r3_model_1_multimer_v2_pred_16.pdb	0	3091	0.68776	A=A,B=B,C=C,D=D
8BWL-assembly1.cif	afm_basic_model_4_multimer_v3_pred_16.pdb	0	746	0.687717	A=C,B=D,C=A,D=B
8BWL-assembly1.cif	cf_woTemplates_model_3_multimer_v2_pred_15.pdb	0	7512	0.687613	A=C,B=D,C=A,D=B
8BWL-assembly1.cif	cf_woTemplates_model_3_multimer_v2_pred_13.pdb	0	7510	0.687574	A=A,B=B,C=C,D=D
8BWL-assembly1.cif	cf_dropout_full_woTemplates_model_1_multimer_v2_pred_46.pdb	0	6139	0.687523	A=C,B=D,C=A,D=B
8BWL-assembly1.cif	afm_dropout_full_woTemplates_r3_model_4_multimer_v2_pred_61.pdb	0	3744	0.687414	A=A,B=B,C=C,D=D
8BWL-assembly1.cif	cf_dropout_full_woTemplates_model_1_multimer_v2_pred_5.pdb	0	6143	0.687384	A=A,B=D,C=C,D=B
8BWL-assembly1.cif	afm_basic_model_4_multimer_v3_pred_37.pdb	0	769	0.687379	A=C,B=B,C=A,D=D
8BWL-assembly1.cif	afm_dropout_full_model_3_multimer_v2_pred_0.pdb	0	1475	0.687256	A=A,B=D,C=C,D=B
8BWL-assembly1.cif	afm_dropout_full_woTemplates_r3_model_3_multimer_v1_pred_64.pdb	0	3479	0.687244	A=C,B=B,C=A,D=D
8BWL-assembly1.cif	afm_dropout_full_woTemplates_r3_model_4_multimer_v2_pred_19.pdb	0	3697	0.687102	A=C,B=B,C=A,D=D
8BWL-assembly1.cif	afm_dropout_full_woTemplates_model_4_multimer_v2_pred_1.pdb	0	2682	0.687062	A=C,B=D,C=A,D=B
8BWL-assembly1.cif	afm_woTemplates_model_4_multimer_v2_pred_0.pdb	0	5696	0.687006	A=A,B=B,C=C,D=D
8BWL-assembly1.cif	afm_woTemplates_model_4_multimer_v2_pred_45.pdb	0	5736	0.686989	A=C,B=B,C=A,D=D
8BWL-assembly1.cif	afm_basic_model_4_multimer_v3_pred_40.pdb	0	773	0.686933	A=A,B=B,C=C,D=D
8BWL-assembly1.cif	cf_woTemplates_model_4_multimer_v2_pred_16.pdb	0	7714	0.686926	A=C,B=B,C=A,D=D
8BWL-assembly1.cif	cf_woTemplates_model_4_multimer_v2_pred_29.pdb	0	7728	0.686873	A=A,B=B,C=C,D=D
8BWL-assembly1.cif	afm_dropout_noSM_woTemplates_model_5_multimer_v1_pred_0.pdb	0	4825	0.686841	A=C,B=B,C=A,D=D
8BWL-assembly1.cif	afm_dropout_full_woTemplates_r3_model_1_multimer_v2_pred_62.pdb	0	3142	0.686775	A=A,B=B,C=C,D=D
8BWL-assembly1.cif	afm_woTemplates_model_5_multimer_v1_pred_56.pdb	0	5882	0.686722	A=C,B=B,C=A,D=D
8BWL-assembly1.cif	cf_dropout_full_woTemplates_model_4_multimer_v2_pred_31.pdb	0	6726	0.686686	A=A,B=D,C=C,D=B
8BWL-assembly1.cif	afm_dropout_full_woTemplates_r3_model_2_multimer_v1_pred_38.pdb	0	3249	0.686642	A=C,B=B,C=A,D=D
8BWL-assembly1.cif	afm_dropout_full_model_5_multimer_v3_pred_56.pdb	0	1996	0.686625	A=C,B=B,C=A,D=D
8BWL-assembly1.cif	afm_dropout_full_woTemplates_r3_model_3_multimer_v2_pred_3.pdb	0	3508	0.686571	A=A,B=B,C=C,D=D
8BWL-assembly1.cif	afm_dropout_noSM_woTemplates_model_4_multimer_v2_pred_39.pdb	0	4724	0.686517	A=A,B=D,C=C,D=B
8BWL-assembly1.cif	cf_dropout_full_woTemplates_model_3_multimer_v2_pred_5.pdb	0	6545	0.686493	A=A,B=B,C=C,D=D
8BWL-assembly1.cif	afm_dropout_full_woTemplates_r3_model_3_multimer_v1_pred_41.pdb	0	3454	0.686313	A=A,B=D,C=C,D=B
8BWL-assembly1.cif	cf_woTemplates_model_4_multimer_v2_pred_3.pdb	0	7729	0.686294	A=C,B=B,C=A,D=D
8BWL-assembly1.cif	afm_dropout_full_woTemplates_r3_model_4_multimer_v2_pred_66.pdb	0	3749	0.686291	A=C,B=B,C=A,D=D
8BWL-assembly1.cif	afm_woTemplates_model_2_multimer_v1_pred_43.pdb	0	5265	0.686282	A=C,B=B,C=A,D=D
8BWL-assembly1.cif	cf_woTemplates_model_3_multimer_v2_pred_53.pdb	0	7554	0.686261	A=A,B=D,C=C,D=B
8BWL-assembly1.cif	afm_dropout_full_woTemplates_model_2_multimer_v1_pred_50.pdb	0	2258	0.686181	A=C,B=B,C=A,D=D
8BWL-assembly1.cif	afm_dropout_full_woTemplates_r3_model_2_multimer_v1_pred_46.pdb	0	3258	0.686177	A=A,B=D,C=C,D=B
8BWL-assembly1.cif	afm_dropout_noSM_woTemplates_model_2_multimer_v1_pred_48.pdb	0	4265	0.68609	A=C,B=B,C=A,D=D
8BWL-assembly1.cif	cf_dropout_full_woTemplates_model_5_multimer_v2_pred_20.pdb	0	6915	0.686038	A=C,B=D,C=A,D=B
8BWL-assembly1.cif	cf_dropout_full_woTemplates_model_3_multimer_v2_pred_41.pdb	0	6536	0.686014	A=A,B=B,C=C,D=D
8BWL-assembly1.cif	cf_dropout_full_woTemplates_model_2_multimer_v1_pred_3.pdb	0	6255	0.685955	A=A,B=D,C=C,D=B
8BWL-assembly1.cif	afm_woTemplates_model_4_multimer_v2_pred_13.pdb	0	5701	0.685873	A=C,B=B,C=A,D=D
8BWL-assembly1.cif	afm_woTemplates_model_4_multimer_v2_pred_41.pdb	0	5732	0.685822	A=A,B=D,C=C,D=B
8BWL-assembly1.cif	afm_dropout_full_woTemplates_r3_model_3_multimer_v1_pred_17.pdb	0	3427	0.68575	A=C,B=B,C=A,D=D
8BWL-assembly1.cif	afm_woTemplates_model_1_multimer_v2_pred_30.pdb	0	5117	0.685735	A=C,B=D,C=A,D=B
8BWL-assembly1.cif	afm_basic_model_5_multimer_v3_pred_26.pdb	0	958	0.685624	A=A,B=D,C=C,D=B
8BWL-assembly1.cif	afm_dropout_noSM_woTemplates_model_5_multimer_v1_pred_21.pdb	0	4839	0.685537	A=C,B=D,C=A,D=B
8BWL-assembly1.cif	afm_woTemplates_model_2_multimer_v1_pred_19.pdb	0	5238	0.685415	A=A,B=D,C=C,D=B
8BWL-assembly1.cif	afm_dropout_full_woTemplates_model_2_multimer_v1_pred_51.pdb	0	2259	0.685404	A=C,B=B,C=A,D=D
8BWL-assembly1.cif	afm_basic_model_4_multimer_v3_pred_42.pdb	0	775	0.685309	A=C,B=D,C=A,D=B
8BWL-assembly1.cif	afm_dropout_full_woTemplates_r3_model_3_multimer_v1_pred_23.pdb	0	3434	0.685258	A=C,B=B,C=A,D=D
8BWL-assembly1.cif	cf_dropout_full_woTemplates_model_1_multimer_v2_pred_65.pdb	0	6160	0.685209	A=C,B=B,C=A,D=D
8BWL-assembly1.cif	afm_dropout_noSM_woTemplates_model_5_multimer_v1_pred_56.pdb	0	4877	0.685202	A=C,B=B,C=A,D=D
8BWL-assembly1.cif	afm_dropout_full_woTemplates_r3_model_4_multimer_v2_pred_48.pdb	0	3729	0.68487	A=C,B=B,C=A,D=D
8BWL-assembly1.cif	afm_basic_model_4_multimer_v3_pred_64.pdb	0	799	0.68484	A=A,B=B,C=C,D=D
8BWL-assembly1.cif	afm_dropout_full_woTemplates_model_4_multimer_v1_pred_40.pdb	0	2649	0.68465	A=C,B=B,C=A,D=D
8BWL-assembly1.cif	afm_dropout_full_woTemplates_r3_model_4_multimer_v1_pred_6.pdb	0	3675	0.68461	A=A,B=D,C=C,D=B
8BWL-assembly1.cif	cf_woTemplates_model_3_multimer_v2_pred_46.pdb	0	7546	0.684487	A=A,B=D,C=C,D=B
8BWL-assembly1.cif	cf_woTemplates_model_3_multimer_v2_pred_12.pdb	0	7509	0.684365	A=C,B=D,C=A,D=B
8BWL-assembly1.cif	cf_dropout_full_woTemplates_model_4_multimer_v2_pred_37.pdb	0	6732	0.684364	A=C,B=D,C=A,D=B
8BWL-assembly1.cif	afm_woTemplates_model_4_multimer_v2_pred_52.pdb	0	5744	0.684362	A=A,B=D,C=C,D=B
8BWL-assembly1.cif	afm_dropout_full_woTemplates_model_4_multimer_v2_pred_40.pdb	0	2716	0.684359	A=C,B=D,C=A,D=B
8BWL-assembly1.cif	afm_woTemplates_model_1_multimer_v2_pred_44.pdb	0	5132	0.684238	A=C,B=D,C=A,D=B
8BWL-assembly1.cif	cf_dropout_full_woTemplates_model_2_multimer_v1_pred_28.pdb	0	6253	0.6842	A=C,B=D,C=A,D=B
8BWL-assembly1.cif	afm_dropout_full_model_3_multimer_v2_pred_58.pdb	0	1529	0.684183	A=A,B=B,C=C,D=D
8BWL-assembly1.cif	afm_basic_model_4_multimer_v3_pred_63.pdb	0	798	0.684074	A=C,B=D,C=A,D=B
8BWL-assembly1.cif	cf_woTemplates_model_3_multimer_v2_pred_16.pdb	0	7513	0.684056	A=A,B=B,C=C,D=D
8BWL-assembly1.cif	afm_dropout_full_woTemplates_model_4_multimer_v1_pred_49.pdb	0	2658	0.683921	A=C,B=B,C=A,D=D
8BWL-assembly1.cif	afm_dropout_full_woTemplates_r3_model_1_multimer_v2_pred_18.pdb	0	3093	0.683899	A=C,B=B,C=A,D=D
8BWL-assembly1.cif	afm_dropout_full_woTemplates_r3_model_3_multimer_v1_pred_0.pdb	0	3418	0.683873	A=C,B=B,C=A,D=D
8BWL-assembly1.cif	afm_dropout_full_woTemplates_r3_model_4_multimer_v2_pred_40.pdb	0	3721	0.683822	A=A,B=D,C=C,D=B
8BWL-assembly1.cif	afm_basic_model_4_multimer_v3_pred_43.pdb	0	776	0.683773	A=C,B=D,C=A,D=B
8BWL-assembly1.cif	cf_dropout_full_woTemplates_model_1_multimer_v2_pred_32.pdb	0	6124	0.683724	A=A,B=B,C=C,D=D
8BWL-assembly1.cif	afm_basic_model_4_multimer_v3_pred_19.pdb	0	749	0.683436	A=A,B=B,C=C,D=D
8BWL-assembly1.cif	afm_dropout_noSM_woTemplates_model_1_multimer_v2_pred_55.pdb	0	4139	0.683308	A=C,B=D,C=A,D=B
8BWL-assembly1.cif	cf_woTemplates_model_4_multimer_v2_pred_42.pdb	0	7743	0.683241	A=C,B=B,C=A,D=D
8BWL-assembly1.cif	afm_dropout_full_woTemplates_r3_model_4_multimer_v2_pred_25.pdb	0	3704	0.683202	A=A,B=B,C=C,D=D
8BWL-assembly1.cif	afm_dropout_full_woTemplates_r3_model_4_multimer_v1_pred_59.pdb	0	3674	0.683198	A=A,B=D,C=C,D=B
8BWL-assembly1.cif	afm_dropout_full_woTemplates_r3_model_4_multimer_v2_pred_34.pdb	0	3714	0.683156	A=C,B=B,C=A,D=D
8BWL-assembly1.cif	afm_dropout_full_woTemplates_r3_model_4_multimer_v2_pred_63.pdb	0	3746	0.683122	A=C,B=D,C=A,D=B
8BWL-assembly1.cif	afm_dropout_full_woTemplates_r3_model_4_multimer_v2_pred_55.pdb	0	3737	0.683037	A=C,B=D,C=A,D=B
8BWL-assembly1.cif	afm_dropout_full_model_4_multimer_v3_pred_6.pdb	0	1799	0.682949	A=A,B=B,C=C,D=D
8BWL-assembly1.cif	afm_dropout_full_woTemplates_r3_model_1_multimer_v2_pred_50.pdb	0	3129	0.682621	A=A,B=D,C=C,D=B
8BWL-assembly1.cif	afm_basic_model_3_multimer_v3_pred_63.pdb	0	597	0.682069	A=A,B=B,C=C,D=D
8BWL-assembly1.cif	afm_dropout_full_woTemplates_r3_model_4_multimer_v2_pred_2.pdb	0	3698	0.682054	A=C,B=B,C=A,D=D
8BWL-assembly1.cif	afm_dropout_full_woTemplates_r3_model_4_multimer_v2_pred_35.pdb	0	3715	0.682033	A=A,B=B,C=C,D=D
8BWL-assembly1.cif	afm_dropout_full_woTemplates_model_1_multimer_v1_pred_21.pdb	0	2025	0.682014	A=C,B=B,C=A,D=D
8BWL-assembly1.cif	afm_dropout_full_woTemplates_r3_model_4_multimer_v2_pred_15.pdb	0	3693	0.681954	A=C,B=D,C=A,D=B
8BWL-assembly1.cif	afm_dropout_full_woTemplates_r3_model_4_multimer_v2_pred_30.pdb	0	3710	0.681843	A=A,B=B,C=C,D=D
8BWL-assembly1.cif	cf_dropout_full_woTemplates_model_4_multimer_v2_pred_15.pdb	0	6708	0.681239	A=C,B=D,C=A,D=B
8BWL-assembly1.cif	cf_dropout_full_woTemplates_model_2_multimer_v1_pred_51.pdb	0	6279	0.681161	A=A,B=D,C=C,D=B
8BWL-assembly1.cif	afm_woTemplates_model_4_multimer_v2_pred_2.pdb	0	5708	0.680949	A=C,B=B,C=A,D=D
8BWL-assembly1.cif	afm_dropout_full_woTemplates_r3_model_1_multimer_v2_pred_60.pdb	0	3140	0.68072	A=A,B=B,C=C,D=D
8BWL-assembly1.cif	afm_dropout_full_model_3_multimer_v2_pred_40.pdb	0	1510	0.680446	A=A,B=B,C=C,D=D
8BWL-assembly1.cif	cf_woTemplates_model_4_multimer_v2_pred_58.pdb	0	7760	0.680444	A=A,B=D,C=C,D=B
8BWL-assembly1.cif	afm_dropout_full_woTemplates_r3_model_1_multimer_v2_pred_51.pdb	0	3130	0.680357	A=C,B=D,C=A,D=B
8BWL-assembly1.cif	afm_dropout_full_woTemplates_r3_model_4_multimer_v2_pred_24.pdb	0	3703	0.680293	A=A,B=D,C=C,D=B
8BWL-assembly1.cif	cf_woTemplates_model_4_multimer_v2_pred_7.pdb	0	7770	0.680126	A=A,B=B,C=C,D=D
8BWL-assembly1.cif	afm_basic_model_4_multimer_v3_pred_53.pdb	0	787	0.680092	A=A,B=B,C=C,D=D
8BWL-assembly1.cif	afm_dropout_full_woTemplates_r3_model_5_multimer_v2_pred_27.pdb	0	3907	0.680061	A=A,B=D,C=C,D=B
8BWL-assembly1.cif	cf_woTemplates_model_5_multimer_v1_pred_56.pdb	0	7892	0.679695	A=C,B=B,C=A,D=D
8BWL-assembly1.cif	afm_dropout_noSM_woTemplates_model_4_multimer_v1_pred_45.pdb	0	4664	0.679563	A=A,B=D,C=C,D=B
8BWL-assembly1.cif	afm_dropout_full_woTemplates_model_4_multimer_v1_pred_48.pdb	0	2657	0.678775	A=C,B=B,C=A,D=D
8BWL-assembly1.cif	afm_woTemplates_model_1_multimer_v2_pred_46.pdb	0	5134	0.678766	A=A,B=D,C=C,D=B
8BWL-assembly1.cif	afm_dropout_full_woTemplates_r3_model_4_multimer_v1_pred_15.pdb	0	3626	0.678684	A=A,B=D,C=C,D=B
8BWL-assembly1.cif	afm_dropout_noSM_woTemplates_model_4_multimer_v1_pred_59.pdb	0	4679	0.678663	A=C,B=B,C=A,D=D
8BWL-assembly1.cif	afm_woTemplates_model_4_multimer_v2_pred_10.pdb	0	5698	0.67865	A=A,B=B,C=C,D=D
8BWL-assembly1.cif	cf_woTemplates_model_3_multimer_v2_pred_47.pdb	0	7547	0.67849	A=A,B=B,C=C,D=D
8BWL-assembly1.cif	afm_dropout_full_woTemplates_r3_model_5_multimer_v2_pred_28.pdb	0	3908	0.678199	A=C,B=B,C=A,D=D
8BWL-assembly1.cif	afm_dropout_full_model_3_multimer_v2_pred_33.pdb	0	1502	0.678135	A=A,B=B,C=C,D=D
8BWL-assembly1.cif	afm_dropout_full_woTemplates_r3_model_4_multimer_v2_pred_45.pdb	0	3726	0.678134	A=C,B=B,C=A,D=D
8BWL-assembly1.cif	afm_dropout_full_woTemplates_r3_model_4_multimer_v2_pred_46.pdb	0	3727	0.678104	A=A,B=D,C=C,D=B
8BWL-assembly1.cif	cf_woTemplates_model_1_multimer_v2_pred_39.pdb	0	7136	0.677752	A=A,B=B,C=C,D=D
8BWL-assembly1.cif	afm_dropout_full_woTemplates_r3_model_3_multimer_v1_pred_38.pdb	0	3450	0.677695	A=C,B=B,C=A,D=D
8BWL-assembly1.cif	afm_dropout_full_model_3_multimer_v2_pred_28.pdb	0	1496	0.677649	A=A,B=B,C=C,D=D
8BWL-assembly1.cif	afm_dropout_full_woTemplates_r3_model_1_multimer_v2_pred_1.pdb	0	3084	0.677626	A=C,B=B,C=A,D=D
8BWL-assembly1.cif	afm_dropout_full_woTemplates_r3_model_4_multimer_v1_pred_29.pdb	0	3641	0.677484	A=A,B=D,C=C,D=B
8BWL-assembly1.cif	afm_dropout_noSM_woTemplates_model_4_multimer_v1_pred_33.pdb	0	4651	0.67747	A=C,B=B,C=A,D=D
8BWL-assembly1.cif	afm_woTemplates_model_3_multimer_v1_pred_6.pdb	0	5484	0.677373	A=C,B=B,C=A,D=D
8BWL-assembly1.cif	afm_dropout_full_woTemplates_r3_model_3_multimer_v2_pred_57.pdb	0	3538	0.677042	A=C,B=D,C=A,D=B
8BWL-assembly1.cif	afm_woTemplates_model_2_multimer_v1_pred_37.pdb	0	5258	0.67699	A=A,B=D,C=C,D=B
8BWL-assembly1.cif	cf_dropout_full_woTemplates_model_5_multimer_v1_pred_2.pdb	0	6847	0.676937	A=C,B=B,C=A,D=D
8BWL-assembly1.cif	afm_dropout_full_woTemplates_r3_model_2_multimer_v1_pred_13.pdb	0	3222	0.676534	A=C,B=B,C=A,D=D
8BWL-assembly1.cif	afm_dropout_full_woTemplates_r3_model_4_multimer_v2_pred_36.pdb	0	3716	0.676229	A=A,B=D,C=C,D=B
8BWL-assembly1.cif	afm_dropout_noSM_woTemplates_model_1_multimer_v2_pred_9.pdb	0	4154	0.676112	A=A,B=D,C=C,D=B
8BWL-assembly1.cif	afm_dropout_full_woTemplates_r3_model_3_multimer_v1_pred_3.pdb	0	3441	0.675824	A=A,B=D,C=C,D=B
8BWL-assembly1.cif	afm_dropout_full_woTemplates_r3_model_4_multimer_v2_pred_37.pdb	0	3717	0.675564	A=A,B=B,C=C,D=D
8BWL-assembly1.cif	afm_woTemplates_model_5_multimer_v1_pred_3.pdb	0	5853	0.67533	A=A,B=D,C=C,D=B
8BWL-assembly1.cif	afm_dropout_noSM_woTemplates_model_5_multimer_v1_pred_65.pdb	0	4887	0.675227	A=A,B=D,C=C,D=B
8BWL-assembly1.cif	afm_dropout_full_woTemplates_r3_model_1_multimer_v1_pred_24.pdb	0	3033	0.675221	A=A,B=B,C=C,D=D
8BWL-assembly1.cif	afm_dropout_full_woTemplates_r3_model_2_multimer_v2_pred_44.pdb	0	3323	0.675	A=C,B=D,C=A,D=B
8BWL-assembly1.cif	afm_dropout_full_woTemplates_r3_model_4_multimer_v1_pred_13.pdb	0	3624	0.674938	A=C,B=D,C=A,D=B
8BWL-assembly1.cif	afm_dropout_full_woTemplates_r3_model_3_multimer_v1_pred_49.pdb	0	3462	0.674773	A=A,B=D,C=C,D=B
8BWL-assembly1.cif	afm_dropout_full_woTemplates_r3_model_5_multimer_v3_pred_12.pdb	0	3958	0.674767	A=C,B=B,C=A,D=D
8BWL-assembly1.cif	afm_dropout_full_woTemplates_r3_model_4_multimer_v2_pred_18.pdb	0	3696	0.674469	A=C,B=B,C=A,D=D
8BWL-assembly1.cif	afm_dropout_noSM_woTemplates_model_4_multimer_v1_pred_66.pdb	0	4687	0.674202	A=C,B=B,C=A,D=D
8BWL-assembly1.cif	afm_dropout_full_woTemplates_r3_model_4_multimer_v2_pred_14.pdb	0	3692	0.673692	A=C,B=B,C=A,D=D
8BWL-assembly1.cif	afm_dropout_noSM_woTemplates_model_3_multimer_v1_pred_51.pdb	0	4470	0.673514	A=C,B=B,C=A,D=D
8BWL-assembly1.cif	afm_dropout_full_model_3_multimer_v2_pred_13.pdb	0	1480	0.67322	A=C,B=B,C=A,D=D
8BWL-assembly1.cif	afm_dropout_full_woTemplates_r3_model_2_multimer_v1_pred_59.pdb	0	3272	0.673076	A=C,B=B,C=A,D=D
8BWL-assembly1.cif	afm_dropout_full_model_3_multimer_v2_pred_31.pdb	0	1500	0.67281	A=C,B=B,C=A,D=D
8BWL-assembly1.cif	afm_dropout_full_woTemplates_r3_model_4_multimer_v1_pred_42.pdb	0	3656	0.672344	A=C,B=B,C=A,D=D
8BWL-assembly1.cif	afm_woTemplates_model_1_multimer_v2_pred_60.pdb	0	5150	0.672286	A=A,B=B,C=C,D=D
8BWL-assembly1.cif	afm_dropout_full_woTemplates_r3_model_1_multimer_v1_pred_27.pdb	0	3036	0.672221	A=C,B=B,C=A,D=D
8BWL-assembly1.cif	afm_dropout_full_woTemplates_r3_model_5_multimer_v1_pred_5.pdb	0	3865	0.672161	A=A,B=B,C=C,D=D
8BWL-assembly1.cif	afm_dropout_full_woTemplates_model_5_multimer_v1_pred_10.pdb	0	2817	0.672061	A=C,B=B,C=A,D=D
8BWL-assembly1.cif	afm_dropout_full_model_3_multimer_v2_pred_47.pdb	0	1517	0.671752	A=A,B=D,C=C,D=B
8BWL-assembly1.cif	afm_dropout_full_woTemplates_model_5_multimer_v1_pred_12.pdb	0	2819	0.670912	A=A,B=D,C=C,D=B
8BWL-assembly1.cif	afm_dropout_full_woTemplates_model_2_multimer_v1_pred_18.pdb	0	2222	0.67045	A=A,B=B,C=C,D=D
8BWL-assembly1.cif	afm_dropout_full_woTemplates_r3_model_4_multimer_v1_pred_43.pdb	0	3657	0.670043	A=C,B=B,C=A,D=D
8BWL-assembly1.cif	cf_dropout_full_woTemplates_model_5_multimer_v1_pred_36.pdb	0	6865	0.669986	A=C,B=B,C=A,D=D
8BWL-assembly1.cif	afm_dropout_full_woTemplates_r3_model_3_multimer_v1_pred_29.pdb	0	3440	0.669237	A=A,B=D,C=C,D=B
8BWL-assembly1.cif	cf_woTemplates_model_5_multimer_v3_pred_20.pdb	0	7987	0.669137	A=C,B=D,C=A,D=B
8BWL-assembly1.cif	afm_dropout_full_woTemplates_r3_model_4_multimer_v2_pred_31.pdb	0	3711	0.669137	A=C,B=D,C=A,D=B
8BWL-assembly1.cif	afm_dropout_full_woTemplates_r3_model_3_multimer_v1_pred_62.pdb	0	3477	0.669094	A=A,B=D,C=C,D=B
8BWL-assembly1.cif	afm_dropout_full_woTemplates_model_4_multimer_v1_pred_14.pdb	0	2620	0.668607	A=A,B=D,C=C,D=B
8BWL-assembly1.cif	afm_woTemplates_model_4_multimer_v2_pred_26.pdb	0	5715	0.667188	A=C,B=B,C=A,D=D
8BWL-assembly1.cif	afm_dropout_full_woTemplates_r3_model_5_multimer_v2_pred_7.pdb	0	3951	0.666433	A=A,B=D,C=C,D=B
8BWL-assembly1.cif	afm_dropout_full_woTemplates_r3_model_5_multimer_v2_pred_45.pdb	0	3927	0.665146	A=C,B=B,C=A,D=D
8BWL-assembly1.cif	afm_dropout_noSM_woTemplates_model_5_multimer_v1_pred_50.pdb	0	4871	0.665087	A=C,B=B,C=A,D=D
8BWL-assembly1.cif	afm_dropout_noSM_woTemplates_model_1_multimer_v1_pred_21.pdb	0	4035	0.664705	A=C,B=B,C=A,D=D
8BWL-assembly1.cif	afm_woTemplates_model_5_multimer_v1_pred_2.pdb	0	5842	0.664693	A=A,B=B,C=C,D=D
8BWL-assembly1.cif	afm_dropout_full_woTemplates_model_5_multimer_v1_pred_58.pdb	0	2869	0.664649	A=A,B=B,C=C,D=D
8BWL-assembly1.cif	afm_dropout_full_woTemplates_r3_model_4_multimer_v2_pred_21.pdb	0	3700	0.664633	A=A,B=D,C=C,D=B
8BWL-assembly1.cif	afm_dropout_full_woTemplates_r3_model_1_multimer_v2_pred_34.pdb	0	3111	0.664402	A=C,B=B,C=A,D=D
8BWL-assembly1.cif	afm_dropout_noSM_woTemplates_model_5_multimer_v1_pred_61.pdb	0	4883	0.664187	A=C,B=B,C=A,D=D
8BWL-assembly1.cif	afm_woTemplates_model_2_multimer_v1_pred_54.pdb	0	5277	0.664083	A=C,B=B,C=A,D=D
8BWL-assembly1.cif	afm_dropout_full_woTemplates_r3_model_3_multimer_v1_pred_11.pdb	0	3421	0.663351	A=A,B=D,C=C,D=B
8BWL-assembly1.cif	afm_woTemplates_model_4_multimer_v1_pred_40.pdb	0	5664	0.662667	A=C,B=B,C=A,D=D
8BWL-assembly1.cif	afm_dropout_full_woTemplates_r3_model_2_multimer_v2_pred_20.pdb	0	3297	0.662525	A=A,B=B,C=C,D=D
8BWL-assembly1.cif	afm_dropout_full_woTemplates_r3_model_4_multimer_v1_pred_32.pdb	0	3645	0.662504	A=A,B=D,C=C,D=B
8BWL-assembly1.cif	afm_dropout_full_woTemplates_model_1_multimer_v1_pred_60.pdb	0	2068	0.662409	A=A,B=D,C=C,D=B
8BWL-assembly1.cif	afm_basic_model_3_multimer_v1_pred_44.pdb	0	442	0.662167	A=A,B=B,C=C,D=D
8BWL-assembly1.cif	afm_dropout_full_woTemplates_model_5_multimer_v1_pred_53.pdb	0	2864	0.661765	A=C,B=B,C=A,D=D
8BWL-assembly1.cif	afm_woTemplates_model_4_multimer_v1_pred_35.pdb	0	5658	0.661453	A=C,B=B,C=A,D=D
8BWL-assembly1.cif	afm_dropout_noSM_woTemplates_model_4_multimer_v1_pred_9.pdb	0	4690	0.661376	A=A,B=D,C=C,D=B
8BWL-assembly1.cif	afm_dropout_full_woTemplates_model_5_multimer_v1_pred_55.pdb	0	2866	0.661316	A=C,B=D,C=A,D=B
8BWL-assembly1.cif	afm_dropout_full_woTemplates_r3_model_4_multimer_v1_pred_11.pdb	0	3622	0.661291	A=C,B=B,C=A,D=D
8BWL-assembly1.cif	afm_dropout_full_woTemplates_r3_model_3_multimer_v1_pred_12.pdb	0	3422	0.661267	A=C,B=D,C=A,D=B
8BWL-assembly1.cif	cf_woTemplates_model_5_multimer_v1_pred_66.pdb	0	7903	0.660742	A=C,B=B,C=A,D=D
8BWL-assembly1.cif	afm_woTemplates_model_4_multimer_v1_pred_56.pdb	0	5681	0.66069	A=C,B=B,C=A,D=D
8BWL-assembly1.cif	afm_dropout_full_woTemplates_r3_model_4_multimer_v2_pred_22.pdb	0	3701	0.660481	A=C,B=D,C=A,D=B
8BWL-assembly1.cif	afm_woTemplates_model_4_multimer_v1_pred_38.pdb	0	5661	0.659637	A=C,B=B,C=A,D=D
8BWL-assembly1.cif	afm_dropout_noSM_woTemplates_model_2_multimer_v1_pred_55.pdb	0	4273	0.659559	A=C,B=D,C=A,D=B
8BWL-assembly1.cif	afm_dropout_full_woTemplates_r3_model_2_multimer_v1_pred_9.pdb	0	3283	0.65952	A=A,B=B,C=C,D=D
8BWL-assembly1.cif	afm_dropout_full_woTemplates_r3_model_3_multimer_v1_pred_45.pdb	0	3458	0.659342	A=C,B=B,C=A,D=D
8BWL-assembly1.cif	afm_dropout_noSM_woTemplates_model_1_multimer_v1_pred_64.pdb	0	4082	0.659277	A=A,B=D,C=C,D=B
8BWL-assembly1.cif	afm_dropout_full_woTemplates_r3_model_2_multimer_v1_pred_47.pdb	0	3259	0.659264	A=C,B=B,C=A,D=D
8BWL-assembly1.cif	afm_dropout_full_woTemplates_r3_model_4_multimer_v2_pred_54.pdb	0	3736	0.658935	A=C,B=D,C=A,D=B
8BWL-assembly1.cif	afm_dropout_full_woTemplates_model_4_multimer_v1_pred_13.pdb	0	2619	0.658856	A=A,B=B,C=C,D=D
8BWL-assembly1.cif	afm_dropout_full_woTemplates_r3_model_5_multimer_v1_pred_2.pdb	0	3832	0.658837	A=A,B=B,C=C,D=D
8BWL-assembly1.cif	afm_dropout_noSM_woTemplates_model_1_multimer_v1_pred_65.pdb	0	4083	0.657252	A=C,B=B,C=A,D=D
8BWL-assembly1.cif	afm_dropout_full_woTemplates_r3_model_4_multimer_v2_pred_38.pdb	0	3718	0.65703	A=A,B=D,C=C,D=B
8BWL-assembly1.cif	cf_woTemplates_model_5_multimer_v1_pred_54.pdb	0	7890	0.656657	A=A,B=D,C=C,D=B
8BWL-assembly1.cif	afm_dropout_noSM_woTemplates_model_5_multimer_v1_pred_11.pdb	0	4828	0.656153	A=C,B=D,C=A,D=B
8BWL-assembly1.cif	afm_dropout_full_woTemplates_r3_model_2_multimer_v1_pred_53.pdb	0	3266	0.656105	A=C,B=B,C=A,D=D
8BWL-assembly1.cif	afm_dropout_noSM_woTemplates_model_4_multimer_v1_pred_55.pdb	0	4675	0.654795	A=A,B=D,C=C,D=B
8BWL-assembly1.cif	afm_dropout_full_woTemplates_r3_model_5_multimer_v3_pred_8.pdb	0	4019	0.654763	A=A,B=B,C=C,D=D
8BWL-assembly1.cif	afm_dropout_full_woTemplates_r3_model_3_multimer_v3_pred_43.pdb	0	3590	0.654191	A=C,B=B,C=A,D=D
8BWL-assembly1.cif	afm_woTemplates_model_3_multimer_v1_pred_55.pdb	0	5479	0.654006	A=A,B=D,C=C,D=B
8BWL-assembly1.cif	afm_dropout_full_woTemplates_r3_model_1_multimer_v1_pred_49.pdb	0	3060	0.653807	A=C,B=B,C=A,D=D
8BWL-assembly1.cif	afm_dropout_full_woTemplates_r3_model_4_multimer_v1_pred_4.pdb	0	3653	0.653691	A=C,B=B,C=A,D=D
8BWL-assembly1.cif	afm_dropout_full_woTemplates_r3_model_2_multimer_v1_pred_22.pdb	0	3232	0.653668	A=A,B=D,C=C,D=B
8BWL-assembly1.cif	afm_dropout_full_woTemplates_model_2_multimer_v1_pred_52.pdb	0	2260	0.653555	A=C,B=B,C=A,D=D
8BWL-assembly1.cif	afm_dropout_noSM_woTemplates_model_5_multimer_v1_pred_47.pdb	0	4867	0.653386	A=C,B=B,C=A,D=D
8BWL-assembly1.cif	afm_dropout_full_woTemplates_r3_model_4_multimer_v1_pred_56.pdb	0	3671	0.653	A=A,B=D,C=C,D=B
8BWL-assembly1.cif	afm_dropout_full_woTemplates_model_5_multimer_v2_pred_64.pdb	0	2943	0.652902	A=C,B=B,C=A,D=D
8BWL-assembly1.cif	afm_woTemplates_model_3_multimer_v1_pred_14.pdb	0	5434	0.652646	A=A,B=D,C=C,D=B
8BWL-assembly1.cif	afm_dropout_full_woTemplates_model_4_multimer_v1_pred_16.pdb	0	2622	0.652522	A=C,B=B,C=A,D=D
8BWL-assembly1.cif	afm_dropout_full_woTemplates_model_1_multimer_v1_pred_14.pdb	0	2017	0.652442	A=A,B=D,C=C,D=B
8BWL-assembly1.cif	afm_dropout_full_woTemplates_r3_model_2_multimer_v1_pred_12.pdb	0	3221	0.652243	A=A,B=B,C=C,D=D
8BWL-assembly1.cif	afm_dropout_full_woTemplates_r3_model_3_multimer_v2_pred_0.pdb	0	3485	0.651951	A=C,B=B,C=A,D=D
8BWL-assembly1.cif	cf_woTemplates_model_1_multimer_v1_pred_43.pdb	0	7074	0.650932	A=C,B=B,C=A,D=D
8BWL-assembly1.cif	afm_dropout_full_woTemplates_model_1_multimer_v1_pred_61.pdb	0	2069	0.650812	A=C,B=B,C=A,D=D
8BWL-assembly1.cif	afm_dropout_full_woTemplates_r3_model_5_multimer_v3_pred_22.pdb	0	3969	0.650733	A=A,B=D,C=C,D=B
8BWL-assembly1.cif	afm_dropout_full_woTemplates_r3_model_1_multimer_v1_pred_50.pdb	0	3062	0.650668	A=A,B=D,C=C,D=B
8BWL-assembly1.cif	afm_woTemplates_model_4_multimer_v1_pred_20.pdb	0	5642	0.65065	A=A,B=D,C=C,D=B
8BWL-assembly1.cif	afm_dropout_noSM_woTemplates_model_1_multimer_v1_pred_19.pdb	0	4032	0.650583	A=C,B=B,C=A,D=D
8BWL-assembly1.cif	afm_woTemplates_model_4_multimer_v1_pred_4.pdb	0	5663	0.650097	A=C,B=B,C=A,D=D
8BWL-assembly1.cif	afm_dropout_full_woTemplates_model_1_multimer_v1_pred_34.pdb	0	2039	0.65002	A=C,B=B,C=A,D=D
8BWL-assembly1.cif	afm_dropout_full_woTemplates_r3_model_2_multimer_v1_pred_7.pdb	0	3281	0.649348	A=C,B=B,C=A,D=D
8BWL-assembly1.cif	afm_dropout_full_woTemplates_r3_model_3_multimer_v1_pred_46.pdb	0	3459	0.649291	A=A,B=B,C=C,D=D
8BWL-assembly1.cif	afm_woTemplates_model_5_multimer_v1_pred_27.pdb	0	5850	0.64917	A=C,B=D,C=A,D=B
8BWL-assembly1.cif	afm_dropout_full_woTemplates_r3_model_2_multimer_v1_pred_52.pdb	0	3265	0.648919	A=A,B=B,C=C,D=D
8BWL-assembly1.cif	afm_dropout_noSM_woTemplates_model_1_multimer_v1_pred_50.pdb	0	4067	0.648358	A=A,B=D,C=C,D=B
8BWL-assembly1.cif	afm_dropout_full_woTemplates_r3_model_3_multimer_v3_pred_39.pdb	0	3585	0.648268	A=C,B=B,C=A,D=D
8BWL-assembly1.cif	afm_dropout_full_woTemplates_model_1_multimer_v1_pred_38.pdb	0	2043	0.647489	A=C,B=B,C=A,D=D
8BWL-assembly1.cif	afm_dropout_full_woTemplates_r3_model_1_multimer_v2_pred_32.pdb	0	3109	0.647468	A=C,B=B,C=A,D=D
8BWL-assembly1.cif	cf_dropout_full_woTemplates_model_5_multimer_v1_pred_59.pdb	0	6890	0.646834	A=C,B=B,C=A,D=D
8BWL-assembly1.cif	afm_dropout_full_woTemplates_model_1_multimer_v1_pred_13.pdb	0	2016	0.646126	A=A,B=D,C=C,D=B
8BWL-assembly1.cif	afm_dropout_full_woTemplates_model_1_multimer_v1_pred_57.pdb	0	2064	0.644416	A=C,B=D,C=A,D=B
8BWL-assembly1.cif	afm_dropout_full_woTemplates_r3_model_4_multimer_v2_pred_32.pdb	0	3712	0.644199	A=A,B=B,C=C,D=D
8BWL-assembly1.cif	cf_woTemplates_model_1_multimer_v1_pred_41.pdb	0	7072	0.644102	A=C,B=B,C=A,D=D
8BWL-assembly1.cif	afm_dropout_noSM_woTemplates_model_1_multimer_v1_pred_63.pdb	0	4081	0.644031	A=C,B=B,C=A,D=D
8BWL-assembly1.cif	afm_dropout_full_woTemplates_model_4_multimer_v1_pred_20.pdb	0	2627	0.643673	A=A,B=D,C=C,D=B
8BWL-assembly1.cif	afm_dropout_noSM_woTemplates_model_5_multimer_v1_pred_12.pdb	0	4829	0.643658	A=A,B=D,C=C,D=B
8BWL-assembly1.cif	afm_dropout_full_woTemplates_r3_model_2_multimer_v1_pred_41.pdb	0	3253	0.643087	A=A,B=D,C=C,D=B
8BWL-assembly1.cif	afm_dropout_full_woTemplates_r3_model_4_multimer_v2_pred_60.pdb	0	3743	0.642855	A=C,B=B,C=A,D=D
8BWL-assembly1.cif	afm_dropout_full_woTemplates_r3_model_5_multimer_v3_pred_20.pdb	0	3967	0.642546	A=A,B=B,C=C,D=D
8BWL-assembly1.cif	afm_dropout_full_woTemplates_r3_model_5_multimer_v1_pred_36.pdb	0	3850	0.642545	A=A,B=D,C=C,D=B
8BWL-assembly1.cif	afm_dropout_full_woTemplates_r3_model_5_multimer_v1_pred_63.pdb	0	3880	0.641934	A=C,B=B,C=A,D=D
8BWL-assembly1.cif	afm_dropout_full_woTemplates_r3_model_1_multimer_v1_pred_1.pdb	0	3017	0.641699	A=A,B=D,C=C,D=B
8BWL-assembly1.cif	afm_dropout_noSM_woTemplates_model_1_multimer_v1_pred_33.pdb	0	4048	0.641211	A=A,B=D,C=C,D=B
8BWL-assembly1.cif	afm_dropout_full_woTemplates_r3_model_2_multimer_v1_pred_66.pdb	0	3280	0.641158	A=A,B=D,C=C,D=B
8BWL-assembly1.cif	afm_dropout_full_woTemplates_r3_model_4_multimer_v1_pred_58.pdb	0	3673	0.64059	A=A,B=D,C=C,D=B
8BWL-assembly1.cif	afm_woTemplates_model_3_multimer_v3_pred_64.pdb	0	5623	0.640549	A=C,B=D,C=A,D=B
8BWL-assembly1.cif	afm_dropout_full_woTemplates_model_1_multimer_v1_pred_19.pdb	0	2022	0.640022	A=A,B=D,C=C,D=B
8BWL-assembly1.cif	afm_woTemplates_model_5_multimer_v1_pred_31.pdb	0	5855	0.639942	A=C,B=B,C=A,D=D
8BWL-assembly1.cif	afm_dropout_full_woTemplates_r3_model_4_multimer_v1_pred_19.pdb	0	3630	0.639662	A=C,B=B,C=A,D=D
8BWL-assembly1.cif	afm_dropout_full_woTemplates_r3_model_2_multimer_v1_pred_19.pdb	0	3228	0.63964	A=A,B=B,C=C,D=D
8BWL-assembly1.cif	afm_dropout_noSM_woTemplates_model_4_multimer_v1_pred_8.pdb	0	4689	0.638824	A=C,B=B,C=A,D=D
8BWL-assembly1.cif	afm_woTemplates_model_5_multimer_v1_pred_12.pdb	0	5834	0.638682	A=C,B=B,C=A,D=D
8BWL-assembly1.cif	cf_woTemplates_model_5_multimer_v1_pred_61.pdb	0	7898	0.638217	A=C,B=B,C=A,D=D
8BWL-assembly1.cif	afm_woTemplates_model_4_multimer_v1_pred_44.pdb	0	5668	0.637559	A=C,B=B,C=A,D=D
8BWL-assembly1.cif	afm_dropout_full_woTemplates_model_1_multimer_v1_pred_12.pdb	0	2015	0.636189	A=A,B=B,C=C,D=D
8BWL-assembly1.cif	afm_woTemplates_model_4_multimer_v1_pred_41.pdb	0	5665	0.635658	A=C,B=B,C=A,D=D
8BWL-assembly1.cif	afm_woTemplates_model_5_multimer_v1_pred_4.pdb	0	5864	0.635419	A=A,B=B,C=C,D=D
8BWL-assembly1.cif	cf_woTemplates_model_5_multimer_v1_pred_2.pdb	0	7852	0.635293	A=C,B=B,C=A,D=D
8BWL-assembly1.cif	afm_dropout_full_woTemplates_r3_model_2_multimer_v2_pred_59.pdb	0	3339	0.634911	A=C,B=D,C=A,D=B
8BWL-assembly1.cif	afm_woTemplates_model_5_multimer_v1_pred_0.pdb	0	5830	0.634716	A=C,B=D,C=A,D=B
8BWL-assembly1.cif	afm_dropout_full_woTemplates_r3_model_2_multimer_v1_pred_2.pdb	0	3229	0.634616	A=C,B=B,C=A,D=D
8BWL-assembly1.cif	afm_dropout_full_woTemplates_r3_model_4_multimer_v1_pred_20.pdb	0	3632	0.634279	A=C,B=B,C=A,D=D
8BWL-assembly1.cif	afm_dropout_full_woTemplates_model_5_multimer_v1_pred_38.pdb	0	2847	0.634082	A=C,B=B,C=A,D=D
8BWL-assembly1.cif	afm_dropout_full_woTemplates_r3_model_2_multimer_v1_pred_54.pdb	0	3267	0.633966	A=A,B=D,C=C,D=B
8BWL-assembly1.cif	afm_dropout_noSM_woTemplates_model_1_multimer_v1_pred_40.pdb	0	4056	0.633911	A=C,B=B,C=A,D=D
8BWL-assembly1.cif	cf_woTemplates_model_1_multimer_v1_pred_1.pdb	0	7037	0.633761	A=C,B=B,C=A,D=D
8BWL-assembly1.cif	afm_dropout_full_woTemplates_model_1_multimer_v1_pred_35.pdb	0	2040	0.63304	A=C,B=B,C=A,D=D
8BWL-assembly1.cif	afm_dropout_full_woTemplates_r3_model_1_multimer_v2_pred_15.pdb	0	3090	0.632438	A=C,B=D,C=A,D=B
8BWL-assembly1.cif	cf_woTemplates_model_5_multimer_v1_pred_8.pdb	0	7905	0.632424	A=C,B=B,C=A,D=D
8BWL-assembly1.cif	afm_woTemplates_model_5_multimer_v1_pred_11.pdb	0	5833	0.631928	A=C,B=B,C=A,D=D
8BWL-assembly1.cif	afm_woTemplates_model_5_multimer_v1_pred_26.pdb	0	5849	0.631712	A=C,B=B,C=A,D=D
8BWL-assembly1.cif	afm_dropout_noSM_woTemplates_model_1_multimer_v1_pred_51.pdb	0	4068	0.631124	A=A,B=B,C=C,D=D
8BWL-assembly1.cif	afm_dropout_noSM_woTemplates_model_1_multimer_v1_pred_25.pdb	0	4039	0.63026	A=A,B=D,C=C,D=B
8BWL-assembly1.cif	afm_woTemplates_model_4_multimer_v1_pred_63.pdb	0	5689	0.630037	A=A,B=B,C=C,D=D
8BWL-assembly1.cif	afm_dropout_full_woTemplates_r3_model_2_multimer_v2_pred_34.pdb	0	3312	0.629775	A=C,B=B,C=A,D=D
8BWL-assembly1.cif	afm_dropout_full_woTemplates_r3_model_5_multimer_v1_pred_30.pdb	0	3844	0.62941	A=C,B=B,C=A,D=D
8BWL-assembly1.cif	afm_woTemplates_model_5_multimer_v1_pred_20.pdb	0	5843	0.629287	A=C,B=B,C=A,D=D
8BWL-assembly1.cif	afm_woTemplates_model_3_multimer_v1_pred_54.pdb	0	5478	0.628891	A=C,B=B,C=A,D=D
8BWL-assembly1.cif	afm_dropout_noSM_woTemplates_model_1_multimer_v1_pred_62.pdb	0	4080	0.628818	A=C,B=B,C=A,D=D
8BWL-assembly1.cif	afm_dropout_noSM_woTemplates_model_1_multimer_v1_pred_0.pdb	0	4021	0.628779	A=A,B=D,C=C,D=B
8BWL-assembly1.cif	afm_dropout_full_woTemplates_r3_model_4_multimer_v1_pred_64.pdb	0	3680	0.628676	A=A,B=D,C=C,D=B
8BWL-assembly1.cif	afm_woTemplates_model_5_multimer_v1_pred_47.pdb	0	5872	0.628587	A=C,B=B,C=A,D=D
8BWL-assembly1.cif	afm_dropout_full_woTemplates_r3_model_2_multimer_v1_pred_42.pdb	0	3254	0.628275	A=A,B=D,C=C,D=B
8BWL-assembly1.cif	afm_dropout_noSM_woTemplates_model_1_multimer_v1_pred_61.pdb	0	4079	0.628094	A=C,B=B,C=A,D=D
8BWL-assembly1.cif	afm_woTemplates_model_1_multimer_v1_pred_27.pdb	0	5046	0.627851	A=A,B=D,C=C,D=B
8BWL-assembly1.cif	afm_woTemplates_model_5_multimer_v1_pred_16.pdb	0	5838	0.627509	A=C,B=B,C=A,D=D
8BWL-assembly1.cif	afm_woTemplates_model_5_multimer_v1_pred_33.pdb	0	5857	0.627157	A=A,B=B,C=C,D=D
8BWL-assembly1.cif	afm_woTemplates_model_5_multimer_v1_pred_19.pdb	0	5841	0.627141	A=A,B=D,C=C,D=B
8BWL-assembly1.cif	afm_dropout_full_woTemplates_r3_model_3_multimer_v1_pred_26.pdb	0	3437	0.62668	A=A,B=B,C=C,D=D
8BWL-assembly1.cif	afm_woTemplates_model_5_multimer_v1_pred_50.pdb	0	5876	0.626176	A=C,B=B,C=A,D=D
8BWL-assembly1.cif	afm_dropout_full_woTemplates_r3_model_1_multimer_v1_pred_4.pdb	0	3050	0.626131	A=C,B=B,C=A,D=D
8BWL-assembly1.cif	afm_dropout_noSM_woTemplates_model_5_multimer_v1_pred_59.pdb	0	4880	0.626015	A=A,B=D,C=C,D=B
8BWL-assembly1.cif	afm_dropout_full_woTemplates_r3_model_2_multimer_v2_pred_5.pdb	0	3329	0.625935	A=A,B=B,C=C,D=D
8BWL-assembly1.cif	afm_dropout_noSM_woTemplates_model_1_multimer_v1_pred_17.pdb	0	4030	0.625386	A=A,B=D,C=C,D=B
8BWL-assembly1.cif	afm_dropout_full_woTemplates_model_1_multimer_v1_pred_56.pdb	0	2063	0.624834	A=C,B=D,C=A,D=B
8BWL-assembly1.cif	afm_woTemplates_model_5_multimer_v1_pred_48.pdb	0	5873	0.624714	A=C,B=B,C=A,D=D
8BWL-assembly1.cif	afm_dropout_noSM_woTemplates_model_1_multimer_v1_pred_45.pdb	0	4061	0.624365	A=C,B=B,C=A,D=D
8BWL-assembly1.cif	afm_dropout_full_woTemplates_model_1_multimer_v1_pred_26.pdb	0	2030	0.624284	A=C,B=D,C=A,D=B
8BWL-assembly1.cif	afm_dropout_full_woTemplates_r3_model_2_multimer_v1_pred_56.pdb	0	3269	0.624245	A=A,B=B,C=C,D=D
8BWL-assembly1.cif	afm_dropout_full_woTemplates_r3_model_2_multimer_v1_pred_8.pdb	0	3282	0.623443	A=C,B=B,C=A,D=D
8BWL-assembly1.cif	afm_woTemplates_model_4_multimer_v1_pred_48.pdb	0	5672	0.623078	A=C,B=B,C=A,D=D
8BWL-assembly1.cif	afm_dropout_noSM_woTemplates_model_1_multimer_v1_pred_13.pdb	0	4026	0.623009	A=C,B=B,C=A,D=D
8BWL-assembly1.cif	afm_dropout_full_woTemplates_model_1_multimer_v1_pred_51.pdb	0	2058	0.621846	A=C,B=B,C=A,D=D
8BWL-assembly1.cif	afm_woTemplates_model_4_multimer_v1_pred_47.pdb	0	5671	0.621165	A=C,B=B,C=A,D=D
8BWL-assembly1.cif	afm_dropout_full_woTemplates_model_1_multimer_v1_pred_11.pdb	0	2014	0.620582	A=C,B=B,C=A,D=D
8BWL-assembly1.cif	afm_woTemplates_model_5_multimer_v1_pred_52.pdb	0	5878	0.620573	A=A,B=D,C=C,D=B
8BWL-assembly1.cif	afm_dropout_full_woTemplates_r3_model_2_multimer_v1_pred_37.pdb	0	3248	0.620516	A=A,B=B,C=C,D=D
8BWL-assembly1.cif	afm_woTemplates_model_5_multimer_v1_pred_35.pdb	0	5859	0.620448	A=C,B=B,C=A,D=D
8BWL-assembly1.cif	afm_dropout_noSM_woTemplates_model_1_multimer_v1_pred_18.pdb	0	4031	0.620332	A=C,B=B,C=A,D=D
8BWL-assembly1.cif	afm_dropout_full_woTemplates_model_1_multimer_v1_pred_5.pdb	0	2056	0.620117	A=C,B=B,C=A,D=D
8BWL-assembly1.cif	afm_dropout_full_woTemplates_r3_model_4_multimer_v1_pred_26.pdb	0	3638	0.619801	A=A,B=D,C=C,D=B
8BWL-assembly1.cif	afm_dropout_full_woTemplates_r3_model_2_multimer_v1_pred_58.pdb	0	3271	0.619679	A=C,B=D,C=A,D=B
8BWL-assembly1.cif	afm_woTemplates_model_5_multimer_v1_pred_21.pdb	0	5844	0.619219	A=C,B=D,C=A,D=B
8BWL-assembly1.cif	afm_dropout_noSM_woTemplates_model_1_multimer_v1_pred_29.pdb	0	4043	0.61919	A=C,B=B,C=A,D=D
8BWL-assembly1.cif	afm_woTemplates_model_5_multimer_v1_pred_58.pdb	0	5884	0.618894	A=C,B=D,C=A,D=B
8BWL-assembly1.cif	afm_woTemplates_model_5_multimer_v1_pred_59.pdb	0	5885	0.61852	A=A,B=B,C=C,D=D
8BWL-assembly1.cif	afm_woTemplates_model_5_multimer_v1_pred_13.pdb	0	5835	0.618382	A=A,B=B,C=C,D=D
8BWL-assembly1.cif	afm_dropout_full_woTemplates_model_1_multimer_v1_pred_28.pdb	0	2032	0.617902	A=C,B=B,C=A,D=D
8BWL-assembly1.cif	afm_dropout_full_woTemplates_r3_model_5_multimer_v1_pred_29.pdb	0	3842	0.617823	A=C,B=B,C=A,D=D
8BWL-assembly1.cif	afm_woTemplates_model_5_multimer_v1_pred_57.pdb	0	5883	0.617772	A=C,B=B,C=A,D=D
8BWL-assembly1.cif	afm_dropout_noSM_woTemplates_model_1_multimer_v1_pred_44.pdb	0	4060	0.617676	A=A,B=D,C=C,D=B
8BWL-assembly1.cif	afm_dropout_noSM_woTemplates_model_1_multimer_v1_pred_11.pdb	0	4024	0.617594	A=C,B=B,C=A,D=D
8BWL-assembly1.cif	afm_dropout_full_woTemplates_model_1_multimer_v1_pred_66.pdb	0	2074	0.617086	A=A,B=D,C=C,D=B
8BWL-assembly1.cif	afm_dropout_noSM_woTemplates_model_1_multimer_v1_pred_34.pdb	0	4049	0.616999	A=C,B=B,C=A,D=D
8BWL-assembly1.cif	afm_woTemplates_model_5_multimer_v1_pred_44.pdb	0	5869	0.616995	A=C,B=D,C=A,D=B
8BWL-assembly1.cif	afm_dropout_full_woTemplates_r3_model_2_multimer_v1_pred_26.pdb	0	3236	0.616624	A=C,B=D,C=A,D=B
8BWL-assembly1.cif	afm_woTemplates_model_5_multimer_v1_pred_34.pdb	0	5858	0.616516	A=C,B=B,C=A,D=D
8BWL-assembly1.cif	afm_dropout_full_woTemplates_model_1_multimer_v1_pred_52.pdb	0	2059	0.616513	A=A,B=D,C=C,D=B
8BWL-assembly1.cif	afm_woTemplates_model_5_multimer_v1_pred_66.pdb	0	5893	0.616473	A=A,B=D,C=C,D=B
8BWL-assembly1.cif	afm_dropout_noSM_woTemplates_model_5_multimer_v1_pred_16.pdb	0	4833	0.616377	A=A,B=D,C=C,D=B
8BWL-assembly1.cif	afm_dropout_full_woTemplates_r3_model_3_multimer_v1_pred_37.pdb	0	3449	0.616332	A=A,B=D,C=C,D=B
8BWL-assembly1.cif	afm_woTemplates_model_1_multimer_v1_pred_11.pdb	0	5029	0.616241	A=C,B=B,C=A,D=D
8BWL-assembly1.cif	afm_dropout_noSM_woTemplates_model_1_multimer_v1_pred_5.pdb	0	4066	0.616174	A=C,B=B,C=A,D=D
8BWL-assembly1.cif	afm_woTemplates_model_5_multimer_v1_pred_8.pdb	0	5895	0.615615	A=C,B=B,C=A,D=D
8BWL-assembly1.cif	afm_dropout_full_woTemplates_r3_model_2_multimer_v1_pred_32.pdb	0	3243	0.615176	A=C,B=B,C=A,D=D
8BWL-assembly1.cif	afm_dropout_full_woTemplates_r3_model_3_multimer_v1_pred_35.pdb	0	3447	0.615151	A=C,B=D,C=A,D=B
8BWL-assembly1.cif	cf_woTemplates_model_5_multimer_v1_pred_30.pdb	0	7864	0.614852	A=A,B=D,C=C,D=B
8BWL-assembly1.cif	afm_woTemplates_model_4_multimer_v1_pred_11.pdb	0	5632	0.613473	A=A,B=B,C=C,D=D
8BWL-assembly1.cif	afm_dropout_full_woTemplates_r3_model_4_multimer_v1_pred_24.pdb	0	3636	0.612691	A=A,B=D,C=C,D=B
8BWL-assembly1.cif	afm_dropout_full_woTemplates_r3_model_5_multimer_v1_pred_65.pdb	0	3882	0.612563	A=C,B=B,C=A,D=D
8BWL-assembly1.cif	afm_woTemplates_model_5_multimer_v1_pred_38.pdb	0	5862	0.61171	A=C,B=B,C=A,D=D
8BWL-assembly1.cif	afm_dropout_full_woTemplates_r3_model_4_multimer_v1_pred_33.pdb	0	3646	0.611693	A=C,B=B,C=A,D=D
8BWL-assembly1.cif	afm_dropout_noSM_woTemplates_model_1_multimer_v1_pred_4.pdb	0	4055	0.610867	A=C,B=B,C=A,D=D
8BWL-assembly1.cif	afm_dropout_full_woTemplates_model_1_multimer_v1_pred_43.pdb	0	2049	0.610136	A=A,B=D,C=C,D=B
8BWL-assembly1.cif	afm_dropout_noSM_woTemplates_model_1_multimer_v1_pred_56.pdb	0	4073	0.609869	A=A,B=D,C=C,D=B
8BWL-assembly1.cif	afm_dropout_full_woTemplates_model_1_multimer_v1_pred_8.pdb	0	2076	0.608956	A=A,B=D,C=C,D=B
8BWL-assembly1.cif	afm_dropout_full_woTemplates_r3_model_4_multimer_v1_pred_40.pdb	0	3654	0.608439	A=C,B=B,C=A,D=D
8BWL-assembly1.cif	afm_woTemplates_model_3_multimer_v1_pred_57.pdb	0	5481	0.608323	A=C,B=B,C=A,D=D
8BWL-assembly1.cif	afm_woTemplates_model_5_multimer_v1_pred_6.pdb	0	5886	0.60671	A=A,B=D,C=C,D=B
8BWL-assembly1.cif	afm_dropout_full_woTemplates_r3_model_2_multimer_v2_pred_53.pdb	0	3333	0.606653	A=A,B=D,C=C,D=B
8BWL-assembly1.cif	afm_woTemplates_model_5_multimer_v1_pred_46.pdb	0	5871	0.606288	A=A,B=B,C=C,D=D
8BWL-assembly1.cif	afm_woTemplates_model_4_multimer_v1_pred_29.pdb	0	5651	0.606223	A=C,B=B,C=A,D=D
8BWL-assembly1.cif	afm_dropout_full_woTemplates_model_1_multimer_v1_pred_45.pdb	0	2051	0.605964	A=C,B=B,C=A,D=D
8BWL-assembly1.cif	afm_dropout_full_woTemplates_r3_model_3_multimer_v1_pred_50.pdb	0	3464	0.605917	A=A,B=D,C=C,D=B
8BWL-assembly1.cif	afm_dropout_full_woTemplates_r3_model_3_multimer_v1_pred_54.pdb	0	3468	0.605763	A=C,B=B,C=A,D=D
8BWL-assembly1.cif	afm_dropout_full_woTemplates_r3_model_4_multimer_v1_pred_21.pdb	0	3633	0.60566	A=C,B=B,C=A,D=D
8BWL-assembly1.cif	afm_dropout_full_woTemplates_r3_model_1_multimer_v1_pred_9.pdb	0	3082	0.605578	A=C,B=B,C=A,D=D
8BWL-assembly1.cif	afm_woTemplates_model_5_multimer_v1_pred_32.pdb	0	5856	0.605384	A=C,B=B,C=A,D=D
8BWL-assembly1.cif	afm_basic_model_4_multimer_v1_pred_32.pdb	0	630	0.604484	A=A,B=D,C=C,D=B
8BWL-assembly1.cif	afm_dropout_full_woTemplates_r3_model_2_multimer_v1_pred_44.pdb	0	3256	0.604029	A=C,B=D,C=A,D=B
8BWL-assembly1.cif	afm_dropout_full_woTemplates_r3_model_5_multimer_v1_pred_38.pdb	0	3852	0.604011	A=C,B=B,C=A,D=D
8BWL-assembly1.cif	afm_dropout_full_woTemplates_r3_model_2_multimer_v1_pred_34.pdb	0	3245	0.603692	A=A,B=B,C=C,D=D
8BWL-assembly1.cif	afm_dropout_full_woTemplates_r3_model_1_multimer_v1_pred_52.pdb	0	3064	0.603091	A=A,B=D,C=C,D=B
8BWL-assembly1.cif	afm_dropout_full_woTemplates_r3_model_1_multimer_v1_pred_16.pdb	0	3024	0.602675	A=A,B=D,C=C,D=B
8BWL-assembly1.cif	afm_woTemplates_model_4_multimer_v1_pred_46.pdb	0	5670	0.602477	A=C,B=B,C=A,D=D
8BWL-assembly1.cif	afm_dropout_full_model_1_multimer_v1_pred_57.pdb	0	1059	0.602316	A=C,B=B,C=A,D=D
8BWL-assembly1.cif	afm_dropout_full_woTemplates_r3_model_2_multimer_v1_pred_64.pdb	0	3278	0.602073	A=C,B=B,C=A,D=D
8BWL-assembly1.cif	afm_woTemplates_model_5_multimer_v1_pred_10.pdb	0	5832	0.600202	A=A,B=B,C=C,D=D
8BWL-assembly1.cif	afm_dropout_full_woTemplates_r3_model_1_multimer_v1_pred_25.pdb	0	3034	0.598494	A=A,B=D,C=C,D=B
8BWL-assembly1.cif	afm_woTemplates_model_1_multimer_v1_pred_58.pdb	0	5080	0.597969	A=C,B=B,C=A,D=D
8BWL-assembly1.cif	afm_dropout_full_woTemplates_r3_model_4_multimer_v1_pred_65.pdb	0	3681	0.597648	A=C,B=B,C=A,D=D
8BWL-assembly1.cif	afm_woTemplates_model_1_multimer_v1_pred_24.pdb	0	5043	0.597504	A=C,B=B,C=A,D=D
8BWL-assembly1.cif	afm_dropout_noSM_woTemplates_model_1_multimer_v1_pred_46.pdb	0	4062	0.59737	A=C,B=B,C=A,D=D
8BWL-assembly1.cif	afm_woTemplates_model_5_multimer_v1_pred_62.pdb	0	5889	0.59626	A=A,B=D,C=C,D=B
8BWL-assembly1.cif	afm_dropout_full_woTemplates_r3_model_2_multimer_v1_pred_50.pdb	0	3263	0.595931	A=C,B=B,C=A,D=D
8BWL-assembly1.cif	afm_dropout_full_woTemplates_r3_model_1_multimer_v1_pred_40.pdb	0	3051	0.595661	A=A,B=D,C=C,D=B
8BWL-assembly1.cif	afm_dropout_full_woTemplates_r3_model_1_multimer_v1_pred_21.pdb	0	3030	0.595588	A=A,B=D,C=C,D=B
8BWL-assembly1.cif	afm_dropout_noSM_woTemplates_model_1_multimer_v1_pred_26.pdb	0	4040	0.595296	A=A,B=D,C=C,D=B
8BWL-assembly1.cif	afm_dropout_full_woTemplates_r3_model_2_multimer_v1_pred_0.pdb	0	3217	0.59392	A=A,B=D,C=C,D=B
8BWL-assembly1.cif	afm_woTemplates_model_1_multimer_v1_pred_29.pdb	0	5048	0.593523	A=C,B=B,C=A,D=D
8BWL-assembly1.cif	afm_woTemplates_model_5_multimer_v1_pred_37.pdb	0	5861	0.592878	A=C,B=D,C=A,D=B
8BWL-assembly1.cif	afm_dropout_full_woTemplates_r3_model_3_multimer_v3_pred_28.pdb	0	3573	0.591489	A=A,B=B,C=C,D=D
8BWL-assembly1.cif	afm_dropout_full_woTemplates_r3_model_4_multimer_v1_pred_10.pdb	0	3621	0.591247	A=A,B=D,C=C,D=B
8BWL-assembly1.cif	afm_dropout_full_woTemplates_r3_model_3_multimer_v1_pred_60.pdb	0	3475	0.590688	A=A,B=D,C=C,D=B
8BWL-assembly1.cif	afm_woTemplates_model_5_multimer_v1_pred_41.pdb	0	5866	0.590468	A=C,B=D,C=A,D=B
8BWL-assembly1.cif	afm_woTemplates_model_5_multimer_v1_pred_53.pdb	0	5879	0.590028	A=A,B=B,C=C,D=D
8BWL-assembly1.cif	afm_dropout_full_woTemplates_r3_model_1_multimer_v1_pred_35.pdb	0	3045	0.589497	A=C,B=B,C=A,D=D
8BWL-assembly1.cif	afm_woTemplates_model_1_multimer_v1_pred_9.pdb	0	5092	0.588974	A=C,B=B,C=A,D=D
8BWL-assembly1.cif	afm_woTemplates_model_1_multimer_v1_pred_66.pdb	0	5089	0.588574	A=C,B=B,C=A,D=D
8BWL-assembly1.cif	afm_woTemplates_model_1_multimer_v1_pred_8.pdb	0	5091	0.587919	A=C,B=B,C=A,D=D
8BWL-assembly1.cif	afm_dropout_full_woTemplates_r3_model_2_multimer_v1_pred_1.pdb	0	3218	0.587601	A=A,B=D,C=C,D=B
8BWL-assembly1.cif	afm_woTemplates_model_1_multimer_v1_pred_20.pdb	0	5039	0.587366	A=C,B=B,C=A,D=D
8BWL-assembly1.cif	afm_dropout_full_woTemplates_r3_model_3_multimer_v1_pred_58.pdb	0	3472	0.587049	A=A,B=B,C=C,D=D
8BWL-assembly1.cif	afm_woTemplates_model_3_multimer_v1_pred_24.pdb	0	5445	0.586827	A=C,B=D,C=A,D=B
8BWL-assembly1.cif	afm_dropout_full_woTemplates_r3_model_3_multimer_v1_pred_66.pdb	0	3481	0.586443	A=C,B=D,C=A,D=B
8BWL-assembly1.cif	cf_woTemplates_model_3_multimer_v1_pred_53.pdb	0	7487	0.586082	A=A,B=D,C=C,D=B
8BWL-assembly1.cif	afm_woTemplates_model_1_multimer_v1_pred_14.pdb	0	5032	0.58604	A=A,B=D,C=C,D=B
8BWL-assembly1.cif	afm_woTemplates_model_3_multimer_v1_pred_48.pdb	0	5471	0.584892	A=C,B=D,C=A,D=B
8BWL-assembly1.cif	afm_woTemplates_model_3_multimer_v1_pred_35.pdb	0	5457	0.584784	A=C,B=B,C=A,D=D
8BWL-assembly1.cif	afm_woTemplates_model_1_multimer_v1_pred_25.pdb	0	5044	0.584525	A=C,B=B,C=A,D=D
8BWL-assembly1.cif	afm_woTemplates_model_4_multimer_v1_pred_19.pdb	0	5640	0.583825	A=C,B=B,C=A,D=D
8BWL-assembly1.cif	afm_dropout_full_woTemplates_r3_model_3_multimer_v1_pred_63.pdb	0	3478	0.583293	A=C,B=B,C=A,D=D
8BWL-assembly1.cif	afm_dropout_full_woTemplates_r3_model_3_multimer_v1_pred_28.pdb	0	3439	0.581912	A=A,B=D,C=C,D=B
8BWL-assembly1.cif	afm_dropout_full_woTemplates_r3_model_3_multimer_v1_pred_61.pdb	0	3476	0.581736	A=C,B=B,C=A,D=D
8BWL-assembly1.cif	afm_dropout_full_woTemplates_r3_model_5_multimer_v1_pred_52.pdb	0	3868	0.581697	A=C,B=B,C=A,D=D
8BWL-assembly1.cif	afm_dropout_full_woTemplates_model_5_multimer_v1_pred_19.pdb	0	2826	0.581231	A=A,B=D,C=C,D=B
8BWL-assembly1.cif	afm_dropout_noSM_woTemplates_model_1_multimer_v1_pred_14.pdb	0	4027	0.581221	A=A,B=D,C=C,D=B
8BWL-assembly1.cif	afm_basic_model_1_multimer_v1_pred_5.pdb	0	46	0.580724	A=A,B=D,C=C,D=B
8BWL-assembly1.cif	afm_dropout_full_woTemplates_r3_model_1_multimer_v1_pred_22.pdb	0	3031	0.580359	A=A,B=D,C=C,D=B
8BWL-assembly1.cif	afm_woTemplates_model_5_multimer_v1_pred_7.pdb	0	5894	0.580027	A=A,B=D,C=C,D=B
8BWL-assembly1.cif	afm_woTemplates_model_1_multimer_v1_pred_13.pdb	0	5031	0.579941	A=A,B=D,C=C,D=B
8BWL-assembly1.cif	afm_woTemplates_model_1_multimer_v1_pred_45.pdb	0	5066	0.579719	A=A,B=D,C=C,D=B
8BWL-assembly1.cif	afm_woTemplates_model_5_multimer_v1_pred_49.pdb	0	5874	0.579558	A=A,B=D,C=C,D=B
8BWL-assembly1.cif	afm_woTemplates_model_1_multimer_v1_pred_57.pdb	0	5079	0.579435	A=A,B=D,C=C,D=B
8BWL-assembly1.cif	afm_woTemplates_model_1_multimer_v1_pred_16.pdb	0	5034	0.578981	A=C,B=B,C=A,D=D
8BWL-assembly1.cif	afm_dropout_full_woTemplates_r3_model_2_multimer_v1_pred_25.pdb	0	3235	0.57862	A=A,B=D,C=C,D=B
8BWL-assembly1.cif	afm_woTemplates_model_1_multimer_v1_pred_6.pdb	0	5082	0.577758	A=A,B=D,C=C,D=B
8BWL-assembly1.cif	afm_woTemplates_model_1_multimer_v1_pred_26.pdb	0	5045	0.575831	A=C,B=D,C=A,D=B
8BWL-assembly1.cif	afm_dropout_full_woTemplates_r3_model_4_multimer_v1_pred_63.pdb	0	3679	0.575008	A=C,B=B,C=A,D=D
8BWL-assembly1.cif	afm_dropout_full_woTemplates_r3_model_5_multimer_v1_pred_17.pdb	0	3829	0.574893	A=A,B=D,C=C,D=B
8BWL-assembly1.cif	afm_woTemplates_model_5_multimer_v1_pred_39.pdb	0	5863	0.574692	A=C,B=B,C=A,D=D
8BWL-assembly1.cif	afm_dropout_full_woTemplates_r3_model_2_multimer_v1_pred_49.pdb	0	3261	0.574357	A=A,B=B,C=C,D=D
8BWL-assembly1.cif	afm_woTemplates_model_1_multimer_v1_pred_52.pdb	0	5074	0.57398	A=A,B=D,C=C,D=B
8BWL-assembly1.cif	afm_dropout_full_woTemplates_r3_model_5_multimer_v1_pred_18.pdb	0	3830	0.573684	A=C,B=B,C=A,D=D
8BWL-assembly1.cif	afm_woTemplates_model_1_multimer_v1_pred_56.pdb	0	5078	0.573555	A=A,B=D,C=C,D=B
8BWL-assembly1.cif	afm_woTemplates_model_1_multimer_v1_pred_43.pdb	0	5064	0.573238	A=C,B=B,C=A,D=D
8BWL-assembly1.cif	afm_dropout_full_woTemplates_r3_model_1_multimer_v1_pred_10.pdb	0	3018	0.572613	A=C,B=B,C=A,D=D
8BWL-assembly1.cif	afm_dropout_full_woTemplates_r3_model_3_multimer_v1_pred_1.pdb	0	3419	0.571756	A=A,B=D,C=C,D=B
8BWL-assembly1.cif	afm_woTemplates_model_1_multimer_v1_pred_33.pdb	0	5053	0.571423	A=A,B=D,C=C,D=B
8BWL-assembly1.cif	afm_dropout_full_woTemplates_r3_model_2_multimer_v1_pred_57.pdb	0	3270	0.570758	A=C,B=D,C=A,D=B
8BWL-assembly1.cif	afm_dropout_full_woTemplates_r3_model_4_multimer_v1_pred_5.pdb	0	3664	0.57024	A=C,B=B,C=A,D=D
8BWL-assembly1.cif	afm_woTemplates_model_1_multimer_v1_pred_2.pdb	0	5038	0.569936	A=C,B=B,C=A,D=D
8BWL-assembly1.cif	afm_woTemplates_model_4_multimer_v1_pred_17.pdb	0	5638	0.569777	A=C,B=B,C=A,D=D
8BWL-assembly1.cif	afm_woTemplates_model_1_multimer_v1_pred_62.pdb	0	5085	0.569134	A=A,B=D,C=C,D=B
8BWL-assembly1.cif	afm_dropout_full_woTemplates_r3_model_1_multimer_v1_pred_0.pdb	0	3016	0.568969	A=A,B=D,C=C,D=B
8BWL-assembly1.cif	afm_woTemplates_model_1_multimer_v1_pred_7.pdb	0	5090	0.568621	A=A,B=D,C=C,D=B
8BWL-assembly1.cif	afm_dropout_full_woTemplates_r3_model_3_multimer_v1_pred_15.pdb	0	3425	0.568173	A=A,B=D,C=C,D=B
8BWL-assembly1.cif	afm_basic_model_1_multimer_v1_pred_50.pdb	0	47	0.567924	A=C,B=B,C=A,D=D
8BWL-assembly1.cif	afm_woTemplates_model_1_multimer_v1_pred_59.pdb	0	5081	0.567312	A=A,B=D,C=C,D=B
8BWL-assembly1.cif	afm_dropout_full_woTemplates_r3_model_2_multimer_v1_pred_15.pdb	0	3224	0.567192	A=C,B=D,C=A,D=B
8BWL-assembly1.cif	afm_woTemplates_model_1_multimer_v1_pred_37.pdb	0	5057	0.566053	A=A,B=D,C=C,D=B
8BWL-assembly1.cif	afm_woTemplates_model_1_multimer_v1_pred_54.pdb	0	5076	0.565685	A=C,B=B,C=A,D=D
8BWL-assembly1.cif	afm_woTemplates_model_1_multimer_v1_pred_44.pdb	0	5065	0.565662	A=A,B=D,C=C,D=B
8BWL-assembly1.cif	afm_dropout_full_woTemplates_r3_model_3_multimer_v1_pred_33.pdb	0	3445	0.564821	A=C,B=D,C=A,D=B
8BWL-assembly1.cif	afm_dropout_full_woTemplates_r3_model_3_multimer_v1_pred_52.pdb	0	3466	0.564306	A=A,B=D,C=C,D=B
8BWL-assembly1.cif	afm_dropout_full_woTemplates_r3_model_1_multimer_v1_pred_38.pdb	0	3048	0.563301	A=C,B=B,C=A,D=D
8BWL-assembly1.cif	afm_dropout_full_woTemplates_r3_model_4_multimer_v1_pred_45.pdb	0	3659	0.562932	A=A,B=D,C=C,D=B
8BWL-assembly1.cif	afm_woTemplates_model_1_multimer_v1_pred_19.pdb	0	5037	0.561993	A=C,B=B,C=A,D=D
8BWL-assembly1.cif	afm_woTemplates_model_1_multimer_v1_pred_30.pdb	0	5050	0.560345	A=A,B=D,C=C,D=B
8BWL-assembly1.cif	afm_woTemplates_model_1_multimer_v1_pred_22.pdb	0	5041	0.559618	A=C,B=B,C=A,D=D
8BWL-assembly1.cif	afm_dropout_full_woTemplates_r3_model_3_multimer_v1_pred_21.pdb	0	3432	0.55863	A=A,B=B,C=C,D=D
8BWL-assembly1.cif	afm_woTemplates_model_1_multimer_v1_pred_47.pdb	0	5068	0.557618	A=A,B=D,C=C,D=B
8BWL-assembly1.cif	afm_dropout_full_woTemplates_r3_model_3_multimer_v1_pred_16.pdb	0	3426	0.55753	A=C,B=B,C=A,D=D
8BWL-assembly1.cif	afm_woTemplates_model_1_multimer_v1_pred_18.pdb	0	5036	0.557246	A=C,B=B,C=A,D=D
8BWL-assembly1.cif	afm_woTemplates_model_1_multimer_v1_pred_39.pdb	0	5059	0.557066	A=C,B=B,C=A,D=D
8BWL-assembly1.cif	afm_woTemplates_model_1_multimer_v1_pred_48.pdb	0	5069	0.556459	A=C,B=B,C=A,D=D
8BWL-assembly1.cif	afm_woTemplates_model_1_multimer_v1_pred_38.pdb	0	5058	0.555304	A=A,B=D,C=C,D=B
8BWL-assembly1.cif	afm_dropout_full_woTemplates_model_1_multimer_v1_pred_62.pdb	0	2070	0.555105	A=C,B=B,C=A,D=D
8BWL-assembly1.cif	afm_dropout_full_woTemplates_r3_model_3_multimer_v1_pred_32.pdb	0	3444	0.555038	A=A,B=B,C=C,D=D
8BWL-assembly1.cif	afm_dropout_full_woTemplates_r3_model_3_multimer_v1_pred_42.pdb	0	3455	0.554847	A=A,B=D,C=C,D=B
8BWL-assembly1.cif	afm_dropout_full_woTemplates_r3_model_3_multimer_v1_pred_31.pdb	0	3443	0.554744	A=C,B=D,C=A,D=B
8BWL-assembly1.cif	afm_woTemplates_model_3_multimer_v1_pred_63.pdb	0	5488	0.554355	A=C,B=D,C=A,D=B
8BWL-assembly1.cif	afm_woTemplates_model_1_multimer_v1_pred_41.pdb	0	5062	0.552771	A=A,B=D,C=C,D=B
8BWL-assembly1.cif	afm_basic_model_1_multimer_v1_pred_31.pdb	0	26	0.55269	A=C,B=B,C=A,D=D
8BWL-assembly1.cif	afm_woTemplates_model_1_multimer_v1_pred_0.pdb	0	5026	0.552638	A=C,B=B,C=A,D=D
8BWL-assembly1.cif	afm_woTemplates_model_1_multimer_v1_pred_50.pdb	0	5072	0.552119	A=C,B=B,C=A,D=D
8BWL-assembly1.cif	afm_basic_model_1_multimer_v1_pred_7.pdb	0	65	0.551621	A=C,B=B,C=A,D=D
8BWL-assembly1.cif	afm_basic_model_1_multimer_v1_pred_0.pdb	0	1	0.551588	A=C,B=B,C=A,D=D
8BWL-assembly1.cif	afm_woTemplates_model_1_multimer_v1_pred_1.pdb	0	5027	0.550785	A=A,B=B,C=C,D=D
8BWL-assembly1.cif	afm_dropout_full_woTemplates_r3_model_3_multimer_v1_pred_25.pdb	0	3436	0.549811	A=C,B=B,C=A,D=D
8BWL-assembly1.cif	afm_dropout_full_woTemplates_r3_model_4_multimer_v1_pred_14.pdb	0	3625	0.544576	A=A,B=D,C=C,D=B
8BWL-assembly1.cif	afm_dropout_full_woTemplates_r3_model_2_multimer_v1_pred_51.pdb	0	3264	0.540998	A=C,B=B,C=A,D=D
8BWL-assembly1.cif	afm_dropout_full_woTemplates_r3_model_3_multimer_v1_pred_44.pdb	0	3457	0.537757	A=A,B=B,C=C,D=D
8BWL-assembly1.cif	afm_dropout_full_woTemplates_r3_model_1_multimer_v1_pred_18.pdb	0	3026	0.536495	A=C,B=B,C=A,D=D
8BWL-assembly1.cif	afm_basic_model_1_multimer_v1_pred_32.pdb	0	27	0.536365	A=A,B=D,C=C,D=B
8BWL-assembly1.cif	afm_dropout_full_woTemplates_r3_model_3_multimer_v1_pred_39.pdb	0	3451	0.534492	A=C,B=B,C=A,D=D
8BWL-assembly1.cif	afm_basic_model_1_multimer_v1_pred_16.pdb	0	9	0.529629	A=A,B=D,C=C,D=B
8BWL-assembly1.cif	afm_woTemplates_model_5_multimer_v1_pred_42.pdb	0	5867	0.527498	A=A,B=B,C=C,D=D
8BWL-assembly1.cif	afm_basic_model_1_multimer_v1_pred_53.pdb	0	50	0.52637	A=A,B=D,C=C,D=B
8BWL-assembly1.cif	afm_dropout_full_woTemplates_r3_model_4_multimer_v1_pred_8.pdb	0	3684	0.526363	A=A,B=D,C=C,D=B
8BWL-assembly1.cif	afm_dropout_full_woTemplates_r3_model_1_multimer_v1_pred_46.pdb	0	3057	0.523293	A=A,B=D,C=C,D=B
8BWL-assembly1.cif	afm_dropout_full_woTemplates_r3_model_3_multimer_v1_pred_10.pdb	0	3420	0.512177	A=A,B=D,C=C,D=B
8BWL-assembly1.cif	afm_woTemplates_model_3_multimer_v1_pred_27.pdb	0	5448	0.506202	A=A,B=D,C=C,D=B
8BWL-assembly1.cif	afm_dropout_full_woTemplates_r3_model_2_multimer_v1_pred_60.pdb	0	3274	0.501603	A=A,B=D,C=C,D=B
8BWL-assembly1.cif	afm_dropout_full_woTemplates_r3_model_1_multimer_v1_pred_43.pdb	0	3054	0.497125	A=C,B=B,C=A,D=D
8BWL-assembly1.cif	cf_dropout_full_woTemplates_model_1_multimer_v1_pred_3.pdb	0	6054	0.487166	A=C,B=B,C=A,D=D
8BWL-assembly1.cif	afm_dropout_full_woTemplates_r3_model_3_multimer_v1_pred_27.pdb	0	3438	0.460334	A=C,B=B,C=A,D=D
8BWL-assembly1.cif	afm_dropout_full_woTemplates_model_1_multimer_v1_pred_9.pdb	0	2077	0.460062	A=A,B=D,C=C,D=B
8BWL-assembly1.cif	afm_woTemplates_model_2_multimer_v1_pred_65.pdb	0	5289	0.449243	A=C,B=B,C=A,D=D
8BWL-assembly1.cif	afm_dropout_full_woTemplates_model_1_multimer_v1_pred_25.pdb	0	2029	0.444679	A=C,B=B,C=A,D=D
8BWL-assembly1.cif	afm_dropout_full_woTemplates_r3_model_5_multimer_v1_pred_20.pdb	0	3833	0.442593	A=C,B=B,C=A,D=D
8BWL-assembly1.cif	afm_dropout_full_woTemplates_model_2_multimer_v1_pred_57.pdb	0	2265	0.439642	A=A,B=D,C=C,D=B
8BWL-assembly1.cif	afm_dropout_noSM_woTemplates_model_2_multimer_v1_pred_33.pdb	0	4249	0.430421	A=C,B=B,C=A,D=D
8BWL-assembly1.cif	afm_woTemplates_model_2_multimer_v1_pred_12.pdb	0	5231	0.425936	A=A,B=D,C=C,D=B
8BWL-assembly1.cif	afm_woTemplates_model_2_multimer_v1_pred_30.pdb	0	5251	0.425028	A=C,B=B,C=A,D=D
8BWL-assembly1.cif	afm_woTemplates_model_2_multimer_v1_pred_50.pdb	0	5273	0.421972	A=A,B=D,C=C,D=B
8BWL-assembly1.cif	afm_dropout_full_woTemplates_model_2_multimer_v1_pred_42.pdb	0	2249	0.405465	A=A,B=D,C=C,D=B
8BWL-assembly1.cif	afm_dropout_full_woTemplates_model_1_multimer_v1_pred_18.pdb	0	2021	0.40366	A=A,B=D,C=C,D=B
8BWL-assembly1.cif	afm_dropout_full_woTemplates_r3_model_1_multimer_v1_pred_29.pdb	0	3038	0.375074	A=A,B=B,C=C,D=D
8BWL-assembly1.cif	cf_woTemplates_model_5_multimer_v1_pred_65.pdb	0	7902	0.355479	A=C,B=B,C=A,D=D
8BWL-assembly1.cif	cf_dropout_full_woTemplates_model_1_multimer_v1_pred_66.pdb	0	6094	0.352963	A=C,B=D,C=A,D=B
8BWL-assembly1.cif	afm_dropout_noSM_woTemplates_model_1_multimer_v1_pred_12.pdb	0	4025	0.346718	A=A,B=B,C=C,D=D
8BWL-assembly1.cif	afm_woTemplates_model_3_multimer_v1_pred_10.pdb	0	5430	0.345875	A=A,B=B,C=C,D=D
8BWL-assembly1.cif	afm_dropout_noSM_woTemplates_model_5_multimer_v1_pred_30.pdb	0	4849	0.341922	A=A,B=D,C=C,D=B
8BWL-assembly1.cif	afm_woTemplates_model_1_multimer_v1_pred_34.pdb	0	5054	0.341864	A=A,B=B,C=C,D=D
8BWL-assembly1.cif	afm_woTemplates_model_5_multimer_v1_pred_24.pdb	0	5847	0.341624	A=A,B=D,C=C,D=B
8BWL-assembly1.cif	afm_woTemplates_model_5_multimer_v1_pred_28.pdb	0	5851	0.339566	A=A,B=B,C=C,D=D
8BWL-assembly1.cif	afm_woTemplates_model_2_multimer_v1_pred_63.pdb	0	5287	0.337767	A=A,B=D,C=C,D=B
8BWL-assembly1.cif	afm_dropout_full_woTemplates_model_2_multimer_v1_pred_44.pdb	0	2251	0.337098	A=A,B=D,C=C,D=B
8BWL-assembly1.cif	afm_dropout_full_woTemplates_model_1_multimer_v1_pred_59.pdb	0	2066	0.33632	A=C,B=B,C=A,D=D
8BWL-assembly1.cif	afm_woTemplates_model_1_multimer_v1_pred_42.pdb	0	5063	0.335843	A=C,B=B,C=A,D=D
8BWL-assembly1.cif	afm_dropout_full_woTemplates_model_1_multimer_v1_pred_2.pdb	0	2023	0.335721	A=C,B=B,C=A,D=D
8BWL-assembly1.cif	afm_dropout_full_woTemplates_model_2_multimer_v1_pred_36.pdb	0	2242	0.33535	A=A,B=B,C=C,D=D
8BWL-assembly1.cif	afm_woTemplates_model_2_multimer_v1_pred_66.pdb	0	5290	0.335279	A=A,B=B,C=C,D=D
8BWL-assembly1.cif	afm_woTemplates_model_2_multimer_v1_pred_46.pdb	0	5268	0.335162	A=A,B=D,C=C,D=B
8BWL-assembly1.cif	afm_woTemplates_model_2_multimer_v1_pred_2.pdb	0	5239	0.333862	A=A,B=B,C=C,D=D
8BWL-assembly1.cif	afm_dropout_full_woTemplates_model_2_multimer_v1_pred_29.pdb	0	2234	0.333551	A=A,B=D,C=C,D=B
8BWL-assembly1.cif	afm_woTemplates_model_1_multimer_v1_pred_55.pdb	0	5077	0.333354	A=C,B=B,C=A,D=D
8BWL-assembly1.cif	afm_dropout_full_woTemplates_model_1_multimer_v1_pred_1.pdb	0	2012	0.333068	A=C,B=B,C=A,D=D
8BWL-assembly1.cif	afm_woTemplates_model_2_multimer_v1_pred_10.pdb	0	5229	0.33224	A=A,B=D,C=C,D=B
8BWL-assembly1.cif	afm_dropout_full_woTemplates_r3_model_3_multimer_v1_pred_9.pdb	0	3484	0.331558	A=A,B=D,C=C,D=B
8BWL-assembly1.cif	afm_woTemplates_model_2_multimer_v1_pred_52.pdb	0	5275	0.330728	A=A,B=B,C=C,D=D
8BWL-assembly1.cif	afm_woTemplates_model_1_multimer_v1_pred_40.pdb	0	5061	0.33054	A=C,B=B,C=A,D=D
8BWL-assembly1.cif	afm_woTemplates_model_1_multimer_v1_pred_49.pdb	0	5070	0.3263	A=A,B=D,C=C,D=B
8BWL-assembly1.cif	afm_woTemplates_model_2_multimer_v1_pred_3.pdb	0	5250	0.322149	A=A,B=D,C=C,D=B
8BWL-assembly1.cif	afm_dropout_full_woTemplates_r3_model_1_multimer_v1_pred_20.pdb	0	3029	0.307997	A=A,B=D,C=C,D=B
8BWL-assembly1.cif	afm_dropout_full_woTemplates_r3_model_1_multimer_v1_pred_11.pdb	0	3019	0.303373	A=C,B=D,C=A,D=B
8BWL-assembly1.cif	afm_dropout_full_woTemplates_model_5_multimer_v2_pred_5.pdb	0	2927	0.271144	A=C,B=D,C=A,D=B
8BWL-assembly1.cif	afm_dropout_noSM_woTemplates_model_5_multimer_v2_pred_52.pdb	0	4940	0.265422	A=A,B=B,C=C,D=D
8BWL-assembly1.cif	afm_dropout_full_woTemplates_model_5_multimer_v2_pred_37.pdb	0	2913	0.264825	A=A,B=B,C=C,D=D
8BWL-assembly1.cif	afm_dropout_noSM_woTemplates_model_5_multimer_v2_pred_34.pdb	0	4920	0.260784	A=C,B=B,C=A,D=D
8BWL-assembly1.cif	afm_dropout_full_woTemplates_r3_model_5_multimer_v2_pred_6.pdb	0	3943	0.260005	A=A,B=B,C=C,D=D
8BWL-assembly1.cif	afm_dropout_full_woTemplates_r3_model_5_multimer_v2_pred_54.pdb	0	3937	0.258827	A=C,B=D,C=A,D=B
8BWL-assembly1.cif	afm_dropout_full_woTemplates_model_5_multimer_v2_pred_23.pdb	0	2898	0.258702	A=A,B=D,C=C,D=B
8BWL-assembly1.cif	afm_dropout_noSM_woTemplates_model_5_multimer_v2_pred_5.pdb	0	4937	0.258679	A=C,B=D,C=A,D=B
8BWL-assembly1.cif	afm_dropout_full_woTemplates_r3_model_5_multimer_v2_pred_62.pdb	0	3946	0.257615	A=C,B=D,C=A,D=B
8BWL-assembly1.cif	afm_dropout_full_woTemplates_r3_model_5_multimer_v2_pred_61.pdb	0	3945	0.256109	A=A,B=B,C=C,D=D
8BWL-assembly1.cif	afm_dropout_noSM_woTemplates_model_5_multimer_v2_pred_11.pdb	0	4895	0.2559	A=C,B=D,C=A,D=B
8BWL-assembly1.cif	afm_woTemplates_model_5_multimer_v2_pred_26.pdb	0	5916	0.255235	A=A,B=B,C=C,D=D
8BWL-assembly1.cif	afm_dropout_full_woTemplates_r3_model_5_multimer_v2_pred_56.pdb	0	3939	0.254906	A=A,B=D,C=C,D=B
8BWL-assembly1.cif	afm_dropout_noSM_woTemplates_model_5_multimer_v2_pred_38.pdb	0	4924	0.254081	A=A,B=B,C=C,D=D
8BWL-assembly1.cif	afm_dropout_full_woTemplates_r3_model_5_multimer_v2_pred_31.pdb	0	3912	0.253185	A=A,B=B,C=C,D=D
8BWL-assembly1.cif	afm_dropout_full_woTemplates_model_5_multimer_v2_pred_2.pdb	0	2894	0.251996	A=C,B=D,C=A,D=B
8BWL-assembly1.cif	afm_dropout_full_woTemplates_r3_model_4_multimer_v2_pred_51.pdb	0	3733	0.246025	A=C,B=B,C=A,D=D
8BWL-assembly1.cif	afm_dropout_full_woTemplates_r3_model_5_multimer_v2_pred_22.pdb	0	3902	0.245689	A=C,B=D,C=A,D=B
8BWL-assembly1.cif	afm_dropout_noSM_woTemplates_model_1_multimer_v2_pred_45.pdb	0	4128	0.245162	A=C,B=B,C=A,D=D
8BWL-assembly1.cif	afm_dropout_noSM_woTemplates_model_5_multimer_v2_pred_8.pdb	0	4957	0.239565	A=C,B=D,C=A,D=B
8BWL-assembly1.cif	afm_dropout_full_woTemplates_r3_model_1_multimer_v2_pred_37.pdb	0	3114	0.235668	A=C,B=D,C=A,D=B
8BWL-assembly1.cif	afm_dropout_noSM_woTemplates_model_4_multimer_v2_pred_44.pdb	0	4730	0.235376	A=C,B=B,C=A,D=D
8BWL-assembly1.cif	afm_dropout_noSM_woTemplates_model_2_multimer_v1_pred_66.pdb	0	4285	0.234949	A=C,B=D,C=A,D=B
8BWL-assembly1.cif	afm_dropout_full_woTemplates_model_3_multimer_v3_pred_11.pdb	0	2550	0.232249	A=C,B=D,C=A,D=B
8BWL-assembly1.cif	afm_dropout_noSM_woTemplates_model_5_multimer_v2_pred_42.pdb	0	4929	0.231988	A=A,B=B,C=C,D=D
8BWL-assembly1.cif	afm_dropout_full_woTemplates_r3_model_5_multimer_v2_pred_4.pdb	0	3921	0.231521	A=A,B=B,C=C,D=D
8BWL-assembly1.cif	afm_dropout_full_woTemplates_model_2_multimer_v2_pred_50.pdb	0	2325	0.231196	A=A,B=B,C=C,D=D
8BWL-assembly1.cif	afm_woTemplates_model_5_multimer_v2_pred_56.pdb	0	5949	0.22589	A=C,B=D,C=A,D=B
8BWL-assembly1.cif	afm_dropout_full_woTemplates_r3_model_5_multimer_v2_pred_36.pdb	0	3917	0.22557	A=C,B=D,C=A,D=B
8BWL-assembly1.cif	afm_dropout_noSM_woTemplates_model_5_multimer_v2_pred_17.pdb	0	4901	0.2252	A=A,B=B,C=C,D=D
8BWL-assembly1.cif	afm_dropout_noSM_woTemplates_model_5_multimer_v2_pred_48.pdb	0	4935	0.224636	A=A,B=D,C=C,D=B
8BWL-assembly1.cif	afm_dropout_noSM_woTemplates_model_2_multimer_v2_pred_21.pdb	0	4303	0.224363	A=C,B=D,C=A,D=B
8BWL-assembly1.cif	afm_dropout_full_woTemplates_r3_model_5_multimer_v1_pred_23.pdb	0	3836	0.223916	A=A,B=B,C=C,D=D
8BWL-assembly1.cif	afm_dropout_full_woTemplates_r3_model_5_multimer_v1_pred_3.pdb	0	3843	0.223583	A=A,B=B,C=C,D=D
8BWL-assembly1.cif	afm_dropout_full_woTemplates_model_5_multimer_v2_pred_63.pdb	0	2942	0.22176	A=A,B=B,C=C,D=D
8BWL-assembly1.cif	afm_dropout_full_woTemplates_r3_model_5_multimer_v2_pred_43.pdb	0	3925	0.220554	A=A,B=B,C=C,D=D
8BWL-assembly1.cif	afm_dropout_full_woTemplates_r3_model_5_multimer_v1_pred_33.pdb	0	3847	0.220412	A=A,B=B,C=C,D=D
8BWL-assembly1.cif	afm_dropout_full_woTemplates_model_5_multimer_v2_pred_32.pdb	0	2908	0.219442	A=C,B=D,C=A,D=B
8BWL-assembly1.cif	afm_dropout_noSM_woTemplates_model_2_multimer_v1_pred_20.pdb	0	4235	0.219255	A=A,B=B,C=C,D=D
8BWL-assembly1.cif	afm_dropout_noSM_woTemplates_model_4_multimer_v1_pred_51.pdb	0	4671	0.219038	A=C,B=D,C=A,D=B
8BWL-assembly1.cif	afm_dropout_noSM_woTemplates_model_5_multimer_v2_pred_31.pdb	0	4917	0.21856	A=A,B=B,C=C,D=D
8BWL-assembly1.cif	afm_dropout_full_woTemplates_model_4_multimer_v1_pred_22.pdb	0	2629	0.218381	A=A,B=B,C=C,D=D
8BWL-assembly1.cif	afm_dropout_noSM_woTemplates_model_5_multimer_v1_pred_29.pdb	0	4847	0.218119	A=C,B=D,C=A,D=B
8BWL-assembly1.cif	afm_dropout_full_woTemplates_r3_model_5_multimer_v2_pred_3.pdb	0	3910	0.218112	A=C,B=B,C=A,D=D
8BWL-assembly1.cif	afm_dropout_full_woTemplates_r3_model_5_multimer_v2_pred_44.pdb	0	3926	0.217791	A=C,B=B,C=A,D=D
8BWL-assembly1.cif	afm_dropout_full_woTemplates_model_5_multimer_v2_pred_44.pdb	0	2921	0.217265	A=A,B=D,C=C,D=B
8BWL-assembly1.cif	afm_dropout_full_woTemplates_r3_model_5_multimer_v1_pred_27.pdb	0	3840	0.216155	A=C,B=D,C=A,D=B
8BWL-assembly1.cif	afm_dropout_full_woTemplates_model_5_multimer_v2_pred_11.pdb	0	2885	0.215894	A=C,B=B,C=A,D=D
8BWL-assembly1.cif	afm_dropout_full_woTemplates_r3_model_3_multimer_v3_pred_36.pdb	0	3582	0.215856	A=C,B=D,C=A,D=B
8BWL-assembly1.cif	afm_dropout_full_woTemplates_r3_model_5_multimer_v2_pred_32.pdb	0	3913	0.215801	A=A,B=D,C=C,D=B
8BWL-assembly1.cif	afm_dropout_noSM_woTemplates_model_5_multimer_v2_pred_49.pdb	0	4936	0.215597	A=A,B=B,C=C,D=D
8BWL-assembly1.cif	afm_dropout_noSM_woTemplates_model_5_multimer_v2_pred_15.pdb	0	4899	0.215421	A=C,B=D,C=A,D=B
8BWL-assembly1.cif	afm_dropout_noSM_woTemplates_model_5_multimer_v1_pred_52.pdb	0	4873	0.21534	A=A,B=B,C=C,D=D
8BWL-assembly1.cif	afm_dropout_noSM_woTemplates_model_5_multimer_v1_pred_45.pdb	0	4865	0.214599	A=C,B=D,C=A,D=B
8BWL-assembly1.cif	afm_dropout_full_woTemplates_model_5_multimer_v2_pred_7.pdb	0	2946	0.213954	A=C,B=D,C=A,D=B
8BWL-assembly1.cif	afm_dropout_full_woTemplates_model_2_multimer_v1_pred_6.pdb	0	2268	0.213942	A=C,B=D,C=A,D=B
8BWL-assembly1.cif	afm_dropout_full_woTemplates_model_2_multimer_v1_pred_41.pdb	0	2248	0.213874	A=A,B=B,C=C,D=D
8BWL-assembly1.cif	afm_dropout_full_woTemplates_model_4_multimer_v1_pred_36.pdb	0	2644	0.213847	A=A,B=B,C=C,D=D
8BWL-assembly1.cif	afm_dropout_noSM_woTemplates_model_2_multimer_v1_pred_60.pdb	0	4279	0.213664	A=A,B=B,C=C,D=D
8BWL-assembly1.cif	afm_dropout_noSM_woTemplates_model_4_multimer_v2_pred_9.pdb	0	4757	0.213182	A=C,B=D,C=A,D=B
8BWL-assembly1.cif	afm_dropout_full_woTemplates_r3_model_5_multimer_v2_pred_19.pdb	0	3898	0.213088	A=C,B=B,C=A,D=D
8BWL-assembly1.cif	afm_dropout_full_woTemplates_r3_model_5_multimer_v2_pred_66.pdb	0	3950	0.213085	A=A,B=B,C=C,D=D
8BWL-assembly1.cif	afm_dropout_full_woTemplates_model_2_multimer_v1_pred_1.pdb	0	2213	0.212634	A=A,B=B,C=C,D=D
8BWL-assembly1.cif	afm_dropout_full_woTemplates_model_5_multimer_v1_pred_15.pdb	0	2822	0.212436	A=A,B=B,C=C,D=D
8BWL-assembly1.cif	afm_dropout_full_woTemplates_model_4_multimer_v1_pred_33.pdb	0	2641	0.2123	A=C,B=D,C=A,D=B
8BWL-assembly1.cif	afm_dropout_noSM_woTemplates_model_5_multimer_v2_pred_56.pdb	0	4944	0.212255	A=A,B=B,C=C,D=D
8BWL-assembly1.cif	afm_dropout_noSM_woTemplates_model_1_multimer_v1_pred_54.pdb	0	4071	0.21165	A=C,B=D,C=A,D=B
8BWL-assembly1.cif	afm_dropout_full_woTemplates_r3_model_4_multimer_v2_pred_44.pdb	0	3725	0.21158	A=A,B=B,C=C,D=D
8BWL-assembly1.cif	afm_dropout_full_woTemplates_model_5_multimer_v2_pred_17.pdb	0	2891	0.211579	A=A,B=B,C=C,D=D
8BWL-assembly1.cif	afm_dropout_noSM_woTemplates_model_5_multimer_v1_pred_33.pdb	0	4852	0.211535	A=C,B=D,C=A,D=B
8BWL-assembly1.cif	afm_dropout_full_woTemplates_model_2_multimer_v1_pred_38.pdb	0	2244	0.211511	A=A,B=B,C=C,D=D
8BWL-assembly1.cif	afm_dropout_full_woTemplates_model_4_multimer_v1_pred_63.pdb	0	2674	0.211311	A=C,B=D,C=A,D=B
8BWL-assembly1.cif	afm_dropout_full_woTemplates_model_5_multimer_v1_pred_7.pdb	0	2879	0.211126	A=C,B=D,C=A,D=B
8BWL-assembly1.cif	afm_dropout_noSM_woTemplates_model_5_multimer_v2_pred_57.pdb	0	4945	0.210925	A=A,B=D,C=C,D=B
8BWL-assembly1.cif	afm_dropout_noSM_woTemplates_model_5_multimer_v1_pred_5.pdb	0	4870	0.210718	A=A,B=B,C=C,D=D
8BWL-assembly1.cif	afm_dropout_noSM_woTemplates_model_5_multimer_v1_pred_20.pdb	0	4838	0.210628	A=C,B=D,C=A,D=B
8BWL-assembly1.cif	afm_dropout_full_woTemplates_model_2_multimer_v1_pred_20.pdb	0	2225	0.210523	A=C,B=D,C=A,D=B
8BWL-assembly1.cif	afm_dropout_noSM_woTemplates_model_1_multimer_v1_pred_59.pdb	0	4076	0.210373	A=C,B=D,C=A,D=B
8BWL-assembly1.cif	afm_dropout_noSM_woTemplates_model_5_multimer_v1_pred_8.pdb	0	4890	0.210289	A=A,B=B,C=C,D=D
8BWL-assembly1.cif	afm_dropout_noSM_woTemplates_model_5_multimer_v2_pred_65.pdb	0	4954	0.210148	A=A,B=D,C=C,D=B
8BWL-assembly1.cif	afm_dropout_full_woTemplates_model_1_multimer_v1_pred_17.pdb	0	2020	0.210059	A=A,B=B,C=C,D=D
8BWL-assembly1.cif	afm_woTemplates_model_5_multimer_v1_pred_60.pdb	0	5887	0.209969	A=C,B=D,C=A,D=B
8BWL-assembly1.cif	afm_dropout_noSM_woTemplates_model_5_multimer_v1_pred_54.pdb	0	4875	0.209881	A=C,B=D,C=A,D=B
8BWL-assembly1.cif	afm_dropout_noSM_woTemplates_model_5_multimer_v1_pred_40.pdb	0	4860	0.209825	A=C,B=D,C=A,D=B
8BWL-assembly1.cif	afm_dropout_full_woTemplates_r3_model_5_multimer_v2_pred_34.pdb	0	3915	0.209822	A=C,B=D,C=A,D=B
8BWL-assembly1.cif	afm_dropout_noSM_woTemplates_model_5_multimer_v1_pred_6.pdb	0	4881	0.20951	A=A,B=B,C=C,D=D
8BWL-assembly1.cif	afm_dropout_noSM_woTemplates_model_1_multimer_v1_pred_6.pdb	0	4077	0.209354	A=A,B=B,C=C,D=D
8BWL-assembly1.cif	afm_dropout_full_woTemplates_model_4_multimer_v1_pred_47.pdb	0	2656	0.209266	A=A,B=B,C=C,D=D
8BWL-assembly1.cif	afm_dropout_full_woTemplates_model_4_multimer_v1_pred_24.pdb	0	2631	0.209072	A=C,B=D,C=A,D=B
8BWL-assembly1.cif	afm_dropout_full_woTemplates_model_1_multimer_v1_pred_63.pdb	0	2071	0.20906	A=A,B=B,C=C,D=D
8BWL-assembly1.cif	afm_dropout_noSM_woTemplates_model_5_multimer_v2_pred_19.pdb	0	4903	0.208993	A=C,B=B,C=A,D=D
8BWL-assembly1.cif	afm_dropout_full_woTemplates_model_5_multimer_v1_pred_49.pdb	0	2859	0.208929	A=A,B=B,C=C,D=D
8BWL-assembly1.cif	afm_dropout_noSM_woTemplates_model_3_multimer_v3_pred_18.pdb	0	4567	0.208803	A=C,B=D,C=A,D=B
8BWL-assembly1.cif	afm_dropout_noSM_woTemplates_model_4_multimer_v1_pred_54.pdb	0	4674	0.20869	A=A,B=B,C=C,D=D
8BWL-assembly1.cif	afm_dropout_full_woTemplates_model_5_multimer_v1_pred_3.pdb	0	2838	0.208284	A=A,B=B,C=C,D=D
8BWL-assembly1.cif	afm_dropout_full_woTemplates_r3_model_5_multimer_v2_pred_29.pdb	0	3909	0.208158	A=A,B=B,C=C,D=D
8BWL-assembly1.cif	afm_dropout_full_woTemplates_r3_model_3_multimer_v2_pred_6.pdb	0	3541	0.208122	A=C,B=B,C=A,D=D
8BWL-assembly1.cif	afm_dropout_full_woTemplates_model_5_multimer_v1_pred_2.pdb	0	2827	0.208034	A=C,B=D,C=A,D=B
8BWL-assembly1.cif	afm_dropout_full_woTemplates_model_5_multimer_v1_pred_57.pdb	0	2868	0.208002	A=C,B=D,C=A,D=B
8BWL-assembly1.cif	afm_dropout_full_woTemplates_model_1_multimer_v1_pred_32.pdb	0	2037	0.207931	A=A,B=B,C=C,D=D
8BWL-assembly1.cif	afm_dropout_noSM_woTemplates_model_5_multimer_v1_pred_26.pdb	0	4844	0.207768	A=C,B=D,C=A,D=B
8BWL-assembly1.cif	afm_dropout_noSM_woTemplates_model_5_multimer_v1_pred_66.pdb	0	4888	0.207699	A=C,B=D,C=A,D=B
8BWL-assembly1.cif	afm_dropout_full_woTemplates_model_5_multimer_v1_pred_4.pdb	0	2849	0.207325	A=C,B=D,C=A,D=B
8BWL-assembly1.cif	afm_dropout_full_woTemplates_model_1_multimer_v1_pred_4.pdb	0	2045	0.207285	A=C,B=D,C=A,D=B
8BWL-assembly1.cif	afm_dropout_full_woTemplates_model_5_multimer_v1_pred_13.pdb	0	2820	0.207086	A=A,B=B,C=C,D=D
8BWL-assembly1.cif	afm_dropout_full_woTemplates_r3_model_5_multimer_v2_pred_10.pdb	0	3889	0.206969	A=A,B=B,C=C,D=D
8BWL-assembly1.cif	afm_dropout_noSM_woTemplates_model_2_multimer_v1_pred_25.pdb	0	4240	0.206787	A=C,B=D,C=A,D=B
8BWL-assembly1.cif	afm_dropout_noSM_woTemplates_model_5_multimer_v1_pred_43.pdb	0	4863	0.206782	A=C,B=D,C=A,D=B
8BWL-assembly1.cif	afm_dropout_noSM_woTemplates_model_5_multimer_v2_pred_50.pdb	0	4938	0.20665	A=A,B=D,C=C,D=B
8BWL-assembly1.cif	afm_dropout_full_woTemplates_r3_model_5_multimer_v3_pred_4.pdb	0	3988	0.206571	A=A,B=D,C=C,D=B
8BWL-assembly1.cif	afm_dropout_full_woTemplates_model_2_multimer_v1_pred_47.pdb	0	2254	0.206536	A=A,B=B,C=C,D=D
8BWL-assembly1.cif	afm_dropout_full_woTemplates_model_2_multimer_v1_pred_19.pdb	0	2223	0.206477	A=C,B=D,C=A,D=B
8BWL-assembly1.cif	afm_dropout_full_woTemplates_model_5_multimer_v2_pred_31.pdb	0	2907	0.20647	A=A,B=B,C=C,D=D
8BWL-assembly1.cif	afm_dropout_full_woTemplates_model_4_multimer_v1_pred_1.pdb	0	2615	0.206418	A=C,B=D,C=A,D=B
8BWL-assembly1.cif	afm_dropout_noSM_woTemplates_model_1_multimer_v1_pred_42.pdb	0	4058	0.20607	A=A,B=B,C=C,D=D
8BWL-assembly1.cif	afm_dropout_noSM_woTemplates_model_2_multimer_v1_pred_18.pdb	0	4232	0.205938	A=C,B=D,C=A,D=B
8BWL-assembly1.cif	afm_dropout_noSM_woTemplates_model_5_multimer_v1_pred_55.pdb	0	4876	0.205926	A=C,B=D,C=A,D=B
8BWL-assembly1.cif	afm_dropout_full_woTemplates_model_1_multimer_v1_pred_27.pdb	0	2031	0.205814	A=C,B=D,C=A,D=B
8BWL-assembly1.cif	afm_dropout_full_woTemplates_r3_model_4_multimer_v1_pred_18.pdb	0	3629	0.205668	A=C,B=D,C=A,D=B
8BWL-assembly1.cif	afm_dropout_noSM_woTemplates_model_5_multimer_v1_pred_35.pdb	0	4854	0.205463	A=A,B=B,C=C,D=D
8BWL-assembly1.cif	afm_dropout_full_woTemplates_model_5_multimer_v1_pred_1.pdb	0	2816	0.20531	A=A,B=B,C=C,D=D
8BWL-assembly1.cif	afm_dropout_noSM_woTemplates_model_4_multimer_v1_pred_35.pdb	0	4653	0.205303	A=C,B=D,C=A,D=B
8BWL-assembly1.cif	afm_dropout_noSM_woTemplates_model_1_multimer_v1_pred_57.pdb	0	4074	0.205178	A=C,B=D,C=A,D=B
8BWL-assembly1.cif	afm_dropout_noSM_woTemplates_model_5_multimer_v2_pred_53.pdb	0	4941	0.205158	A=A,B=D,C=C,D=B
8BWL-assembly1.cif	afm_dropout_noSM_woTemplates_model_1_multimer_v1_pred_39.pdb	0	4054	0.205138	A=C,B=D,C=A,D=B
8BWL-assembly1.cif	afm_dropout_full_woTemplates_model_5_multimer_v1_pred_40.pdb	0	2850	0.205021	A=C,B=D,C=A,D=B
8BWL-assembly1.cif	afm_dropout_noSM_woTemplates_model_5_multimer_v1_pred_62.pdb	0	4884	0.204988	A=A,B=B,C=C,D=D
8BWL-assembly1.cif	afm_dropout_full_woTemplates_model_1_multimer_v1_pred_23.pdb	0	2027	0.204978	A=A,B=B,C=C,D=D
8BWL-assembly1.cif	afm_dropout_noSM_woTemplates_model_2_multimer_v1_pred_37.pdb	0	4253	0.204941	A=C,B=D,C=A,D=B
8BWL-assembly1.cif	afm_dropout_noSM_woTemplates_model_1_multimer_v1_pred_66.pdb	0	4084	0.204894	A=A,B=B,C=C,D=D
8BWL-assembly1.cif	afm_dropout_noSM_woTemplates_model_4_multimer_v1_pred_29.pdb	0	4646	0.204886	A=A,B=B,C=C,D=D
8BWL-assembly1.cif	afm_dropout_noSM_woTemplates_model_5_multimer_v1_pred_9.pdb	0	4891	0.204561	A=C,B=D,C=A,D=B
8BWL-assembly1.cif	afm_dropout_full_woTemplates_model_5_multimer_v1_pred_46.pdb	0	2856	0.204537	A=A,B=B,C=C,D=D
8BWL-assembly1.cif	afm_dropout_noSM_woTemplates_model_5_multimer_v1_pred_63.pdb	0	4885	0.204143	A=C,B=D,C=A,D=B
8BWL-assembly1.cif	afm_dropout_full_woTemplates_r3_model_4_multimer_v2_pred_64.pdb	0	3747	0.204082	A=C,B=D,C=A,D=B
8BWL-assembly1.cif	afm_dropout_full_woTemplates_r3_model_5_multimer_v2_pred_41.pdb	0	3923	0.204041	A=A,B=B,C=C,D=D
8BWL-assembly1.cif	afm_dropout_full_woTemplates_model_5_multimer_v1_pred_62.pdb	0	2874	0.203841	A=C,B=D,C=A,D=B
8BWL-assembly1.cif	afm_dropout_full_woTemplates_model_4_multimer_v1_pred_7.pdb	0	2678	0.203692	A=A,B=B,C=C,D=D
8BWL-assembly1.cif	afm_dropout_noSM_woTemplates_model_2_multimer_v1_pred_42.pdb	0	4259	0.2036	A=C,B=D,C=A,D=B
8BWL-assembly1.cif	afm_dropout_full_woTemplates_model_4_multimer_v2_pred_61.pdb	0	2739	0.203545	A=A,B=B,C=C,D=D
8BWL-assembly1.cif	afm_dropout_full_woTemplates_model_2_multimer_v1_pred_5.pdb	0	2257	0.20343	A=A,B=B,C=C,D=D
8BWL-assembly1.cif	afm_dropout_full_woTemplates_model_4_multimer_v1_pred_59.pdb	0	2669	0.203402	A=C,B=D,C=A,D=B
8BWL-assembly1.cif	afm_dropout_noSM_woTemplates_model_2_multimer_v1_pred_62.pdb	0	4281	0.203383	A=C,B=D,C=A,D=B
8BWL-assembly1.cif	afm_dropout_full_woTemplates_r3_model_5_multimer_v1_pred_10.pdb	0	3822	0.203307	A=C,B=D,C=A,D=B
8BWL-assembly1.cif	afm_dropout_noSM_woTemplates_model_5_multimer_v1_pred_4.pdb	0	4859	0.203262	A=C,B=D,C=A,D=B
8BWL-assembly1.cif	afm_dropout_noSM_woTemplates_model_5_multimer_v1_pred_22.pdb	0	4840	0.203235	A=A,B=B,C=C,D=D
8BWL-assembly1.cif	afm_dropout_noSM_woTemplates_model_4_multimer_v1_pred_56.pdb	0	4676	0.203133	A=A,B=B,C=C,D=D
8BWL-assembly1.cif	afm_dropout_noSM_woTemplates_model_5_multimer_v2_pred_36.pdb	0	4922	0.202955	A=A,B=B,C=C,D=D
8BWL-assembly1.cif	afm_dropout_full_woTemplates_r3_model_5_multimer_v2_pred_30.pdb	0	3911	0.20276	A=C,B=B,C=A,D=D
8BWL-assembly1.cif	afm_dropout_noSM_woTemplates_model_5_multimer_v1_pred_58.pdb	0	4879	0.202563	A=C,B=D,C=A,D=B
8BWL-assembly1.cif	afm_dropout_noSM_woTemplates_model_2_multimer_v1_pred_31.pdb	0	4247	0.202347	A=A,B=B,C=C,D=D
8BWL-assembly1.cif	afm_dropout_full_woTemplates_r3_model_5_multimer_v2_pred_25.pdb	0	3905	0.202335	A=C,B=D,C=A,D=B
8BWL-assembly1.cif	afm_dropout_noSM_woTemplates_model_5_multimer_v2_pred_14.pdb	0	4898	0.202275	A=C,B=B,C=A,D=D
8BWL-assembly1.cif	afm_dropout_noSM_woTemplates_model_5_multimer_v2_pred_40.pdb	0	4927	0.202025	A=A,B=B,C=C,D=D
8BWL-assembly1.cif	afm_dropout_full_woTemplates_model_2_multimer_v1_pred_49.pdb	0	2256	0.201997	A=C,B=D,C=A,D=B
8BWL-assembly1.cif	afm_dropout_full_woTemplates_model_3_multimer_v3_pred_29.pdb	0	2569	0.201903	A=C,B=B,C=A,D=D
8BWL-assembly1.cif	afm_dropout_noSM_woTemplates_model_5_multimer_v1_pred_2.pdb	0	4837	0.201718	A=C,B=D,C=A,D=B
8BWL-assembly1.cif	afm_dropout_noSM_woTemplates_model_4_multimer_v1_pred_20.pdb	0	4637	0.201668	A=C,B=D,C=A,D=B
8BWL-assembly1.cif	afm_dropout_full_woTemplates_model_5_multimer_v1_pred_6.pdb	0	2871	0.201668	A=C,B=D,C=A,D=B
8BWL-assembly1.cif	afm_dropout_full_woTemplates_model_5_multimer_v2_pred_54.pdb	0	2932	0.201553	A=A,B=D,C=C,D=B
8BWL-assembly1.cif	afm_dropout_full_woTemplates_model_4_multimer_v1_pred_21.pdb	0	2628	0.201462	A=A,B=B,C=C,D=D
8BWL-assembly1.cif	afm_dropout_noSM_woTemplates_model_2_multimer_v1_pred_47.pdb	0	4264	0.201333	A=A,B=B,C=C,D=D
8BWL-assembly1.cif	afm_dropout_full_woTemplates_model_2_multimer_v1_pred_16.pdb	0	2220	0.201208	A=C,B=D,C=A,D=B
8BWL-assembly1.cif	afm_dropout_full_woTemplates_r3_model_3_multimer_v2_pred_45.pdb	0	3525	0.201162	A=C,B=B,C=A,D=D
8BWL-assembly1.cif	afm_woTemplates_model_5_multimer_v2_pred_41.pdb	0	5933	0.201107	A=A,B=D,C=C,D=B
8BWL-assembly1.cif	afm_dropout_full_woTemplates_model_5_multimer_v1_pred_37.pdb	0	2846	0.201084	A=C,B=D,C=A,D=B
8BWL-assembly1.cif	afm_dropout_full_woTemplates_model_5_multimer_v2_pred_57.pdb	0	2935	0.201057	A=A,B=D,C=C,D=B
8BWL-assembly1.cif	afm_dropout_noSM_woTemplates_model_4_multimer_v1_pred_17.pdb	0	4633	0.200936	A=A,B=B,C=C,D=D
8BWL-assembly1.cif	afm_dropout_noSM_woTemplates_model_4_multimer_v1_pred_64.pdb	0	4685	0.200837	A=C,B=D,C=A,D=B
8BWL-assembly1.cif	afm_dropout_noSM_woTemplates_model_5_multimer_v1_pred_41.pdb	0	4861	0.200552	A=A,B=B,C=C,D=D
8BWL-assembly1.cif	afm_dropout_full_woTemplates_r3_model_4_multimer_v2_pred_27.pdb	0	3706	0.200393	A=A,B=B,C=C,D=D
8BWL-assembly1.cif	afm_dropout_full_woTemplates_r3_model_5_multimer_v2_pred_52.pdb	0	3935	0.200363	A=A,B=D,C=C,D=B
8BWL-assembly1.cif	afm_dropout_noSM_woTemplates_model_5_multimer_v1_pred_10.pdb	0	4827	0.200221	A=A,B=B,C=C,D=D
8BWL-assembly1.cif	afm_dropout_full_woTemplates_model_5_multimer_v1_pred_22.pdb	0	2830	0.199971	A=C,B=D,C=A,D=B
8BWL-assembly1.cif	afm_dropout_noSM_woTemplates_model_5_multimer_v1_pred_49.pdb	0	4869	0.199843	A=C,B=D,C=A,D=B
8BWL-assembly1.cif	afm_dropout_noSM_woTemplates_model_5_multimer_v1_pred_1.pdb	0	4826	0.199722	A=A,B=B,C=C,D=D
8BWL-assembly1.cif	afm_dropout_full_woTemplates_r3_model_5_multimer_v1_pred_32.pdb	0	3846	0.199549	A=A,B=B,C=C,D=D
8BWL-assembly1.cif	afm_dropout_full_woTemplates_model_5_multimer_v1_pred_64.pdb	0	2876	0.199471	A=C,B=D,C=A,D=B
8BWL-assembly1.cif	afm_dropout_full_woTemplates_r3_model_1_multimer_v1_pred_57.pdb	0	3069	0.199442	A=A,B=B,C=C,D=D
8BWL-assembly1.cif	afm_dropout_noSM_woTemplates_model_5_multimer_v1_pred_57.pdb	0	4878	0.199373	A=C,B=D,C=A,D=B
8BWL-assembly1.cif	afm_dropout_full_woTemplates_model_5_multimer_v1_pred_66.pdb	0	2878	0.199231	A=A,B=B,C=C,D=D
8BWL-assembly1.cif	afm_dropout_noSM_woTemplates_model_5_multimer_v1_pred_13.pdb	0	4830	0.19917	A=C,B=D,C=A,D=B
8BWL-assembly1.cif	afm_dropout_noSM_woTemplates_model_5_multimer_v1_pred_38.pdb	0	4857	0.199129	A=A,B=B,C=C,D=D
8BWL-assembly1.cif	afm_dropout_full_woTemplates_r3_model_2_multimer_v1_pred_39.pdb	0	3250	0.199122	A=C,B=D,C=A,D=B
8BWL-assembly1.cif	afm_dropout_noSM_woTemplates_model_5_multimer_v1_pred_19.pdb	0	4836	0.199089	A=A,B=B,C=C,D=D
8BWL-assembly1.cif	afm_dropout_noSM_woTemplates_model_5_multimer_v2_pred_27.pdb	0	4912	0.199021	A=C,B=B,C=A,D=D
8BWL-assembly1.cif	afm_dropout_noSM_woTemplates_model_5_multimer_v1_pred_25.pdb	0	4843	0.199005	A=C,B=D,C=A,D=B
8BWL-assembly1.cif	afm_dropout_full_woTemplates_r3_model_2_multimer_v1_pred_36.pdb	0	3247	0.198992	A=C,B=D,C=A,D=B
8BWL-assembly1.cif	afm_dropout_full_woTemplates_model_4_multimer_v1_pred_56.pdb	0	2666	0.198627	A=A,B=B,C=C,D=D
8BWL-assembly1.cif	afm_dropout_noSM_woTemplates_model_5_multimer_v1_pred_27.pdb	0	4845	0.198297	A=A,B=B,C=C,D=D
8BWL-assembly1.cif	afm_dropout_full_woTemplates_model_5_multimer_v2_pred_18.pdb	0	2892	0.198294	A=C,B=D,C=A,D=B
8BWL-assembly1.cif	afm_dropout_full_woTemplates_r3_model_4_multimer_v2_pred_59.pdb	0	3741	0.198238	A=C,B=D,C=A,D=B
8BWL-assembly1.cif	afm_dropout_full_woTemplates_model_5_multimer_v1_pred_9.pdb	0	2881	0.198165	A=C,B=D,C=A,D=B
8BWL-assembly1.cif	afm_dropout_full_woTemplates_model_5_multimer_v1_pred_59.pdb	0	2870	0.198144	A=A,B=B,C=C,D=D
8BWL-assembly1.cif	afm_dropout_noSM_woTemplates_model_2_multimer_v1_pred_15.pdb	0	4229	0.198128	A=A,B=B,C=C,D=D
8BWL-assembly1.cif	afm_dropout_full_woTemplates_r3_model_4_multimer_v2_pred_39.pdb	0	3719	0.198102	A=A,B=B,C=C,D=D
8BWL-assembly1.cif	afm_dropout_noSM_woTemplates_model_5_multimer_v1_pred_23.pdb	0	4841	0.198062	A=A,B=B,C=C,D=D
8BWL-assembly1.cif	afm_dropout_noSM_woTemplates_model_2_multimer_v1_pred_30.pdb	0	4246	0.197969	A=C,B=D,C=A,D=B
8BWL-assembly1.cif	afm_dropout_full_woTemplates_model_5_multimer_v1_pred_35.pdb	0	2844	0.19746	A=C,B=D,C=A,D=B
8BWL-assembly1.cif	afm_dropout_full_woTemplates_r3_model_5_multimer_v2_pred_12.pdb	0	3891	0.197242	A=A,B=B,C=C,D=D
8BWL-assembly1.cif	afm_dropout_full_woTemplates_r3_model_5_multimer_v2_pred_59.pdb	0	3942	0.19704	A=C,B=B,C=A,D=D
8BWL-assembly1.cif	afm_dropout_noSM_woTemplates_model_5_multimer_v1_pred_7.pdb	0	4889	0.196805	A=A,B=B,C=C,D=D
8BWL-assembly1.cif	afm_dropout_full_woTemplates_model_5_multimer_v1_pred_31.pdb	0	2840	0.196679	A=A,B=B,C=C,D=D
8BWL-assembly1.cif	afm_dropout_full_woTemplates_model_4_multimer_v1_pred_45.pdb	0	2654	0.196634	A=C,B=D,C=A,D=B
8BWL-assembly1.cif	afm_dropout_full_woTemplates_model_4_multimer_v1_pred_37.pdb	0	2645	0.196379	A=C,B=D,C=A,D=B
8BWL-assembly1.cif	afm_dropout_full_woTemplates_model_5_multimer_v1_pred_54.pdb	0	2865	0.196111	A=C,B=D,C=A,D=B
8BWL-assembly1.cif	afm_dropout_noSM_woTemplates_model_5_multimer_v1_pred_34.pdb	0	4853	0.195956	A=C,B=D,C=A,D=B
8BWL-assembly1.cif	afm_dropout_full_woTemplates_model_5_multimer_v2_pred_53.pdb	0	2931	0.195928	A=C,B=D,C=A,D=B
8BWL-assembly1.cif	afm_dropout_full_woTemplates_model_5_multimer_v1_pred_43.pdb	0	2853	0.195872	A=C,B=D,C=A,D=B
8BWL-assembly1.cif	afm_dropout_full_woTemplates_model_2_multimer_v1_pred_30.pdb	0	2236	0.195739	A=A,B=B,C=C,D=D
8BWL-assembly1.cif	afm_dropout_noSM_woTemplates_model_5_multimer_v1_pred_14.pdb	0	4831	0.195623	A=C,B=D,C=A,D=B
8BWL-assembly1.cif	afm_dropout_noSM_woTemplates_model_5_multimer_v2_pred_63.pdb	0	4952	0.195461	A=A,B=D,C=C,D=B
8BWL-assembly1.cif	afm_dropout_full_woTemplates_r3_model_1_multimer_v1_pred_17.pdb	0	3025	0.195392	A=A,B=B,C=C,D=D
8BWL-assembly1.cif	afm_dropout_full_woTemplates_model_5_multimer_v1_pred_8.pdb	0	2880	0.195327	A=C,B=D,C=A,D=B
8BWL-assembly1.cif	afm_dropout_noSM_woTemplates_model_2_multimer_v1_pred_52.pdb	0	4270	0.195234	A=A,B=B,C=C,D=D
8BWL-assembly1.cif	afm_dropout_full_woTemplates_model_5_multimer_v1_pred_16.pdb	0	2823	0.195004	A=C,B=D,C=A,D=B
8BWL-assembly1.cif	afm_dropout_full_woTemplates_model_2_multimer_v1_pred_22.pdb	0	2227	0.194844	A=A,B=B,C=C,D=D
8BWL-assembly1.cif	afm_dropout_full_woTemplates_model_5_multimer_v1_pred_48.pdb	0	2858	0.194827	A=C,B=D,C=A,D=B
8BWL-assembly1.cif	afm_dropout_full_woTemplates_model_5_multimer_v1_pred_30.pdb	0	2839	0.19469	A=C,B=D,C=A,D=B
8BWL-assembly1.cif	afm_dropout_full_woTemplates_model_4_multimer_v1_pred_30.pdb	0	2638	0.194482	A=A,B=B,C=C,D=D
8BWL-assembly1.cif	afm_dropout_full_woTemplates_model_4_multimer_v1_pred_61.pdb	0	2672	0.194405	A=C,B=D,C=A,D=B
8BWL-assembly1.cif	afm_dropout_full_woTemplates_model_5_multimer_v1_pred_14.pdb	0	2821	0.19433	A=C,B=D,C=A,D=B
8BWL-assembly1.cif	afm_dropout_noSM_woTemplates_model_5_multimer_v1_pred_37.pdb	0	4856	0.194319	A=A,B=B,C=C,D=D
8BWL-assembly1.cif	afm_dropout_full_woTemplates_model_4_multimer_v1_pred_28.pdb	0	2635	0.194297	A=C,B=D,C=A,D=B
8BWL-assembly1.cif	afm_dropout_full_woTemplates_model_5_multimer_v1_pred_17.pdb	0	2824	0.19422	A=C,B=D,C=A,D=B
8BWL-assembly1.cif	afm_dropout_noSM_woTemplates_model_5_multimer_v1_pred_15.pdb	0	4832	0.194126	A=C,B=D,C=A,D=B
8BWL-assembly1.cif	afm_dropout_full_woTemplates_r3_model_5_multimer_v3_pred_0.pdb	0	3954	0.194056	A=C,B=D,C=A,D=B
8BWL-assembly1.cif	afm_dropout_full_woTemplates_model_2_multimer_v1_pred_48.pdb	0	2255	0.193821	A=C,B=D,C=A,D=B
8BWL-assembly1.cif	afm_dropout_full_woTemplates_model_1_multimer_v1_pred_3.pdb	0	2034	0.193821	A=A,B=B,C=C,D=D
8BWL-assembly1.cif	afm_dropout_full_woTemplates_r3_model_2_multimer_v1_pred_61.pdb	0	3275	0.193587	A=A,B=B,C=C,D=D
8BWL-assembly1.cif	afm_dropout_full_woTemplates_r3_model_5_multimer_v1_pred_13.pdb	0	3825	0.193486	A=C,B=D,C=A,D=B
8BWL-assembly1.cif	afm_dropout_noSM_woTemplates_model_4_multimer_v1_pred_11.pdb	0	4627	0.193475	A=C,B=D,C=A,D=B
8BWL-assembly1.cif	afm_dropout_full_woTemplates_r3_model_1_multimer_v1_pred_53.pdb	0	3065	0.193436	A=A,B=B,C=C,D=D
8BWL-assembly1.cif	afm_dropout_noSM_woTemplates_model_5_multimer_v1_pred_3.pdb	0	4848	0.193369	A=C,B=D,C=A,D=B
8BWL-assembly1.cif	afm_dropout_full_woTemplates_model_5_multimer_v1_pred_21.pdb	0	2829	0.193323	A=C,B=D,C=A,D=B
8BWL-assembly1.cif	afm_dropout_full_woTemplates_model_5_multimer_v1_pred_33.pdb	0	2842	0.193307	A=C,B=D,C=A,D=B
8BWL-assembly1.cif	afm_dropout_full_woTemplates_r3_model_5_multimer_v1_pred_42.pdb	0	3857	0.193221	A=A,B=B,C=C,D=D
8BWL-assembly1.cif	afm_dropout_full_woTemplates_model_5_multimer_v1_pred_26.pdb	0	2834	0.193192	A=A,B=B,C=C,D=D
8BWL-assembly1.cif	afm_dropout_full_woTemplates_model_5_multimer_v1_pred_20.pdb	0	2828	0.192725	A=C,B=D,C=A,D=B
8BWL-assembly1.cif	afm_dropout_full_woTemplates_r3_model_2_multimer_v1_pred_63.pdb	0	3277	0.192698	A=C,B=D,C=A,D=B
8BWL-assembly1.cif	afm_dropout_noSM_woTemplates_model_5_multimer_v1_pred_60.pdb	0	4882	0.192665	A=C,B=D,C=A,D=B
8BWL-assembly1.cif	afm_dropout_noSM_woTemplates_model_4_multimer_v1_pred_16.pdb	0	4632	0.192578	A=A,B=B,C=C,D=D
8BWL-assembly1.cif	afm_dropout_full_woTemplates_r3_model_2_multimer_v1_pred_33.pdb	0	3244	0.192568	A=A,B=B,C=C,D=D
8BWL-assembly1.cif	afm_dropout_full_woTemplates_r3_model_5_multimer_v1_pred_1.pdb	0	3821	0.192516	A=A,B=B,C=C,D=D
8BWL-assembly1.cif	afm_dropout_full_woTemplates_model_5_multimer_v1_pred_47.pdb	0	2857	0.192488	A=A,B=B,C=C,D=D
8BWL-assembly1.cif	afm_dropout_noSM_woTemplates_model_4_multimer_v1_pred_47.pdb	0	4666	0.19235	A=C,B=D,C=A,D=B
8BWL-assembly1.cif	afm_dropout_full_woTemplates_model_5_multimer_v1_pred_0.pdb	0	2815	0.191851	A=A,B=B,C=C,D=D
8BWL-assembly1.cif	afm_dropout_full_woTemplates_model_5_multimer_v2_pred_20.pdb	0	2895	0.191825	A=C,B=D,C=A,D=B
8BWL-assembly1.cif	afm_dropout_noSM_woTemplates_model_1_multimer_v1_pred_9.pdb	0	4087	0.191818	A=C,B=D,C=A,D=B
8BWL-assembly1.cif	afm_dropout_noSM_woTemplates_model_5_multimer_v1_pred_32.pdb	0	4851	0.191783	A=C,B=D,C=A,D=B
8BWL-assembly1.cif	afm_dropout_full_woTemplates_r3_model_2_multimer_v1_pred_6.pdb	0	3273	0.191631	A=A,B=B,C=C,D=D
8BWL-assembly1.cif	afm_dropout_full_woTemplates_model_5_multimer_v2_pred_24.pdb	0	2899	0.191168	A=C,B=D,C=A,D=B
8BWL-assembly1.cif	afm_dropout_full_woTemplates_model_5_multimer_v1_pred_65.pdb	0	2877	0.191047	A=C,B=D,C=A,D=B
8BWL-assembly1.cif	afm_dropout_full_woTemplates_model_4_multimer_v1_pred_31.pdb	0	2639	0.191015	A=A,B=B,C=C,D=D
8BWL-assembly1.cif	afm_woTemplates_model_5_multimer_v1_pred_36.pdb	0	5860	0.191	A=C,B=D,C=A,D=B
8BWL-assembly1.cif	afm_woTemplates_model_5_multimer_v1_pred_22.pdb	0	5845	0.190385	A=C,B=D,C=A,D=B
8BWL-assembly1.cif	afm_dropout_noSM_woTemplates_model_5_multimer_v1_pred_39.pdb	0	4858	0.190347	A=C,B=D,C=A,D=B
8BWL-assembly1.cif	afm_dropout_noSM_woTemplates_model_5_multimer_v2_pred_1.pdb	0	4893	0.190331	A=C,B=D,C=A,D=B
8BWL-assembly1.cif	afm_dropout_full_woTemplates_r3_model_5_multimer_v3_pred_29.pdb	0	3976	0.189971	A=A,B=B,C=C,D=D
8BWL-assembly1.cif	afm_dropout_full_woTemplates_model_5_multimer_v1_pred_11.pdb	0	2818	0.189903	A=C,B=D,C=A,D=B
8BWL-assembly1.cif	afm_dropout_full_woTemplates_r3_model_5_multimer_v3_pred_19.pdb	0	3965	0.189871	A=A,B=D,C=C,D=B
8BWL-assembly1.cif	afm_dropout_full_woTemplates_model_5_multimer_v1_pred_24.pdb	0	2832	0.189777	A=C,B=D,C=A,D=B
8BWL-assembly1.cif	afm_woTemplates_model_5_multimer_v1_pred_30.pdb	0	5854	0.189688	A=C,B=D,C=A,D=B
8BWL-assembly1.cif	afm_dropout_noSM_woTemplates_model_1_multimer_v1_pred_23.pdb	0	4037	0.189615	A=C,B=D,C=A,D=B
8BWL-assembly1.cif	afm_woTemplates_model_5_multimer_v1_pred_43.pdb	0	5868	0.189564	A=A,B=B,C=C,D=D
8BWL-assembly1.cif	afm_dropout_full_woTemplates_model_5_multimer_v1_pred_44.pdb	0	2854	0.189563	A=C,B=D,C=A,D=B
8BWL-assembly1.cif	afm_dropout_full_woTemplates_r3_model_5_multimer_v2_pred_24.pdb	0	3904	0.189432	A=A,B=B,C=C,D=D
8BWL-assembly1.cif	afm_dropout_full_woTemplates_r3_model_2_multimer_v1_pred_29.pdb	0	3239	0.189326	A=C,B=D,C=A,D=B
8BWL-assembly1.cif	afm_dropout_full_woTemplates_model_5_multimer_v1_pred_36.pdb	0	2845	0.189292	A=C,B=D,C=A,D=B
8BWL-assembly1.cif	afm_dropout_noSM_woTemplates_model_5_multimer_v1_pred_31.pdb	0	4850	0.189091	A=A,B=B,C=C,D=D
8BWL-assembly1.cif	afm_dropout_full_woTemplates_model_5_multimer_v1_pred_29.pdb	0	2837	0.189034	A=A,B=B,C=C,D=D
8BWL-assembly1.cif	afm_dropout_full_woTemplates_model_5_multimer_v1_pred_34.pdb	0	2843	0.189013	A=C,B=D,C=A,D=B
8BWL-assembly1.cif	afm_dropout_full_woTemplates_model_1_multimer_v1_pred_20.pdb	0	2024	0.188852	A=C,B=D,C=A,D=B
8BWL-assembly1.cif	afm_dropout_noSM_woTemplates_model_5_multimer_v1_pred_24.pdb	0	4842	0.188781	A=C,B=D,C=A,D=B
8BWL-assembly1.cif	afm_woTemplates_model_5_multimer_v1_pred_29.pdb	0	5852	0.188767	A=C,B=D,C=A,D=B
8BWL-assembly1.cif	afm_dropout_full_woTemplates_r3_model_4_multimer_v1_pred_61.pdb	0	3677	0.188661	A=A,B=B,C=C,D=D
8BWL-assembly1.cif	afm_dropout_full_woTemplates_r3_model_2_multimer_v1_pred_10.pdb	0	3219	0.188575	A=A,B=B,C=C,D=D
8BWL-assembly1.cif	afm_woTemplates_model_5_multimer_v1_pred_18.pdb	0	5840	0.188517	A=A,B=B,C=C,D=D
8BWL-assembly1.cif	afm_dropout_noSM_woTemplates_model_5_multimer_v1_pred_51.pdb	0	4872	0.18786	A=A,B=B,C=C,D=D
8BWL-assembly1.cif	afm_dropout_full_woTemplates_model_5_multimer_v1_pred_41.pdb	0	2851	0.18741	A=C,B=D,C=A,D=B
8BWL-assembly1.cif	afm_dropout_noSM_woTemplates_model_3_multimer_v3_pred_0.pdb	0	4557	0.187174	A=C,B=B,C=A,D=D
8BWL-assembly1.cif	afm_dropout_full_woTemplates_model_4_multimer_v1_pred_17.pdb	0	2623	0.187154	A=A,B=B,C=C,D=D
8BWL-assembly1.cif	afm_dropout_noSM_woTemplates_model_1_multimer_v1_pred_22.pdb	0	4036	0.187065	A=A,B=B,C=C,D=D
8BWL-assembly1.cif	afm_dropout_full_woTemplates_r3_model_5_multimer_v1_pred_40.pdb	0	3855	0.186952	A=A,B=B,C=C,D=D
8BWL-assembly1.cif	afm_dropout_full_woTemplates_r3_model_5_multimer_v1_pred_12.pdb	0	3824	0.186608	A=A,B=B,C=C,D=D
8BWL-assembly1.cif	afm_dropout_noSM_woTemplates_model_5_multimer_v1_pred_42.pdb	0	4862	0.185964	A=A,B=B,C=C,D=D
8BWL-assembly1.cif	afm_dropout_full_woTemplates_model_1_multimer_v1_pred_48.pdb	0	2054	0.185944	A=C,B=D,C=A,D=B
8BWL-assembly1.cif	afm_dropout_noSM_woTemplates_model_5_multimer_v1_pred_64.pdb	0	4886	0.185929	A=C,B=D,C=A,D=B
8BWL-assembly1.cif	afm_dropout_full_woTemplates_model_2_multimer_v1_pred_55.pdb	0	2263	0.185905	A=C,B=D,C=A,D=B
8BWL-assembly1.cif	afm_dropout_full_woTemplates_model_5_multimer_v1_pred_51.pdb	0	2862	0.185783	A=C,B=D,C=A,D=B
8BWL-assembly1.cif	afm_dropout_full_woTemplates_r3_model_3_multimer_v3_pred_58.pdb	0	3606	0.185753	A=C,B=B,C=A,D=D
8BWL-assembly1.cif	afm_dropout_full_woTemplates_model_5_multimer_v1_pred_23.pdb	0	2831	0.185508	A=A,B=B,C=C,D=D
8BWL-assembly1.cif	afm_dropout_full_woTemplates_model_4_multimer_v1_pred_32.pdb	0	2640	0.18533	A=A,B=B,C=C,D=D
8BWL-assembly1.cif	afm_dropout_full_woTemplates_model_1_multimer_v1_pred_53.pdb	0	2060	0.185148	A=C,B=D,C=A,D=B
8BWL-assembly1.cif	afm_dropout_full_woTemplates_model_3_multimer_v2_pred_22.pdb	0	2495	0.185142	A=C,B=B,C=A,D=D
8BWL-assembly1.cif	afm_dropout_noSM_woTemplates_model_1_multimer_v1_pred_20.pdb	0	4034	0.185122	A=A,B=B,C=C,D=D
8BWL-assembly1.cif	afm_dropout_full_woTemplates_r3_model_5_multimer_v1_pred_45.pdb	0	3860	0.184888	A=A,B=B,C=C,D=D
8BWL-assembly1.cif	afm_dropout_full_woTemplates_r3_model_5_multimer_v1_pred_49.pdb	0	3864	0.184769	A=A,B=B,C=C,D=D
8BWL-assembly1.cif	afm_woTemplates_model_1_multimer_v1_pred_5.pdb	0	5071	0.184648	A=A,B=B,C=C,D=D
8BWL-assembly1.cif	afm_dropout_full_woTemplates_model_5_multimer_v1_pred_5.pdb	0	2860	0.184427	A=C,B=D,C=A,D=B
8BWL-assembly1.cif	afm_dropout_noSM_woTemplates_model_1_multimer_v1_pred_49.pdb	0	4065	0.184328	A=C,B=D,C=A,D=B
8BWL-assembly1.cif	afm_dropout_full_woTemplates_r3_model_5_multimer_v1_pred_26.pdb	0	3839	0.184244	A=A,B=B,C=C,D=D
8BWL-assembly1.cif	afm_dropout_full_woTemplates_r3_model_4_multimer_v1_pred_16.pdb	0	3627	0.183989	A=C,B=D,C=A,D=B
8BWL-assembly1.cif	afm_dropout_noSM_woTemplates_model_1_multimer_v1_pred_2.pdb	0	4033	0.183862	A=A,B=B,C=C,D=D
8BWL-assembly1.cif	afm_dropout_full_woTemplates_model_5_multimer_v1_pred_18.pdb	0	2825	0.183755	A=C,B=D,C=A,D=B
8BWL-assembly1.cif	afm_dropout_full_woTemplates_model_5_multimer_v1_pred_27.pdb	0	2835	0.183723	A=C,B=D,C=A,D=B
8BWL-assembly1.cif	afm_dropout_noSM_woTemplates_model_2_multimer_v1_pred_19.pdb	0	4233	0.183653	A=C,B=D,C=A,D=B
8BWL-assembly1.cif	afm_dropout_full_woTemplates_r3_model_4_multimer_v1_pred_1.pdb	0	3620	0.183511	A=C,B=D,C=A,D=B
8BWL-assembly1.cif	afm_woTemplates_model_1_multimer_v1_pred_60.pdb	0	5083	0.183403	A=A,B=B,C=C,D=D
8BWL-assembly1.cif	afm_woTemplates_model_5_multimer_v1_pred_51.pdb	0	5877	0.18313	A=A,B=B,C=C,D=D
8BWL-assembly1.cif	afm_dropout_noSM_woTemplates_model_5_multimer_v1_pred_48.pdb	0	4868	0.182726	A=C,B=D,C=A,D=B
8BWL-assembly1.cif	afm_woTemplates_model_5_multimer_v1_pred_54.pdb	0	5880	0.182642	A=C,B=D,C=A,D=B
8BWL-assembly1.cif	afm_dropout_full_woTemplates_r3_model_5_multimer_v1_pred_4.pdb	0	3854	0.181952	A=C,B=D,C=A,D=B
8BWL-assembly1.cif	afm_dropout_noSM_woTemplates_model_4_multimer_v1_pred_10.pdb	0	4626	0.181951	A=C,B=D,C=A,D=B
8BWL-assembly1.cif	afm_dropout_noSM_woTemplates_model_1_multimer_v1_pred_1.pdb	0	4022	0.181838	A=C,B=D,C=A,D=B
8BWL-assembly1.cif	afm_dropout_noSM_woTemplates_model_5_multimer_v1_pred_36.pdb	0	4855	0.181609	A=A,B=B,C=C,D=D
8BWL-assembly1.cif	afm_dropout_full_woTemplates_r3_model_5_multimer_v1_pred_22.pdb	0	3835	0.181567	A=C,B=D,C=A,D=B
8BWL-assembly1.cif	afm_dropout_noSM_woTemplates_model_1_multimer_v1_pred_27.pdb	0	4041	0.181527	A=C,B=D,C=A,D=B
8BWL-assembly1.cif	afm_dropout_noSM_woTemplates_model_1_multimer_v1_pred_52.pdb	0	4069	0.181307	A=C,B=D,C=A,D=B
8BWL-assembly1.cif	afm_dropout_full_woTemplates_r3_model_2_multimer_v1_pred_3.pdb	0	3240	0.181012	A=C,B=D,C=A,D=B
8BWL-assembly1.cif	afm_dropout_full_woTemplates_model_3_multimer_v2_pred_2.pdb	0	2492	0.180483	A=C,B=B,C=A,D=D
8BWL-assembly1.cif	afm_dropout_full_woTemplates_r3_model_2_multimer_v1_pred_31.pdb	0	3242	0.180193	A=C,B=D,C=A,D=B
8BWL-assembly1.cif	afm_dropout_noSM_woTemplates_model_1_multimer_v1_pred_58.pdb	0	4075	0.180116	A=C,B=D,C=A,D=B
8BWL-assembly1.cif	afm_dropout_full_woTemplates_r3_model_4_multimer_v1_pred_28.pdb	0	3640	0.179913	A=A,B=B,C=C,D=D
8BWL-assembly1.cif	afm_dropout_noSM_woTemplates_model_1_multimer_v1_pred_7.pdb	0	4085	0.179839	A=C,B=D,C=A,D=B
8BWL-assembly1.cif	afm_dropout_full_woTemplates_model_4_multimer_v2_pred_38.pdb	0	2713	0.179546	A=A,B=B,C=C,D=D
8BWL-assembly1.cif	afm_dropout_full_woTemplates_model_1_multimer_v1_pred_41.pdb	0	2047	0.179114	A=A,B=B,C=C,D=D
8BWL-assembly1.cif	afm_dropout_full_woTemplates_r3_model_5_multimer_v1_pred_37.pdb	0	3851	0.178941	A=C,B=D,C=A,D=B
8BWL-assembly1.cif	afm_dropout_noSM_woTemplates_model_1_multimer_v1_pred_60.pdb	0	4078	0.17888	A=C,B=D,C=A,D=B
8BWL-assembly1.cif	afm_woTemplates_model_1_multimer_v1_pred_61.pdb	0	5084	0.178621	A=A,B=B,C=C,D=D
8BWL-assembly1.cif	afm_dropout_noSM_woTemplates_model_1_multimer_v1_pred_38.pdb	0	4053	0.178514	A=A,B=B,C=C,D=D
8BWL-assembly1.cif	afm_dropout_full_woTemplates_r3_model_3_multimer_v1_pred_48.pdb	0	3461	0.1784	A=C,B=D,C=A,D=B
8BWL-assembly1.cif	afm_dropout_full_woTemplates_model_4_multimer_v1_pred_51.pdb	0	2661	0.178125	A=A,B=B,C=C,D=D
8BWL-assembly1.cif	afm_dropout_full_woTemplates_model_5_multimer_v1_pred_25.pdb	0	2833	0.177765	A=A,B=B,C=C,D=D
8BWL-assembly1.cif	afm_dropout_full_woTemplates_r3_model_5_multimer_v1_pred_54.pdb	0	3870	0.177698	A=C,B=D,C=A,D=B
8BWL-assembly1.cif	afm_dropout_full_woTemplates_r3_model_5_multimer_v2_pred_63.pdb	0	3947	0.177648	A=A,B=B,C=C,D=D
8BWL-assembly1.cif	afm_dropout_full_woTemplates_model_1_multimer_v1_pred_22.pdb	0	2026	0.177471	A=C,B=D,C=A,D=B
8BWL-assembly1.cif	afm_dropout_full_woTemplates_model_1_multimer_v1_pred_55.pdb	0	2062	0.177197	A=C,B=D,C=A,D=B
8BWL-assembly1.cif	afm_dropout_full_woTemplates_r3_model_3_multimer_v3_pred_10.pdb	0	3554	0.177159	A=A,B=B,C=C,D=D
8BWL-assembly1.cif	afm_woTemplates_model_1_multimer_v1_pred_46.pdb	0	5067	0.177114	A=A,B=B,C=C,D=D
8BWL-assembly1.cif	afm_dropout_noSM_woTemplates_model_1_multimer_v1_pred_35.pdb	0	4050	0.177106	A=C,B=D,C=A,D=B
8BWL-assembly1.cif	afm_dropout_full_woTemplates_r3_model_5_multimer_v1_pred_46.pdb	0	3861	0.176516	A=A,B=B,C=C,D=D
8BWL-assembly1.cif	afm_dropout_full_woTemplates_r3_model_4_multimer_v1_pred_36.pdb	0	3649	0.176369	A=A,B=B,C=C,D=D
8BWL-assembly1.cif	afm_dropout_full_woTemplates_r3_model_3_multimer_v3_pred_53.pdb	0	3601	0.176277	A=A,B=B,C=C,D=D
8BWL-assembly1.cif	afm_woTemplates_model_5_multimer_v1_pred_17.pdb	0	5839	0.176136	A=A,B=B,C=C,D=D
8BWL-assembly1.cif	afm_dropout_noSM_woTemplates_model_1_multimer_v1_pred_36.pdb	0	4051	0.175799	A=C,B=D,C=A,D=B
8BWL-assembly1.cif	afm_dropout_full_woTemplates_model_1_multimer_v1_pred_33.pdb	0	2038	0.175505	A=C,B=D,C=A,D=B
8BWL-assembly1.cif	afm_dropout_noSM_woTemplates_model_5_multimer_v2_pred_47.pdb	0	4934	0.174952	A=C,B=D,C=A,D=B
8BWL-assembly1.cif	afm_dropout_full_woTemplates_r3_model_4_multimer_v1_pred_2.pdb	0	3631	0.174672	A=C,B=D,C=A,D=B
8BWL-assembly1.cif	afm_dropout_full_woTemplates_model_1_multimer_v1_pred_37.pdb	0	2042	0.174473	A=A,B=B,C=C,D=D
8BWL-assembly1.cif	afm_dropout_full_woTemplates_model_1_multimer_v1_pred_15.pdb	0	2018	0.174411	A=C,B=D,C=A,D=B
8BWL-assembly1.cif	afm_dropout_full_woTemplates_model_2_multimer_v1_pred_0.pdb	0	2212	0.174386	A=A,B=B,C=C,D=D
8BWL-assembly1.cif	afm_dropout_noSM_woTemplates_model_1_multimer_v1_pred_10.pdb	0	4023	0.173878	A=A,B=B,C=C,D=D
8BWL-assembly1.cif	afm_dropout_full_woTemplates_model_4_multimer_v2_pred_34.pdb	0	2709	0.173738	A=A,B=B,C=C,D=D
8BWL-assembly1.cif	afm_dropout_full_woTemplates_model_1_multimer_v1_pred_54.pdb	0	2061	0.1737	A=A,B=B,C=C,D=D
8BWL-assembly1.cif	afm_woTemplates_model_1_multimer_v1_pred_28.pdb	0	5047	0.173563	A=A,B=B,C=C,D=D
8BWL-assembly1.cif	afm_woTemplates_model_1_multimer_v1_pred_65.pdb	0	5088	0.173073	A=C,B=D,C=A,D=B
8BWL-assembly1.cif	afm_woTemplates_model_5_multimer_v1_pred_23.pdb	0	5846	0.172948	A=A,B=B,C=C,D=D
8BWL-assembly1.cif	afm_dropout_full_woTemplates_model_5_multimer_v1_pred_63.pdb	0	2875	0.172854	A=A,B=B,C=C,D=D
8BWL-assembly1.cif	afm_dropout_noSM_woTemplates_model_3_multimer_v2_pred_43.pdb	0	4528	0.172748	A=C,B=D,C=A,D=B
8BWL-assembly1.cif	afm_dropout_full_woTemplates_r3_model_3_multimer_v1_pred_7.pdb	0	3482	0.172538	A=C,B=D,C=A,D=B
8BWL-assembly1.cif	afm_dropout_noSM_woTemplates_model_5_multimer_v1_pred_46.pdb	0	4866	0.172443	A=A,B=B,C=C,D=D
8BWL-assembly1.cif	afm_dropout_full_woTemplates_model_1_multimer_v1_pred_24.pdb	0	2028	0.172405	A=A,B=B,C=C,D=D
8BWL-assembly1.cif	afm_dropout_full_woTemplates_model_1_multimer_v1_pred_44.pdb	0	2050	0.17202	A=C,B=D,C=A,D=B
8BWL-assembly1.cif	afm_dropout_noSM_woTemplates_model_1_multimer_v1_pred_30.pdb	0	4045	0.171878	A=C,B=D,C=A,D=B
8BWL-assembly1.cif	afm_dropout_full_woTemplates_model_1_multimer_v1_pred_47.pdb	0	2053	0.171817	A=A,B=B,C=C,D=D
8BWL-assembly1.cif	afm_dropout_full_woTemplates_r3_model_5_multimer_v1_pred_53.pdb	0	3869	0.171771	A=A,B=B,C=C,D=D
8BWL-assembly1.cif	afm_dropout_full_woTemplates_r3_model_1_multimer_v1_pred_14.pdb	0	3022	0.171601	A=C,B=D,C=A,D=B
8BWL-assembly1.cif	afm_woTemplates_model_5_multimer_v1_pred_5.pdb	0	5875	0.171188	A=A,B=B,C=C,D=D
8BWL-assembly1.cif	afm_dropout_noSM_woTemplates_model_1_multimer_v1_pred_47.pdb	0	4063	0.170261	A=C,B=D,C=A,D=B
8BWL-assembly1.cif	afm_woTemplates_model_1_multimer_v1_pred_31.pdb	0	5051	0.17021	A=A,B=B,C=C,D=D
8BWL-assembly1.cif	afm_dropout_full_woTemplates_r3_model_2_multimer_v1_pred_55.pdb	0	3268	0.169982	A=A,B=B,C=C,D=D
8BWL-assembly1.cif	afm_dropout_full_woTemplates_model_1_multimer_v1_pred_31.pdb	0	2036	0.169375	A=C,B=D,C=A,D=B
8BWL-assembly1.cif	afm_dropout_full_woTemplates_r3_model_5_multimer_v1_pred_16.pdb	0	3828	0.169363	A=A,B=B,C=C,D=D
8BWL-assembly1.cif	afm_dropout_noSM_woTemplates_model_1_multimer_v1_pred_53.pdb	0	4070	0.169329	A=C,B=D,C=A,D=B
8BWL-assembly1.cif	afm_dropout_full_woTemplates_model_1_multimer_v1_pred_49.pdb	0	2055	0.168679	A=A,B=B,C=C,D=D
8BWL-assembly1.cif	afm_dropout_full_woTemplates_model_1_multimer_v1_pred_7.pdb	0	2075	0.16852	A=A,B=B,C=C,D=D
8BWL-assembly1.cif	afm_dropout_noSM_woTemplates_model_1_multimer_v1_pred_3.pdb	0	4044	0.168186	A=A,B=B,C=C,D=D
8BWL-assembly1.cif	afm_dropout_noSM_woTemplates_model_1_multimer_v1_pred_43.pdb	0	4059	0.167745	A=C,B=D,C=A,D=B
8BWL-assembly1.cif	afm_dropout_full_woTemplates_r3_model_4_multimer_v1_pred_50.pdb	0	3665	0.167424	A=C,B=D,C=A,D=B
8BWL-assembly1.cif	afm_woTemplates_model_1_multimer_v1_pred_12.pdb	0	5030	0.167371	A=C,B=D,C=A,D=B
8BWL-assembly1.cif	afm_dropout_full_woTemplates_r3_model_3_multimer_v2_pred_61.pdb	0	3543	0.167296	A=A,B=D,C=C,D=B
8BWL-assembly1.cif	afm_dropout_full_woTemplates_r3_model_5_multimer_v2_pred_38.pdb	0	3919	0.167131	A=C,B=D,C=A,D=B
8BWL-assembly1.cif	afm_dropout_noSM_woTemplates_model_5_multimer_v1_pred_28.pdb	0	4846	0.166963	A=C,B=D,C=A,D=B
8BWL-assembly1.cif	afm_woTemplates_model_1_multimer_v1_pred_64.pdb	0	5087	0.166783	A=C,B=D,C=A,D=B
8BWL-assembly1.cif	afm_dropout_full_woTemplates_model_3_multimer_v1_pred_50.pdb	0	2459	0.166568	A=A,B=B,C=C,D=D
8BWL-assembly1.cif	afm_dropout_full_woTemplates_r3_model_5_multimer_v1_pred_34.pdb	0	3848	0.166472	A=A,B=B,C=C,D=D
8BWL-assembly1.cif	afm_woTemplates_model_5_multimer_v1_pred_15.pdb	0	5837	0.166271	A=A,B=B,C=C,D=D
8BWL-assembly1.cif	afm_dropout_noSM_woTemplates_model_4_multimer_v1_pred_5.pdb	0	4669	0.166245	A=C,B=D,C=A,D=B
8BWL-assembly1.cif	afm_dropout_noSM_woTemplates_model_1_multimer_v1_pred_48.pdb	0	4064	0.16605	A=C,B=D,C=A,D=B
8BWL-assembly1.cif	afm_dropout_full_woTemplates_model_1_multimer_v1_pred_58.pdb	0	2065	0.165355	A=C,B=D,C=A,D=B
8BWL-assembly1.cif	afm_dropout_full_woTemplates_r3_model_3_multimer_v3_pred_3.pdb	0	3575	0.164717	A=A,B=B,C=C,D=D
8BWL-assembly1.cif	afm_woTemplates_model_5_multimer_v1_pred_65.pdb	0	5892	0.164164	A=A,B=B,C=C,D=D
8BWL-assembly1.cif	afm_dropout_full_woTemplates_r3_model_2_multimer_v1_pred_28.pdb	0	3238	0.163769	A=C,B=D,C=A,D=B
8BWL-assembly1.cif	afm_dropout_full_woTemplates_r3_model_1_multimer_v1_pred_41.pdb	0	3052	0.163591	A=A,B=B,C=C,D=D
8BWL-assembly1.cif	afm_dropout_full_woTemplates_r3_model_5_multimer_v2_pred_9.pdb	0	3953	0.163384	A=A,B=D,C=C,D=B
8BWL-assembly1.cif	afm_dropout_full_woTemplates_model_1_multimer_v1_pred_50.pdb	0	2057	0.163058	A=C,B=D,C=A,D=B
8BWL-assembly1.cif	afm_dropout_full_woTemplates_r3_model_2_multimer_v1_pred_45.pdb	0	3257	0.16301	A=A,B=B,C=C,D=D
8BWL-assembly1.cif	afm_dropout_noSM_woTemplates_model_1_multimer_v1_pred_8.pdb	0	4086	0.162515	A=A,B=B,C=C,D=D
8BWL-assembly1.cif	afm_dropout_full_woTemplates_r3_model_2_multimer_v1_pred_27.pdb	0	3237	0.161187	A=A,B=B,C=C,D=D
8BWL-assembly1.cif	afm_dropout_full_woTemplates_r3_model_3_multimer_v3_pred_33.pdb	0	3579	0.160868	A=C,B=D,C=A,D=B
8BWL-assembly1.cif	afm_dropout_full_woTemplates_r3_model_5_multimer_v1_pred_64.pdb	0	3881	0.160809	A=C,B=D,C=A,D=B
8BWL-assembly1.cif	afm_dropout_full_woTemplates_r3_model_1_multimer_v1_pred_51.pdb	0	3063	0.160327	A=A,B=B,C=C,D=D
8BWL-assembly1.cif	afm_dropout_full_woTemplates_r3_model_2_multimer_v1_pred_62.pdb	0	3276	0.159527	A=C,B=D,C=A,D=B
8BWL-assembly1.cif	afm_dropout_full_woTemplates_r3_model_5_multimer_v1_pred_0.pdb	0	3820	0.159463	A=A,B=B,C=C,D=D
8BWL-assembly1.cif	afm_dropout_full_woTemplates_r3_model_5_multimer_v1_pred_35.pdb	0	3849	0.159407	A=A,B=B,C=C,D=D
8BWL-assembly1.cif	afm_dropout_full_woTemplates_r3_model_2_multimer_v1_pred_11.pdb	0	3220	0.159024	A=C,B=D,C=A,D=B
8BWL-assembly1.cif	afm_dropout_full_woTemplates_r3_model_5_multimer_v1_pred_58.pdb	0	3874	0.158938	A=A,B=B,C=C,D=D
8BWL-assembly1.cif	afm_dropout_full_woTemplates_r3_model_1_multimer_v1_pred_62.pdb	0	3075	0.158819	A=C,B=D,C=A,D=B
8BWL-assembly1.cif	afm_dropout_full_woTemplates_r3_model_4_multimer_v1_pred_25.pdb	0	3637	0.158696	A=C,B=D,C=A,D=B
8BWL-assembly1.cif	afm_woTemplates_model_5_multimer_v1_pred_63.pdb	0	5890	0.158687	A=A,B=B,C=C,D=D
8BWL-assembly1.cif	afm_dropout_full_woTemplates_r3_model_4_multimer_v1_pred_23.pdb	0	3635	0.157869	A=A,B=B,C=C,D=D
8BWL-assembly1.cif	afm_dropout_full_woTemplates_r3_model_1_multimer_v1_pred_31.pdb	0	3041	0.156733	A=C,B=D,C=A,D=B
8BWL-assembly1.cif	afm_dropout_full_woTemplates_model_1_multimer_v1_pred_42.pdb	0	2048	0.155613	A=C,B=D,C=A,D=B
8BWL-assembly1.cif	afm_woTemplates_model_5_multimer_v1_pred_1.pdb	0	5831	0.15523	A=A,B=B,C=C,D=D
8BWL-assembly1.cif	afm_dropout_full_woTemplates_r3_model_3_multimer_v1_pred_47.pdb	0	3460	0.154993	A=C,B=D,C=A,D=B
8BWL-assembly1.cif	afm_dropout_full_woTemplates_r3_model_4_multimer_v2_pred_1.pdb	0	3687	0.154672	A=A,B=D,C=C,D=B
8BWL-assembly1.cif	afm_dropout_full_woTemplates_r3_model_1_multimer_v1_pred_56.pdb	0	3068	0.154605	A=C,B=D,C=A,D=B
8BWL-assembly1.cif	afm_dropout_full_woTemplates_r3_model_5_multimer_v1_pred_47.pdb	0	3862	0.1546	A=C,B=D,C=A,D=B
8BWL-assembly1.cif	afm_dropout_full_woTemplates_r3_model_3_multimer_v2_pred_41.pdb	0	3521	0.15351	A=A,B=D,C=C,D=B
8BWL-assembly1.cif	afm_dropout_full_woTemplates_r3_model_2_multimer_v1_pred_40.pdb	0	3252	0.153052	A=A,B=B,C=C,D=D
8BWL-assembly1.cif	afm_dropout_full_woTemplates_r3_model_5_multimer_v1_pred_11.pdb	0	3823	0.151451	A=A,B=B,C=C,D=D
8BWL-assembly1.cif	afm_dropout_full_woTemplates_r3_model_3_multimer_v1_pred_55.pdb	0	3469	0.151346	A=A,B=B,C=C,D=D
8BWL-assembly1.cif	afm_dropout_full_woTemplates_r3_model_1_multimer_v1_pred_26.pdb	0	3035	0.151136	A=C,B=D,C=A,D=B
8BWL-assembly1.cif	afm_dropout_full_woTemplates_r3_model_4_multimer_v1_pred_51.pdb	0	3666	0.150157	A=A,B=B,C=C,D=D
8BWL-assembly1.cif	afm_dropout_full_woTemplates_r3_model_5_multimer_v1_pred_15.pdb	0	3827	0.150041	A=C,B=D,C=A,D=B
8BWL-assembly1.cif	afm_dropout_full_woTemplates_r3_model_3_multimer_v2_pred_17.pdb	0	3494	0.148962	A=C,B=B,C=A,D=D
8BWL-assembly1.cif	afm_dropout_full_woTemplates_r3_model_5_multimer_v1_pred_57.pdb	0	3873	0.148391	A=C,B=D,C=A,D=B
8BWL-assembly1.cif	afm_dropout_full_woTemplates_r3_model_2_multimer_v1_pred_21.pdb	0	3231	0.148297	A=C,B=D,C=A,D=B
8BWL-assembly1.cif	afm_dropout_full_woTemplates_r3_model_1_multimer_v1_pred_37.pdb	0	3047	0.147794	A=C,B=D,C=A,D=B
8BWL-assembly1.cif	afm_dropout_full_woTemplates_r3_model_5_multimer_v1_pred_60.pdb	0	3877	0.147727	A=C,B=D,C=A,D=B
8BWL-assembly1.cif	afm_dropout_full_woTemplates_r3_model_1_multimer_v1_pred_39.pdb	0	3049	0.146998	A=C,B=D,C=A,D=B
8BWL-assembly1.cif	afm_dropout_full_woTemplates_r3_model_4_multimer_v1_pred_35.pdb	0	3648	0.146091	A=A,B=B,C=C,D=D
8BWL-assembly1.cif	afm_dropout_full_woTemplates_r3_model_2_multimer_v1_pred_30.pdb	0	3241	0.144802	A=A,B=B,C=C,D=D
8BWL-assembly1.cif	afm_dropout_full_woTemplates_r3_model_5_multimer_v1_pred_61.pdb	0	3878	0.144697	A=A,B=B,C=C,D=D
8BWL-assembly1.cif	afm_dropout_full_woTemplates_r3_model_1_multimer_v1_pred_59.pdb	0	3071	0.143227	A=C,B=D,C=A,D=B
8BWL-assembly1.cif	afm_dropout_full_woTemplates_r3_model_4_multimer_v2_pred_5.pdb	0	3731	0.142704	A=A,B=D,C=C,D=B
8BWL-assembly1.cif	afm_dropout_full_woTemplates_r3_model_1_multimer_v1_pred_19.pdb	0	3027	0.142486	A=C,B=D,C=A,D=B
8BWL-assembly1.cif	afm_dropout_full_woTemplates_r3_model_3_multimer_v1_pred_8.pdb	0	3483	0.142228	A=C,B=D,C=A,D=B
8BWL-assembly1.cif	afm_dropout_full_woTemplates_r3_model_2_multimer_v1_pred_4.pdb	0	3251	0.141287	A=A,B=B,C=C,D=D
8BWL-assembly1.cif	afm_dropout_full_woTemplates_r3_model_2_multimer_v1_pred_43.pdb	0	3255	0.140824	A=A,B=B,C=C,D=D
8BWL-assembly1.cif	afm_dropout_full_woTemplates_r3_model_1_multimer_v1_pred_8.pdb	0	3081	0.139333	A=C,B=D,C=A,D=B
8BWL-assembly1.cif	afm_dropout_full_woTemplates_r3_model_2_multimer_v1_pred_23.pdb	0	3233	0.138944	A=A,B=B,C=C,D=D
8BWL-assembly1.cif	afm_dropout_full_woTemplates_r3_model_5_multimer_v1_pred_48.pdb	0	3863	0.138108	A=C,B=D,C=A,D=B
8BWL-assembly1.cif	afm_dropout_full_woTemplates_r3_model_3_multimer_v1_pred_59.pdb	0	3473	0.13768	A=A,B=B,C=C,D=D
8BWL-assembly1.cif	afm_dropout_full_woTemplates_r3_model_1_multimer_v1_pred_13.pdb	0	3021	0.136631	A=C,B=D,C=A,D=B
8BWL-assembly1.cif	afm_dropout_full_woTemplates_r3_model_2_multimer_v1_pred_17.pdb	0	3226	0.135441	A=A,B=B,C=C,D=D
8BWL-assembly1.cif	afm_dropout_full_woTemplates_r3_model_5_multimer_v1_pred_59.pdb	0	3875	0.134702	A=A,B=B,C=C,D=D
8BWL-assembly1.cif	afm_dropout_full_woTemplates_r3_model_2_multimer_v1_pred_35.pdb	0	3246	0.134023	A=A,B=B,C=C,D=D
8BWL-assembly1.cif	afm_dropout_full_woTemplates_r3_model_5_multimer_v1_pred_51.pdb	0	3867	0.133826	A=A,B=B,C=C,D=D
8BWL-assembly1.cif	afm_dropout_full_woTemplates_r3_model_4_multimer_v1_pred_37.pdb	0	3650	0.133449	A=C,B=D,C=A,D=B
8BWL-assembly1.cif	afm_dropout_full_woTemplates_r3_model_1_multimer_v1_pred_60.pdb	0	3073	0.132123	A=A,B=B,C=C,D=D
8BWL-assembly1.cif	afm_dropout_full_woTemplates_r3_model_2_multimer_v1_pred_14.pdb	0	3223	0.131831	A=C,B=D,C=A,D=B
8BWL-assembly1.cif	afm_dropout_full_woTemplates_r3_model_5_multimer_v1_pred_21.pdb	0	3834	0.130299	A=C,B=D,C=A,D=B
8BWL-assembly1.cif	afm_dropout_full_woTemplates_r3_model_2_multimer_v1_pred_5.pdb	0	3262	0.129218	A=C,B=D,C=A,D=B
8BWL-assembly1.cif	afm_dropout_full_woTemplates_r3_model_1_multimer_v1_pred_45.pdb	0	3056	0.128509	A=A,B=B,C=C,D=D
8BWL-assembly1.cif	afm_dropout_full_woTemplates_r3_model_1_multimer_v1_pred_15.pdb	0	3023	0.127892	A=C,B=D,C=A,D=B
8BWL-assembly1.cif	afm_dropout_full_woTemplates_r3_model_5_multimer_v1_pred_39.pdb	0	3853	0.126634	A=A,B=B,C=C,D=D
8BWL-assembly1.cif	afm_dropout_full_woTemplates_r3_model_1_multimer_v1_pred_65.pdb	0	3078	0.125919	A=A,B=B,C=C,D=D
8BWL-assembly1.cif	afm_dropout_full_woTemplates_r3_model_1_multimer_v1_pred_36.pdb	0	3046	0.125607	A=A,B=B,C=C,D=D
8BWL-assembly1.cif	afm_dropout_full_woTemplates_r3_model_5_multimer_v1_pred_19.pdb	0	3831	0.122441	A=C,B=D,C=A,D=B
8BWL-assembly1.cif	afm_dropout_full_woTemplates_r3_model_1_multimer_v1_pred_64.pdb	0	3077	0.114286	A=A,B=B,C=C,D=D
8BWL-assembly1.cif	afm_dropout_full_woTemplates_r3_model_1_multimer_v1_pred_61.pdb	0	3074	0.109431	A=C,B=D,C=A,D=B
8BWL-assembly1.cif	afm_dropout_full_woTemplates_r3_model_5_multimer_v1_pred_7.pdb	0	3884	0.10895	A=C,B=D,C=A,D=B
8BWL-assembly1.cif	afm_dropout_full_woTemplates_r3_model_4_multimer_v1_pred_0.pdb	0	3619	0.108554	A=C,B=D,C=A,D=B
8BWL-assembly1.cif	afm_dropout_full_woTemplates_r3_model_4_multimer_v1_pred_52.pdb	0	3667	0.108257	A=C,B=D,C=A,D=B
8BWL-assembly1.cif	afm_dropout_full_woTemplates_r3_model_1_multimer_v1_pred_30.pdb	0	3040	0.107684	A=C,B=D,C=A,D=B
8BWL-assembly1.cif	cf_dropout_full_woTemplates_model_1_multimer_v1_pred_40.pdb	0	6066	0.106049	A=A,B=B,C=C,D=D
8BWL-assembly1.cif	afm_dropout_full_woTemplates_r3_model_4_multimer_v1_pred_17.pdb	0	3628	0.104583	A=A,B=B,C=C,D=D
8BWL-assembly1.cif	afm_dropout_full_woTemplates_r3_model_1_multimer_v1_pred_44.pdb	0	3055	0.102349	A=A,B=B,C=C,D=D
8BWL-assembly1.cif	afm_dropout_full_woTemplates_r3_model_5_multimer_v1_pred_24.pdb	0	3837	0.101208	A=A,B=B,C=C,D=D
8BWL-assembly1.cif	afm_dropout_full_woTemplates_r3_model_5_multimer_v1_pred_14.pdb	0	3826	0.098656	A=A,B=B,C=C,D=D
8BWL-assembly1.cif	afm_dropout_full_woTemplates_r3_model_2_multimer_v1_pred_18.pdb	0	3227	0.098625	A=C,B=D,C=A,D=B
8BWL-assembly1.cif	afm_dropout_full_woTemplates_r3_model_5_multimer_v1_pred_43.pdb	0	3858	0.097016	A=C,B=D,C=A,D=B
8BWL-assembly1.cif	afm_dropout_full_woTemplates_r3_model_1_multimer_v1_pred_6.pdb	0	3072	0.09701	A=C,B=D,C=A,D=B
8BWL-assembly1.cif	afm_dropout_full_woTemplates_r3_model_1_multimer_v1_pred_58.pdb	0	3070	0.096984	A=C,B=D,C=A,D=B
8BWL-assembly1.cif	afm_dropout_full_woTemplates_r3_model_5_multimer_v1_pred_6.pdb	0	3876	0.096294	A=C,B=D,C=A,D=B
8BWL-assembly1.cif	afm_dropout_full_woTemplates_r3_model_5_multimer_v1_pred_62.pdb	0	3879	0.095369	A=C,B=D,C=A,D=B
8BWL-assembly1.cif	afm_dropout_full_woTemplates_r3_model_1_multimer_v1_pred_2.pdb	0	3028	0.093873	A=C,B=D,C=A,D=B
8BWL-assembly1.cif	afm_dropout_full_woTemplates_r3_model_4_multimer_v1_pred_38.pdb	0	3651	0.089992	A=A,B=B,C=C,D=D
8BWL-assembly1.cif	afm_dropout_full_woTemplates_r3_model_1_multimer_v1_pred_12.pdb	0	3020	0.089163	A=A,B=B,C=C,D=D
8BWL-assembly1.cif	afm_dropout_full_woTemplates_r3_model_5_multimer_v1_pred_31.pdb	0	3845	0.088641	A=C,B=D,C=A,D=B
8BWL-assembly1.cif	afm_dropout_full_woTemplates_r3_model_4_multimer_v1_pred_49.pdb	0	3663	0.088422	A=A,B=B,C=C,D=D
8BWL-assembly1.cif	afm_dropout_full_woTemplates_r3_model_1_multimer_v1_pred_48.pdb	0	3059	0.086128	A=A,B=D,C=C,D=B
8BWL-assembly1.cif	afm_dropout_full_woTemplates_r3_model_1_multimer_v1_pred_32.pdb	0	3042	0.08328	A=A,B=B,C=C,D=D
8BWL-assembly1.cif	afm_dropout_noSM_woTemplates_model_1_multimer_v1_pred_37.pdb	0	4052	0.082293	A=C,B=D,C=A,D=B
8BWL-assembly1.cif	afm_dropout_full_woTemplates_r3_model_1_multimer_v1_pred_54.pdb	0	3066	0.081767	A=C,B=D,C=A,D=B
8BWL-assembly1.cif	afm_dropout_full_woTemplates_r3_model_5_multimer_v1_pred_41.pdb	0	3856	0.081021	A=A,B=D,C=C,D=B
8BWL-assembly1.cif	afm_dropout_full_woTemplates_r3_model_1_multimer_v1_pred_63.pdb	0	3076	0.080361	A=A,B=B,C=C,D=D
8BWL-assembly1.cif	afm_dropout_full_woTemplates_r3_model_1_multimer_v1_pred_7.pdb	0	3080	0.078264	A=C,B=D,C=A,D=B
8BWL-assembly1.cif	afm_dropout_full_woTemplates_r3_model_1_multimer_v1_pred_23.pdb	0	3032	0.078223	A=C,B=D,C=A,D=B
8BWL-assembly1.cif	afm_dropout_full_woTemplates_r3_model_1_multimer_v1_pred_34.pdb	0	3044	0.076398	A=A,B=D,C=C,D=B
8BWL-assembly1.cif	afm_dropout_full_woTemplates_r3_model_1_multimer_v1_pred_66.pdb	0	3079	0.07617	A=C,B=D,C=A,D=B
8BWL-assembly1.cif	afm_dropout_full_woTemplates_r3_model_1_multimer_v1_pred_28.pdb	0	3037	0.07417	A=A,B=B,C=C,D=D
8BWL-assembly1.cif	afm_dropout_full_woTemplates_r3_model_4_multimer_v1_pred_27.pdb	0	3639	0.074012	A=C,B=D,C=A,D=B
8BWL-assembly1.cif	afm_dropout_full_woTemplates_r3_model_5_multimer_v1_pred_25.pdb	0	3838	0.072628	A=A,B=B,C=C,D=D
8BWL-assembly1.cif	afm_dropout_full_woTemplates_r3_model_4_multimer_v1_pred_48.pdb	0	3662	0.06925	A=C,B=D,C=A,D=B
8BWL-assembly1.cif	afm_dropout_full_woTemplates_r3_model_5_multimer_v1_pred_44.pdb	0	3859	0.068936	A=C,B=D,C=A,D=B
8BWL-assembly1.cif	afm_dropout_full_woTemplates_r3_model_5_multimer_v1_pred_8.pdb	0	3885	0.068873	A=A,B=B,C=C,D=D
8BWL-assembly1.cif	afm_dropout_full_woTemplates_r3_model_4_multimer_v1_pred_7.pdb	0	3683	0.06733	A=A,B=B,C=C,D=D
8BWL-assembly1.cif	afm_dropout_full_woTemplates_r3_model_1_multimer_v1_pred_42.pdb	0	3053	0.066217	A=A,B=B,C=C,D=D
8BWL-assembly1.cif	afm_dropout_full_woTemplates_r3_model_1_multimer_v1_pred_3.pdb	0	3039	0.064538	A=A,B=D,C=C,D=B
8BWL-assembly1.cif	afm_dropout_full_woTemplates_r3_model_4_multimer_v1_pred_54.pdb	0	3669	0.064236	A=A,B=D,C=C,D=B
8BWL-assembly1.cif	afm_dropout_full_woTemplates_r3_model_5_multimer_v1_pred_28.pdb	0	3841	0.063861	A=A,B=B,C=C,D=D
8BWL-assembly1.cif	afm_dropout_full_woTemplates_r3_model_4_multimer_v1_pred_34.pdb	0	3647	0.060508	A=C,B=D,C=A,D=B
8BWL-assembly1.cif	afm_dropout_full_woTemplates_r3_model_4_multimer_v1_pred_39.pdb	0	3652	0.060248	A=A,B=B,C=C,D=D
8BWL-assembly1.cif	afm_dropout_full_woTemplates_r3_model_5_multimer_v1_pred_56.pdb	0	3872	0.06016	A=A,B=D,C=C,D=B
8BWL-assembly1.cif	afm_dropout_full_woTemplates_r3_model_1_multimer_v1_pred_33.pdb	0	3043	0.058892	A=C,B=D,C=A,D=B
8BWL-assembly1.cif	afm_dropout_full_woTemplates_r3_model_4_multimer_v1_pred_62.pdb	0	3678	0.057799	A=C,B=D,C=A,D=B
8BWL-assembly1.cif	afm_dropout_full_woTemplates_r3_model_5_multimer_v1_pred_50.pdb	0	3866	0.057627	A=C,B=D,C=A,D=B
8BWL-assembly1.cif	afm_dropout_full_woTemplates_r3_model_4_multimer_v1_pred_60.pdb	0	3676	0.053717	A=A,B=B,C=C,D=D
8BWL-assembly1.cif	afm_woTemplates_model_4_multimer_v1_pred_15.pdb	0	5636	0.051669	A=A,B=D,C=C,D=B
8BWL-assembly1.cif	afm_dropout_full_woTemplates_r3_model_2_multimer_v1_pred_48.pdb	0	3260	0.051366	A=A,B=D,C=C,D=B
8BWL-assembly1.cif	afm_dropout_full_woTemplates_r3_model_1_multimer_v1_pred_5.pdb	0	3061	0.049893	A=C,B=D,C=A,D=B
8BWL-assembly1.cif	afm_dropout_full_woTemplates_r3_model_4_multimer_v1_pred_12.pdb	0	3623	0.048812	A=C,B=B,C=A,D=D
8BWL-assembly1.cif	afm_dropout_full_woTemplates_r3_model_4_multimer_v1_pred_47.pdb	0	3661	0.045593	A=A,B=D,C=C,D=B
8BWL-assembly1.cif	afm_dropout_full_woTemplates_r3_model_4_multimer_v1_pred_31.pdb	0	3644	0.045076	A=C,B=D,C=A,D=B
8BWL-assembly1.cif	afm_dropout_full_woTemplates_r3_model_4_multimer_v1_pred_46.pdb	0	3660	0.043406	A=C,B=B,C=A,D=D
8BWL-assembly1.cif	afm_dropout_full_woTemplates_r3_model_4_multimer_v1_pred_55.pdb	0	3670	0.043368	A=C,B=B,C=A,D=D
8BWL-assembly1.cif	afm_dropout_full_woTemplates_r3_model_4_multimer_v1_pred_44.pdb	0	3658	0.042946	A=C,B=B,C=A,D=D
8BWL-assembly1.cif	afm_dropout_full_woTemplates_r3_model_4_multimer_v1_pred_53.pdb	0	3668	0.040898	A=C,B=D,C=A,D=B
8BWL-assembly1.cif	afm_dropout_full_woTemplates_r3_model_1_multimer_v1_pred_47.pdb	0	3058	0.040065	A=A,B=D,C=C,D=B
8BWL-assembly1.cif	afm_dropout_full_woTemplates_r3_model_4_multimer_v1_pred_22.pdb	0	3634	0.036327	A=C,B=B,C=A,D=D
8BWL-assembly1.cif	afm_dropout_full_woTemplates_r3_model_4_multimer_v1_pred_9.pdb	0	3685	0.035578	A=A,B=B,C=C,D=D
8BWL-assembly1.cif	afm_dropout_full_woTemplates_r3_model_5_multimer_v1_pred_55.pdb	0	3871	0.026194	A=C,B=B,C=A,D=D
8BWL-assembly1.cif	afm_dropout_full_woTemplates_r3_model_2_multimer_v1_pred_20.pdb	0	3230	0.021478	A=C,B=B,C=A,D=D
8BWL-assembly1.cif	afm_dropout_full_woTemplates_r3_model_5_multimer_v1_pred_66.pdb	0	3883	0.018066	A=A,B=D,C=C,D=B
