model	rmsd
model_1a30_128.cif	7.02
model_1a30_130.cif	2.09
model_1a30_139.cif	3.03
model_1a30_140.cif	2.70
model_1a30_144.cif	2.91
model_1a30_167.cif	5.28
model_1a30_170.cif	2.97
model_1a30_186.cif	4.12
model_1a30_187.cif	5.14
model_1a30_22.cif	3.87
model_1a30_221.cif	4.59
model_1a30_222.cif	4.47
model_1a30_267.cif	3.76
model_1a30_270.cif	8.26
model_1a30_284.cif	3.70
model_1a30_296.cif	4.51
model_1a30_314.cif	4.03
model_1a30_319.cif	5.03
model_1a30_336.cif	3.00
model_1a30_348.cif	2.09
model_1a30_35.cif	3.57
model_1a30_353.cif	3.15
model_1a30_388.cif	4.55
model_1a30_407.cif	6.42
model_1a30_418.cif	6.02
model_1a30_450.cif	6.07
model_1a30_452.cif	2.74
model_1a30_490.cif	1.79
model_1a30_498.cif	4.52
model_1a30_538.cif	4.19
model_1a30_559.cif	6.23
model_1a30_569.cif	5.07
model_1a30_577.cif	6.78
model_1a30_6.cif	9.65
model_1a30_653.cif	5.80
model_1a30_664.cif	5.14
model_1a30_667.cif	3.51
model_1a30_670.cif	5.53
model_1a30_671.cif	2.01
model_1a30_704.cif	1.90
model_1a30_705.cif	1.79
model_1a30_706.cif	1.81
model_1a30_709.cif	1.91
model_1a30_712.cif	1.93
model_1a30_718.cif	1.95
model_1a30_731.cif	1.84
model_1a30_733.cif	9.15
model_1a30_736.cif	9.00
model_1a30_743.cif	1.88
model_1a30_744.cif	9.05
model_1a30_747.cif	8.77
model_1a30_75.cif	8.07
model_1a30_754.cif	8.76
model_1a30_759.cif	4.15
model_1a30_797.cif	2.82
model_1a30_828.cif	3.53
model_1a30_86.cif	2.29
model_1a30_868.cif	5.56
model_1a30_87.cif	9.32
model_1a30_883.cif	5.48
model_1a30_899.cif	5.38
model_1a30_90.cif	3.87
model_1a30_920.cif	8.58
model_1a30_935.cif	9.20
model_1a30_938.cif	9.21
model_1a30_940.cif	4.12
model_1a30_942.cif	7.33
model_1a30_944.cif	8.69
model_1a30_955.cif	9.33
model_1a30_972.cif	8.83
model_1a30_985.cif	8.63
model_1a30_992.cif	3.16
model_1a30_997.cif	8.43
model_1a30_999.cif	7.88
model_1a30_ligand.cif	0.00
model_1bcu_11.cif	1.00
model_1bcu_220.cif	1.13
model_1bcu_270.cif	3.32
model_1bcu_309.cif	0.36
model_1bcu_33.cif	1.20
model_1bcu_334.cif	0.63
model_1bcu_362.cif	0.59
model_1bcu_397.cif	0.66
model_1bcu_406.cif	0.87
model_1bcu_424.cif	1.83
model_1bcu_442.cif	1.96
model_1bcu_451.cif	3.56
model_1bcu_454.cif	4.57
model_1bcu_462.cif	2.53
model_1bcu_469.cif	2.57
model_1bcu_473.cif	2.56
model_1bcu_479.cif	1.44
model_1bcu_483.cif	2.15
model_1bcu_495.cif	1.78
model_1bcu_564.cif	6.11
model_1bcu_585.cif	5.89
model_1bcu_591.cif	4.49
model_1bcu_595.cif	3.32
model_1bcu_608.cif	6.86
model_1bcu_617.cif	2.90
model_1bcu_634.cif	2.55
model_1bcu_653.cif	3.25
model_1bcu_661.cif	2.08
model_1bcu_684.cif	0.92
model_1bcu_695.cif	3.45
model_1bcu_701.cif	1.86
model_1bcu_703.cif	0.61
model_1bcu_708.cif	8.32
model_1bcu_712.cif	8.21
model_1bcu_715.cif	6.42
model_1bcu_717.cif	7.05
model_1bcu_718.cif	9.18
model_1bcu_720.cif	4.76
model_1bcu_725.cif	6.31
model_1bcu_729.cif	5.07
model_1bcu_738.cif	6.50
model_1bcu_741.cif	8.39
model_1bcu_742.cif	7.62
model_1bcu_745.cif	7.58
model_1bcu_749.cif	7.82
model_1bcu_752.cif	6.43
model_1bcu_753.cif	9.22
model_1bcu_754.cif	8.10
model_1bcu_756.cif	6.01
model_1bcu_758.cif	8.42
model_1bcu_761.cif	8.50
model_1bcu_764.cif	8.80
model_1bcu_765.cif	9.97
model_1bcu_772.cif	7.13
model_1bcu_773.cif	9.20
model_1bcu_777.cif	9.12
model_1bcu_778.cif	9.89
model_1bcu_782.cif	9.55
model_1bcu_788.cif	9.65
model_1bcu_790.cif	9.39
model_1bcu_803.cif	2.07
model_1bcu_806.cif	0.71
model_1bcu_813.cif	7.67
model_1bcu_825.cif	1.24
model_1bcu_828.cif	3.52
model_1bcu_829.cif	3.82
model_1bcu_843.cif	6.52
model_1bcu_850.cif	7.67
model_1bcu_852.cif	2.22
model_1bcu_855.cif	6.79
model_1bcu_862.cif	9.04
model_1bcu_869.cif	4.13
model_1bcu_878.cif	5.73
model_1bcu_881.cif	7.74
model_1bcu_885.cif	5.10
model_1bcu_886.cif	5.71
model_1bcu_887.cif	4.26
model_1bcu_888.cif	5.26
model_1bcu_890.cif	4.30
model_1bcu_893.cif	8.62
model_1bcu_898.cif	5.45
model_1bcu_903.cif	1.58
model_1bcu_915.cif	7.97
model_1bcu_919.cif	3.86
model_1bcu_920.cif	3.43
model_1bcu_923.cif	0.75
model_1bcu_931.cif	7.49
model_1bcu_933.cif	5.12
model_1bcu_939.cif	4.45
model_1bcu_949.cif	3.25
model_1bcu_967.cif	4.74
model_1bcu_971.cif	8.05
model_1bcu_977.cif	4.69
model_1bcu_980.cif	5.75
model_1bcu_981.cif	2.98
model_1bcu_983.cif	4.69
model_1bcu_984.cif	8.42
model_1bcu_989.cif	5.64
model_1bcu_991.cif	6.66
model_1bcu_996.cif	1.92
model_1bcu_ligand.cif	0.00
model_1bzc_101.cif	5.24
model_1bzc_111.cif	4.98
model_1bzc_142.cif	1.30
model_1bzc_190.cif	0.68
model_1bzc_217.cif	0.75
model_1bzc_223.cif	0.77
model_1bzc_225.cif	1.01
model_1bzc_260.cif	2.01
model_1bzc_265.cif	0.70
model_1bzc_300.cif	0.76
model_1bzc_323.cif	0.74
model_1bzc_375.cif	0.69
model_1bzc_409.cif	8.42
model_1bzc_412.cif	5.63
model_1bzc_414.cif	7.55
model_1bzc_427.cif	5.29
model_1bzc_43.cif	0.83
model_1bzc_439.cif	5.75
model_1bzc_440.cif	4.88
model_1bzc_443.cif	8.24
model_1bzc_449.cif	7.59
model_1bzc_461.cif	2.98
model_1bzc_463.cif	8.03
model_1bzc_464.cif	5.34
model_1bzc_466.cif	1.99
model_1bzc_469.cif	3.03
model_1bzc_473.cif	5.26
model_1bzc_481.cif	3.38
model_1bzc_487.cif	4.60
model_1bzc_502.cif	1.75
model_1bzc_504.cif	1.40
model_1bzc_522.cif	3.16
model_1bzc_524.cif	2.61
model_1bzc_526.cif	1.76
model_1bzc_527.cif	0.96
model_1bzc_530.cif	1.49
model_1bzc_539.cif	1.75
model_1bzc_546.cif	2.88
model_1bzc_549.cif	3.19
model_1bzc_556.cif	1.77
model_1bzc_558.cif	2.77
model_1bzc_566.cif	7.26
model_1bzc_577.cif	2.02
model_1bzc_579.cif	3.13
model_1bzc_588.cif	2.12
model_1bzc_592.cif	2.62
model_1bzc_593.cif	1.71
model_1bzc_597.cif	2.89
model_1bzc_608.cif	9.65
model_1bzc_611.cif	5.64
model_1bzc_614.cif	2.74
model_1bzc_615.cif	6.34
model_1bzc_620.cif	7.19
model_1bzc_622.cif	6.48
model_1bzc_625.cif	3.30
model_1bzc_629.cif	3.24
model_1bzc_633.cif	3.01
model_1bzc_644.cif	6.81
model_1bzc_651.cif	6.25
model_1bzc_652.cif	6.78
model_1bzc_659.cif	9.03
model_1bzc_660.cif	8.50
model_1bzc_664.cif	7.73
model_1bzc_666.cif	7.35
model_1bzc_669.cif	3.39
model_1bzc_670.cif	7.21
model_1bzc_671.cif	6.55
model_1bzc_674.cif	5.75
model_1bzc_677.cif	4.03
model_1bzc_681.cif	5.84
model_1bzc_682.cif	7.89
model_1bzc_686.cif	8.52
model_1bzc_688.cif	8.71
model_1bzc_690.cif	6.48
model_1bzc_694.cif	5.40
model_1bzc_700.cif	7.09
model_1bzc_709.cif	0.68
model_1bzc_778.cif	7.27
model_1bzc_963.cif	3.03
model_1bzc_ligand.cif	0.00
model_1c5z_247.cif	0.61
model_1c5z_258.cif	0.92
model_1c5z_3.cif	0.40
model_1c5z_402.cif	0.87
model_1c5z_415.cif	2.67
model_1c5z_425.cif	1.20
model_1c5z_427.cif	0.92
model_1c5z_431.cif	1.11
model_1c5z_438.cif	2.90
model_1c5z_449.cif	0.72
model_1c5z_452.cif	0.77
model_1c5z_460.cif	1.66
model_1c5z_465.cif	0.97
model_1c5z_482.cif	1.87
model_1c5z_509.cif	6.50
model_1c5z_516.cif	6.77
model_1c5z_519.cif	2.74
model_1c5z_520.cif	4.73
model_1c5z_530.cif	1.33
model_1c5z_536.cif	7.12
model_1c5z_537.cif	2.81
model_1c5z_542.cif	5.43
model_1c5z_544.cif	5.28
model_1c5z_546.cif	3.74
model_1c5z_556.cif	3.94
model_1c5z_558.cif	3.63
model_1c5z_563.cif	3.98
model_1c5z_564.cif	3.16
model_1c5z_577.cif	1.71
model_1c5z_583.cif	6.86
model_1c5z_586.cif	2.11
model_1c5z_590.cif	5.14
model_1c5z_593.cif	3.44
model_1c5z_596.cif	4.78
model_1c5z_607.cif	1.50
model_1c5z_613.cif	2.12
model_1c5z_627.cif	0.96
model_1c5z_642.cif	1.33
model_1c5z_661.cif	2.51
model_1c5z_665.cif	1.46
model_1c5z_698.cif	2.04
model_1c5z_700.cif	1.46
model_1c5z_711.cif	4.44
model_1c5z_715.cif	5.33
model_1c5z_722.cif	6.90
model_1c5z_733.cif	7.08
model_1c5z_734.cif	3.50
model_1c5z_738.cif	6.40
model_1c5z_739.cif	7.05
model_1c5z_741.cif	5.85
model_1c5z_743.cif	7.12
model_1c5z_753.cif	5.80
model_1c5z_754.cif	6.02
model_1c5z_759.cif	4.75
model_1c5z_761.cif	6.74
model_1c5z_763.cif	6.84
model_1c5z_765.cif	7.86
model_1c5z_766.cif	7.59
model_1c5z_776.cif	2.19
model_1c5z_781.cif	5.45
model_1c5z_790.cif	4.78
model_1c5z_8.cif	0.45
model_1c5z_804.cif	4.11
model_1c5z_805.cif	3.17
model_1c5z_811.cif	3.92
model_1c5z_826.cif	5.00
model_1c5z_828.cif	5.04
model_1c5z_829.cif	7.08
model_1c5z_836.cif	7.00
model_1c5z_839.cif	2.99
model_1c5z_840.cif	6.70
model_1c5z_844.cif	4.80
model_1c5z_862.cif	5.83
model_1c5z_892.cif	4.77
model_1c5z_898.cif	5.20
model_1c5z_931.cif	3.86
model_1c5z_937.cif	7.08
model_1c5z_953.cif	7.03
model_1c5z_955.cif	7.21
model_1c5z_959.cif	4.24
model_1c5z_ligand.cif	0.00
model_1e66_158.cif	0.56
model_1e66_247.cif	0.71
model_1e66_402.cif	0.66
model_1e66_404.cif	0.97
model_1e66_406.cif	0.86
model_1e66_412.cif	1.29
model_1e66_419.cif	0.97
model_1e66_422.cif	1.50
model_1e66_429.cif	1.55
model_1e66_440.cif	1.57
model_1e66_442.cif	3.97
model_1e66_466.cif	1.94
model_1e66_467.cif	1.61
model_1e66_468.cif	2.90
model_1e66_477.cif	2.06
model_1e66_483.cif	1.57
model_1e66_484.cif	1.51
model_1e66_489.cif	4.05
model_1e66_495.cif	3.27
model_1e66_498.cif	4.30
model_1e66_504.cif	3.90
model_1e66_505.cif	3.57
model_1e66_550.cif	4.33
model_1e66_551.cif	5.76
model_1e66_552.cif	6.23
model_1e66_553.cif	6.45
model_1e66_573.cif	6.06
model_1e66_574.cif	6.10
model_1e66_577.cif	5.60
model_1e66_587.cif	2.43
model_1e66_589.cif	2.27
model_1e66_591.cif	6.88
model_1e66_617.cif	4.97
model_1e66_633.cif	5.58
model_1e66_656.cif	2.77
model_1e66_661.cif	2.74
model_1e66_678.cif	3.02
model_1e66_700.cif	3.37
model_1e66_702.cif	5.32
model_1e66_712.cif	1.76
model_1e66_733.cif	6.20
model_1e66_744.cif	4.25
model_1e66_746.cif	3.80
model_1e66_754.cif	5.23
model_1e66_755.cif	5.60
model_1e66_761.cif	2.36
model_1e66_763.cif	6.26
model_1e66_767.cif	3.53
model_1e66_768.cif	2.89
model_1e66_771.cif	6.06
model_1e66_772.cif	6.26
model_1e66_774.cif	1.09
model_1e66_787.cif	0.60
model_1e66_806.cif	4.29
model_1e66_807.cif	5.03
model_1e66_810.cif	4.76
model_1e66_823.cif	6.22
model_1e66_841.cif	2.84
model_1e66_842.cif	4.77
model_1e66_859.cif	3.41
model_1e66_860.cif	5.85
model_1e66_862.cif	3.89
model_1e66_863.cif	2.51
model_1e66_865.cif	4.57
model_1e66_867.cif	4.39
model_1e66_870.cif	5.70
model_1e66_891.cif	0.78
model_1e66_907.cif	0.85
model_1e66_909.cif	0.98
model_1e66_921.cif	5.46
model_1e66_ligand.cif	0.00
model_1eby_169.cif	9.11
model_1eby_211.cif	0.97
model_1eby_217.cif	0.99
model_1eby_218.cif	2.34
model_1eby_223.cif	0.84
model_1eby_231.cif	2.09
model_1eby_233.cif	1.83
model_1eby_237.cif	2.52
model_1eby_238.cif	0.95
model_1eby_244.cif	1.20
model_1eby_245.cif	2.01
model_1eby_255.cif	2.53
model_1eby_259.cif	2.57
model_1eby_262.cif	1.01
model_1eby_265.cif	0.78
model_1eby_266.cif	2.03
model_1eby_269.cif	0.88
model_1eby_271.cif	1.78
model_1eby_279.cif	1.87
model_1eby_294.cif	1.86
model_1eby_295.cif	0.87
model_1eby_297.cif	3.36
model_1eby_299.cif	0.81
model_1eby_326.cif	1.90
model_1eby_350.cif	9.69
model_1eby_361.cif	0.86
model_1eby_364.cif	0.95
model_1eby_372.cif	9.30
model_1eby_414.cif	3.78
model_1eby_416.cif	2.57
model_1eby_444.cif	3.95
model_1eby_447.cif	2.72
model_1eby_453.cif	3.34
model_1eby_456.cif	4.57
model_1eby_464.cif	4.14
model_1eby_470.cif	3.63
model_1eby_472.cif	3.00
model_1eby_473.cif	3.64
model_1eby_477.cif	3.19
model_1eby_481.cif	4.94
model_1eby_488.cif	4.11
model_1eby_490.cif	4.07
model_1eby_493.cif	5.95
model_1eby_499.cif	3.31
model_1eby_503.cif	7.81
model_1eby_507.cif	8.97
model_1eby_514.cif	5.84
model_1eby_517.cif	9.23
model_1eby_519.cif	6.00
model_1eby_531.cif	5.54
model_1eby_532.cif	7.62
model_1eby_535.cif	6.95
model_1eby_538.cif	4.05
model_1eby_540.cif	5.14
model_1eby_548.cif	5.42
model_1eby_556.cif	6.33
model_1eby_563.cif	4.31
model_1eby_569.cif	9.79
model_1eby_571.cif	4.16
model_1eby_572.cif	8.96
model_1eby_573.cif	9.44
model_1eby_575.cif	7.09
model_1eby_576.cif	6.47
model_1eby_580.cif	9.20
model_1eby_582.cif	7.83
model_1eby_584.cif	8.02
model_1eby_595.cif	8.64
model_1eby_597.cif	7.06
model_1eby_600.cif	9.68
model_1eby_634.cif	6.49
model_1eby_641.cif	8.77
model_1eby_645.cif	8.97
model_1eby_647.cif	8.55
model_1eby_649.cif	7.17
model_1eby_658.cif	4.63
model_1eby_659.cif	7.66
model_1eby_667.cif	6.11
model_1eby_673.cif	8.49
model_1eby_688.cif	6.71
model_1eby_689.cif	6.87
model_1eby_694.cif	8.41
model_1eby_731.cif	3.12
model_1eby_741.cif	6.51
model_1eby_751.cif	7.57
model_1eby_763.cif	4.94
model_1eby_767.cif	7.17
model_1eby_769.cif	6.10
model_1eby_770.cif	5.02
model_1eby_771.cif	9.27
model_1eby_772.cif	5.36
model_1eby_773.cif	8.41
model_1eby_774.cif	5.98
model_1eby_777.cif	9.30
model_1eby_779.cif	7.25
model_1eby_791.cif	5.73
model_1eby_792.cif	6.30
model_1eby_803.cif	1.78
model_1eby_813.cif	1.74
model_1eby_826.cif	3.01
model_1eby_848.cif	1.50
model_1eby_ligand.cif	0.00
model_1g2k_209.cif	1.05
model_1g2k_225.cif	0.70
model_1g2k_242.cif	1.13
model_1g2k_247.cif	0.64
model_1g2k_248.cif	0.99
model_1g2k_265.cif	0.69
model_1g2k_271.cif	0.51
model_1g2k_283.cif	1.01
model_1g2k_290.cif	1.24
model_1g2k_294.cif	0.96
model_1g2k_295.cif	1.17
model_1g2k_306.cif	2.67
model_1g2k_328.cif	0.54
model_1g2k_403.cif	2.84
model_1g2k_404.cif	4.06
model_1g2k_408.cif	3.69
model_1g2k_417.cif	2.55
model_1g2k_420.cif	3.87
model_1g2k_436.cif	5.04
model_1g2k_454.cif	6.93
model_1g2k_456.cif	4.33
model_1g2k_458.cif	5.04
model_1g2k_460.cif	3.65
model_1g2k_462.cif	4.47
model_1g2k_466.cif	4.19
model_1g2k_467.cif	4.58
model_1g2k_468.cif	3.44
model_1g2k_469.cif	2.57
model_1g2k_473.cif	5.80
model_1g2k_475.cif	2.83
model_1g2k_482.cif	2.96
model_1g2k_487.cif	5.95
model_1g2k_497.cif	3.21
model_1g2k_502.cif	3.76
model_1g2k_504.cif	2.18
model_1g2k_516.cif	6.05
model_1g2k_52.cif	0.75
model_1g2k_520.cif	6.86
model_1g2k_521.cif	9.60
model_1g2k_530.cif	6.58
model_1g2k_543.cif	8.75
model_1g2k_546.cif	7.10
model_1g2k_551.cif	7.24
model_1g2k_556.cif	3.60
model_1g2k_565.cif	7.16
model_1g2k_566.cif	5.77
model_1g2k_568.cif	7.33
model_1g2k_569.cif	7.53
model_1g2k_573.cif	7.26
model_1g2k_582.cif	9.06
model_1g2k_584.cif	7.81
model_1g2k_588.cif	9.10
model_1g2k_589.cif	8.88
model_1g2k_590.cif	6.20
model_1g2k_591.cif	6.83
model_1g2k_592.cif	7.32
model_1g2k_597.cif	8.52
model_1g2k_598.cif	6.38
model_1g2k_600.cif	4.44
model_1g2k_606.cif	9.93
model_1g2k_607.cif	6.67
model_1g2k_610.cif	3.30
model_1g2k_617.cif	5.34
model_1g2k_621.cif	3.89
model_1g2k_624.cif	5.90
model_1g2k_625.cif	6.12
model_1g2k_639.cif	2.34
model_1g2k_640.cif	9.37
model_1g2k_644.cif	4.52
model_1g2k_645.cif	2.99
model_1g2k_646.cif	4.51
model_1g2k_649.cif	6.60
model_1g2k_650.cif	5.06
model_1g2k_652.cif	4.45
model_1g2k_654.cif	9.57
model_1g2k_663.cif	8.37
model_1g2k_668.cif	9.31
model_1g2k_670.cif	9.23
model_1g2k_673.cif	9.15
model_1g2k_675.cif	3.22
model_1g2k_677.cif	5.99
model_1g2k_679.cif	7.56
model_1g2k_683.cif	5.12
model_1g2k_684.cif	8.65
model_1g2k_690.cif	7.53
model_1g2k_705.cif	1.73
model_1g2k_736.cif	1.71
model_1g2k_737.cif	1.61
model_1g2k_74.cif	0.60
model_1g2k_762.cif	1.94
model_1g2k_771.cif	2.01
model_1g2k_874.cif	1.39
model_1g2k_900.cif	0.92
model_1g2k_98.cif	4.89
model_1g2k_ligand.cif	0.00
model_1gpk_159.cif	0.76
model_1gpk_182.cif	0.91
model_1gpk_194.cif	0.62
model_1gpk_231.cif	3.41
model_1gpk_239.cif	0.35
model_1gpk_267.cif	1.90
model_1gpk_280.cif	1.96
model_1gpk_328.cif	0.52
model_1gpk_364.cif	0.26
model_1gpk_404.cif	3.65
model_1gpk_407.cif	0.79
model_1gpk_409.cif	0.90
model_1gpk_415.cif	1.62
model_1gpk_419.cif	1.13
model_1gpk_420.cif	1.96
model_1gpk_427.cif	1.13
model_1gpk_428.cif	3.01
model_1gpk_429.cif	1.77
model_1gpk_437.cif	2.13
model_1gpk_450.cif	2.99
model_1gpk_46.cif	0.48
model_1gpk_460.cif	2.11
model_1gpk_463.cif	1.44
model_1gpk_465.cif	0.96
model_1gpk_473.cif	1.85
model_1gpk_477.cif	4.01
model_1gpk_494.cif	3.88
model_1gpk_496.cif	2.69
model_1gpk_548.cif	4.69
model_1gpk_560.cif	4.34
model_1gpk_569.cif	4.24
model_1gpk_571.cif	1.47
model_1gpk_577.cif	5.03
model_1gpk_578.cif	4.58
model_1gpk_583.cif	2.74
model_1gpk_588.cif	3.04
model_1gpk_590.cif	5.43
model_1gpk_600.cif	3.59
model_1gpk_609.cif	3.71
model_1gpk_612.cif	5.10
model_1gpk_625.cif	6.56
model_1gpk_641.cif	4.45
model_1gpk_660.cif	2.16
model_1gpk_666.cif	3.80
model_1gpk_668.cif	2.63
model_1gpk_67.cif	3.73
model_1gpk_683.cif	5.07
model_1gpk_689.cif	4.17
model_1gpk_697.cif	4.51
model_1gpk_700.cif	5.38
model_1gpk_735.cif	4.18
model_1gpk_764.cif	9.25
model_1gpk_779.cif	9.91
model_1gpk_782.cif	5.34
model_1gpk_783.cif	9.91
model_1gpk_785.cif	5.98
model_1gpk_788.cif	5.02
model_1gpk_793.cif	4.38
model_1gpk_794.cif	2.75
model_1gpk_850.cif	5.15
model_1gpk_874.cif	5.16
model_1gpk_95.cif	2.02
model_1gpk_984.cif	2.20
model_1gpk_988.cif	3.13
model_1gpk_ligand.cif	0.00
model_1gpn_109.cif	1.21
model_1gpn_252.cif	0.37
model_1gpn_299.cif	0.35
model_1gpn_330.cif	0.51
model_1gpn_401.cif	0.98
model_1gpn_404.cif	1.47
model_1gpn_405.cif	0.56
model_1gpn_407.cif	0.58
model_1gpn_422.cif	2.28
model_1gpn_435.cif	1.00
model_1gpn_443.cif	0.92
model_1gpn_446.cif	2.85
model_1gpn_451.cif	1.40
model_1gpn_459.cif	3.82
model_1gpn_466.cif	3.70
model_1gpn_471.cif	1.91
model_1gpn_475.cif	1.16
model_1gpn_477.cif	0.95
model_1gpn_481.cif	4.06
model_1gpn_483.cif	3.44
model_1gpn_490.cif	3.71
model_1gpn_549.cif	2.79
model_1gpn_551.cif	4.48
model_1gpn_553.cif	5.58
model_1gpn_555.cif	2.43
model_1gpn_556.cif	4.07
model_1gpn_578.cif	4.42
model_1gpn_589.cif	2.46
model_1gpn_596.cif	3.84
model_1gpn_600.cif	1.09
model_1gpn_61.cif	0.87
model_1gpn_615.cif	2.57
model_1gpn_617.cif	3.35
model_1gpn_638.cif	1.93
model_1gpn_653.cif	3.15
model_1gpn_657.cif	4.26
model_1gpn_658.cif	2.56
model_1gpn_662.cif	1.33
model_1gpn_675.cif	1.85
model_1gpn_682.cif	4.64
model_1gpn_683.cif	3.04
model_1gpn_684.cif	5.41
model_1gpn_689.cif	1.40
model_1gpn_759.cif	3.14
model_1gpn_768.cif	5.51
model_1gpn_775.cif	2.95
model_1gpn_779.cif	2.88
model_1gpn_781.cif	4.18
model_1gpn_782.cif	2.28
model_1gpn_784.cif	6.02
model_1gpn_785.cif	3.08
model_1gpn_786.cif	6.04
model_1gpn_794.cif	4.77
model_1gpn_796.cif	5.37
model_1gpn_868.cif	4.02
model_1gpn_885.cif	4.46
model_1gpn_ligand.cif	0.00
model_1h22_1.cif	7.35
model_1h22_12.cif	3.06
model_1h22_140.cif	2.93
model_1h22_156.cif	1.04
model_1h22_186.cif	2.91
model_1h22_187.cif	1.33
model_1h22_197.cif	1.28
model_1h22_212.cif	1.93
model_1h22_225.cif	4.97
model_1h22_231.cif	4.97
model_1h22_238.cif	2.56
model_1h22_241.cif	3.99
model_1h22_261.cif	3.77
model_1h22_267.cif	3.71
model_1h22_276.cif	3.55
model_1h22_288.cif	5.25
model_1h22_291.cif	4.13
model_1h22_292.cif	1.79
model_1h22_300.cif	3.00
model_1h22_311.cif	7.24
model_1h22_313.cif	7.61
model_1h22_319.cif	3.94
model_1h22_346.cif	0.64
model_1h22_354.cif	5.10
model_1h22_363.cif	0.86
model_1h22_384.cif	1.95
model_1h22_393.cif	2.01
model_1h22_4.cif	2.02
model_1h22_403.cif	4.39
model_1h22_423.cif	3.76
model_1h22_442.cif	5.13
model_1h22_448.cif	1.96
model_1h22_464.cif	4.15
model_1h22_471.cif	4.54
model_1h22_477.cif	6.33
model_1h22_494.cif	4.00
model_1h22_506.cif	3.90
model_1h22_512.cif	3.27
model_1h22_527.cif	4.15
model_1h22_535.cif	5.21
model_1h22_540.cif	4.78
model_1h22_543.cif	6.71
model_1h22_565.cif	7.07
model_1h22_569.cif	5.01
model_1h22_573.cif	5.11
model_1h22_590.cif	6.50
model_1h22_595.cif	5.62
model_1h22_596.cif	7.90
model_1h22_606.cif	5.33
model_1h22_651.cif	6.71
model_1h22_653.cif	6.86
model_1h22_679.cif	6.33
model_1h22_685.cif	5.79
model_1h22_692.cif	6.13
model_1h22_716.cif	2.98
model_1h22_722.cif	1.67
model_1h22_738.cif	2.59
model_1h22_75.cif	6.15
model_1h22_772.cif	7.39
model_1h22_774.cif	5.17
model_1h22_777.cif	7.50
model_1h22_783.cif	7.48
model_1h22_786.cif	6.13
model_1h22_788.cif	7.26
model_1h22_812.cif	1.92
model_1h22_828.cif	4.47
model_1h22_852.cif	1.55
model_1h22_864.cif	4.94
model_1h22_89.cif	7.32
model_1h22_918.cif	2.02
model_1h22_95.cif	2.96
model_1h22_957.cif	6.18
model_1h22_ligand.cif	0.00
model_1h23_12.cif	1.81
model_1h23_138.cif	6.25
model_1h23_140.cif	6.19
model_1h23_163.cif	2.26
model_1h23_185.cif	1.18
model_1h23_198.cif	2.85
model_1h23_205.cif	3.71
model_1h23_209.cif	5.73
model_1h23_221.cif	5.12
model_1h23_238.cif	2.91
model_1h23_24.cif	3.99
model_1h23_242.cif	4.68
model_1h23_253.cif	3.65
model_1h23_262.cif	4.42
model_1h23_277.cif	5.72
model_1h23_296.cif	4.89
model_1h23_304.cif	1.84
model_1h23_335.cif	1.86
model_1h23_347.cif	0.89
model_1h23_370.cif	7.49
model_1h23_377.cif	7.40
model_1h23_403.cif	5.80
model_1h23_425.cif	6.66
model_1h23_43.cif	1.38
model_1h23_432.cif	3.95
model_1h23_438.cif	5.20
model_1h23_451.cif	4.11
model_1h23_471.cif	2.99
model_1h23_476.cif	2.94
model_1h23_496.cif	5.95
model_1h23_5.cif	2.81
model_1h23_549.cif	6.45
model_1h23_552.cif	5.92
model_1h23_579.cif	4.60
model_1h23_584.cif	4.00
model_1h23_588.cif	7.01
model_1h23_589.cif	6.97
model_1h23_590.cif	4.17
model_1h23_597.cif	6.23
model_1h23_621.cif	4.26
model_1h23_640.cif	5.50
model_1h23_641.cif	6.12
model_1h23_643.cif	9.64
model_1h23_648.cif	7.22
model_1h23_660.cif	4.34
model_1h23_663.cif	5.64
model_1h23_667.cif	7.95
model_1h23_669.cif	6.29
model_1h23_676.cif	7.95
model_1h23_678.cif	6.12
model_1h23_686.cif	7.52
model_1h23_69.cif	4.90
model_1h23_699.cif	3.86
model_1h23_728.cif	1.77
model_1h23_732.cif	1.93
model_1h23_77.cif	6.11
model_1h23_783.cif	1.22
model_1h23_8.cif	3.95
model_1h23_81.cif	2.93
model_1h23_815.cif	1.15
model_1h23_818.cif	2.65
model_1h23_82.cif	3.84
model_1h23_88.cif	5.14
model_1h23_90.cif	1.61
model_1h23_913.cif	2.33
model_1h23_921.cif	3.96
model_1h23_964.cif	4.15
model_1h23_98.cif	2.73
model_1h23_99.cif	3.97
model_1h23_ligand.cif	0.00
model_1k1i_108.cif	5.05
model_1k1i_115.cif	1.64
model_1k1i_159.cif	6.06
model_1k1i_167.cif	4.18
model_1k1i_171.cif	1.65
model_1k1i_172.cif	4.90
model_1k1i_201.cif	3.34
model_1k1i_204.cif	1.78
model_1k1i_207.cif	6.13
model_1k1i_214.cif	5.08
model_1k1i_247.cif	5.70
model_1k1i_250.cif	4.90
model_1k1i_252.cif	5.34
model_1k1i_253.cif	3.75
model_1k1i_258.cif	2.34
model_1k1i_260.cif	3.67
model_1k1i_273.cif	4.26
model_1k1i_275.cif	5.20
model_1k1i_282.cif	6.05
model_1k1i_287.cif	4.02
model_1k1i_295.cif	1.29
model_1k1i_306.cif	4.52
model_1k1i_308.cif	3.94
model_1k1i_355.cif	5.15
model_1k1i_357.cif	4.12
model_1k1i_358.cif	4.85
model_1k1i_36.cif	2.30
model_1k1i_37.cif	2.23
model_1k1i_377.cif	5.35
model_1k1i_379.cif	4.52
model_1k1i_384.cif	2.00
model_1k1i_385.cif	7.41
model_1k1i_40.cif	3.30
model_1k1i_401.cif	5.46
model_1k1i_404.cif	5.87
model_1k1i_406.cif	4.79
model_1k1i_430.cif	5.00
model_1k1i_434.cif	5.56
model_1k1i_447.cif	4.22
model_1k1i_45.cif	2.67
model_1k1i_464.cif	7.22
model_1k1i_475.cif	6.21
model_1k1i_495.cif	3.00
model_1k1i_496.cif	6.84
model_1k1i_513.cif	7.09
model_1k1i_521.cif	6.62
model_1k1i_523.cif	6.63
model_1k1i_55.cif	3.81
model_1k1i_550.cif	7.96
model_1k1i_563.cif	4.30
model_1k1i_565.cif	7.47
model_1k1i_567.cif	7.27
model_1k1i_571.cif	6.14
model_1k1i_576.cif	7.78
model_1k1i_581.cif	5.04
model_1k1i_600.cif	8.02
model_1k1i_620.cif	8.37
model_1k1i_650.cif	5.01
model_1k1i_666.cif	7.02
model_1k1i_675.cif	7.92
model_1k1i_68.cif	3.72
model_1k1i_69.cif	2.69
model_1k1i_692.cif	5.64
model_1k1i_693.cif	6.28
model_1k1i_698.cif	7.51
model_1k1i_701.cif	2.68
model_1k1i_702.cif	3.03
model_1k1i_703.cif	1.33
model_1k1i_71.cif	1.97
model_1k1i_723.cif	2.85
model_1k1i_79.cif	1.99
model_1k1i_826.cif	2.98
model_1k1i_871.cif	6.12
model_1k1i_896.cif	1.65
model_1k1i_900.cif	1.50
model_1k1i_919.cif	0.95
model_1k1i_938.cif	1.30
model_1k1i_942.cif	3.88
model_1k1i_97.cif	1.96
model_1k1i_ligand.cif	0.00
model_1lpg_106.cif	4.05
model_1lpg_122.cif	8.16
model_1lpg_149.cif	3.62
model_1lpg_16.cif	5.16
model_1lpg_198.cif	7.53
model_1lpg_212.cif	1.61
model_1lpg_227.cif	0.96
model_1lpg_237.cif	1.01
model_1lpg_239.cif	3.47
model_1lpg_244.cif	0.75
model_1lpg_249.cif	5.16
model_1lpg_253.cif	0.78
model_1lpg_254.cif	0.74
model_1lpg_256.cif	0.98
model_1lpg_262.cif	1.62
model_1lpg_266.cif	1.02
model_1lpg_273.cif	2.75
model_1lpg_282.cif	0.87
model_1lpg_285.cif	0.76
model_1lpg_286.cif	0.66
model_1lpg_290.cif	1.37
model_1lpg_296.cif	2.71
model_1lpg_311.cif	6.16
model_1lpg_319.cif	4.22
model_1lpg_320.cif	5.24
model_1lpg_323.cif	9.52
model_1lpg_327.cif	6.19
model_1lpg_348.cif	8.58
model_1lpg_398.cif	3.27
model_1lpg_403.cif	5.05
model_1lpg_404.cif	4.58
model_1lpg_405.cif	8.50
model_1lpg_407.cif	1.94
model_1lpg_41.cif	9.53
model_1lpg_412.cif	7.14
model_1lpg_420.cif	2.24
model_1lpg_434.cif	1.89
model_1lpg_441.cif	2.17
model_1lpg_444.cif	4.44
model_1lpg_447.cif	4.53
model_1lpg_448.cif	6.73
model_1lpg_451.cif	9.80
model_1lpg_455.cif	4.23
model_1lpg_460.cif	5.75
model_1lpg_462.cif	1.81
model_1lpg_468.cif	9.02
model_1lpg_480.cif	2.56
model_1lpg_488.cif	6.67
model_1lpg_492.cif	4.09
model_1lpg_495.cif	8.56
model_1lpg_497.cif	7.56
model_1lpg_499.cif	9.12
model_1lpg_500.cif	6.77
model_1lpg_514.cif	3.56
model_1lpg_522.cif	7.85
model_1lpg_532.cif	9.41
model_1lpg_538.cif	2.49
model_1lpg_539.cif	7.01
model_1lpg_551.cif	6.49
model_1lpg_552.cif	4.93
model_1lpg_555.cif	8.82
model_1lpg_556.cif	3.39
model_1lpg_559.cif	3.33
model_1lpg_562.cif	9.12
model_1lpg_570.cif	6.03
model_1lpg_575.cif	7.51
model_1lpg_582.cif	7.28
model_1lpg_585.cif	9.30
model_1lpg_589.cif	2.12
model_1lpg_599.cif	9.97
model_1lpg_61.cif	3.54
model_1lpg_619.cif	6.30
model_1lpg_623.cif	5.56
model_1lpg_639.cif	8.18
model_1lpg_642.cif	8.43
model_1lpg_645.cif	6.05
model_1lpg_646.cif	9.14
model_1lpg_656.cif	8.19
model_1lpg_665.cif	8.67
model_1lpg_670.cif	7.84
model_1lpg_678.cif	5.87
model_1lpg_679.cif	7.82
model_1lpg_687.cif	8.39
model_1lpg_695.cif	6.00
model_1lpg_703.cif	0.75
model_1lpg_733.cif	1.29
model_1lpg_734.cif	0.96
model_1lpg_740.cif	4.97
model_1lpg_75.cif	7.46
model_1lpg_750.cif	5.01
model_1lpg_751.cif	6.00
model_1lpg_791.cif	3.00
model_1lpg_86.cif	1.86
model_1lpg_866.cif	6.18
model_1lpg_885.cif	3.86
model_1lpg_925.cif	3.73
model_1lpg_958.cif	4.12
model_1lpg_972.cif	2.85
model_1lpg_98.cif	3.95
model_1lpg_994.cif	2.45
model_1lpg_ligand.cif	0.00
model_1mq6_110.cif	5.98
model_1mq6_126.cif	9.58
model_1mq6_129.cif	0.70
model_1mq6_134.cif	6.78
model_1mq6_140.cif	6.00
model_1mq6_145.cif	7.11
model_1mq6_156.cif	6.09
model_1mq6_174.cif	7.05
model_1mq6_200.cif	6.08
model_1mq6_205.cif	1.00
model_1mq6_226.cif	0.89
model_1mq6_266.cif	2.06
model_1mq6_369.cif	4.96
model_1mq6_381.cif	5.56
model_1mq6_390.cif	7.12
model_1mq6_391.cif	2.16
model_1mq6_394.cif	9.36
model_1mq6_406.cif	1.34
model_1mq6_409.cif	2.01
model_1mq6_411.cif	2.48
model_1mq6_416.cif	1.99
model_1mq6_419.cif	1.71
model_1mq6_431.cif	3.91
model_1mq6_432.cif	7.61
model_1mq6_435.cif	3.10
model_1mq6_441.cif	7.51
model_1mq6_451.cif	4.40
model_1mq6_453.cif	4.45
model_1mq6_46.cif	6.99
model_1mq6_472.cif	8.07
model_1mq6_482.cif	2.87
model_1mq6_486.cif	3.24
model_1mq6_488.cif	6.96
model_1mq6_489.cif	1.65
model_1mq6_509.cif	8.39
model_1mq6_519.cif	5.18
model_1mq6_538.cif	4.74
model_1mq6_541.cif	3.81
model_1mq6_552.cif	5.29
model_1mq6_563.cif	1.60
model_1mq6_578.cif	6.75
model_1mq6_585.cif	8.53
model_1mq6_586.cif	6.93
model_1mq6_596.cif	8.85
model_1mq6_598.cif	6.42
model_1mq6_613.cif	3.57
model_1mq6_630.cif	8.94
model_1mq6_632.cif	7.59
model_1mq6_645.cif	8.28
model_1mq6_662.cif	7.47
model_1mq6_677.cif	9.44
model_1mq6_686.cif	8.57
model_1mq6_690.cif	8.28
model_1mq6_691.cif	9.71
model_1mq6_695.cif	4.70
model_1mq6_722.cif	0.66
model_1mq6_723.cif	0.76
model_1mq6_748.cif	6.24
model_1mq6_750.cif	1.80
model_1mq6_755.cif	8.06
model_1mq6_776.cif	4.27
model_1mq6_777.cif	4.78
model_1mq6_798.cif	0.76
model_1mq6_805.cif	1.47
model_1mq6_848.cif	1.55
model_1mq6_854.cif	5.03
model_1mq6_861.cif	7.63
model_1mq6_882.cif	2.06
model_1mq6_886.cif	0.51
model_1mq6_889.cif	1.86
model_1mq6_891.cif	0.98
model_1mq6_902.cif	1.63
model_1mq6_907.cif	1.00
model_1mq6_909.cif	0.97
model_1mq6_910.cif	2.02
model_1mq6_914.cif	2.77
model_1mq6_920.cif	4.84
model_1mq6_931.cif	4.71
model_1mq6_932.cif	7.15
model_1mq6_933.cif	5.25
model_1mq6_935.cif	3.11
model_1mq6_951.cif	3.72
model_1mq6_956.cif	5.72
model_1mq6_961.cif	4.51
model_1mq6_962.cif	2.32
model_1mq6_967.cif	7.62
model_1mq6_968.cif	5.82
model_1mq6_969.cif	3.69
model_1mq6_970.cif	6.27
model_1mq6_974.cif	3.61
model_1mq6_975.cif	8.19
model_1mq6_976.cif	5.65
model_1mq6_977.cif	2.87
model_1mq6_978.cif	3.25
model_1mq6_ligand.cif	0.00
model_1nc1_103.cif	9.81
model_1nc1_121.cif	9.93
model_1nc1_126.cif	9.63
model_1nc1_13.cif	0.70
model_1nc1_133.cif	9.80
model_1nc1_142.cif	9.91
model_1nc1_144.cif	1.10
model_1nc1_152.cif	9.96
model_1nc1_161.cif	9.92
model_1nc1_172.cif	9.93
model_1nc1_18.cif	0.58
model_1nc1_207.cif	0.79
model_1nc1_275.cif	1.20
model_1nc1_410.cif	2.26
model_1nc1_422.cif	5.32
model_1nc1_427.cif	1.81
model_1nc1_431.cif	1.01
model_1nc1_437.cif	5.13
model_1nc1_441.cif	5.15
model_1nc1_443.cif	1.19
model_1nc1_449.cif	2.19
model_1nc1_473.cif	2.49
model_1nc1_480.cif	4.95
model_1nc1_495.cif	2.84
model_1nc1_498.cif	5.25
model_1nc1_513.cif	6.77
model_1nc1_526.cif	1.85
model_1nc1_527.cif	6.60
model_1nc1_529.cif	2.08
model_1nc1_536.cif	1.14
model_1nc1_538.cif	5.56
model_1nc1_539.cif	5.39
model_1nc1_546.cif	6.74
model_1nc1_550.cif	6.55
model_1nc1_551.cif	4.99
model_1nc1_552.cif	5.79
model_1nc1_558.cif	1.45
model_1nc1_566.cif	2.66
model_1nc1_570.cif	2.19
model_1nc1_573.cif	6.63
model_1nc1_575.cif	1.55
model_1nc1_576.cif	5.00
model_1nc1_585.cif	4.97
model_1nc1_587.cif	6.49
model_1nc1_591.cif	6.09
model_1nc1_596.cif	2.34
model_1nc1_597.cif	6.52
model_1nc1_598.cif	7.60
model_1nc1_6.cif	0.51
model_1nc1_612.cif	5.22
model_1nc1_615.cif	0.95
model_1nc1_62.cif	8.14
model_1nc1_624.cif	7.20
model_1nc1_634.cif	4.95
model_1nc1_643.cif	6.12
model_1nc1_648.cif	6.06
model_1nc1_659.cif	4.98
model_1nc1_661.cif	7.74
model_1nc1_663.cif	7.81
model_1nc1_664.cif	4.91
model_1nc1_665.cif	4.72
model_1nc1_667.cif	5.23
model_1nc1_670.cif	2.11
model_1nc1_685.cif	7.97
model_1nc1_690.cif	4.96
model_1nc1_692.cif	4.18
model_1nc1_695.cif	2.25
model_1nc1_696.cif	5.56
model_1nc1_724.cif	0.33
model_1nc1_739.cif	0.59
model_1nc1_75.cif	1.83
model_1nc1_763.cif	0.93
model_1nc1_853.cif	0.71
model_1nc1_865.cif	0.57
model_1nc1_ligand.cif	0.00
model_1nc3_178.cif	0.51
model_1nc3_408.cif	1.44
model_1nc3_409.cif	0.96
model_1nc3_437.cif	1.56
model_1nc3_442.cif	5.18
model_1nc3_454.cif	0.89
model_1nc3_466.cif	2.25
model_1nc3_471.cif	5.45
model_1nc3_478.cif	2.17
model_1nc3_488.cif	1.73
model_1nc3_490.cif	5.27
model_1nc3_491.cif	2.01
model_1nc3_499.cif	1.89
model_1nc3_501.cif	0.87
model_1nc3_518.cif	1.89
model_1nc3_524.cif	5.73
model_1nc3_525.cif	1.62
model_1nc3_533.cif	0.87
model_1nc3_538.cif	0.97
model_1nc3_551.cif	5.66
model_1nc3_552.cif	2.48
model_1nc3_562.cif	6.24
model_1nc3_563.cif	2.33
model_1nc3_576.cif	1.57
model_1nc3_581.cif	5.88
model_1nc3_583.cif	2.18
model_1nc3_585.cif	4.96
model_1nc3_597.cif	2.03
model_1nc3_598.cif	1.03
model_1nc3_602.cif	3.04
model_1nc3_603.cif	5.08
model_1nc3_614.cif	4.48
model_1nc3_615.cif	5.00
model_1nc3_622.cif	4.76
model_1nc3_625.cif	2.59
model_1nc3_634.cif	3.07
model_1nc3_639.cif	4.85
model_1nc3_646.cif	6.23
model_1nc3_658.cif	7.24
model_1nc3_664.cif	5.44
model_1nc3_665.cif	5.75
model_1nc3_667.cif	1.77
model_1nc3_669.cif	4.51
model_1nc3_681.cif	6.37
model_1nc3_688.cif	3.00
model_1nc3_692.cif	2.37
model_1nc3_695.cif	6.05
model_1nc3_696.cif	5.14
model_1nc3_698.cif	6.15
model_1nc3_699.cif	6.37
model_1nc3_735.cif	1.02
model_1nc3_807.cif	0.80
model_1nc3_814.cif	0.68
model_1nc3_895.cif	0.50
model_1nc3_940.cif	0.68
model_1nc3_ligand.cif	0.00
model_1nvq_402.cif	2.65
model_1nvq_405.cif	0.92
model_1nvq_410.cif	4.94
model_1nvq_412.cif	0.87
model_1nvq_424.cif	3.10
model_1nvq_427.cif	5.01
model_1nvq_431.cif	5.47
model_1nvq_439.cif	5.81
model_1nvq_444.cif	4.85
model_1nvq_446.cif	1.50
model_1nvq_451.cif	4.21
model_1nvq_461.cif	1.90
model_1nvq_464.cif	5.24
model_1nvq_473.cif	2.09
model_1nvq_477.cif	1.35
model_1nvq_481.cif	5.40
model_1nvq_490.cif	4.51
model_1nvq_491.cif	2.12
model_1nvq_498.cif	3.02
model_1nvq_500.cif	3.23
model_1nvq_513.cif	5.76
model_1nvq_522.cif	6.06
model_1nvq_524.cif	1.68
model_1nvq_543.cif	4.53
model_1nvq_548.cif	3.46
model_1nvq_553.cif	2.46
model_1nvq_555.cif	3.45
model_1nvq_559.cif	1.80
model_1nvq_564.cif	6.39
model_1nvq_566.cif	3.02
model_1nvq_573.cif	6.22
model_1nvq_583.cif	4.99
model_1nvq_588.cif	4.22
model_1nvq_600.cif	2.26
model_1nvq_605.cif	2.10
model_1nvq_606.cif	1.66
model_1nvq_632.cif	1.12
model_1nvq_634.cif	2.82
model_1nvq_672.cif	1.23
model_1nvq_674.cif	2.39
model_1nvq_687.cif	3.58
model_1nvq_689.cif	4.66
model_1nvq_692.cif	5.50
model_1nvq_708.cif	0.73
model_1nvq_710.cif	0.21
model_1nvq_723.cif	0.87
model_1nvq_731.cif	1.16
model_1nvq_738.cif	0.46
model_1nvq_740.cif	1.91
model_1nvq_742.cif	4.10
model_1nvq_743.cif	3.93
model_1nvq_745.cif	2.85
model_1nvq_746.cif	4.02
model_1nvq_747.cif	5.85
model_1nvq_752.cif	3.70
model_1nvq_759.cif	6.53
model_1nvq_760.cif	6.54
model_1nvq_761.cif	6.52
model_1nvq_762.cif	6.44
model_1nvq_765.cif	8.84
model_1nvq_766.cif	8.47
model_1nvq_767.cif	5.20
model_1nvq_770.cif	6.93
model_1nvq_771.cif	2.98
model_1nvq_772.cif	9.87
model_1nvq_775.cif	7.56
model_1nvq_776.cif	6.98
model_1nvq_777.cif	5.45
model_1nvq_778.cif	8.66
model_1nvq_783.cif	3.31
model_1nvq_867.cif	0.78
model_1nvq_871.cif	0.85
model_1nvq_885.cif	6.24
model_1nvq_927.cif	0.40
model_1nvq_940.cif	0.24
model_1nvq_ligand.cif	0.00
model_1o0h_105.cif	8.88
model_1o0h_109.cif	9.41
model_1o0h_121.cif	9.34
model_1o0h_122.cif	4.92
model_1o0h_133.cif	6.14
model_1o0h_146.cif	5.08
model_1o0h_150.cif	2.98
model_1o0h_153.cif	5.77
model_1o0h_168.cif	1.86
model_1o0h_172.cif	8.69
model_1o0h_178.cif	7.36
model_1o0h_187.cif	8.39
model_1o0h_194.cif	6.98
model_1o0h_203.cif	6.99
model_1o0h_208.cif	9.90
model_1o0h_209.cif	7.23
model_1o0h_217.cif	8.96
model_1o0h_233.cif	9.59
model_1o0h_251.cif	3.67
model_1o0h_253.cif	1.14
model_1o0h_254.cif	0.73
model_1o0h_263.cif	1.81
model_1o0h_272.cif	0.77
model_1o0h_280.cif	9.65
model_1o0h_281.cif	1.91
model_1o0h_284.cif	0.39
model_1o0h_292.cif	2.28
model_1o0h_313.cif	6.71
model_1o0h_353.cif	0.92
model_1o0h_374.cif	9.03
model_1o0h_40.cif	7.45
model_1o0h_418.cif	9.12
model_1o0h_419.cif	5.81
model_1o0h_431.cif	8.47
model_1o0h_436.cif	6.82
model_1o0h_439.cif	4.28
model_1o0h_450.cif	8.63
model_1o0h_457.cif	8.21
model_1o0h_459.cif	7.05
model_1o0h_463.cif	6.25
model_1o0h_466.cif	8.11
model_1o0h_472.cif	8.12
model_1o0h_474.cif	7.84
model_1o0h_482.cif	7.58
model_1o0h_488.cif	6.84
model_1o0h_502.cif	2.41
model_1o0h_507.cif	4.01
model_1o0h_511.cif	2.03
model_1o0h_514.cif	5.64
model_1o0h_524.cif	2.55
model_1o0h_526.cif	4.59
model_1o0h_530.cif	5.23
model_1o0h_531.cif	3.95
model_1o0h_532.cif	4.35
model_1o0h_536.cif	7.45
model_1o0h_539.cif	3.22
model_1o0h_541.cif	1.92
model_1o0h_549.cif	3.60
model_1o0h_551.cif	8.66
model_1o0h_563.cif	7.56
model_1o0h_564.cif	2.05
model_1o0h_565.cif	6.11
model_1o0h_576.cif	6.29
model_1o0h_586.cif	9.66
model_1o0h_594.cif	7.08
model_1o0h_595.cif	3.20
model_1o0h_599.cif	1.55
model_1o0h_600.cif	1.29
model_1o0h_603.cif	2.49
model_1o0h_606.cif	3.32
model_1o0h_617.cif	4.15
model_1o0h_618.cif	5.62
model_1o0h_624.cif	5.66
model_1o0h_628.cif	4.83
model_1o0h_631.cif	1.87
model_1o0h_637.cif	2.56
model_1o0h_639.cif	9.01
model_1o0h_646.cif	3.80
model_1o0h_647.cif	2.33
model_1o0h_658.cif	6.62
model_1o0h_665.cif	3.28
model_1o0h_670.cif	7.30
model_1o0h_680.cif	4.28
model_1o0h_684.cif	3.56
model_1o0h_690.cif	5.77
model_1o0h_691.cif	3.82
model_1o0h_692.cif	5.75
model_1o0h_78.cif	0.60
model_1o0h_786.cif	5.74
model_1o0h_789.cif	5.00
model_1o0h_794.cif	4.33
model_1o0h_821.cif	0.67
model_1o0h_876.cif	0.58
model_1o0h_879.cif	2.66
model_1o0h_89.cif	9.13
model_1o0h_909.cif	1.60
model_1o0h_915.cif	0.91
model_1o0h_918.cif	0.93
model_1o0h_956.cif	1.14
model_1o0h_968.cif	0.85
model_1o0h_ligand.cif	0.00
model_1o3f_112.cif	9.54
model_1o3f_125.cif	8.83
model_1o3f_126.cif	9.14
model_1o3f_144.cif	9.51
model_1o3f_145.cif	8.71
model_1o3f_148.cif	9.04
model_1o3f_152.cif	8.48
model_1o3f_162.cif	9.55
model_1o3f_163.cif	9.61
model_1o3f_168.cif	8.84
model_1o3f_173.cif	9.46
model_1o3f_175.cif	9.62
model_1o3f_185.cif	9.83
model_1o3f_191.cif	9.05
model_1o3f_242.cif	2.22
model_1o3f_246.cif	1.82
model_1o3f_247.cif	3.80
model_1o3f_257.cif	4.02
model_1o3f_265.cif	1.42
model_1o3f_372.cif	0.49
model_1o3f_407.cif	2.35
model_1o3f_417.cif	1.99
model_1o3f_423.cif	4.97
model_1o3f_445.cif	6.02
model_1o3f_446.cif	2.26
model_1o3f_449.cif	4.96
model_1o3f_458.cif	0.79
model_1o3f_460.cif	2.67
model_1o3f_463.cif	5.23
model_1o3f_464.cif	4.94
model_1o3f_472.cif	5.71
model_1o3f_482.cif	2.40
model_1o3f_485.cif	0.98
model_1o3f_489.cif	3.50
model_1o3f_490.cif	5.18
model_1o3f_494.cif	3.19
model_1o3f_495.cif	2.72
model_1o3f_498.cif	2.12
model_1o3f_501.cif	0.99
model_1o3f_503.cif	0.65
model_1o3f_504.cif	0.94
model_1o3f_506.cif	1.10
model_1o3f_507.cif	3.68
model_1o3f_526.cif	3.23
model_1o3f_530.cif	3.37
model_1o3f_538.cif	0.75
model_1o3f_547.cif	6.47
model_1o3f_558.cif	5.41
model_1o3f_563.cif	5.23
model_1o3f_566.cif	5.18
model_1o3f_572.cif	1.58
model_1o3f_582.cif	5.99
model_1o3f_588.cif	5.41
model_1o3f_591.cif	3.96
model_1o3f_595.cif	5.54
model_1o3f_598.cif	5.78
model_1o3f_624.cif	1.42
model_1o3f_64.cif	2.00
model_1o3f_668.cif	2.00
model_1o3f_669.cif	2.32
model_1o3f_670.cif	1.26
model_1o3f_672.cif	3.41
model_1o3f_690.cif	3.50
model_1o3f_693.cif	6.10
model_1o3f_696.cif	2.28
model_1o3f_700.cif	3.79
model_1o3f_752.cif	0.66
model_1o3f_798.cif	1.57
model_1o3f_910.cif	0.58
model_1o3f_931.cif	0.83
model_1o3f_94.cif	2.02
model_1o3f_ligand.cif	0.00
model_1o5b_19.cif	0.83
model_1o5b_200.cif	3.89
model_1o5b_253.cif	2.11
model_1o5b_256.cif	2.99
model_1o5b_272.cif	0.76
model_1o5b_329.cif	0.60
model_1o5b_396.cif	0.56
model_1o5b_400.cif	0.41
model_1o5b_406.cif	4.78
model_1o5b_413.cif	1.93
model_1o5b_419.cif	1.20
model_1o5b_421.cif	0.75
model_1o5b_423.cif	0.92
model_1o5b_432.cif	1.27
model_1o5b_441.cif	2.21
model_1o5b_445.cif	4.55
model_1o5b_446.cif	2.15
model_1o5b_454.cif	1.25
model_1o5b_461.cif	1.31
model_1o5b_468.cif	0.91
model_1o5b_472.cif	1.06
model_1o5b_474.cif	4.40
model_1o5b_483.cif	0.84
model_1o5b_489.cif	4.94
model_1o5b_490.cif	2.15
model_1o5b_497.cif	4.74
model_1o5b_505.cif	4.81
model_1o5b_508.cif	1.06
model_1o5b_511.cif	5.38
model_1o5b_512.cif	3.93
model_1o5b_529.cif	6.62
model_1o5b_534.cif	4.20
model_1o5b_535.cif	5.14
model_1o5b_539.cif	3.41
model_1o5b_548.cif	5.41
model_1o5b_552.cif	6.92
model_1o5b_554.cif	2.66
model_1o5b_561.cif	5.17
model_1o5b_572.cif	5.26
model_1o5b_579.cif	4.94
model_1o5b_584.cif	3.65
model_1o5b_592.cif	7.14
model_1o5b_595.cif	5.22
model_1o5b_625.cif	1.77
model_1o5b_628.cif	5.14
model_1o5b_638.cif	1.43
model_1o5b_653.cif	2.49
model_1o5b_654.cif	3.40
model_1o5b_663.cif	2.16
model_1o5b_664.cif	1.12
model_1o5b_665.cif	0.91
model_1o5b_681.cif	2.32
model_1o5b_699.cif	4.10
model_1o5b_722.cif	5.79
model_1o5b_723.cif	8.05
model_1o5b_724.cif	3.02
model_1o5b_725.cif	7.38
model_1o5b_726.cif	8.42
model_1o5b_731.cif	7.02
model_1o5b_732.cif	7.00
model_1o5b_739.cif	6.44
model_1o5b_740.cif	8.28
model_1o5b_744.cif	3.00
model_1o5b_747.cif	8.15
model_1o5b_750.cif	8.42
model_1o5b_751.cif	8.77
model_1o5b_755.cif	8.28
model_1o5b_756.cif	6.41
model_1o5b_760.cif	8.31
model_1o5b_762.cif	6.06
model_1o5b_764.cif	7.57
model_1o5b_765.cif	6.24
model_1o5b_79.cif	3.06
model_1o5b_807.cif	6.23
model_1o5b_813.cif	6.65
model_1o5b_827.cif	8.73
model_1o5b_832.cif	6.49
model_1o5b_836.cif	7.40
model_1o5b_844.cif	7.69
model_1o5b_857.cif	7.50
model_1o5b_860.cif	7.55
model_1o5b_865.cif	8.01
model_1o5b_892.cif	3.57
model_1o5b_903.cif	5.48
model_1o5b_911.cif	4.76
model_1o5b_936.cif	5.67
model_1o5b_943.cif	7.67
model_1o5b_957.cif	3.66
model_1o5b_959.cif	7.51
model_1o5b_963.cif	3.83
model_1o5b_ligand.cif	0.00
model_1owh_159.cif	2.11
model_1owh_174.cif	6.60
model_1owh_187.cif	6.57
model_1owh_210.cif	0.90
model_1owh_213.cif	3.34
model_1owh_216.cif	2.07
model_1owh_217.cif	2.21
model_1owh_225.cif	3.05
model_1owh_227.cif	4.09
model_1owh_229.cif	6.98
model_1owh_232.cif	2.55
model_1owh_234.cif	2.00
model_1owh_245.cif	2.80
model_1owh_253.cif	4.06
model_1owh_255.cif	3.61
model_1owh_258.cif	6.85
model_1owh_260.cif	4.02
model_1owh_265.cif	1.38
model_1owh_266.cif	4.02
model_1owh_269.cif	6.77
model_1owh_280.cif	6.84
model_1owh_283.cif	3.89
model_1owh_285.cif	6.93
model_1owh_289.cif	1.60
model_1owh_291.cif	1.21
model_1owh_3.cif	0.66
model_1owh_307.cif	0.53
model_1owh_391.cif	0.26
model_1owh_431.cif	2.93
model_1owh_458.cif	7.93
model_1owh_470.cif	7.28
model_1owh_492.cif	3.16
model_1owh_509.cif	6.26
model_1owh_512.cif	7.50
model_1owh_514.cif	3.93
model_1owh_519.cif	5.53
model_1owh_523.cif	5.89
model_1owh_528.cif	5.97
model_1owh_529.cif	6.33
model_1owh_530.cif	8.10
model_1owh_532.cif	0.90
model_1owh_535.cif	5.32
model_1owh_538.cif	3.80
model_1owh_540.cif	0.58
model_1owh_550.cif	6.28
model_1owh_553.cif	8.39
model_1owh_562.cif	8.35
model_1owh_573.cif	7.63
model_1owh_595.cif	8.03
model_1owh_607.cif	1.74
model_1owh_610.cif	4.31
model_1owh_614.cif	1.00
model_1owh_629.cif	7.35
model_1owh_639.cif	3.51
model_1owh_641.cif	1.72
model_1owh_648.cif	2.15
model_1owh_673.cif	7.32
model_1owh_681.cif	7.50
model_1owh_701.cif	0.59
model_1owh_737.cif	4.08
model_1owh_739.cif	3.11
model_1owh_745.cif	8.06
model_1owh_749.cif	4.93
model_1owh_750.cif	4.59
model_1owh_756.cif	7.85
model_1owh_757.cif	7.79
model_1owh_760.cif	8.78
model_1owh_762.cif	4.90
model_1owh_764.cif	5.00
model_1owh_767.cif	8.74
model_1owh_771.cif	5.70
model_1owh_773.cif	2.01
model_1owh_774.cif	5.70
model_1owh_778.cif	2.76
model_1owh_779.cif	5.80
model_1owh_780.cif	5.79
model_1owh_782.cif	5.63
model_1owh_786.cif	8.41
model_1owh_787.cif	2.33
model_1owh_788.cif	3.23
model_1owh_789.cif	8.16
model_1owh_795.cif	8.70
model_1owh_797.cif	9.45
model_1owh_798.cif	9.81
model_1owh_894.cif	1.06
model_1owh_917.cif	7.24
model_1owh_921.cif	1.36
model_1owh_935.cif	0.97
model_1owh_938.cif	0.85
model_1owh_977.cif	1.46
model_1owh_990.cif	1.75
model_1owh_ligand.cif	0.00
model_1oyt_24.cif	6.38
model_1oyt_401.cif	3.98
model_1oyt_405.cif	2.99
model_1oyt_412.cif	6.92
model_1oyt_414.cif	3.23
model_1oyt_423.cif	6.06
model_1oyt_425.cif	4.81
model_1oyt_437.cif	4.84
model_1oyt_448.cif	2.70
model_1oyt_449.cif	4.12
model_1oyt_451.cif	5.99
model_1oyt_454.cif	3.50
model_1oyt_455.cif	2.28
model_1oyt_463.cif	6.51
model_1oyt_468.cif	6.97
model_1oyt_475.cif	3.64
model_1oyt_477.cif	7.05
model_1oyt_481.cif	0.86
model_1oyt_484.cif	3.60
model_1oyt_493.cif	2.60
model_1oyt_505.cif	0.97
model_1oyt_506.cif	0.99
model_1oyt_507.cif	1.13
model_1oyt_513.cif	0.91
model_1oyt_521.cif	3.13
model_1oyt_524.cif	1.24
model_1oyt_527.cif	7.28
model_1oyt_529.cif	1.26
model_1oyt_530.cif	5.05
model_1oyt_542.cif	4.63
model_1oyt_551.cif	7.04
model_1oyt_553.cif	2.98
model_1oyt_558.cif	1.50
model_1oyt_559.cif	9.36
model_1oyt_561.cif	1.16
model_1oyt_564.cif	5.26
model_1oyt_569.cif	5.07
model_1oyt_572.cif	7.07
model_1oyt_575.cif	2.32
model_1oyt_582.cif	3.09
model_1oyt_586.cif	1.45
model_1oyt_59.cif	0.51
model_1oyt_599.cif	5.76
model_1oyt_603.cif	6.56
model_1oyt_612.cif	7.03
model_1oyt_621.cif	4.09
model_1oyt_623.cif	4.61
model_1oyt_627.cif	1.56
model_1oyt_637.cif	6.32
model_1oyt_639.cif	1.85
model_1oyt_64.cif	0.53
model_1oyt_644.cif	6.00
model_1oyt_647.cif	5.23
model_1oyt_651.cif	6.67
model_1oyt_658.cif	7.08
model_1oyt_663.cif	3.99
model_1oyt_674.cif	6.42
model_1oyt_675.cif	5.95
model_1oyt_679.cif	1.53
model_1oyt_680.cif	2.01
model_1oyt_684.cif	4.47
model_1oyt_690.cif	3.27
model_1oyt_691.cif	7.07
model_1oyt_692.cif	2.42
model_1oyt_696.cif	6.70
model_1oyt_711.cif	0.40
model_1oyt_749.cif	4.54
model_1oyt_789.cif	3.14
model_1oyt_800.cif	1.68
model_1oyt_801.cif	2.10
model_1oyt_806.cif	4.66
model_1oyt_838.cif	4.73
model_1oyt_842.cif	5.23
model_1oyt_843.cif	2.97
model_1oyt_853.cif	5.85
model_1oyt_91.cif	0.81
model_1oyt_915.cif	0.52
model_1oyt_947.cif	0.62
model_1oyt_ligand.cif	0.00
model_1p1n_116.cif	0.63
model_1p1n_216.cif	1.13
model_1p1n_333.cif	0.64
model_1p1n_425.cif	2.80
model_1p1n_433.cif	3.08
model_1p1n_462.cif	2.82
model_1p1n_465.cif	1.70
model_1p1n_482.cif	0.97
model_1p1n_489.cif	3.26
model_1p1n_493.cif	1.68
model_1p1n_500.cif	3.26
model_1p1n_530.cif	1.98
model_1p1n_548.cif	2.96
model_1p1n_550.cif	2.53
model_1p1n_562.cif	2.93
model_1p1n_569.cif	1.68
model_1p1n_574.cif	2.07
model_1p1n_586.cif	2.60
model_1p1n_606.cif	2.09
model_1p1n_646.cif	2.19
model_1p1n_650.cif	3.04
model_1p1n_660.cif	1.69
model_1p1n_668.cif	2.69
model_1p1n_675.cif	3.77
model_1p1n_685.cif	3.13
model_1p1n_687.cif	3.75
model_1p1n_699.cif	1.66
model_1p1n_708.cif	0.44
model_1p1n_712.cif	0.93
model_1p1n_73.cif	0.61
model_1p1n_733.cif	5.57
model_1p1n_757.cif	3.18
model_1p1n_765.cif	4.25
model_1p1n_78.cif	0.99
model_1p1n_780.cif	1.68
model_1p1n_785.cif	4.04
model_1p1n_825.cif	0.77
model_1p1n_883.cif	3.12
model_1p1n_892.cif	3.46
model_1p1n_9.cif	1.03
model_1p1n_917.cif	1.36
model_1p1n_928.cif	0.79
model_1p1n_971.cif	0.88
model_1p1n_ligand.cif	0.00
model_1p1q_121.cif	0.71
model_1p1q_134.cif	2.26
model_1p1q_169.cif	0.75
model_1p1q_202.cif	1.83
model_1p1q_239.cif	0.59
model_1p1q_255.cif	0.71
model_1p1q_317.cif	2.01
model_1p1q_357.cif	0.60
model_1p1q_358.cif	2.37
model_1p1q_394.cif	0.86
model_1p1q_411.cif	1.38
model_1p1q_412.cif	0.89
model_1p1q_544.cif	2.13
model_1p1q_559.cif	1.21
model_1p1q_560.cif	0.98
model_1p1q_570.cif	1.57
model_1p1q_574.cif	4.23
model_1p1q_578.cif	4.41
model_1p1q_596.cif	4.12
model_1p1q_603.cif	2.32
model_1p1q_604.cif	2.28
model_1p1q_614.cif	1.76
model_1p1q_636.cif	1.75
model_1p1q_640.cif	4.12
model_1p1q_644.cif	2.45
model_1p1q_646.cif	1.97
model_1p1q_664.cif	2.66
model_1p1q_677.cif	3.36
model_1p1q_698.cif	4.15
model_1p1q_713.cif	2.00
model_1p1q_729.cif	1.94
model_1p1q_736.cif	3.50
model_1p1q_740.cif	3.02
model_1p1q_746.cif	3.83
model_1p1q_751.cif	3.98
model_1p1q_759.cif	4.32
model_1p1q_773.cif	4.30
model_1p1q_779.cif	3.67
model_1p1q_785.cif	4.20
model_1p1q_789.cif	3.79
model_1p1q_794.cif	3.07
model_1p1q_848.cif	1.22
model_1p1q_85.cif	0.65
model_1p1q_853.cif	0.45
model_1p1q_860.cif	2.66
model_1p1q_872.cif	4.41
model_1p1q_890.cif	4.30
model_1p1q_892.cif	3.60
model_1p1q_897.cif	3.06
model_1p1q_975.cif	2.76
model_1p1q_ligand.cif	0.00
model_1ps3_161.cif	0.28
model_1ps3_251.cif	0.68
model_1ps3_350.cif	0.57
model_1ps3_408.cif	0.91
model_1ps3_414.cif	4.14
model_1ps3_424.cif	1.77
model_1ps3_437.cif	2.98
model_1ps3_438.cif	2.76
model_1ps3_449.cif	1.63
model_1ps3_468.cif	2.88
model_1ps3_474.cif	3.18
model_1ps3_500.cif	1.42
model_1ps3_510.cif	3.63
model_1ps3_518.cif	3.07
model_1ps3_548.cif	0.89
model_1ps3_551.cif	4.37
model_1ps3_596.cif	3.23
model_1ps3_600.cif	4.26
model_1ps3_607.cif	5.98
model_1ps3_612.cif	4.03
model_1ps3_627.cif	4.09
model_1ps3_635.cif	4.85
model_1ps3_641.cif	5.83
model_1ps3_662.cif	4.08
model_1ps3_664.cif	4.36
model_1ps3_684.cif	6.66
model_1ps3_696.cif	4.27
model_1ps3_707.cif	0.98
model_1ps3_730.cif	3.05
model_1ps3_734.cif	0.86
model_1ps3_736.cif	0.85
model_1ps3_739.cif	1.85
model_1ps3_744.cif	3.91
model_1ps3_748.cif	1.97
model_1ps3_753.cif	2.17
model_1ps3_760.cif	2.60
model_1ps3_764.cif	3.75
model_1ps3_767.cif	2.88
model_1ps3_771.cif	3.46
model_1ps3_778.cif	3.10
model_1ps3_782.cif	2.85
model_1ps3_783.cif	1.15
model_1ps3_785.cif	1.54
model_1ps3_786.cif	2.95
model_1ps3_790.cif	4.20
model_1ps3_793.cif	3.11
model_1ps3_854.cif	1.65
model_1ps3_886.cif	2.96
model_1ps3_896.cif	1.48
model_1ps3_943.cif	0.44
model_1ps3_968.cif	0.66
model_1ps3_985.cif	1.09
model_1ps3_994.cif	2.52
model_1ps3_ligand.cif	0.00
model_1pxn_167.cif	0.88
model_1pxn_197.cif	0.77
model_1pxn_211.cif	5.06
model_1pxn_225.cif	1.05
model_1pxn_228.cif	7.25
model_1pxn_236.cif	0.84
model_1pxn_240.cif	1.01
model_1pxn_246.cif	0.75
model_1pxn_256.cif	4.71
model_1pxn_257.cif	0.59
model_1pxn_266.cif	0.44
model_1pxn_269.cif	7.91
model_1pxn_270.cif	0.68
model_1pxn_272.cif	4.97
model_1pxn_285.cif	0.52
model_1pxn_288.cif	1.72
model_1pxn_308.cif	5.16
model_1pxn_402.cif	1.49
model_1pxn_409.cif	3.63
model_1pxn_414.cif	2.12
model_1pxn_416.cif	6.59
model_1pxn_422.cif	1.48
model_1pxn_428.cif	6.44
model_1pxn_437.cif	2.07
model_1pxn_441.cif	1.60
model_1pxn_445.cif	2.44
model_1pxn_458.cif	3.22
model_1pxn_467.cif	1.91
model_1pxn_468.cif	4.01
model_1pxn_471.cif	2.32
model_1pxn_472.cif	2.43
model_1pxn_477.cif	3.59
model_1pxn_483.cif	4.14
model_1pxn_488.cif	8.18
model_1pxn_489.cif	3.87
model_1pxn_490.cif	3.81
model_1pxn_500.cif	5.58
model_1pxn_504.cif	7.58
model_1pxn_507.cif	6.42
model_1pxn_509.cif	8.87
model_1pxn_513.cif	4.58
model_1pxn_514.cif	2.62
model_1pxn_518.cif	7.76
model_1pxn_523.cif	7.98
model_1pxn_532.cif	5.50
model_1pxn_534.cif	3.72
model_1pxn_536.cif	8.47
model_1pxn_539.cif	3.22
model_1pxn_545.cif	6.62
model_1pxn_546.cif	6.02
model_1pxn_550.cif	5.77
model_1pxn_557.cif	5.16
model_1pxn_558.cif	2.95
model_1pxn_560.cif	4.21
model_1pxn_565.cif	7.57
model_1pxn_566.cif	7.67
model_1pxn_572.cif	3.68
model_1pxn_578.cif	4.27
model_1pxn_589.cif	5.18
model_1pxn_593.cif	6.66
model_1pxn_594.cif	8.20
model_1pxn_599.cif	6.14
model_1pxn_600.cif	2.74
model_1pxn_608.cif	3.90
model_1pxn_609.cif	8.25
model_1pxn_626.cif	5.89
model_1pxn_632.cif	6.70
model_1pxn_638.cif	4.46
model_1pxn_645.cif	8.88
model_1pxn_646.cif	6.54
model_1pxn_647.cif	8.70
model_1pxn_649.cif	6.11
model_1pxn_652.cif	5.05
model_1pxn_653.cif	2.76
model_1pxn_662.cif	3.29
model_1pxn_665.cif	7.96
model_1pxn_666.cif	7.06
model_1pxn_668.cif	8.28
model_1pxn_671.cif	2.58
model_1pxn_672.cif	4.65
model_1pxn_678.cif	7.68
model_1pxn_682.cif	8.71
model_1pxn_687.cif	4.44
model_1pxn_690.cif	9.14
model_1pxn_696.cif	5.83
model_1pxn_813.cif	1.66
model_1pxn_82.cif	8.41
model_1pxn_830.cif	1.65
model_1pxn_86.cif	0.83
model_1pxn_945.cif	1.02
model_1pxn_96.cif	0.51
model_1pxn_ligand.cif	0.00
model_1q8t_142.cif	0.72
model_1q8t_151.cif	0.98
model_1q8t_152.cif	0.82
model_1q8t_262.cif	0.87
model_1q8t_281.cif	0.95
model_1q8t_411.cif	1.86
model_1q8t_450.cif	7.82
model_1q8t_459.cif	1.91
model_1q8t_479.cif	7.54
model_1q8t_504.cif	8.52
model_1q8t_505.cif	9.04
model_1q8t_507.cif	3.01
model_1q8t_513.cif	8.13
model_1q8t_514.cif	9.64
model_1q8t_534.cif	9.54
model_1q8t_538.cif	5.19
model_1q8t_539.cif	2.81
model_1q8t_540.cif	7.84
model_1q8t_547.cif	8.60
model_1q8t_548.cif	3.01
model_1q8t_553.cif	9.05
model_1q8t_564.cif	3.99
model_1q8t_567.cif	7.26
model_1q8t_576.cif	8.79
model_1q8t_579.cif	7.85
model_1q8t_582.cif	3.10
model_1q8t_598.cif	2.10
model_1q8t_60.cif	0.92
model_1q8t_601.cif	8.16
model_1q8t_610.cif	4.88
model_1q8t_612.cif	2.03
model_1q8t_633.cif	9.35
model_1q8t_635.cif	4.40
model_1q8t_636.cif	3.94
model_1q8t_638.cif	8.28
model_1q8t_640.cif	2.19
model_1q8t_651.cif	4.30
model_1q8t_653.cif	8.75
model_1q8t_656.cif	9.34
model_1q8t_658.cif	1.99
model_1q8t_661.cif	3.10
model_1q8t_677.cif	6.60
model_1q8t_678.cif	9.94
model_1q8t_686.cif	8.33
model_1q8t_687.cif	2.23
model_1q8t_692.cif	2.60
model_1q8t_70.cif	0.98
model_1q8t_701.cif	1.00
model_1q8t_705.cif	0.88
model_1q8t_706.cif	1.15
model_1q8t_709.cif	2.24
model_1q8t_718.cif	4.11
model_1q8t_727.cif	7.36
model_1q8t_734.cif	7.39
model_1q8t_739.cif	8.19
model_1q8t_741.cif	7.37
model_1q8t_744.cif	6.48
model_1q8t_747.cif	5.65
model_1q8t_749.cif	6.60
model_1q8t_751.cif	6.55
model_1q8t_752.cif	2.34
model_1q8t_753.cif	3.06
model_1q8t_754.cif	4.11
model_1q8t_756.cif	4.14
model_1q8t_761.cif	4.52
model_1q8t_762.cif	4.18
model_1q8t_766.cif	5.73
model_1q8t_767.cif	5.79
model_1q8t_768.cif	4.95
model_1q8t_770.cif	6.02
model_1q8t_774.cif	6.14
model_1q8t_775.cif	5.52
model_1q8t_778.cif	9.96
model_1q8t_798.cif	3.31
model_1q8t_810.cif	3.48
model_1q8t_813.cif	6.94
model_1q8t_816.cif	6.95
model_1q8t_831.cif	3.25
model_1q8t_832.cif	7.00
model_1q8t_844.cif	6.99
model_1q8t_874.cif	4.50
model_1q8t_879.cif	0.79
model_1q8t_887.cif	1.59
model_1q8t_891.cif	1.47
model_1q8t_895.cif	2.03
model_1q8t_897.cif	1.29
model_1q8t_898.cif	1.99
model_1q8t_900.cif	1.37
model_1q8t_902.cif	9.10
model_1q8t_903.cif	1.27
model_1q8t_916.cif	2.02
model_1q8t_927.cif	9.46
model_1q8t_943.cif	7.10
model_1q8t_946.cif	8.62
model_1q8t_962.cif	7.41
model_1q8t_ligand.cif	0.00
model_1q8u_140.cif	2.11
model_1q8u_202.cif	6.25
model_1q8u_203.cif	4.53
model_1q8u_214.cif	1.88
model_1q8u_227.cif	6.11
model_1q8u_23.cif	4.96
model_1q8u_237.cif	5.76
model_1q8u_238.cif	2.49
model_1q8u_24.cif	7.23
model_1q8u_246.cif	7.55
model_1q8u_264.cif	6.99
model_1q8u_268.cif	2.00
model_1q8u_270.cif	6.99
model_1q8u_277.cif	2.18
model_1q8u_34.cif	2.64
model_1q8u_342.cif	2.76
model_1q8u_410.cif	3.47
model_1q8u_454.cif	3.61
model_1q8u_497.cif	3.90
model_1q8u_501.cif	0.91
model_1q8u_504.cif	4.24
model_1q8u_509.cif	7.45
model_1q8u_512.cif	1.27
model_1q8u_514.cif	1.05
model_1q8u_53.cif	2.48
model_1q8u_547.cif	4.12
model_1q8u_553.cif	1.79
model_1q8u_555.cif	3.99
model_1q8u_571.cif	3.43
model_1q8u_581.cif	5.75
model_1q8u_582.cif	4.45
model_1q8u_59.cif	3.02
model_1q8u_592.cif	1.27
model_1q8u_593.cif	7.46
model_1q8u_595.cif	1.46
model_1q8u_599.cif	1.91
model_1q8u_605.cif	3.70
model_1q8u_611.cif	9.05
model_1q8u_617.cif	3.27
model_1q8u_623.cif	3.69
model_1q8u_646.cif	1.99
model_1q8u_652.cif	7.55
model_1q8u_653.cif	5.36
model_1q8u_660.cif	7.25
model_1q8u_664.cif	2.95
model_1q8u_668.cif	7.62
model_1q8u_669.cif	4.92
model_1q8u_672.cif	4.60
model_1q8u_678.cif	8.33
model_1q8u_688.cif	2.13
model_1q8u_693.cif	6.27
model_1q8u_701.cif	0.97
model_1q8u_702.cif	0.97
model_1q8u_704.cif	6.19
model_1q8u_726.cif	5.09
model_1q8u_728.cif	5.76
model_1q8u_732.cif	7.77
model_1q8u_734.cif	4.19
model_1q8u_735.cif	5.05
model_1q8u_739.cif	5.28
model_1q8u_741.cif	7.30
model_1q8u_747.cif	5.70
model_1q8u_748.cif	8.76
model_1q8u_757.cif	2.38
model_1q8u_76.cif	7.68
model_1q8u_777.cif	5.91
model_1q8u_782.cif	4.95
model_1q8u_790.cif	3.16
model_1q8u_796.cif	0.54
model_1q8u_8.cif	2.78
model_1q8u_822.cif	4.59
model_1q8u_866.cif	6.97
model_1q8u_875.cif	6.74
model_1q8u_886.cif	8.94
model_1q8u_891.cif	6.60
model_1q8u_901.cif	0.63
model_1q8u_902.cif	0.69
model_1q8u_904.cif	0.98
model_1q8u_909.cif	0.70
model_1q8u_91.cif	5.02
model_1q8u_913.cif	1.57
model_1q8u_923.cif	6.69
model_1q8u_975.cif	8.19
model_1q8u_ligand.cif	0.00
model_1qf1_10.cif	8.77
model_1qf1_104.cif	9.91
model_1qf1_118.cif	9.61
model_1qf1_127.cif	6.45
model_1qf1_132.cif	5.29
model_1qf1_141.cif	2.67
model_1qf1_144.cif	0.99
model_1qf1_148.cif	7.82
model_1qf1_151.cif	8.49
model_1qf1_161.cif	9.66
model_1qf1_163.cif	7.12
model_1qf1_188.cif	9.25
model_1qf1_189.cif	6.36
model_1qf1_195.cif	7.35
model_1qf1_198.cif	0.99
model_1qf1_200.cif	9.83
model_1qf1_232.cif	1.93
model_1qf1_244.cif	4.96
model_1qf1_27.cif	6.75
model_1qf1_29.cif	1.90
model_1qf1_30.cif	5.22
model_1qf1_301.cif	3.04
model_1qf1_310.cif	8.65
model_1qf1_314.cif	9.27
model_1qf1_322.cif	9.37
model_1qf1_337.cif	8.55
model_1qf1_345.cif	1.09
model_1qf1_351.cif	8.59
model_1qf1_36.cif	6.02
model_1qf1_370.cif	5.40
model_1qf1_375.cif	6.99
model_1qf1_377.cif	7.98
model_1qf1_380.cif	9.73
model_1qf1_382.cif	9.14
model_1qf1_383.cif	1.06
model_1qf1_385.cif	8.70
model_1qf1_386.cif	8.64
model_1qf1_389.cif	1.15
model_1qf1_397.cif	0.95
model_1qf1_399.cif	8.56
model_1qf1_409.cif	5.86
model_1qf1_419.cif	2.46
model_1qf1_421.cif	3.56
model_1qf1_424.cif	4.33
model_1qf1_425.cif	3.80
model_1qf1_434.cif	3.96
model_1qf1_436.cif	2.37
model_1qf1_438.cif	4.57
model_1qf1_441.cif	4.92
model_1qf1_448.cif	3.67
model_1qf1_450.cif	2.52
model_1qf1_466.cif	4.44
model_1qf1_47.cif	7.20
model_1qf1_470.cif	2.72
model_1qf1_482.cif	5.59
model_1qf1_483.cif	4.39
model_1qf1_486.cif	3.07
model_1qf1_488.cif	3.95
model_1qf1_490.cif	2.58
model_1qf1_5.cif	7.58
model_1qf1_500.cif	6.09
model_1qf1_507.cif	8.60
model_1qf1_524.cif	4.57
model_1qf1_536.cif	3.87
model_1qf1_565.cif	2.10
model_1qf1_569.cif	7.29
model_1qf1_583.cif	5.92
model_1qf1_584.cif	3.83
model_1qf1_589.cif	5.88
model_1qf1_591.cif	6.58
model_1qf1_594.cif	6.66
model_1qf1_603.cif	4.42
model_1qf1_610.cif	6.02
model_1qf1_63.cif	6.60
model_1qf1_640.cif	7.95
model_1qf1_648.cif	5.10
model_1qf1_65.cif	9.09
model_1qf1_658.cif	5.16
model_1qf1_668.cif	7.15
model_1qf1_679.cif	8.94
model_1qf1_68.cif	1.48
model_1qf1_683.cif	4.86
model_1qf1_69.cif	2.13
model_1qf1_727.cif	0.56
model_1qf1_728.cif	0.99
model_1qf1_734.cif	1.38
model_1qf1_740.cif	1.51
model_1qf1_741.cif	1.49
model_1qf1_746.cif	0.89
model_1qf1_76.cif	7.70
model_1qf1_761.cif	1.39
model_1qf1_763.cif	4.27
model_1qf1_773.cif	5.87
model_1qf1_791.cif	0.92
model_1qf1_814.cif	0.64
model_1qf1_855.cif	2.47
model_1qf1_862.cif	0.98
model_1qf1_895.cif	0.44
model_1qf1_938.cif	2.81
model_1qf1_943.cif	3.90
model_1qf1_ligand.cif	0.00
model_1qkt_119.cif	0.64
model_1qkt_132.cif	1.20
model_1qkt_144.cif	1.23
model_1qkt_150.cif	0.92
model_1qkt_31.cif	0.78
model_1qkt_404.cif	1.17
model_1qkt_486.cif	1.56
model_1qkt_500.cif	4.56
model_1qkt_549.cif	4.51
model_1qkt_55.cif	0.70
model_1qkt_557.cif	2.22
model_1qkt_594.cif	2.37
model_1qkt_598.cif	4.88
model_1qkt_608.cif	2.18
model_1qkt_636.cif	2.12
model_1qkt_640.cif	1.96
model_1qkt_642.cif	6.28
model_1qkt_647.cif	6.00
model_1qkt_655.cif	5.81
model_1qkt_661.cif	2.42
model_1qkt_666.cif	2.21
model_1qkt_674.cif	2.06
model_1qkt_698.cif	2.19
model_1qkt_714.cif	0.57
model_1qkt_718.cif	0.58
model_1qkt_728.cif	0.78
model_1qkt_734.cif	5.05
model_1qkt_735.cif	3.01
model_1qkt_736.cif	5.12
model_1qkt_737.cif	5.07
model_1qkt_738.cif	3.01
model_1qkt_740.cif	5.11
model_1qkt_742.cif	5.00
model_1qkt_744.cif	3.01
model_1qkt_746.cif	3.30
model_1qkt_750.cif	4.63
model_1qkt_751.cif	3.39
model_1qkt_752.cif	1.51
model_1qkt_758.cif	3.88
model_1qkt_762.cif	3.81
model_1qkt_765.cif	4.51
model_1qkt_766.cif	4.54
model_1qkt_770.cif	1.64
model_1qkt_774.cif	4.09
model_1qkt_775.cif	4.59
model_1qkt_776.cif	2.15
model_1qkt_826.cif	0.81
model_1qkt_834.cif	0.64
model_1qkt_842.cif	1.79
model_1qkt_848.cif	5.14
model_1qkt_851.cif	5.17
model_1qkt_855.cif	3.02
model_1qkt_858.cif	5.05
model_1qkt_86.cif	0.47
model_1qkt_860.cif	3.03
model_1qkt_862.cif	4.53
model_1qkt_866.cif	2.99
model_1qkt_867.cif	5.67
model_1qkt_873.cif	1.53
model_1qkt_875.cif	3.04
model_1qkt_977.cif	1.03
model_1qkt_ligand.cif	0.00
model_1r5y_113.cif	0.44
model_1r5y_118.cif	5.20
model_1r5y_167.cif	0.16
model_1r5y_179.cif	3.01
model_1r5y_180.cif	0.67
model_1r5y_181.cif	0.61
model_1r5y_197.cif	3.34
model_1r5y_270.cif	0.34
model_1r5y_317.cif	1.57
model_1r5y_322.cif	0.76
model_1r5y_324.cif	3.51
model_1r5y_341.cif	0.31
model_1r5y_397.cif	4.27
model_1r5y_402.cif	0.62
model_1r5y_405.cif	1.76
model_1r5y_409.cif	2.71
model_1r5y_412.cif	3.61
model_1r5y_416.cif	1.19
model_1r5y_423.cif	1.08
model_1r5y_425.cif	1.37
model_1r5y_426.cif	2.90
model_1r5y_432.cif	2.88
model_1r5y_434.cif	3.03
model_1r5y_441.cif	3.01
model_1r5y_443.cif	4.22
model_1r5y_445.cif	1.32
model_1r5y_452.cif	1.29
model_1r5y_453.cif	0.91
model_1r5y_464.cif	3.82
model_1r5y_469.cif	2.76
model_1r5y_477.cif	1.40
model_1r5y_480.cif	1.07
model_1r5y_496.cif	1.08
model_1r5y_497.cif	3.32
model_1r5y_498.cif	2.40
model_1r5y_524.cif	7.29
model_1r5y_537.cif	5.71
model_1r5y_538.cif	5.57
model_1r5y_540.cif	2.80
model_1r5y_541.cif	8.05
model_1r5y_542.cif	5.04
model_1r5y_545.cif	3.01
model_1r5y_547.cif	4.07
model_1r5y_553.cif	7.75
model_1r5y_562.cif	7.51
model_1r5y_566.cif	6.42
model_1r5y_568.cif	7.96
model_1r5y_571.cif	8.14
model_1r5y_579.cif	5.40
model_1r5y_583.cif	5.96
model_1r5y_584.cif	6.81
model_1r5y_591.cif	2.87
model_1r5y_592.cif	6.28
model_1r5y_595.cif	5.19
model_1r5y_599.cif	3.16
model_1r5y_616.cif	2.57
model_1r5y_639.cif	4.24
model_1r5y_641.cif	2.92
model_1r5y_686.cif	4.89
model_1r5y_691.cif	4.92
model_1r5y_694.cif	4.36
model_1r5y_727.cif	6.86
model_1r5y_732.cif	8.15
model_1r5y_733.cif	8.17
model_1r5y_735.cif	8.30
model_1r5y_745.cif	8.17
model_1r5y_746.cif	5.63
model_1r5y_751.cif	6.28
model_1r5y_755.cif	5.82
model_1r5y_759.cif	6.57
model_1r5y_762.cif	8.07
model_1r5y_763.cif	7.75
model_1r5y_766.cif	7.85
model_1r5y_767.cif	7.07
model_1r5y_770.cif	7.84
model_1r5y_776.cif	7.36
model_1r5y_777.cif	5.71
model_1r5y_780.cif	8.96
model_1r5y_782.cif	8.59
model_1r5y_783.cif	8.51
model_1r5y_785.cif	9.65
model_1r5y_786.cif	9.16
model_1r5y_787.cif	9.34
model_1r5y_791.cif	4.29
model_1r5y_820.cif	2.28
model_1r5y_853.cif	4.88
model_1r5y_868.cif	7.13
model_1r5y_870.cif	6.20
model_1r5y_883.cif	6.56
model_1r5y_887.cif	6.79
model_1r5y_90.cif	0.48
model_1r5y_928.cif	4.08
model_1r5y_987.cif	6.39
model_1r5y_ligand.cif	0.00
model_1s38_117.cif	0.19
model_1s38_123.cif	5.36
model_1s38_152.cif	0.35
model_1s38_305.cif	0.47
model_1s38_382.cif	1.53
model_1s38_404.cif	0.86
model_1s38_405.cif	1.18
model_1s38_425.cif	3.26
model_1s38_426.cif	1.53
model_1s38_430.cif	0.88
model_1s38_431.cif	3.75
model_1s38_432.cif	0.84
model_1s38_433.cif	0.71
model_1s38_434.cif	3.68
model_1s38_436.cif	4.11
model_1s38_447.cif	4.22
model_1s38_448.cif	3.30
model_1s38_459.cif	2.66
model_1s38_460.cif	2.71
model_1s38_462.cif	1.91
model_1s38_464.cif	1.02
model_1s38_474.cif	3.00
model_1s38_475.cif	4.67
model_1s38_480.cif	3.06
model_1s38_485.cif	0.99
model_1s38_490.cif	2.58
model_1s38_495.cif	3.09
model_1s38_496.cif	4.14
model_1s38_499.cif	2.21
model_1s38_500.cif	2.73
model_1s38_510.cif	1.36
model_1s38_514.cif	1.46
model_1s38_526.cif	1.24
model_1s38_527.cif	7.10
model_1s38_537.cif	7.10
model_1s38_542.cif	2.09
model_1s38_545.cif	4.22
model_1s38_548.cif	4.86
model_1s38_549.cif	6.72
model_1s38_550.cif	4.92
model_1s38_551.cif	6.27
model_1s38_552.cif	6.73
model_1s38_553.cif	1.66
model_1s38_557.cif	5.21
model_1s38_565.cif	6.02
model_1s38_568.cif	6.44
model_1s38_572.cif	5.96
model_1s38_576.cif	6.44
model_1s38_583.cif	6.37
model_1s38_584.cif	7.71
model_1s38_588.cif	6.31
model_1s38_590.cif	5.21
model_1s38_591.cif	3.29
model_1s38_592.cif	7.46
model_1s38_593.cif	5.63
model_1s38_594.cif	5.14
model_1s38_596.cif	6.63
model_1s38_598.cif	5.77
model_1s38_600.cif	6.45
model_1s38_614.cif	4.24
model_1s38_628.cif	2.00
model_1s38_653.cif	2.40
model_1s38_658.cif	4.85
model_1s38_659.cif	2.64
model_1s38_675.cif	3.24
model_1s38_678.cif	2.48
model_1s38_688.cif	5.19
model_1s38_714.cif	9.14
model_1s38_715.cif	9.12
model_1s38_725.cif	9.27
model_1s38_730.cif	9.35
model_1s38_741.cif	8.88
model_1s38_75.cif	0.30
model_1s38_752.cif	8.34
model_1s38_765.cif	7.58
model_1s38_774.cif	8.34
model_1s38_779.cif	7.78
model_1s38_785.cif	7.24
model_1s38_787.cif	5.57
model_1s38_790.cif	8.37
model_1s38_792.cif	3.09
model_1s38_793.cif	5.00
model_1s38_795.cif	3.60
model_1s38_82.cif	0.42
model_1s38_822.cif	9.17
model_1s38_845.cif	9.20
model_1s38_850.cif	8.74
model_1s38_853.cif	8.89
model_1s38_871.cif	8.15
model_1s38_886.cif	5.74
model_1s38_888.cif	8.40
model_1s38_893.cif	7.77
model_1s38_940.cif	9.15
model_1s38_942.cif	9.14
model_1s38_961.cif	8.72
model_1s38_964.cif	9.37
model_1s38_969.cif	8.88
model_1s38_976.cif	9.28
model_1s38_981.cif	7.94
model_1s38_985.cif	7.17
model_1s38_ligand.cif	0.00
model_1sqa_120.cif	1.88
model_1sqa_145.cif	7.30
model_1sqa_177.cif	1.07
model_1sqa_20.cif	2.25
model_1sqa_238.cif	4.20
model_1sqa_258.cif	1.92
model_1sqa_322.cif	0.79
model_1sqa_357.cif	0.62
model_1sqa_366.cif	0.83
model_1sqa_411.cif	3.70
model_1sqa_415.cif	2.94
model_1sqa_418.cif	7.43
model_1sqa_425.cif	2.77
model_1sqa_426.cif	4.02
model_1sqa_427.cif	2.33
model_1sqa_430.cif	7.17
model_1sqa_433.cif	1.25
model_1sqa_436.cif	2.14
model_1sqa_442.cif	8.10
model_1sqa_445.cif	2.11
model_1sqa_448.cif	0.88
model_1sqa_449.cif	4.05
model_1sqa_458.cif	5.56
model_1sqa_473.cif	5.81
model_1sqa_474.cif	6.24
model_1sqa_475.cif	6.78
model_1sqa_476.cif	3.39
model_1sqa_479.cif	3.21
model_1sqa_481.cif	4.58
model_1sqa_486.cif	5.91
model_1sqa_490.cif	7.12
model_1sqa_496.cif	1.77
model_1sqa_499.cif	3.06
model_1sqa_517.cif	4.95
model_1sqa_524.cif	3.10
model_1sqa_526.cif	3.79
model_1sqa_530.cif	6.01
model_1sqa_531.cif	7.31
model_1sqa_532.cif	5.09
model_1sqa_537.cif	1.98
model_1sqa_539.cif	8.34
model_1sqa_543.cif	2.70
model_1sqa_547.cif	5.39
model_1sqa_548.cif	4.80
model_1sqa_549.cif	3.63
model_1sqa_556.cif	5.23
model_1sqa_557.cif	5.13
model_1sqa_560.cif	1.87
model_1sqa_573.cif	5.65
model_1sqa_575.cif	6.22
model_1sqa_581.cif	4.30
model_1sqa_588.cif	4.55
model_1sqa_589.cif	1.49
model_1sqa_597.cif	5.90
model_1sqa_610.cif	1.74
model_1sqa_620.cif	8.06
model_1sqa_635.cif	2.15
model_1sqa_637.cif	8.18
model_1sqa_638.cif	2.81
model_1sqa_643.cif	6.80
model_1sqa_644.cif	6.99
model_1sqa_650.cif	3.72
model_1sqa_654.cif	3.33
model_1sqa_662.cif	8.47
model_1sqa_668.cif	9.16
model_1sqa_669.cif	8.04
model_1sqa_672.cif	6.82
model_1sqa_679.cif	4.61
model_1sqa_682.cif	5.49
model_1sqa_687.cif	6.84
model_1sqa_692.cif	1.35
model_1sqa_693.cif	7.31
model_1sqa_696.cif	7.65
model_1sqa_747.cif	0.72
model_1sqa_761.cif	0.95
model_1sqa_776.cif	0.65
model_1sqa_787.cif	0.64
model_1sqa_788.cif	0.94
model_1sqa_789.cif	0.77
model_1sqa_808.cif	7.59
model_1sqa_819.cif	6.98
model_1sqa_827.cif	2.06
model_1sqa_836.cif	6.03
model_1sqa_839.cif	9.55
model_1sqa_845.cif	8.76
model_1sqa_849.cif	8.00
model_1sqa_854.cif	8.32
model_1sqa_857.cif	4.78
model_1sqa_860.cif	9.01
model_1sqa_867.cif	7.10
model_1sqa_870.cif	8.30
model_1sqa_88.cif	3.64
model_1sqa_ligand.cif	0.00
model_1syi_162.cif	0.31
model_1syi_234.cif	0.38
model_1syi_259.cif	0.63
model_1syi_353.cif	0.21
model_1syi_402.cif	0.70
model_1syi_411.cif	0.89
model_1syi_418.cif	2.61
model_1syi_423.cif	0.90
model_1syi_424.cif	4.49
model_1syi_425.cif	3.04
model_1syi_426.cif	4.52
model_1syi_433.cif	0.91
model_1syi_444.cif	1.26
model_1syi_448.cif	1.48
model_1syi_454.cif	3.66
model_1syi_457.cif	0.98
model_1syi_465.cif	0.92
model_1syi_476.cif	2.81
model_1syi_489.cif	3.58
model_1syi_495.cif	3.88
model_1syi_540.cif	1.93
model_1syi_545.cif	4.08
model_1syi_554.cif	3.20
model_1syi_559.cif	4.09
model_1syi_560.cif	2.74
model_1syi_562.cif	2.69
model_1syi_570.cif	1.71
model_1syi_571.cif	3.96
model_1syi_573.cif	2.24
model_1syi_577.cif	4.05
model_1syi_580.cif	1.56
model_1syi_598.cif	3.86
model_1syi_618.cif	1.95
model_1syi_619.cif	3.11
model_1syi_637.cif	2.83
model_1syi_659.cif	1.90
model_1syi_660.cif	2.03
model_1syi_667.cif	1.47
model_1syi_675.cif	3.15
model_1syi_683.cif	2.38
model_1syi_685.cif	4.35
model_1syi_725.cif	1.51
model_1syi_733.cif	3.79
model_1syi_736.cif	4.14
model_1syi_740.cif	2.89
model_1syi_763.cif	4.12
model_1syi_777.cif	4.29
model_1syi_788.cif	4.09
model_1syi_793.cif	2.40
model_1syi_795.cif	1.98
model_1syi_ligand.cif	0.00
model_1u1b_124.cif	8.34
model_1u1b_149.cif	6.53
model_1u1b_150.cif	6.52
model_1u1b_154.cif	8.02
model_1u1b_155.cif	9.86
model_1u1b_157.cif	7.20
model_1u1b_160.cif	9.62
model_1u1b_166.cif	7.93
model_1u1b_171.cif	9.63
model_1u1b_172.cif	5.20
model_1u1b_176.cif	7.71
model_1u1b_18.cif	8.26
model_1u1b_183.cif	8.60
model_1u1b_191.cif	9.58
model_1u1b_195.cif	4.29
model_1u1b_196.cif	6.93
model_1u1b_198.cif	6.30
model_1u1b_2.cif	2.80
model_1u1b_21.cif	9.03
model_1u1b_214.cif	2.42
model_1u1b_220.cif	9.26
model_1u1b_224.cif	7.72
model_1u1b_232.cif	4.24
model_1u1b_237.cif	6.89
model_1u1b_24.cif	5.47
model_1u1b_255.cif	8.89
model_1u1b_256.cif	6.62
model_1u1b_258.cif	2.45
model_1u1b_26.cif	2.85
model_1u1b_260.cif	5.04
model_1u1b_263.cif	9.13
model_1u1b_27.cif	5.98
model_1u1b_275.cif	3.33
model_1u1b_277.cif	7.85
model_1u1b_28.cif	8.79
model_1u1b_295.cif	3.78
model_1u1b_298.cif	3.18
model_1u1b_3.cif	5.81
model_1u1b_30.cif	3.39
model_1u1b_330.cif	9.73
model_1u1b_331.cif	7.86
model_1u1b_340.cif	7.28
model_1u1b_351.cif	6.20
model_1u1b_356.cif	3.81
model_1u1b_385.cif	8.26
model_1u1b_388.cif	6.96
model_1u1b_390.cif	9.79
model_1u1b_40.cif	7.98
model_1u1b_430.cif	4.20
model_1u1b_432.cif	5.69
model_1u1b_435.cif	5.56
model_1u1b_444.cif	3.89
model_1u1b_468.cif	3.36
model_1u1b_491.cif	4.95
model_1u1b_494.cif	5.02
model_1u1b_496.cif	7.11
model_1u1b_50.cif	8.14
model_1u1b_507.cif	4.50
model_1u1b_55.cif	6.19
model_1u1b_553.cif	3.66
model_1u1b_558.cif	2.34
model_1u1b_569.cif	9.02
model_1u1b_571.cif	4.85
model_1u1b_578.cif	5.74
model_1u1b_588.cif	8.21
model_1u1b_644.cif	6.46
model_1u1b_658.cif	7.92
model_1u1b_678.cif	5.60
model_1u1b_694.cif	4.60
model_1u1b_765.cif	1.82
model_1u1b_768.cif	2.20
model_1u1b_769.cif	4.68
model_1u1b_79.cif	2.80
model_1u1b_8.cif	3.69
model_1u1b_826.cif	2.53
model_1u1b_834.cif	2.65
model_1u1b_86.cif	8.21
model_1u1b_919.cif	2.04
model_1u1b_929.cif	1.97
model_1u1b_933.cif	4.94
model_1u1b_95.cif	3.29
model_1u1b_97.cif	4.02
model_1u1b_ligand.cif	0.00
model_1uto_10.cif	3.15
model_1uto_203.cif	1.76
model_1uto_24.cif	1.49
model_1uto_290.cif	2.23
model_1uto_36.cif	3.57
model_1uto_414.cif	4.25
model_1uto_428.cif	0.71
model_1uto_451.cif	2.06
model_1uto_494.cif	3.09
model_1uto_495.cif	2.18
model_1uto_521.cif	2.91
model_1uto_547.cif	2.19
model_1uto_549.cif	1.90
model_1uto_563.cif	3.21
model_1uto_564.cif	3.10
model_1uto_569.cif	2.78
model_1uto_577.cif	2.56
model_1uto_580.cif	2.55
model_1uto_593.cif	1.85
model_1uto_594.cif	3.07
model_1uto_640.cif	1.46
model_1uto_686.cif	1.72
model_1uto_688.cif	2.64
model_1uto_698.cif	3.36
model_1uto_738.cif	3.42
model_1uto_743.cif	1.48
model_1uto_752.cif	5.75
model_1uto_757.cif	5.77
model_1uto_762.cif	4.38
model_1uto_765.cif	5.67
model_1uto_768.cif	5.59
model_1uto_770.cif	5.48
model_1uto_772.cif	5.54
model_1uto_774.cif	3.99
model_1uto_775.cif	5.47
model_1uto_777.cif	4.03
model_1uto_783.cif	5.34
model_1uto_784.cif	4.49
model_1uto_785.cif	5.00
model_1uto_786.cif	4.42
model_1uto_789.cif	2.46
model_1uto_790.cif	5.03
model_1uto_791.cif	5.47
model_1uto_792.cif	4.24
model_1uto_823.cif	4.05
model_1uto_826.cif	0.77
model_1uto_834.cif	0.67
model_1uto_837.cif	0.72
model_1uto_841.cif	0.74
model_1uto_877.cif	4.72
model_1uto_878.cif	1.93
model_1uto_885.cif	4.02
model_1uto_887.cif	3.43
model_1uto_918.cif	1.59
model_1uto_962.cif	0.74
model_1uto_965.cif	0.68
model_1uto_966.cif	0.91
model_1uto_971.cif	1.80
model_1uto_972.cif	0.70
model_1uto_991.cif	0.81
model_1uto_ligand.cif	0.00
model_1vso_115.cif	0.67
model_1vso_174.cif	1.07
model_1vso_198.cif	0.58
model_1vso_214.cif	1.10
model_1vso_219.cif	2.88
model_1vso_243.cif	0.30
model_1vso_254.cif	0.99
model_1vso_273.cif	0.96
model_1vso_301.cif	0.60
model_1vso_310.cif	0.84
model_1vso_358.cif	1.65
model_1vso_363.cif	1.00
model_1vso_378.cif	1.24
model_1vso_379.cif	3.50
model_1vso_392.cif	1.29
model_1vso_401.cif	2.14
model_1vso_407.cif	3.53
model_1vso_424.cif	1.92
model_1vso_433.cif	3.05
model_1vso_436.cif	2.93
model_1vso_439.cif	2.24
model_1vso_444.cif	4.43
model_1vso_445.cif	6.19
model_1vso_449.cif	2.28
model_1vso_461.cif	6.16
model_1vso_470.cif	3.04
model_1vso_487.cif	2.75
model_1vso_493.cif	4.80
model_1vso_494.cif	4.18
model_1vso_496.cif	6.20
model_1vso_497.cif	4.67
model_1vso_501.cif	2.34
model_1vso_516.cif	3.87
model_1vso_522.cif	6.81
model_1vso_545.cif	3.94
model_1vso_547.cif	6.17
model_1vso_549.cif	5.22
model_1vso_557.cif	5.30
model_1vso_558.cif	5.66
model_1vso_571.cif	4.36
model_1vso_573.cif	5.83
model_1vso_575.cif	2.90
model_1vso_577.cif	4.66
model_1vso_579.cif	6.50
model_1vso_580.cif	7.11
model_1vso_581.cif	3.25
model_1vso_585.cif	6.29
model_1vso_596.cif	3.62
model_1vso_597.cif	4.40
model_1vso_609.cif	4.41
model_1vso_617.cif	5.58
model_1vso_618.cif	2.80
model_1vso_624.cif	3.39
model_1vso_630.cif	5.68
model_1vso_631.cif	5.59
model_1vso_636.cif	5.06
model_1vso_642.cif	7.00
model_1vso_644.cif	3.03
model_1vso_677.cif	5.88
model_1vso_685.cif	6.39
model_1vso_732.cif	4.22
model_1vso_74.cif	0.67
model_1vso_753.cif	6.59
model_1vso_838.cif	4.53
model_1vso_840.cif	5.20
model_1vso_850.cif	1.49
model_1vso_910.cif	0.76
model_1vso_954.cif	1.57
model_1vso_957.cif	2.41
model_1vso_963.cif	1.99
model_1vso_978.cif	1.35
model_1vso_ligand.cif	0.00
model_1w4o_101.cif	6.92
model_1w4o_119.cif	3.59
model_1w4o_170.cif	6.59
model_1w4o_178.cif	7.64
model_1w4o_194.cif	3.05
model_1w4o_200.cif	6.98
model_1w4o_246.cif	0.91
model_1w4o_273.cif	0.68
model_1w4o_274.cif	0.82
model_1w4o_3.cif	1.10
model_1w4o_307.cif	7.24
model_1w4o_313.cif	0.81
model_1w4o_330.cif	0.91
model_1w4o_338.cif	7.27
model_1w4o_339.cif	0.76
model_1w4o_353.cif	7.48
model_1w4o_367.cif	0.69
model_1w4o_371.cif	5.61
model_1w4o_376.cif	0.67
model_1w4o_391.cif	0.95
model_1w4o_401.cif	3.12
model_1w4o_405.cif	5.97
model_1w4o_410.cif	3.58
model_1w4o_413.cif	3.39
model_1w4o_415.cif	2.98
model_1w4o_424.cif	4.32
model_1w4o_426.cif	7.28
model_1w4o_435.cif	2.09
model_1w4o_438.cif	3.75
model_1w4o_450.cif	2.34
model_1w4o_456.cif	2.90
model_1w4o_480.cif	3.40
model_1w4o_498.cif	5.73
model_1w4o_509.cif	5.29
model_1w4o_521.cif	1.39
model_1w4o_532.cif	7.27
model_1w4o_541.cif	4.38
model_1w4o_542.cif	2.02
model_1w4o_549.cif	4.92
model_1w4o_550.cif	6.58
model_1w4o_572.cif	7.51
model_1w4o_573.cif	7.31
model_1w4o_585.cif	6.03
model_1w4o_596.cif	5.88
model_1w4o_597.cif	1.64
model_1w4o_602.cif	2.41
model_1w4o_606.cif	1.93
model_1w4o_642.cif	4.05
model_1w4o_655.cif	7.80
model_1w4o_658.cif	7.04
model_1w4o_666.cif	6.17
model_1w4o_675.cif	2.36
model_1w4o_679.cif	5.51
model_1w4o_692.cif	4.75
model_1w4o_704.cif	1.79
model_1w4o_741.cif	6.04
model_1w4o_746.cif	5.78
model_1w4o_747.cif	5.95
model_1w4o_748.cif	4.71
model_1w4o_749.cif	2.05
model_1w4o_751.cif	2.54
model_1w4o_752.cif	4.59
model_1w4o_754.cif	3.92
model_1w4o_757.cif	1.67
model_1w4o_761.cif	1.02
model_1w4o_762.cif	6.50
model_1w4o_788.cif	4.11
model_1w4o_804.cif	2.48
model_1w4o_827.cif	6.03
model_1w4o_829.cif	9.39
model_1w4o_833.cif	1.63
model_1w4o_841.cif	8.23
model_1w4o_844.cif	6.38
model_1w4o_846.cif	8.58
model_1w4o_851.cif	4.23
model_1w4o_854.cif	3.03
model_1w4o_856.cif	5.22
model_1w4o_859.cif	5.37
model_1w4o_870.cif	1.07
model_1w4o_917.cif	1.47
model_1w4o_928.cif	0.60
model_1w4o_940.cif	4.01
model_1w4o_960.cif	3.85
model_1w4o_ligand.cif	0.00
model_1y6r_232.cif	0.46
model_1y6r_288.cif	0.72
model_1y6r_405.cif	5.33
model_1y6r_406.cif	2.64
model_1y6r_413.cif	5.54
model_1y6r_419.cif	5.13
model_1y6r_424.cif	3.00
model_1y6r_429.cif	1.88
model_1y6r_430.cif	3.02
model_1y6r_434.cif	2.08
model_1y6r_438.cif	5.19
model_1y6r_440.cif	1.91
model_1y6r_445.cif	3.10
model_1y6r_450.cif	3.45
model_1y6r_455.cif	2.17
model_1y6r_457.cif	5.40
model_1y6r_463.cif	5.49
model_1y6r_473.cif	1.83
model_1y6r_476.cif	2.32
model_1y6r_480.cif	2.34
model_1y6r_481.cif	1.46
model_1y6r_482.cif	5.13
model_1y6r_484.cif	4.96
model_1y6r_496.cif	2.70
model_1y6r_510.cif	2.13
model_1y6r_535.cif	1.45
model_1y6r_551.cif	6.16
model_1y6r_570.cif	1.34
model_1y6r_572.cif	2.25
model_1y6r_575.cif	4.90
model_1y6r_579.cif	1.32
model_1y6r_595.cif	2.51
model_1y6r_603.cif	4.89
model_1y6r_604.cif	4.86
model_1y6r_613.cif	4.85
model_1y6r_645.cif	1.39
model_1y6r_650.cif	5.24
model_1y6r_652.cif	5.21
model_1y6r_655.cif	1.57
model_1y6r_656.cif	4.56
model_1y6r_657.cif	4.86
model_1y6r_661.cif	5.29
model_1y6r_666.cif	6.03
model_1y6r_678.cif	4.91
model_1y6r_694.cif	4.99
model_1y6r_696.cif	6.33
model_1y6r_698.cif	4.64
model_1y6r_734.cif	1.13
model_1y6r_806.cif	0.60
model_1y6r_808.cif	0.57
model_1y6r_809.cif	0.67
model_1y6r_819.cif	0.37
model_1y6r_858.cif	0.78
model_1y6r_925.cif	0.88
model_1y6r_947.cif	0.54
model_1y6r_968.cif	0.60
model_1y6r_ligand.cif	0.00
model_1yc1_130.cif	1.07
model_1yc1_134.cif	1.08
model_1yc1_14.cif	3.75
model_1yc1_159.cif	0.31
model_1yc1_196.cif	0.84
model_1yc1_199.cif	0.59
model_1yc1_205.cif	0.51
model_1yc1_214.cif	1.24
model_1yc1_220.cif	1.05
model_1yc1_246.cif	0.96
model_1yc1_254.cif	2.56
model_1yc1_281.cif	1.07
model_1yc1_289.cif	0.84
model_1yc1_29.cif	1.00
model_1yc1_293.cif	0.79
model_1yc1_296.cif	2.03
model_1yc1_314.cif	3.13
model_1yc1_352.cif	0.95
model_1yc1_376.cif	4.25
model_1yc1_38.cif	0.59
model_1yc1_401.cif	6.14
model_1yc1_403.cif	3.47
model_1yc1_407.cif	2.67
model_1yc1_412.cif	5.12
model_1yc1_413.cif	4.13
model_1yc1_415.cif	3.40
model_1yc1_421.cif	4.52
model_1yc1_428.cif	3.68
model_1yc1_429.cif	3.08
model_1yc1_431.cif	2.40
model_1yc1_437.cif	4.69
model_1yc1_440.cif	5.66
model_1yc1_441.cif	4.78
model_1yc1_447.cif	2.91
model_1yc1_471.cif	2.94
model_1yc1_480.cif	2.57
model_1yc1_483.cif	2.90
model_1yc1_485.cif	5.82
model_1yc1_486.cif	5.22
model_1yc1_487.cif	1.28
model_1yc1_492.cif	3.81
model_1yc1_496.cif	5.67
model_1yc1_5.cif	1.17
model_1yc1_512.cif	7.14
model_1yc1_516.cif	7.63
model_1yc1_521.cif	6.69
model_1yc1_523.cif	4.68
model_1yc1_528.cif	7.19
model_1yc1_536.cif	6.24
model_1yc1_542.cif	7.04
model_1yc1_546.cif	7.69
model_1yc1_549.cif	6.13
model_1yc1_557.cif	8.29
model_1yc1_564.cif	4.00
model_1yc1_570.cif	4.81
model_1yc1_573.cif	4.51
model_1yc1_581.cif	5.51
model_1yc1_582.cif	7.41
model_1yc1_584.cif	7.53
model_1yc1_610.cif	4.89
model_1yc1_612.cif	5.06
model_1yc1_616.cif	5.50
model_1yc1_622.cif	5.89
model_1yc1_630.cif	1.99
model_1yc1_634.cif	6.13
model_1yc1_635.cif	6.58
model_1yc1_636.cif	7.77
model_1yc1_642.cif	6.25
model_1yc1_644.cif	3.66
model_1yc1_653.cif	4.87
model_1yc1_663.cif	6.10
model_1yc1_680.cif	5.16
model_1yc1_684.cif	1.61
model_1yc1_687.cif	6.41
model_1yc1_688.cif	6.80
model_1yc1_689.cif	3.57
model_1yc1_691.cif	2.20
model_1yc1_700.cif	7.97
model_1yc1_765.cif	1.55
model_1yc1_784.cif	2.98
model_1yc1_ligand.cif	0.00
model_1ydr_100.cif	2.43
model_1ydr_11.cif	8.94
model_1ydr_13.cif	2.54
model_1ydr_132.cif	1.97
model_1ydr_136.cif	3.32
model_1ydr_164.cif	0.83
model_1ydr_18.cif	1.89
model_1ydr_204.cif	2.96
model_1ydr_214.cif	1.58
model_1ydr_240.cif	3.23
model_1ydr_26.cif	0.93
model_1ydr_268.cif	1.49
model_1ydr_291.cif	3.48
model_1ydr_315.cif	2.89
model_1ydr_332.cif	3.03
model_1ydr_348.cif	3.04
model_1ydr_368.cif	6.54
model_1ydr_369.cif	0.95
model_1ydr_4.cif	0.96
model_1ydr_418.cif	2.19
model_1ydr_423.cif	1.30
model_1ydr_430.cif	5.61
model_1ydr_452.cif	1.39
model_1ydr_46.cif	0.88
model_1ydr_464.cif	3.63
model_1ydr_466.cif	2.06
model_1ydr_470.cif	5.74
model_1ydr_482.cif	6.27
model_1ydr_485.cif	4.67
model_1ydr_487.cif	4.74
model_1ydr_490.cif	5.24
model_1ydr_495.cif	6.92
model_1ydr_517.cif	6.58
model_1ydr_518.cif	9.16
model_1ydr_524.cif	7.91
model_1ydr_537.cif	3.40
model_1ydr_541.cif	4.17
model_1ydr_546.cif	7.80
model_1ydr_554.cif	7.03
model_1ydr_557.cif	7.65
model_1ydr_558.cif	8.51
model_1ydr_566.cif	5.96
model_1ydr_570.cif	7.37
model_1ydr_582.cif	8.43
model_1ydr_586.cif	3.27
model_1ydr_587.cif	9.91
model_1ydr_593.cif	9.02
model_1ydr_595.cif	4.93
model_1ydr_599.cif	8.09
model_1ydr_609.cif	9.74
model_1ydr_613.cif	8.51
model_1ydr_614.cif	9.25
model_1ydr_615.cif	4.61
model_1ydr_616.cif	5.04
model_1ydr_622.cif	9.22
model_1ydr_626.cif	6.33
model_1ydr_629.cif	8.57
model_1ydr_63.cif	0.92
model_1ydr_636.cif	9.36
model_1ydr_641.cif	6.81
model_1ydr_646.cif	6.46
model_1ydr_648.cif	9.24
model_1ydr_649.cif	7.97
model_1ydr_651.cif	8.41
model_1ydr_659.cif	9.35
model_1ydr_689.cif	7.32
model_1ydr_69.cif	2.91
model_1ydr_693.cif	1.93
model_1ydr_697.cif	8.23
model_1ydr_701.cif	0.98
model_1ydr_715.cif	7.09
model_1ydr_723.cif	4.66
model_1ydr_726.cif	3.85
model_1ydr_739.cif	4.01
model_1ydr_741.cif	1.80
model_1ydr_746.cif	9.57
model_1ydr_754.cif	2.00
model_1ydr_759.cif	4.46
model_1ydr_761.cif	8.16
model_1ydr_771.cif	4.86
model_1ydr_775.cif	4.72
model_1ydr_779.cif	5.28
model_1ydr_78.cif	3.33
model_1ydr_784.cif	5.78
model_1ydr_785.cif	7.06
model_1ydr_786.cif	6.27
model_1ydr_789.cif	5.56
model_1ydr_791.cif	6.38
model_1ydr_80.cif	0.79
model_1ydr_801.cif	1.00
model_1ydr_804.cif	2.34
model_1ydr_824.cif	2.48
model_1ydr_848.cif	5.84
model_1ydr_856.cif	7.54
model_1ydr_858.cif	8.70
model_1ydr_894.cif	5.26
model_1ydr_902.cif	0.91
model_1ydr_934.cif	6.29
model_1ydr_95.cif	1.54
model_1ydr_984.cif	2.19
model_1ydr_ligand.cif	0.00
model_1ydt_1000.cif	2.51
model_1ydt_121.cif	1.00
model_1ydt_204.cif	0.98
model_1ydt_207.cif	1.02
model_1ydt_214.cif	3.38
model_1ydt_215.cif	1.41
model_1ydt_241.cif	1.80
model_1ydt_246.cif	1.47
model_1ydt_251.cif	0.54
model_1ydt_253.cif	4.81
model_1ydt_254.cif	5.73
model_1ydt_260.cif	3.52
model_1ydt_263.cif	2.97
model_1ydt_267.cif	0.93
model_1ydt_271.cif	6.59
model_1ydt_275.cif	3.52
model_1ydt_277.cif	0.68
model_1ydt_278.cif	3.58
model_1ydt_279.cif	0.88
model_1ydt_281.cif	2.99
model_1ydt_283.cif	0.93
model_1ydt_300.cif	5.65
model_1ydt_309.cif	2.83
model_1ydt_324.cif	0.89
model_1ydt_34.cif	3.05
model_1ydt_386.cif	0.73
model_1ydt_40.cif	4.70
model_1ydt_401.cif	5.83
model_1ydt_404.cif	2.82
model_1ydt_408.cif	1.91
model_1ydt_412.cif	5.37
model_1ydt_417.cif	2.43
model_1ydt_425.cif	4.60
model_1ydt_432.cif	8.52
model_1ydt_446.cif	6.67
model_1ydt_46.cif	3.80
model_1ydt_464.cif	6.30
model_1ydt_47.cif	1.07
model_1ydt_470.cif	7.20
model_1ydt_474.cif	6.10
model_1ydt_483.cif	3.32
model_1ydt_487.cif	3.79
model_1ydt_494.cif	3.08
model_1ydt_495.cif	5.93
model_1ydt_500.cif	7.62
model_1ydt_532.cif	2.44
model_1ydt_538.cif	6.56
model_1ydt_539.cif	7.84
model_1ydt_549.cif	6.40
model_1ydt_556.cif	4.99
model_1ydt_558.cif	4.07
model_1ydt_564.cif	7.15
model_1ydt_576.cif	8.87
model_1ydt_578.cif	4.27
model_1ydt_609.cif	7.05
model_1ydt_625.cif	7.09
model_1ydt_632.cif	5.95
model_1ydt_643.cif	3.20
model_1ydt_644.cif	6.99
model_1ydt_655.cif	8.12
model_1ydt_659.cif	8.54
model_1ydt_677.cif	2.15
model_1ydt_678.cif	5.83
model_1ydt_684.cif	5.53
model_1ydt_694.cif	8.52
model_1ydt_697.cif	8.55
model_1ydt_705.cif	0.85
model_1ydt_709.cif	8.12
model_1ydt_711.cif	1.62
model_1ydt_715.cif	1.75
model_1ydt_730.cif	5.22
model_1ydt_75.cif	4.19
model_1ydt_750.cif	6.77
model_1ydt_766.cif	4.94
model_1ydt_775.cif	7.96
model_1ydt_785.cif	8.02
model_1ydt_787.cif	4.07
model_1ydt_817.cif	1.01
model_1ydt_818.cif	6.50
model_1ydt_832.cif	1.89
model_1ydt_837.cif	6.77
model_1ydt_840.cif	2.47
model_1ydt_882.cif	4.42
model_1ydt_892.cif	8.63
model_1ydt_916.cif	7.76
model_1ydt_918.cif	2.71
model_1ydt_926.cif	5.29
model_1ydt_936.cif	7.71
model_1ydt_953.cif	8.61
model_1ydt_994.cif	7.60
model_1ydt_ligand.cif	0.00
model_1z6e_11.cif	8.99
model_1z6e_117.cif	7.59
model_1z6e_125.cif	9.84
model_1z6e_130.cif	7.63
model_1z6e_136.cif	5.70
model_1z6e_145.cif	0.97
model_1z6e_152.cif	9.97
model_1z6e_159.cif	6.42
model_1z6e_160.cif	0.96
model_1z6e_162.cif	0.95
model_1z6e_184.cif	8.49
model_1z6e_19.cif	9.51
model_1z6e_192.cif	9.06
model_1z6e_200.cif	3.69
model_1z6e_21.cif	2.92
model_1z6e_31.cif	0.84
model_1z6e_310.cif	9.89
model_1z6e_350.cif	0.85
model_1z6e_352.cif	1.61
model_1z6e_354.cif	6.13
model_1z6e_371.cif	0.99
model_1z6e_372.cif	9.04
model_1z6e_384.cif	1.56
model_1z6e_390.cif	9.69
model_1z6e_401.cif	2.46
model_1z6e_403.cif	1.63
model_1z6e_411.cif	1.13
model_1z6e_413.cif	4.61
model_1z6e_423.cif	4.61
model_1z6e_424.cif	2.09
model_1z6e_425.cif	8.38
model_1z6e_427.cif	3.85
model_1z6e_429.cif	2.25
model_1z6e_432.cif	3.25
model_1z6e_441.cif	4.41
model_1z6e_445.cif	8.02
model_1z6e_449.cif	5.99
model_1z6e_455.cif	3.26
model_1z6e_46.cif	9.25
model_1z6e_468.cif	4.74
model_1z6e_470.cif	7.02
model_1z6e_472.cif	3.60
model_1z6e_475.cif	2.73
model_1z6e_480.cif	6.41
model_1z6e_481.cif	4.10
model_1z6e_482.cif	5.95
model_1z6e_486.cif	2.31
model_1z6e_488.cif	3.31
model_1z6e_497.cif	6.88
model_1z6e_522.cif	1.99
model_1z6e_524.cif	6.87
model_1z6e_525.cif	8.81
model_1z6e_527.cif	6.42
model_1z6e_536.cif	5.35
model_1z6e_538.cif	4.27
model_1z6e_55.cif	0.91
model_1z6e_557.cif	3.74
model_1z6e_558.cif	8.13
model_1z6e_564.cif	5.72
model_1z6e_57.cif	7.89
model_1z6e_570.cif	7.10
model_1z6e_572.cif	6.88
model_1z6e_614.cif	4.55
model_1z6e_636.cif	8.29
model_1z6e_64.cif	0.81
model_1z6e_643.cif	3.98
model_1z6e_65.cif	8.63
model_1z6e_663.cif	7.18
model_1z6e_665.cif	7.39
model_1z6e_668.cif	9.69
model_1z6e_680.cif	6.37
model_1z6e_688.cif	5.92
model_1z6e_691.cif	7.63
model_1z6e_694.cif	3.83
model_1z6e_702.cif	0.95
model_1z6e_712.cif	1.22
model_1z6e_722.cif	1.96
model_1z6e_735.cif	4.18
model_1z6e_74.cif	4.86
model_1z6e_748.cif	7.15
model_1z6e_749.cif	5.08
model_1z6e_75.cif	8.68
model_1z6e_754.cif	2.44
model_1z6e_755.cif	7.43
model_1z6e_756.cif	6.35
model_1z6e_757.cif	3.87
model_1z6e_768.cif	8.80
model_1z6e_772.cif	5.35
model_1z6e_773.cif	5.02
model_1z6e_774.cif	4.94
model_1z6e_776.cif	1.86
model_1z6e_779.cif	5.53
model_1z6e_799.cif	1.93
model_1z6e_83.cif	0.96
model_1z6e_843.cif	6.99
model_1z6e_879.cif	2.72
model_1z6e_88.cif	2.37
model_1z6e_97.cif	9.55
model_1z6e_974.cif	2.76
model_1z6e_978.cif	1.10
model_1z6e_ligand.cif	0.00
model_1z95_14.cif	0.69
model_1z95_169.cif	0.45
model_1z95_208.cif	0.62
model_1z95_219.cif	2.41
model_1z95_223.cif	0.63
model_1z95_249.cif	0.96
model_1z95_255.cif	4.93
model_1z95_266.cif	0.66
model_1z95_29.cif	2.08
model_1z95_303.cif	0.38
model_1z95_312.cif	1.95
model_1z95_313.cif	0.57
model_1z95_337.cif	0.51
model_1z95_407.cif	5.84
model_1z95_408.cif	1.92
model_1z95_412.cif	4.72
model_1z95_415.cif	6.44
model_1z95_418.cif	5.33
model_1z95_419.cif	1.82
model_1z95_427.cif	3.35
model_1z95_428.cif	3.15
model_1z95_436.cif	6.49
model_1z95_437.cif	4.04
model_1z95_444.cif	5.79
model_1z95_445.cif	6.16
model_1z95_449.cif	2.48
model_1z95_474.cif	1.50
model_1z95_483.cif	4.43
model_1z95_484.cif	4.92
model_1z95_486.cif	5.01
model_1z95_489.cif	1.89
model_1z95_490.cif	6.15
model_1z95_498.cif	1.90
model_1z95_499.cif	2.90
model_1z95_514.cif	2.56
model_1z95_544.cif	3.90
model_1z95_545.cif	5.33
model_1z95_547.cif	3.39
model_1z95_548.cif	2.79
model_1z95_550.cif	3.10
model_1z95_555.cif	1.64
model_1z95_560.cif	5.86
model_1z95_562.cif	5.96
model_1z95_565.cif	2.79
model_1z95_566.cif	3.60
model_1z95_581.cif	2.06
model_1z95_587.cif	4.00
model_1z95_590.cif	3.50
model_1z95_620.cif	4.63
model_1z95_626.cif	6.08
model_1z95_648.cif	3.18
model_1z95_658.cif	6.23
model_1z95_663.cif	2.08
model_1z95_666.cif	5.19
model_1z95_684.cif	2.92
model_1z95_686.cif	4.10
model_1z95_690.cif	5.93
model_1z95_694.cif	4.77
model_1z95_700.cif	5.95
model_1z95_742.cif	0.89
model_1z95_765.cif	3.87
model_1z95_774.cif	4.03
model_1z95_779.cif	4.33
model_1z95_827.cif	1.13
model_1z95_872.cif	1.20
model_1z95_964.cif	1.73
model_1z95_ligand.cif	0.00
model_1z9g_159.cif	7.60
model_1z9g_219.cif	2.15
model_1z9g_227.cif	5.79
model_1z9g_229.cif	1.89
model_1z9g_236.cif	4.34
model_1z9g_253.cif	7.26
model_1z9g_269.cif	8.33
model_1z9g_285.cif	6.38
model_1z9g_317.cif	8.37
model_1z9g_406.cif	5.03
model_1z9g_421.cif	6.31
model_1z9g_432.cif	3.40
model_1z9g_442.cif	2.84
model_1z9g_453.cif	2.96
model_1z9g_455.cif	2.95
model_1z9g_465.cif	3.14
model_1z9g_468.cif	3.34
model_1z9g_472.cif	2.10
model_1z9g_481.cif	4.17
model_1z9g_484.cif	4.21
model_1z9g_490.cif	2.80
model_1z9g_527.cif	6.17
model_1z9g_551.cif	4.62
model_1z9g_575.cif	6.09
model_1z9g_581.cif	3.92
model_1z9g_582.cif	4.67
model_1z9g_583.cif	5.16
model_1z9g_585.cif	2.83
model_1z9g_588.cif	8.28
model_1z9g_593.cif	5.01
model_1z9g_595.cif	6.56
model_1z9g_596.cif	6.71
model_1z9g_597.cif	5.76
model_1z9g_598.cif	4.72
model_1z9g_608.cif	6.52
model_1z9g_609.cif	4.04
model_1z9g_613.cif	7.57
model_1z9g_618.cif	8.52
model_1z9g_626.cif	7.24
model_1z9g_634.cif	7.20
model_1z9g_638.cif	8.81
model_1z9g_641.cif	8.10
model_1z9g_647.cif	7.13
model_1z9g_651.cif	5.94
model_1z9g_667.cif	9.09
model_1z9g_678.cif	8.30
model_1z9g_679.cif	3.79
model_1z9g_68.cif	7.03
model_1z9g_680.cif	3.40
model_1z9g_684.cif	8.05
model_1z9g_694.cif	8.10
model_1z9g_699.cif	7.19
model_1z9g_701.cif	1.85
model_1z9g_703.cif	1.49
model_1z9g_707.cif	1.78
model_1z9g_710.cif	1.51
model_1z9g_715.cif	1.41
model_1z9g_720.cif	1.77
model_1z9g_721.cif	1.48
model_1z9g_722.cif	0.57
model_1z9g_723.cif	0.82
model_1z9g_725.cif	1.68
model_1z9g_734.cif	4.55
model_1z9g_738.cif	0.52
model_1z9g_741.cif	1.75
model_1z9g_742.cif	0.76
model_1z9g_747.cif	0.96
model_1z9g_749.cif	3.98
model_1z9g_750.cif	6.93
model_1z9g_753.cif	6.46
model_1z9g_763.cif	5.06
model_1z9g_769.cif	4.72
model_1z9g_784.cif	4.11
model_1z9g_787.cif	8.31
model_1z9g_789.cif	0.75
model_1z9g_790.cif	0.64
model_1z9g_793.cif	0.83
model_1z9g_817.cif	0.82
model_1z9g_845.cif	3.12
model_1z9g_849.cif	0.89
model_1z9g_851.cif	7.10
model_1z9g_852.cif	3.78
model_1z9g_853.cif	5.10
model_1z9g_870.cif	7.24
model_1z9g_873.cif	5.26
model_1z9g_876.cif	2.72
model_1z9g_879.cif	5.55
model_1z9g_880.cif	3.64
model_1z9g_887.cif	2.74
model_1z9g_968.cif	6.44
model_1z9g_ligand.cif	0.00
model_2al5_121.cif	0.83
model_2al5_243.cif	0.46
model_2al5_26.cif	1.98
model_2al5_323.cif	0.23
model_2al5_339.cif	0.41
model_2al5_401.cif	0.88
model_2al5_406.cif	1.96
model_2al5_412.cif	0.86
model_2al5_421.cif	1.09
model_2al5_426.cif	2.02
model_2al5_432.cif	0.80
model_2al5_434.cif	4.54
model_2al5_436.cif	0.76
model_2al5_444.cif	1.98
model_2al5_450.cif	2.19
model_2al5_463.cif	0.99
model_2al5_469.cif	1.44
model_2al5_473.cif	1.72
model_2al5_478.cif	4.69
model_2al5_495.cif	4.77
model_2al5_496.cif	1.46
model_2al5_498.cif	0.88
model_2al5_500.cif	2.11
model_2al5_516.cif	1.46
model_2al5_550.cif	4.66
model_2al5_573.cif	4.73
model_2al5_587.cif	1.36
model_2al5_599.cif	2.29
model_2al5_624.cif	1.52
model_2al5_639.cif	2.31
model_2al5_643.cif	4.66
model_2al5_667.cif	4.37
model_2al5_682.cif	3.72
model_2al5_687.cif	2.30
model_2al5_699.cif	2.07
model_2al5_700.cif	4.41
model_2al5_740.cif	5.06
model_2al5_747.cif	4.77
model_2al5_754.cif	2.22
model_2al5_756.cif	3.98
model_2al5_759.cif	3.50
model_2al5_761.cif	2.64
model_2al5_762.cif	5.14
model_2al5_763.cif	5.08
model_2al5_769.cif	2.93
model_2al5_775.cif	5.17
model_2al5_777.cif	5.09
model_2al5_778.cif	5.12
model_2al5_779.cif	5.06
model_2al5_781.cif	4.36
model_2al5_787.cif	5.03
model_2al5_788.cif	5.04
model_2al5_ligand.cif	0.00
model_2br1_118.cif	3.26
model_2br1_167.cif	3.16
model_2br1_195.cif	3.99
model_2br1_208.cif	2.03
model_2br1_228.cif	7.07
model_2br1_248.cif	6.68
model_2br1_257.cif	1.80
model_2br1_315.cif	0.70
model_2br1_316.cif	0.92
model_2br1_349.cif	1.00
model_2br1_354.cif	0.83
model_2br1_356.cif	0.99
model_2br1_375.cif	0.91
model_2br1_383.cif	0.57
model_2br1_392.cif	0.83
model_2br1_413.cif	5.83
model_2br1_416.cif	6.31
model_2br1_419.cif	6.03
model_2br1_430.cif	5.36
model_2br1_433.cif	2.88
model_2br1_455.cif	6.24
model_2br1_47.cif	0.84
model_2br1_475.cif	6.12
model_2br1_479.cif	6.54
model_2br1_502.cif	2.37
model_2br1_511.cif	3.17
model_2br1_523.cif	4.72
model_2br1_524.cif	3.56
model_2br1_540.cif	3.47
model_2br1_543.cif	1.98
model_2br1_549.cif	3.06
model_2br1_554.cif	2.69
model_2br1_566.cif	5.25
model_2br1_572.cif	2.66
model_2br1_588.cif	2.03
model_2br1_598.cif	5.41
model_2br1_606.cif	4.02
model_2br1_621.cif	5.23
model_2br1_630.cif	3.80
model_2br1_649.cif	7.01
model_2br1_663.cif	1.75
model_2br1_666.cif	2.95
model_2br1_673.cif	6.44
model_2br1_675.cif	2.14
model_2br1_689.cif	2.34
model_2br1_694.cif	6.63
model_2br1_710.cif	6.46
model_2br1_723.cif	4.18
model_2br1_744.cif	1.54
model_2br1_746.cif	4.18
model_2br1_760.cif	5.12
model_2br1_762.cif	1.42
model_2br1_763.cif	0.93
model_2br1_764.cif	5.45
model_2br1_767.cif	4.66
model_2br1_769.cif	1.24
model_2br1_789.cif	3.20
model_2br1_790.cif	5.04
model_2br1_831.cif	4.16
model_2br1_835.cif	3.83
model_2br1_850.cif	4.08
model_2br1_854.cif	4.41
model_2br1_857.cif	2.67
model_2br1_866.cif	1.46
model_2br1_873.cif	1.63
model_2br1_879.cif	1.62
model_2br1_897.cif	4.14
model_2br1_952.cif	6.00
model_2br1_966.cif	5.19
model_2br1_976.cif	1.62
model_2br1_984.cif	4.41
model_2br1_988.cif	6.01
model_2br1_ligand.cif	0.00
model_2brb_128.cif	4.54
model_2brb_13.cif	4.14
model_2brb_146.cif	4.83
model_2brb_183.cif	3.97
model_2brb_214.cif	1.07
model_2brb_223.cif	0.81
model_2brb_246.cif	0.98
model_2brb_285.cif	4.32
model_2brb_302.cif	0.71
model_2brb_318.cif	0.71
model_2brb_361.cif	0.54
model_2brb_383.cif	0.62
model_2brb_405.cif	5.63
model_2brb_406.cif	6.54
model_2brb_408.cif	6.38
model_2brb_425.cif	6.50
model_2brb_442.cif	6.55
model_2brb_449.cif	5.75
model_2brb_452.cif	4.37
model_2brb_460.cif	3.39
model_2brb_466.cif	6.06
model_2brb_469.cif	5.35
model_2brb_474.cif	3.65
model_2brb_477.cif	4.50
model_2brb_490.cif	1.71
model_2brb_494.cif	5.04
model_2brb_501.cif	2.99
model_2brb_502.cif	2.45
model_2brb_514.cif	3.02
model_2brb_521.cif	2.26
model_2brb_522.cif	2.23
model_2brb_533.cif	3.99
model_2brb_539.cif	5.01
model_2brb_550.cif	5.03
model_2brb_558.cif	2.27
model_2brb_568.cif	2.59
model_2brb_582.cif	3.22
model_2brb_586.cif	4.47
model_2brb_593.cif	3.23
model_2brb_594.cif	4.39
model_2brb_596.cif	1.62
model_2brb_597.cif	2.96
model_2brb_601.cif	7.08
model_2brb_608.cif	4.27
model_2brb_624.cif	3.54
model_2brb_643.cif	3.95
model_2brb_655.cif	6.58
model_2brb_666.cif	4.25
model_2brb_671.cif	2.93
model_2brb_672.cif	3.95
model_2brb_674.cif	5.18
model_2brb_675.cif	2.51
model_2brb_682.cif	1.09
model_2brb_693.cif	2.50
model_2brb_696.cif	5.09
model_2brb_697.cif	1.88
model_2brb_705.cif	0.77
model_2brb_713.cif	1.46
model_2brb_743.cif	0.71
model_2brb_745.cif	1.81
model_2brb_751.cif	1.42
model_2brb_752.cif	0.93
model_2brb_754.cif	5.04
model_2brb_759.cif	5.57
model_2brb_85.cif	0.93
model_2brb_88.cif	1.31
model_2brb_94.cif	6.10
model_2brb_941.cif	1.60
model_2brb_ligand.cif	0.00
model_2c3i_16.cif	0.97
model_2c3i_32.cif	5.67
model_2c3i_338.cif	1.57
model_2c3i_382.cif	2.75
model_2c3i_387.cif	0.98
model_2c3i_389.cif	2.26
model_2c3i_403.cif	2.46
model_2c3i_412.cif	4.54
model_2c3i_424.cif	4.00
model_2c3i_435.cif	0.99
model_2c3i_441.cif	6.06
model_2c3i_444.cif	5.61
model_2c3i_45.cif	1.63
model_2c3i_453.cif	2.04
model_2c3i_456.cif	4.30
model_2c3i_482.cif	4.30
model_2c3i_491.cif	1.76
model_2c3i_494.cif	4.26
model_2c3i_503.cif	5.10
model_2c3i_506.cif	4.40
model_2c3i_507.cif	5.08
model_2c3i_521.cif	5.01
model_2c3i_522.cif	3.71
model_2c3i_556.cif	2.88
model_2c3i_559.cif	4.64
model_2c3i_56.cif	4.57
model_2c3i_560.cif	4.54
model_2c3i_571.cif	5.38
model_2c3i_573.cif	3.34
model_2c3i_574.cif	3.71
model_2c3i_580.cif	3.98
model_2c3i_590.cif	3.84
model_2c3i_592.cif	3.72
model_2c3i_603.cif	4.99
model_2c3i_609.cif	2.48
model_2c3i_619.cif	2.96
model_2c3i_62.cif	2.01
model_2c3i_637.cif	4.21
model_2c3i_650.cif	1.80
model_2c3i_658.cif	6.04
model_2c3i_659.cif	2.62
model_2c3i_663.cif	6.35
model_2c3i_675.cif	3.89
model_2c3i_680.cif	1.24
model_2c3i_687.cif	6.10
model_2c3i_690.cif	3.12
model_2c3i_693.cif	2.07
model_2c3i_696.cif	5.30
model_2c3i_699.cif	6.42
model_2c3i_719.cif	5.28
model_2c3i_720.cif	1.18
model_2c3i_729.cif	0.68
model_2c3i_734.cif	0.97
model_2c3i_743.cif	5.06
model_2c3i_746.cif	3.98
model_2c3i_749.cif	5.24
model_2c3i_799.cif	0.90
model_2c3i_818.cif	1.74
model_2c3i_823.cif	0.88
model_2c3i_846.cif	0.69
model_2c3i_857.cif	1.06
model_2c3i_861.cif	0.85
model_2c3i_895.cif	0.73
model_2c3i_917.cif	1.48
model_2c3i_954.cif	1.50
model_2c3i_ligand.cif	0.00
model_2cbv_291.cif	0.47
model_2cbv_312.cif	0.58
model_2cbv_409.cif	0.97
model_2cbv_413.cif	2.02
model_2cbv_422.cif	0.93
model_2cbv_452.cif	0.96
model_2cbv_453.cif	2.15
model_2cbv_470.cif	1.86
model_2cbv_484.cif	3.08
model_2cbv_489.cif	1.86
model_2cbv_499.cif	1.40
model_2cbv_524.cif	4.19
model_2cbv_528.cif	5.70
model_2cbv_541.cif	4.11
model_2cbv_542.cif	3.01
model_2cbv_546.cif	4.51
model_2cbv_547.cif	4.62
model_2cbv_548.cif	5.53
model_2cbv_550.cif	3.03
model_2cbv_551.cif	3.50
model_2cbv_552.cif	4.11
model_2cbv_553.cif	6.49
model_2cbv_556.cif	2.75
model_2cbv_560.cif	5.49
model_2cbv_561.cif	6.12
model_2cbv_562.cif	5.36
model_2cbv_563.cif	6.06
model_2cbv_564.cif	5.08
model_2cbv_566.cif	5.12
model_2cbv_567.cif	4.66
model_2cbv_568.cif	4.38
model_2cbv_571.cif	4.90
model_2cbv_573.cif	4.38
model_2cbv_579.cif	4.82
model_2cbv_583.cif	5.70
model_2cbv_586.cif	6.44
model_2cbv_590.cif	6.73
model_2cbv_591.cif	5.72
model_2cbv_592.cif	6.11
model_2cbv_593.cif	6.81
model_2cbv_595.cif	3.16
model_2cbv_596.cif	5.46
model_2cbv_62.cif	0.42
model_2cbv_658.cif	3.21
model_2cbv_661.cif	2.62
model_2cbv_675.cif	3.40
model_2cbv_685.cif	3.10
model_2cbv_696.cif	3.36
model_2cbv_712.cif	0.58
model_2cbv_719.cif	0.38
model_2cbv_753.cif	1.99
model_2cbv_759.cif	2.13
model_2cbv_770.cif	2.51
model_2cbv_772.cif	2.41
model_2cbv_773.cif	1.71
model_2cbv_781.cif	2.46
model_2cbv_785.cif	1.93
model_2cbv_869.cif	1.86
model_2cbv_871.cif	1.72
model_2cbv_872.cif	3.09
model_2cbv_877.cif	1.30
model_2cbv_881.cif	2.36
model_2cbv_90.cif	0.25
model_2cbv_945.cif	0.99
model_2cbv_984.cif	2.05
model_2cbv_985.cif	2.00
model_2cbv_ligand.cif	0.00
model_2cet_108.cif	1.21
model_2cet_123.cif	0.94
model_2cet_125.cif	2.48
model_2cet_188.cif	0.68
model_2cet_313.cif	0.85
model_2cet_326.cif	0.97
model_2cet_359.cif	0.88
model_2cet_378.cif	4.07
model_2cet_406.cif	2.78
model_2cet_418.cif	7.12
model_2cet_419.cif	3.11
model_2cet_421.cif	6.77
model_2cet_430.cif	7.19
model_2cet_435.cif	3.53
model_2cet_436.cif	2.77
model_2cet_452.cif	5.97
model_2cet_457.cif	7.65
model_2cet_458.cif	3.64
model_2cet_466.cif	5.90
model_2cet_469.cif	7.25
model_2cet_474.cif	7.68
model_2cet_478.cif	7.67
model_2cet_481.cif	1.70
model_2cet_518.cif	6.65
model_2cet_522.cif	5.75
model_2cet_524.cif	1.44
model_2cet_528.cif	6.01
model_2cet_529.cif	3.36
model_2cet_533.cif	3.86
model_2cet_540.cif	8.27
model_2cet_548.cif	7.30
model_2cet_550.cif	5.33
model_2cet_552.cif	6.71
model_2cet_554.cif	6.45
model_2cet_556.cif	4.40
model_2cet_560.cif	2.86
model_2cet_561.cif	5.16
model_2cet_564.cif	1.26
model_2cet_566.cif	5.81
model_2cet_567.cif	4.85
model_2cet_568.cif	5.55
model_2cet_569.cif	6.56
model_2cet_570.cif	7.50
model_2cet_578.cif	8.37
model_2cet_580.cif	2.73
model_2cet_581.cif	3.27
model_2cet_585.cif	7.41
model_2cet_588.cif	4.84
model_2cet_589.cif	5.10
model_2cet_591.cif	6.21
model_2cet_592.cif	2.52
model_2cet_593.cif	4.50
model_2cet_594.cif	4.41
model_2cet_595.cif	6.15
model_2cet_599.cif	3.18
model_2cet_643.cif	4.45
model_2cet_656.cif	8.08
model_2cet_662.cif	5.78
model_2cet_665.cif	2.23
model_2cet_668.cif	4.61
model_2cet_669.cif	7.78
model_2cet_672.cif	6.78
model_2cet_673.cif	6.24
model_2cet_676.cif	5.21
model_2cet_679.cif	2.62
model_2cet_682.cif	4.43
model_2cet_689.cif	3.47
model_2cet_699.cif	5.00
model_2cet_722.cif	1.98
model_2cet_725.cif	0.83
model_2cet_734.cif	0.98
model_2cet_741.cif	0.74
model_2cet_742.cif	0.89
model_2cet_745.cif	3.23
model_2cet_756.cif	0.77
model_2cet_761.cif	1.51
model_2cet_765.cif	2.93
model_2cet_768.cif	2.99
model_2cet_776.cif	1.08
model_2cet_777.cif	3.44
model_2cet_855.cif	1.30
model_2cet_857.cif	1.47
model_2cet_875.cif	1.79
model_2cet_ligand.cif	0.00
model_2fvd_10.cif	6.00
model_2fvd_102.cif	0.95
model_2fvd_105.cif	3.34
model_2fvd_107.cif	9.57
model_2fvd_116.cif	3.02
model_2fvd_118.cif	3.82
model_2fvd_121.cif	5.08
model_2fvd_122.cif	2.79
model_2fvd_126.cif	9.84
model_2fvd_136.cif	3.47
model_2fvd_169.cif	6.18
model_2fvd_175.cif	5.93
model_2fvd_188.cif	9.92
model_2fvd_200.cif	5.18
model_2fvd_204.cif	2.44
model_2fvd_210.cif	0.64
model_2fvd_211.cif	0.85
model_2fvd_219.cif	7.94
model_2fvd_220.cif	6.85
model_2fvd_223.cif	0.61
model_2fvd_225.cif	2.07
model_2fvd_235.cif	0.87
model_2fvd_238.cif	7.62
model_2fvd_24.cif	5.83
model_2fvd_243.cif	7.60
model_2fvd_266.cif	9.53
model_2fvd_270.cif	1.02
model_2fvd_275.cif	0.92
model_2fvd_282.cif	8.26
model_2fvd_286.cif	1.08
model_2fvd_288.cif	0.54
model_2fvd_292.cif	1.08
model_2fvd_309.cif	8.26
model_2fvd_312.cif	7.64
model_2fvd_34.cif	0.83
model_2fvd_345.cif	1.41
model_2fvd_348.cif	8.61
model_2fvd_369.cif	2.94
model_2fvd_382.cif	3.14
model_2fvd_388.cif	9.28
model_2fvd_39.cif	0.97
model_2fvd_397.cif	8.80
model_2fvd_40.cif	1.03
model_2fvd_408.cif	7.48
model_2fvd_410.cif	5.08
model_2fvd_42.cif	3.04
model_2fvd_421.cif	2.40
model_2fvd_428.cif	4.02
model_2fvd_434.cif	5.27
model_2fvd_435.cif	8.02
model_2fvd_443.cif	4.51
model_2fvd_467.cif	2.59
model_2fvd_468.cif	6.25
model_2fvd_469.cif	6.87
model_2fvd_475.cif	7.64
model_2fvd_478.cif	4.02
model_2fvd_48.cif	6.58
model_2fvd_484.cif	8.02
model_2fvd_490.cif	3.34
model_2fvd_495.cif	3.17
model_2fvd_50.cif	6.50
model_2fvd_505.cif	3.29
model_2fvd_553.cif	4.86
model_2fvd_555.cif	2.09
model_2fvd_585.cif	6.62
model_2fvd_592.cif	7.91
model_2fvd_599.cif	5.82
model_2fvd_6.cif	2.58
model_2fvd_602.cif	8.57
model_2fvd_603.cif	4.13
model_2fvd_606.cif	4.96
model_2fvd_610.cif	8.03
model_2fvd_62.cif	4.00
model_2fvd_637.cif	5.50
model_2fvd_638.cif	8.13
model_2fvd_639.cif	5.67
model_2fvd_640.cif	4.19
model_2fvd_642.cif	7.90
model_2fvd_645.cif	4.45
model_2fvd_649.cif	9.03
model_2fvd_65.cif	1.35
model_2fvd_673.cif	6.04
model_2fvd_679.cif	5.08
model_2fvd_680.cif	9.33
model_2fvd_695.cif	4.60
model_2fvd_698.cif	6.84
model_2fvd_71.cif	7.20
model_2fvd_72.cif	6.81
model_2fvd_747.cif	1.69
model_2fvd_751.cif	2.13
model_2fvd_76.cif	1.22
model_2fvd_778.cif	9.13
model_2fvd_780.cif	2.13
model_2fvd_783.cif	9.94
model_2fvd_809.cif	2.00
model_2fvd_86.cif	1.32
model_2fvd_872.cif	9.31
model_2fvd_880.cif	8.06
model_2fvd_881.cif	7.68
model_2fvd_889.cif	0.89
model_2fvd_ligand.cif	0.00
model_2fxs_120.cif	5.25
model_2fxs_142.cif	2.45
model_2fxs_153.cif	3.06
model_2fxs_163.cif	4.65
model_2fxs_241.cif	3.83
model_2fxs_251.cif	3.96
model_2fxs_266.cif	4.15
model_2fxs_336.cif	0.76
model_2fxs_345.cif	0.67
model_2fxs_397.cif	6.38
model_2fxs_41.cif	0.60
model_2fxs_453.cif	6.09
model_2fxs_49.cif	0.69
model_2fxs_491.cif	6.22
model_2fxs_507.cif	5.42
model_2fxs_521.cif	1.78
model_2fxs_552.cif	6.07
model_2fxs_559.cif	4.46
model_2fxs_564.cif	5.11
model_2fxs_576.cif	3.87
model_2fxs_584.cif	1.92
model_2fxs_597.cif	5.05
model_2fxs_608.cif	1.55
model_2fxs_632.cif	6.41
model_2fxs_636.cif	1.70
model_2fxs_643.cif	6.05
model_2fxs_67.cif	0.63
model_2fxs_678.cif	5.60
model_2fxs_693.cif	4.16
model_2fxs_697.cif	2.91
model_2fxs_701.cif	5.93
model_2fxs_704.cif	2.37
model_2fxs_706.cif	1.29
model_2fxs_730.cif	4.37
model_2fxs_745.cif	1.58
model_2fxs_747.cif	5.36
model_2fxs_750.cif	1.39
model_2fxs_751.cif	2.73
model_2fxs_753.cif	3.29
model_2fxs_754.cif	4.77
model_2fxs_760.cif	1.89
model_2fxs_763.cif	2.66
model_2fxs_764.cif	2.86
model_2fxs_769.cif	4.37
model_2fxs_770.cif	3.20
model_2fxs_774.cif	3.13
model_2fxs_775.cif	2.06
model_2fxs_777.cif	4.02
model_2fxs_779.cif	3.64
model_2fxs_789.cif	4.77
model_2fxs_815.cif	1.49
model_2fxs_827.cif	0.87
model_2fxs_861.cif	3.63
model_2fxs_864.cif	4.68
model_2fxs_869.cif	3.93
model_2fxs_876.cif	5.18
model_2fxs_879.cif	2.50
model_2fxs_889.cif	2.31
model_2fxs_896.cif	5.16
model_2fxs_905.cif	1.62
model_2fxs_910.cif	5.75
model_2fxs_921.cif	0.95
model_2fxs_927.cif	0.79
model_2fxs_939.cif	2.97
model_2fxs_941.cif	0.65
model_2fxs_953.cif	0.54
model_2fxs_ligand.cif	0.00
model_2hb1_102.cif	1.07
model_2hb1_134.cif	0.79
model_2hb1_148.cif	0.81
model_2hb1_149.cif	1.18
model_2hb1_167.cif	0.53
model_2hb1_175.cif	0.41
model_2hb1_313.cif	0.32
model_2hb1_330.cif	0.98
model_2hb1_376.cif	1.14
model_2hb1_408.cif	2.97
model_2hb1_417.cif	0.90
model_2hb1_424.cif	1.25
model_2hb1_427.cif	2.19
model_2hb1_438.cif	3.88
model_2hb1_440.cif	2.99
model_2hb1_447.cif	3.26
model_2hb1_448.cif	2.23
model_2hb1_457.cif	1.00
model_2hb1_463.cif	3.08
model_2hb1_477.cif	3.39
model_2hb1_480.cif	1.85
model_2hb1_485.cif	1.88
model_2hb1_495.cif	3.34
model_2hb1_504.cif	2.10
model_2hb1_559.cif	3.01
model_2hb1_562.cif	1.90
model_2hb1_573.cif	3.14
model_2hb1_574.cif	3.20
model_2hb1_613.cif	2.72
model_2hb1_640.cif	0.73
model_2hb1_642.cif	1.67
model_2hb1_664.cif	4.26
model_2hb1_666.cif	2.16
model_2hb1_675.cif	3.02
model_2hb1_689.cif	1.85
model_2hb1_690.cif	1.34
model_2hb1_695.cif	2.76
model_2hb1_763.cif	2.20
model_2hb1_772.cif	2.57
model_2hb1_785.cif	3.67
model_2hb1_981.cif	0.79
model_2hb1_ligand.cif	0.00
model_2iwx_101.cif	0.42
model_2iwx_103.cif	0.97
model_2iwx_315.cif	0.67
model_2iwx_351.cif	0.33
model_2iwx_366.cif	0.54
model_2iwx_368.cif	0.87
model_2iwx_394.cif	0.36
model_2iwx_404.cif	2.13
model_2iwx_406.cif	4.95
model_2iwx_407.cif	1.16
model_2iwx_409.cif	2.58
model_2iwx_412.cif	4.33
model_2iwx_432.cif	1.71
model_2iwx_433.cif	5.25
model_2iwx_438.cif	3.61
model_2iwx_440.cif	1.20
model_2iwx_446.cif	2.24
model_2iwx_456.cif	5.18
model_2iwx_463.cif	3.27
model_2iwx_464.cif	2.72
model_2iwx_469.cif	2.79
model_2iwx_470.cif	5.02
model_2iwx_472.cif	1.27
model_2iwx_480.cif	4.83
model_2iwx_484.cif	1.91
model_2iwx_487.cif	4.08
model_2iwx_492.cif	3.79
model_2iwx_498.cif	3.26
model_2iwx_507.cif	1.14
model_2iwx_508.cif	0.98
model_2iwx_519.cif	2.12
model_2iwx_529.cif	1.48
model_2iwx_534.cif	0.97
model_2iwx_547.cif	6.33
model_2iwx_567.cif	8.37
model_2iwx_570.cif	3.59
model_2iwx_572.cif	2.52
model_2iwx_575.cif	6.90
model_2iwx_578.cif	1.84
model_2iwx_583.cif	4.86
model_2iwx_590.cif	5.95
model_2iwx_596.cif	5.21
model_2iwx_598.cif	2.95
model_2iwx_623.cif	3.90
model_2iwx_631.cif	1.83
model_2iwx_633.cif	1.61
model_2iwx_645.cif	4.30
model_2iwx_647.cif	3.69
model_2iwx_657.cif	2.47
model_2iwx_659.cif	2.44
model_2iwx_663.cif	4.56
model_2iwx_664.cif	5.50
model_2iwx_667.cif	6.10
model_2iwx_671.cif	5.99
model_2iwx_672.cif	4.50
model_2iwx_685.cif	5.59
model_2iwx_728.cif	3.31
model_2iwx_731.cif	6.44
model_2iwx_735.cif	5.39
model_2iwx_745.cif	8.97
model_2iwx_752.cif	4.94
model_2iwx_756.cif	4.95
model_2iwx_757.cif	7.14
model_2iwx_758.cif	6.92
model_2iwx_759.cif	6.90
model_2iwx_760.cif	6.63
model_2iwx_762.cif	6.18
model_2iwx_763.cif	6.01
model_2iwx_766.cif	7.17
model_2iwx_776.cif	3.96
model_2iwx_780.cif	3.99
model_2iwx_801.cif	0.84
model_2iwx_843.cif	8.73
model_2iwx_847.cif	8.68
model_2iwx_866.cif	5.18
model_2iwx_874.cif	6.08
model_2iwx_881.cif	7.08
model_2iwx_970.cif	7.58
model_2iwx_ligand.cif	0.00
model_2j78_101.cif	4.11
model_2j78_115.cif	4.02
model_2j78_140.cif	4.13
model_2j78_176.cif	4.08
model_2j78_22.cif	0.88
model_2j78_31.cif	0.74
model_2j78_311.cif	0.37
model_2j78_317.cif	4.19
model_2j78_320.cif	7.16
model_2j78_326.cif	0.70
model_2j78_332.cif	7.32
model_2j78_349.cif	7.13
model_2j78_369.cif	6.93
model_2j78_382.cif	4.29
model_2j78_383.cif	4.41
model_2j78_397.cif	4.26
model_2j78_406.cif	0.92
model_2j78_458.cif	1.14
model_2j78_459.cif	1.99
model_2j78_460.cif	1.59
model_2j78_471.cif	2.49
model_2j78_486.cif	1.86
model_2j78_507.cif	1.96
model_2j78_52.cif	0.87
model_2j78_546.cif	3.94
model_2j78_575.cif	4.58
model_2j78_597.cif	2.38
model_2j78_621.cif	2.29
model_2j78_626.cif	3.01
model_2j78_650.cif	3.01
model_2j78_657.cif	4.47
model_2j78_684.cif	3.08
model_2j78_716.cif	3.27
model_2j78_719.cif	2.34
model_2j78_744.cif	2.69
model_2j78_751.cif	2.65
model_2j78_754.cif	1.88
model_2j78_755.cif	2.47
model_2j78_777.cif	2.10
model_2j78_779.cif	3.26
model_2j78_787.cif	2.78
model_2j78_795.cif	3.46
model_2j78_796.cif	1.75
model_2j78_808.cif	0.97
model_2j78_812.cif	0.79
model_2j78_827.cif	3.51
model_2j78_835.cif	1.76
model_2j78_857.cif	1.76
model_2j78_862.cif	1.56
model_2j78_881.cif	2.21
model_2j78_882.cif	3.05
model_2j78_938.cif	3.09
model_2j78_941.cif	0.98
model_2j78_97.cif	0.47
model_2j78_ligand.cif	0.00
model_2j7h_18.cif	0.96
model_2j7h_211.cif	0.49
model_2j7h_219.cif	0.88
model_2j7h_227.cif	2.31
model_2j7h_26.cif	0.41
model_2j7h_274.cif	1.03
model_2j7h_33.cif	2.37
model_2j7h_41.cif	0.43
model_2j7h_451.cif	1.58
model_2j7h_458.cif	2.23
model_2j7h_48.cif	0.17
model_2j7h_480.cif	1.85
model_2j7h_522.cif	3.36
model_2j7h_539.cif	4.38
model_2j7h_541.cif	3.17
model_2j7h_549.cif	3.19
model_2j7h_555.cif	4.82
model_2j7h_557.cif	3.23
model_2j7h_558.cif	4.12
model_2j7h_56.cif	0.85
model_2j7h_563.cif	4.06
model_2j7h_567.cif	4.31
model_2j7h_569.cif	4.33
model_2j7h_586.cif	4.01
model_2j7h_597.cif	5.02
model_2j7h_633.cif	3.10
model_2j7h_720.cif	0.45
model_2j7h_721.cif	0.75
model_2j7h_727.cif	1.46
model_2j7h_733.cif	1.71
model_2j7h_736.cif	1.38
model_2j7h_747.cif	1.41
model_2j7h_752.cif	4.11
model_2j7h_761.cif	1.52
model_2j7h_762.cif	1.59
model_2j7h_767.cif	2.25
model_2j7h_771.cif	2.37
model_2j7h_776.cif	4.39
model_2j7h_778.cif	4.18
model_2j7h_780.cif	3.53
model_2j7h_784.cif	1.90
model_2j7h_787.cif	2.69
model_2j7h_793.cif	3.18
model_2j7h_794.cif	3.35
model_2j7h_795.cif	2.47
model_2j7h_796.cif	2.71
model_2j7h_797.cif	2.43
model_2j7h_840.cif	2.27
model_2j7h_861.cif	3.16
model_2j7h_869.cif	3.87
model_2j7h_912.cif	0.48
model_2j7h_ligand.cif	0.00
model_2p15_133.cif	1.14
model_2p15_155.cif	4.56
model_2p15_216.cif	2.20
model_2p15_262.cif	0.40
model_2p15_290.cif	0.78
model_2p15_331.cif	0.27
model_2p15_344.cif	0.78
model_2p15_402.cif	1.00
model_2p15_404.cif	0.87
model_2p15_407.cif	0.90
model_2p15_414.cif	3.90
model_2p15_415.cif	4.10
model_2p15_425.cif	1.50
model_2p15_427.cif	3.80
model_2p15_435.cif	1.51
model_2p15_437.cif	1.38
model_2p15_446.cif	1.16
model_2p15_453.cif	3.41
model_2p15_456.cif	2.54
model_2p15_460.cif	1.83
model_2p15_466.cif	3.86
model_2p15_471.cif	1.99
model_2p15_478.cif	3.54
model_2p15_479.cif	4.00
model_2p15_480.cif	2.10
model_2p15_481.cif	2.15
model_2p15_489.cif	2.15
model_2p15_493.cif	4.10
model_2p15_496.cif	4.30
model_2p15_546.cif	4.76
model_2p15_550.cif	3.78
model_2p15_557.cif	2.61
model_2p15_567.cif	4.94
model_2p15_568.cif	4.63
model_2p15_569.cif	2.32
model_2p15_578.cif	3.90
model_2p15_579.cif	1.53
model_2p15_582.cif	5.30
model_2p15_589.cif	4.03
model_2p15_590.cif	5.21
model_2p15_591.cif	3.75
model_2p15_592.cif	1.98
model_2p15_598.cif	2.02
model_2p15_600.cif	5.11
model_2p15_645.cif	4.16
model_2p15_678.cif	4.56
model_2p15_687.cif	2.39
model_2p15_699.cif	2.46
model_2p15_700.cif	1.67
model_2p15_765.cif	3.82
model_2p15_801.cif	0.60
model_2p15_850.cif	0.62
model_2p15_87.cif	0.41
model_2p15_ligand.cif	0.00
model_2p4y_100.cif	1.68
model_2p4y_103.cif	0.81
model_2p4y_127.cif	7.82
model_2p4y_146.cif	1.98
model_2p4y_152.cif	0.79
model_2p4y_169.cif	1.91
model_2p4y_202.cif	0.81
model_2p4y_208.cif	0.82
model_2p4y_223.cif	4.93
model_2p4y_240.cif	0.79
model_2p4y_247.cif	0.79
model_2p4y_25.cif	4.44
model_2p4y_253.cif	0.59
model_2p4y_268.cif	2.07
model_2p4y_275.cif	5.23
model_2p4y_293.cif	1.46
model_2p4y_297.cif	1.02
model_2p4y_305.cif	3.85
model_2p4y_309.cif	9.26
model_2p4y_314.cif	2.87
model_2p4y_350.cif	9.69
model_2p4y_38.cif	0.88
model_2p4y_407.cif	2.76
model_2p4y_409.cif	3.56
model_2p4y_412.cif	5.84
model_2p4y_419.cif	1.76
model_2p4y_423.cif	2.29
model_2p4y_424.cif	2.58
model_2p4y_435.cif	3.01
model_2p4y_445.cif	3.22
model_2p4y_446.cif	2.29
model_2p4y_456.cif	3.77
model_2p4y_461.cif	1.37
model_2p4y_472.cif	3.48
model_2p4y_509.cif	7.25
model_2p4y_53.cif	6.02
model_2p4y_549.cif	7.41
model_2p4y_564.cif	7.77
model_2p4y_570.cif	7.61
model_2p4y_581.cif	7.35
model_2p4y_582.cif	7.06
model_2p4y_587.cif	2.20
model_2p4y_588.cif	7.37
model_2p4y_591.cif	8.41
model_2p4y_595.cif	4.68
model_2p4y_596.cif	8.21
model_2p4y_600.cif	3.36
model_2p4y_618.cif	8.11
model_2p4y_649.cif	9.85
model_2p4y_665.cif	3.86
model_2p4y_669.cif	5.24
model_2p4y_679.cif	8.20
model_2p4y_685.cif	2.12
model_2p4y_700.cif	7.04
model_2p4y_703.cif	1.46
model_2p4y_714.cif	1.49
model_2p4y_718.cif	5.85
model_2p4y_74.cif	0.95
model_2p4y_748.cif	5.11
model_2p4y_749.cif	5.75
model_2p4y_751.cif	6.15
model_2p4y_752.cif	3.85
model_2p4y_757.cif	4.80
model_2p4y_758.cif	6.56
model_2p4y_761.cif	6.05
model_2p4y_762.cif	5.27
model_2p4y_765.cif	2.77
model_2p4y_767.cif	4.27
model_2p4y_77.cif	0.45
model_2p4y_772.cif	6.80
model_2p4y_773.cif	4.57
model_2p4y_775.cif	4.97
model_2p4y_778.cif	7.14
model_2p4y_781.cif	4.27
model_2p4y_782.cif	4.33
model_2p4y_784.cif	1.56
model_2p4y_785.cif	5.77
model_2p4y_842.cif	6.11
model_2p4y_856.cif	4.35
model_2p4y_859.cif	3.11
model_2p4y_899.cif	6.54
model_2p4y_908.cif	5.94
model_2p4y_932.cif	6.92
model_2p4y_938.cif	2.81
model_2p4y_951.cif	6.27
model_2p4y_961.cif	5.38
model_2p4y_979.cif	6.03
model_2p4y_ligand.cif	0.00
model_2pog_402.cif	3.05
model_2pog_404.cif	1.38
model_2pog_405.cif	0.66
model_2pog_434.cif	1.22
model_2pog_441.cif	0.77
model_2pog_457.cif	1.05
model_2pog_468.cif	1.35
model_2pog_470.cif	3.02
model_2pog_473.cif	2.24
model_2pog_479.cif	3.20
model_2pog_491.cif	3.10
model_2pog_522.cif	2.52
model_2pog_530.cif	1.29
model_2pog_531.cif	1.67
model_2pog_540.cif	0.96
model_2pog_552.cif	1.52
model_2pog_572.cif	4.21
model_2pog_592.cif	2.06
model_2pog_593.cif	4.26
model_2pog_594.cif	2.66
model_2pog_619.cif	3.04
model_2pog_627.cif	3.11
model_2pog_652.cif	2.19
model_2pog_661.cif	3.13
model_2pog_694.cif	3.04
model_2pog_729.cif	0.71
model_2pog_731.cif	0.65
model_2pog_734.cif	0.87
model_2pog_750.cif	1.03
model_2pog_752.cif	1.53
model_2pog_760.cif	3.99
model_2pog_772.cif	2.76
model_2pog_777.cif	3.01
model_2pog_785.cif	2.66
model_2pog_787.cif	2.97
model_2pog_788.cif	4.14
model_2pog_791.cif	2.60
model_2pog_792.cif	2.68
model_2pog_853.cif	1.20
model_2pog_856.cif	0.65
model_2pog_876.cif	0.85
model_2pog_967.cif	0.44
model_2pog_994.cif	0.71
model_2pog_ligand.cif	0.00
model_2qbp_100.cif	7.07
model_2qbp_103.cif	6.77
model_2qbp_110.cif	9.85
model_2qbp_118.cif	5.99
model_2qbp_125.cif	7.37
model_2qbp_13.cif	1.40
model_2qbp_152.cif	7.79
model_2qbp_155.cif	8.34
model_2qbp_158.cif	7.17
model_2qbp_160.cif	7.22
model_2qbp_168.cif	9.07
model_2qbp_187.cif	9.02
model_2qbp_19.cif	7.14
model_2qbp_191.cif	7.48
model_2qbp_204.cif	3.07
model_2qbp_207.cif	6.39
model_2qbp_208.cif	4.98
model_2qbp_225.cif	0.99
model_2qbp_23.cif	6.52
model_2qbp_233.cif	8.79
model_2qbp_234.cif	5.85
model_2qbp_239.cif	4.80
model_2qbp_255.cif	5.80
model_2qbp_256.cif	4.47
model_2qbp_259.cif	0.84
model_2qbp_260.cif	1.54
model_2qbp_265.cif	2.09
model_2qbp_268.cif	8.37
model_2qbp_27.cif	9.11
model_2qbp_272.cif	0.59
model_2qbp_276.cif	0.90
model_2qbp_28.cif	1.85
model_2qbp_283.cif	5.87
model_2qbp_286.cif	6.47
model_2qbp_288.cif	0.77
model_2qbp_29.cif	0.90
model_2qbp_292.cif	1.34
model_2qbp_297.cif	5.30
model_2qbp_310.cif	8.87
model_2qbp_35.cif	6.10
model_2qbp_368.cif	7.05
model_2qbp_37.cif	3.26
model_2qbp_371.cif	4.63
model_2qbp_411.cif	1.96
model_2qbp_415.cif	9.05
model_2qbp_463.cif	3.32
model_2qbp_464.cif	8.87
model_2qbp_488.cif	2.27
model_2qbp_489.cif	2.14
model_2qbp_491.cif	9.93
model_2qbp_498.cif	3.69
model_2qbp_50.cif	6.02
model_2qbp_503.cif	3.54
model_2qbp_504.cif	7.64
model_2qbp_528.cif	1.84
model_2qbp_53.cif	2.65
model_2qbp_546.cif	4.87
model_2qbp_549.cif	3.45
model_2qbp_554.cif	4.01
model_2qbp_558.cif	2.48
model_2qbp_559.cif	5.64
model_2qbp_561.cif	3.47
model_2qbp_567.cif	2.24
model_2qbp_572.cif	2.52
model_2qbp_585.cif	4.47
model_2qbp_591.cif	9.88
model_2qbp_593.cif	6.81
model_2qbp_596.cif	7.24
model_2qbp_608.cif	6.16
model_2qbp_615.cif	8.93
model_2qbp_622.cif	4.33
model_2qbp_623.cif	4.35
model_2qbp_630.cif	2.91
model_2qbp_631.cif	9.37
model_2qbp_648.cif	6.38
model_2qbp_650.cif	9.81
model_2qbp_654.cif	1.90
model_2qbp_656.cif	3.39
model_2qbp_665.cif	9.58
model_2qbp_676.cif	5.31
model_2qbp_690.cif	8.32
model_2qbp_693.cif	4.32
model_2qbp_695.cif	8.67
model_2qbp_71.cif	5.19
model_2qbp_74.cif	5.70
model_2qbp_741.cif	3.07
model_2qbp_744.cif	3.81
model_2qbp_78.cif	6.87
model_2qbp_79.cif	2.29
model_2qbp_80.cif	1.61
model_2qbp_84.cif	8.31
model_2qbp_85.cif	8.78
model_2qbp_890.cif	5.79
model_2qbp_92.cif	1.57
model_2qbp_94.cif	1.99
model_2qbp_97.cif	2.16
model_2qbp_ligand.cif	0.00
model_2qbq_121.cif	0.99
model_2qbq_128.cif	8.39
model_2qbq_16.cif	2.10
model_2qbq_184.cif	8.00
model_2qbq_216.cif	1.33
model_2qbq_226.cif	1.12
model_2qbq_227.cif	1.03
model_2qbq_235.cif	0.92
model_2qbq_236.cif	1.07
model_2qbq_248.cif	0.92
model_2qbq_276.cif	0.55
model_2qbq_300.cif	0.70
model_2qbq_309.cif	6.25
model_2qbq_324.cif	6.21
model_2qbq_332.cif	6.52
model_2qbq_364.cif	9.21
model_2qbq_370.cif	8.04
model_2qbq_372.cif	5.11
model_2qbq_388.cif	0.85
model_2qbq_39.cif	7.21
model_2qbq_391.cif	7.22
model_2qbq_402.cif	8.53
model_2qbq_410.cif	7.75
model_2qbq_416.cif	9.35
model_2qbq_433.cif	2.89
model_2qbq_434.cif	9.31
model_2qbq_436.cif	7.97
model_2qbq_448.cif	8.07
model_2qbq_45.cif	1.52
model_2qbq_453.cif	2.22
model_2qbq_458.cif	8.41
model_2qbq_460.cif	3.34
model_2qbq_463.cif	7.76
model_2qbq_466.cif	7.77
model_2qbq_468.cif	3.08
model_2qbq_471.cif	2.64
model_2qbq_473.cif	9.05
model_2qbq_476.cif	1.93
model_2qbq_483.cif	4.43
model_2qbq_484.cif	9.22
model_2qbq_489.cif	9.50
model_2qbq_490.cif	3.07
model_2qbq_496.cif	2.55
model_2qbq_497.cif	2.07
model_2qbq_500.cif	1.76
model_2qbq_503.cif	3.86
model_2qbq_513.cif	6.57
model_2qbq_521.cif	1.97
model_2qbq_532.cif	5.10
model_2qbq_548.cif	4.86
model_2qbq_556.cif	6.39
model_2qbq_562.cif	3.47
model_2qbq_565.cif	3.64
model_2qbq_566.cif	6.05
model_2qbq_576.cif	5.75
model_2qbq_581.cif	5.99
model_2qbq_582.cif	5.05
model_2qbq_589.cif	3.79
model_2qbq_595.cif	5.64
model_2qbq_607.cif	3.28
model_2qbq_61.cif	6.66
model_2qbq_617.cif	3.52
model_2qbq_63.cif	9.10
model_2qbq_633.cif	4.09
model_2qbq_641.cif	2.40
model_2qbq_642.cif	4.16
model_2qbq_65.cif	6.90
model_2qbq_651.cif	4.34
model_2qbq_653.cif	7.16
model_2qbq_663.cif	4.24
model_2qbq_669.cif	4.30
model_2qbq_679.cif	8.13
model_2qbq_681.cif	8.98
model_2qbq_686.cif	2.94
model_2qbq_690.cif	2.77
model_2qbq_693.cif	8.02
model_2qbq_70.cif	2.49
model_2qbq_720.cif	0.83
model_2qbq_726.cif	1.47
model_2qbq_736.cif	6.74
model_2qbq_744.cif	5.56
model_2qbq_752.cif	0.38
model_2qbq_757.cif	4.34
model_2qbq_759.cif	9.05
model_2qbq_775.cif	8.22
model_2qbq_778.cif	9.62
model_2qbq_779.cif	8.08
model_2qbq_784.cif	5.50
model_2qbq_785.cif	6.40
model_2qbq_790.cif	5.85
model_2qbq_8.cif	4.60
model_2qbq_832.cif	3.39
model_2qbq_838.cif	1.15
model_2qbq_843.cif	0.90
model_2qbq_844.cif	5.99
model_2qbq_882.cif	7.02
model_2qbq_906.cif	9.03
model_2qbq_94.cif	7.43
model_2qbq_97.cif	0.91
model_2qbq_970.cif	4.55
model_2qbq_ligand.cif	0.00
model_2qbr_1000.cif	5.43
model_2qbr_121.cif	0.99
model_2qbr_157.cif	7.72
model_2qbr_170.cif	7.34
model_2qbr_197.cif	8.21
model_2qbr_20.cif	0.91
model_2qbr_201.cif	0.65
model_2qbr_259.cif	1.44
model_2qbr_270.cif	1.09
model_2qbr_282.cif	0.91
model_2qbr_293.cif	0.91
model_2qbr_301.cif	1.10
model_2qbr_353.cif	0.86
model_2qbr_375.cif	8.21
model_2qbr_385.cif	0.80
model_2qbr_394.cif	7.46
model_2qbr_402.cif	2.19
model_2qbr_409.cif	7.95
model_2qbr_410.cif	1.56
model_2qbr_424.cif	7.78
model_2qbr_427.cif	4.16
model_2qbr_428.cif	6.89
model_2qbr_429.cif	1.95
model_2qbr_432.cif	8.57
model_2qbr_439.cif	8.16
model_2qbr_445.cif	7.72
model_2qbr_447.cif	7.95
model_2qbr_45.cif	1.60
model_2qbr_450.cif	7.07
model_2qbr_455.cif	3.16
model_2qbr_469.cif	3.03
model_2qbr_473.cif	2.85
model_2qbr_474.cif	8.63
model_2qbr_486.cif	3.16
model_2qbr_487.cif	7.29
model_2qbr_488.cif	8.95
model_2qbr_497.cif	8.12
model_2qbr_514.cif	1.60
model_2qbr_516.cif	6.50
model_2qbr_517.cif	3.47
model_2qbr_522.cif	4.22
model_2qbr_523.cif	3.05
model_2qbr_526.cif	1.74
model_2qbr_527.cif	4.62
model_2qbr_532.cif	4.50
model_2qbr_536.cif	4.40
model_2qbr_555.cif	2.51
model_2qbr_563.cif	2.30
model_2qbr_566.cif	5.04
model_2qbr_573.cif	5.45
model_2qbr_582.cif	2.23
model_2qbr_583.cif	6.56
model_2qbr_590.cif	5.03
model_2qbr_593.cif	3.48
model_2qbr_595.cif	4.34
model_2qbr_61.cif	0.97
model_2qbr_617.cif	2.49
model_2qbr_629.cif	2.45
model_2qbr_633.cif	1.94
model_2qbr_639.cif	6.22
model_2qbr_645.cif	2.86
model_2qbr_647.cif	1.92
model_2qbr_656.cif	8.17
model_2qbr_663.cif	8.59
model_2qbr_667.cif	5.01
model_2qbr_677.cif	3.17
model_2qbr_689.cif	5.77
model_2qbr_690.cif	2.13
model_2qbr_699.cif	3.89
model_2qbr_764.cif	4.33
model_2qbr_765.cif	3.56
model_2qbr_767.cif	6.07
model_2qbr_771.cif	3.85
model_2qbr_777.cif	5.85
model_2qbr_778.cif	0.87
model_2qbr_780.cif	0.96
model_2qbr_782.cif	6.14
model_2qbr_790.cif	4.05
model_2qbr_796.cif	6.16
model_2qbr_797.cif	8.20
model_2qbr_798.cif	7.79
model_2qbr_799.cif	5.87
model_2qbr_802.cif	6.46
model_2qbr_81.cif	2.23
model_2qbr_821.cif	5.64
model_2qbr_856.cif	5.58
model_2qbr_875.cif	6.50
model_2qbr_887.cif	6.02
model_2qbr_895.cif	4.19
model_2qbr_900.cif	4.07
model_2qbr_ligand.cif	0.00
model_2qe4_165.cif	0.64
model_2qe4_249.cif	0.44
model_2qe4_3.cif	0.62
model_2qe4_309.cif	0.49
model_2qe4_422.cif	1.54
model_2qe4_435.cif	3.13
model_2qe4_441.cif	1.62
model_2qe4_446.cif	2.72
model_2qe4_447.cif	2.56
model_2qe4_448.cif	1.37
model_2qe4_499.cif	3.13
model_2qe4_500.cif	3.08
model_2qe4_509.cif	0.97
model_2qe4_551.cif	0.96
model_2qe4_552.cif	1.03
model_2qe4_574.cif	2.02
model_2qe4_597.cif	1.48
model_2qe4_611.cif	3.01
model_2qe4_629.cif	1.55
model_2qe4_689.cif	2.03
model_2qe4_693.cif	1.73
model_2qe4_694.cif	2.31
model_2qe4_698.cif	2.68
model_2qe4_705.cif	0.85
model_2qe4_718.cif	1.97
model_2qe4_741.cif	2.75
model_2qe4_750.cif	4.43
model_2qe4_754.cif	4.50
model_2qe4_757.cif	4.04
model_2qe4_770.cif	4.40
model_2qe4_771.cif	3.82
model_2qe4_777.cif	4.09
model_2qe4_779.cif	4.08
model_2qe4_780.cif	1.67
model_2qe4_784.cif	2.80
model_2qe4_786.cif	4.07
model_2qe4_788.cif	4.42
model_2qe4_789.cif	4.10
model_2qe4_79.cif	2.15
model_2qe4_793.cif	3.95
model_2qe4_796.cif	4.13
model_2qe4_797.cif	3.03
model_2qe4_83.cif	0.54
model_2qe4_832.cif	3.92
model_2qe4_841.cif	0.75
model_2qe4_850.cif	3.76
model_2qe4_875.cif	2.16
model_2qe4_877.cif	3.19
model_2qe4_964.cif	0.81
model_2qe4_977.cif	1.20
model_2qe4_ligand.cif	0.00
model_2qnq_130.cif	1.99
model_2qnq_167.cif	0.79
model_2qnq_207.cif	0.98
model_2qnq_209.cif	0.60
model_2qnq_210.cif	2.73
model_2qnq_215.cif	1.89
model_2qnq_216.cif	3.34
model_2qnq_230.cif	1.03
model_2qnq_231.cif	2.77
model_2qnq_239.cif	2.54
model_2qnq_243.cif	5.06
model_2qnq_245.cif	2.88
model_2qnq_249.cif	3.27
model_2qnq_250.cif	1.00
model_2qnq_267.cif	2.53
model_2qnq_269.cif	2.96
model_2qnq_272.cif	2.56
model_2qnq_274.cif	1.24
model_2qnq_277.cif	2.31
model_2qnq_280.cif	2.16
model_2qnq_287.cif	1.42
model_2qnq_290.cif	5.37
model_2qnq_293.cif	3.24
model_2qnq_308.cif	3.14
model_2qnq_314.cif	0.74
model_2qnq_326.cif	1.64
model_2qnq_34.cif	2.15
model_2qnq_349.cif	4.43
model_2qnq_367.cif	1.84
model_2qnq_368.cif	1.89
model_2qnq_394.cif	3.33
model_2qnq_397.cif	1.79
model_2qnq_413.cif	4.25
model_2qnq_414.cif	4.22
model_2qnq_429.cif	5.04
model_2qnq_43.cif	0.56
model_2qnq_431.cif	5.11
model_2qnq_433.cif	3.08
model_2qnq_445.cif	3.17
model_2qnq_459.cif	3.03
model_2qnq_462.cif	7.30
model_2qnq_463.cif	4.16
model_2qnq_464.cif	3.27
model_2qnq_475.cif	3.59
model_2qnq_478.cif	5.13
model_2qnq_480.cif	6.61
model_2qnq_484.cif	4.37
model_2qnq_487.cif	4.03
model_2qnq_496.cif	4.13
model_2qnq_512.cif	7.03
model_2qnq_520.cif	7.06
model_2qnq_521.cif	6.54
model_2qnq_538.cif	4.33
model_2qnq_542.cif	5.13
model_2qnq_545.cif	6.33
model_2qnq_552.cif	6.34
model_2qnq_554.cif	6.89
model_2qnq_560.cif	8.21
model_2qnq_563.cif	4.01
model_2qnq_575.cif	4.25
model_2qnq_578.cif	8.80
model_2qnq_590.cif	5.69
model_2qnq_64.cif	1.83
model_2qnq_641.cif	6.40
model_2qnq_645.cif	8.39
model_2qnq_648.cif	7.39
model_2qnq_651.cif	8.27
model_2qnq_652.cif	8.06
model_2qnq_654.cif	7.56
model_2qnq_656.cif	8.20
model_2qnq_666.cif	5.96
model_2qnq_667.cif	8.81
model_2qnq_668.cif	6.58
model_2qnq_670.cif	6.23
model_2qnq_671.cif	7.01
model_2qnq_676.cif	9.01
model_2qnq_679.cif	5.07
model_2qnq_702.cif	0.74
model_2qnq_715.cif	0.95
model_2qnq_758.cif	0.73
model_2qnq_788.cif	5.29
model_2qnq_811.cif	0.97
model_2qnq_ligand.cif	0.00
model_2r9w_124.cif	4.53
model_2r9w_145.cif	5.82
model_2r9w_202.cif	5.86
model_2r9w_206.cif	4.00
model_2r9w_246.cif	6.08
model_2r9w_247.cif	3.96
model_2r9w_307.cif	5.34
model_2r9w_393.cif	6.30
model_2r9w_411.cif	3.97
model_2r9w_449.cif	4.07
model_2r9w_460.cif	3.92
model_2r9w_462.cif	4.42
model_2r9w_478.cif	3.57
model_2r9w_49.cif	4.18
model_2r9w_505.cif	6.82
model_2r9w_513.cif	6.22
model_2r9w_517.cif	7.41
model_2r9w_521.cif	6.65
model_2r9w_522.cif	5.31
model_2r9w_531.cif	7.11
model_2r9w_533.cif	2.81
model_2r9w_538.cif	5.64
model_2r9w_541.cif	7.99
model_2r9w_549.cif	7.33
model_2r9w_558.cif	7.69
model_2r9w_559.cif	5.04
model_2r9w_566.cif	4.89
model_2r9w_579.cif	3.95
model_2r9w_580.cif	6.47
model_2r9w_586.cif	7.83
model_2r9w_592.cif	8.02
model_2r9w_593.cif	8.11
model_2r9w_618.cif	3.85
model_2r9w_640.cif	3.60
model_2r9w_651.cif	6.29
model_2r9w_670.cif	3.81
model_2r9w_671.cif	5.14
model_2r9w_679.cif	4.57
model_2r9w_691.cif	8.36
model_2r9w_708.cif	0.52
model_2r9w_710.cif	0.95
model_2r9w_713.cif	0.53
model_2r9w_717.cif	2.87
model_2r9w_718.cif	1.66
model_2r9w_725.cif	2.22
model_2r9w_734.cif	1.28
model_2r9w_740.cif	3.05
model_2r9w_741.cif	1.36
model_2r9w_744.cif	4.29
model_2r9w_749.cif	1.82
model_2r9w_750.cif	2.13
model_2r9w_759.cif	2.99
model_2r9w_766.cif	2.27
model_2r9w_769.cif	1.10
model_2r9w_772.cif	5.03
model_2r9w_774.cif	1.10
model_2r9w_778.cif	2.13
model_2r9w_779.cif	5.76
model_2r9w_787.cif	4.42
model_2r9w_791.cif	1.12
model_2r9w_794.cif	8.58
model_2r9w_795.cif	1.51
model_2r9w_817.cif	0.97
model_2r9w_828.cif	0.96
model_2r9w_831.cif	4.31
model_2r9w_834.cif	6.60
model_2r9w_839.cif	6.29
model_2r9w_860.cif	2.13
model_2r9w_868.cif	1.60
model_2r9w_869.cif	2.57
model_2r9w_872.cif	5.59
model_2r9w_873.cif	4.89
model_2r9w_881.cif	2.90
model_2r9w_886.cif	1.89
model_2r9w_910.cif	0.78
model_2r9w_911.cif	0.66
model_2r9w_927.cif	0.68
model_2r9w_928.cif	0.75
model_2r9w_949.cif	6.16
model_2r9w_950.cif	0.96
model_2r9w_ligand.cif	0.00
model_2v00_103.cif	7.94
model_2v00_107.cif	8.56
model_2v00_120.cif	5.25
model_2v00_136.cif	7.60
model_2v00_143.cif	8.62
model_2v00_145.cif	5.08
model_2v00_159.cif	8.95
model_2v00_183.cif	7.20
model_2v00_193.cif	8.19
model_2v00_198.cif	8.52
model_2v00_325.cif	6.82
model_2v00_395.cif	8.61
model_2v00_401.cif	3.14
model_2v00_416.cif	4.12
model_2v00_422.cif	3.18
model_2v00_424.cif	1.70
model_2v00_428.cif	0.98
model_2v00_432.cif	1.49
model_2v00_433.cif	2.30
model_2v00_434.cif	2.68
model_2v00_444.cif	2.24
model_2v00_451.cif	4.78
model_2v00_454.cif	2.45
model_2v00_461.cif	1.68
model_2v00_468.cif	1.96
model_2v00_472.cif	6.48
model_2v00_473.cif	5.04
model_2v00_474.cif	2.12
model_2v00_484.cif	5.61
model_2v00_488.cif	2.61
model_2v00_506.cif	5.47
model_2v00_512.cif	6.32
model_2v00_513.cif	4.85
model_2v00_516.cif	1.58
model_2v00_522.cif	6.13
model_2v00_523.cif	7.07
model_2v00_544.cif	1.87
model_2v00_551.cif	6.37
model_2v00_556.cif	3.64
model_2v00_558.cif	7.03
model_2v00_559.cif	8.05
model_2v00_564.cif	2.42
model_2v00_573.cif	4.82
model_2v00_574.cif	3.89
model_2v00_576.cif	2.13
model_2v00_579.cif	7.56
model_2v00_589.cif	5.47
model_2v00_592.cif	7.18
model_2v00_605.cif	1.16
model_2v00_619.cif	1.00
model_2v00_635.cif	3.33
model_2v00_638.cif	6.70
model_2v00_644.cif	4.90
model_2v00_653.cif	6.79
model_2v00_661.cif	3.03
model_2v00_665.cif	6.99
model_2v00_670.cif	6.99
model_2v00_674.cif	5.05
model_2v00_676.cif	4.18
model_2v00_684.cif	4.09
model_2v00_692.cif	6.17
model_2v00_700.cif	4.35
model_2v00_736.cif	3.58
model_2v00_755.cif	1.75
model_2v00_759.cif	7.50
model_2v00_760.cif	8.95
model_2v00_762.cif	3.16
model_2v00_771.cif	3.19
model_2v00_774.cif	8.13
model_2v00_776.cif	5.42
model_2v00_777.cif	5.03
model_2v00_778.cif	7.93
model_2v00_782.cif	4.90
model_2v00_785.cif	2.88
model_2v00_786.cif	1.75
model_2v00_79.cif	0.74
model_2v00_790.cif	4.89
model_2v00_791.cif	3.83
model_2v00_798.cif	7.10
model_2v00_800.cif	5.64
model_2v00_856.cif	1.33
model_2v00_860.cif	9.29
model_2v00_861.cif	2.02
model_2v00_903.cif	8.45
model_2v00_ligand.cif	0.00
model_2v7a_107.cif	9.45
model_2v7a_11.cif	1.89
model_2v7a_130.cif	8.57
model_2v7a_131.cif	6.72
model_2v7a_141.cif	7.60
model_2v7a_142.cif	9.38
model_2v7a_150.cif	4.24
model_2v7a_163.cif	8.66
model_2v7a_173.cif	9.40
model_2v7a_175.cif	9.37
model_2v7a_181.cif	5.13
model_2v7a_278.cif	1.66
model_2v7a_304.cif	0.77
model_2v7a_318.cif	1.04
model_2v7a_321.cif	6.96
model_2v7a_327.cif	7.31
model_2v7a_338.cif	0.60
model_2v7a_355.cif	4.73
model_2v7a_369.cif	9.54
model_2v7a_375.cif	7.00
model_2v7a_379.cif	3.87
model_2v7a_380.cif	0.90
model_2v7a_381.cif	7.53
model_2v7a_388.cif	0.50
model_2v7a_407.cif	2.68
model_2v7a_408.cif	3.16
model_2v7a_416.cif	8.04
model_2v7a_419.cif	8.40
model_2v7a_423.cif	8.53
model_2v7a_424.cif	2.34
model_2v7a_426.cif	6.05
model_2v7a_429.cif	9.53
model_2v7a_431.cif	4.21
model_2v7a_434.cif	2.92
model_2v7a_441.cif	8.28
model_2v7a_444.cif	5.07
model_2v7a_446.cif	7.41
model_2v7a_447.cif	3.44
model_2v7a_448.cif	2.12
model_2v7a_452.cif	6.74
model_2v7a_475.cif	8.56
model_2v7a_478.cif	9.12
model_2v7a_487.cif	5.03
model_2v7a_489.cif	7.22
model_2v7a_494.cif	3.65
model_2v7a_495.cif	8.36
model_2v7a_496.cif	4.25
model_2v7a_498.cif	3.91
model_2v7a_514.cif	5.09
model_2v7a_522.cif	7.03
model_2v7a_523.cif	4.23
model_2v7a_530.cif	4.95
model_2v7a_536.cif	7.82
model_2v7a_548.cif	6.77
model_2v7a_550.cif	8.11
model_2v7a_555.cif	9.12
model_2v7a_557.cif	7.71
model_2v7a_561.cif	9.00
model_2v7a_568.cif	9.14
model_2v7a_572.cif	6.32
model_2v7a_583.cif	7.87
model_2v7a_591.cif	2.94
model_2v7a_592.cif	5.20
model_2v7a_594.cif	5.26
model_2v7a_600.cif	5.57
model_2v7a_606.cif	7.10
model_2v7a_609.cif	2.95
model_2v7a_616.cif	4.37
model_2v7a_621.cif	3.44
model_2v7a_623.cif	3.97
model_2v7a_629.cif	3.92
model_2v7a_632.cif	3.12
model_2v7a_635.cif	6.56
model_2v7a_654.cif	2.92
model_2v7a_663.cif	6.33
model_2v7a_671.cif	5.10
model_2v7a_679.cif	6.40
model_2v7a_684.cif	4.61
model_2v7a_688.cif	3.91
model_2v7a_690.cif	4.82
model_2v7a_693.cif	4.16
model_2v7a_698.cif	5.55
model_2v7a_7.cif	2.14
model_2v7a_733.cif	0.92
model_2v7a_737.cif	1.01
model_2v7a_743.cif	1.77
model_2v7a_744.cif	0.87
model_2v7a_784.cif	1.76
model_2v7a_789.cif	2.12
model_2v7a_820.cif	1.38
model_2v7a_845.cif	0.64
model_2v7a_856.cif	1.09
model_2v7a_859.cif	0.95
model_2v7a_886.cif	2.01
model_2v7a_889.cif	5.35
model_2v7a_973.cif	1.09
model_2v7a_981.cif	0.90
model_2v7a_983.cif	1.29
model_2v7a_985.cif	0.96
model_2v7a_ligand.cif	0.00
model_2vkm_105.cif	8.70
model_2vkm_106.cif	8.10
model_2vkm_152.cif	9.24
model_2vkm_159.cif	4.22
model_2vkm_160.cif	1.89
model_2vkm_192.cif	9.33
model_2vkm_203.cif	5.00
model_2vkm_208.cif	5.77
model_2vkm_215.cif	0.96
model_2vkm_216.cif	4.47
model_2vkm_217.cif	2.00
model_2vkm_226.cif	1.54
model_2vkm_233.cif	8.66
model_2vkm_237.cif	1.46
model_2vkm_241.cif	2.22
model_2vkm_242.cif	2.38
model_2vkm_249.cif	3.62
model_2vkm_257.cif	2.12
model_2vkm_260.cif	5.84
model_2vkm_262.cif	1.26
model_2vkm_263.cif	2.16
model_2vkm_267.cif	4.17
model_2vkm_270.cif	4.36
model_2vkm_273.cif	7.41
model_2vkm_289.cif	2.69
model_2vkm_291.cif	1.89
model_2vkm_292.cif	6.79
model_2vkm_296.cif	1.05
model_2vkm_308.cif	9.11
model_2vkm_314.cif	9.03
model_2vkm_324.cif	3.27
model_2vkm_330.cif	7.26
model_2vkm_338.cif	9.66
model_2vkm_341.cif	6.14
model_2vkm_349.cif	7.19
model_2vkm_363.cif	8.64
model_2vkm_370.cif	8.89
model_2vkm_374.cif	6.56
model_2vkm_381.cif	8.85
model_2vkm_404.cif	2.26
model_2vkm_416.cif	6.11
model_2vkm_424.cif	5.33
model_2vkm_426.cif	8.23
model_2vkm_431.cif	4.88
model_2vkm_433.cif	4.26
model_2vkm_439.cif	3.80
model_2vkm_440.cif	3.60
model_2vkm_441.cif	2.77
model_2vkm_443.cif	6.05
model_2vkm_445.cif	4.50
model_2vkm_453.cif	2.62
model_2vkm_461.cif	4.76
model_2vkm_466.cif	6.80
model_2vkm_471.cif	5.03
model_2vkm_473.cif	3.21
model_2vkm_482.cif	7.56
model_2vkm_485.cif	3.73
model_2vkm_486.cif	5.63
model_2vkm_487.cif	5.59
model_2vkm_494.cif	5.65
model_2vkm_496.cif	7.48
model_2vkm_514.cif	6.29
model_2vkm_517.cif	9.70
model_2vkm_520.cif	4.20
model_2vkm_523.cif	7.20
model_2vkm_530.cif	7.82
model_2vkm_538.cif	7.61
model_2vkm_544.cif	6.78
model_2vkm_554.cif	9.69
model_2vkm_558.cif	8.38
model_2vkm_570.cif	5.79
model_2vkm_573.cif	3.14
model_2vkm_584.cif	6.52
model_2vkm_585.cif	8.79
model_2vkm_589.cif	5.34
model_2vkm_591.cif	3.85
model_2vkm_593.cif	7.96
model_2vkm_594.cif	9.00
model_2vkm_669.cif	9.14
model_2vkm_671.cif	3.23
model_2vkm_672.cif	6.52
model_2vkm_678.cif	5.69
model_2vkm_687.cif	9.23
model_2vkm_691.cif	7.95
model_2vkm_706.cif	0.97
model_2vkm_707.cif	0.95
model_2vkm_710.cif	0.90
model_2vkm_73.cif	9.05
model_2vkm_790.cif	0.78
model_2vkm_806.cif	0.93
model_2vkm_887.cif	3.78
model_2vkm_890.cif	0.71
model_2vkm_920.cif	1.43
model_2vkm_929.cif	2.80
model_2vkm_955.cif	1.47
model_2vkm_963.cif	2.15
model_2vkm_986.cif	2.00
model_2vkm_ligand.cif	0.00
model_2vvn_205.cif	0.61
model_2vvn_391.cif	0.99
model_2vvn_401.cif	1.83
model_2vvn_403.cif	2.43
model_2vvn_405.cif	2.99
model_2vvn_406.cif	1.13
model_2vvn_407.cif	2.07
model_2vvn_409.cif	1.88
model_2vvn_419.cif	2.88
model_2vvn_425.cif	4.05
model_2vvn_426.cif	4.50
model_2vvn_427.cif	4.82
model_2vvn_445.cif	4.31
model_2vvn_449.cif	3.92
model_2vvn_469.cif	5.54
model_2vvn_470.cif	4.10
model_2vvn_720.cif	4.10
model_2vvn_721.cif	0.89
model_2vvn_737.cif	1.26
model_2vvn_744.cif	1.15
model_2vvn_750.cif	2.18
model_2vvn_751.cif	1.85
model_2vvn_757.cif	0.86
model_2vvn_759.cif	3.75
model_2vvn_763.cif	2.21
model_2vvn_765.cif	3.90
model_2vvn_776.cif	3.11
model_2vvn_780.cif	0.83
model_2vvn_782.cif	1.01
model_2vvn_785.cif	3.98
model_2vvn_786.cif	4.02
model_2vvn_787.cif	4.45
model_2vvn_791.cif	4.51
model_2vvn_792.cif	6.01
model_2vvn_793.cif	3.62
model_2vvn_797.cif	4.35
model_2vvn_798.cif	3.93
model_2vvn_799.cif	2.22
model_2vvn_800.cif	2.23
model_2vvn_802.cif	0.44
model_2vvn_829.cif	0.96
model_2vvn_845.cif	1.96
model_2vvn_846.cif	0.87
model_2vvn_854.cif	1.20
model_2vvn_880.cif	3.86
model_2vvn_887.cif	2.02
model_2vvn_900.cif	2.03
model_2vvn_952.cif	0.94
model_2vvn_956.cif	1.58
model_2vvn_967.cif	3.79
model_2vvn_968.cif	5.06
model_2vvn_973.cif	0.91
model_2vvn_977.cif	5.03
model_2vvn_985.cif	3.77
model_2vvn_987.cif	5.16
model_2vvn_992.cif	6.49
model_2vvn_ligand.cif	0.00
model_2vw5_115.cif	0.84
model_2vw5_154.cif	0.37
model_2vw5_160.cif	0.35
model_2vw5_22.cif	0.30
model_2vw5_227.cif	0.60
model_2vw5_249.cif	0.28
model_2vw5_381.cif	0.43
model_2vw5_403.cif	3.24
model_2vw5_407.cif	1.49
model_2vw5_408.cif	5.37
model_2vw5_410.cif	5.14
model_2vw5_411.cif	2.34
model_2vw5_415.cif	2.27
model_2vw5_418.cif	1.50
model_2vw5_420.cif	1.95
model_2vw5_425.cif	1.90
model_2vw5_434.cif	2.44
model_2vw5_441.cif	2.17
model_2vw5_442.cif	4.00
model_2vw5_443.cif	4.21
model_2vw5_467.cif	3.26
model_2vw5_471.cif	3.13
model_2vw5_475.cif	3.40
model_2vw5_477.cif	2.41
model_2vw5_488.cif	4.37
model_2vw5_493.cif	2.67
model_2vw5_516.cif	1.51
model_2vw5_519.cif	1.61
model_2vw5_536.cif	2.05
model_2vw5_537.cif	1.24
model_2vw5_541.cif	5.19
model_2vw5_546.cif	3.95
model_2vw5_552.cif	4.47
model_2vw5_557.cif	3.98
model_2vw5_576.cif	5.03
model_2vw5_585.cif	2.86
model_2vw5_618.cif	4.48
model_2vw5_642.cif	1.93
model_2vw5_645.cif	3.31
model_2vw5_652.cif	4.28
model_2vw5_659.cif	5.23
model_2vw5_661.cif	5.43
model_2vw5_665.cif	5.04
model_2vw5_667.cif	5.01
model_2vw5_670.cif	3.91
model_2vw5_678.cif	1.92
model_2vw5_687.cif	4.81
model_2vw5_688.cif	2.73
model_2vw5_692.cif	2.25
model_2vw5_693.cif	4.74
model_2vw5_695.cif	4.85
model_2vw5_696.cif	5.44
model_2vw5_698.cif	5.08
model_2vw5_736.cif	0.99
model_2vw5_740.cif	0.97
model_2vw5_751.cif	1.10
model_2vw5_762.cif	4.40
model_2vw5_789.cif	3.57
model_2vw5_791.cif	4.56
model_2vw5_900.cif	0.58
model_2vw5_ligand.cif	0.00
model_2w4x_1000.cif	1.77
model_2w4x_156.cif	4.46
model_2w4x_172.cif	3.80
model_2w4x_180.cif	5.28
model_2w4x_190.cif	2.23
model_2w4x_211.cif	0.74
model_2w4x_289.cif	1.03
model_2w4x_296.cif	0.87
model_2w4x_306.cif	1.13
model_2w4x_37.cif	0.68
model_2w4x_405.cif	1.02
model_2w4x_407.cif	0.70
model_2w4x_417.cif	0.86
model_2w4x_420.cif	1.93
model_2w4x_455.cif	2.03
model_2w4x_457.cif	2.46
model_2w4x_459.cif	1.79
model_2w4x_466.cif	3.83
model_2w4x_488.cif	5.21
model_2w4x_519.cif	4.33
model_2w4x_523.cif	3.05
model_2w4x_535.cif	2.24
model_2w4x_541.cif	4.05
model_2w4x_560.cif	2.59
model_2w4x_586.cif	3.09
model_2w4x_595.cif	3.27
model_2w4x_61.cif	0.69
model_2w4x_618.cif	4.91
model_2w4x_668.cif	5.11
model_2w4x_67.cif	0.54
model_2w4x_679.cif	3.98
model_2w4x_690.cif	5.69
model_2w4x_699.cif	5.34
model_2w4x_703.cif	0.62
model_2w4x_705.cif	1.30
model_2w4x_718.cif	0.98
model_2w4x_733.cif	2.55
model_2w4x_741.cif	2.11
model_2w4x_745.cif	3.17
model_2w4x_755.cif	6.14
model_2w4x_756.cif	2.01
model_2w4x_757.cif	7.62
model_2w4x_758.cif	4.55
model_2w4x_765.cif	4.91
model_2w4x_773.cif	6.85
model_2w4x_775.cif	6.24
model_2w4x_780.cif	5.83
model_2w4x_785.cif	4.24
model_2w4x_787.cif	4.35
model_2w4x_788.cif	5.19
model_2w4x_791.cif	6.50
model_2w4x_792.cif	4.89
model_2w4x_794.cif	6.37
model_2w4x_795.cif	6.45
model_2w4x_797.cif	3.75
model_2w4x_816.cif	1.18
model_2w4x_832.cif	5.74
model_2w4x_849.cif	5.39
model_2w4x_862.cif	3.08
model_2w4x_880.cif	5.34
model_2w4x_884.cif	7.65
model_2w4x_890.cif	1.51
model_2w4x_891.cif	2.00
model_2w4x_897.cif	6.04
model_2w4x_898.cif	7.39
model_2w4x_941.cif	0.90
model_2w4x_944.cif	2.50
model_2w4x_954.cif	3.17
model_2w4x_955.cif	6.50
model_2w4x_989.cif	2.40
model_2w4x_991.cif	7.11
model_2w4x_997.cif	4.96
model_2w4x_ligand.cif	0.00
model_2w66_1000.cif	4.42
model_2w66_173.cif	0.83
model_2w66_178.cif	6.11
model_2w66_179.cif	0.91
model_2w66_186.cif	0.83
model_2w66_190.cif	0.53
model_2w66_229.cif	0.59
model_2w66_314.cif	0.54
model_2w66_401.cif	1.68
model_2w66_403.cif	1.58
model_2w66_413.cif	1.39
model_2w66_414.cif	1.77
model_2w66_439.cif	2.80
model_2w66_449.cif	2.73
model_2w66_453.cif	2.28
model_2w66_534.cif	3.26
model_2w66_546.cif	5.70
model_2w66_611.cif	3.59
model_2w66_613.cif	5.34
model_2w66_690.cif	5.91
model_2w66_702.cif	0.36
model_2w66_711.cif	3.56
model_2w66_714.cif	3.99
model_2w66_723.cif	4.94
model_2w66_731.cif	2.21
model_2w66_732.cif	4.39
model_2w66_740.cif	3.67
model_2w66_749.cif	4.13
model_2w66_758.cif	4.23
model_2w66_759.cif	5.77
model_2w66_760.cif	3.39
model_2w66_761.cif	5.03
model_2w66_762.cif	2.34
model_2w66_763.cif	2.09
model_2w66_765.cif	4.90
model_2w66_770.cif	5.68
model_2w66_773.cif	3.27
model_2w66_775.cif	4.40
model_2w66_776.cif	5.08
model_2w66_782.cif	3.51
model_2w66_783.cif	3.85
model_2w66_785.cif	5.99
model_2w66_789.cif	1.84
model_2w66_796.cif	5.07
model_2w66_797.cif	3.03
model_2w66_800.cif	4.03
model_2w66_809.cif	0.81
model_2w66_835.cif	2.83
model_2w66_839.cif	2.14
model_2w66_855.cif	2.44
model_2w66_866.cif	1.73
model_2w66_877.cif	4.36
model_2w66_931.cif	0.92
model_2w66_937.cif	4.69
model_2w66_953.cif	1.17
model_2w66_956.cif	5.06
model_2w66_965.cif	1.96
model_2w66_969.cif	2.66
model_2w66_972.cif	1.31
model_2w66_991.cif	1.62
model_2w66_997.cif	0.97
model_2w66_ligand.cif	0.00
model_2wbg_111.cif	7.33
model_2wbg_117.cif	7.29
model_2wbg_123.cif	5.17
model_2wbg_15.cif	0.77
model_2wbg_153.cif	5.94
model_2wbg_164.cif	4.90
model_2wbg_270.cif	0.74
model_2wbg_309.cif	7.10
model_2wbg_322.cif	6.83
model_2wbg_331.cif	0.93
model_2wbg_336.cif	7.02
model_2wbg_345.cif	6.07
model_2wbg_365.cif	7.09
model_2wbg_367.cif	5.95
model_2wbg_379.cif	5.69
model_2wbg_389.cif	6.13
model_2wbg_4.cif	0.38
model_2wbg_421.cif	2.42
model_2wbg_439.cif	5.48
model_2wbg_467.cif	2.14
model_2wbg_470.cif	3.23
model_2wbg_473.cif	6.16
model_2wbg_492.cif	3.02
model_2wbg_511.cif	5.73
model_2wbg_514.cif	6.12
model_2wbg_521.cif	1.93
model_2wbg_525.cif	1.90
model_2wbg_527.cif	6.27
model_2wbg_533.cif	6.31
model_2wbg_543.cif	3.42
model_2wbg_554.cif	6.14
model_2wbg_559.cif	6.53
model_2wbg_565.cif	4.06
model_2wbg_566.cif	3.15
model_2wbg_588.cif	4.20
model_2wbg_593.cif	3.86
model_2wbg_598.cif	6.15
model_2wbg_625.cif	2.79
model_2wbg_637.cif	2.91
model_2wbg_649.cif	3.05
model_2wbg_650.cif	1.88
model_2wbg_667.cif	4.12
model_2wbg_668.cif	4.13
model_2wbg_688.cif	4.88
model_2wbg_715.cif	0.95
model_2wbg_719.cif	0.68
model_2wbg_721.cif	1.10
model_2wbg_730.cif	2.23
model_2wbg_731.cif	2.35
model_2wbg_734.cif	1.53
model_2wbg_737.cif	1.63
model_2wbg_742.cif	1.07
model_2wbg_747.cif	0.85
model_2wbg_75.cif	0.33
model_2wbg_750.cif	0.90
model_2wbg_754.cif	1.78
model_2wbg_755.cif	0.78
model_2wbg_763.cif	5.02
model_2wbg_767.cif	3.18
model_2wbg_775.cif	2.45
model_2wbg_779.cif	4.52
model_2wbg_781.cif	3.15
model_2wbg_783.cif	5.16
model_2wbg_784.cif	5.65
model_2wbg_786.cif	3.83
model_2wbg_788.cif	1.20
model_2wbg_791.cif	4.06
model_2wbg_792.cif	5.58
model_2wbg_795.cif	4.97
model_2wbg_797.cif	7.14
model_2wbg_880.cif	2.15
model_2wbg_886.cif	4.25
model_2wbg_889.cif	2.98
model_2wbg_897.cif	3.04
model_2wbg_944.cif	2.08
model_2wbg_976.cif	1.96
model_2wbg_ligand.cif	0.00
model_2wca_144.cif	1.94
model_2wca_161.cif	3.26
model_2wca_173.cif	4.15
model_2wca_20.cif	2.86
model_2wca_201.cif	2.03
model_2wca_206.cif	8.14
model_2wca_219.cif	8.16
model_2wca_225.cif	8.06
model_2wca_23.cif	7.92
model_2wca_235.cif	1.82
model_2wca_241.cif	5.13
model_2wca_254.cif	4.41
model_2wca_264.cif	8.39
model_2wca_267.cif	7.57
model_2wca_269.cif	1.99
model_2wca_273.cif	8.08
model_2wca_281.cif	7.32
model_2wca_287.cif	3.86
model_2wca_37.cif	3.36
model_2wca_414.cif	3.47
model_2wca_417.cif	6.08
model_2wca_444.cif	2.38
model_2wca_478.cif	5.91
model_2wca_483.cif	6.76
model_2wca_488.cif	5.62
model_2wca_496.cif	4.47
model_2wca_5.cif	8.64
model_2wca_545.cif	2.18
model_2wca_550.cif	5.45
model_2wca_564.cif	7.01
model_2wca_575.cif	3.99
model_2wca_585.cif	6.61
model_2wca_586.cif	6.76
model_2wca_587.cif	8.14
model_2wca_592.cif	4.02
model_2wca_596.cif	7.52
model_2wca_599.cif	4.60
model_2wca_600.cif	6.90
model_2wca_610.cif	5.98
model_2wca_613.cif	4.58
model_2wca_616.cif	4.85
model_2wca_638.cif	7.22
model_2wca_65.cif	8.43
model_2wca_653.cif	5.72
model_2wca_657.cif	5.58
model_2wca_662.cif	6.89
model_2wca_674.cif	6.72
model_2wca_679.cif	6.56
model_2wca_692.cif	6.76
model_2wca_700.cif	5.60
model_2wca_72.cif	8.55
model_2wca_731.cif	1.88
model_2wca_745.cif	5.87
model_2wca_755.cif	4.32
model_2wca_760.cif	3.00
model_2wca_773.cif	5.59
model_2wca_786.cif	4.41
model_2wca_788.cif	7.39
model_2wca_791.cif	3.93
model_2wca_81.cif	6.20
model_2wca_816.cif	1.99
model_2wca_82.cif	8.28
model_2wca_829.cif	2.05
model_2wca_851.cif	3.13
model_2wca_853.cif	3.97
model_2wca_855.cif	2.74
model_2wca_887.cif	2.80
model_2wca_90.cif	7.46
model_2wca_903.cif	1.81
model_2wca_908.cif	4.24
model_2wca_92.cif	2.46
model_2wca_925.cif	7.05
model_2wca_936.cif	2.85
model_2wca_951.cif	3.72
model_2wca_960.cif	1.99
model_2wca_961.cif	3.72
model_2wca_965.cif	1.83
model_2wca_971.cif	1.69
model_2wca_974.cif	7.32
model_2wca_983.cif	1.98
model_2wca_ligand.cif	0.00
model_2weg_106.cif	2.66
model_2weg_146.cif	0.87
model_2weg_177.cif	0.89
model_2weg_20.cif	0.89
model_2weg_204.cif	0.98
model_2weg_21.cif	1.90
model_2weg_218.cif	0.84
model_2weg_248.cif	1.96
model_2weg_301.cif	3.26
model_2weg_314.cif	0.79
model_2weg_335.cif	1.54
model_2weg_343.cif	2.56
model_2weg_371.cif	1.00
model_2weg_385.cif	0.90
model_2weg_387.cif	0.88
model_2weg_390.cif	3.09
model_2weg_407.cif	1.79
model_2weg_415.cif	2.09
model_2weg_419.cif	4.38
model_2weg_437.cif	3.59
model_2weg_443.cif	1.70
model_2weg_447.cif	2.14
model_2weg_468.cif	3.26
model_2weg_472.cif	2.18
model_2weg_476.cif	4.67
model_2weg_502.cif	2.54
model_2weg_515.cif	1.33
model_2weg_517.cif	5.20
model_2weg_518.cif	4.74
model_2weg_52.cif	1.02
model_2weg_520.cif	4.35
model_2weg_525.cif	3.03
model_2weg_530.cif	1.29
model_2weg_542.cif	5.22
model_2weg_566.cif	3.54
model_2weg_579.cif	3.23
model_2weg_582.cif	2.11
model_2weg_592.cif	2.19
model_2weg_598.cif	3.02
model_2weg_599.cif	1.84
model_2weg_604.cif	2.08
model_2weg_614.cif	3.29
model_2weg_620.cif	1.21
model_2weg_632.cif	6.12
model_2weg_643.cif	4.52
model_2weg_644.cif	3.02
model_2weg_653.cif	6.48
model_2weg_666.cif	5.10
model_2weg_674.cif	4.11
model_2weg_686.cif	5.91
model_2weg_699.cif	4.45
model_2weg_765.cif	4.43
model_2weg_776.cif	4.01
model_2weg_784.cif	5.49
model_2weg_785.cif	4.50
model_2weg_80.cif	2.02
model_2weg_838.cif	0.90
model_2weg_ligand.cif	0.00
model_2wer_112.cif	0.78
model_2wer_123.cif	1.15
model_2wer_170.cif	0.72
model_2wer_177.cif	0.49
model_2wer_337.cif	1.29
model_2wer_345.cif	0.69
model_2wer_390.cif	0.41
model_2wer_403.cif	3.50
model_2wer_404.cif	1.86
model_2wer_414.cif	1.49
model_2wer_419.cif	2.25
model_2wer_422.cif	2.00
model_2wer_424.cif	4.35
model_2wer_426.cif	3.56
model_2wer_437.cif	2.41
model_2wer_439.cif	2.85
model_2wer_441.cif	2.94
model_2wer_442.cif	3.63
model_2wer_445.cif	3.34
model_2wer_447.cif	5.07
model_2wer_459.cif	2.34
model_2wer_460.cif	3.19
model_2wer_463.cif	4.86
model_2wer_473.cif	3.51
model_2wer_478.cif	4.99
model_2wer_479.cif	3.62
model_2wer_485.cif	1.66
model_2wer_486.cif	2.87
model_2wer_489.cif	4.99
model_2wer_557.cif	1.44
model_2wer_57.cif	0.78
model_2wer_570.cif	2.07
model_2wer_580.cif	4.86
model_2wer_581.cif	1.49
model_2wer_589.cif	5.64
model_2wer_596.cif	3.86
model_2wer_646.cif	2.20
model_2wer_658.cif	7.06
model_2wer_663.cif	3.07
model_2wer_669.cif	4.28
model_2wer_676.cif	4.69
model_2wer_678.cif	4.34
model_2wer_688.cif	1.41
model_2wer_697.cif	2.05
model_2wer_719.cif	6.74
model_2wer_728.cif	7.28
model_2wer_73.cif	0.27
model_2wer_737.cif	6.05
model_2wer_739.cif	6.56
model_2wer_740.cif	7.47
model_2wer_743.cif	6.23
model_2wer_745.cif	8.28
model_2wer_751.cif	5.61
model_2wer_752.cif	8.78
model_2wer_759.cif	7.26
model_2wer_763.cif	7.85
model_2wer_764.cif	5.85
model_2wer_765.cif	7.33
model_2wer_767.cif	8.10
model_2wer_768.cif	6.34
model_2wer_769.cif	6.89
model_2wer_773.cif	7.88
model_2wer_774.cif	8.10
model_2wer_775.cif	5.45
model_2wer_777.cif	7.98
model_2wer_779.cif	0.38
model_2wer_790.cif	1.55
model_2wer_792.cif	2.01
model_2wer_810.cif	5.76
model_2wer_812.cif	4.74
model_2wer_838.cif	5.70
model_2wer_853.cif	6.16
model_2wer_858.cif	7.11
model_2wer_866.cif	6.01
model_2wer_88.cif	0.57
model_2wer_888.cif	0.72
model_2wer_899.cif	3.46
model_2wer_920.cif	4.92
model_2wer_934.cif	6.01
model_2wer_935.cif	6.34
model_2wer_941.cif	5.02
model_2wer_944.cif	7.15
model_2wer_952.cif	5.28
model_2wer_957.cif	5.46
model_2wer_ligand.cif	0.00
model_2wn9_105.cif	2.71
model_2wn9_11.cif	4.21
model_2wn9_118.cif	5.45
model_2wn9_12.cif	5.03
model_2wn9_13.cif	4.41
model_2wn9_134.cif	4.42
model_2wn9_136.cif	0.85
model_2wn9_160.cif	0.73
model_2wn9_172.cif	0.41
model_2wn9_175.cif	5.10
model_2wn9_177.cif	4.90
model_2wn9_194.cif	0.69
model_2wn9_2.cif	2.84
model_2wn9_217.cif	6.25
model_2wn9_232.cif	0.52
model_2wn9_247.cif	5.89
model_2wn9_257.cif	4.90
model_2wn9_261.cif	5.88
model_2wn9_275.cif	6.15
model_2wn9_283.cif	5.87
model_2wn9_289.cif	6.11
model_2wn9_299.cif	5.72
model_2wn9_300.cif	6.03
model_2wn9_329.cif	3.65
model_2wn9_333.cif	0.73
model_2wn9_336.cif	0.68
model_2wn9_34.cif	0.50
model_2wn9_376.cif	0.70
model_2wn9_391.cif	0.32
model_2wn9_410.cif	2.14
model_2wn9_411.cif	3.38
model_2wn9_424.cif	2.76
model_2wn9_445.cif	4.06
model_2wn9_448.cif	2.49
model_2wn9_461.cif	3.21
model_2wn9_471.cif	3.92
model_2wn9_474.cif	3.64
model_2wn9_483.cif	5.72
model_2wn9_51.cif	5.81
model_2wn9_525.cif	4.64
model_2wn9_531.cif	6.06
model_2wn9_565.cif	6.38
model_2wn9_570.cif	4.38
model_2wn9_571.cif	3.69
model_2wn9_575.cif	6.15
model_2wn9_586.cif	3.90
model_2wn9_626.cif	2.91
model_2wn9_643.cif	6.40
model_2wn9_662.cif	6.07
model_2wn9_663.cif	3.53
model_2wn9_667.cif	3.41
model_2wn9_675.cif	4.92
model_2wn9_678.cif	1.11
model_2wn9_689.cif	5.59
model_2wn9_737.cif	7.28
model_2wn9_738.cif	6.04
model_2wn9_740.cif	7.26
model_2wn9_749.cif	7.64
model_2wn9_751.cif	7.82
model_2wn9_752.cif	7.37
model_2wn9_753.cif	7.23
model_2wn9_759.cif	3.90
model_2wn9_762.cif	7.22
model_2wn9_80.cif	4.86
model_2wn9_ligand.cif	0.00
model_2wnc_127.cif	0.55
model_2wnc_168.cif	1.45
model_2wnc_267.cif	0.92
model_2wnc_302.cif	0.70
model_2wnc_35.cif	3.02
model_2wnc_370.cif	0.91
model_2wnc_437.cif	6.71
model_2wnc_458.cif	4.02
model_2wnc_473.cif	3.23
model_2wnc_474.cif	2.30
model_2wnc_48.cif	0.87
model_2wnc_498.cif	4.42
model_2wnc_514.cif	1.65
model_2wnc_519.cif	2.67
model_2wnc_525.cif	5.66
model_2wnc_527.cif	5.27
model_2wnc_532.cif	1.79
model_2wnc_536.cif	2.78
model_2wnc_537.cif	3.08
model_2wnc_538.cif	6.70
model_2wnc_539.cif	6.60
model_2wnc_541.cif	7.76
model_2wnc_542.cif	7.51
model_2wnc_554.cif	4.47
model_2wnc_557.cif	6.27
model_2wnc_558.cif	8.48
model_2wnc_561.cif	5.17
model_2wnc_564.cif	8.97
model_2wnc_575.cif	7.92
model_2wnc_578.cif	4.55
model_2wnc_582.cif	6.26
model_2wnc_585.cif	4.03
model_2wnc_587.cif	3.03
model_2wnc_589.cif	4.73
model_2wnc_594.cif	5.18
model_2wnc_595.cif	3.04
model_2wnc_597.cif	8.35
model_2wnc_599.cif	6.26
model_2wnc_600.cif	4.27
model_2wnc_632.cif	7.12
model_2wnc_636.cif	8.12
model_2wnc_645.cif	5.03
model_2wnc_647.cif	6.38
model_2wnc_661.cif	5.99
model_2wnc_664.cif	2.97
model_2wnc_681.cif	5.62
model_2wnc_689.cif	3.66
model_2wnc_702.cif	0.51
model_2wnc_717.cif	2.48
model_2wnc_722.cif	7.88
model_2wnc_723.cif	2.35
model_2wnc_728.cif	8.43
model_2wnc_732.cif	7.44
model_2wnc_734.cif	8.01
model_2wnc_737.cif	2.01
model_2wnc_741.cif	8.07
model_2wnc_744.cif	3.11
model_2wnc_747.cif	4.62
model_2wnc_752.cif	5.03
model_2wnc_754.cif	9.06
model_2wnc_755.cif	3.32
model_2wnc_757.cif	5.33
model_2wnc_760.cif	6.61
model_2wnc_763.cif	8.89
model_2wnc_766.cif	6.90
model_2wnc_770.cif	5.15
model_2wnc_776.cif	7.67
model_2wnc_779.cif	6.25
model_2wnc_780.cif	3.78
model_2wnc_781.cif	9.78
model_2wnc_796.cif	0.56
model_2wnc_825.cif	1.74
model_2wnc_828.cif	4.67
model_2wnc_848.cif	2.37
model_2wnc_849.cif	1.81
model_2wnc_853.cif	9.03
model_2wnc_856.cif	8.16
model_2wnc_860.cif	2.01
model_2wnc_862.cif	8.67
model_2wnc_868.cif	7.28
model_2wnc_872.cif	4.81
model_2wnc_874.cif	7.60
model_2wnc_879.cif	7.65
model_2wnc_891.cif	0.32
model_2wnc_903.cif	0.55
model_2wnc_915.cif	1.59
model_2wnc_928.cif	1.51
model_2wnc_951.cif	2.86
model_2wnc_952.cif	2.00
model_2wnc_969.cif	1.15
model_2wnc_972.cif	3.72
model_2wnc_981.cif	1.06
model_2wnc_99.cif	0.99
model_2wnc_ligand.cif	0.00
model_2wtv_105.cif	0.54
model_2wtv_108.cif	0.49
model_2wtv_118.cif	0.52
model_2wtv_133.cif	1.28
model_2wtv_143.cif	0.78
model_2wtv_144.cif	1.06
model_2wtv_152.cif	5.78
model_2wtv_157.cif	0.95
model_2wtv_159.cif	6.52
model_2wtv_174.cif	0.53
model_2wtv_196.cif	7.02
model_2wtv_20.cif	9.00
model_2wtv_237.cif	1.04
model_2wtv_24.cif	8.98
model_2wtv_240.cif	0.70
model_2wtv_250.cif	9.03
model_2wtv_255.cif	0.88
model_2wtv_260.cif	9.04
model_2wtv_289.cif	1.22
model_2wtv_296.cif	8.94
model_2wtv_317.cif	6.87
model_2wtv_32.cif	8.90
model_2wtv_320.cif	0.40
model_2wtv_328.cif	2.90
model_2wtv_333.cif	7.33
model_2wtv_357.cif	0.50
model_2wtv_376.cif	1.78
model_2wtv_38.cif	9.23
model_2wtv_39.cif	9.04
model_2wtv_401.cif	6.30
model_2wtv_411.cif	2.98
model_2wtv_415.cif	5.91
model_2wtv_421.cif	5.90
model_2wtv_427.cif	4.23
model_2wtv_432.cif	7.14
model_2wtv_436.cif	6.21
model_2wtv_437.cif	3.56
model_2wtv_455.cif	4.21
model_2wtv_459.cif	5.76
model_2wtv_460.cif	7.43
model_2wtv_470.cif	5.08
model_2wtv_477.cif	6.84
model_2wtv_481.cif	7.61
model_2wtv_483.cif	4.50
model_2wtv_486.cif	5.76
model_2wtv_487.cif	5.91
model_2wtv_489.cif	6.30
model_2wtv_498.cif	5.98
model_2wtv_499.cif	6.00
model_2wtv_502.cif	1.20
model_2wtv_506.cif	2.87
model_2wtv_509.cif	1.79
model_2wtv_533.cif	1.84
model_2wtv_534.cif	3.19
model_2wtv_541.cif	6.05
model_2wtv_544.cif	2.23
model_2wtv_547.cif	7.65
model_2wtv_548.cif	2.57
model_2wtv_55.cif	7.06
model_2wtv_551.cif	4.12
model_2wtv_557.cif	3.77
model_2wtv_558.cif	8.29
model_2wtv_561.cif	3.00
model_2wtv_570.cif	7.52
model_2wtv_575.cif	3.41
model_2wtv_576.cif	8.13
model_2wtv_579.cif	3.25
model_2wtv_581.cif	7.66
model_2wtv_584.cif	2.07
model_2wtv_585.cif	7.13
model_2wtv_590.cif	3.38
model_2wtv_591.cif	2.54
model_2wtv_595.cif	1.83
model_2wtv_596.cif	3.04
model_2wtv_602.cif	3.55
model_2wtv_604.cif	3.03
model_2wtv_608.cif	4.09
model_2wtv_611.cif	4.95
model_2wtv_612.cif	9.17
model_2wtv_615.cif	1.93
model_2wtv_624.cif	3.30
model_2wtv_631.cif	5.95
model_2wtv_637.cif	6.64
model_2wtv_644.cif	4.37
model_2wtv_670.cif	6.24
model_2wtv_674.cif	2.81
model_2wtv_675.cif	8.63
model_2wtv_676.cif	4.29
model_2wtv_689.cif	4.51
model_2wtv_691.cif	2.42
model_2wtv_697.cif	4.01
model_2wtv_737.cif	6.29
model_2wtv_78.cif	9.17
model_2wtv_799.cif	8.54
model_2wtv_801.cif	8.34
model_2wtv_804.cif	8.22
model_2wtv_83.cif	9.11
model_2wtv_84.cif	9.06
model_2wtv_90.cif	9.09
model_2wtv_98.cif	9.14
model_2wtv_ligand.cif	0.00
model_2wvt_217.cif	0.34
model_2wvt_266.cif	0.93
model_2wvt_404.cif	1.28
model_2wvt_415.cif	0.95
model_2wvt_442.cif	0.91
model_2wvt_456.cif	0.75
model_2wvt_464.cif	1.72
model_2wvt_474.cif	1.75
model_2wvt_478.cif	2.12
model_2wvt_492.cif	1.47
model_2wvt_510.cif	3.28
model_2wvt_518.cif	0.95
model_2wvt_526.cif	4.26
model_2wvt_529.cif	2.45
model_2wvt_546.cif	3.81
model_2wvt_548.cif	1.20
model_2wvt_552.cif	2.40
model_2wvt_565.cif	3.16
model_2wvt_574.cif	3.54
model_2wvt_579.cif	3.09
model_2wvt_581.cif	3.21
model_2wvt_593.cif	2.91
model_2wvt_615.cif	2.48
model_2wvt_630.cif	1.76
model_2wvt_675.cif	1.95
model_2wvt_678.cif	2.07
model_2wvt_720.cif	1.16
model_2wvt_731.cif	4.02
model_2wvt_736.cif	0.85
model_2wvt_743.cif	3.84
model_2wvt_758.cif	4.00
model_2wvt_762.cif	2.09
model_2wvt_764.cif	2.04
model_2wvt_767.cif	1.54
model_2wvt_770.cif	4.01
model_2wvt_775.cif	1.95
model_2wvt_777.cif	2.41
model_2wvt_780.cif	3.28
model_2wvt_843.cif	2.77
model_2wvt_848.cif	4.06
model_2wvt_859.cif	0.79
model_2wvt_870.cif	4.10
model_2wvt_875.cif	4.90
model_2wvt_884.cif	4.09
model_2wvt_898.cif	4.67
model_2wvt_920.cif	0.89
model_2wvt_922.cif	0.61
model_2wvt_961.cif	3.71
model_2wvt_962.cif	4.20
model_2wvt_982.cif	4.55
model_2wvt_ligand.cif	0.00
model_2x00_123.cif	0.91
model_2x00_144.cif	0.88
model_2x00_174.cif	0.76
model_2x00_234.cif	0.58
model_2x00_335.cif	0.56
model_2x00_345.cif	0.83
model_2x00_410.cif	1.12
model_2x00_447.cif	2.29
model_2x00_464.cif	1.72
model_2x00_470.cif	2.01
model_2x00_487.cif	1.82
model_2x00_498.cif	3.45
model_2x00_499.cif	1.88
model_2x00_500.cif	4.08
model_2x00_509.cif	6.08
model_2x00_528.cif	6.07
model_2x00_53.cif	0.60
model_2x00_539.cif	7.15
model_2x00_551.cif	6.41
model_2x00_565.cif	5.65
model_2x00_573.cif	5.94
model_2x00_576.cif	6.29
model_2x00_583.cif	2.37
model_2x00_586.cif	4.69
model_2x00_587.cif	7.41
model_2x00_594.cif	3.48
model_2x00_604.cif	3.38
model_2x00_609.cif	1.05
model_2x00_611.cif	2.59
model_2x00_633.cif	3.85
model_2x00_634.cif	2.99
model_2x00_654.cif	2.89
model_2x00_701.cif	0.97
model_2x00_705.cif	1.23
model_2x00_709.cif	1.44
model_2x00_716.cif	2.04
model_2x00_721.cif	6.21
model_2x00_725.cif	5.67
model_2x00_731.cif	5.65
model_2x00_732.cif	5.12
model_2x00_736.cif	3.84
model_2x00_742.cif	4.47
model_2x00_748.cif	3.48
model_2x00_749.cif	4.39
model_2x00_760.cif	6.20
model_2x00_761.cif	3.85
model_2x00_767.cif	2.59
model_2x00_771.cif	4.73
model_2x00_778.cif	4.90
model_2x00_779.cif	8.00
model_2x00_786.cif	3.21
model_2x00_789.cif	6.32
model_2x00_791.cif	3.76
model_2x00_798.cif	0.82
model_2x00_817.cif	1.42
model_2x00_818.cif	5.62
model_2x00_822.cif	5.16
model_2x00_835.cif	5.98
model_2x00_843.cif	5.05
model_2x00_853.cif	4.47
model_2x00_874.cif	4.41
model_2x00_882.cif	6.23
model_2x00_889.cif	5.60
model_2x00_891.cif	2.99
model_2x00_907.cif	0.86
model_2x00_911.cif	1.36
model_2x00_929.cif	1.70
model_2x00_935.cif	2.81
model_2x00_945.cif	7.50
model_2x00_963.cif	7.61
model_2x00_966.cif	6.43
model_2x00_969.cif	7.42
model_2x00_971.cif	4.97
model_2x00_972.cif	6.16
model_2x00_986.cif	3.62
model_2x00_992.cif	4.30
model_2x00_ligand.cif	0.00
model_2xb8_133.cif	0.62
model_2xb8_268.cif	0.24
model_2xb8_28.cif	0.66
model_2xb8_282.cif	0.48
model_2xb8_285.cif	0.46
model_2xb8_35.cif	0.74
model_2xb8_408.cif	5.33
model_2xb8_423.cif	1.50
model_2xb8_428.cif	3.04
model_2xb8_433.cif	4.70
model_2xb8_435.cif	2.02
model_2xb8_436.cif	0.84
model_2xb8_437.cif	5.60
model_2xb8_439.cif	1.56
model_2xb8_451.cif	0.87
model_2xb8_452.cif	3.17
model_2xb8_459.cif	2.95
model_2xb8_462.cif	3.10
model_2xb8_464.cif	1.74
model_2xb8_465.cif	4.45
model_2xb8_473.cif	1.90
model_2xb8_478.cif	2.46
model_2xb8_481.cif	3.11
model_2xb8_483.cif	1.64
model_2xb8_484.cif	1.45
model_2xb8_486.cif	0.82
model_2xb8_487.cif	3.32
model_2xb8_490.cif	1.33
model_2xb8_523.cif	4.18
model_2xb8_525.cif	1.45
model_2xb8_537.cif	1.45
model_2xb8_542.cif	3.03
model_2xb8_546.cif	5.87
model_2xb8_556.cif	4.85
model_2xb8_558.cif	5.18
model_2xb8_560.cif	3.17
model_2xb8_568.cif	4.92
model_2xb8_572.cif	6.92
model_2xb8_573.cif	5.74
model_2xb8_574.cif	4.29
model_2xb8_576.cif	2.89
model_2xb8_585.cif	4.08
model_2xb8_587.cif	2.67
model_2xb8_590.cif	6.12
model_2xb8_597.cif	6.29
model_2xb8_616.cif	2.74
model_2xb8_617.cif	5.20
model_2xb8_620.cif	6.22
model_2xb8_635.cif	3.06
model_2xb8_647.cif	6.38
model_2xb8_650.cif	3.49
model_2xb8_657.cif	5.39
model_2xb8_673.cif	6.14
model_2xb8_675.cif	6.12
model_2xb8_676.cif	2.09
model_2xb8_679.cif	5.94
model_2xb8_682.cif	6.11
model_2xb8_684.cif	5.82
model_2xb8_691.cif	4.88
model_2xb8_695.cif	4.79
model_2xb8_697.cif	3.40
model_2xb8_735.cif	0.64
model_2xb8_760.cif	2.69
model_2xb8_761.cif	2.61
model_2xb8_765.cif	6.28
model_2xb8_767.cif	6.03
model_2xb8_768.cif	1.19
model_2xb8_775.cif	5.46
model_2xb8_776.cif	2.25
model_2xb8_ligand.cif	0.00
model_2xbv_103.cif	6.68
model_2xbv_109.cif	9.16
model_2xbv_114.cif	6.20
model_2xbv_119.cif	5.04
model_2xbv_124.cif	5.67
model_2xbv_136.cif	9.06
model_2xbv_137.cif	6.09
model_2xbv_144.cif	7.93
model_2xbv_154.cif	8.48
model_2xbv_157.cif	8.50
model_2xbv_164.cif	7.94
model_2xbv_167.cif	7.41
model_2xbv_184.cif	0.62
model_2xbv_195.cif	1.81
model_2xbv_198.cif	7.07
model_2xbv_199.cif	0.90
model_2xbv_203.cif	0.94
model_2xbv_226.cif	0.49
model_2xbv_23.cif	0.86
model_2xbv_267.cif	0.74
model_2xbv_277.cif	0.72
model_2xbv_293.cif	1.01
model_2xbv_302.cif	1.50
model_2xbv_304.cif	5.57
model_2xbv_309.cif	6.55
model_2xbv_310.cif	8.54
model_2xbv_316.cif	8.10
model_2xbv_317.cif	0.69
model_2xbv_336.cif	6.22
model_2xbv_340.cif	6.46
model_2xbv_344.cif	2.75
model_2xbv_347.cif	8.68
model_2xbv_353.cif	5.67
model_2xbv_355.cif	5.93
model_2xbv_364.cif	7.71
model_2xbv_378.cif	0.90
model_2xbv_385.cif	7.98
model_2xbv_386.cif	8.52
model_2xbv_389.cif	6.03
model_2xbv_391.cif	8.52
model_2xbv_392.cif	1.22
model_2xbv_397.cif	1.59
model_2xbv_399.cif	7.65
model_2xbv_401.cif	2.17
model_2xbv_434.cif	2.32
model_2xbv_435.cif	5.43
model_2xbv_444.cif	2.20
model_2xbv_463.cif	5.49
model_2xbv_475.cif	2.53
model_2xbv_477.cif	2.09
model_2xbv_52.cif	1.08
model_2xbv_532.cif	2.10
model_2xbv_559.cif	5.52
model_2xbv_565.cif	5.57
model_2xbv_746.cif	2.91
model_2xbv_747.cif	4.27
model_2xbv_752.cif	3.42
model_2xbv_753.cif	3.05
model_2xbv_754.cif	2.95
model_2xbv_756.cif	3.29
model_2xbv_761.cif	7.59
model_2xbv_762.cif	6.51
model_2xbv_766.cif	1.78
model_2xbv_769.cif	6.26
model_2xbv_770.cif	3.58
model_2xbv_771.cif	6.36
model_2xbv_773.cif	8.05
model_2xbv_777.cif	8.35
model_2xbv_779.cif	8.70
model_2xbv_780.cif	7.73
model_2xbv_782.cif	3.53
model_2xbv_784.cif	7.77
model_2xbv_8.cif	0.83
model_2xbv_825.cif	1.29
model_2xbv_855.cif	1.60
model_2xbv_866.cif	1.61
model_2xbv_880.cif	2.46
model_2xbv_883.cif	3.93
model_2xbv_884.cif	4.08
model_2xbv_984.cif	5.43
model_2xbv_ligand.cif	0.00
model_2xdl_176.cif	0.96
model_2xdl_192.cif	1.74
model_2xdl_215.cif	0.98
model_2xdl_265.cif	0.47
model_2xdl_268.cif	0.88
model_2xdl_273.cif	1.17
model_2xdl_3.cif	3.88
model_2xdl_329.cif	0.43
model_2xdl_339.cif	0.67
model_2xdl_348.cif	0.94
model_2xdl_396.cif	0.38
model_2xdl_414.cif	5.50
model_2xdl_417.cif	3.02
model_2xdl_420.cif	3.25
model_2xdl_435.cif	1.69
model_2xdl_446.cif	3.03
model_2xdl_484.cif	1.82
model_2xdl_486.cif	2.28
model_2xdl_489.cif	3.81
model_2xdl_495.cif	5.33
model_2xdl_496.cif	5.12
model_2xdl_5.cif	0.77
model_2xdl_500.cif	2.85
model_2xdl_509.cif	4.61
model_2xdl_522.cif	3.34
model_2xdl_525.cif	1.64
model_2xdl_534.cif	2.10
model_2xdl_537.cif	2.42
model_2xdl_539.cif	3.61
model_2xdl_540.cif	1.87
model_2xdl_547.cif	4.82
model_2xdl_549.cif	5.58
model_2xdl_55.cif	0.93
model_2xdl_559.cif	5.12
model_2xdl_560.cif	2.44
model_2xdl_565.cif	6.05
model_2xdl_570.cif	5.07
model_2xdl_574.cif	2.79
model_2xdl_586.cif	5.41
model_2xdl_593.cif	2.57
model_2xdl_595.cif	1.96
model_2xdl_596.cif	5.16
model_2xdl_611.cif	2.12
model_2xdl_612.cif	5.02
model_2xdl_615.cif	4.84
model_2xdl_623.cif	4.54
model_2xdl_628.cif	1.76
model_2xdl_646.cif	5.76
model_2xdl_650.cif	4.52
model_2xdl_660.cif	3.53
model_2xdl_674.cif	4.11
model_2xdl_685.cif	4.65
model_2xdl_691.cif	4.48
model_2xdl_692.cif	2.17
model_2xdl_693.cif	2.98
model_2xdl_739.cif	1.96
model_2xdl_742.cif	3.81
model_2xdl_746.cif	9.90
model_2xdl_747.cif	9.63
model_2xdl_755.cif	9.33
model_2xdl_763.cif	9.44
model_2xdl_768.cif	9.47
model_2xdl_769.cif	9.48
model_2xdl_775.cif	9.54
model_2xdl_776.cif	3.29
model_2xdl_778.cif	9.52
model_2xdl_779.cif	9.38
model_2xdl_783.cif	4.01
model_2xdl_788.cif	9.37
model_2xdl_790.cif	4.87
model_2xdl_99.cif	1.43
model_2xdl_ligand.cif	0.00
model_2xii_108.cif	5.81
model_2xii_131.cif	7.06
model_2xii_137.cif	4.53
model_2xii_146.cif	0.53
model_2xii_151.cif	6.10
model_2xii_185.cif	1.01
model_2xii_199.cif	6.85
model_2xii_237.cif	0.53
model_2xii_238.cif	0.45
model_2xii_252.cif	1.34
model_2xii_253.cif	1.25
model_2xii_293.cif	0.41
model_2xii_355.cif	0.76
model_2xii_397.cif	0.58
model_2xii_401.cif	0.99
model_2xii_402.cif	6.80
model_2xii_406.cif	1.72
model_2xii_407.cif	1.64
model_2xii_409.cif	1.84
model_2xii_413.cif	2.71
model_2xii_414.cif	5.31
model_2xii_415.cif	2.03
model_2xii_417.cif	1.80
model_2xii_419.cif	3.44
model_2xii_426.cif	4.80
model_2xii_427.cif	3.65
model_2xii_429.cif	2.70
model_2xii_435.cif	5.92
model_2xii_436.cif	6.19
model_2xii_438.cif	7.46
model_2xii_445.cif	5.76
model_2xii_451.cif	4.36
model_2xii_452.cif	5.83
model_2xii_456.cif	1.81
model_2xii_459.cif	2.92
model_2xii_464.cif	2.96
model_2xii_467.cif	8.02
model_2xii_468.cif	3.25
model_2xii_469.cif	7.58
model_2xii_470.cif	4.74
model_2xii_471.cif	7.60
model_2xii_49.cif	6.34
model_2xii_492.cif	5.23
model_2xii_494.cif	7.67
model_2xii_496.cif	2.51
model_2xii_497.cif	7.80
model_2xii_513.cif	1.59
model_2xii_525.cif	3.00
model_2xii_528.cif	3.69
model_2xii_535.cif	3.97
model_2xii_542.cif	3.17
model_2xii_547.cif	8.44
model_2xii_550.cif	8.34
model_2xii_552.cif	8.56
model_2xii_554.cif	8.28
model_2xii_558.cif	2.71
model_2xii_561.cif	2.83
model_2xii_564.cif	4.79
model_2xii_567.cif	2.92
model_2xii_570.cif	7.97
model_2xii_576.cif	3.15
model_2xii_584.cif	7.25
model_2xii_586.cif	9.25
model_2xii_593.cif	4.78
model_2xii_594.cif	6.17
model_2xii_621.cif	3.49
model_2xii_637.cif	5.36
model_2xii_641.cif	4.51
model_2xii_661.cif	7.63
model_2xii_665.cif	4.52
model_2xii_674.cif	7.40
model_2xii_683.cif	3.62
model_2xii_688.cif	8.48
model_2xii_69.cif	6.20
model_2xii_696.cif	5.65
model_2xii_705.cif	6.48
model_2xii_715.cif	0.96
model_2xii_729.cif	1.93
model_2xii_757.cif	4.44
model_2xii_760.cif	6.71
model_2xii_762.cif	4.25
model_2xii_763.cif	0.88
model_2xii_765.cif	3.62
model_2xii_822.cif	5.04
model_2xii_84.cif	0.54
model_2xii_968.cif	5.78
model_2xii_97.cif	6.68
model_2xii_ligand.cif	0.00
model_2xj7_118.cif	0.52
model_2xj7_131.cif	0.27
model_2xj7_161.cif	0.39
model_2xj7_254.cif	0.67
model_2xj7_401.cif	0.96
model_2xj7_404.cif	1.85
model_2xj7_405.cif	1.29
model_2xj7_406.cif	1.74
model_2xj7_407.cif	1.70
model_2xj7_409.cif	3.03
model_2xj7_415.cif	2.98
model_2xj7_421.cif	1.74
model_2xj7_455.cif	4.27
model_2xj7_58.cif	1.16
model_2xj7_648.cif	4.18
model_2xj7_652.cif	4.06
model_2xj7_658.cif	3.63
model_2xj7_726.cif	3.35
model_2xj7_735.cif	3.50
model_2xj7_736.cif	1.00
model_2xj7_755.cif	3.00
model_2xj7_756.cif	2.97
model_2xj7_758.cif	4.08
model_2xj7_759.cif	2.37
model_2xj7_761.cif	2.39
model_2xj7_763.cif	3.46
model_2xj7_766.cif	3.19
model_2xj7_769.cif	4.31
model_2xj7_773.cif	2.58
model_2xj7_775.cif	3.39
model_2xj7_777.cif	2.61
model_2xj7_778.cif	2.53
model_2xj7_780.cif	3.42
model_2xj7_781.cif	2.97
model_2xj7_782.cif	4.64
model_2xj7_784.cif	3.39
model_2xj7_786.cif	3.85
model_2xj7_796.cif	0.36
model_2xj7_812.cif	0.40
model_2xj7_839.cif	1.18
model_2xj7_871.cif	1.64
model_2xj7_880.cif	1.11
model_2xj7_888.cif	1.42
model_2xj7_914.cif	0.27
model_2xj7_954.cif	0.98
model_2xj7_ligand.cif	0.00
model_2xnb_159.cif	0.94
model_2xnb_253.cif	0.92
model_2xnb_26.cif	0.79
model_2xnb_280.cif	0.90
model_2xnb_291.cif	0.89
model_2xnb_353.cif	7.64
model_2xnb_354.cif	1.16
model_2xnb_400.cif	8.10
model_2xnb_403.cif	3.54
model_2xnb_409.cif	2.14
model_2xnb_428.cif	5.99
model_2xnb_430.cif	2.47
model_2xnb_434.cif	3.95
model_2xnb_437.cif	2.04
model_2xnb_441.cif	2.90
model_2xnb_446.cif	7.63
model_2xnb_454.cif	5.33
model_2xnb_455.cif	2.55
model_2xnb_459.cif	5.70
model_2xnb_46.cif	1.04
model_2xnb_462.cif	3.84
model_2xnb_463.cif	3.58
model_2xnb_476.cif	3.11
model_2xnb_479.cif	7.67
model_2xnb_481.cif	5.01
model_2xnb_483.cif	3.39
model_2xnb_484.cif	6.95
model_2xnb_487.cif	2.79
model_2xnb_488.cif	2.39
model_2xnb_499.cif	4.12
model_2xnb_517.cif	7.32
model_2xnb_538.cif	8.30
model_2xnb_539.cif	5.33
model_2xnb_545.cif	4.87
model_2xnb_558.cif	4.92
model_2xnb_574.cif	8.47
model_2xnb_584.cif	5.29
model_2xnb_586.cif	5.51
model_2xnb_588.cif	8.36
model_2xnb_590.cif	6.21
model_2xnb_592.cif	4.05
model_2xnb_593.cif	2.91
model_2xnb_596.cif	3.58
model_2xnb_610.cif	6.10
model_2xnb_627.cif	6.58
model_2xnb_633.cif	7.38
model_2xnb_653.cif	8.07
model_2xnb_663.cif	5.21
model_2xnb_674.cif	8.44
model_2xnb_675.cif	4.56
model_2xnb_69.cif	1.13
model_2xnb_694.cif	7.03
model_2xnb_707.cif	5.54
model_2xnb_709.cif	2.09
model_2xnb_717.cif	7.78
model_2xnb_718.cif	3.83
model_2xnb_723.cif	6.80
model_2xnb_724.cif	4.97
model_2xnb_726.cif	7.37
model_2xnb_728.cif	5.20
model_2xnb_729.cif	4.52
model_2xnb_73.cif	8.23
model_2xnb_730.cif	6.24
model_2xnb_733.cif	6.39
model_2xnb_734.cif	7.82
model_2xnb_735.cif	8.05
model_2xnb_737.cif	8.50
model_2xnb_738.cif	4.43
model_2xnb_751.cif	0.63
model_2xnb_770.cif	1.55
model_2xnb_782.cif	4.50
model_2xnb_787.cif	6.96
model_2xnb_795.cif	8.07
model_2xnb_812.cif	3.36
model_2xnb_818.cif	7.93
model_2xnb_827.cif	3.47
model_2xnb_833.cif	4.27
model_2xnb_841.cif	1.28
model_2xnb_846.cif	0.96
model_2xnb_855.cif	1.91
model_2xnb_858.cif	0.80
model_2xnb_896.cif	1.95
model_2xnb_911.cif	1.96
model_2xnb_913.cif	1.21
model_2xnb_918.cif	6.13
model_2xnb_923.cif	1.89
model_2xnb_924.cif	2.17
model_2xnb_934.cif	0.91
model_2xnb_937.cif	6.38
model_2xnb_939.cif	0.94
model_2xnb_ligand.cif	0.00
model_2xys_114.cif	0.78
model_2xys_127.cif	0.46
model_2xys_398.cif	0.44
model_2xys_410.cif	1.00
model_2xys_414.cif	0.95
model_2xys_417.cif	0.88
model_2xys_420.cif	0.96
model_2xys_424.cif	4.00
model_2xys_443.cif	2.02
model_2xys_491.cif	5.42
model_2xys_494.cif	2.84
model_2xys_499.cif	1.73
model_2xys_533.cif	1.73
model_2xys_541.cif	1.58
model_2xys_554.cif	5.31
model_2xys_567.cif	3.12
model_2xys_572.cif	5.04
model_2xys_573.cif	3.96
model_2xys_577.cif	3.82
model_2xys_578.cif	8.42
model_2xys_580.cif	4.89
model_2xys_581.cif	5.40
model_2xys_598.cif	2.93
model_2xys_600.cif	5.61
model_2xys_610.cif	8.06
model_2xys_616.cif	8.20
model_2xys_620.cif	1.87
model_2xys_622.cif	2.52
model_2xys_623.cif	7.90
model_2xys_630.cif	4.55
model_2xys_659.cif	5.44
model_2xys_662.cif	1.57
model_2xys_667.cif	2.53
model_2xys_675.cif	7.57
model_2xys_681.cif	2.35
model_2xys_688.cif	5.78
model_2xys_690.cif	3.51
model_2xys_695.cif	1.83
model_2xys_703.cif	1.39
model_2xys_707.cif	0.58
model_2xys_725.cif	1.61
model_2xys_735.cif	4.14
model_2xys_737.cif	4.16
model_2xys_742.cif	4.31
model_2xys_743.cif	4.27
model_2xys_747.cif	4.95
model_2xys_748.cif	8.67
model_2xys_750.cif	5.03
model_2xys_759.cif	4.41
model_2xys_760.cif	3.85
model_2xys_763.cif	4.71
model_2xys_782.cif	0.42
model_2xys_793.cif	2.01
model_2xys_801.cif	1.91
model_2xys_826.cif	3.06
model_2xys_831.cif	4.20
model_2xys_848.cif	3.75
model_2xys_855.cif	3.75
model_2xys_876.cif	0.53
model_2xys_927.cif	3.53
model_2xys_937.cif	2.85
model_2xys_940.cif	1.99
model_2xys_941.cif	2.48
model_2xys_953.cif	2.95
model_2xys_ligand.cif	0.00
model_2y5h_109.cif	9.45
model_2y5h_111.cif	7.82
model_2y5h_112.cif	9.98
model_2y5h_116.cif	7.75
model_2y5h_119.cif	1.43
model_2y5h_125.cif	8.71
model_2y5h_134.cif	5.29
model_2y5h_137.cif	4.76
model_2y5h_144.cif	6.13
model_2y5h_156.cif	6.99
model_2y5h_158.cif	8.05
model_2y5h_162.cif	9.86
model_2y5h_165.cif	6.09
model_2y5h_178.cif	8.02
model_2y5h_195.cif	7.75
model_2y5h_196.cif	5.32
model_2y5h_198.cif	2.72
model_2y5h_284.cif	0.82
model_2y5h_329.cif	8.52
model_2y5h_342.cif	8.94
model_2y5h_345.cif	8.80
model_2y5h_355.cif	8.86
model_2y5h_364.cif	0.82
model_2y5h_387.cif	8.03
model_2y5h_388.cif	7.09
model_2y5h_389.cif	0.44
model_2y5h_391.cif	0.32
model_2y5h_394.cif	2.20
model_2y5h_405.cif	2.19
model_2y5h_406.cif	1.94
model_2y5h_41.cif	0.99
model_2y5h_410.cif	7.79
model_2y5h_413.cif	3.42
model_2y5h_414.cif	2.35
model_2y5h_416.cif	2.39
model_2y5h_420.cif	2.49
model_2y5h_422.cif	1.88
model_2y5h_432.cif	5.99
model_2y5h_436.cif	1.80
model_2y5h_441.cif	2.27
model_2y5h_446.cif	5.93
model_2y5h_449.cif	5.87
model_2y5h_450.cif	3.51
model_2y5h_463.cif	1.51
model_2y5h_468.cif	4.45
model_2y5h_481.cif	1.73
model_2y5h_483.cif	1.91
model_2y5h_487.cif	3.63
model_2y5h_494.cif	5.65
model_2y5h_498.cif	4.82
model_2y5h_50.cif	2.53
model_2y5h_518.cif	3.14
model_2y5h_520.cif	4.38
model_2y5h_521.cif	5.41
model_2y5h_540.cif	6.22
model_2y5h_549.cif	2.33
model_2y5h_554.cif	8.26
model_2y5h_56.cif	1.04
model_2y5h_580.cif	4.48
model_2y5h_599.cif	3.04
model_2y5h_612.cif	4.81
model_2y5h_614.cif	3.80
model_2y5h_616.cif	0.92
model_2y5h_620.cif	5.44
model_2y5h_624.cif	3.30
model_2y5h_630.cif	4.60
model_2y5h_638.cif	4.62
model_2y5h_641.cif	4.55
model_2y5h_644.cif	3.20
model_2y5h_646.cif	4.92
model_2y5h_658.cif	3.84
model_2y5h_679.cif	7.42
model_2y5h_694.cif	9.50
model_2y5h_696.cif	5.06
model_2y5h_703.cif	0.82
model_2y5h_705.cif	1.93
model_2y5h_710.cif	0.73
model_2y5h_751.cif	7.23
model_2y5h_757.cif	6.91
model_2y5h_762.cif	1.48
model_2y5h_765.cif	7.19
model_2y5h_768.cif	6.29
model_2y5h_777.cif	6.05
model_2y5h_795.cif	1.00
model_2y5h_803.cif	2.61
model_2y5h_831.cif	6.80
model_2y5h_85.cif	0.93
model_2y5h_866.cif	3.36
model_2y5h_870.cif	8.26
model_2y5h_885.cif	7.19
model_2y5h_948.cif	6.73
model_2y5h_955.cif	6.44
model_2y5h_958.cif	5.24
model_2y5h_973.cif	7.22
model_2y5h_ligand.cif	0.00
model_2yfe_115.cif	0.80
model_2yfe_123.cif	0.98
model_2yfe_176.cif	0.89
model_2yfe_23.cif	0.76
model_2yfe_232.cif	5.16
model_2yfe_236.cif	1.25
model_2yfe_240.cif	1.03
model_2yfe_257.cif	0.83
model_2yfe_286.cif	0.90
model_2yfe_4.cif	0.78
model_2yfe_414.cif	3.59
model_2yfe_426.cif	3.06
model_2yfe_437.cif	4.55
model_2yfe_450.cif	2.63
model_2yfe_453.cif	6.55
model_2yfe_458.cif	4.72
model_2yfe_461.cif	3.32
model_2yfe_462.cif	3.25
model_2yfe_464.cif	4.56
model_2yfe_466.cif	2.90
model_2yfe_467.cif	2.85
model_2yfe_470.cif	1.58
model_2yfe_473.cif	5.07
model_2yfe_487.cif	5.06
model_2yfe_489.cif	3.01
model_2yfe_490.cif	1.99
model_2yfe_491.cif	6.04
model_2yfe_492.cif	7.85
model_2yfe_493.cif	5.15
model_2yfe_496.cif	2.71
model_2yfe_502.cif	2.58
model_2yfe_504.cif	5.40
model_2yfe_517.cif	2.97
model_2yfe_52.cif	0.91
model_2yfe_523.cif	6.16
model_2yfe_53.cif	0.73
model_2yfe_538.cif	4.13
model_2yfe_545.cif	3.59
model_2yfe_547.cif	8.16
model_2yfe_548.cif	4.89
model_2yfe_552.cif	6.47
model_2yfe_561.cif	4.39
model_2yfe_564.cif	1.73
model_2yfe_565.cif	6.04
model_2yfe_572.cif	3.83
model_2yfe_574.cif	5.13
model_2yfe_591.cif	5.12
model_2yfe_597.cif	2.42
model_2yfe_599.cif	4.70
model_2yfe_601.cif	7.87
model_2yfe_603.cif	6.15
model_2yfe_608.cif	7.51
model_2yfe_618.cif	4.86
model_2yfe_627.cif	8.50
model_2yfe_637.cif	6.80
model_2yfe_641.cif	5.38
model_2yfe_656.cif	7.86
model_2yfe_657.cif	7.42
model_2yfe_659.cif	1.31
model_2yfe_660.cif	4.85
model_2yfe_667.cif	7.65
model_2yfe_680.cif	7.74
model_2yfe_682.cif	6.48
model_2yfe_688.cif	7.02
model_2yfe_694.cif	6.46
model_2yfe_71.cif	1.06
model_2yfe_722.cif	1.89
model_2yfe_724.cif	2.10
model_2yfe_732.cif	2.89
model_2yfe_737.cif	8.30
model_2yfe_745.cif	5.39
model_2yfe_748.cif	6.41
model_2yfe_753.cif	7.11
model_2yfe_774.cif	3.99
model_2yfe_784.cif	1.90
model_2yfe_800.cif	8.01
model_2yfe_809.cif	8.02
model_2yfe_81.cif	0.72
model_2yfe_813.cif	7.99
model_2yfe_815.cif	8.02
model_2yfe_851.cif	3.31
model_2yfe_931.cif	8.07
model_2yfe_943.cif	5.00
model_2yfe_950.cif	8.01
model_2yfe_960.cif	1.27
model_2yfe_965.cif	8.04
model_2yfe_969.cif	8.10
model_2yfe_971.cif	5.51
model_2yfe_973.cif	3.95
model_2yfe_985.cif	2.97
model_2yfe_ligand.cif	0.00
model_2yge_198.cif	1.01
model_2yge_22.cif	0.57
model_2yge_252.cif	3.68
model_2yge_267.cif	0.62
model_2yge_269.cif	0.89
model_2yge_35.cif	0.83
model_2yge_402.cif	3.06
model_2yge_408.cif	2.39
model_2yge_410.cif	2.95
model_2yge_425.cif	1.95
model_2yge_437.cif	0.89
model_2yge_439.cif	1.68
model_2yge_447.cif	2.79
model_2yge_467.cif	2.24
model_2yge_472.cif	2.92
model_2yge_476.cif	2.33
model_2yge_539.cif	1.43
model_2yge_543.cif	4.01
model_2yge_559.cif	2.02
model_2yge_565.cif	5.12
model_2yge_579.cif	2.84
model_2yge_580.cif	3.23
model_2yge_586.cif	3.79
model_2yge_627.cif	6.31
model_2yge_629.cif	5.51
model_2yge_646.cif	3.92
model_2yge_659.cif	5.36
model_2yge_664.cif	3.85
model_2yge_669.cif	5.69
model_2yge_679.cif	5.21
model_2yge_686.cif	6.17
model_2yge_687.cif	2.83
model_2yge_697.cif	5.29
model_2yge_705.cif	0.91
model_2yge_713.cif	0.85
model_2yge_721.cif	1.12
model_2yge_730.cif	0.84
model_2yge_74.cif	0.68
model_2yge_748.cif	3.82
model_2yge_753.cif	1.12
model_2yge_758.cif	4.36
model_2yge_760.cif	1.37
model_2yge_761.cif	2.14
model_2yge_766.cif	4.79
model_2yge_768.cif	5.20
model_2yge_769.cif	5.02
model_2yge_770.cif	4.29
model_2yge_772.cif	3.94
model_2yge_773.cif	5.03
model_2yge_778.cif	3.24
model_2yge_781.cif	4.09
model_2yge_784.cif	4.11
model_2yge_786.cif	4.16
model_2yge_787.cif	4.86
model_2yge_792.cif	4.21
model_2yge_798.cif	3.64
model_2yge_842.cif	1.25
model_2yge_882.cif	0.97
model_2yge_892.cif	4.66
model_2yge_966.cif	1.08
model_2yge_985.cif	1.20
model_2yge_ligand.cif	0.00
model_2yki_239.cif	0.64
model_2yki_363.cif	0.28
model_2yki_401.cif	0.95
model_2yki_407.cif	0.78
model_2yki_408.cif	2.05
model_2yki_441.cif	1.92
model_2yki_455.cif	1.20
model_2yki_464.cif	4.07
model_2yki_476.cif	2.37
model_2yki_483.cif	3.42
model_2yki_486.cif	2.48
model_2yki_496.cif	3.02
model_2yki_515.cif	3.06
model_2yki_525.cif	5.13
model_2yki_529.cif	1.61
model_2yki_537.cif	2.30
model_2yki_549.cif	3.13
model_2yki_569.cif	3.74
model_2yki_57.cif	0.81
model_2yki_573.cif	3.42
model_2yki_577.cif	5.19
model_2yki_588.cif	1.53
model_2yki_592.cif	2.55
model_2yki_594.cif	5.13
model_2yki_656.cif	4.09
model_2yki_660.cif	6.02
model_2yki_676.cif	3.91
model_2yki_678.cif	4.06
model_2yki_695.cif	5.57
model_2yki_701.cif	0.49
model_2yki_716.cif	4.35
model_2yki_719.cif	3.93
model_2yki_723.cif	2.04
model_2yki_725.cif	1.99
model_2yki_729.cif	8.17
model_2yki_734.cif	4.07
model_2yki_736.cif	8.21
model_2yki_739.cif	8.53
model_2yki_742.cif	8.27
model_2yki_743.cif	8.43
model_2yki_747.cif	5.48
model_2yki_748.cif	3.77
model_2yki_749.cif	7.59
model_2yki_750.cif	8.52
model_2yki_751.cif	8.37
model_2yki_753.cif	9.65
model_2yki_755.cif	7.94
model_2yki_756.cif	8.30
model_2yki_757.cif	8.25
model_2yki_758.cif	6.65
model_2yki_759.cif	8.24
model_2yki_760.cif	5.06
model_2yki_761.cif	9.78
model_2yki_762.cif	7.57
model_2yki_764.cif	6.93
model_2yki_765.cif	1.89
model_2yki_766.cif	5.18
model_2yki_768.cif	4.30
model_2yki_770.cif	5.14
model_2yki_771.cif	6.19
model_2yki_773.cif	6.48
model_2yki_776.cif	6.37
model_2yki_777.cif	5.27
model_2yki_778.cif	5.73
model_2yki_780.cif	2.05
model_2yki_783.cif	4.80
model_2yki_787.cif	4.95
model_2yki_796.cif	2.14
model_2yki_814.cif	1.94
model_2yki_816.cif	1.13
model_2yki_818.cif	0.93
model_2yki_828.cif	1.42
model_2yki_830.cif	0.98
model_2yki_841.cif	1.13
model_2yki_864.cif	3.80
model_2yki_866.cif	4.01
model_2yki_869.cif	7.66
model_2yki_877.cif	7.57
model_2yki_879.cif	4.17
model_2yki_880.cif	6.71
model_2yki_886.cif	6.73
model_2yki_893.cif	0.94
model_2yki_933.cif	0.84
model_2yki_982.cif	2.25
model_2yki_985.cif	2.08
model_2yki_ligand.cif	0.00
model_2ymd_229.cif	0.42
model_2ymd_3.cif	0.40
model_2ymd_403.cif	0.78
model_2ymd_405.cif	1.00
model_2ymd_410.cif	0.83
model_2ymd_416.cif	1.22
model_2ymd_426.cif	1.12
model_2ymd_427.cif	1.19
model_2ymd_433.cif	0.89
model_2ymd_434.cif	4.18
model_2ymd_435.cif	2.38
model_2ymd_436.cif	1.53
model_2ymd_439.cif	3.97
model_2ymd_456.cif	4.03
model_2ymd_458.cif	1.09
model_2ymd_484.cif	1.53
model_2ymd_486.cif	2.57
model_2ymd_489.cif	2.72
model_2ymd_492.cif	4.07
model_2ymd_496.cif	4.49
model_2ymd_497.cif	4.00
model_2ymd_510.cif	3.95
model_2ymd_521.cif	2.06
model_2ymd_533.cif	3.90
model_2ymd_539.cif	2.38
model_2ymd_547.cif	4.09
model_2ymd_555.cif	0.92
model_2ymd_557.cif	4.77
model_2ymd_561.cif	1.00
model_2ymd_567.cif	4.20
model_2ymd_585.cif	1.76
model_2ymd_587.cif	1.52
model_2ymd_588.cif	1.29
model_2ymd_591.cif	4.46
model_2ymd_593.cif	3.86
model_2ymd_618.cif	3.99
model_2ymd_623.cif	3.65
model_2ymd_626.cif	2.66
model_2ymd_651.cif	3.35
model_2ymd_665.cif	3.85
model_2ymd_670.cif	2.52
model_2ymd_672.cif	1.48
model_2ymd_674.cif	2.83
model_2ymd_680.cif	2.05
model_2ymd_681.cif	3.60
model_2ymd_687.cif	2.62
model_2ymd_688.cif	5.63
model_2ymd_694.cif	5.11
model_2ymd_695.cif	4.02
model_2ymd_773.cif	4.38
model_2ymd_889.cif	0.82
model_2ymd_89.cif	0.48
model_2ymd_ligand.cif	0.00
model_2zb1_105.cif	0.77
model_2zb1_16.cif	0.60
model_2zb1_203.cif	0.78
model_2zb1_206.cif	0.78
model_2zb1_329.cif	0.43
model_2zb1_423.cif	1.25
model_2zb1_425.cif	1.17
model_2zb1_426.cif	1.00
model_2zb1_461.cif	2.34
model_2zb1_469.cif	7.14
model_2zb1_475.cif	6.87
model_2zb1_476.cif	2.04
model_2zb1_479.cif	2.06
model_2zb1_485.cif	1.69
model_2zb1_487.cif	1.51
model_2zb1_488.cif	1.81
model_2zb1_494.cif	7.11
model_2zb1_510.cif	0.99
model_2zb1_515.cif	2.02
model_2zb1_533.cif	2.79
model_2zb1_541.cif	4.26
model_2zb1_549.cif	7.48
model_2zb1_55.cif	0.41
model_2zb1_565.cif	4.41
model_2zb1_568.cif	3.57
model_2zb1_570.cif	3.75
model_2zb1_573.cif	7.88
model_2zb1_576.cif	8.43
model_2zb1_577.cif	7.36
model_2zb1_578.cif	7.51
model_2zb1_580.cif	8.30
model_2zb1_581.cif	8.05
model_2zb1_582.cif	7.87
model_2zb1_585.cif	6.59
model_2zb1_588.cif	4.43
model_2zb1_590.cif	6.72
model_2zb1_593.cif	8.34
model_2zb1_597.cif	8.45
model_2zb1_599.cif	6.65
model_2zb1_622.cif	6.68
model_2zb1_626.cif	6.49
model_2zb1_636.cif	1.31
model_2zb1_639.cif	3.60
model_2zb1_645.cif	2.73
model_2zb1_651.cif	3.41
model_2zb1_658.cif	6.76
model_2zb1_660.cif	7.82
model_2zb1_663.cif	4.14
model_2zb1_665.cif	8.35
model_2zb1_667.cif	7.91
model_2zb1_669.cif	1.73
model_2zb1_672.cif	1.52
model_2zb1_673.cif	6.58
model_2zb1_678.cif	6.75
model_2zb1_680.cif	2.03
model_2zb1_683.cif	3.07
model_2zb1_686.cif	7.58
model_2zb1_688.cif	2.30
model_2zb1_689.cif	3.35
model_2zb1_699.cif	4.47
model_2zb1_726.cif	0.89
model_2zb1_741.cif	9.24
model_2zb1_742.cif	8.55
model_2zb1_744.cif	9.02
model_2zb1_745.cif	6.87
model_2zb1_760.cif	8.95
model_2zb1_761.cif	8.90
model_2zb1_763.cif	8.28
model_2zb1_821.cif	2.02
model_2zb1_85.cif	1.04
model_2zb1_875.cif	2.11
model_2zb1_963.cif	1.47
model_2zb1_98.cif	0.63
model_2zb1_ligand.cif	0.00
model_2zcq_1.cif	1.80
model_2zcq_10.cif	1.01
model_2zcq_12.cif	2.94
model_2zcq_168.cif	1.98
model_2zcq_213.cif	2.77
model_2zcq_227.cif	0.85
model_2zcq_254.cif	0.84
model_2zcq_259.cif	0.55
model_2zcq_263.cif	2.07
model_2zcq_27.cif	0.94
model_2zcq_274.cif	3.57
model_2zcq_281.cif	0.92
model_2zcq_284.cif	1.27
model_2zcq_311.cif	0.96
model_2zcq_36.cif	0.56
model_2zcq_369.cif	0.97
model_2zcq_423.cif	7.69
model_2zcq_427.cif	8.05
model_2zcq_432.cif	6.88
model_2zcq_440.cif	4.06
model_2zcq_444.cif	7.45
model_2zcq_447.cif	7.27
model_2zcq_451.cif	8.35
model_2zcq_454.cif	2.55
model_2zcq_457.cif	6.20
model_2zcq_458.cif	8.01
model_2zcq_460.cif	8.09
model_2zcq_461.cif	7.62
model_2zcq_462.cif	6.98
model_2zcq_463.cif	1.67
model_2zcq_468.cif	3.96
model_2zcq_470.cif	7.79
model_2zcq_471.cif	8.00
model_2zcq_473.cif	7.62
model_2zcq_474.cif	1.95
model_2zcq_475.cif	4.13
model_2zcq_48.cif	0.93
model_2zcq_482.cif	4.11
model_2zcq_486.cif	8.45
model_2zcq_498.cif	8.34
model_2zcq_499.cif	5.79
model_2zcq_520.cif	3.24
model_2zcq_525.cif	4.41
model_2zcq_528.cif	3.54
model_2zcq_529.cif	2.17
model_2zcq_542.cif	4.11
model_2zcq_554.cif	9.32
model_2zcq_558.cif	4.34
model_2zcq_563.cif	1.97
model_2zcq_578.cif	3.91
model_2zcq_580.cif	5.30
model_2zcq_581.cif	5.01
model_2zcq_583.cif	2.05
model_2zcq_584.cif	5.35
model_2zcq_587.cif	5.71
model_2zcq_593.cif	8.22
model_2zcq_598.cif	5.90
model_2zcq_606.cif	4.12
model_2zcq_612.cif	2.56
model_2zcq_620.cif	2.52
model_2zcq_628.cif	3.88
model_2zcq_636.cif	1.79
model_2zcq_665.cif	3.81
model_2zcq_669.cif	2.56
model_2zcq_671.cif	2.59
model_2zcq_680.cif	3.11
model_2zcq_682.cif	4.05
model_2zcq_687.cif	9.06
model_2zcq_689.cif	8.84
model_2zcq_707.cif	6.04
model_2zcq_716.cif	7.18
model_2zcq_726.cif	5.97
model_2zcq_743.cif	6.19
model_2zcq_745.cif	8.61
model_2zcq_747.cif	5.37
model_2zcq_756.cif	8.74
model_2zcq_76.cif	0.80
model_2zcq_762.cif	6.66
model_2zcq_769.cif	4.50
model_2zcq_784.cif	3.53
model_2zcq_785.cif	6.79
model_2zcq_786.cif	6.26
model_2zcq_787.cif	4.31
model_2zcq_860.cif	7.79
model_2zcq_88.cif	1.90
model_2zcq_888.cif	6.49
model_2zcq_91.cif	1.06
model_2zcq_927.cif	6.42
model_2zcq_942.cif	5.80
model_2zcq_960.cif	9.07
model_2zcq_961.cif	9.04
model_2zcq_969.cif	7.87
model_2zcq_971.cif	5.43
model_2zcq_98.cif	3.06
model_2zcq_ligand.cif	0.00
model_2zcr_187.cif	0.76
model_2zcr_216.cif	2.30
model_2zcr_273.cif	0.60
model_2zcr_28.cif	2.63
model_2zcr_283.cif	0.93
model_2zcr_294.cif	1.02
model_2zcr_296.cif	0.87
model_2zcr_318.cif	0.91
model_2zcr_324.cif	0.85
model_2zcr_33.cif	1.14
model_2zcr_351.cif	0.85
model_2zcr_358.cif	2.06
model_2zcr_37.cif	0.35
model_2zcr_383.cif	1.39
model_2zcr_398.cif	2.27
model_2zcr_407.cif	8.94
model_2zcr_409.cif	2.49
model_2zcr_418.cif	8.35
model_2zcr_422.cif	9.45
model_2zcr_423.cif	8.39
model_2zcr_424.cif	2.40
model_2zcr_429.cif	6.09
model_2zcr_437.cif	8.92
model_2zcr_438.cif	8.17
model_2zcr_440.cif	2.66
model_2zcr_444.cif	3.33
model_2zcr_447.cif	3.02
model_2zcr_452.cif	8.78
model_2zcr_453.cif	9.47
model_2zcr_460.cif	9.02
model_2zcr_464.cif	1.86
model_2zcr_465.cif	5.48
model_2zcr_466.cif	8.30
model_2zcr_468.cif	8.64
model_2zcr_474.cif	9.25
model_2zcr_475.cif	9.27
model_2zcr_495.cif	1.68
model_2zcr_500.cif	8.82
model_2zcr_52.cif	1.11
model_2zcr_543.cif	3.01
model_2zcr_548.cif	2.17
model_2zcr_557.cif	4.58
model_2zcr_578.cif	3.13
model_2zcr_580.cif	4.08
model_2zcr_589.cif	1.29
model_2zcr_591.cif	2.37
model_2zcr_603.cif	3.13
model_2zcr_625.cif	3.08
model_2zcr_634.cif	4.11
model_2zcr_636.cif	2.91
model_2zcr_658.cif	4.27
model_2zcr_664.cif	1.63
model_2zcr_678.cif	1.53
model_2zcr_699.cif	4.52
model_2zcr_709.cif	5.20
model_2zcr_721.cif	5.72
model_2zcr_723.cif	5.62
model_2zcr_730.cif	3.45
model_2zcr_737.cif	4.05
model_2zcr_746.cif	4.41
model_2zcr_75.cif	0.70
model_2zcr_762.cif	6.22
model_2zcr_765.cif	3.88
model_2zcr_767.cif	8.63
model_2zcr_769.cif	7.14
model_2zcr_772.cif	6.19
model_2zcr_776.cif	5.67
model_2zcr_777.cif	5.83
model_2zcr_778.cif	5.86
model_2zcr_780.cif	7.57
model_2zcr_781.cif	9.60
model_2zcr_782.cif	5.44
model_2zcr_783.cif	5.43
model_2zcr_786.cif	6.35
model_2zcr_787.cif	6.88
model_2zcr_788.cif	4.06
model_2zcr_8.cif	1.40
model_2zcr_80.cif	0.90
model_2zcr_834.cif	5.62
model_2zcr_846.cif	3.29
model_2zcr_869.cif	4.29
model_2zcr_877.cif	3.77
model_2zcr_882.cif	6.04
model_2zcr_883.cif	4.54
model_2zcr_ligand.cif	0.00
model_2zda_101.cif	6.05
model_2zda_108.cif	4.88
model_2zda_116.cif	7.68
model_2zda_132.cif	5.82
model_2zda_142.cif	0.67
model_2zda_156.cif	6.22
model_2zda_157.cif	5.18
model_2zda_167.cif	1.59
model_2zda_170.cif	0.93
model_2zda_174.cif	6.49
model_2zda_182.cif	7.01
model_2zda_192.cif	6.58
model_2zda_196.cif	6.00
model_2zda_2.cif	0.98
model_2zda_205.cif	1.96
model_2zda_212.cif	3.12
model_2zda_218.cif	6.90
model_2zda_224.cif	6.66
model_2zda_23.cif	0.75
model_2zda_232.cif	0.74
model_2zda_255.cif	3.96
model_2zda_259.cif	2.67
model_2zda_262.cif	2.07
model_2zda_264.cif	0.76
model_2zda_266.cif	2.90
model_2zda_27.cif	2.56
model_2zda_270.cif	1.48
model_2zda_272.cif	1.23
model_2zda_274.cif	1.84
model_2zda_277.cif	0.43
model_2zda_289.cif	8.89
model_2zda_29.cif	0.62
model_2zda_295.cif	5.88
model_2zda_299.cif	0.46
model_2zda_302.cif	8.02
model_2zda_311.cif	8.14
model_2zda_338.cif	4.07
model_2zda_345.cif	7.45
model_2zda_379.cif	4.82
model_2zda_382.cif	7.50
model_2zda_391.cif	5.69
model_2zda_393.cif	6.27
model_2zda_414.cif	6.69
model_2zda_429.cif	5.52
model_2zda_434.cif	4.91
model_2zda_435.cif	2.37
model_2zda_442.cif	7.53
model_2zda_447.cif	4.68
model_2zda_45.cif	3.46
model_2zda_470.cif	8.42
model_2zda_498.cif	2.03
model_2zda_5.cif	1.73
model_2zda_500.cif	4.96
model_2zda_506.cif	6.91
model_2zda_525.cif	1.93
model_2zda_533.cif	1.93
model_2zda_54.cif	3.71
model_2zda_558.cif	5.73
model_2zda_561.cif	3.57
model_2zda_573.cif	2.80
model_2zda_589.cif	7.38
model_2zda_615.cif	4.82
model_2zda_627.cif	7.10
model_2zda_633.cif	2.04
model_2zda_643.cif	7.50
model_2zda_664.cif	6.67
model_2zda_671.cif	7.86
model_2zda_677.cif	5.56
model_2zda_694.cif	8.42
model_2zda_698.cif	3.75
model_2zda_739.cif	2.70
model_2zda_748.cif	1.17
model_2zda_751.cif	4.06
model_2zda_753.cif	3.72
model_2zda_758.cif	5.42
model_2zda_763.cif	3.08
model_2zda_766.cif	3.98
model_2zda_767.cif	5.27
model_2zda_772.cif	4.34
model_2zda_773.cif	3.86
model_2zda_777.cif	2.95
model_2zda_80.cif	4.93
model_2zda_835.cif	0.93
model_2zda_860.cif	1.04
model_2zda_89.cif	7.03
model_2zda_ligand.cif	0.00
model_2zy1_109.cif	2.07
model_2zy1_113.cif	2.40
model_2zy1_119.cif	1.42
model_2zy1_130.cif	1.92
model_2zy1_160.cif	2.66
model_2zy1_163.cif	2.74
model_2zy1_165.cif	2.59
model_2zy1_166.cif	1.52
model_2zy1_171.cif	2.00
model_2zy1_172.cif	0.95
model_2zy1_173.cif	3.60
model_2zy1_175.cif	1.13
model_2zy1_214.cif	2.00
model_2zy1_216.cif	7.01
model_2zy1_220.cif	5.63
model_2zy1_224.cif	3.71
model_2zy1_225.cif	2.29
model_2zy1_231.cif	9.06
model_2zy1_233.cif	6.03
model_2zy1_234.cif	5.92
model_2zy1_241.cif	7.36
model_2zy1_246.cif	3.49
model_2zy1_251.cif	4.30
model_2zy1_256.cif	3.33
model_2zy1_257.cif	5.33
model_2zy1_264.cif	2.26
model_2zy1_273.cif	4.73
model_2zy1_292.cif	4.50
model_2zy1_306.cif	4.17
model_2zy1_328.cif	6.04
model_2zy1_335.cif	3.48
model_2zy1_35.cif	6.03
model_2zy1_396.cif	1.90
model_2zy1_410.cif	4.04
model_2zy1_411.cif	7.67
model_2zy1_415.cif	6.96
model_2zy1_418.cif	8.50
model_2zy1_421.cif	8.57
model_2zy1_422.cif	3.71
model_2zy1_435.cif	7.22
model_2zy1_451.cif	8.21
model_2zy1_452.cif	4.11
model_2zy1_453.cif	3.86
model_2zy1_457.cif	6.80
model_2zy1_461.cif	9.18
model_2zy1_463.cif	3.95
model_2zy1_464.cif	9.09
model_2zy1_468.cif	2.27
model_2zy1_469.cif	2.18
model_2zy1_473.cif	9.10
model_2zy1_475.cif	5.10
model_2zy1_476.cif	7.97
model_2zy1_482.cif	8.28
model_2zy1_483.cif	8.78
model_2zy1_484.cif	1.82
model_2zy1_490.cif	8.64
model_2zy1_495.cif	9.63
model_2zy1_496.cif	8.01
model_2zy1_50.cif	5.86
model_2zy1_500.cif	9.44
model_2zy1_539.cif	5.31
model_2zy1_542.cif	7.86
model_2zy1_556.cif	8.91
model_2zy1_561.cif	6.41
model_2zy1_575.cif	2.03
model_2zy1_598.cif	8.90
model_2zy1_603.cif	9.85
model_2zy1_606.cif	7.07
model_2zy1_608.cif	6.67
model_2zy1_615.cif	9.59
model_2zy1_622.cif	5.26
model_2zy1_631.cif	8.01
model_2zy1_669.cif	5.93
model_2zy1_670.cif	9.08
model_2zy1_675.cif	6.31
model_2zy1_684.cif	4.04
model_2zy1_739.cif	1.57
model_2zy1_746.cif	7.95
model_2zy1_753.cif	6.84
model_2zy1_756.cif	3.90
model_2zy1_76.cif	6.13
model_2zy1_769.cif	7.33
model_2zy1_771.cif	7.41
model_2zy1_778.cif	4.43
model_2zy1_81.cif	5.77
model_2zy1_845.cif	4.93
model_2zy1_885.cif	5.06
model_2zy1_911.cif	1.70
model_2zy1_916.cif	3.47
model_2zy1_985.cif	9.07
model_2zy1_992.cif	4.34
model_2zy1_ligand.cif	0.00
model_3acw_145.cif	1.36
model_3acw_281.cif	1.61
model_3acw_411.cif	0.85
model_3acw_432.cif	1.59
model_3acw_435.cif	0.80
model_3acw_445.cif	2.20
model_3acw_451.cif	6.60
model_3acw_455.cif	0.89
model_3acw_465.cif	0.94
model_3acw_467.cif	6.67
model_3acw_480.cif	6.34
model_3acw_486.cif	3.24
model_3acw_492.cif	6.52
model_3acw_500.cif	2.13
model_3acw_525.cif	3.57
model_3acw_531.cif	3.17
model_3acw_537.cif	4.20
model_3acw_542.cif	4.12
model_3acw_547.cif	4.74
model_3acw_552.cif	7.01
model_3acw_559.cif	3.38
model_3acw_562.cif	3.60
model_3acw_566.cif	4.47
model_3acw_578.cif	4.37
model_3acw_592.cif	6.50
model_3acw_608.cif	4.09
model_3acw_612.cif	3.69
model_3acw_624.cif	1.64
model_3acw_625.cif	5.07
model_3acw_629.cif	7.06
model_3acw_635.cif	5.07
model_3acw_636.cif	0.88
model_3acw_642.cif	4.93
model_3acw_644.cif	1.38
model_3acw_645.cif	5.49
model_3acw_659.cif	7.85
model_3acw_661.cif	4.26
model_3acw_664.cif	4.65
model_3acw_667.cif	2.13
model_3acw_676.cif	3.80
model_3acw_678.cif	2.08
model_3acw_681.cif	4.10
model_3acw_697.cif	2.02
model_3acw_700.cif	1.23
model_3acw_720.cif	8.50
model_3acw_721.cif	2.32
model_3acw_722.cif	8.58
model_3acw_723.cif	2.46
model_3acw_730.cif	8.39
model_3acw_732.cif	1.18
model_3acw_735.cif	8.46
model_3acw_737.cif	9.53
model_3acw_738.cif	8.15
model_3acw_740.cif	1.68
model_3acw_741.cif	8.20
model_3acw_743.cif	9.42
model_3acw_744.cif	9.35
model_3acw_745.cif	9.39
model_3acw_746.cif	9.16
model_3acw_749.cif	3.75
model_3acw_750.cif	2.54
model_3acw_757.cif	6.65
model_3acw_760.cif	9.51
model_3acw_763.cif	6.76
model_3acw_776.cif	5.56
model_3acw_780.cif	5.55
model_3acw_781.cif	6.80
model_3acw_791.cif	6.33
model_3acw_797.cif	6.35
model_3acw_809.cif	0.58
model_3acw_860.cif	1.88
model_3acw_861.cif	8.22
model_3acw_865.cif	9.22
model_3acw_866.cif	8.48
model_3acw_870.cif	8.14
model_3acw_872.cif	9.07
model_3acw_877.cif	3.26
model_3acw_879.cif	2.16
model_3acw_883.cif	9.20
model_3acw_888.cif	8.19
model_3acw_905.cif	0.73
model_3acw_939.cif	0.85
model_3acw_951.cif	0.94
model_3acw_968.cif	3.04
model_3acw_977.cif	2.94
model_3acw_99.cif	0.79
model_3acw_998.cif	1.66
model_3acw_ligand.cif	0.00
model_3ag9_123.cif	7.46
model_3ag9_14.cif	4.88
model_3ag9_159.cif	5.69
model_3ag9_163.cif	6.84
model_3ag9_184.cif	9.32
model_3ag9_189.cif	8.77
model_3ag9_19.cif	9.36
model_3ag9_203.cif	3.63
model_3ag9_209.cif	6.16
model_3ag9_21.cif	8.25
model_3ag9_210.cif	9.75
model_3ag9_213.cif	7.63
model_3ag9_220.cif	10.00
model_3ag9_234.cif	9.36
model_3ag9_24.cif	9.84
model_3ag9_240.cif	5.60
model_3ag9_251.cif	9.72
model_3ag9_254.cif	7.62
model_3ag9_264.cif	9.26
model_3ag9_270.cif	5.65
model_3ag9_278.cif	5.38
model_3ag9_28.cif	3.10
model_3ag9_283.cif	4.72
model_3ag9_287.cif	7.97
model_3ag9_292.cif	8.13
model_3ag9_3.cif	8.44
model_3ag9_304.cif	4.56
model_3ag9_305.cif	9.97
model_3ag9_306.cif	8.83
model_3ag9_337.cif	5.55
model_3ag9_340.cif	6.21
model_3ag9_352.cif	5.20
model_3ag9_357.cif	8.78
model_3ag9_365.cif	6.01
model_3ag9_378.cif	6.28
model_3ag9_38.cif	6.86
model_3ag9_387.cif	5.76
model_3ag9_392.cif	4.21
model_3ag9_399.cif	3.35
model_3ag9_413.cif	3.99
model_3ag9_489.cif	7.64
model_3ag9_49.cif	4.20
model_3ag9_495.cif	5.59
model_3ag9_498.cif	4.74
model_3ag9_520.cif	8.30
model_3ag9_543.cif	9.75
model_3ag9_569.cif	7.89
model_3ag9_62.cif	6.06
model_3ag9_667.cif	4.85
model_3ag9_679.cif	5.52
model_3ag9_685.cif	6.74
model_3ag9_69.cif	7.77
model_3ag9_712.cif	3.32
model_3ag9_720.cif	3.93
model_3ag9_724.cif	3.74
model_3ag9_734.cif	4.39
model_3ag9_735.cif	3.56
model_3ag9_738.cif	3.07
model_3ag9_741.cif	3.85
model_3ag9_746.cif	7.34
model_3ag9_754.cif	8.20
model_3ag9_762.cif	5.93
model_3ag9_764.cif	6.37
model_3ag9_77.cif	8.98
model_3ag9_772.cif	7.45
model_3ag9_828.cif	8.94
model_3ag9_841.cif	2.79
model_3ag9_850.cif	2.93
model_3ag9_891.cif	2.82
model_3ag9_9.cif	4.92
model_3ag9_934.cif	2.78
model_3ag9_951.cif	6.33
model_3ag9_968.cif	4.43
model_3ag9_97.cif	7.23
model_3ag9_1001.cif	1.87
model_3ag9_1002.cif	1.57
model_3ag9_1003.cif	1.94
model_3ag9_1004.cif	1.99
model_3ag9_1005.cif	1.95
model_3ag9_1006.cif	1.92
model_3ag9_1007.cif	1.36
model_3ag9_1008.cif	1.62
model_3ag9_1009.cif	1.75
model_3ag9_1010.cif	2.00
model_3ag9_ligand.cif	0.00
model_3ao4_102.cif	2.60
model_3ao4_115.cif	0.50
model_3ao4_117.cif	4.83
model_3ao4_118.cif	8.09
model_3ao4_165.cif	0.61
model_3ao4_174.cif	8.02
model_3ao4_195.cif	0.68
model_3ao4_200.cif	0.55
model_3ao4_281.cif	0.56
model_3ao4_350.cif	0.65
model_3ao4_385.cif	0.78
model_3ao4_420.cif	3.01
model_3ao4_428.cif	3.69
model_3ao4_438.cif	1.48
model_3ao4_440.cif	3.67
model_3ao4_443.cif	3.74
model_3ao4_446.cif	2.26
model_3ao4_451.cif	1.42
model_3ao4_456.cif	0.80
model_3ao4_473.cif	4.46
model_3ao4_476.cif	3.02
model_3ao4_477.cif	2.43
model_3ao4_479.cif	1.63
model_3ao4_481.cif	0.91
model_3ao4_499.cif	1.79
model_3ao4_520.cif	2.62
model_3ao4_572.cif	3.36
model_3ao4_582.cif	3.42
model_3ao4_585.cif	2.26
model_3ao4_593.cif	3.65
model_3ao4_628.cif	2.62
model_3ao4_650.cif	3.62
model_3ao4_655.cif	1.60
model_3ao4_657.cif	2.03
model_3ao4_661.cif	4.66
model_3ao4_691.cif	2.59
model_3ao4_715.cif	5.05
model_3ao4_718.cif	5.66
model_3ao4_730.cif	1.78
model_3ao4_731.cif	5.00
model_3ao4_736.cif	7.30
model_3ao4_744.cif	7.14
model_3ao4_749.cif	5.66
model_3ao4_750.cif	7.84
model_3ao4_752.cif	6.95
model_3ao4_755.cif	8.49
model_3ao4_757.cif	8.21
model_3ao4_758.cif	8.71
model_3ao4_759.cif	7.57
model_3ao4_760.cif	8.13
model_3ao4_762.cif	9.41
model_3ao4_763.cif	7.74
model_3ao4_764.cif	8.29
model_3ao4_765.cif	9.65
model_3ao4_766.cif	9.35
model_3ao4_768.cif	8.50
model_3ao4_769.cif	7.46
model_3ao4_771.cif	7.42
model_3ao4_772.cif	7.33
model_3ao4_773.cif	6.64
model_3ao4_774.cif	7.77
model_3ao4_776.cif	6.20
model_3ao4_779.cif	6.36
model_3ao4_780.cif	2.12
model_3ao4_784.cif	0.79
model_3ao4_787.cif	1.52
model_3ao4_788.cif	1.79
model_3ao4_800.cif	5.00
model_3ao4_803.cif	4.96
model_3ao4_808.cif	5.18
model_3ao4_850.cif	5.83
model_3ao4_862.cif	6.22
model_3ao4_870.cif	4.79
model_3ao4_871.cif	8.73
model_3ao4_878.cif	5.90
model_3ao4_880.cif	6.16
model_3ao4_889.cif	6.40
model_3ao4_909.cif	2.47
model_3ao4_910.cif	4.75
model_3ao4_915.cif	1.13
model_3ao4_925.cif	1.14
model_3ao4_928.cif	5.00
model_3ao4_943.cif	5.65
model_3ao4_953.cif	6.87
model_3ao4_958.cif	3.16
model_3ao4_959.cif	6.83
model_3ao4_962.cif	5.43
model_3ao4_964.cif	4.55
model_3ao4_965.cif	7.36
model_3ao4_966.cif	5.18
model_3ao4_976.cif	6.11
model_3ao4_978.cif	5.17
model_3ao4_ligand.cif	0.00
model_3arp_103.cif	4.72
model_3arp_17.cif	1.39
model_3arp_176.cif	4.02
model_3arp_181.cif	3.97
model_3arp_190.cif	1.66
model_3arp_198.cif	2.36
model_3arp_203.cif	1.84
model_3arp_211.cif	2.77
model_3arp_214.cif	3.11
model_3arp_223.cif	3.94
model_3arp_227.cif	4.10
model_3arp_231.cif	2.52
model_3arp_232.cif	3.30
model_3arp_235.cif	2.04
model_3arp_245.cif	3.12
model_3arp_248.cif	1.81
model_3arp_252.cif	2.85
model_3arp_254.cif	3.03
model_3arp_255.cif	2.87
model_3arp_258.cif	3.22
model_3arp_284.cif	1.83
model_3arp_289.cif	4.03
model_3arp_290.cif	5.34
model_3arp_299.cif	2.63
model_3arp_324.cif	1.92
model_3arp_330.cif	2.39
model_3arp_333.cif	2.25
model_3arp_347.cif	1.95
model_3arp_353.cif	9.42
model_3arp_357.cif	1.41
model_3arp_365.cif	3.44
model_3arp_367.cif	1.92
model_3arp_37.cif	0.97
model_3arp_371.cif	8.50
model_3arp_380.cif	9.24
model_3arp_394.cif	2.82
model_3arp_407.cif	8.94
model_3arp_419.cif	6.80
model_3arp_420.cif	5.53
model_3arp_425.cif	9.12
model_3arp_431.cif	7.93
model_3arp_447.cif	4.47
model_3arp_448.cif	7.44
model_3arp_449.cif	7.92
model_3arp_46.cif	6.03
model_3arp_496.cif	9.02
model_3arp_505.cif	4.55
model_3arp_509.cif	7.24
model_3arp_516.cif	4.67
model_3arp_517.cif	6.69
model_3arp_540.cif	7.09
model_3arp_549.cif	6.59
model_3arp_551.cif	8.65
model_3arp_558.cif	6.90
model_3arp_562.cif	5.56
model_3arp_570.cif	6.80
model_3arp_574.cif	5.78
model_3arp_575.cif	5.66
model_3arp_585.cif	6.52
model_3arp_6.cif	1.63
model_3arp_605.cif	8.72
model_3arp_607.cif	8.30
model_3arp_615.cif	8.34
model_3arp_620.cif	8.21
model_3arp_623.cif	9.06
model_3arp_632.cif	9.09
model_3arp_641.cif	5.66
model_3arp_650.cif	7.80
model_3arp_653.cif	7.24
model_3arp_658.cif	9.29
model_3arp_67.cif	0.98
model_3arp_671.cif	6.41
model_3arp_674.cif	9.07
model_3arp_679.cif	8.41
model_3arp_684.cif	8.42
model_3arp_703.cif	7.32
model_3arp_73.cif	3.08
model_3arp_734.cif	5.52
model_3arp_750.cif	4.85
model_3arp_752.cif	3.95
model_3arp_781.cif	5.93
model_3arp_783.cif	4.57
model_3arp_784.cif	5.28
model_3arp_785.cif	6.96
model_3arp_787.cif	7.33
model_3arp_790.cif	4.92
model_3arp_89.cif	5.59
model_3arp_909.cif	6.28
model_3arp_951.cif	8.39
model_3arp_963.cif	7.11
model_3arp_ligand.cif	0.00
model_3arq_117.cif	6.01
model_3arq_197.cif	2.10
model_3arq_206.cif	8.18
model_3arq_209.cif	1.57
model_3arq_221.cif	2.16
model_3arq_227.cif	8.57
model_3arq_228.cif	3.16
model_3arq_231.cif	1.04
model_3arq_236.cif	2.53
model_3arq_242.cif	4.98
model_3arq_245.cif	9.87
model_3arq_256.cif	4.77
model_3arq_258.cif	6.91
model_3arq_265.cif	5.34
model_3arq_287.cif	9.05
model_3arq_293.cif	2.15
model_3arq_314.cif	1.78
model_3arq_328.cif	1.50
model_3arq_338.cif	1.58
model_3arq_339.cif	1.86
model_3arq_346.cif	1.57
model_3arq_358.cif	0.92
model_3arq_392.cif	1.35
model_3arq_404.cif	5.52
model_3arq_406.cif	7.92
model_3arq_422.cif	5.21
model_3arq_426.cif	5.51
model_3arq_430.cif	4.99
model_3arq_432.cif	6.95
model_3arq_443.cif	6.00
model_3arq_444.cif	4.17
model_3arq_445.cif	4.86
model_3arq_449.cif	5.44
model_3arq_451.cif	7.60
model_3arq_464.cif	5.89
model_3arq_466.cif	6.98
model_3arq_474.cif	4.14
model_3arq_478.cif	5.12
model_3arq_483.cif	5.92
model_3arq_485.cif	7.56
model_3arq_508.cif	8.87
model_3arq_511.cif	6.30
model_3arq_513.cif	4.54
model_3arq_515.cif	6.04
model_3arq_529.cif	3.01
model_3arq_534.cif	7.35
model_3arq_535.cif	9.18
model_3arq_543.cif	8.58
model_3arq_545.cif	7.21
model_3arq_550.cif	2.70
model_3arq_556.cif	4.45
model_3arq_565.cif	8.55
model_3arq_566.cif	3.78
model_3arq_571.cif	2.22
model_3arq_575.cif	3.46
model_3arq_577.cif	3.93
model_3arq_581.cif	4.63
model_3arq_584.cif	8.15
model_3arq_587.cif	7.80
model_3arq_596.cif	3.04
model_3arq_601.cif	6.91
model_3arq_606.cif	7.56
model_3arq_607.cif	8.98
model_3arq_611.cif	9.62
model_3arq_620.cif	9.84
model_3arq_625.cif	7.39
model_3arq_626.cif	9.64
model_3arq_639.cif	9.10
model_3arq_643.cif	8.72
model_3arq_645.cif	9.08
model_3arq_647.cif	6.92
model_3arq_648.cif	6.74
model_3arq_651.cif	8.77
model_3arq_654.cif	9.64
model_3arq_655.cif	7.80
model_3arq_673.cif	5.58
model_3arq_680.cif	9.14
model_3arq_698.cif	3.71
model_3arq_721.cif	3.33
model_3arq_742.cif	2.35
model_3arq_743.cif	3.42
model_3arq_748.cif	1.82
model_3arq_755.cif	7.04
model_3arq_758.cif	1.74
model_3arq_760.cif	2.59
model_3arq_762.cif	2.61
model_3arq_848.cif	3.06
model_3arq_855.cif	8.84
model_3arq_868.cif	4.79
model_3arq_941.cif	2.97
model_3arq_964.cif	6.70
model_3arq_ligand.cif	0.00
model_3aru_10.cif	1.02
model_3aru_167.cif	6.13
model_3aru_169.cif	4.19
model_3aru_174.cif	5.78
model_3aru_202.cif	4.89
model_3aru_205.cif	1.48
model_3aru_222.cif	1.92
model_3aru_235.cif	5.10
model_3aru_239.cif	5.11
model_3aru_240.cif	4.14
model_3aru_268.cif	6.26
model_3aru_270.cif	7.85
model_3aru_272.cif	5.57
model_3aru_297.cif	5.40
model_3aru_306.cif	0.84
model_3aru_311.cif	0.67
model_3aru_314.cif	0.79
model_3aru_320.cif	5.00
model_3aru_336.cif	4.97
model_3aru_356.cif	0.98
model_3aru_362.cif	0.51
model_3aru_38.cif	9.17
model_3aru_39.cif	4.79
model_3aru_40.cif	8.16
model_3aru_449.cif	2.97
model_3aru_450.cif	2.24
model_3aru_478.cif	1.96
model_3aru_48.cif	5.13
model_3aru_482.cif	5.08
model_3aru_483.cif	5.03
model_3aru_502.cif	7.88
model_3aru_512.cif	6.97
model_3aru_521.cif	7.32
model_3aru_530.cif	7.41
model_3aru_532.cif	3.89
model_3aru_533.cif	4.28
model_3aru_544.cif	6.10
model_3aru_546.cif	4.92
model_3aru_565.cif	7.57
model_3aru_566.cif	8.30
model_3aru_573.cif	2.65
model_3aru_577.cif	7.24
model_3aru_58.cif	0.95
model_3aru_587.cif	6.53
model_3aru_589.cif	7.67
model_3aru_592.cif	6.12
model_3aru_594.cif	6.69
model_3aru_595.cif	5.04
model_3aru_60.cif	8.45
model_3aru_604.cif	4.16
model_3aru_618.cif	7.16
model_3aru_62.cif	7.24
model_3aru_621.cif	6.43
model_3aru_64.cif	0.95
model_3aru_654.cif	5.08
model_3aru_686.cif	6.02
model_3aru_695.cif	3.69
model_3aru_698.cif	6.29
model_3aru_709.cif	0.81
model_3aru_715.cif	1.97
model_3aru_716.cif	1.37
model_3aru_721.cif	2.64
model_3aru_725.cif	1.83
model_3aru_728.cif	3.86
model_3aru_745.cif	3.80
model_3aru_749.cif	2.96
model_3aru_776.cif	3.05
model_3aru_777.cif	3.09
model_3aru_780.cif	4.04
model_3aru_789.cif	3.30
model_3aru_790.cif	1.70
model_3aru_791.cif	2.16
model_3aru_817.cif	2.87
model_3aru_852.cif	3.20
model_3aru_858.cif	3.15
model_3aru_88.cif	8.55
model_3aru_902.cif	0.61
model_3aru_909.cif	2.67
model_3aru_925.cif	2.83
model_3aru_93.cif	7.98
model_3aru_930.cif	1.67
model_3aru_949.cif	1.80
model_3aru_952.cif	2.41
model_3aru_98.cif	0.85
model_3aru_99.cif	3.95
model_3aru_ligand.cif	0.00
model_3arv_1.cif	3.89
model_3arv_116.cif	4.64
model_3arv_122.cif	6.08
model_3arv_184.cif	3.32
model_3arv_304.cif	1.66
model_3arv_324.cif	0.85
model_3arv_327.cif	0.95
model_3arv_336.cif	2.64
model_3arv_337.cif	2.43
model_3arv_345.cif	0.70
model_3arv_353.cif	1.58
model_3arv_355.cif	1.19
model_3arv_359.cif	0.91
model_3arv_367.cif	1.73
model_3arv_372.cif	2.00
model_3arv_373.cif	5.03
model_3arv_374.cif	1.27
model_3arv_386.cif	1.27
model_3arv_387.cif	1.99
model_3arv_470.cif	2.72
model_3arv_51.cif	1.69
model_3arv_515.cif	3.27
model_3arv_559.cif	3.05
model_3arv_56.cif	2.92
model_3arv_600.cif	2.87
model_3arv_708.cif	5.06
model_3arv_715.cif	6.93
model_3arv_716.cif	7.93
model_3arv_717.cif	7.70
model_3arv_719.cif	8.60
model_3arv_720.cif	8.01
model_3arv_721.cif	7.73
model_3arv_723.cif	6.01
model_3arv_749.cif	8.43
model_3arv_750.cif	9.71
model_3arv_752.cif	9.75
model_3arv_771.cif	9.17
model_3arv_774.cif	9.87
model_3arv_801.cif	5.03
model_3arv_803.cif	1.09
model_3arv_806.cif	2.81
model_3arv_807.cif	2.54
model_3arv_810.cif	4.02
model_3arv_811.cif	2.36
model_3arv_812.cif	5.72
model_3arv_815.cif	5.51
model_3arv_816.cif	4.20
model_3arv_817.cif	3.84
model_3arv_818.cif	4.43
model_3arv_819.cif	6.07
model_3arv_820.cif	9.34
model_3arv_821.cif	4.42
model_3arv_824.cif	5.56
model_3arv_828.cif	5.82
model_3arv_837.cif	4.50
model_3arv_842.cif	8.48
model_3arv_843.cif	7.26
model_3arv_848.cif	9.47
model_3arv_849.cif	6.09
model_3arv_850.cif	9.81
model_3arv_853.cif	6.69
model_3arv_855.cif	7.07
model_3arv_856.cif	6.99
model_3arv_860.cif	9.90
model_3arv_861.cif	6.54
model_3arv_868.cif	6.35
model_3arv_869.cif	6.87
model_3arv_876.cif	9.58
model_3arv_877.cif	4.76
model_3arv_879.cif	7.57
model_3arv_880.cif	2.31
model_3arv_881.cif	8.33
model_3arv_882.cif	8.82
model_3arv_887.cif	8.48
model_3arv_888.cif	5.73
model_3arv_889.cif	7.90
model_3arv_897.cif	7.95
model_3arv_898.cif	7.97
model_3arv_900.cif	8.51
model_3arv_908.cif	3.85
model_3arv_910.cif	3.76
model_3arv_912.cif	3.56
model_3arv_916.cif	3.53
model_3arv_924.cif	9.83
model_3arv_930.cif	2.12
model_3arv_931.cif	8.11
model_3arv_943.cif	5.18
model_3arv_944.cif	4.23
model_3arv_951.cif	8.80
model_3arv_963.cif	4.45
model_3arv_966.cif	5.39
model_3arv_968.cif	7.39
model_3arv_982.cif	3.34
model_3arv_995.cif	4.75
model_3arv_ligand.cif	0.00
model_3ary_100.cif	1.62
model_3ary_147.cif	6.81
model_3ary_154.cif	7.38
model_3ary_162.cif	9.18
model_3ary_187.cif	5.02
model_3ary_195.cif	8.71
model_3ary_206.cif	7.21
model_3ary_208.cif	9.09
model_3ary_222.cif	6.00
model_3ary_230.cif	9.43
model_3ary_237.cif	8.74
model_3ary_240.cif	4.72
model_3ary_244.cif	9.82
model_3ary_252.cif	9.12
model_3ary_255.cif	7.79
model_3ary_276.cif	8.59
model_3ary_286.cif	9.14
model_3ary_290.cif	8.90
model_3ary_292.cif	9.16
model_3ary_298.cif	9.24
model_3ary_302.cif	9.85
model_3ary_304.cif	4.40
model_3ary_311.cif	3.90
model_3ary_317.cif	3.97
model_3ary_383.cif	5.76
model_3ary_418.cif	3.61
model_3ary_466.cif	3.33
model_3ary_487.cif	2.94
model_3ary_499.cif	6.23
model_3ary_503.cif	3.11
model_3ary_513.cif	4.85
model_3ary_515.cif	4.08
model_3ary_540.cif	7.65
model_3ary_547.cif	4.49
model_3ary_548.cif	2.83
model_3ary_556.cif	7.02
model_3ary_558.cif	7.70
model_3ary_561.cif	4.87
model_3ary_580.cif	2.39
model_3ary_627.cif	2.97
model_3ary_648.cif	8.04
model_3ary_650.cif	7.22
model_3ary_663.cif	4.92
model_3ary_687.cif	5.72
model_3ary_702.cif	5.41
model_3ary_71.cif	1.94
model_3ary_723.cif	3.84
model_3ary_727.cif	6.87
model_3ary_729.cif	1.77
model_3ary_730.cif	6.44
model_3ary_731.cif	7.05
model_3ary_735.cif	9.62
model_3ary_736.cif	2.87
model_3ary_739.cif	7.63
model_3ary_740.cif	5.47
model_3ary_744.cif	4.88
model_3ary_750.cif	6.63
model_3ary_751.cif	1.83
model_3ary_754.cif	1.62
model_3ary_762.cif	1.40
model_3ary_763.cif	5.96
model_3ary_765.cif	2.98
model_3ary_770.cif	5.88
model_3ary_772.cif	8.23
model_3ary_773.cif	3.39
model_3ary_774.cif	6.42
model_3ary_775.cif	8.70
model_3ary_778.cif	6.24
model_3ary_797.cif	5.98
model_3ary_799.cif	2.60
model_3ary_801.cif	8.33
model_3ary_805.cif	2.18
model_3ary_826.cif	4.07
model_3ary_828.cif	3.48
model_3ary_832.cif	1.53
model_3ary_837.cif	4.40
model_3ary_844.cif	1.23
model_3ary_850.cif	1.88
model_3ary_858.cif	6.03
model_3ary_861.cif	2.15
model_3ary_864.cif	6.19
model_3ary_866.cif	3.81
model_3ary_880.cif	7.62
model_3ary_884.cif	8.04
model_3ary_943.cif	2.87
model_3ary_953.cif	5.87
model_3ary_968.cif	8.12
model_3ary_976.cif	3.60
model_3ary_979.cif	1.71
model_3ary_981.cif	6.14
model_3ary_ligand.cif	0.00
model_3b1m_100.cif	9.03
model_3b1m_116.cif	0.79
model_3b1m_149.cif	2.07
model_3b1m_15.cif	8.95
model_3b1m_175.cif	1.02
model_3b1m_197.cif	6.52
model_3b1m_206.cif	2.87
model_3b1m_215.cif	1.33
model_3b1m_218.cif	1.00
model_3b1m_221.cif	0.81
model_3b1m_225.cif	6.86
model_3b1m_233.cif	4.64
model_3b1m_238.cif	5.35
model_3b1m_241.cif	7.28
model_3b1m_260.cif	0.59
model_3b1m_273.cif	0.58
model_3b1m_290.cif	3.64
model_3b1m_300.cif	7.10
model_3b1m_31.cif	9.05
model_3b1m_325.cif	1.61
model_3b1m_33.cif	9.53
model_3b1m_335.cif	8.59
model_3b1m_35.cif	9.59
model_3b1m_365.cif	7.76
model_3b1m_373.cif	1.19
model_3b1m_388.cif	7.83
model_3b1m_392.cif	8.16
model_3b1m_4.cif	6.37
model_3b1m_40.cif	5.13
model_3b1m_412.cif	5.38
model_3b1m_415.cif	4.88
model_3b1m_416.cif	1.96
model_3b1m_418.cif	1.90
model_3b1m_419.cif	3.23
model_3b1m_423.cif	2.79
model_3b1m_451.cif	6.09
model_3b1m_462.cif	3.63
model_3b1m_464.cif	3.05
model_3b1m_467.cif	1.97
model_3b1m_469.cif	4.15
model_3b1m_47.cif	8.19
model_3b1m_486.cif	3.92
model_3b1m_496.cif	4.66
model_3b1m_500.cif	5.04
model_3b1m_523.cif	4.66
model_3b1m_526.cif	6.30
model_3b1m_529.cif	4.07
model_3b1m_531.cif	5.16
model_3b1m_540.cif	8.48
model_3b1m_547.cif	3.90
model_3b1m_553.cif	8.04
model_3b1m_565.cif	4.44
model_3b1m_573.cif	5.62
model_3b1m_594.cif	7.06
model_3b1m_596.cif	2.53
model_3b1m_607.cif	4.29
model_3b1m_632.cif	8.72
model_3b1m_636.cif	6.83
model_3b1m_640.cif	5.16
model_3b1m_652.cif	7.07
model_3b1m_657.cif	7.09
model_3b1m_66.cif	9.16
model_3b1m_660.cif	5.80
model_3b1m_670.cif	9.39
model_3b1m_673.cif	8.55
model_3b1m_675.cif	2.29
model_3b1m_682.cif	8.35
model_3b1m_695.cif	7.03
model_3b1m_699.cif	9.85
model_3b1m_7.cif	0.55
model_3b1m_723.cif	6.15
model_3b1m_724.cif	4.17
model_3b1m_736.cif	2.45
model_3b1m_743.cif	6.26
model_3b1m_750.cif	7.52
model_3b1m_755.cif	5.37
model_3b1m_761.cif	5.81
model_3b1m_765.cif	3.04
model_3b1m_770.cif	9.39
model_3b1m_774.cif	3.46
model_3b1m_775.cif	3.82
model_3b1m_777.cif	6.75
model_3b1m_778.cif	2.92
model_3b1m_789.cif	8.75
model_3b1m_790.cif	7.75
model_3b1m_795.cif	6.75
model_3b1m_804.cif	0.72
model_3b1m_820.cif	1.98
model_3b1m_830.cif	4.12
model_3b1m_852.cif	3.21
model_3b1m_873.cif	1.64
model_3b1m_90.cif	9.47
model_3b1m_905.cif	0.62
model_3b1m_913.cif	0.85
model_3b1m_931.cif	2.73
model_3b1m_949.cif	1.94
model_3b1m_953.cif	0.70
model_3b1m_963.cif	2.53
model_3b1m_969.cif	2.07
model_3b1m_98.cif	9.57
model_3b1m_ligand.cif	0.00
model_3b27_106.cif	0.64
model_3b27_110.cif	6.11
model_3b27_119.cif	5.95
model_3b27_120.cif	4.42
model_3b27_123.cif	6.66
model_3b27_130.cif	2.97
model_3b27_139.cif	0.45
model_3b27_147.cif	4.01
model_3b27_164.cif	0.96
model_3b27_168.cif	2.88
model_3b27_178.cif	0.88
model_3b27_19.cif	2.29
model_3b27_199.cif	3.02
model_3b27_264.cif	1.16
model_3b27_307.cif	0.24
model_3b27_311.cif	3.98
model_3b27_337.cif	2.59
model_3b27_340.cif	0.90
model_3b27_351.cif	1.53
model_3b27_366.cif	0.38
model_3b27_414.cif	6.02
model_3b27_417.cif	5.44
model_3b27_419.cif	6.30
model_3b27_423.cif	5.92
model_3b27_431.cif	1.97
model_3b27_433.cif	5.13
model_3b27_436.cif	2.71
model_3b27_439.cif	4.08
model_3b27_450.cif	3.73
model_3b27_457.cif	6.39
model_3b27_458.cif	1.94
model_3b27_469.cif	3.65
model_3b27_474.cif	5.80
model_3b27_487.cif	6.18
model_3b27_488.cif	5.03
model_3b27_500.cif	2.30
model_3b27_505.cif	1.54
model_3b27_515.cif	1.77
model_3b27_520.cif	1.70
model_3b27_521.cif	0.68
model_3b27_532.cif	3.55
model_3b27_537.cif	4.46
model_3b27_538.cif	0.71
model_3b27_540.cif	5.68
model_3b27_560.cif	1.70
model_3b27_566.cif	3.19
model_3b27_577.cif	5.16
model_3b27_581.cif	2.82
model_3b27_587.cif	6.54
model_3b27_588.cif	2.82
model_3b27_590.cif	6.06
model_3b27_591.cif	3.42
model_3b27_601.cif	2.03
model_3b27_618.cif	6.15
model_3b27_619.cif	3.32
model_3b27_630.cif	6.22
model_3b27_634.cif	4.49
model_3b27_647.cif	4.42
model_3b27_651.cif	4.29
model_3b27_658.cif	3.63
model_3b27_661.cif	4.39
model_3b27_665.cif	1.57
model_3b27_690.cif	2.59
model_3b27_692.cif	7.18
model_3b27_697.cif	1.99
model_3b27_741.cif	4.24
model_3b27_77.cif	4.08
model_3b27_775.cif	5.04
model_3b27_782.cif	5.29
model_3b27_8.cif	3.12
model_3b27_83.cif	0.68
model_3b27_ligand.cif	0.00
model_3b5r_161.cif	1.94
model_3b5r_217.cif	1.23
model_3b5r_219.cif	0.95
model_3b5r_220.cif	0.76
model_3b5r_228.cif	1.28
model_3b5r_260.cif	0.86
model_3b5r_267.cif	1.34
model_3b5r_283.cif	1.01
model_3b5r_317.cif	0.60
model_3b5r_331.cif	0.59
model_3b5r_354.cif	0.53
model_3b5r_363.cif	0.98
model_3b5r_409.cif	1.33
model_3b5r_413.cif	5.44
model_3b5r_428.cif	1.79
model_3b5r_432.cif	1.46
model_3b5r_443.cif	4.99
model_3b5r_465.cif	2.86
model_3b5r_468.cif	5.29
model_3b5r_470.cif	2.39
model_3b5r_472.cif	2.07
model_3b5r_477.cif	2.32
model_3b5r_486.cif	5.36
model_3b5r_527.cif	2.29
model_3b5r_531.cif	5.38
model_3b5r_537.cif	4.74
model_3b5r_55.cif	0.68
model_3b5r_550.cif	5.75
model_3b5r_557.cif	1.73
model_3b5r_568.cif	4.84
model_3b5r_571.cif	4.97
model_3b5r_574.cif	5.32
model_3b5r_575.cif	5.00
model_3b5r_578.cif	3.64
model_3b5r_581.cif	3.07
model_3b5r_592.cif	5.85
model_3b5r_615.cif	2.99
model_3b5r_620.cif	3.55
model_3b5r_625.cif	6.01
model_3b5r_627.cif	2.44
model_3b5r_646.cif	4.26
model_3b5r_648.cif	5.29
model_3b5r_649.cif	4.03
model_3b5r_652.cif	2.40
model_3b5r_656.cif	2.40
model_3b5r_658.cif	3.73
model_3b5r_659.cif	6.18
model_3b5r_666.cif	6.31
model_3b5r_668.cif	5.17
model_3b5r_669.cif	1.87
model_3b5r_678.cif	3.31
model_3b5r_680.cif	6.01
model_3b5r_683.cif	5.05
model_3b5r_697.cif	3.85
model_3b5r_763.cif	2.26
model_3b5r_770.cif	4.13
model_3b5r_772.cif	3.96
model_3b5r_776.cif	3.75
model_3b5r_781.cif	3.21
model_3b5r_789.cif	4.14
model_3b5r_792.cif	4.22
model_3b5r_796.cif	3.69
model_3b5r_911.cif	1.00
model_3b5r_969.cif	0.59
model_3b5r_ligand.cif	0.00
model_3b65_109.cif	0.74
model_3b65_218.cif	0.77
model_3b65_240.cif	0.65
model_3b65_248.cif	0.58
model_3b65_267.cif	0.70
model_3b65_288.cif	0.62
model_3b65_367.cif	0.45
model_3b65_424.cif	2.54
model_3b65_433.cif	3.32
model_3b65_458.cif	1.89
model_3b65_469.cif	1.76
model_3b65_473.cif	1.96
model_3b65_486.cif	3.30
model_3b65_488.cif	3.29
model_3b65_493.cif	2.06
model_3b65_496.cif	5.63
model_3b65_508.cif	1.82
model_3b65_509.cif	3.10
model_3b65_516.cif	1.59
model_3b65_531.cif	1.67
model_3b65_533.cif	3.17
model_3b65_536.cif	3.32
model_3b65_538.cif	2.39
model_3b65_542.cif	3.38
model_3b65_559.cif	2.05
model_3b65_572.cif	1.41
model_3b65_584.cif	1.18
model_3b65_590.cif	1.25
model_3b65_596.cif	3.12
model_3b65_611.cif	3.36
model_3b65_625.cif	2.35
model_3b65_630.cif	2.83
model_3b65_635.cif	2.99
model_3b65_639.cif	3.80
model_3b65_665.cif	1.94
model_3b65_666.cif	2.87
model_3b65_668.cif	2.12
model_3b65_686.cif	2.07
model_3b65_735.cif	0.84
model_3b65_77.cif	0.89
model_3b65_96.cif	0.33
model_3b65_ligand.cif	0.00
model_3b68_121.cif	0.71
model_3b68_126.cif	1.00
model_3b68_192.cif	0.82
model_3b68_228.cif	1.51
model_3b68_269.cif	1.86
model_3b68_291.cif	0.90
model_3b68_304.cif	0.87
model_3b68_405.cif	1.99
model_3b68_410.cif	2.22
model_3b68_418.cif	4.50
model_3b68_423.cif	2.71
model_3b68_430.cif	1.97
model_3b68_438.cif	3.02
model_3b68_439.cif	4.76
model_3b68_441.cif	1.87
model_3b68_446.cif	2.12
model_3b68_459.cif	4.96
model_3b68_467.cif	4.94
model_3b68_475.cif	4.89
model_3b68_484.cif	2.34
model_3b68_549.cif	2.27
model_3b68_558.cif	5.04
model_3b68_564.cif	5.19
model_3b68_573.cif	5.39
model_3b68_574.cif	4.88
model_3b68_580.cif	5.58
model_3b68_591.cif	5.16
model_3b68_605.cif	4.84
model_3b68_626.cif	5.26
model_3b68_627.cif	3.44
model_3b68_644.cif	3.19
model_3b68_665.cif	3.10
model_3b68_678.cif	5.12
model_3b68_683.cif	4.86
model_3b68_685.cif	5.27
model_3b68_686.cif	2.21
model_3b68_687.cif	2.39
model_3b68_696.cif	3.11
model_3b68_714.cif	0.99
model_3b68_753.cif	0.98
model_3b68_756.cif	1.24
model_3b68_763.cif	1.22
model_3b68_772.cif	4.39
model_3b68_774.cif	4.59
model_3b68_776.cif	5.95
model_3b68_778.cif	3.79
model_3b68_779.cif	6.07
model_3b68_780.cif	6.16
model_3b68_781.cif	5.60
model_3b68_782.cif	6.17
model_3b68_783.cif	6.07
model_3b68_784.cif	2.84
model_3b68_865.cif	1.25
model_3b68_884.cif	2.09
model_3b68_904.cif	0.93
model_3b68_922.cif	1.06
model_3b68_947.cif	0.49
model_3b68_962.cif	1.51
model_3b68_965.cif	2.09
model_3b68_99.cif	0.85
model_3b68_ligand.cif	0.00
model_3bgz_115.cif	3.56
model_3bgz_138.cif	3.73
model_3bgz_166.cif	0.45
model_3bgz_289.cif	0.37
model_3bgz_303.cif	0.83
model_3bgz_37.cif	0.56
model_3bgz_401.cif	3.32
model_3bgz_415.cif	1.52
model_3bgz_418.cif	4.30
model_3bgz_422.cif	4.13
model_3bgz_424.cif	3.68
model_3bgz_434.cif	4.06
model_3bgz_437.cif	2.78
model_3bgz_440.cif	2.79
model_3bgz_446.cif	2.54
model_3bgz_451.cif	2.25
model_3bgz_452.cif	3.08
model_3bgz_456.cif	2.33
model_3bgz_464.cif	3.97
model_3bgz_465.cif	1.00
model_3bgz_472.cif	1.94
model_3bgz_479.cif	4.06
model_3bgz_486.cif	2.94
model_3bgz_501.cif	0.92
model_3bgz_505.cif	1.40
model_3bgz_51.cif	0.74
model_3bgz_533.cif	6.01
model_3bgz_536.cif	4.18
model_3bgz_538.cif	6.32
model_3bgz_540.cif	5.08
model_3bgz_549.cif	6.16
model_3bgz_551.cif	3.76
model_3bgz_571.cif	6.45
model_3bgz_578.cif	5.20
model_3bgz_580.cif	2.30
model_3bgz_586.cif	3.41
model_3bgz_590.cif	6.06
model_3bgz_593.cif	4.74
model_3bgz_596.cif	4.13
model_3bgz_600.cif	4.43
model_3bgz_601.cif	1.53
model_3bgz_606.cif	2.16
model_3bgz_611.cif	5.23
model_3bgz_621.cif	1.05
model_3bgz_626.cif	1.86
model_3bgz_628.cif	3.30
model_3bgz_637.cif	1.85
model_3bgz_643.cif	1.85
model_3bgz_653.cif	1.48
model_3bgz_687.cif	2.10
model_3bgz_689.cif	5.92
model_3bgz_694.cif	4.12
model_3bgz_697.cif	2.74
model_3bgz_740.cif	5.36
model_3bgz_766.cif	5.32
model_3bgz_779.cif	5.18
model_3bgz_784.cif	5.65
model_3bgz_791.cif	5.64
model_3bgz_795.cif	4.50
model_3bgz_796.cif	5.39
model_3bgz_81.cif	0.44
model_3bgz_844.cif	0.59
model_3bgz_90.cif	3.19
model_3bgz_97.cif	0.23
model_3bgz_998.cif	1.88
model_3bgz_ligand.cif	0.00
model_3bv9_118.cif	9.10
model_3bv9_119.cif	7.11
model_3bv9_120.cif	1.90
model_3bv9_124.cif	1.88
model_3bv9_13.cif	3.30
model_3bv9_133.cif	6.70
model_3bv9_134.cif	7.48
model_3bv9_137.cif	1.82
model_3bv9_141.cif	9.18
model_3bv9_148.cif	5.52
model_3bv9_15.cif	7.02
model_3bv9_156.cif	8.01
model_3bv9_166.cif	7.59
model_3bv9_167.cif	6.54
model_3bv9_190.cif	8.51
model_3bv9_195.cif	0.70
model_3bv9_204.cif	2.88
model_3bv9_227.cif	9.95
model_3bv9_231.cif	9.72
model_3bv9_233.cif	5.54
model_3bv9_239.cif	8.98
model_3bv9_240.cif	6.14
model_3bv9_244.cif	6.47
model_3bv9_25.cif	7.53
model_3bv9_264.cif	4.99
model_3bv9_271.cif	5.47
model_3bv9_277.cif	8.06
model_3bv9_279.cif	8.31
model_3bv9_298.cif	2.93
model_3bv9_308.cif	1.35
model_3bv9_317.cif	1.49
model_3bv9_324.cif	9.03
model_3bv9_325.cif	0.88
model_3bv9_326.cif	4.36
model_3bv9_332.cif	2.72
model_3bv9_339.cif	1.86
model_3bv9_345.cif	1.52
model_3bv9_35.cif	2.28
model_3bv9_353.cif	1.94
model_3bv9_370.cif	8.16
model_3bv9_384.cif	9.22
model_3bv9_388.cif	0.94
model_3bv9_392.cif	2.07
model_3bv9_393.cif	5.82
model_3bv9_40.cif	1.92
model_3bv9_441.cif	4.62
model_3bv9_444.cif	2.89
model_3bv9_456.cif	9.09
model_3bv9_460.cif	7.04
model_3bv9_50.cif	2.71
model_3bv9_53.cif	9.16
model_3bv9_533.cif	4.16
model_3bv9_550.cif	8.04
model_3bv9_582.cif	9.22
model_3bv9_589.cif	8.05
model_3bv9_597.cif	7.69
model_3bv9_618.cif	8.00
model_3bv9_667.cif	3.87
model_3bv9_684.cif	9.22
model_3bv9_688.cif	7.95
model_3bv9_693.cif	8.42
model_3bv9_71.cif	0.87
model_3bv9_743.cif	4.02
model_3bv9_751.cif	2.79
model_3bv9_752.cif	3.64
model_3bv9_754.cif	5.73
model_3bv9_756.cif	3.91
model_3bv9_757.cif	4.25
model_3bv9_762.cif	2.12
model_3bv9_767.cif	5.61
model_3bv9_770.cif	3.94
model_3bv9_771.cif	4.44
model_3bv9_779.cif	3.60
model_3bv9_780.cif	5.25
model_3bv9_783.cif	4.47
model_3bv9_784.cif	5.50
model_3bv9_787.cif	7.24
model_3bv9_788.cif	6.98
model_3bv9_804.cif	3.83
model_3bv9_812.cif	3.77
model_3bv9_836.cif	6.10
model_3bv9_851.cif	6.37
model_3bv9_865.cif	3.98
model_3bv9_88.cif	8.13
model_3bv9_888.cif	6.33
model_3bv9_92.cif	1.56
model_3bv9_949.cif	6.24
model_3bv9_951.cif	5.68
model_3bv9_954.cif	4.72
model_3bv9_968.cif	4.33
model_3bv9_971.cif	4.00
model_3bv9_976.cif	6.90
model_3bv9_98.cif	2.88
model_3bv9_987.cif	5.52
model_3bv9_ligand.cif	0.00
model_3cj4_115.cif	0.98
model_3cj4_125.cif	0.95
model_3cj4_128.cif	1.06
model_3cj4_137.cif	4.92
model_3cj4_140.cif	1.31
model_3cj4_157.cif	1.18
model_3cj4_164.cif	0.70
model_3cj4_166.cif	0.50
model_3cj4_168.cif	1.28
model_3cj4_179.cif	0.76
model_3cj4_206.cif	6.98
model_3cj4_233.cif	5.37
model_3cj4_235.cif	2.82
model_3cj4_239.cif	0.57
model_3cj4_273.cif	7.44
model_3cj4_294.cif	2.21
model_3cj4_30.cif	1.65
model_3cj4_324.cif	8.21
model_3cj4_331.cif	5.20
model_3cj4_333.cif	6.52
model_3cj4_338.cif	0.64
model_3cj4_367.cif	5.88
model_3cj4_384.cif	0.82
model_3cj4_391.cif	0.86
model_3cj4_40.cif	6.02
model_3cj4_407.cif	7.98
model_3cj4_41.cif	6.22
model_3cj4_42.cif	1.89
model_3cj4_43.cif	2.20
model_3cj4_449.cif	4.93
model_3cj4_50.cif	4.75
model_3cj4_501.cif	2.77
model_3cj4_509.cif	2.98
model_3cj4_528.cif	8.47
model_3cj4_532.cif	7.11
model_3cj4_536.cif	3.87
model_3cj4_542.cif	3.25
model_3cj4_545.cif	7.59
model_3cj4_549.cif	3.21
model_3cj4_55.cif	7.81
model_3cj4_557.cif	7.76
model_3cj4_558.cif	7.02
model_3cj4_560.cif	3.22
model_3cj4_573.cif	5.09
model_3cj4_574.cif	7.00
model_3cj4_576.cif	7.57
model_3cj4_577.cif	7.24
model_3cj4_58.cif	3.21
model_3cj4_582.cif	4.66
model_3cj4_585.cif	2.74
model_3cj4_587.cif	2.19
model_3cj4_588.cif	4.58
model_3cj4_591.cif	2.68
model_3cj4_597.cif	8.70
model_3cj4_600.cif	4.85
model_3cj4_604.cif	6.26
model_3cj4_610.cif	4.24
model_3cj4_614.cif	3.72
model_3cj4_619.cif	3.79
model_3cj4_622.cif	5.01
model_3cj4_634.cif	7.54
model_3cj4_647.cif	4.52
model_3cj4_672.cif	3.12
model_3cj4_676.cif	3.35
model_3cj4_687.cif	3.69
model_3cj4_742.cif	1.50
model_3cj4_746.cif	2.06
model_3cj4_762.cif	5.00
model_3cj4_768.cif	6.03
model_3cj4_775.cif	5.47
model_3cj4_780.cif	5.48
model_3cj4_781.cif	6.24
model_3cj4_782.cif	5.94
model_3cj4_786.cif	2.67
model_3cj4_788.cif	6.15
model_3cj4_8.cif	4.93
model_3cj4_812.cif	1.95
model_3cj4_84.cif	5.13
model_3cj4_866.cif	0.93
model_3cj4_87.cif	6.67
model_3cj4_878.cif	1.92
model_3cj4_88.cif	8.46
model_3cj4_93.cif	5.11
model_3cj4_987.cif	1.49
model_3cj4_ligand.cif	0.00
model_3coy_110.cif	6.64
model_3coy_120.cif	8.18
model_3coy_156.cif	9.13
model_3coy_158.cif	4.12
model_3coy_16.cif	0.93
model_3coy_163.cif	5.91
model_3coy_168.cif	7.99
model_3coy_185.cif	7.12
model_3coy_189.cif	6.16
model_3coy_215.cif	3.37
model_3coy_224.cif	0.48
model_3coy_235.cif	0.73
model_3coy_252.cif	0.93
model_3coy_254.cif	0.62
model_3coy_258.cif	2.90
model_3coy_262.cif	2.76
model_3coy_276.cif	9.42
model_3coy_280.cif	1.35
model_3coy_291.cif	2.65
model_3coy_293.cif	5.44
model_3coy_305.cif	9.99
model_3coy_31.cif	0.50
model_3coy_339.cif	6.85
model_3coy_347.cif	8.00
model_3coy_355.cif	3.29
model_3coy_359.cif	6.26
model_3coy_373.cif	8.58
model_3coy_384.cif	0.26
model_3coy_395.cif	0.59
model_3coy_4.cif	1.50
model_3coy_400.cif	8.24
model_3coy_416.cif	1.59
model_3coy_417.cif	2.74
model_3coy_422.cif	4.70
model_3coy_425.cif	3.70
model_3coy_44.cif	3.37
model_3coy_444.cif	3.78
model_3coy_455.cif	3.97
model_3coy_458.cif	4.15
model_3coy_460.cif	1.87
model_3coy_463.cif	1.25
model_3coy_464.cif	3.49
model_3coy_467.cif	7.98
model_3coy_468.cif	1.69
model_3coy_472.cif	4.08
model_3coy_476.cif	7.19
model_3coy_485.cif	7.31
model_3coy_498.cif	7.60
model_3coy_500.cif	2.19
model_3coy_510.cif	3.11
model_3coy_513.cif	6.43
model_3coy_522.cif	1.72
model_3coy_525.cif	1.93
model_3coy_528.cif	4.67
model_3coy_529.cif	4.06
model_3coy_541.cif	4.24
model_3coy_544.cif	7.75
model_3coy_545.cif	2.50
model_3coy_546.cif	5.24
model_3coy_547.cif	4.82
model_3coy_550.cif	8.06
model_3coy_553.cif	6.01
model_3coy_559.cif	2.96
model_3coy_562.cif	3.55
model_3coy_563.cif	5.99
model_3coy_566.cif	4.03
model_3coy_581.cif	2.97
model_3coy_582.cif	7.12
model_3coy_588.cif	5.45
model_3coy_589.cif	5.95
model_3coy_591.cif	5.50
model_3coy_593.cif	6.93
model_3coy_600.cif	5.45
model_3coy_610.cif	6.89
model_3coy_611.cif	2.53
model_3coy_619.cif	8.92
model_3coy_620.cif	5.22
model_3coy_623.cif	4.11
model_3coy_632.cif	7.29
model_3coy_634.cif	8.56
model_3coy_640.cif	6.55
model_3coy_650.cif	8.20
model_3coy_66.cif	1.77
model_3coy_667.cif	6.46
model_3coy_675.cif	3.96
model_3coy_684.cif	8.43
model_3coy_685.cif	2.19
model_3coy_686.cif	8.95
model_3coy_693.cif	5.56
model_3coy_695.cif	8.03
model_3coy_733.cif	0.93
model_3coy_794.cif	1.76
model_3coy_834.cif	0.90
model_3coy_ligand.cif	0.00
model_3coz_103.cif	7.32
model_3coz_108.cif	9.39
model_3coz_112.cif	8.27
model_3coz_117.cif	6.93
model_3coz_128.cif	9.33
model_3coz_136.cif	0.78
model_3coz_141.cif	6.68
model_3coz_167.cif	8.40
model_3coz_17.cif	5.14
model_3coz_173.cif	9.24
model_3coz_176.cif	9.27
model_3coz_20.cif	8.24
model_3coz_203.cif	1.03
model_3coz_206.cif	0.43
model_3coz_212.cif	2.17
model_3coz_214.cif	1.91
model_3coz_220.cif	2.96
model_3coz_221.cif	2.87
model_3coz_222.cif	0.41
model_3coz_238.cif	0.45
model_3coz_24.cif	5.42
model_3coz_247.cif	0.62
model_3coz_251.cif	0.79
model_3coz_256.cif	2.68
model_3coz_263.cif	0.83
model_3coz_282.cif	4.09
model_3coz_285.cif	7.85
model_3coz_311.cif	6.21
model_3coz_327.cif	3.98
model_3coz_332.cif	4.07
model_3coz_347.cif	6.34
model_3coz_35.cif	9.33
model_3coz_359.cif	7.68
model_3coz_376.cif	9.12
model_3coz_388.cif	0.83
model_3coz_393.cif	0.59
model_3coz_401.cif	3.19
model_3coz_405.cif	1.55
model_3coz_407.cif	1.38
model_3coz_413.cif	9.02
model_3coz_420.cif	1.67
model_3coz_421.cif	2.86
model_3coz_43.cif	9.05
model_3coz_436.cif	3.15
model_3coz_440.cif	1.42
model_3coz_45.cif	5.92
model_3coz_459.cif	4.15
model_3coz_464.cif	3.08
model_3coz_465.cif	5.28
model_3coz_468.cif	1.80
model_3coz_481.cif	2.99
model_3coz_489.cif	3.72
model_3coz_493.cif	2.41
model_3coz_515.cif	2.95
model_3coz_518.cif	2.13
model_3coz_523.cif	1.90
model_3coz_536.cif	1.71
model_3coz_539.cif	7.14
model_3coz_540.cif	6.10
model_3coz_543.cif	5.44
model_3coz_547.cif	7.94
model_3coz_548.cif	5.75
model_3coz_55.cif	9.61
model_3coz_552.cif	6.92
model_3coz_557.cif	4.99
model_3coz_558.cif	4.58
model_3coz_561.cif	4.61
model_3coz_565.cif	5.15
model_3coz_567.cif	4.61
model_3coz_576.cif	4.82
model_3coz_577.cif	7.71
model_3coz_580.cif	2.77
model_3coz_59.cif	6.11
model_3coz_593.cif	5.48
model_3coz_594.cif	8.10
model_3coz_604.cif	7.82
model_3coz_605.cif	4.05
model_3coz_619.cif	3.89
model_3coz_620.cif	3.85
model_3coz_626.cif	6.07
model_3coz_628.cif	8.72
model_3coz_637.cif	6.82
model_3coz_642.cif	7.58
model_3coz_654.cif	8.55
model_3coz_657.cif	8.22
model_3coz_665.cif	5.35
model_3coz_668.cif	5.56
model_3coz_67.cif	6.55
model_3coz_673.cif	3.87
model_3coz_680.cif	4.29
model_3coz_688.cif	7.09
model_3coz_691.cif	8.91
model_3coz_694.cif	7.06
model_3coz_696.cif	8.09
model_3coz_7.cif	3.03
model_3coz_726.cif	0.66
model_3coz_83.cif	3.40
model_3coz_87.cif	8.06
model_3coz_894.cif	1.81
model_3coz_ligand.cif	0.00
model_3d4z_12.cif	0.91
model_3d4z_128.cif	0.78
model_3d4z_132.cif	0.34
model_3d4z_233.cif	0.93
model_3d4z_250.cif	0.63
model_3d4z_331.cif	1.06
model_3d4z_340.cif	0.47
model_3d4z_376.cif	0.31
model_3d4z_403.cif	0.92
model_3d4z_410.cif	2.86
model_3d4z_415.cif	2.18
model_3d4z_434.cif	2.02
model_3d4z_435.cif	1.58
model_3d4z_447.cif	2.79
model_3d4z_486.cif	1.67
model_3d4z_528.cif	1.77
model_3d4z_540.cif	5.73
model_3d4z_559.cif	3.50
model_3d4z_563.cif	3.22
model_3d4z_564.cif	6.05
model_3d4z_580.cif	4.39
model_3d4z_593.cif	3.75
model_3d4z_614.cif	4.57
model_3d4z_618.cif	4.34
model_3d4z_621.cif	6.98
model_3d4z_622.cif	5.81
model_3d4z_623.cif	6.16
model_3d4z_624.cif	5.10
model_3d4z_627.cif	5.95
model_3d4z_633.cif	5.24
model_3d4z_638.cif	5.84
model_3d4z_647.cif	6.06
model_3d4z_652.cif	6.36
model_3d4z_654.cif	4.27
model_3d4z_656.cif	5.38
model_3d4z_658.cif	5.10
model_3d4z_659.cif	5.69
model_3d4z_673.cif	6.63
model_3d4z_675.cif	5.67
model_3d4z_682.cif	6.31
model_3d4z_689.cif	4.22
model_3d4z_694.cif	6.59
model_3d4z_703.cif	0.84
model_3d4z_713.cif	2.84
model_3d4z_729.cif	0.95
model_3d4z_741.cif	3.60
model_3d4z_743.cif	3.35
model_3d4z_745.cif	4.61
model_3d4z_746.cif	1.86
model_3d4z_760.cif	3.24
model_3d4z_761.cif	2.46
model_3d4z_768.cif	4.68
model_3d4z_770.cif	4.19
model_3d4z_780.cif	3.24
model_3d4z_784.cif	4.32
model_3d4z_786.cif	2.79
model_3d4z_787.cif	2.35
model_3d4z_788.cif	2.63
model_3d4z_790.cif	4.32
model_3d4z_791.cif	3.70
model_3d4z_794.cif	2.50
model_3d4z_795.cif	1.11
model_3d4z_797.cif	1.99
model_3d4z_804.cif	1.99
model_3d4z_840.cif	1.75
model_3d4z_889.cif	3.39
model_3d4z_932.cif	3.05
model_3d4z_955.cif	1.59
model_3d4z_ligand.cif	0.00
model_3d6q_117.cif	5.98
model_3d6q_123.cif	4.25
model_3d6q_132.cif	4.39
model_3d6q_140.cif	3.86
model_3d6q_163.cif	2.66
model_3d6q_207.cif	3.86
model_3d6q_23.cif	2.26
model_3d6q_248.cif	5.74
model_3d6q_250.cif	7.40
model_3d6q_259.cif	3.85
model_3d6q_276.cif	2.75
model_3d6q_289.cif	2.86
model_3d6q_299.cif	4.86
model_3d6q_312.cif	1.87
model_3d6q_313.cif	2.04
model_3d6q_320.cif	1.98
model_3d6q_321.cif	1.94
model_3d6q_338.cif	3.15
model_3d6q_357.cif	2.36
model_3d6q_367.cif	2.47
model_3d6q_373.cif	3.09
model_3d6q_404.cif	6.16
model_3d6q_420.cif	6.43
model_3d6q_433.cif	7.26
model_3d6q_451.cif	8.05
model_3d6q_454.cif	7.49
model_3d6q_46.cif	1.97
model_3d6q_491.cif	3.96
model_3d6q_498.cif	8.15
model_3d6q_50.cif	2.46
model_3d6q_500.cif	6.69
model_3d6q_528.cif	4.22
model_3d6q_539.cif	3.78
model_3d6q_546.cif	8.22
model_3d6q_551.cif	3.72
model_3d6q_563.cif	6.03
model_3d6q_574.cif	5.09
model_3d6q_581.cif	5.02
model_3d6q_586.cif	8.21
model_3d6q_592.cif	8.08
model_3d6q_610.cif	7.43
model_3d6q_614.cif	7.83
model_3d6q_624.cif	7.06
model_3d6q_654.cif	4.45
model_3d6q_665.cif	7.08
model_3d6q_671.cif	3.25
model_3d6q_674.cif	2.97
model_3d6q_679.cif	4.36
model_3d6q_691.cif	2.88
model_3d6q_698.cif	6.95
model_3d6q_708.cif	6.44
model_3d6q_710.cif	7.16
model_3d6q_718.cif	8.02
model_3d6q_724.cif	5.32
model_3d6q_726.cif	5.55
model_3d6q_729.cif	8.09
model_3d6q_738.cif	4.84
model_3d6q_750.cif	6.06
model_3d6q_753.cif	5.88
model_3d6q_754.cif	5.84
model_3d6q_755.cif	6.27
model_3d6q_756.cif	4.17
model_3d6q_760.cif	8.04
model_3d6q_776.cif	6.41
model_3d6q_782.cif	5.84
model_3d6q_80.cif	7.44
model_3d6q_809.cif	7.19
model_3d6q_810.cif	4.63
model_3d6q_821.cif	8.12
model_3d6q_822.cif	3.31
model_3d6q_837.cif	5.82
model_3d6q_839.cif	6.48
model_3d6q_915.cif	8.05
model_3d6q_953.cif	4.30
model_3d6q_98.cif	1.83
model_3d6q_ligand.cif	0.00
model_3dd0_156.cif	5.99
model_3dd0_158.cif	0.89
model_3dd0_161.cif	0.97
model_3dd0_162.cif	5.92
model_3dd0_168.cif	0.93
model_3dd0_182.cif	5.96
model_3dd0_197.cif	5.81
model_3dd0_234.cif	2.94
model_3dd0_238.cif	0.96
model_3dd0_263.cif	6.03
model_3dd0_273.cif	2.49
model_3dd0_277.cif	0.91
model_3dd0_283.cif	0.99
model_3dd0_298.cif	0.83
model_3dd0_314.cif	5.85
model_3dd0_316.cif	5.91
model_3dd0_360.cif	5.87
model_3dd0_378.cif	5.83
model_3dd0_402.cif	4.18
model_3dd0_403.cif	2.18
model_3dd0_406.cif	6.22
model_3dd0_411.cif	1.67
model_3dd0_42.cif	5.89
model_3dd0_43.cif	1.03
model_3dd0_432.cif	2.85
model_3dd0_441.cif	1.95
model_3dd0_451.cif	2.31
model_3dd0_455.cif	3.12
model_3dd0_47.cif	1.03
model_3dd0_478.cif	4.29
model_3dd0_479.cif	0.92
model_3dd0_482.cif	4.10
model_3dd0_484.cif	3.88
model_3dd0_495.cif	1.63
model_3dd0_50.cif	1.37
model_3dd0_505.cif	0.92
model_3dd0_506.cif	2.00
model_3dd0_508.cif	1.96
model_3dd0_510.cif	1.58
model_3dd0_553.cif	2.82
model_3dd0_567.cif	2.04
model_3dd0_570.cif	1.32
model_3dd0_572.cif	3.28
model_3dd0_582.cif	2.18
model_3dd0_585.cif	3.26
model_3dd0_595.cif	3.06
model_3dd0_61.cif	3.78
model_3dd0_642.cif	4.04
model_3dd0_645.cif	0.76
model_3dd0_657.cif	2.11
model_3dd0_700.cif	3.25
model_3dd0_71.cif	6.18
model_3dd0_725.cif	6.50
model_3dd0_761.cif	6.76
model_3dd0_769.cif	7.25
model_3dd0_772.cif	7.35
model_3dd0_775.cif	4.52
model_3dd0_777.cif	3.58
model_3dd0_787.cif	3.04
model_3dd0_788.cif	2.74
model_3dd0_796.cif	4.38
model_3dd0_821.cif	6.37
model_3dd0_868.cif	6.63
model_3dd0_869.cif	3.40
model_3dd0_886.cif	7.11
model_3dd0_892.cif	7.09
model_3dd0_895.cif	6.53
model_3dd0_897.cif	7.08
model_3dd0_974.cif	6.31
model_3dd0_98.cif	5.99
model_3dd0_996.cif	6.50
model_3dd0_ligand.cif	0.00
model_3dx1_119.cif	0.30
model_3dx1_20.cif	0.16
model_3dx1_25.cif	0.33
model_3dx1_287.cif	0.69
model_3dx1_29.cif	0.50
model_3dx1_304.cif	0.47
model_3dx1_382.cif	0.79
model_3dx1_39.cif	0.17
model_3dx1_440.cif	3.01
model_3dx1_457.cif	2.00
model_3dx1_464.cif	2.70
model_3dx1_477.cif	1.62
model_3dx1_492.cif	3.27
model_3dx1_497.cif	3.40
model_3dx1_531.cif	1.58
model_3dx1_548.cif	5.83
model_3dx1_554.cif	2.80
model_3dx1_557.cif	5.52
model_3dx1_560.cif	3.11
model_3dx1_566.cif	6.08
model_3dx1_568.cif	5.97
model_3dx1_569.cif	3.62
model_3dx1_570.cif	4.84
model_3dx1_574.cif	4.21
model_3dx1_577.cif	5.89
model_3dx1_579.cif	4.92
model_3dx1_585.cif	5.73
model_3dx1_587.cif	3.51
model_3dx1_588.cif	4.57
model_3dx1_591.cif	6.88
model_3dx1_592.cif	4.51
model_3dx1_594.cif	5.53
model_3dx1_595.cif	6.31
model_3dx1_597.cif	7.45
model_3dx1_603.cif	5.91
model_3dx1_611.cif	2.43
model_3dx1_627.cif	5.78
model_3dx1_634.cif	5.81
model_3dx1_645.cif	6.55
model_3dx1_648.cif	6.48
model_3dx1_651.cif	6.22
model_3dx1_654.cif	6.56
model_3dx1_657.cif	4.86
model_3dx1_665.cif	4.29
model_3dx1_673.cif	6.30
model_3dx1_679.cif	4.86
model_3dx1_683.cif	6.13
model_3dx1_687.cif	6.20
model_3dx1_692.cif	7.19
model_3dx1_693.cif	7.02
model_3dx1_695.cif	7.24
model_3dx1_700.cif	4.62
model_3dx1_735.cif	2.00
model_3dx1_750.cif	3.41
model_3dx1_753.cif	2.10
model_3dx1_756.cif	1.98
model_3dx1_763.cif	2.27
model_3dx1_766.cif	2.12
model_3dx1_775.cif	3.14
model_3dx1_776.cif	4.59
model_3dx1_781.cif	3.56
model_3dx1_784.cif	2.32
model_3dx1_785.cif	3.14
model_3dx1_787.cif	5.38
model_3dx1_791.cif	2.30
model_3dx1_802.cif	0.51
model_3dx1_808.cif	1.87
model_3dx1_840.cif	2.89
model_3dx1_851.cif	2.09
model_3dx1_861.cif	1.90
model_3dx1_961.cif	1.46
model_3dx1_983.cif	1.60
model_3dx1_987.cif	1.41
model_3dx1_989.cif	0.74
model_3dx1_ligand.cif	0.00
model_3dx2_14.cif	0.31
model_3dx2_225.cif	0.40
model_3dx2_253.cif	0.46
model_3dx2_293.cif	0.36
model_3dx2_380.cif	0.41
model_3dx2_39.cif	0.51
model_3dx2_402.cif	0.87
model_3dx2_426.cif	2.77
model_3dx2_443.cif	2.39
model_3dx2_472.cif	3.41
model_3dx2_479.cif	1.91
model_3dx2_482.cif	1.95
model_3dx2_503.cif	1.70
model_3dx2_508.cif	2.94
model_3dx2_514.cif	4.11
model_3dx2_534.cif	4.05
model_3dx2_535.cif	1.99
model_3dx2_549.cif	3.07
model_3dx2_555.cif	3.22
model_3dx2_570.cif	7.03
model_3dx2_573.cif	7.00
model_3dx2_576.cif	3.14
model_3dx2_582.cif	2.80
model_3dx2_583.cif	4.31
model_3dx2_589.cif	5.18
model_3dx2_591.cif	7.26
model_3dx2_599.cif	6.91
model_3dx2_602.cif	1.89
model_3dx2_610.cif	4.15
model_3dx2_628.cif	6.20
model_3dx2_631.cif	2.98
model_3dx2_636.cif	1.63
model_3dx2_646.cif	4.04
model_3dx2_649.cif	4.75
model_3dx2_656.cif	4.53
model_3dx2_659.cif	3.04
model_3dx2_661.cif	4.34
model_3dx2_677.cif	6.16
model_3dx2_687.cif	4.39
model_3dx2_691.cif	3.76
model_3dx2_725.cif	2.51
model_3dx2_736.cif	1.24
model_3dx2_741.cif	1.98
model_3dx2_743.cif	2.22
model_3dx2_750.cif	3.92
model_3dx2_754.cif	2.14
model_3dx2_756.cif	1.10
model_3dx2_761.cif	3.22
model_3dx2_770.cif	3.58
model_3dx2_772.cif	4.06
model_3dx2_773.cif	2.05
model_3dx2_774.cif	2.32
model_3dx2_787.cif	3.44
model_3dx2_820.cif	0.37
model_3dx2_836.cif	0.99
model_3dx2_893.cif	1.53
model_3dx2_990.cif	0.58
model_3dx2_ligand.cif	0.00
model_3dxg_117.cif	2.66
model_3dxg_128.cif	2.98
model_3dxg_157.cif	2.54
model_3dxg_159.cif	3.20
model_3dxg_196.cif	4.88
model_3dxg_197.cif	7.51
model_3dxg_211.cif	6.10
model_3dxg_212.cif	4.19
model_3dxg_247.cif	8.02
model_3dxg_310.cif	3.88
model_3dxg_314.cif	6.90
model_3dxg_33.cif	5.81
model_3dxg_338.cif	2.75
model_3dxg_358.cif	4.11
model_3dxg_364.cif	7.15
model_3dxg_408.cif	5.66
model_3dxg_434.cif	3.56
model_3dxg_436.cif	2.72
model_3dxg_445.cif	2.45
model_3dxg_449.cif	4.48
model_3dxg_450.cif	3.06
model_3dxg_458.cif	3.95
model_3dxg_461.cif	6.10
model_3dxg_463.cif	2.99
model_3dxg_464.cif	4.51
model_3dxg_465.cif	4.27
model_3dxg_471.cif	3.13
model_3dxg_474.cif	4.46
model_3dxg_480.cif	3.65
model_3dxg_483.cif	5.10
model_3dxg_484.cif	2.48
model_3dxg_485.cif	3.26
model_3dxg_498.cif	2.95
model_3dxg_521.cif	4.71
model_3dxg_522.cif	5.88
model_3dxg_524.cif	3.48
model_3dxg_529.cif	6.59
model_3dxg_551.cif	5.59
model_3dxg_555.cif	7.30
model_3dxg_566.cif	6.21
model_3dxg_572.cif	6.16
model_3dxg_59.cif	4.55
model_3dxg_600.cif	4.74
model_3dxg_609.cif	8.27
model_3dxg_612.cif	7.20
model_3dxg_635.cif	5.61
model_3dxg_652.cif	5.46
model_3dxg_662.cif	7.86
model_3dxg_673.cif	2.70
model_3dxg_689.cif	7.01
model_3dxg_695.cif	5.92
model_3dxg_70.cif	5.08
model_3dxg_721.cif	7.55
model_3dxg_730.cif	6.43
model_3dxg_761.cif	8.91
model_3dxg_765.cif	6.17
model_3dxg_771.cif	5.39
model_3dxg_778.cif	7.77
model_3dxg_80.cif	3.98
model_3dxg_833.cif	6.97
model_3dxg_858.cif	7.22
model_3dxg_924.cif	8.12
model_3dxg_972.cif	7.58
model_3dxg_973.cif	6.45
model_3dxg_1001.cif	1.94
model_3dxg_1002.cif	1.70
model_3dxg_1003.cif	1.88
model_3dxg_1004.cif	1.90
model_3dxg_1005.cif	1.88
model_3dxg_1006.cif	1.78
model_3dxg_1007.cif	1.57
model_3dxg_ligand.cif	0.00
model_3e5a_102.cif	4.45
model_3e5a_106.cif	4.97
model_3e5a_116.cif	7.37
model_3e5a_129.cif	0.64
model_3e5a_140.cif	5.14
model_3e5a_143.cif	6.88
model_3e5a_156.cif	6.67
model_3e5a_157.cif	8.51
model_3e5a_175.cif	0.95
model_3e5a_209.cif	1.70
model_3e5a_211.cif	2.63
model_3e5a_217.cif	2.26
model_3e5a_226.cif	6.45
model_3e5a_229.cif	5.83
model_3e5a_231.cif	2.03
model_3e5a_247.cif	3.88
model_3e5a_285.cif	1.50
model_3e5a_286.cif	6.43
model_3e5a_297.cif	5.18
model_3e5a_305.cif	1.33
model_3e5a_313.cif	0.83
model_3e5a_315.cif	6.15
model_3e5a_332.cif	8.04
model_3e5a_333.cif	5.66
model_3e5a_345.cif	1.48
model_3e5a_362.cif	0.75
model_3e5a_372.cif	0.76
model_3e5a_398.cif	1.00
model_3e5a_413.cif	6.40
model_3e5a_414.cif	3.88
model_3e5a_420.cif	7.62
model_3e5a_421.cif	3.18
model_3e5a_431.cif	7.27
model_3e5a_434.cif	5.97
model_3e5a_436.cif	4.62
model_3e5a_442.cif	3.19
model_3e5a_456.cif	2.16
model_3e5a_458.cif	4.88
model_3e5a_467.cif	4.48
model_3e5a_468.cif	1.36
model_3e5a_487.cif	5.48
model_3e5a_488.cif	5.62
model_3e5a_49.cif	0.94
model_3e5a_490.cif	4.88
model_3e5a_491.cif	2.09
model_3e5a_535.cif	3.23
model_3e5a_541.cif	2.15
model_3e5a_555.cif	7.62
model_3e5a_566.cif	4.55
model_3e5a_576.cif	4.83
model_3e5a_577.cif	7.50
model_3e5a_578.cif	5.88
model_3e5a_581.cif	4.99
model_3e5a_602.cif	7.66
model_3e5a_606.cif	8.15
model_3e5a_629.cif	3.31
model_3e5a_652.cif	8.01
model_3e5a_659.cif	9.68
model_3e5a_668.cif	8.10
model_3e5a_671.cif	7.18
model_3e5a_676.cif	8.20
model_3e5a_683.cif	2.98
model_3e5a_688.cif	8.21
model_3e5a_69.cif	0.75
model_3e5a_693.cif	7.52
model_3e5a_696.cif	6.79
model_3e5a_698.cif	3.44
model_3e5a_720.cif	1.67
model_3e5a_726.cif	2.17
model_3e5a_744.cif	1.98
model_3e5a_745.cif	0.83
model_3e5a_749.cif	6.18
model_3e5a_759.cif	1.21
model_3e5a_761.cif	4.82
model_3e5a_762.cif	6.12
model_3e5a_765.cif	7.91
model_3e5a_766.cif	5.93
model_3e5a_787.cif	1.86
model_3e5a_799.cif	1.71
model_3e5a_855.cif	0.93
model_3e5a_857.cif	7.02
model_3e5a_86.cif	5.68
model_3e5a_868.cif	8.21
model_3e5a_90.cif	8.09
model_3e5a_902.cif	2.03
model_3e5a_91.cif	6.56
model_3e5a_910.cif	2.20
model_3e5a_94.cif	8.31
model_3e5a_ligand.cif	0.00
model_3e92_106.cif	0.32
model_3e92_17.cif	0.59
model_3e92_19.cif	0.71
model_3e92_332.cif	0.35
model_3e92_407.cif	0.93
model_3e92_418.cif	1.16
model_3e92_423.cif	1.60
model_3e92_425.cif	1.69
model_3e92_434.cif	5.90
model_3e92_435.cif	1.49
model_3e92_436.cif	0.94
model_3e92_438.cif	2.07
model_3e92_446.cif	2.25
model_3e92_449.cif	6.14
model_3e92_450.cif	1.79
model_3e92_453.cif	2.36
model_3e92_470.cif	6.21
model_3e92_471.cif	2.08
model_3e92_475.cif	6.46
model_3e92_482.cif	0.91
model_3e92_490.cif	1.69
model_3e92_493.cif	2.10
model_3e92_497.cif	1.71
model_3e92_498.cif	5.99
model_3e92_500.cif	6.18
model_3e92_506.cif	8.62
model_3e92_513.cif	4.51
model_3e92_518.cif	4.83
model_3e92_523.cif	7.73
model_3e92_525.cif	3.93
model_3e92_526.cif	5.92
model_3e92_528.cif	1.87
model_3e92_534.cif	5.27
model_3e92_538.cif	2.33
model_3e92_540.cif	5.94
model_3e92_541.cif	7.17
model_3e92_542.cif	8.86
model_3e92_544.cif	9.46
model_3e92_545.cif	4.97
model_3e92_546.cif	7.91
model_3e92_547.cif	1.85
model_3e92_551.cif	5.22
model_3e92_552.cif	9.53
model_3e92_553.cif	4.82
model_3e92_554.cif	9.65
model_3e92_555.cif	8.39
model_3e92_557.cif	9.03
model_3e92_560.cif	5.74
model_3e92_562.cif	5.05
model_3e92_578.cif	7.78
model_3e92_579.cif	4.83
model_3e92_581.cif	4.56
model_3e92_582.cif	8.29
model_3e92_588.cif	6.04
model_3e92_589.cif	8.34
model_3e92_590.cif	8.79
model_3e92_593.cif	8.69
model_3e92_594.cif	4.57
model_3e92_596.cif	3.93
model_3e92_597.cif	4.49
model_3e92_598.cif	4.18
model_3e92_599.cif	10.00
model_3e92_623.cif	6.84
model_3e92_625.cif	3.56
model_3e92_627.cif	7.64
model_3e92_64.cif	0.68
model_3e92_656.cif	7.31
model_3e92_664.cif	2.63
model_3e92_669.cif	2.19
model_3e92_670.cif	2.04
model_3e92_678.cif	5.46
model_3e92_679.cif	6.34
model_3e92_685.cif	8.87
model_3e92_689.cif	8.65
model_3e92_692.cif	7.31
model_3e92_693.cif	1.85
model_3e92_697.cif	2.44
model_3e92_698.cif	6.18
model_3e92_732.cif	9.68
model_3e92_733.cif	7.40
model_3e92_735.cif	9.88
model_3e92_745.cif	9.46
model_3e92_752.cif	9.61
model_3e92_758.cif	7.03
model_3e92_760.cif	6.51
model_3e92_845.cif	9.50
model_3e92_846.cif	7.40
model_3e92_847.cif	6.70
model_3e92_907.cif	0.39
model_3e92_940.cif	0.95
model_3e92_ligand.cif	0.00
model_3e93_108.cif	5.91
model_3e93_124.cif	1.01
model_3e93_128.cif	6.19
model_3e93_130.cif	1.42
model_3e93_141.cif	0.46
model_3e93_155.cif	0.90
model_3e93_168.cif	1.47
model_3e93_179.cif	0.74
model_3e93_240.cif	0.34
model_3e93_301.cif	0.32
model_3e93_323.cif	3.11
model_3e93_352.cif	0.55
model_3e93_36.cif	5.85
model_3e93_390.cif	2.73
model_3e93_401.cif	1.77
model_3e93_407.cif	2.28
model_3e93_417.cif	1.88
model_3e93_419.cif	6.06
model_3e93_421.cif	1.83
model_3e93_427.cif	2.29
model_3e93_433.cif	3.18
model_3e93_435.cif	8.37
model_3e93_439.cif	6.01
model_3e93_440.cif	1.88
model_3e93_445.cif	7.15
model_3e93_446.cif	2.23
model_3e93_453.cif	5.76
model_3e93_454.cif	6.64
model_3e93_455.cif	4.48
model_3e93_459.cif	8.88
model_3e93_461.cif	1.47
model_3e93_464.cif	2.48
model_3e93_466.cif	5.80
model_3e93_467.cif	2.20
model_3e93_468.cif	2.09
model_3e93_476.cif	4.59
model_3e93_477.cif	2.73
model_3e93_480.cif	6.52
model_3e93_484.cif	2.78
model_3e93_485.cif	1.78
model_3e93_491.cif	3.01
model_3e93_494.cif	1.76
model_3e93_500.cif	2.14
model_3e93_51.cif	0.34
model_3e93_511.cif	3.92
model_3e93_518.cif	3.61
model_3e93_520.cif	4.05
model_3e93_522.cif	4.16
model_3e93_523.cif	6.11
model_3e93_530.cif	5.09
model_3e93_536.cif	4.66
model_3e93_543.cif	7.59
model_3e93_552.cif	3.72
model_3e93_555.cif	7.67
model_3e93_560.cif	4.16
model_3e93_562.cif	4.11
model_3e93_565.cif	7.27
model_3e93_566.cif	4.28
model_3e93_571.cif	9.22
model_3e93_573.cif	5.69
model_3e93_575.cif	3.05
model_3e93_576.cif	8.20
model_3e93_579.cif	7.61
model_3e93_581.cif	5.91
model_3e93_584.cif	4.97
model_3e93_589.cif	3.57
model_3e93_607.cif	7.98
model_3e93_636.cif	7.42
model_3e93_643.cif	9.73
model_3e93_646.cif	3.41
model_3e93_651.cif	7.40
model_3e93_654.cif	6.62
model_3e93_657.cif	8.33
model_3e93_660.cif	5.88
model_3e93_661.cif	4.88
model_3e93_664.cif	5.94
model_3e93_669.cif	8.61
model_3e93_673.cif	5.77
model_3e93_678.cif	7.16
model_3e93_684.cif	8.18
model_3e93_696.cif	7.51
model_3e93_698.cif	9.97
model_3e93_7.cif	0.68
model_3e93_81.cif	3.04
model_3e93_813.cif	0.50
model_3e93_821.cif	9.95
model_3e93_822.cif	9.82
model_3e93_823.cif	9.97
model_3e93_824.cif	6.03
model_3e93_833.cif	6.62
model_3e93_835.cif	9.65
model_3e93_836.cif	6.08
model_3e93_837.cif	9.54
model_3e93_840.cif	9.63
model_3e93_841.cif	9.56
model_3e93_901.cif	0.80
model_3e93_ligand.cif	0.00
model_3ebp_249.cif	0.69
model_3ebp_251.cif	2.88
model_3ebp_261.cif	1.47
model_3ebp_268.cif	1.52
model_3ebp_340.cif	0.92
model_3ebp_347.cif	1.04
model_3ebp_35.cif	5.35
model_3ebp_363.cif	0.96
model_3ebp_396.cif	0.47
model_3ebp_4.cif	3.28
model_3ebp_411.cif	6.02
model_3ebp_425.cif	5.49
model_3ebp_433.cif	2.24
model_3ebp_447.cif	2.98
model_3ebp_464.cif	5.72
model_3ebp_467.cif	1.90
model_3ebp_473.cif	4.97
model_3ebp_476.cif	3.98
model_3ebp_493.cif	3.09
model_3ebp_495.cif	1.73
model_3ebp_496.cif	2.86
model_3ebp_497.cif	5.44
model_3ebp_509.cif	4.05
model_3ebp_524.cif	4.42
model_3ebp_533.cif	2.21
model_3ebp_538.cif	2.09
model_3ebp_539.cif	6.40
model_3ebp_540.cif	6.17
model_3ebp_548.cif	6.36
model_3ebp_550.cif	5.45
model_3ebp_553.cif	5.64
model_3ebp_577.cif	4.68
model_3ebp_584.cif	4.83
model_3ebp_59.cif	2.45
model_3ebp_597.cif	3.81
model_3ebp_607.cif	5.00
model_3ebp_611.cif	6.09
model_3ebp_627.cif	6.50
model_3ebp_632.cif	5.95
model_3ebp_658.cif	2.21
model_3ebp_676.cif	4.16
model_3ebp_686.cif	3.44
model_3ebp_690.cif	3.91
model_3ebp_691.cif	2.91
model_3ebp_696.cif	3.17
model_3ebp_699.cif	3.61
model_3ebp_7.cif	0.76
model_3ebp_713.cif	0.66
model_3ebp_714.cif	0.73
model_3ebp_715.cif	1.39
model_3ebp_720.cif	5.84
model_3ebp_721.cif	0.60
model_3ebp_730.cif	4.84
model_3ebp_732.cif	0.87
model_3ebp_737.cif	3.16
model_3ebp_740.cif	4.49
model_3ebp_741.cif	1.25
model_3ebp_761.cif	3.89
model_3ebp_768.cif	5.75
model_3ebp_771.cif	6.26
model_3ebp_774.cif	7.10
model_3ebp_777.cif	5.71
model_3ebp_779.cif	6.31
model_3ebp_783.cif	6.23
model_3ebp_784.cif	2.31
model_3ebp_790.cif	1.88
model_3ebp_792.cif	6.23
model_3ebp_800.cif	4.26
model_3ebp_844.cif	0.67
model_3ebp_884.cif	1.55
model_3ebp_90.cif	1.89
model_3ebp_ligand.cif	0.00
model_3ehy_106.cif	1.06
model_3ehy_140.cif	0.71
model_3ehy_141.cif	0.99
model_3ehy_183.cif	0.81
model_3ehy_229.cif	2.01
model_3ehy_232.cif	0.82
model_3ehy_309.cif	1.03
model_3ehy_349.cif	0.90
model_3ehy_376.cif	0.97
model_3ehy_395.cif	0.82
model_3ehy_406.cif	6.13
model_3ehy_407.cif	4.20
model_3ehy_433.cif	3.87
model_3ehy_437.cif	6.89
model_3ehy_443.cif	3.98
model_3ehy_447.cif	3.72
model_3ehy_463.cif	7.20
model_3ehy_471.cif	7.31
model_3ehy_476.cif	4.47
model_3ehy_477.cif	5.80
model_3ehy_481.cif	2.05
model_3ehy_482.cif	5.17
model_3ehy_485.cif	4.90
model_3ehy_486.cif	3.20
model_3ehy_492.cif	1.85
model_3ehy_493.cif	2.26
model_3ehy_495.cif	3.51
model_3ehy_496.cif	1.15
model_3ehy_500.cif	3.03
model_3ehy_502.cif	6.85
model_3ehy_509.cif	2.46
model_3ehy_512.cif	5.06
model_3ehy_521.cif	6.16
model_3ehy_535.cif	5.01
model_3ehy_537.cif	6.26
model_3ehy_54.cif	1.24
model_3ehy_543.cif	2.78
model_3ehy_545.cif	4.39
model_3ehy_551.cif	5.90
model_3ehy_564.cif	5.39
model_3ehy_570.cif	6.38
model_3ehy_576.cif	6.11
model_3ehy_592.cif	6.24
model_3ehy_615.cif	3.74
model_3ehy_619.cif	3.99
model_3ehy_622.cif	4.07
model_3ehy_623.cif	4.95
model_3ehy_632.cif	3.00
model_3ehy_637.cif	1.45
model_3ehy_642.cif	4.12
model_3ehy_646.cif	1.74
model_3ehy_667.cif	1.32
model_3ehy_668.cif	4.13
model_3ehy_671.cif	1.98
model_3ehy_674.cif	5.01
model_3ehy_678.cif	4.37
model_3ehy_685.cif	1.05
model_3ehy_693.cif	3.47
model_3ehy_698.cif	5.64
model_3ehy_706.cif	0.66
model_3ehy_719.cif	2.90
model_3ehy_728.cif	7.23
model_3ehy_731.cif	4.89
model_3ehy_735.cif	7.07
model_3ehy_752.cif	5.04
model_3ehy_753.cif	2.44
model_3ehy_758.cif	7.44
model_3ehy_759.cif	6.86
model_3ehy_764.cif	7.18
model_3ehy_768.cif	5.52
model_3ehy_769.cif	7.02
model_3ehy_777.cif	7.28
model_3ehy_779.cif	7.39
model_3ehy_785.cif	6.75
model_3ehy_789.cif	7.08
model_3ehy_793.cif	2.74
model_3ehy_858.cif	0.83
model_3ehy_919.cif	2.17
model_3ehy_977.cif	0.73
model_3ehy_985.cif	3.54
model_3ehy_ligand.cif	0.00
model_3ejr_10.cif	1.25
model_3ejr_16.cif	0.87
model_3ejr_19.cif	1.21
model_3ejr_213.cif	5.33
model_3ejr_217.cif	0.96
model_3ejr_22.cif	0.58
model_3ejr_222.cif	0.91
model_3ejr_233.cif	2.39
model_3ejr_236.cif	1.34
model_3ejr_277.cif	1.13
model_3ejr_327.cif	0.56
model_3ejr_360.cif	0.41
model_3ejr_401.cif	3.57
model_3ejr_417.cif	5.26
model_3ejr_419.cif	4.02
model_3ejr_428.cif	5.83
model_3ejr_443.cif	4.56
model_3ejr_457.cif	6.42
model_3ejr_459.cif	0.89
model_3ejr_469.cif	6.01
model_3ejr_480.cif	5.11
model_3ejr_492.cif	6.36
model_3ejr_495.cif	4.05
model_3ejr_514.cif	4.13
model_3ejr_531.cif	4.39
model_3ejr_536.cif	2.58
model_3ejr_546.cif	3.85
model_3ejr_55.cif	1.30
model_3ejr_553.cif	6.29
model_3ejr_561.cif	1.40
model_3ejr_573.cif	1.95
model_3ejr_577.cif	2.19
model_3ejr_587.cif	6.36
model_3ejr_588.cif	2.46
model_3ejr_591.cif	4.81
model_3ejr_593.cif	3.40
model_3ejr_595.cif	2.81
model_3ejr_598.cif	3.41
model_3ejr_599.cif	4.49
model_3ejr_630.cif	3.33
model_3ejr_633.cif	5.70
model_3ejr_635.cif	6.37
model_3ejr_644.cif	5.35
model_3ejr_655.cif	4.25
model_3ejr_663.cif	6.15
model_3ejr_673.cif	5.80
model_3ejr_676.cif	6.43
model_3ejr_682.cif	5.39
model_3ejr_683.cif	5.89
model_3ejr_686.cif	6.19
model_3ejr_690.cif	6.03
model_3ejr_749.cif	0.81
model_3ejr_758.cif	4.27
model_3ejr_759.cif	0.55
model_3ejr_770.cif	2.64
model_3ejr_773.cif	2.45
model_3ejr_776.cif	3.91
model_3ejr_778.cif	3.01
model_3ejr_779.cif	1.87
model_3ejr_782.cif	3.04
model_3ejr_784.cif	2.91
model_3ejr_785.cif	2.41
model_3ejr_853.cif	3.05
model_3ejr_87.cif	1.26
model_3ejr_877.cif	4.91
model_3ejr_883.cif	5.15
model_3ejr_94.cif	3.33
model_3ejr_941.cif	1.60
model_3ejr_949.cif	2.06
model_3ejr_964.cif	0.65
model_3ejr_ligand.cif	0.00
model_3f3a_203.cif	0.20
model_3f3a_222.cif	0.27
model_3f3a_262.cif	1.63
model_3f3a_278.cif	0.57
model_3f3a_3.cif	0.60
model_3f3a_309.cif	9.33
model_3f3a_31.cif	0.38
model_3f3a_320.cif	9.88
model_3f3a_321.cif	9.54
model_3f3a_322.cif	9.85
model_3f3a_333.cif	9.06
model_3f3a_339.cif	0.53
model_3f3a_354.cif	4.34
model_3f3a_359.cif	4.99
model_3f3a_367.cif	2.20
model_3f3a_410.cif	1.96
model_3f3a_412.cif	5.18
model_3f3a_417.cif	2.00
model_3f3a_432.cif	4.61
model_3f3a_438.cif	4.85
model_3f3a_439.cif	2.33
model_3f3a_443.cif	5.04
model_3f3a_447.cif	4.44
model_3f3a_488.cif	4.96
model_3f3a_495.cif	5.27
model_3f3a_509.cif	1.95
model_3f3a_514.cif	1.94
model_3f3a_525.cif	2.59
model_3f3a_528.cif	4.14
model_3f3a_552.cif	2.20
model_3f3a_553.cif	5.22
model_3f3a_558.cif	4.80
model_3f3a_57.cif	0.37
model_3f3a_570.cif	3.70
model_3f3a_573.cif	1.74
model_3f3a_581.cif	2.60
model_3f3a_584.cif	5.65
model_3f3a_603.cif	3.02
model_3f3a_612.cif	1.97
model_3f3a_621.cif	4.54
model_3f3a_629.cif	5.29
model_3f3a_630.cif	5.11
model_3f3a_640.cif	5.17
model_3f3a_649.cif	1.33
model_3f3a_65.cif	0.32
model_3f3a_652.cif	3.28
model_3f3a_653.cif	5.32
model_3f3a_674.cif	3.07
model_3f3a_676.cif	2.04
model_3f3a_686.cif	4.46
model_3f3a_688.cif	5.69
model_3f3a_694.cif	1.76
model_3f3a_697.cif	2.71
model_3f3a_71.cif	0.87
model_3f3a_734.cif	2.97
model_3f3a_750.cif	3.99
model_3f3a_752.cif	2.67
model_3f3a_767.cif	1.96
model_3f3a_779.cif	3.90
model_3f3a_781.cif	3.31
model_3f3a_790.cif	2.49
model_3f3a_795.cif	3.59
model_3f3a_798.cif	3.06
model_3f3a_873.cif	3.01
model_3f3a_934.cif	0.82
model_3f3a_ligand.cif	0.00
model_3f3c_223.cif	0.69
model_3f3c_256.cif	0.53
model_3f3c_258.cif	0.54
model_3f3c_29.cif	2.59
model_3f3c_326.cif	0.45
model_3f3c_38.cif	1.45
model_3f3c_401.cif	0.77
model_3f3c_407.cif	0.87
model_3f3c_411.cif	4.66
model_3f3c_413.cif	1.81
model_3f3c_419.cif	0.96
model_3f3c_430.cif	5.26
model_3f3c_442.cif	5.30
model_3f3c_453.cif	4.63
model_3f3c_456.cif	4.99
model_3f3c_458.cif	5.34
model_3f3c_459.cif	5.17
model_3f3c_463.cif	4.78
model_3f3c_466.cif	1.55
model_3f3c_469.cif	5.23
model_3f3c_471.cif	4.78
model_3f3c_472.cif	5.33
model_3f3c_474.cif	1.95
model_3f3c_475.cif	4.63
model_3f3c_480.cif	5.28
model_3f3c_485.cif	5.28
model_3f3c_491.cif	4.76
model_3f3c_496.cif	0.98
model_3f3c_499.cif	5.30
model_3f3c_507.cif	1.15
model_3f3c_508.cif	0.97
model_3f3c_510.cif	4.96
model_3f3c_523.cif	0.92
model_3f3c_542.cif	4.62
model_3f3c_544.cif	2.08
model_3f3c_545.cif	2.02
model_3f3c_555.cif	2.24
model_3f3c_572.cif	4.81
model_3f3c_585.cif	1.75
model_3f3c_586.cif	1.81
model_3f3c_587.cif	1.14
model_3f3c_599.cif	1.74
model_3f3c_628.cif	2.57
model_3f3c_635.cif	2.16
model_3f3c_665.cif	3.10
model_3f3c_686.cif	2.83
model_3f3c_696.cif	1.99
model_3f3c_735.cif	2.45
model_3f3c_775.cif	2.60
model_3f3c_779.cif	2.06
model_3f3c_788.cif	3.41
model_3f3c_789.cif	3.44
model_3f3c_790.cif	3.48
model_3f3c_791.cif	3.43
model_3f3c_792.cif	3.37
model_3f3c_799.cif	5.02
model_3f3c_ligand.cif	0.00
model_3f3d_211.cif	0.70
model_3f3d_251.cif	1.32
model_3f3d_255.cif	0.86
model_3f3d_287.cif	1.55
model_3f3d_295.cif	0.72
model_3f3d_319.cif	0.99
model_3f3d_33.cif	0.97
model_3f3d_363.cif	0.40
model_3f3d_377.cif	1.02
model_3f3d_401.cif	3.89
model_3f3d_424.cif	2.64
model_3f3d_433.cif	3.84
model_3f3d_435.cif	4.09
model_3f3d_444.cif	3.32
model_3f3d_450.cif	3.87
model_3f3d_454.cif	2.06
model_3f3d_457.cif	1.26
model_3f3d_464.cif	4.03
model_3f3d_469.cif	4.03
model_3f3d_477.cif	4.08
model_3f3d_482.cif	4.31
model_3f3d_484.cif	4.26
model_3f3d_500.cif	3.77
model_3f3d_516.cif	1.38
model_3f3d_526.cif	0.97
model_3f3d_529.cif	1.41
model_3f3d_554.cif	4.07
model_3f3d_574.cif	2.94
model_3f3d_588.cif	4.10
model_3f3d_591.cif	3.38
model_3f3d_596.cif	1.27
model_3f3d_601.cif	3.13
model_3f3d_614.cif	2.04
model_3f3d_62.cif	0.96
model_3f3d_629.cif	1.47
model_3f3d_634.cif	2.10
model_3f3d_644.cif	1.59
model_3f3d_653.cif	2.97
model_3f3d_663.cif	2.01
model_3f3d_666.cif	2.02
model_3f3d_682.cif	2.02
model_3f3d_692.cif	0.91
model_3f3d_771.cif	4.21
model_3f3d_774.cif	3.91
model_3f3d_775.cif	4.07
model_3f3d_787.cif	1.49
model_3f3d_791.cif	3.39
model_3f3d_797.cif	3.06
model_3f3d_798.cif	2.19
model_3f3d_99.cif	0.88
model_3f3d_ligand.cif	0.00
model_3f3e_107.cif	0.38
model_3f3e_122.cif	0.74
model_3f3e_173.cif	0.66
model_3f3e_174.cif	0.83
model_3f3e_182.cif	0.87
model_3f3e_197.cif	0.22
model_3f3e_418.cif	1.16
model_3f3e_422.cif	1.70
model_3f3e_427.cif	3.87
model_3f3e_429.cif	1.06
model_3f3e_435.cif	4.03
model_3f3e_441.cif	0.93
model_3f3e_444.cif	2.17
model_3f3e_447.cif	4.19
model_3f3e_451.cif	1.15
model_3f3e_457.cif	0.79
model_3f3e_466.cif	1.29
model_3f3e_473.cif	2.00
model_3f3e_478.cif	3.98
model_3f3e_485.cif	2.06
model_3f3e_508.cif	0.98
model_3f3e_511.cif	1.22
model_3f3e_527.cif	2.05
model_3f3e_565.cif	1.76
model_3f3e_569.cif	3.86
model_3f3e_579.cif	3.36
model_3f3e_582.cif	3.70
model_3f3e_586.cif	1.57
model_3f3e_587.cif	3.84
model_3f3e_591.cif	2.52
model_3f3e_594.cif	4.05
model_3f3e_630.cif	3.05
model_3f3e_634.cif	2.93
model_3f3e_635.cif	2.20
model_3f3e_638.cif	2.02
model_3f3e_662.cif	2.23
model_3f3e_688.cif	4.01
model_3f3e_697.cif	2.56
model_3f3e_700.cif	2.00
model_3f3e_760.cif	3.18
model_3f3e_772.cif	2.59
model_3f3e_773.cif	3.81
model_3f3e_780.cif	4.24
model_3f3e_783.cif	3.89
model_3f3e_784.cif	4.26
model_3f3e_844.cif	0.93
model_3f3e_ligand.cif	0.00
model_3fcq_103.cif	1.04
model_3fcq_107.cif	1.83
model_3fcq_109.cif	6.33
model_3fcq_110.cif	0.87
model_3fcq_112.cif	6.56
model_3fcq_117.cif	4.70
model_3fcq_118.cif	6.95
model_3fcq_127.cif	7.67
model_3fcq_128.cif	6.22
model_3fcq_129.cif	5.65
model_3fcq_135.cif	3.09
model_3fcq_136.cif	1.03
model_3fcq_140.cif	5.29
model_3fcq_166.cif	0.75
model_3fcq_169.cif	3.40
model_3fcq_174.cif	6.07
model_3fcq_175.cif	2.12
model_3fcq_177.cif	7.41
model_3fcq_181.cif	8.73
model_3fcq_184.cif	7.33
model_3fcq_198.cif	8.13
model_3fcq_209.cif	0.95
model_3fcq_237.cif	1.34
model_3fcq_314.cif	1.05
model_3fcq_320.cif	0.57
model_3fcq_352.cif	0.57
model_3fcq_353.cif	6.89
model_3fcq_365.cif	0.79
model_3fcq_372.cif	1.32
model_3fcq_418.cif	3.30
model_3fcq_419.cif	3.13
model_3fcq_428.cif	3.01
model_3fcq_442.cif	2.91
model_3fcq_445.cif	1.45
model_3fcq_450.cif	1.48
model_3fcq_461.cif	2.10
model_3fcq_469.cif	2.84
model_3fcq_479.cif	3.16
model_3fcq_488.cif	1.74
model_3fcq_493.cif	3.31
model_3fcq_496.cif	2.94
model_3fcq_506.cif	4.29
model_3fcq_509.cif	5.33
model_3fcq_513.cif	2.24
model_3fcq_515.cif	4.08
model_3fcq_517.cif	4.23
model_3fcq_53.cif	0.64
model_3fcq_537.cif	5.01
model_3fcq_547.cif	5.15
model_3fcq_550.cif	5.18
model_3fcq_562.cif	3.33
model_3fcq_568.cif	5.45
model_3fcq_578.cif	0.67
model_3fcq_588.cif	6.08
model_3fcq_598.cif	4.20
model_3fcq_629.cif	4.10
model_3fcq_638.cif	2.75
model_3fcq_641.cif	4.22
model_3fcq_671.cif	3.63
model_3fcq_672.cif	6.08
model_3fcq_675.cif	1.97
model_3fcq_681.cif	5.14
model_3fcq_683.cif	2.94
model_3fcq_692.cif	6.37
model_3fcq_694.cif	2.65
model_3fcq_700.cif	5.83
model_3fcq_74.cif	0.65
model_3fcq_775.cif	3.41
model_3fcq_778.cif	4.01
model_3fcq_781.cif	4.35
model_3fcq_794.cif	4.15
model_3fcq_84.cif	0.87
model_3fcq_843.cif	6.36
model_3fcq_844.cif	2.93
model_3fcq_887.cif	5.74
model_3fcq_ligand.cif	0.00
model_3fur_110.cif	8.70
model_3fur_13.cif	9.28
model_3fur_131.cif	7.23
model_3fur_138.cif	0.91
model_3fur_145.cif	6.58
model_3fur_146.cif	1.03
model_3fur_153.cif	1.00
model_3fur_154.cif	1.69
model_3fur_160.cif	1.06
model_3fur_165.cif	1.70
model_3fur_173.cif	5.47
model_3fur_181.cif	9.81
model_3fur_194.cif	6.49
model_3fur_2.cif	8.80
model_3fur_203.cif	2.05
model_3fur_215.cif	0.57
model_3fur_220.cif	1.25
model_3fur_233.cif	4.36
model_3fur_234.cif	1.11
model_3fur_237.cif	2.22
model_3fur_243.cif	0.46
model_3fur_254.cif	0.93
model_3fur_308.cif	9.98
model_3fur_317.cif	8.10
model_3fur_318.cif	8.07
model_3fur_323.cif	0.53
model_3fur_328.cif	8.76
model_3fur_33.cif	7.89
model_3fur_331.cif	1.32
model_3fur_342.cif	0.61
model_3fur_364.cif	9.16
model_3fur_369.cif	9.12
model_3fur_374.cif	0.76
model_3fur_395.cif	9.14
model_3fur_399.cif	9.02
model_3fur_406.cif	3.39
model_3fur_413.cif	4.89
model_3fur_415.cif	4.04
model_3fur_417.cif	3.14
model_3fur_427.cif	5.69
model_3fur_43.cif	9.13
model_3fur_433.cif	4.27
model_3fur_437.cif	2.58
model_3fur_440.cif	1.54
model_3fur_442.cif	2.81
model_3fur_444.cif	5.30
model_3fur_446.cif	3.37
model_3fur_449.cif	5.49
model_3fur_454.cif	2.66
model_3fur_461.cif	4.30
model_3fur_469.cif	3.29
model_3fur_483.cif	3.15
model_3fur_484.cif	4.97
model_3fur_494.cif	2.90
model_3fur_513.cif	5.37
model_3fur_514.cif	1.99
model_3fur_532.cif	6.55
model_3fur_535.cif	5.59
model_3fur_537.cif	2.67
model_3fur_538.cif	3.34
model_3fur_539.cif	6.88
model_3fur_541.cif	6.07
model_3fur_554.cif	7.29
model_3fur_557.cif	2.12
model_3fur_560.cif	4.68
model_3fur_561.cif	6.54
model_3fur_568.cif	4.56
model_3fur_571.cif	3.94
model_3fur_588.cif	2.98
model_3fur_59.cif	6.36
model_3fur_6.cif	1.00
model_3fur_60.cif	9.54
model_3fur_600.cif	6.79
model_3fur_612.cif	7.24
model_3fur_623.cif	7.08
model_3fur_630.cif	6.35
model_3fur_632.cif	4.93
model_3fur_657.cif	8.49
model_3fur_659.cif	7.66
model_3fur_666.cif	8.87
model_3fur_672.cif	5.74
model_3fur_673.cif	8.37
model_3fur_675.cif	3.27
model_3fur_681.cif	8.15
model_3fur_683.cif	5.15
model_3fur_684.cif	6.30
model_3fur_692.cif	7.08
model_3fur_696.cif	2.94
model_3fur_697.cif	7.41
model_3fur_7.cif	7.57
model_3fur_729.cif	5.06
model_3fur_778.cif	3.67
model_3fur_783.cif	1.72
model_3fur_787.cif	7.19
model_3fur_794.cif	4.32
model_3fur_796.cif	3.93
model_3fur_797.cif	5.56
model_3fur_88.cif	8.01
model_3fur_94.cif	9.40
model_3fur_960.cif	0.93
model_3fur_ligand.cif	0.00
model_3fv1_115.cif	0.22
model_3fv1_191.cif	0.16
model_3fv1_262.cif	0.40
model_3fv1_333.cif	0.31
model_3fv1_407.cif	1.52
model_3fv1_415.cif	1.45
model_3fv1_435.cif	3.47
model_3fv1_436.cif	1.51
model_3fv1_442.cif	4.13
model_3fv1_451.cif	3.23
model_3fv1_452.cif	1.82
model_3fv1_456.cif	2.10
model_3fv1_461.cif	3.85
model_3fv1_463.cif	3.43
model_3fv1_467.cif	2.37
model_3fv1_470.cif	0.89
model_3fv1_488.cif	4.23
model_3fv1_491.cif	2.03
model_3fv1_492.cif	2.80
model_3fv1_494.cif	3.70
model_3fv1_503.cif	1.00
model_3fv1_530.cif	2.67
model_3fv1_553.cif	2.00
model_3fv1_557.cif	4.03
model_3fv1_572.cif	2.72
model_3fv1_573.cif	2.12
model_3fv1_575.cif	3.77
model_3fv1_598.cif	3.23
model_3fv1_613.cif	2.85
model_3fv1_623.cif	1.87
model_3fv1_628.cif	2.12
model_3fv1_638.cif	1.96
model_3fv1_645.cif	1.41
model_3fv1_652.cif	4.13
model_3fv1_672.cif	3.63
model_3fv1_676.cif	3.64
model_3fv1_677.cif	1.60
model_3fv1_690.cif	1.48
model_3fv1_695.cif	3.30
model_3fv1_700.cif	2.44
model_3fv1_730.cif	0.34
model_3fv1_742.cif	0.53
model_3fv1_832.cif	0.63
model_3fv1_87.cif	0.45
model_3fv1_ligand.cif	0.00
model_3fv2_172.cif	0.12
model_3fv2_177.cif	0.59
model_3fv2_200.cif	0.68
model_3fv2_298.cif	0.33
model_3fv2_302.cif	0.36
model_3fv2_408.cif	0.92
model_3fv2_409.cif	3.65
model_3fv2_412.cif	4.13
model_3fv2_42.cif	0.66
model_3fv2_424.cif	3.95
model_3fv2_429.cif	4.18
model_3fv2_430.cif	3.82
model_3fv2_459.cif	3.81
model_3fv2_466.cif	2.43
model_3fv2_484.cif	2.35
model_3fv2_485.cif	2.50
model_3fv2_488.cif	4.25
model_3fv2_489.cif	4.40
model_3fv2_500.cif	4.04
model_3fv2_503.cif	0.93
model_3fv2_509.cif	0.98
model_3fv2_510.cif	2.75
model_3fv2_514.cif	0.87
model_3fv2_517.cif	1.01
model_3fv2_520.cif	1.95
model_3fv2_547.cif	1.17
model_3fv2_548.cif	2.16
model_3fv2_556.cif	2.66
model_3fv2_559.cif	2.17
model_3fv2_563.cif	1.78
model_3fv2_566.cif	1.84
model_3fv2_576.cif	4.04
model_3fv2_582.cif	1.57
model_3fv2_588.cif	4.31
model_3fv2_590.cif	3.05
model_3fv2_592.cif	2.38
model_3fv2_613.cif	1.30
model_3fv2_623.cif	3.14
model_3fv2_626.cif	1.49
model_3fv2_642.cif	4.03
model_3fv2_652.cif	1.54
model_3fv2_657.cif	3.48
model_3fv2_658.cif	4.20
model_3fv2_675.cif	3.19
model_3fv2_676.cif	4.14
model_3fv2_681.cif	2.04
model_3fv2_684.cif	3.80
model_3fv2_688.cif	3.37
model_3fv2_699.cif	2.14
model_3fv2_832.cif	1.37
model_3fv2_ligand.cif	0.00
model_3g0w_185.cif	0.54
model_3g0w_195.cif	0.59
model_3g0w_196.cif	0.33
model_3g0w_241.cif	0.26
model_3g0w_27.cif	0.45
model_3g0w_281.cif	0.21
model_3g0w_401.cif	0.94
model_3g0w_409.cif	0.82
model_3g0w_410.cif	1.82
model_3g0w_413.cif	0.93
model_3g0w_417.cif	6.41
model_3g0w_441.cif	1.69
model_3g0w_458.cif	6.72
model_3g0w_475.cif	2.44
model_3g0w_488.cif	2.12
model_3g0w_493.cif	2.39
model_3g0w_494.cif	2.69
model_3g0w_499.cif	2.29
model_3g0w_516.cif	3.07
model_3g0w_523.cif	6.13
model_3g0w_545.cif	3.36
model_3g0w_552.cif	1.13
model_3g0w_562.cif	1.07
model_3g0w_573.cif	1.09
model_3g0w_574.cif	2.79
model_3g0w_609.cif	1.74
model_3g0w_613.cif	2.36
model_3g0w_639.cif	6.57
model_3g0w_658.cif	1.21
model_3g0w_690.cif	1.96
model_3g0w_696.cif	2.01
model_3g0w_697.cif	3.03
model_3g0w_703.cif	6.60
model_3g0w_753.cif	7.06
model_3g0w_754.cif	4.39
model_3g0w_755.cif	3.41
model_3g0w_756.cif	6.09
model_3g0w_757.cif	3.28
model_3g0w_758.cif	4.55
model_3g0w_759.cif	4.50
model_3g0w_761.cif	3.78
model_3g0w_764.cif	4.52
model_3g0w_765.cif	4.66
model_3g0w_766.cif	4.08
model_3g0w_767.cif	4.10
model_3g0w_768.cif	4.10
model_3g0w_769.cif	5.50
model_3g0w_771.cif	5.92
model_3g0w_772.cif	4.15
model_3g0w_773.cif	3.62
model_3g0w_774.cif	6.98
model_3g0w_775.cif	5.19
model_3g0w_778.cif	8.14
model_3g0w_779.cif	4.35
model_3g0w_780.cif	3.71
model_3g0w_782.cif	3.72
model_3g0w_783.cif	3.83
model_3g0w_786.cif	7.44
model_3g0w_787.cif	6.59
model_3g0w_788.cif	5.35
model_3g0w_789.cif	6.48
model_3g0w_790.cif	6.34
model_3g0w_791.cif	0.43
model_3g0w_800.cif	2.31
model_3g0w_832.cif	2.10
model_3g0w_874.cif	1.83
model_3g0w_889.cif	1.65
model_3g0w_ligand.cif	0.00
model_3g2n_117.cif	0.78
model_3g2n_197.cif	0.65
model_3g2n_244.cif	3.21
model_3g2n_35.cif	0.79
model_3g2n_355.cif	0.90
model_3g2n_40.cif	2.01
model_3g2n_401.cif	1.96
model_3g2n_405.cif	1.26
model_3g2n_423.cif	0.68
model_3g2n_427.cif	1.93
model_3g2n_442.cif	6.80
model_3g2n_450.cif	6.60
model_3g2n_455.cif	6.67
model_3g2n_461.cif	6.63
model_3g2n_462.cif	6.55
model_3g2n_475.cif	2.21
model_3g2n_479.cif	6.69
model_3g2n_481.cif	2.34
model_3g2n_489.cif	6.69
model_3g2n_49.cif	0.48
model_3g2n_491.cif	1.60
model_3g2n_495.cif	2.07
model_3g2n_499.cif	6.62
model_3g2n_506.cif	1.93
model_3g2n_515.cif	2.75
model_3g2n_524.cif	3.60
model_3g2n_546.cif	2.93
model_3g2n_547.cif	3.10
model_3g2n_55.cif	0.78
model_3g2n_556.cif	1.97
model_3g2n_563.cif	3.04
model_3g2n_574.cif	2.32
model_3g2n_576.cif	3.09
model_3g2n_582.cif	4.34
model_3g2n_588.cif	3.02
model_3g2n_599.cif	7.11
model_3g2n_630.cif	4.35
model_3g2n_640.cif	3.95
model_3g2n_642.cif	9.15
model_3g2n_645.cif	7.12
model_3g2n_647.cif	4.17
model_3g2n_656.cif	2.41
model_3g2n_658.cif	3.05
model_3g2n_666.cif	6.54
model_3g2n_674.cif	4.75
model_3g2n_675.cif	8.16
model_3g2n_676.cif	7.38
model_3g2n_677.cif	2.85
model_3g2n_678.cif	1.80
model_3g2n_681.cif	3.68
model_3g2n_682.cif	3.23
model_3g2n_695.cif	6.73
model_3g2n_77.cif	1.88
model_3g2n_772.cif	7.30
model_3g2n_773.cif	7.28
model_3g2n_774.cif	7.27
model_3g2n_775.cif	7.28
model_3g2n_81.cif	1.75
model_3g2n_870.cif	1.76
model_3g2n_922.cif	0.96
model_3g2n_93.cif	2.30
model_3g2n_967.cif	0.52
model_3g2n_97.cif	0.38
model_3g2n_ligand.cif	0.00
model_3g2z_132.cif	2.47
model_3g2z_152.cif	3.67
model_3g2z_166.cif	2.93
model_3g2z_189.cif	5.16
model_3g2z_194.cif	4.01
model_3g2z_332.cif	5.73
model_3g2z_42.cif	5.01
model_3g2z_443.cif	3.78
model_3g2z_490.cif	4.49
model_3g2z_506.cif	3.87
model_3g2z_517.cif	4.10
model_3g2z_525.cif	2.99
model_3g2z_526.cif	3.82
model_3g2z_528.cif	4.22
model_3g2z_534.cif	4.53
model_3g2z_535.cif	4.28
model_3g2z_559.cif	2.61
model_3g2z_568.cif	3.79
model_3g2z_569.cif	3.92
model_3g2z_578.cif	3.92
model_3g2z_587.cif	2.66
model_3g2z_588.cif	4.95
model_3g2z_603.cif	2.78
model_3g2z_610.cif	5.27
model_3g2z_616.cif	5.20
model_3g2z_626.cif	4.31
model_3g2z_631.cif	3.16
model_3g2z_632.cif	3.92
model_3g2z_656.cif	4.35
model_3g2z_663.cif	2.45
model_3g2z_668.cif	3.37
model_3g2z_683.cif	4.11
model_3g2z_687.cif	2.66
model_3g2z_706.cif	5.45
model_3g2z_745.cif	7.15
model_3g2z_748.cif	5.82
model_3g2z_755.cif	5.18
model_3g2z_763.cif	2.65
model_3g2z_776.cif	5.76
model_3g2z_779.cif	5.62
model_3g2z_790.cif	2.45
model_3g2z_792.cif	6.01
model_3g2z_818.cif	6.61
model_3g2z_909.cif	6.77
model_3g2z_915.cif	7.03
model_3g2z_933.cif	6.62
model_3g2z_940.cif	7.81
model_3g2z_975.cif	6.93
model_3g2z_1001.cif	1.71
model_3g2z_1002.cif	1.88
model_3g2z_1003.cif	1.70
model_3g2z_1004.cif	1.18
model_3g2z_1005.cif	1.01
model_3g2z_1006.cif	1.55
model_3g2z_1007.cif	1.65
model_3g2z_1008.cif	1.26
model_3g2z_1009.cif	1.96
model_3g2z_1010.cif	1.98
model_3g2z_1011.cif	0.97
model_3g2z_1012.cif	0.93
model_3g2z_ligand.cif	0.00
model_3g31_107.cif	1.43
model_3g31_109.cif	0.92
model_3g31_136.cif	2.89
model_3g31_210.cif	3.40
model_3g31_218.cif	4.07
model_3g31_246.cif	3.60
model_3g31_288.cif	4.12
model_3g31_339.cif	2.48
model_3g31_36.cif	1.78
model_3g31_362.cif	0.98
model_3g31_392.cif	1.84
model_3g31_402.cif	2.26
model_3g31_405.cif	2.07
model_3g31_413.cif	6.18
model_3g31_416.cif	6.05
model_3g31_437.cif	6.38
model_3g31_442.cif	3.06
model_3g31_447.cif	3.19
model_3g31_448.cif	2.21
model_3g31_457.cif	5.85
model_3g31_461.cif	6.91
model_3g31_469.cif	6.38
model_3g31_472.cif	4.65
model_3g31_473.cif	7.02
model_3g31_474.cif	4.49
model_3g31_475.cif	5.69
model_3g31_478.cif	5.57
model_3g31_488.cif	5.46
model_3g31_496.cif	4.56
model_3g31_498.cif	5.81
model_3g31_499.cif	2.33
model_3g31_512.cif	1.70
model_3g31_526.cif	6.33
model_3g31_531.cif	1.87
model_3g31_532.cif	8.02
model_3g31_534.cif	1.91
model_3g31_535.cif	4.11
model_3g31_537.cif	4.70
model_3g31_556.cif	1.94
model_3g31_571.cif	6.42
model_3g31_580.cif	6.41
model_3g31_581.cif	3.92
model_3g31_582.cif	3.75
model_3g31_584.cif	6.38
model_3g31_585.cif	8.04
model_3g31_588.cif	8.50
model_3g31_596.cif	1.96
model_3g31_644.cif	4.89
model_3g31_648.cif	2.92
model_3g31_652.cif	5.76
model_3g31_653.cif	3.87
model_3g31_659.cif	5.39
model_3g31_663.cif	5.21
model_3g31_670.cif	3.46
model_3g31_673.cif	3.00
model_3g31_687.cif	7.52
model_3g31_692.cif	2.81
model_3g31_693.cif	3.57
model_3g31_697.cif	4.83
model_3g31_699.cif	5.87
model_3g31_700.cif	6.95
model_3g31_740.cif	3.34
model_3g31_781.cif	2.03
model_3g31_785.cif	5.33
model_3g31_786.cif	2.00
model_3g31_791.cif	1.40
model_3g31_802.cif	4.61
model_3g31_ligand.cif	0.00
model_3gbb_213.cif	0.41
model_3gbb_278.cif	0.55
model_3gbb_304.cif	0.70
model_3gbb_317.cif	0.43
model_3gbb_405.cif	0.78
model_3gbb_407.cif	0.84
model_3gbb_418.cif	3.97
model_3gbb_421.cif	4.13
model_3gbb_427.cif	0.86
model_3gbb_445.cif	1.17
model_3gbb_449.cif	0.99
model_3gbb_458.cif	2.12
model_3gbb_460.cif	1.65
model_3gbb_468.cif	1.53
model_3gbb_473.cif	0.93
model_3gbb_482.cif	2.36
model_3gbb_483.cif	1.71
model_3gbb_489.cif	4.02
model_3gbb_498.cif	3.05
model_3gbb_503.cif	1.27
model_3gbb_509.cif	2.77
model_3gbb_510.cif	2.29
model_3gbb_512.cif	3.12
model_3gbb_523.cif	1.14
model_3gbb_559.cif	2.96
model_3gbb_564.cif	1.98
model_3gbb_596.cif	1.50
model_3gbb_616.cif	4.30
model_3gbb_619.cif	2.57
model_3gbb_621.cif	3.91
model_3gbb_625.cif	3.94
model_3gbb_627.cif	2.40
model_3gbb_646.cif	3.73
model_3gbb_648.cif	3.98
model_3gbb_650.cif	2.45
model_3gbb_655.cif	2.18
model_3gbb_666.cif	3.96
model_3gbb_673.cif	4.02
model_3gbb_678.cif	5.52
model_3gbb_683.cif	1.87
model_3gbb_693.cif	4.02
model_3gbb_697.cif	3.10
model_3gbb_715.cif	1.41
model_3gbb_717.cif	2.71
model_3gbb_728.cif	4.01
model_3gbb_781.cif	3.08
model_3gbb_783.cif	4.11
model_3gbb_796.cif	4.04
model_3gbb_814.cif	0.82
model_3gbb_845.cif	4.25
model_3gbb_893.cif	4.37
model_3gbb_ligand.cif	0.00
model_3gc5_402.cif	0.72
model_3gc5_403.cif	0.76
model_3gc5_406.cif	0.97
model_3gc5_408.cif	2.06
model_3gc5_426.cif	0.97
model_3gc5_427.cif	3.35
model_3gc5_428.cif	5.14
model_3gc5_436.cif	1.41
model_3gc5_446.cif	3.63
model_3gc5_451.cif	3.28
model_3gc5_457.cif	2.23
model_3gc5_460.cif	3.44
model_3gc5_461.cif	4.20
model_3gc5_463.cif	2.42
model_3gc5_464.cif	0.92
model_3gc5_467.cif	2.01
model_3gc5_471.cif	3.67
model_3gc5_475.cif	3.02
model_3gc5_492.cif	3.33
model_3gc5_495.cif	5.07
model_3gc5_500.cif	5.23
model_3gc5_507.cif	4.50
model_3gc5_516.cif	4.26
model_3gc5_518.cif	6.18
model_3gc5_524.cif	0.91
model_3gc5_532.cif	5.52
model_3gc5_536.cif	4.64
model_3gc5_551.cif	5.70
model_3gc5_556.cif	3.77
model_3gc5_559.cif	1.83
model_3gc5_563.cif	6.85
model_3gc5_565.cif	5.73
model_3gc5_566.cif	4.83
model_3gc5_567.cif	1.39
model_3gc5_574.cif	4.52
model_3gc5_577.cif	1.19
model_3gc5_580.cif	3.64
model_3gc5_582.cif	6.60
model_3gc5_585.cif	6.53
model_3gc5_589.cif	5.67
model_3gc5_603.cif	0.77
model_3gc5_604.cif	1.46
model_3gc5_605.cif	1.05
model_3gc5_606.cif	0.80
model_3gc5_607.cif	1.97
model_3gc5_617.cif	1.99
model_3gc5_627.cif	4.49
model_3gc5_631.cif	1.92
model_3gc5_632.cif	2.76
model_3gc5_636.cif	2.99
model_3gc5_638.cif	4.29
model_3gc5_646.cif	4.71
model_3gc5_647.cif	0.88
model_3gc5_657.cif	4.87
model_3gc5_662.cif	2.64
model_3gc5_663.cif	2.59
model_3gc5_679.cif	5.17
model_3gc5_682.cif	5.27
model_3gc5_691.cif	1.61
model_3gc5_696.cif	5.64
model_3gc5_715.cif	0.93
model_3gc5_733.cif	6.80
model_3gc5_739.cif	7.14
model_3gc5_749.cif	7.54
model_3gc5_752.cif	7.49
model_3gc5_755.cif	3.00
model_3gc5_757.cif	6.53
model_3gc5_758.cif	6.58
model_3gc5_759.cif	7.52
model_3gc5_764.cif	7.46
model_3gc5_770.cif	8.01
model_3gc5_772.cif	8.10
model_3gc5_773.cif	7.31
model_3gc5_775.cif	7.00
model_3gc5_776.cif	7.03
model_3gc5_777.cif	7.83
model_3gc5_778.cif	7.75
model_3gc5_779.cif	7.70
model_3gc5_780.cif	8.02
model_3gc5_783.cif	6.91
model_3gc5_784.cif	6.78
model_3gc5_822.cif	2.10
model_3gc5_878.cif	9.21
model_3gc5_879.cif	9.23
model_3gc5_973.cif	3.07
model_3gc5_ligand.cif	0.00
model_3ge7_11.cif	4.83
model_3ge7_140.cif	0.61
model_3ge7_191.cif	0.68
model_3ge7_24.cif	0.78
model_3ge7_262.cif	0.89
model_3ge7_324.cif	3.03
model_3ge7_404.cif	5.81
model_3ge7_411.cif	5.36
model_3ge7_415.cif	1.89
model_3ge7_424.cif	5.97
model_3ge7_426.cif	2.84
model_3ge7_431.cif	1.39
model_3ge7_443.cif	1.69
model_3ge7_448.cif	6.62
model_3ge7_451.cif	5.53
model_3ge7_456.cif	2.24
model_3ge7_460.cif	3.99
model_3ge7_465.cif	2.34
model_3ge7_469.cif	3.57
model_3ge7_470.cif	2.55
model_3ge7_480.cif	3.48
model_3ge7_485.cif	1.65
model_3ge7_488.cif	1.70
model_3ge7_490.cif	5.84
model_3ge7_491.cif	1.56
model_3ge7_498.cif	6.31
model_3ge7_523.cif	4.94
model_3ge7_533.cif	3.98
model_3ge7_536.cif	4.03
model_3ge7_547.cif	4.41
model_3ge7_552.cif	4.38
model_3ge7_556.cif	6.48
model_3ge7_561.cif	4.01
model_3ge7_562.cif	6.52
model_3ge7_567.cif	2.82
model_3ge7_571.cif	7.37
model_3ge7_572.cif	3.60
model_3ge7_573.cif	6.74
model_3ge7_574.cif	4.19
model_3ge7_579.cif	1.79
model_3ge7_582.cif	6.03
model_3ge7_583.cif	5.48
model_3ge7_587.cif	3.05
model_3ge7_589.cif	6.36
model_3ge7_590.cif	6.78
model_3ge7_594.cif	7.07
model_3ge7_598.cif	5.91
model_3ge7_599.cif	5.77
model_3ge7_600.cif	7.65
model_3ge7_637.cif	4.50
model_3ge7_638.cif	4.21
model_3ge7_641.cif	2.76
model_3ge7_644.cif	1.72
model_3ge7_651.cif	2.06
model_3ge7_655.cif	5.68
model_3ge7_658.cif	4.50
model_3ge7_659.cif	3.34
model_3ge7_666.cif	3.67
model_3ge7_667.cif	6.63
model_3ge7_674.cif	7.00
model_3ge7_676.cif	2.84
model_3ge7_683.cif	2.74
model_3ge7_684.cif	2.27
model_3ge7_685.cif	5.98
model_3ge7_688.cif	2.86
model_3ge7_717.cif	0.78
model_3ge7_718.cif	1.00
model_3ge7_791.cif	1.30
model_3ge7_794.cif	1.03
model_3ge7_795.cif	0.99
model_3ge7_824.cif	0.33
model_3ge7_895.cif	0.91
model_3ge7_898.cif	0.69
model_3ge7_ligand.cif	0.00
model_3gnw_134.cif	3.55
model_3gnw_136.cif	4.15
model_3gnw_155.cif	5.15
model_3gnw_179.cif	6.01
model_3gnw_201.cif	4.90
model_3gnw_205.cif	7.08
model_3gnw_216.cif	5.35
model_3gnw_218.cif	5.75
model_3gnw_219.cif	9.69
model_3gnw_220.cif	7.90
model_3gnw_225.cif	9.16
model_3gnw_226.cif	9.99
model_3gnw_236.cif	4.99
model_3gnw_241.cif	7.39
model_3gnw_254.cif	1.25
model_3gnw_259.cif	5.40
model_3gnw_261.cif	6.37
model_3gnw_266.cif	8.06
model_3gnw_271.cif	5.25
model_3gnw_273.cif	9.07
model_3gnw_276.cif	4.83
model_3gnw_277.cif	8.85
model_3gnw_278.cif	5.32
model_3gnw_279.cif	9.43
model_3gnw_284.cif	9.65
model_3gnw_294.cif	0.71
model_3gnw_299.cif	8.11
model_3gnw_302.cif	2.35
model_3gnw_310.cif	9.62
model_3gnw_315.cif	2.19
model_3gnw_316.cif	7.21
model_3gnw_322.cif	6.74
model_3gnw_323.cif	6.03
model_3gnw_325.cif	5.33
model_3gnw_335.cif	8.13
model_3gnw_337.cif	6.90
model_3gnw_343.cif	8.19
model_3gnw_381.cif	6.49
model_3gnw_387.cif	6.60
model_3gnw_402.cif	3.65
model_3gnw_41.cif	4.94
model_3gnw_411.cif	3.97
model_3gnw_417.cif	4.55
model_3gnw_423.cif	4.08
model_3gnw_440.cif	3.94
model_3gnw_448.cif	2.94
model_3gnw_463.cif	4.71
model_3gnw_49.cif	6.21
model_3gnw_493.cif	2.98
model_3gnw_498.cif	5.17
model_3gnw_516.cif	2.93
model_3gnw_527.cif	4.89
model_3gnw_535.cif	8.13
model_3gnw_545.cif	7.97
model_3gnw_549.cif	8.45
model_3gnw_552.cif	7.72
model_3gnw_555.cif	3.87
model_3gnw_569.cif	9.68
model_3gnw_580.cif	6.28
model_3gnw_581.cif	9.79
model_3gnw_586.cif	8.26
model_3gnw_587.cif	3.68
model_3gnw_597.cif	8.43
model_3gnw_634.cif	3.51
model_3gnw_636.cif	7.32
model_3gnw_639.cif	8.53
model_3gnw_649.cif	5.70
model_3gnw_659.cif	9.97
model_3gnw_662.cif	5.69
model_3gnw_667.cif	7.24
model_3gnw_668.cif	6.04
model_3gnw_694.cif	7.65
model_3gnw_700.cif	7.80
model_3gnw_708.cif	0.71
model_3gnw_712.cif	0.63
model_3gnw_714.cif	0.91
model_3gnw_718.cif	0.96
model_3gnw_722.cif	1.53
model_3gnw_729.cif	2.21
model_3gnw_745.cif	2.75
model_3gnw_779.cif	2.45
model_3gnw_802.cif	0.70
model_3gnw_842.cif	1.28
model_3gnw_847.cif	1.84
model_3gnw_848.cif	1.26
model_3gnw_857.cif	1.38
model_3gnw_867.cif	1.19
model_3gnw_868.cif	3.52
model_3gnw_87.cif	1.44
model_3gnw_873.cif	3.17
model_3gnw_876.cif	2.86
model_3gnw_877.cif	1.72
model_3gnw_939.cif	1.43
model_3gnw_94.cif	3.96
model_3gnw_95.cif	4.31
model_3gnw_950.cif	0.79
model_3gnw_959.cif	2.54
model_3gnw_961.cif	0.81
model_3gnw_965.cif	0.71
model_3gnw_982.cif	0.85
model_3gnw_ligand.cif	0.00
model_3gr2_102.cif	8.60
model_3gr2_118.cif	8.07
model_3gr2_12.cif	4.92
model_3gr2_122.cif	5.42
model_3gr2_132.cif	7.32
model_3gr2_151.cif	7.87
model_3gr2_186.cif	8.05
model_3gr2_187.cif	8.31
model_3gr2_205.cif	3.99
model_3gr2_220.cif	4.35
model_3gr2_226.cif	8.26
model_3gr2_239.cif	5.73
model_3gr2_254.cif	6.94
model_3gr2_262.cif	2.40
model_3gr2_277.cif	5.21
model_3gr2_279.cif	7.04
model_3gr2_337.cif	1.94
model_3gr2_409.cif	1.94
model_3gr2_410.cif	1.30
model_3gr2_415.cif	5.58
model_3gr2_421.cif	6.67
model_3gr2_424.cif	1.68
model_3gr2_446.cif	2.42
model_3gr2_449.cif	2.70
model_3gr2_451.cif	2.28
model_3gr2_458.cif	1.84
model_3gr2_460.cif	2.94
model_3gr2_466.cif	3.55
model_3gr2_474.cif	1.22
model_3gr2_476.cif	1.57
model_3gr2_493.cif	2.75
model_3gr2_526.cif	7.22
model_3gr2_540.cif	6.59
model_3gr2_541.cif	6.19
model_3gr2_545.cif	2.14
model_3gr2_560.cif	5.13
model_3gr2_568.cif	7.09
model_3gr2_580.cif	4.14
model_3gr2_581.cif	6.40
model_3gr2_585.cif	5.02
model_3gr2_592.cif	4.58
model_3gr2_624.cif	7.14
model_3gr2_663.cif	6.66
model_3gr2_665.cif	7.35
model_3gr2_669.cif	6.54
model_3gr2_684.cif	4.06
model_3gr2_686.cif	6.56
model_3gr2_701.cif	1.32
model_3gr2_717.cif	4.00
model_3gr2_722.cif	5.86
model_3gr2_732.cif	3.93
model_3gr2_735.cif	4.07
model_3gr2_737.cif	4.15
model_3gr2_738.cif	3.97
model_3gr2_742.cif	8.67
model_3gr2_743.cif	8.51
model_3gr2_745.cif	3.52
model_3gr2_747.cif	6.70
model_3gr2_756.cif	4.59
model_3gr2_758.cif	7.43
model_3gr2_761.cif	3.70
model_3gr2_762.cif	8.09
model_3gr2_764.cif	2.95
model_3gr2_765.cif	3.99
model_3gr2_766.cif	5.66
model_3gr2_771.cif	5.68
model_3gr2_776.cif	4.02
model_3gr2_779.cif	7.66
model_3gr2_783.cif	8.44
model_3gr2_786.cif	7.32
model_3gr2_820.cif	2.59
model_3gr2_835.cif	1.92
model_3gr2_841.cif	6.29
model_3gr2_853.cif	4.00
model_3gr2_858.cif	4.68
model_3gr2_867.cif	3.79
model_3gr2_872.cif	2.26
model_3gr2_879.cif	5.03
model_3gr2_973.cif	1.50
model_3gr2_978.cif	8.56
model_3gr2_ligand.cif	0.00
model_3gv9_102.cif	4.01
model_3gv9_124.cif	1.21
model_3gv9_227.cif	9.32
model_3gv9_24.cif	6.58
model_3gv9_242.cif	9.02
model_3gv9_247.cif	8.64
model_3gv9_256.cif	9.14
model_3gv9_258.cif	2.99
model_3gv9_259.cif	9.34
model_3gv9_263.cif	9.63
model_3gv9_266.cif	9.19
model_3gv9_277.cif	8.22
model_3gv9_281.cif	9.38
model_3gv9_285.cif	9.75
model_3gv9_293.cif	9.07
model_3gv9_298.cif	9.63
model_3gv9_30.cif	0.64
model_3gv9_300.cif	8.68
model_3gv9_304.cif	3.84
model_3gv9_305.cif	8.30
model_3gv9_306.cif	7.29
model_3gv9_307.cif	8.56
model_3gv9_312.cif	7.48
model_3gv9_315.cif	8.71
model_3gv9_318.cif	8.47
model_3gv9_324.cif	2.34
model_3gv9_328.cif	7.56
model_3gv9_335.cif	7.97
model_3gv9_340.cif	7.49
model_3gv9_350.cif	3.31
model_3gv9_355.cif	7.66
model_3gv9_370.cif	0.84
model_3gv9_379.cif	8.98
model_3gv9_385.cif	8.47
model_3gv9_397.cif	7.69
model_3gv9_398.cif	8.32
model_3gv9_399.cif	7.50
model_3gv9_407.cif	2.49
model_3gv9_432.cif	3.20
model_3gv9_453.cif	6.04
model_3gv9_462.cif	0.92
model_3gv9_467.cif	6.39
model_3gv9_47.cif	0.75
model_3gv9_479.cif	6.31
model_3gv9_480.cif	3.93
model_3gv9_489.cif	2.97
model_3gv9_491.cif	0.92
model_3gv9_505.cif	5.17
model_3gv9_509.cif	2.47
model_3gv9_537.cif	2.04
model_3gv9_540.cif	3.64
model_3gv9_545.cif	4.83
model_3gv9_556.cif	5.90
model_3gv9_559.cif	4.17
model_3gv9_561.cif	5.70
model_3gv9_563.cif	4.60
model_3gv9_564.cif	6.62
model_3gv9_565.cif	4.82
model_3gv9_579.cif	1.80
model_3gv9_59.cif	0.59
model_3gv9_592.cif	6.21
model_3gv9_6.cif	0.60
model_3gv9_604.cif	5.68
model_3gv9_605.cif	5.20
model_3gv9_62.cif	2.46
model_3gv9_623.cif	5.07
model_3gv9_626.cif	1.98
model_3gv9_630.cif	4.46
model_3gv9_639.cif	1.33
model_3gv9_642.cif	4.60
model_3gv9_658.cif	3.24
model_3gv9_660.cif	2.01
model_3gv9_661.cif	3.94
model_3gv9_670.cif	3.92
model_3gv9_674.cif	4.38
model_3gv9_685.cif	5.15
model_3gv9_688.cif	5.90
model_3gv9_697.cif	1.17
model_3gv9_7.cif	0.59
model_3gv9_700.cif	4.61
model_3gv9_756.cif	2.87
model_3gv9_759.cif	5.05
model_3gv9_76.cif	1.26
model_3gv9_760.cif	2.36
model_3gv9_761.cif	1.23
model_3gv9_765.cif	6.80
model_3gv9_767.cif	7.39
model_3gv9_786.cif	3.28
model_3gv9_810.cif	6.14
model_3gv9_826.cif	1.76
model_3gv9_83.cif	1.02
model_3gv9_835.cif	1.86
model_3gv9_84.cif	0.86
model_3gv9_85.cif	0.70
model_3gv9_858.cif	4.47
model_3gv9_875.cif	5.97
model_3gv9_96.cif	3.81
model_3gv9_98.cif	6.65
model_3gv9_990.cif	6.01
model_3gv9_ligand.cif	0.00
model_3gy4_121.cif	2.80
model_3gy4_14.cif	0.64
model_3gy4_184.cif	0.34
model_3gy4_236.cif	0.63
model_3gy4_251.cif	1.05
model_3gy4_259.cif	2.45
model_3gy4_269.cif	0.62
model_3gy4_284.cif	0.90
model_3gy4_39.cif	0.50
model_3gy4_413.cif	2.58
model_3gy4_415.cif	2.67
model_3gy4_423.cif	3.03
model_3gy4_424.cif	0.81
model_3gy4_430.cif	0.95
model_3gy4_437.cif	1.30
model_3gy4_452.cif	1.58
model_3gy4_460.cif	0.90
model_3gy4_466.cif	2.65
model_3gy4_483.cif	3.07
model_3gy4_496.cif	1.88
model_3gy4_497.cif	1.38
model_3gy4_517.cif	3.16
model_3gy4_525.cif	1.02
model_3gy4_528.cif	4.00
model_3gy4_531.cif	4.05
model_3gy4_54.cif	0.68
model_3gy4_550.cif	4.17
model_3gy4_557.cif	2.77
model_3gy4_561.cif	3.65
model_3gy4_565.cif	1.62
model_3gy4_570.cif	4.14
model_3gy4_573.cif	4.73
model_3gy4_590.cif	3.22
model_3gy4_591.cif	3.46
model_3gy4_593.cif	4.11
model_3gy4_596.cif	2.81
model_3gy4_598.cif	3.09
model_3gy4_599.cif	3.10
model_3gy4_633.cif	2.33
model_3gy4_638.cif	2.56
model_3gy4_643.cif	2.47
model_3gy4_648.cif	1.55
model_3gy4_669.cif	1.32
model_3gy4_685.cif	1.94
model_3gy4_686.cif	3.10
model_3gy4_ligand.cif	0.00
model_3ivg_10.cif	1.58
model_3ivg_107.cif	6.36
model_3ivg_108.cif	5.41
model_3ivg_14.cif	1.66
model_3ivg_150.cif	6.21
model_3ivg_161.cif	6.61
model_3ivg_209.cif	0.97
model_3ivg_218.cif	0.91
model_3ivg_236.cif	2.09
model_3ivg_250.cif	0.82
model_3ivg_252.cif	0.80
model_3ivg_253.cif	1.01
model_3ivg_255.cif	0.83
model_3ivg_262.cif	1.83
model_3ivg_275.cif	0.93
model_3ivg_276.cif	1.05
model_3ivg_291.cif	7.38
model_3ivg_313.cif	4.04
model_3ivg_330.cif	3.90
model_3ivg_40.cif	7.25
model_3ivg_410.cif	3.39
model_3ivg_438.cif	2.24
model_3ivg_44.cif	6.12
model_3ivg_440.cif	2.66
model_3ivg_45.cif	6.90
model_3ivg_471.cif	2.73
model_3ivg_479.cif	3.44
model_3ivg_48.cif	6.21
model_3ivg_483.cif	1.98
model_3ivg_494.cif	5.93
model_3ivg_497.cif	2.00
model_3ivg_518.cif	4.79
model_3ivg_531.cif	5.08
model_3ivg_542.cif	7.02
model_3ivg_545.cif	2.89
model_3ivg_548.cif	3.42
model_3ivg_55.cif	7.59
model_3ivg_550.cif	4.40
model_3ivg_573.cif	5.95
model_3ivg_590.cif	3.12
model_3ivg_60.cif	5.29
model_3ivg_608.cif	4.81
model_3ivg_624.cif	7.38
model_3ivg_635.cif	7.29
model_3ivg_640.cif	6.66
model_3ivg_659.cif	3.67
model_3ivg_699.cif	5.06
model_3ivg_701.cif	3.75
model_3ivg_703.cif	3.70
model_3ivg_705.cif	0.96
model_3ivg_706.cif	0.67
model_3ivg_710.cif	7.52
model_3ivg_713.cif	0.71
model_3ivg_731.cif	2.95
model_3ivg_733.cif	2.26
model_3ivg_753.cif	4.74
model_3ivg_761.cif	2.15
model_3ivg_769.cif	4.78
model_3ivg_770.cif	2.59
model_3ivg_776.cif	7.94
model_3ivg_779.cif	3.35
model_3ivg_788.cif	8.66
model_3ivg_793.cif	6.11
model_3ivg_794.cif	7.31
model_3ivg_80.cif	1.82
model_3ivg_837.cif	2.78
model_3ivg_849.cif	6.53
model_3ivg_860.cif	3.93
model_3ivg_862.cif	4.79
model_3ivg_866.cif	4.83
model_3ivg_899.cif	8.90
model_3ivg_9.cif	1.32
model_3ivg_91.cif	4.30
model_3ivg_915.cif	9.92
model_3ivg_924.cif	6.35
model_3ivg_926.cif	5.05
model_3ivg_940.cif	7.31
model_3ivg_946.cif	5.86
model_3ivg_952.cif	8.85
model_3ivg_954.cif	5.15
model_3ivg_961.cif	8.91
model_3ivg_98.cif	5.90
model_3ivg_983.cif	9.27
model_3ivg_989.cif	4.60
model_3ivg_993.cif	1.16
model_3ivg_ligand.cif	0.00
model_3jvr_137.cif	8.98
model_3jvr_154.cif	9.12
model_3jvr_162.cif	9.09
model_3jvr_168.cif	9.43
model_3jvr_171.cif	9.57
model_3jvr_187.cif	7.35
model_3jvr_195.cif	8.65
model_3jvr_210.cif	7.29
model_3jvr_225.cif	8.48
model_3jvr_229.cif	6.00
model_3jvr_246.cif	7.04
model_3jvr_275.cif	8.97
model_3jvr_290.cif	8.61
model_3jvr_297.cif	8.50
model_3jvr_329.cif	9.54
model_3jvr_330.cif	9.12
model_3jvr_332.cif	9.45
model_3jvr_34.cif	9.18
model_3jvr_349.cif	5.67
model_3jvr_355.cif	6.44
model_3jvr_394.cif	6.85
model_3jvr_404.cif	5.86
model_3jvr_435.cif	6.56
model_3jvr_441.cif	2.62
model_3jvr_444.cif	1.99
model_3jvr_446.cif	2.09
model_3jvr_451.cif	3.78
model_3jvr_452.cif	4.61
model_3jvr_457.cif	7.72
model_3jvr_459.cif	4.23
model_3jvr_464.cif	5.66
model_3jvr_468.cif	5.48
model_3jvr_470.cif	4.09
model_3jvr_471.cif	5.37
model_3jvr_478.cif	1.44
model_3jvr_484.cif	4.51
model_3jvr_486.cif	1.78
model_3jvr_500.cif	4.89
model_3jvr_505.cif	2.29
model_3jvr_509.cif	1.74
model_3jvr_515.cif	2.15
model_3jvr_523.cif	5.12
model_3jvr_550.cif	8.99
model_3jvr_554.cif	5.84
model_3jvr_562.cif	4.65
model_3jvr_567.cif	3.18
model_3jvr_579.cif	5.06
model_3jvr_580.cif	2.06
model_3jvr_589.cif	6.50
model_3jvr_590.cif	4.43
model_3jvr_592.cif	7.65
model_3jvr_596.cif	2.16
model_3jvr_600.cif	6.79
model_3jvr_603.cif	1.31
model_3jvr_604.cif	4.52
model_3jvr_610.cif	6.85
model_3jvr_623.cif	9.58
model_3jvr_627.cif	3.91
model_3jvr_647.cif	2.25
model_3jvr_650.cif	7.43
model_3jvr_662.cif	6.91
model_3jvr_673.cif	1.68
model_3jvr_688.cif	1.76
model_3jvr_689.cif	4.40
model_3jvr_697.cif	7.41
model_3jvr_699.cif	2.07
model_3jvr_703.cif	0.43
model_3jvr_716.cif	0.99
model_3jvr_726.cif	0.85
model_3jvr_732.cif	0.91
model_3jvr_739.cif	2.63
model_3jvr_740.cif	3.65
model_3jvr_742.cif	2.40
model_3jvr_750.cif	6.83
model_3jvr_752.cif	6.85
model_3jvr_755.cif	0.47
model_3jvr_782.cif	1.26
model_3jvr_79.cif	9.18
model_3jvr_8.cif	8.59
model_3jvr_814.cif	1.69
model_3jvr_819.cif	1.51
model_3jvr_82.cif	8.34
model_3jvr_822.cif	4.68
model_3jvr_826.cif	7.07
model_3jvr_827.cif	6.17
model_3jvr_828.cif	7.30
model_3jvr_831.cif	7.76
model_3jvr_836.cif	3.65
model_3jvr_870.cif	0.60
model_3jvr_884.cif	0.88
model_3jvr_890.cif	0.74
model_3jvr_893.cif	0.68
model_3jvr_923.cif	0.71
model_3jvr_932.cif	5.27
model_3jvr_99.cif	8.03
model_3jvr_ligand.cif	0.00
model_3jvs_206.cif	2.85
model_3jvs_226.cif	3.10
model_3jvs_229.cif	3.00
model_3jvs_234.cif	7.00
model_3jvs_235.cif	3.06
model_3jvs_246.cif	3.38
model_3jvs_253.cif	2.63
model_3jvs_269.cif	7.06
model_3jvs_275.cif	4.67
model_3jvs_299.cif	7.56
model_3jvs_377.cif	9.00
model_3jvs_405.cif	1.69
model_3jvs_411.cif	1.96
model_3jvs_419.cif	3.10
model_3jvs_424.cif	2.60
model_3jvs_426.cif	4.54
model_3jvs_435.cif	2.38
model_3jvs_441.cif	3.25
model_3jvs_443.cif	7.63
model_3jvs_449.cif	1.87
model_3jvs_454.cif	4.28
model_3jvs_467.cif	4.56
model_3jvs_469.cif	7.46
model_3jvs_483.cif	2.17
model_3jvs_489.cif	6.84
model_3jvs_490.cif	7.80
model_3jvs_492.cif	5.32
model_3jvs_502.cif	1.75
model_3jvs_513.cif	1.55
model_3jvs_524.cif	2.36
model_3jvs_546.cif	6.20
model_3jvs_555.cif	3.12
model_3jvs_56.cif	8.41
model_3jvs_583.cif	4.19
model_3jvs_587.cif	4.62
model_3jvs_593.cif	6.58
model_3jvs_613.cif	8.09
model_3jvs_614.cif	1.61
model_3jvs_616.cif	1.98
model_3jvs_617.cif	4.69
model_3jvs_623.cif	5.61
model_3jvs_626.cif	5.20
model_3jvs_640.cif	6.86
model_3jvs_642.cif	5.58
model_3jvs_651.cif	5.92
model_3jvs_658.cif	8.67
model_3jvs_666.cif	7.06
model_3jvs_680.cif	6.66
model_3jvs_688.cif	7.41
model_3jvs_694.cif	3.54
model_3jvs_698.cif	8.62
model_3jvs_703.cif	1.45
model_3jvs_707.cif	2.87
model_3jvs_740.cif	9.13
model_3jvs_742.cif	9.32
model_3jvs_758.cif	8.87
model_3jvs_762.cif	8.84
model_3jvs_769.cif	9.81
model_3jvs_785.cif	3.40
model_3jvs_800.cif	6.99
model_3jvs_804.cif	5.10
model_3jvs_806.cif	3.06
model_3jvs_812.cif	7.05
model_3jvs_815.cif	4.96
model_3jvs_817.cif	9.83
model_3jvs_82.cif	7.28
model_3jvs_822.cif	5.11
model_3jvs_824.cif	9.61
model_3jvs_830.cif	6.51
model_3jvs_831.cif	9.96
model_3jvs_832.cif	4.17
model_3jvs_838.cif	8.63
model_3jvs_840.cif	7.14
model_3jvs_846.cif	9.05
model_3jvs_847.cif	9.92
model_3jvs_856.cif	4.80
model_3jvs_860.cif	9.09
model_3jvs_867.cif	8.95
model_3jvs_868.cif	9.99
model_3jvs_869.cif	8.63
model_3jvs_884.cif	0.98
model_3jvs_895.cif	1.84
model_3jvs_897.cif	0.84
model_3jvs_9.cif	6.89
model_3jvs_904.cif	1.30
model_3jvs_916.cif	2.12
model_3jvs_957.cif	2.47
model_3jvs_963.cif	6.82
model_3jvs_973.cif	3.24
model_3jvs_ligand.cif	0.00
model_3jya_125.cif	0.99
model_3jya_179.cif	0.94
model_3jya_20.cif	1.00
model_3jya_238.cif	0.60
model_3jya_285.cif	0.98
model_3jya_315.cif	0.83
model_3jya_324.cif	1.22
model_3jya_402.cif	3.78
model_3jya_403.cif	4.25
model_3jya_405.cif	2.10
model_3jya_408.cif	2.27
model_3jya_413.cif	1.38
model_3jya_418.cif	3.11
model_3jya_420.cif	1.00
model_3jya_425.cif	2.99
model_3jya_428.cif	2.02
model_3jya_435.cif	4.12
model_3jya_440.cif	1.44
model_3jya_449.cif	0.99
model_3jya_455.cif	3.67
model_3jya_457.cif	1.58
model_3jya_459.cif	1.42
model_3jya_469.cif	2.77
model_3jya_470.cif	3.86
model_3jya_471.cif	1.04
model_3jya_472.cif	2.09
model_3jya_475.cif	3.12
model_3jya_481.cif	2.44
model_3jya_490.cif	0.85
model_3jya_494.cif	3.85
model_3jya_506.cif	4.35
model_3jya_508.cif	1.19
model_3jya_518.cif	4.20
model_3jya_531.cif	4.67
model_3jya_538.cif	2.07
model_3jya_544.cif	0.57
model_3jya_553.cif	1.80
model_3jya_570.cif	5.03
model_3jya_572.cif	3.68
model_3jya_584.cif	3.39
model_3jya_594.cif	3.84
model_3jya_647.cif	5.13
model_3jya_649.cif	2.69
model_3jya_690.cif	2.00
model_3jya_700.cif	4.35
model_3jya_712.cif	7.25
model_3jya_730.cif	7.40
model_3jya_734.cif	4.24
model_3jya_735.cif	6.31
model_3jya_736.cif	4.38
model_3jya_741.cif	6.40
model_3jya_742.cif	5.07
model_3jya_744.cif	5.11
model_3jya_748.cif	5.89
model_3jya_750.cif	6.10
model_3jya_752.cif	5.79
model_3jya_755.cif	5.74
model_3jya_756.cif	8.69
model_3jya_758.cif	6.79
model_3jya_761.cif	4.79
model_3jya_764.cif	8.09
model_3jya_765.cif	7.48
model_3jya_766.cif	7.34
model_3jya_767.cif	7.93
model_3jya_771.cif	7.84
model_3jya_772.cif	8.16
model_3jya_774.cif	8.71
model_3jya_775.cif	9.66
model_3jya_776.cif	5.13
model_3jya_780.cif	7.88
model_3jya_782.cif	7.11
model_3jya_783.cif	6.46
model_3jya_786.cif	5.16
model_3jya_787.cif	3.81
model_3jya_788.cif	4.97
model_3jya_791.cif	7.51
model_3jya_793.cif	6.33
model_3jya_795.cif	2.97
model_3jya_796.cif	6.41
model_3jya_797.cif	7.23
model_3jya_798.cif	5.33
model_3jya_799.cif	6.96
model_3jya_865.cif	1.95
model_3jya_890.cif	6.13
model_3jya_898.cif	6.28
model_3jya_ligand.cif	0.00
model_3k5v_101.cif	5.22
model_3k5v_117.cif	2.65
model_3k5v_123.cif	1.64
model_3k5v_152.cif	8.28
model_3k5v_153.cif	3.09
model_3k5v_171.cif	2.72
model_3k5v_174.cif	2.55
model_3k5v_189.cif	0.92
model_3k5v_199.cif	3.40
model_3k5v_206.cif	8.42
model_3k5v_211.cif	3.41
model_3k5v_218.cif	1.17
model_3k5v_236.cif	1.57
model_3k5v_274.cif	2.88
model_3k5v_275.cif	4.82
model_3k5v_296.cif	3.22
model_3k5v_301.cif	2.60
model_3k5v_321.cif	0.91
model_3k5v_324.cif	1.06
model_3k5v_330.cif	1.91
model_3k5v_333.cif	2.61
model_3k5v_334.cif	8.80
model_3k5v_335.cif	2.70
model_3k5v_337.cif	0.98
model_3k5v_367.cif	0.82
model_3k5v_382.cif	8.69
model_3k5v_383.cif	1.91
model_3k5v_385.cif	0.63
model_3k5v_386.cif	0.64
model_3k5v_391.cif	7.06
model_3k5v_393.cif	0.65
model_3k5v_400.cif	0.93
model_3k5v_429.cif	8.42
model_3k5v_431.cif	7.93
model_3k5v_433.cif	8.09
model_3k5v_442.cif	3.45
model_3k5v_456.cif	2.56
model_3k5v_468.cif	4.07
model_3k5v_484.cif	4.01
model_3k5v_490.cif	7.54
model_3k5v_493.cif	2.00
model_3k5v_498.cif	7.93
model_3k5v_499.cif	3.06
model_3k5v_541.cif	6.87
model_3k5v_543.cif	4.70
model_3k5v_548.cif	3.75
model_3k5v_558.cif	1.61
model_3k5v_561.cif	5.10
model_3k5v_563.cif	7.56
model_3k5v_588.cif	5.08
model_3k5v_592.cif	5.13
model_3k5v_593.cif	2.56
model_3k5v_601.cif	5.24
model_3k5v_626.cif	6.68
model_3k5v_630.cif	4.31
model_3k5v_640.cif	7.73
model_3k5v_658.cif	4.66
model_3k5v_664.cif	1.01
model_3k5v_666.cif	3.58
model_3k5v_686.cif	6.72
model_3k5v_710.cif	1.54
model_3k5v_713.cif	4.43
model_3k5v_727.cif	8.73
model_3k5v_729.cif	7.41
model_3k5v_732.cif	5.99
model_3k5v_738.cif	9.99
model_3k5v_740.cif	7.69
model_3k5v_742.cif	9.67
model_3k5v_757.cif	9.45
model_3k5v_759.cif	5.04
model_3k5v_762.cif	8.48
model_3k5v_769.cif	6.31
model_3k5v_772.cif	8.70
model_3k5v_774.cif	7.95
model_3k5v_775.cif	8.44
model_3k5v_776.cif	9.10
model_3k5v_810.cif	3.09
model_3k5v_842.cif	2.29
model_3k5v_843.cif	3.78
model_3k5v_851.cif	7.53
model_3k5v_852.cif	5.30
model_3k5v_866.cif	4.11
model_3k5v_886.cif	4.06
model_3k5v_891.cif	5.40
model_3k5v_928.cif	4.12
model_3k5v_953.cif	0.99
model_3k5v_960.cif	5.30
model_3k5v_981.cif	0.93
model_3k5v_ligand.cif	0.00
model_3kgp_20.cif	0.99
model_3kgp_31.cif	1.00
model_3kgp_408.cif	4.44
model_3kgp_420.cif	4.70
model_3kgp_431.cif	1.68
model_3kgp_434.cif	2.81
model_3kgp_457.cif	2.35
model_3kgp_465.cif	2.54
model_3kgp_475.cif	3.09
model_3kgp_477.cif	2.24
model_3kgp_483.cif	5.15
model_3kgp_491.cif	5.07
model_3kgp_492.cif	1.01
model_3kgp_493.cif	1.76
model_3kgp_496.cif	1.93
model_3kgp_5.cif	1.00
model_3kgp_504.cif	4.02
model_3kgp_507.cif	3.97
model_3kgp_511.cif	3.58
model_3kgp_523.cif	4.36
model_3kgp_524.cif	5.27
model_3kgp_528.cif	3.47
model_3kgp_532.cif	3.13
model_3kgp_533.cif	3.53
model_3kgp_541.cif	1.91
model_3kgp_547.cif	5.48
model_3kgp_551.cif	5.25
model_3kgp_568.cif	3.98
model_3kgp_573.cif	5.01
model_3kgp_574.cif	2.53
model_3kgp_591.cif	3.44
model_3kgp_596.cif	3.18
model_3kgp_600.cif	5.59
model_3kgp_610.cif	3.24
model_3kgp_657.cif	1.86
model_3kgp_661.cif	0.95
model_3kgp_687.cif	4.43
model_3kgp_693.cif	5.40
model_3kgp_696.cif	2.03
model_3kgp_700.cif	2.62
model_3kgp_715.cif	1.60
model_3kgp_745.cif	1.37
model_3kgp_750.cif	1.76
model_3kgp_757.cif	1.03
model_3kgp_763.cif	4.67
model_3kgp_768.cif	4.32
model_3kgp_771.cif	7.20
model_3kgp_776.cif	6.17
model_3kgp_777.cif	2.21
model_3kgp_778.cif	6.22
model_3kgp_780.cif	2.49
model_3kgp_782.cif	6.87
model_3kgp_783.cif	4.51
model_3kgp_784.cif	6.09
model_3kgp_785.cif	6.04
model_3kgp_786.cif	6.07
model_3kgp_787.cif	4.58
model_3kgp_788.cif	6.11
model_3kgp_789.cif	6.07
model_3kgp_790.cif	4.15
model_3kgp_791.cif	6.08
model_3kgp_792.cif	6.07
model_3kgp_796.cif	5.36
model_3kgp_798.cif	5.89
model_3kgp_799.cif	2.57
model_3kgp_ligand.cif	0.00
model_3kr8_419.cif	1.03
model_3kr8_422.cif	0.92
model_3kr8_428.cif	0.90
model_3kr8_441.cif	0.95
model_3kr8_442.cif	2.00
model_3kr8_453.cif	1.00
model_3kr8_459.cif	1.74
model_3kr8_460.cif	2.48
model_3kr8_470.cif	2.34
model_3kr8_475.cif	2.55
model_3kr8_479.cif	6.76
model_3kr8_489.cif	2.07
model_3kr8_492.cif	1.08
model_3kr8_498.cif	1.42
model_3kr8_499.cif	0.95
model_3kr8_505.cif	0.93
model_3kr8_558.cif	1.41
model_3kr8_568.cif	2.08
model_3kr8_579.cif	8.20
model_3kr8_582.cif	3.42
model_3kr8_584.cif	4.03
model_3kr8_585.cif	2.11
model_3kr8_595.cif	8.06
model_3kr8_598.cif	8.88
model_3kr8_609.cif	2.14
model_3kr8_617.cif	2.24
model_3kr8_619.cif	6.85
model_3kr8_640.cif	1.63
model_3kr8_646.cif	2.69
model_3kr8_650.cif	8.02
model_3kr8_653.cif	1.43
model_3kr8_656.cif	7.01
model_3kr8_658.cif	4.09
model_3kr8_661.cif	3.50
model_3kr8_664.cif	1.41
model_3kr8_674.cif	4.02
model_3kr8_683.cif	6.78
model_3kr8_690.cif	4.04
model_3kr8_695.cif	4.28
model_3kr8_696.cif	3.58
model_3kr8_699.cif	6.68
model_3kr8_702.cif	2.03
model_3kr8_728.cif	9.27
model_3kr8_731.cif	7.79
model_3kr8_745.cif	7.09
model_3kr8_747.cif	9.38
model_3kr8_756.cif	8.71
model_3kr8_757.cif	9.99
model_3kr8_759.cif	9.83
model_3kr8_761.cif	3.69
model_3kr8_763.cif	3.88
model_3kr8_765.cif	9.02
model_3kr8_767.cif	6.17
model_3kr8_768.cif	9.62
model_3kr8_771.cif	7.82
model_3kr8_772.cif	9.20
model_3kr8_776.cif	6.20
model_3kr8_779.cif	9.44
model_3kr8_780.cif	8.46
model_3kr8_781.cif	7.12
model_3kr8_783.cif	4.28
model_3kr8_785.cif	0.68
model_3kr8_787.cif	1.17
model_3kr8_807.cif	7.87
model_3kr8_819.cif	8.54
model_3kr8_826.cif	7.35
model_3kr8_852.cif	7.99
model_3kr8_856.cif	8.58
model_3kr8_870.cif	8.06
model_3kr8_876.cif	8.04
model_3kr8_882.cif	9.15
model_3kr8_884.cif	0.56
model_3kr8_894.cif	0.62
model_3kr8_896.cif	0.93
model_3kr8_910.cif	6.98
model_3kr8_922.cif	9.52
model_3kr8_958.cif	6.61
model_3kr8_965.cif	7.48
model_3kr8_969.cif	7.02
model_3kr8_971.cif	6.80
model_3kr8_980.cif	6.59
model_3kr8_ligand.cif	0.00
model_3kwa_128.cif	1.97
model_3kwa_130.cif	1.76
model_3kwa_160.cif	1.91
model_3kwa_185.cif	1.71
model_3kwa_296.cif	4.28
model_3kwa_328.cif	1.92
model_3kwa_413.cif	2.71
model_3kwa_449.cif	2.53
model_3kwa_469.cif	4.06
model_3kwa_49.cif	3.76
model_3kwa_499.cif	1.79
model_3kwa_525.cif	5.63
model_3kwa_541.cif	1.91
model_3kwa_570.cif	5.48
model_3kwa_573.cif	5.99
model_3kwa_576.cif	3.64
model_3kwa_600.cif	5.17
model_3kwa_620.cif	5.88
model_3kwa_624.cif	4.11
model_3kwa_635.cif	6.18
model_3kwa_661.cif	5.53
model_3kwa_686.cif	5.29
model_3kwa_694.cif	3.52
model_3kwa_713.cif	3.77
model_3kwa_725.cif	2.95
model_3kwa_727.cif	5.11
model_3kwa_748.cif	4.22
model_3kwa_749.cif	4.15
model_3kwa_750.cif	2.65
model_3kwa_758.cif	2.38
model_3kwa_766.cif	6.09
model_3kwa_773.cif	1.94
model_3kwa_775.cif	3.67
model_3kwa_780.cif	4.38
model_3kwa_782.cif	4.92
model_3kwa_792.cif	4.53
model_3kwa_794.cif	5.04
model_3kwa_799.cif	3.46
model_3kwa_801.cif	2.38
model_3kwa_804.cif	3.09
model_3kwa_810.cif	3.44
model_3kwa_817.cif	2.82
model_3kwa_823.cif	4.35
model_3kwa_833.cif	2.71
model_3kwa_852.cif	2.92
model_3kwa_872.cif	1.96
model_3kwa_876.cif	3.50
model_3kwa_883.cif	5.57
model_3kwa_936.cif	2.79
model_3kwa_942.cif	4.62
model_3kwa_960.cif	3.92
model_3kwa_ligand.cif	0.00
model_3l7b_163.cif	0.69
model_3l7b_203.cif	6.07
model_3l7b_207.cif	0.91
model_3l7b_217.cif	6.05
model_3l7b_22.cif	5.67
model_3l7b_256.cif	1.31
model_3l7b_30.cif	0.51
model_3l7b_38.cif	0.42
model_3l7b_402.cif	4.14
model_3l7b_416.cif	1.84
model_3l7b_426.cif	1.98
model_3l7b_439.cif	1.91
model_3l7b_446.cif	2.22
model_3l7b_447.cif	1.29
model_3l7b_450.cif	3.97
model_3l7b_458.cif	1.88
model_3l7b_462.cif	4.45
model_3l7b_463.cif	2.74
model_3l7b_468.cif	3.83
model_3l7b_47.cif	0.77
model_3l7b_485.cif	2.13
model_3l7b_491.cif	1.57
model_3l7b_500.cif	3.03
model_3l7b_509.cif	6.94
model_3l7b_521.cif	5.98
model_3l7b_523.cif	2.74
model_3l7b_526.cif	7.54
model_3l7b_527.cif	2.48
model_3l7b_531.cif	5.49
model_3l7b_542.cif	3.44
model_3l7b_545.cif	2.28
model_3l7b_550.cif	5.15
model_3l7b_554.cif	6.85
model_3l7b_557.cif	7.97
model_3l7b_560.cif	5.43
model_3l7b_561.cif	1.87
model_3l7b_566.cif	3.10
model_3l7b_568.cif	7.10
model_3l7b_576.cif	1.77
model_3l7b_578.cif	5.50
model_3l7b_579.cif	6.99
model_3l7b_582.cif	2.43
model_3l7b_584.cif	3.19
model_3l7b_586.cif	5.63
model_3l7b_588.cif	6.12
model_3l7b_592.cif	4.98
model_3l7b_604.cif	4.89
model_3l7b_612.cif	2.99
model_3l7b_616.cif	4.98
model_3l7b_621.cif	6.14
model_3l7b_627.cif	4.30
model_3l7b_628.cif	3.84
model_3l7b_631.cif	3.60
model_3l7b_633.cif	7.85
model_3l7b_638.cif	6.02
model_3l7b_643.cif	4.67
model_3l7b_656.cif	4.98
model_3l7b_657.cif	5.30
model_3l7b_658.cif	6.04
model_3l7b_659.cif	3.15
model_3l7b_66.cif	0.82
model_3l7b_660.cif	5.89
model_3l7b_665.cif	1.66
model_3l7b_683.cif	7.68
model_3l7b_685.cif	9.14
model_3l7b_686.cif	6.16
model_3l7b_687.cif	2.60
model_3l7b_690.cif	2.90
model_3l7b_694.cif	5.15
model_3l7b_696.cif	7.10
model_3l7b_719.cif	4.15
model_3l7b_72.cif	0.89
model_3l7b_730.cif	3.98
model_3l7b_750.cif	4.23
model_3l7b_844.cif	0.75
model_3l7b_9.cif	0.40
model_3l7b_93.cif	0.90
model_3l7b_ligand.cif	0.00
model_3lka_161.cif	1.56
model_3lka_24.cif	5.36
model_3lka_258.cif	2.32
model_3lka_319.cif	4.87
model_3lka_373.cif	1.67
model_3lka_404.cif	1.32
model_3lka_431.cif	0.94
model_3lka_435.cif	6.10
model_3lka_438.cif	2.09
model_3lka_439.cif	6.85
model_3lka_443.cif	2.05
model_3lka_444.cif	2.90
model_3lka_456.cif	2.00
model_3lka_457.cif	0.91
model_3lka_459.cif	2.28
model_3lka_468.cif	2.58
model_3lka_472.cif	3.85
model_3lka_477.cif	3.44
model_3lka_485.cif	2.20
model_3lka_486.cif	0.87
model_3lka_490.cif	3.12
model_3lka_491.cif	3.74
model_3lka_495.cif	1.55
model_3lka_498.cif	4.67
model_3lka_501.cif	5.12
model_3lka_505.cif	6.05
model_3lka_510.cif	1.66
model_3lka_515.cif	4.68
model_3lka_518.cif	5.09
model_3lka_521.cif	6.02
model_3lka_536.cif	3.99
model_3lka_541.cif	0.91
model_3lka_544.cif	1.80
model_3lka_554.cif	5.68
model_3lka_556.cif	0.94
model_3lka_558.cif	4.80
model_3lka_559.cif	6.10
model_3lka_562.cif	0.73
model_3lka_565.cif	5.73
model_3lka_568.cif	4.27
model_3lka_582.cif	4.49
model_3lka_588.cif	1.33
model_3lka_593.cif	1.01
model_3lka_613.cif	4.31
model_3lka_627.cif	5.63
model_3lka_644.cif	5.02
model_3lka_652.cif	2.82
model_3lka_653.cif	2.09
model_3lka_660.cif	4.51
model_3lka_665.cif	0.87
model_3lka_668.cif	0.91
model_3lka_685.cif	1.70
model_3lka_735.cif	7.29
model_3lka_745.cif	3.32
model_3lka_749.cif	7.37
model_3lka_752.cif	7.07
model_3lka_756.cif	7.57
model_3lka_760.cif	7.12
model_3lka_764.cif	2.80
model_3lka_771.cif	4.98
model_3lka_772.cif	5.23
model_3lka_774.cif	3.71
model_3lka_775.cif	3.95
model_3lka_777.cif	6.11
model_3lka_780.cif	6.22
model_3lka_787.cif	6.54
model_3lka_791.cif	5.63
model_3lka_792.cif	6.83
model_3lka_794.cif	6.95
model_3lka_868.cif	7.24
model_3lka_870.cif	7.29
model_3lka_871.cif	8.97
model_3lka_882.cif	3.38
model_3lka_884.cif	8.96
model_3lka_888.cif	7.28
model_3lka_889.cif	8.95
model_3lka_893.cif	7.24
model_3lka_932.cif	4.57
model_3lka_94.cif	5.44
model_3lka_ligand.cif	0.00
model_3mss_101.cif	1.94
model_3mss_141.cif	2.12
model_3mss_18.cif	1.98
model_3mss_197.cif	1.99
model_3mss_214.cif	9.78
model_3mss_23.cif	1.97
model_3mss_239.cif	9.15
model_3mss_244.cif	7.79
model_3mss_264.cif	8.81
model_3mss_3.cif	9.60
model_3mss_311.cif	2.71
model_3mss_386.cif	9.79
model_3mss_401.cif	4.74
model_3mss_412.cif	4.06
model_3mss_424.cif	8.45
model_3mss_433.cif	4.97
model_3mss_434.cif	8.34
model_3mss_443.cif	4.31
model_3mss_445.cif	4.45
model_3mss_448.cif	3.92
model_3mss_451.cif	2.58
model_3mss_458.cif	3.02
model_3mss_459.cif	2.87
model_3mss_465.cif	3.73
model_3mss_466.cif	2.52
model_3mss_467.cif	6.57
model_3mss_475.cif	3.21
model_3mss_476.cif	3.61
model_3mss_487.cif	5.08
model_3mss_499.cif	7.50
model_3mss_507.cif	6.80
model_3mss_518.cif	7.09
model_3mss_522.cif	7.72
model_3mss_534.cif	5.17
model_3mss_546.cif	2.57
model_3mss_548.cif	2.93
model_3mss_555.cif	6.64
model_3mss_561.cif	6.85
model_3mss_568.cif	7.38
model_3mss_571.cif	3.06
model_3mss_574.cif	6.85
model_3mss_576.cif	7.40
model_3mss_591.cif	4.32
model_3mss_621.cif	8.14
model_3mss_628.cif	3.01
model_3mss_64.cif	1.80
model_3mss_653.cif	6.72
model_3mss_665.cif	7.13
model_3mss_668.cif	4.84
model_3mss_669.cif	5.20
model_3mss_678.cif	8.60
model_3mss_680.cif	3.12
model_3mss_681.cif	4.06
model_3mss_682.cif	3.56
model_3mss_684.cif	6.73
model_3mss_689.cif	4.28
model_3mss_697.cif	6.81
model_3mss_730.cif	1.81
model_3mss_737.cif	8.71
model_3mss_74.cif	2.00
model_3mss_747.cif	9.34
model_3mss_757.cif	9.21
model_3mss_758.cif	7.44
model_3mss_765.cif	9.98
model_3mss_79.cif	1.99
model_3mss_792.cif	8.13
model_3mss_800.cif	7.96
model_3mss_812.cif	8.73
model_3mss_82.cif	9.52
model_3mss_827.cif	6.48
model_3mss_836.cif	3.05
model_3mss_840.cif	7.95
model_3mss_856.cif	1.97
model_3mss_869.cif	4.06
model_3mss_873.cif	2.89
model_3mss_9.cif	2.61
model_3mss_94.cif	9.21
model_3mss_946.cif	8.17
model_3mss_948.cif	2.58
model_3mss_952.cif	7.00
model_3mss_96.cif	2.00
model_3mss_971.cif	8.81
model_3mss_974.cif	9.29
model_3mss_ligand.cif	0.00
model_3myg_104.cif	8.32
model_3myg_110.cif	9.28
model_3myg_115.cif	4.64
model_3myg_140.cif	0.81
model_3myg_159.cif	9.36
model_3myg_162.cif	9.04
model_3myg_181.cif	9.39
model_3myg_198.cif	9.17
model_3myg_225.cif	1.29
model_3myg_31.cif	8.85
model_3myg_333.cif	0.91
model_3myg_370.cif	7.27
model_3myg_407.cif	7.54
model_3myg_410.cif	6.91
model_3myg_422.cif	6.88
model_3myg_427.cif	6.80
model_3myg_435.cif	5.16
model_3myg_438.cif	5.94
model_3myg_447.cif	6.73
model_3myg_456.cif	7.43
model_3myg_459.cif	5.66
model_3myg_462.cif	6.33
model_3myg_463.cif	6.85
model_3myg_470.cif	5.31
model_3myg_472.cif	7.96
model_3myg_475.cif	2.54
model_3myg_476.cif	7.54
model_3myg_480.cif	4.43
model_3myg_483.cif	5.30
model_3myg_498.cif	5.68
model_3myg_500.cif	3.04
model_3myg_504.cif	5.06
model_3myg_526.cif	4.19
model_3myg_542.cif	2.90
model_3myg_548.cif	1.36
model_3myg_550.cif	4.17
model_3myg_551.cif	4.79
model_3myg_561.cif	6.51
model_3myg_574.cif	6.30
model_3myg_577.cif	5.61
model_3myg_582.cif	7.51
model_3myg_588.cif	4.12
model_3myg_589.cif	4.16
model_3myg_591.cif	3.47
model_3myg_600.cif	6.32
model_3myg_613.cif	4.74
model_3myg_644.cif	2.55
model_3myg_665.cif	7.86
model_3myg_667.cif	5.04
model_3myg_684.cif	6.18
model_3myg_693.cif	1.59
model_3myg_695.cif	7.22
model_3myg_699.cif	3.64
model_3myg_703.cif	2.10
model_3myg_714.cif	0.68
model_3myg_725.cif	0.69
model_3myg_729.cif	0.92
model_3myg_733.cif	0.98
model_3myg_737.cif	0.90
model_3myg_741.cif	2.95
model_3myg_743.cif	1.70
model_3myg_745.cif	4.29
model_3myg_756.cif	4.87
model_3myg_761.cif	2.29
model_3myg_762.cif	3.85
model_3myg_764.cif	8.91
model_3myg_767.cif	3.03
model_3myg_768.cif	7.59
model_3myg_769.cif	5.98
model_3myg_780.cif	3.95
model_3myg_782.cif	8.77
model_3myg_783.cif	9.88
model_3myg_784.cif	9.07
model_3myg_788.cif	9.17
model_3myg_792.cif	9.37
model_3myg_794.cif	8.45
model_3myg_803.cif	2.08
model_3myg_840.cif	1.28
model_3myg_841.cif	8.45
model_3myg_846.cif	2.60
model_3myg_850.cif	2.20
model_3myg_867.cif	8.00
model_3myg_875.cif	3.51
model_3myg_882.cif	8.61
model_3myg_884.cif	9.83
model_3myg_886.cif	8.14
model_3myg_887.cif	8.71
model_3myg_890.cif	3.35
model_3myg_894.cif	3.21
model_3myg_900.cif	1.66
model_3myg_902.cif	0.88
model_3myg_905.cif	0.82
model_3myg_913.cif	0.89
model_3myg_923.cif	1.14
model_3myg_925.cif	1.93
model_3myg_947.cif	1.12
model_3myg_965.cif	2.04
model_3myg_974.cif	8.54
model_3myg_980.cif	1.84
model_3myg_994.cif	3.34
model_3myg_ligand.cif	0.00
model_3n76_219.cif	0.99
model_3n76_261.cif	0.73
model_3n76_279.cif	0.77
model_3n76_403.cif	7.09
model_3n76_406.cif	6.59
model_3n76_407.cif	0.89
model_3n76_419.cif	2.86
model_3n76_429.cif	6.95
model_3n76_432.cif	6.75
model_3n76_440.cif	6.85
model_3n76_441.cif	2.83
model_3n76_455.cif	7.03
model_3n76_459.cif	7.15
model_3n76_463.cif	6.95
model_3n76_466.cif	0.79
model_3n76_470.cif	7.46
model_3n76_476.cif	2.11
model_3n76_480.cif	6.79
model_3n76_483.cif	6.80
model_3n76_484.cif	7.06
model_3n76_486.cif	2.21
model_3n76_488.cif	7.41
model_3n76_491.cif	6.79
model_3n76_494.cif	6.92
model_3n76_526.cif	1.70
model_3n76_527.cif	1.19
model_3n76_539.cif	1.25
model_3n76_552.cif	3.31
model_3n76_558.cif	2.88
model_3n76_574.cif	1.38
model_3n76_577.cif	2.88
model_3n76_578.cif	1.34
model_3n76_580.cif	1.96
model_3n76_585.cif	3.09
model_3n76_586.cif	2.15
model_3n76_587.cif	3.02
model_3n76_594.cif	1.86
model_3n76_606.cif	2.60
model_3n76_620.cif	3.45
model_3n76_630.cif	3.09
model_3n76_632.cif	7.48
model_3n76_633.cif	7.10
model_3n76_641.cif	5.87
model_3n76_642.cif	3.05
model_3n76_662.cif	3.07
model_3n76_665.cif	3.13
model_3n76_676.cif	3.06
model_3n76_689.cif	7.23
model_3n76_692.cif	6.84
model_3n76_693.cif	3.19
model_3n76_695.cif	7.13
model_3n76_700.cif	2.35
model_3n76_728.cif	1.30
model_3n76_737.cif	1.01
model_3n76_749.cif	0.54
model_3n76_758.cif	1.26
model_3n76_760.cif	0.78
model_3n76_782.cif	2.09
model_3n76_878.cif	0.88
model_3n76_884.cif	0.84
model_3n76_885.cif	0.86
model_3n76_ligand.cif	0.00
model_3n7a_36.cif	0.49
model_3n7a_402.cif	0.97
model_3n7a_405.cif	0.63
model_3n7a_418.cif	2.68
model_3n7a_423.cif	1.29
model_3n7a_428.cif	0.71
model_3n7a_437.cif	2.31
model_3n7a_446.cif	3.43
model_3n7a_459.cif	1.74
model_3n7a_488.cif	0.96
model_3n7a_494.cif	3.04
model_3n7a_495.cif	1.11
model_3n7a_547.cif	4.12
model_3n7a_548.cif	3.31
model_3n7a_552.cif	1.06
model_3n7a_569.cif	5.57
model_3n7a_574.cif	2.96
model_3n7a_579.cif	4.32
model_3n7a_582.cif	4.42
model_3n7a_583.cif	1.97
model_3n7a_584.cif	4.35
model_3n7a_637.cif	2.08
model_3n7a_638.cif	3.43
model_3n7a_670.cif	3.39
model_3n7a_7.cif	0.34
model_3n7a_734.cif	3.14
model_3n7a_736.cif	4.04
model_3n7a_738.cif	4.06
model_3n7a_740.cif	4.05
model_3n7a_745.cif	2.01
model_3n7a_747.cif	3.94
model_3n7a_752.cif	4.21
model_3n7a_760.cif	1.91
model_3n7a_767.cif	1.71
model_3n7a_768.cif	4.04
model_3n7a_771.cif	1.86
model_3n7a_774.cif	2.11
model_3n7a_775.cif	2.14
model_3n7a_776.cif	2.29
model_3n7a_779.cif	3.20
model_3n7a_781.cif	1.82
model_3n7a_788.cif	3.24
model_3n7a_794.cif	3.00
model_3n7a_795.cif	2.74
model_3n7a_797.cif	4.21
model_3n7a_798.cif	3.31
model_3n7a_831.cif	0.47
model_3n7a_840.cif	0.52
model_3n7a_897.cif	0.75
model_3n7a_955.cif	0.21
model_3n7a_993.cif	1.36
model_3n7a_ligand.cif	0.00
model_3n86_265.cif	0.32
model_3n86_404.cif	7.72
model_3n86_405.cif	0.90
model_3n86_412.cif	8.08
model_3n86_419.cif	7.71
model_3n86_420.cif	8.07
model_3n86_424.cif	8.32
model_3n86_430.cif	1.48
model_3n86_432.cif	7.97
model_3n86_433.cif	8.10
model_3n86_436.cif	8.16
model_3n86_438.cif	1.62
model_3n86_443.cif	1.75
model_3n86_451.cif	2.60
model_3n86_460.cif	7.94
model_3n86_462.cif	1.96
model_3n86_465.cif	8.04
model_3n86_467.cif	1.36
model_3n86_468.cif	0.98
model_3n86_472.cif	2.27
model_3n86_475.cif	7.81
model_3n86_477.cif	2.84
model_3n86_480.cif	1.62
model_3n86_483.cif	8.32
model_3n86_485.cif	2.11
model_3n86_486.cif	7.56
model_3n86_487.cif	7.79
model_3n86_491.cif	7.08
model_3n86_500.cif	7.67
model_3n86_509.cif	1.48
model_3n86_531.cif	1.45
model_3n86_532.cif	2.24
model_3n86_54.cif	0.25
model_3n86_557.cif	2.46
model_3n86_563.cif	1.94
model_3n86_574.cif	3.52
model_3n86_586.cif	2.84
model_3n86_595.cif	3.63
model_3n86_596.cif	1.70
model_3n86_610.cif	3.05
model_3n86_639.cif	8.07
model_3n86_657.cif	3.24
model_3n86_662.cif	7.99
model_3n86_664.cif	3.63
model_3n86_665.cif	2.94
model_3n86_666.cif	2.72
model_3n86_674.cif	2.48
model_3n86_676.cif	8.16
model_3n86_680.cif	8.04
model_3n86_690.cif	3.04
model_3n86_768.cif	0.86
model_3n86_859.cif	0.31
model_3n86_861.cif	0.90
model_3n86_870.cif	0.87
model_3n86_878.cif	0.81
model_3n86_99.cif	0.22
model_3n86_ligand.cif	0.00
model_3nq9_103.cif	6.06
model_3nq9_112.cif	4.00
model_3nq9_117.cif	6.52
model_3nq9_134.cif	4.84
model_3nq9_140.cif	4.22
model_3nq9_148.cif	7.23
model_3nq9_158.cif	6.90
model_3nq9_176.cif	5.52
model_3nq9_180.cif	3.78
model_3nq9_221.cif	6.10
model_3nq9_235.cif	5.94
model_3nq9_236.cif	8.54
model_3nq9_246.cif	8.61
model_3nq9_25.cif	7.66
model_3nq9_259.cif	9.46
model_3nq9_270.cif	9.41
model_3nq9_273.cif	6.12
model_3nq9_282.cif	9.43
model_3nq9_298.cif	9.48
model_3nq9_310.cif	7.63
model_3nq9_311.cif	7.75
model_3nq9_330.cif	7.79
model_3nq9_338.cif	7.41
model_3nq9_35.cif	1.54
model_3nq9_352.cif	5.46
model_3nq9_358.cif	6.07
model_3nq9_36.cif	9.15
model_3nq9_382.cif	5.98
model_3nq9_386.cif	6.19
model_3nq9_389.cif	6.02
model_3nq9_401.cif	7.04
model_3nq9_410.cif	5.75
model_3nq9_412.cif	7.14
model_3nq9_413.cif	6.85
model_3nq9_415.cif	5.06
model_3nq9_420.cif	6.49
model_3nq9_470.cif	1.37
model_3nq9_472.cif	2.60
model_3nq9_473.cif	1.47
model_3nq9_474.cif	2.21
model_3nq9_492.cif	1.58
model_3nq9_507.cif	1.49
model_3nq9_513.cif	4.45
model_3nq9_526.cif	1.53
model_3nq9_528.cif	3.74
model_3nq9_550.cif	4.62
model_3nq9_553.cif	3.95
model_3nq9_556.cif	3.73
model_3nq9_560.cif	1.26
model_3nq9_568.cif	4.61
model_3nq9_574.cif	4.01
model_3nq9_605.cif	1.35
model_3nq9_610.cif	2.35
model_3nq9_620.cif	2.16
model_3nq9_626.cif	4.74
model_3nq9_639.cif	3.02
model_3nq9_64.cif	8.63
model_3nq9_651.cif	5.32
model_3nq9_662.cif	2.10
model_3nq9_664.cif	5.63
model_3nq9_671.cif	1.81
model_3nq9_685.cif	1.56
model_3nq9_696.cif	5.02
model_3nq9_700.cif	2.59
model_3nq9_703.cif	8.51
model_3nq9_706.cif	7.19
model_3nq9_726.cif	2.78
model_3nq9_770.cif	3.98
model_3nq9_781.cif	2.60
model_3nq9_784.cif	2.33
model_3nq9_785.cif	4.72
model_3nq9_801.cif	8.55
model_3nq9_805.cif	8.50
model_3nq9_83.cif	4.61
model_3nq9_837.cif	3.14
model_3nq9_869.cif	3.75
model_3nq9_894.cif	3.41
model_3nq9_899.cif	8.48
model_3nq9_905.cif	8.42
model_3nq9_916.cif	7.22
model_3nq9_92.cif	8.34
model_3nq9_948.cif	5.05
model_3nq9_96.cif	9.14
model_3nq9_97.cif	2.06
model_3nq9_977.cif	8.53
model_3nq9_981.cif	4.26
model_3nq9_ligand.cif	0.00
model_3nw9_105.cif	5.37
model_3nw9_123.cif	5.80
model_3nw9_124.cif	8.61
model_3nw9_134.cif	7.93
model_3nw9_140.cif	8.47
model_3nw9_142.cif	8.24
model_3nw9_149.cif	6.22
model_3nw9_151.cif	9.54
model_3nw9_153.cif	1.25
model_3nw9_159.cif	6.82
model_3nw9_162.cif	9.40
model_3nw9_163.cif	8.98
model_3nw9_166.cif	4.19
model_3nw9_172.cif	0.93
model_3nw9_176.cif	8.44
model_3nw9_183.cif	7.29
model_3nw9_190.cif	9.49
model_3nw9_20.cif	7.86
model_3nw9_204.cif	4.85
model_3nw9_210.cif	0.81
model_3nw9_212.cif	0.63
model_3nw9_239.cif	2.88
model_3nw9_240.cif	0.50
model_3nw9_26.cif	3.80
model_3nw9_263.cif	0.93
model_3nw9_264.cif	0.44
model_3nw9_315.cif	6.28
model_3nw9_329.cif	1.11
model_3nw9_348.cif	5.57
model_3nw9_355.cif	9.55
model_3nw9_398.cif	6.43
model_3nw9_399.cif	9.10
model_3nw9_401.cif	3.85
model_3nw9_406.cif	9.07
model_3nw9_409.cif	3.35
model_3nw9_414.cif	4.37
model_3nw9_423.cif	8.56
model_3nw9_427.cif	2.41
model_3nw9_433.cif	2.37
model_3nw9_435.cif	1.97
model_3nw9_437.cif	1.76
model_3nw9_438.cif	1.67
model_3nw9_441.cif	7.89
model_3nw9_444.cif	4.46
model_3nw9_446.cif	5.05
model_3nw9_455.cif	4.75
model_3nw9_466.cif	2.39
model_3nw9_471.cif	3.83
model_3nw9_473.cif	4.14
model_3nw9_479.cif	3.46
model_3nw9_491.cif	3.70
model_3nw9_497.cif	3.08
model_3nw9_506.cif	2.84
model_3nw9_511.cif	7.97
model_3nw9_518.cif	9.19
model_3nw9_534.cif	9.31
model_3nw9_538.cif	5.71
model_3nw9_541.cif	5.75
model_3nw9_545.cif	5.08
model_3nw9_551.cif	8.79
model_3nw9_583.cif	4.82
model_3nw9_593.cif	8.46
model_3nw9_594.cif	3.51
model_3nw9_596.cif	2.90
model_3nw9_598.cif	7.90
model_3nw9_599.cif	7.38
model_3nw9_607.cif	7.93
model_3nw9_609.cif	7.36
model_3nw9_613.cif	9.55
model_3nw9_614.cif	1.83
model_3nw9_621.cif	6.24
model_3nw9_629.cif	6.65
model_3nw9_640.cif	5.52
model_3nw9_641.cif	6.16
model_3nw9_651.cif	6.90
model_3nw9_653.cif	8.72
model_3nw9_656.cif	9.03
model_3nw9_657.cif	8.29
model_3nw9_671.cif	2.83
model_3nw9_685.cif	6.95
model_3nw9_688.cif	4.45
model_3nw9_70.cif	0.54
model_3nw9_700.cif	7.47
model_3nw9_710.cif	5.40
model_3nw9_715.cif	2.26
model_3nw9_734.cif	5.41
model_3nw9_739.cif	2.92
model_3nw9_749.cif	1.95
model_3nw9_755.cif	4.34
model_3nw9_757.cif	3.86
model_3nw9_76.cif	6.05
model_3nw9_766.cif	2.34
model_3nw9_785.cif	4.25
model_3nw9_786.cif	3.05
model_3nw9_833.cif	0.74
model_3nw9_945.cif	0.53
model_3nw9_951.cif	0.65
model_3nw9_964.cif	1.06
model_3nw9_975.cif	1.01
model_3nw9_988.cif	1.90
model_3nw9_ligand.cif	0.00
model_3nx7_139.cif	1.81
model_3nx7_148.cif	1.51
model_3nx7_15.cif	0.97
model_3nx7_234.cif	3.21
model_3nx7_239.cif	0.70
model_3nx7_245.cif	1.60
model_3nx7_262.cif	2.66
model_3nx7_280.cif	2.44
model_3nx7_283.cif	2.52
model_3nx7_287.cif	0.86
model_3nx7_299.cif	0.96
model_3nx7_320.cif	2.49
model_3nx7_359.cif	2.72
model_3nx7_36.cif	0.73
model_3nx7_383.cif	0.71
model_3nx7_388.cif	1.67
model_3nx7_39.cif	0.93
model_3nx7_404.cif	5.89
model_3nx7_405.cif	6.84
model_3nx7_416.cif	7.48
model_3nx7_42.cif	1.22
model_3nx7_424.cif	5.39
model_3nx7_426.cif	5.78
model_3nx7_427.cif	6.79
model_3nx7_440.cif	1.94
model_3nx7_451.cif	6.71
model_3nx7_459.cif	5.39
model_3nx7_46.cif	1.11
model_3nx7_479.cif	4.27
model_3nx7_480.cif	3.50
model_3nx7_489.cif	6.08
model_3nx7_495.cif	6.08
model_3nx7_496.cif	3.06
model_3nx7_511.cif	3.93
model_3nx7_52.cif	1.07
model_3nx7_524.cif	4.39
model_3nx7_535.cif	2.08
model_3nx7_544.cif	3.63
model_3nx7_555.cif	3.98
model_3nx7_567.cif	3.99
model_3nx7_582.cif	5.23
model_3nx7_583.cif	5.10
model_3nx7_591.cif	5.19
model_3nx7_605.cif	6.38
model_3nx7_607.cif	7.18
model_3nx7_614.cif	4.03
model_3nx7_619.cif	6.59
model_3nx7_622.cif	2.31
model_3nx7_623.cif	3.21
model_3nx7_625.cif	3.91
model_3nx7_630.cif	4.65
model_3nx7_651.cif	4.46
model_3nx7_652.cif	5.51
model_3nx7_654.cif	4.44
model_3nx7_660.cif	2.38
model_3nx7_667.cif	7.11
model_3nx7_668.cif	2.16
model_3nx7_670.cif	6.77
model_3nx7_676.cif	5.87
model_3nx7_688.cif	7.77
model_3nx7_74.cif	0.60
model_3nx7_756.cif	4.46
model_3nx7_762.cif	3.76
model_3nx7_778.cif	0.99
model_3nx7_787.cif	4.40
model_3nx7_792.cif	5.31
model_3nx7_795.cif	4.80
model_3nx7_796.cif	4.48
model_3nx7_854.cif	1.92
model_3nx7_885.cif	2.25
model_3nx7_889.cif	1.78
model_3nx7_969.cif	0.98
model_3nx7_ligand.cif	0.00
model_3o9i_12.cif	0.91
model_3o9i_130.cif	6.29
model_3o9i_135.cif	4.07
model_3o9i_141.cif	5.39
model_3o9i_164.cif	1.00
model_3o9i_178.cif	9.85
model_3o9i_201.cif	3.48
model_3o9i_213.cif	0.96
model_3o9i_215.cif	6.40
model_3o9i_219.cif	4.22
model_3o9i_222.cif	0.93
model_3o9i_227.cif	0.79
model_3o9i_228.cif	5.73
model_3o9i_229.cif	4.79
model_3o9i_234.cif	3.73
model_3o9i_243.cif	5.35
model_3o9i_246.cif	3.99
model_3o9i_249.cif	1.38
model_3o9i_253.cif	3.81
model_3o9i_255.cif	1.92
model_3o9i_256.cif	0.58
model_3o9i_257.cif	2.11
model_3o9i_26.cif	9.11
model_3o9i_260.cif	5.62
model_3o9i_270.cif	6.02
model_3o9i_274.cif	2.02
model_3o9i_275.cif	1.35
model_3o9i_276.cif	1.84
model_3o9i_28.cif	8.78
model_3o9i_283.cif	4.80
model_3o9i_284.cif	3.73
model_3o9i_286.cif	2.07
model_3o9i_288.cif	5.22
model_3o9i_29.cif	1.72
model_3o9i_292.cif	4.66
model_3o9i_294.cif	2.04
model_3o9i_295.cif	6.61
model_3o9i_298.cif	6.14
model_3o9i_30.cif	0.92
model_3o9i_303.cif	0.59
model_3o9i_314.cif	7.81
model_3o9i_318.cif	6.35
model_3o9i_340.cif	6.71
model_3o9i_358.cif	9.92
model_3o9i_359.cif	0.88
model_3o9i_38.cif	0.68
model_3o9i_402.cif	1.95
model_3o9i_403.cif	1.99
model_3o9i_407.cif	1.82
model_3o9i_408.cif	2.15
model_3o9i_409.cif	2.86
model_3o9i_415.cif	4.96
model_3o9i_417.cif	5.11
model_3o9i_42.cif	9.12
model_3o9i_424.cif	6.54
model_3o9i_435.cif	2.80
model_3o9i_452.cif	5.50
model_3o9i_454.cif	7.72
model_3o9i_459.cif	4.63
model_3o9i_461.cif	4.44
model_3o9i_466.cif	4.37
model_3o9i_467.cif	2.26
model_3o9i_469.cif	2.21
model_3o9i_479.cif	3.99
model_3o9i_487.cif	2.81
model_3o9i_495.cif	4.82
model_3o9i_496.cif	3.42
model_3o9i_500.cif	7.05
model_3o9i_505.cif	8.64
model_3o9i_509.cif	8.95
model_3o9i_525.cif	8.72
model_3o9i_535.cif	7.77
model_3o9i_539.cif	8.62
model_3o9i_546.cif	3.58
model_3o9i_557.cif	7.47
model_3o9i_569.cif	3.04
model_3o9i_574.cif	6.59
model_3o9i_585.cif	7.95
model_3o9i_59.cif	9.69
model_3o9i_600.cif	7.43
model_3o9i_607.cif	7.71
model_3o9i_617.cif	9.63
model_3o9i_624.cif	9.33
model_3o9i_661.cif	8.07
model_3o9i_674.cif	7.40
model_3o9i_675.cif	3.17
model_3o9i_678.cif	9.01
model_3o9i_687.cif	9.18
model_3o9i_692.cif	8.29
model_3o9i_714.cif	5.24
model_3o9i_766.cif	5.03
model_3o9i_788.cif	6.21
model_3o9i_795.cif	5.17
model_3o9i_859.cif	8.26
model_3o9i_860.cif	1.67
model_3o9i_861.cif	7.91
model_3o9i_893.cif	8.49
model_3o9i_9.cif	8.03
model_3o9i_907.cif	1.36
model_3o9i_96.cif	9.20
model_3o9i_ligand.cif	0.00
model_3oe4_1.cif	6.89
model_3oe4_105.cif	7.39
model_3oe4_109.cif	6.07
model_3oe4_113.cif	8.03
model_3oe4_114.cif	0.72
model_3oe4_118.cif	9.97
model_3oe4_119.cif	7.42
model_3oe4_12.cif	4.45
model_3oe4_120.cif	8.96
model_3oe4_131.cif	9.53
model_3oe4_136.cif	8.97
model_3oe4_137.cif	1.04
model_3oe4_158.cif	6.91
model_3oe4_161.cif	5.23
model_3oe4_17.cif	6.23
model_3oe4_180.cif	8.49
model_3oe4_189.cif	6.18
model_3oe4_20.cif	1.33
model_3oe4_203.cif	0.47
model_3oe4_224.cif	5.81
model_3oe4_237.cif	0.83
model_3oe4_279.cif	7.62
model_3oe4_283.cif	6.78
model_3oe4_285.cif	1.00
model_3oe4_288.cif	6.78
model_3oe4_29.cif	4.61
model_3oe4_291.cif	3.82
model_3oe4_292.cif	0.34
model_3oe4_305.cif	8.29
model_3oe4_312.cif	0.47
model_3oe4_314.cif	0.92
model_3oe4_324.cif	8.21
model_3oe4_328.cif	0.42
model_3oe4_34.cif	2.34
model_3oe4_340.cif	7.58
model_3oe4_374.cif	9.08
model_3oe4_38.cif	7.02
model_3oe4_404.cif	7.01
model_3oe4_409.cif	3.55
model_3oe4_410.cif	4.55
model_3oe4_413.cif	6.54
model_3oe4_431.cif	2.19
model_3oe4_438.cif	6.31
model_3oe4_446.cif	5.49
model_3oe4_453.cif	5.15
model_3oe4_457.cif	1.74
model_3oe4_458.cif	1.94
model_3oe4_468.cif	4.78
model_3oe4_470.cif	2.24
model_3oe4_478.cif	1.95
model_3oe4_486.cif	1.90
model_3oe4_500.cif	2.13
model_3oe4_506.cif	2.00
model_3oe4_509.cif	3.14
model_3oe4_518.cif	3.76
model_3oe4_522.cif	1.96
model_3oe4_525.cif	3.30
model_3oe4_528.cif	7.19
model_3oe4_531.cif	3.42
model_3oe4_544.cif	6.42
model_3oe4_546.cif	3.32
model_3oe4_551.cif	3.31
model_3oe4_557.cif	5.20
model_3oe4_558.cif	4.28
model_3oe4_561.cif	8.01
model_3oe4_562.cif	2.52
model_3oe4_57.cif	8.55
model_3oe4_573.cif	3.36
model_3oe4_574.cif	2.78
model_3oe4_578.cif	7.65
model_3oe4_597.cif	5.14
model_3oe4_61.cif	5.18
model_3oe4_611.cif	9.94
model_3oe4_615.cif	1.37
model_3oe4_66.cif	4.97
model_3oe4_665.cif	5.71
model_3oe4_667.cif	2.88
model_3oe4_670.cif	4.97
model_3oe4_690.cif	8.20
model_3oe4_70.cif	0.87
model_3oe4_74.cif	0.84
model_3oe4_745.cif	2.67
model_3oe4_767.cif	5.23
model_3oe4_780.cif	7.79
model_3oe4_781.cif	9.36
model_3oe4_793.cif	9.22
model_3oe4_795.cif	9.22
model_3oe4_796.cif	8.93
model_3oe4_797.cif	9.05
model_3oe4_82.cif	1.09
model_3oe4_820.cif	4.45
model_3oe4_831.cif	3.91
model_3oe4_85.cif	5.63
model_3oe4_89.cif	7.87
model_3oe4_924.cif	4.47
model_3oe4_972.cif	2.95
model_3oe4_992.cif	2.21
model_3oe4_996.cif	4.88
model_3oe4_ligand.cif	0.00
model_3oe5_104.cif	0.66
model_3oe5_106.cif	7.50
model_3oe5_11.cif	8.68
model_3oe5_121.cif	5.52
model_3oe5_124.cif	6.25
model_3oe5_132.cif	1.32
model_3oe5_134.cif	9.29
model_3oe5_145.cif	6.73
model_3oe5_148.cif	4.26
model_3oe5_15.cif	1.43
model_3oe5_156.cif	8.18
model_3oe5_161.cif	7.28
model_3oe5_162.cif	9.21
model_3oe5_164.cif	5.96
model_3oe5_197.cif	7.53
model_3oe5_198.cif	7.31
model_3oe5_199.cif	3.84
model_3oe5_2.cif	9.15
model_3oe5_203.cif	0.70
model_3oe5_214.cif	2.73
model_3oe5_217.cif	1.71
model_3oe5_227.cif	1.28
model_3oe5_236.cif	0.42
model_3oe5_243.cif	4.79
model_3oe5_245.cif	7.31
model_3oe5_248.cif	4.62
model_3oe5_250.cif	0.93
model_3oe5_26.cif	9.07
model_3oe5_261.cif	0.70
model_3oe5_263.cif	6.99
model_3oe5_266.cif	0.67
model_3oe5_274.cif	5.19
model_3oe5_286.cif	5.21
model_3oe5_289.cif	2.03
model_3oe5_29.cif	8.96
model_3oe5_290.cif	4.89
model_3oe5_30.cif	0.57
model_3oe5_301.cif	5.56
model_3oe5_325.cif	8.46
model_3oe5_329.cif	0.85
model_3oe5_332.cif	7.29
model_3oe5_342.cif	8.20
model_3oe5_352.cif	0.82
model_3oe5_356.cif	0.51
model_3oe5_370.cif	7.72
model_3oe5_380.cif	9.40
model_3oe5_401.cif	2.90
model_3oe5_402.cif	7.02
model_3oe5_403.cif	6.42
model_3oe5_412.cif	2.89
model_3oe5_421.cif	6.73
model_3oe5_422.cif	1.42
model_3oe5_423.cif	1.64
model_3oe5_430.cif	3.47
model_3oe5_437.cif	1.87
model_3oe5_439.cif	1.46
model_3oe5_441.cif	1.77
model_3oe5_442.cif	6.11
model_3oe5_446.cif	7.98
model_3oe5_45.cif	9.09
model_3oe5_455.cif	4.12
model_3oe5_462.cif	3.02
model_3oe5_467.cif	2.35
model_3oe5_472.cif	8.36
model_3oe5_477.cif	3.50
model_3oe5_480.cif	1.78
model_3oe5_483.cif	5.64
model_3oe5_484.cif	8.07
model_3oe5_493.cif	3.30
model_3oe5_497.cif	9.15
model_3oe5_499.cif	2.11
model_3oe5_529.cif	3.09
model_3oe5_546.cif	9.35
model_3oe5_552.cif	6.89
model_3oe5_561.cif	3.81
model_3oe5_563.cif	5.39
model_3oe5_57.cif	7.00
model_3oe5_581.cif	5.69
model_3oe5_586.cif	4.97
model_3oe5_599.cif	6.94
model_3oe5_620.cif	2.27
model_3oe5_623.cif	5.18
model_3oe5_624.cif	3.24
model_3oe5_669.cif	2.27
model_3oe5_673.cif	5.96
model_3oe5_676.cif	4.42
model_3oe5_680.cif	8.55
model_3oe5_684.cif	3.09
model_3oe5_697.cif	9.43
model_3oe5_700.cif	4.74
model_3oe5_758.cif	3.15
model_3oe5_76.cif	9.08
model_3oe5_762.cif	4.69
model_3oe5_77.cif	8.09
model_3oe5_788.cif	6.24
model_3oe5_857.cif	2.12
model_3oe5_893.cif	4.38
model_3oe5_94.cif	8.77
model_3oe5_955.cif	2.03
model_3oe5_97.cif	7.98
model_3oe5_ligand.cif	0.00
model_3ozs_10.cif	7.26
model_3ozs_103.cif	5.77
model_3ozs_107.cif	6.73
model_3ozs_11.cif	1.12
model_3ozs_110.cif	7.22
model_3ozs_113.cif	9.79
model_3ozs_120.cif	6.99
model_3ozs_123.cif	6.78
model_3ozs_130.cif	8.24
model_3ozs_136.cif	7.47
model_3ozs_14.cif	5.71
model_3ozs_149.cif	9.09
model_3ozs_162.cif	6.39
model_3ozs_201.cif	0.79
model_3ozs_221.cif	1.10
model_3ozs_224.cif	1.24
model_3ozs_24.cif	3.64
model_3ozs_251.cif	0.39
model_3ozs_255.cif	0.69
model_3ozs_269.cif	0.54
model_3ozs_273.cif	3.99
model_3ozs_275.cif	4.08
model_3ozs_28.cif	4.49
model_3ozs_307.cif	0.55
model_3ozs_318.cif	6.05
model_3ozs_339.cif	7.37
model_3ozs_345.cif	0.91
model_3ozs_346.cif	1.84
model_3ozs_353.cif	9.33
model_3ozs_373.cif	0.87
model_3ozs_379.cif	7.33
model_3ozs_389.cif	1.58
model_3ozs_406.cif	2.32
model_3ozs_413.cif	1.78
model_3ozs_417.cif	2.48
model_3ozs_430.cif	4.68
model_3ozs_431.cif	2.53
model_3ozs_432.cif	1.94
model_3ozs_439.cif	1.61
model_3ozs_44.cif	0.75
model_3ozs_442.cif	7.26
model_3ozs_443.cif	3.27
model_3ozs_446.cif	4.08
model_3ozs_451.cif	2.20
model_3ozs_46.cif	6.63
model_3ozs_465.cif	9.86
model_3ozs_478.cif	1.47
model_3ozs_479.cif	3.05
model_3ozs_48.cif	8.10
model_3ozs_480.cif	8.25
model_3ozs_484.cif	6.99
model_3ozs_487.cif	3.49
model_3ozs_494.cif	2.93
model_3ozs_496.cif	5.89
model_3ozs_505.cif	4.71
model_3ozs_517.cif	2.05
model_3ozs_529.cif	2.04
model_3ozs_531.cif	7.24
model_3ozs_536.cif	3.22
model_3ozs_537.cif	9.18
model_3ozs_542.cif	5.25
model_3ozs_546.cif	8.95
model_3ozs_550.cif	5.44
model_3ozs_554.cif	8.73
model_3ozs_558.cif	9.32
model_3ozs_559.cif	9.96
model_3ozs_560.cif	8.96
model_3ozs_567.cif	7.97
model_3ozs_574.cif	8.17
model_3ozs_575.cif	5.15
model_3ozs_585.cif	3.87
model_3ozs_586.cif	9.90
model_3ozs_593.cif	5.46
model_3ozs_596.cif	4.23
model_3ozs_6.cif	0.95
model_3ozs_60.cif	4.47
model_3ozs_611.cif	5.66
model_3ozs_63.cif	7.33
model_3ozs_646.cif	5.71
model_3ozs_649.cif	6.42
model_3ozs_656.cif	9.11
model_3ozs_659.cif	6.29
model_3ozs_664.cif	2.29
model_3ozs_666.cif	3.03
model_3ozs_682.cif	4.09
model_3ozs_72.cif	2.35
model_3ozs_756.cif	4.84
model_3ozs_758.cif	2.20
model_3ozs_761.cif	4.44
model_3ozs_764.cif	3.68
model_3ozs_768.cif	6.27
model_3ozs_778.cif	5.87
model_3ozs_821.cif	8.64
model_3ozs_83.cif	0.96
model_3ozs_842.cif	7.02
model_3ozs_854.cif	3.47
model_3ozs_870.cif	8.85
model_3ozs_882.cif	9.69
model_3ozs_899.cif	1.43
model_3ozs_91.cif	8.17
model_3ozs_ligand.cif	0.00
model_3ozt_102.cif	4.45
model_3ozt_105.cif	0.82
model_3ozt_112.cif	7.31
model_3ozt_113.cif	5.68
model_3ozt_116.cif	3.61
model_3ozt_141.cif	6.74
model_3ozt_143.cif	5.38
model_3ozt_15.cif	8.35
model_3ozt_151.cif	8.47
model_3ozt_171.cif	0.76
model_3ozt_192.cif	6.79
model_3ozt_193.cif	6.87
model_3ozt_2.cif	1.28
model_3ozt_20.cif	9.47
model_3ozt_200.cif	6.28
model_3ozt_202.cif	0.52
model_3ozt_206.cif	2.68
model_3ozt_207.cif	8.63
model_3ozt_212.cif	7.75
model_3ozt_251.cif	4.66
model_3ozt_257.cif	4.60
model_3ozt_267.cif	0.96
model_3ozt_271.cif	7.63
model_3ozt_283.cif	4.53
model_3ozt_286.cif	0.52
model_3ozt_320.cif	6.60
model_3ozt_332.cif	9.28
model_3ozt_339.cif	5.53
model_3ozt_372.cif	0.78
model_3ozt_387.cif	0.62
model_3ozt_405.cif	8.18
model_3ozt_407.cif	9.02
model_3ozt_413.cif	1.37
model_3ozt_415.cif	2.69
model_3ozt_421.cif	4.03
model_3ozt_423.cif	1.89
model_3ozt_427.cif	3.60
model_3ozt_442.cif	3.45
model_3ozt_444.cif	1.85
model_3ozt_448.cif	1.66
model_3ozt_457.cif	6.34
model_3ozt_460.cif	2.56
model_3ozt_462.cif	2.99
model_3ozt_469.cif	3.39
model_3ozt_471.cif	3.08
model_3ozt_476.cif	3.20
model_3ozt_483.cif	2.75
model_3ozt_487.cif	1.68
model_3ozt_492.cif	9.28
model_3ozt_496.cif	8.61
model_3ozt_497.cif	5.36
model_3ozt_499.cif	7.93
model_3ozt_503.cif	2.86
model_3ozt_507.cif	3.80
model_3ozt_509.cif	1.46
model_3ozt_520.cif	4.06
model_3ozt_526.cif	5.82
model_3ozt_528.cif	8.30
model_3ozt_534.cif	4.01
model_3ozt_539.cif	2.75
model_3ozt_541.cif	6.33
model_3ozt_543.cif	7.85
model_3ozt_544.cif	2.11
model_3ozt_550.cif	1.78
model_3ozt_562.cif	8.68
model_3ozt_564.cif	6.00
model_3ozt_566.cif	5.93
model_3ozt_574.cif	5.76
model_3ozt_577.cif	3.54
model_3ozt_585.cif	5.20
model_3ozt_586.cif	4.29
model_3ozt_588.cif	4.32
model_3ozt_599.cif	8.91
model_3ozt_603.cif	9.03
model_3ozt_606.cif	6.18
model_3ozt_609.cif	4.58
model_3ozt_628.cif	7.01
model_3ozt_641.cif	9.02
model_3ozt_655.cif	7.27
model_3ozt_673.cif	6.38
model_3ozt_675.cif	2.61
model_3ozt_682.cif	3.32
model_3ozt_685.cif	9.25
model_3ozt_689.cif	9.62
model_3ozt_692.cif	2.82
model_3ozt_693.cif	6.26
model_3ozt_698.cif	8.19
model_3ozt_699.cif	7.25
model_3ozt_7.cif	8.93
model_3ozt_70.cif	0.26
model_3ozt_700.cif	5.55
model_3ozt_702.cif	0.78
model_3ozt_71.cif	9.39
model_3ozt_758.cif	1.97
model_3ozt_787.cif	4.00
model_3ozt_82.cif	7.53
model_3ozt_85.cif	9.53
model_3ozt_915.cif	0.91
model_3ozt_98.cif	1.12
model_3ozt_99.cif	7.80
model_3ozt_ligand.cif	0.00
model_3p5o_104.cif	1.04
model_3p5o_108.cif	0.92
model_3p5o_114.cif	0.99
model_3p5o_126.cif	1.03
model_3p5o_141.cif	5.14
model_3p5o_165.cif	4.08
model_3p5o_236.cif	4.62
model_3p5o_238.cif	0.69
model_3p5o_267.cif	0.51
model_3p5o_287.cif	0.80
model_3p5o_413.cif	5.01
model_3p5o_414.cif	6.47
model_3p5o_424.cif	6.88
model_3p5o_427.cif	6.38
model_3p5o_429.cif	5.84
model_3p5o_439.cif	6.18
model_3p5o_440.cif	2.64
model_3p5o_442.cif	3.46
model_3p5o_443.cif	6.49
model_3p5o_452.cif	3.25
model_3p5o_456.cif	4.98
model_3p5o_457.cif	2.26
model_3p5o_462.cif	5.46
model_3p5o_467.cif	6.28
model_3p5o_471.cif	5.05
model_3p5o_510.cif	2.04
model_3p5o_513.cif	0.82
model_3p5o_517.cif	2.46
model_3p5o_518.cif	1.33
model_3p5o_521.cif	1.04
model_3p5o_531.cif	1.42
model_3p5o_538.cif	5.54
model_3p5o_540.cif	2.72
model_3p5o_543.cif	5.64
model_3p5o_551.cif	4.81
model_3p5o_566.cif	8.83
model_3p5o_567.cif	4.24
model_3p5o_568.cif	1.80
model_3p5o_569.cif	6.10
model_3p5o_570.cif	6.03
model_3p5o_576.cif	5.97
model_3p5o_581.cif	6.11
model_3p5o_588.cif	4.13
model_3p5o_594.cif	5.04
model_3p5o_595.cif	3.86
model_3p5o_596.cif	3.20
model_3p5o_597.cif	2.94
model_3p5o_632.cif	3.60
model_3p5o_650.cif	4.43
model_3p5o_652.cif	7.48
model_3p5o_658.cif	2.12
model_3p5o_679.cif	5.54
model_3p5o_680.cif	2.79
model_3p5o_686.cif	4.50
model_3p5o_689.cif	4.00
model_3p5o_690.cif	3.86
model_3p5o_692.cif	3.90
model_3p5o_694.cif	4.71
model_3p5o_695.cif	3.29
model_3p5o_700.cif	2.13
model_3p5o_724.cif	4.91
model_3p5o_737.cif	1.48
model_3p5o_752.cif	6.23
model_3p5o_759.cif	0.69
model_3p5o_818.cif	0.83
model_3p5o_835.cif	1.34
model_3p5o_840.cif	0.99
model_3p5o_853.cif	1.69
model_3p5o_926.cif	1.55
model_3p5o_93.cif	0.92
model_3p5o_ligand.cif	0.00
model_3prs_111.cif	9.93
model_3prs_141.cif	3.89
model_3prs_143.cif	9.55
model_3prs_156.cif	8.05
model_3prs_170.cif	8.60
model_3prs_202.cif	2.82
model_3prs_204.cif	8.48
model_3prs_205.cif	6.58
model_3prs_213.cif	2.45
model_3prs_216.cif	3.34
model_3prs_232.cif	4.50
model_3prs_236.cif	2.23
model_3prs_239.cif	6.00
model_3prs_246.cif	3.87
model_3prs_252.cif	2.11
model_3prs_259.cif	3.51
model_3prs_266.cif	3.29
model_3prs_270.cif	8.51
model_3prs_271.cif	4.55
model_3prs_273.cif	2.65
model_3prs_274.cif	6.24
model_3prs_281.cif	2.69
model_3prs_292.cif	6.58
model_3prs_31.cif	9.84
model_3prs_314.cif	4.30
model_3prs_315.cif	8.16
model_3prs_328.cif	9.97
model_3prs_362.cif	9.21
model_3prs_38.cif	8.75
model_3prs_404.cif	2.78
model_3prs_410.cif	4.68
model_3prs_414.cif	5.38
model_3prs_415.cif	5.29
model_3prs_419.cif	4.69
model_3prs_424.cif	4.30
model_3prs_427.cif	5.71
model_3prs_430.cif	4.59
model_3prs_438.cif	6.94
model_3prs_440.cif	5.18
model_3prs_448.cif	5.30
model_3prs_454.cif	3.53
model_3prs_456.cif	3.75
model_3prs_477.cif	7.37
model_3prs_488.cif	6.06
model_3prs_490.cif	6.34
model_3prs_493.cif	3.81
model_3prs_496.cif	6.79
model_3prs_498.cif	5.11
model_3prs_505.cif	2.66
model_3prs_506.cif	7.57
model_3prs_507.cif	9.55
model_3prs_556.cif	7.68
model_3prs_571.cif	5.42
model_3prs_578.cif	9.27
model_3prs_605.cif	7.11
model_3prs_607.cif	7.13
model_3prs_609.cif	4.67
model_3prs_617.cif	7.54
model_3prs_619.cif	3.56
model_3prs_623.cif	8.85
model_3prs_627.cif	7.57
model_3prs_630.cif	6.41
model_3prs_640.cif	3.94
model_3prs_641.cif	8.91
model_3prs_642.cif	7.14
model_3prs_643.cif	4.67
model_3prs_651.cif	8.05
model_3prs_656.cif	5.91
model_3prs_658.cif	4.89
model_3prs_671.cif	9.32
model_3prs_674.cif	9.29
model_3prs_684.cif	7.55
model_3prs_690.cif	6.55
model_3prs_695.cif	9.48
model_3prs_701.cif	1.22
model_3prs_706.cif	1.74
model_3prs_711.cif	1.08
model_3prs_731.cif	1.87
model_3prs_764.cif	2.57
model_3prs_774.cif	2.09
model_3prs_781.cif	1.94
model_3prs_788.cif	1.93
model_3prs_797.cif	8.02
model_3prs_851.cif	5.79
model_3prs_881.cif	7.41
model_3prs_944.cif	6.14
model_3prs_ligand.cif	0.00
model_3pww_152.cif	4.82
model_3pww_200.cif	2.16
model_3pww_236.cif	1.72
model_3pww_256.cif	0.88
model_3pww_269.cif	2.27
model_3pww_280.cif	1.71
model_3pww_312.cif	9.42
model_3pww_320.cif	6.39
model_3pww_322.cif	7.25
model_3pww_324.cif	2.54
model_3pww_342.cif	8.90
model_3pww_343.cif	7.71
model_3pww_364.cif	3.09
model_3pww_394.cif	1.13
model_3pww_401.cif	5.09
model_3pww_404.cif	7.52
model_3pww_405.cif	5.00
model_3pww_410.cif	8.67
model_3pww_411.cif	5.80
model_3pww_416.cif	5.52
model_3pww_417.cif	5.88
model_3pww_420.cif	7.58
model_3pww_421.cif	6.28
model_3pww_425.cif	5.08
model_3pww_439.cif	8.70
model_3pww_440.cif	4.67
model_3pww_449.cif	4.78
model_3pww_452.cif	5.64
model_3pww_461.cif	5.16
model_3pww_463.cif	4.03
model_3pww_466.cif	7.61
model_3pww_468.cif	6.01
model_3pww_478.cif	4.28
model_3pww_482.cif	5.76
model_3pww_484.cif	6.03
model_3pww_487.cif	3.50
model_3pww_489.cif	7.88
model_3pww_494.cif	4.47
model_3pww_501.cif	6.39
model_3pww_516.cif	6.34
model_3pww_541.cif	4.48
model_3pww_545.cif	8.76
model_3pww_549.cif	9.38
model_3pww_552.cif	9.54
model_3pww_560.cif	8.67
model_3pww_561.cif	6.41
model_3pww_565.cif	7.25
model_3pww_570.cif	8.37
model_3pww_571.cif	8.55
model_3pww_574.cif	4.37
model_3pww_575.cif	9.23
model_3pww_581.cif	9.44
model_3pww_584.cif	9.19
model_3pww_605.cif	6.79
model_3pww_631.cif	7.87
model_3pww_635.cif	9.68
model_3pww_654.cif	7.55
model_3pww_658.cif	9.76
model_3pww_667.cif	8.91
model_3pww_671.cif	8.39
model_3pww_678.cif	9.00
model_3pww_685.cif	6.13
model_3pww_708.cif	3.32
model_3pww_730.cif	1.89
model_3pww_742.cif	2.01
model_3pww_747.cif	1.77
model_3pww_749.cif	9.08
model_3pww_753.cif	1.76
model_3pww_757.cif	2.37
model_3pww_762.cif	4.36
model_3pww_765.cif	7.36
model_3pww_767.cif	2.64
model_3pww_772.cif	3.54
model_3pww_779.cif	5.31
model_3pww_780.cif	3.81
model_3pww_783.cif	2.93
model_3pww_793.cif	6.05
model_3pww_816.cif	1.65
model_3pww_822.cif	1.97
model_3pww_846.cif	3.52
model_3pww_854.cif	3.88
model_3pww_859.cif	2.46
model_3pww_862.cif	3.44
model_3pww_867.cif	2.52
model_3pww_874.cif	5.58
model_3pww_885.cif	2.04
model_3pww_888.cif	1.50
model_3pww_889.cif	1.50
model_3pww_90.cif	9.70
model_3pww_958.cif	3.68
model_3pww_982.cif	3.29
model_3pww_ligand.cif	0.00
model_3pxf_100.cif	7.03
model_3pxf_117.cif	8.57
model_3pxf_13.cif	9.70
model_3pxf_136.cif	8.13
model_3pxf_152.cif	8.48
model_3pxf_184.cif	8.68
model_3pxf_2.cif	9.39
model_3pxf_22.cif	9.03
model_3pxf_263.cif	9.00
model_3pxf_305.cif	9.22
model_3pxf_314.cif	7.17
model_3pxf_321.cif	9.38
model_3pxf_323.cif	8.53
model_3pxf_332.cif	9.54
model_3pxf_339.cif	9.71
model_3pxf_368.cif	9.43
model_3pxf_373.cif	6.98
model_3pxf_406.cif	5.47
model_3pxf_423.cif	7.57
model_3pxf_434.cif	5.86
model_3pxf_438.cif	8.28
model_3pxf_443.cif	3.94
model_3pxf_452.cif	6.69
model_3pxf_456.cif	5.73
model_3pxf_463.cif	6.09
model_3pxf_473.cif	7.10
model_3pxf_478.cif	6.78
model_3pxf_48.cif	8.86
model_3pxf_480.cif	4.76
model_3pxf_482.cif	6.28
model_3pxf_510.cif	4.52
model_3pxf_513.cif	3.98
model_3pxf_537.cif	5.84
model_3pxf_539.cif	1.98
model_3pxf_542.cif	5.10
model_3pxf_558.cif	2.97
model_3pxf_560.cif	2.88
model_3pxf_569.cif	3.83
model_3pxf_571.cif	3.07
model_3pxf_576.cif	4.52
model_3pxf_582.cif	2.98
model_3pxf_608.cif	2.90
model_3pxf_612.cif	6.20
model_3pxf_621.cif	7.84
model_3pxf_628.cif	4.04
model_3pxf_631.cif	1.93
model_3pxf_647.cif	5.43
model_3pxf_648.cif	4.09
model_3pxf_655.cif	7.16
model_3pxf_658.cif	7.54
model_3pxf_659.cif	7.35
model_3pxf_661.cif	6.72
model_3pxf_663.cif	2.56
model_3pxf_680.cif	3.13
model_3pxf_685.cif	1.24
model_3pxf_686.cif	4.74
model_3pxf_689.cif	5.54
model_3pxf_694.cif	8.53
model_3pxf_7.cif	9.84
model_3pxf_724.cif	2.89
model_3pxf_736.cif	1.62
model_3pxf_74.cif	8.70
model_3pxf_743.cif	1.39
model_3pxf_761.cif	1.37
model_3pxf_766.cif	3.82
model_3pxf_767.cif	2.01
model_3pxf_768.cif	2.53
model_3pxf_774.cif	5.63
model_3pxf_775.cif	1.61
model_3pxf_776.cif	1.79
model_3pxf_779.cif	4.16
model_3pxf_78.cif	9.28
model_3pxf_780.cif	6.75
model_3pxf_781.cif	3.38
model_3pxf_782.cif	2.15
model_3pxf_783.cif	4.01
model_3pxf_788.cif	6.64
model_3pxf_794.cif	6.05
model_3pxf_795.cif	5.86
model_3pxf_796.cif	5.99
model_3pxf_798.cif	4.83
model_3pxf_810.cif	7.34
model_3pxf_817.cif	1.67
model_3pxf_842.cif	4.38
model_3pxf_848.cif	1.89
model_3pxf_922.cif	7.31
model_3pxf_948.cif	3.55
model_3pxf_951.cif	2.86
model_3pxf_972.cif	3.34
model_3pxf_973.cif	3.49
model_3pxf_ligand.cif	0.00
model_3pyy_13.cif	6.35
model_3pyy_209.cif	0.33
model_3pyy_219.cif	6.06
model_3pyy_224.cif	0.58
model_3pyy_230.cif	4.91
model_3pyy_232.cif	4.97
model_3pyy_245.cif	0.56
model_3pyy_247.cif	2.80
model_3pyy_248.cif	0.57
model_3pyy_263.cif	0.45
model_3pyy_277.cif	3.58
model_3pyy_280.cif	6.63
model_3pyy_283.cif	5.00
model_3pyy_284.cif	7.13
model_3pyy_287.cif	6.13
model_3pyy_290.cif	0.67
model_3pyy_296.cif	0.31
model_3pyy_297.cif	5.98
model_3pyy_363.cif	0.88
model_3pyy_377.cif	0.83
model_3pyy_407.cif	1.17
model_3pyy_410.cif	4.97
model_3pyy_411.cif	1.50
model_3pyy_422.cif	1.60
model_3pyy_444.cif	1.28
model_3pyy_449.cif	2.42
model_3pyy_453.cif	4.95
model_3pyy_454.cif	4.20
model_3pyy_455.cif	5.05
model_3pyy_466.cif	2.99
model_3pyy_489.cif	3.14
model_3pyy_498.cif	4.91
model_3pyy_500.cif	5.13
model_3pyy_518.cif	1.52
model_3pyy_529.cif	5.75
model_3pyy_535.cif	1.73
model_3pyy_547.cif	2.53
model_3pyy_554.cif	5.23
model_3pyy_600.cif	3.06
model_3pyy_604.cif	5.69
model_3pyy_630.cif	1.98
model_3pyy_633.cif	1.96
model_3pyy_636.cif	3.18
model_3pyy_640.cif	3.00
model_3pyy_641.cif	3.60
model_3pyy_650.cif	4.44
model_3pyy_667.cif	2.54
model_3pyy_689.cif	2.03
model_3pyy_694.cif	3.56
model_3pyy_699.cif	2.13
model_3pyy_709.cif	3.82
model_3pyy_711.cif	3.91
model_3pyy_719.cif	7.35
model_3pyy_738.cif	6.38
model_3pyy_742.cif	7.91
model_3pyy_745.cif	8.15
model_3pyy_746.cif	8.12
model_3pyy_751.cif	8.21
model_3pyy_757.cif	5.86
model_3pyy_760.cif	7.41
model_3pyy_763.cif	8.28
model_3pyy_766.cif	6.09
model_3pyy_778.cif	7.07
model_3pyy_780.cif	7.11
model_3pyy_781.cif	8.09
model_3pyy_782.cif	5.16
model_3pyy_784.cif	7.23
model_3pyy_785.cif	6.75
model_3pyy_787.cif	8.28
model_3pyy_792.cif	6.92
model_3pyy_793.cif	6.79
model_3pyy_796.cif	7.33
model_3pyy_812.cif	1.63
model_3pyy_817.cif	2.09
model_3pyy_822.cif	1.59
model_3pyy_832.cif	2.38
model_3pyy_839.cif	4.98
model_3pyy_850.cif	6.74
model_3pyy_86.cif	3.14
model_3pyy_875.cif	3.62
model_3pyy_88.cif	7.07
model_3pyy_896.cif	7.09
model_3pyy_899.cif	5.88
model_3pyy_92.cif	0.44
model_3pyy_933.cif	4.98
model_3pyy_954.cif	5.12
model_3pyy_967.cif	8.56
model_3pyy_981.cif	8.41
model_3pyy_ligand.cif	0.00
model_3qgy_127.cif	0.81
model_3qgy_133.cif	0.83
model_3qgy_20.cif	1.13
model_3qgy_208.cif	0.73
model_3qgy_209.cif	7.20
model_3qgy_211.cif	0.73
model_3qgy_233.cif	0.82
model_3qgy_237.cif	6.84
model_3qgy_255.cif	7.67
model_3qgy_265.cif	0.81
model_3qgy_273.cif	1.02
model_3qgy_297.cif	0.68
model_3qgy_306.cif	1.03
model_3qgy_318.cif	0.90
model_3qgy_339.cif	5.17
model_3qgy_358.cif	2.94
model_3qgy_372.cif	0.51
model_3qgy_374.cif	1.12
model_3qgy_404.cif	3.43
model_3qgy_407.cif	4.04
model_3qgy_413.cif	2.10
model_3qgy_427.cif	2.41
model_3qgy_429.cif	3.45
model_3qgy_443.cif	1.56
model_3qgy_447.cif	4.42
model_3qgy_457.cif	5.44
model_3qgy_462.cif	3.09
model_3qgy_464.cif	4.95
model_3qgy_465.cif	3.34
model_3qgy_467.cif	3.85
model_3qgy_477.cif	6.28
model_3qgy_481.cif	6.09
model_3qgy_483.cif	7.14
model_3qgy_500.cif	7.03
model_3qgy_501.cif	3.97
model_3qgy_511.cif	5.03
model_3qgy_516.cif	1.67
model_3qgy_518.cif	2.63
model_3qgy_52.cif	1.34
model_3qgy_526.cif	4.13
model_3qgy_542.cif	2.83
model_3qgy_555.cif	6.05
model_3qgy_564.cif	4.71
model_3qgy_569.cif	2.20
model_3qgy_572.cif	5.00
model_3qgy_576.cif	5.75
model_3qgy_581.cif	5.51
model_3qgy_588.cif	6.23
model_3qgy_594.cif	6.08
model_3qgy_596.cif	4.30
model_3qgy_607.cif	5.30
model_3qgy_610.cif	6.28
model_3qgy_627.cif	6.62
model_3qgy_628.cif	2.63
model_3qgy_630.cif	5.13
model_3qgy_631.cif	5.58
model_3qgy_633.cif	1.06
model_3qgy_646.cif	2.06
model_3qgy_658.cif	6.02
model_3qgy_659.cif	2.46
model_3qgy_662.cif	4.82
model_3qgy_664.cif	3.42
model_3qgy_666.cif	3.85
model_3qgy_677.cif	7.14
model_3qgy_678.cif	4.26
model_3qgy_681.cif	3.69
model_3qgy_683.cif	5.34
model_3qgy_685.cif	5.66
model_3qgy_687.cif	7.03
model_3qgy_688.cif	7.25
model_3qgy_691.cif	1.97
model_3qgy_694.cif	6.27
model_3qgy_695.cif	3.62
model_3qgy_697.cif	7.93
model_3qgy_699.cif	4.96
model_3qgy_855.cif	2.77
model_3qgy_9.cif	0.89
model_3qgy_939.cif	1.16
model_3qgy_ligand.cif	0.00
model_3qqs_100.cif	0.48
model_3qqs_102.cif	3.67
model_3qqs_103.cif	4.53
model_3qqs_105.cif	0.81
model_3qqs_114.cif	3.96
model_3qqs_157.cif	2.92
model_3qqs_158.cif	0.87
model_3qqs_18.cif	0.95
model_3qqs_324.cif	0.88
model_3qqs_35.cif	0.61
model_3qqs_375.cif	7.09
model_3qqs_386.cif	1.14
model_3qqs_396.cif	0.51
model_3qqs_404.cif	3.80
model_3qqs_435.cif	0.80
model_3qqs_447.cif	3.25
model_3qqs_449.cif	5.05
model_3qqs_465.cif	3.32
model_3qqs_473.cif	1.55
model_3qqs_485.cif	2.36
model_3qqs_497.cif	1.02
model_3qqs_498.cif	3.83
model_3qqs_500.cif	5.33
model_3qqs_505.cif	5.54
model_3qqs_511.cif	1.32
model_3qqs_533.cif	5.27
model_3qqs_534.cif	2.42
model_3qqs_538.cif	3.81
model_3qqs_542.cif	6.17
model_3qqs_545.cif	5.05
model_3qqs_546.cif	2.12
model_3qqs_555.cif	1.19
model_3qqs_574.cif	2.76
model_3qqs_585.cif	3.34
model_3qqs_608.cif	5.13
model_3qqs_612.cif	1.35
model_3qqs_625.cif	3.96
model_3qqs_629.cif	3.90
model_3qqs_632.cif	1.44
model_3qqs_635.cif	1.76
model_3qqs_636.cif	4.77
model_3qqs_638.cif	6.30
model_3qqs_639.cif	2.29
model_3qqs_641.cif	5.50
model_3qqs_646.cif	5.16
model_3qqs_648.cif	5.19
model_3qqs_653.cif	4.98
model_3qqs_654.cif	2.17
model_3qqs_657.cif	4.23
model_3qqs_660.cif	4.75
model_3qqs_670.cif	1.85
model_3qqs_679.cif	4.19
model_3qqs_682.cif	4.96
model_3qqs_695.cif	2.17
model_3qqs_696.cif	4.89
model_3qqs_700.cif	5.47
model_3qqs_715.cif	0.76
model_3qqs_72.cif	4.95
model_3qqs_732.cif	2.70
model_3qqs_739.cif	2.72
model_3qqs_751.cif	4.90
model_3qqs_806.cif	1.81
model_3qqs_86.cif	0.60
model_3qqs_ligand.cif	0.00
model_3r88_131.cif	0.48
model_3r88_201.cif	9.52
model_3r88_213.cif	0.59
model_3r88_220.cif	9.31
model_3r88_229.cif	7.83
model_3r88_234.cif	9.51
model_3r88_241.cif	9.26
model_3r88_254.cif	1.02
model_3r88_255.cif	0.58
model_3r88_263.cif	4.84
model_3r88_270.cif	9.10
model_3r88_278.cif	9.24
model_3r88_279.cif	8.03
model_3r88_291.cif	0.76
model_3r88_300.cif	9.15
model_3r88_371.cif	0.57
model_3r88_377.cif	1.00
model_3r88_405.cif	4.93
model_3r88_434.cif	2.65
model_3r88_439.cif	2.35
model_3r88_440.cif	2.52
model_3r88_452.cif	6.06
model_3r88_454.cif	5.07
model_3r88_463.cif	4.55
model_3r88_468.cif	5.08
model_3r88_470.cif	5.12
model_3r88_471.cif	5.60
model_3r88_495.cif	2.84
model_3r88_500.cif	4.78
model_3r88_507.cif	3.29
model_3r88_510.cif	2.58
model_3r88_513.cif	1.14
model_3r88_517.cif	7.69
model_3r88_524.cif	4.66
model_3r88_527.cif	6.08
model_3r88_533.cif	0.98
model_3r88_537.cif	1.30
model_3r88_545.cif	7.55
model_3r88_551.cif	1.42
model_3r88_553.cif	0.83
model_3r88_555.cif	7.21
model_3r88_561.cif	4.52
model_3r88_566.cif	2.33
model_3r88_571.cif	3.94
model_3r88_577.cif	2.38
model_3r88_582.cif	5.57
model_3r88_589.cif	1.92
model_3r88_591.cif	2.44
model_3r88_594.cif	5.23
model_3r88_596.cif	4.09
model_3r88_599.cif	3.95
model_3r88_613.cif	1.70
model_3r88_617.cif	2.92
model_3r88_628.cif	4.18
model_3r88_632.cif	1.17
model_3r88_634.cif	5.83
model_3r88_638.cif	1.26
model_3r88_656.cif	3.98
model_3r88_657.cif	6.87
model_3r88_672.cif	3.76
model_3r88_695.cif	1.55
model_3r88_696.cif	3.99
model_3r88_699.cif	6.88
model_3r88_713.cif	7.94
model_3r88_718.cif	6.66
model_3r88_725.cif	7.41
model_3r88_736.cif	4.58
model_3r88_741.cif	6.01
model_3r88_753.cif	7.07
model_3r88_763.cif	3.80
model_3r88_769.cif	7.22
model_3r88_773.cif	6.39
model_3r88_780.cif	5.53
model_3r88_784.cif	7.11
model_3r88_787.cif	6.61
model_3r88_792.cif	4.02
model_3r88_795.cif	6.43
model_3r88_798.cif	3.33
model_3r88_799.cif	5.40
model_3r88_802.cif	0.93
model_3r88_833.cif	3.38
model_3r88_861.cif	1.37
model_3r88_880.cif	6.97
model_3r88_883.cif	7.43
model_3r88_924.cif	0.89
model_3r88_931.cif	2.07
model_3r88_986.cif	8.03
model_3r88_994.cif	3.17
model_3r88_995.cif	5.62
model_3r88_ligand.cif	0.00
model_3rlr_100.cif	2.91
model_3rlr_112.cif	0.67
model_3rlr_12.cif	0.93
model_3rlr_148.cif	4.38
model_3rlr_167.cif	0.49
model_3rlr_192.cif	0.43
model_3rlr_197.cif	0.43
model_3rlr_281.cif	1.05
model_3rlr_335.cif	3.29
model_3rlr_341.cif	0.42
model_3rlr_347.cif	0.42
model_3rlr_365.cif	0.54
model_3rlr_397.cif	1.07
model_3rlr_398.cif	0.42
model_3rlr_410.cif	3.33
model_3rlr_415.cif	1.36
model_3rlr_418.cif	4.90
model_3rlr_423.cif	1.00
model_3rlr_428.cif	3.65
model_3rlr_432.cif	5.17
model_3rlr_439.cif	2.42
model_3rlr_440.cif	1.85
model_3rlr_444.cif	2.12
model_3rlr_456.cif	4.52
model_3rlr_457.cif	3.88
model_3rlr_47.cif	2.68
model_3rlr_477.cif	3.05
model_3rlr_480.cif	4.86
model_3rlr_482.cif	4.57
model_3rlr_483.cif	2.93
model_3rlr_488.cif	4.70
model_3rlr_490.cif	1.14
model_3rlr_498.cif	2.89
model_3rlr_506.cif	1.70
model_3rlr_524.cif	1.24
model_3rlr_537.cif	2.22
model_3rlr_539.cif	4.35
model_3rlr_557.cif	3.05
model_3rlr_560.cif	5.07
model_3rlr_583.cif	4.55
model_3rlr_586.cif	3.73
model_3rlr_591.cif	3.00
model_3rlr_595.cif	7.01
model_3rlr_596.cif	3.33
model_3rlr_598.cif	5.03
model_3rlr_6.cif	4.60
model_3rlr_617.cif	1.65
model_3rlr_628.cif	8.12
model_3rlr_632.cif	6.21
model_3rlr_633.cif	3.39
model_3rlr_634.cif	5.22
model_3rlr_638.cif	5.39
model_3rlr_640.cif	6.90
model_3rlr_642.cif	2.44
model_3rlr_650.cif	6.42
model_3rlr_653.cif	2.96
model_3rlr_655.cif	5.06
model_3rlr_658.cif	3.60
model_3rlr_660.cif	6.01
model_3rlr_663.cif	4.93
model_3rlr_667.cif	1.46
model_3rlr_675.cif	7.42
model_3rlr_68.cif	5.85
model_3rlr_682.cif	5.06
model_3rlr_685.cif	6.32
model_3rlr_686.cif	7.34
model_3rlr_762.cif	8.13
model_3rlr_772.cif	5.09
model_3rlr_778.cif	5.81
model_3rlr_780.cif	6.43
model_3rlr_904.cif	2.00
model_3rlr_ligand.cif	0.00
model_3rr4_13.cif	1.04
model_3rr4_2.cif	2.10
model_3rr4_315.cif	1.98
model_3rr4_369.cif	0.22
model_3rr4_401.cif	0.81
model_3rr4_418.cif	3.93
model_3rr4_426.cif	4.44
model_3rr4_431.cif	4.15
model_3rr4_436.cif	2.55
model_3rr4_437.cif	1.07
model_3rr4_449.cif	3.39
model_3rr4_454.cif	4.61
model_3rr4_458.cif	3.13
model_3rr4_466.cif	5.15
model_3rr4_476.cif	4.86
model_3rr4_479.cif	0.91
model_3rr4_492.cif	2.45
model_3rr4_500.cif	1.38
model_3rr4_523.cif	1.42
model_3rr4_529.cif	0.89
model_3rr4_575.cif	0.99
model_3rr4_578.cif	5.22
model_3rr4_582.cif	2.58
model_3rr4_591.cif	2.52
model_3rr4_592.cif	5.89
model_3rr4_596.cif	4.29
model_3rr4_62.cif	0.95
model_3rr4_641.cif	4.02
model_3rr4_648.cif	2.61
model_3rr4_663.cif	3.81
model_3rr4_664.cif	3.68
model_3rr4_669.cif	1.66
model_3rr4_680.cif	1.58
model_3rr4_694.cif	2.74
model_3rr4_701.cif	0.44
model_3rr4_703.cif	0.87
model_3rr4_708.cif	3.29
model_3rr4_715.cif	9.67
model_3rr4_716.cif	5.76
model_3rr4_718.cif	6.74
model_3rr4_722.cif	9.17
model_3rr4_724.cif	9.47
model_3rr4_729.cif	8.49
model_3rr4_73.cif	1.12
model_3rr4_730.cif	3.69
model_3rr4_731.cif	4.76
model_3rr4_735.cif	5.53
model_3rr4_739.cif	7.13
model_3rr4_746.cif	8.57
model_3rr4_747.cif	7.11
model_3rr4_749.cif	6.93
model_3rr4_752.cif	9.15
model_3rr4_758.cif	8.89
model_3rr4_760.cif	7.43
model_3rr4_761.cif	9.00
model_3rr4_763.cif	8.75
model_3rr4_764.cif	9.20
model_3rr4_765.cif	8.85
model_3rr4_766.cif	6.60
model_3rr4_767.cif	8.41
model_3rr4_768.cif	4.88
model_3rr4_769.cif	7.80
model_3rr4_771.cif	3.68
model_3rr4_773.cif	7.68
model_3rr4_774.cif	6.51
model_3rr4_784.cif	2.44
model_3rr4_786.cif	1.22
model_3rr4_790.cif	2.73
model_3rr4_791.cif	6.69
model_3rr4_795.cif	5.77
model_3rr4_806.cif	4.11
model_3rr4_814.cif	7.90
model_3rr4_831.cif	9.43
model_3rr4_837.cif	8.97
model_3rr4_839.cif	8.17
model_3rr4_849.cif	7.23
model_3rr4_85.cif	0.27
model_3rr4_851.cif	7.03
model_3rr4_853.cif	6.86
model_3rr4_863.cif	7.66
model_3rr4_869.cif	7.16
model_3rr4_875.cif	9.66
model_3rr4_884.cif	4.84
model_3rr4_89.cif	0.54
model_3rr4_891.cif	8.37
model_3rr4_898.cif	2.99
model_3rr4_913.cif	3.22
model_3rr4_922.cif	6.23
model_3rr4_938.cif	6.46
model_3rr4_949.cif	5.50
model_3rr4_95.cif	1.16
model_3rr4_950.cif	6.06
model_3rr4_955.cif	6.28
model_3rr4_964.cif	5.11
model_3rr4_972.cif	5.61
model_3rr4_975.cif	5.44
model_3rr4_99.cif	3.44
model_3rr4_ligand.cif	0.00
model_3rsx_121.cif	3.24
model_3rsx_131.cif	0.41
model_3rsx_132.cif	4.75
model_3rsx_172.cif	3.36
model_3rsx_173.cif	2.94
model_3rsx_218.cif	5.75
model_3rsx_230.cif	2.33
model_3rsx_243.cif	0.55
model_3rsx_249.cif	0.76
model_3rsx_266.cif	0.77
model_3rsx_375.cif	0.91
model_3rsx_388.cif	0.91
model_3rsx_408.cif	5.59
model_3rsx_423.cif	1.53
model_3rsx_434.cif	1.98
model_3rsx_450.cif	4.30
model_3rsx_464.cif	2.25
model_3rsx_470.cif	1.61
model_3rsx_474.cif	2.34
model_3rsx_487.cif	1.58
model_3rsx_494.cif	4.50
model_3rsx_497.cif	2.01
model_3rsx_505.cif	1.56
model_3rsx_506.cif	1.54
model_3rsx_515.cif	0.79
model_3rsx_518.cif	3.35
model_3rsx_528.cif	0.99
model_3rsx_534.cif	4.80
model_3rsx_535.cif	3.96
model_3rsx_537.cif	6.15
model_3rsx_549.cif	5.16
model_3rsx_553.cif	2.16
model_3rsx_554.cif	1.21
model_3rsx_556.cif	2.86
model_3rsx_569.cif	5.37
model_3rsx_574.cif	4.70
model_3rsx_579.cif	6.02
model_3rsx_586.cif	3.57
model_3rsx_589.cif	5.98
model_3rsx_590.cif	6.35
model_3rsx_591.cif	3.19
model_3rsx_593.cif	4.09
model_3rsx_594.cif	1.75
model_3rsx_596.cif	3.44
model_3rsx_604.cif	3.20
model_3rsx_605.cif	2.07
model_3rsx_607.cif	2.13
model_3rsx_621.cif	5.10
model_3rsx_629.cif	5.63
model_3rsx_630.cif	0.92
model_3rsx_651.cif	1.74
model_3rsx_677.cif	1.29
model_3rsx_684.cif	0.88
model_3rsx_689.cif	2.48
model_3rsx_697.cif	5.52
model_3rsx_708.cif	5.63
model_3rsx_740.cif	6.54
model_3rsx_742.cif	3.64
model_3rsx_744.cif	7.26
model_3rsx_750.cif	4.13
model_3rsx_754.cif	6.07
model_3rsx_756.cif	7.80
model_3rsx_761.cif	4.54
model_3rsx_762.cif	6.90
model_3rsx_772.cif	4.42
model_3rsx_773.cif	6.81
model_3rsx_774.cif	6.22
model_3rsx_778.cif	3.16
model_3rsx_797.cif	7.35
model_3rsx_828.cif	6.02
model_3rsx_868.cif	5.70
model_3rsx_912.cif	7.36
model_3rsx_918.cif	7.28
model_3rsx_934.cif	6.27
model_3rsx_936.cif	4.76
model_3rsx_ligand.cif	0.00
model_3ryj_125.cif	2.06
model_3ryj_154.cif	1.76
model_3ryj_157.cif	2.46
model_3ryj_221.cif	3.44
model_3ryj_229.cif	0.40
model_3ryj_245.cif	2.96
model_3ryj_272.cif	3.15
model_3ryj_281.cif	3.29
model_3ryj_296.cif	0.52
model_3ryj_332.cif	0.94
model_3ryj_344.cif	3.20
model_3ryj_358.cif	0.90
model_3ryj_387.cif	0.81
model_3ryj_395.cif	0.74
model_3ryj_397.cif	0.54
model_3ryj_407.cif	3.50
model_3ryj_422.cif	2.66
model_3ryj_441.cif	3.12
model_3ryj_449.cif	4.03
model_3ryj_453.cif	3.51
model_3ryj_468.cif	0.99
model_3ryj_470.cif	1.82
model_3ryj_471.cif	3.61
model_3ryj_477.cif	1.08
model_3ryj_483.cif	1.84
model_3ryj_536.cif	1.66
model_3ryj_538.cif	1.64
model_3ryj_540.cif	1.56
model_3ryj_545.cif	2.16
model_3ryj_548.cif	4.18
model_3ryj_579.cif	4.12
model_3ryj_588.cif	2.02
model_3ryj_589.cif	3.80
model_3ryj_594.cif	1.95
model_3ryj_600.cif	4.22
model_3ryj_611.cif	1.65
model_3ryj_622.cif	2.07
model_3ryj_634.cif	4.15
model_3ryj_647.cif	2.16
model_3ryj_662.cif	3.28
model_3ryj_681.cif	4.24
model_3ryj_707.cif	4.11
model_3ryj_750.cif	2.99
model_3ryj_767.cif	2.69
model_3ryj_778.cif	4.18
model_3ryj_796.cif	6.30
model_3ryj_798.cif	6.66
model_3ryj_826.cif	0.83
model_3ryj_840.cif	0.97
model_3ryj_848.cif	1.74
model_3ryj_863.cif	4.07
model_3ryj_887.cif	4.21
model_3ryj_ligand.cif	0.00
model_3syr_105.cif	0.64
model_3syr_225.cif	1.30
model_3syr_251.cif	1.68
model_3syr_330.cif	1.39
model_3syr_408.cif	0.85
model_3syr_412.cif	0.97
model_3syr_413.cif	0.95
model_3syr_416.cif	1.50
model_3syr_448.cif	0.87
model_3syr_452.cif	1.38
model_3syr_46.cif	0.71
model_3syr_462.cif	1.56
model_3syr_47.cif	0.36
model_3syr_477.cif	1.35
model_3syr_484.cif	2.38
model_3syr_499.cif	2.53
model_3syr_500.cif	1.96
model_3syr_523.cif	3.04
model_3syr_533.cif	2.06
model_3syr_539.cif	3.92
model_3syr_545.cif	2.07
model_3syr_550.cif	6.05
model_3syr_552.cif	6.15
model_3syr_557.cif	5.54
model_3syr_563.cif	5.64
model_3syr_564.cif	2.03
model_3syr_577.cif	7.54
model_3syr_582.cif	6.43
model_3syr_593.cif	5.45
model_3syr_594.cif	3.47
model_3syr_596.cif	5.80
model_3syr_599.cif	6.60
model_3syr_600.cif	6.02
model_3syr_609.cif	2.80
model_3syr_614.cif	7.57
model_3syr_617.cif	2.31
model_3syr_618.cif	2.07
model_3syr_621.cif	2.77
model_3syr_622.cif	3.23
model_3syr_627.cif	4.14
model_3syr_629.cif	1.74
model_3syr_631.cif	3.25
model_3syr_633.cif	7.02
model_3syr_636.cif	2.16
model_3syr_647.cif	3.24
model_3syr_648.cif	3.99
model_3syr_658.cif	3.70
model_3syr_659.cif	6.68
model_3syr_679.cif	8.12
model_3syr_692.cif	5.81
model_3syr_695.cif	4.80
model_3syr_697.cif	4.37
model_3syr_699.cif	4.19
model_3syr_746.cif	3.30
model_3syr_748.cif	3.19
model_3syr_752.cif	5.13
model_3syr_759.cif	5.30
model_3syr_762.cif	5.19
model_3syr_772.cif	5.23
model_3syr_823.cif	1.53
model_3syr_862.cif	0.78
model_3syr_88.cif	5.48
model_3syr_93.cif	0.49
model_3syr_969.cif	0.82
model_3syr_ligand.cif	0.00
model_3tsk_134.cif	4.10
model_3tsk_176.cif	2.87
model_3tsk_259.cif	4.80
model_3tsk_263.cif	3.98
model_3tsk_273.cif	5.12
model_3tsk_285.cif	5.28
model_3tsk_29.cif	8.42
model_3tsk_294.cif	5.02
model_3tsk_31.cif	7.01
model_3tsk_337.cif	4.22
model_3tsk_344.cif	2.04
model_3tsk_358.cif	1.75
model_3tsk_380.cif	6.35
model_3tsk_381.cif	2.08
model_3tsk_382.cif	4.18
model_3tsk_40.cif	9.96
model_3tsk_400.cif	5.76
model_3tsk_402.cif	6.38
model_3tsk_405.cif	2.72
model_3tsk_422.cif	2.77
model_3tsk_423.cif	3.84
model_3tsk_426.cif	3.70
model_3tsk_430.cif	5.14
model_3tsk_433.cif	2.93
model_3tsk_441.cif	4.50
model_3tsk_443.cif	4.36
model_3tsk_444.cif	3.47
model_3tsk_455.cif	3.52
model_3tsk_456.cif	8.58
model_3tsk_458.cif	2.69
model_3tsk_460.cif	5.07
model_3tsk_461.cif	9.36
model_3tsk_464.cif	3.49
model_3tsk_465.cif	7.57
model_3tsk_468.cif	2.83
model_3tsk_475.cif	8.10
model_3tsk_479.cif	3.36
model_3tsk_487.cif	5.40
model_3tsk_491.cif	6.25
model_3tsk_495.cif	9.31
model_3tsk_499.cif	6.60
model_3tsk_500.cif	2.95
model_3tsk_509.cif	6.29
model_3tsk_512.cif	6.19
model_3tsk_522.cif	9.01
model_3tsk_527.cif	6.98
model_3tsk_532.cif	3.25
model_3tsk_541.cif	5.04
model_3tsk_547.cif	9.04
model_3tsk_552.cif	9.32
model_3tsk_557.cif	7.99
model_3tsk_561.cif	6.87
model_3tsk_576.cif	5.08
model_3tsk_580.cif	7.59
model_3tsk_589.cif	8.94
model_3tsk_594.cif	4.59
model_3tsk_596.cif	7.92
model_3tsk_598.cif	4.54
model_3tsk_646.cif	7.98
model_3tsk_655.cif	9.33
model_3tsk_656.cif	8.90
model_3tsk_668.cif	8.44
model_3tsk_669.cif	7.26
model_3tsk_674.cif	7.75
model_3tsk_679.cif	5.31
model_3tsk_696.cif	7.51
model_3tsk_700.cif	9.29
model_3tsk_702.cif	8.29
model_3tsk_713.cif	3.96
model_3tsk_721.cif	7.66
model_3tsk_733.cif	9.42
model_3tsk_767.cif	4.75
model_3tsk_78.cif	8.37
model_3tsk_784.cif	9.00
model_3tsk_803.cif	8.61
model_3tsk_847.cif	9.05
model_3tsk_870.cif	4.36
model_3tsk_93.cif	6.68
model_3tsk_979.cif	6.97
model_3tsk_980.cif	3.45
model_3tsk_ligand.cif	0.00
model_3twp_105.cif	7.54
model_3twp_108.cif	7.31
model_3twp_121.cif	7.16
model_3twp_126.cif	7.16
model_3twp_14.cif	5.70
model_3twp_147.cif	7.56
model_3twp_152.cif	7.22
model_3twp_157.cif	7.39
model_3twp_160.cif	7.26
model_3twp_18.cif	6.03
model_3twp_198.cif	2.60
model_3twp_22.cif	4.38
model_3twp_226.cif	3.09
model_3twp_321.cif	2.56
model_3twp_362.cif	2.42
model_3twp_381.cif	2.79
model_3twp_413.cif	6.50
model_3twp_419.cif	4.87
model_3twp_422.cif	2.30
model_3twp_440.cif	5.48
model_3twp_445.cif	6.12
model_3twp_454.cif	6.17
model_3twp_467.cif	1.80
model_3twp_481.cif	4.77
model_3twp_487.cif	6.50
model_3twp_490.cif	1.48
model_3twp_497.cif	1.89
model_3twp_501.cif	0.98
model_3twp_510.cif	0.46
model_3twp_511.cif	1.05
model_3twp_532.cif	2.82
model_3twp_533.cif	3.93
model_3twp_536.cif	1.85
model_3twp_540.cif	5.28
model_3twp_547.cif	3.53
model_3twp_560.cif	3.17
model_3twp_567.cif	3.13
model_3twp_569.cif	3.87
model_3twp_57.cif	5.43
model_3twp_574.cif	2.22
model_3twp_575.cif	1.72
model_3twp_576.cif	4.77
model_3twp_578.cif	4.05
model_3twp_596.cif	6.30
model_3twp_599.cif	3.57
model_3twp_600.cif	5.11
model_3twp_605.cif	5.23
model_3twp_608.cif	1.94
model_3twp_613.cif	0.89
model_3twp_619.cif	6.52
model_3twp_627.cif	2.64
model_3twp_633.cif	5.52
model_3twp_643.cif	1.96
model_3twp_645.cif	1.97
model_3twp_646.cif	4.39
model_3twp_665.cif	6.62
model_3twp_676.cif	2.71
model_3twp_686.cif	1.71
model_3twp_692.cif	3.17
model_3twp_741.cif	4.82
model_3twp_742.cif	7.28
model_3twp_745.cif	3.90
model_3twp_749.cif	5.33
model_3twp_754.cif	4.01
model_3twp_763.cif	6.38
model_3twp_769.cif	5.93
model_3twp_778.cif	7.48
model_3twp_779.cif	5.41
model_3twp_785.cif	4.46
model_3twp_8.cif	4.78
model_3twp_827.cif	6.01
model_3twp_912.cif	2.83
model_3twp_92.cif	3.72
model_3twp_ligand.cif	0.00
model_3u5j_124.cif	4.55
model_3u5j_143.cif	1.03
model_3u5j_147.cif	2.44
model_3u5j_174.cif	1.01
model_3u5j_195.cif	1.88
model_3u5j_20.cif	1.44
model_3u5j_203.cif	2.49
model_3u5j_213.cif	0.70
model_3u5j_233.cif	0.56
model_3u5j_24.cif	1.02
model_3u5j_251.cif	0.79
model_3u5j_257.cif	0.63
model_3u5j_268.cif	5.14
model_3u5j_290.cif	5.34
model_3u5j_294.cif	0.65
model_3u5j_419.cif	6.06
model_3u5j_421.cif	3.64
model_3u5j_434.cif	5.57
model_3u5j_439.cif	6.18
model_3u5j_458.cif	5.22
model_3u5j_47.cif	0.72
model_3u5j_475.cif	1.57
model_3u5j_481.cif	2.38
model_3u5j_482.cif	3.94
model_3u5j_491.cif	4.95
model_3u5j_493.cif	6.05
model_3u5j_497.cif	3.90
model_3u5j_498.cif	3.76
model_3u5j_505.cif	0.73
model_3u5j_526.cif	3.06
model_3u5j_536.cif	6.02
model_3u5j_54.cif	0.63
model_3u5j_557.cif	2.50
model_3u5j_561.cif	4.68
model_3u5j_563.cif	3.98
model_3u5j_566.cif	4.39
model_3u5j_574.cif	4.67
model_3u5j_576.cif	2.60
model_3u5j_578.cif	4.85
model_3u5j_580.cif	6.89
model_3u5j_584.cif	7.81
model_3u5j_589.cif	3.25
model_3u5j_591.cif	2.81
model_3u5j_593.cif	3.84
model_3u5j_603.cif	4.20
model_3u5j_62.cif	0.57
model_3u5j_620.cif	1.34
model_3u5j_639.cif	1.08
model_3u5j_65.cif	0.41
model_3u5j_690.cif	3.12
model_3u5j_710.cif	1.99
model_3u5j_723.cif	4.27
model_3u5j_728.cif	6.06
model_3u5j_731.cif	4.53
model_3u5j_733.cif	6.23
model_3u5j_736.cif	5.82
model_3u5j_746.cif	5.67
model_3u5j_756.cif	5.86
model_3u5j_757.cif	6.49
model_3u5j_759.cif	5.78
model_3u5j_764.cif	6.49
model_3u5j_773.cif	6.08
model_3u5j_803.cif	1.53
model_3u5j_830.cif	2.89
model_3u5j_845.cif	4.00
model_3u5j_858.cif	4.37
model_3u5j_894.cif	2.39
model_3u5j_928.cif	2.93
model_3u5j_968.cif	5.51
model_3u5j_972.cif	5.86
model_3u5j_974.cif	2.30
model_3u5j_ligand.cif	0.00
model_3u8k_110.cif	2.97
model_3u8k_147.cif	0.45
model_3u8k_224.cif	0.66
model_3u8k_362.cif	0.52
model_3u8k_408.cif	1.08
model_3u8k_412.cif	2.67
model_3u8k_420.cif	1.02
model_3u8k_422.cif	0.83
model_3u8k_424.cif	1.18
model_3u8k_426.cif	2.85
model_3u8k_444.cif	4.19
model_3u8k_448.cif	0.91
model_3u8k_456.cif	1.73
model_3u8k_463.cif	4.10
model_3u8k_475.cif	3.02
model_3u8k_479.cif	0.77
model_3u8k_481.cif	3.03
model_3u8k_494.cif	3.05
model_3u8k_499.cif	3.04
model_3u8k_512.cif	1.94
model_3u8k_524.cif	6.37
model_3u8k_529.cif	5.30
model_3u8k_532.cif	6.53
model_3u8k_537.cif	1.66
model_3u8k_544.cif	5.27
model_3u8k_549.cif	6.34
model_3u8k_550.cif	4.78
model_3u8k_551.cif	1.96
model_3u8k_556.cif	4.94
model_3u8k_557.cif	5.05
model_3u8k_561.cif	6.53
model_3u8k_563.cif	2.35
model_3u8k_564.cif	4.38
model_3u8k_568.cif	5.17
model_3u8k_569.cif	2.53
model_3u8k_573.cif	5.72
model_3u8k_575.cif	6.17
model_3u8k_579.cif	5.64
model_3u8k_584.cif	4.59
model_3u8k_587.cif	3.45
model_3u8k_588.cif	5.19
model_3u8k_589.cif	2.12
model_3u8k_593.cif	5.38
model_3u8k_594.cif	2.23
model_3u8k_607.cif	1.81
model_3u8k_612.cif	0.97
model_3u8k_619.cif	3.77
model_3u8k_631.cif	5.92
model_3u8k_650.cif	3.82
model_3u8k_680.cif	4.22
model_3u8k_682.cif	1.03
model_3u8k_683.cif	3.43
model_3u8k_689.cif	6.29
model_3u8k_717.cif	0.60
model_3u8k_723.cif	0.80
model_3u8k_748.cif	6.11
model_3u8k_756.cif	6.66
model_3u8k_765.cif	6.84
model_3u8k_771.cif	3.79
model_3u8k_773.cif	7.54
model_3u8k_775.cif	4.06
model_3u8k_776.cif	1.70
model_3u8k_777.cif	6.00
model_3u8k_780.cif	7.80
model_3u8k_782.cif	4.49
model_3u8k_784.cif	3.56
model_3u8k_787.cif	6.56
model_3u8k_796.cif	2.10
model_3u8k_797.cif	2.25
model_3u8k_799.cif	2.82
model_3u8k_800.cif	4.10
model_3u8k_830.cif	0.52
model_3u8k_ligand.cif	0.00
model_3u8n_441.cif	1.02
model_3u8n_443.cif	3.05
model_3u8n_464.cif	2.12
model_3u8n_468.cif	0.94
model_3u8n_471.cif	4.34
model_3u8n_477.cif	2.01
model_3u8n_482.cif	3.23
model_3u8n_498.cif	2.99
model_3u8n_509.cif	0.93
model_3u8n_516.cif	0.86
model_3u8n_529.cif	5.43
model_3u8n_531.cif	1.17
model_3u8n_542.cif	3.32
model_3u8n_557.cif	5.04
model_3u8n_576.cif	5.57
model_3u8n_581.cif	0.78
model_3u8n_622.cif	3.55
model_3u8n_648.cif	1.27
model_3u8n_662.cif	3.08
model_3u8n_675.cif	3.01
model_3u8n_691.cif	4.24
model_3u8n_693.cif	1.32
model_3u8n_704.cif	3.20
model_3u8n_713.cif	0.72
model_3u8n_718.cif	3.23
model_3u8n_724.cif	4.94
model_3u8n_733.cif	5.07
model_3u8n_735.cif	5.62
model_3u8n_763.cif	4.30
model_3u8n_764.cif	4.95
model_3u8n_773.cif	4.73
model_3u8n_774.cif	5.59
model_3u8n_778.cif	2.76
model_3u8n_779.cif	5.36
model_3u8n_780.cif	4.78
model_3u8n_784.cif	4.62
model_3u8n_785.cif	2.58
model_3u8n_787.cif	1.86
model_3u8n_788.cif	4.96
model_3u8n_789.cif	5.07
model_3u8n_790.cif	3.84
model_3u8n_791.cif	6.30
model_3u8n_792.cif	2.73
model_3u8n_794.cif	4.60
model_3u8n_798.cif	5.25
model_3u8n_816.cif	0.42
model_3u8n_822.cif	0.75
model_3u8n_850.cif	1.25
model_3u8n_869.cif	2.66
model_3u8n_874.cif	2.85
model_3u8n_893.cif	5.28
model_3u8n_894.cif	1.23
model_3u8n_915.cif	0.86
model_3u8n_928.cif	0.84
model_3u8n_929.cif	1.03
model_3u8n_963.cif	0.88
model_3u8n_971.cif	3.33
model_3u8n_974.cif	2.52
model_3u8n_981.cif	1.32
model_3u8n_991.cif	1.97
model_3u8n_998.cif	2.12
model_3u8n_ligand.cif	0.00
model_3u9q_133.cif	0.93
model_3u9q_158.cif	0.70
model_3u9q_22.cif	5.57
model_3u9q_234.cif	0.97
model_3u9q_238.cif	0.91
model_3u9q_252.cif	1.27
model_3u9q_268.cif	0.57
model_3u9q_273.cif	1.25
model_3u9q_278.cif	0.78
model_3u9q_282.cif	0.91
model_3u9q_286.cif	1.34
model_3u9q_291.cif	0.89
model_3u9q_355.cif	5.57
model_3u9q_363.cif	4.04
model_3u9q_386.cif	1.39
model_3u9q_407.cif	2.02
model_3u9q_416.cif	0.88
model_3u9q_421.cif	1.32
model_3u9q_426.cif	1.27
model_3u9q_451.cif	1.14
model_3u9q_458.cif	6.12
model_3u9q_476.cif	6.16
model_3u9q_477.cif	6.38
model_3u9q_480.cif	4.98
model_3u9q_509.cif	3.88
model_3u9q_53.cif	5.70
model_3u9q_539.cif	2.60
model_3u9q_540.cif	3.01
model_3u9q_546.cif	5.09
model_3u9q_559.cif	2.03
model_3u9q_562.cif	4.81
model_3u9q_576.cif	3.91
model_3u9q_602.cif	4.73
model_3u9q_606.cif	4.88
model_3u9q_619.cif	3.60
model_3u9q_621.cif	1.91
model_3u9q_623.cif	4.13
model_3u9q_629.cif	4.51
model_3u9q_630.cif	3.09
model_3u9q_633.cif	2.07
model_3u9q_639.cif	4.27
model_3u9q_640.cif	2.42
model_3u9q_645.cif	2.02
model_3u9q_656.cif	3.92
model_3u9q_658.cif	5.78
model_3u9q_663.cif	4.85
model_3u9q_669.cif	4.22
model_3u9q_680.cif	5.98
model_3u9q_682.cif	5.68
model_3u9q_696.cif	3.51
model_3u9q_750.cif	6.07
model_3u9q_753.cif	2.90
model_3u9q_756.cif	5.46
model_3u9q_760.cif	6.23
model_3u9q_773.cif	6.01
model_3u9q_778.cif	6.09
model_3u9q_783.cif	6.10
model_3u9q_784.cif	3.67
model_3u9q_788.cif	6.14
model_3u9q_793.cif	5.05
model_3u9q_794.cif	5.73
model_3u9q_810.cif	1.55
model_3u9q_860.cif	2.35
model_3u9q_867.cif	1.93
model_3u9q_877.cif	6.01
model_3u9q_883.cif	2.85
model_3u9q_890.cif	4.00
model_3u9q_91.cif	0.91
model_3u9q_938.cif	3.51
model_3u9q_971.cif	2.48
model_3u9q_ligand.cif	0.00
model_3udh_118.cif	1.99
model_3udh_121.cif	0.51
model_3udh_130.cif	0.86
model_3udh_234.cif	0.42
model_3udh_30.cif	0.50
model_3udh_318.cif	6.60
model_3udh_347.cif	0.32
model_3udh_359.cif	0.14
model_3udh_392.cif	0.65
model_3udh_405.cif	3.83
model_3udh_411.cif	1.69
model_3udh_413.cif	1.54
model_3udh_418.cif	1.20
model_3udh_420.cif	0.96
model_3udh_444.cif	1.07
model_3udh_453.cif	1.21
model_3udh_459.cif	1.49
model_3udh_460.cif	3.35
model_3udh_462.cif	4.43
model_3udh_464.cif	4.24
model_3udh_477.cif	1.40
model_3udh_481.cif	2.73
model_3udh_491.cif	4.06
model_3udh_499.cif	4.20
model_3udh_50.cif	0.50
model_3udh_500.cif	2.05
model_3udh_519.cif	1.61
model_3udh_523.cif	2.02
model_3udh_527.cif	5.04
model_3udh_528.cif	3.50
model_3udh_543.cif	3.97
model_3udh_549.cif	2.73
model_3udh_566.cif	3.10
model_3udh_570.cif	3.75
model_3udh_579.cif	2.69
model_3udh_581.cif	4.04
model_3udh_588.cif	3.85
model_3udh_596.cif	2.72
model_3udh_634.cif	5.36
model_3udh_638.cif	3.18
model_3udh_651.cif	3.05
model_3udh_670.cif	1.91
model_3udh_672.cif	3.53
model_3udh_679.cif	2.28
model_3udh_685.cif	2.09
model_3udh_686.cif	4.84
model_3udh_694.cif	4.68
model_3udh_712.cif	6.32
model_3udh_72.cif	0.43
model_3udh_725.cif	7.02
model_3udh_735.cif	7.04
model_3udh_738.cif	6.31
model_3udh_743.cif	5.95
model_3udh_746.cif	7.32
model_3udh_752.cif	6.81
model_3udh_759.cif	7.09
model_3udh_768.cif	5.08
model_3udh_780.cif	5.73
model_3udh_783.cif	6.68
model_3udh_785.cif	6.07
model_3udh_797.cif	6.06
model_3udh_799.cif	5.15
model_3udh_800.cif	6.45
model_3udh_823.cif	2.72
model_3udh_825.cif	7.57
model_3udh_829.cif	7.25
model_3udh_832.cif	4.97
model_3udh_834.cif	7.52
model_3udh_835.cif	5.01
model_3udh_837.cif	4.91
model_3udh_843.cif	5.72
model_3udh_861.cif	5.31
model_3udh_885.cif	5.18
model_3udh_895.cif	7.17
model_3udh_899.cif	7.19
model_3udh_926.cif	6.27
model_3udh_930.cif	4.77
model_3udh_957.cif	2.50
model_3udh_997.cif	6.11
model_3udh_ligand.cif	0.00
model_3ueu_1000.cif	3.19
model_3ueu_120.cif	2.10
model_3ueu_147.cif	1.79
model_3ueu_173.cif	2.40
model_3ueu_202.cif	1.77
model_3ueu_213.cif	4.75
model_3ueu_22.cif	1.88
model_3ueu_224.cif	7.09
model_3ueu_230.cif	5.95
model_3ueu_235.cif	7.10
model_3ueu_24.cif	1.51
model_3ueu_241.cif	6.72
model_3ueu_244.cif	2.01
model_3ueu_247.cif	6.91
model_3ueu_268.cif	6.98
model_3ueu_271.cif	6.89
model_3ueu_280.cif	5.03
model_3ueu_286.cif	7.28
model_3ueu_287.cif	6.74
model_3ueu_291.cif	7.01
model_3ueu_31.cif	1.71
model_3ueu_315.cif	1.00
model_3ueu_328.cif	0.95
model_3ueu_36.cif	0.93
model_3ueu_37.cif	0.86
model_3ueu_392.cif	0.88
model_3ueu_425.cif	1.51
model_3ueu_434.cif	4.37
model_3ueu_435.cif	4.85
model_3ueu_437.cif	2.01
model_3ueu_438.cif	1.14
model_3ueu_441.cif	3.96
model_3ueu_447.cif	3.20
model_3ueu_450.cif	2.44
model_3ueu_451.cif	4.53
model_3ueu_454.cif	5.97
model_3ueu_463.cif	4.62
model_3ueu_465.cif	3.96
model_3ueu_487.cif	4.03
model_3ueu_489.cif	4.47
model_3ueu_490.cif	6.35
model_3ueu_497.cif	1.27
model_3ueu_514.cif	5.91
model_3ueu_52.cif	0.87
model_3ueu_527.cif	2.48
model_3ueu_535.cif	5.96
model_3ueu_549.cif	2.16
model_3ueu_550.cif	3.53
model_3ueu_551.cif	5.88
model_3ueu_564.cif	3.18
model_3ueu_565.cif	2.46
model_3ueu_570.cif	6.07
model_3ueu_574.cif	2.21
model_3ueu_577.cif	7.93
model_3ueu_578.cif	6.20
model_3ueu_58.cif	1.17
model_3ueu_587.cif	4.94
model_3ueu_592.cif	6.49
model_3ueu_604.cif	4.60
model_3ueu_619.cif	3.80
model_3ueu_620.cif	7.27
model_3ueu_621.cif	7.52
model_3ueu_652.cif	5.02
model_3ueu_655.cif	5.33
model_3ueu_666.cif	2.92
model_3ueu_667.cif	5.96
model_3ueu_67.cif	0.95
model_3ueu_670.cif	5.54
model_3ueu_678.cif	3.96
model_3ueu_694.cif	7.12
model_3ueu_8.cif	1.17
model_3ueu_830.cif	3.37
model_3ueu_836.cif	7.07
model_3ueu_84.cif	0.92
model_3ueu_91.cif	0.93
model_3ueu_937.cif	6.65
model_3ueu_962.cif	4.15
model_3ueu_972.cif	7.44
model_3ueu_996.cif	3.02
model_3ueu_ligand.cif	0.00
model_3uev_117.cif	2.31
model_3uev_178.cif	1.73
model_3uev_194.cif	1.98
model_3uev_233.cif	6.98
model_3uev_236.cif	1.30
model_3uev_249.cif	2.63
model_3uev_266.cif	6.95
model_3uev_272.cif	6.90
model_3uev_277.cif	7.02
model_3uev_290.cif	1.47
model_3uev_36.cif	3.23
model_3uev_37.cif	3.13
model_3uev_420.cif	8.13
model_3uev_444.cif	3.27
model_3uev_451.cif	7.05
model_3uev_452.cif	6.57
model_3uev_455.cif	7.11
model_3uev_456.cif	3.72
model_3uev_464.cif	5.05
model_3uev_465.cif	4.09
model_3uev_467.cif	4.01
model_3uev_474.cif	7.22
model_3uev_475.cif	7.71
model_3uev_483.cif	4.10
model_3uev_488.cif	4.04
model_3uev_509.cif	6.24
model_3uev_544.cif	3.09
model_3uev_561.cif	4.10
model_3uev_566.cif	4.44
model_3uev_569.cif	4.02
model_3uev_573.cif	4.39
model_3uev_575.cif	6.63
model_3uev_580.cif	5.78
model_3uev_583.cif	7.98
model_3uev_585.cif	1.81
model_3uev_590.cif	6.49
model_3uev_591.cif	5.35
model_3uev_592.cif	4.47
model_3uev_598.cif	6.40
model_3uev_603.cif	1.94
model_3uev_611.cif	2.02
model_3uev_619.cif	3.06
model_3uev_62.cif	2.82
model_3uev_621.cif	1.84
model_3uev_645.cif	5.55
model_3uev_655.cif	4.50
model_3uev_659.cif	2.41
model_3uev_661.cif	2.71
model_3uev_666.cif	3.20
model_3uev_673.cif	5.98
model_3uev_675.cif	2.08
model_3uev_684.cif	6.20
model_3uev_695.cif	6.48
model_3uev_700.cif	1.00
model_3uev_72.cif	1.31
model_3uev_731.cif	7.14
model_3uev_749.cif	2.37
model_3uev_766.cif	3.83
model_3uev_778.cif	2.14
model_3uev_793.cif	7.19
model_3uev_794.cif	1.48
model_3uev_80.cif	3.16
model_3uev_800.cif	7.19
model_3uev_830.cif	2.53
model_3uev_937.cif	7.08
model_3uev_957.cif	1.54
model_3uev_975.cif	3.07
model_3uev_ligand.cif	0.00
model_3uew_161.cif	2.04
model_3uew_211.cif	7.99
model_3uew_224.cif	8.52
model_3uew_229.cif	9.01
model_3uew_243.cif	2.65
model_3uew_249.cif	7.62
model_3uew_255.cif	1.34
model_3uew_281.cif	8.20
model_3uew_282.cif	1.09
model_3uew_290.cif	1.64
model_3uew_352.cif	1.56
model_3uew_404.cif	2.97
model_3uew_409.cif	3.55
model_3uew_415.cif	7.09
model_3uew_423.cif	7.41
model_3uew_431.cif	4.63
model_3uew_433.cif	5.41
model_3uew_436.cif	1.84
model_3uew_439.cif	3.78
model_3uew_444.cif	5.52
model_3uew_446.cif	4.70
model_3uew_450.cif	5.47
model_3uew_451.cif	2.27
model_3uew_454.cif	4.02
model_3uew_456.cif	5.47
model_3uew_458.cif	9.15
model_3uew_467.cif	3.87
model_3uew_471.cif	3.08
model_3uew_474.cif	5.55
model_3uew_475.cif	4.36
model_3uew_477.cif	9.26
model_3uew_481.cif	5.16
model_3uew_482.cif	9.94
model_3uew_484.cif	8.51
model_3uew_487.cif	3.35
model_3uew_488.cif	4.78
model_3uew_489.cif	6.99
model_3uew_493.cif	7.77
model_3uew_495.cif	5.32
model_3uew_508.cif	5.17
model_3uew_515.cif	8.53
model_3uew_520.cif	6.15
model_3uew_533.cif	6.91
model_3uew_537.cif	4.04
model_3uew_545.cif	8.88
model_3uew_555.cif	6.78
model_3uew_558.cif	4.09
model_3uew_564.cif	5.73
model_3uew_566.cif	5.15
model_3uew_575.cif	6.71
model_3uew_582.cif	7.00
model_3uew_583.cif	7.18
model_3uew_587.cif	7.13
model_3uew_588.cif	6.83
model_3uew_595.cif	7.92
model_3uew_603.cif	2.27
model_3uew_612.cif	9.73
model_3uew_613.cif	1.76
model_3uew_624.cif	1.57
model_3uew_644.cif	8.06
model_3uew_649.cif	3.12
model_3uew_65.cif	1.64
model_3uew_663.cif	3.86
model_3uew_664.cif	7.97
model_3uew_666.cif	2.11
model_3uew_670.cif	7.26
model_3uew_672.cif	2.44
model_3uew_675.cif	8.98
model_3uew_681.cif	6.13
model_3uew_686.cif	4.86
model_3uew_697.cif	6.04
model_3uew_7.cif	3.57
model_3uew_700.cif	9.84
model_3uew_735.cif	4.10
model_3uew_740.cif	4.07
model_3uew_751.cif	3.13
model_3uew_757.cif	8.12
model_3uew_759.cif	1.49
model_3uew_780.cif	3.15
model_3uew_787.cif	8.27
model_3uew_790.cif	2.41
model_3uew_803.cif	2.06
model_3uew_844.cif	1.97
model_3uew_880.cif	2.55
model_3uew_919.cif	8.16
model_3uew_ligand.cif	0.00
model_3uex_1000.cif	4.08
model_3uex_102.cif	1.87
model_3uex_12.cif	0.96
model_3uex_187.cif	2.31
model_3uex_203.cif	6.83
model_3uex_212.cif	1.28
model_3uex_224.cif	1.69
model_3uex_227.cif	0.73
model_3uex_244.cif	7.33
model_3uex_247.cif	0.93
model_3uex_25.cif	3.55
model_3uex_254.cif	7.59
model_3uex_255.cif	4.27
model_3uex_267.cif	0.95
model_3uex_276.cif	0.64
model_3uex_292.cif	0.70
model_3uex_299.cif	1.52
model_3uex_401.cif	6.99
model_3uex_409.cif	3.35
model_3uex_411.cif	8.71
model_3uex_413.cif	3.65
model_3uex_419.cif	8.43
model_3uex_420.cif	5.88
model_3uex_424.cif	6.62
model_3uex_425.cif	5.43
model_3uex_444.cif	7.89
model_3uex_447.cif	8.54
model_3uex_452.cif	8.21
model_3uex_458.cif	6.49
model_3uex_476.cif	7.17
model_3uex_482.cif	8.06
model_3uex_483.cif	8.36
model_3uex_485.cif	4.18
model_3uex_491.cif	6.77
model_3uex_493.cif	4.28
model_3uex_498.cif	7.58
model_3uex_499.cif	8.18
model_3uex_508.cif	2.08
model_3uex_517.cif	7.12
model_3uex_521.cif	7.35
model_3uex_522.cif	7.50
model_3uex_542.cif	3.05
model_3uex_56.cif	0.94
model_3uex_562.cif	4.15
model_3uex_566.cif	3.41
model_3uex_576.cif	2.70
model_3uex_581.cif	3.72
model_3uex_585.cif	1.66
model_3uex_588.cif	6.75
model_3uex_627.cif	5.28
model_3uex_63.cif	0.96
model_3uex_630.cif	2.82
model_3uex_640.cif	4.72
model_3uex_648.cif	2.55
model_3uex_652.cif	6.95
model_3uex_657.cif	4.86
model_3uex_660.cif	2.67
model_3uex_667.cif	5.44
model_3uex_668.cif	6.63
model_3uex_678.cif	3.62
model_3uex_688.cif	4.03
model_3uex_690.cif	7.92
model_3uex_693.cif	2.38
model_3uex_696.cif	1.97
model_3uex_697.cif	6.76
model_3uex_733.cif	1.90
model_3uex_743.cif	4.16
model_3uex_748.cif	7.41
model_3uex_76.cif	1.00
model_3uex_764.cif	3.69
model_3uex_772.cif	3.04
model_3uex_775.cif	2.57
model_3uex_778.cif	6.94
model_3uex_782.cif	3.20
model_3uex_794.cif	2.69
model_3uex_815.cif	2.56
model_3uex_836.cif	1.98
model_3uex_859.cif	4.65
model_3uex_90.cif	1.27
model_3uex_94.cif	1.36
model_3uex_98.cif	0.99
model_3uex_ligand.cif	0.00
model_3ui7_133.cif	0.50
model_3ui7_138.cif	1.26
model_3ui7_151.cif	2.90
model_3ui7_16.cif	0.63
model_3ui7_208.cif	0.63
model_3ui7_227.cif	0.53
model_3ui7_240.cif	5.41
model_3ui7_282.cif	0.50
model_3ui7_287.cif	1.01
model_3ui7_333.cif	0.45
model_3ui7_335.cif	0.90
model_3ui7_408.cif	2.96
model_3ui7_424.cif	2.28
model_3ui7_445.cif	1.21
model_3ui7_459.cif	1.31
model_3ui7_47.cif	3.28
model_3ui7_471.cif	5.38
model_3ui7_494.cif	3.82
model_3ui7_533.cif	5.44
model_3ui7_545.cif	1.39
model_3ui7_552.cif	7.07
model_3ui7_562.cif	8.02
model_3ui7_565.cif	7.15
model_3ui7_577.cif	8.05
model_3ui7_578.cif	7.62
model_3ui7_586.cif	7.68
model_3ui7_606.cif	8.41
model_3ui7_625.cif	8.06
model_3ui7_630.cif	7.02
model_3ui7_635.cif	6.05
model_3ui7_638.cif	8.13
model_3ui7_648.cif	2.68
model_3ui7_651.cif	2.93
model_3ui7_655.cif	8.62
model_3ui7_659.cif	8.53
model_3ui7_664.cif	7.49
model_3ui7_673.cif	6.44
model_3ui7_675.cif	2.08
model_3ui7_683.cif	1.56
model_3ui7_690.cif	9.10
model_3ui7_696.cif	1.66
model_3ui7_697.cif	7.37
model_3ui7_703.cif	3.30
model_3ui7_714.cif	4.05
model_3ui7_718.cif	3.44
model_3ui7_719.cif	5.00
model_3ui7_721.cif	5.46
model_3ui7_730.cif	3.79
model_3ui7_732.cif	6.18
model_3ui7_735.cif	5.92
model_3ui7_753.cif	6.26
model_3ui7_759.cif	8.01
model_3ui7_760.cif	4.67
model_3ui7_762.cif	6.74
model_3ui7_767.cif	4.32
model_3ui7_772.cif	7.82
model_3ui7_774.cif	4.31
model_3ui7_776.cif	6.36
model_3ui7_782.cif	5.35
model_3ui7_784.cif	5.14
model_3ui7_786.cif	5.64
model_3ui7_790.cif	6.63
model_3ui7_795.cif	6.22
model_3ui7_797.cif	4.11
model_3ui7_818.cif	3.35
model_3ui7_826.cif	4.45
model_3ui7_840.cif	5.91
model_3ui7_843.cif	4.06
model_3ui7_859.cif	3.97
model_3ui7_860.cif	7.45
model_3ui7_861.cif	3.74
model_3ui7_864.cif	4.14
model_3ui7_877.cif	6.70
model_3ui7_878.cif	2.71
model_3ui7_883.cif	4.34
model_3ui7_898.cif	7.04
model_3ui7_90.cif	3.11
model_3ui7_900.cif	1.00
model_3ui7_907.cif	0.96
model_3ui7_911.cif	1.01
model_3ui7_922.cif	1.65
model_3ui7_932.cif	2.32
model_3ui7_933.cif	1.71
model_3ui7_934.cif	2.92
model_3ui7_942.cif	3.05
model_3ui7_956.cif	0.60
model_3ui7_970.cif	6.89
model_3ui7_993.cif	2.89
model_3ui7_995.cif	5.36
model_3ui7_ligand.cif	0.00
model_3uo4_137.cif	3.78
model_3uo4_203.cif	2.07
model_3uo4_239.cif	5.26
model_3uo4_25.cif	0.93
model_3uo4_260.cif	1.06
model_3uo4_273.cif	0.67
model_3uo4_274.cif	0.86
model_3uo4_282.cif	0.71
model_3uo4_289.cif	0.56
model_3uo4_293.cif	5.46
model_3uo4_329.cif	0.43
model_3uo4_33.cif	1.69
model_3uo4_343.cif	0.54
model_3uo4_346.cif	6.37
model_3uo4_357.cif	1.40
model_3uo4_360.cif	6.86
model_3uo4_374.cif	0.27
model_3uo4_381.cif	3.11
model_3uo4_383.cif	7.06
model_3uo4_386.cif	3.33
model_3uo4_388.cif	0.96
model_3uo4_422.cif	5.78
model_3uo4_430.cif	3.85
model_3uo4_435.cif	6.07
model_3uo4_446.cif	1.83
model_3uo4_451.cif	7.06
model_3uo4_453.cif	6.36
model_3uo4_462.cif	7.66
model_3uo4_476.cif	7.18
model_3uo4_477.cif	5.27
model_3uo4_485.cif	7.12
model_3uo4_488.cif	5.51
model_3uo4_511.cif	1.75
model_3uo4_517.cif	2.00
model_3uo4_518.cif	1.74
model_3uo4_521.cif	2.17
model_3uo4_531.cif	2.02
model_3uo4_533.cif	1.57
model_3uo4_555.cif	5.01
model_3uo4_562.cif	6.54
model_3uo4_565.cif	6.05
model_3uo4_566.cif	5.69
model_3uo4_567.cif	5.00
model_3uo4_568.cif	2.95
model_3uo4_569.cif	6.98
model_3uo4_571.cif	3.48
model_3uo4_583.cif	5.38
model_3uo4_584.cif	4.60
model_3uo4_59.cif	4.31
model_3uo4_595.cif	3.24
model_3uo4_596.cif	4.68
model_3uo4_605.cif	3.49
model_3uo4_609.cif	1.54
model_3uo4_646.cif	1.42
model_3uo4_647.cif	3.75
model_3uo4_658.cif	3.21
model_3uo4_660.cif	2.95
model_3uo4_669.cif	2.18
model_3uo4_677.cif	2.72
model_3uo4_678.cif	4.38
model_3uo4_679.cif	4.73
model_3uo4_688.cif	3.02
model_3uo4_690.cif	2.87
model_3uo4_691.cif	2.29
model_3uo4_695.cif	4.08
model_3uo4_696.cif	2.77
model_3uo4_698.cif	6.06
model_3uo4_710.cif	0.52
model_3uo4_737.cif	8.01
model_3uo4_747.cif	7.80
model_3uo4_749.cif	6.14
model_3uo4_750.cif	7.24
model_3uo4_754.cif	7.28
model_3uo4_8.cif	4.97
model_3uo4_820.cif	4.30
model_3uo4_822.cif	9.00
model_3uo4_825.cif	6.03
model_3uo4_831.cif	8.01
model_3uo4_837.cif	7.08
model_3uo4_844.cif	5.81
model_3uo4_845.cif	7.27
model_3uo4_848.cif	8.07
model_3uo4_89.cif	5.66
model_3uo4_942.cif	4.62
model_3uo4_950.cif	9.00
model_3uo4_ligand.cif	0.00
model_3up2_100.cif	1.98
model_3up2_106.cif	1.29
model_3up2_112.cif	6.08
model_3up2_113.cif	5.55
model_3up2_156.cif	6.72
model_3up2_160.cif	5.63
model_3up2_167.cif	6.95
model_3up2_168.cif	5.03
model_3up2_189.cif	1.02
model_3up2_194.cif	7.82
model_3up2_198.cif	2.37
model_3up2_206.cif	7.05
model_3up2_220.cif	0.50
model_3up2_231.cif	0.82
model_3up2_238.cif	0.57
model_3up2_247.cif	6.93
model_3up2_276.cif	1.09
model_3up2_29.cif	0.80
model_3up2_291.cif	3.38
model_3up2_302.cif	0.70
model_3up2_310.cif	7.23
model_3up2_334.cif	0.54
model_3up2_340.cif	4.89
model_3up2_345.cif	0.94
model_3up2_349.cif	4.98
model_3up2_358.cif	4.71
model_3up2_363.cif	3.70
model_3up2_385.cif	6.92
model_3up2_4.cif	0.67
model_3up2_40.cif	0.30
model_3up2_400.cif	2.37
model_3up2_401.cif	5.99
model_3up2_413.cif	3.06
model_3up2_421.cif	2.73
model_3up2_430.cif	6.27
model_3up2_434.cif	7.07
model_3up2_435.cif	5.84
model_3up2_440.cif	4.80
model_3up2_446.cif	5.71
model_3up2_463.cif	4.99
model_3up2_464.cif	1.91
model_3up2_499.cif	3.72
model_3up2_510.cif	1.66
model_3up2_515.cif	4.16
model_3up2_518.cif	3.49
model_3up2_520.cif	2.60
model_3up2_530.cif	6.92
model_3up2_532.cif	2.92
model_3up2_533.cif	2.71
model_3up2_536.cif	6.08
model_3up2_539.cif	1.67
model_3up2_543.cif	7.59
model_3up2_551.cif	4.56
model_3up2_555.cif	3.57
model_3up2_565.cif	5.76
model_3up2_569.cif	5.02
model_3up2_570.cif	5.73
model_3up2_579.cif	7.12
model_3up2_58.cif	0.48
model_3up2_581.cif	4.94
model_3up2_584.cif	5.84
model_3up2_585.cif	3.70
model_3up2_593.cif	7.05
model_3up2_594.cif	7.55
model_3up2_596.cif	4.85
model_3up2_60.cif	1.15
model_3up2_605.cif	1.49
model_3up2_613.cif	1.40
model_3up2_617.cif	4.31
model_3up2_624.cif	3.10
model_3up2_631.cif	2.88
model_3up2_633.cif	6.58
model_3up2_639.cif	2.08
model_3up2_641.cif	2.78
model_3up2_649.cif	2.94
model_3up2_665.cif	7.15
model_3up2_673.cif	7.52
model_3up2_676.cif	8.76
model_3up2_682.cif	3.70
model_3up2_696.cif	3.91
model_3up2_859.cif	6.36
model_3up2_ligand.cif	0.00
model_3utu_102.cif	6.30
model_3utu_109.cif	8.95
model_3utu_129.cif	8.11
model_3utu_132.cif	6.54
model_3utu_148.cif	8.12
model_3utu_154.cif	7.14
model_3utu_162.cif	4.19
model_3utu_164.cif	7.50
model_3utu_166.cif	7.08
model_3utu_170.cif	7.69
model_3utu_180.cif	1.51
model_3utu_183.cif	8.15
model_3utu_185.cif	6.62
model_3utu_192.cif	6.30
model_3utu_2.cif	6.87
model_3utu_200.cif	7.93
model_3utu_202.cif	2.46
model_3utu_203.cif	3.04
model_3utu_209.cif	1.71
model_3utu_211.cif	0.98
model_3utu_213.cif	6.06
model_3utu_220.cif	2.94
model_3utu_221.cif	1.55
model_3utu_233.cif	5.73
model_3utu_237.cif	0.90
model_3utu_241.cif	1.07
model_3utu_243.cif	7.76
model_3utu_249.cif	8.07
model_3utu_250.cif	0.96
model_3utu_253.cif	3.07
model_3utu_255.cif	1.75
model_3utu_271.cif	2.28
model_3utu_283.cif	0.92
model_3utu_300.cif	0.98
model_3utu_321.cif	5.48
model_3utu_33.cif	9.12
model_3utu_340.cif	8.60
model_3utu_349.cif	6.77
model_3utu_36.cif	5.60
model_3utu_374.cif	0.45
model_3utu_409.cif	4.74
model_3utu_422.cif	4.85
model_3utu_433.cif	4.36
model_3utu_436.cif	6.54
model_3utu_473.cif	9.13
model_3utu_474.cif	3.92
model_3utu_475.cif	2.70
model_3utu_491.cif	8.01
model_3utu_50.cif	6.65
model_3utu_532.cif	9.71
model_3utu_537.cif	9.39
model_3utu_570.cif	3.62
model_3utu_578.cif	8.48
model_3utu_58.cif	9.83
model_3utu_593.cif	4.98
model_3utu_599.cif	9.83
model_3utu_6.cif	9.38
model_3utu_606.cif	5.74
model_3utu_61.cif	9.06
model_3utu_620.cif	9.44
model_3utu_640.cif	4.73
model_3utu_683.cif	6.18
model_3utu_687.cif	7.38
model_3utu_691.cif	9.63
model_3utu_701.cif	1.31
model_3utu_705.cif	2.87
model_3utu_712.cif	3.93
model_3utu_713.cif	1.97
model_3utu_722.cif	2.59
model_3utu_725.cif	1.88
model_3utu_730.cif	1.71
model_3utu_741.cif	2.73
model_3utu_747.cif	5.24
model_3utu_75.cif	8.60
model_3utu_751.cif	2.26
model_3utu_759.cif	2.78
model_3utu_767.cif	1.93
model_3utu_775.cif	3.04
model_3utu_777.cif	3.49
model_3utu_778.cif	3.33
model_3utu_78.cif	8.38
model_3utu_781.cif	3.34
model_3utu_785.cif	4.04
model_3utu_797.cif	5.09
model_3utu_805.cif	4.93
model_3utu_84.cif	5.60
model_3utu_840.cif	7.17
model_3utu_843.cif	4.46
model_3utu_844.cif	2.50
model_3utu_86.cif	7.22
model_3utu_94.cif	7.44
model_3utu_963.cif	3.26
model_3utu_978.cif	4.56
model_3utu_985.cif	5.76
model_3utu_994.cif	5.76
model_3utu_995.cif	5.23
model_3utu_ligand.cif	0.00
model_3uuo_14.cif	1.10
model_3uuo_181.cif	0.98
model_3uuo_187.cif	0.77
model_3uuo_212.cif	0.71
model_3uuo_247.cif	0.64
model_3uuo_249.cif	9.11
model_3uuo_267.cif	1.31
model_3uuo_269.cif	7.31
model_3uuo_274.cif	1.03
model_3uuo_420.cif	0.94
model_3uuo_430.cif	6.05
model_3uuo_440.cif	4.05
model_3uuo_447.cif	2.63
model_3uuo_456.cif	3.79
model_3uuo_471.cif	5.31
model_3uuo_497.cif	4.96
model_3uuo_503.cif	7.16
model_3uuo_522.cif	7.32
model_3uuo_523.cif	7.42
model_3uuo_525.cif	5.31
model_3uuo_526.cif	6.02
model_3uuo_528.cif	7.00
model_3uuo_543.cif	5.95
model_3uuo_546.cif	6.61
model_3uuo_550.cif	5.32
model_3uuo_556.cif	7.27
model_3uuo_567.cif	5.87
model_3uuo_568.cif	6.08
model_3uuo_571.cif	1.49
model_3uuo_582.cif	7.94
model_3uuo_588.cif	6.17
model_3uuo_590.cif	1.48
model_3uuo_593.cif	1.50
model_3uuo_607.cif	5.70
model_3uuo_609.cif	4.40
model_3uuo_614.cif	8.39
model_3uuo_619.cif	4.56
model_3uuo_625.cif	5.93
model_3uuo_628.cif	7.91
model_3uuo_635.cif	7.12
model_3uuo_636.cif	2.13
model_3uuo_645.cif	1.68
model_3uuo_668.cif	3.64
model_3uuo_669.cif	2.34
model_3uuo_674.cif	7.91
model_3uuo_677.cif	2.68
model_3uuo_695.cif	4.72
model_3uuo_7.cif	0.74
model_3uuo_709.cif	0.60
model_3uuo_711.cif	0.55
model_3uuo_712.cif	0.60
model_3uuo_721.cif	2.92
model_3uuo_724.cif	1.30
model_3uuo_726.cif	3.01
model_3uuo_734.cif	5.86
model_3uuo_739.cif	4.31
model_3uuo_744.cif	3.72
model_3uuo_752.cif	2.97
model_3uuo_757.cif	4.77
model_3uuo_759.cif	4.92
model_3uuo_772.cif	2.52
model_3uuo_777.cif	3.64
model_3uuo_781.cif	3.68
model_3uuo_783.cif	5.89
model_3uuo_799.cif	6.71
model_3uuo_815.cif	1.65
model_3uuo_842.cif	3.78
model_3uuo_843.cif	2.44
model_3uuo_849.cif	7.31
model_3uuo_850.cif	6.47
model_3uuo_865.cif	6.81
model_3uuo_871.cif	3.83
model_3uuo_881.cif	3.77
model_3uuo_888.cif	5.20
model_3uuo_889.cif	2.94
model_3uuo_890.cif	3.38
model_3uuo_892.cif	6.86
model_3uuo_943.cif	0.69
model_3uuo_952.cif	2.93
model_3uuo_968.cif	4.24
model_3uuo_981.cif	1.66
model_3uuo_982.cif	4.04
model_3uuo_ligand.cif	0.00
model_3wtj_134.cif	1.05
model_3wtj_157.cif	0.60
model_3wtj_184.cif	0.94
model_3wtj_222.cif	1.05
model_3wtj_240.cif	1.64
model_3wtj_258.cif	0.93
model_3wtj_307.cif	0.38
model_3wtj_328.cif	0.31
model_3wtj_4.cif	6.27
model_3wtj_404.cif	0.74
model_3wtj_454.cif	2.33
model_3wtj_467.cif	2.69
model_3wtj_485.cif	3.05
model_3wtj_500.cif	5.66
model_3wtj_507.cif	6.13
model_3wtj_542.cif	5.86
model_3wtj_544.cif	1.19
model_3wtj_547.cif	6.34
model_3wtj_566.cif	1.00
model_3wtj_572.cif	6.80
model_3wtj_615.cif	0.84
model_3wtj_628.cif	2.71
model_3wtj_633.cif	6.05
model_3wtj_640.cif	6.07
model_3wtj_643.cif	2.08
model_3wtj_648.cif	1.13
model_3wtj_653.cif	3.06
model_3wtj_659.cif	6.12
model_3wtj_660.cif	1.73
model_3wtj_663.cif	5.62
model_3wtj_674.cif	2.95
model_3wtj_678.cif	3.03
model_3wtj_682.cif	5.20
model_3wtj_683.cif	2.19
model_3wtj_686.cif	5.67
model_3wtj_688.cif	5.98
model_3wtj_689.cif	6.37
model_3wtj_696.cif	2.75
model_3wtj_698.cif	5.95
model_3wtj_740.cif	2.10
model_3wtj_746.cif	1.92
model_3wtj_755.cif	3.43
model_3wtj_756.cif	3.44
model_3wtj_759.cif	3.12
model_3wtj_762.cif	1.54
model_3wtj_764.cif	2.79
model_3wtj_766.cif	3.59
model_3wtj_767.cif	3.02
model_3wtj_768.cif	2.24
model_3wtj_770.cif	6.70
model_3wtj_771.cif	3.02
model_3wtj_774.cif	5.20
model_3wtj_779.cif	1.71
model_3wtj_780.cif	6.60
model_3wtj_781.cif	3.10
model_3wtj_783.cif	5.44
model_3wtj_785.cif	5.18
model_3wtj_962.cif	1.02
model_3wtj_976.cif	0.53
model_3wtj_979.cif	0.56
model_3wtj_ligand.cif	0.00
model_3wz8_109.cif	1.66
model_3wz8_124.cif	1.80
model_3wz8_136.cif	2.14
model_3wz8_145.cif	2.95
model_3wz8_154.cif	2.73
model_3wz8_243.cif	1.32
model_3wz8_296.cif	2.67
model_3wz8_313.cif	3.89
model_3wz8_316.cif	7.03
model_3wz8_318.cif	2.23
model_3wz8_323.cif	7.38
model_3wz8_326.cif	8.12
model_3wz8_338.cif	1.11
model_3wz8_364.cif	2.74
model_3wz8_371.cif	0.83
model_3wz8_376.cif	0.84
model_3wz8_380.cif	1.12
model_3wz8_391.cif	0.96
model_3wz8_4.cif	8.05
model_3wz8_413.cif	4.53
model_3wz8_418.cif	4.25
model_3wz8_455.cif	3.70
model_3wz8_462.cif	5.08
model_3wz8_474.cif	4.30
model_3wz8_479.cif	4.92
model_3wz8_484.cif	4.24
model_3wz8_492.cif	4.10
model_3wz8_505.cif	9.21
model_3wz8_507.cif	4.34
model_3wz8_510.cif	3.97
model_3wz8_513.cif	7.01
model_3wz8_514.cif	6.22
model_3wz8_524.cif	7.34
model_3wz8_527.cif	8.23
model_3wz8_529.cif	6.31
model_3wz8_534.cif	6.65
model_3wz8_542.cif	6.93
model_3wz8_544.cif	8.74
model_3wz8_546.cif	3.94
model_3wz8_549.cif	9.33
model_3wz8_554.cif	5.05
model_3wz8_557.cif	5.39
model_3wz8_558.cif	8.60
model_3wz8_559.cif	9.42
model_3wz8_566.cif	3.58
model_3wz8_568.cif	8.91
model_3wz8_569.cif	8.07
model_3wz8_570.cif	8.63
model_3wz8_572.cif	7.12
model_3wz8_573.cif	3.42
model_3wz8_582.cif	7.77
model_3wz8_588.cif	6.97
model_3wz8_596.cif	8.63
model_3wz8_600.cif	5.26
model_3wz8_604.cif	2.95
model_3wz8_614.cif	5.61
model_3wz8_617.cif	6.14
model_3wz8_623.cif	7.33
model_3wz8_627.cif	6.35
model_3wz8_631.cif	5.01
model_3wz8_633.cif	7.09
model_3wz8_641.cif	2.81
model_3wz8_642.cif	5.89
model_3wz8_645.cif	5.63
model_3wz8_651.cif	6.42
model_3wz8_657.cif	7.57
model_3wz8_659.cif	4.87
model_3wz8_667.cif	4.12
model_3wz8_670.cif	5.11
model_3wz8_671.cif	6.74
model_3wz8_680.cif	4.68
model_3wz8_684.cif	5.03
model_3wz8_686.cif	8.73
model_3wz8_688.cif	3.73
model_3wz8_695.cif	6.53
model_3wz8_700.cif	3.74
model_3wz8_705.cif	1.12
model_3wz8_713.cif	1.75
model_3wz8_721.cif	2.52
model_3wz8_782.cif	7.80
model_3wz8_86.cif	2.10
model_3wz8_946.cif	3.67
model_3wz8_965.cif	3.67
model_3wz8_ligand.cif	0.00
model_3zdg_100.cif	0.85
model_3zdg_141.cif	2.05
model_3zdg_232.cif	2.09
model_3zdg_237.cif	1.73
model_3zdg_266.cif	1.48
model_3zdg_286.cif	2.01
model_3zdg_300.cif	1.85
model_3zdg_32.cif	0.88
model_3zdg_425.cif	3.76
model_3zdg_43.cif	0.66
model_3zdg_466.cif	4.04
model_3zdg_499.cif	3.69
model_3zdg_509.cif	5.87
model_3zdg_52.cif	0.56
model_3zdg_532.cif	3.49
model_3zdg_538.cif	5.19
model_3zdg_542.cif	5.49
model_3zdg_556.cif	6.03
model_3zdg_574.cif	5.63
model_3zdg_600.cif	4.16
model_3zdg_653.cif	4.04
model_3zdg_660.cif	4.12
model_3zdg_705.cif	0.38
model_3zdg_738.cif	2.04
model_3zdg_753.cif	2.20
model_3zdg_758.cif	2.33
model_3zdg_764.cif	4.04
model_3zdg_765.cif	3.66
model_3zdg_767.cif	2.25
model_3zdg_774.cif	4.46
model_3zdg_778.cif	3.80
model_3zdg_780.cif	4.02
model_3zdg_787.cif	3.60
model_3zdg_788.cif	3.89
model_3zdg_790.cif	1.85
model_3zdg_792.cif	1.53
model_3zdg_793.cif	4.01
model_3zdg_797.cif	1.80
model_3zdg_798.cif	3.95
model_3zdg_799.cif	1.44
model_3zdg_803.cif	2.03
model_3zdg_804.cif	1.49
model_3zdg_811.cif	0.59
model_3zdg_842.cif	0.86
model_3zdg_862.cif	2.41
model_3zdg_868.cif	3.56
model_3zdg_883.cif	5.09
model_3zdg_890.cif	1.76
model_3zdg_896.cif	1.66
model_3zdg_9.cif	0.71
model_3zdg_903.cif	0.51
model_3zdg_911.cif	5.27
model_3zdg_929.cif	1.00
model_3zdg_961.cif	2.23
model_3zdg_994.cif	3.81
model_3zdg_ligand.cif	0.00
model_3zso_124.cif	7.08
model_3zso_139.cif	4.84
model_3zso_140.cif	6.81
model_3zso_148.cif	5.33
model_3zso_201.cif	5.44
model_3zso_217.cif	6.29
model_3zso_221.cif	3.48
model_3zso_224.cif	4.24
model_3zso_23.cif	8.70
model_3zso_233.cif	7.44
model_3zso_240.cif	7.29
model_3zso_241.cif	5.57
model_3zso_250.cif	7.67
model_3zso_251.cif	4.95
model_3zso_255.cif	5.31
model_3zso_263.cif	6.43
model_3zso_266.cif	3.29
model_3zso_269.cif	4.26
model_3zso_275.cif	4.28
model_3zso_282.cif	9.06
model_3zso_285.cif	8.46
model_3zso_287.cif	8.72
model_3zso_288.cif	5.26
model_3zso_293.cif	4.75
model_3zso_295.cif	5.30
model_3zso_325.cif	8.39
model_3zso_33.cif	8.52
model_3zso_350.cif	7.68
model_3zso_351.cif	6.92
model_3zso_353.cif	4.86
model_3zso_387.cif	6.48
model_3zso_394.cif	5.38
model_3zso_397.cif	6.27
model_3zso_410.cif	2.12
model_3zso_423.cif	3.93
model_3zso_46.cif	6.43
model_3zso_499.cif	8.12
model_3zso_532.cif	3.84
model_3zso_545.cif	7.26
model_3zso_573.cif	8.21
model_3zso_584.cif	8.51
model_3zso_585.cif	7.27
model_3zso_587.cif	8.82
model_3zso_595.cif	7.03
model_3zso_6.cif	2.78
model_3zso_608.cif	5.05
model_3zso_648.cif	6.31
model_3zso_652.cif	6.94
model_3zso_653.cif	6.91
model_3zso_662.cif	3.68
model_3zso_676.cif	5.42
model_3zso_686.cif	2.62
model_3zso_738.cif	5.27
model_3zso_799.cif	1.59
model_3zso_810.cif	1.74
model_3zso_818.cif	2.15
model_3zso_84.cif	7.57
model_3zso_847.cif	3.06
model_3zso_866.cif	3.71
model_3zso_87.cif	7.28
model_3zso_871.cif	3.61
model_3zso_894.cif	4.58
model_3zso_898.cif	2.08
model_3zso_899.cif	1.99
model_3zso_902.cif	1.59
model_3zso_910.cif	2.05
model_3zso_920.cif	1.74
model_3zso_923.cif	2.49
model_3zso_925.cif	2.95
model_3zso_93.cif	4.40
model_3zso_933.cif	2.03
model_3zso_94.cif	8.76
model_3zso_959.cif	2.91
model_3zso_980.cif	3.67
model_3zso_988.cif	3.55
model_3zso_994.cif	4.79
model_3zso_ligand.cif	0.00
model_3zsx_113.cif	8.16
model_3zsx_136.cif	8.48
model_3zsx_138.cif	5.01
model_3zsx_175.cif	8.79
model_3zsx_20.cif	7.41
model_3zsx_201.cif	5.28
model_3zsx_21.cif	8.81
model_3zsx_210.cif	3.97
model_3zsx_213.cif	3.61
model_3zsx_217.cif	3.31
model_3zsx_226.cif	7.41
model_3zsx_229.cif	3.97
model_3zsx_230.cif	1.77
model_3zsx_231.cif	4.55
model_3zsx_235.cif	3.84
model_3zsx_237.cif	5.24
model_3zsx_240.cif	4.52
model_3zsx_247.cif	3.23
model_3zsx_253.cif	5.12
model_3zsx_254.cif	1.50
model_3zsx_26.cif	7.61
model_3zsx_262.cif	4.37
model_3zsx_274.cif	4.10
model_3zsx_282.cif	2.38
model_3zsx_293.cif	1.23
model_3zsx_3.cif	9.56
model_3zsx_318.cif	9.85
model_3zsx_32.cif	9.63
model_3zsx_326.cif	9.73
model_3zsx_329.cif	3.51
model_3zsx_337.cif	4.35
model_3zsx_345.cif	4.81
model_3zsx_359.cif	8.58
model_3zsx_374.cif	8.51
model_3zsx_379.cif	3.95
model_3zsx_395.cif	9.51
model_3zsx_4.cif	7.93
model_3zsx_40.cif	8.76
model_3zsx_408.cif	6.21
model_3zsx_419.cif	7.93
model_3zsx_436.cif	6.60
model_3zsx_456.cif	6.13
model_3zsx_46.cif	4.94
model_3zsx_487.cif	7.30
model_3zsx_495.cif	5.66
model_3zsx_51.cif	8.55
model_3zsx_52.cif	9.74
model_3zsx_524.cif	6.83
model_3zsx_537.cif	2.77
model_3zsx_545.cif	7.04
model_3zsx_556.cif	5.68
model_3zsx_568.cif	6.69
model_3zsx_569.cif	7.98
model_3zsx_576.cif	5.01
model_3zsx_582.cif	4.11
model_3zsx_585.cif	5.07
model_3zsx_586.cif	7.40
model_3zsx_599.cif	7.73
model_3zsx_608.cif	2.75
model_3zsx_628.cif	5.07
model_3zsx_636.cif	6.07
model_3zsx_637.cif	6.10
model_3zsx_667.cif	2.91
model_3zsx_674.cif	6.17
model_3zsx_677.cif	9.51
model_3zsx_684.cif	5.65
model_3zsx_713.cif	2.75
model_3zsx_714.cif	1.13
model_3zsx_74.cif	8.70
model_3zsx_741.cif	1.64
model_3zsx_749.cif	3.26
model_3zsx_75.cif	9.39
model_3zsx_759.cif	2.20
model_3zsx_76.cif	6.17
model_3zsx_773.cif	2.65
model_3zsx_774.cif	2.89
model_3zsx_776.cif	3.72
model_3zsx_780.cif	2.24
model_3zsx_79.cif	6.54
model_3zsx_791.cif	4.56
model_3zsx_80.cif	9.76
model_3zsx_859.cif	1.54
model_3zsx_90.cif	8.71
model_3zsx_908.cif	1.96
model_3zsx_91.cif	9.48
model_3zsx_933.cif	2.40
model_3zsx_955.cif	1.91
model_3zsx_961.cif	1.78
model_3zsx_965.cif	1.87
model_3zsx_978.cif	4.03
model_3zsx_ligand.cif	0.00
model_3zt2_116.cif	0.96
model_3zt2_119.cif	1.15
model_3zt2_122.cif	1.31
model_3zt2_136.cif	1.02
model_3zt2_173.cif	0.32
model_3zt2_182.cif	1.41
model_3zt2_195.cif	0.68
model_3zt2_233.cif	0.64
model_3zt2_250.cif	0.35
model_3zt2_323.cif	0.82
model_3zt2_410.cif	1.11
model_3zt2_433.cif	0.97
model_3zt2_444.cif	1.22
model_3zt2_463.cif	2.91
model_3zt2_472.cif	2.11
model_3zt2_473.cif	2.13
model_3zt2_474.cif	1.23
model_3zt2_491.cif	1.74
model_3zt2_5.cif	0.39
model_3zt2_529.cif	1.26
model_3zt2_541.cif	0.96
model_3zt2_561.cif	3.81
model_3zt2_566.cif	4.93
model_3zt2_568.cif	4.20
model_3zt2_571.cif	3.90
model_3zt2_578.cif	4.06
model_3zt2_585.cif	2.16
model_3zt2_589.cif	1.48
model_3zt2_592.cif	5.95
model_3zt2_600.cif	5.01
model_3zt2_649.cif	2.30
model_3zt2_650.cif	2.08
model_3zt2_656.cif	4.12
model_3zt2_670.cif	3.39
model_3zt2_680.cif	3.84
model_3zt2_684.cif	2.36
model_3zt2_685.cif	3.81
model_3zt2_687.cif	4.42
model_3zt2_694.cif	4.44
model_3zt2_696.cif	3.09
model_3zt2_697.cif	6.35
model_3zt2_707.cif	4.02
model_3zt2_728.cif	5.41
model_3zt2_732.cif	2.98
model_3zt2_741.cif	3.01
model_3zt2_753.cif	4.63
model_3zt2_758.cif	5.11
model_3zt2_760.cif	4.43
model_3zt2_761.cif	5.20
model_3zt2_774.cif	5.85
model_3zt2_781.cif	6.11
model_3zt2_782.cif	5.95
model_3zt2_784.cif	6.49
model_3zt2_789.cif	3.63
model_3zt2_793.cif	5.65
model_3zt2_8.cif	0.49
model_3zt2_80.cif	3.63
model_3zt2_804.cif	2.63
model_3zt2_818.cif	2.34
model_3zt2_838.cif	4.02
model_3zt2_844.cif	3.63
model_3zt2_869.cif	5.59
model_3zt2_873.cif	5.80
model_3zt2_ligand.cif	0.00
model_4abg_149.cif	0.93
model_4abg_236.cif	3.03
model_4abg_263.cif	0.97
model_4abg_408.cif	3.67
model_4abg_414.cif	1.89
model_4abg_429.cif	3.82
model_4abg_430.cif	0.97
model_4abg_450.cif	0.97
model_4abg_465.cif	4.27
model_4abg_475.cif	3.12
model_4abg_479.cif	2.11
model_4abg_537.cif	5.30
model_4abg_552.cif	4.60
model_4abg_572.cif	5.21
model_4abg_573.cif	4.12
model_4abg_580.cif	5.29
model_4abg_587.cif	2.66
model_4abg_593.cif	5.36
model_4abg_597.cif	5.43
model_4abg_710.cif	0.72
model_4abg_718.cif	1.01
model_4abg_719.cif	4.18
model_4abg_741.cif	4.77
model_4abg_750.cif	1.90
model_4abg_751.cif	2.76
model_4abg_757.cif	3.14
model_4abg_761.cif	2.87
model_4abg_769.cif	4.88
model_4abg_770.cif	3.09
model_4abg_778.cif	4.43
model_4abg_780.cif	3.61
model_4abg_781.cif	3.64
model_4abg_782.cif	2.29
model_4abg_784.cif	5.37
model_4abg_786.cif	4.52
model_4abg_787.cif	4.60
model_4abg_788.cif	3.98
model_4abg_792.cif	5.47
model_4abg_793.cif	5.89
model_4abg_800.cif	0.55
model_4abg_808.cif	1.01
model_4abg_814.cif	1.00
model_4abg_824.cif	0.96
model_4abg_826.cif	1.47
model_4abg_835.cif	0.91
model_4abg_839.cif	1.51
model_4abg_840.cif	1.18
model_4abg_845.cif	0.99
model_4abg_848.cif	1.84
model_4abg_857.cif	2.77
model_4abg_860.cif	3.21
model_4abg_864.cif	6.30
model_4abg_865.cif	2.58
model_4abg_875.cif	4.43
model_4abg_885.cif	9.04
model_4abg_888.cif	6.93
model_4abg_955.cif	2.30
model_4abg_956.cif	1.28
model_4abg_973.cif	2.33
model_4abg_980.cif	1.02
model_4abg_983.cif	2.72
model_4abg_ligand.cif	0.00
model_4agn_109.cif	4.49
model_4agn_125.cif	8.26
model_4agn_204.cif	1.95
model_4agn_205.cif	2.10
model_4agn_226.cif	9.28
model_4agn_228.cif	1.07
model_4agn_251.cif	0.99
model_4agn_257.cif	0.84
model_4agn_266.cif	3.64
model_4agn_267.cif	3.86
model_4agn_272.cif	4.37
model_4agn_280.cif	0.89
model_4agn_290.cif	1.28
model_4agn_299.cif	2.06
model_4agn_318.cif	6.81
model_4agn_380.cif	6.51
model_4agn_4.cif	7.43
model_4agn_402.cif	8.12
model_4agn_405.cif	8.30
model_4agn_411.cif	9.50
model_4agn_415.cif	9.08
model_4agn_425.cif	9.15
model_4agn_43.cif	5.19
model_4agn_446.cif	7.78
model_4agn_447.cif	7.14
model_4agn_456.cif	8.58
model_4agn_463.cif	8.30
model_4agn_477.cif	5.41
model_4agn_494.cif	6.82
model_4agn_498.cif	3.67
model_4agn_502.cif	8.90
model_4agn_505.cif	9.02
model_4agn_506.cif	1.49
model_4agn_511.cif	8.35
model_4agn_516.cif	8.69
model_4agn_517.cif	1.51
model_4agn_519.cif	1.93
model_4agn_524.cif	5.63
model_4agn_526.cif	3.61
model_4agn_535.cif	2.70
model_4agn_536.cif	7.96
model_4agn_538.cif	7.35
model_4agn_539.cif	9.34
model_4agn_540.cif	6.71
model_4agn_542.cif	7.83
model_4agn_554.cif	2.60
model_4agn_555.cif	4.09
model_4agn_557.cif	8.62
model_4agn_561.cif	3.55
model_4agn_566.cif	7.07
model_4agn_567.cif	5.61
model_4agn_568.cif	4.94
model_4agn_579.cif	5.48
model_4agn_582.cif	6.92
model_4agn_591.cif	6.70
model_4agn_593.cif	3.37
model_4agn_595.cif	3.42
model_4agn_596.cif	7.20
model_4agn_597.cif	2.21
model_4agn_603.cif	1.71
model_4agn_608.cif	9.18
model_4agn_629.cif	1.70
model_4agn_633.cif	9.79
model_4agn_643.cif	1.87
model_4agn_644.cif	4.87
model_4agn_657.cif	3.06
model_4agn_659.cif	3.77
model_4agn_660.cif	3.41
model_4agn_664.cif	9.03
model_4agn_665.cif	2.54
model_4agn_669.cif	2.16
model_4agn_670.cif	4.21
model_4agn_677.cif	7.08
model_4agn_678.cif	4.97
model_4agn_681.cif	9.02
model_4agn_682.cif	2.99
model_4agn_687.cif	5.39
model_4agn_690.cif	6.01
model_4agn_691.cif	5.49
model_4agn_712.cif	4.28
model_4agn_715.cif	0.77
model_4agn_727.cif	7.15
model_4agn_754.cif	5.36
model_4agn_76.cif	6.74
model_4agn_765.cif	6.39
model_4agn_768.cif	4.51
model_4agn_772.cif	5.75
model_4agn_78.cif	6.50
model_4agn_785.cif	4.01
model_4agn_833.cif	8.37
model_4agn_844.cif	2.11
model_4agn_855.cif	5.11
model_4agn_931.cif	0.99
model_4agn_979.cif	1.98
model_4agn_984.cif	2.87
model_4agn_987.cif	0.80
model_4agn_ligand.cif	0.00
model_4agp_134.cif	5.59
model_4agp_202.cif	2.96
model_4agp_208.cif	1.77
model_4agp_223.cif	2.89
model_4agp_23.cif	8.78
model_4agp_251.cif	1.08
model_4agp_253.cif	1.91
model_4agp_260.cif	2.48
model_4agp_261.cif	1.37
model_4agp_266.cif	3.28
model_4agp_268.cif	6.98
model_4agp_271.cif	2.15
model_4agp_283.cif	2.46
model_4agp_285.cif	3.56
model_4agp_288.cif	2.09
model_4agp_294.cif	3.55
model_4agp_3.cif	8.49
model_4agp_300.cif	1.99
model_4agp_301.cif	6.64
model_4agp_313.cif	1.24
model_4agp_324.cif	9.03
model_4agp_328.cif	1.56
model_4agp_33.cif	8.63
model_4agp_330.cif	7.10
model_4agp_35.cif	9.82
model_4agp_350.cif	0.97
model_4agp_389.cif	7.71
model_4agp_390.cif	5.29
model_4agp_391.cif	6.92
model_4agp_405.cif	7.73
model_4agp_406.cif	9.08
model_4agp_421.cif	6.32
model_4agp_423.cif	8.20
model_4agp_446.cif	3.40
model_4agp_461.cif	7.48
model_4agp_463.cif	10.00
model_4agp_465.cif	5.93
model_4agp_469.cif	7.89
model_4agp_47.cif	1.55
model_4agp_472.cif	4.39
model_4agp_474.cif	2.88
model_4agp_482.cif	3.84
model_4agp_489.cif	4.21
model_4agp_495.cif	7.61
model_4agp_496.cif	6.19
model_4agp_499.cif	2.79
model_4agp_517.cif	3.01
model_4agp_523.cif	1.90
model_4agp_527.cif	5.95
model_4agp_532.cif	4.56
model_4agp_533.cif	6.49
model_4agp_546.cif	8.83
model_4agp_561.cif	7.78
model_4agp_562.cif	6.03
model_4agp_563.cif	3.90
model_4agp_578.cif	3.97
model_4agp_596.cif	8.26
model_4agp_612.cif	2.14
model_4agp_629.cif	3.61
model_4agp_643.cif	7.82
model_4agp_646.cif	4.26
model_4agp_651.cif	3.01
model_4agp_656.cif	1.92
model_4agp_657.cif	4.23
model_4agp_659.cif	4.02
model_4agp_662.cif	9.01
model_4agp_681.cif	5.95
model_4agp_685.cif	4.34
model_4agp_686.cif	5.09
model_4agp_692.cif	4.29
model_4agp_703.cif	6.23
model_4agp_709.cif	0.94
model_4agp_710.cif	0.97
model_4agp_716.cif	0.70
model_4agp_718.cif	9.05
model_4agp_724.cif	6.39
model_4agp_726.cif	5.86
model_4agp_727.cif	7.86
model_4agp_766.cif	8.56
model_4agp_769.cif	1.00
model_4agp_775.cif	0.69
model_4agp_797.cif	5.56
model_4agp_817.cif	4.97
model_4agp_82.cif	7.29
model_4agp_822.cif	8.38
model_4agp_837.cif	8.77
model_4agp_84.cif	9.48
model_4agp_847.cif	5.51
model_4agp_848.cif	5.99
model_4agp_849.cif	2.97
model_4agp_857.cif	4.29
model_4agp_86.cif	8.64
model_4agp_87.cif	9.94
model_4agp_924.cif	9.03
model_4agp_94.cif	9.29
model_4agp_98.cif	6.34
model_4agp_ligand.cif	0.00
model_4agq_114.cif	2.50
model_4agq_121.cif	4.05
model_4agq_151.cif	1.96
model_4agq_158.cif	6.77
model_4agq_204.cif	4.15
model_4agq_205.cif	1.39
model_4agq_217.cif	7.79
model_4agq_219.cif	7.59
model_4agq_221.cif	2.11
model_4agq_228.cif	1.93
model_4agq_234.cif	1.94
model_4agq_236.cif	1.73
model_4agq_25.cif	9.40
model_4agq_254.cif	2.72
model_4agq_268.cif	3.96
model_4agq_27.cif	6.09
model_4agq_272.cif	2.01
model_4agq_326.cif	8.33
model_4agq_339.cif	0.95
model_4agq_35.cif	8.89
model_4agq_350.cif	1.79
model_4agq_356.cif	9.24
model_4agq_369.cif	7.06
model_4agq_378.cif	6.75
model_4agq_382.cif	8.98
model_4agq_394.cif	6.99
model_4agq_409.cif	7.86
model_4agq_41.cif	9.24
model_4agq_413.cif	8.31
model_4agq_418.cif	3.41
model_4agq_419.cif	9.02
model_4agq_421.cif	9.62
model_4agq_433.cif	7.55
model_4agq_442.cif	3.08
model_4agq_446.cif	2.98
model_4agq_450.cif	5.27
model_4agq_452.cif	6.51
model_4agq_461.cif	7.82
model_4agq_463.cif	2.62
model_4agq_470.cif	3.73
model_4agq_474.cif	5.81
model_4agq_475.cif	8.28
model_4agq_478.cif	8.87
model_4agq_490.cif	4.70
model_4agq_503.cif	9.75
model_4agq_504.cif	7.16
model_4agq_505.cif	2.94
model_4agq_526.cif	4.87
model_4agq_529.cif	1.95
model_4agq_534.cif	8.73
model_4agq_535.cif	3.37
model_4agq_548.cif	2.60
model_4agq_556.cif	9.20
model_4agq_557.cif	3.35
model_4agq_572.cif	4.06
model_4agq_573.cif	5.58
model_4agq_576.cif	9.12
model_4agq_580.cif	7.61
model_4agq_587.cif	6.22
model_4agq_592.cif	2.02
model_4agq_598.cif	4.13
model_4agq_604.cif	4.38
model_4agq_609.cif	1.83
model_4agq_62.cif	8.63
model_4agq_631.cif	5.24
model_4agq_635.cif	3.69
model_4agq_641.cif	4.08
model_4agq_642.cif	7.79
model_4agq_649.cif	6.84
model_4agq_653.cif	5.42
model_4agq_664.cif	5.54
model_4agq_665.cif	5.55
model_4agq_666.cif	3.97
model_4agq_672.cif	3.58
model_4agq_676.cif	8.27
model_4agq_680.cif	5.37
model_4agq_681.cif	2.16
model_4agq_684.cif	6.13
model_4agq_687.cif	5.24
model_4agq_691.cif	9.76
model_4agq_700.cif	3.61
model_4agq_702.cif	1.83
model_4agq_718.cif	5.66
model_4agq_744.cif	1.93
model_4agq_771.cif	9.51
model_4agq_775.cif	6.59
model_4agq_778.cif	4.55
model_4agq_788.cif	8.66
model_4agq_84.cif	7.07
model_4agq_850.cif	6.60
model_4agq_866.cif	0.98
model_4agq_872.cif	0.99
model_4agq_894.cif	4.41
model_4agq_999.cif	0.86
model_4agq_ligand.cif	0.00
model_4bkt_11.cif	1.00
model_4bkt_140.cif	0.39
model_4bkt_161.cif	0.95
model_4bkt_17.cif	0.99
model_4bkt_178.cif	1.00
model_4bkt_283.cif	0.56
model_4bkt_32.cif	0.95
model_4bkt_369.cif	1.00
model_4bkt_405.cif	1.75
model_4bkt_439.cif	5.27
model_4bkt_442.cif	5.01
model_4bkt_478.cif	2.87
model_4bkt_484.cif	2.34
model_4bkt_486.cif	1.41
model_4bkt_507.cif	4.47
model_4bkt_523.cif	7.21
model_4bkt_537.cif	8.35
model_4bkt_538.cif	7.40
model_4bkt_539.cif	7.34
model_4bkt_540.cif	6.26
model_4bkt_541.cif	1.90
model_4bkt_542.cif	2.73
model_4bkt_560.cif	7.41
model_4bkt_568.cif	7.66
model_4bkt_581.cif	6.18
model_4bkt_586.cif	7.02
model_4bkt_614.cif	4.79
model_4bkt_62.cif	0.57
model_4bkt_664.cif	2.28
model_4bkt_695.cif	3.78
model_4bkt_710.cif	1.76
model_4bkt_713.cif	0.65
model_4bkt_716.cif	1.43
model_4bkt_735.cif	5.32
model_4bkt_737.cif	1.40
model_4bkt_741.cif	3.65
model_4bkt_743.cif	4.83
model_4bkt_744.cif	6.11
model_4bkt_746.cif	4.90
model_4bkt_750.cif	5.08
model_4bkt_751.cif	3.55
model_4bkt_752.cif	4.79
model_4bkt_753.cif	5.22
model_4bkt_759.cif	6.37
model_4bkt_760.cif	4.21
model_4bkt_761.cif	9.51
model_4bkt_766.cif	8.21
model_4bkt_767.cif	5.24
model_4bkt_768.cif	6.34
model_4bkt_769.cif	4.46
model_4bkt_773.cif	7.76
model_4bkt_774.cif	2.58
model_4bkt_775.cif	4.90
model_4bkt_778.cif	7.59
model_4bkt_779.cif	8.57
model_4bkt_782.cif	8.68
model_4bkt_784.cif	7.70
model_4bkt_791.cif	6.24
model_4bkt_797.cif	7.89
model_4bkt_800.cif	6.29
model_4bkt_826.cif	1.51
model_4bkt_838.cif	3.99
model_4bkt_849.cif	3.98
model_4bkt_853.cif	1.96
model_4bkt_862.cif	6.48
model_4bkt_863.cif	6.28
model_4bkt_865.cif	5.34
model_4bkt_869.cif	5.71
model_4bkt_871.cif	3.99
model_4bkt_874.cif	3.00
model_4bkt_876.cif	5.90
model_4bkt_877.cif	2.63
model_4bkt_880.cif	3.97
model_4bkt_883.cif	6.89
model_4bkt_885.cif	3.20
model_4bkt_890.cif	4.48
model_4bkt_891.cif	5.33
model_4bkt_893.cif	3.69
model_4bkt_898.cif	4.87
model_4bkt_931.cif	2.89
model_4bkt_932.cif	1.57
model_4bkt_953.cif	1.07
model_4bkt_969.cif	2.06
model_4bkt_983.cif	2.98
model_4bkt_984.cif	3.32
model_4bkt_ligand.cif	0.00
model_4cig_106.cif	9.64
model_4cig_114.cif	7.12
model_4cig_122.cif	6.10
model_4cig_129.cif	8.18
model_4cig_13.cif	7.20
model_4cig_131.cif	4.96
model_4cig_167.cif	7.20
model_4cig_169.cif	6.18
model_4cig_18.cif	6.21
model_4cig_203.cif	4.57
model_4cig_219.cif	4.94
model_4cig_22.cif	8.31
model_4cig_241.cif	5.33
model_4cig_253.cif	4.66
model_4cig_265.cif	4.26
model_4cig_267.cif	5.76
model_4cig_285.cif	5.28
model_4cig_290.cif	5.51
model_4cig_298.cif	3.84
model_4cig_329.cif	9.10
model_4cig_342.cif	6.27
model_4cig_351.cif	7.94
model_4cig_369.cif	9.80
model_4cig_372.cif	6.21
model_4cig_386.cif	7.11
model_4cig_44.cif	6.05
model_4cig_454.cif	6.06
model_4cig_480.cif	3.95
model_4cig_510.cif	6.25
model_4cig_524.cif	2.80
model_4cig_540.cif	7.66
model_4cig_545.cif	6.42
model_4cig_553.cif	5.11
model_4cig_56.cif	8.07
model_4cig_570.cif	8.17
model_4cig_575.cif	7.04
model_4cig_589.cif	7.24
model_4cig_600.cif	1.75
model_4cig_601.cif	7.72
model_4cig_639.cif	7.80
model_4cig_641.cif	5.43
model_4cig_645.cif	3.80
model_4cig_656.cif	4.74
model_4cig_669.cif	2.54
model_4cig_702.cif	1.76
model_4cig_707.cif	1.83
model_4cig_710.cif	1.94
model_4cig_716.cif	2.07
model_4cig_719.cif	2.16
model_4cig_738.cif	3.64
model_4cig_739.cif	5.21
model_4cig_750.cif	3.97
model_4cig_759.cif	3.97
model_4cig_762.cif	5.05
model_4cig_763.cif	2.71
model_4cig_766.cif	4.32
model_4cig_769.cif	5.21
model_4cig_770.cif	4.79
model_4cig_774.cif	4.63
model_4cig_780.cif	5.24
model_4cig_784.cif	2.57
model_4cig_786.cif	1.91
model_4cig_787.cif	1.79
model_4cig_788.cif	3.28
model_4cig_809.cif	1.14
model_4cig_83.cif	9.58
model_4cig_848.cif	2.40
model_4cig_851.cif	3.99
model_4cig_852.cif	4.14
model_4cig_860.cif	6.17
model_4cig_929.cif	3.00
model_4cig_947.cif	2.17
model_4cig_950.cif	2.83
model_4cig_956.cif	3.29
model_4cig_957.cif	3.85
model_4cig_98.cif	8.50
model_4cig_ligand.cif	0.00
model_4ciw_267.cif	0.46
model_4ciw_270.cif	0.64
model_4ciw_280.cif	0.62
model_4ciw_401.cif	0.94
model_4ciw_415.cif	2.89
model_4ciw_420.cif	2.97
model_4ciw_439.cif	2.77
model_4ciw_440.cif	1.96
model_4ciw_449.cif	3.53
model_4ciw_451.cif	0.78
model_4ciw_461.cif	1.67
model_4ciw_462.cif	1.96
model_4ciw_468.cif	0.93
model_4ciw_48.cif	0.40
model_4ciw_482.cif	1.12
model_4ciw_487.cif	1.26
model_4ciw_496.cif	1.21
model_4ciw_499.cif	3.87
model_4ciw_507.cif	0.99
model_4ciw_537.cif	7.17
model_4ciw_550.cif	0.97
model_4ciw_568.cif	3.30
model_4ciw_573.cif	1.24
model_4ciw_584.cif	2.14
model_4ciw_585.cif	7.14
model_4ciw_592.cif	2.04
model_4ciw_597.cif	2.59
model_4ciw_598.cif	0.88
model_4ciw_608.cif	3.11
model_4ciw_609.cif	2.94
model_4ciw_610.cif	3.20
model_4ciw_617.cif	3.20
model_4ciw_620.cif	3.04
model_4ciw_629.cif	3.13
model_4ciw_638.cif	6.29
model_4ciw_639.cif	3.36
model_4ciw_672.cif	3.27
model_4ciw_673.cif	2.71
model_4ciw_676.cif	2.81
model_4ciw_689.cif	2.87
model_4ciw_690.cif	6.44
model_4ciw_700.cif	1.46
model_4ciw_725.cif	1.10
model_4ciw_947.cif	1.11
model_4ciw_ligand.cif	0.00
model_4cr9_217.cif	1.97
model_4cr9_232.cif	3.13
model_4cr9_254.cif	3.39
model_4cr9_264.cif	2.16
model_4cr9_271.cif	2.97
model_4cr9_280.cif	3.48
model_4cr9_286.cif	1.98
model_4cr9_307.cif	2.29
model_4cr9_358.cif	0.95
model_4cr9_359.cif	1.57
model_4cr9_408.cif	2.35
model_4cr9_411.cif	1.77
model_4cr9_423.cif	1.85
model_4cr9_424.cif	1.63
model_4cr9_431.cif	2.19
model_4cr9_434.cif	2.73
model_4cr9_435.cif	1.49
model_4cr9_438.cif	4.20
model_4cr9_480.cif	2.61
model_4cr9_492.cif	3.19
model_4cr9_503.cif	4.82
model_4cr9_534.cif	4.01
model_4cr9_551.cif	3.68
model_4cr9_559.cif	3.19
model_4cr9_565.cif	3.69
model_4cr9_575.cif	4.04
model_4cr9_577.cif	5.20
model_4cr9_580.cif	4.04
model_4cr9_587.cif	2.03
model_4cr9_589.cif	4.50
model_4cr9_595.cif	2.74
model_4cr9_630.cif	2.58
model_4cr9_662.cif	5.93
model_4cr9_666.cif	3.09
model_4cr9_689.cif	4.38
model_4cr9_690.cif	1.66
model_4cr9_708.cif	7.04
model_4cr9_710.cif	4.96
model_4cr9_715.cif	9.54
model_4cr9_717.cif	9.17
model_4cr9_726.cif	3.50
model_4cr9_730.cif	8.51
model_4cr9_734.cif	5.85
model_4cr9_741.cif	6.26
model_4cr9_743.cif	8.35
model_4cr9_746.cif	7.33
model_4cr9_748.cif	3.95
model_4cr9_750.cif	6.73
model_4cr9_752.cif	9.31
model_4cr9_754.cif	9.30
model_4cr9_755.cif	4.25
model_4cr9_758.cif	5.77
model_4cr9_759.cif	4.40
model_4cr9_762.cif	7.67
model_4cr9_763.cif	9.16
model_4cr9_766.cif	5.90
model_4cr9_769.cif	5.77
model_4cr9_779.cif	6.60
model_4cr9_782.cif	5.10
model_4cr9_783.cif	9.16
model_4cr9_789.cif	6.32
model_4cr9_790.cif	6.39
model_4cr9_791.cif	5.92
model_4cr9_792.cif	9.72
model_4cr9_794.cif	6.95
model_4cr9_795.cif	7.62
model_4cr9_796.cif	6.20
model_4cr9_797.cif	7.23
model_4cr9_798.cif	8.04
model_4cr9_799.cif	9.86
model_4cr9_821.cif	9.77
model_4cr9_822.cif	5.21
model_4cr9_843.cif	7.33
model_4cr9_849.cif	1.77
model_4cr9_855.cif	8.52
model_4cr9_861.cif	9.27
model_4cr9_864.cif	6.62
model_4cr9_869.cif	8.54
model_4cr9_874.cif	7.44
model_4cr9_876.cif	7.55
model_4cr9_881.cif	8.21
model_4cr9_884.cif	8.95
model_4cr9_885.cif	8.99
model_4cr9_887.cif	8.10
model_4cr9_891.cif	5.25
model_4cr9_894.cif	6.01
model_4cr9_897.cif	8.22
model_4cr9_920.cif	1.41
model_4cr9_933.cif	6.84
model_4cr9_970.cif	7.22
model_4cr9_984.cif	7.38
model_4cr9_ligand.cif	0.00
model_4cra_102.cif	4.69
model_4cra_113.cif	1.79
model_4cra_119.cif	2.36
model_4cra_124.cif	5.92
model_4cra_126.cif	1.03
model_4cra_130.cif	1.84
model_4cra_151.cif	5.47
model_4cra_155.cif	0.53
model_4cra_175.cif	1.13
model_4cra_201.cif	7.13
model_4cra_204.cif	1.58
model_4cra_214.cif	6.86
model_4cra_219.cif	7.07
model_4cra_224.cif	0.71
model_4cra_230.cif	0.94
model_4cra_24.cif	8.11
model_4cra_240.cif	7.11
model_4cra_250.cif	4.86
model_4cra_258.cif	0.87
model_4cra_270.cif	1.80
model_4cra_276.cif	2.12
model_4cra_281.cif	0.71
model_4cra_283.cif	0.60
model_4cra_292.cif	1.87
model_4cra_296.cif	6.97
model_4cra_302.cif	3.97
model_4cra_307.cif	6.75
model_4cra_318.cif	0.47
model_4cra_354.cif	1.27
model_4cra_358.cif	6.76
model_4cra_364.cif	0.45
model_4cra_375.cif	5.31
model_4cra_378.cif	1.71
model_4cra_383.cif	3.05
model_4cra_4.cif	0.69
model_4cra_413.cif	3.96
model_4cra_422.cif	8.14
model_4cra_439.cif	5.78
model_4cra_441.cif	3.10
model_4cra_444.cif	6.69
model_4cra_448.cif	9.21
model_4cra_456.cif	4.91
model_4cra_470.cif	2.69
model_4cra_472.cif	4.72
model_4cra_477.cif	7.10
model_4cra_479.cif	8.36
model_4cra_496.cif	9.12
model_4cra_504.cif	2.11
model_4cra_523.cif	5.90
model_4cra_525.cif	3.80
model_4cra_533.cif	7.71
model_4cra_538.cif	3.63
model_4cra_540.cif	7.59
model_4cra_541.cif	3.10
model_4cra_547.cif	1.89
model_4cra_548.cif	5.14
model_4cra_549.cif	2.66
model_4cra_564.cif	8.42
model_4cra_566.cif	4.25
model_4cra_569.cif	6.66
model_4cra_572.cif	6.92
model_4cra_576.cif	5.69
model_4cra_578.cif	5.47
model_4cra_579.cif	2.21
model_4cra_580.cif	3.09
model_4cra_584.cif	4.47
model_4cra_589.cif	4.81
model_4cra_590.cif	2.86
model_4cra_591.cif	6.17
model_4cra_595.cif	6.34
model_4cra_596.cif	2.93
model_4cra_604.cif	8.13
model_4cra_61.cif	6.05
model_4cra_610.cif	8.18
model_4cra_624.cif	5.74
model_4cra_636.cif	5.49
model_4cra_644.cif	7.54
model_4cra_656.cif	4.58
model_4cra_658.cif	7.24
model_4cra_680.cif	7.42
model_4cra_689.cif	4.33
model_4cra_695.cif	3.31
model_4cra_716.cif	3.82
model_4cra_719.cif	0.99
model_4cra_720.cif	2.93
model_4cra_748.cif	4.53
model_4cra_795.cif	9.77
model_4cra_81.cif	8.96
model_4cra_827.cif	9.14
model_4cra_828.cif	9.37
model_4cra_830.cif	2.25
model_4cra_855.cif	8.27
model_4cra_861.cif	7.13
model_4cra_893.cif	9.49
model_4cra_905.cif	8.86
model_4cra_918.cif	9.63
model_4cra_941.cif	9.76
model_4cra_953.cif	9.21
model_4cra_967.cif	9.88
model_4cra_972.cif	8.98
model_4cra_ligand.cif	0.00
model_4crc_100.cif	7.42
model_4crc_106.cif	8.29
model_4crc_120.cif	8.36
model_4crc_126.cif	9.57
model_4crc_131.cif	0.88
model_4crc_132.cif	2.68
model_4crc_138.cif	1.85
model_4crc_140.cif	2.50
model_4crc_149.cif	1.82
model_4crc_164.cif	0.99
model_4crc_168.cif	0.96
model_4crc_175.cif	8.00
model_4crc_185.cif	0.82
model_4crc_192.cif	1.09
model_4crc_212.cif	0.94
model_4crc_215.cif	0.79
model_4crc_217.cif	0.88
model_4crc_263.cif	1.98
model_4crc_291.cif	0.85
model_4crc_314.cif	0.91
model_4crc_323.cif	4.70
model_4crc_368.cif	0.73
model_4crc_391.cif	3.44
model_4crc_401.cif	1.64
model_4crc_411.cif	5.72
model_4crc_412.cif	1.63
model_4crc_417.cif	7.66
model_4crc_423.cif	2.85
model_4crc_426.cif	2.55
model_4crc_443.cif	2.87
model_4crc_447.cif	3.30
model_4crc_464.cif	5.87
model_4crc_475.cif	5.46
model_4crc_480.cif	2.61
model_4crc_481.cif	3.86
model_4crc_485.cif	6.42
model_4crc_486.cif	3.89
model_4crc_493.cif	4.89
model_4crc_505.cif	1.88
model_4crc_509.cif	3.25
model_4crc_511.cif	3.43
model_4crc_517.cif	4.88
model_4crc_528.cif	4.82
model_4crc_533.cif	2.51
model_4crc_537.cif	3.57
model_4crc_538.cif	5.43
model_4crc_542.cif	5.04
model_4crc_544.cif	3.95
model_4crc_549.cif	5.52
model_4crc_557.cif	6.47
model_4crc_560.cif	5.40
model_4crc_561.cif	7.29
model_4crc_564.cif	2.84
model_4crc_569.cif	7.11
model_4crc_571.cif	4.98
model_4crc_574.cif	6.06
model_4crc_575.cif	4.89
model_4crc_586.cif	2.42
model_4crc_588.cif	4.91
model_4crc_590.cif	9.22
model_4crc_591.cif	5.60
model_4crc_592.cif	9.05
model_4crc_597.cif	7.51
model_4crc_618.cif	6.86
model_4crc_620.cif	5.44
model_4crc_626.cif	3.30
model_4crc_627.cif	6.40
model_4crc_633.cif	3.34
model_4crc_636.cif	2.42
model_4crc_644.cif	7.21
model_4crc_646.cif	9.98
model_4crc_648.cif	7.21
model_4crc_649.cif	5.86
model_4crc_656.cif	6.42
model_4crc_661.cif	7.00
model_4crc_665.cif	7.53
model_4crc_673.cif	4.30
model_4crc_680.cif	4.84
model_4crc_682.cif	6.33
model_4crc_685.cif	7.32
model_4crc_694.cif	6.72
model_4crc_716.cif	8.74
model_4crc_717.cif	1.83
model_4crc_724.cif	8.78
model_4crc_734.cif	9.20
model_4crc_743.cif	8.38
model_4crc_758.cif	8.05
model_4crc_770.cif	8.06
model_4crc_821.cif	6.47
model_4crc_840.cif	4.75
model_4crc_968.cif	1.57
model_4crc_99.cif	1.04
model_4crc_ligand.cif	0.00
model_4ddh_1.cif	0.45
model_4ddh_13.cif	0.86
model_4ddh_130.cif	1.56
model_4ddh_181.cif	5.91
model_4ddh_27.cif	1.97
model_4ddh_270.cif	1.94
model_4ddh_294.cif	0.69
model_4ddh_296.cif	2.03
model_4ddh_343.cif	5.94
model_4ddh_349.cif	6.62
model_4ddh_401.cif	4.43
model_4ddh_416.cif	0.99
model_4ddh_421.cif	5.82
model_4ddh_422.cif	3.23
model_4ddh_427.cif	1.25
model_4ddh_432.cif	0.97
model_4ddh_439.cif	2.12
model_4ddh_448.cif	5.06
model_4ddh_455.cif	4.97
model_4ddh_459.cif	4.71
model_4ddh_462.cif	3.71
model_4ddh_465.cif	2.68
model_4ddh_466.cif	2.01
model_4ddh_471.cif	4.50
model_4ddh_489.cif	4.14
model_4ddh_490.cif	2.53
model_4ddh_500.cif	3.00
model_4ddh_507.cif	4.35
model_4ddh_514.cif	0.97
model_4ddh_519.cif	0.57
model_4ddh_530.cif	2.92
model_4ddh_542.cif	3.22
model_4ddh_543.cif	2.00
model_4ddh_545.cif	3.67
model_4ddh_547.cif	2.78
model_4ddh_548.cif	1.63
model_4ddh_555.cif	4.94
model_4ddh_559.cif	3.67
model_4ddh_564.cif	5.02
model_4ddh_574.cif	1.99
model_4ddh_589.cif	1.85
model_4ddh_591.cif	4.79
model_4ddh_592.cif	5.97
model_4ddh_593.cif	5.42
model_4ddh_620.cif	3.70
model_4ddh_632.cif	6.87
model_4ddh_641.cif	1.80
model_4ddh_649.cif	5.32
model_4ddh_651.cif	2.42
model_4ddh_659.cif	6.87
model_4ddh_671.cif	5.37
model_4ddh_684.cif	7.26
model_4ddh_688.cif	1.56
model_4ddh_734.cif	0.95
model_4ddh_754.cif	5.62
model_4ddh_762.cif	7.71
model_4ddh_763.cif	7.70
model_4ddh_764.cif	7.68
model_4ddh_770.cif	6.21
model_4ddh_771.cif	3.59
model_4ddh_773.cif	6.71
model_4ddh_774.cif	6.69
model_4ddh_781.cif	7.82
model_4ddh_782.cif	2.18
model_4ddh_783.cif	6.84
model_4ddh_784.cif	4.55
model_4ddh_79.cif	0.80
model_4ddh_794.cif	6.94
model_4ddh_795.cif	7.10
model_4ddh_796.cif	8.10
model_4ddh_80.cif	3.29
model_4ddh_843.cif	3.04
model_4ddh_868.cif	6.50
model_4ddh_882.cif	3.96
model_4ddh_885.cif	6.38
model_4ddh_911.cif	0.30
model_4ddh_971.cif	4.78
model_4ddh_ligand.cif	0.00
model_4ddk_11.cif	2.91
model_4ddk_113.cif	6.26
model_4ddk_170.cif	7.39
model_4ddk_184.cif	2.78
model_4ddk_296.cif	3.85
model_4ddk_303.cif	0.26
model_4ddk_327.cif	0.31
model_4ddk_34.cif	2.83
model_4ddk_345.cif	0.46
model_4ddk_359.cif	0.82
model_4ddk_361.cif	0.57
model_4ddk_391.cif	0.42
model_4ddk_402.cif	2.87
model_4ddk_406.cif	0.60
model_4ddk_41.cif	3.03
model_4ddk_410.cif	0.91
model_4ddk_413.cif	3.30
model_4ddk_419.cif	2.35
model_4ddk_431.cif	1.74
model_4ddk_432.cif	1.34
model_4ddk_438.cif	1.95
model_4ddk_443.cif	1.01
model_4ddk_444.cif	1.57
model_4ddk_445.cif	4.35
model_4ddk_450.cif	1.30
model_4ddk_451.cif	4.34
model_4ddk_457.cif	4.79
model_4ddk_460.cif	2.47
model_4ddk_464.cif	2.10
model_4ddk_466.cif	5.69
model_4ddk_467.cif	4.28
model_4ddk_470.cif	1.56
model_4ddk_476.cif	3.30
model_4ddk_479.cif	5.87
model_4ddk_485.cif	6.21
model_4ddk_487.cif	2.96
model_4ddk_488.cif	5.67
model_4ddk_496.cif	4.33
model_4ddk_515.cif	5.60
model_4ddk_525.cif	4.64
model_4ddk_528.cif	4.58
model_4ddk_53.cif	9.62
model_4ddk_535.cif	4.88
model_4ddk_536.cif	7.07
model_4ddk_538.cif	4.51
model_4ddk_541.cif	2.07
model_4ddk_542.cif	5.13
model_4ddk_543.cif	5.89
model_4ddk_546.cif	0.98
model_4ddk_550.cif	6.97
model_4ddk_568.cif	3.45
model_4ddk_580.cif	7.32
model_4ddk_583.cif	1.70
model_4ddk_59.cif	8.61
model_4ddk_596.cif	6.67
model_4ddk_606.cif	6.89
model_4ddk_621.cif	4.23
model_4ddk_628.cif	5.56
model_4ddk_632.cif	3.88
model_4ddk_642.cif	1.26
model_4ddk_644.cif	7.55
model_4ddk_650.cif	3.84
model_4ddk_651.cif	7.80
model_4ddk_652.cif	3.20
model_4ddk_660.cif	6.33
model_4ddk_664.cif	2.95
model_4ddk_672.cif	1.29
model_4ddk_680.cif	5.96
model_4ddk_684.cif	6.52
model_4ddk_689.cif	7.66
model_4ddk_696.cif	6.16
model_4ddk_709.cif	7.45
model_4ddk_726.cif	8.69
model_4ddk_751.cif	3.74
model_4ddk_755.cif	7.36
model_4ddk_767.cif	8.20
model_4ddk_771.cif	8.09
model_4ddk_773.cif	8.40
model_4ddk_776.cif	6.53
model_4ddk_78.cif	3.49
model_4ddk_782.cif	7.93
model_4ddk_811.cif	9.80
model_4ddk_812.cif	9.73
model_4ddk_813.cif	9.99
model_4ddk_815.cif	9.99
model_4ddk_820.cif	7.09
model_4ddk_836.cif	8.06
model_4ddk_872.cif	8.36
model_4ddk_878.cif	8.77
model_4ddk_881.cif	8.35
model_4ddk_882.cif	8.07
model_4ddk_89.cif	5.52
model_4ddk_925.cif	9.75
model_4ddk_939.cif	0.87
model_4ddk_951.cif	9.86
model_4ddk_953.cif	9.86
model_4ddk_959.cif	9.85
model_4ddk_962.cif	5.66
model_4ddk_970.cif	6.33
model_4ddk_ligand.cif	0.00
model_4de1_105.cif	9.30
model_4de1_110.cif	4.24
model_4de1_127.cif	6.24
model_4de1_14.cif	9.15
model_4de1_142.cif	9.09
model_4de1_150.cif	9.68
model_4de1_176.cif	9.34
model_4de1_190.cif	0.24
model_4de1_191.cif	7.92
model_4de1_195.cif	0.77
model_4de1_196.cif	7.38
model_4de1_199.cif	5.96
model_4de1_203.cif	7.12
model_4de1_215.cif	0.47
model_4de1_237.cif	0.77
model_4de1_25.cif	7.85
model_4de1_275.cif	0.89
model_4de1_277.cif	0.83
model_4de1_289.cif	0.46
model_4de1_292.cif	0.59
model_4de1_309.cif	4.48
model_4de1_317.cif	4.24
model_4de1_340.cif	6.48
model_4de1_366.cif	0.56
model_4de1_370.cif	9.07
model_4de1_405.cif	7.05
model_4de1_407.cif	5.21
model_4de1_408.cif	4.55
model_4de1_412.cif	6.92
model_4de1_424.cif	1.08
model_4de1_425.cif	5.34
model_4de1_426.cif	1.28
model_4de1_431.cif	8.32
model_4de1_432.cif	0.98
model_4de1_433.cif	1.46
model_4de1_436.cif	7.32
model_4de1_438.cif	1.33
model_4de1_440.cif	8.22
model_4de1_458.cif	6.22
model_4de1_460.cif	7.96
model_4de1_466.cif	3.83
model_4de1_474.cif	7.06
model_4de1_482.cif	3.99
model_4de1_484.cif	1.74
model_4de1_487.cif	4.18
model_4de1_491.cif	6.24
model_4de1_509.cif	2.38
model_4de1_514.cif	2.91
model_4de1_519.cif	3.03
model_4de1_521.cif	2.75
model_4de1_531.cif	7.50
model_4de1_538.cif	3.40
model_4de1_541.cif	3.65
model_4de1_545.cif	5.86
model_4de1_550.cif	4.38
model_4de1_552.cif	4.28
model_4de1_553.cif	1.82
model_4de1_558.cif	6.17
model_4de1_564.cif	2.28
model_4de1_567.cif	1.78
model_4de1_575.cif	3.86
model_4de1_579.cif	5.29
model_4de1_581.cif	1.56
model_4de1_582.cif	3.01
model_4de1_586.cif	4.79
model_4de1_590.cif	4.65
model_4de1_593.cif	5.53
model_4de1_596.cif	5.15
model_4de1_598.cif	3.18
model_4de1_620.cif	3.44
model_4de1_633.cif	1.72
model_4de1_636.cif	6.18
model_4de1_659.cif	5.28
model_4de1_661.cif	1.85
model_4de1_664.cif	6.46
model_4de1_667.cif	2.66
model_4de1_674.cif	2.12
model_4de1_675.cif	2.82
model_4de1_676.cif	2.03
model_4de1_682.cif	4.82
model_4de1_697.cif	6.57
model_4de1_699.cif	2.55
model_4de1_711.cif	6.74
model_4de1_715.cif	5.74
model_4de1_728.cif	9.27
model_4de1_733.cif	9.17
model_4de1_738.cif	5.53
model_4de1_742.cif	8.97
model_4de1_744.cif	9.11
model_4de1_745.cif	8.91
model_4de1_748.cif	9.12
model_4de1_749.cif	8.99
model_4de1_750.cif	8.98
model_4de1_753.cif	8.91
model_4de1_755.cif	8.94
model_4de1_759.cif	8.80
model_4de1_761.cif	8.74
model_4de1_811.cif	7.48
model_4de1_84.cif	3.27
model_4de1_88.cif	2.54
model_4de1_ligand.cif	0.00
model_4de2_108.cif	0.72
model_4de2_129.cif	9.68
model_4de2_137.cif	1.01
model_4de2_138.cif	3.01
model_4de2_148.cif	1.50
model_4de2_158.cif	9.65
model_4de2_166.cif	7.30
model_4de2_175.cif	9.68
model_4de2_2.cif	3.42
model_4de2_214.cif	0.73
model_4de2_224.cif	7.62
model_4de2_236.cif	7.18
model_4de2_246.cif	7.00
model_4de2_268.cif	7.68
model_4de2_287.cif	8.09
model_4de2_290.cif	0.74
model_4de2_291.cif	0.90
model_4de2_292.cif	0.58
model_4de2_305.cif	0.71
model_4de2_333.cif	0.43
model_4de2_338.cif	1.11
model_4de2_371.cif	0.85
model_4de2_381.cif	2.89
model_4de2_385.cif	0.74
model_4de2_401.cif	8.14
model_4de2_410.cif	8.48
model_4de2_427.cif	9.18
model_4de2_441.cif	1.67
model_4de2_450.cif	8.87
model_4de2_451.cif	2.01
model_4de2_459.cif	3.86
model_4de2_468.cif	6.86
model_4de2_469.cif	3.20
model_4de2_483.cif	2.02
model_4de2_490.cif	4.43
model_4de2_501.cif	4.97
model_4de2_506.cif	4.57
model_4de2_512.cif	2.42
model_4de2_513.cif	3.71
model_4de2_514.cif	5.48
model_4de2_521.cif	4.36
model_4de2_522.cif	5.77
model_4de2_523.cif	1.95
model_4de2_526.cif	7.37
model_4de2_542.cif	4.60
model_4de2_544.cif	8.15
model_4de2_546.cif	8.35
model_4de2_557.cif	3.90
model_4de2_560.cif	2.52
model_4de2_561.cif	5.51
model_4de2_562.cif	5.22
model_4de2_567.cif	2.06
model_4de2_571.cif	5.18
model_4de2_572.cif	2.97
model_4de2_575.cif	1.82
model_4de2_577.cif	1.14
model_4de2_58.cif	2.38
model_4de2_580.cif	2.55
model_4de2_583.cif	6.23
model_4de2_584.cif	3.19
model_4de2_590.cif	4.47
model_4de2_595.cif	6.49
model_4de2_596.cif	6.00
model_4de2_600.cif	8.34
model_4de2_607.cif	5.46
model_4de2_612.cif	3.98
model_4de2_622.cif	7.57
model_4de2_623.cif	4.72
model_4de2_641.cif	8.56
model_4de2_653.cif	6.29
model_4de2_670.cif	6.87
model_4de2_673.cif	5.71
model_4de2_676.cif	5.30
model_4de2_694.cif	8.29
model_4de2_715.cif	6.96
model_4de2_724.cif	1.20
model_4de2_737.cif	6.21
model_4de2_738.cif	3.54
model_4de2_749.cif	0.92
model_4de2_76.cif	2.60
model_4de2_762.cif	7.62
model_4de2_769.cif	5.35
model_4de2_773.cif	8.60
model_4de2_778.cif	9.88
model_4de2_781.cif	7.55
model_4de2_782.cif	7.11
model_4de2_788.cif	4.18
model_4de2_790.cif	6.78
model_4de2_795.cif	6.94
model_4de2_821.cif	4.72
model_4de2_826.cif	1.94
model_4de2_866.cif	4.85
model_4de2_881.cif	1.58
model_4de2_942.cif	9.28
model_4de2_943.cif	7.44
model_4de2_952.cif	3.93
model_4de2_974.cif	9.98
model_4de2_ligand.cif	0.00
model_4de3_112.cif	6.26
model_4de3_209.cif	7.05
model_4de3_211.cif	0.97
model_4de3_217.cif	6.87
model_4de3_232.cif	1.85
model_4de3_234.cif	6.97
model_4de3_245.cif	0.86
model_4de3_249.cif	5.40
model_4de3_252.cif	7.10
model_4de3_254.cif	0.62
model_4de3_260.cif	0.98
model_4de3_270.cif	1.05
model_4de3_275.cif	0.98
model_4de3_282.cif	6.92
model_4de3_283.cif	1.42
model_4de3_288.cif	1.23
model_4de3_293.cif	4.02
model_4de3_322.cif	0.54
model_4de3_350.cif	0.97
model_4de3_358.cif	0.53
model_4de3_361.cif	5.03
model_4de3_371.cif	0.56
model_4de3_375.cif	0.40
model_4de3_419.cif	1.24
model_4de3_429.cif	3.44
model_4de3_461.cif	7.15
model_4de3_467.cif	1.63
model_4de3_474.cif	1.82
model_4de3_477.cif	2.51
model_4de3_481.cif	6.66
model_4de3_483.cif	5.20
model_4de3_495.cif	1.94
model_4de3_499.cif	2.11
model_4de3_510.cif	4.82
model_4de3_513.cif	3.09
model_4de3_519.cif	3.11
model_4de3_533.cif	7.25
model_4de3_539.cif	2.42
model_4de3_545.cif	7.98
model_4de3_555.cif	3.77
model_4de3_556.cif	4.32
model_4de3_557.cif	2.82
model_4de3_560.cif	6.95
model_4de3_563.cif	3.01
model_4de3_564.cif	3.96
model_4de3_569.cif	4.32
model_4de3_572.cif	7.08
model_4de3_576.cif	2.51
model_4de3_583.cif	5.04
model_4de3_591.cif	2.66
model_4de3_593.cif	1.75
model_4de3_594.cif	1.89
model_4de3_599.cif	3.77
model_4de3_631.cif	5.32
model_4de3_634.cif	2.37
model_4de3_655.cif	4.79
model_4de3_660.cif	4.88
model_4de3_661.cif	5.58
model_4de3_666.cif	4.86
model_4de3_669.cif	6.22
model_4de3_673.cif	6.16
model_4de3_681.cif	8.57
model_4de3_688.cif	3.43
model_4de3_691.cif	2.04
model_4de3_694.cif	3.33
model_4de3_695.cif	2.03
model_4de3_717.cif	9.63
model_4de3_740.cif	5.49
model_4de3_746.cif	3.49
model_4de3_748.cif	4.97
model_4de3_756.cif	8.36
model_4de3_757.cif	9.12
model_4de3_760.cif	8.68
model_4de3_762.cif	6.85
model_4de3_764.cif	8.70
model_4de3_767.cif	9.04
model_4de3_769.cif	9.35
model_4de3_771.cif	4.28
model_4de3_780.cif	9.65
model_4de3_782.cif	4.31
model_4de3_783.cif	8.17
model_4de3_786.cif	8.77
model_4de3_788.cif	9.23
model_4de3_816.cif	7.45
model_4de3_853.cif	7.41
model_4de3_859.cif	9.34
model_4de3_860.cif	7.01
model_4de3_863.cif	9.25
model_4de3_873.cif	6.89
model_4de3_879.cif	5.74
model_4de3_891.cif	8.27
model_4de3_892.cif	8.29
model_4de3_919.cif	7.71
model_4de3_928.cif	8.67
model_4de3_94.cif	2.55
model_4de3_945.cif	5.81
model_4de3_946.cif	8.58
model_4de3_951.cif	9.35
model_4de3_959.cif	9.12
model_4de3_960.cif	5.99
model_4de3_ligand.cif	0.00
model_4djv_105.cif	1.84
model_4djv_136.cif	5.51
model_4djv_159.cif	5.17
model_4djv_164.cif	0.49
model_4djv_17.cif	5.88
model_4djv_175.cif	1.74
model_4djv_2.cif	6.30
model_4djv_21.cif	4.68
model_4djv_212.cif	0.43
model_4djv_29.cif	5.19
model_4djv_314.cif	1.09
model_4djv_33.cif	6.45
model_4djv_335.cif	0.61
model_4djv_336.cif	0.64
model_4djv_349.cif	0.40
model_4djv_380.cif	0.46
model_4djv_388.cif	0.56
model_4djv_399.cif	0.64
model_4djv_401.cif	1.36
model_4djv_402.cif	3.70
model_4djv_406.cif	3.34
model_4djv_412.cif	3.71
model_4djv_416.cif	4.71
model_4djv_421.cif	2.57
model_4djv_422.cif	2.77
model_4djv_427.cif	1.99
model_4djv_431.cif	3.52
model_4djv_433.cif	4.24
model_4djv_434.cif	3.17
model_4djv_436.cif	5.21
model_4djv_438.cif	3.61
model_4djv_446.cif	1.59
model_4djv_447.cif	2.69
model_4djv_452.cif	1.99
model_4djv_457.cif	4.64
model_4djv_467.cif	3.90
model_4djv_476.cif	2.98
model_4djv_483.cif	2.91
model_4djv_491.cif	2.56
model_4djv_492.cif	1.76
model_4djv_496.cif	1.93
model_4djv_497.cif	2.30
model_4djv_521.cif	7.51
model_4djv_533.cif	6.49
model_4djv_544.cif	4.98
model_4djv_546.cif	3.91
model_4djv_551.cif	4.76
model_4djv_557.cif	1.56
model_4djv_561.cif	5.45
model_4djv_563.cif	3.92
model_4djv_570.cif	6.12
model_4djv_58.cif	6.03
model_4djv_584.cif	8.09
model_4djv_590.cif	3.71
model_4djv_592.cif	6.13
model_4djv_607.cif	4.73
model_4djv_612.cif	7.17
model_4djv_615.cif	7.46
model_4djv_617.cif	5.48
model_4djv_637.cif	4.04
model_4djv_640.cif	5.53
model_4djv_650.cif	2.77
model_4djv_659.cif	4.59
model_4djv_661.cif	7.45
model_4djv_666.cif	6.27
model_4djv_672.cif	2.56
model_4djv_675.cif	5.63
model_4djv_676.cif	4.59
model_4djv_677.cif	6.42
model_4djv_687.cif	2.23
model_4djv_694.cif	7.49
model_4djv_696.cif	5.65
model_4djv_7.cif	0.88
model_4djv_701.cif	0.42
model_4djv_823.cif	7.13
model_4djv_830.cif	7.09
model_4djv_900.cif	7.29
model_4djv_913.cif	6.45
model_4djv_923.cif	7.15
model_4djv_957.cif	7.01
model_4djv_97.cif	6.36
model_4djv_ligand.cif	0.00
model_4dld_109.cif	7.01
model_4dld_178.cif	0.88
model_4dld_198.cif	6.70
model_4dld_199.cif	6.34
model_4dld_207.cif	0.53
model_4dld_208.cif	0.51
model_4dld_211.cif	0.34
model_4dld_249.cif	1.94
model_4dld_252.cif	2.24
model_4dld_260.cif	1.85
model_4dld_261.cif	1.02
model_4dld_262.cif	1.00
model_4dld_282.cif	1.34
model_4dld_285.cif	0.87
model_4dld_293.cif	0.85
model_4dld_300.cif	0.96
model_4dld_313.cif	6.30
model_4dld_314.cif	5.60
model_4dld_369.cif	5.28
model_4dld_408.cif	4.23
model_4dld_410.cif	0.80
model_4dld_422.cif	3.03
model_4dld_425.cif	4.89
model_4dld_427.cif	5.23
model_4dld_428.cif	1.93
model_4dld_438.cif	2.77
model_4dld_441.cif	3.79
model_4dld_455.cif	2.65
model_4dld_457.cif	3.48
model_4dld_464.cif	5.21
model_4dld_466.cif	2.28
model_4dld_473.cif	4.44
model_4dld_474.cif	4.55
model_4dld_478.cif	5.29
model_4dld_490.cif	4.61
model_4dld_497.cif	2.64
model_4dld_499.cif	3.67
model_4dld_500.cif	2.47
model_4dld_501.cif	3.71
model_4dld_506.cif	6.15
model_4dld_517.cif	2.43
model_4dld_535.cif	6.61
model_4dld_539.cif	6.47
model_4dld_540.cif	5.84
model_4dld_545.cif	6.35
model_4dld_548.cif	4.05
model_4dld_557.cif	5.28
model_4dld_567.cif	3.93
model_4dld_568.cif	7.20
model_4dld_573.cif	4.54
model_4dld_576.cif	4.34
model_4dld_577.cif	4.82
model_4dld_581.cif	5.23
model_4dld_583.cif	2.89
model_4dld_598.cif	6.79
model_4dld_631.cif	5.30
model_4dld_636.cif	3.95
model_4dld_649.cif	6.15
model_4dld_653.cif	3.75
model_4dld_659.cif	6.24
model_4dld_677.cif	5.73
model_4dld_709.cif	1.02
model_4dld_728.cif	1.08
model_4dld_740.cif	3.53
model_4dld_747.cif	3.00
model_4dld_752.cif	3.01
model_4dld_79.cif	4.50
model_4dld_811.cif	2.05
model_4dld_826.cif	1.36
model_4dld_873.cif	1.13
model_4dld_900.cif	0.93
model_4dld_947.cif	1.20
model_4dld_ligand.cif	0.00
model_4dli_136.cif	0.78
model_4dli_154.cif	0.56
model_4dli_409.cif	4.19
model_4dli_414.cif	0.89
model_4dli_42.cif	0.41
model_4dli_422.cif	2.64
model_4dli_426.cif	1.00
model_4dli_431.cif	2.82
model_4dli_447.cif	4.30
model_4dli_455.cif	2.44
model_4dli_465.cif	1.66
model_4dli_481.cif	4.53
model_4dli_486.cif	2.34
model_4dli_489.cif	2.37
model_4dli_498.cif	4.31
model_4dli_501.cif	1.06
model_4dli_502.cif	1.67
model_4dli_504.cif	0.90
model_4dli_505.cif	4.19
model_4dli_521.cif	1.38
model_4dli_524.cif	1.15
model_4dli_530.cif	1.73
model_4dli_546.cif	6.69
model_4dli_547.cif	3.99
model_4dli_550.cif	2.74
model_4dli_567.cif	3.05
model_4dli_57.cif	0.53
model_4dli_571.cif	4.23
model_4dli_573.cif	7.42
model_4dli_575.cif	1.59
model_4dli_580.cif	6.93
model_4dli_587.cif	7.36
model_4dli_591.cif	7.51
model_4dli_594.cif	7.35
model_4dli_595.cif	6.13
model_4dli_637.cif	4.51
model_4dli_641.cif	4.70
model_4dli_659.cif	3.36
model_4dli_660.cif	1.06
model_4dli_664.cif	2.13
model_4dli_666.cif	4.91
model_4dli_679.cif	3.96
model_4dli_684.cif	3.90
model_4dli_693.cif	1.42
model_4dli_710.cif	3.29
model_4dli_734.cif	2.24
model_4dli_738.cif	3.96
model_4dli_750.cif	2.56
model_4dli_756.cif	5.05
model_4dli_759.cif	4.57
model_4dli_769.cif	0.95
model_4dli_770.cif	7.20
model_4dli_772.cif	5.62
model_4dli_776.cif	5.10
model_4dli_777.cif	5.06
model_4dli_778.cif	6.40
model_4dli_781.cif	6.43
model_4dli_783.cif	6.67
model_4dli_784.cif	2.22
model_4dli_786.cif	8.50
model_4dli_787.cif	5.49
model_4dli_788.cif	6.11
model_4dli_789.cif	0.99
model_4dli_792.cif	6.33
model_4dli_793.cif	3.82
model_4dli_868.cif	3.32
model_4dli_895.cif	3.24
model_4dli_948.cif	1.19
model_4dli_96.cif	0.44
model_4dli_ligand.cif	0.00
model_4e5w_109.cif	9.41
model_4e5w_121.cif	0.15
model_4e5w_13.cif	7.18
model_4e5w_141.cif	1.92
model_4e5w_151.cif	6.39
model_4e5w_17.cif	7.56
model_4e5w_174.cif	0.49
model_4e5w_202.cif	0.33
model_4e5w_24.cif	5.14
model_4e5w_247.cif	0.23
model_4e5w_286.cif	0.40
model_4e5w_3.cif	2.18
model_4e5w_310.cif	0.75
model_4e5w_320.cif	1.16
model_4e5w_336.cif	7.64
model_4e5w_344.cif	0.63
model_4e5w_360.cif	3.40
model_4e5w_367.cif	2.02
model_4e5w_384.cif	2.00
model_4e5w_4.cif	5.20
model_4e5w_406.cif	5.98
model_4e5w_416.cif	4.88
model_4e5w_436.cif	5.24
model_4e5w_441.cif	3.52
model_4e5w_442.cif	4.14
model_4e5w_444.cif	6.84
model_4e5w_445.cif	1.78
model_4e5w_447.cif	9.28
model_4e5w_448.cif	6.30
model_4e5w_451.cif	2.96
model_4e5w_452.cif	8.82
model_4e5w_453.cif	2.78
model_4e5w_457.cif	4.75
model_4e5w_464.cif	8.44
model_4e5w_469.cif	3.06
model_4e5w_47.cif	6.38
model_4e5w_476.cif	2.51
model_4e5w_479.cif	6.11
model_4e5w_483.cif	5.04
model_4e5w_484.cif	10.00
model_4e5w_486.cif	4.98
model_4e5w_489.cif	5.57
model_4e5w_508.cif	3.16
model_4e5w_518.cif	7.20
model_4e5w_52.cif	4.01
model_4e5w_526.cif	2.98
model_4e5w_528.cif	2.36
model_4e5w_531.cif	7.67
model_4e5w_536.cif	6.10
model_4e5w_542.cif	3.23
model_4e5w_543.cif	9.77
model_4e5w_549.cif	8.94
model_4e5w_552.cif	3.75
model_4e5w_553.cif	6.99
model_4e5w_560.cif	6.45
model_4e5w_563.cif	7.74
model_4e5w_575.cif	9.80
model_4e5w_577.cif	5.44
model_4e5w_579.cif	7.46
model_4e5w_58.cif	4.89
model_4e5w_583.cif	8.56
model_4e5w_585.cif	9.07
model_4e5w_586.cif	5.17
model_4e5w_590.cif	9.98
model_4e5w_592.cif	5.96
model_4e5w_593.cif	8.87
model_4e5w_597.cif	7.78
model_4e5w_599.cif	9.56
model_4e5w_606.cif	7.73
model_4e5w_617.cif	3.07
model_4e5w_631.cif	4.13
model_4e5w_639.cif	8.57
model_4e5w_641.cif	7.70
model_4e5w_647.cif	1.56
model_4e5w_652.cif	1.98
model_4e5w_658.cif	4.62
model_4e5w_659.cif	5.80
model_4e5w_663.cif	9.54
model_4e5w_664.cif	3.67
model_4e5w_668.cif	8.04
model_4e5w_673.cif	3.27
model_4e5w_675.cif	3.67
model_4e5w_676.cif	4.99
model_4e5w_679.cif	6.03
model_4e5w_682.cif	8.37
model_4e5w_684.cif	8.43
model_4e5w_694.cif	1.56
model_4e5w_698.cif	4.23
model_4e5w_699.cif	8.28
model_4e5w_7.cif	2.32
model_4e5w_76.cif	9.88
model_4e5w_779.cif	0.86
model_4e5w_789.cif	2.32
model_4e5w_803.cif	1.97
model_4e5w_808.cif	1.86
model_4e5w_821.cif	2.20
model_4e5w_883.cif	0.39
model_4e5w_905.cif	1.24
model_4e5w_91.cif	6.74
model_4e5w_96.cif	0.71
model_4e5w_ligand.cif	0.00
model_4e6q_12.cif	2.23
model_4e6q_120.cif	0.39
model_4e6q_132.cif	0.96
model_4e6q_143.cif	1.02
model_4e6q_226.cif	2.06
model_4e6q_249.cif	0.65
model_4e6q_265.cif	0.57
model_4e6q_301.cif	0.87
model_4e6q_402.cif	1.02
model_4e6q_406.cif	1.75
model_4e6q_409.cif	0.82
model_4e6q_420.cif	5.22
model_4e6q_422.cif	1.11
model_4e6q_423.cif	1.22
model_4e6q_426.cif	3.10
model_4e6q_430.cif	2.12
model_4e6q_435.cif	2.51
model_4e6q_449.cif	1.68
model_4e6q_459.cif	6.88
model_4e6q_468.cif	3.16
model_4e6q_477.cif	5.54
model_4e6q_483.cif	4.92
model_4e6q_487.cif	5.90
model_4e6q_491.cif	1.92
model_4e6q_496.cif	1.86
model_4e6q_499.cif	1.74
model_4e6q_536.cif	4.12
model_4e6q_540.cif	3.45
model_4e6q_545.cif	3.22
model_4e6q_547.cif	1.43
model_4e6q_558.cif	5.65
model_4e6q_561.cif	5.09
model_4e6q_563.cif	6.76
model_4e6q_568.cif	4.07
model_4e6q_573.cif	6.25
model_4e6q_577.cif	4.70
model_4e6q_578.cif	5.66
model_4e6q_580.cif	6.18
model_4e6q_586.cif	6.48
model_4e6q_587.cif	7.64
model_4e6q_635.cif	2.22
model_4e6q_643.cif	3.33
model_4e6q_645.cif	3.11
model_4e6q_646.cif	3.10
model_4e6q_666.cif	7.24
model_4e6q_673.cif	2.21
model_4e6q_680.cif	7.04
model_4e6q_689.cif	4.91
model_4e6q_697.cif	4.98
model_4e6q_699.cif	2.11
model_4e6q_730.cif	5.46
model_4e6q_734.cif	6.91
model_4e6q_739.cif	3.50
model_4e6q_742.cif	6.33
model_4e6q_743.cif	7.33
model_4e6q_746.cif	6.39
model_4e6q_747.cif	9.32
model_4e6q_748.cif	7.23
model_4e6q_749.cif	2.44
model_4e6q_752.cif	6.41
model_4e6q_756.cif	2.65
model_4e6q_757.cif	8.36
model_4e6q_759.cif	3.45
model_4e6q_760.cif	2.89
model_4e6q_763.cif	4.06
model_4e6q_764.cif	5.12
model_4e6q_771.cif	4.44
model_4e6q_776.cif	3.83
model_4e6q_780.cif	8.32
model_4e6q_785.cif	7.19
model_4e6q_786.cif	7.58
model_4e6q_788.cif	4.44
model_4e6q_791.cif	4.98
model_4e6q_798.cif	5.44
model_4e6q_847.cif	0.89
model_4e6q_85.cif	0.49
model_4e6q_873.cif	0.99
model_4e6q_884.cif	5.39
model_4e6q_891.cif	8.53
model_4e6q_895.cif	6.51
model_4e6q_936.cif	0.96
model_4e6q_ligand.cif	0.00
model_4ea2_216.cif	7.96
model_4ea2_226.cif	1.25
model_4ea2_232.cif	7.55
model_4ea2_238.cif	2.71
model_4ea2_25.cif	1.81
model_4ea2_270.cif	6.90
model_4ea2_364.cif	1.70
model_4ea2_407.cif	1.77
model_4ea2_408.cif	5.53
model_4ea2_411.cif	1.71
model_4ea2_442.cif	2.55
model_4ea2_444.cif	2.79
model_4ea2_456.cif	1.88
model_4ea2_485.cif	3.97
model_4ea2_499.cif	1.94
model_4ea2_526.cif	6.77
model_4ea2_53.cif	5.10
model_4ea2_530.cif	7.04
model_4ea2_531.cif	3.72
model_4ea2_534.cif	5.49
model_4ea2_539.cif	4.53
model_4ea2_555.cif	4.17
model_4ea2_565.cif	4.95
model_4ea2_568.cif	4.49
model_4ea2_576.cif	5.39
model_4ea2_58.cif	7.46
model_4ea2_59.cif	7.47
model_4ea2_592.cif	5.80
model_4ea2_598.cif	4.60
model_4ea2_603.cif	6.14
model_4ea2_607.cif	4.11
model_4ea2_615.cif	6.69
model_4ea2_617.cif	6.75
model_4ea2_619.cif	5.80
model_4ea2_621.cif	2.46
model_4ea2_625.cif	3.99
model_4ea2_639.cif	2.22
model_4ea2_640.cif	3.16
model_4ea2_645.cif	6.33
model_4ea2_653.cif	7.11
model_4ea2_661.cif	6.76
model_4ea2_662.cif	8.13
model_4ea2_663.cif	7.10
model_4ea2_666.cif	2.04
model_4ea2_671.cif	6.09
model_4ea2_673.cif	4.71
model_4ea2_678.cif	5.07
model_4ea2_684.cif	7.09
model_4ea2_688.cif	4.62
model_4ea2_692.cif	5.19
model_4ea2_696.cif	7.30
model_4ea2_698.cif	2.22
model_4ea2_72.cif	6.57
model_4ea2_722.cif	1.99
model_4ea2_737.cif	4.13
model_4ea2_748.cif	3.44
model_4ea2_749.cif	5.02
model_4ea2_77.cif	6.13
model_4ea2_775.cif	3.52
model_4ea2_785.cif	3.48
model_4ea2_787.cif	3.35
model_4ea2_793.cif	5.43
model_4ea2_794.cif	4.82
model_4ea2_798.cif	3.64
model_4ea2_809.cif	1.06
model_4ea2_819.cif	2.38
model_4ea2_867.cif	2.96
model_4ea2_895.cif	1.55
model_4ea2_96.cif	7.25
model_4ea2_961.cif	2.54
model_4ea2_998.cif	3.09
model_4ea2_ligand.cif	0.00
model_4eky_274.cif	3.90
model_4eky_287.cif	4.05
model_4eky_32.cif	0.89
model_4eky_38.cif	0.63
model_4eky_407.cif	1.57
model_4eky_416.cif	6.23
model_4eky_419.cif	1.38
model_4eky_424.cif	6.26
model_4eky_425.cif	1.53
model_4eky_430.cif	0.86
model_4eky_433.cif	1.66
model_4eky_438.cif	5.34
model_4eky_443.cif	5.21
model_4eky_448.cif	5.44
model_4eky_461.cif	5.27
model_4eky_475.cif	3.10
model_4eky_478.cif	5.98
model_4eky_485.cif	3.88
model_4eky_495.cif	1.37
model_4eky_496.cif	2.91
model_4eky_534.cif	5.12
model_4eky_538.cif	3.76
model_4eky_546.cif	4.14
model_4eky_565.cif	2.11
model_4eky_568.cif	8.20
model_4eky_582.cif	2.30
model_4eky_599.cif	6.26
model_4eky_609.cif	6.11
model_4eky_619.cif	6.13
model_4eky_636.cif	7.71
model_4eky_638.cif	7.13
model_4eky_639.cif	3.42
model_4eky_640.cif	7.33
model_4eky_641.cif	4.79
model_4eky_647.cif	6.32
model_4eky_649.cif	6.59
model_4eky_651.cif	6.25
model_4eky_659.cif	7.28
model_4eky_668.cif	4.29
model_4eky_673.cif	5.87
model_4eky_678.cif	5.58
model_4eky_680.cif	4.49
model_4eky_693.cif	7.70
model_4eky_699.cif	7.78
model_4eky_700.cif	1.56
model_4eky_720.cif	2.98
model_4eky_725.cif	0.96
model_4eky_727.cif	4.34
model_4eky_730.cif	2.06
model_4eky_741.cif	3.85
model_4eky_742.cif	2.70
model_4eky_755.cif	1.00
model_4eky_759.cif	3.63
model_4eky_763.cif	1.75
model_4eky_767.cif	2.21
model_4eky_768.cif	4.31
model_4eky_770.cif	5.27
model_4eky_771.cif	3.91
model_4eky_772.cif	6.35
model_4eky_773.cif	4.28
model_4eky_774.cif	4.07
model_4eky_776.cif	6.20
model_4eky_777.cif	2.95
model_4eky_778.cif	5.16
model_4eky_779.cif	4.65
model_4eky_830.cif	3.17
model_4eky_842.cif	2.17
model_4eky_848.cif	3.08
model_4eky_856.cif	1.92
model_4eky_875.cif	2.97
model_4eky_876.cif	1.97
model_4eky_883.cif	0.76
model_4eky_899.cif	0.67
model_4eky_908.cif	0.72
model_4eky_941.cif	0.81
model_4eky_969.cif	0.85
model_4eky_972.cif	1.02
model_4eky_ligand.cif	0.00
model_4eo8_12.cif	0.39
model_4eo8_14.cif	1.02
model_4eo8_148.cif	0.73
model_4eo8_15.cif	1.16
model_4eo8_206.cif	0.55
model_4eo8_283.cif	0.69
model_4eo8_30.cif	0.50
model_4eo8_318.cif	0.54
model_4eo8_319.cif	6.25
model_4eo8_40.cif	0.45
model_4eo8_403.cif	3.06
model_4eo8_404.cif	2.50
model_4eo8_409.cif	3.22
model_4eo8_414.cif	3.31
model_4eo8_425.cif	1.13
model_4eo8_429.cif	1.54
model_4eo8_438.cif	3.17
model_4eo8_441.cif	5.39
model_4eo8_450.cif	6.87
model_4eo8_454.cif	1.80
model_4eo8_457.cif	4.95
model_4eo8_462.cif	2.74
model_4eo8_467.cif	1.65
model_4eo8_47.cif	2.94
model_4eo8_473.cif	2.83
model_4eo8_480.cif	7.48
model_4eo8_483.cif	3.01
model_4eo8_486.cif	4.19
model_4eo8_488.cif	5.75
model_4eo8_515.cif	2.55
model_4eo8_518.cif	6.80
model_4eo8_523.cif	3.94
model_4eo8_524.cif	3.77
model_4eo8_533.cif	4.59
model_4eo8_536.cif	5.78
model_4eo8_552.cif	2.94
model_4eo8_557.cif	5.23
model_4eo8_564.cif	7.06
model_4eo8_567.cif	2.91
model_4eo8_569.cif	1.36
model_4eo8_572.cif	6.68
model_4eo8_578.cif	4.02
model_4eo8_579.cif	5.69
model_4eo8_580.cif	2.53
model_4eo8_584.cif	4.85
model_4eo8_592.cif	2.31
model_4eo8_595.cif	3.93
model_4eo8_597.cif	7.09
model_4eo8_598.cif	1.83
model_4eo8_602.cif	6.19
model_4eo8_611.cif	7.37
model_4eo8_619.cif	6.03
model_4eo8_622.cif	7.15
model_4eo8_63.cif	0.57
model_4eo8_638.cif	4.72
model_4eo8_642.cif	5.57
model_4eo8_654.cif	5.64
model_4eo8_670.cif	7.62
model_4eo8_673.cif	6.98
model_4eo8_690.cif	5.18
model_4eo8_692.cif	6.45
model_4eo8_695.cif	7.09
model_4eo8_698.cif	4.17
model_4eo8_7.cif	4.57
model_4eo8_744.cif	1.14
model_4eo8_748.cif	0.97
model_4eo8_753.cif	5.09
model_4eo8_756.cif	7.35
model_4eo8_762.cif	7.48
model_4eo8_766.cif	4.06
model_4eo8_773.cif	6.33
model_4eo8_781.cif	5.01
model_4eo8_782.cif	3.99
model_4eo8_783.cif	7.26
model_4eo8_864.cif	1.15
model_4eo8_880.cif	2.94
model_4eo8_883.cif	3.80
model_4eo8_886.cif	4.21
model_4eo8_9.cif	6.53
model_4eo8_91.cif	0.76
model_4eo8_ligand.cif	0.00
model_4eor_121.cif	0.52
model_4eor_145.cif	4.92
model_4eor_155.cif	4.56
model_4eor_257.cif	0.79
model_4eor_267.cif	5.78
model_4eor_309.cif	5.71
model_4eor_31.cif	1.12
model_4eor_346.cif	2.37
model_4eor_361.cif	0.74
model_4eor_403.cif	3.49
model_4eor_408.cif	2.60
model_4eor_414.cif	2.10
model_4eor_424.cif	4.62
model_4eor_425.cif	4.74
model_4eor_427.cif	3.68
model_4eor_430.cif	5.93
model_4eor_431.cif	3.60
model_4eor_446.cif	2.67
model_4eor_448.cif	3.33
model_4eor_450.cif	3.12
model_4eor_455.cif	1.90
model_4eor_465.cif	7.67
model_4eor_474.cif	3.12
model_4eor_479.cif	8.31
model_4eor_480.cif	4.65
model_4eor_483.cif	1.70
model_4eor_485.cif	5.55
model_4eor_494.cif	5.22
model_4eor_501.cif	0.81
model_4eor_506.cif	1.20
model_4eor_511.cif	1.62
model_4eor_513.cif	6.22
model_4eor_519.cif	3.33
model_4eor_523.cif	6.99
model_4eor_524.cif	9.06
model_4eor_530.cif	2.44
model_4eor_536.cif	4.49
model_4eor_539.cif	6.70
model_4eor_541.cif	6.25
model_4eor_544.cif	3.70
model_4eor_548.cif	8.14
model_4eor_552.cif	6.40
model_4eor_557.cif	2.18
model_4eor_558.cif	6.27
model_4eor_559.cif	2.37
model_4eor_562.cif	7.94
model_4eor_565.cif	2.04
model_4eor_568.cif	2.48
model_4eor_577.cif	5.67
model_4eor_584.cif	2.61
model_4eor_585.cif	7.92
model_4eor_588.cif	4.91
model_4eor_592.cif	5.89
model_4eor_595.cif	7.03
model_4eor_604.cif	1.73
model_4eor_612.cif	4.70
model_4eor_620.cif	8.29
model_4eor_643.cif	7.93
model_4eor_649.cif	3.87
model_4eor_650.cif	8.05
model_4eor_652.cif	6.38
model_4eor_659.cif	4.80
model_4eor_666.cif	5.44
model_4eor_672.cif	8.71
model_4eor_674.cif	7.91
model_4eor_677.cif	8.45
model_4eor_682.cif	5.71
model_4eor_687.cif	3.68
model_4eor_69.cif	1.92
model_4eor_690.cif	7.44
model_4eor_697.cif	7.24
model_4eor_701.cif	0.53
model_4eor_712.cif	1.04
model_4eor_718.cif	0.74
model_4eor_72.cif	4.72
model_4eor_736.cif	1.12
model_4eor_744.cif	1.37
model_4eor_745.cif	5.78
model_4eor_746.cif	6.37
model_4eor_749.cif	7.62
model_4eor_757.cif	8.27
model_4eor_760.cif	7.78
model_4eor_763.cif	8.20
model_4eor_764.cif	8.09
model_4eor_769.cif	6.25
model_4eor_773.cif	6.67
model_4eor_790.cif	0.97
model_4eor_850.cif	0.62
model_4eor_860.cif	0.97
model_4eor_911.cif	0.88
model_4eor_ligand.cif	0.00
model_4f09_182.cif	0.72
model_4f09_270.cif	0.27
model_4f09_407.cif	0.79
model_4f09_408.cif	1.16
model_4f09_421.cif	0.91
model_4f09_424.cif	1.47
model_4f09_439.cif	4.46
model_4f09_450.cif	1.12
model_4f09_456.cif	3.95
model_4f09_457.cif	3.04
model_4f09_472.cif	6.88
model_4f09_489.cif	2.75
model_4f09_522.cif	8.12
model_4f09_529.cif	7.26
model_4f09_534.cif	7.81
model_4f09_538.cif	6.36
model_4f09_539.cif	7.37
model_4f09_546.cif	8.47
model_4f09_550.cif	8.17
model_4f09_551.cif	7.27
model_4f09_552.cif	8.46
model_4f09_557.cif	5.72
model_4f09_564.cif	1.45
model_4f09_572.cif	4.17
model_4f09_576.cif	8.17
model_4f09_584.cif	7.98
model_4f09_586.cif	3.24
model_4f09_595.cif	2.33
model_4f09_597.cif	7.76
model_4f09_600.cif	7.87
model_4f09_605.cif	1.90
model_4f09_611.cif	8.02
model_4f09_621.cif	1.35
model_4f09_623.cif	1.57
model_4f09_631.cif	2.00
model_4f09_633.cif	5.03
model_4f09_654.cif	3.31
model_4f09_655.cif	3.26
model_4f09_671.cif	6.77
model_4f09_683.cif	2.52
model_4f09_690.cif	4.64
model_4f09_704.cif	0.61
model_4f09_707.cif	0.71
model_4f09_709.cif	1.53
model_4f09_711.cif	4.01
model_4f09_717.cif	2.63
model_4f09_718.cif	2.64
model_4f09_721.cif	4.03
model_4f09_723.cif	3.57
model_4f09_730.cif	4.11
model_4f09_734.cif	5.86
model_4f09_743.cif	5.70
model_4f09_745.cif	7.19
model_4f09_746.cif	2.97
model_4f09_753.cif	6.18
model_4f09_754.cif	6.68
model_4f09_755.cif	5.02
model_4f09_756.cif	6.84
model_4f09_757.cif	4.62
model_4f09_760.cif	6.73
model_4f09_762.cif	4.72
model_4f09_763.cif	6.23
model_4f09_767.cif	5.96
model_4f09_769.cif	6.92
model_4f09_771.cif	9.91
model_4f09_773.cif	4.74
model_4f09_774.cif	5.35
model_4f09_812.cif	3.93
model_4f09_832.cif	5.36
model_4f09_844.cif	4.76
model_4f09_846.cif	7.15
model_4f09_848.cif	7.74
model_4f09_863.cif	5.06
model_4f09_866.cif	5.81
model_4f09_871.cif	6.24
model_4f09_874.cif	2.25
model_4f09_875.cif	3.78
model_4f09_893.cif	0.30
model_4f09_899.cif	1.02
model_4f09_903.cif	0.51
model_4f09_91.cif	0.67
model_4f09_919.cif	0.62
model_4f09_944.cif	2.69
model_4f09_954.cif	3.72
model_4f09_965.cif	2.62
model_4f09_967.cif	2.58
model_4f09_975.cif	3.14
model_4f09_ligand.cif	0.00
model_4f2w_101.cif	5.40
model_4f2w_105.cif	0.60
model_4f2w_121.cif	8.40
model_4f2w_122.cif	5.04
model_4f2w_124.cif	2.32
model_4f2w_136.cif	8.90
model_4f2w_142.cif	0.57
model_4f2w_144.cif	5.53
model_4f2w_147.cif	8.52
model_4f2w_151.cif	8.69
model_4f2w_154.cif	8.53
model_4f2w_155.cif	7.72
model_4f2w_163.cif	8.64
model_4f2w_187.cif	8.61
model_4f2w_198.cif	8.98
model_4f2w_264.cif	0.60
model_4f2w_360.cif	1.03
model_4f2w_407.cif	6.04
model_4f2w_420.cif	1.88
model_4f2w_428.cif	5.90
model_4f2w_431.cif	2.25
model_4f2w_435.cif	5.92
model_4f2w_436.cif	2.29
model_4f2w_437.cif	6.20
model_4f2w_439.cif	5.91
model_4f2w_442.cif	1.24
model_4f2w_45.cif	8.53
model_4f2w_454.cif	1.85
model_4f2w_465.cif	6.08
model_4f2w_467.cif	5.69
model_4f2w_468.cif	2.01
model_4f2w_473.cif	2.62
model_4f2w_474.cif	5.17
model_4f2w_476.cif	1.47
model_4f2w_480.cif	2.48
model_4f2w_482.cif	7.20
model_4f2w_484.cif	1.66
model_4f2w_486.cif	5.74
model_4f2w_519.cif	6.77
model_4f2w_521.cif	7.35
model_4f2w_523.cif	4.85
model_4f2w_542.cif	3.75
model_4f2w_543.cif	6.85
model_4f2w_552.cif	7.06
model_4f2w_559.cif	4.59
model_4f2w_562.cif	6.43
model_4f2w_567.cif	7.03
model_4f2w_571.cif	6.29
model_4f2w_581.cif	7.13
model_4f2w_582.cif	6.62
model_4f2w_585.cif	7.20
model_4f2w_586.cif	3.17
model_4f2w_589.cif	1.95
model_4f2w_597.cif	3.90
model_4f2w_608.cif	6.41
model_4f2w_620.cif	2.40
model_4f2w_631.cif	2.18
model_4f2w_638.cif	7.03
model_4f2w_657.cif	6.06
model_4f2w_658.cif	5.61
model_4f2w_66.cif	8.63
model_4f2w_664.cif	2.86
model_4f2w_665.cif	7.73
model_4f2w_671.cif	2.39
model_4f2w_687.cif	7.34
model_4f2w_725.cif	1.00
model_4f2w_749.cif	1.52
model_4f2w_770.cif	1.82
model_4f2w_796.cif	0.54
model_4f2w_825.cif	0.90
model_4f2w_901.cif	0.59
model_4f2w_907.cif	0.44
model_4f2w_917.cif	0.41
model_4f2w_922.cif	1.04
model_4f2w_979.cif	0.63
model_4f2w_ligand.cif	0.00
model_4f3c_101.cif	9.38
model_4f3c_104.cif	9.50
model_4f3c_140.cif	8.06
model_4f3c_150.cif	9.83
model_4f3c_178.cif	8.07
model_4f3c_190.cif	9.40
model_4f3c_21.cif	2.49
model_4f3c_251.cif	0.78
model_4f3c_28.cif	5.90
model_4f3c_301.cif	9.24
model_4f3c_308.cif	9.42
model_4f3c_323.cif	1.96
model_4f3c_362.cif	0.53
model_4f3c_363.cif	1.30
model_4f3c_382.cif	0.60
model_4f3c_390.cif	8.77
model_4f3c_394.cif	9.18
model_4f3c_400.cif	9.55
model_4f3c_403.cif	1.16
model_4f3c_404.cif	1.78
model_4f3c_409.cif	1.81
model_4f3c_420.cif	6.67
model_4f3c_429.cif	6.60
model_4f3c_430.cif	7.32
model_4f3c_434.cif	2.74
model_4f3c_445.cif	3.31
model_4f3c_447.cif	1.82
model_4f3c_450.cif	5.90
model_4f3c_451.cif	1.52
model_4f3c_452.cif	2.17
model_4f3c_458.cif	1.60
model_4f3c_463.cif	2.64
model_4f3c_465.cif	7.09
model_4f3c_470.cif	6.79
model_4f3c_472.cif	2.32
model_4f3c_474.cif	2.18
model_4f3c_479.cif	2.49
model_4f3c_480.cif	3.26
model_4f3c_481.cif	1.92
model_4f3c_490.cif	6.20
model_4f3c_496.cif	6.32
model_4f3c_497.cif	7.20
model_4f3c_507.cif	4.76
model_4f3c_513.cif	5.89
model_4f3c_514.cif	8.85
model_4f3c_516.cif	6.39
model_4f3c_523.cif	7.55
model_4f3c_524.cif	5.06
model_4f3c_525.cif	5.00
model_4f3c_530.cif	9.32
model_4f3c_538.cif	7.82
model_4f3c_54.cif	6.13
model_4f3c_542.cif	6.28
model_4f3c_544.cif	6.18
model_4f3c_545.cif	8.34
model_4f3c_553.cif	7.80
model_4f3c_556.cif	6.10
model_4f3c_558.cif	5.30
model_4f3c_559.cif	5.49
model_4f3c_561.cif	4.46
model_4f3c_563.cif	8.14
model_4f3c_568.cif	4.78
model_4f3c_569.cif	7.93
model_4f3c_57.cif	5.67
model_4f3c_573.cif	5.93
model_4f3c_577.cif	8.37
model_4f3c_585.cif	7.19
model_4f3c_587.cif	5.94
model_4f3c_592.cif	4.91
model_4f3c_595.cif	4.58
model_4f3c_6.cif	8.25
model_4f3c_600.cif	5.02
model_4f3c_61.cif	0.44
model_4f3c_612.cif	2.11
model_4f3c_642.cif	8.27
model_4f3c_643.cif	4.90
model_4f3c_646.cif	2.63
model_4f3c_667.cif	7.85
model_4f3c_680.cif	4.86
model_4f3c_682.cif	4.01
model_4f3c_685.cif	8.14
model_4f3c_687.cif	3.91
model_4f3c_688.cif	4.03
model_4f3c_689.cif	9.27
model_4f3c_693.cif	2.77
model_4f3c_696.cif	3.43
model_4f3c_72.cif	7.89
model_4f3c_744.cif	0.73
model_4f3c_755.cif	0.32
model_4f3c_773.cif	0.78
model_4f3c_833.cif	0.64
model_4f3c_871.cif	1.05
model_4f3c_885.cif	1.00
model_4f3c_926.cif	1.00
model_4f3c_ligand.cif	0.00
model_4f9w_10.cif	0.54
model_4f9w_113.cif	0.60
model_4f9w_169.cif	1.08
model_4f9w_194.cif	0.35
model_4f9w_25.cif	0.53
model_4f9w_283.cif	0.55
model_4f9w_36.cif	0.30
model_4f9w_366.cif	1.51
model_4f9w_396.cif	2.02
model_4f9w_401.cif	1.79
model_4f9w_405.cif	1.96
model_4f9w_406.cif	1.51
model_4f9w_407.cif	0.87
model_4f9w_408.cif	1.19
model_4f9w_419.cif	2.68
model_4f9w_421.cif	5.18
model_4f9w_435.cif	0.93
model_4f9w_442.cif	3.27
model_4f9w_445.cif	1.98
model_4f9w_452.cif	2.25
model_4f9w_456.cif	1.52
model_4f9w_463.cif	2.28
model_4f9w_466.cif	3.10
model_4f9w_469.cif	2.57
model_4f9w_476.cif	4.89
model_4f9w_479.cif	4.72
model_4f9w_480.cif	5.64
model_4f9w_485.cif	1.33
model_4f9w_487.cif	2.70
model_4f9w_489.cif	4.75
model_4f9w_505.cif	3.18
model_4f9w_518.cif	4.67
model_4f9w_523.cif	4.93
model_4f9w_524.cif	6.32
model_4f9w_526.cif	5.29
model_4f9w_527.cif	6.34
model_4f9w_529.cif	5.87
model_4f9w_530.cif	2.15
model_4f9w_565.cif	3.54
model_4f9w_571.cif	5.19
model_4f9w_572.cif	6.23
model_4f9w_573.cif	5.34
model_4f9w_580.cif	5.75
model_4f9w_581.cif	7.41
model_4f9w_583.cif	8.11
model_4f9w_588.cif	4.41
model_4f9w_592.cif	5.30
model_4f9w_599.cif	7.48
model_4f9w_609.cif	1.86
model_4f9w_621.cif	3.50
model_4f9w_630.cif	2.79
model_4f9w_637.cif	4.81
model_4f9w_653.cif	4.71
model_4f9w_661.cif	3.04
model_4f9w_664.cif	2.11
model_4f9w_671.cif	6.09
model_4f9w_673.cif	3.40
model_4f9w_674.cif	6.99
model_4f9w_684.cif	7.33
model_4f9w_685.cif	7.10
model_4f9w_687.cif	3.00
model_4f9w_695.cif	3.15
model_4f9w_732.cif	3.10
model_4f9w_737.cif	6.03
model_4f9w_782.cif	5.63
model_4f9w_783.cif	6.28
model_4f9w_784.cif	6.56
model_4f9w_787.cif	5.76
model_4f9w_788.cif	6.33
model_4f9w_798.cif	6.16
model_4f9w_86.cif	0.49
model_4f9w_899.cif	4.73
model_4f9w_92.cif	4.80
model_4f9w_96.cif	0.53
model_4f9w_996.cif	3.25
model_4f9w_ligand.cif	0.00
model_4gfm_183.cif	6.02
model_4gfm_214.cif	0.46
model_4gfm_219.cif	1.97
model_4gfm_225.cif	0.43
model_4gfm_249.cif	0.27
model_4gfm_251.cif	0.34
model_4gfm_271.cif	5.13
model_4gfm_286.cif	0.49
model_4gfm_291.cif	0.70
model_4gfm_373.cif	6.06
model_4gfm_408.cif	1.90
model_4gfm_415.cif	1.26
model_4gfm_425.cif	2.22
model_4gfm_428.cif	2.31
model_4gfm_433.cif	1.01
model_4gfm_450.cif	6.04
model_4gfm_456.cif	1.87
model_4gfm_466.cif	1.13
model_4gfm_467.cif	6.27
model_4gfm_469.cif	2.29
model_4gfm_477.cif	1.86
model_4gfm_487.cif	6.01
model_4gfm_488.cif	4.02
model_4gfm_49.cif	2.60
model_4gfm_496.cif	1.61
model_4gfm_506.cif	4.77
model_4gfm_508.cif	5.11
model_4gfm_528.cif	0.74
model_4gfm_553.cif	3.86
model_4gfm_558.cif	8.99
model_4gfm_565.cif	6.30
model_4gfm_568.cif	7.16
model_4gfm_576.cif	3.06
model_4gfm_578.cif	3.09
model_4gfm_585.cif	2.58
model_4gfm_595.cif	7.42
model_4gfm_600.cif	4.71
model_4gfm_604.cif	0.83
model_4gfm_61.cif	2.20
model_4gfm_614.cif	2.36
model_4gfm_623.cif	6.27
model_4gfm_624.cif	4.89
model_4gfm_649.cif	3.93
model_4gfm_654.cif	5.95
model_4gfm_665.cif	5.93
model_4gfm_668.cif	4.59
model_4gfm_681.cif	3.86
model_4gfm_685.cif	3.78
model_4gfm_719.cif	1.20
model_4gfm_729.cif	3.48
model_4gfm_734.cif	4.96
model_4gfm_735.cif	2.12
model_4gfm_744.cif	7.27
model_4gfm_745.cif	7.25
model_4gfm_749.cif	8.01
model_4gfm_751.cif	7.51
model_4gfm_755.cif	6.59
model_4gfm_763.cif	3.94
model_4gfm_768.cif	2.96
model_4gfm_769.cif	7.56
model_4gfm_774.cif	5.98
model_4gfm_779.cif	4.10
model_4gfm_780.cif	4.61
model_4gfm_782.cif	4.79
model_4gfm_785.cif	5.34
model_4gfm_788.cif	5.11
model_4gfm_789.cif	3.81
model_4gfm_793.cif	5.30
model_4gfm_824.cif	4.67
model_4gfm_827.cif	2.08
model_4gfm_832.cif	5.72
model_4gfm_836.cif	8.63
model_4gfm_842.cif	5.51
model_4gfm_857.cif	6.33
model_4gfm_859.cif	8.87
model_4gfm_875.cif	7.64
model_4gfm_876.cif	7.68
model_4gfm_879.cif	7.68
model_4gfm_890.cif	6.91
model_4gfm_913.cif	0.44
model_4gfm_926.cif	0.90
model_4gfm_992.cif	1.29
model_4gfm_994.cif	3.71
model_4gfm_ligand.cif	0.00
model_4gid_132.cif	9.12
model_4gid_134.cif	6.31
model_4gid_197.cif	0.77
model_4gid_201.cif	0.38
model_4gid_204.cif	1.19
model_4gid_205.cif	0.93
model_4gid_217.cif	5.90
model_4gid_229.cif	7.64
model_4gid_230.cif	1.14
model_4gid_232.cif	7.45
model_4gid_235.cif	7.37
model_4gid_237.cif	6.25
model_4gid_242.cif	6.87
model_4gid_245.cif	1.09
model_4gid_246.cif	1.57
model_4gid_257.cif	0.99
model_4gid_259.cif	1.14
model_4gid_269.cif	0.94
model_4gid_270.cif	6.94
model_4gid_276.cif	4.17
model_4gid_277.cif	7.20
model_4gid_282.cif	1.79
model_4gid_285.cif	0.99
model_4gid_290.cif	5.36
model_4gid_291.cif	0.81
model_4gid_298.cif	0.91
model_4gid_301.cif	9.82
model_4gid_311.cif	8.25
model_4gid_315.cif	9.38
model_4gid_324.cif	7.66
model_4gid_336.cif	0.97
model_4gid_368.cif	9.27
model_4gid_372.cif	9.64
model_4gid_39.cif	8.29
model_4gid_393.cif	9.41
model_4gid_402.cif	3.02
model_4gid_405.cif	3.84
model_4gid_408.cif	2.32
model_4gid_412.cif	2.41
model_4gid_416.cif	5.76
model_4gid_421.cif	4.19
model_4gid_428.cif	4.04
model_4gid_429.cif	5.29
model_4gid_433.cif	2.99
model_4gid_435.cif	6.92
model_4gid_449.cif	2.66
model_4gid_453.cif	4.53
model_4gid_462.cif	4.06
model_4gid_475.cif	3.92
model_4gid_479.cif	2.67
model_4gid_481.cif	8.18
model_4gid_482.cif	4.15
model_4gid_483.cif	2.62
model_4gid_486.cif	3.11
model_4gid_506.cif	8.52
model_4gid_507.cif	8.48
model_4gid_509.cif	7.58
model_4gid_54.cif	8.22
model_4gid_577.cif	8.25
model_4gid_580.cif	6.32
model_4gid_596.cif	7.66
model_4gid_625.cif	9.85
model_4gid_629.cif	8.95
model_4gid_630.cif	9.26
model_4gid_666.cif	5.39
model_4gid_699.cif	6.62
model_4gid_700.cif	9.40
model_4gid_713.cif	4.36
model_4gid_718.cif	5.30
model_4gid_725.cif	4.60
model_4gid_732.cif	5.50
model_4gid_735.cif	4.53
model_4gid_739.cif	7.02
model_4gid_744.cif	6.43
model_4gid_752.cif	8.10
model_4gid_766.cif	3.40
model_4gid_770.cif	5.98
model_4gid_78.cif	9.45
model_4gid_789.cif	0.99
model_4gid_791.cif	1.29
model_4gid_792.cif	1.55
model_4gid_796.cif	2.14
model_4gid_804.cif	1.93
model_4gid_809.cif	2.63
model_4gid_811.cif	3.60
model_4gid_815.cif	3.45
model_4gid_833.cif	1.76
model_4gid_860.cif	2.93
model_4gid_861.cif	5.71
model_4gid_874.cif	3.49
model_4gid_880.cif	3.01
model_4gid_897.cif	2.01
model_4gid_937.cif	6.83
model_4gid_941.cif	3.85
model_4gid_943.cif	5.72
model_4gid_944.cif	7.32
model_4gid_946.cif	7.88
model_4gid_948.cif	8.11
model_4gid_951.cif	4.49
model_4gid_959.cif	6.22
model_4gid_ligand.cif	0.00
model_4gkm_111.cif	0.46
model_4gkm_123.cif	1.20
model_4gkm_133.cif	3.97
model_4gkm_137.cif	4.38
model_4gkm_158.cif	1.34
model_4gkm_166.cif	0.92
model_4gkm_180.cif	0.50
model_4gkm_189.cif	0.94
model_4gkm_2.cif	0.84
model_4gkm_220.cif	3.32
model_4gkm_25.cif	6.11
model_4gkm_265.cif	4.17
model_4gkm_280.cif	5.01
model_4gkm_301.cif	2.32
model_4gkm_302.cif	5.40
model_4gkm_338.cif	3.95
model_4gkm_346.cif	7.10
model_4gkm_348.cif	0.68
model_4gkm_349.cif	8.22
model_4gkm_358.cif	1.14
model_4gkm_363.cif	3.01
model_4gkm_374.cif	2.58
model_4gkm_375.cif	0.56
model_4gkm_425.cif	4.91
model_4gkm_438.cif	6.53
model_4gkm_45.cif	0.73
model_4gkm_472.cif	6.38
model_4gkm_480.cif	2.50
model_4gkm_510.cif	1.41
model_4gkm_515.cif	3.69
model_4gkm_526.cif	4.71
model_4gkm_528.cif	2.69
model_4gkm_551.cif	1.65
model_4gkm_564.cif	3.10
model_4gkm_566.cif	2.43
model_4gkm_569.cif	5.88
model_4gkm_574.cif	6.13
model_4gkm_579.cif	1.57
model_4gkm_584.cif	2.77
model_4gkm_585.cif	1.86
model_4gkm_611.cif	3.29
model_4gkm_614.cif	6.10
model_4gkm_618.cif	2.65
model_4gkm_625.cif	3.93
model_4gkm_626.cif	4.08
model_4gkm_628.cif	2.68
model_4gkm_629.cif	1.98
model_4gkm_657.cif	2.72
model_4gkm_658.cif	5.00
model_4gkm_665.cif	5.30
model_4gkm_668.cif	4.50
model_4gkm_671.cif	3.12
model_4gkm_675.cif	6.64
model_4gkm_676.cif	4.50
model_4gkm_678.cif	5.87
model_4gkm_68.cif	5.84
model_4gkm_688.cif	1.64
model_4gkm_69.cif	6.01
model_4gkm_692.cif	5.78
model_4gkm_694.cif	5.49
model_4gkm_696.cif	4.95
model_4gkm_698.cif	5.34
model_4gkm_731.cif	4.42
model_4gkm_769.cif	3.18
model_4gkm_77.cif	6.09
model_4gkm_770.cif	6.54
model_4gkm_778.cif	7.17
model_4gkm_779.cif	7.02
model_4gkm_795.cif	0.74
model_4gkm_798.cif	6.08
model_4gkm_80.cif	2.91
model_4gkm_813.cif	1.62
model_4gkm_87.cif	0.96
model_4gkm_90.cif	5.96
model_4gkm_ligand.cif	0.00
model_4gr0_107.cif	2.17
model_4gr0_113.cif	4.64
model_4gr0_119.cif	8.83
model_4gr0_120.cif	3.55
model_4gr0_13.cif	3.04
model_4gr0_133.cif	8.77
model_4gr0_15.cif	5.64
model_4gr0_159.cif	2.26
model_4gr0_162.cif	7.97
model_4gr0_206.cif	0.97
model_4gr0_217.cif	1.08
model_4gr0_218.cif	2.09
model_4gr0_226.cif	2.74
model_4gr0_228.cif	6.51
model_4gr0_236.cif	3.04
model_4gr0_237.cif	0.85
model_4gr0_240.cif	1.27
model_4gr0_242.cif	5.82
model_4gr0_250.cif	0.82
model_4gr0_268.cif	0.98
model_4gr0_272.cif	1.45
model_4gr0_279.cif	0.95
model_4gr0_281.cif	0.94
model_4gr0_286.cif	0.69
model_4gr0_287.cif	0.81
model_4gr0_300.cif	5.67
model_4gr0_305.cif	3.56
model_4gr0_306.cif	9.15
model_4gr0_314.cif	9.09
model_4gr0_324.cif	8.51
model_4gr0_326.cif	0.91
model_4gr0_33.cif	8.94
model_4gr0_341.cif	1.10
model_4gr0_375.cif	4.11
model_4gr0_381.cif	7.61
model_4gr0_402.cif	7.53
model_4gr0_405.cif	2.30
model_4gr0_408.cif	4.62
model_4gr0_410.cif	1.99
model_4gr0_411.cif	6.15
model_4gr0_412.cif	3.57
model_4gr0_416.cif	6.25
model_4gr0_417.cif	5.75
model_4gr0_419.cif	4.05
model_4gr0_420.cif	8.27
model_4gr0_421.cif	6.01
model_4gr0_422.cif	3.32
model_4gr0_428.cif	5.44
model_4gr0_429.cif	4.01
model_4gr0_433.cif	3.16
model_4gr0_438.cif	6.77
model_4gr0_439.cif	3.33
model_4gr0_440.cif	6.50
model_4gr0_452.cif	2.61
model_4gr0_456.cif	7.46
model_4gr0_457.cif	7.59
model_4gr0_459.cif	4.11
model_4gr0_465.cif	2.25
model_4gr0_467.cif	9.92
model_4gr0_468.cif	2.71
model_4gr0_471.cif	3.95
model_4gr0_472.cif	9.14
model_4gr0_473.cif	4.16
model_4gr0_474.cif	4.47
model_4gr0_476.cif	6.28
model_4gr0_486.cif	3.93
model_4gr0_491.cif	6.76
model_4gr0_492.cif	5.35
model_4gr0_497.cif	4.62
model_4gr0_499.cif	5.35
model_4gr0_518.cif	7.71
model_4gr0_529.cif	7.13
model_4gr0_53.cif	1.42
model_4gr0_541.cif	8.59
model_4gr0_545.cif	9.77
model_4gr0_546.cif	8.95
model_4gr0_55.cif	5.68
model_4gr0_550.cif	9.81
model_4gr0_558.cif	6.96
model_4gr0_56.cif	9.62
model_4gr0_565.cif	7.54
model_4gr0_566.cif	7.54
model_4gr0_573.cif	8.19
model_4gr0_575.cif	8.71
model_4gr0_583.cif	9.80
model_4gr0_584.cif	1.94
model_4gr0_591.cif	4.28
model_4gr0_594.cif	8.40
model_4gr0_605.cif	6.78
model_4gr0_630.cif	9.86
model_4gr0_644.cif	9.49
model_4gr0_650.cif	7.43
model_4gr0_674.cif	5.38
model_4gr0_709.cif	0.89
model_4gr0_715.cif	2.58
model_4gr0_761.cif	1.90
model_4gr0_768.cif	2.01
model_4gr0_791.cif	5.86
model_4gr0_905.cif	1.73
model_4gr0_91.cif	1.73
model_4gr0_ligand.cif	0.00
model_4hge_202.cif	1.61
model_4hge_203.cif	0.94
model_4hge_231.cif	0.39
model_4hge_310.cif	0.41
model_4hge_311.cif	5.05
model_4hge_356.cif	0.90
model_4hge_407.cif	0.77
model_4hge_414.cif	4.73
model_4hge_416.cif	0.87
model_4hge_422.cif	5.05
model_4hge_423.cif	1.35
model_4hge_424.cif	4.98
model_4hge_433.cif	4.03
model_4hge_437.cif	1.82
model_4hge_438.cif	0.97
model_4hge_446.cif	4.36
model_4hge_452.cif	1.44
model_4hge_456.cif	2.50
model_4hge_458.cif	3.89
model_4hge_46.cif	0.58
model_4hge_462.cif	3.00
model_4hge_464.cif	3.77
model_4hge_468.cif	1.76
model_4hge_471.cif	1.72
model_4hge_473.cif	1.47
model_4hge_477.cif	1.22
model_4hge_478.cif	1.85
model_4hge_498.cif	2.13
model_4hge_503.cif	0.47
model_4hge_530.cif	5.64
model_4hge_534.cif	6.06
model_4hge_543.cif	3.58
model_4hge_548.cif	2.48
model_4hge_549.cif	3.21
model_4hge_55.cif	0.70
model_4hge_555.cif	4.75
model_4hge_558.cif	4.00
model_4hge_559.cif	5.34
model_4hge_572.cif	4.70
model_4hge_573.cif	5.48
model_4hge_574.cif	5.93
model_4hge_581.cif	5.75
model_4hge_583.cif	5.05
model_4hge_602.cif	3.95
model_4hge_605.cif	4.19
model_4hge_612.cif	2.47
model_4hge_617.cif	4.13
model_4hge_621.cif	2.26
model_4hge_638.cif	3.32
model_4hge_643.cif	3.98
model_4hge_646.cif	3.86
model_4hge_654.cif	3.75
model_4hge_655.cif	5.40
model_4hge_659.cif	5.27
model_4hge_662.cif	2.30
model_4hge_666.cif	6.84
model_4hge_667.cif	4.07
model_4hge_671.cif	6.30
model_4hge_689.cif	2.04
model_4hge_692.cif	6.57
model_4hge_695.cif	6.14
model_4hge_699.cif	4.40
model_4hge_700.cif	6.10
model_4hge_737.cif	6.20
model_4hge_742.cif	2.45
model_4hge_749.cif	6.32
model_4hge_797.cif	2.55
model_4hge_828.cif	6.20
model_4hge_848.cif	6.32
model_4hge_943.cif	1.85
model_4hge_ligand.cif	0.00
model_4ih5_140.cif	2.97
model_4ih5_148.cif	3.05
model_4ih5_159.cif	2.57
model_4ih5_161.cif	2.43
model_4ih5_168.cif	2.92
model_4ih5_169.cif	1.81
model_4ih5_192.cif	3.09
model_4ih5_202.cif	4.07
model_4ih5_219.cif	3.92
model_4ih5_227.cif	3.85
model_4ih5_281.cif	5.63
model_4ih5_302.cif	0.70
model_4ih5_306.cif	0.78
model_4ih5_327.cif	2.20
model_4ih5_341.cif	0.98
model_4ih5_367.cif	0.59
model_4ih5_374.cif	5.42
model_4ih5_381.cif	0.98
model_4ih5_384.cif	1.02
model_4ih5_390.cif	4.55
model_4ih5_397.cif	0.78
model_4ih5_400.cif	0.81
model_4ih5_417.cif	2.57
model_4ih5_421.cif	7.22
model_4ih5_427.cif	7.33
model_4ih5_428.cif	3.57
model_4ih5_432.cif	3.86
model_4ih5_433.cif	5.35
model_4ih5_448.cif	4.35
model_4ih5_451.cif	6.81
model_4ih5_454.cif	6.55
model_4ih5_459.cif	6.69
model_4ih5_463.cif	1.87
model_4ih5_465.cif	2.55
model_4ih5_467.cif	3.65
model_4ih5_482.cif	2.26
model_4ih5_492.cif	5.85
model_4ih5_5.cif	4.06
model_4ih5_502.cif	5.56
model_4ih5_508.cif	4.63
model_4ih5_516.cif	4.08
model_4ih5_543.cif	6.43
model_4ih5_546.cif	2.85
model_4ih5_560.cif	6.34
model_4ih5_562.cif	5.11
model_4ih5_566.cif	1.75
model_4ih5_57.cif	0.90
model_4ih5_581.cif	6.24
model_4ih5_587.cif	0.95
model_4ih5_612.cif	2.68
model_4ih5_638.cif	3.49
model_4ih5_651.cif	5.25
model_4ih5_674.cif	5.09
model_4ih5_681.cif	6.14
model_4ih5_689.cif	4.20
model_4ih5_690.cif	4.41
model_4ih5_708.cif	1.89
model_4ih5_715.cif	4.65
model_4ih5_720.cif	4.90
model_4ih5_729.cif	3.74
model_4ih5_762.cif	6.50
model_4ih5_764.cif	1.69
model_4ih5_765.cif	3.95
model_4ih5_779.cif	1.34
model_4ih5_782.cif	1.95
model_4ih5_789.cif	5.35
model_4ih5_793.cif	6.12
model_4ih5_794.cif	6.61
model_4ih5_867.cif	1.96
model_4ih5_892.cif	5.29
model_4ih5_966.cif	0.96
model_4ih5_983.cif	1.53
model_4ih5_ligand.cif	0.00
model_4ih7_12.cif	0.69
model_4ih7_129.cif	2.09
model_4ih7_133.cif	1.66
model_4ih7_159.cif	1.89
model_4ih7_212.cif	0.40
model_4ih7_219.cif	0.54
model_4ih7_241.cif	0.44
model_4ih7_302.cif	0.60
model_4ih7_307.cif	0.92
model_4ih7_341.cif	0.68
model_4ih7_351.cif	1.10
model_4ih7_378.cif	0.94
model_4ih7_405.cif	1.78
model_4ih7_412.cif	1.33
model_4ih7_414.cif	2.27
model_4ih7_415.cif	5.01
model_4ih7_438.cif	1.86
model_4ih7_459.cif	1.65
model_4ih7_461.cif	2.23
model_4ih7_477.cif	2.92
model_4ih7_481.cif	4.59
model_4ih7_483.cif	2.49
model_4ih7_501.cif	0.94
model_4ih7_504.cif	1.32
model_4ih7_519.cif	5.75
model_4ih7_522.cif	2.86
model_4ih7_523.cif	2.54
model_4ih7_527.cif	7.28
model_4ih7_529.cif	2.06
model_4ih7_539.cif	3.42
model_4ih7_548.cif	7.41
model_4ih7_552.cif	3.72
model_4ih7_555.cif	3.36
model_4ih7_560.cif	4.84
model_4ih7_561.cif	6.41
model_4ih7_563.cif	6.80
model_4ih7_564.cif	7.36
model_4ih7_565.cif	6.67
model_4ih7_567.cif	6.06
model_4ih7_570.cif	7.22
model_4ih7_572.cif	7.13
model_4ih7_577.cif	2.20
model_4ih7_583.cif	5.32
model_4ih7_591.cif	7.33
model_4ih7_596.cif	5.53
model_4ih7_597.cif	6.13
model_4ih7_598.cif	4.18
model_4ih7_600.cif	6.41
model_4ih7_632.cif	3.70
model_4ih7_645.cif	7.04
model_4ih7_650.cif	4.74
model_4ih7_661.cif	3.87
model_4ih7_671.cif	1.94
model_4ih7_704.cif	4.68
model_4ih7_72.cif	0.68
model_4ih7_729.cif	3.03
model_4ih7_734.cif	5.48
model_4ih7_739.cif	3.48
model_4ih7_742.cif	5.97
model_4ih7_743.cif	3.95
model_4ih7_748.cif	4.83
model_4ih7_749.cif	5.40
model_4ih7_755.cif	4.83
model_4ih7_760.cif	4.80
model_4ih7_777.cif	4.88
model_4ih7_788.cif	5.91
model_4ih7_789.cif	3.50
model_4ih7_794.cif	4.43
model_4ih7_796.cif	2.72
model_4ih7_822.cif	6.19
model_4ih7_829.cif	3.17
model_4ih7_877.cif	1.81
model_4ih7_880.cif	6.02
model_4ih7_885.cif	5.11
model_4ih7_937.cif	6.16
model_4ih7_940.cif	6.18
model_4ih7_980.cif	5.12
model_4ih7_ligand.cif	0.00
model_4ivb_142.cif	0.45
model_4ivb_253.cif	0.22
model_4ivb_423.cif	1.50
model_4ivb_425.cif	0.98
model_4ivb_428.cif	3.45
model_4ivb_429.cif	1.12
model_4ivb_436.cif	2.27
model_4ivb_439.cif	0.90
model_4ivb_441.cif	1.31
model_4ivb_442.cif	1.54
model_4ivb_460.cif	1.34
model_4ivb_468.cif	1.04
model_4ivb_477.cif	2.15
model_4ivb_479.cif	4.14
model_4ivb_511.cif	8.11
model_4ivb_525.cif	7.56
model_4ivb_527.cif	4.23
model_4ivb_539.cif	6.13
model_4ivb_547.cif	7.45
model_4ivb_552.cif	1.35
model_4ivb_561.cif	8.08
model_4ivb_563.cif	3.76
model_4ivb_565.cif	6.41
model_4ivb_566.cif	6.47
model_4ivb_577.cif	2.20
model_4ivb_585.cif	4.62
model_4ivb_586.cif	4.86
model_4ivb_587.cif	2.08
model_4ivb_590.cif	7.07
model_4ivb_594.cif	2.53
model_4ivb_598.cif	5.18
model_4ivb_61.cif	0.72
model_4ivb_615.cif	1.62
model_4ivb_620.cif	5.95
model_4ivb_625.cif	5.63
model_4ivb_637.cif	2.15
model_4ivb_649.cif	4.09
model_4ivb_661.cif	2.94
model_4ivb_664.cif	6.48
model_4ivb_666.cif	2.46
model_4ivb_671.cif	3.05
model_4ivb_674.cif	3.47
model_4ivb_734.cif	1.24
model_4ivb_741.cif	3.97
model_4ivb_747.cif	3.99
model_4ivb_748.cif	6.37
model_4ivb_750.cif	4.27
model_4ivb_752.cif	3.65
model_4ivb_761.cif	1.69
model_4ivb_764.cif	5.71
model_4ivb_768.cif	4.46
model_4ivb_769.cif	4.31
model_4ivb_771.cif	4.27
model_4ivb_772.cif	6.01
model_4ivb_773.cif	3.39
model_4ivb_776.cif	5.98
model_4ivb_779.cif	5.72
model_4ivb_781.cif	8.71
model_4ivb_783.cif	5.07
model_4ivb_784.cif	3.57
model_4ivb_785.cif	3.81
model_4ivb_787.cif	5.61
model_4ivb_788.cif	5.74
model_4ivb_791.cif	5.85
model_4ivb_794.cif	6.37
model_4ivb_795.cif	6.85
model_4ivb_797.cif	6.64
model_4ivb_845.cif	0.78
model_4ivb_85.cif	0.23
model_4ivb_875.cif	0.84
model_4ivb_884.cif	2.14
model_4ivb_887.cif	2.58
model_4ivb_896.cif	4.01
model_4ivb_897.cif	6.45
model_4ivb_947.cif	0.62
model_4ivb_962.cif	0.78
model_4ivb_ligand.cif	0.00
model_4ivc_20.cif	0.21
model_4ivc_232.cif	0.28
model_4ivc_32.cif	0.78
model_4ivc_33.cif	1.30
model_4ivc_409.cif	1.71
model_4ivc_411.cif	1.56
model_4ivc_428.cif	1.26
model_4ivc_442.cif	4.10
model_4ivc_458.cif	1.64
model_4ivc_466.cif	3.73
model_4ivc_470.cif	4.09
model_4ivc_472.cif	3.54
model_4ivc_476.cif	2.02
model_4ivc_478.cif	2.47
model_4ivc_483.cif	6.51
model_4ivc_489.cif	1.97
model_4ivc_492.cif	2.11
model_4ivc_498.cif	2.72
model_4ivc_515.cif	4.87
model_4ivc_518.cif	6.19
model_4ivc_528.cif	6.26
model_4ivc_534.cif	4.66
model_4ivc_537.cif	3.89
model_4ivc_543.cif	5.57
model_4ivc_544.cif	5.71
model_4ivc_545.cif	2.04
model_4ivc_552.cif	5.91
model_4ivc_553.cif	5.00
model_4ivc_554.cif	5.99
model_4ivc_555.cif	6.36
model_4ivc_560.cif	6.07
model_4ivc_561.cif	5.07
model_4ivc_563.cif	5.17
model_4ivc_564.cif	4.81
model_4ivc_571.cif	5.42
model_4ivc_575.cif	6.23
model_4ivc_581.cif	3.03
model_4ivc_582.cif	6.50
model_4ivc_583.cif	3.34
model_4ivc_584.cif	6.48
model_4ivc_593.cif	2.11
model_4ivc_596.cif	5.37
model_4ivc_600.cif	5.04
model_4ivc_610.cif	4.17
model_4ivc_612.cif	2.15
model_4ivc_614.cif	7.07
model_4ivc_64.cif	1.27
model_4ivc_658.cif	2.72
model_4ivc_679.cif	2.33
model_4ivc_685.cif	2.36
model_4ivc_687.cif	6.06
model_4ivc_690.cif	3.45
model_4ivc_695.cif	3.74
model_4ivc_699.cif	4.49
model_4ivc_700.cif	5.08
model_4ivc_723.cif	0.91
model_4ivc_740.cif	0.76
model_4ivc_743.cif	4.00
model_4ivc_757.cif	4.05
model_4ivc_758.cif	3.49
model_4ivc_759.cif	4.12
model_4ivc_760.cif	6.33
model_4ivc_764.cif	3.60
model_4ivc_82.cif	0.51
model_4ivc_831.cif	1.33
model_4ivc_841.cif	0.90
model_4ivc_860.cif	1.31
model_4ivc_862.cif	0.97
model_4ivc_864.cif	1.36
model_4ivc_944.cif	0.72
model_4ivc_961.cif	0.99
model_4ivc_ligand.cif	0.00
model_4ivd_12.cif	0.90
model_4ivd_231.cif	0.77
model_4ivd_243.cif	0.31
model_4ivd_260.cif	0.77
model_4ivd_404.cif	1.69
model_4ivd_405.cif	2.09
model_4ivd_406.cif	1.22
model_4ivd_426.cif	2.06
model_4ivd_442.cif	1.91
model_4ivd_445.cif	2.09
model_4ivd_449.cif	3.78
model_4ivd_451.cif	4.32
model_4ivd_467.cif	2.08
model_4ivd_468.cif	3.33
model_4ivd_473.cif	2.02
model_4ivd_480.cif	3.20
model_4ivd_490.cif	6.76
model_4ivd_492.cif	3.68
model_4ivd_495.cif	2.22
model_4ivd_497.cif	2.93
model_4ivd_518.cif	6.57
model_4ivd_52.cif	0.61
model_4ivd_522.cif	6.06
model_4ivd_533.cif	4.15
model_4ivd_537.cif	3.30
model_4ivd_541.cif	6.61
model_4ivd_542.cif	5.72
model_4ivd_546.cif	6.51
model_4ivd_549.cif	1.75
model_4ivd_550.cif	3.01
model_4ivd_561.cif	5.03
model_4ivd_562.cif	4.20
model_4ivd_565.cif	6.14
model_4ivd_567.cif	4.01
model_4ivd_571.cif	4.22
model_4ivd_572.cif	5.49
model_4ivd_58.cif	0.53
model_4ivd_588.cif	3.29
model_4ivd_589.cif	5.13
model_4ivd_595.cif	3.81
model_4ivd_597.cif	5.99
model_4ivd_598.cif	2.65
model_4ivd_599.cif	6.41
model_4ivd_605.cif	6.11
model_4ivd_629.cif	6.71
model_4ivd_641.cif	5.53
model_4ivd_645.cif	4.38
model_4ivd_648.cif	4.25
model_4ivd_653.cif	6.07
model_4ivd_658.cif	7.89
model_4ivd_659.cif	5.80
model_4ivd_660.cif	3.89
model_4ivd_664.cif	4.27
model_4ivd_667.cif	3.59
model_4ivd_671.cif	7.56
model_4ivd_672.cif	4.49
model_4ivd_674.cif	5.60
model_4ivd_680.cif	4.97
model_4ivd_688.cif	5.32
model_4ivd_692.cif	2.61
model_4ivd_694.cif	5.01
model_4ivd_752.cif	0.75
model_4ivd_771.cif	0.83
model_4ivd_781.cif	0.82
model_4ivd_785.cif	1.08
model_4ivd_786.cif	1.32
model_4ivd_787.cif	1.20
model_4ivd_823.cif	0.37
model_4ivd_843.cif	2.17
model_4ivd_866.cif	1.79
model_4ivd_886.cif	1.57
model_4ivd_962.cif	1.03
model_4ivd_ligand.cif	0.00
model_4j21_119.cif	1.35
model_4j21_18.cif	0.91
model_4j21_190.cif	0.95
model_4j21_270.cif	0.57
model_4j21_30.cif	0.28
model_4j21_352.cif	0.28
model_4j21_37.cif	0.97
model_4j21_375.cif	5.88
model_4j21_393.cif	0.51
model_4j21_428.cif	5.93
model_4j21_430.cif	0.88
model_4j21_438.cif	2.72
model_4j21_442.cif	3.09
model_4j21_444.cif	2.71
model_4j21_447.cif	1.21
model_4j21_453.cif	2.29
model_4j21_456.cif	3.35
model_4j21_462.cif	1.88
model_4j21_463.cif	1.73
model_4j21_471.cif	2.09
model_4j21_475.cif	3.24
model_4j21_478.cif	1.94
model_4j21_479.cif	3.24
model_4j21_483.cif	3.18
model_4j21_485.cif	6.03
model_4j21_489.cif	6.11
model_4j21_490.cif	1.87
model_4j21_493.cif	5.98
model_4j21_499.cif	6.01
model_4j21_50.cif	0.34
model_4j21_514.cif	0.82
model_4j21_524.cif	1.80
model_4j21_535.cif	5.79
model_4j21_540.cif	5.76
model_4j21_553.cif	5.79
model_4j21_559.cif	1.25
model_4j21_569.cif	8.78
model_4j21_572.cif	2.07
model_4j21_574.cif	5.89
model_4j21_575.cif	1.81
model_4j21_577.cif	1.07
model_4j21_582.cif	5.63
model_4j21_594.cif	9.10
model_4j21_597.cif	2.37
model_4j21_620.cif	7.10
model_4j21_625.cif	3.12
model_4j21_627.cif	6.84
model_4j21_645.cif	2.50
model_4j21_678.cif	3.33
model_4j21_680.cif	3.21
model_4j21_686.cif	3.29
model_4j21_688.cif	7.33
model_4j21_730.cif	2.35
model_4j21_731.cif	6.32
model_4j21_734.cif	7.07
model_4j21_735.cif	8.75
model_4j21_736.cif	8.95
model_4j21_740.cif	6.12
model_4j21_741.cif	5.51
model_4j21_751.cif	8.73
model_4j21_752.cif	4.91
model_4j21_753.cif	8.12
model_4j21_754.cif	4.91
model_4j21_755.cif	4.69
model_4j21_756.cif	4.62
model_4j21_757.cif	4.78
model_4j21_761.cif	4.80
model_4j21_762.cif	6.43
model_4j21_763.cif	4.70
model_4j21_765.cif	9.52
model_4j21_767.cif	4.37
model_4j21_768.cif	4.40
model_4j21_770.cif	4.38
model_4j21_771.cif	9.51
model_4j21_774.cif	5.02
model_4j21_775.cif	6.74
model_4j21_780.cif	7.84
model_4j21_804.cif	2.06
model_4j21_827.cif	7.14
model_4j21_830.cif	7.26
model_4j21_839.cif	8.16
model_4j21_842.cif	8.14
model_4j21_846.cif	7.09
model_4j21_848.cif	8.19
model_4j21_849.cif	8.71
model_4j21_856.cif	7.54
model_4j21_86.cif	2.16
model_4j21_869.cif	7.85
model_4j21_876.cif	7.83
model_4j21_952.cif	6.19
model_4j21_955.cif	3.36
model_4j21_967.cif	6.99
model_4j21_ligand.cif	0.00
model_4j28_110.cif	0.90
model_4j28_123.cif	0.21
model_4j28_154.cif	0.98
model_4j28_173.cif	0.96
model_4j28_183.cif	0.93
model_4j28_196.cif	0.87
model_4j28_208.cif	1.67
model_4j28_215.cif	6.13
model_4j28_227.cif	6.09
model_4j28_265.cif	6.18
model_4j28_300.cif	6.20
model_4j28_303.cif	1.00
model_4j28_313.cif	1.00
model_4j28_406.cif	2.76
model_4j28_410.cif	3.14
model_4j28_42.cif	0.86
model_4j28_425.cif	1.99
model_4j28_429.cif	2.19
model_4j28_437.cif	2.56
model_4j28_439.cif	1.91
model_4j28_451.cif	1.98
model_4j28_457.cif	3.64
model_4j28_458.cif	1.92
model_4j28_494.cif	5.89
model_4j28_534.cif	2.78
model_4j28_536.cif	5.06
model_4j28_543.cif	3.17
model_4j28_555.cif	5.90
model_4j28_562.cif	4.01
model_4j28_566.cif	5.00
model_4j28_574.cif	5.87
model_4j28_579.cif	4.63
model_4j28_580.cif	4.47
model_4j28_583.cif	4.83
model_4j28_587.cif	5.98
model_4j28_593.cif	3.75
model_4j28_600.cif	4.64
model_4j28_646.cif	4.14
model_4j28_657.cif	3.23
model_4j28_661.cif	2.18
model_4j28_691.cif	1.69
model_4j28_692.cif	2.56
model_4j28_732.cif	6.06
model_4j28_737.cif	2.08
model_4j28_743.cif	3.26
model_4j28_744.cif	3.35
model_4j28_753.cif	3.84
model_4j28_758.cif	6.03
model_4j28_772.cif	6.42
model_4j28_775.cif	5.94
model_4j28_785.cif	3.00
model_4j28_790.cif	6.43
model_4j28_792.cif	2.83
model_4j28_794.cif	0.34
model_4j28_828.cif	2.26
model_4j28_829.cif	3.37
model_4j28_846.cif	5.99
model_4j28_852.cif	1.13
model_4j28_858.cif	5.99
model_4j28_863.cif	4.22
model_4j28_864.cif	5.46
model_4j28_866.cif	6.01
model_4j28_867.cif	6.10
model_4j28_877.cif	4.21
model_4j28_899.cif	1.14
model_4j28_912.cif	1.94
model_4j28_944.cif	5.89
model_4j28_961.cif	1.66
model_4j28_981.cif	3.12
model_4j28_988.cif	4.17
model_4j28_ligand.cif	0.00
model_4j3l_115.cif	2.17
model_4j3l_140.cif	1.94
model_4j3l_202.cif	2.07
model_4j3l_286.cif	2.34
model_4j3l_348.cif	1.67
model_4j3l_352.cif	1.23
model_4j3l_404.cif	2.69
model_4j3l_413.cif	5.92
model_4j3l_422.cif	2.45
model_4j3l_433.cif	5.98
model_4j3l_435.cif	6.27
model_4j3l_440.cif	1.79
model_4j3l_446.cif	3.13
model_4j3l_449.cif	1.51
model_4j3l_455.cif	3.12
model_4j3l_468.cif	1.76
model_4j3l_473.cif	4.06
model_4j3l_475.cif	3.20
model_4j3l_479.cif	2.40
model_4j3l_485.cif	2.62
model_4j3l_489.cif	1.84
model_4j3l_490.cif	2.13
model_4j3l_523.cif	3.09
model_4j3l_536.cif	2.51
model_4j3l_547.cif	6.12
model_4j3l_561.cif	2.00
model_4j3l_574.cif	7.56
model_4j3l_585.cif	3.05
model_4j3l_597.cif	6.58
model_4j3l_620.cif	5.94
model_4j3l_632.cif	6.39
model_4j3l_635.cif	6.13
model_4j3l_636.cif	3.43
model_4j3l_647.cif	3.06
model_4j3l_650.cif	6.25
model_4j3l_656.cif	3.23
model_4j3l_662.cif	3.30
model_4j3l_673.cif	2.23
model_4j3l_677.cif	6.25
model_4j3l_684.cif	6.22
model_4j3l_696.cif	6.67
model_4j3l_699.cif	3.07
model_4j3l_700.cif	6.32
model_4j3l_732.cif	0.84
model_4j3l_733.cif	0.63
model_4j3l_739.cif	0.93
model_4j3l_746.cif	1.30
model_4j3l_749.cif	1.00
model_4j3l_755.cif	0.95
model_4j3l_761.cif	0.60
model_4j3l_774.cif	5.74
model_4j3l_775.cif	5.75
model_4j3l_776.cif	5.71
model_4j3l_777.cif	5.64
model_4j3l_782.cif	6.00
model_4j3l_784.cif	5.98
model_4j3l_786.cif	5.93
model_4j3l_793.cif	1.93
model_4j3l_858.cif	0.90
model_4j3l_871.cif	0.91
model_4j3l_888.cif	0.85
model_4j3l_991.cif	0.88
model_4j3l_ligand.cif	0.00
model_4jfs_10.cif	0.84
model_4jfs_139.cif	0.69
model_4jfs_177.cif	1.04
model_4jfs_191.cif	0.77
model_4jfs_266.cif	1.30
model_4jfs_274.cif	1.41
model_4jfs_362.cif	0.66
model_4jfs_385.cif	0.89
model_4jfs_411.cif	2.08
model_4jfs_413.cif	2.36
model_4jfs_414.cif	2.05
model_4jfs_469.cif	4.21
model_4jfs_508.cif	1.80
model_4jfs_51.cif	1.09
model_4jfs_527.cif	4.08
model_4jfs_529.cif	2.25
model_4jfs_574.cif	2.75
model_4jfs_579.cif	3.15
model_4jfs_615.cif	1.46
model_4jfs_669.cif	3.35
model_4jfs_681.cif	4.48
model_4jfs_709.cif	2.84
model_4jfs_714.cif	2.58
model_4jfs_739.cif	3.74
model_4jfs_740.cif	4.36
model_4jfs_749.cif	3.85
model_4jfs_750.cif	4.14
model_4jfs_764.cif	3.78
model_4jfs_769.cif	3.90
model_4jfs_778.cif	4.18
model_4jfs_783.cif	1.77
model_4jfs_784.cif	3.57
model_4jfs_787.cif	5.05
model_4jfs_788.cif	4.32
model_4jfs_789.cif	1.83
model_4jfs_792.cif	2.44
model_4jfs_793.cif	2.65
model_4jfs_797.cif	4.09
model_4jfs_818.cif	0.92
model_4jfs_849.cif	3.57
model_4jfs_855.cif	3.20
model_4jfs_857.cif	4.35
model_4jfs_867.cif	4.23
model_4jfs_877.cif	3.93
model_4jfs_899.cif	0.85
model_4jfs_920.cif	0.72
model_4jfs_958.cif	2.10
model_4jfs_970.cif	0.66
model_4jfs_974.cif	1.87
model_4jfs_981.cif	1.15
model_4jfs_982.cif	0.82
model_4jfs_ligand.cif	0.00
model_4jia_11.cif	1.90
model_4jia_111.cif	5.16
model_4jia_162.cif	9.11
model_4jia_202.cif	2.62
model_4jia_205.cif	4.75
model_4jia_210.cif	1.38
model_4jia_214.cif	6.31
model_4jia_223.cif	5.81
model_4jia_227.cif	4.29
model_4jia_230.cif	7.92
model_4jia_232.cif	7.03
model_4jia_249.cif	1.58
model_4jia_257.cif	2.00
model_4jia_261.cif	6.56
model_4jia_275.cif	0.86
model_4jia_282.cif	4.11
model_4jia_285.cif	8.28
model_4jia_287.cif	0.71
model_4jia_291.cif	6.07
model_4jia_293.cif	4.87
model_4jia_295.cif	7.18
model_4jia_316.cif	8.31
model_4jia_335.cif	2.12
model_4jia_337.cif	2.96
model_4jia_362.cif	0.96
model_4jia_415.cif	4.40
model_4jia_418.cif	5.95
model_4jia_419.cif	8.05
model_4jia_427.cif	6.13
model_4jia_439.cif	5.20
model_4jia_443.cif	8.07
model_4jia_460.cif	1.64
model_4jia_479.cif	6.98
model_4jia_485.cif	7.32
model_4jia_532.cif	3.17
model_4jia_539.cif	2.24
model_4jia_551.cif	4.46
model_4jia_552.cif	3.77
model_4jia_555.cif	2.77
model_4jia_569.cif	4.35
model_4jia_587.cif	3.32
model_4jia_60.cif	0.65
model_4jia_609.cif	8.47
model_4jia_61.cif	2.46
model_4jia_66.cif	0.82
model_4jia_661.cif	2.72
model_4jia_665.cif	6.99
model_4jia_679.cif	9.35
model_4jia_707.cif	2.54
model_4jia_710.cif	3.95
model_4jia_711.cif	3.45
model_4jia_712.cif	5.14
model_4jia_719.cif	4.60
model_4jia_723.cif	3.20
model_4jia_724.cif	2.87
model_4jia_725.cif	7.03
model_4jia_727.cif	7.04
model_4jia_729.cif	9.18
model_4jia_733.cif	3.94
model_4jia_734.cif	3.43
model_4jia_737.cif	3.42
model_4jia_740.cif	6.67
model_4jia_743.cif	5.44
model_4jia_747.cif	9.02
model_4jia_749.cif	8.06
model_4jia_752.cif	9.27
model_4jia_754.cif	5.99
model_4jia_758.cif	7.39
model_4jia_763.cif	9.09
model_4jia_765.cif	9.61
model_4jia_766.cif	7.15
model_4jia_767.cif	6.13
model_4jia_769.cif	4.68
model_4jia_770.cif	9.53
model_4jia_773.cif	9.45
model_4jia_774.cif	5.32
model_4jia_777.cif	8.60
model_4jia_783.cif	8.43
model_4jia_789.cif	7.64
model_4jia_793.cif	9.34
model_4jia_796.cif	7.67
model_4jia_807.cif	1.09
model_4jia_812.cif	1.27
model_4jia_844.cif	4.61
model_4jia_85.cif	0.80
model_4jia_851.cif	5.96
model_4jia_868.cif	6.20
model_4jia_876.cif	2.77
model_4jia_88.cif	0.88
model_4jia_885.cif	5.56
model_4jia_889.cif	3.11
model_4jia_891.cif	6.85
model_4jia_907.cif	8.65
model_4jia_91.cif	0.82
model_4jia_917.cif	1.41
model_4jia_923.cif	0.85
model_4jia_957.cif	0.81
model_4jia_959.cif	8.56
model_4jia_984.cif	1.01
model_4jia_994.cif	1.38
model_4jia_ligand.cif	0.00
model_4jsz_1.cif	9.97
model_4jsz_100.cif	2.35
model_4jsz_113.cif	9.98
model_4jsz_138.cif	9.97
model_4jsz_150.cif	4.42
model_4jsz_156.cif	3.24
model_4jsz_160.cif	9.86
model_4jsz_215.cif	1.73
model_4jsz_218.cif	3.24
model_4jsz_24.cif	6.03
model_4jsz_26.cif	6.14
model_4jsz_262.cif	2.33
model_4jsz_269.cif	2.35
model_4jsz_306.cif	3.32
model_4jsz_31.cif	6.05
model_4jsz_321.cif	9.86
model_4jsz_323.cif	10.00
model_4jsz_359.cif	5.99
model_4jsz_38.cif	6.10
model_4jsz_390.cif	9.95
model_4jsz_466.cif	4.10
model_4jsz_47.cif	6.07
model_4jsz_476.cif	4.18
model_4jsz_48.cif	6.09
model_4jsz_491.cif	2.64
model_4jsz_494.cif	4.37
model_4jsz_498.cif	3.24
model_4jsz_506.cif	3.36
model_4jsz_509.cif	3.80
model_4jsz_511.cif	2.09
model_4jsz_512.cif	1.96
model_4jsz_545.cif	2.90
model_4jsz_549.cif	4.55
model_4jsz_554.cif	4.44
model_4jsz_559.cif	3.83
model_4jsz_560.cif	2.37
model_4jsz_561.cif	1.88
model_4jsz_571.cif	1.66
model_4jsz_574.cif	3.12
model_4jsz_581.cif	4.61
model_4jsz_585.cif	2.45
model_4jsz_59.cif	5.98
model_4jsz_593.cif	1.45
model_4jsz_60.cif	3.54
model_4jsz_600.cif	4.28
model_4jsz_625.cif	1.99
model_4jsz_63.cif	6.02
model_4jsz_645.cif	6.19
model_4jsz_65.cif	5.75
model_4jsz_662.cif	2.82
model_4jsz_672.cif	2.00
model_4jsz_677.cif	4.04
model_4jsz_698.cif	3.29
model_4jsz_71.cif	2.74
model_4jsz_710.cif	4.16
model_4jsz_74.cif	1.83
model_4jsz_742.cif	1.71
model_4jsz_756.cif	5.44
model_4jsz_762.cif	5.15
model_4jsz_771.cif	5.36
model_4jsz_772.cif	5.97
model_4jsz_774.cif	5.16
model_4jsz_775.cif	5.01
model_4jsz_815.cif	1.73
model_4jsz_83.cif	6.18
model_4jsz_85.cif	5.90
model_4jsz_93.cif	6.17
model_4jsz_ligand.cif	0.00
model_4jxs_129.cif	1.10
model_4jxs_147.cif	0.77
model_4jxs_153.cif	0.47
model_4jxs_196.cif	0.57
model_4jxs_2.cif	1.95
model_4jxs_203.cif	2.49
model_4jxs_205.cif	9.49
model_4jxs_218.cif	0.97
model_4jxs_223.cif	9.56
model_4jxs_227.cif	7.32
model_4jxs_232.cif	8.59
model_4jxs_236.cif	2.48
model_4jxs_238.cif	9.36
model_4jxs_243.cif	8.19
model_4jxs_244.cif	7.37
model_4jxs_246.cif	8.57
model_4jxs_257.cif	8.51
model_4jxs_258.cif	0.79
model_4jxs_260.cif	0.65
model_4jxs_262.cif	8.67
model_4jxs_264.cif	8.23
model_4jxs_275.cif	6.76
model_4jxs_278.cif	9.49
model_4jxs_295.cif	8.08
model_4jxs_296.cif	7.29
model_4jxs_306.cif	0.81
model_4jxs_31.cif	1.83
model_4jxs_311.cif	7.03
model_4jxs_322.cif	2.49
model_4jxs_334.cif	1.00
model_4jxs_348.cif	1.92
model_4jxs_352.cif	0.81
model_4jxs_356.cif	6.64
model_4jxs_401.cif	3.40
model_4jxs_407.cif	3.25
model_4jxs_410.cif	4.43
model_4jxs_411.cif	6.65
model_4jxs_414.cif	4.89
model_4jxs_427.cif	2.83
model_4jxs_434.cif	4.23
model_4jxs_444.cif	6.03
model_4jxs_452.cif	7.31
model_4jxs_455.cif	4.82
model_4jxs_464.cif	5.40
model_4jxs_466.cif	3.71
model_4jxs_47.cif	2.00
model_4jxs_485.cif	2.00
model_4jxs_490.cif	1.75
model_4jxs_503.cif	7.03
model_4jxs_509.cif	5.01
model_4jxs_513.cif	7.81
model_4jxs_517.cif	2.01
model_4jxs_520.cif	6.92
model_4jxs_523.cif	1.66
model_4jxs_543.cif	8.71
model_4jxs_546.cif	4.74
model_4jxs_55.cif	2.43
model_4jxs_556.cif	3.18
model_4jxs_56.cif	1.76
model_4jxs_563.cif	7.02
model_4jxs_573.cif	8.05
model_4jxs_578.cif	2.91
model_4jxs_579.cif	3.14
model_4jxs_580.cif	5.56
model_4jxs_581.cif	7.22
model_4jxs_585.cif	5.91
model_4jxs_588.cif	4.30
model_4jxs_595.cif	4.69
model_4jxs_598.cif	5.55
model_4jxs_599.cif	2.67
model_4jxs_628.cif	5.55
model_4jxs_648.cif	5.24
model_4jxs_654.cif	4.85
model_4jxs_664.cif	5.81
model_4jxs_669.cif	3.37
model_4jxs_672.cif	6.58
model_4jxs_679.cif	4.25
model_4jxs_684.cif	4.00
model_4jxs_688.cif	5.17
model_4jxs_696.cif	4.60
model_4jxs_698.cif	3.51
model_4jxs_701.cif	9.38
model_4jxs_702.cif	1.54
model_4jxs_707.cif	6.50
model_4jxs_712.cif	9.33
model_4jxs_713.cif	9.28
model_4jxs_714.cif	8.92
model_4jxs_719.cif	9.28
model_4jxs_72.cif	5.87
model_4jxs_725.cif	9.91
model_4jxs_750.cif	3.11
model_4jxs_76.cif	6.54
model_4jxs_764.cif	6.01
model_4jxs_766.cif	3.39
model_4jxs_768.cif	9.42
model_4jxs_770.cif	7.15
model_4jxs_78.cif	6.67
model_4jxs_85.cif	2.36
model_4jxs_9.cif	2.09
model_4jxs_979.cif	0.79
model_4jxs_ligand.cif	0.00
model_4k18_100.cif	1.68
model_4k18_105.cif	2.93
model_4k18_107.cif	1.16
model_4k18_118.cif	5.89
model_4k18_122.cif	6.47
model_4k18_144.cif	3.20
model_4k18_151.cif	1.76
model_4k18_161.cif	2.87
model_4k18_174.cif	1.32
model_4k18_200.cif	3.16
model_4k18_201.cif	0.70
model_4k18_203.cif	2.39
model_4k18_215.cif	6.25
model_4k18_223.cif	2.49
model_4k18_225.cif	0.31
model_4k18_23.cif	0.87
model_4k18_233.cif	2.28
model_4k18_249.cif	0.85
model_4k18_254.cif	0.36
model_4k18_267.cif	1.16
model_4k18_282.cif	1.03
model_4k18_285.cif	0.64
model_4k18_287.cif	4.53
model_4k18_365.cif	3.98
model_4k18_38.cif	1.02
model_4k18_408.cif	3.91
model_4k18_415.cif	3.99
model_4k18_430.cif	5.34
model_4k18_437.cif	4.22
model_4k18_438.cif	4.42
model_4k18_441.cif	4.93
model_4k18_454.cif	5.13
model_4k18_458.cif	5.24
model_4k18_467.cif	4.90
model_4k18_471.cif	3.96
model_4k18_477.cif	6.49
model_4k18_478.cif	4.05
model_4k18_480.cif	2.88
model_4k18_490.cif	4.00
model_4k18_494.cif	6.00
model_4k18_495.cif	5.01
model_4k18_515.cif	7.01
model_4k18_531.cif	7.06
model_4k18_538.cif	5.65
model_4k18_541.cif	4.46
model_4k18_542.cif	7.39
model_4k18_545.cif	7.53
model_4k18_547.cif	5.57
model_4k18_552.cif	4.48
model_4k18_557.cif	7.24
model_4k18_560.cif	6.78
model_4k18_563.cif	3.28
model_4k18_565.cif	7.33
model_4k18_570.cif	6.50
model_4k18_574.cif	7.51
model_4k18_583.cif	7.09
model_4k18_586.cif	5.50
model_4k18_587.cif	6.13
model_4k18_592.cif	6.53
model_4k18_599.cif	7.05
model_4k18_60.cif	1.16
model_4k18_635.cif	6.54
model_4k18_646.cif	2.16
model_4k18_651.cif	7.21
model_4k18_668.cif	3.88
model_4k18_671.cif	6.11
model_4k18_672.cif	5.92
model_4k18_683.cif	4.76
model_4k18_688.cif	6.21
model_4k18_690.cif	2.92
model_4k18_693.cif	1.66
model_4k18_700.cif	2.62
model_4k18_744.cif	2.96
model_4k18_748.cif	1.73
model_4k18_749.cif	4.60
model_4k18_825.cif	0.84
model_4k18_829.cif	0.52
model_4k18_85.cif	0.53
model_4k18_859.cif	3.12
model_4k18_93.cif	0.68
model_4k18_ligand.cif	0.00
model_4k77_149.cif	1.03
model_4k77_167.cif	0.22
model_4k77_173.cif	0.90
model_4k77_190.cif	2.17
model_4k77_207.cif	1.06
model_4k77_229.cif	0.80
model_4k77_237.cif	0.36
model_4k77_257.cif	0.54
model_4k77_290.cif	0.74
model_4k77_325.cif	3.06
model_4k77_328.cif	0.37
model_4k77_331.cif	0.88
model_4k77_403.cif	2.35
model_4k77_409.cif	1.86
model_4k77_412.cif	1.89
model_4k77_416.cif	3.62
model_4k77_420.cif	3.13
model_4k77_428.cif	2.43
model_4k77_437.cif	2.31
model_4k77_440.cif	1.69
model_4k77_443.cif	6.41
model_4k77_444.cif	4.42
model_4k77_462.cif	7.88
model_4k77_478.cif	6.52
model_4k77_479.cif	4.60
model_4k77_482.cif	6.11
model_4k77_491.cif	3.59
model_4k77_516.cif	6.14
model_4k77_520.cif	4.98
model_4k77_521.cif	6.05
model_4k77_529.cif	6.75
model_4k77_546.cif	7.28
model_4k77_548.cif	1.85
model_4k77_557.cif	2.75
model_4k77_560.cif	1.41
model_4k77_562.cif	7.06
model_4k77_571.cif	2.12
model_4k77_572.cif	4.70
model_4k77_573.cif	7.23
model_4k77_576.cif	3.94
model_4k77_577.cif	8.01
model_4k77_585.cif	6.60
model_4k77_586.cif	5.16
model_4k77_592.cif	4.01
model_4k77_596.cif	4.23
model_4k77_597.cif	5.68
model_4k77_598.cif	5.66
model_4k77_601.cif	5.92
model_4k77_606.cif	3.81
model_4k77_608.cif	2.43
model_4k77_611.cif	5.45
model_4k77_625.cif	3.82
model_4k77_633.cif	3.39
model_4k77_634.cif	7.28
model_4k77_635.cif	4.79
model_4k77_642.cif	2.77
model_4k77_645.cif	3.56
model_4k77_661.cif	2.98
model_4k77_666.cif	6.44
model_4k77_681.cif	5.29
model_4k77_684.cif	1.54
model_4k77_688.cif	4.09
model_4k77_690.cif	7.04
model_4k77_693.cif	1.33
model_4k77_696.cif	7.27
model_4k77_699.cif	3.10
model_4k77_743.cif	2.83
model_4k77_748.cif	8.12
model_4k77_750.cif	4.12
model_4k77_757.cif	6.00
model_4k77_775.cif	6.14
model_4k77_782.cif	5.29
model_4k77_784.cif	7.72
model_4k77_789.cif	4.24
model_4k77_794.cif	5.87
model_4k77_869.cif	7.42
model_4k77_900.cif	5.65
model_4k77_932.cif	0.61
model_4k77_951.cif	0.87
model_4k77_959.cif	7.23
model_4k77_982.cif	6.93
model_4k77_990.cif	1.53
model_4k77_ligand.cif	0.00
model_4kz6_110.cif	1.08
model_4kz6_112.cif	0.88
model_4kz6_143.cif	0.71
model_4kz6_160.cif	0.69
model_4kz6_20.cif	6.10
model_4kz6_267.cif	3.10
model_4kz6_308.cif	0.28
model_4kz6_315.cif	0.54
model_4kz6_350.cif	0.51
model_4kz6_365.cif	0.66
model_4kz6_373.cif	0.91
model_4kz6_389.cif	0.56
model_4kz6_403.cif	5.57
model_4kz6_408.cif	5.29
model_4kz6_419.cif	5.22
model_4kz6_490.cif	5.41
model_4kz6_511.cif	2.76
model_4kz6_527.cif	2.40
model_4kz6_529.cif	4.85
model_4kz6_534.cif	7.13
model_4kz6_548.cif	1.23
model_4kz6_549.cif	2.66
model_4kz6_553.cif	5.07
model_4kz6_588.cif	3.35
model_4kz6_593.cif	7.19
model_4kz6_658.cif	5.01
model_4kz6_665.cif	1.63
model_4kz6_666.cif	3.00
model_4kz6_679.cif	0.89
model_4kz6_681.cif	1.74
model_4kz6_694.cif	1.99
model_4kz6_701.cif	2.78
model_4kz6_723.cif	1.76
model_4kz6_726.cif	7.07
model_4kz6_731.cif	2.74
model_4kz6_745.cif	4.09
model_4kz6_746.cif	7.22
model_4kz6_748.cif	3.53
model_4kz6_754.cif	7.10
model_4kz6_755.cif	7.70
model_4kz6_761.cif	6.65
model_4kz6_764.cif	3.87
model_4kz6_766.cif	3.87
model_4kz6_768.cif	4.20
model_4kz6_772.cif	6.22
model_4kz6_773.cif	7.21
model_4kz6_775.cif	4.15
model_4kz6_776.cif	6.20
model_4kz6_778.cif	5.42
model_4kz6_785.cif	3.55
model_4kz6_787.cif	6.41
model_4kz6_790.cif	3.46
model_4kz6_796.cif	3.93
model_4kz6_798.cif	4.59
model_4kz6_815.cif	2.66
model_4kz6_819.cif	2.57
model_4kz6_839.cif	7.10
model_4kz6_840.cif	7.48
model_4kz6_853.cif	5.01
model_4kz6_854.cif	4.61
model_4kz6_858.cif	3.90
model_4kz6_873.cif	7.72
model_4kz6_874.cif	4.37
model_4kz6_875.cif	6.90
model_4kz6_878.cif	5.01
model_4kz6_879.cif	1.21
model_4kz6_888.cif	2.20
model_4kz6_892.cif	1.50
model_4kz6_895.cif	5.46
model_4kz6_897.cif	4.89
model_4kz6_900.cif	3.61
model_4kz6_925.cif	1.87
model_4kz6_955.cif	2.99
model_4kz6_958.cif	4.64
model_4kz6_960.cif	1.11
model_4kz6_974.cif	4.11
model_4kz6_ligand.cif	0.00
model_4kzq_133.cif	0.74
model_4kzq_14.cif	0.45
model_4kzq_163.cif	0.50
model_4kzq_311.cif	0.53
model_4kzq_409.cif	0.70
model_4kzq_425.cif	2.12
model_4kzq_427.cif	2.84
model_4kzq_428.cif	0.92
model_4kzq_432.cif	2.87
model_4kzq_434.cif	1.09
model_4kzq_436.cif	2.49
model_4kzq_446.cif	0.83
model_4kzq_447.cif	1.39
model_4kzq_455.cif	2.33
model_4kzq_458.cif	3.26
model_4kzq_467.cif	3.01
model_4kzq_469.cif	3.07
model_4kzq_472.cif	1.17
model_4kzq_475.cif	1.28
model_4kzq_485.cif	3.10
model_4kzq_494.cif	1.42
model_4kzq_495.cif	2.91
model_4kzq_496.cif	3.08
model_4kzq_5.cif	0.66
model_4kzq_500.cif	2.48
model_4kzq_507.cif	5.19
model_4kzq_511.cif	4.79
model_4kzq_515.cif	1.04
model_4kzq_523.cif	6.21
model_4kzq_539.cif	3.57
model_4kzq_543.cif	4.54
model_4kzq_550.cif	4.19
model_4kzq_557.cif	1.58
model_4kzq_560.cif	4.85
model_4kzq_566.cif	5.98
model_4kzq_569.cif	3.54
model_4kzq_576.cif	6.67
model_4kzq_584.cif	5.01
model_4kzq_590.cif	6.59
model_4kzq_593.cif	4.09
model_4kzq_600.cif	5.14
model_4kzq_607.cif	6.18
model_4kzq_609.cif	3.64
model_4kzq_612.cif	1.84
model_4kzq_615.cif	4.33
model_4kzq_62.cif	0.82
model_4kzq_624.cif	5.82
model_4kzq_632.cif	6.94
model_4kzq_635.cif	2.52
model_4kzq_641.cif	6.89
model_4kzq_651.cif	3.14
model_4kzq_667.cif	2.34
model_4kzq_682.cif	2.30
model_4kzq_692.cif	1.11
model_4kzq_697.cif	3.84
model_4kzq_72.cif	0.84
model_4kzq_740.cif	4.31
model_4kzq_745.cif	6.53
model_4kzq_748.cif	4.24
model_4kzq_749.cif	9.02
model_4kzq_755.cif	7.16
model_4kzq_758.cif	9.03
model_4kzq_764.cif	8.31
model_4kzq_766.cif	8.27
model_4kzq_769.cif	8.21
model_4kzq_776.cif	7.93
model_4kzq_778.cif	7.15
model_4kzq_781.cif	9.49
model_4kzq_782.cif	9.61
model_4kzq_783.cif	9.75
model_4kzq_784.cif	9.78
model_4kzq_794.cif	5.09
model_4kzq_837.cif	7.31
model_4kzq_838.cif	7.92
model_4kzq_845.cif	7.83
model_4kzq_847.cif	8.19
model_4kzq_856.cif	7.88
model_4kzq_861.cif	7.99
model_4kzq_865.cif	5.84
model_4kzq_866.cif	8.39
model_4kzq_868.cif	5.37
model_4kzq_874.cif	6.50
model_4kzq_875.cif	7.20
model_4kzq_876.cif	4.14
model_4kzq_877.cif	8.47
model_4kzq_878.cif	7.55
model_4kzq_880.cif	8.38
model_4kzq_883.cif	6.39
model_4kzq_884.cif	8.48
model_4kzq_888.cif	5.82
model_4kzq_890.cif	4.01
model_4kzq_891.cif	8.06
model_4kzq_892.cif	8.72
model_4kzq_893.cif	6.74
model_4kzq_974.cif	1.58
model_4kzq_990.cif	5.58
model_4kzq_ligand.cif	0.00
model_4kzu_112.cif	0.50
model_4kzu_206.cif	0.45
model_4kzu_256.cif	0.53
model_4kzu_286.cif	0.64
model_4kzu_411.cif	0.89
model_4kzu_422.cif	1.50
model_4kzu_424.cif	0.71
model_4kzu_426.cif	3.28
model_4kzu_429.cif	1.50
model_4kzu_432.cif	1.22
model_4kzu_439.cif	2.06
model_4kzu_455.cif	2.31
model_4kzu_468.cif	1.81
model_4kzu_472.cif	3.23
model_4kzu_474.cif	2.22
model_4kzu_481.cif	1.16
model_4kzu_483.cif	2.42
model_4kzu_491.cif	3.47
model_4kzu_492.cif	1.66
model_4kzu_497.cif	3.85
model_4kzu_499.cif	2.20
model_4kzu_5.cif	0.88
model_4kzu_504.cif	0.94
model_4kzu_524.cif	1.12
model_4kzu_537.cif	7.32
model_4kzu_548.cif	2.00
model_4kzu_549.cif	3.87
model_4kzu_552.cif	4.56
model_4kzu_553.cif	6.65
model_4kzu_559.cif	6.56
model_4kzu_565.cif	4.07
model_4kzu_569.cif	5.24
model_4kzu_570.cif	3.85
model_4kzu_571.cif	2.89
model_4kzu_574.cif	6.19
model_4kzu_575.cif	1.59
model_4kzu_577.cif	5.01
model_4kzu_578.cif	3.76
model_4kzu_582.cif	4.35
model_4kzu_592.cif	4.40
model_4kzu_593.cif	4.91
model_4kzu_594.cif	3.57
model_4kzu_599.cif	6.16
model_4kzu_601.cif	0.83
model_4kzu_610.cif	0.79
model_4kzu_618.cif	2.17
model_4kzu_619.cif	4.15
model_4kzu_641.cif	3.84
model_4kzu_660.cif	3.91
model_4kzu_661.cif	1.63
model_4kzu_662.cif	5.38
model_4kzu_663.cif	5.12
model_4kzu_668.cif	5.16
model_4kzu_669.cif	4.56
model_4kzu_675.cif	2.84
model_4kzu_678.cif	6.98
model_4kzu_680.cif	4.13
model_4kzu_682.cif	4.79
model_4kzu_690.cif	2.63
model_4kzu_696.cif	4.21
model_4kzu_700.cif	5.36
model_4kzu_708.cif	5.49
model_4kzu_709.cif	5.99
model_4kzu_710.cif	6.98
model_4kzu_712.cif	7.32
model_4kzu_735.cif	9.12
model_4kzu_738.cif	7.74
model_4kzu_740.cif	8.09
model_4kzu_741.cif	8.94
model_4kzu_747.cif	7.93
model_4kzu_752.cif	9.54
model_4kzu_753.cif	7.66
model_4kzu_755.cif	7.39
model_4kzu_757.cif	8.13
model_4kzu_761.cif	9.40
model_4kzu_762.cif	7.52
model_4kzu_775.cif	9.74
model_4kzu_776.cif	6.38
model_4kzu_777.cif	8.29
model_4kzu_786.cif	9.77
model_4kzu_789.cif	9.00
model_4kzu_800.cif	6.80
model_4kzu_847.cif	8.78
model_4kzu_856.cif	5.36
model_4kzu_857.cif	8.80
model_4kzu_861.cif	9.12
model_4kzu_863.cif	8.99
model_4kzu_865.cif	8.82
model_4kzu_867.cif	7.09
model_4kzu_872.cif	6.59
model_4kzu_877.cif	6.77
model_4kzu_878.cif	9.18
model_4kzu_883.cif	9.97
model_4kzu_889.cif	9.27
model_4kzu_907.cif	2.73
model_4kzu_909.cif	5.31
model_4kzu_924.cif	7.08
model_4kzu_932.cif	9.76
model_4kzu_956.cif	7.31
model_4kzu_961.cif	8.69
model_4kzu_ligand.cif	0.00
model_4llx_208.cif	1.53
model_4llx_213.cif	0.45
model_4llx_236.cif	0.43
model_4llx_243.cif	9.96
model_4llx_247.cif	9.95
model_4llx_276.cif	0.96
model_4llx_293.cif	0.63
model_4llx_302.cif	0.27
model_4llx_386.cif	0.33
model_4llx_402.cif	0.78
model_4llx_403.cif	0.67
model_4llx_408.cif	3.03
model_4llx_414.cif	3.61
model_4llx_418.cif	3.65
model_4llx_419.cif	3.62
model_4llx_421.cif	0.99
model_4llx_422.cif	2.95
model_4llx_442.cif	2.57
model_4llx_443.cif	2.11
model_4llx_447.cif	1.80
model_4llx_451.cif	3.91
model_4llx_465.cif	2.85
model_4llx_471.cif	4.94
model_4llx_472.cif	5.30
model_4llx_475.cif	3.18
model_4llx_478.cif	2.11
model_4llx_485.cif	1.59
model_4llx_498.cif	1.41
model_4llx_500.cif	4.30
model_4llx_512.cif	4.66
model_4llx_519.cif	1.25
model_4llx_525.cif	4.99
model_4llx_545.cif	1.36
model_4llx_553.cif	5.69
model_4llx_554.cif	6.28
model_4llx_558.cif	6.86
model_4llx_560.cif	7.06
model_4llx_579.cif	5.26
model_4llx_589.cif	6.27
model_4llx_609.cif	1.33
model_4llx_613.cif	2.92
model_4llx_621.cif	1.18
model_4llx_624.cif	3.39
model_4llx_635.cif	2.95
model_4llx_636.cif	4.65
model_4llx_641.cif	2.38
model_4llx_650.cif	3.51
model_4llx_666.cif	3.77
model_4llx_677.cif	4.40
model_4llx_684.cif	2.86
model_4llx_686.cif	4.11
model_4llx_689.cif	4.04
model_4llx_695.cif	4.63
model_4llx_716.cif	1.89
model_4llx_723.cif	1.90
model_4llx_727.cif	5.17
model_4llx_745.cif	4.22
model_4llx_746.cif	6.21
model_4llx_750.cif	6.94
model_4llx_751.cif	8.47
model_4llx_757.cif	7.53
model_4llx_759.cif	5.79
model_4llx_769.cif	5.03
model_4llx_774.cif	7.28
model_4llx_779.cif	5.50
model_4llx_781.cif	6.00
model_4llx_784.cif	8.23
model_4llx_785.cif	6.30
model_4llx_786.cif	6.95
model_4llx_787.cif	6.23
model_4llx_788.cif	8.30
model_4llx_789.cif	7.57
model_4llx_790.cif	7.63
model_4llx_793.cif	7.09
model_4llx_795.cif	6.83
model_4llx_798.cif	7.43
model_4llx_799.cif	8.18
model_4llx_845.cif	3.78
model_4llx_859.cif	7.59
model_4llx_862.cif	5.16
model_4llx_871.cif	7.55
model_4llx_875.cif	7.39
model_4llx_877.cif	8.72
model_4llx_882.cif	6.50
model_4llx_943.cif	0.98
model_4llx_967.cif	2.94
model_4llx_977.cif	5.55
model_4llx_ligand.cif	0.00
model_4lzs_1.cif	0.75
model_4lzs_154.cif	0.37
model_4lzs_203.cif	3.38
model_4lzs_224.cif	4.14
model_4lzs_38.cif	0.48
model_4lzs_391.cif	0.46
model_4lzs_415.cif	1.88
model_4lzs_430.cif	0.69
model_4lzs_442.cif	4.01
model_4lzs_446.cif	4.91
model_4lzs_454.cif	2.56
model_4lzs_456.cif	4.39
model_4lzs_465.cif	4.50
model_4lzs_529.cif	4.67
model_4lzs_533.cif	1.82
model_4lzs_550.cif	1.87
model_4lzs_560.cif	2.35
model_4lzs_572.cif	1.93
model_4lzs_586.cif	2.00
model_4lzs_61.cif	0.87
model_4lzs_617.cif	1.26
model_4lzs_653.cif	3.17
model_4lzs_693.cif	3.13
model_4lzs_70.cif	0.69
model_4lzs_702.cif	0.38
model_4lzs_725.cif	2.20
model_4lzs_746.cif	2.16
model_4lzs_749.cif	5.08
model_4lzs_750.cif	5.18
model_4lzs_752.cif	3.38
model_4lzs_753.cif	6.00
model_4lzs_755.cif	5.07
model_4lzs_756.cif	5.06
model_4lzs_760.cif	5.21
model_4lzs_765.cif	5.03
model_4lzs_767.cif	6.08
model_4lzs_768.cif	5.86
model_4lzs_773.cif	7.34
model_4lzs_778.cif	1.97
model_4lzs_779.cif	2.06
model_4lzs_784.cif	3.37
model_4lzs_788.cif	4.34
model_4lzs_789.cif	4.42
model_4lzs_793.cif	4.63
model_4lzs_795.cif	3.80
model_4lzs_819.cif	1.86
model_4lzs_838.cif	2.04
model_4lzs_841.cif	1.97
model_4lzs_845.cif	3.81
model_4lzs_849.cif	2.33
model_4lzs_850.cif	3.19
model_4lzs_852.cif	2.96
model_4lzs_88.cif	0.85
model_4lzs_880.cif	3.69
model_4lzs_881.cif	5.50
model_4lzs_884.cif	3.51
model_4lzs_885.cif	4.33
model_4lzs_890.cif	5.45
model_4lzs_905.cif	0.99
model_4lzs_951.cif	2.64
model_4lzs_968.cif	1.35
model_4lzs_980.cif	2.58
model_4lzs_ligand.cif	0.00
model_4m0y_214.cif	0.61
model_4m0y_224.cif	7.02
model_4m0y_232.cif	0.47
model_4m0y_252.cif	7.20
model_4m0y_336.cif	4.58
model_4m0y_407.cif	5.15
model_4m0y_410.cif	4.26
model_4m0y_416.cif	3.99
model_4m0y_426.cif	6.72
model_4m0y_448.cif	5.81
model_4m0y_461.cif	4.37
model_4m0y_467.cif	7.44
model_4m0y_476.cif	7.44
model_4m0y_485.cif	6.94
model_4m0y_488.cif	6.51
model_4m0y_493.cif	7.21
model_4m0y_509.cif	7.46
model_4m0y_512.cif	3.55
model_4m0y_513.cif	5.01
model_4m0y_514.cif	4.00
model_4m0y_524.cif	7.59
model_4m0y_525.cif	5.41
model_4m0y_532.cif	6.10
model_4m0y_534.cif	6.04
model_4m0y_537.cif	6.00
model_4m0y_544.cif	2.73
model_4m0y_545.cif	7.17
model_4m0y_546.cif	5.81
model_4m0y_547.cif	6.25
model_4m0y_549.cif	6.64
model_4m0y_558.cif	6.61
model_4m0y_561.cif	1.30
model_4m0y_567.cif	4.86
model_4m0y_570.cif	5.99
model_4m0y_574.cif	3.25
model_4m0y_586.cif	7.49
model_4m0y_589.cif	7.36
model_4m0y_591.cif	2.62
model_4m0y_592.cif	2.93
model_4m0y_598.cif	1.80
model_4m0y_601.cif	5.14
model_4m0y_610.cif	4.99
model_4m0y_619.cif	3.39
model_4m0y_631.cif	4.80
model_4m0y_646.cif	4.63
model_4m0y_655.cif	4.64
model_4m0y_659.cif	3.32
model_4m0y_662.cif	6.08
model_4m0y_669.cif	2.40
model_4m0y_682.cif	4.58
model_4m0y_684.cif	5.20
model_4m0y_686.cif	1.64
model_4m0y_697.cif	5.33
model_4m0y_739.cif	3.15
model_4m0y_740.cif	2.41
model_4m0y_743.cif	6.14
model_4m0y_748.cif	3.89
model_4m0y_750.cif	3.67
model_4m0y_752.cif	4.74
model_4m0y_753.cif	2.95
model_4m0y_756.cif	0.93
model_4m0y_757.cif	0.38
model_4m0y_758.cif	0.33
model_4m0y_759.cif	0.36
model_4m0y_767.cif	0.97
model_4m0y_814.cif	1.81
model_4m0y_822.cif	1.95
model_4m0y_827.cif	2.08
model_4m0y_839.cif	1.07
model_4m0y_846.cif	2.47
model_4m0y_856.cif	0.32
model_4m0y_863.cif	0.35
model_4m0y_873.cif	0.43
model_4m0y_883.cif	1.33
model_4m0y_907.cif	1.85
model_4m0y_920.cif	1.74
model_4m0y_922.cif	2.95
model_4m0y_923.cif	3.02
model_4m0y_951.cif	2.56
model_4m0y_952.cif	1.65
model_4m0y_ligand.cif	0.00
model_4m0z_402.cif	6.42
model_4m0z_41.cif	0.68
model_4m0z_415.cif	1.72
model_4m0z_436.cif	0.71
model_4m0z_439.cif	6.47
model_4m0z_443.cif	5.48
model_4m0z_444.cif	5.42
model_4m0z_450.cif	2.01
model_4m0z_455.cif	5.05
model_4m0z_456.cif	0.84
model_4m0z_457.cif	3.39
model_4m0z_462.cif	1.82
model_4m0z_473.cif	6.40
model_4m0z_477.cif	3.12
model_4m0z_487.cif	6.04
model_4m0z_492.cif	6.18
model_4m0z_494.cif	3.35
model_4m0z_501.cif	0.55
model_4m0z_505.cif	0.54
model_4m0z_508.cif	0.72
model_4m0z_516.cif	0.59
model_4m0z_517.cif	3.22
model_4m0z_526.cif	5.17
model_4m0z_529.cif	1.09
model_4m0z_532.cif	5.12
model_4m0z_539.cif	0.94
model_4m0z_552.cif	5.34
model_4m0z_558.cif	5.46
model_4m0z_560.cif	4.72
model_4m0z_568.cif	4.59
model_4m0z_571.cif	3.73
model_4m0z_574.cif	4.94
model_4m0z_575.cif	2.05
model_4m0z_580.cif	4.80
model_4m0z_581.cif	5.79
model_4m0z_584.cif	4.91
model_4m0z_600.cif	3.36
model_4m0z_601.cif	6.41
model_4m0z_603.cif	0.79
model_4m0z_614.cif	2.74
model_4m0z_615.cif	0.98
model_4m0z_626.cif	1.30
model_4m0z_633.cif	2.48
model_4m0z_634.cif	3.04
model_4m0z_640.cif	3.61
model_4m0z_641.cif	2.90
model_4m0z_646.cif	1.11
model_4m0z_648.cif	6.52
model_4m0z_650.cif	1.82
model_4m0z_662.cif	3.15
model_4m0z_666.cif	2.67
model_4m0z_669.cif	6.23
model_4m0z_678.cif	2.02
model_4m0z_680.cif	2.39
model_4m0z_683.cif	4.55
model_4m0z_684.cif	4.58
model_4m0z_685.cif	2.52
model_4m0z_686.cif	1.31
model_4m0z_690.cif	5.66
model_4m0z_695.cif	6.15
model_4m0z_696.cif	1.32
model_4m0z_697.cif	1.86
model_4m0z_699.cif	6.47
model_4m0z_700.cif	1.68
model_4m0z_779.cif	3.11
model_4m0z_869.cif	2.56
model_4m0z_878.cif	5.77
model_4m0z_880.cif	4.90
model_4m0z_882.cif	4.79
model_4m0z_883.cif	4.17
model_4m0z_ligand.cif	0.00
model_4mgd_1000.cif	1.31
model_4mgd_132.cif	0.93
model_4mgd_223.cif	1.01
model_4mgd_24.cif	0.43
model_4mgd_272.cif	0.37
model_4mgd_283.cif	0.86
model_4mgd_425.cif	0.98
model_4mgd_427.cif	0.80
model_4mgd_428.cif	0.62
model_4mgd_455.cif	1.25
model_4mgd_467.cif	1.50
model_4mgd_469.cif	2.15
model_4mgd_520.cif	1.89
model_4mgd_568.cif	1.61
model_4mgd_571.cif	2.04
model_4mgd_579.cif	3.83
model_4mgd_586.cif	2.19
model_4mgd_609.cif	1.28
model_4mgd_660.cif	2.16
model_4mgd_669.cif	2.04
model_4mgd_683.cif	2.30
model_4mgd_690.cif	2.06
model_4mgd_732.cif	0.98
model_4mgd_753.cif	4.02
model_4mgd_761.cif	3.91
model_4mgd_763.cif	4.00
model_4mgd_768.cif	3.94
model_4mgd_772.cif	2.12
model_4mgd_779.cif	3.69
model_4mgd_781.cif	1.34
model_4mgd_782.cif	4.03
model_4mgd_783.cif	3.79
model_4mgd_784.cif	4.06
model_4mgd_790.cif	3.41
model_4mgd_791.cif	4.12
model_4mgd_792.cif	2.97
model_4mgd_793.cif	3.83
model_4mgd_795.cif	2.58
model_4mgd_799.cif	3.38
model_4mgd_800.cif	4.55
model_4mgd_820.cif	1.41
model_4mgd_829.cif	0.98
model_4mgd_894.cif	3.70
model_4mgd_95.cif	1.01
model_4mgd_96.cif	0.52
model_4mgd_ligand.cif	0.00
model_4mme_133.cif	0.65
model_4mme_16.cif	0.59
model_4mme_324.cif	0.60
model_4mme_403.cif	1.04
model_4mme_406.cif	0.83
model_4mme_407.cif	3.12
model_4mme_409.cif	1.00
model_4mme_413.cif	1.10
model_4mme_425.cif	1.56
model_4mme_426.cif	2.91
model_4mme_434.cif	0.45
model_4mme_440.cif	2.78
model_4mme_441.cif	2.11
model_4mme_442.cif	3.27
model_4mme_455.cif	1.71
model_4mme_456.cif	4.37
model_4mme_466.cif	0.87
model_4mme_468.cif	1.92
model_4mme_469.cif	3.86
model_4mme_472.cif	3.87
model_4mme_475.cif	2.76
model_4mme_482.cif	3.10
model_4mme_486.cif	3.83
model_4mme_489.cif	6.11
model_4mme_492.cif	3.25
model_4mme_498.cif	1.83
model_4mme_511.cif	6.38
model_4mme_520.cif	7.31
model_4mme_521.cif	6.69
model_4mme_522.cif	0.92
model_4mme_524.cif	6.60
model_4mme_534.cif	5.88
model_4mme_539.cif	5.50
model_4mme_552.cif	1.23
model_4mme_555.cif	5.64
model_4mme_559.cif	4.68
model_4mme_565.cif	5.53
model_4mme_566.cif	2.37
model_4mme_567.cif	6.68
model_4mme_568.cif	6.11
model_4mme_575.cif	4.80
model_4mme_577.cif	5.51
model_4mme_580.cif	1.12
model_4mme_584.cif	5.01
model_4mme_593.cif	6.92
model_4mme_600.cif	4.76
model_4mme_611.cif	2.70
model_4mme_622.cif	1.06
model_4mme_635.cif	2.88
model_4mme_644.cif	6.62
model_4mme_646.cif	2.87
model_4mme_651.cif	4.22
model_4mme_656.cif	4.04
model_4mme_657.cif	5.83
model_4mme_667.cif	7.23
model_4mme_670.cif	7.23
model_4mme_674.cif	6.54
model_4mme_676.cif	3.00
model_4mme_685.cif	5.50
model_4mme_687.cif	7.05
model_4mme_695.cif	4.30
model_4mme_71.cif	0.55
model_4mme_723.cif	1.25
model_4mme_754.cif	3.94
model_4mme_757.cif	4.18
model_4mme_766.cif	2.99
model_4mme_768.cif	3.24
model_4mme_769.cif	4.60
model_4mme_834.cif	5.73
model_4mme_835.cif	4.91
model_4mme_839.cif	6.89
model_4mme_845.cif	3.39
model_4mme_86.cif	0.57
model_4mme_943.cif	5.13
model_4mme_ligand.cif	0.00
model_4ogj_128.cif	8.08
model_4ogj_138.cif	6.85
model_4ogj_177.cif	6.00
model_4ogj_202.cif	6.12
model_4ogj_209.cif	9.02
model_4ogj_221.cif	6.74
model_4ogj_222.cif	7.22
model_4ogj_223.cif	9.32
model_4ogj_228.cif	7.05
model_4ogj_229.cif	9.23
model_4ogj_230.cif	8.08
model_4ogj_233.cif	8.05
model_4ogj_243.cif	6.56
model_4ogj_245.cif	5.48
model_4ogj_247.cif	8.85
model_4ogj_250.cif	8.03
model_4ogj_259.cif	7.59
model_4ogj_260.cif	9.38
model_4ogj_263.cif	9.23
model_4ogj_267.cif	7.12
model_4ogj_271.cif	6.60
model_4ogj_279.cif	4.76
model_4ogj_282.cif	7.17
model_4ogj_286.cif	7.93
model_4ogj_291.cif	9.99
model_4ogj_297.cif	4.94
model_4ogj_300.cif	6.73
model_4ogj_40.cif	9.07
model_4ogj_439.cif	6.64
model_4ogj_44.cif	9.12
model_4ogj_447.cif	9.05
model_4ogj_45.cif	9.07
model_4ogj_478.cif	5.89
model_4ogj_503.cif	4.84
model_4ogj_523.cif	4.93
model_4ogj_527.cif	8.41
model_4ogj_565.cif	4.55
model_4ogj_569.cif	5.65
model_4ogj_570.cif	3.60
model_4ogj_575.cif	5.05
model_4ogj_619.cif	6.38
model_4ogj_627.cif	7.04
model_4ogj_637.cif	7.42
model_4ogj_638.cif	5.02
model_4ogj_65.cif	8.61
model_4ogj_658.cif	7.05
model_4ogj_661.cif	5.40
model_4ogj_664.cif	6.60
model_4ogj_670.cif	5.82
model_4ogj_677.cif	4.92
model_4ogj_698.cif	3.76
model_4ogj_7.cif	7.97
model_4ogj_70.cif	8.56
model_4ogj_700.cif	4.93
model_4ogj_701.cif	4.07
model_4ogj_72.cif	8.24
model_4ogj_722.cif	3.78
model_4ogj_723.cif	2.23
model_4ogj_742.cif	3.15
model_4ogj_743.cif	4.00
model_4ogj_744.cif	2.77
model_4ogj_746.cif	6.89
model_4ogj_750.cif	0.86
model_4ogj_753.cif	2.71
model_4ogj_757.cif	0.80
model_4ogj_758.cif	3.62
model_4ogj_762.cif	1.76
model_4ogj_764.cif	1.92
model_4ogj_771.cif	4.05
model_4ogj_778.cif	2.69
model_4ogj_782.cif	1.65
model_4ogj_784.cif	1.31
model_4ogj_785.cif	8.44
model_4ogj_789.cif	2.10
model_4ogj_792.cif	1.66
model_4ogj_795.cif	3.64
model_4ogj_808.cif	5.94
model_4ogj_824.cif	2.36
model_4ogj_852.cif	4.82
model_4ogj_881.cif	2.08
model_4ogj_882.cif	3.20
model_4ogj_89.cif	5.62
model_4ogj_897.cif	2.78
model_4ogj_914.cif	3.95
model_4ogj_935.cif	3.98
model_4ogj_936.cif	2.02
model_4ogj_937.cif	1.61
model_4ogj_957.cif	1.72
model_4ogj_969.cif	2.65
model_4ogj_990.cif	1.33
model_4ogj_993.cif	1.16
model_4ogj_999.cif	1.36
model_4ogj_ligand.cif	0.00
model_4owm_109.cif	7.56
model_4owm_114.cif	7.67
model_4owm_135.cif	2.35
model_4owm_148.cif	7.58
model_4owm_16.cif	2.00
model_4owm_163.cif	2.06
model_4owm_215.cif	8.42
model_4owm_216.cif	1.90
model_4owm_223.cif	2.00
model_4owm_228.cif	8.82
model_4owm_230.cif	0.75
model_4owm_232.cif	0.61
model_4owm_243.cif	8.75
model_4owm_260.cif	8.46
model_4owm_270.cif	8.88
model_4owm_272.cif	9.13
model_4owm_278.cif	8.78
model_4owm_280.cif	8.51
model_4owm_287.cif	8.71
model_4owm_293.cif	8.81
model_4owm_299.cif	8.86
model_4owm_305.cif	1.31
model_4owm_329.cif	9.46
model_4owm_346.cif	9.60
model_4owm_362.cif	0.56
model_4owm_366.cif	1.41
model_4owm_378.cif	0.70
model_4owm_389.cif	0.63
model_4owm_392.cif	9.30
model_4owm_397.cif	9.19
model_4owm_407.cif	1.81
model_4owm_427.cif	2.00
model_4owm_430.cif	1.59
model_4owm_437.cif	2.81
model_4owm_440.cif	3.73
model_4owm_455.cif	1.37
model_4owm_461.cif	3.27
model_4owm_463.cif	3.65
model_4owm_465.cif	6.36
model_4owm_475.cif	4.92
model_4owm_482.cif	6.00
model_4owm_484.cif	5.40
model_4owm_493.cif	6.00
model_4owm_501.cif	2.79
model_4owm_506.cif	3.50
model_4owm_509.cif	5.55
model_4owm_517.cif	4.76
model_4owm_534.cif	1.24
model_4owm_542.cif	2.81
model_4owm_554.cif	5.88
model_4owm_556.cif	6.01
model_4owm_561.cif	6.51
model_4owm_571.cif	3.84
model_4owm_572.cif	3.90
model_4owm_574.cif	4.28
model_4owm_575.cif	4.65
model_4owm_576.cif	5.46
model_4owm_579.cif	6.42
model_4owm_582.cif	4.71
model_4owm_583.cif	4.76
model_4owm_584.cif	6.23
model_4owm_595.cif	2.68
model_4owm_619.cif	4.67
model_4owm_626.cif	7.05
model_4owm_629.cif	0.83
model_4owm_637.cif	2.98
model_4owm_639.cif	4.57
model_4owm_648.cif	5.34
model_4owm_661.cif	6.75
model_4owm_663.cif	6.31
model_4owm_670.cif	4.83
model_4owm_671.cif	2.76
model_4owm_674.cif	6.27
model_4owm_689.cif	3.62
model_4owm_695.cif	2.41
model_4owm_742.cif	6.18
model_4owm_760.cif	5.16
model_4owm_768.cif	5.18
model_4owm_774.cif	6.16
model_4owm_779.cif	2.68
model_4owm_780.cif	3.94
model_4owm_849.cif	0.73
model_4owm_851.cif	3.35
model_4owm_860.cif	4.12
model_4owm_872.cif	3.44
model_4owm_874.cif	5.13
model_4owm_ligand.cif	0.00
model_4pcs_141.cif	1.15
model_4pcs_152.cif	0.91
model_4pcs_164.cif	0.54
model_4pcs_165.cif	0.90
model_4pcs_173.cif	0.77
model_4pcs_190.cif	1.58
model_4pcs_196.cif	0.41
model_4pcs_202.cif	1.07
model_4pcs_241.cif	2.95
model_4pcs_257.cif	1.35
model_4pcs_274.cif	3.03
model_4pcs_309.cif	0.46
model_4pcs_401.cif	2.87
model_4pcs_409.cif	2.99
model_4pcs_413.cif	3.29
model_4pcs_416.cif	2.98
model_4pcs_437.cif	4.36
model_4pcs_443.cif	6.65
model_4pcs_444.cif	6.61
model_4pcs_448.cif	2.47
model_4pcs_452.cif	6.40
model_4pcs_476.cif	6.61
model_4pcs_477.cif	6.46
model_4pcs_486.cif	6.49
model_4pcs_491.cif	4.01
model_4pcs_494.cif	6.45
model_4pcs_512.cif	3.07
model_4pcs_518.cif	4.16
model_4pcs_521.cif	5.07
model_4pcs_527.cif	5.86
model_4pcs_533.cif	4.37
model_4pcs_537.cif	5.32
model_4pcs_538.cif	3.88
model_4pcs_545.cif	5.12
model_4pcs_548.cif	3.72
model_4pcs_549.cif	4.42
model_4pcs_552.cif	5.13
model_4pcs_554.cif	3.26
model_4pcs_564.cif	5.69
model_4pcs_572.cif	5.41
model_4pcs_580.cif	6.48
model_4pcs_581.cif	4.24
model_4pcs_588.cif	5.09
model_4pcs_592.cif	5.80
model_4pcs_598.cif	5.45
model_4pcs_600.cif	4.77
model_4pcs_63.cif	0.82
model_4pcs_654.cif	3.17
model_4pcs_663.cif	6.31
model_4pcs_684.cif	2.48
model_4pcs_697.cif	2.15
model_4pcs_719.cif	0.78
model_4pcs_734.cif	1.44
model_4pcs_749.cif	1.02
model_4pcs_765.cif	2.37
model_4pcs_773.cif	3.61
model_4pcs_776.cif	1.78
model_4pcs_777.cif	3.12
model_4pcs_78.cif	1.40
model_4pcs_780.cif	2.94
model_4pcs_785.cif	3.63
model_4pcs_788.cif	1.81
model_4pcs_789.cif	2.60
model_4pcs_790.cif	4.14
model_4pcs_795.cif	6.59
model_4pcs_800.cif	4.62
model_4pcs_812.cif	0.56
model_4pcs_826.cif	1.07
model_4pcs_828.cif	0.73
model_4pcs_883.cif	4.46
model_4pcs_ligand.cif	0.00
model_4qac_109.cif	0.50
model_4qac_114.cif	0.56
model_4qac_115.cif	0.90
model_4qac_116.cif	0.92
model_4qac_136.cif	1.14
model_4qac_144.cif	0.64
model_4qac_194.cif	1.08
model_4qac_232.cif	0.78
model_4qac_353.cif	0.94
model_4qac_372.cif	0.70
model_4qac_406.cif	3.07
model_4qac_410.cif	3.32
model_4qac_411.cif	6.69
model_4qac_419.cif	2.98
model_4qac_424.cif	3.06
model_4qac_441.cif	3.19
model_4qac_444.cif	3.08
model_4qac_447.cif	3.73
model_4qac_450.cif	3.07
model_4qac_456.cif	1.26
model_4qac_466.cif	3.19
model_4qac_471.cif	3.34
model_4qac_476.cif	2.48
model_4qac_481.cif	7.07
model_4qac_484.cif	2.47
model_4qac_486.cif	1.28
model_4qac_489.cif	2.61
model_4qac_497.cif	6.91
model_4qac_499.cif	2.00
model_4qac_50.cif	0.64
model_4qac_501.cif	5.89
model_4qac_502.cif	4.79
model_4qac_507.cif	5.62
model_4qac_509.cif	5.07
model_4qac_512.cif	7.64
model_4qac_513.cif	4.61
model_4qac_518.cif	2.41
model_4qac_538.cif	7.79
model_4qac_539.cif	4.63
model_4qac_550.cif	1.81
model_4qac_553.cif	4.88
model_4qac_557.cif	2.53
model_4qac_563.cif	1.53
model_4qac_565.cif	9.26
model_4qac_567.cif	2.57
model_4qac_569.cif	6.67
model_4qac_581.cif	2.49
model_4qac_588.cif	5.18
model_4qac_593.cif	2.28
model_4qac_600.cif	6.83
model_4qac_634.cif	1.58
model_4qac_635.cif	5.38
model_4qac_659.cif	4.99
model_4qac_673.cif	2.14
model_4qac_683.cif	7.20
model_4qac_689.cif	6.86
model_4qac_692.cif	1.71
model_4qac_702.cif	1.45
model_4qac_711.cif	7.21
model_4qac_718.cif	4.90
model_4qac_722.cif	7.10
model_4qac_739.cif	4.58
model_4qac_745.cif	8.95
model_4qac_755.cif	8.34
model_4qac_764.cif	9.38
model_4qac_769.cif	6.92
model_4qac_770.cif	9.14
model_4qac_772.cif	9.12
model_4qac_773.cif	8.95
model_4qac_777.cif	4.83
model_4qac_780.cif	5.54
model_4qac_781.cif	7.28
model_4qac_782.cif	7.81
model_4qac_786.cif	7.68
model_4qac_787.cif	9.03
model_4qac_789.cif	9.83
model_4qac_791.cif	4.72
model_4qac_793.cif	6.01
model_4qac_795.cif	3.07
model_4qac_800.cif	5.05
model_4qac_813.cif	9.54
model_4qac_824.cif	9.57
model_4qac_828.cif	6.91
model_4qac_849.cif	5.75
model_4qac_871.cif	9.53
model_4qac_875.cif	7.26
model_4qac_883.cif	5.06
model_4qac_888.cif	9.09
model_4qac_893.cif	4.54
model_4qac_945.cif	0.87
model_4qac_962.cif	6.39
model_4qac_969.cif	6.37
model_4qac_975.cif	5.83
model_4qac_ligand.cif	0.00
model_4qd6_103.cif	8.62
model_4qd6_160.cif	4.56
model_4qd6_167.cif	3.81
model_4qd6_187.cif	10.00
model_4qd6_207.cif	1.25
model_4qd6_219.cif	4.88
model_4qd6_230.cif	9.11
model_4qd6_265.cif	4.88
model_4qd6_268.cif	6.93
model_4qd6_276.cif	9.34
model_4qd6_290.cif	8.88
model_4qd6_294.cif	9.31
model_4qd6_298.cif	8.68
model_4qd6_302.cif	9.06
model_4qd6_312.cif	9.26
model_4qd6_339.cif	4.59
model_4qd6_346.cif	7.26
model_4qd6_347.cif	2.48
model_4qd6_387.cif	7.90
model_4qd6_390.cif	2.18
model_4qd6_397.cif	5.91
model_4qd6_408.cif	8.12
model_4qd6_414.cif	7.89
model_4qd6_428.cif	9.23
model_4qd6_429.cif	5.98
model_4qd6_44.cif	2.62
model_4qd6_448.cif	8.01
model_4qd6_449.cif	8.21
model_4qd6_460.cif	6.93
model_4qd6_465.cif	5.75
model_4qd6_471.cif	7.20
model_4qd6_473.cif	8.29
model_4qd6_475.cif	8.01
model_4qd6_490.cif	7.17
model_4qd6_501.cif	4.37
model_4qd6_507.cif	3.93
model_4qd6_511.cif	6.68
model_4qd6_516.cif	6.31
model_4qd6_518.cif	5.97
model_4qd6_519.cif	3.46
model_4qd6_520.cif	5.80
model_4qd6_528.cif	5.81
model_4qd6_529.cif	6.35
model_4qd6_540.cif	7.66
model_4qd6_547.cif	6.17
model_4qd6_568.cif	4.09
model_4qd6_573.cif	6.23
model_4qd6_574.cif	5.21
model_4qd6_578.cif	9.10
model_4qd6_58.cif	4.48
model_4qd6_588.cif	6.59
model_4qd6_593.cif	7.10
model_4qd6_6.cif	3.93
model_4qd6_612.cif	5.82
model_4qd6_614.cif	6.48
model_4qd6_62.cif	7.49
model_4qd6_621.cif	4.68
model_4qd6_623.cif	9.07
model_4qd6_639.cif	7.78
model_4qd6_642.cif	6.31
model_4qd6_653.cif	3.12
model_4qd6_671.cif	5.87
model_4qd6_673.cif	9.23
model_4qd6_674.cif	3.25
model_4qd6_675.cif	7.04
model_4qd6_678.cif	8.31
model_4qd6_681.cif	4.62
model_4qd6_683.cif	5.03
model_4qd6_687.cif	8.65
model_4qd6_700.cif	3.34
model_4qd6_707.cif	2.12
model_4qd6_708.cif	2.18
model_4qd6_709.cif	2.79
model_4qd6_714.cif	2.00
model_4qd6_737.cif	3.12
model_4qd6_790.cif	0.96
model_4qd6_82.cif	4.98
model_4qd6_825.cif	2.55
model_4qd6_835.cif	2.71
model_4qd6_84.cif	3.99
model_4qd6_847.cif	2.18
model_4qd6_85.cif	3.84
model_4qd6_925.cif	1.29
model_4qd6_934.cif	1.07
model_4qd6_939.cif	1.27
model_4qd6_942.cif	1.46
model_4qd6_948.cif	1.99
model_4qd6_954.cif	1.59
model_4qd6_958.cif	2.89
model_4qd6_960.cif	1.32
model_4qd6_971.cif	1.06
model_4qd6_975.cif	0.79
model_4qd6_978.cif	0.70
model_4qd6_ligand.cif	0.00
model_4rfm_113.cif	1.01
model_4rfm_140.cif	6.49
model_4rfm_185.cif	1.46
model_4rfm_191.cif	1.29
model_4rfm_21.cif	1.07
model_4rfm_223.cif	6.74
model_4rfm_233.cif	3.67
model_4rfm_259.cif	6.66
model_4rfm_26.cif	2.95
model_4rfm_262.cif	9.75
model_4rfm_3.cif	2.18
model_4rfm_31.cif	3.78
model_4rfm_313.cif	9.20
model_4rfm_319.cif	9.42
model_4rfm_321.cif	7.93
model_4rfm_327.cif	0.80
model_4rfm_344.cif	9.50
model_4rfm_350.cif	9.29
model_4rfm_353.cif	3.51
model_4rfm_354.cif	0.71
model_4rfm_37.cif	2.88
model_4rfm_39.cif	6.75
model_4rfm_402.cif	8.16
model_4rfm_404.cif	7.73
model_4rfm_412.cif	7.01
model_4rfm_413.cif	7.65
model_4rfm_43.cif	3.55
model_4rfm_430.cif	4.68
model_4rfm_440.cif	8.20
model_4rfm_453.cif	6.53
model_4rfm_458.cif	3.82
model_4rfm_473.cif	7.17
model_4rfm_480.cif	4.96
model_4rfm_487.cif	7.77
model_4rfm_488.cif	6.57
model_4rfm_497.cif	3.97
model_4rfm_498.cif	7.24
model_4rfm_506.cif	9.33
model_4rfm_508.cif	2.22
model_4rfm_514.cif	8.21
model_4rfm_524.cif	4.31
model_4rfm_529.cif	5.85
model_4rfm_533.cif	2.52
model_4rfm_534.cif	6.06
model_4rfm_536.cif	5.73
model_4rfm_542.cif	5.31
model_4rfm_545.cif	6.43
model_4rfm_553.cif	8.64
model_4rfm_557.cif	6.13
model_4rfm_559.cif	7.85
model_4rfm_560.cif	5.93
model_4rfm_562.cif	8.72
model_4rfm_567.cif	5.98
model_4rfm_569.cif	8.56
model_4rfm_577.cif	4.86
model_4rfm_580.cif	5.15
model_4rfm_588.cif	8.44
model_4rfm_589.cif	9.60
model_4rfm_592.cif	2.57
model_4rfm_593.cif	8.07
model_4rfm_598.cif	9.93
model_4rfm_612.cif	2.73
model_4rfm_627.cif	3.70
model_4rfm_629.cif	5.82
model_4rfm_635.cif	2.10
model_4rfm_637.cif	5.87
model_4rfm_639.cif	8.46
model_4rfm_640.cif	7.00
model_4rfm_641.cif	4.73
model_4rfm_642.cif	4.19
model_4rfm_646.cif	4.94
model_4rfm_650.cif	3.81
model_4rfm_652.cif	3.45
model_4rfm_66.cif	2.98
model_4rfm_665.cif	5.09
model_4rfm_667.cif	5.33
model_4rfm_669.cif	4.98
model_4rfm_670.cif	3.90
model_4rfm_675.cif	4.41
model_4rfm_682.cif	4.94
model_4rfm_689.cif	7.91
model_4rfm_694.cif	7.53
model_4rfm_729.cif	1.43
model_4rfm_732.cif	2.70
model_4rfm_744.cif	9.67
model_4rfm_747.cif	9.74
model_4rfm_748.cif	8.53
model_4rfm_798.cif	0.88
model_4rfm_85.cif	0.43
model_4rfm_863.cif	1.95
model_4rfm_869.cif	1.91
model_4rfm_9.cif	0.37
model_4rfm_936.cif	1.98
model_4rfm_940.cif	1.89
model_4rfm_941.cif	1.68
model_4rfm_ligand.cif	0.00
model_4tmn_129.cif	8.29
model_4tmn_137.cif	9.26
model_4tmn_141.cif	7.64
model_4tmn_146.cif	8.01
model_4tmn_148.cif	7.88
model_4tmn_150.cif	9.72
model_4tmn_16.cif	7.99
model_4tmn_164.cif	7.38
model_4tmn_192.cif	9.25
model_4tmn_196.cif	8.94
model_4tmn_208.cif	0.68
model_4tmn_209.cif	1.03
model_4tmn_214.cif	8.02
model_4tmn_215.cif	0.73
model_4tmn_218.cif	0.63
model_4tmn_224.cif	0.65
model_4tmn_229.cif	0.93
model_4tmn_231.cif	1.18
model_4tmn_238.cif	4.33
model_4tmn_242.cif	4.84
model_4tmn_248.cif	1.09
model_4tmn_258.cif	0.89
model_4tmn_260.cif	1.49
model_4tmn_268.cif	0.96
model_4tmn_274.cif	7.74
model_4tmn_275.cif	0.99
model_4tmn_278.cif	0.92
model_4tmn_283.cif	2.66
model_4tmn_290.cif	5.55
model_4tmn_303.cif	5.58
model_4tmn_315.cif	9.04
model_4tmn_324.cif	0.74
model_4tmn_326.cif	8.80
model_4tmn_333.cif	7.77
model_4tmn_359.cif	6.98
model_4tmn_365.cif	8.03
model_4tmn_391.cif	9.56
model_4tmn_392.cif	5.72
model_4tmn_397.cif	6.84
model_4tmn_407.cif	4.90
model_4tmn_418.cif	4.46
model_4tmn_422.cif	2.41
model_4tmn_423.cif	2.14
model_4tmn_442.cif	5.65
model_4tmn_448.cif	3.18
model_4tmn_50.cif	9.79
model_4tmn_501.cif	6.53
model_4tmn_505.cif	3.69
model_4tmn_509.cif	6.53
model_4tmn_523.cif	9.05
model_4tmn_526.cif	3.07
model_4tmn_53.cif	8.49
model_4tmn_534.cif	6.72
model_4tmn_551.cif	9.32
model_4tmn_554.cif	7.67
model_4tmn_555.cif	3.59
model_4tmn_58.cif	4.99
model_4tmn_60.cif	8.05
model_4tmn_604.cif	5.82
model_4tmn_613.cif	6.66
model_4tmn_653.cif	7.93
model_4tmn_671.cif	5.10
model_4tmn_673.cif	3.67
model_4tmn_692.cif	4.19
model_4tmn_710.cif	1.15
model_4tmn_715.cif	1.55
model_4tmn_718.cif	2.20
model_4tmn_721.cif	1.76
model_4tmn_722.cif	1.94
model_4tmn_731.cif	1.54
model_4tmn_734.cif	7.83
model_4tmn_738.cif	9.14
model_4tmn_743.cif	8.94
model_4tmn_746.cif	2.14
model_4tmn_754.cif	4.43
model_4tmn_756.cif	2.96
model_4tmn_771.cif	5.80
model_4tmn_78.cif	9.86
model_4tmn_790.cif	8.02
model_4tmn_794.cif	6.19
model_4tmn_801.cif	1.28
model_4tmn_810.cif	3.03
model_4tmn_816.cif	2.56
model_4tmn_823.cif	2.99
model_4tmn_824.cif	5.48
model_4tmn_842.cif	4.42
model_4tmn_854.cif	2.77
model_4tmn_867.cif	5.22
model_4tmn_875.cif	5.12
model_4tmn_878.cif	4.79
model_4tmn_889.cif	6.44
model_4tmn_9.cif	6.37
model_4tmn_91.cif	7.00
model_4tmn_936.cif	2.88
model_4tmn_951.cif	3.01
model_4tmn_952.cif	3.90
model_4tmn_962.cif	3.54
model_4tmn_963.cif	3.57
model_4tmn_989.cif	7.38
model_4tmn_991.cif	4.47
model_4tmn_ligand.cif	0.00
model_4twp_101.cif	7.14
model_4twp_102.cif	2.98
model_4twp_106.cif	1.26
model_4twp_109.cif	0.72
model_4twp_129.cif	2.67
model_4twp_164.cif	6.90
model_4twp_171.cif	0.87
model_4twp_175.cif	7.04
model_4twp_203.cif	1.36
model_4twp_222.cif	1.06
model_4twp_241.cif	1.22
model_4twp_277.cif	0.99
model_4twp_284.cif	0.91
model_4twp_3.cif	7.61
model_4twp_323.cif	5.86
model_4twp_327.cif	6.62
model_4twp_341.cif	6.10
model_4twp_352.cif	0.95
model_4twp_358.cif	0.80
model_4twp_36.cif	4.31
model_4twp_378.cif	1.06
model_4twp_379.cif	0.76
model_4twp_394.cif	2.58
model_4twp_397.cif	0.97
model_4twp_418.cif	1.71
model_4twp_442.cif	5.80
model_4twp_443.cif	3.89
model_4twp_454.cif	1.92
model_4twp_455.cif	3.34
model_4twp_460.cif	3.29
model_4twp_467.cif	4.74
model_4twp_468.cif	5.50
model_4twp_470.cif	5.15
model_4twp_476.cif	4.88
model_4twp_480.cif	2.98
model_4twp_485.cif	4.06
model_4twp_486.cif	4.35
model_4twp_487.cif	3.16
model_4twp_493.cif	2.52
model_4twp_513.cif	1.86
model_4twp_517.cif	1.76
model_4twp_518.cif	7.93
model_4twp_519.cif	8.81
model_4twp_526.cif	6.53
model_4twp_53.cif	0.70
model_4twp_531.cif	2.14
model_4twp_535.cif	8.44
model_4twp_538.cif	8.41
model_4twp_542.cif	6.23
model_4twp_550.cif	8.68
model_4twp_555.cif	8.25
model_4twp_557.cif	2.86
model_4twp_559.cif	8.86
model_4twp_564.cif	6.36
model_4twp_570.cif	3.31
model_4twp_571.cif	6.12
model_4twp_577.cif	6.87
model_4twp_582.cif	3.31
model_4twp_583.cif	4.26
model_4twp_585.cif	4.93
model_4twp_587.cif	9.54
model_4twp_590.cif	7.28
model_4twp_591.cif	7.14
model_4twp_593.cif	8.83
model_4twp_596.cif	7.57
model_4twp_597.cif	8.04
model_4twp_598.cif	8.26
model_4twp_608.cif	2.22
model_4twp_614.cif	3.23
model_4twp_634.cif	1.72
model_4twp_637.cif	3.05
model_4twp_641.cif	5.68
model_4twp_642.cif	4.21
model_4twp_646.cif	5.74
model_4twp_648.cif	5.87
model_4twp_653.cif	6.64
model_4twp_654.cif	7.63
model_4twp_656.cif	5.80
model_4twp_663.cif	4.82
model_4twp_664.cif	7.14
model_4twp_669.cif	5.51
model_4twp_673.cif	4.51
model_4twp_678.cif	7.84
model_4twp_683.cif	3.01
model_4twp_684.cif	2.46
model_4twp_687.cif	2.91
model_4twp_692.cif	6.11
model_4twp_694.cif	5.49
model_4twp_697.cif	8.57
model_4twp_699.cif	9.08
model_4twp_809.cif	3.02
model_4twp_899.cif	0.84
model_4twp_ligand.cif	0.00
model_4ty7_101.cif	1.27
model_4ty7_106.cif	0.56
model_4ty7_224.cif	0.81
model_4ty7_254.cif	0.79
model_4ty7_26.cif	8.39
model_4ty7_264.cif	0.87
model_4ty7_35.cif	9.01
model_4ty7_381.cif	1.40
model_4ty7_412.cif	8.09
model_4ty7_415.cif	8.20
model_4ty7_439.cif	4.53
model_4ty7_442.cif	2.73
model_4ty7_447.cif	5.26
model_4ty7_451.cif	1.64
model_4ty7_456.cif	6.04
model_4ty7_459.cif	2.47
model_4ty7_474.cif	3.27
model_4ty7_480.cif	3.86
model_4ty7_481.cif	3.92
model_4ty7_483.cif	2.89
model_4ty7_492.cif	8.04
model_4ty7_494.cif	2.86
model_4ty7_496.cif	7.84
model_4ty7_5.cif	8.72
model_4ty7_50.cif	0.61
model_4ty7_506.cif	3.10
model_4ty7_507.cif	1.58
model_4ty7_513.cif	7.96
model_4ty7_515.cif	7.31
model_4ty7_518.cif	6.42
model_4ty7_529.cif	8.91
model_4ty7_539.cif	8.57
model_4ty7_543.cif	5.51
model_4ty7_549.cif	4.95
model_4ty7_553.cif	2.40
model_4ty7_558.cif	8.60
model_4ty7_56.cif	7.03
model_4ty7_561.cif	5.63
model_4ty7_562.cif	5.08
model_4ty7_563.cif	3.36
model_4ty7_566.cif	8.70
model_4ty7_574.cif	9.25
model_4ty7_576.cif	7.67
model_4ty7_586.cif	4.03
model_4ty7_589.cif	9.59
model_4ty7_594.cif	6.92
model_4ty7_595.cif	9.06
model_4ty7_598.cif	4.21
model_4ty7_599.cif	6.57
model_4ty7_606.cif	8.15
model_4ty7_608.cif	3.75
model_4ty7_613.cif	5.62
model_4ty7_62.cif	1.05
model_4ty7_624.cif	5.02
model_4ty7_627.cif	2.38
model_4ty7_631.cif	4.73
model_4ty7_636.cif	4.23
model_4ty7_637.cif	6.15
model_4ty7_646.cif	6.46
model_4ty7_649.cif	3.77
model_4ty7_654.cif	5.87
model_4ty7_655.cif	7.06
model_4ty7_656.cif	1.78
model_4ty7_657.cif	7.96
model_4ty7_658.cif	9.56
model_4ty7_662.cif	4.92
model_4ty7_663.cif	4.09
model_4ty7_668.cif	1.67
model_4ty7_669.cif	5.00
model_4ty7_671.cif	9.24
model_4ty7_673.cif	3.38
model_4ty7_674.cif	3.58
model_4ty7_676.cif	9.05
model_4ty7_678.cif	7.51
model_4ty7_682.cif	5.65
model_4ty7_687.cif	7.72
model_4ty7_694.cif	6.22
model_4ty7_697.cif	2.48
model_4ty7_702.cif	0.69
model_4ty7_734.cif	2.61
model_4ty7_74.cif	6.91
model_4ty7_744.cif	3.07
model_4ty7_763.cif	5.31
model_4ty7_764.cif	6.19
model_4ty7_766.cif	0.38
model_4ty7_775.cif	0.78
model_4ty7_808.cif	0.91
model_4ty7_817.cif	1.21
model_4ty7_834.cif	4.39
model_4ty7_857.cif	5.55
model_4ty7_86.cif	9.21
model_4ty7_861.cif	7.10
model_4ty7_862.cif	2.94
model_4ty7_88.cif	9.41
model_4ty7_895.cif	2.00
model_4ty7_916.cif	1.08
model_4ty7_925.cif	0.95
model_4ty7_951.cif	2.61
model_4ty7_96.cif	9.04
model_4ty7_963.cif	6.25
model_4ty7_ligand.cif	0.00
model_4u4s_120.cif	4.16
model_4u4s_122.cif	3.25
model_4u4s_127.cif	3.02
model_4u4s_128.cif	8.25
model_4u4s_138.cif	2.84
model_4u4s_14.cif	7.86
model_4u4s_143.cif	2.95
model_4u4s_152.cif	7.54
model_4u4s_153.cif	2.82
model_4u4s_173.cif	2.86
model_4u4s_230.cif	0.65
model_4u4s_232.cif	0.52
model_4u4s_251.cif	4.28
model_4u4s_26.cif	8.30
model_4u4s_261.cif	0.58
model_4u4s_271.cif	1.20
model_4u4s_272.cif	3.13
model_4u4s_293.cif	1.16
model_4u4s_36.cif	0.61
model_4u4s_412.cif	0.80
model_4u4s_427.cif	4.05
model_4u4s_428.cif	1.01
model_4u4s_429.cif	1.02
model_4u4s_430.cif	0.90
model_4u4s_435.cif	3.15
model_4u4s_440.cif	0.75
model_4u4s_449.cif	2.03
model_4u4s_456.cif	3.20
model_4u4s_460.cif	1.06
model_4u4s_462.cif	1.50
model_4u4s_464.cif	3.82
model_4u4s_468.cif	3.32
model_4u4s_484.cif	2.91
model_4u4s_485.cif	7.36
model_4u4s_490.cif	1.11
model_4u4s_492.cif	4.07
model_4u4s_497.cif	3.75
model_4u4s_500.cif	5.37
model_4u4s_509.cif	5.55
model_4u4s_523.cif	6.49
model_4u4s_526.cif	5.49
model_4u4s_537.cif	8.36
model_4u4s_540.cif	5.94
model_4u4s_547.cif	4.89
model_4u4s_550.cif	7.15
model_4u4s_551.cif	7.00
model_4u4s_555.cif	1.49
model_4u4s_557.cif	7.77
model_4u4s_586.cif	6.11
model_4u4s_589.cif	6.53
model_4u4s_595.cif	4.03
model_4u4s_597.cif	7.06
model_4u4s_598.cif	5.19
model_4u4s_609.cif	6.71
model_4u4s_613.cif	7.29
model_4u4s_624.cif	5.60
model_4u4s_637.cif	5.55
model_4u4s_638.cif	6.58
model_4u4s_640.cif	4.22
model_4u4s_641.cif	6.73
model_4u4s_642.cif	4.45
model_4u4s_644.cif	5.52
model_4u4s_646.cif	5.11
model_4u4s_647.cif	3.94
model_4u4s_654.cif	2.20
model_4u4s_658.cif	5.80
model_4u4s_659.cif	4.20
model_4u4s_665.cif	3.34
model_4u4s_668.cif	1.91
model_4u4s_670.cif	2.18
model_4u4s_671.cif	4.99
model_4u4s_675.cif	6.04
model_4u4s_682.cif	6.98
model_4u4s_689.cif	6.14
model_4u4s_69.cif	2.97
model_4u4s_71.cif	0.37
model_4u4s_719.cif	9.03
model_4u4s_720.cif	9.34
model_4u4s_726.cif	9.33
model_4u4s_727.cif	9.33
model_4u4s_730.cif	8.24
model_4u4s_764.cif	2.34
model_4u4s_765.cif	9.26
model_4u4s_766.cif	9.10
model_4u4s_767.cif	9.04
model_4u4s_768.cif	8.09
model_4u4s_772.cif	8.95
model_4u4s_776.cif	7.19
model_4u4s_787.cif	0.72
model_4u4s_835.cif	8.38
model_4u4s_842.cif	9.18
model_4u4s_855.cif	8.46
model_4u4s_863.cif	8.80
model_4u4s_927.cif	0.73
model_4u4s_958.cif	9.10
model_4u4s_962.cif	1.02
model_4u4s_965.cif	7.88
model_4u4s_969.cif	8.83
model_4u4s_971.cif	7.86
model_4u4s_ligand.cif	0.00
model_4w9c_172.cif	2.81
model_4w9c_186.cif	0.90
model_4w9c_249.cif	0.98
model_4w9c_326.cif	1.12
model_4w9c_333.cif	2.80
model_4w9c_36.cif	8.02
model_4w9c_363.cif	3.08
model_4w9c_372.cif	0.95
model_4w9c_379.cif	0.53
model_4w9c_381.cif	0.42
model_4w9c_405.cif	5.85
model_4w9c_415.cif	5.79
model_4w9c_420.cif	6.60
model_4w9c_423.cif	5.47
model_4w9c_432.cif	6.70
model_4w9c_446.cif	6.13
model_4w9c_450.cif	5.65
model_4w9c_452.cif	6.43
model_4w9c_456.cif	7.18
model_4w9c_457.cif	6.82
model_4w9c_460.cif	1.97
model_4w9c_462.cif	6.59
model_4w9c_473.cif	6.29
model_4w9c_476.cif	1.95
model_4w9c_477.cif	5.12
model_4w9c_48.cif	7.15
model_4w9c_483.cif	5.61
model_4w9c_486.cif	8.59
model_4w9c_487.cif	2.47
model_4w9c_490.cif	3.08
model_4w9c_494.cif	8.06
model_4w9c_499.cif	7.20
model_4w9c_513.cif	9.25
model_4w9c_516.cif	8.70
model_4w9c_520.cif	5.24
model_4w9c_528.cif	1.84
model_4w9c_533.cif	7.91
model_4w9c_538.cif	7.83
model_4w9c_543.cif	9.15
model_4w9c_545.cif	9.29
model_4w9c_546.cif	9.48
model_4w9c_550.cif	7.83
model_4w9c_556.cif	7.35
model_4w9c_558.cif	9.07
model_4w9c_560.cif	3.56
model_4w9c_561.cif	7.89
model_4w9c_562.cif	9.70
model_4w9c_567.cif	8.01
model_4w9c_569.cif	3.22
model_4w9c_580.cif	7.60
model_4w9c_59.cif	8.74
model_4w9c_594.cif	8.26
model_4w9c_597.cif	3.62
model_4w9c_6.cif	7.00
model_4w9c_603.cif	2.94
model_4w9c_604.cif	9.16
model_4w9c_613.cif	4.71
model_4w9c_623.cif	6.50
model_4w9c_628.cif	3.64
model_4w9c_636.cif	8.41
model_4w9c_637.cif	2.66
model_4w9c_638.cif	2.44
model_4w9c_639.cif	4.27
model_4w9c_642.cif	3.52
model_4w9c_646.cif	5.90
model_4w9c_660.cif	7.58
model_4w9c_661.cif	4.05
model_4w9c_664.cif	2.61
model_4w9c_670.cif	4.24
model_4w9c_677.cif	9.28
model_4w9c_683.cif	3.24
model_4w9c_691.cif	9.28
model_4w9c_695.cif	5.17
model_4w9c_697.cif	2.77
model_4w9c_699.cif	8.75
model_4w9c_7.cif	9.11
model_4w9c_712.cif	1.13
model_4w9c_719.cif	0.92
model_4w9c_720.cif	0.95
model_4w9c_732.cif	0.88
model_4w9c_735.cif	2.83
model_4w9c_739.cif	6.23
model_4w9c_758.cif	1.00
model_4w9c_765.cif	1.98
model_4w9c_768.cif	1.92
model_4w9c_772.cif	3.08
model_4w9c_777.cif	1.81
model_4w9c_778.cif	2.66
model_4w9c_806.cif	3.02
model_4w9c_85.cif	8.61
model_4w9c_854.cif	4.88
model_4w9c_906.cif	0.75
model_4w9c_925.cif	1.15
model_4w9c_955.cif	1.37
model_4w9c_963.cif	4.43
model_4w9c_968.cif	5.38
model_4w9c_ligand.cif	0.00
model_4w9h_100.cif	7.52
model_4w9h_119.cif	1.85
model_4w9h_124.cif	5.68
model_4w9h_135.cif	1.12
model_4w9h_143.cif	0.62
model_4w9h_158.cif	3.27
model_4w9h_166.cif	3.36
model_4w9h_182.cif	6.16
model_4w9h_204.cif	0.81
model_4w9h_210.cif	0.74
model_4w9h_241.cif	0.67
model_4w9h_307.cif	0.38
model_4w9h_326.cif	0.58
model_4w9h_327.cif	9.29
model_4w9h_336.cif	3.30
model_4w9h_365.cif	6.87
model_4w9h_368.cif	0.40
model_4w9h_391.cif	3.29
model_4w9h_392.cif	8.34
model_4w9h_402.cif	7.74
model_4w9h_403.cif	2.78
model_4w9h_404.cif	2.11
model_4w9h_408.cif	2.86
model_4w9h_410.cif	3.05
model_4w9h_413.cif	2.74
model_4w9h_416.cif	2.00
model_4w9h_429.cif	6.32
model_4w9h_434.cif	1.92
model_4w9h_435.cif	7.12
model_4w9h_436.cif	7.76
model_4w9h_446.cif	4.08
model_4w9h_447.cif	6.85
model_4w9h_449.cif	5.13
model_4w9h_456.cif	4.69
model_4w9h_462.cif	7.71
model_4w9h_464.cif	5.44
model_4w9h_469.cif	5.55
model_4w9h_474.cif	4.83
model_4w9h_481.cif	2.22
model_4w9h_484.cif	2.10
model_4w9h_485.cif	3.44
model_4w9h_493.cif	9.04
model_4w9h_495.cif	1.86
model_4w9h_498.cif	1.95
model_4w9h_499.cif	7.61
model_4w9h_504.cif	9.37
model_4w9h_511.cif	8.27
model_4w9h_515.cif	8.31
model_4w9h_516.cif	5.83
model_4w9h_520.cif	4.99
model_4w9h_523.cif	9.20
model_4w9h_527.cif	9.75
model_4w9h_530.cif	6.75
model_4w9h_532.cif	3.62
model_4w9h_537.cif	8.06
model_4w9h_538.cif	2.77
model_4w9h_546.cif	8.79
model_4w9h_548.cif	9.08
model_4w9h_554.cif	2.17
model_4w9h_555.cif	7.60
model_4w9h_561.cif	4.88
model_4w9h_589.cif	8.11
model_4w9h_596.cif	5.12
model_4w9h_597.cif	8.52
model_4w9h_598.cif	9.79
model_4w9h_612.cif	6.30
model_4w9h_616.cif	7.78
model_4w9h_618.cif	5.66
model_4w9h_626.cif	2.92
model_4w9h_637.cif	8.72
model_4w9h_642.cif	3.61
model_4w9h_647.cif	6.73
model_4w9h_655.cif	9.43
model_4w9h_658.cif	6.76
model_4w9h_662.cif	4.14
model_4w9h_663.cif	7.76
model_4w9h_664.cif	9.34
model_4w9h_666.cif	4.33
model_4w9h_667.cif	4.67
model_4w9h_676.cif	5.92
model_4w9h_677.cif	4.01
model_4w9h_679.cif	6.40
model_4w9h_691.cif	7.41
model_4w9h_699.cif	9.68
model_4w9h_709.cif	0.37
model_4w9h_710.cif	0.78
model_4w9h_740.cif	1.12
model_4w9h_765.cif	0.96
model_4w9h_770.cif	3.19
model_4w9h_771.cif	5.68
model_4w9h_773.cif	6.13
model_4w9h_780.cif	3.36
model_4w9h_784.cif	2.26
model_4w9h_787.cif	1.82
model_4w9h_801.cif	1.04
model_4w9h_84.cif	8.83
model_4w9h_90.cif	5.59
model_4w9h_922.cif	8.58
model_4w9h_961.cif	4.94
model_4w9h_976.cif	1.27
model_4w9h_ligand.cif	0.00
model_4w9i_110.cif	0.89
model_4w9i_172.cif	0.71
model_4w9i_197.cif	1.29
model_4w9i_199.cif	0.84
model_4w9i_204.cif	0.42
model_4w9i_221.cif	0.45
model_4w9i_337.cif	8.46
model_4w9i_374.cif	5.32
model_4w9i_388.cif	4.19
model_4w9i_394.cif	2.18
model_4w9i_403.cif	6.01
model_4w9i_417.cif	9.07
model_4w9i_424.cif	6.35
model_4w9i_429.cif	5.96
model_4w9i_430.cif	1.93
model_4w9i_439.cif	6.95
model_4w9i_440.cif	3.82
model_4w9i_447.cif	2.94
model_4w9i_468.cif	5.03
model_4w9i_474.cif	2.91
model_4w9i_476.cif	6.85
model_4w9i_484.cif	3.30
model_4w9i_487.cif	5.27
model_4w9i_489.cif	7.88
model_4w9i_491.cif	9.01
model_4w9i_494.cif	5.40
model_4w9i_496.cif	9.20
model_4w9i_511.cif	8.92
model_4w9i_512.cif	6.58
model_4w9i_515.cif	3.49
model_4w9i_524.cif	3.33
model_4w9i_528.cif	9.21
model_4w9i_534.cif	8.79
model_4w9i_535.cif	4.33
model_4w9i_546.cif	9.35
model_4w9i_550.cif	9.34
model_4w9i_551.cif	7.90
model_4w9i_554.cif	9.29
model_4w9i_56.cif	1.27
model_4w9i_565.cif	4.67
model_4w9i_567.cif	9.43
model_4w9i_570.cif	3.98
model_4w9i_574.cif	8.67
model_4w9i_575.cif	4.02
model_4w9i_583.cif	5.25
model_4w9i_586.cif	6.58
model_4w9i_587.cif	2.92
model_4w9i_589.cif	9.33
model_4w9i_595.cif	7.12
model_4w9i_602.cif	7.64
model_4w9i_611.cif	5.33
model_4w9i_612.cif	2.85
model_4w9i_615.cif	2.10
model_4w9i_622.cif	2.82
model_4w9i_626.cif	4.68
model_4w9i_630.cif	5.68
model_4w9i_649.cif	8.46
model_4w9i_658.cif	9.80
model_4w9i_670.cif	8.41
model_4w9i_672.cif	4.19
model_4w9i_687.cif	8.49
model_4w9i_697.cif	3.83
model_4w9i_698.cif	4.90
model_4w9i_755.cif	3.54
model_4w9i_756.cif	3.00
model_4w9i_759.cif	6.25
model_4w9i_761.cif	6.00
model_4w9i_763.cif	4.35
model_4w9i_764.cif	3.44
model_4w9i_766.cif	8.46
model_4w9i_768.cif	7.46
model_4w9i_771.cif	7.89
model_4w9i_772.cif	4.34
model_4w9i_774.cif	3.96
model_4w9i_776.cif	6.31
model_4w9i_777.cif	8.16
model_4w9i_782.cif	7.81
model_4w9i_787.cif	4.11
model_4w9i_789.cif	7.50
model_4w9i_790.cif	8.06
model_4w9i_791.cif	6.63
model_4w9i_792.cif	7.43
model_4w9i_793.cif	6.12
model_4w9i_794.cif	1.02
model_4w9i_795.cif	0.74
model_4w9i_796.cif	0.99
model_4w9i_801.cif	0.51
model_4w9i_846.cif	7.74
model_4w9i_852.cif	1.28
model_4w9i_873.cif	0.95
model_4w9i_879.cif	2.09
model_4w9i_882.cif	1.99
model_4w9i_885.cif	0.91
model_4w9i_886.cif	2.02
model_4w9i_890.cif	1.92
model_4w9i_893.cif	1.60
model_4w9i_924.cif	3.09
model_4w9i_97.cif	1.42
model_4w9i_989.cif	1.31
model_4w9i_ligand.cif	0.00
model_4w9l_10.cif	5.02
model_4w9l_100.cif	1.94
model_4w9l_12.cif	1.29
model_4w9l_136.cif	6.17
model_4w9l_141.cif	8.38
model_4w9l_143.cif	5.63
model_4w9l_151.cif	4.19
model_4w9l_170.cif	1.17
model_4w9l_177.cif	1.99
model_4w9l_180.cif	2.66
model_4w9l_19.cif	2.09
model_4w9l_192.cif	9.51
model_4w9l_204.cif	0.96
model_4w9l_215.cif	0.71
model_4w9l_250.cif	0.95
model_4w9l_261.cif	4.31
model_4w9l_264.cif	0.88
model_4w9l_27.cif	4.59
model_4w9l_273.cif	7.83
model_4w9l_287.cif	0.92
model_4w9l_309.cif	8.04
model_4w9l_323.cif	3.45
model_4w9l_326.cif	2.14
model_4w9l_341.cif	8.40
model_4w9l_35.cif	0.79
model_4w9l_358.cif	8.62
model_4w9l_368.cif	0.71
model_4w9l_379.cif	4.88
model_4w9l_382.cif	8.57
model_4w9l_393.cif	8.16
model_4w9l_400.cif	6.05
model_4w9l_402.cif	3.70
model_4w9l_403.cif	6.13
model_4w9l_406.cif	2.74
model_4w9l_407.cif	2.85
model_4w9l_410.cif	7.73
model_4w9l_411.cif	2.97
model_4w9l_430.cif	2.71
model_4w9l_437.cif	2.73
model_4w9l_441.cif	5.10
model_4w9l_448.cif	6.09
model_4w9l_450.cif	8.00
model_4w9l_452.cif	6.25
model_4w9l_456.cif	9.26
model_4w9l_457.cif	5.03
model_4w9l_462.cif	6.71
model_4w9l_466.cif	8.75
model_4w9l_475.cif	3.63
model_4w9l_480.cif	4.53
model_4w9l_481.cif	3.04
model_4w9l_482.cif	9.41
model_4w9l_486.cif	5.03
model_4w9l_492.cif	9.24
model_4w9l_493.cif	9.57
model_4w9l_5.cif	7.80
model_4w9l_519.cif	9.97
model_4w9l_522.cif	4.15
model_4w9l_527.cif	6.55
model_4w9l_53.cif	2.68
model_4w9l_545.cif	9.11
model_4w9l_550.cif	6.10
model_4w9l_556.cif	6.34
model_4w9l_557.cif	8.18
model_4w9l_572.cif	7.09
model_4w9l_573.cif	9.59
model_4w9l_577.cif	7.66
model_4w9l_579.cif	3.90
model_4w9l_591.cif	3.91
model_4w9l_594.cif	7.68
model_4w9l_596.cif	9.21
model_4w9l_604.cif	7.86
model_4w9l_612.cif	3.04
model_4w9l_616.cif	8.37
model_4w9l_642.cif	9.92
model_4w9l_655.cif	7.02
model_4w9l_657.cif	4.45
model_4w9l_659.cif	5.78
model_4w9l_675.cif	6.51
model_4w9l_681.cif	5.14
model_4w9l_691.cif	4.21
model_4w9l_696.cif	5.69
model_4w9l_699.cif	7.31
model_4w9l_704.cif	0.84
model_4w9l_708.cif	1.54
model_4w9l_709.cif	0.99
model_4w9l_715.cif	1.41
model_4w9l_719.cif	0.98
model_4w9l_732.cif	4.71
model_4w9l_759.cif	1.45
model_4w9l_762.cif	5.60
model_4w9l_770.cif	4.95
model_4w9l_779.cif	5.03
model_4w9l_787.cif	1.61
model_4w9l_822.cif	3.72
model_4w9l_84.cif	8.36
model_4w9l_871.cif	2.25
model_4w9l_886.cif	3.01
model_4w9l_906.cif	1.94
model_4w9l_93.cif	3.11
model_4w9l_933.cif	1.32
model_4w9l_ligand.cif	0.00
model_4wiv_230.cif	8.20
model_4wiv_270.cif	8.22
model_4wiv_401.cif	7.25
model_4wiv_413.cif	7.07
model_4wiv_414.cif	7.30
model_4wiv_428.cif	7.47
model_4wiv_434.cif	4.19
model_4wiv_435.cif	6.15
model_4wiv_441.cif	5.12
model_4wiv_448.cif	7.13
model_4wiv_461.cif	3.01
model_4wiv_475.cif	4.61
model_4wiv_476.cif	3.95
model_4wiv_481.cif	7.66
model_4wiv_484.cif	4.03
model_4wiv_486.cif	3.84
model_4wiv_487.cif	5.55
model_4wiv_491.cif	5.91
model_4wiv_493.cif	4.14
model_4wiv_509.cif	6.22
model_4wiv_517.cif	4.98
model_4wiv_520.cif	7.03
model_4wiv_528.cif	3.64
model_4wiv_532.cif	4.13
model_4wiv_553.cif	6.39
model_4wiv_557.cif	6.70
model_4wiv_566.cif	6.42
model_4wiv_577.cif	6.02
model_4wiv_583.cif	3.00
model_4wiv_598.cif	4.92
model_4wiv_601.cif	4.53
model_4wiv_615.cif	5.79
model_4wiv_621.cif	2.13
model_4wiv_631.cif	7.09
model_4wiv_651.cif	4.99
model_4wiv_679.cif	3.31
model_4wiv_683.cif	5.44
model_4wiv_697.cif	7.01
model_4wiv_698.cif	3.88
model_4wiv_721.cif	0.72
model_4wiv_727.cif	1.70
model_4wiv_729.cif	0.74
model_4wiv_738.cif	1.31
model_4wiv_739.cif	1.41
model_4wiv_742.cif	3.83
model_4wiv_745.cif	5.74
model_4wiv_746.cif	2.34
model_4wiv_747.cif	6.80
model_4wiv_749.cif	5.86
model_4wiv_753.cif	2.88
model_4wiv_762.cif	6.40
model_4wiv_769.cif	5.42
model_4wiv_771.cif	7.57
model_4wiv_774.cif	6.30
model_4wiv_792.cif	1.04
model_4wiv_820.cif	0.87
model_4wiv_829.cif	0.86
model_4wiv_836.cif	1.95
model_4wiv_838.cif	0.87
model_4wiv_841.cif	2.48
model_4wiv_844.cif	1.62
model_4wiv_846.cif	3.38
model_4wiv_863.cif	1.89
model_4wiv_865.cif	6.00
model_4wiv_866.cif	2.87
model_4wiv_869.cif	3.34
model_4wiv_870.cif	2.89
model_4wiv_888.cif	1.30
model_4wiv_890.cif	4.01
model_4wiv_892.cif	0.80
model_4wiv_913.cif	0.69
model_4wiv_914.cif	0.72
model_4wiv_915.cif	0.88
model_4wiv_935.cif	2.10
model_4wiv_947.cif	2.50
model_4wiv_953.cif	3.63
model_4wiv_960.cif	1.74
model_4wiv_965.cif	2.99
model_4wiv_973.cif	0.54
model_4wiv_977.cif	1.94
model_4wiv_979.cif	5.89
model_4wiv_981.cif	6.01
model_4wiv_ligand.cif	0.00
model_4x6p_106.cif	7.82
model_4x6p_114.cif	8.72
model_4x6p_121.cif	8.48
model_4x6p_125.cif	7.21
model_4x6p_142.cif	0.80
model_4x6p_147.cif	7.05
model_4x6p_170.cif	4.56
model_4x6p_18.cif	9.07
model_4x6p_195.cif	7.88
model_4x6p_197.cif	8.55
model_4x6p_201.cif	0.86
model_4x6p_203.cif	0.93
model_4x6p_204.cif	0.65
model_4x6p_214.cif	1.58
model_4x6p_215.cif	2.47
model_4x6p_221.cif	1.66
model_4x6p_224.cif	3.46
model_4x6p_231.cif	1.38
model_4x6p_25.cif	9.17
model_4x6p_254.cif	0.57
model_4x6p_265.cif	1.54
model_4x6p_277.cif	2.43
model_4x6p_300.cif	2.28
model_4x6p_304.cif	4.11
model_4x6p_312.cif	0.67
model_4x6p_316.cif	9.82
model_4x6p_324.cif	0.63
model_4x6p_33.cif	9.14
model_4x6p_344.cif	2.81
model_4x6p_346.cif	4.68
model_4x6p_380.cif	7.37
model_4x6p_381.cif	0.92
model_4x6p_398.cif	1.59
model_4x6p_401.cif	2.91
model_4x6p_407.cif	1.80
model_4x6p_421.cif	3.31
model_4x6p_426.cif	3.10
model_4x6p_427.cif	5.54
model_4x6p_432.cif	7.04
model_4x6p_438.cif	5.74
model_4x6p_439.cif	5.04
model_4x6p_441.cif	6.16
model_4x6p_448.cif	3.15
model_4x6p_454.cif	5.09
model_4x6p_463.cif	4.06
model_4x6p_481.cif	5.86
model_4x6p_486.cif	2.42
model_4x6p_504.cif	9.29
model_4x6p_513.cif	4.17
model_4x6p_518.cif	5.03
model_4x6p_521.cif	2.83
model_4x6p_528.cif	8.74
model_4x6p_532.cif	9.45
model_4x6p_533.cif	2.98
model_4x6p_544.cif	8.16
model_4x6p_548.cif	4.77
model_4x6p_549.cif	4.57
model_4x6p_550.cif	6.51
model_4x6p_551.cif	7.47
model_4x6p_553.cif	3.81
model_4x6p_555.cif	6.80
model_4x6p_559.cif	3.67
model_4x6p_568.cif	8.44
model_4x6p_570.cif	9.90
model_4x6p_571.cif	8.01
model_4x6p_577.cif	7.28
model_4x6p_579.cif	6.78
model_4x6p_583.cif	9.16
model_4x6p_592.cif	6.83
model_4x6p_596.cif	8.89
model_4x6p_612.cif	8.52
model_4x6p_620.cif	2.31
model_4x6p_621.cif	6.77
model_4x6p_623.cif	3.23
model_4x6p_636.cif	4.20
model_4x6p_637.cif	1.99
model_4x6p_642.cif	6.09
model_4x6p_644.cif	5.94
model_4x6p_646.cif	7.89
model_4x6p_649.cif	2.78
model_4x6p_650.cif	5.19
model_4x6p_653.cif	7.40
model_4x6p_657.cif	6.20
model_4x6p_665.cif	9.47
model_4x6p_666.cif	3.85
model_4x6p_667.cif	4.88
model_4x6p_668.cif	5.82
model_4x6p_674.cif	4.20
model_4x6p_688.cif	3.89
model_4x6p_689.cif	6.92
model_4x6p_693.cif	6.83
model_4x6p_696.cif	3.75
model_4x6p_706.cif	0.91
model_4x6p_820.cif	1.69
model_4x6p_835.cif	2.00
model_4x6p_876.cif	1.71
model_4x6p_889.cif	0.85
model_4x6p_89.cif	9.96
model_4x6p_97.cif	8.21
model_4x6p_98.cif	5.98
model_4x6p_ligand.cif	0.00
model_5a7b_11.cif	9.29
model_5a7b_115.cif	5.81
model_5a7b_136.cif	9.50
model_5a7b_138.cif	5.74
model_5a7b_144.cif	1.53
model_5a7b_170.cif	5.82
model_5a7b_175.cif	8.77
model_5a7b_178.cif	5.86
model_5a7b_190.cif	9.27
model_5a7b_204.cif	1.82
model_5a7b_214.cif	3.34
model_5a7b_215.cif	8.78
model_5a7b_217.cif	2.10
model_5a7b_227.cif	5.34
model_5a7b_233.cif	1.72
model_5a7b_234.cif	4.12
model_5a7b_243.cif	1.60
model_5a7b_244.cif	2.70
model_5a7b_258.cif	3.66
model_5a7b_261.cif	7.00
model_5a7b_264.cif	7.44
model_5a7b_266.cif	1.84
model_5a7b_274.cif	3.68
model_5a7b_276.cif	1.26
model_5a7b_280.cif	3.68
model_5a7b_281.cif	9.14
model_5a7b_284.cif	0.88
model_5a7b_286.cif	0.74
model_5a7b_295.cif	2.01
model_5a7b_302.cif	2.91
model_5a7b_309.cif	6.96
model_5a7b_311.cif	9.27
model_5a7b_349.cif	8.49
model_5a7b_358.cif	0.95
model_5a7b_382.cif	4.89
model_5a7b_402.cif	6.22
model_5a7b_409.cif	7.26
model_5a7b_424.cif	7.00
model_5a7b_426.cif	3.61
model_5a7b_429.cif	7.13
model_5a7b_440.cif	7.06
model_5a7b_447.cif	8.13
model_5a7b_451.cif	7.58
model_5a7b_461.cif	3.83
model_5a7b_485.cif	8.87
model_5a7b_488.cif	7.82
model_5a7b_511.cif	1.72
model_5a7b_514.cif	9.11
model_5a7b_518.cif	2.45
model_5a7b_523.cif	6.12
model_5a7b_531.cif	2.05
model_5a7b_539.cif	4.29
model_5a7b_542.cif	5.92
model_5a7b_546.cif	5.57
model_5a7b_550.cif	6.86
model_5a7b_553.cif	5.42
model_5a7b_566.cif	6.95
model_5a7b_569.cif	8.41
model_5a7b_588.cif	3.38
model_5a7b_591.cif	4.48
model_5a7b_595.cif	3.03
model_5a7b_597.cif	8.88
model_5a7b_601.cif	2.07
model_5a7b_613.cif	7.74
model_5a7b_623.cif	1.71
model_5a7b_628.cif	7.33
model_5a7b_632.cif	4.00
model_5a7b_633.cif	6.26
model_5a7b_636.cif	3.97
model_5a7b_651.cif	5.98
model_5a7b_652.cif	8.05
model_5a7b_655.cif	8.15
model_5a7b_657.cif	6.73
model_5a7b_660.cif	4.68
model_5a7b_672.cif	9.91
model_5a7b_675.cif	8.99
model_5a7b_690.cif	2.48
model_5a7b_691.cif	2.54
model_5a7b_694.cif	7.22
model_5a7b_696.cif	9.67
model_5a7b_697.cif	9.04
model_5a7b_698.cif	4.30
model_5a7b_700.cif	9.68
model_5a7b_726.cif	1.95
model_5a7b_738.cif	1.94
model_5a7b_742.cif	0.82
model_5a7b_780.cif	5.66
model_5a7b_817.cif	2.67
model_5a7b_842.cif	4.77
model_5a7b_843.cif	6.80
model_5a7b_850.cif	4.11
model_5a7b_874.cif	5.00
model_5a7b_878.cif	7.40
model_5a7b_980.cif	4.90
model_5a7b_ligand.cif	0.00
model_5aba_220.cif	9.45
model_5aba_247.cif	9.56
model_5aba_261.cif	9.29
model_5aba_263.cif	8.76
model_5aba_284.cif	9.60
model_5aba_297.cif	8.77
model_5aba_36.cif	4.22
model_5aba_38.cif	3.31
model_5aba_40.cif	8.07
model_5aba_408.cif	9.20
model_5aba_410.cif	8.01
model_5aba_412.cif	8.10
model_5aba_455.cif	7.21
model_5aba_460.cif	9.71
model_5aba_47.cif	6.39
model_5aba_470.cif	8.40
model_5aba_472.cif	4.45
model_5aba_490.cif	8.13
model_5aba_492.cif	9.34
model_5aba_5.cif	8.81
model_5aba_517.cif	4.92
model_5aba_525.cif	9.03
model_5aba_527.cif	2.77
model_5aba_555.cif	5.63
model_5aba_558.cif	6.19
model_5aba_559.cif	5.23
model_5aba_570.cif	3.07
model_5aba_575.cif	5.35
model_5aba_584.cif	4.21
model_5aba_596.cif	2.58
model_5aba_598.cif	9.50
model_5aba_599.cif	3.34
model_5aba_618.cif	6.80
model_5aba_620.cif	4.08
model_5aba_623.cif	3.98
model_5aba_625.cif	2.35
model_5aba_628.cif	4.79
model_5aba_632.cif	3.59
model_5aba_640.cif	2.20
model_5aba_641.cif	7.21
model_5aba_647.cif	4.74
model_5aba_653.cif	8.53
model_5aba_654.cif	3.40
model_5aba_655.cif	2.80
model_5aba_657.cif	2.90
model_5aba_661.cif	7.97
model_5aba_663.cif	3.90
model_5aba_666.cif	5.60
model_5aba_668.cif	6.28
model_5aba_669.cif	2.63
model_5aba_674.cif	7.70
model_5aba_676.cif	3.99
model_5aba_677.cif	9.37
model_5aba_679.cif	5.04
model_5aba_680.cif	3.66
model_5aba_690.cif	4.07
model_5aba_697.cif	7.47
model_5aba_698.cif	8.23
model_5aba_701.cif	5.20
model_5aba_702.cif	2.00
model_5aba_703.cif	2.00
model_5aba_704.cif	6.89
model_5aba_71.cif	7.11
model_5aba_712.cif	1.21
model_5aba_728.cif	6.93
model_5aba_749.cif	5.61
model_5aba_751.cif	6.78
model_5aba_760.cif	6.99
model_5aba_772.cif	1.67
model_5aba_78.cif	5.01
model_5aba_786.cif	1.79
model_5aba_792.cif	2.05
model_5aba_799.cif	7.20
model_5aba_820.cif	1.96
model_5aba_850.cif	4.87
model_5aba_858.cif	5.39
model_5aba_859.cif	5.11
model_5aba_864.cif	6.20
model_5aba_865.cif	2.10
model_5aba_880.cif	4.10
model_5aba_882.cif	3.52
model_5aba_898.cif	1.74
model_5aba_899.cif	7.32
model_5aba_956.cif	7.27
model_5aba_96.cif	6.90
model_5aba_962.cif	7.28
model_5aba_966.cif	2.47
model_5aba_ligand.cif	0.00
model_5c28_113.cif	7.84
model_5c28_133.cif	6.94
model_5c28_146.cif	3.66
model_5c28_2.cif	3.68
model_5c28_3.cif	4.17
model_5c28_30.cif	0.79
model_5c28_324.cif	0.93
model_5c28_345.cif	0.80
model_5c28_35.cif	0.82
model_5c28_382.cif	2.10
model_5c28_4.cif	0.82
model_5c28_424.cif	0.94
model_5c28_451.cif	2.70
model_5c28_456.cif	0.96
model_5c28_460.cif	2.03
model_5c28_469.cif	4.46
model_5c28_47.cif	0.56
model_5c28_503.cif	6.52
model_5c28_508.cif	5.76
model_5c28_516.cif	6.02
model_5c28_525.cif	2.64
model_5c28_528.cif	1.33
model_5c28_531.cif	2.52
model_5c28_542.cif	7.20
model_5c28_543.cif	5.90
model_5c28_549.cif	3.85
model_5c28_550.cif	7.41
model_5c28_563.cif	1.36
model_5c28_569.cif	5.11
model_5c28_572.cif	4.11
model_5c28_588.cif	5.47
model_5c28_589.cif	2.61
model_5c28_593.cif	7.14
model_5c28_600.cif	5.23
model_5c28_604.cif	1.03
model_5c28_614.cif	5.05
model_5c28_624.cif	1.19
model_5c28_627.cif	1.22
model_5c28_643.cif	3.38
model_5c28_664.cif	1.19
model_5c28_675.cif	6.05
model_5c28_681.cif	4.95
model_5c28_693.cif	1.16
model_5c28_702.cif	0.62
model_5c28_706.cif	2.46
model_5c28_709.cif	2.98
model_5c28_71.cif	0.51
model_5c28_715.cif	1.55
model_5c28_723.cif	7.46
model_5c28_725.cif	7.52
model_5c28_727.cif	4.59
model_5c28_729.cif	3.87
model_5c28_735.cif	2.15
model_5c28_741.cif	3.36
model_5c28_743.cif	6.17
model_5c28_746.cif	4.12
model_5c28_747.cif	3.31
model_5c28_755.cif	4.33
model_5c28_758.cif	5.30
model_5c28_761.cif	5.71
model_5c28_762.cif	9.68
model_5c28_766.cif	6.12
model_5c28_767.cif	4.70
model_5c28_770.cif	6.22
model_5c28_771.cif	6.48
model_5c28_772.cif	9.80
model_5c28_773.cif	9.80
model_5c28_775.cif	5.92
model_5c28_781.cif	8.46
model_5c28_782.cif	8.72
model_5c28_783.cif	8.71
model_5c28_784.cif	9.19
model_5c28_785.cif	9.23
model_5c28_787.cif	9.48
model_5c28_788.cif	8.72
model_5c28_789.cif	8.95
model_5c28_790.cif	8.79
model_5c28_791.cif	9.41
model_5c28_792.cif	9.51
model_5c28_794.cif	9.14
model_5c28_807.cif	3.50
model_5c28_829.cif	1.70
model_5c28_845.cif	4.03
model_5c28_850.cif	3.67
model_5c28_858.cif	7.52
model_5c28_866.cif	7.55
model_5c28_876.cif	6.33
model_5c28_877.cif	9.55
model_5c28_879.cif	6.44
model_5c28_881.cif	5.00
model_5c28_882.cif	5.32
model_5c28_883.cif	8.17
model_5c28_885.cif	8.23
model_5c28_928.cif	3.06
model_5c28_934.cif	1.11
model_5c28_97.cif	2.25
model_5c28_ligand.cif	0.00
model_5c2h_119.cif	9.09
model_5c2h_160.cif	8.87
model_5c2h_204.cif	0.87
model_5c2h_216.cif	0.96
model_5c2h_240.cif	0.46
model_5c2h_244.cif	0.59
model_5c2h_247.cif	0.94
model_5c2h_251.cif	6.90
model_5c2h_252.cif	1.95
model_5c2h_256.cif	0.79
model_5c2h_259.cif	0.51
model_5c2h_274.cif	1.38
model_5c2h_292.cif	1.02
model_5c2h_295.cif	1.65
model_5c2h_308.cif	8.10
model_5c2h_352.cif	1.91
model_5c2h_394.cif	7.98
model_5c2h_405.cif	2.88
model_5c2h_406.cif	9.66
model_5c2h_421.cif	9.57
model_5c2h_424.cif	3.92
model_5c2h_427.cif	8.12
model_5c2h_431.cif	8.50
model_5c2h_432.cif	5.76
model_5c2h_444.cif	7.91
model_5c2h_457.cif	4.84
model_5c2h_462.cif	5.78
model_5c2h_467.cif	9.17
model_5c2h_471.cif	2.17
model_5c2h_475.cif	9.42
model_5c2h_48.cif	4.70
model_5c2h_481.cif	8.08
model_5c2h_482.cif	2.39
model_5c2h_484.cif	6.86
model_5c2h_486.cif	3.89
model_5c2h_496.cif	7.72
model_5c2h_500.cif	6.77
model_5c2h_507.cif	2.34
model_5c2h_509.cif	5.05
model_5c2h_513.cif	8.70
model_5c2h_516.cif	3.43
model_5c2h_517.cif	4.26
model_5c2h_519.cif	3.60
model_5c2h_520.cif	4.72
model_5c2h_524.cif	1.79
model_5c2h_533.cif	3.10
model_5c2h_536.cif	3.12
model_5c2h_537.cif	2.54
model_5c2h_544.cif	6.42
model_5c2h_545.cif	5.42
model_5c2h_547.cif	9.48
model_5c2h_548.cif	8.94
model_5c2h_553.cif	4.17
model_5c2h_561.cif	5.06
model_5c2h_565.cif	2.62
model_5c2h_566.cif	7.00
model_5c2h_572.cif	7.60
model_5c2h_575.cif	5.09
model_5c2h_576.cif	2.32
model_5c2h_579.cif	4.82
model_5c2h_585.cif	8.84
model_5c2h_597.cif	7.72
model_5c2h_599.cif	9.06
model_5c2h_602.cif	2.00
model_5c2h_608.cif	6.90
model_5c2h_611.cif	4.51
model_5c2h_613.cif	1.99
model_5c2h_624.cif	7.40
model_5c2h_627.cif	7.89
model_5c2h_640.cif	7.72
model_5c2h_641.cif	8.58
model_5c2h_644.cif	4.18
model_5c2h_646.cif	1.69
model_5c2h_649.cif	3.21
model_5c2h_651.cif	1.84
model_5c2h_653.cif	7.75
model_5c2h_657.cif	5.35
model_5c2h_663.cif	6.90
model_5c2h_666.cif	2.28
model_5c2h_682.cif	4.96
model_5c2h_686.cif	6.59
model_5c2h_696.cif	3.90
model_5c2h_697.cif	8.60
model_5c2h_698.cif	4.14
model_5c2h_700.cif	9.08
model_5c2h_756.cif	6.43
model_5c2h_758.cif	7.70
model_5c2h_764.cif	5.76
model_5c2h_775.cif	6.65
model_5c2h_816.cif	5.63
model_5c2h_831.cif	3.47
model_5c2h_848.cif	2.85
model_5c2h_860.cif	9.24
model_5c2h_89.cif	9.80
model_5c2h_910.cif	3.07
model_5c2h_922.cif	2.29
model_5c2h_940.cif	5.98
model_5c2h_ligand.cif	0.00
model_5dwr_144.cif	0.35
model_5dwr_148.cif	1.15
model_5dwr_157.cif	0.82
model_5dwr_162.cif	1.34
model_5dwr_166.cif	0.77
model_5dwr_193.cif	0.94
model_5dwr_200.cif	0.42
model_5dwr_215.cif	0.57
model_5dwr_286.cif	0.74
model_5dwr_289.cif	0.54
model_5dwr_297.cif	1.01
model_5dwr_312.cif	7.44
model_5dwr_382.cif	0.46
model_5dwr_401.cif	4.05
model_5dwr_404.cif	1.37
model_5dwr_411.cif	4.69
model_5dwr_412.cif	4.51
model_5dwr_419.cif	2.96
model_5dwr_425.cif	4.12
model_5dwr_431.cif	2.48
model_5dwr_441.cif	3.87
model_5dwr_442.cif	5.06
model_5dwr_451.cif	1.79
model_5dwr_461.cif	3.93
model_5dwr_466.cif	5.94
model_5dwr_467.cif	5.26
model_5dwr_475.cif	2.58
model_5dwr_480.cif	7.06
model_5dwr_484.cif	3.68
model_5dwr_489.cif	1.81
model_5dwr_490.cif	4.53
model_5dwr_497.cif	4.09
model_5dwr_498.cif	5.69
model_5dwr_504.cif	1.77
model_5dwr_508.cif	4.81
model_5dwr_518.cif	4.85
model_5dwr_521.cif	4.08
model_5dwr_527.cif	5.55
model_5dwr_534.cif	7.12
model_5dwr_542.cif	3.44
model_5dwr_559.cif	6.27
model_5dwr_560.cif	5.17
model_5dwr_568.cif	5.73
model_5dwr_574.cif	6.43
model_5dwr_584.cif	7.23
model_5dwr_588.cif	8.11
model_5dwr_598.cif	8.08
model_5dwr_604.cif	6.55
model_5dwr_610.cif	2.55
model_5dwr_612.cif	1.81
model_5dwr_614.cif	1.90
model_5dwr_626.cif	6.76
model_5dwr_628.cif	6.72
model_5dwr_633.cif	1.78
model_5dwr_635.cif	6.32
model_5dwr_636.cif	7.88
model_5dwr_637.cif	2.92
model_5dwr_638.cif	5.37
model_5dwr_640.cif	4.12
model_5dwr_642.cif	3.36
model_5dwr_649.cif	7.51
model_5dwr_654.cif	3.71
model_5dwr_663.cif	7.60
model_5dwr_666.cif	6.42
model_5dwr_669.cif	3.11
model_5dwr_671.cif	3.95
model_5dwr_675.cif	2.25
model_5dwr_676.cif	8.49
model_5dwr_677.cif	7.74
model_5dwr_680.cif	5.45
model_5dwr_686.cif	6.09
model_5dwr_691.cif	3.24
model_5dwr_693.cif	5.02
model_5dwr_695.cif	2.13
model_5dwr_697.cif	7.48
model_5dwr_699.cif	3.97
model_5dwr_702.cif	2.70
model_5dwr_710.cif	6.35
model_5dwr_711.cif	6.54
model_5dwr_720.cif	8.82
model_5dwr_745.cif	2.19
model_5dwr_76.cif	2.99
model_5dwr_875.cif	7.09
model_5dwr_96.cif	0.84
model_5dwr_ligand.cif	0.00
model_5tmn_117.cif	9.52
model_5tmn_125.cif	9.34
model_5tmn_141.cif	9.21
model_5tmn_142.cif	8.73
model_5tmn_155.cif	7.82
model_5tmn_161.cif	8.33
model_5tmn_162.cif	7.23
model_5tmn_197.cif	6.67
model_5tmn_199.cif	9.07
model_5tmn_203.cif	9.33
model_5tmn_210.cif	3.66
model_5tmn_219.cif	1.89
model_5tmn_22.cif	4.43
model_5tmn_222.cif	6.33
model_5tmn_223.cif	3.00
model_5tmn_226.cif	3.11
model_5tmn_232.cif	4.27
model_5tmn_236.cif	5.21
model_5tmn_254.cif	4.93
model_5tmn_261.cif	9.34
model_5tmn_273.cif	5.55
model_5tmn_284.cif	2.45
model_5tmn_288.cif	3.99
model_5tmn_29.cif	3.58
model_5tmn_297.cif	8.80
model_5tmn_302.cif	8.95
model_5tmn_303.cif	6.38
model_5tmn_326.cif	8.91
model_5tmn_35.cif	7.74
model_5tmn_357.cif	9.71
model_5tmn_362.cif	8.33
model_5tmn_375.cif	4.00
model_5tmn_38.cif	9.24
model_5tmn_452.cif	5.32
model_5tmn_462.cif	7.28
model_5tmn_464.cif	2.91
model_5tmn_465.cif	8.10
model_5tmn_468.cif	4.32
model_5tmn_498.cif	8.10
model_5tmn_513.cif	5.41
model_5tmn_518.cif	6.76
model_5tmn_526.cif	5.53
model_5tmn_535.cif	6.81
model_5tmn_537.cif	4.87
model_5tmn_540.cif	3.88
model_5tmn_541.cif	2.70
model_5tmn_551.cif	7.53
model_5tmn_552.cif	6.69
model_5tmn_553.cif	6.49
model_5tmn_559.cif	3.95
model_5tmn_566.cif	6.84
model_5tmn_582.cif	6.18
model_5tmn_588.cif	4.23
model_5tmn_592.cif	9.80
model_5tmn_596.cif	8.16
model_5tmn_609.cif	2.77
model_5tmn_61.cif	8.16
model_5tmn_624.cif	3.56
model_5tmn_639.cif	5.42
model_5tmn_640.cif	4.14
model_5tmn_643.cif	5.01
model_5tmn_649.cif	6.00
model_5tmn_654.cif	7.90
model_5tmn_659.cif	5.77
model_5tmn_681.cif	5.29
model_5tmn_685.cif	7.28
model_5tmn_695.cif	7.71
model_5tmn_700.cif	4.46
model_5tmn_707.cif	1.73
model_5tmn_717.cif	1.71
model_5tmn_725.cif	1.92
model_5tmn_741.cif	3.73
model_5tmn_742.cif	2.46
model_5tmn_754.cif	1.41
model_5tmn_756.cif	2.48
model_5tmn_758.cif	1.80
model_5tmn_780.cif	4.66
model_5tmn_782.cif	1.89
model_5tmn_783.cif	2.36
model_5tmn_786.cif	9.02
model_5tmn_791.cif	4.66
model_5tmn_792.cif	1.97
model_5tmn_797.cif	6.24
model_5tmn_799.cif	2.30
model_5tmn_858.cif	1.71
model_5tmn_870.cif	7.85
model_5tmn_88.cif	7.80
model_5tmn_892.cif	3.34
model_5tmn_950.cif	0.93
model_5tmn_976.cif	2.68
model_5tmn_996.cif	1.96
model_5tmn_ligand.cif	0.00
