name	threshold_10	threshold_20	threshold_30	threshold_40	threshold_50	threshold_60	threshold_70	threshold_80	threshold_90
afm_basic_model_1_multimer_v1_pred_0.pdb	1	2	1	1	1	1	2	8	85
afm_basic_model_1_multimer_v1_pred_1.pdb	1	1	1	1	1	1	1	2	36
afm_basic_model_1_multimer_v1_pred_10.pdb	1	1	1	1	1	1	1	2	11
afm_basic_model_1_multimer_v1_pred_11.pdb	1	1	1	1	1	1	1	2	11
afm_basic_model_1_multimer_v1_pred_12.pdb	1	1	1	1	1	1	1	2	11
afm_basic_model_1_multimer_v1_pred_13.pdb	1	1	1	1	1	1	1	2	11
afm_basic_model_1_multimer_v1_pred_14.pdb	1	1	1	1	1	1	1	1	36
afm_basic_model_1_multimer_v1_pred_15.pdb	1	1	1	1	1	1	1	1	4
afm_basic_model_1_multimer_v1_pred_16.pdb	1	2	1	1	1	1	12	8	85
afm_basic_model_1_multimer_v1_pred_17.pdb	1	1	1	1	1	1	1	2	11
afm_basic_model_1_multimer_v1_pred_18.pdb	1	1	1	1	1	1	1	2	11
afm_basic_model_1_multimer_v1_pred_19.pdb	1	1	1	1	1	1	1	2	11
afm_basic_model_1_multimer_v1_pred_2.pdb	1	1	1	1	1	1	1	2	11
afm_basic_model_1_multimer_v1_pred_20.pdb	1	1	1	1	1	1	1	2	11
afm_basic_model_1_multimer_v1_pred_21.pdb	1	1	1	1	1	1	1	2	11
afm_basic_model_1_multimer_v1_pred_22.pdb	1	1	1	1	1	1	1	2	11
afm_basic_model_1_multimer_v1_pred_23.pdb	1	1	1	1	1	1	1	2	36
afm_basic_model_1_multimer_v1_pred_24.pdb	1	1	1	1	1	1	1	2	11
afm_basic_model_1_multimer_v1_pred_25.pdb	1	1	1	1	1	1	1	2	11
afm_basic_model_1_multimer_v1_pred_26.pdb	1	1	1	1	1	1	1	2	11
afm_basic_model_1_multimer_v1_pred_27.pdb	1	1	1	1	1	1	1	1	4
afm_basic_model_1_multimer_v1_pred_28.pdb	1	1	1	1	1	1	1	2	11
afm_basic_model_1_multimer_v1_pred_29.pdb	1	1	1	1	1	1	1	2	11
afm_basic_model_1_multimer_v1_pred_3.pdb	1	1	1	1	1	1	1	2	11
afm_basic_model_1_multimer_v1_pred_30.pdb	1	1	1	1	1	1	1	1	36
afm_basic_model_1_multimer_v1_pred_31.pdb	1	2	1	1	1	1	2	8	85
afm_basic_model_1_multimer_v1_pred_32.pdb	1	2	1	1	1	1	12	8	85
afm_basic_model_1_multimer_v1_pred_33.pdb	1	1	1	1	1	1	1	2	36
afm_basic_model_1_multimer_v1_pred_34.pdb	1	1	1	1	1	1	1	2	11
afm_basic_model_1_multimer_v1_pred_35.pdb	1	1	1	1	1	1	1	2	11
afm_basic_model_1_multimer_v1_pred_36.pdb	1	1	1	1	1	1	1	2	36
afm_basic_model_1_multimer_v1_pred_37.pdb	1	1	1	1	1	1	1	2	11
afm_basic_model_1_multimer_v1_pred_38.pdb	1	1	1	1	1	1	1	2	11
afm_basic_model_1_multimer_v1_pred_39.pdb	1	1	1	1	1	1	1	2	11
afm_basic_model_1_multimer_v1_pred_4.pdb	1	1	1	1	1	1	1	2	11
afm_basic_model_1_multimer_v1_pred_40.pdb	1	1	1	1	1	1	1	2	11
afm_basic_model_1_multimer_v1_pred_41.pdb	1	1	1	1	1	1	1	2	11
afm_basic_model_1_multimer_v1_pred_42.pdb	1	1	1	1	1	1	1	7	36
afm_basic_model_1_multimer_v1_pred_43.pdb	1	1	1	1	1	1	1	2	11
afm_basic_model_1_multimer_v1_pred_44.pdb	1	1	1	1	1	1	1	32	248
afm_basic_model_1_multimer_v1_pred_45.pdb	1	1	1	1	1	1	1	2	11
afm_basic_model_1_multimer_v1_pred_46.pdb	1	1	1	1	1	1	1	2	11
afm_basic_model_1_multimer_v1_pred_47.pdb	1	1	1	1	1	1	1	2	11
afm_basic_model_1_multimer_v1_pred_48.pdb	1	1	1	1	1	1	1	1	36
afm_basic_model_1_multimer_v1_pred_49.pdb	1	1	1	1	1	1	1	2	11
afm_basic_model_1_multimer_v1_pred_5.pdb	1	2	1	1	1	1	2	8	85
afm_basic_model_1_multimer_v1_pred_50.pdb	1	2	1	1	1	1	2	24	85
afm_basic_model_1_multimer_v1_pred_51.pdb	1	1	1	1	1	1	1	2	11
afm_basic_model_1_multimer_v1_pred_52.pdb	1	1	1	1	1	1	1	1	36
afm_basic_model_1_multimer_v1_pred_53.pdb	1	2	1	1	1	1	12	8	85
afm_basic_model_1_multimer_v1_pred_54.pdb	1	1	1	1	1	1	1	2	11
afm_basic_model_1_multimer_v1_pred_55.pdb	1	1	1	1	1	1	1	2	11
afm_basic_model_1_multimer_v1_pred_56.pdb	1	1	1	1	1	1	1	7	36
afm_basic_model_1_multimer_v1_pred_57.pdb	1	1	1	1	1	1	1	1	4
afm_basic_model_1_multimer_v1_pred_58.pdb	1	1	1	1	1	1	1	2	11
afm_basic_model_1_multimer_v1_pred_59.pdb	1	1	1	1	1	1	1	2	11
afm_basic_model_1_multimer_v1_pred_6.pdb	1	1	1	1	1	1	1	2	11
afm_basic_model_1_multimer_v1_pred_60.pdb	1	1	1	1	1	1	1	2	36
afm_basic_model_1_multimer_v1_pred_61.pdb	1	1	1	1	1	1	1	1	4
afm_basic_model_1_multimer_v1_pred_62.pdb	1	1	1	1	1	1	1	2	11
afm_basic_model_1_multimer_v1_pred_63.pdb	1	1	1	1	1	1	1	2	11
afm_basic_model_1_multimer_v1_pred_64.pdb	1	1	1	1	1	1	1	1	36
afm_basic_model_1_multimer_v1_pred_65.pdb	1	1	1	1	1	1	1	2	36
afm_basic_model_1_multimer_v1_pred_66.pdb	1	1	1	1	1	1	1	2	11
afm_basic_model_1_multimer_v1_pred_7.pdb	1	2	1	1	1	1	2	8	85
afm_basic_model_1_multimer_v1_pred_8.pdb	1	1	1	1	1	1	1	2	11
afm_basic_model_1_multimer_v1_pred_9.pdb	1	1	1	1	1	1	1	2	11
afm_basic_model_1_multimer_v2_pred_0.pdb	1	1	1	1	1	1	1	1	5
afm_basic_model_1_multimer_v2_pred_1.pdb	1	1	1	1	1	1	1	1	5
afm_basic_model_1_multimer_v2_pred_10.pdb	1	1	1	1	1	1	1	1	5
afm_basic_model_1_multimer_v2_pred_11.pdb	1	1	1	1	1	1	1	1	5
afm_basic_model_1_multimer_v2_pred_12.pdb	1	1	1	1	1	1	1	1	5
afm_basic_model_1_multimer_v2_pred_13.pdb	1	1	1	1	1	1	1	1	5
afm_basic_model_1_multimer_v2_pred_14.pdb	1	1	1	1	1	1	1	1	5
afm_basic_model_1_multimer_v2_pred_15.pdb	1	1	1	1	1	1	1	1	5
afm_basic_model_1_multimer_v2_pred_16.pdb	1	1	1	1	1	1	1	1	5
afm_basic_model_1_multimer_v2_pred_17.pdb	1	1	1	1	1	1	1	1	5
afm_basic_model_1_multimer_v2_pred_18.pdb	1	1	1	1	1	1	1	1	5
afm_basic_model_1_multimer_v2_pred_19.pdb	1	1	1	1	1	1	1	1	5
afm_basic_model_1_multimer_v2_pred_2.pdb	1	1	1	1	1	1	1	1	5
afm_basic_model_1_multimer_v2_pred_20.pdb	1	1	1	1	1	1	1	1	5
afm_basic_model_1_multimer_v2_pred_21.pdb	1	1	1	1	1	1	1	1	5
afm_basic_model_1_multimer_v2_pred_22.pdb	1	1	1	1	1	1	1	1	5
afm_basic_model_1_multimer_v2_pred_23.pdb	1	1	1	1	1	1	1	1	5
afm_basic_model_1_multimer_v2_pred_24.pdb	1	1	1	1	1	1	1	1	5
afm_basic_model_1_multimer_v2_pred_25.pdb	1	1	1	1	1	1	1	1	5
afm_basic_model_1_multimer_v2_pred_26.pdb	1	1	1	1	1	1	1	1	5
afm_basic_model_1_multimer_v2_pred_27.pdb	1	1	1	1	1	1	1	1	5
afm_basic_model_1_multimer_v2_pred_28.pdb	1	1	1	1	1	1	1	1	5
afm_basic_model_1_multimer_v2_pred_29.pdb	1	1	1	1	1	1	1	1	5
afm_basic_model_1_multimer_v2_pred_3.pdb	1	1	1	1	1	1	1	1	5
afm_basic_model_1_multimer_v2_pred_30.pdb	1	1	1	1	1	1	1	1	5
afm_basic_model_1_multimer_v2_pred_31.pdb	1	1	1	1	1	1	1	1	5
afm_basic_model_1_multimer_v2_pred_32.pdb	1	1	1	1	1	1	1	1	5
afm_basic_model_1_multimer_v2_pred_33.pdb	1	1	1	1	1	1	1	1	5
afm_basic_model_1_multimer_v2_pred_34.pdb	1	1	1	1	1	1	1	1	5
afm_basic_model_1_multimer_v2_pred_35.pdb	1	1	1	1	1	1	1	1	5
afm_basic_model_1_multimer_v2_pred_36.pdb	1	1	1	1	1	1	1	1	5
afm_basic_model_1_multimer_v2_pred_37.pdb	1	1	1	1	1	1	1	1	5
afm_basic_model_1_multimer_v2_pred_38.pdb	1	1	1	1	1	1	1	1	5
afm_basic_model_1_multimer_v2_pred_39.pdb	1	1	1	1	1	1	1	1	5
afm_basic_model_1_multimer_v2_pred_4.pdb	1	1	1	1	1	1	1	1	5
afm_basic_model_1_multimer_v2_pred_40.pdb	1	1	1	1	1	1	1	1	5
afm_basic_model_1_multimer_v2_pred_41.pdb	1	1	1	1	1	1	1	1	5
afm_basic_model_1_multimer_v2_pred_42.pdb	1	1	1	1	1	1	1	1	5
afm_basic_model_1_multimer_v2_pred_43.pdb	1	1	1	1	1	1	1	1	5
afm_basic_model_1_multimer_v2_pred_44.pdb	1	1	1	1	1	1	1	1	5
afm_basic_model_1_multimer_v2_pred_45.pdb	1	1	1	1	1	1	1	1	5
afm_basic_model_1_multimer_v2_pred_46.pdb	1	1	1	1	1	1	1	1	5
afm_basic_model_1_multimer_v2_pred_47.pdb	1	1	1	1	1	1	1	1	5
afm_basic_model_1_multimer_v2_pred_48.pdb	1	1	1	1	1	1	1	1	5
afm_basic_model_1_multimer_v2_pred_49.pdb	1	1	1	1	1	1	1	1	5
afm_basic_model_1_multimer_v2_pred_5.pdb	1	1	1	1	1	1	1	1	5
afm_basic_model_1_multimer_v2_pred_50.pdb	1	1	1	1	1	1	1	1	5
afm_basic_model_1_multimer_v2_pred_51.pdb	1	1	1	1	1	1	1	1	5
afm_basic_model_1_multimer_v2_pred_52.pdb	1	1	1	1	1	1	1	1	5
afm_basic_model_1_multimer_v2_pred_53.pdb	1	1	1	1	1	1	1	1	5
afm_basic_model_1_multimer_v2_pred_54.pdb	1	1	1	1	1	1	1	1	5
afm_basic_model_1_multimer_v2_pred_55.pdb	1	1	1	1	1	1	1	1	5
afm_basic_model_1_multimer_v2_pred_56.pdb	1	1	1	1	1	1	1	1	5
afm_basic_model_1_multimer_v2_pred_57.pdb	1	1	1	1	1	1	1	1	5
afm_basic_model_1_multimer_v2_pred_58.pdb	1	1	1	1	1	1	1	1	5
afm_basic_model_1_multimer_v2_pred_59.pdb	1	1	1	1	1	1	1	1	5
afm_basic_model_1_multimer_v2_pred_6.pdb	1	1	1	1	1	1	1	1	5
afm_basic_model_1_multimer_v2_pred_60.pdb	1	1	1	1	1	1	1	1	5
afm_basic_model_1_multimer_v2_pred_61.pdb	1	1	1	1	1	1	1	1	5
afm_basic_model_1_multimer_v2_pred_62.pdb	1	1	1	1	1	1	1	1	5
afm_basic_model_1_multimer_v2_pred_63.pdb	1	1	1	1	1	1	1	1	5
afm_basic_model_1_multimer_v2_pred_64.pdb	1	1	1	1	1	1	1	1	5
afm_basic_model_1_multimer_v2_pred_65.pdb	1	1	1	1	1	1	1	1	5
afm_basic_model_1_multimer_v2_pred_66.pdb	1	1	1	1	1	1	1	1	5
afm_basic_model_1_multimer_v2_pred_7.pdb	1	1	1	1	1	1	1	1	5
afm_basic_model_1_multimer_v2_pred_8.pdb	1	1	1	1	1	1	1	1	5
afm_basic_model_1_multimer_v2_pred_9.pdb	1	1	1	1	1	1	1	1	5
afm_basic_model_1_multimer_v3_pred_0.pdb	1	1	1	1	1	1	1	1	1
afm_basic_model_1_multimer_v3_pred_1.pdb	1	1	1	1	1	1	1	1	1
afm_basic_model_1_multimer_v3_pred_10.pdb	1	1	1	1	1	1	1	1	26
afm_basic_model_1_multimer_v3_pred_11.pdb	1	1	1	1	1	1	1	1	1
afm_basic_model_1_multimer_v3_pred_12.pdb	1	1	1	1	1	1	1	1	1
afm_basic_model_1_multimer_v3_pred_13.pdb	1	1	1	1	1	1	1	1	1
afm_basic_model_1_multimer_v3_pred_14.pdb	1	1	1	1	1	1	1	1	26
afm_basic_model_1_multimer_v3_pred_15.pdb	1	1	1	1	1	1	1	1	1
afm_basic_model_1_multimer_v3_pred_16.pdb	1	1	1	1	1	1	1	1	26
afm_basic_model_1_multimer_v3_pred_17.pdb	1	1	1	1	1	1	1	1	1
afm_basic_model_1_multimer_v3_pred_18.pdb	1	1	1	1	1	1	1	1	26
afm_basic_model_1_multimer_v3_pred_19.pdb	1	1	1	1	1	1	1	1	1
afm_basic_model_1_multimer_v3_pred_2.pdb	1	1	1	1	1	1	1	1	1
afm_basic_model_1_multimer_v3_pred_20.pdb	1	1	1	1	1	1	1	1	26
afm_basic_model_1_multimer_v3_pred_21.pdb	1	1	1	1	1	1	1	1	26
afm_basic_model_1_multimer_v3_pred_22.pdb	1	1	1	1	1	1	1	1	1
afm_basic_model_1_multimer_v3_pred_23.pdb	1	1	1	1	1	1	1	1	1
afm_basic_model_1_multimer_v3_pred_24.pdb	1	1	1	1	1	1	1	1	26
afm_basic_model_1_multimer_v3_pred_25.pdb	1	1	1	1	1	1	1	1	1
afm_basic_model_1_multimer_v3_pred_26.pdb	1	1	1	1	1	1	1	1	26
afm_basic_model_1_multimer_v3_pred_27.pdb	1	1	1	1	1	1	1	1	1
afm_basic_model_1_multimer_v3_pred_28.pdb	1	1	1	1	1	1	1	1	1
afm_basic_model_1_multimer_v3_pred_29.pdb	1	1	1	1	1	1	1	1	1
afm_basic_model_1_multimer_v3_pred_3.pdb	1	1	1	1	1	1	1	1	1
afm_basic_model_1_multimer_v3_pred_30.pdb	1	1	1	1	1	1	1	1	1
afm_basic_model_1_multimer_v3_pred_31.pdb	1	1	1	1	1	1	1	1	1
afm_basic_model_1_multimer_v3_pred_32.pdb	1	1	1	1	1	1	1	1	26
afm_basic_model_1_multimer_v3_pred_33.pdb	1	1	1	1	1	1	1	1	1
afm_basic_model_1_multimer_v3_pred_34.pdb	1	1	1	1	1	1	1	1	1
afm_basic_model_1_multimer_v3_pred_35.pdb	1	1	1	1	1	1	1	1	26
afm_basic_model_1_multimer_v3_pred_36.pdb	1	1	1	1	1	1	1	1	1
afm_basic_model_1_multimer_v3_pred_37.pdb	1	1	1	1	1	1	1	1	26
afm_basic_model_1_multimer_v3_pred_38.pdb	1	1	1	1	1	1	1	1	1
afm_basic_model_1_multimer_v3_pred_39.pdb	1	1	1	1	1	1	1	1	1
afm_basic_model_1_multimer_v3_pred_4.pdb	1	1	1	1	1	1	1	1	1
afm_basic_model_1_multimer_v3_pred_40.pdb	1	1	1	1	1	1	1	1	1
afm_basic_model_1_multimer_v3_pred_41.pdb	1	1	1	1	1	1	1	1	26
afm_basic_model_1_multimer_v3_pred_42.pdb	1	1	1	1	1	1	1	1	1
afm_basic_model_1_multimer_v3_pred_43.pdb	1	1	1	1	1	1	1	1	1
afm_basic_model_1_multimer_v3_pred_44.pdb	1	1	1	1	1	1	1	1	1
afm_basic_model_1_multimer_v3_pred_45.pdb	1	1	1	1	1	1	1	1	1
afm_basic_model_1_multimer_v3_pred_46.pdb	1	1	1	1	1	1	1	1	1
afm_basic_model_1_multimer_v3_pred_47.pdb	1	1	1	1	1	1	1	1	26
afm_basic_model_1_multimer_v3_pred_48.pdb	1	1	1	1	1	1	1	1	1
afm_basic_model_1_multimer_v3_pred_49.pdb	1	1	1	1	1	1	1	1	1
afm_basic_model_1_multimer_v3_pred_5.pdb	1	1	1	1	1	1	1	1	1
afm_basic_model_1_multimer_v3_pred_50.pdb	1	1	1	1	1	1	1	1	26
afm_basic_model_1_multimer_v3_pred_51.pdb	1	1	1	1	1	1	1	1	26
afm_basic_model_1_multimer_v3_pred_52.pdb	1	1	1	1	1	1	1	1	1
afm_basic_model_1_multimer_v3_pred_53.pdb	1	1	1	1	1	1	1	1	26
afm_basic_model_1_multimer_v3_pred_54.pdb	1	1	1	1	1	1	1	1	26
afm_basic_model_1_multimer_v3_pred_55.pdb	1	1	1	1	1	1	1	1	1
afm_basic_model_1_multimer_v3_pred_56.pdb	1	1	1	1	1	1	1	1	1
afm_basic_model_1_multimer_v3_pred_57.pdb	1	1	1	1	1	1	1	1	1
afm_basic_model_1_multimer_v3_pred_58.pdb	1	1	1	1	1	1	1	1	1
afm_basic_model_1_multimer_v3_pred_59.pdb	1	1	1	1	1	1	1	1	1
afm_basic_model_1_multimer_v3_pred_6.pdb	1	1	1	1	1	1	1	1	26
afm_basic_model_1_multimer_v3_pred_60.pdb	1	1	1	1	1	1	1	1	1
afm_basic_model_1_multimer_v3_pred_61.pdb	1	1	1	1	1	1	1	1	1
afm_basic_model_1_multimer_v3_pred_62.pdb	1	1	1	1	1	1	1	1	1
afm_basic_model_1_multimer_v3_pred_63.pdb	1	1	1	1	1	1	1	1	1
afm_basic_model_1_multimer_v3_pred_64.pdb	1	1	1	1	1	1	1	1	1
afm_basic_model_1_multimer_v3_pred_65.pdb	1	1	1	1	1	1	1	1	1
afm_basic_model_1_multimer_v3_pred_66.pdb	1	1	1	1	1	1	1	1	1
afm_basic_model_1_multimer_v3_pred_7.pdb	1	1	1	1	1	1	1	1	26
afm_basic_model_1_multimer_v3_pred_8.pdb	1	1	1	1	1	1	1	1	1
afm_basic_model_1_multimer_v3_pred_9.pdb	1	1	1	1	1	1	1	1	1
afm_basic_model_2_multimer_v1_pred_0.pdb	1	1	1	1	1	1	1	1	4
afm_basic_model_2_multimer_v1_pred_1.pdb	1	1	1	1	1	1	1	1	4
afm_basic_model_2_multimer_v1_pred_10.pdb	1	1	1	1	1	1	1	25	249
afm_basic_model_2_multimer_v1_pred_11.pdb	1	1	1	1	1	1	1	2	31
afm_basic_model_2_multimer_v1_pred_12.pdb	1	1	1	1	1	1	1	1	31
afm_basic_model_2_multimer_v1_pred_13.pdb	1	1	1	1	1	1	1	2	19
afm_basic_model_2_multimer_v1_pred_14.pdb	1	1	1	1	1	1	1	1	4
afm_basic_model_2_multimer_v1_pred_15.pdb	1	1	1	1	1	1	1	1	31
afm_basic_model_2_multimer_v1_pred_16.pdb	1	1	1	1	1	1	1	2	31
afm_basic_model_2_multimer_v1_pred_17.pdb	1	1	1	1	1	1	1	1	4
afm_basic_model_2_multimer_v1_pred_18.pdb	1	1	1	1	1	1	1	2	45
afm_basic_model_2_multimer_v1_pred_19.pdb	1	1	1	1	1	1	1	1	4
afm_basic_model_2_multimer_v1_pred_2.pdb	1	1	1	1	1	1	1	2	31
afm_basic_model_2_multimer_v1_pred_20.pdb	1	1	1	1	1	1	1	2	31
afm_basic_model_2_multimer_v1_pred_21.pdb	1	1	1	1	1	1	1	1	4
afm_basic_model_2_multimer_v1_pred_22.pdb	1	1	1	1	1	1	1	1	31
afm_basic_model_2_multimer_v1_pred_23.pdb	1	1	1	1	1	1	1	2	31
afm_basic_model_2_multimer_v1_pred_24.pdb	1	1	1	1	1	1	1	1	31
afm_basic_model_2_multimer_v1_pred_25.pdb	1	1	1	1	1	1	1	1	4
afm_basic_model_2_multimer_v1_pred_26.pdb	1	1	1	1	1	1	1	1	4
afm_basic_model_2_multimer_v1_pred_27.pdb	1	1	1	1	1	1	1	1	4
afm_basic_model_2_multimer_v1_pred_28.pdb	1	1	1	1	1	1	1	1	40
afm_basic_model_2_multimer_v1_pred_29.pdb	1	1	1	1	1	1	1	1	4
afm_basic_model_2_multimer_v1_pred_3.pdb	1	1	1	1	1	1	1	2	31
afm_basic_model_2_multimer_v1_pred_30.pdb	1	1	1	1	1	1	1	1	4
afm_basic_model_2_multimer_v1_pred_31.pdb	1	1	1	1	1	1	1	1	4
afm_basic_model_2_multimer_v1_pred_32.pdb	1	1	1	1	1	1	1	1	31
afm_basic_model_2_multimer_v1_pred_33.pdb	1	1	1	1	1	1	1	1	4
afm_basic_model_2_multimer_v1_pred_34.pdb	1	1	1	1	1	1	1	1	4
afm_basic_model_2_multimer_v1_pred_35.pdb	1	1	1	1	1	1	1	1	4
afm_basic_model_2_multimer_v1_pred_36.pdb	1	1	1	1	1	1	1	1	4
afm_basic_model_2_multimer_v1_pred_37.pdb	1	1	1	1	1	1	1	2	31
afm_basic_model_2_multimer_v1_pred_38.pdb	1	1	1	1	1	1	1	1	4
afm_basic_model_2_multimer_v1_pred_39.pdb	1	1	1	1	1	1	1	1	4
afm_basic_model_2_multimer_v1_pred_4.pdb	1	1	1	1	1	1	1	1	31
afm_basic_model_2_multimer_v1_pred_40.pdb	1	1	1	1	1	1	1	1	4
afm_basic_model_2_multimer_v1_pred_41.pdb	1	1	1	1	1	1	1	1	4
afm_basic_model_2_multimer_v1_pred_42.pdb	1	1	1	1	1	1	1	1	4
afm_basic_model_2_multimer_v1_pred_43.pdb	1	1	1	1	1	1	1	1	4
afm_basic_model_2_multimer_v1_pred_44.pdb	1	1	1	1	1	1	1	1	31
afm_basic_model_2_multimer_v1_pred_45.pdb	1	1	1	1	1	1	1	1	31
afm_basic_model_2_multimer_v1_pred_46.pdb	1	1	1	1	1	1	1	1	31
afm_basic_model_2_multimer_v1_pred_47.pdb	1	1	1	1	1	1	1	1	4
afm_basic_model_2_multimer_v1_pred_48.pdb	1	1	1	1	1	1	1	1	4
afm_basic_model_2_multimer_v1_pred_49.pdb	1	1	1	1	1	1	1	1	31
afm_basic_model_2_multimer_v1_pred_5.pdb	1	1	1	1	1	1	1	1	4
afm_basic_model_2_multimer_v1_pred_50.pdb	1	1	1	1	1	1	1	2	31
afm_basic_model_2_multimer_v1_pred_51.pdb	1	1	1	1	1	1	1	1	31
afm_basic_model_2_multimer_v1_pred_52.pdb	1	1	1	1	1	1	1	1	40
afm_basic_model_2_multimer_v1_pred_53.pdb	1	1	1	1	1	1	1	2	31
afm_basic_model_2_multimer_v1_pred_54.pdb	1	1	1	1	1	1	1	2	19
afm_basic_model_2_multimer_v1_pred_55.pdb	1	1	1	1	1	1	1	1	4
afm_basic_model_2_multimer_v1_pred_56.pdb	1	1	1	1	1	1	1	1	4
afm_basic_model_2_multimer_v1_pred_57.pdb	1	1	1	1	1	1	1	1	4
afm_basic_model_2_multimer_v1_pred_58.pdb	1	1	1	1	1	1	1	1	4
afm_basic_model_2_multimer_v1_pred_59.pdb	1	1	1	1	1	1	1	2	4
afm_basic_model_2_multimer_v1_pred_6.pdb	1	1	1	1	1	1	1	1	4
afm_basic_model_2_multimer_v1_pred_60.pdb	1	1	1	1	1	1	1	1	4
afm_basic_model_2_multimer_v1_pred_61.pdb	1	1	1	1	1	1	1	1	4
afm_basic_model_2_multimer_v1_pred_62.pdb	1	1	1	1	1	1	1	2	31
afm_basic_model_2_multimer_v1_pred_63.pdb	1	1	1	1	1	1	1	1	31
afm_basic_model_2_multimer_v1_pred_64.pdb	1	1	1	1	1	1	1	1	31
afm_basic_model_2_multimer_v1_pred_65.pdb	1	1	1	1	1	1	1	2	31
afm_basic_model_2_multimer_v1_pred_66.pdb	1	1	1	1	1	1	1	1	4
afm_basic_model_2_multimer_v1_pred_7.pdb	1	1	1	1	1	1	1	1	4
afm_basic_model_2_multimer_v1_pred_8.pdb	1	1	1	1	1	1	1	1	4
afm_basic_model_2_multimer_v1_pred_9.pdb	1	1	1	1	1	1	1	1	4
afm_basic_model_2_multimer_v2_pred_0.pdb	1	1	1	1	1	1	1	1	75
afm_basic_model_2_multimer_v2_pred_1.pdb	1	1	1	1	1	1	1	1	7
afm_basic_model_2_multimer_v2_pred_10.pdb	1	1	1	1	1	1	1	1	75
afm_basic_model_2_multimer_v2_pred_11.pdb	1	1	1	1	1	1	1	1	7
afm_basic_model_2_multimer_v2_pred_12.pdb	1	1	1	1	1	1	1	1	21
afm_basic_model_2_multimer_v2_pred_13.pdb	1	1	1	1	1	1	1	1	21
afm_basic_model_2_multimer_v2_pred_14.pdb	1	1	1	1	1	1	1	1	21
afm_basic_model_2_multimer_v2_pred_15.pdb	1	1	1	1	1	1	1	1	7
afm_basic_model_2_multimer_v2_pred_16.pdb	1	1	1	1	1	1	1	1	75
afm_basic_model_2_multimer_v2_pred_17.pdb	1	1	1	1	1	1	1	1	7
afm_basic_model_2_multimer_v2_pred_18.pdb	1	1	1	1	1	1	1	1	21
afm_basic_model_2_multimer_v2_pred_19.pdb	1	1	1	1	1	1	1	1	21
afm_basic_model_2_multimer_v2_pred_2.pdb	1	1	1	1	1	1	1	1	7
afm_basic_model_2_multimer_v2_pred_20.pdb	1	1	1	1	1	1	1	1	21
afm_basic_model_2_multimer_v2_pred_21.pdb	1	1	1	1	1	1	1	1	21
afm_basic_model_2_multimer_v2_pred_22.pdb	1	1	1	1	1	1	1	1	7
afm_basic_model_2_multimer_v2_pred_23.pdb	1	1	1	1	1	1	1	1	7
afm_basic_model_2_multimer_v2_pred_24.pdb	1	1	1	1	1	1	1	1	21
afm_basic_model_2_multimer_v2_pred_25.pdb	1	1	1	1	1	1	1	1	7
afm_basic_model_2_multimer_v2_pred_26.pdb	1	1	1	1	1	1	1	1	21
afm_basic_model_2_multimer_v2_pred_27.pdb	1	1	1	1	1	1	1	1	21
afm_basic_model_2_multimer_v2_pred_28.pdb	1	1	1	1	1	1	1	1	21
afm_basic_model_2_multimer_v2_pred_29.pdb	1	1	1	1	1	1	1	1	7
afm_basic_model_2_multimer_v2_pred_3.pdb	1	1	1	1	1	1	1	1	7
afm_basic_model_2_multimer_v2_pred_30.pdb	1	1	1	1	1	1	1	1	21
afm_basic_model_2_multimer_v2_pred_31.pdb	1	1	1	1	1	1	1	1	7
afm_basic_model_2_multimer_v2_pred_32.pdb	1	1	1	1	1	1	1	1	7
afm_basic_model_2_multimer_v2_pred_33.pdb	1	1	1	1	1	1	1	1	7
afm_basic_model_2_multimer_v2_pred_34.pdb	1	1	1	1	1	1	1	1	75
afm_basic_model_2_multimer_v2_pred_35.pdb	1	1	1	1	1	1	1	1	75
afm_basic_model_2_multimer_v2_pred_36.pdb	1	1	1	1	1	1	1	1	7
afm_basic_model_2_multimer_v2_pred_37.pdb	1	1	1	1	1	1	1	1	7
afm_basic_model_2_multimer_v2_pred_38.pdb	1	1	1	1	1	1	1	1	7
afm_basic_model_2_multimer_v2_pred_39.pdb	1	1	1	1	1	1	1	1	7
afm_basic_model_2_multimer_v2_pred_4.pdb	1	1	1	1	1	1	1	1	21
afm_basic_model_2_multimer_v2_pred_40.pdb	1	1	1	1	1	1	1	1	21
afm_basic_model_2_multimer_v2_pred_41.pdb	1	1	1	1	1	1	1	1	7
afm_basic_model_2_multimer_v2_pred_42.pdb	1	1	1	1	1	1	1	1	21
afm_basic_model_2_multimer_v2_pred_43.pdb	1	1	1	1	1	1	1	1	7
afm_basic_model_2_multimer_v2_pred_44.pdb	1	1	1	1	1	1	1	1	7
afm_basic_model_2_multimer_v2_pred_45.pdb	1	1	1	1	1	1	1	1	21
afm_basic_model_2_multimer_v2_pred_46.pdb	1	1	1	1	1	1	1	1	7
afm_basic_model_2_multimer_v2_pred_47.pdb	1	1	1	1	1	1	1	1	21
afm_basic_model_2_multimer_v2_pred_48.pdb	1	1	1	1	1	1	1	1	21
afm_basic_model_2_multimer_v2_pred_49.pdb	1	1	1	1	1	1	1	1	7
afm_basic_model_2_multimer_v2_pred_5.pdb	1	1	1	1	1	1	1	1	7
afm_basic_model_2_multimer_v2_pred_50.pdb	1	1	1	1	1	1	1	1	21
afm_basic_model_2_multimer_v2_pred_51.pdb	1	1	1	1	1	1	1	1	21
afm_basic_model_2_multimer_v2_pred_52.pdb	1	1	1	1	1	1	1	1	7
afm_basic_model_2_multimer_v2_pred_53.pdb	1	1	1	1	1	1	1	1	21
afm_basic_model_2_multimer_v2_pred_54.pdb	1	1	1	1	1	1	1	1	7
afm_basic_model_2_multimer_v2_pred_55.pdb	1	1	1	1	1	1	1	1	7
afm_basic_model_2_multimer_v2_pred_56.pdb	1	1	1	1	1	1	1	1	21
afm_basic_model_2_multimer_v2_pred_57.pdb	1	1	1	1	1	1	1	1	75
afm_basic_model_2_multimer_v2_pred_58.pdb	1	1	1	1	1	1	1	1	7
afm_basic_model_2_multimer_v2_pred_59.pdb	1	1	1	1	1	1	1	1	7
afm_basic_model_2_multimer_v2_pred_6.pdb	1	1	1	1	1	1	1	1	7
afm_basic_model_2_multimer_v2_pred_60.pdb	1	1	1	1	1	1	1	1	7
afm_basic_model_2_multimer_v2_pred_61.pdb	1	1	1	1	1	1	1	1	21
afm_basic_model_2_multimer_v2_pred_62.pdb	1	1	1	1	1	1	1	1	21
afm_basic_model_2_multimer_v2_pred_63.pdb	1	1	1	1	1	1	1	1	21
afm_basic_model_2_multimer_v2_pred_64.pdb	1	1	1	1	1	1	1	1	7
afm_basic_model_2_multimer_v2_pred_65.pdb	1	1	1	1	1	1	1	1	7
afm_basic_model_2_multimer_v2_pred_66.pdb	1	1	1	1	1	1	1	1	75
afm_basic_model_2_multimer_v2_pred_7.pdb	1	1	1	1	1	1	1	1	21
afm_basic_model_2_multimer_v2_pred_8.pdb	1	1	1	1	1	1	1	1	75
afm_basic_model_2_multimer_v2_pred_9.pdb	1	1	1	1	1	1	1	1	21
afm_basic_model_2_multimer_v3_pred_0.pdb	1	1	1	1	1	1	1	1	1
afm_basic_model_2_multimer_v3_pred_1.pdb	1	1	1	1	1	1	1	1	34
afm_basic_model_2_multimer_v3_pred_10.pdb	1	1	1	1	1	1	1	1	1
afm_basic_model_2_multimer_v3_pred_11.pdb	1	1	1	1	1	1	1	1	26
afm_basic_model_2_multimer_v3_pred_12.pdb	1	1	1	1	1	1	1	1	1
afm_basic_model_2_multimer_v3_pred_13.pdb	1	1	1	1	1	1	1	1	1
afm_basic_model_2_multimer_v3_pred_14.pdb	1	1	1	1	1	1	1	1	1
afm_basic_model_2_multimer_v3_pred_15.pdb	1	1	1	1	1	1	1	1	1
afm_basic_model_2_multimer_v3_pred_16.pdb	1	1	1	1	1	1	1	1	1
afm_basic_model_2_multimer_v3_pred_17.pdb	1	1	1	1	1	1	1	1	34
afm_basic_model_2_multimer_v3_pred_18.pdb	1	1	1	1	1	1	1	1	1
afm_basic_model_2_multimer_v3_pred_19.pdb	1	1	1	1	1	1	1	1	1
afm_basic_model_2_multimer_v3_pred_2.pdb	1	1	1	1	1	1	1	1	1
afm_basic_model_2_multimer_v3_pred_20.pdb	1	1	1	1	1	1	1	1	1
afm_basic_model_2_multimer_v3_pred_21.pdb	1	1	1	1	1	1	1	1	26
afm_basic_model_2_multimer_v3_pred_22.pdb	1	1	1	1	1	1	1	1	1
afm_basic_model_2_multimer_v3_pred_23.pdb	1	1	1	1	1	1	1	1	26
afm_basic_model_2_multimer_v3_pred_24.pdb	1	1	1	1	1	1	1	1	1
afm_basic_model_2_multimer_v3_pred_25.pdb	1	1	1	1	1	1	1	1	1
afm_basic_model_2_multimer_v3_pred_26.pdb	1	1	1	1	1	1	1	1	34
afm_basic_model_2_multimer_v3_pred_27.pdb	1	1	1	1	1	1	1	1	1
afm_basic_model_2_multimer_v3_pred_28.pdb	1	1	1	1	1	1	1	1	1
afm_basic_model_2_multimer_v3_pred_29.pdb	1	1	1	1	1	1	1	1	1
afm_basic_model_2_multimer_v3_pred_3.pdb	1	1	1	1	1	1	1	1	1
afm_basic_model_2_multimer_v3_pred_30.pdb	1	1	1	1	1	1	1	1	1
afm_basic_model_2_multimer_v3_pred_31.pdb	1	1	1	1	1	1	1	1	1
afm_basic_model_2_multimer_v3_pred_32.pdb	1	1	1	1	1	1	1	1	1
afm_basic_model_2_multimer_v3_pred_33.pdb	1	1	1	1	1	1	1	1	1
afm_basic_model_2_multimer_v3_pred_34.pdb	1	1	1	1	1	1	1	1	1
afm_basic_model_2_multimer_v3_pred_35.pdb	1	1	1	1	1	1	1	1	1
afm_basic_model_2_multimer_v3_pred_36.pdb	1	1	1	1	1	1	1	1	26
afm_basic_model_2_multimer_v3_pred_37.pdb	1	1	1	1	1	1	1	1	1
afm_basic_model_2_multimer_v3_pred_38.pdb	1	1	1	1	1	1	1	1	1
afm_basic_model_2_multimer_v3_pred_39.pdb	1	1	1	1	1	1	1	1	1
afm_basic_model_2_multimer_v3_pred_4.pdb	1	1	1	1	1	1	1	1	1
afm_basic_model_2_multimer_v3_pred_40.pdb	1	1	1	1	1	1	1	1	1
afm_basic_model_2_multimer_v3_pred_41.pdb	1	1	1	1	1	1	1	1	1
afm_basic_model_2_multimer_v3_pred_42.pdb	1	1	1	1	1	1	1	1	1
afm_basic_model_2_multimer_v3_pred_43.pdb	1	1	1	1	1	1	1	1	1
afm_basic_model_2_multimer_v3_pred_44.pdb	1	1	1	1	1	1	1	1	26
afm_basic_model_2_multimer_v3_pred_45.pdb	1	1	1	1	1	1	1	1	1
afm_basic_model_2_multimer_v3_pred_46.pdb	1	1	1	1	1	1	1	1	1
afm_basic_model_2_multimer_v3_pred_47.pdb	1	1	1	1	1	1	1	1	34
afm_basic_model_2_multimer_v3_pred_48.pdb	1	1	1	1	1	1	1	1	1
afm_basic_model_2_multimer_v3_pred_49.pdb	1	1	1	1	1	1	1	1	1
afm_basic_model_2_multimer_v3_pred_5.pdb	1	1	1	1	1	1	1	1	1
afm_basic_model_2_multimer_v3_pred_50.pdb	1	1	1	1	1	1	1	1	26
afm_basic_model_2_multimer_v3_pred_51.pdb	1	1	1	1	1	1	1	1	1
afm_basic_model_2_multimer_v3_pred_52.pdb	1	1	1	1	1	1	1	1	1
afm_basic_model_2_multimer_v3_pred_53.pdb	1	1	1	1	1	1	1	1	1
afm_basic_model_2_multimer_v3_pred_54.pdb	1	1	1	1	1	1	1	1	1
afm_basic_model_2_multimer_v3_pred_55.pdb	1	1	1	1	1	1	1	1	34
afm_basic_model_2_multimer_v3_pred_56.pdb	1	1	1	1	1	1	1	1	34
afm_basic_model_2_multimer_v3_pred_57.pdb	1	1	1	1	1	1	1	1	26
afm_basic_model_2_multimer_v3_pred_58.pdb	1	1	1	1	1	1	1	1	1
afm_basic_model_2_multimer_v3_pred_59.pdb	1	1	1	1	1	1	1	1	34
afm_basic_model_2_multimer_v3_pred_6.pdb	1	1	1	1	1	1	1	1	1
afm_basic_model_2_multimer_v3_pred_60.pdb	1	1	1	1	1	1	1	1	1
afm_basic_model_2_multimer_v3_pred_61.pdb	1	1	1	1	1	1	1	1	1
afm_basic_model_2_multimer_v3_pred_62.pdb	1	1	1	1	1	1	1	1	1
afm_basic_model_2_multimer_v3_pred_63.pdb	1	1	1	1	1	1	1	1	1
afm_basic_model_2_multimer_v3_pred_64.pdb	1	1	1	1	1	1	1	1	55
afm_basic_model_2_multimer_v3_pred_65.pdb	1	1	1	1	1	1	1	1	55
afm_basic_model_2_multimer_v3_pred_66.pdb	1	1	1	1	1	1	1	1	1
afm_basic_model_2_multimer_v3_pred_7.pdb	1	1	1	1	1	1	1	1	1
afm_basic_model_2_multimer_v3_pred_8.pdb	1	1	1	1	1	1	1	1	1
afm_basic_model_2_multimer_v3_pred_9.pdb	1	1	1	1	1	1	1	1	1
afm_basic_model_3_multimer_v1_pred_0.pdb	1	1	1	1	1	1	1	2	19
afm_basic_model_3_multimer_v1_pred_1.pdb	1	1	1	1	1	1	1	2	19
afm_basic_model_3_multimer_v1_pred_10.pdb	1	1	1	1	1	1	1	2	19
afm_basic_model_3_multimer_v1_pred_11.pdb	1	1	1	1	1	1	1	2	19
afm_basic_model_3_multimer_v1_pred_12.pdb	1	1	1	1	1	1	1	2	19
afm_basic_model_3_multimer_v1_pred_13.pdb	1	1	1	1	1	1	1	2	19
afm_basic_model_3_multimer_v1_pred_14.pdb	1	1	1	1	1	1	1	2	19
afm_basic_model_3_multimer_v1_pred_15.pdb	1	1	1	1	1	1	1	2	19
afm_basic_model_3_multimer_v1_pred_16.pdb	1	1	1	1	1	1	1	2	19
afm_basic_model_3_multimer_v1_pred_17.pdb	1	1	1	1	1	1	1	1	4
afm_basic_model_3_multimer_v1_pred_18.pdb	1	1	1	1	1	1	1	2	19
afm_basic_model_3_multimer_v1_pred_19.pdb	1	1	1	1	1	1	1	2	19
afm_basic_model_3_multimer_v1_pred_2.pdb	1	1	1	1	1	1	1	2	19
afm_basic_model_3_multimer_v1_pred_20.pdb	1	1	1	1	1	1	1	2	19
afm_basic_model_3_multimer_v1_pred_21.pdb	1	1	1	1	1	1	1	2	19
afm_basic_model_3_multimer_v1_pred_22.pdb	1	1	1	1	1	1	1	2	19
afm_basic_model_3_multimer_v1_pred_23.pdb	1	1	1	1	1	1	1	2	19
afm_basic_model_3_multimer_v1_pred_24.pdb	1	1	1	1	1	1	1	2	19
afm_basic_model_3_multimer_v1_pred_25.pdb	1	1	1	1	1	1	1	2	19
afm_basic_model_3_multimer_v1_pred_26.pdb	1	1	1	1	1	1	1	2	19
afm_basic_model_3_multimer_v1_pred_27.pdb	1	1	1	1	1	1	1	2	19
afm_basic_model_3_multimer_v1_pred_28.pdb	1	1	1	1	1	1	1	2	19
afm_basic_model_3_multimer_v1_pred_29.pdb	1	1	1	1	1	1	1	2	19
afm_basic_model_3_multimer_v1_pred_3.pdb	1	1	1	1	1	1	1	2	19
afm_basic_model_3_multimer_v1_pred_30.pdb	1	1	1	1	1	1	1	2	19
afm_basic_model_3_multimer_v1_pred_31.pdb	1	1	1	1	1	1	1	2	19
afm_basic_model_3_multimer_v1_pred_32.pdb	1	1	1	1	1	1	1	2	19
afm_basic_model_3_multimer_v1_pred_33.pdb	1	1	1	1	1	1	1	2	19
afm_basic_model_3_multimer_v1_pred_34.pdb	1	1	1	1	1	1	1	2	19
afm_basic_model_3_multimer_v1_pred_35.pdb	1	1	1	1	1	1	1	2	19
afm_basic_model_3_multimer_v1_pred_36.pdb	1	1	1	1	1	1	1	2	19
afm_basic_model_3_multimer_v1_pred_37.pdb	1	1	1	1	1	1	1	2	19
afm_basic_model_3_multimer_v1_pred_38.pdb	1	1	1	1	1	1	1	2	19
afm_basic_model_3_multimer_v1_pred_39.pdb	1	1	1	1	1	1	1	2	19
afm_basic_model_3_multimer_v1_pred_4.pdb	1	1	1	1	1	1	1	2	19
afm_basic_model_3_multimer_v1_pred_40.pdb	1	1	1	1	1	1	1	2	19
afm_basic_model_3_multimer_v1_pred_41.pdb	1	1	1	1	1	1	1	2	19
afm_basic_model_3_multimer_v1_pred_42.pdb	1	1	1	1	1	1	1	2	19
afm_basic_model_3_multimer_v1_pred_43.pdb	1	1	1	1	1	1	1	2	19
afm_basic_model_3_multimer_v1_pred_44.pdb	1	1	1	1	1	1	1	25	250
afm_basic_model_3_multimer_v1_pred_45.pdb	1	1	1	1	1	1	1	2	19
afm_basic_model_3_multimer_v1_pred_46.pdb	1	1	1	1	1	1	1	2	19
afm_basic_model_3_multimer_v1_pred_47.pdb	1	1	1	1	1	1	1	2	19
afm_basic_model_3_multimer_v1_pred_48.pdb	1	1	1	1	1	1	1	2	19
afm_basic_model_3_multimer_v1_pred_49.pdb	1	1	1	1	1	1	1	2	19
afm_basic_model_3_multimer_v1_pred_5.pdb	1	1	1	1	1	1	1	2	19
afm_basic_model_3_multimer_v1_pred_50.pdb	1	1	1	1	1	1	1	2	19
afm_basic_model_3_multimer_v1_pred_51.pdb	1	1	1	1	1	1	1	2	19
afm_basic_model_3_multimer_v1_pred_52.pdb	1	1	1	1	1	1	1	2	19
afm_basic_model_3_multimer_v1_pred_53.pdb	1	1	1	1	1	1	1	2	19
afm_basic_model_3_multimer_v1_pred_54.pdb	1	1	1	1	1	1	1	2	19
afm_basic_model_3_multimer_v1_pred_55.pdb	1	1	1	1	1	1	1	2	19
afm_basic_model_3_multimer_v1_pred_56.pdb	1	1	1	1	1	1	1	2	19
afm_basic_model_3_multimer_v1_pred_57.pdb	1	1	1	1	1	1	1	2	19
afm_basic_model_3_multimer_v1_pred_58.pdb	1	1	1	1	1	1	1	2	19
afm_basic_model_3_multimer_v1_pred_59.pdb	1	1	1	1	1	1	1	2	19
afm_basic_model_3_multimer_v1_pred_6.pdb	1	1	1	1	1	1	1	2	19
afm_basic_model_3_multimer_v1_pred_60.pdb	1	1	1	1	1	1	1	2	19
afm_basic_model_3_multimer_v1_pred_61.pdb	1	1	1	1	1	1	1	2	19
afm_basic_model_3_multimer_v1_pred_62.pdb	1	1	1	1	1	1	1	2	19
afm_basic_model_3_multimer_v1_pred_63.pdb	1	1	1	1	1	1	1	2	19
afm_basic_model_3_multimer_v1_pred_64.pdb	1	1	1	1	1	1	1	2	19
afm_basic_model_3_multimer_v1_pred_65.pdb	1	1	1	1	1	1	1	2	19
afm_basic_model_3_multimer_v1_pred_66.pdb	1	1	1	1	1	1	1	2	19
afm_basic_model_3_multimer_v1_pred_7.pdb	1	1	1	1	1	1	1	2	19
afm_basic_model_3_multimer_v1_pred_8.pdb	1	1	1	1	1	1	1	2	19
afm_basic_model_3_multimer_v1_pred_9.pdb	1	1	1	1	1	1	1	2	19
afm_basic_model_3_multimer_v2_pred_0.pdb	1	1	1	1	1	1	1	1	5
afm_basic_model_3_multimer_v2_pred_1.pdb	1	1	1	1	1	1	1	1	5
afm_basic_model_3_multimer_v2_pred_10.pdb	1	1	1	1	1	1	1	1	44
afm_basic_model_3_multimer_v2_pred_11.pdb	1	1	1	1	1	1	1	1	5
afm_basic_model_3_multimer_v2_pred_12.pdb	1	1	1	1	1	1	1	1	5
afm_basic_model_3_multimer_v2_pred_13.pdb	1	1	1	1	1	1	1	1	5
afm_basic_model_3_multimer_v2_pred_14.pdb	1	1	1	1	1	1	1	1	5
afm_basic_model_3_multimer_v2_pred_15.pdb	1	1	1	1	1	1	1	1	5
afm_basic_model_3_multimer_v2_pred_16.pdb	1	1	1	1	1	1	1	1	5
afm_basic_model_3_multimer_v2_pred_17.pdb	1	1	1	1	1	1	1	1	5
afm_basic_model_3_multimer_v2_pred_18.pdb	1	1	1	1	1	1	1	1	44
afm_basic_model_3_multimer_v2_pred_19.pdb	1	1	1	1	1	1	1	1	5
afm_basic_model_3_multimer_v2_pred_2.pdb	1	1	1	1	1	1	1	1	44
afm_basic_model_3_multimer_v2_pred_20.pdb	1	1	1	1	1	1	1	1	5
afm_basic_model_3_multimer_v2_pred_21.pdb	1	1	1	1	1	1	1	1	5
afm_basic_model_3_multimer_v2_pred_22.pdb	1	1	1	1	1	1	1	1	5
afm_basic_model_3_multimer_v2_pred_23.pdb	1	1	1	1	1	1	1	1	5
afm_basic_model_3_multimer_v2_pred_24.pdb	1	1	1	1	1	1	1	1	5
afm_basic_model_3_multimer_v2_pred_25.pdb	1	1	1	1	1	1	1	1	44
afm_basic_model_3_multimer_v2_pred_26.pdb	1	1	1	1	1	1	1	1	5
afm_basic_model_3_multimer_v2_pred_27.pdb	1	1	1	1	1	1	1	1	5
afm_basic_model_3_multimer_v2_pred_28.pdb	1	1	1	1	1	1	1	1	5
afm_basic_model_3_multimer_v2_pred_29.pdb	1	1	1	1	1	1	1	1	5
afm_basic_model_3_multimer_v2_pred_3.pdb	1	1	1	1	1	1	1	1	5
afm_basic_model_3_multimer_v2_pred_30.pdb	1	1	1	1	1	1	1	1	5
afm_basic_model_3_multimer_v2_pred_31.pdb	1	1	1	1	1	1	1	1	5
afm_basic_model_3_multimer_v2_pred_32.pdb	1	1	1	1	1	1	1	1	5
afm_basic_model_3_multimer_v2_pred_33.pdb	1	1	1	1	1	1	1	1	5
afm_basic_model_3_multimer_v2_pred_34.pdb	1	1	1	1	1	1	1	1	5
afm_basic_model_3_multimer_v2_pred_35.pdb	1	1	1	1	1	1	1	1	5
afm_basic_model_3_multimer_v2_pred_36.pdb	1	1	1	1	1	1	1	1	5
afm_basic_model_3_multimer_v2_pred_37.pdb	1	1	1	1	1	1	1	1	5
afm_basic_model_3_multimer_v2_pred_38.pdb	1	1	1	1	1	1	1	1	5
afm_basic_model_3_multimer_v2_pred_39.pdb	1	1	1	1	1	1	1	1	5
afm_basic_model_3_multimer_v2_pred_4.pdb	1	1	1	1	1	1	1	1	5
afm_basic_model_3_multimer_v2_pred_40.pdb	1	1	1	1	1	1	1	1	5
afm_basic_model_3_multimer_v2_pred_41.pdb	1	1	1	1	1	1	1	1	5
afm_basic_model_3_multimer_v2_pred_42.pdb	1	1	1	1	1	1	1	1	5
afm_basic_model_3_multimer_v2_pred_43.pdb	1	1	1	1	1	1	1	1	44
afm_basic_model_3_multimer_v2_pred_44.pdb	1	1	1	1	1	1	1	1	5
afm_basic_model_3_multimer_v2_pred_45.pdb	1	1	1	1	1	1	1	1	5
afm_basic_model_3_multimer_v2_pred_46.pdb	1	1	1	1	1	1	1	1	5
afm_basic_model_3_multimer_v2_pred_47.pdb	1	1	1	1	1	1	1	1	5
afm_basic_model_3_multimer_v2_pred_48.pdb	1	1	1	1	1	1	1	1	5
afm_basic_model_3_multimer_v2_pred_49.pdb	1	1	1	1	1	1	1	1	5
afm_basic_model_3_multimer_v2_pred_5.pdb	1	1	1	1	1	1	1	1	5
afm_basic_model_3_multimer_v2_pred_50.pdb	1	1	1	1	1	1	1	1	5
afm_basic_model_3_multimer_v2_pred_51.pdb	1	1	1	1	1	1	1	1	5
afm_basic_model_3_multimer_v2_pred_52.pdb	1	1	1	1	1	1	1	1	5
afm_basic_model_3_multimer_v2_pred_53.pdb	1	1	1	1	1	1	1	1	5
afm_basic_model_3_multimer_v2_pred_54.pdb	1	1	1	1	1	1	1	1	5
afm_basic_model_3_multimer_v2_pred_55.pdb	1	1	1	1	1	1	1	1	5
afm_basic_model_3_multimer_v2_pred_56.pdb	1	1	1	1	1	1	1	1	44
afm_basic_model_3_multimer_v2_pred_57.pdb	1	1	1	1	1	1	1	1	5
afm_basic_model_3_multimer_v2_pred_58.pdb	1	1	1	1	1	1	1	1	5
afm_basic_model_3_multimer_v2_pred_59.pdb	1	1	1	1	1	1	1	1	5
afm_basic_model_3_multimer_v2_pred_6.pdb	1	1	1	1	1	1	1	1	5
afm_basic_model_3_multimer_v2_pred_60.pdb	1	1	1	1	1	1	1	1	5
afm_basic_model_3_multimer_v2_pred_61.pdb	1	1	1	1	1	1	1	1	5
afm_basic_model_3_multimer_v2_pred_62.pdb	1	1	1	1	1	1	1	1	5
afm_basic_model_3_multimer_v2_pred_63.pdb	1	1	1	1	1	1	1	1	5
afm_basic_model_3_multimer_v2_pred_64.pdb	1	1	1	1	1	1	1	1	5
afm_basic_model_3_multimer_v2_pred_65.pdb	1	1	1	1	1	1	1	1	5
afm_basic_model_3_multimer_v2_pred_66.pdb	1	1	1	1	1	1	1	1	5
afm_basic_model_3_multimer_v2_pred_7.pdb	1	1	1	1	1	1	1	1	5
afm_basic_model_3_multimer_v2_pred_8.pdb	1	1	1	1	1	1	1	1	5
afm_basic_model_3_multimer_v2_pred_9.pdb	1	1	1	1	1	1	1	1	5
afm_basic_model_3_multimer_v3_pred_0.pdb	1	1	1	1	1	1	1	1	15
afm_basic_model_3_multimer_v3_pred_1.pdb	1	1	1	1	1	1	1	1	3
afm_basic_model_3_multimer_v3_pred_10.pdb	1	1	1	1	1	1	1	1	3
afm_basic_model_3_multimer_v3_pred_11.pdb	1	1	1	1	1	1	1	1	15
afm_basic_model_3_multimer_v3_pred_12.pdb	1	1	1	1	1	1	1	1	3
afm_basic_model_3_multimer_v3_pred_13.pdb	1	1	1	1	1	1	1	1	3
afm_basic_model_3_multimer_v3_pred_14.pdb	1	1	1	1	1	1	1	1	3
afm_basic_model_3_multimer_v3_pred_15.pdb	1	1	1	1	1	1	1	1	15
afm_basic_model_3_multimer_v3_pred_16.pdb	1	1	1	1	1	1	1	1	3
afm_basic_model_3_multimer_v3_pred_17.pdb	1	1	1	1	1	1	1	1	3
afm_basic_model_3_multimer_v3_pred_18.pdb	1	1	1	1	1	1	1	1	3
afm_basic_model_3_multimer_v3_pred_19.pdb	1	1	1	1	1	1	1	1	3
afm_basic_model_3_multimer_v3_pred_2.pdb	1	1	1	1	1	1	1	1	15
afm_basic_model_3_multimer_v3_pred_20.pdb	1	1	1	1	1	1	1	1	3
afm_basic_model_3_multimer_v3_pred_21.pdb	1	1	1	1	1	1	1	1	15
afm_basic_model_3_multimer_v3_pred_22.pdb	1	1	1	1	1	1	1	1	15
afm_basic_model_3_multimer_v3_pred_23.pdb	1	1	1	1	1	1	1	1	15
afm_basic_model_3_multimer_v3_pred_24.pdb	1	1	1	1	1	1	1	1	15
afm_basic_model_3_multimer_v3_pred_25.pdb	1	1	1	1	1	1	1	1	15
afm_basic_model_3_multimer_v3_pred_26.pdb	1	1	1	1	1	1	1	1	3
afm_basic_model_3_multimer_v3_pred_27.pdb	1	1	1	1	1	1	1	1	15
afm_basic_model_3_multimer_v3_pred_28.pdb	1	1	1	1	1	1	1	1	3
afm_basic_model_3_multimer_v3_pred_29.pdb	1	1	1	1	1	1	1	1	3
afm_basic_model_3_multimer_v3_pred_3.pdb	1	1	1	1	1	1	1	1	15
afm_basic_model_3_multimer_v3_pred_30.pdb	1	1	1	1	1	1	1	1	3
afm_basic_model_3_multimer_v3_pred_31.pdb	1	1	1	1	1	1	1	1	3
afm_basic_model_3_multimer_v3_pred_32.pdb	1	1	1	1	1	1	1	1	3
afm_basic_model_3_multimer_v3_pred_33.pdb	1	1	1	1	1	1	1	1	15
afm_basic_model_3_multimer_v3_pred_34.pdb	1	1	1	1	1	1	1	1	3
afm_basic_model_3_multimer_v3_pred_35.pdb	1	1	1	1	1	1	1	1	3
afm_basic_model_3_multimer_v3_pred_36.pdb	1	1	1	1	1	1	1	1	76
afm_basic_model_3_multimer_v3_pred_37.pdb	1	1	1	1	1	1	1	1	15
afm_basic_model_3_multimer_v3_pred_38.pdb	1	1	1	1	1	1	1	1	15
afm_basic_model_3_multimer_v3_pred_39.pdb	1	1	1	1	1	1	1	1	15
afm_basic_model_3_multimer_v3_pred_4.pdb	1	1	1	1	1	1	1	1	3
afm_basic_model_3_multimer_v3_pred_40.pdb	1	1	1	1	1	1	1	1	3
afm_basic_model_3_multimer_v3_pred_41.pdb	1	1	1	1	1	1	1	1	15
afm_basic_model_3_multimer_v3_pred_42.pdb	1	1	1	1	1	1	1	1	15
afm_basic_model_3_multimer_v3_pred_43.pdb	1	1	1	1	1	1	1	1	15
afm_basic_model_3_multimer_v3_pred_44.pdb	1	1	1	1	1	1	1	1	15
afm_basic_model_3_multimer_v3_pred_45.pdb	1	1	1	1	1	1	1	1	3
afm_basic_model_3_multimer_v3_pred_46.pdb	1	1	1	1	1	1	1	1	3
afm_basic_model_3_multimer_v3_pred_47.pdb	1	1	1	1	1	1	1	1	15
afm_basic_model_3_multimer_v3_pred_48.pdb	1	1	1	1	1	1	1	1	3
afm_basic_model_3_multimer_v3_pred_49.pdb	1	1	1	1	1	1	1	1	76
afm_basic_model_3_multimer_v3_pred_5.pdb	1	1	1	1	1	1	1	1	3
afm_basic_model_3_multimer_v3_pred_50.pdb	1	1	1	1	1	1	1	1	15
afm_basic_model_3_multimer_v3_pred_51.pdb	1	1	1	1	1	1	1	1	3
afm_basic_model_3_multimer_v3_pred_52.pdb	1	1	1	1	1	1	1	1	3
afm_basic_model_3_multimer_v3_pred_53.pdb	1	1	1	1	1	1	1	1	3
afm_basic_model_3_multimer_v3_pred_54.pdb	1	1	1	1	1	1	1	1	3
afm_basic_model_3_multimer_v3_pred_55.pdb	1	1	1	1	1	1	1	1	15
afm_basic_model_3_multimer_v3_pred_56.pdb	1	1	1	1	1	1	1	1	15
afm_basic_model_3_multimer_v3_pred_57.pdb	1	1	1	1	1	1	1	1	76
afm_basic_model_3_multimer_v3_pred_58.pdb	1	1	1	1	1	1	1	1	15
afm_basic_model_3_multimer_v3_pred_59.pdb	1	1	1	1	1	1	1	1	3
afm_basic_model_3_multimer_v3_pred_6.pdb	1	1	1	1	1	1	1	1	15
afm_basic_model_3_multimer_v3_pred_60.pdb	1	1	1	1	1	1	1	1	15
afm_basic_model_3_multimer_v3_pred_61.pdb	1	1	1	1	1	1	1	1	3
afm_basic_model_3_multimer_v3_pred_62.pdb	1	1	1	1	1	1	1	1	3
afm_basic_model_3_multimer_v3_pred_63.pdb	1	1	1	1	1	1	1	1	76
afm_basic_model_3_multimer_v3_pred_64.pdb	1	1	1	1	1	1	1	1	15
afm_basic_model_3_multimer_v3_pred_65.pdb	1	1	1	1	1	1	1	1	15
afm_basic_model_3_multimer_v3_pred_66.pdb	1	1	1	1	1	1	1	1	15
afm_basic_model_3_multimer_v3_pred_7.pdb	1	1	1	1	1	1	1	1	15
afm_basic_model_3_multimer_v3_pred_8.pdb	1	1	1	1	1	1	1	1	3
afm_basic_model_3_multimer_v3_pred_9.pdb	1	1	1	1	1	1	1	1	15
afm_basic_model_4_multimer_v1_pred_0.pdb	1	1	1	1	1	1	1	1	4
afm_basic_model_4_multimer_v1_pred_1.pdb	1	1	1	1	1	1	1	1	4
afm_basic_model_4_multimer_v1_pred_10.pdb	1	1	1	1	1	1	1	1	4
afm_basic_model_4_multimer_v1_pred_11.pdb	1	1	1	1	1	1	1	1	4
afm_basic_model_4_multimer_v1_pred_12.pdb	1	1	1	1	1	1	1	1	4
afm_basic_model_4_multimer_v1_pred_13.pdb	1	1	1	1	1	1	1	1	4
afm_basic_model_4_multimer_v1_pred_14.pdb	1	1	1	1	1	1	1	1	4
afm_basic_model_4_multimer_v1_pred_15.pdb	1	1	1	1	1	1	1	1	4
afm_basic_model_4_multimer_v1_pred_16.pdb	1	1	1	1	1	1	1	1	4
afm_basic_model_4_multimer_v1_pred_17.pdb	1	1	1	1	1	1	1	1	4
afm_basic_model_4_multimer_v1_pred_18.pdb	1	1	1	1	1	1	1	1	4
afm_basic_model_4_multimer_v1_pred_19.pdb	1	1	1	1	1	1	1	2	81
afm_basic_model_4_multimer_v1_pred_2.pdb	1	1	1	1	1	1	1	1	4
afm_basic_model_4_multimer_v1_pred_20.pdb	1	1	1	1	1	1	1	1	4
afm_basic_model_4_multimer_v1_pred_21.pdb	1	1	1	1	1	1	1	1	4
afm_basic_model_4_multimer_v1_pred_22.pdb	1	1	1	1	1	1	1	1	4
afm_basic_model_4_multimer_v1_pred_23.pdb	1	1	1	1	1	1	1	1	4
afm_basic_model_4_multimer_v1_pred_24.pdb	1	1	1	1	1	1	1	1	4
afm_basic_model_4_multimer_v1_pred_25.pdb	1	1	1	1	1	1	1	1	4
afm_basic_model_4_multimer_v1_pred_26.pdb	1	1	1	1	1	1	1	1	4
afm_basic_model_4_multimer_v1_pred_27.pdb	1	1	1	1	1	1	1	1	4
afm_basic_model_4_multimer_v1_pred_28.pdb	1	1	1	1	1	1	1	1	4
afm_basic_model_4_multimer_v1_pred_29.pdb	1	1	1	1	1	1	1	1	4
afm_basic_model_4_multimer_v1_pred_3.pdb	1	1	1	1	1	1	1	1	4
afm_basic_model_4_multimer_v1_pred_30.pdb	1	1	1	1	1	1	1	1	4
afm_basic_model_4_multimer_v1_pred_31.pdb	1	1	1	1	1	1	1	1	4
afm_basic_model_4_multimer_v1_pred_32.pdb	1	1	1	1	1	1	2	24	251
afm_basic_model_4_multimer_v1_pred_33.pdb	1	1	1	1	1	1	1	1	4
afm_basic_model_4_multimer_v1_pred_34.pdb	1	1	1	1	1	1	1	1	4
afm_basic_model_4_multimer_v1_pred_35.pdb	1	1	1	1	1	1	1	1	4
afm_basic_model_4_multimer_v1_pred_36.pdb	1	1	1	1	1	1	1	1	4
afm_basic_model_4_multimer_v1_pred_37.pdb	1	1	1	1	1	1	1	1	4
afm_basic_model_4_multimer_v1_pred_38.pdb	1	1	1	1	1	1	1	2	19
afm_basic_model_4_multimer_v1_pred_39.pdb	1	1	1	1	1	1	1	1	4
afm_basic_model_4_multimer_v1_pred_4.pdb	1	1	1	1	1	1	1	1	4
afm_basic_model_4_multimer_v1_pred_40.pdb	1	1	1	1	1	1	1	2	81
afm_basic_model_4_multimer_v1_pred_41.pdb	1	1	1	1	1	1	1	1	4
afm_basic_model_4_multimer_v1_pred_42.pdb	1	1	1	1	1	1	1	1	4
afm_basic_model_4_multimer_v1_pred_43.pdb	1	1	1	1	1	1	1	1	4
afm_basic_model_4_multimer_v1_pred_44.pdb	1	1	1	1	1	1	1	1	4
afm_basic_model_4_multimer_v1_pred_45.pdb	1	1	1	1	1	1	1	1	4
afm_basic_model_4_multimer_v1_pred_46.pdb	1	1	1	1	1	1	1	1	4
afm_basic_model_4_multimer_v1_pred_47.pdb	1	1	1	1	1	1	1	1	4
afm_basic_model_4_multimer_v1_pred_48.pdb	1	1	1	1	1	1	1	1	4
afm_basic_model_4_multimer_v1_pred_49.pdb	1	1	1	1	1	1	1	1	4
afm_basic_model_4_multimer_v1_pred_5.pdb	1	1	1	1	1	1	1	1	4
afm_basic_model_4_multimer_v1_pred_50.pdb	1	1	1	1	1	1	1	1	4
afm_basic_model_4_multimer_v1_pred_51.pdb	1	1	1	1	1	1	1	1	4
afm_basic_model_4_multimer_v1_pred_52.pdb	1	1	1	1	1	1	1	1	4
afm_basic_model_4_multimer_v1_pred_53.pdb	1	1	1	1	1	1	1	1	4
afm_basic_model_4_multimer_v1_pred_54.pdb	1	1	1	1	1	1	1	2	81
afm_basic_model_4_multimer_v1_pred_55.pdb	1	1	1	1	1	1	1	1	4
afm_basic_model_4_multimer_v1_pred_56.pdb	1	1	1	1	1	1	1	1	4
afm_basic_model_4_multimer_v1_pred_57.pdb	1	1	1	1	1	1	1	1	4
afm_basic_model_4_multimer_v1_pred_58.pdb	1	1	1	1	1	1	1	1	4
afm_basic_model_4_multimer_v1_pred_59.pdb	1	1	1	1	1	1	1	1	4
afm_basic_model_4_multimer_v1_pred_6.pdb	1	1	1	1	1	1	1	1	4
afm_basic_model_4_multimer_v1_pred_60.pdb	1	1	1	1	1	1	1	1	4
afm_basic_model_4_multimer_v1_pred_61.pdb	1	1	1	1	1	1	1	1	4
afm_basic_model_4_multimer_v1_pred_62.pdb	1	1	1	1	1	1	1	1	4
afm_basic_model_4_multimer_v1_pred_63.pdb	1	1	1	1	1	1	1	1	4
afm_basic_model_4_multimer_v1_pred_64.pdb	1	1	1	1	1	1	1	1	4
afm_basic_model_4_multimer_v1_pred_65.pdb	1	1	1	1	1	1	1	1	4
afm_basic_model_4_multimer_v1_pred_66.pdb	1	1	1	1	1	1	1	2	81
afm_basic_model_4_multimer_v1_pred_7.pdb	1	1	1	1	1	1	1	1	4
afm_basic_model_4_multimer_v1_pred_8.pdb	1	1	1	1	1	1	1	1	4
afm_basic_model_4_multimer_v1_pred_9.pdb	1	1	1	1	1	1	1	1	4
afm_basic_model_4_multimer_v2_pred_0.pdb	1	1	1	1	1	1	1	1	16
afm_basic_model_4_multimer_v2_pred_1.pdb	1	1	1	1	1	1	1	1	16
afm_basic_model_4_multimer_v2_pred_10.pdb	1	1	1	1	1	1	1	1	16
afm_basic_model_4_multimer_v2_pred_11.pdb	1	1	1	1	1	1	1	1	16
afm_basic_model_4_multimer_v2_pred_12.pdb	1	1	1	1	1	1	1	1	16
afm_basic_model_4_multimer_v2_pred_13.pdb	1	1	1	1	1	1	1	1	16
afm_basic_model_4_multimer_v2_pred_14.pdb	1	1	1	1	1	1	1	1	16
afm_basic_model_4_multimer_v2_pred_15.pdb	1	1	1	1	1	1	1	1	16
afm_basic_model_4_multimer_v2_pred_16.pdb	1	1	1	1	1	1	1	20	16
afm_basic_model_4_multimer_v2_pred_17.pdb	1	1	1	1	1	1	1	1	16
afm_basic_model_4_multimer_v2_pred_18.pdb	1	1	1	1	1	1	1	1	16
afm_basic_model_4_multimer_v2_pred_19.pdb	1	1	1	1	1	1	1	1	16
afm_basic_model_4_multimer_v2_pred_2.pdb	1	1	1	1	1	1	1	20	16
afm_basic_model_4_multimer_v2_pred_20.pdb	1	1	1	1	1	1	1	20	16
afm_basic_model_4_multimer_v2_pred_21.pdb	1	1	1	1	1	1	1	20	16
afm_basic_model_4_multimer_v2_pred_22.pdb	1	1	1	1	1	1	1	1	16
afm_basic_model_4_multimer_v2_pred_23.pdb	1	1	1	1	1	1	1	1	16
afm_basic_model_4_multimer_v2_pred_24.pdb	1	1	1	1	1	1	1	1	16
afm_basic_model_4_multimer_v2_pred_25.pdb	1	1	1	1	1	1	1	1	16
afm_basic_model_4_multimer_v2_pred_26.pdb	1	1	1	1	1	1	1	1	16
afm_basic_model_4_multimer_v2_pred_27.pdb	1	1	1	1	1	1	1	1	16
afm_basic_model_4_multimer_v2_pred_28.pdb	1	1	1	1	1	1	1	1	16
afm_basic_model_4_multimer_v2_pred_29.pdb	1	1	1	1	1	1	1	20	16
afm_basic_model_4_multimer_v2_pred_3.pdb	1	1	1	1	1	1	1	1	16
afm_basic_model_4_multimer_v2_pred_30.pdb	1	1	1	1	1	1	1	1	16
afm_basic_model_4_multimer_v2_pred_31.pdb	1	1	1	1	1	1	1	1	16
afm_basic_model_4_multimer_v2_pred_32.pdb	1	1	1	1	1	1	1	1	16
afm_basic_model_4_multimer_v2_pred_33.pdb	1	1	1	1	1	1	1	1	16
afm_basic_model_4_multimer_v2_pred_34.pdb	1	1	1	1	1	1	1	20	16
afm_basic_model_4_multimer_v2_pred_35.pdb	1	1	1	1	1	1	1	1	16
afm_basic_model_4_multimer_v2_pred_36.pdb	1	1	1	1	1	1	1	1	16
afm_basic_model_4_multimer_v2_pred_37.pdb	1	1	1	1	1	1	1	1	16
afm_basic_model_4_multimer_v2_pred_38.pdb	1	1	1	1	1	1	1	1	16
afm_basic_model_4_multimer_v2_pred_39.pdb	1	1	1	1	1	1	1	1	16
afm_basic_model_4_multimer_v2_pred_4.pdb	1	1	1	1	1	1	1	1	16
afm_basic_model_4_multimer_v2_pred_40.pdb	1	1	1	1	1	1	1	1	16
afm_basic_model_4_multimer_v2_pred_41.pdb	1	1	1	1	1	1	1	1	16
afm_basic_model_4_multimer_v2_pred_42.pdb	1	1	1	1	1	1	1	1	16
afm_basic_model_4_multimer_v2_pred_43.pdb	1	1	1	1	1	1	1	1	16
afm_basic_model_4_multimer_v2_pred_44.pdb	1	1	1	1	1	1	1	4	16
afm_basic_model_4_multimer_v2_pred_45.pdb	1	1	1	1	1	1	1	1	16
afm_basic_model_4_multimer_v2_pred_46.pdb	1	1	1	1	1	1	1	1	16
afm_basic_model_4_multimer_v2_pred_47.pdb	1	1	1	1	1	1	1	1	16
afm_basic_model_4_multimer_v2_pred_48.pdb	1	1	1	1	1	1	1	1	16
afm_basic_model_4_multimer_v2_pred_49.pdb	1	1	1	1	1	1	1	1	16
afm_basic_model_4_multimer_v2_pred_5.pdb	1	1	1	1	1	1	1	1	16
afm_basic_model_4_multimer_v2_pred_50.pdb	1	1	1	1	1	1	1	1	16
afm_basic_model_4_multimer_v2_pred_51.pdb	1	1	1	1	1	1	1	1	16
afm_basic_model_4_multimer_v2_pred_52.pdb	1	1	1	1	1	1	1	1	16
afm_basic_model_4_multimer_v2_pred_53.pdb	1	1	1	1	1	1	1	1	16
afm_basic_model_4_multimer_v2_pred_54.pdb	1	1	1	1	1	1	1	1	16
afm_basic_model_4_multimer_v2_pred_55.pdb	1	1	1	1	1	1	1	1	16
afm_basic_model_4_multimer_v2_pred_56.pdb	1	1	1	1	1	1	1	1	16
afm_basic_model_4_multimer_v2_pred_57.pdb	1	1	1	1	1	1	1	1	16
afm_basic_model_4_multimer_v2_pred_58.pdb	1	1	1	1	1	1	1	1	16
afm_basic_model_4_multimer_v2_pred_59.pdb	1	1	1	1	1	1	1	1	16
afm_basic_model_4_multimer_v2_pred_6.pdb	1	1	1	1	1	1	1	1	16
afm_basic_model_4_multimer_v2_pred_60.pdb	1	1	1	1	1	1	1	1	16
afm_basic_model_4_multimer_v2_pred_61.pdb	1	1	1	1	1	1	1	1	16
afm_basic_model_4_multimer_v2_pred_62.pdb	1	1	1	1	1	1	1	1	16
afm_basic_model_4_multimer_v2_pred_63.pdb	1	1	1	1	1	1	1	1	16
afm_basic_model_4_multimer_v2_pred_64.pdb	1	1	1	1	1	1	1	1	16
afm_basic_model_4_multimer_v2_pred_65.pdb	1	1	1	1	1	1	1	1	16
afm_basic_model_4_multimer_v2_pred_66.pdb	1	1	1	1	1	1	1	1	16
afm_basic_model_4_multimer_v2_pred_7.pdb	1	1	1	1	1	1	1	1	16
afm_basic_model_4_multimer_v2_pred_8.pdb	1	1	1	1	1	1	1	1	16
afm_basic_model_4_multimer_v2_pred_9.pdb	1	1	1	1	1	1	1	1	16
afm_basic_model_4_multimer_v3_pred_0.pdb	1	1	1	1	1	1	1	1	12
afm_basic_model_4_multimer_v3_pred_1.pdb	1	1	1	1	1	1	1	1	2
afm_basic_model_4_multimer_v3_pred_10.pdb	1	1	1	1	1	1	1	1	12
afm_basic_model_4_multimer_v3_pred_11.pdb	1	1	1	1	1	1	1	1	2
afm_basic_model_4_multimer_v3_pred_12.pdb	1	1	1	1	1	1	1	1	12
afm_basic_model_4_multimer_v3_pred_13.pdb	1	1	1	1	1	1	1	1	53
afm_basic_model_4_multimer_v3_pred_14.pdb	1	1	1	1	1	1	1	1	12
afm_basic_model_4_multimer_v3_pred_15.pdb	1	1	1	1	1	1	1	1	53
afm_basic_model_4_multimer_v3_pred_16.pdb	1	1	1	1	1	1	1	1	97
afm_basic_model_4_multimer_v3_pred_17.pdb	1	1	1	1	1	1	1	1	12
afm_basic_model_4_multimer_v3_pred_18.pdb	1	1	1	1	1	1	1	1	12
afm_basic_model_4_multimer_v3_pred_19.pdb	1	1	1	1	1	1	1	1	38
afm_basic_model_4_multimer_v3_pred_2.pdb	1	1	1	1	1	1	1	1	12
afm_basic_model_4_multimer_v3_pred_20.pdb	1	1	1	1	1	1	1	1	2
afm_basic_model_4_multimer_v3_pred_21.pdb	1	1	1	1	1	1	1	1	12
afm_basic_model_4_multimer_v3_pred_22.pdb	1	1	1	1	1	1	1	1	53
afm_basic_model_4_multimer_v3_pred_23.pdb	1	1	1	1	1	1	1	1	12
afm_basic_model_4_multimer_v3_pred_24.pdb	1	1	1	1	1	1	1	1	12
afm_basic_model_4_multimer_v3_pred_25.pdb	1	1	1	1	1	1	1	1	53
afm_basic_model_4_multimer_v3_pred_26.pdb	1	1	1	1	1	1	1	1	2
afm_basic_model_4_multimer_v3_pred_27.pdb	1	1	1	1	1	1	1	1	2
afm_basic_model_4_multimer_v3_pred_28.pdb	1	1	1	1	1	1	1	1	144
afm_basic_model_4_multimer_v3_pred_29.pdb	1	1	1	1	1	1	1	1	12
afm_basic_model_4_multimer_v3_pred_3.pdb	1	1	1	1	1	1	1	1	53
afm_basic_model_4_multimer_v3_pred_30.pdb	1	1	1	1	1	1	1	1	12
afm_basic_model_4_multimer_v3_pred_31.pdb	1	1	1	1	1	1	1	1	12
afm_basic_model_4_multimer_v3_pred_32.pdb	1	1	1	1	1	1	1	1	12
afm_basic_model_4_multimer_v3_pred_33.pdb	1	1	1	1	1	1	1	1	38
afm_basic_model_4_multimer_v3_pred_34.pdb	1	1	1	1	1	1	1	1	12
afm_basic_model_4_multimer_v3_pred_35.pdb	1	1	1	1	1	1	1	1	22
afm_basic_model_4_multimer_v3_pred_36.pdb	1	1	1	1	1	1	1	1	12
afm_basic_model_4_multimer_v3_pred_37.pdb	1	1	1	1	1	1	1	1	97
afm_basic_model_4_multimer_v3_pred_38.pdb	1	1	1	1	1	1	1	1	12
afm_basic_model_4_multimer_v3_pred_39.pdb	1	1	1	1	1	1	1	1	2
afm_basic_model_4_multimer_v3_pred_4.pdb	1	1	1	1	1	1	1	1	12
afm_basic_model_4_multimer_v3_pred_40.pdb	1	1	1	1	1	1	1	1	38
afm_basic_model_4_multimer_v3_pred_41.pdb	1	1	1	1	1	1	1	1	12
afm_basic_model_4_multimer_v3_pred_42.pdb	1	1	1	1	1	1	1	1	38
afm_basic_model_4_multimer_v3_pred_43.pdb	1	1	1	1	1	1	1	1	144
afm_basic_model_4_multimer_v3_pred_44.pdb	1	1	1	1	1	1	1	1	2
afm_basic_model_4_multimer_v3_pred_45.pdb	1	1	1	1	1	1	1	1	12
afm_basic_model_4_multimer_v3_pred_46.pdb	1	1	1	1	1	1	1	1	53
afm_basic_model_4_multimer_v3_pred_47.pdb	1	1	1	1	1	1	1	1	22
afm_basic_model_4_multimer_v3_pred_48.pdb	1	1	1	1	1	1	1	1	12
afm_basic_model_4_multimer_v3_pred_49.pdb	1	1	1	1	1	1	1	1	12
afm_basic_model_4_multimer_v3_pred_5.pdb	1	1	1	1	1	1	1	1	2
afm_basic_model_4_multimer_v3_pred_50.pdb	1	1	1	1	1	1	1	1	12
afm_basic_model_4_multimer_v3_pred_51.pdb	1	1	1	1	1	1	1	1	53
afm_basic_model_4_multimer_v3_pred_52.pdb	1	1	1	1	1	1	1	1	12
afm_basic_model_4_multimer_v3_pred_53.pdb	1	1	1	1	1	1	1	1	97
afm_basic_model_4_multimer_v3_pred_54.pdb	1	1	1	1	1	1	1	1	12
afm_basic_model_4_multimer_v3_pred_55.pdb	1	1	1	1	1	1	1	1	53
afm_basic_model_4_multimer_v3_pred_56.pdb	1	1	1	1	1	1	1	1	12
afm_basic_model_4_multimer_v3_pred_57.pdb	1	1	1	1	1	1	1	1	12
afm_basic_model_4_multimer_v3_pred_58.pdb	1	1	1	1	1	1	1	1	53
afm_basic_model_4_multimer_v3_pred_59.pdb	1	1	1	1	1	1	1	1	12
afm_basic_model_4_multimer_v3_pred_6.pdb	1	1	1	1	1	1	1	1	12
afm_basic_model_4_multimer_v3_pred_60.pdb	1	1	1	1	1	1	1	1	12
afm_basic_model_4_multimer_v3_pred_61.pdb	1	1	1	1	1	1	1	1	12
afm_basic_model_4_multimer_v3_pred_62.pdb	1	1	1	1	1	1	1	1	22
afm_basic_model_4_multimer_v3_pred_63.pdb	1	1	1	1	1	1	1	1	38
afm_basic_model_4_multimer_v3_pred_64.pdb	1	1	1	1	1	1	1	20	97
afm_basic_model_4_multimer_v3_pred_65.pdb	1	1	1	1	1	1	1	1	97
afm_basic_model_4_multimer_v3_pred_66.pdb	1	1	1	1	1	1	1	1	12
afm_basic_model_4_multimer_v3_pred_7.pdb	1	1	1	1	1	1	1	1	12
afm_basic_model_4_multimer_v3_pred_8.pdb	1	1	1	1	1	1	1	1	53
afm_basic_model_4_multimer_v3_pred_9.pdb	1	1	1	1	1	1	1	1	12
afm_basic_model_5_multimer_v1_pred_0.pdb	1	1	1	1	1	1	1	1	4
afm_basic_model_5_multimer_v1_pred_1.pdb	1	1	1	1	1	1	1	1	40
afm_basic_model_5_multimer_v1_pred_10.pdb	1	1	1	1	1	1	1	1	4
afm_basic_model_5_multimer_v1_pred_11.pdb	1	1	1	1	1	1	1	1	4
afm_basic_model_5_multimer_v1_pred_12.pdb	1	1	1	1	1	1	1	1	4
afm_basic_model_5_multimer_v1_pred_13.pdb	1	1	1	1	1	1	1	1	4
afm_basic_model_5_multimer_v1_pred_14.pdb	1	1	1	1	1	1	1	1	4
afm_basic_model_5_multimer_v1_pred_15.pdb	1	1	1	1	1	1	1	1	4
afm_basic_model_5_multimer_v1_pred_16.pdb	1	1	1	1	1	1	1	1	4
afm_basic_model_5_multimer_v1_pred_17.pdb	1	1	1	1	1	1	1	1	40
afm_basic_model_5_multimer_v1_pred_18.pdb	1	1	1	1	1	1	1	1	4
afm_basic_model_5_multimer_v1_pred_19.pdb	1	1	1	1	1	1	1	1	4
afm_basic_model_5_multimer_v1_pred_2.pdb	1	1	1	1	1	1	1	1	40
afm_basic_model_5_multimer_v1_pred_20.pdb	1	1	1	1	1	1	1	1	4
afm_basic_model_5_multimer_v1_pred_21.pdb	1	1	1	1	1	1	1	1	4
afm_basic_model_5_multimer_v1_pred_22.pdb	1	1	1	1	1	1	1	1	4
afm_basic_model_5_multimer_v1_pred_23.pdb	1	1	1	1	1	1	1	1	4
afm_basic_model_5_multimer_v1_pred_24.pdb	1	1	1	1	1	1	1	1	4
afm_basic_model_5_multimer_v1_pred_25.pdb	1	1	1	1	1	1	1	1	4
afm_basic_model_5_multimer_v1_pred_26.pdb	1	1	1	1	1	1	1	1	40
afm_basic_model_5_multimer_v1_pred_27.pdb	1	1	1	1	1	1	1	1	40
afm_basic_model_5_multimer_v1_pred_28.pdb	1	1	1	1	1	1	1	1	4
afm_basic_model_5_multimer_v1_pred_29.pdb	1	1	1	1	1	1	1	1	4
afm_basic_model_5_multimer_v1_pred_3.pdb	1	1	1	1	1	1	1	1	40
afm_basic_model_5_multimer_v1_pred_30.pdb	1	1	1	1	1	1	1	1	4
afm_basic_model_5_multimer_v1_pred_31.pdb	1	1	1	1	1	1	1	1	4
afm_basic_model_5_multimer_v1_pred_32.pdb	1	1	1	1	1	1	1	1	4
afm_basic_model_5_multimer_v1_pred_33.pdb	1	1	1	1	1	1	1	1	4
afm_basic_model_5_multimer_v1_pred_34.pdb	1	1	1	1	1	1	1	1	40
afm_basic_model_5_multimer_v1_pred_35.pdb	1	1	1	1	1	1	1	1	40
afm_basic_model_5_multimer_v1_pred_36.pdb	1	1	1	1	1	1	1	1	4
afm_basic_model_5_multimer_v1_pred_37.pdb	1	1	1	1	1	1	1	1	4
afm_basic_model_5_multimer_v1_pred_38.pdb	1	1	1	1	1	1	1	1	4
afm_basic_model_5_multimer_v1_pred_39.pdb	1	1	1	1	1	1	1	1	40
afm_basic_model_5_multimer_v1_pred_4.pdb	1	1	1	1	1	1	1	1	40
afm_basic_model_5_multimer_v1_pred_40.pdb	1	1	1	1	1	1	1	1	40
afm_basic_model_5_multimer_v1_pred_41.pdb	1	1	1	1	1	1	1	1	40
afm_basic_model_5_multimer_v1_pred_42.pdb	1	1	1	1	1	1	1	1	4
afm_basic_model_5_multimer_v1_pred_43.pdb	1	1	1	1	1	1	1	1	4
afm_basic_model_5_multimer_v1_pred_44.pdb	1	1	1	1	1	1	1	1	4
afm_basic_model_5_multimer_v1_pred_45.pdb	1	1	1	1	1	1	1	1	4
afm_basic_model_5_multimer_v1_pred_46.pdb	1	1	1	1	1	1	1	1	40
afm_basic_model_5_multimer_v1_pred_47.pdb	1	1	1	1	1	1	1	1	4
afm_basic_model_5_multimer_v1_pred_48.pdb	1	1	1	1	1	1	1	1	4
afm_basic_model_5_multimer_v1_pred_49.pdb	1	1	1	1	1	1	1	1	40
afm_basic_model_5_multimer_v1_pred_5.pdb	1	1	1	1	1	1	1	1	4
afm_basic_model_5_multimer_v1_pred_50.pdb	1	1	1	1	1	1	1	1	4
afm_basic_model_5_multimer_v1_pred_51.pdb	1	1	1	1	1	1	1	1	4
afm_basic_model_5_multimer_v1_pred_52.pdb	1	1	1	1	1	1	1	1	40
afm_basic_model_5_multimer_v1_pred_53.pdb	1	1	1	1	1	1	1	1	4
afm_basic_model_5_multimer_v1_pred_54.pdb	1	1	1	1	1	1	1	1	4
afm_basic_model_5_multimer_v1_pred_55.pdb	1	1	1	1	1	1	1	1	4
afm_basic_model_5_multimer_v1_pred_56.pdb	1	1	1	1	1	1	1	1	4
afm_basic_model_5_multimer_v1_pred_57.pdb	1	1	1	1	1	1	1	1	4
afm_basic_model_5_multimer_v1_pred_58.pdb	1	1	1	1	1	1	1	1	4
afm_basic_model_5_multimer_v1_pred_59.pdb	1	1	1	1	1	1	1	1	4
afm_basic_model_5_multimer_v1_pred_6.pdb	1	1	1	1	1	1	1	1	4
afm_basic_model_5_multimer_v1_pred_60.pdb	1	1	1	1	1	1	1	1	4
afm_basic_model_5_multimer_v1_pred_61.pdb	1	1	1	1	1	1	1	1	4
afm_basic_model_5_multimer_v1_pred_62.pdb	1	1	1	1	1	1	1	1	4
afm_basic_model_5_multimer_v1_pred_63.pdb	1	1	1	1	1	1	1	1	40
afm_basic_model_5_multimer_v1_pred_64.pdb	1	1	1	1	1	1	1	1	4
afm_basic_model_5_multimer_v1_pred_65.pdb	1	1	1	1	1	1	1	1	40
afm_basic_model_5_multimer_v1_pred_66.pdb	1	1	1	1	1	1	1	1	4
afm_basic_model_5_multimer_v1_pred_7.pdb	1	1	1	1	1	1	1	1	40
afm_basic_model_5_multimer_v1_pred_8.pdb	1	1	1	1	1	1	1	1	4
afm_basic_model_5_multimer_v1_pred_9.pdb	1	1	1	1	1	1	1	1	4
afm_basic_model_5_multimer_v2_pred_0.pdb	1	1	1	1	1	1	1	1	12
afm_basic_model_5_multimer_v2_pred_1.pdb	1	1	1	1	1	1	1	1	12
afm_basic_model_5_multimer_v2_pred_10.pdb	1	1	1	1	1	1	1	1	12
afm_basic_model_5_multimer_v2_pred_11.pdb	1	1	1	1	1	1	1	1	12
afm_basic_model_5_multimer_v2_pred_12.pdb	1	1	1	1	1	1	1	1	12
afm_basic_model_5_multimer_v2_pred_13.pdb	1	1	1	1	1	1	1	1	12
afm_basic_model_5_multimer_v2_pred_14.pdb	1	1	1	1	1	1	1	1	12
afm_basic_model_5_multimer_v2_pred_15.pdb	1	1	1	1	1	1	1	1	5
afm_basic_model_5_multimer_v2_pred_16.pdb	1	1	1	1	1	1	1	1	12
afm_basic_model_5_multimer_v2_pred_17.pdb	1	1	1	1	1	1	1	1	12
afm_basic_model_5_multimer_v2_pred_18.pdb	1	1	1	1	1	1	1	1	12
afm_basic_model_5_multimer_v2_pred_19.pdb	1	1	1	1	1	1	1	1	12
afm_basic_model_5_multimer_v2_pred_2.pdb	1	1	1	1	1	1	1	1	5
afm_basic_model_5_multimer_v2_pred_20.pdb	1	1	1	1	1	1	1	1	12
afm_basic_model_5_multimer_v2_pred_21.pdb	1	1	1	1	1	1	1	1	12
afm_basic_model_5_multimer_v2_pred_22.pdb	1	1	1	1	1	1	1	1	12
afm_basic_model_5_multimer_v2_pred_23.pdb	1	1	1	1	1	1	1	1	82
afm_basic_model_5_multimer_v2_pred_24.pdb	1	1	1	1	1	1	1	1	12
afm_basic_model_5_multimer_v2_pred_25.pdb	1	1	1	1	1	1	1	1	82
afm_basic_model_5_multimer_v2_pred_26.pdb	1	1	1	1	1	1	1	1	12
afm_basic_model_5_multimer_v2_pred_27.pdb	1	1	1	1	1	1	1	1	12
afm_basic_model_5_multimer_v2_pred_28.pdb	1	1	1	1	1	1	1	1	12
afm_basic_model_5_multimer_v2_pred_29.pdb	1	1	1	1	1	1	1	1	5
afm_basic_model_5_multimer_v2_pred_3.pdb	1	1	1	1	1	1	1	1	12
afm_basic_model_5_multimer_v2_pred_30.pdb	1	1	1	1	1	1	1	1	12
afm_basic_model_5_multimer_v2_pred_31.pdb	1	1	1	1	1	1	1	1	12
afm_basic_model_5_multimer_v2_pred_32.pdb	1	1	1	1	1	1	1	1	12
afm_basic_model_5_multimer_v2_pred_33.pdb	1	1	1	1	1	1	1	1	12
afm_basic_model_5_multimer_v2_pred_34.pdb	1	1	1	1	1	1	1	1	12
afm_basic_model_5_multimer_v2_pred_35.pdb	1	1	1	1	1	1	1	1	12
afm_basic_model_5_multimer_v2_pred_36.pdb	1	1	1	1	1	1	1	1	12
afm_basic_model_5_multimer_v2_pred_37.pdb	1	1	1	1	1	1	1	1	12
afm_basic_model_5_multimer_v2_pred_38.pdb	1	1	1	1	1	1	1	1	12
afm_basic_model_5_multimer_v2_pred_39.pdb	1	1	1	1	1	1	1	1	12
afm_basic_model_5_multimer_v2_pred_4.pdb	1	1	1	1	1	1	1	1	12
afm_basic_model_5_multimer_v2_pred_40.pdb	1	1	1	1	1	1	1	1	12
afm_basic_model_5_multimer_v2_pred_41.pdb	1	1	1	1	1	1	1	1	12
afm_basic_model_5_multimer_v2_pred_42.pdb	1	1	1	1	1	1	1	1	12
afm_basic_model_5_multimer_v2_pred_43.pdb	1	1	1	1	1	1	1	1	12
afm_basic_model_5_multimer_v2_pred_44.pdb	1	1	1	1	1	1	1	1	12
afm_basic_model_5_multimer_v2_pred_45.pdb	1	1	1	1	1	1	1	1	12
afm_basic_model_5_multimer_v2_pred_46.pdb	1	1	1	1	1	1	1	1	12
afm_basic_model_5_multimer_v2_pred_47.pdb	1	1	1	1	1	1	1	1	12
afm_basic_model_5_multimer_v2_pred_48.pdb	1	1	1	1	1	1	1	1	12
afm_basic_model_5_multimer_v2_pred_49.pdb	1	1	1	1	1	1	1	1	5
afm_basic_model_5_multimer_v2_pred_5.pdb	1	1	1	1	1	1	1	1	12
afm_basic_model_5_multimer_v2_pred_50.pdb	1	1	1	1	1	1	1	1	5
afm_basic_model_5_multimer_v2_pred_51.pdb	1	1	1	1	1	1	1	1	12
afm_basic_model_5_multimer_v2_pred_52.pdb	1	1	1	1	1	1	1	1	12
afm_basic_model_5_multimer_v2_pred_53.pdb	1	1	1	1	1	1	1	1	12
afm_basic_model_5_multimer_v2_pred_54.pdb	1	1	1	1	1	1	1	1	82
afm_basic_model_5_multimer_v2_pred_55.pdb	1	1	1	1	1	1	1	1	12
afm_basic_model_5_multimer_v2_pred_56.pdb	1	1	1	1	1	1	1	1	12
afm_basic_model_5_multimer_v2_pred_57.pdb	1	1	1	1	1	1	1	1	82
afm_basic_model_5_multimer_v2_pred_58.pdb	1	1	1	1	1	1	1	1	26
afm_basic_model_5_multimer_v2_pred_59.pdb	1	1	1	1	1	1	1	1	12
afm_basic_model_5_multimer_v2_pred_6.pdb	1	1	1	1	1	1	1	1	5
afm_basic_model_5_multimer_v2_pred_60.pdb	1	1	1	1	1	1	1	1	12
afm_basic_model_5_multimer_v2_pred_61.pdb	1	1	1	1	1	1	1	1	12
afm_basic_model_5_multimer_v2_pred_62.pdb	1	1	1	1	1	1	1	1	21
afm_basic_model_5_multimer_v2_pred_63.pdb	1	1	1	1	1	1	1	1	82
afm_basic_model_5_multimer_v2_pred_64.pdb	1	1	1	1	1	1	1	1	12
afm_basic_model_5_multimer_v2_pred_65.pdb	1	1	1	1	1	1	1	1	12
afm_basic_model_5_multimer_v2_pred_66.pdb	1	1	1	1	1	1	1	1	12
afm_basic_model_5_multimer_v2_pred_7.pdb	1	1	1	1	1	1	1	1	5
afm_basic_model_5_multimer_v2_pred_8.pdb	1	1	1	1	1	1	1	1	12
afm_basic_model_5_multimer_v2_pred_9.pdb	1	1	1	1	1	1	1	1	12
afm_basic_model_5_multimer_v3_pred_0.pdb	1	1	1	1	1	1	1	1	15
afm_basic_model_5_multimer_v3_pred_1.pdb	1	1	1	1	1	1	1	1	15
afm_basic_model_5_multimer_v3_pred_10.pdb	1	1	1	1	1	1	1	1	15
afm_basic_model_5_multimer_v3_pred_11.pdb	1	1	1	1	1	1	1	1	15
afm_basic_model_5_multimer_v3_pred_12.pdb	1	1	1	1	1	1	1	1	15
afm_basic_model_5_multimer_v3_pred_13.pdb	1	1	1	1	1	1	1	1	38
afm_basic_model_5_multimer_v3_pred_14.pdb	1	1	1	1	1	1	1	1	38
afm_basic_model_5_multimer_v3_pred_15.pdb	1	1	1	1	1	1	1	1	15
afm_basic_model_5_multimer_v3_pred_16.pdb	1	1	1	1	1	1	1	1	15
afm_basic_model_5_multimer_v3_pred_17.pdb	1	1	1	1	1	1	1	1	15
afm_basic_model_5_multimer_v3_pred_18.pdb	1	1	1	1	1	1	1	1	38
afm_basic_model_5_multimer_v3_pred_19.pdb	1	1	1	1	1	1	1	1	38
afm_basic_model_5_multimer_v3_pred_2.pdb	1	1	1	1	1	1	1	1	15
afm_basic_model_5_multimer_v3_pred_20.pdb	1	1	1	1	1	1	1	1	38
afm_basic_model_5_multimer_v3_pred_21.pdb	1	1	1	1	1	1	1	1	15
afm_basic_model_5_multimer_v3_pred_22.pdb	1	1	1	1	1	1	1	1	15
afm_basic_model_5_multimer_v3_pred_23.pdb	1	1	1	1	1	1	1	1	38
afm_basic_model_5_multimer_v3_pred_24.pdb	1	1	1	1	1	1	1	1	15
afm_basic_model_5_multimer_v3_pred_25.pdb	1	1	1	1	1	1	1	1	15
afm_basic_model_5_multimer_v3_pred_26.pdb	1	1	1	1	1	1	1	1	15
afm_basic_model_5_multimer_v3_pred_27.pdb	1	1	1	1	1	1	1	1	13
afm_basic_model_5_multimer_v3_pred_28.pdb	1	1	1	1	1	1	1	1	38
afm_basic_model_5_multimer_v3_pred_29.pdb	1	1	1	1	1	1	1	1	15
afm_basic_model_5_multimer_v3_pred_3.pdb	1	1	1	1	1	1	1	1	38
afm_basic_model_5_multimer_v3_pred_30.pdb	1	1	1	1	1	1	1	1	15
afm_basic_model_5_multimer_v3_pred_31.pdb	1	1	1	1	1	1	1	1	15
afm_basic_model_5_multimer_v3_pred_32.pdb	1	1	1	1	1	1	1	1	15
afm_basic_model_5_multimer_v3_pred_33.pdb	1	1	1	1	1	1	1	1	15
afm_basic_model_5_multimer_v3_pred_34.pdb	1	1	1	1	1	1	1	1	15
afm_basic_model_5_multimer_v3_pred_35.pdb	1	1	1	1	1	1	1	1	15
afm_basic_model_5_multimer_v3_pred_36.pdb	1	1	1	1	1	1	1	1	38
afm_basic_model_5_multimer_v3_pred_37.pdb	1	1	1	1	1	1	1	1	15
afm_basic_model_5_multimer_v3_pred_38.pdb	1	1	1	1	1	1	1	1	15
afm_basic_model_5_multimer_v3_pred_39.pdb	1	1	1	1	1	1	1	1	38
afm_basic_model_5_multimer_v3_pred_4.pdb	1	1	1	1	1	1	1	1	15
afm_basic_model_5_multimer_v3_pred_40.pdb	1	1	1	1	1	1	1	1	15
afm_basic_model_5_multimer_v3_pred_41.pdb	1	1	1	1	1	1	1	1	15
afm_basic_model_5_multimer_v3_pred_42.pdb	1	1	1	1	1	1	1	1	15
afm_basic_model_5_multimer_v3_pred_43.pdb	1	1	1	1	1	1	1	1	15
afm_basic_model_5_multimer_v3_pred_44.pdb	1	1	1	1	1	1	1	1	38
afm_basic_model_5_multimer_v3_pred_45.pdb	1	1	1	1	1	1	1	1	15
afm_basic_model_5_multimer_v3_pred_46.pdb	1	1	1	1	1	1	1	1	38
afm_basic_model_5_multimer_v3_pred_47.pdb	1	1	1	1	1	1	1	1	38
afm_basic_model_5_multimer_v3_pred_48.pdb	1	1	1	1	1	1	1	1	15
afm_basic_model_5_multimer_v3_pred_49.pdb	1	1	1	1	1	1	1	1	38
afm_basic_model_5_multimer_v3_pred_5.pdb	1	1	1	1	1	1	1	1	38
afm_basic_model_5_multimer_v3_pred_50.pdb	1	1	1	1	1	1	1	1	38
afm_basic_model_5_multimer_v3_pred_51.pdb	1	1	1	1	1	1	1	1	15
afm_basic_model_5_multimer_v3_pred_52.pdb	1	1	1	1	1	1	1	1	38
afm_basic_model_5_multimer_v3_pred_53.pdb	1	1	1	1	1	1	1	1	15
afm_basic_model_5_multimer_v3_pred_54.pdb	1	1	1	1	1	1	1	1	38
afm_basic_model_5_multimer_v3_pred_55.pdb	1	1	1	1	1	1	1	1	15
afm_basic_model_5_multimer_v3_pred_56.pdb	1	1	1	1	1	1	1	1	15
afm_basic_model_5_multimer_v3_pred_57.pdb	1	1	1	1	1	1	1	1	15
afm_basic_model_5_multimer_v3_pred_58.pdb	1	1	1	1	1	1	1	1	15
afm_basic_model_5_multimer_v3_pred_59.pdb	1	1	1	1	1	1	1	1	15
afm_basic_model_5_multimer_v3_pred_6.pdb	1	1	1	1	1	1	1	1	38
afm_basic_model_5_multimer_v3_pred_60.pdb	1	1	1	1	1	1	1	1	38
afm_basic_model_5_multimer_v3_pred_61.pdb	1	1	1	1	1	1	1	1	15
afm_basic_model_5_multimer_v3_pred_62.pdb	1	1	1	1	1	1	1	1	15
afm_basic_model_5_multimer_v3_pred_63.pdb	1	1	1	1	1	1	1	1	38
afm_basic_model_5_multimer_v3_pred_64.pdb	1	1	1	1	1	1	1	1	15
afm_basic_model_5_multimer_v3_pred_65.pdb	1	1	1	1	1	1	1	1	15
afm_basic_model_5_multimer_v3_pred_66.pdb	1	1	1	1	1	1	1	1	38
afm_basic_model_5_multimer_v3_pred_7.pdb	1	1	1	1	1	1	1	1	38
afm_basic_model_5_multimer_v3_pred_8.pdb	1	1	1	1	1	1	1	1	15
afm_basic_model_5_multimer_v3_pred_9.pdb	1	1	1	1	1	1	1	1	38
afm_dropout_full_model_1_multimer_v1_pred_0.pdb	1	1	1	1	1	1	1	2	36
afm_dropout_full_model_1_multimer_v1_pred_1.pdb	1	1	1	1	1	1	1	1	36
afm_dropout_full_model_1_multimer_v1_pred_10.pdb	1	1	1	1	1	1	1	25	36
afm_dropout_full_model_1_multimer_v1_pred_11.pdb	1	1	1	1	1	1	1	2	11
afm_dropout_full_model_1_multimer_v1_pred_12.pdb	1	1	1	1	1	1	1	2	11
afm_dropout_full_model_1_multimer_v1_pred_13.pdb	1	1	1	1	1	1	1	2	36
afm_dropout_full_model_1_multimer_v1_pred_14.pdb	1	1	1	1	1	1	1	2	11
afm_dropout_full_model_1_multimer_v1_pred_15.pdb	1	1	1	1	1	1	1	2	11
afm_dropout_full_model_1_multimer_v1_pred_16.pdb	1	1	1	1	1	1	1	2	11
afm_dropout_full_model_1_multimer_v1_pred_17.pdb	1	1	1	1	1	1	1	2	36
afm_dropout_full_model_1_multimer_v1_pred_18.pdb	1	1	1	1	1	1	1	2	11
afm_dropout_full_model_1_multimer_v1_pred_19.pdb	1	1	1	1	1	1	1	2	11
afm_dropout_full_model_1_multimer_v1_pred_2.pdb	1	1	1	1	1	1	1	2	36
afm_dropout_full_model_1_multimer_v1_pred_20.pdb	1	1	1	1	1	1	1	1	36
afm_dropout_full_model_1_multimer_v1_pred_21.pdb	1	1	1	1	1	1	1	2	36
afm_dropout_full_model_1_multimer_v1_pred_22.pdb	1	1	1	1	1	1	1	2	11
afm_dropout_full_model_1_multimer_v1_pred_23.pdb	1	1	1	1	1	1	1	2	36
afm_dropout_full_model_1_multimer_v1_pred_24.pdb	1	1	1	1	1	1	1	2	11
afm_dropout_full_model_1_multimer_v1_pred_25.pdb	1	1	1	1	1	1	1	2	36
afm_dropout_full_model_1_multimer_v1_pred_26.pdb	1	1	1	1	1	1	1	2	36
afm_dropout_full_model_1_multimer_v1_pred_27.pdb	1	1	1	1	1	1	1	2	36
afm_dropout_full_model_1_multimer_v1_pred_28.pdb	1	1	1	1	1	1	1	2	11
afm_dropout_full_model_1_multimer_v1_pred_29.pdb	1	1	1	1	1	1	1	1	11
afm_dropout_full_model_1_multimer_v1_pred_3.pdb	1	1	1	1	1	1	1	2	11
afm_dropout_full_model_1_multimer_v1_pred_30.pdb	1	1	1	1	1	1	1	7	36
afm_dropout_full_model_1_multimer_v1_pred_31.pdb	1	1	1	1	1	1	1	1	36
afm_dropout_full_model_1_multimer_v1_pred_32.pdb	1	1	1	1	1	1	1	2	11
afm_dropout_full_model_1_multimer_v1_pred_33.pdb	1	1	1	1	1	1	1	2	11
afm_dropout_full_model_1_multimer_v1_pred_34.pdb	1	1	1	1	1	1	1	2	11
afm_dropout_full_model_1_multimer_v1_pred_35.pdb	1	1	1	1	1	1	1	1	36
afm_dropout_full_model_1_multimer_v1_pred_36.pdb	1	1	1	1	1	1	1	1	36
afm_dropout_full_model_1_multimer_v1_pred_37.pdb	1	1	1	1	1	1	1	1	36
afm_dropout_full_model_1_multimer_v1_pred_38.pdb	1	1	1	1	1	1	1	2	36
afm_dropout_full_model_1_multimer_v1_pred_39.pdb	1	1	1	1	1	1	1	2	11
afm_dropout_full_model_1_multimer_v1_pred_4.pdb	1	1	1	1	1	1	1	2	11
afm_dropout_full_model_1_multimer_v1_pred_40.pdb	1	1	1	1	1	1	1	2	11
afm_dropout_full_model_1_multimer_v1_pred_41.pdb	1	1	1	1	1	1	1	2	11
afm_dropout_full_model_1_multimer_v1_pred_42.pdb	1	1	1	1	1	1	1	2	11
afm_dropout_full_model_1_multimer_v1_pred_43.pdb	1	1	1	1	1	1	1	2	11
afm_dropout_full_model_1_multimer_v1_pred_44.pdb	1	1	1	1	1	1	1	2	36
afm_dropout_full_model_1_multimer_v1_pred_45.pdb	1	1	1	1	1	1	1	2	11
afm_dropout_full_model_1_multimer_v1_pred_46.pdb	1	1	1	1	1	1	1	2	36
afm_dropout_full_model_1_multimer_v1_pred_47.pdb	1	1	1	1	1	1	1	2	11
afm_dropout_full_model_1_multimer_v1_pred_48.pdb	1	1	1	1	1	1	1	2	36
afm_dropout_full_model_1_multimer_v1_pred_49.pdb	1	1	1	1	1	1	1	1	11
afm_dropout_full_model_1_multimer_v1_pred_5.pdb	1	1	1	1	1	1	1	2	11
afm_dropout_full_model_1_multimer_v1_pred_50.pdb	1	1	1	1	1	1	1	2	36
afm_dropout_full_model_1_multimer_v1_pred_51.pdb	1	1	1	1	1	1	1	2	11
afm_dropout_full_model_1_multimer_v1_pred_52.pdb	1	1	1	1	1	1	1	2	36
afm_dropout_full_model_1_multimer_v1_pred_53.pdb	1	1	1	1	1	1	1	2	36
afm_dropout_full_model_1_multimer_v1_pred_54.pdb	1	1	1	1	1	1	1	2	11
afm_dropout_full_model_1_multimer_v1_pred_55.pdb	1	1	1	1	1	1	1	1	11
afm_dropout_full_model_1_multimer_v1_pred_56.pdb	1	1	1	1	1	1	1	2	11
afm_dropout_full_model_1_multimer_v1_pred_57.pdb	1	1	1	1	1	1	2	24	252
afm_dropout_full_model_1_multimer_v1_pred_58.pdb	1	1	1	1	1	1	1	2	36
afm_dropout_full_model_1_multimer_v1_pred_59.pdb	1	1	1	1	1	1	1	2	36
afm_dropout_full_model_1_multimer_v1_pred_6.pdb	1	1	1	1	1	1	1	2	11
afm_dropout_full_model_1_multimer_v1_pred_60.pdb	1	1	1	1	1	1	1	2	36
afm_dropout_full_model_1_multimer_v1_pred_61.pdb	1	1	1	1	1	1	1	25	36
afm_dropout_full_model_1_multimer_v1_pred_62.pdb	1	1	1	1	1	1	1	2	11
afm_dropout_full_model_1_multimer_v1_pred_63.pdb	1	1	1	1	1	1	1	2	11
afm_dropout_full_model_1_multimer_v1_pred_64.pdb	1	1	1	1	1	1	1	2	36
afm_dropout_full_model_1_multimer_v1_pred_65.pdb	1	1	1	1	1	1	1	7	36
afm_dropout_full_model_1_multimer_v1_pred_66.pdb	1	1	1	1	1	1	1	1	36
afm_dropout_full_model_1_multimer_v1_pred_7.pdb	1	1	1	1	1	1	1	25	36
afm_dropout_full_model_1_multimer_v1_pred_8.pdb	1	1	1	1	1	1	1	1	4
afm_dropout_full_model_1_multimer_v1_pred_9.pdb	1	1	1	1	1	1	1	1	36
afm_dropout_full_model_1_multimer_v2_pred_0.pdb	1	1	1	1	1	1	1	1	5
afm_dropout_full_model_1_multimer_v2_pred_1.pdb	1	1	1	1	1	1	1	1	171
afm_dropout_full_model_1_multimer_v2_pred_10.pdb	1	1	1	1	1	1	1	1	5
afm_dropout_full_model_1_multimer_v2_pred_11.pdb	1	1	1	1	1	1	1	1	5
afm_dropout_full_model_1_multimer_v2_pred_12.pdb	1	1	1	1	1	1	1	1	5
afm_dropout_full_model_1_multimer_v2_pred_13.pdb	1	1	1	1	1	1	1	1	5
afm_dropout_full_model_1_multimer_v2_pred_14.pdb	1	1	1	1	1	1	1	1	5
afm_dropout_full_model_1_multimer_v2_pred_15.pdb	1	1	1	1	1	1	1	1	5
afm_dropout_full_model_1_multimer_v2_pred_16.pdb	1	1	1	1	1	1	1	1	5
afm_dropout_full_model_1_multimer_v2_pred_17.pdb	1	1	1	1	1	1	1	1	5
afm_dropout_full_model_1_multimer_v2_pred_18.pdb	1	1	1	1	1	1	1	1	5
afm_dropout_full_model_1_multimer_v2_pred_19.pdb	1	1	1	1	1	1	1	1	5
afm_dropout_full_model_1_multimer_v2_pred_2.pdb	1	1	1	1	1	1	1	1	5
afm_dropout_full_model_1_multimer_v2_pred_20.pdb	1	1	1	1	1	1	1	1	5
afm_dropout_full_model_1_multimer_v2_pred_21.pdb	1	1	1	1	1	1	1	1	5
afm_dropout_full_model_1_multimer_v2_pred_22.pdb	1	1	1	1	1	1	1	1	5
afm_dropout_full_model_1_multimer_v2_pred_23.pdb	1	1	1	1	1	1	1	1	5
afm_dropout_full_model_1_multimer_v2_pred_24.pdb	1	1	1	1	1	1	1	1	171
afm_dropout_full_model_1_multimer_v2_pred_25.pdb	1	1	1	1	1	1	1	1	5
afm_dropout_full_model_1_multimer_v2_pred_26.pdb	1	1	1	1	1	1	1	1	5
afm_dropout_full_model_1_multimer_v2_pred_27.pdb	1	1	1	1	1	1	1	1	5
afm_dropout_full_model_1_multimer_v2_pred_28.pdb	1	1	1	1	1	1	1	1	5
afm_dropout_full_model_1_multimer_v2_pred_29.pdb	1	1	1	1	1	1	1	1	5
afm_dropout_full_model_1_multimer_v2_pred_3.pdb	1	1	1	1	1	1	1	1	5
afm_dropout_full_model_1_multimer_v2_pred_30.pdb	1	1	1	1	1	1	1	1	5
afm_dropout_full_model_1_multimer_v2_pred_31.pdb	1	1	1	1	1	1	1	1	5
afm_dropout_full_model_1_multimer_v2_pred_32.pdb	1	1	1	1	1	1	1	1	5
afm_dropout_full_model_1_multimer_v2_pred_33.pdb	1	1	1	1	1	1	1	1	5
afm_dropout_full_model_1_multimer_v2_pred_34.pdb	1	1	1	1	1	1	1	1	5
afm_dropout_full_model_1_multimer_v2_pred_35.pdb	1	1	1	1	1	1	1	1	5
afm_dropout_full_model_1_multimer_v2_pred_36.pdb	1	1	1	1	1	1	1	1	5
afm_dropout_full_model_1_multimer_v2_pred_37.pdb	1	1	1	1	1	1	1	1	5
afm_dropout_full_model_1_multimer_v2_pred_38.pdb	1	1	1	1	1	1	1	1	5
afm_dropout_full_model_1_multimer_v2_pred_39.pdb	1	1	1	1	1	1	1	1	5
afm_dropout_full_model_1_multimer_v2_pred_4.pdb	1	1	1	1	1	1	1	1	5
afm_dropout_full_model_1_multimer_v2_pred_40.pdb	1	1	1	1	1	1	1	1	5
afm_dropout_full_model_1_multimer_v2_pred_41.pdb	1	1	1	1	1	1	1	1	5
afm_dropout_full_model_1_multimer_v2_pred_42.pdb	1	1	1	1	1	1	1	1	5
afm_dropout_full_model_1_multimer_v2_pred_43.pdb	1	1	1	1	1	1	1	1	5
afm_dropout_full_model_1_multimer_v2_pred_44.pdb	1	1	1	1	1	1	1	1	5
afm_dropout_full_model_1_multimer_v2_pred_45.pdb	1	1	1	1	1	1	1	1	5
afm_dropout_full_model_1_multimer_v2_pred_46.pdb	1	1	1	1	1	1	1	1	5
afm_dropout_full_model_1_multimer_v2_pred_47.pdb	1	1	1	1	1	1	1	1	5
afm_dropout_full_model_1_multimer_v2_pred_48.pdb	1	1	1	1	1	1	1	1	5
afm_dropout_full_model_1_multimer_v2_pred_49.pdb	1	1	1	1	1	1	1	1	5
afm_dropout_full_model_1_multimer_v2_pred_5.pdb	1	1	1	1	1	1	1	1	5
afm_dropout_full_model_1_multimer_v2_pred_50.pdb	1	1	1	1	1	1	1	1	5
afm_dropout_full_model_1_multimer_v2_pred_51.pdb	1	1	1	1	1	1	1	1	5
afm_dropout_full_model_1_multimer_v2_pred_52.pdb	1	1	1	1	1	1	1	1	5
afm_dropout_full_model_1_multimer_v2_pred_53.pdb	1	1	1	1	1	1	1	1	5
afm_dropout_full_model_1_multimer_v2_pred_54.pdb	1	1	1	1	1	1	1	1	5
afm_dropout_full_model_1_multimer_v2_pred_55.pdb	1	1	1	1	1	1	1	1	5
afm_dropout_full_model_1_multimer_v2_pred_56.pdb	1	1	1	1	1	1	1	1	5
afm_dropout_full_model_1_multimer_v2_pred_57.pdb	1	1	1	1	1	1	1	1	5
afm_dropout_full_model_1_multimer_v2_pred_58.pdb	1	1	1	1	1	1	1	1	5
afm_dropout_full_model_1_multimer_v2_pred_59.pdb	1	1	1	1	1	1	1	1	5
afm_dropout_full_model_1_multimer_v2_pred_6.pdb	1	1	1	1	1	1	1	1	5
afm_dropout_full_model_1_multimer_v2_pred_60.pdb	1	1	1	1	1	1	1	1	5
afm_dropout_full_model_1_multimer_v2_pred_61.pdb	1	1	1	1	1	1	1	1	5
afm_dropout_full_model_1_multimer_v2_pred_62.pdb	1	1	1	1	1	1	1	1	5
afm_dropout_full_model_1_multimer_v2_pred_63.pdb	1	1	1	1	1	1	1	1	5
afm_dropout_full_model_1_multimer_v2_pred_64.pdb	1	1	1	1	1	1	1	1	5
afm_dropout_full_model_1_multimer_v2_pred_65.pdb	1	1	1	1	1	1	1	1	5
afm_dropout_full_model_1_multimer_v2_pred_66.pdb	1	1	1	1	1	1	1	1	5
afm_dropout_full_model_1_multimer_v2_pred_7.pdb	1	1	1	1	1	1	1	1	5
afm_dropout_full_model_1_multimer_v2_pred_8.pdb	1	1	1	1	1	1	1	1	5
afm_dropout_full_model_1_multimer_v2_pred_9.pdb	1	1	1	1	1	1	1	1	5
afm_dropout_full_model_1_multimer_v3_pred_0.pdb	1	1	1	1	1	1	1	1	1
afm_dropout_full_model_1_multimer_v3_pred_1.pdb	1	1	1	1	1	1	1	1	26
afm_dropout_full_model_1_multimer_v3_pred_10.pdb	1	1	1	1	1	1	1	1	1
afm_dropout_full_model_1_multimer_v3_pred_11.pdb	1	1	1	1	1	1	1	1	1
afm_dropout_full_model_1_multimer_v3_pred_12.pdb	1	1	1	1	1	1	1	1	172
afm_dropout_full_model_1_multimer_v3_pred_13.pdb	1	1	1	1	1	1	1	1	26
afm_dropout_full_model_1_multimer_v3_pred_14.pdb	1	1	1	1	1	1	1	1	1
afm_dropout_full_model_1_multimer_v3_pred_15.pdb	1	1	1	1	1	1	1	1	26
afm_dropout_full_model_1_multimer_v3_pred_16.pdb	1	1	1	1	1	1	1	1	1
afm_dropout_full_model_1_multimer_v3_pred_17.pdb	1	1	1	1	1	1	1	1	1
afm_dropout_full_model_1_multimer_v3_pred_18.pdb	1	1	1	1	1	1	1	1	1
afm_dropout_full_model_1_multimer_v3_pred_19.pdb	1	1	1	1	1	1	1	1	26
afm_dropout_full_model_1_multimer_v3_pred_2.pdb	1	1	1	1	1	1	1	1	26
afm_dropout_full_model_1_multimer_v3_pred_20.pdb	1	1	1	1	1	1	1	1	26
afm_dropout_full_model_1_multimer_v3_pred_21.pdb	1	1	1	1	1	1	1	1	26
afm_dropout_full_model_1_multimer_v3_pred_22.pdb	1	1	1	1	1	1	1	1	1
afm_dropout_full_model_1_multimer_v3_pred_23.pdb	1	1	1	1	1	1	1	1	1
afm_dropout_full_model_1_multimer_v3_pred_24.pdb	1	1	1	1	1	1	1	1	1
afm_dropout_full_model_1_multimer_v3_pred_25.pdb	1	1	1	1	1	1	1	1	172
afm_dropout_full_model_1_multimer_v3_pred_26.pdb	1	1	1	1	1	1	1	1	1
afm_dropout_full_model_1_multimer_v3_pred_27.pdb	1	1	1	1	1	1	1	1	1
afm_dropout_full_model_1_multimer_v3_pred_28.pdb	1	1	1	1	1	1	1	1	26
afm_dropout_full_model_1_multimer_v3_pred_29.pdb	1	1	1	1	1	1	1	1	26
afm_dropout_full_model_1_multimer_v3_pred_3.pdb	1	1	1	1	1	1	1	1	26
afm_dropout_full_model_1_multimer_v3_pred_30.pdb	1	1	1	1	1	1	1	1	1
afm_dropout_full_model_1_multimer_v3_pred_31.pdb	1	1	1	1	1	1	1	1	26
afm_dropout_full_model_1_multimer_v3_pred_32.pdb	1	1	1	1	1	1	1	1	1
afm_dropout_full_model_1_multimer_v3_pred_33.pdb	1	1	1	1	1	1	1	1	1
afm_dropout_full_model_1_multimer_v3_pred_34.pdb	1	1	1	1	1	1	1	1	1
afm_dropout_full_model_1_multimer_v3_pred_35.pdb	1	1	1	1	1	1	1	1	26
afm_dropout_full_model_1_multimer_v3_pred_36.pdb	1	1	1	1	1	1	1	1	1
afm_dropout_full_model_1_multimer_v3_pred_37.pdb	1	1	1	1	1	1	1	1	26
afm_dropout_full_model_1_multimer_v3_pred_38.pdb	1	1	1	1	1	1	1	1	26
afm_dropout_full_model_1_multimer_v3_pred_39.pdb	1	1	1	1	1	1	1	1	26
afm_dropout_full_model_1_multimer_v3_pred_4.pdb	1	1	1	1	1	1	1	1	26
afm_dropout_full_model_1_multimer_v3_pred_40.pdb	1	1	1	1	1	1	1	1	1
afm_dropout_full_model_1_multimer_v3_pred_41.pdb	1	1	1	1	1	1	1	1	53
afm_dropout_full_model_1_multimer_v3_pred_42.pdb	1	1	1	1	1	1	1	1	1
afm_dropout_full_model_1_multimer_v3_pred_43.pdb	1	1	1	1	1	1	1	1	1
afm_dropout_full_model_1_multimer_v3_pred_44.pdb	1	1	1	1	1	1	1	1	26
afm_dropout_full_model_1_multimer_v3_pred_45.pdb	1	1	1	1	1	1	1	1	1
afm_dropout_full_model_1_multimer_v3_pred_46.pdb	1	1	1	1	1	1	1	1	26
afm_dropout_full_model_1_multimer_v3_pred_47.pdb	1	1	1	1	1	1	1	1	35
afm_dropout_full_model_1_multimer_v3_pred_48.pdb	1	1	1	1	1	1	1	1	26
afm_dropout_full_model_1_multimer_v3_pred_49.pdb	1	1	1	1	1	1	1	1	1
afm_dropout_full_model_1_multimer_v3_pred_5.pdb	1	1	1	1	1	1	1	1	26
afm_dropout_full_model_1_multimer_v3_pred_50.pdb	1	1	1	1	1	1	1	1	26
afm_dropout_full_model_1_multimer_v3_pred_51.pdb	1	1	1	1	1	1	1	1	1
afm_dropout_full_model_1_multimer_v3_pred_52.pdb	1	1	1	1	1	1	1	1	26
afm_dropout_full_model_1_multimer_v3_pred_53.pdb	1	1	1	1	1	1	1	1	26
afm_dropout_full_model_1_multimer_v3_pred_54.pdb	1	1	1	1	1	1	1	1	1
afm_dropout_full_model_1_multimer_v3_pred_55.pdb	1	1	1	1	1	1	1	1	26
afm_dropout_full_model_1_multimer_v3_pred_56.pdb	1	1	1	1	1	1	1	1	26
afm_dropout_full_model_1_multimer_v3_pred_57.pdb	1	1	1	1	1	1	1	1	1
afm_dropout_full_model_1_multimer_v3_pred_58.pdb	1	1	1	1	1	1	1	1	1
afm_dropout_full_model_1_multimer_v3_pred_59.pdb	1	1	1	1	1	1	1	1	26
afm_dropout_full_model_1_multimer_v3_pred_6.pdb	1	1	1	1	1	1	1	1	1
afm_dropout_full_model_1_multimer_v3_pred_60.pdb	1	1	1	1	1	1	1	1	1
afm_dropout_full_model_1_multimer_v3_pred_61.pdb	1	1	1	1	1	1	1	1	26
afm_dropout_full_model_1_multimer_v3_pred_62.pdb	1	1	1	1	1	1	1	1	1
afm_dropout_full_model_1_multimer_v3_pred_63.pdb	1	1	1	1	1	1	1	1	1
afm_dropout_full_model_1_multimer_v3_pred_64.pdb	1	1	1	1	1	1	1	1	26
afm_dropout_full_model_1_multimer_v3_pred_65.pdb	1	1	1	1	1	1	1	1	26
afm_dropout_full_model_1_multimer_v3_pred_66.pdb	1	1	1	1	1	1	1	1	26
afm_dropout_full_model_1_multimer_v3_pred_7.pdb	1	1	1	1	1	1	1	1	1
afm_dropout_full_model_1_multimer_v3_pred_8.pdb	1	1	1	1	1	1	1	1	1
afm_dropout_full_model_1_multimer_v3_pred_9.pdb	1	1	1	1	1	1	1	1	26
afm_dropout_full_model_2_multimer_v1_pred_0.pdb	1	1	1	1	1	1	1	1	4
afm_dropout_full_model_2_multimer_v1_pred_1.pdb	1	1	1	1	1	1	1	2	31
afm_dropout_full_model_2_multimer_v1_pred_10.pdb	1	1	1	1	1	1	1	1	31
afm_dropout_full_model_2_multimer_v1_pred_11.pdb	1	1	1	1	1	1	1	2	31
afm_dropout_full_model_2_multimer_v1_pred_12.pdb	1	1	1	1	1	1	1	2	31
afm_dropout_full_model_2_multimer_v1_pred_13.pdb	1	1	1	1	1	1	1	7	31
afm_dropout_full_model_2_multimer_v1_pred_14.pdb	1	1	1	1	1	1	1	2	31
afm_dropout_full_model_2_multimer_v1_pred_15.pdb	1	1	1	1	1	1	1	2	45
afm_dropout_full_model_2_multimer_v1_pred_16.pdb	1	1	1	1	1	1	1	1	31
afm_dropout_full_model_2_multimer_v1_pred_17.pdb	1	1	1	1	1	1	1	2	31
afm_dropout_full_model_2_multimer_v1_pred_18.pdb	1	1	1	1	1	1	1	2	31
afm_dropout_full_model_2_multimer_v1_pred_19.pdb	1	1	1	1	1	1	1	2	83
afm_dropout_full_model_2_multimer_v1_pred_2.pdb	1	1	1	1	1	1	1	1	31
afm_dropout_full_model_2_multimer_v1_pred_20.pdb	1	1	1	1	1	1	1	2	253
afm_dropout_full_model_2_multimer_v1_pred_21.pdb	1	1	1	1	1	1	1	2	83
afm_dropout_full_model_2_multimer_v1_pred_22.pdb	1	1	1	1	1	1	1	1	4
afm_dropout_full_model_2_multimer_v1_pred_23.pdb	1	1	1	1	1	1	1	2	173
afm_dropout_full_model_2_multimer_v1_pred_24.pdb	1	1	1	1	1	1	1	1	4
afm_dropout_full_model_2_multimer_v1_pred_25.pdb	1	1	1	1	1	1	1	1	122
afm_dropout_full_model_2_multimer_v1_pred_26.pdb	1	1	1	1	1	1	1	1	4
afm_dropout_full_model_2_multimer_v1_pred_27.pdb	1	1	1	1	1	1	1	1	31
afm_dropout_full_model_2_multimer_v1_pred_28.pdb	1	1	1	1	1	1	1	1	31
afm_dropout_full_model_2_multimer_v1_pred_29.pdb	1	1	1	1	1	1	1	1	31
afm_dropout_full_model_2_multimer_v1_pred_3.pdb	1	1	1	1	1	1	1	1	81
afm_dropout_full_model_2_multimer_v1_pred_30.pdb	1	1	1	1	1	1	1	7	31
afm_dropout_full_model_2_multimer_v1_pred_31.pdb	1	1	1	1	1	1	1	2	83
afm_dropout_full_model_2_multimer_v1_pred_32.pdb	1	1	1	1	1	1	1	2	174
afm_dropout_full_model_2_multimer_v1_pred_33.pdb	1	1	1	1	1	1	1	2	122
afm_dropout_full_model_2_multimer_v1_pred_34.pdb	1	1	1	1	1	1	1	2	83
afm_dropout_full_model_2_multimer_v1_pred_35.pdb	1	1	1	1	1	1	1	2	31
afm_dropout_full_model_2_multimer_v1_pred_36.pdb	1	1	1	1	1	1	1	1	31
afm_dropout_full_model_2_multimer_v1_pred_37.pdb	1	1	1	1	1	1	1	1	31
afm_dropout_full_model_2_multimer_v1_pred_38.pdb	1	1	1	1	1	1	1	1	174
afm_dropout_full_model_2_multimer_v1_pred_39.pdb	1	1	1	1	1	1	1	1	4
afm_dropout_full_model_2_multimer_v1_pred_4.pdb	1	1	1	1	1	1	1	2	31
afm_dropout_full_model_2_multimer_v1_pred_40.pdb	1	1	1	1	1	1	1	1	31
afm_dropout_full_model_2_multimer_v1_pred_41.pdb	1	1	1	1	1	1	1	2	122
afm_dropout_full_model_2_multimer_v1_pred_42.pdb	1	1	1	1	1	1	1	2	31
afm_dropout_full_model_2_multimer_v1_pred_43.pdb	1	1	1	1	1	1	1	1	31
afm_dropout_full_model_2_multimer_v1_pred_44.pdb	1	1	1	1	1	1	1	2	31
afm_dropout_full_model_2_multimer_v1_pred_45.pdb	1	1	1	1	1	1	1	1	4
afm_dropout_full_model_2_multimer_v1_pred_46.pdb	1	1	1	1	1	1	1	1	31
afm_dropout_full_model_2_multimer_v1_pred_47.pdb	1	1	1	1	1	1	1	2	173
afm_dropout_full_model_2_multimer_v1_pred_48.pdb	1	1	1	1	1	1	1	1	31
afm_dropout_full_model_2_multimer_v1_pred_49.pdb	1	1	1	1	1	1	1	1	4
afm_dropout_full_model_2_multimer_v1_pred_5.pdb	1	1	1	1	1	1	1	2	122
afm_dropout_full_model_2_multimer_v1_pred_50.pdb	1	1	1	1	1	1	1	2	31
afm_dropout_full_model_2_multimer_v1_pred_51.pdb	1	1	1	1	1	1	1	2	83
afm_dropout_full_model_2_multimer_v1_pred_52.pdb	1	1	1	1	1	1	1	1	31
afm_dropout_full_model_2_multimer_v1_pred_53.pdb	1	1	1	1	1	1	1	2	83
afm_dropout_full_model_2_multimer_v1_pred_54.pdb	1	1	1	1	1	1	1	2	83
afm_dropout_full_model_2_multimer_v1_pred_55.pdb	1	1	1	1	1	1	1	1	31
afm_dropout_full_model_2_multimer_v1_pred_56.pdb	1	1	1	1	1	1	1	2	83
afm_dropout_full_model_2_multimer_v1_pred_57.pdb	1	1	1	1	1	1	1	2	31
afm_dropout_full_model_2_multimer_v1_pred_58.pdb	1	1	1	1	1	1	1	1	31
afm_dropout_full_model_2_multimer_v1_pred_59.pdb	1	1	1	1	1	1	1	2	31
afm_dropout_full_model_2_multimer_v1_pred_6.pdb	1	1	1	1	1	1	1	1	31
afm_dropout_full_model_2_multimer_v1_pred_60.pdb	1	1	1	1	1	1	1	7	31
afm_dropout_full_model_2_multimer_v1_pred_61.pdb	1	1	1	1	1	1	1	1	254
afm_dropout_full_model_2_multimer_v1_pred_62.pdb	1	1	1	1	1	1	1	1	31
afm_dropout_full_model_2_multimer_v1_pred_63.pdb	1	1	1	1	1	1	1	1	31
afm_dropout_full_model_2_multimer_v1_pred_64.pdb	1	1	1	1	1	1	1	2	83
afm_dropout_full_model_2_multimer_v1_pred_65.pdb	1	1	1	1	1	1	1	7	31
afm_dropout_full_model_2_multimer_v1_pred_66.pdb	1	1	1	1	1	1	1	1	31
afm_dropout_full_model_2_multimer_v1_pred_7.pdb	1	1	1	1	1	1	1	1	31
afm_dropout_full_model_2_multimer_v1_pred_8.pdb	1	1	1	1	1	1	1	2	31
afm_dropout_full_model_2_multimer_v1_pred_9.pdb	1	1	1	1	1	1	1	1	4
afm_dropout_full_model_2_multimer_v2_pred_0.pdb	1	1	1	1	1	1	1	1	21
afm_dropout_full_model_2_multimer_v2_pred_1.pdb	1	1	1	1	1	1	1	1	21
afm_dropout_full_model_2_multimer_v2_pred_10.pdb	1	1	1	1	1	1	1	1	21
afm_dropout_full_model_2_multimer_v2_pred_11.pdb	1	1	1	1	1	1	1	1	21
afm_dropout_full_model_2_multimer_v2_pred_12.pdb	1	1	1	1	1	1	1	1	75
afm_dropout_full_model_2_multimer_v2_pred_13.pdb	1	1	1	1	1	1	1	1	21
afm_dropout_full_model_2_multimer_v2_pred_14.pdb	1	1	1	1	1	1	1	1	21
afm_dropout_full_model_2_multimer_v2_pred_15.pdb	1	1	1	1	1	1	1	1	21
afm_dropout_full_model_2_multimer_v2_pred_16.pdb	1	1	1	1	1	1	1	1	21
afm_dropout_full_model_2_multimer_v2_pred_17.pdb	1	1	1	1	1	1	1	1	21
afm_dropout_full_model_2_multimer_v2_pred_18.pdb	1	1	1	1	1	1	1	1	21
afm_dropout_full_model_2_multimer_v2_pred_19.pdb	1	1	1	1	1	1	1	1	21
afm_dropout_full_model_2_multimer_v2_pred_2.pdb	1	1	1	1	1	1	1	1	21
afm_dropout_full_model_2_multimer_v2_pred_20.pdb	1	1	1	1	1	1	1	1	21
afm_dropout_full_model_2_multimer_v2_pred_21.pdb	1	1	1	1	1	1	1	1	21
afm_dropout_full_model_2_multimer_v2_pred_22.pdb	1	1	1	1	1	1	1	1	21
afm_dropout_full_model_2_multimer_v2_pred_23.pdb	1	1	1	1	1	1	1	1	21
afm_dropout_full_model_2_multimer_v2_pred_24.pdb	1	1	1	1	1	1	1	1	21
afm_dropout_full_model_2_multimer_v2_pred_25.pdb	1	1	1	1	1	1	1	1	21
afm_dropout_full_model_2_multimer_v2_pred_26.pdb	1	1	1	1	1	1	1	1	7
afm_dropout_full_model_2_multimer_v2_pred_27.pdb	1	1	1	1	1	1	1	1	5
afm_dropout_full_model_2_multimer_v2_pred_28.pdb	1	1	1	1	1	1	1	1	75
afm_dropout_full_model_2_multimer_v2_pred_29.pdb	1	1	1	1	1	1	1	1	21
afm_dropout_full_model_2_multimer_v2_pred_3.pdb	1	1	1	1	1	1	1	1	7
afm_dropout_full_model_2_multimer_v2_pred_30.pdb	1	1	1	1	1	1	1	1	21
afm_dropout_full_model_2_multimer_v2_pred_31.pdb	1	1	1	1	1	1	1	1	21
afm_dropout_full_model_2_multimer_v2_pred_32.pdb	1	1	1	1	1	1	1	1	21
afm_dropout_full_model_2_multimer_v2_pred_33.pdb	1	1	1	1	1	1	1	1	21
afm_dropout_full_model_2_multimer_v2_pred_34.pdb	1	1	1	1	1	1	1	1	21
afm_dropout_full_model_2_multimer_v2_pred_35.pdb	1	1	1	1	1	1	1	1	7
afm_dropout_full_model_2_multimer_v2_pred_36.pdb	1	1	1	1	1	1	1	1	21
afm_dropout_full_model_2_multimer_v2_pred_37.pdb	1	1	1	1	1	1	1	1	21
afm_dropout_full_model_2_multimer_v2_pred_38.pdb	1	1	1	1	1	1	1	1	21
afm_dropout_full_model_2_multimer_v2_pred_39.pdb	1	1	1	1	1	1	1	1	21
afm_dropout_full_model_2_multimer_v2_pred_4.pdb	1	1	1	1	1	1	1	1	21
afm_dropout_full_model_2_multimer_v2_pred_40.pdb	1	1	1	1	1	1	1	1	21
afm_dropout_full_model_2_multimer_v2_pred_41.pdb	1	1	1	1	1	1	1	1	21
afm_dropout_full_model_2_multimer_v2_pred_42.pdb	1	1	1	1	1	1	1	1	21
afm_dropout_full_model_2_multimer_v2_pred_43.pdb	1	1	1	1	1	1	1	1	21
afm_dropout_full_model_2_multimer_v2_pred_44.pdb	1	1	1	1	1	1	1	1	21
afm_dropout_full_model_2_multimer_v2_pred_45.pdb	1	1	1	1	1	1	1	1	21
afm_dropout_full_model_2_multimer_v2_pred_46.pdb	1	1	1	1	1	1	1	1	21
afm_dropout_full_model_2_multimer_v2_pred_47.pdb	1	1	1	1	1	1	1	1	21
afm_dropout_full_model_2_multimer_v2_pred_48.pdb	1	1	1	1	1	1	1	1	21
afm_dropout_full_model_2_multimer_v2_pred_49.pdb	1	1	1	1	1	1	1	1	21
afm_dropout_full_model_2_multimer_v2_pred_5.pdb	1	1	1	1	1	1	1	1	21
afm_dropout_full_model_2_multimer_v2_pred_50.pdb	1	1	1	1	1	1	1	1	7
afm_dropout_full_model_2_multimer_v2_pred_51.pdb	1	1	1	1	1	1	1	1	21
afm_dropout_full_model_2_multimer_v2_pred_52.pdb	1	1	1	1	1	1	1	1	21
afm_dropout_full_model_2_multimer_v2_pred_53.pdb	1	1	1	1	1	1	1	1	21
afm_dropout_full_model_2_multimer_v2_pred_54.pdb	1	1	1	1	1	1	1	1	21
afm_dropout_full_model_2_multimer_v2_pred_55.pdb	1	1	1	1	1	1	1	1	21
afm_dropout_full_model_2_multimer_v2_pred_56.pdb	1	1	1	1	1	1	1	1	21
afm_dropout_full_model_2_multimer_v2_pred_57.pdb	1	1	1	1	1	1	1	1	21
afm_dropout_full_model_2_multimer_v2_pred_58.pdb	1	1	1	1	1	1	1	1	21
afm_dropout_full_model_2_multimer_v2_pred_59.pdb	1	1	1	1	1	1	1	1	21
afm_dropout_full_model_2_multimer_v2_pred_6.pdb	1	1	1	1	1	1	1	1	7
afm_dropout_full_model_2_multimer_v2_pred_60.pdb	1	1	1	1	1	1	1	1	21
afm_dropout_full_model_2_multimer_v2_pred_61.pdb	1	1	1	1	1	1	1	1	21
afm_dropout_full_model_2_multimer_v2_pred_62.pdb	1	1	1	1	1	1	1	1	21
afm_dropout_full_model_2_multimer_v2_pred_63.pdb	1	1	1	1	1	1	1	1	7
afm_dropout_full_model_2_multimer_v2_pred_64.pdb	1	1	1	1	1	1	1	1	21
afm_dropout_full_model_2_multimer_v2_pred_65.pdb	1	1	1	1	1	1	1	1	21
afm_dropout_full_model_2_multimer_v2_pred_66.pdb	1	1	1	1	1	1	1	1	21
afm_dropout_full_model_2_multimer_v2_pred_7.pdb	1	1	1	1	1	1	1	1	21
afm_dropout_full_model_2_multimer_v2_pred_8.pdb	1	1	1	1	1	1	1	1	7
afm_dropout_full_model_2_multimer_v2_pred_9.pdb	1	1	1	1	1	1	1	1	21
afm_dropout_full_model_2_multimer_v3_pred_0.pdb	1	1	1	1	1	1	1	1	26
afm_dropout_full_model_2_multimer_v3_pred_1.pdb	1	1	1	1	1	1	1	1	1
afm_dropout_full_model_2_multimer_v3_pred_10.pdb	1	1	1	1	1	1	1	1	1
afm_dropout_full_model_2_multimer_v3_pred_11.pdb	1	1	1	1	1	1	1	1	26
afm_dropout_full_model_2_multimer_v3_pred_12.pdb	1	1	1	1	1	1	1	1	1
afm_dropout_full_model_2_multimer_v3_pred_13.pdb	1	1	1	1	1	1	1	1	55
afm_dropout_full_model_2_multimer_v3_pred_14.pdb	1	1	1	1	1	1	1	1	1
afm_dropout_full_model_2_multimer_v3_pred_15.pdb	1	1	1	1	1	1	1	1	1
afm_dropout_full_model_2_multimer_v3_pred_16.pdb	1	1	1	1	1	1	1	1	55
afm_dropout_full_model_2_multimer_v3_pred_17.pdb	1	1	1	1	1	1	1	1	1
afm_dropout_full_model_2_multimer_v3_pred_18.pdb	1	1	1	1	1	1	1	1	1
afm_dropout_full_model_2_multimer_v3_pred_19.pdb	1	1	1	1	1	1	1	1	1
afm_dropout_full_model_2_multimer_v3_pred_2.pdb	1	1	1	1	1	1	1	1	26
afm_dropout_full_model_2_multimer_v3_pred_20.pdb	1	1	1	1	1	1	1	1	1
afm_dropout_full_model_2_multimer_v3_pred_21.pdb	1	1	1	1	1	1	1	1	1
afm_dropout_full_model_2_multimer_v3_pred_22.pdb	1	1	1	1	1	1	1	1	1
afm_dropout_full_model_2_multimer_v3_pred_23.pdb	1	1	1	1	1	1	1	1	26
afm_dropout_full_model_2_multimer_v3_pred_24.pdb	1	1	1	1	1	1	1	1	55
afm_dropout_full_model_2_multimer_v3_pred_25.pdb	1	1	1	1	1	1	1	1	55
afm_dropout_full_model_2_multimer_v3_pred_26.pdb	1	1	1	1	1	1	1	1	1
afm_dropout_full_model_2_multimer_v3_pred_27.pdb	1	1	1	1	1	1	1	1	1
afm_dropout_full_model_2_multimer_v3_pred_28.pdb	1	1	1	1	1	1	1	1	1
afm_dropout_full_model_2_multimer_v3_pred_29.pdb	1	1	1	1	1	1	1	1	26
afm_dropout_full_model_2_multimer_v3_pred_3.pdb	1	1	1	1	1	1	1	1	26
afm_dropout_full_model_2_multimer_v3_pred_30.pdb	1	1	1	1	1	1	1	1	1
afm_dropout_full_model_2_multimer_v3_pred_31.pdb	1	1	1	1	1	1	1	1	1
afm_dropout_full_model_2_multimer_v3_pred_32.pdb	1	1	1	1	1	1	1	1	26
afm_dropout_full_model_2_multimer_v3_pred_33.pdb	1	1	1	1	1	1	1	1	1
afm_dropout_full_model_2_multimer_v3_pred_34.pdb	1	1	1	1	1	1	1	1	26
afm_dropout_full_model_2_multimer_v3_pred_35.pdb	1	1	1	1	1	1	1	1	1
afm_dropout_full_model_2_multimer_v3_pred_36.pdb	1	1	1	1	1	1	1	1	1
afm_dropout_full_model_2_multimer_v3_pred_37.pdb	1	1	1	1	1	1	1	1	1
afm_dropout_full_model_2_multimer_v3_pred_38.pdb	1	1	1	1	1	1	1	1	1
afm_dropout_full_model_2_multimer_v3_pred_39.pdb	1	1	1	1	1	1	1	1	26
afm_dropout_full_model_2_multimer_v3_pred_4.pdb	1	1	1	1	1	1	1	1	1
afm_dropout_full_model_2_multimer_v3_pred_40.pdb	1	1	1	1	1	1	1	1	55
afm_dropout_full_model_2_multimer_v3_pred_41.pdb	1	1	1	1	1	1	1	1	1
afm_dropout_full_model_2_multimer_v3_pred_42.pdb	1	1	1	1	1	1	1	1	1
afm_dropout_full_model_2_multimer_v3_pred_43.pdb	1	1	1	1	1	1	1	1	1
afm_dropout_full_model_2_multimer_v3_pred_44.pdb	1	1	1	1	1	1	1	1	1
afm_dropout_full_model_2_multimer_v3_pred_45.pdb	1	1	1	1	1	1	1	1	26
afm_dropout_full_model_2_multimer_v3_pred_46.pdb	1	1	1	1	1	1	1	1	55
afm_dropout_full_model_2_multimer_v3_pred_47.pdb	1	1	1	1	1	1	1	1	55
afm_dropout_full_model_2_multimer_v3_pred_48.pdb	1	1	1	1	1	1	1	1	1
afm_dropout_full_model_2_multimer_v3_pred_49.pdb	1	1	1	1	1	1	1	1	1
afm_dropout_full_model_2_multimer_v3_pred_5.pdb	1	1	1	1	1	1	1	1	1
afm_dropout_full_model_2_multimer_v3_pred_50.pdb	1	1	1	1	1	1	1	1	55
afm_dropout_full_model_2_multimer_v3_pred_51.pdb	1	1	1	1	1	1	1	1	55
afm_dropout_full_model_2_multimer_v3_pred_52.pdb	1	1	1	1	1	1	1	1	55
afm_dropout_full_model_2_multimer_v3_pred_53.pdb	1	1	1	1	1	1	1	1	1
afm_dropout_full_model_2_multimer_v3_pred_54.pdb	1	1	1	1	1	1	1	1	26
afm_dropout_full_model_2_multimer_v3_pred_55.pdb	1	1	1	1	1	1	1	1	1
afm_dropout_full_model_2_multimer_v3_pred_56.pdb	1	1	1	1	1	1	1	1	1
afm_dropout_full_model_2_multimer_v3_pred_57.pdb	1	1	1	1	1	1	1	1	1
afm_dropout_full_model_2_multimer_v3_pred_58.pdb	1	1	1	1	1	1	1	1	55
afm_dropout_full_model_2_multimer_v3_pred_59.pdb	1	1	1	1	1	1	1	1	1
afm_dropout_full_model_2_multimer_v3_pred_6.pdb	1	1	1	1	1	1	1	1	1
afm_dropout_full_model_2_multimer_v3_pred_60.pdb	1	1	1	1	1	1	1	1	1
afm_dropout_full_model_2_multimer_v3_pred_61.pdb	1	1	1	1	1	1	1	1	1
afm_dropout_full_model_2_multimer_v3_pred_62.pdb	1	1	1	1	1	1	1	1	26
afm_dropout_full_model_2_multimer_v3_pred_63.pdb	1	1	1	1	1	1	1	1	1
afm_dropout_full_model_2_multimer_v3_pred_64.pdb	1	1	1	1	1	1	1	1	26
afm_dropout_full_model_2_multimer_v3_pred_65.pdb	1	1	1	1	1	1	1	1	1
afm_dropout_full_model_2_multimer_v3_pred_66.pdb	1	1	1	1	1	1	1	1	55
afm_dropout_full_model_2_multimer_v3_pred_7.pdb	1	1	1	1	1	1	1	1	1
afm_dropout_full_model_2_multimer_v3_pred_8.pdb	1	1	1	1	1	1	1	1	55
afm_dropout_full_model_2_multimer_v3_pred_9.pdb	1	1	1	1	1	1	1	1	55
afm_dropout_full_model_3_multimer_v1_pred_0.pdb	1	1	1	1	1	1	1	2	45
afm_dropout_full_model_3_multimer_v1_pred_1.pdb	1	1	1	1	1	1	1	2	45
afm_dropout_full_model_3_multimer_v1_pred_10.pdb	1	1	1	1	1	1	1	2	123
afm_dropout_full_model_3_multimer_v1_pred_11.pdb	1	1	1	1	1	1	1	2	19
afm_dropout_full_model_3_multimer_v1_pred_12.pdb	1	1	1	1	1	1	1	1	255
afm_dropout_full_model_3_multimer_v1_pred_13.pdb	1	1	1	1	1	1	1	2	175
afm_dropout_full_model_3_multimer_v1_pred_14.pdb	1	1	1	1	1	1	1	2	45
afm_dropout_full_model_3_multimer_v1_pred_15.pdb	1	1	1	1	1	1	1	2	123
afm_dropout_full_model_3_multimer_v1_pred_16.pdb	1	1	1	1	1	1	1	1	4
afm_dropout_full_model_3_multimer_v1_pred_17.pdb	1	1	1	1	1	1	1	2	19
afm_dropout_full_model_3_multimer_v1_pred_18.pdb	1	1	1	1	1	1	1	1	175
afm_dropout_full_model_3_multimer_v1_pred_19.pdb	1	1	1	1	1	1	1	2	45
afm_dropout_full_model_3_multimer_v1_pred_2.pdb	1	1	1	1	1	1	1	2	45
afm_dropout_full_model_3_multimer_v1_pred_20.pdb	1	1	1	1	1	1	1	2	19
afm_dropout_full_model_3_multimer_v1_pred_21.pdb	1	1	1	1	1	1	1	2	19
afm_dropout_full_model_3_multimer_v1_pred_22.pdb	1	1	1	1	1	1	1	2	19
afm_dropout_full_model_3_multimer_v1_pred_23.pdb	1	1	1	1	1	1	1	2	256
afm_dropout_full_model_3_multimer_v1_pred_24.pdb	1	1	1	1	1	1	1	2	19
afm_dropout_full_model_3_multimer_v1_pred_25.pdb	1	1	1	1	1	1	1	2	19
afm_dropout_full_model_3_multimer_v1_pred_26.pdb	1	1	1	1	1	1	1	2	19
afm_dropout_full_model_3_multimer_v1_pred_27.pdb	1	1	1	1	1	1	1	2	45
afm_dropout_full_model_3_multimer_v1_pred_28.pdb	1	1	1	1	1	1	1	2	19
afm_dropout_full_model_3_multimer_v1_pred_29.pdb	1	1	1	1	1	1	1	2	19
afm_dropout_full_model_3_multimer_v1_pred_3.pdb	1	1	1	1	1	1	1	2	45
afm_dropout_full_model_3_multimer_v1_pred_30.pdb	1	1	1	1	1	1	1	2	45
afm_dropout_full_model_3_multimer_v1_pred_31.pdb	1	1	1	1	1	1	1	2	19
afm_dropout_full_model_3_multimer_v1_pred_32.pdb	1	1	1	1	1	1	1	2	19
afm_dropout_full_model_3_multimer_v1_pred_33.pdb	1	1	1	1	1	1	1	2	45
afm_dropout_full_model_3_multimer_v1_pred_34.pdb	1	1	1	1	1	1	1	2	123
afm_dropout_full_model_3_multimer_v1_pred_35.pdb	1	1	1	1	1	1	1	2	45
afm_dropout_full_model_3_multimer_v1_pred_36.pdb	1	1	1	1	1	1	1	1	45
afm_dropout_full_model_3_multimer_v1_pred_37.pdb	1	1	1	1	1	1	1	2	45
afm_dropout_full_model_3_multimer_v1_pred_38.pdb	1	1	1	1	1	1	1	2	19
afm_dropout_full_model_3_multimer_v1_pred_39.pdb	1	1	1	1	1	1	1	2	45
afm_dropout_full_model_3_multimer_v1_pred_4.pdb	1	1	1	1	1	1	1	2	19
afm_dropout_full_model_3_multimer_v1_pred_40.pdb	1	1	1	1	1	1	1	2	45
afm_dropout_full_model_3_multimer_v1_pred_41.pdb	1	1	1	1	1	1	1	2	19
afm_dropout_full_model_3_multimer_v1_pred_42.pdb	1	1	1	1	1	1	1	2	19
afm_dropout_full_model_3_multimer_v1_pred_43.pdb	1	1	1	1	1	1	1	2	4
afm_dropout_full_model_3_multimer_v1_pred_44.pdb	1	1	1	1	1	1	1	2	19
afm_dropout_full_model_3_multimer_v1_pred_45.pdb	1	1	1	1	1	1	1	2	19
afm_dropout_full_model_3_multimer_v1_pred_46.pdb	1	1	1	1	1	1	1	2	45
afm_dropout_full_model_3_multimer_v1_pred_47.pdb	1	1	1	1	1	1	1	2	45
afm_dropout_full_model_3_multimer_v1_pred_48.pdb	1	1	1	1	1	1	1	2	257
afm_dropout_full_model_3_multimer_v1_pred_49.pdb	1	1	1	1	1	1	1	2	45
afm_dropout_full_model_3_multimer_v1_pred_5.pdb	1	1	1	1	1	1	1	2	45
afm_dropout_full_model_3_multimer_v1_pred_50.pdb	1	1	1	1	1	1	1	2	45
afm_dropout_full_model_3_multimer_v1_pred_51.pdb	1	1	1	1	1	1	1	2	45
afm_dropout_full_model_3_multimer_v1_pred_52.pdb	1	1	1	1	1	1	1	2	19
afm_dropout_full_model_3_multimer_v1_pred_53.pdb	1	1	1	1	1	1	1	2	19
afm_dropout_full_model_3_multimer_v1_pred_54.pdb	1	1	1	1	1	1	1	2	19
afm_dropout_full_model_3_multimer_v1_pred_55.pdb	1	1	1	1	1	1	1	2	45
afm_dropout_full_model_3_multimer_v1_pred_56.pdb	1	1	1	1	1	1	1	2	45
afm_dropout_full_model_3_multimer_v1_pred_57.pdb	1	1	1	1	1	1	1	2	19
afm_dropout_full_model_3_multimer_v1_pred_58.pdb	1	1	1	1	1	1	1	2	19
afm_dropout_full_model_3_multimer_v1_pred_59.pdb	1	1	1	1	1	1	1	2	19
afm_dropout_full_model_3_multimer_v1_pred_6.pdb	1	1	1	1	1	1	1	2	45
afm_dropout_full_model_3_multimer_v1_pred_60.pdb	1	1	1	1	1	1	1	2	19
afm_dropout_full_model_3_multimer_v1_pred_61.pdb	1	1	1	1	1	1	1	2	19
afm_dropout_full_model_3_multimer_v1_pred_62.pdb	1	1	1	1	1	1	1	2	19
afm_dropout_full_model_3_multimer_v1_pred_63.pdb	1	1	1	1	1	1	1	2	45
afm_dropout_full_model_3_multimer_v1_pred_64.pdb	1	1	1	1	1	1	1	2	19
afm_dropout_full_model_3_multimer_v1_pred_65.pdb	1	1	1	1	1	1	1	2	19
afm_dropout_full_model_3_multimer_v1_pred_66.pdb	1	1	1	1	1	1	1	2	45
afm_dropout_full_model_3_multimer_v1_pred_7.pdb	1	1	1	1	1	1	1	2	123
afm_dropout_full_model_3_multimer_v1_pred_8.pdb	1	1	1	1	1	1	1	2	19
afm_dropout_full_model_3_multimer_v1_pred_9.pdb	1	1	1	1	1	1	1	2	19
afm_dropout_full_model_3_multimer_v2_pred_0.pdb	1	1	1	1	1	1	1	1	91
afm_dropout_full_model_3_multimer_v2_pred_1.pdb	1	1	1	1	1	1	1	1	44
afm_dropout_full_model_3_multimer_v2_pred_10.pdb	1	1	1	1	1	1	1	1	44
afm_dropout_full_model_3_multimer_v2_pred_11.pdb	1	1	1	1	1	1	1	1	5
afm_dropout_full_model_3_multimer_v2_pred_12.pdb	1	1	1	1	1	1	1	1	5
afm_dropout_full_model_3_multimer_v2_pred_13.pdb	1	1	1	1	1	1	1	23	91
afm_dropout_full_model_3_multimer_v2_pred_14.pdb	1	1	1	1	1	1	1	1	5
afm_dropout_full_model_3_multimer_v2_pred_15.pdb	1	1	1	1	1	1	1	1	44
afm_dropout_full_model_3_multimer_v2_pred_16.pdb	1	1	1	1	1	1	1	1	5
afm_dropout_full_model_3_multimer_v2_pred_17.pdb	1	1	1	1	1	1	1	1	44
afm_dropout_full_model_3_multimer_v2_pred_18.pdb	1	1	1	1	1	1	1	1	5
afm_dropout_full_model_3_multimer_v2_pred_19.pdb	1	1	1	1	1	1	1	1	44
afm_dropout_full_model_3_multimer_v2_pred_2.pdb	1	1	1	1	1	1	1	1	44
afm_dropout_full_model_3_multimer_v2_pred_20.pdb	1	1	1	1	1	1	1	1	5
afm_dropout_full_model_3_multimer_v2_pred_21.pdb	1	1	1	1	1	1	1	1	44
afm_dropout_full_model_3_multimer_v2_pred_22.pdb	1	1	1	1	1	1	1	1	5
afm_dropout_full_model_3_multimer_v2_pred_23.pdb	1	1	1	1	1	1	1	1	91
afm_dropout_full_model_3_multimer_v2_pred_24.pdb	1	1	1	1	1	1	1	1	109
afm_dropout_full_model_3_multimer_v2_pred_25.pdb	1	1	1	1	1	1	1	1	5
afm_dropout_full_model_3_multimer_v2_pred_26.pdb	1	1	1	1	1	1	1	1	5
afm_dropout_full_model_3_multimer_v2_pred_27.pdb	1	1	1	1	1	1	1	1	5
afm_dropout_full_model_3_multimer_v2_pred_28.pdb	1	1	1	1	1	1	1	1	109
afm_dropout_full_model_3_multimer_v2_pred_29.pdb	1	1	1	1	1	1	1	1	5
afm_dropout_full_model_3_multimer_v2_pred_3.pdb	1	1	1	1	1	1	1	1	44
afm_dropout_full_model_3_multimer_v2_pred_30.pdb	1	1	1	1	1	1	1	1	44
afm_dropout_full_model_3_multimer_v2_pred_31.pdb	1	1	1	1	1	1	1	23	91
afm_dropout_full_model_3_multimer_v2_pred_32.pdb	1	1	1	1	1	1	1	1	44
afm_dropout_full_model_3_multimer_v2_pred_33.pdb	1	1	1	1	1	1	1	1	109
afm_dropout_full_model_3_multimer_v2_pred_34.pdb	1	1	1	1	1	1	1	1	44
afm_dropout_full_model_3_multimer_v2_pred_35.pdb	1	1	1	1	1	1	1	1	44
afm_dropout_full_model_3_multimer_v2_pred_36.pdb	1	1	1	1	1	1	1	1	5
afm_dropout_full_model_3_multimer_v2_pred_37.pdb	1	1	1	1	1	1	1	1	5
afm_dropout_full_model_3_multimer_v2_pred_38.pdb	1	1	1	1	1	1	1	1	44
afm_dropout_full_model_3_multimer_v2_pred_39.pdb	1	1	1	1	1	1	1	1	91
afm_dropout_full_model_3_multimer_v2_pred_4.pdb	1	1	1	1	1	1	1	1	5
afm_dropout_full_model_3_multimer_v2_pred_40.pdb	1	1	1	1	1	1	1	1	109
afm_dropout_full_model_3_multimer_v2_pred_41.pdb	1	1	1	1	1	1	1	1	5
afm_dropout_full_model_3_multimer_v2_pred_42.pdb	1	1	1	1	1	1	1	1	44
afm_dropout_full_model_3_multimer_v2_pred_43.pdb	1	1	1	1	1	1	1	1	5
afm_dropout_full_model_3_multimer_v2_pred_44.pdb	1	1	1	1	1	1	1	1	44
afm_dropout_full_model_3_multimer_v2_pred_45.pdb	1	1	1	1	1	1	1	1	44
afm_dropout_full_model_3_multimer_v2_pred_46.pdb	1	1	1	1	1	1	1	1	5
afm_dropout_full_model_3_multimer_v2_pred_47.pdb	1	1	1	1	1	1	1	1	109
afm_dropout_full_model_3_multimer_v2_pred_48.pdb	1	1	1	1	1	1	1	1	5
afm_dropout_full_model_3_multimer_v2_pred_49.pdb	1	1	1	1	1	1	1	1	44
afm_dropout_full_model_3_multimer_v2_pred_5.pdb	1	1	1	1	1	1	1	1	91
afm_dropout_full_model_3_multimer_v2_pred_50.pdb	1	1	1	1	1	1	1	1	5
afm_dropout_full_model_3_multimer_v2_pred_51.pdb	1	1	1	1	1	1	1	1	5
afm_dropout_full_model_3_multimer_v2_pred_52.pdb	1	1	1	1	1	1	1	1	5
afm_dropout_full_model_3_multimer_v2_pred_53.pdb	1	1	1	1	1	1	1	1	5
afm_dropout_full_model_3_multimer_v2_pred_54.pdb	1	1	1	1	1	1	1	1	5
afm_dropout_full_model_3_multimer_v2_pred_55.pdb	1	1	1	1	1	1	1	1	5
afm_dropout_full_model_3_multimer_v2_pred_56.pdb	1	1	1	1	1	1	1	1	44
afm_dropout_full_model_3_multimer_v2_pred_57.pdb	1	1	1	1	1	1	1	1	5
afm_dropout_full_model_3_multimer_v2_pred_58.pdb	1	1	1	1	1	1	1	1	91
afm_dropout_full_model_3_multimer_v2_pred_59.pdb	1	1	1	1	1	1	1	1	5
afm_dropout_full_model_3_multimer_v2_pred_6.pdb	1	1	1	1	1	1	1	1	5
afm_dropout_full_model_3_multimer_v2_pred_60.pdb	1	1	1	1	1	1	1	1	5
afm_dropout_full_model_3_multimer_v2_pred_61.pdb	1	1	1	1	1	1	1	1	5
afm_dropout_full_model_3_multimer_v2_pred_62.pdb	1	1	1	1	1	1	1	1	5
afm_dropout_full_model_3_multimer_v2_pred_63.pdb	1	1	1	1	1	1	1	1	5
afm_dropout_full_model_3_multimer_v2_pred_64.pdb	1	1	1	1	1	1	1	1	5
afm_dropout_full_model_3_multimer_v2_pred_65.pdb	1	1	1	1	1	1	1	1	44
afm_dropout_full_model_3_multimer_v2_pred_66.pdb	1	1	1	1	1	1	1	1	44
afm_dropout_full_model_3_multimer_v2_pred_7.pdb	1	1	1	1	1	1	1	1	44
afm_dropout_full_model_3_multimer_v2_pred_8.pdb	1	1	1	1	1	1	1	1	44
afm_dropout_full_model_3_multimer_v2_pred_9.pdb	1	1	1	1	1	1	1	1	5
afm_dropout_full_model_3_multimer_v3_pred_0.pdb	1	1	1	1	1	1	1	1	3
afm_dropout_full_model_3_multimer_v3_pred_1.pdb	1	1	1	1	1	1	1	1	3
afm_dropout_full_model_3_multimer_v3_pred_10.pdb	1	1	1	1	1	1	1	1	15
afm_dropout_full_model_3_multimer_v3_pred_11.pdb	1	1	1	1	1	1	1	1	15
afm_dropout_full_model_3_multimer_v3_pred_12.pdb	1	1	1	1	1	1	1	1	3
afm_dropout_full_model_3_multimer_v3_pred_13.pdb	1	1	1	1	1	1	1	1	15
afm_dropout_full_model_3_multimer_v3_pred_14.pdb	1	1	1	1	1	1	1	1	3
afm_dropout_full_model_3_multimer_v3_pred_15.pdb	1	1	1	1	1	1	1	1	3
afm_dropout_full_model_3_multimer_v3_pred_16.pdb	1	1	1	1	1	1	1	1	3
afm_dropout_full_model_3_multimer_v3_pred_17.pdb	1	1	1	1	1	1	1	1	3
afm_dropout_full_model_3_multimer_v3_pred_18.pdb	1	1	1	1	1	1	1	1	3
afm_dropout_full_model_3_multimer_v3_pred_19.pdb	1	1	1	1	1	1	1	1	3
afm_dropout_full_model_3_multimer_v3_pred_2.pdb	1	1	1	1	1	1	1	1	15
afm_dropout_full_model_3_multimer_v3_pred_20.pdb	1	1	1	1	1	1	1	1	3
afm_dropout_full_model_3_multimer_v3_pred_21.pdb	1	1	1	1	1	1	1	1	15
afm_dropout_full_model_3_multimer_v3_pred_22.pdb	1	1	1	1	1	1	1	1	3
afm_dropout_full_model_3_multimer_v3_pred_23.pdb	1	1	1	1	1	1	1	1	3
afm_dropout_full_model_3_multimer_v3_pred_24.pdb	1	1	1	1	1	1	1	1	3
afm_dropout_full_model_3_multimer_v3_pred_25.pdb	1	1	1	1	1	1	1	1	3
afm_dropout_full_model_3_multimer_v3_pred_26.pdb	1	1	1	1	1	1	1	1	3
afm_dropout_full_model_3_multimer_v3_pred_27.pdb	1	1	1	1	1	1	1	1	15
afm_dropout_full_model_3_multimer_v3_pred_28.pdb	1	1	1	1	1	1	1	1	15
afm_dropout_full_model_3_multimer_v3_pred_29.pdb	1	1	1	1	1	1	1	1	3
afm_dropout_full_model_3_multimer_v3_pred_3.pdb	1	1	1	1	1	1	1	1	15
afm_dropout_full_model_3_multimer_v3_pred_30.pdb	1	1	1	1	1	1	1	1	15
afm_dropout_full_model_3_multimer_v3_pred_31.pdb	1	1	1	1	1	1	1	1	3
afm_dropout_full_model_3_multimer_v3_pred_32.pdb	1	1	1	1	1	1	1	1	15
afm_dropout_full_model_3_multimer_v3_pred_33.pdb	1	1	1	1	1	1	1	1	3
afm_dropout_full_model_3_multimer_v3_pred_34.pdb	1	1	1	1	1	1	1	1	76
afm_dropout_full_model_3_multimer_v3_pred_35.pdb	1	1	1	1	1	1	1	1	3
afm_dropout_full_model_3_multimer_v3_pred_36.pdb	1	1	1	1	1	1	1	1	3
afm_dropout_full_model_3_multimer_v3_pred_37.pdb	1	1	1	1	1	1	1	1	3
afm_dropout_full_model_3_multimer_v3_pred_38.pdb	1	1	1	1	1	1	1	1	15
afm_dropout_full_model_3_multimer_v3_pred_39.pdb	1	1	1	1	1	1	1	1	15
afm_dropout_full_model_3_multimer_v3_pred_4.pdb	1	1	1	1	1	1	1	1	3
afm_dropout_full_model_3_multimer_v3_pred_40.pdb	1	1	1	1	1	1	1	1	3
afm_dropout_full_model_3_multimer_v3_pred_41.pdb	1	1	1	1	1	1	1	1	3
afm_dropout_full_model_3_multimer_v3_pred_42.pdb	1	1	1	1	1	1	1	1	3
afm_dropout_full_model_3_multimer_v3_pred_43.pdb	1	1	1	1	1	1	1	1	3
afm_dropout_full_model_3_multimer_v3_pred_44.pdb	1	1	1	1	1	1	1	1	3
afm_dropout_full_model_3_multimer_v3_pred_45.pdb	1	1	1	1	1	1	1	1	3
afm_dropout_full_model_3_multimer_v3_pred_46.pdb	1	1	1	1	1	1	1	1	3
afm_dropout_full_model_3_multimer_v3_pred_47.pdb	1	1	1	1	1	1	1	1	3
afm_dropout_full_model_3_multimer_v3_pred_48.pdb	1	1	1	1	1	1	1	1	3
afm_dropout_full_model_3_multimer_v3_pred_49.pdb	1	1	1	1	1	1	1	1	15
afm_dropout_full_model_3_multimer_v3_pred_5.pdb	1	1	1	1	1	1	1	1	3
afm_dropout_full_model_3_multimer_v3_pred_50.pdb	1	1	1	1	1	1	1	1	3
afm_dropout_full_model_3_multimer_v3_pred_51.pdb	1	1	1	1	1	1	1	1	76
afm_dropout_full_model_3_multimer_v3_pred_52.pdb	1	1	1	1	1	1	1	1	3
afm_dropout_full_model_3_multimer_v3_pred_53.pdb	1	1	1	1	1	1	1	1	3
afm_dropout_full_model_3_multimer_v3_pred_54.pdb	1	1	1	1	1	1	1	1	3
afm_dropout_full_model_3_multimer_v3_pred_55.pdb	1	1	1	1	1	1	1	1	3
afm_dropout_full_model_3_multimer_v3_pred_56.pdb	1	1	1	1	1	1	1	1	3
afm_dropout_full_model_3_multimer_v3_pred_57.pdb	1	1	1	1	1	1	1	1	15
afm_dropout_full_model_3_multimer_v3_pred_58.pdb	1	1	1	1	1	1	1	1	15
afm_dropout_full_model_3_multimer_v3_pred_59.pdb	1	1	1	1	1	1	1	1	15
afm_dropout_full_model_3_multimer_v3_pred_6.pdb	1	1	1	1	1	1	1	1	76
afm_dropout_full_model_3_multimer_v3_pred_60.pdb	1	1	1	1	1	1	1	1	15
afm_dropout_full_model_3_multimer_v3_pred_61.pdb	1	1	1	1	1	1	1	1	3
afm_dropout_full_model_3_multimer_v3_pred_62.pdb	1	1	1	1	1	1	1	1	15
afm_dropout_full_model_3_multimer_v3_pred_63.pdb	1	1	1	1	1	1	1	1	76
afm_dropout_full_model_3_multimer_v3_pred_64.pdb	1	1	1	1	1	1	1	1	3
afm_dropout_full_model_3_multimer_v3_pred_65.pdb	1	1	1	1	1	1	1	1	3
afm_dropout_full_model_3_multimer_v3_pred_66.pdb	1	1	1	1	1	1	1	1	3
afm_dropout_full_model_3_multimer_v3_pred_7.pdb	1	1	1	1	1	1	1	1	3
afm_dropout_full_model_3_multimer_v3_pred_8.pdb	1	1	1	1	1	1	1	1	3
afm_dropout_full_model_3_multimer_v3_pred_9.pdb	1	1	1	1	1	1	1	1	76
afm_dropout_full_model_4_multimer_v1_pred_0.pdb	1	1	1	1	1	1	1	1	4
afm_dropout_full_model_4_multimer_v1_pred_1.pdb	1	1	1	1	1	1	1	1	81
afm_dropout_full_model_4_multimer_v1_pred_10.pdb	1	1	1	1	1	1	1	1	4
afm_dropout_full_model_4_multimer_v1_pred_11.pdb	1	1	1	1	1	1	1	1	4
afm_dropout_full_model_4_multimer_v1_pred_12.pdb	1	1	1	1	1	1	1	1	4
afm_dropout_full_model_4_multimer_v1_pred_13.pdb	1	1	1	1	1	1	1	1	110
afm_dropout_full_model_4_multimer_v1_pred_14.pdb	1	1	1	1	1	1	1	1	4
afm_dropout_full_model_4_multimer_v1_pred_15.pdb	1	1	1	1	1	1	1	1	4
afm_dropout_full_model_4_multimer_v1_pred_16.pdb	1	1	1	1	1	1	1	1	4
afm_dropout_full_model_4_multimer_v1_pred_17.pdb	1	1	1	1	1	1	1	1	4
afm_dropout_full_model_4_multimer_v1_pred_18.pdb	1	1	1	1	1	1	1	1	4
afm_dropout_full_model_4_multimer_v1_pred_19.pdb	1	1	1	1	1	1	1	1	4
afm_dropout_full_model_4_multimer_v1_pred_2.pdb	1	1	1	1	1	1	1	1	4
afm_dropout_full_model_4_multimer_v1_pred_20.pdb	1	1	1	1	1	1	1	1	4
afm_dropout_full_model_4_multimer_v1_pred_21.pdb	1	1	1	1	1	1	1	1	4
afm_dropout_full_model_4_multimer_v1_pred_22.pdb	1	1	1	1	1	1	1	1	4
afm_dropout_full_model_4_multimer_v1_pred_23.pdb	1	1	1	1	1	1	1	1	4
afm_dropout_full_model_4_multimer_v1_pred_24.pdb	1	1	1	1	1	1	1	1	4
afm_dropout_full_model_4_multimer_v1_pred_25.pdb	1	1	1	1	1	1	1	1	4
afm_dropout_full_model_4_multimer_v1_pred_26.pdb	1	1	1	1	1	1	1	1	4
afm_dropout_full_model_4_multimer_v1_pred_27.pdb	1	1	1	1	1	1	1	1	4
afm_dropout_full_model_4_multimer_v1_pred_28.pdb	1	1	1	1	1	1	1	1	4
afm_dropout_full_model_4_multimer_v1_pred_29.pdb	1	1	1	1	1	1	1	1	4
afm_dropout_full_model_4_multimer_v1_pred_3.pdb	1	1	1	1	1	1	1	1	111
afm_dropout_full_model_4_multimer_v1_pred_30.pdb	1	1	1	1	1	1	1	1	110
afm_dropout_full_model_4_multimer_v1_pred_31.pdb	1	1	1	1	1	1	1	1	4
afm_dropout_full_model_4_multimer_v1_pred_32.pdb	1	1	1	1	1	1	1	1	4
afm_dropout_full_model_4_multimer_v1_pred_33.pdb	1	1	1	1	1	1	1	1	110
afm_dropout_full_model_4_multimer_v1_pred_34.pdb	1	1	1	1	1	1	1	1	4
afm_dropout_full_model_4_multimer_v1_pred_35.pdb	1	1	1	1	1	1	1	1	4
afm_dropout_full_model_4_multimer_v1_pred_36.pdb	1	1	1	1	1	1	1	1	4
afm_dropout_full_model_4_multimer_v1_pred_37.pdb	1	1	1	1	1	1	1	1	31
afm_dropout_full_model_4_multimer_v1_pred_38.pdb	1	1	1	1	1	1	1	1	4
afm_dropout_full_model_4_multimer_v1_pred_39.pdb	1	1	1	1	1	1	1	1	4
afm_dropout_full_model_4_multimer_v1_pred_4.pdb	1	1	1	1	1	1	1	1	4
afm_dropout_full_model_4_multimer_v1_pred_40.pdb	1	1	1	1	1	1	1	1	110
afm_dropout_full_model_4_multimer_v1_pred_41.pdb	1	1	1	1	1	1	1	1	4
afm_dropout_full_model_4_multimer_v1_pred_42.pdb	1	1	1	1	1	1	1	7	4
afm_dropout_full_model_4_multimer_v1_pred_43.pdb	1	1	1	1	1	1	1	1	81
afm_dropout_full_model_4_multimer_v1_pred_44.pdb	1	1	1	1	1	1	1	1	4
afm_dropout_full_model_4_multimer_v1_pred_45.pdb	1	1	1	1	1	1	1	1	4
afm_dropout_full_model_4_multimer_v1_pred_46.pdb	1	1	1	1	1	1	1	1	111
afm_dropout_full_model_4_multimer_v1_pred_47.pdb	1	1	1	1	1	1	1	2	110
afm_dropout_full_model_4_multimer_v1_pred_48.pdb	1	1	1	1	1	1	1	1	31
afm_dropout_full_model_4_multimer_v1_pred_49.pdb	1	1	1	1	1	1	1	1	4
afm_dropout_full_model_4_multimer_v1_pred_5.pdb	1	1	1	1	1	1	1	1	81
afm_dropout_full_model_4_multimer_v1_pred_50.pdb	1	1	1	1	1	1	1	1	4
afm_dropout_full_model_4_multimer_v1_pred_51.pdb	1	1	1	1	1	1	1	1	4
afm_dropout_full_model_4_multimer_v1_pred_52.pdb	1	1	1	1	1	1	1	1	4
afm_dropout_full_model_4_multimer_v1_pred_53.pdb	1	1	1	1	1	1	1	1	4
afm_dropout_full_model_4_multimer_v1_pred_54.pdb	1	1	1	1	1	1	1	1	4
afm_dropout_full_model_4_multimer_v1_pred_55.pdb	1	1	1	1	1	1	1	1	4
afm_dropout_full_model_4_multimer_v1_pred_56.pdb	1	1	1	1	1	1	1	1	4
afm_dropout_full_model_4_multimer_v1_pred_57.pdb	1	1	1	1	1	1	1	1	4
afm_dropout_full_model_4_multimer_v1_pred_58.pdb	1	1	1	1	1	1	1	1	4
afm_dropout_full_model_4_multimer_v1_pred_59.pdb	1	1	1	1	1	1	1	1	4
afm_dropout_full_model_4_multimer_v1_pred_6.pdb	1	1	1	1	1	1	1	1	4
afm_dropout_full_model_4_multimer_v1_pred_60.pdb	1	1	1	1	1	1	1	1	4
afm_dropout_full_model_4_multimer_v1_pred_61.pdb	1	1	1	1	1	1	1	1	4
afm_dropout_full_model_4_multimer_v1_pred_62.pdb	1	1	1	1	1	1	1	1	4
afm_dropout_full_model_4_multimer_v1_pred_63.pdb	1	1	1	1	1	1	1	1	111
afm_dropout_full_model_4_multimer_v1_pred_64.pdb	1	1	1	1	1	1	1	1	4
afm_dropout_full_model_4_multimer_v1_pred_65.pdb	1	1	1	1	1	1	1	2	81
afm_dropout_full_model_4_multimer_v1_pred_66.pdb	1	1	1	1	1	1	1	1	4
afm_dropout_full_model_4_multimer_v1_pred_7.pdb	1	1	1	1	1	1	1	1	111
afm_dropout_full_model_4_multimer_v1_pred_8.pdb	1	1	1	1	1	1	1	1	111
afm_dropout_full_model_4_multimer_v1_pred_9.pdb	1	1	1	1	1	1	1	1	4
afm_dropout_full_model_4_multimer_v2_pred_0.pdb	1	1	1	1	1	1	1	1	16
afm_dropout_full_model_4_multimer_v2_pred_1.pdb	1	1	1	1	1	1	1	1	16
afm_dropout_full_model_4_multimer_v2_pred_10.pdb	1	1	1	1	1	1	1	1	16
afm_dropout_full_model_4_multimer_v2_pred_11.pdb	1	1	1	1	1	1	1	1	16
afm_dropout_full_model_4_multimer_v2_pred_12.pdb	1	1	1	1	1	1	1	1	16
afm_dropout_full_model_4_multimer_v2_pred_13.pdb	1	1	1	1	1	1	1	1	16
afm_dropout_full_model_4_multimer_v2_pred_14.pdb	1	1	1	1	1	1	1	1	16
afm_dropout_full_model_4_multimer_v2_pred_15.pdb	1	1	1	1	1	1	1	1	16
afm_dropout_full_model_4_multimer_v2_pred_16.pdb	1	1	1	1	1	1	1	1	16
afm_dropout_full_model_4_multimer_v2_pred_17.pdb	1	1	1	1	1	1	1	1	16
afm_dropout_full_model_4_multimer_v2_pred_18.pdb	1	1	1	1	1	1	1	1	16
afm_dropout_full_model_4_multimer_v2_pred_19.pdb	1	1	1	1	1	1	1	20	16
afm_dropout_full_model_4_multimer_v2_pred_2.pdb	1	1	1	1	1	1	1	1	16
afm_dropout_full_model_4_multimer_v2_pred_20.pdb	1	1	1	1	1	1	1	1	16
afm_dropout_full_model_4_multimer_v2_pred_21.pdb	1	1	1	1	1	1	1	1	16
afm_dropout_full_model_4_multimer_v2_pred_22.pdb	1	1	1	1	1	1	1	1	16
afm_dropout_full_model_4_multimer_v2_pred_23.pdb	1	1	1	1	1	1	1	1	16
afm_dropout_full_model_4_multimer_v2_pred_24.pdb	1	1	1	1	1	1	1	1	16
afm_dropout_full_model_4_multimer_v2_pred_25.pdb	1	1	1	1	1	1	1	1	16
afm_dropout_full_model_4_multimer_v2_pred_26.pdb	1	1	1	1	1	1	1	1	16
afm_dropout_full_model_4_multimer_v2_pred_27.pdb	1	1	1	1	1	1	1	1	16
afm_dropout_full_model_4_multimer_v2_pred_28.pdb	1	1	1	1	1	1	1	1	16
afm_dropout_full_model_4_multimer_v2_pred_29.pdb	1	1	1	1	1	1	1	1	16
afm_dropout_full_model_4_multimer_v2_pred_3.pdb	1	1	1	1	1	1	1	1	145
afm_dropout_full_model_4_multimer_v2_pred_30.pdb	1	1	1	1	1	1	1	1	16
afm_dropout_full_model_4_multimer_v2_pred_31.pdb	1	1	1	1	1	1	1	1	16
afm_dropout_full_model_4_multimer_v2_pred_32.pdb	1	1	1	1	1	1	1	1	16
afm_dropout_full_model_4_multimer_v2_pred_33.pdb	1	1	1	1	1	1	1	1	16
afm_dropout_full_model_4_multimer_v2_pred_34.pdb	1	1	1	1	1	1	1	1	16
afm_dropout_full_model_4_multimer_v2_pred_35.pdb	1	1	1	1	1	1	1	1	16
afm_dropout_full_model_4_multimer_v2_pred_36.pdb	1	1	1	1	1	1	1	1	16
afm_dropout_full_model_4_multimer_v2_pred_37.pdb	1	1	1	1	1	1	1	1	16
afm_dropout_full_model_4_multimer_v2_pred_38.pdb	1	1	1	1	1	1	1	1	16
afm_dropout_full_model_4_multimer_v2_pred_39.pdb	1	1	1	1	1	1	1	1	16
afm_dropout_full_model_4_multimer_v2_pred_4.pdb	1	1	1	1	1	1	1	1	145
afm_dropout_full_model_4_multimer_v2_pred_40.pdb	1	1	1	1	1	1	1	1	16
afm_dropout_full_model_4_multimer_v2_pred_41.pdb	1	1	1	1	1	1	1	1	16
afm_dropout_full_model_4_multimer_v2_pred_42.pdb	1	1	1	1	1	1	1	1	16
afm_dropout_full_model_4_multimer_v2_pred_43.pdb	1	1	1	1	1	1	1	1	16
afm_dropout_full_model_4_multimer_v2_pred_44.pdb	1	1	1	1	1	1	1	1	16
afm_dropout_full_model_4_multimer_v2_pred_45.pdb	1	1	1	1	1	1	1	1	16
afm_dropout_full_model_4_multimer_v2_pred_46.pdb	1	1	1	1	1	1	1	1	16
afm_dropout_full_model_4_multimer_v2_pred_47.pdb	1	1	1	1	1	1	1	1	16
afm_dropout_full_model_4_multimer_v2_pred_48.pdb	1	1	1	1	1	1	1	1	16
afm_dropout_full_model_4_multimer_v2_pred_49.pdb	1	1	1	1	1	1	1	1	16
afm_dropout_full_model_4_multimer_v2_pred_5.pdb	1	1	1	1	1	1	1	1	16
afm_dropout_full_model_4_multimer_v2_pred_50.pdb	1	1	1	1	1	1	1	1	16
afm_dropout_full_model_4_multimer_v2_pred_51.pdb	1	1	1	1	1	1	1	1	16
afm_dropout_full_model_4_multimer_v2_pred_52.pdb	1	1	1	1	1	1	1	1	16
afm_dropout_full_model_4_multimer_v2_pred_53.pdb	1	1	1	1	1	1	1	1	16
afm_dropout_full_model_4_multimer_v2_pred_54.pdb	1	1	1	1	1	1	1	1	16
afm_dropout_full_model_4_multimer_v2_pred_55.pdb	1	1	1	1	1	1	1	1	16
afm_dropout_full_model_4_multimer_v2_pred_56.pdb	1	1	1	1	1	1	1	1	16
afm_dropout_full_model_4_multimer_v2_pred_57.pdb	1	1	1	1	1	1	1	1	16
afm_dropout_full_model_4_multimer_v2_pred_58.pdb	1	1	1	1	1	1	1	1	16
afm_dropout_full_model_4_multimer_v2_pred_59.pdb	1	1	1	1	1	1	1	1	16
afm_dropout_full_model_4_multimer_v2_pred_6.pdb	1	1	1	1	1	1	1	1	16
afm_dropout_full_model_4_multimer_v2_pred_60.pdb	1	1	1	1	1	1	1	1	16
afm_dropout_full_model_4_multimer_v2_pred_61.pdb	1	1	1	1	1	1	1	1	16
afm_dropout_full_model_4_multimer_v2_pred_62.pdb	1	1	1	1	1	1	1	1	16
afm_dropout_full_model_4_multimer_v2_pred_63.pdb	1	1	1	1	1	1	1	1	16
afm_dropout_full_model_4_multimer_v2_pred_64.pdb	1	1	1	1	1	1	1	1	16
afm_dropout_full_model_4_multimer_v2_pred_65.pdb	1	1	1	1	1	1	1	1	16
afm_dropout_full_model_4_multimer_v2_pred_66.pdb	1	1	1	1	1	1	1	1	145
afm_dropout_full_model_4_multimer_v2_pred_7.pdb	1	1	1	1	1	1	1	1	16
afm_dropout_full_model_4_multimer_v2_pred_8.pdb	1	1	1	1	1	1	1	20	16
afm_dropout_full_model_4_multimer_v2_pred_9.pdb	1	1	1	1	1	1	1	1	16
afm_dropout_full_model_4_multimer_v3_pred_0.pdb	1	1	1	1	1	1	1	1	12
afm_dropout_full_model_4_multimer_v3_pred_1.pdb	1	1	1	1	1	1	1	1	2
afm_dropout_full_model_4_multimer_v3_pred_10.pdb	1	1	1	1	1	1	1	1	53
afm_dropout_full_model_4_multimer_v3_pred_11.pdb	1	1	1	1	1	1	1	1	2
afm_dropout_full_model_4_multimer_v3_pred_12.pdb	1	1	1	1	1	1	1	1	53
afm_dropout_full_model_4_multimer_v3_pred_13.pdb	1	1	1	1	1	1	1	1	12
afm_dropout_full_model_4_multimer_v3_pred_14.pdb	1	1	1	1	1	1	1	1	22
afm_dropout_full_model_4_multimer_v3_pred_15.pdb	1	1	1	1	1	1	1	1	2
afm_dropout_full_model_4_multimer_v3_pred_16.pdb	1	1	1	1	1	1	1	1	2
afm_dropout_full_model_4_multimer_v3_pred_17.pdb	1	1	1	1	1	1	1	1	22
afm_dropout_full_model_4_multimer_v3_pred_18.pdb	1	1	1	1	1	1	1	1	2
afm_dropout_full_model_4_multimer_v3_pred_19.pdb	1	1	1	1	1	1	1	1	2
afm_dropout_full_model_4_multimer_v3_pred_2.pdb	1	1	1	1	1	1	1	1	22
afm_dropout_full_model_4_multimer_v3_pred_20.pdb	1	1	1	1	1	1	1	1	2
afm_dropout_full_model_4_multimer_v3_pred_21.pdb	1	1	1	1	1	1	1	1	2
afm_dropout_full_model_4_multimer_v3_pred_22.pdb	1	1	1	1	1	1	1	1	12
afm_dropout_full_model_4_multimer_v3_pred_23.pdb	1	1	1	1	1	1	1	1	53
afm_dropout_full_model_4_multimer_v3_pred_24.pdb	1	1	1	1	1	1	1	1	12
afm_dropout_full_model_4_multimer_v3_pred_25.pdb	1	1	1	1	1	1	1	1	2
afm_dropout_full_model_4_multimer_v3_pred_26.pdb	1	1	1	1	1	1	1	1	2
afm_dropout_full_model_4_multimer_v3_pred_27.pdb	1	1	1	1	1	1	1	1	2
afm_dropout_full_model_4_multimer_v3_pred_28.pdb	1	1	1	1	1	1	1	1	2
afm_dropout_full_model_4_multimer_v3_pred_29.pdb	1	1	1	1	1	1	1	1	22
afm_dropout_full_model_4_multimer_v3_pred_3.pdb	1	1	1	1	1	1	1	1	2
afm_dropout_full_model_4_multimer_v3_pred_30.pdb	1	1	1	1	1	1	1	1	12
afm_dropout_full_model_4_multimer_v3_pred_31.pdb	1	1	1	1	1	1	1	1	2
afm_dropout_full_model_4_multimer_v3_pred_32.pdb	1	1	1	1	1	1	1	1	22
afm_dropout_full_model_4_multimer_v3_pred_33.pdb	1	1	1	1	1	1	1	1	2
afm_dropout_full_model_4_multimer_v3_pred_34.pdb	1	1	1	1	1	1	1	1	12
afm_dropout_full_model_4_multimer_v3_pred_35.pdb	1	1	1	1	1	1	1	1	2
afm_dropout_full_model_4_multimer_v3_pred_36.pdb	1	1	1	1	1	1	1	1	53
afm_dropout_full_model_4_multimer_v3_pred_37.pdb	1	1	1	1	1	1	1	1	12
afm_dropout_full_model_4_multimer_v3_pred_38.pdb	1	1	1	1	1	1	1	1	2
afm_dropout_full_model_4_multimer_v3_pred_39.pdb	1	1	1	1	1	1	1	1	12
afm_dropout_full_model_4_multimer_v3_pred_4.pdb	1	1	1	1	1	1	1	1	2
afm_dropout_full_model_4_multimer_v3_pred_40.pdb	1	1	1	1	1	1	1	1	2
afm_dropout_full_model_4_multimer_v3_pred_41.pdb	1	1	1	1	1	1	1	1	12
afm_dropout_full_model_4_multimer_v3_pred_42.pdb	1	1	1	1	1	1	1	1	22
afm_dropout_full_model_4_multimer_v3_pred_43.pdb	1	1	1	1	1	1	1	1	2
afm_dropout_full_model_4_multimer_v3_pred_44.pdb	1	1	1	1	1	1	1	1	12
afm_dropout_full_model_4_multimer_v3_pred_45.pdb	1	1	1	1	1	1	1	1	12
afm_dropout_full_model_4_multimer_v3_pred_46.pdb	1	1	1	1	1	1	1	1	2
afm_dropout_full_model_4_multimer_v3_pred_47.pdb	1	1	1	1	1	1	1	1	2
afm_dropout_full_model_4_multimer_v3_pred_48.pdb	1	1	1	1	1	1	1	1	12
afm_dropout_full_model_4_multimer_v3_pred_49.pdb	1	1	1	1	1	1	1	1	2
afm_dropout_full_model_4_multimer_v3_pred_5.pdb	1	1	1	1	1	1	1	1	2
afm_dropout_full_model_4_multimer_v3_pred_50.pdb	1	1	1	1	1	1	1	1	2
afm_dropout_full_model_4_multimer_v3_pred_51.pdb	1	1	1	1	1	1	1	1	53
afm_dropout_full_model_4_multimer_v3_pred_52.pdb	1	1	1	1	1	1	1	1	2
afm_dropout_full_model_4_multimer_v3_pred_53.pdb	1	1	1	1	1	1	1	1	97
afm_dropout_full_model_4_multimer_v3_pred_54.pdb	1	1	1	1	1	1	1	1	12
afm_dropout_full_model_4_multimer_v3_pred_55.pdb	1	1	1	1	1	1	1	1	2
afm_dropout_full_model_4_multimer_v3_pred_56.pdb	1	1	1	1	1	1	1	1	12
afm_dropout_full_model_4_multimer_v3_pred_57.pdb	1	1	1	1	1	1	1	1	12
afm_dropout_full_model_4_multimer_v3_pred_58.pdb	1	1	1	1	1	1	1	1	2
afm_dropout_full_model_4_multimer_v3_pred_59.pdb	1	1	1	1	1	1	1	1	2
afm_dropout_full_model_4_multimer_v3_pred_6.pdb	1	1	1	1	1	1	1	1	144
afm_dropout_full_model_4_multimer_v3_pred_60.pdb	1	1	1	1	1	1	1	1	12
afm_dropout_full_model_4_multimer_v3_pred_61.pdb	1	1	1	1	1	1	1	1	22
afm_dropout_full_model_4_multimer_v3_pred_62.pdb	1	1	1	1	1	1	1	1	2
afm_dropout_full_model_4_multimer_v3_pred_63.pdb	1	1	1	1	1	1	1	1	12
afm_dropout_full_model_4_multimer_v3_pred_64.pdb	1	1	1	1	1	1	1	1	22
afm_dropout_full_model_4_multimer_v3_pred_65.pdb	1	1	1	1	1	1	1	1	22
afm_dropout_full_model_4_multimer_v3_pred_66.pdb	1	1	1	1	1	1	1	1	12
afm_dropout_full_model_4_multimer_v3_pred_7.pdb	1	1	1	1	1	1	1	1	2
afm_dropout_full_model_4_multimer_v3_pred_8.pdb	1	1	1	1	1	1	1	1	53
afm_dropout_full_model_4_multimer_v3_pred_9.pdb	1	1	1	1	1	1	1	1	2
afm_dropout_full_model_5_multimer_v1_pred_0.pdb	1	1	1	1	1	1	1	1	4
afm_dropout_full_model_5_multimer_v1_pred_1.pdb	1	1	1	1	1	1	1	1	4
afm_dropout_full_model_5_multimer_v1_pred_10.pdb	1	1	1	1	1	1	1	1	4
afm_dropout_full_model_5_multimer_v1_pred_11.pdb	1	1	1	1	1	1	1	1	4
afm_dropout_full_model_5_multimer_v1_pred_12.pdb	1	1	1	1	1	1	1	1	124
afm_dropout_full_model_5_multimer_v1_pred_13.pdb	1	1	1	1	1	1	1	1	4
afm_dropout_full_model_5_multimer_v1_pred_14.pdb	1	1	1	1	1	1	1	1	4
afm_dropout_full_model_5_multimer_v1_pred_15.pdb	1	1	1	1	1	1	1	1	4
afm_dropout_full_model_5_multimer_v1_pred_16.pdb	1	1	1	1	1	1	1	1	176
afm_dropout_full_model_5_multimer_v1_pred_17.pdb	1	1	1	1	1	1	1	1	4
afm_dropout_full_model_5_multimer_v1_pred_18.pdb	1	1	1	1	1	1	1	1	4
afm_dropout_full_model_5_multimer_v1_pred_19.pdb	1	1	1	1	1	1	1	1	40
afm_dropout_full_model_5_multimer_v1_pred_2.pdb	1	1	1	1	1	1	1	1	4
afm_dropout_full_model_5_multimer_v1_pred_20.pdb	1	1	1	1	1	1	1	1	40
afm_dropout_full_model_5_multimer_v1_pred_21.pdb	1	1	1	1	1	1	1	1	40
afm_dropout_full_model_5_multimer_v1_pred_22.pdb	1	1	1	1	1	1	1	1	4
afm_dropout_full_model_5_multimer_v1_pred_23.pdb	1	1	1	1	1	1	1	1	4
afm_dropout_full_model_5_multimer_v1_pred_24.pdb	1	1	1	1	1	1	1	1	4
afm_dropout_full_model_5_multimer_v1_pred_25.pdb	1	1	1	1	1	1	1	1	4
afm_dropout_full_model_5_multimer_v1_pred_26.pdb	1	1	1	1	1	1	1	1	40
afm_dropout_full_model_5_multimer_v1_pred_27.pdb	1	1	1	1	1	1	1	1	4
afm_dropout_full_model_5_multimer_v1_pred_28.pdb	1	1	1	1	1	1	1	1	4
afm_dropout_full_model_5_multimer_v1_pred_29.pdb	1	1	1	1	1	1	1	1	4
afm_dropout_full_model_5_multimer_v1_pred_3.pdb	1	1	1	1	1	1	1	1	40
afm_dropout_full_model_5_multimer_v1_pred_30.pdb	1	1	1	1	1	1	1	1	176
afm_dropout_full_model_5_multimer_v1_pred_31.pdb	1	1	1	1	1	1	1	1	124
afm_dropout_full_model_5_multimer_v1_pred_32.pdb	1	1	1	1	1	1	1	1	40
afm_dropout_full_model_5_multimer_v1_pred_33.pdb	1	1	1	1	1	1	1	1	4
afm_dropout_full_model_5_multimer_v1_pred_34.pdb	1	1	1	1	1	1	1	1	4
afm_dropout_full_model_5_multimer_v1_pred_35.pdb	1	1	1	1	1	1	1	1	4
afm_dropout_full_model_5_multimer_v1_pred_36.pdb	1	1	1	1	1	1	1	1	4
afm_dropout_full_model_5_multimer_v1_pred_37.pdb	1	1	1	1	1	1	1	1	4
afm_dropout_full_model_5_multimer_v1_pred_38.pdb	1	1	1	1	1	1	1	1	124
afm_dropout_full_model_5_multimer_v1_pred_39.pdb	1	1	1	1	1	1	1	1	4
afm_dropout_full_model_5_multimer_v1_pred_4.pdb	1	1	1	1	1	1	1	1	4
afm_dropout_full_model_5_multimer_v1_pred_40.pdb	1	1	1	1	1	1	1	1	4
afm_dropout_full_model_5_multimer_v1_pred_41.pdb	1	1	1	1	1	1	1	1	4
afm_dropout_full_model_5_multimer_v1_pred_42.pdb	1	1	1	1	1	1	1	1	40
afm_dropout_full_model_5_multimer_v1_pred_43.pdb	1	1	1	1	1	1	1	1	4
afm_dropout_full_model_5_multimer_v1_pred_44.pdb	1	1	1	1	1	1	1	1	4
afm_dropout_full_model_5_multimer_v1_pred_45.pdb	1	1	1	1	1	1	1	1	40
afm_dropout_full_model_5_multimer_v1_pred_46.pdb	1	1	1	1	1	1	1	1	40
afm_dropout_full_model_5_multimer_v1_pred_47.pdb	1	1	1	1	1	1	1	1	40
afm_dropout_full_model_5_multimer_v1_pred_48.pdb	1	1	1	1	1	1	1	1	4
afm_dropout_full_model_5_multimer_v1_pred_49.pdb	1	1	1	1	1	1	1	1	124
afm_dropout_full_model_5_multimer_v1_pred_5.pdb	1	1	1	1	1	1	1	1	40
afm_dropout_full_model_5_multimer_v1_pred_50.pdb	1	1	1	1	1	1	1	1	4
afm_dropout_full_model_5_multimer_v1_pred_51.pdb	1	1	1	1	1	1	1	1	4
afm_dropout_full_model_5_multimer_v1_pred_52.pdb	1	1	1	1	1	1	1	1	4
afm_dropout_full_model_5_multimer_v1_pred_53.pdb	1	1	1	1	1	1	1	5	258
afm_dropout_full_model_5_multimer_v1_pred_54.pdb	1	1	1	1	1	1	1	1	4
afm_dropout_full_model_5_multimer_v1_pred_55.pdb	1	1	1	1	1	1	1	1	4
afm_dropout_full_model_5_multimer_v1_pred_56.pdb	1	1	1	1	1	1	1	1	4
afm_dropout_full_model_5_multimer_v1_pred_57.pdb	1	1	1	1	1	1	1	1	4
afm_dropout_full_model_5_multimer_v1_pred_58.pdb	1	1	1	1	1	1	1	1	4
afm_dropout_full_model_5_multimer_v1_pred_59.pdb	1	1	1	1	1	1	1	1	4
afm_dropout_full_model_5_multimer_v1_pred_6.pdb	1	1	1	1	1	1	1	1	40
afm_dropout_full_model_5_multimer_v1_pred_60.pdb	1	1	1	1	1	1	1	1	4
afm_dropout_full_model_5_multimer_v1_pred_61.pdb	1	1	1	1	1	1	1	1	4
afm_dropout_full_model_5_multimer_v1_pred_62.pdb	1	1	1	1	1	1	1	1	4
afm_dropout_full_model_5_multimer_v1_pred_63.pdb	1	1	1	1	1	1	1	1	40
afm_dropout_full_model_5_multimer_v1_pred_64.pdb	1	1	1	1	1	1	1	1	40
afm_dropout_full_model_5_multimer_v1_pred_65.pdb	1	1	1	1	1	1	1	1	4
afm_dropout_full_model_5_multimer_v1_pred_66.pdb	1	1	1	1	1	1	1	1	40
afm_dropout_full_model_5_multimer_v1_pred_7.pdb	1	1	1	1	1	1	1	1	4
afm_dropout_full_model_5_multimer_v1_pred_8.pdb	1	1	1	1	1	1	1	1	4
afm_dropout_full_model_5_multimer_v1_pred_9.pdb	1	1	1	1	1	1	1	1	40
afm_dropout_full_model_5_multimer_v2_pred_0.pdb	1	1	1	1	1	1	1	1	12
afm_dropout_full_model_5_multimer_v2_pred_1.pdb	1	1	1	1	1	1	1	1	12
afm_dropout_full_model_5_multimer_v2_pred_10.pdb	1	1	1	1	1	1	1	1	12
afm_dropout_full_model_5_multimer_v2_pred_11.pdb	1	1	1	1	1	1	1	1	12
afm_dropout_full_model_5_multimer_v2_pred_12.pdb	1	1	1	1	1	1	1	1	12
afm_dropout_full_model_5_multimer_v2_pred_13.pdb	1	1	1	1	1	1	1	1	12
afm_dropout_full_model_5_multimer_v2_pred_14.pdb	1	1	1	1	1	1	1	1	44
afm_dropout_full_model_5_multimer_v2_pred_15.pdb	1	1	1	1	1	1	1	1	12
afm_dropout_full_model_5_multimer_v2_pred_16.pdb	1	1	1	1	1	1	1	1	12
afm_dropout_full_model_5_multimer_v2_pred_17.pdb	1	1	1	1	1	1	1	1	12
afm_dropout_full_model_5_multimer_v2_pred_18.pdb	1	1	1	1	1	1	1	1	82
afm_dropout_full_model_5_multimer_v2_pred_19.pdb	1	1	1	1	1	1	1	1	12
afm_dropout_full_model_5_multimer_v2_pred_2.pdb	1	1	1	1	1	1	1	1	12
afm_dropout_full_model_5_multimer_v2_pred_20.pdb	1	1	1	1	1	1	1	1	12
afm_dropout_full_model_5_multimer_v2_pred_21.pdb	1	1	1	1	1	1	1	1	12
afm_dropout_full_model_5_multimer_v2_pred_22.pdb	1	1	1	1	1	1	1	1	12
afm_dropout_full_model_5_multimer_v2_pred_23.pdb	1	1	1	1	1	1	1	1	12
afm_dropout_full_model_5_multimer_v2_pred_24.pdb	1	1	1	1	1	1	1	1	5
afm_dropout_full_model_5_multimer_v2_pred_25.pdb	1	1	1	1	1	1	1	1	12
afm_dropout_full_model_5_multimer_v2_pred_26.pdb	1	1	1	1	1	1	1	1	12
afm_dropout_full_model_5_multimer_v2_pred_27.pdb	1	1	1	1	1	1	1	1	12
afm_dropout_full_model_5_multimer_v2_pred_28.pdb	1	1	1	1	1	1	1	1	12
afm_dropout_full_model_5_multimer_v2_pred_29.pdb	1	1	1	1	1	1	1	1	12
afm_dropout_full_model_5_multimer_v2_pred_3.pdb	1	1	1	1	1	1	1	1	12
afm_dropout_full_model_5_multimer_v2_pred_30.pdb	1	1	1	1	1	1	1	1	12
afm_dropout_full_model_5_multimer_v2_pred_31.pdb	1	1	1	1	1	1	1	1	12
afm_dropout_full_model_5_multimer_v2_pred_32.pdb	1	1	1	1	1	1	1	1	12
afm_dropout_full_model_5_multimer_v2_pred_33.pdb	1	1	1	1	1	1	1	1	12
afm_dropout_full_model_5_multimer_v2_pred_34.pdb	1	1	1	1	1	1	1	1	12
afm_dropout_full_model_5_multimer_v2_pred_35.pdb	1	1	1	1	1	1	1	1	12
afm_dropout_full_model_5_multimer_v2_pred_36.pdb	1	1	1	1	1	1	1	1	12
afm_dropout_full_model_5_multimer_v2_pred_37.pdb	1	1	1	1	1	1	1	1	12
afm_dropout_full_model_5_multimer_v2_pred_38.pdb	1	1	1	1	1	1	1	1	12
afm_dropout_full_model_5_multimer_v2_pred_39.pdb	1	1	1	1	1	1	1	1	12
afm_dropout_full_model_5_multimer_v2_pred_4.pdb	1	1	1	1	1	1	1	1	12
afm_dropout_full_model_5_multimer_v2_pred_40.pdb	1	1	1	1	1	1	1	1	12
afm_dropout_full_model_5_multimer_v2_pred_41.pdb	1	1	1	1	1	1	1	1	12
afm_dropout_full_model_5_multimer_v2_pred_42.pdb	1	1	1	1	1	1	1	1	12
afm_dropout_full_model_5_multimer_v2_pred_43.pdb	1	1	1	1	1	1	1	1	12
afm_dropout_full_model_5_multimer_v2_pred_44.pdb	1	1	1	1	1	1	1	1	12
afm_dropout_full_model_5_multimer_v2_pred_45.pdb	1	1	1	1	1	1	1	1	12
afm_dropout_full_model_5_multimer_v2_pred_46.pdb	1	1	1	1	1	1	1	1	12
afm_dropout_full_model_5_multimer_v2_pred_47.pdb	1	1	1	1	1	1	1	1	12
afm_dropout_full_model_5_multimer_v2_pred_48.pdb	1	1	1	1	1	1	1	1	12
afm_dropout_full_model_5_multimer_v2_pred_49.pdb	1	1	1	1	1	1	1	1	12
afm_dropout_full_model_5_multimer_v2_pred_5.pdb	1	1	1	1	1	1	1	1	82
afm_dropout_full_model_5_multimer_v2_pred_50.pdb	1	1	1	1	1	1	1	1	12
afm_dropout_full_model_5_multimer_v2_pred_51.pdb	1	1	1	1	1	1	1	1	12
afm_dropout_full_model_5_multimer_v2_pred_52.pdb	1	1	1	1	1	1	1	1	12
afm_dropout_full_model_5_multimer_v2_pred_53.pdb	1	1	1	1	1	1	1	1	12
afm_dropout_full_model_5_multimer_v2_pred_54.pdb	1	1	1	1	1	1	1	1	12
afm_dropout_full_model_5_multimer_v2_pred_55.pdb	1	1	1	1	1	1	1	1	12
afm_dropout_full_model_5_multimer_v2_pred_56.pdb	1	1	1	1	1	1	1	1	5
afm_dropout_full_model_5_multimer_v2_pred_57.pdb	1	1	1	1	1	1	1	1	12
afm_dropout_full_model_5_multimer_v2_pred_58.pdb	1	1	1	1	1	1	1	1	12
afm_dropout_full_model_5_multimer_v2_pred_59.pdb	1	1	1	1	1	1	1	1	12
afm_dropout_full_model_5_multimer_v2_pred_6.pdb	1	1	1	1	1	1	1	1	12
afm_dropout_full_model_5_multimer_v2_pred_60.pdb	1	1	1	1	1	1	1	1	12
afm_dropout_full_model_5_multimer_v2_pred_61.pdb	1	1	1	1	1	1	1	1	12
afm_dropout_full_model_5_multimer_v2_pred_62.pdb	1	1	1	1	1	1	1	1	82
afm_dropout_full_model_5_multimer_v2_pred_63.pdb	1	1	1	1	1	1	1	1	5
afm_dropout_full_model_5_multimer_v2_pred_64.pdb	1	1	1	1	1	1	1	1	12
afm_dropout_full_model_5_multimer_v2_pred_65.pdb	1	1	1	1	1	1	1	1	82
afm_dropout_full_model_5_multimer_v2_pred_66.pdb	1	1	1	1	1	1	1	1	21
afm_dropout_full_model_5_multimer_v2_pred_7.pdb	1	1	1	1	1	1	1	1	12
afm_dropout_full_model_5_multimer_v2_pred_8.pdb	1	1	1	1	1	1	1	1	12
afm_dropout_full_model_5_multimer_v2_pred_9.pdb	1	1	1	1	1	1	1	1	12
afm_dropout_full_model_5_multimer_v3_pred_0.pdb	1	1	1	1	1	1	1	1	15
afm_dropout_full_model_5_multimer_v3_pred_1.pdb	1	1	1	1	1	1	1	1	38
afm_dropout_full_model_5_multimer_v3_pred_10.pdb	1	1	1	1	1	1	1	1	15
afm_dropout_full_model_5_multimer_v3_pred_11.pdb	1	1	1	1	1	1	1	1	15
afm_dropout_full_model_5_multimer_v3_pred_12.pdb	1	1	1	1	1	1	1	1	38
afm_dropout_full_model_5_multimer_v3_pred_13.pdb	1	1	1	1	1	1	1	1	15
afm_dropout_full_model_5_multimer_v3_pred_14.pdb	1	1	1	1	1	1	1	1	15
afm_dropout_full_model_5_multimer_v3_pred_15.pdb	1	1	1	1	1	1	1	1	38
afm_dropout_full_model_5_multimer_v3_pred_16.pdb	1	1	1	1	1	1	1	2	38
afm_dropout_full_model_5_multimer_v3_pred_17.pdb	1	1	1	1	1	1	1	1	15
afm_dropout_full_model_5_multimer_v3_pred_18.pdb	1	1	1	1	1	1	1	1	15
afm_dropout_full_model_5_multimer_v3_pred_19.pdb	1	1	1	1	1	1	1	1	146
afm_dropout_full_model_5_multimer_v3_pred_2.pdb	1	1	1	1	1	1	1	1	15
afm_dropout_full_model_5_multimer_v3_pred_20.pdb	1	1	1	1	1	1	1	1	15
afm_dropout_full_model_5_multimer_v3_pred_21.pdb	1	1	1	1	1	1	1	1	15
afm_dropout_full_model_5_multimer_v3_pred_22.pdb	1	1	1	1	1	1	1	1	38
afm_dropout_full_model_5_multimer_v3_pred_23.pdb	1	1	1	1	1	1	1	1	15
afm_dropout_full_model_5_multimer_v3_pred_24.pdb	1	1	1	1	1	1	1	1	15
afm_dropout_full_model_5_multimer_v3_pred_25.pdb	1	1	1	1	1	1	1	1	15
afm_dropout_full_model_5_multimer_v3_pred_26.pdb	1	1	1	1	1	1	1	1	15
afm_dropout_full_model_5_multimer_v3_pred_27.pdb	1	1	1	1	1	1	1	1	15
afm_dropout_full_model_5_multimer_v3_pred_28.pdb	1	1	1	1	1	1	1	1	15
afm_dropout_full_model_5_multimer_v3_pred_29.pdb	1	1	1	1	1	1	1	1	38
afm_dropout_full_model_5_multimer_v3_pred_3.pdb	1	1	1	1	1	1	1	1	15
afm_dropout_full_model_5_multimer_v3_pred_30.pdb	1	1	1	1	1	1	1	1	15
afm_dropout_full_model_5_multimer_v3_pred_31.pdb	1	1	1	1	1	1	1	1	259
afm_dropout_full_model_5_multimer_v3_pred_32.pdb	1	1	1	1	1	1	1	1	38
afm_dropout_full_model_5_multimer_v3_pred_33.pdb	1	1	1	1	1	1	1	1	15
afm_dropout_full_model_5_multimer_v3_pred_34.pdb	1	1	1	1	1	1	1	1	15
afm_dropout_full_model_5_multimer_v3_pred_35.pdb	1	1	1	1	1	1	1	1	15
afm_dropout_full_model_5_multimer_v3_pred_36.pdb	1	1	1	1	1	1	1	1	15
afm_dropout_full_model_5_multimer_v3_pred_37.pdb	1	1	1	1	1	1	1	1	15
afm_dropout_full_model_5_multimer_v3_pred_38.pdb	1	1	1	1	1	1	1	1	15
afm_dropout_full_model_5_multimer_v3_pred_39.pdb	1	1	1	1	1	1	1	1	146
afm_dropout_full_model_5_multimer_v3_pred_4.pdb	1	1	1	1	1	1	1	1	15
afm_dropout_full_model_5_multimer_v3_pred_40.pdb	1	1	1	1	1	1	1	1	15
afm_dropout_full_model_5_multimer_v3_pred_41.pdb	1	1	1	1	1	1	1	1	15
afm_dropout_full_model_5_multimer_v3_pred_42.pdb	1	1	1	1	1	1	1	1	177
afm_dropout_full_model_5_multimer_v3_pred_43.pdb	1	1	1	1	1	1	1	1	13
afm_dropout_full_model_5_multimer_v3_pred_44.pdb	1	1	1	1	1	1	1	1	15
afm_dropout_full_model_5_multimer_v3_pred_45.pdb	1	1	1	1	1	1	1	1	177
afm_dropout_full_model_5_multimer_v3_pred_46.pdb	1	1	1	1	1	1	1	1	15
afm_dropout_full_model_5_multimer_v3_pred_47.pdb	1	1	1	1	1	1	1	1	15
afm_dropout_full_model_5_multimer_v3_pred_48.pdb	1	1	1	1	1	1	1	1	15
afm_dropout_full_model_5_multimer_v3_pred_49.pdb	1	1	1	1	1	1	1	1	15
afm_dropout_full_model_5_multimer_v3_pred_5.pdb	1	1	1	1	1	1	1	1	38
afm_dropout_full_model_5_multimer_v3_pred_50.pdb	1	1	1	1	1	1	1	1	15
afm_dropout_full_model_5_multimer_v3_pred_51.pdb	1	1	1	1	1	1	1	1	15
afm_dropout_full_model_5_multimer_v3_pred_52.pdb	1	1	1	1	1	1	1	1	38
afm_dropout_full_model_5_multimer_v3_pred_53.pdb	1	1	1	1	1	1	1	1	53
afm_dropout_full_model_5_multimer_v3_pred_54.pdb	1	1	1	1	1	1	1	1	15
afm_dropout_full_model_5_multimer_v3_pred_55.pdb	1	1	1	1	1	1	1	1	15
afm_dropout_full_model_5_multimer_v3_pred_56.pdb	1	1	1	1	1	1	1	1	38
afm_dropout_full_model_5_multimer_v3_pred_57.pdb	1	1	1	1	1	1	1	1	146
afm_dropout_full_model_5_multimer_v3_pred_58.pdb	1	1	1	1	1	1	1	1	38
afm_dropout_full_model_5_multimer_v3_pred_59.pdb	1	1	1	1	1	1	1	1	13
afm_dropout_full_model_5_multimer_v3_pred_6.pdb	1	1	1	1	1	1	1	1	15
afm_dropout_full_model_5_multimer_v3_pred_60.pdb	1	1	1	1	1	1	1	1	13
afm_dropout_full_model_5_multimer_v3_pred_61.pdb	1	1	1	1	1	1	1	1	3
afm_dropout_full_model_5_multimer_v3_pred_62.pdb	1	1	1	1	1	1	1	1	15
afm_dropout_full_model_5_multimer_v3_pred_63.pdb	1	1	1	1	1	1	1	1	15
afm_dropout_full_model_5_multimer_v3_pred_64.pdb	1	1	1	1	1	1	1	1	15
afm_dropout_full_model_5_multimer_v3_pred_65.pdb	1	1	1	1	1	1	1	1	15
afm_dropout_full_model_5_multimer_v3_pred_66.pdb	1	1	1	1	1	1	1	1	53
afm_dropout_full_model_5_multimer_v3_pred_7.pdb	1	1	1	1	1	1	1	1	15
afm_dropout_full_model_5_multimer_v3_pred_8.pdb	1	1	1	1	1	1	1	1	15
afm_dropout_full_model_5_multimer_v3_pred_9.pdb	1	1	1	1	1	1	1	1	38
afm_dropout_full_woTemplates_model_1_multimer_v1_pred_0.pdb	1	1	1	1	1	1	1	2	11
afm_dropout_full_woTemplates_model_1_multimer_v1_pred_1.pdb	1	2	3	5	5	8	16	39	260
afm_dropout_full_woTemplates_model_1_multimer_v1_pred_10.pdb	1	1	1	1	1	1	1	2	70
afm_dropout_full_woTemplates_model_1_multimer_v1_pred_11.pdb	1	1	1	1	1	1	2	3	261
afm_dropout_full_woTemplates_model_1_multimer_v1_pred_12.pdb	1	1	1	1	1	1	2	3	262
afm_dropout_full_woTemplates_model_1_multimer_v1_pred_13.pdb	1	1	1	1	1	1	1	3	178
afm_dropout_full_woTemplates_model_1_multimer_v1_pred_14.pdb	1	1	1	1	1	1	2	3	263
afm_dropout_full_woTemplates_model_1_multimer_v1_pred_15.pdb	1	1	2	2	2	2	3	50	264
afm_dropout_full_woTemplates_model_1_multimer_v1_pred_16.pdb	1	1	1	1	1	1	1	32	265
afm_dropout_full_woTemplates_model_1_multimer_v1_pred_17.pdb	1	1	2	2	2	5	9	16	266
afm_dropout_full_woTemplates_model_1_multimer_v1_pred_18.pdb	1	2	3	5	5	8	16	73	267
afm_dropout_full_woTemplates_model_1_multimer_v1_pred_19.pdb	1	1	1	1	1	1	2	3	268
afm_dropout_full_woTemplates_model_1_multimer_v1_pred_2.pdb	1	2	3	5	5	8	16	74	269
afm_dropout_full_woTemplates_model_1_multimer_v1_pred_20.pdb	1	1	2	2	4	39	48	75	270
afm_dropout_full_woTemplates_model_1_multimer_v1_pred_21.pdb	1	1	1	1	1	1	1	3	271
afm_dropout_full_woTemplates_model_1_multimer_v1_pred_22.pdb	1	1	2	2	2	2	19	76	272
afm_dropout_full_woTemplates_model_1_multimer_v1_pred_23.pdb	1	1	2	2	2	5	9	16	273
afm_dropout_full_woTemplates_model_1_multimer_v1_pred_24.pdb	1	1	2	2	2	2	3	9	274
afm_dropout_full_woTemplates_model_1_multimer_v1_pred_25.pdb	1	2	3	5	5	8	13	77	275
afm_dropout_full_woTemplates_model_1_multimer_v1_pred_26.pdb	1	1	1	1	1	1	2	3	179
afm_dropout_full_woTemplates_model_1_multimer_v1_pred_27.pdb	1	1	2	2	2	5	9	16	276
afm_dropout_full_woTemplates_model_1_multimer_v1_pred_28.pdb	1	1	1	1	1	1	2	3	277
afm_dropout_full_woTemplates_model_1_multimer_v1_pred_29.pdb	1	1	1	1	1	1	1	2	11
afm_dropout_full_woTemplates_model_1_multimer_v1_pred_3.pdb	1	1	2	2	2	2	3	6	278
afm_dropout_full_woTemplates_model_1_multimer_v1_pred_30.pdb	1	1	1	1	1	1	1	1	130
afm_dropout_full_woTemplates_model_1_multimer_v1_pred_31.pdb	1	1	2	2	2	2	3	9	279
afm_dropout_full_woTemplates_model_1_multimer_v1_pred_32.pdb	1	1	2	2	2	5	9	16	280
afm_dropout_full_woTemplates_model_1_multimer_v1_pred_33.pdb	1	1	2	2	2	2	3	41	281
afm_dropout_full_woTemplates_model_1_multimer_v1_pred_34.pdb	1	1	1	1	1	1	1	3	282
afm_dropout_full_woTemplates_model_1_multimer_v1_pred_35.pdb	1	1	1	1	1	1	2	3	283
afm_dropout_full_woTemplates_model_1_multimer_v1_pred_36.pdb	1	1	1	1	1	1	1	2	70
afm_dropout_full_woTemplates_model_1_multimer_v1_pred_37.pdb	1	1	2	2	2	2	3	41	284
afm_dropout_full_woTemplates_model_1_multimer_v1_pred_38.pdb	1	1	1	1	1	1	1	3	285
afm_dropout_full_woTemplates_model_1_multimer_v1_pred_39.pdb	1	1	1	1	1	1	1	2	70
afm_dropout_full_woTemplates_model_1_multimer_v1_pred_4.pdb	1	1	2	2	2	5	9	16	286
afm_dropout_full_woTemplates_model_1_multimer_v1_pred_40.pdb	1	1	1	1	1	1	1	2	70
afm_dropout_full_woTemplates_model_1_multimer_v1_pred_41.pdb	1	1	2	2	2	2	3	9	287
afm_dropout_full_woTemplates_model_1_multimer_v1_pred_42.pdb	1	1	2	6	11	11	21	78	288
afm_dropout_full_woTemplates_model_1_multimer_v1_pred_43.pdb	1	1	1	1	1	1	2	3	289
afm_dropout_full_woTemplates_model_1_multimer_v1_pred_44.pdb	1	1	2	6	11	11	21	79	290
afm_dropout_full_woTemplates_model_1_multimer_v1_pred_45.pdb	1	1	1	1	1	1	2	3	291
afm_dropout_full_woTemplates_model_1_multimer_v1_pred_46.pdb	1	1	1	1	1	1	1	2	29
afm_dropout_full_woTemplates_model_1_multimer_v1_pred_47.pdb	1	1	2	2	2	2	3	9	292
afm_dropout_full_woTemplates_model_1_multimer_v1_pred_48.pdb	1	1	1	2	2	2	3	28	293
afm_dropout_full_woTemplates_model_1_multimer_v1_pred_49.pdb	1	1	2	2	2	2	3	9	294
afm_dropout_full_woTemplates_model_1_multimer_v1_pred_5.pdb	1	1	1	1	1	1	2	3	295
afm_dropout_full_woTemplates_model_1_multimer_v1_pred_50.pdb	1	1	2	2	2	2	3	9	296
afm_dropout_full_woTemplates_model_1_multimer_v1_pred_51.pdb	1	1	1	1	1	1	2	3	179
afm_dropout_full_woTemplates_model_1_multimer_v1_pred_52.pdb	1	1	1	1	1	1	2	3	180
afm_dropout_full_woTemplates_model_1_multimer_v1_pred_53.pdb	1	1	2	2	2	2	3	9	297
afm_dropout_full_woTemplates_model_1_multimer_v1_pred_54.pdb	1	1	2	2	2	2	3	9	298
afm_dropout_full_woTemplates_model_1_multimer_v1_pred_55.pdb	1	1	2	2	2	2	3	9	299
afm_dropout_full_woTemplates_model_1_multimer_v1_pred_56.pdb	1	2	1	1	1	1	30	80	300
afm_dropout_full_woTemplates_model_1_multimer_v1_pred_57.pdb	1	1	1	1	1	1	1	3	178
afm_dropout_full_woTemplates_model_1_multimer_v1_pred_58.pdb	1	1	2	6	11	11	49	81	301
afm_dropout_full_woTemplates_model_1_multimer_v1_pred_59.pdb	1	2	3	5	5	8	16	39	302
afm_dropout_full_woTemplates_model_1_multimer_v1_pred_6.pdb	1	1	1	1	1	1	1	2	70
afm_dropout_full_woTemplates_model_1_multimer_v1_pred_60.pdb	1	1	1	1	1	1	2	3	303
afm_dropout_full_woTemplates_model_1_multimer_v1_pred_61.pdb	1	1	1	1	1	1	2	3	304
afm_dropout_full_woTemplates_model_1_multimer_v1_pred_62.pdb	1	1	1	1	1	1	2	22	115
afm_dropout_full_woTemplates_model_1_multimer_v1_pred_63.pdb	1	1	2	2	2	5	9	16	305
afm_dropout_full_woTemplates_model_1_multimer_v1_pred_64.pdb	1	1	1	1	1	1	1	2	46
afm_dropout_full_woTemplates_model_1_multimer_v1_pred_65.pdb	1	1	1	1	1	1	1	2	70
afm_dropout_full_woTemplates_model_1_multimer_v1_pred_66.pdb	1	1	1	1	1	1	2	3	306
afm_dropout_full_woTemplates_model_1_multimer_v1_pred_7.pdb	1	1	2	6	11	11	21	82	307
afm_dropout_full_woTemplates_model_1_multimer_v1_pred_8.pdb	1	1	1	1	1	1	2	3	308
afm_dropout_full_woTemplates_model_1_multimer_v1_pred_9.pdb	1	2	3	5	5	8	13	83	309
afm_dropout_full_woTemplates_model_1_multimer_v2_pred_0.pdb	1	1	1	1	1	1	1	1	6
afm_dropout_full_woTemplates_model_1_multimer_v2_pred_1.pdb	1	1	1	1	1	1	1	1	6
afm_dropout_full_woTemplates_model_1_multimer_v2_pred_10.pdb	1	1	1	1	1	1	1	1	6
afm_dropout_full_woTemplates_model_1_multimer_v2_pred_11.pdb	1	1	1	1	1	1	1	1	6
afm_dropout_full_woTemplates_model_1_multimer_v2_pred_12.pdb	1	1	1	1	1	1	1	1	6
afm_dropout_full_woTemplates_model_1_multimer_v2_pred_13.pdb	1	1	1	1	1	1	1	1	6
afm_dropout_full_woTemplates_model_1_multimer_v2_pred_14.pdb	1	1	1	1	1	1	1	1	6
afm_dropout_full_woTemplates_model_1_multimer_v2_pred_15.pdb	1	1	1	1	1	1	1	1	6
afm_dropout_full_woTemplates_model_1_multimer_v2_pred_16.pdb	1	1	1	1	1	1	1	4	310
afm_dropout_full_woTemplates_model_1_multimer_v2_pred_17.pdb	1	1	1	1	1	1	1	1	6
afm_dropout_full_woTemplates_model_1_multimer_v2_pred_18.pdb	1	1	1	1	1	1	1	1	6
afm_dropout_full_woTemplates_model_1_multimer_v2_pred_19.pdb	1	1	1	1	1	1	1	1	6
afm_dropout_full_woTemplates_model_1_multimer_v2_pred_2.pdb	1	1	1	1	1	1	1	1	6
afm_dropout_full_woTemplates_model_1_multimer_v2_pred_20.pdb	1	1	1	1	1	1	1	1	6
afm_dropout_full_woTemplates_model_1_multimer_v2_pred_21.pdb	1	1	1	1	1	1	1	1	6
afm_dropout_full_woTemplates_model_1_multimer_v2_pred_22.pdb	1	1	1	1	1	1	1	1	6
afm_dropout_full_woTemplates_model_1_multimer_v2_pred_23.pdb	1	1	1	1	1	1	1	1	6
afm_dropout_full_woTemplates_model_1_multimer_v2_pred_24.pdb	1	1	1	1	1	1	1	1	6
afm_dropout_full_woTemplates_model_1_multimer_v2_pred_25.pdb	1	1	1	1	1	1	1	1	6
afm_dropout_full_woTemplates_model_1_multimer_v2_pred_26.pdb	1	1	1	1	1	1	1	1	6
afm_dropout_full_woTemplates_model_1_multimer_v2_pred_27.pdb	1	1	1	1	1	1	1	1	6
afm_dropout_full_woTemplates_model_1_multimer_v2_pred_28.pdb	1	1	1	1	1	1	1	1	6
afm_dropout_full_woTemplates_model_1_multimer_v2_pred_29.pdb	1	1	1	1	1	1	1	1	6
afm_dropout_full_woTemplates_model_1_multimer_v2_pred_3.pdb	1	1	1	1	1	1	7	10	132
afm_dropout_full_woTemplates_model_1_multimer_v2_pred_30.pdb	1	1	1	1	1	1	1	1	6
afm_dropout_full_woTemplates_model_1_multimer_v2_pred_31.pdb	1	1	1	1	1	1	1	1	6
afm_dropout_full_woTemplates_model_1_multimer_v2_pred_32.pdb	1	1	1	1	1	1	1	1	6
afm_dropout_full_woTemplates_model_1_multimer_v2_pred_33.pdb	1	1	1	1	1	1	1	1	6
afm_dropout_full_woTemplates_model_1_multimer_v2_pred_34.pdb	1	1	1	1	1	1	1	1	6
afm_dropout_full_woTemplates_model_1_multimer_v2_pred_35.pdb	1	1	1	1	1	1	1	1	6
afm_dropout_full_woTemplates_model_1_multimer_v2_pred_36.pdb	1	1	1	1	1	1	1	4	103
afm_dropout_full_woTemplates_model_1_multimer_v2_pred_37.pdb	1	1	1	1	1	1	1	1	6
afm_dropout_full_woTemplates_model_1_multimer_v2_pred_38.pdb	1	1	1	1	1	1	1	1	6
afm_dropout_full_woTemplates_model_1_multimer_v2_pred_39.pdb	1	1	1	1	1	1	1	1	6
afm_dropout_full_woTemplates_model_1_multimer_v2_pred_4.pdb	1	1	1	1	1	1	1	1	6
afm_dropout_full_woTemplates_model_1_multimer_v2_pred_40.pdb	1	1	1	1	1	1	1	1	86
afm_dropout_full_woTemplates_model_1_multimer_v2_pred_41.pdb	1	1	1	1	1	1	1	1	6
afm_dropout_full_woTemplates_model_1_multimer_v2_pred_42.pdb	1	1	1	1	1	1	1	4	6
afm_dropout_full_woTemplates_model_1_multimer_v2_pred_43.pdb	1	1	1	1	1	1	1	1	6
afm_dropout_full_woTemplates_model_1_multimer_v2_pred_44.pdb	1	1	1	1	1	1	1	1	6
afm_dropout_full_woTemplates_model_1_multimer_v2_pred_45.pdb	1	1	1	1	1	1	1	1	6
afm_dropout_full_woTemplates_model_1_multimer_v2_pred_46.pdb	1	1	1	1	1	1	1	1	6
afm_dropout_full_woTemplates_model_1_multimer_v2_pred_47.pdb	1	1	1	1	1	1	1	1	6
afm_dropout_full_woTemplates_model_1_multimer_v2_pred_48.pdb	1	1	1	1	1	1	1	1	6
afm_dropout_full_woTemplates_model_1_multimer_v2_pred_49.pdb	1	1	1	1	1	1	1	4	311
afm_dropout_full_woTemplates_model_1_multimer_v2_pred_5.pdb	1	1	1	1	1	1	1	1	6
afm_dropout_full_woTemplates_model_1_multimer_v2_pred_50.pdb	1	1	1	1	1	1	1	1	6
afm_dropout_full_woTemplates_model_1_multimer_v2_pred_51.pdb	1	1	1	1	1	1	1	1	6
afm_dropout_full_woTemplates_model_1_multimer_v2_pred_52.pdb	1	1	1	1	1	1	1	1	6
afm_dropout_full_woTemplates_model_1_multimer_v2_pred_53.pdb	1	1	1	1	1	1	1	1	6
afm_dropout_full_woTemplates_model_1_multimer_v2_pred_54.pdb	1	1	1	1	1	1	1	1	6
afm_dropout_full_woTemplates_model_1_multimer_v2_pred_55.pdb	1	1	1	1	1	1	1	1	6
afm_dropout_full_woTemplates_model_1_multimer_v2_pred_56.pdb	1	1	1	1	1	1	1	1	6
afm_dropout_full_woTemplates_model_1_multimer_v2_pred_57.pdb	1	1	1	1	1	1	1	1	6
afm_dropout_full_woTemplates_model_1_multimer_v2_pred_58.pdb	1	1	1	1	1	1	1	1	6
afm_dropout_full_woTemplates_model_1_multimer_v2_pred_59.pdb	1	1	1	1	1	1	1	1	6
afm_dropout_full_woTemplates_model_1_multimer_v2_pred_6.pdb	1	1	1	1	1	1	1	1	6
afm_dropout_full_woTemplates_model_1_multimer_v2_pred_60.pdb	1	1	1	1	1	1	1	1	6
afm_dropout_full_woTemplates_model_1_multimer_v2_pred_61.pdb	1	1	1	1	1	1	1	1	6
afm_dropout_full_woTemplates_model_1_multimer_v2_pred_62.pdb	1	1	1	1	1	1	1	1	6
afm_dropout_full_woTemplates_model_1_multimer_v2_pred_63.pdb	1	1	1	1	1	1	1	1	6
afm_dropout_full_woTemplates_model_1_multimer_v2_pred_64.pdb	1	1	1	1	1	1	1	1	6
afm_dropout_full_woTemplates_model_1_multimer_v2_pred_65.pdb	1	1	1	1	1	1	1	1	6
afm_dropout_full_woTemplates_model_1_multimer_v2_pred_66.pdb	1	1	1	1	1	1	1	1	6
afm_dropout_full_woTemplates_model_1_multimer_v2_pred_7.pdb	1	1	1	1	1	1	1	1	6
afm_dropout_full_woTemplates_model_1_multimer_v2_pred_8.pdb	1	1	1	1	1	1	1	1	6
afm_dropout_full_woTemplates_model_1_multimer_v2_pred_9.pdb	1	1	1	1	1	1	1	1	6
afm_dropout_full_woTemplates_model_1_multimer_v3_pred_0.pdb	1	1	1	1	1	1	1	1	1
afm_dropout_full_woTemplates_model_1_multimer_v3_pred_1.pdb	1	1	1	1	1	1	1	1	1
afm_dropout_full_woTemplates_model_1_multimer_v3_pred_10.pdb	1	1	1	1	1	1	1	1	65
afm_dropout_full_woTemplates_model_1_multimer_v3_pred_11.pdb	1	1	1	1	1	1	1	1	1
afm_dropout_full_woTemplates_model_1_multimer_v3_pred_12.pdb	1	1	1	1	1	1	1	1	1
afm_dropout_full_woTemplates_model_1_multimer_v3_pred_13.pdb	1	1	1	1	1	1	1	1	1
afm_dropout_full_woTemplates_model_1_multimer_v3_pred_14.pdb	1	1	1	1	1	1	1	1	1
afm_dropout_full_woTemplates_model_1_multimer_v3_pred_15.pdb	1	1	1	1	1	1	1	1	1
afm_dropout_full_woTemplates_model_1_multimer_v3_pred_16.pdb	1	1	1	1	1	1	1	1	1
afm_dropout_full_woTemplates_model_1_multimer_v3_pred_17.pdb	1	1	1	1	1	1	1	1	1
afm_dropout_full_woTemplates_model_1_multimer_v3_pred_18.pdb	1	1	1	1	1	1	1	1	1
afm_dropout_full_woTemplates_model_1_multimer_v3_pred_19.pdb	1	1	1	1	1	1	1	1	1
afm_dropout_full_woTemplates_model_1_multimer_v3_pred_2.pdb	1	1	1	1	1	1	1	1	1
afm_dropout_full_woTemplates_model_1_multimer_v3_pred_20.pdb	1	1	1	1	1	1	1	1	1
afm_dropout_full_woTemplates_model_1_multimer_v3_pred_21.pdb	1	1	1	1	1	1	1	1	1
afm_dropout_full_woTemplates_model_1_multimer_v3_pred_22.pdb	1	1	1	1	1	1	1	1	1
afm_dropout_full_woTemplates_model_1_multimer_v3_pred_23.pdb	1	1	1	1	1	1	1	1	1
afm_dropout_full_woTemplates_model_1_multimer_v3_pred_24.pdb	1	1	1	1	1	1	1	1	1
afm_dropout_full_woTemplates_model_1_multimer_v3_pred_25.pdb	1	1	1	1	1	1	1	1	1
afm_dropout_full_woTemplates_model_1_multimer_v3_pred_26.pdb	1	1	1	1	1	1	1	1	1
afm_dropout_full_woTemplates_model_1_multimer_v3_pred_27.pdb	1	1	1	1	1	1	1	1	1
afm_dropout_full_woTemplates_model_1_multimer_v3_pred_28.pdb	1	1	1	1	1	1	1	1	1
afm_dropout_full_woTemplates_model_1_multimer_v3_pred_29.pdb	1	1	1	1	1	1	1	1	1
afm_dropout_full_woTemplates_model_1_multimer_v3_pred_3.pdb	1	1	1	1	1	1	1	1	1
afm_dropout_full_woTemplates_model_1_multimer_v3_pred_30.pdb	1	1	1	1	1	1	1	1	43
afm_dropout_full_woTemplates_model_1_multimer_v3_pred_31.pdb	1	1	1	1	1	1	1	1	43
afm_dropout_full_woTemplates_model_1_multimer_v3_pred_32.pdb	1	1	1	1	1	1	1	1	1
afm_dropout_full_woTemplates_model_1_multimer_v3_pred_33.pdb	1	1	1	1	1	1	1	1	1
afm_dropout_full_woTemplates_model_1_multimer_v3_pred_34.pdb	1	1	1	1	1	1	1	1	1
afm_dropout_full_woTemplates_model_1_multimer_v3_pred_35.pdb	1	1	1	1	1	1	1	1	1
afm_dropout_full_woTemplates_model_1_multimer_v3_pred_36.pdb	1	1	1	1	1	1	1	1	1
afm_dropout_full_woTemplates_model_1_multimer_v3_pred_37.pdb	1	1	1	1	1	1	1	1	1
afm_dropout_full_woTemplates_model_1_multimer_v3_pred_38.pdb	1	1	1	1	1	1	1	1	1
afm_dropout_full_woTemplates_model_1_multimer_v3_pred_39.pdb	1	1	1	1	1	1	1	1	1
afm_dropout_full_woTemplates_model_1_multimer_v3_pred_4.pdb	1	1	1	1	1	1	1	1	43
afm_dropout_full_woTemplates_model_1_multimer_v3_pred_40.pdb	1	1	1	1	1	1	1	1	1
afm_dropout_full_woTemplates_model_1_multimer_v3_pred_41.pdb	1	1	1	1	1	1	1	1	1
afm_dropout_full_woTemplates_model_1_multimer_v3_pred_42.pdb	1	1	1	1	1	1	1	1	1
afm_dropout_full_woTemplates_model_1_multimer_v3_pred_43.pdb	1	1	1	1	1	1	1	1	1
afm_dropout_full_woTemplates_model_1_multimer_v3_pred_44.pdb	1	1	1	1	1	1	1	1	43
afm_dropout_full_woTemplates_model_1_multimer_v3_pred_45.pdb	1	1	1	1	1	1	1	1	1
afm_dropout_full_woTemplates_model_1_multimer_v3_pred_46.pdb	1	1	1	1	1	1	1	1	1
afm_dropout_full_woTemplates_model_1_multimer_v3_pred_47.pdb	1	1	1	1	1	1	1	1	1
afm_dropout_full_woTemplates_model_1_multimer_v3_pred_48.pdb	1	1	1	1	1	1	1	1	1
afm_dropout_full_woTemplates_model_1_multimer_v3_pred_49.pdb	1	1	1	1	1	1	1	1	1
afm_dropout_full_woTemplates_model_1_multimer_v3_pred_5.pdb	1	1	1	1	1	1	1	1	1
afm_dropout_full_woTemplates_model_1_multimer_v3_pred_50.pdb	1	1	1	1	1	1	1	1	1
afm_dropout_full_woTemplates_model_1_multimer_v3_pred_51.pdb	1	1	1	1	1	1	1	1	1
afm_dropout_full_woTemplates_model_1_multimer_v3_pred_52.pdb	1	1	1	1	1	1	1	1	1
afm_dropout_full_woTemplates_model_1_multimer_v3_pred_53.pdb	1	1	1	1	1	1	1	1	1
afm_dropout_full_woTemplates_model_1_multimer_v3_pred_54.pdb	1	1	1	1	1	1	1	1	43
afm_dropout_full_woTemplates_model_1_multimer_v3_pred_55.pdb	1	1	1	1	1	1	1	1	1
afm_dropout_full_woTemplates_model_1_multimer_v3_pred_56.pdb	1	1	1	1	1	1	1	1	1
afm_dropout_full_woTemplates_model_1_multimer_v3_pred_57.pdb	1	1	1	1	1	1	1	1	43
afm_dropout_full_woTemplates_model_1_multimer_v3_pred_58.pdb	1	1	1	1	1	1	1	1	1
afm_dropout_full_woTemplates_model_1_multimer_v3_pred_59.pdb	1	1	1	1	1	1	1	1	1
afm_dropout_full_woTemplates_model_1_multimer_v3_pred_6.pdb	1	1	1	1	1	1	1	1	1
afm_dropout_full_woTemplates_model_1_multimer_v3_pred_60.pdb	1	1	1	1	1	1	1	1	1
afm_dropout_full_woTemplates_model_1_multimer_v3_pred_61.pdb	1	1	1	1	1	1	1	1	1
afm_dropout_full_woTemplates_model_1_multimer_v3_pred_62.pdb	1	1	1	1	1	1	1	1	43
afm_dropout_full_woTemplates_model_1_multimer_v3_pred_63.pdb	1	1	1	1	1	1	1	1	1
afm_dropout_full_woTemplates_model_1_multimer_v3_pred_64.pdb	1	1	1	1	1	1	1	1	1
afm_dropout_full_woTemplates_model_1_multimer_v3_pred_65.pdb	1	1	1	1	1	1	1	1	1
afm_dropout_full_woTemplates_model_1_multimer_v3_pred_66.pdb	1	1	1	1	1	1	1	1	1
afm_dropout_full_woTemplates_model_1_multimer_v3_pred_7.pdb	1	1	1	1	1	1	1	1	1
afm_dropout_full_woTemplates_model_1_multimer_v3_pred_8.pdb	1	1	1	1	1	1	1	1	1
afm_dropout_full_woTemplates_model_1_multimer_v3_pred_9.pdb	1	1	1	1	1	1	1	1	1
afm_dropout_full_woTemplates_model_2_multimer_v1_pred_0.pdb	1	1	2	2	7	22	31	84	312
afm_dropout_full_woTemplates_model_2_multimer_v1_pred_1.pdb	1	1	2	2	2	5	15	85	313
afm_dropout_full_woTemplates_model_2_multimer_v1_pred_10.pdb	1	1	1	1	1	1	1	2	47
afm_dropout_full_woTemplates_model_2_multimer_v1_pred_11.pdb	1	1	1	1	1	1	1	1	92
afm_dropout_full_woTemplates_model_2_multimer_v1_pred_12.pdb	1	1	1	1	1	1	1	2	61
afm_dropout_full_woTemplates_model_2_multimer_v1_pred_13.pdb	1	1	1	1	1	1	1	2	87
afm_dropout_full_woTemplates_model_2_multimer_v1_pred_14.pdb	1	1	1	1	1	1	1	2	94
afm_dropout_full_woTemplates_model_2_multimer_v1_pred_15.pdb	1	1	1	1	1	1	1	5	314
afm_dropout_full_woTemplates_model_2_multimer_v1_pred_16.pdb	1	1	2	2	7	22	31	86	315
afm_dropout_full_woTemplates_model_2_multimer_v1_pred_17.pdb	1	1	1	1	1	1	1	2	316
afm_dropout_full_woTemplates_model_2_multimer_v1_pred_18.pdb	1	1	1	1	1	1	1	29	317
afm_dropout_full_woTemplates_model_2_multimer_v1_pred_19.pdb	1	1	2	2	7	9	50	87	318
afm_dropout_full_woTemplates_model_2_multimer_v1_pred_2.pdb	1	1	1	1	1	1	1	2	71
afm_dropout_full_woTemplates_model_2_multimer_v1_pred_20.pdb	1	1	2	2	2	23	51	88	319
afm_dropout_full_woTemplates_model_2_multimer_v1_pred_21.pdb	1	1	1	1	1	1	1	2	320
afm_dropout_full_woTemplates_model_2_multimer_v1_pred_22.pdb	1	1	2	2	2	13	52	89	321
afm_dropout_full_woTemplates_model_2_multimer_v1_pred_23.pdb	1	1	1	1	1	1	1	2	61
afm_dropout_full_woTemplates_model_2_multimer_v1_pred_24.pdb	1	1	1	1	1	1	1	1	322
afm_dropout_full_woTemplates_model_2_multimer_v1_pred_25.pdb	1	1	1	1	1	1	1	2	47
afm_dropout_full_woTemplates_model_2_multimer_v1_pred_26.pdb	1	1	1	1	1	1	1	2	114
afm_dropout_full_woTemplates_model_2_multimer_v1_pred_27.pdb	1	1	1	1	1	1	1	2	61
afm_dropout_full_woTemplates_model_2_multimer_v1_pred_28.pdb	1	1	1	1	1	1	1	1	181
afm_dropout_full_woTemplates_model_2_multimer_v1_pred_29.pdb	2	2	1	4	6	10	11	90	323
afm_dropout_full_woTemplates_model_2_multimer_v1_pred_3.pdb	1	1	1	1	1	1	1	2	47
afm_dropout_full_woTemplates_model_2_multimer_v1_pred_30.pdb	1	1	2	2	2	5	53	91	324
afm_dropout_full_woTemplates_model_2_multimer_v1_pred_31.pdb	1	1	1	1	1	1	1	1	325
afm_dropout_full_woTemplates_model_2_multimer_v1_pred_32.pdb	1	1	1	1	1	1	1	2	87
afm_dropout_full_woTemplates_model_2_multimer_v1_pred_33.pdb	1	1	1	1	1	1	1	1	87
afm_dropout_full_woTemplates_model_2_multimer_v1_pred_34.pdb	1	1	1	1	1	1	1	2	326
afm_dropout_full_woTemplates_model_2_multimer_v1_pred_35.pdb	1	1	1	1	1	1	1	2	71
afm_dropout_full_woTemplates_model_2_multimer_v1_pred_36.pdb	2	2	1	4	6	10	54	92	327
afm_dropout_full_woTemplates_model_2_multimer_v1_pred_37.pdb	1	1	1	1	1	1	1	1	87
afm_dropout_full_woTemplates_model_2_multimer_v1_pred_38.pdb	1	1	2	2	7	9	22	93	328
afm_dropout_full_woTemplates_model_2_multimer_v1_pred_39.pdb	1	1	1	1	1	1	1	2	329
afm_dropout_full_woTemplates_model_2_multimer_v1_pred_4.pdb	1	1	1	1	1	1	1	2	71
afm_dropout_full_woTemplates_model_2_multimer_v1_pred_40.pdb	1	1	1	1	1	1	1	1	71
afm_dropout_full_woTemplates_model_2_multimer_v1_pred_41.pdb	1	1	2	2	7	9	22	94	330
afm_dropout_full_woTemplates_model_2_multimer_v1_pred_42.pdb	1	2	3	5	5	8	32	95	331
afm_dropout_full_woTemplates_model_2_multimer_v1_pred_43.pdb	1	1	1	1	1	1	1	1	87
afm_dropout_full_woTemplates_model_2_multimer_v1_pred_44.pdb	2	2	1	4	6	10	11	96	332
afm_dropout_full_woTemplates_model_2_multimer_v1_pred_45.pdb	1	1	1	1	1	1	1	2	333
afm_dropout_full_woTemplates_model_2_multimer_v1_pred_46.pdb	1	1	1	1	1	1	1	2	114
afm_dropout_full_woTemplates_model_2_multimer_v1_pred_47.pdb	1	1	2	2	2	13	28	97	334
afm_dropout_full_woTemplates_model_2_multimer_v1_pred_48.pdb	1	1	2	2	4	13	28	98	335
afm_dropout_full_woTemplates_model_2_multimer_v1_pred_49.pdb	1	1	2	2	2	9	55	99	336
afm_dropout_full_woTemplates_model_2_multimer_v1_pred_5.pdb	1	1	2	2	7	9	17	100	337
afm_dropout_full_woTemplates_model_2_multimer_v1_pred_50.pdb	1	1	1	1	1	1	1	5	338
afm_dropout_full_woTemplates_model_2_multimer_v1_pred_51.pdb	1	1	1	1	1	1	1	29	339
afm_dropout_full_woTemplates_model_2_multimer_v1_pred_52.pdb	1	1	1	1	1	1	2	29	340
afm_dropout_full_woTemplates_model_2_multimer_v1_pred_53.pdb	1	1	1	1	1	1	1	2	47
afm_dropout_full_woTemplates_model_2_multimer_v1_pred_54.pdb	1	1	1	1	1	1	1	1	182
afm_dropout_full_woTemplates_model_2_multimer_v1_pred_55.pdb	1	1	2	2	7	9	56	101	341
afm_dropout_full_woTemplates_model_2_multimer_v1_pred_56.pdb	1	1	1	1	1	1	1	2	342
afm_dropout_full_woTemplates_model_2_multimer_v1_pred_57.pdb	1	2	3	5	5	8	13	102	343
afm_dropout_full_woTemplates_model_2_multimer_v1_pred_58.pdb	1	1	1	1	1	1	1	2	47
afm_dropout_full_woTemplates_model_2_multimer_v1_pred_59.pdb	1	1	1	1	1	1	1	5	344
afm_dropout_full_woTemplates_model_2_multimer_v1_pred_6.pdb	1	1	2	2	7	9	17	103	345
afm_dropout_full_woTemplates_model_2_multimer_v1_pred_60.pdb	1	1	1	1	1	1	1	1	61
afm_dropout_full_woTemplates_model_2_multimer_v1_pred_61.pdb	1	1	1	1	1	1	1	2	87
afm_dropout_full_woTemplates_model_2_multimer_v1_pred_62.pdb	1	1	1	1	1	1	1	2	346
afm_dropout_full_woTemplates_model_2_multimer_v1_pred_63.pdb	1	1	1	1	1	1	1	2	347
afm_dropout_full_woTemplates_model_2_multimer_v1_pred_64.pdb	1	1	1	1	1	1	1	2	61
afm_dropout_full_woTemplates_model_2_multimer_v1_pred_65.pdb	1	1	1	1	1	1	1	2	94
afm_dropout_full_woTemplates_model_2_multimer_v1_pred_66.pdb	1	1	1	1	1	1	1	2	348
afm_dropout_full_woTemplates_model_2_multimer_v1_pred_7.pdb	1	1	1	1	1	1	1	2	183
afm_dropout_full_woTemplates_model_2_multimer_v1_pred_8.pdb	1	1	1	1	1	1	1	2	184
afm_dropout_full_woTemplates_model_2_multimer_v1_pred_9.pdb	1	1	1	1	1	1	1	1	47
afm_dropout_full_woTemplates_model_2_multimer_v2_pred_0.pdb	1	1	1	1	1	1	1	1	7
afm_dropout_full_woTemplates_model_2_multimer_v2_pred_1.pdb	1	1	1	1	1	1	1	1	7
afm_dropout_full_woTemplates_model_2_multimer_v2_pred_10.pdb	1	1	1	1	1	1	1	1	7
afm_dropout_full_woTemplates_model_2_multimer_v2_pred_11.pdb	1	1	1	1	1	1	1	1	7
afm_dropout_full_woTemplates_model_2_multimer_v2_pred_12.pdb	1	1	1	1	1	1	1	1	7
afm_dropout_full_woTemplates_model_2_multimer_v2_pred_13.pdb	1	1	1	1	1	1	1	1	98
afm_dropout_full_woTemplates_model_2_multimer_v2_pred_14.pdb	1	1	1	1	1	1	1	1	7
afm_dropout_full_woTemplates_model_2_multimer_v2_pred_15.pdb	1	1	1	1	1	1	1	1	7
afm_dropout_full_woTemplates_model_2_multimer_v2_pred_16.pdb	1	1	1	1	1	1	1	1	98
afm_dropout_full_woTemplates_model_2_multimer_v2_pred_17.pdb	1	1	1	1	1	1	1	1	7
afm_dropout_full_woTemplates_model_2_multimer_v2_pred_18.pdb	1	1	1	1	1	1	1	1	7
afm_dropout_full_woTemplates_model_2_multimer_v2_pred_19.pdb	1	1	1	1	1	1	1	1	7
afm_dropout_full_woTemplates_model_2_multimer_v2_pred_2.pdb	1	1	1	1	1	1	1	1	7
afm_dropout_full_woTemplates_model_2_multimer_v2_pred_20.pdb	1	1	1	1	1	1	1	1	125
afm_dropout_full_woTemplates_model_2_multimer_v2_pred_21.pdb	1	1	1	1	1	1	1	1	7
afm_dropout_full_woTemplates_model_2_multimer_v2_pred_22.pdb	1	1	1	1	1	1	1	1	7
afm_dropout_full_woTemplates_model_2_multimer_v2_pred_23.pdb	1	1	1	1	1	1	1	1	7
afm_dropout_full_woTemplates_model_2_multimer_v2_pred_24.pdb	1	1	1	1	1	1	1	1	7
afm_dropout_full_woTemplates_model_2_multimer_v2_pred_25.pdb	1	1	1	1	1	1	1	1	7
afm_dropout_full_woTemplates_model_2_multimer_v2_pred_26.pdb	1	1	1	1	1	1	1	1	7
afm_dropout_full_woTemplates_model_2_multimer_v2_pred_27.pdb	1	1	1	1	1	1	1	1	185
afm_dropout_full_woTemplates_model_2_multimer_v2_pred_28.pdb	1	1	1	1	1	1	1	1	7
afm_dropout_full_woTemplates_model_2_multimer_v2_pred_29.pdb	1	1	1	1	1	1	1	1	7
afm_dropout_full_woTemplates_model_2_multimer_v2_pred_3.pdb	1	1	1	1	1	1	1	1	7
afm_dropout_full_woTemplates_model_2_multimer_v2_pred_30.pdb	1	1	1	1	1	1	1	1	147
afm_dropout_full_woTemplates_model_2_multimer_v2_pred_31.pdb	1	1	1	1	1	1	1	1	7
afm_dropout_full_woTemplates_model_2_multimer_v2_pred_32.pdb	1	1	1	1	1	1	1	1	186
afm_dropout_full_woTemplates_model_2_multimer_v2_pred_33.pdb	1	1	1	1	1	1	1	1	7
afm_dropout_full_woTemplates_model_2_multimer_v2_pred_34.pdb	1	1	1	1	1	1	1	1	7
afm_dropout_full_woTemplates_model_2_multimer_v2_pred_35.pdb	1	1	1	1	1	1	1	1	7
afm_dropout_full_woTemplates_model_2_multimer_v2_pred_36.pdb	1	1	1	1	1	1	1	1	7
afm_dropout_full_woTemplates_model_2_multimer_v2_pred_37.pdb	1	1	1	1	1	1	1	1	7
afm_dropout_full_woTemplates_model_2_multimer_v2_pred_38.pdb	1	1	1	1	1	1	1	1	7
afm_dropout_full_woTemplates_model_2_multimer_v2_pred_39.pdb	1	1	1	1	1	1	1	1	7
afm_dropout_full_woTemplates_model_2_multimer_v2_pred_4.pdb	1	1	1	1	1	1	1	1	7
afm_dropout_full_woTemplates_model_2_multimer_v2_pred_40.pdb	1	1	1	1	1	1	1	1	7
afm_dropout_full_woTemplates_model_2_multimer_v2_pred_41.pdb	1	1	1	1	1	1	1	1	7
afm_dropout_full_woTemplates_model_2_multimer_v2_pred_42.pdb	1	1	1	1	1	1	1	1	98
afm_dropout_full_woTemplates_model_2_multimer_v2_pred_43.pdb	1	1	1	1	1	1	1	1	7
afm_dropout_full_woTemplates_model_2_multimer_v2_pred_44.pdb	1	1	1	1	1	1	1	1	7
afm_dropout_full_woTemplates_model_2_multimer_v2_pred_45.pdb	1	1	1	1	1	1	1	1	147
afm_dropout_full_woTemplates_model_2_multimer_v2_pred_46.pdb	1	1	1	1	1	1	1	1	7
afm_dropout_full_woTemplates_model_2_multimer_v2_pred_47.pdb	1	1	1	1	1	1	1	1	7
afm_dropout_full_woTemplates_model_2_multimer_v2_pred_48.pdb	1	1	1	1	1	1	1	1	7
afm_dropout_full_woTemplates_model_2_multimer_v2_pred_49.pdb	1	1	1	1	1	1	1	1	7
afm_dropout_full_woTemplates_model_2_multimer_v2_pred_5.pdb	1	1	1	1	1	1	1	1	7
afm_dropout_full_woTemplates_model_2_multimer_v2_pred_50.pdb	1	1	2	2	3	17	57	104	349
afm_dropout_full_woTemplates_model_2_multimer_v2_pred_51.pdb	1	1	1	1	1	1	1	1	125
afm_dropout_full_woTemplates_model_2_multimer_v2_pred_52.pdb	1	1	1	1	1	1	1	1	98
afm_dropout_full_woTemplates_model_2_multimer_v2_pred_53.pdb	1	1	1	1	1	1	1	1	7
afm_dropout_full_woTemplates_model_2_multimer_v2_pred_54.pdb	1	1	1	1	1	1	1	1	7
afm_dropout_full_woTemplates_model_2_multimer_v2_pred_55.pdb	1	1	1	1	1	1	1	1	7
afm_dropout_full_woTemplates_model_2_multimer_v2_pred_56.pdb	1	1	1	1	1	1	1	1	7
afm_dropout_full_woTemplates_model_2_multimer_v2_pred_57.pdb	1	1	1	1	1	1	1	1	147
afm_dropout_full_woTemplates_model_2_multimer_v2_pred_58.pdb	1	1	1	1	1	1	1	1	7
afm_dropout_full_woTemplates_model_2_multimer_v2_pred_59.pdb	1	1	1	1	1	1	1	1	7
afm_dropout_full_woTemplates_model_2_multimer_v2_pred_6.pdb	1	1	1	1	1	1	1	1	7
afm_dropout_full_woTemplates_model_2_multimer_v2_pred_60.pdb	1	1	1	1	1	1	1	1	7
afm_dropout_full_woTemplates_model_2_multimer_v2_pred_61.pdb	1	1	1	1	1	1	1	1	7
afm_dropout_full_woTemplates_model_2_multimer_v2_pred_62.pdb	1	1	1	1	1	1	1	1	7
afm_dropout_full_woTemplates_model_2_multimer_v2_pred_63.pdb	1	1	1	1	1	1	1	1	7
afm_dropout_full_woTemplates_model_2_multimer_v2_pred_64.pdb	1	1	1	1	1	1	1	1	7
afm_dropout_full_woTemplates_model_2_multimer_v2_pred_65.pdb	1	1	1	1	1	1	1	1	7
afm_dropout_full_woTemplates_model_2_multimer_v2_pred_66.pdb	1	1	1	1	1	1	1	1	7
afm_dropout_full_woTemplates_model_2_multimer_v2_pred_7.pdb	1	1	1	1	1	1	1	1	7
afm_dropout_full_woTemplates_model_2_multimer_v2_pred_8.pdb	1	1	1	1	1	1	1	1	7
afm_dropout_full_woTemplates_model_2_multimer_v2_pred_9.pdb	1	1	1	1	1	1	1	1	7
afm_dropout_full_woTemplates_model_2_multimer_v3_pred_0.pdb	1	1	1	1	1	1	1	1	60
afm_dropout_full_woTemplates_model_2_multimer_v3_pred_1.pdb	1	1	1	1	1	1	1	1	1
afm_dropout_full_woTemplates_model_2_multimer_v3_pred_10.pdb	1	1	1	1	1	1	1	1	60
afm_dropout_full_woTemplates_model_2_multimer_v3_pred_11.pdb	1	1	1	1	1	1	1	1	1
afm_dropout_full_woTemplates_model_2_multimer_v3_pred_12.pdb	1	1	1	1	1	1	1	1	1
afm_dropout_full_woTemplates_model_2_multimer_v3_pred_13.pdb	1	1	1	1	1	1	1	1	187
afm_dropout_full_woTemplates_model_2_multimer_v3_pred_14.pdb	1	1	1	1	1	1	1	1	1
afm_dropout_full_woTemplates_model_2_multimer_v3_pred_15.pdb	1	1	1	1	1	1	1	1	34
afm_dropout_full_woTemplates_model_2_multimer_v3_pred_16.pdb	1	1	1	1	1	1	1	1	1
afm_dropout_full_woTemplates_model_2_multimer_v3_pred_17.pdb	1	1	1	1	1	1	1	1	60
afm_dropout_full_woTemplates_model_2_multimer_v3_pred_18.pdb	1	1	1	1	1	1	1	1	1
afm_dropout_full_woTemplates_model_2_multimer_v3_pred_19.pdb	1	1	1	1	1	1	1	1	34
afm_dropout_full_woTemplates_model_2_multimer_v3_pred_2.pdb	1	1	1	1	1	1	1	1	1
afm_dropout_full_woTemplates_model_2_multimer_v3_pred_20.pdb	1	1	1	1	1	1	1	1	1
afm_dropout_full_woTemplates_model_2_multimer_v3_pred_21.pdb	1	1	1	1	1	1	1	1	34
afm_dropout_full_woTemplates_model_2_multimer_v3_pred_22.pdb	1	1	1	1	1	1	1	1	1
afm_dropout_full_woTemplates_model_2_multimer_v3_pred_23.pdb	1	1	1	1	1	1	1	1	43
afm_dropout_full_woTemplates_model_2_multimer_v3_pred_24.pdb	1	1	1	1	1	1	1	1	34
afm_dropout_full_woTemplates_model_2_multimer_v3_pred_25.pdb	1	1	1	1	1	1	1	1	1
afm_dropout_full_woTemplates_model_2_multimer_v3_pred_26.pdb	1	1	1	1	1	1	1	1	1
afm_dropout_full_woTemplates_model_2_multimer_v3_pred_27.pdb	1	1	1	1	1	1	1	1	34
afm_dropout_full_woTemplates_model_2_multimer_v3_pred_28.pdb	1	1	1	1	1	1	1	1	1
afm_dropout_full_woTemplates_model_2_multimer_v3_pred_29.pdb	1	1	1	1	1	1	1	1	34
afm_dropout_full_woTemplates_model_2_multimer_v3_pred_3.pdb	1	1	1	1	1	1	1	1	1
afm_dropout_full_woTemplates_model_2_multimer_v3_pred_30.pdb	1	1	1	1	1	1	1	1	34
afm_dropout_full_woTemplates_model_2_multimer_v3_pred_31.pdb	1	1	1	1	1	1	1	1	34
afm_dropout_full_woTemplates_model_2_multimer_v3_pred_32.pdb	1	1	1	1	1	1	1	1	1
afm_dropout_full_woTemplates_model_2_multimer_v3_pred_33.pdb	1	1	1	1	1	1	1	1	1
afm_dropout_full_woTemplates_model_2_multimer_v3_pred_34.pdb	1	1	1	1	1	1	1	1	112
afm_dropout_full_woTemplates_model_2_multimer_v3_pred_35.pdb	1	1	1	1	1	1	1	1	1
afm_dropout_full_woTemplates_model_2_multimer_v3_pred_36.pdb	1	1	1	1	1	1	1	1	1
afm_dropout_full_woTemplates_model_2_multimer_v3_pred_37.pdb	1	1	1	1	1	1	1	1	1
afm_dropout_full_woTemplates_model_2_multimer_v3_pred_38.pdb	1	1	1	1	1	1	1	1	1
afm_dropout_full_woTemplates_model_2_multimer_v3_pred_39.pdb	1	1	1	1	1	1	1	1	1
afm_dropout_full_woTemplates_model_2_multimer_v3_pred_4.pdb	1	1	1	1	1	1	1	1	60
afm_dropout_full_woTemplates_model_2_multimer_v3_pred_40.pdb	1	1	1	1	1	1	1	1	1
afm_dropout_full_woTemplates_model_2_multimer_v3_pred_41.pdb	1	1	1	1	1	1	1	1	1
afm_dropout_full_woTemplates_model_2_multimer_v3_pred_42.pdb	1	1	1	1	1	1	1	1	77
afm_dropout_full_woTemplates_model_2_multimer_v3_pred_43.pdb	1	1	1	1	1	1	1	1	1
afm_dropout_full_woTemplates_model_2_multimer_v3_pred_44.pdb	1	1	1	1	1	1	1	1	1
afm_dropout_full_woTemplates_model_2_multimer_v3_pred_45.pdb	1	1	1	1	1	1	1	1	1
afm_dropout_full_woTemplates_model_2_multimer_v3_pred_46.pdb	1	1	1	1	1	1	1	1	77
afm_dropout_full_woTemplates_model_2_multimer_v3_pred_47.pdb	1	1	1	1	1	1	1	1	1
afm_dropout_full_woTemplates_model_2_multimer_v3_pred_48.pdb	1	1	1	1	1	1	1	1	1
afm_dropout_full_woTemplates_model_2_multimer_v3_pred_49.pdb	1	1	1	1	1	1	1	1	1
afm_dropout_full_woTemplates_model_2_multimer_v3_pred_5.pdb	1	1	1	1	1	1	1	1	34
afm_dropout_full_woTemplates_model_2_multimer_v3_pred_50.pdb	1	1	1	1	1	1	1	1	34
afm_dropout_full_woTemplates_model_2_multimer_v3_pred_51.pdb	1	1	1	1	1	1	1	1	1
afm_dropout_full_woTemplates_model_2_multimer_v3_pred_52.pdb	1	1	1	1	1	1	1	1	1
afm_dropout_full_woTemplates_model_2_multimer_v3_pred_53.pdb	1	1	1	1	1	1	1	1	1
afm_dropout_full_woTemplates_model_2_multimer_v3_pred_54.pdb	1	1	1	1	1	1	1	1	1
afm_dropout_full_woTemplates_model_2_multimer_v3_pred_55.pdb	1	1	1	1	1	1	1	1	1
afm_dropout_full_woTemplates_model_2_multimer_v3_pred_56.pdb	1	1	1	1	1	1	1	1	1
afm_dropout_full_woTemplates_model_2_multimer_v3_pred_57.pdb	1	1	1	1	1	1	1	1	34
afm_dropout_full_woTemplates_model_2_multimer_v3_pred_58.pdb	1	1	1	1	1	1	1	1	1
afm_dropout_full_woTemplates_model_2_multimer_v3_pred_59.pdb	1	1	1	1	1	1	1	1	1
afm_dropout_full_woTemplates_model_2_multimer_v3_pred_6.pdb	1	1	1	1	1	1	1	1	148
afm_dropout_full_woTemplates_model_2_multimer_v3_pred_60.pdb	1	1	1	1	1	1	1	1	1
afm_dropout_full_woTemplates_model_2_multimer_v3_pred_61.pdb	1	1	1	1	1	1	1	1	34
afm_dropout_full_woTemplates_model_2_multimer_v3_pred_62.pdb	1	1	1	1	1	1	1	1	1
afm_dropout_full_woTemplates_model_2_multimer_v3_pred_63.pdb	1	1	1	1	1	1	1	1	34
afm_dropout_full_woTemplates_model_2_multimer_v3_pred_64.pdb	1	1	1	1	1	1	1	1	1
afm_dropout_full_woTemplates_model_2_multimer_v3_pred_65.pdb	1	1	1	1	1	1	1	1	34
afm_dropout_full_woTemplates_model_2_multimer_v3_pred_66.pdb	1	1	1	1	1	1	1	1	77
afm_dropout_full_woTemplates_model_2_multimer_v3_pred_7.pdb	1	1	1	1	1	1	1	1	1
afm_dropout_full_woTemplates_model_2_multimer_v3_pred_8.pdb	1	1	1	1	1	1	1	1	34
afm_dropout_full_woTemplates_model_2_multimer_v3_pred_9.pdb	1	1	1	1	1	1	1	1	112
afm_dropout_full_woTemplates_model_3_multimer_v1_pred_0.pdb	1	1	1	1	1	1	1	2	17
afm_dropout_full_woTemplates_model_3_multimer_v1_pred_1.pdb	1	1	1	1	1	1	1	2	48
afm_dropout_full_woTemplates_model_3_multimer_v1_pred_10.pdb	1	1	1	1	1	1	1	2	17
afm_dropout_full_woTemplates_model_3_multimer_v1_pred_11.pdb	1	1	1	1	1	1	1	2	68
afm_dropout_full_woTemplates_model_3_multimer_v1_pred_12.pdb	1	1	1	1	1	1	1	2	68
afm_dropout_full_woTemplates_model_3_multimer_v1_pred_13.pdb	1	1	1	1	1	1	1	2	350
afm_dropout_full_woTemplates_model_3_multimer_v1_pred_14.pdb	1	1	1	1	1	1	1	2	17
afm_dropout_full_woTemplates_model_3_multimer_v1_pred_15.pdb	1	1	1	1	1	1	1	2	68
afm_dropout_full_woTemplates_model_3_multimer_v1_pred_16.pdb	1	1	1	1	1	1	1	2	17
afm_dropout_full_woTemplates_model_3_multimer_v1_pred_17.pdb	1	1	1	1	1	1	1	2	17
afm_dropout_full_woTemplates_model_3_multimer_v1_pred_18.pdb	1	1	1	1	1	1	1	2	17
afm_dropout_full_woTemplates_model_3_multimer_v1_pred_19.pdb	1	1	1	1	1	1	1	2	351
afm_dropout_full_woTemplates_model_3_multimer_v1_pred_2.pdb	1	1	1	1	1	1	1	2	17
afm_dropout_full_woTemplates_model_3_multimer_v1_pred_20.pdb	1	1	1	1	1	1	1	2	17
afm_dropout_full_woTemplates_model_3_multimer_v1_pred_21.pdb	1	1	1	1	1	1	1	2	17
afm_dropout_full_woTemplates_model_3_multimer_v1_pred_22.pdb	1	1	1	1	1	1	1	2	17
afm_dropout_full_woTemplates_model_3_multimer_v1_pred_23.pdb	1	1	1	1	1	1	1	2	17
afm_dropout_full_woTemplates_model_3_multimer_v1_pred_24.pdb	1	1	1	1	1	1	1	2	17
afm_dropout_full_woTemplates_model_3_multimer_v1_pred_25.pdb	1	1	1	1	1	1	1	2	17
afm_dropout_full_woTemplates_model_3_multimer_v1_pred_26.pdb	1	1	1	1	1	1	1	2	68
afm_dropout_full_woTemplates_model_3_multimer_v1_pred_27.pdb	1	1	1	1	1	1	1	2	17
afm_dropout_full_woTemplates_model_3_multimer_v1_pred_28.pdb	1	1	1	1	1	1	1	2	17
afm_dropout_full_woTemplates_model_3_multimer_v1_pred_29.pdb	1	1	1	1	1	1	1	2	352
afm_dropout_full_woTemplates_model_3_multimer_v1_pred_3.pdb	1	1	1	1	1	1	1	2	17
afm_dropout_full_woTemplates_model_3_multimer_v1_pred_30.pdb	1	1	1	1	1	1	1	1	17
afm_dropout_full_woTemplates_model_3_multimer_v1_pred_31.pdb	1	1	1	1	1	1	1	2	353
afm_dropout_full_woTemplates_model_3_multimer_v1_pred_32.pdb	1	1	1	1	1	1	1	2	17
afm_dropout_full_woTemplates_model_3_multimer_v1_pred_33.pdb	1	1	1	1	1	1	1	2	48
afm_dropout_full_woTemplates_model_3_multimer_v1_pred_34.pdb	1	1	1	1	1	1	1	2	17
afm_dropout_full_woTemplates_model_3_multimer_v1_pred_35.pdb	1	1	1	1	1	1	1	2	68
afm_dropout_full_woTemplates_model_3_multimer_v1_pred_36.pdb	1	1	1	1	1	1	1	2	17
afm_dropout_full_woTemplates_model_3_multimer_v1_pred_37.pdb	1	1	1	1	1	1	1	2	48
afm_dropout_full_woTemplates_model_3_multimer_v1_pred_38.pdb	1	1	1	1	1	1	1	2	354
afm_dropout_full_woTemplates_model_3_multimer_v1_pred_39.pdb	1	1	1	1	1	1	1	2	68
afm_dropout_full_woTemplates_model_3_multimer_v1_pred_4.pdb	1	1	1	1	1	1	1	2	48
afm_dropout_full_woTemplates_model_3_multimer_v1_pred_40.pdb	1	1	1	1	1	1	1	2	17
afm_dropout_full_woTemplates_model_3_multimer_v1_pred_41.pdb	1	1	1	1	1	1	1	2	17
afm_dropout_full_woTemplates_model_3_multimer_v1_pred_42.pdb	1	1	1	1	1	1	1	2	17
afm_dropout_full_woTemplates_model_3_multimer_v1_pred_43.pdb	1	1	1	1	1	1	1	2	48
afm_dropout_full_woTemplates_model_3_multimer_v1_pred_44.pdb	1	1	1	1	1	1	1	2	355
afm_dropout_full_woTemplates_model_3_multimer_v1_pred_45.pdb	1	1	1	1	1	1	1	18	67
afm_dropout_full_woTemplates_model_3_multimer_v1_pred_46.pdb	1	1	1	1	1	1	1	18	135
afm_dropout_full_woTemplates_model_3_multimer_v1_pred_47.pdb	1	1	1	1	1	1	1	2	17
afm_dropout_full_woTemplates_model_3_multimer_v1_pred_48.pdb	1	1	1	1	1	1	1	2	17
afm_dropout_full_woTemplates_model_3_multimer_v1_pred_49.pdb	1	1	1	1	1	1	1	2	48
afm_dropout_full_woTemplates_model_3_multimer_v1_pred_5.pdb	1	1	1	1	1	1	1	2	356
afm_dropout_full_woTemplates_model_3_multimer_v1_pred_50.pdb	1	1	2	2	17	40	58	105	357
afm_dropout_full_woTemplates_model_3_multimer_v1_pred_51.pdb	1	1	1	1	1	1	1	2	17
afm_dropout_full_woTemplates_model_3_multimer_v1_pred_52.pdb	1	1	1	1	1	1	1	2	17
afm_dropout_full_woTemplates_model_3_multimer_v1_pred_53.pdb	1	1	1	1	1	1	1	2	17
afm_dropout_full_woTemplates_model_3_multimer_v1_pred_54.pdb	1	1	1	1	1	1	1	2	17
afm_dropout_full_woTemplates_model_3_multimer_v1_pred_55.pdb	1	1	1	1	1	1	1	2	17
afm_dropout_full_woTemplates_model_3_multimer_v1_pred_56.pdb	1	1	1	1	1	1	1	2	17
afm_dropout_full_woTemplates_model_3_multimer_v1_pred_57.pdb	1	1	1	1	1	1	1	2	17
afm_dropout_full_woTemplates_model_3_multimer_v1_pred_58.pdb	1	1	1	1	1	1	1	2	358
afm_dropout_full_woTemplates_model_3_multimer_v1_pred_59.pdb	1	1	1	1	1	1	1	2	48
afm_dropout_full_woTemplates_model_3_multimer_v1_pred_6.pdb	1	1	1	1	1	1	1	18	359
afm_dropout_full_woTemplates_model_3_multimer_v1_pred_60.pdb	1	1	1	1	1	1	1	2	68
afm_dropout_full_woTemplates_model_3_multimer_v1_pred_61.pdb	1	1	1	1	1	1	1	18	149
afm_dropout_full_woTemplates_model_3_multimer_v1_pred_62.pdb	1	1	1	1	1	1	1	2	17
afm_dropout_full_woTemplates_model_3_multimer_v1_pred_63.pdb	1	1	1	1	1	1	1	2	68
afm_dropout_full_woTemplates_model_3_multimer_v1_pred_64.pdb	1	1	1	1	1	1	1	2	17
afm_dropout_full_woTemplates_model_3_multimer_v1_pred_65.pdb	1	1	1	1	1	1	1	2	17
afm_dropout_full_woTemplates_model_3_multimer_v1_pred_66.pdb	1	1	1	1	1	1	1	2	133
afm_dropout_full_woTemplates_model_3_multimer_v1_pred_7.pdb	1	1	1	1	1	1	1	2	17
afm_dropout_full_woTemplates_model_3_multimer_v1_pred_8.pdb	1	1	1	1	1	1	1	2	48
afm_dropout_full_woTemplates_model_3_multimer_v1_pred_9.pdb	1	1	1	1	1	1	1	2	17
afm_dropout_full_woTemplates_model_3_multimer_v2_pred_0.pdb	1	1	1	1	1	1	1	1	88
afm_dropout_full_woTemplates_model_3_multimer_v2_pred_1.pdb	1	1	1	1	1	1	1	1	24
afm_dropout_full_woTemplates_model_3_multimer_v2_pred_10.pdb	1	1	1	1	1	1	1	1	14
afm_dropout_full_woTemplates_model_3_multimer_v2_pred_11.pdb	1	1	1	1	1	1	1	1	14
afm_dropout_full_woTemplates_model_3_multimer_v2_pred_12.pdb	1	1	1	1	1	1	1	1	14
afm_dropout_full_woTemplates_model_3_multimer_v2_pred_13.pdb	1	1	1	1	1	1	1	1	14
afm_dropout_full_woTemplates_model_3_multimer_v2_pred_14.pdb	1	1	1	1	1	1	1	1	14
afm_dropout_full_woTemplates_model_3_multimer_v2_pred_15.pdb	1	1	1	1	1	1	1	1	14
afm_dropout_full_woTemplates_model_3_multimer_v2_pred_16.pdb	1	1	1	1	1	1	1	1	14
afm_dropout_full_woTemplates_model_3_multimer_v2_pred_17.pdb	1	1	1	1	1	1	1	1	14
afm_dropout_full_woTemplates_model_3_multimer_v2_pred_18.pdb	1	1	1	1	1	1	1	1	14
afm_dropout_full_woTemplates_model_3_multimer_v2_pred_19.pdb	1	1	1	1	1	1	1	1	24
afm_dropout_full_woTemplates_model_3_multimer_v2_pred_2.pdb	1	1	2	3	3	14	23	51	360
afm_dropout_full_woTemplates_model_3_multimer_v2_pred_20.pdb	1	1	1	1	1	1	1	1	14
afm_dropout_full_woTemplates_model_3_multimer_v2_pred_21.pdb	1	1	1	1	1	1	1	1	63
afm_dropout_full_woTemplates_model_3_multimer_v2_pred_22.pdb	1	1	2	3	3	14	23	106	361
afm_dropout_full_woTemplates_model_3_multimer_v2_pred_23.pdb	1	1	1	1	1	1	1	1	14
afm_dropout_full_woTemplates_model_3_multimer_v2_pred_24.pdb	1	1	1	1	1	1	1	1	88
afm_dropout_full_woTemplates_model_3_multimer_v2_pred_25.pdb	1	1	1	1	1	1	1	1	14
afm_dropout_full_woTemplates_model_3_multimer_v2_pred_26.pdb	1	1	1	1	1	1	1	1	14
afm_dropout_full_woTemplates_model_3_multimer_v2_pred_27.pdb	1	1	1	1	1	1	1	1	14
afm_dropout_full_woTemplates_model_3_multimer_v2_pred_28.pdb	1	1	1	1	1	1	1	1	63
afm_dropout_full_woTemplates_model_3_multimer_v2_pred_29.pdb	1	1	1	1	1	1	1	1	14
afm_dropout_full_woTemplates_model_3_multimer_v2_pred_3.pdb	1	1	1	1	1	1	1	1	14
afm_dropout_full_woTemplates_model_3_multimer_v2_pred_30.pdb	1	1	1	1	1	1	1	1	14
afm_dropout_full_woTemplates_model_3_multimer_v2_pred_31.pdb	1	1	1	1	1	1	1	1	14
afm_dropout_full_woTemplates_model_3_multimer_v2_pred_32.pdb	1	1	1	1	1	1	1	1	14
afm_dropout_full_woTemplates_model_3_multimer_v2_pred_33.pdb	1	1	1	1	1	1	1	1	14
afm_dropout_full_woTemplates_model_3_multimer_v2_pred_34.pdb	1	1	1	1	1	1	1	1	63
afm_dropout_full_woTemplates_model_3_multimer_v2_pred_35.pdb	1	1	1	1	1	1	1	1	14
afm_dropout_full_woTemplates_model_3_multimer_v2_pred_36.pdb	1	1	1	1	1	1	1	1	14
afm_dropout_full_woTemplates_model_3_multimer_v2_pred_37.pdb	1	1	1	1	1	1	1	1	14
afm_dropout_full_woTemplates_model_3_multimer_v2_pred_38.pdb	1	1	1	1	1	1	1	1	14
afm_dropout_full_woTemplates_model_3_multimer_v2_pred_39.pdb	1	1	1	1	1	1	1	1	14
afm_dropout_full_woTemplates_model_3_multimer_v2_pred_4.pdb	1	1	1	1	1	1	1	1	14
afm_dropout_full_woTemplates_model_3_multimer_v2_pred_40.pdb	1	1	1	1	1	1	1	1	14
afm_dropout_full_woTemplates_model_3_multimer_v2_pred_41.pdb	1	1	1	1	1	1	1	1	14
afm_dropout_full_woTemplates_model_3_multimer_v2_pred_42.pdb	1	1	1	1	1	1	1	1	14
afm_dropout_full_woTemplates_model_3_multimer_v2_pred_43.pdb	1	1	1	1	1	1	1	1	50
afm_dropout_full_woTemplates_model_3_multimer_v2_pred_44.pdb	1	1	1	1	1	1	1	1	49
afm_dropout_full_woTemplates_model_3_multimer_v2_pred_45.pdb	1	1	1	1	1	1	1	1	50
afm_dropout_full_woTemplates_model_3_multimer_v2_pred_46.pdb	1	1	1	1	1	1	1	1	14
afm_dropout_full_woTemplates_model_3_multimer_v2_pred_47.pdb	1	1	1	1	1	1	1	1	49
afm_dropout_full_woTemplates_model_3_multimer_v2_pred_48.pdb	1	1	1	1	1	1	1	1	14
afm_dropout_full_woTemplates_model_3_multimer_v2_pred_49.pdb	1	1	1	1	1	1	1	1	14
afm_dropout_full_woTemplates_model_3_multimer_v2_pred_5.pdb	1	1	1	1	1	1	1	1	50
afm_dropout_full_woTemplates_model_3_multimer_v2_pred_50.pdb	1	1	1	1	1	1	1	1	14
afm_dropout_full_woTemplates_model_3_multimer_v2_pred_51.pdb	1	1	1	1	1	1	1	1	188
afm_dropout_full_woTemplates_model_3_multimer_v2_pred_52.pdb	1	1	1	1	1	1	1	1	49
afm_dropout_full_woTemplates_model_3_multimer_v2_pred_53.pdb	1	1	1	1	1	1	1	1	14
afm_dropout_full_woTemplates_model_3_multimer_v2_pred_54.pdb	1	1	1	1	1	1	1	1	14
afm_dropout_full_woTemplates_model_3_multimer_v2_pred_55.pdb	1	1	1	1	1	1	1	1	14
afm_dropout_full_woTemplates_model_3_multimer_v2_pred_56.pdb	1	1	1	1	1	1	1	4	189
afm_dropout_full_woTemplates_model_3_multimer_v2_pred_57.pdb	1	1	1	1	1	1	1	1	49
afm_dropout_full_woTemplates_model_3_multimer_v2_pred_58.pdb	1	1	1	1	1	1	1	1	14
afm_dropout_full_woTemplates_model_3_multimer_v2_pred_59.pdb	1	1	1	1	1	1	1	1	49
afm_dropout_full_woTemplates_model_3_multimer_v2_pred_6.pdb	1	1	1	1	1	1	1	1	14
afm_dropout_full_woTemplates_model_3_multimer_v2_pred_60.pdb	1	1	1	1	1	1	1	1	14
afm_dropout_full_woTemplates_model_3_multimer_v2_pred_61.pdb	1	1	1	1	1	1	1	1	63
afm_dropout_full_woTemplates_model_3_multimer_v2_pred_62.pdb	1	1	1	1	1	1	1	1	14
afm_dropout_full_woTemplates_model_3_multimer_v2_pred_63.pdb	1	1	1	1	1	1	1	1	14
afm_dropout_full_woTemplates_model_3_multimer_v2_pred_64.pdb	1	1	1	1	1	1	1	1	49
afm_dropout_full_woTemplates_model_3_multimer_v2_pred_65.pdb	1	1	1	1	1	1	1	11	50
afm_dropout_full_woTemplates_model_3_multimer_v2_pred_66.pdb	1	1	1	1	1	1	1	1	50
afm_dropout_full_woTemplates_model_3_multimer_v2_pred_7.pdb	1	1	1	1	1	1	1	1	49
afm_dropout_full_woTemplates_model_3_multimer_v2_pred_8.pdb	1	1	1	1	1	1	1	1	14
afm_dropout_full_woTemplates_model_3_multimer_v2_pred_9.pdb	1	1	1	1	1	1	1	1	14
afm_dropout_full_woTemplates_model_3_multimer_v3_pred_0.pdb	1	1	1	1	1	1	1	1	127
afm_dropout_full_woTemplates_model_3_multimer_v3_pred_1.pdb	1	1	1	1	1	1	1	1	3
afm_dropout_full_woTemplates_model_3_multimer_v3_pred_10.pdb	1	1	1	1	1	1	1	1	136
afm_dropout_full_woTemplates_model_3_multimer_v3_pred_11.pdb	1	1	2	3	3	41	59	107	362
afm_dropout_full_woTemplates_model_3_multimer_v3_pred_12.pdb	1	1	1	1	1	1	1	1	3
afm_dropout_full_woTemplates_model_3_multimer_v3_pred_13.pdb	1	1	1	1	1	1	1	1	3
afm_dropout_full_woTemplates_model_3_multimer_v3_pred_14.pdb	1	1	1	1	1	1	1	1	3
afm_dropout_full_woTemplates_model_3_multimer_v3_pred_15.pdb	1	1	1	1	1	1	1	1	3
afm_dropout_full_woTemplates_model_3_multimer_v3_pred_16.pdb	1	1	1	1	1	1	1	1	3
afm_dropout_full_woTemplates_model_3_multimer_v3_pred_17.pdb	1	1	1	1	1	1	1	1	3
afm_dropout_full_woTemplates_model_3_multimer_v3_pred_18.pdb	1	1	1	1	1	1	1	1	3
afm_dropout_full_woTemplates_model_3_multimer_v3_pred_19.pdb	1	1	1	1	1	1	1	1	3
afm_dropout_full_woTemplates_model_3_multimer_v3_pred_2.pdb	1	1	1	1	1	1	1	1	3
afm_dropout_full_woTemplates_model_3_multimer_v3_pred_20.pdb	1	1	1	1	1	1	1	1	3
afm_dropout_full_woTemplates_model_3_multimer_v3_pred_21.pdb	1	1	1	1	1	1	1	1	3
afm_dropout_full_woTemplates_model_3_multimer_v3_pred_22.pdb	1	1	1	1	1	1	1	1	3
afm_dropout_full_woTemplates_model_3_multimer_v3_pred_23.pdb	1	1	1	1	1	1	1	1	3
afm_dropout_full_woTemplates_model_3_multimer_v3_pred_24.pdb	1	1	1	1	1	1	1	1	3
afm_dropout_full_woTemplates_model_3_multimer_v3_pred_25.pdb	1	1	1	1	1	1	1	1	3
afm_dropout_full_woTemplates_model_3_multimer_v3_pred_26.pdb	1	1	1	1	1	1	1	1	3
afm_dropout_full_woTemplates_model_3_multimer_v3_pred_27.pdb	1	1	1	1	1	1	1	1	3
afm_dropout_full_woTemplates_model_3_multimer_v3_pred_28.pdb	1	1	1	1	1	1	1	1	3
afm_dropout_full_woTemplates_model_3_multimer_v3_pred_29.pdb	1	1	7	3	12	18	33	108	363
afm_dropout_full_woTemplates_model_3_multimer_v3_pred_3.pdb	1	1	1	1	1	1	1	1	3
afm_dropout_full_woTemplates_model_3_multimer_v3_pred_30.pdb	1	1	1	1	1	1	1	1	3
afm_dropout_full_woTemplates_model_3_multimer_v3_pred_31.pdb	1	1	1	1	1	1	1	1	3
afm_dropout_full_woTemplates_model_3_multimer_v3_pred_32.pdb	1	1	1	1	1	1	1	1	3
afm_dropout_full_woTemplates_model_3_multimer_v3_pred_33.pdb	1	1	1	1	1	1	1	1	3
afm_dropout_full_woTemplates_model_3_multimer_v3_pred_34.pdb	1	1	1	1	1	1	1	1	2
afm_dropout_full_woTemplates_model_3_multimer_v3_pred_35.pdb	1	1	1	1	1	1	1	1	3
afm_dropout_full_woTemplates_model_3_multimer_v3_pred_36.pdb	1	1	1	1	1	1	1	1	3
afm_dropout_full_woTemplates_model_3_multimer_v3_pred_37.pdb	1	1	1	1	1	1	1	1	3
afm_dropout_full_woTemplates_model_3_multimer_v3_pred_38.pdb	1	1	1	1	1	1	1	1	3
afm_dropout_full_woTemplates_model_3_multimer_v3_pred_39.pdb	1	1	1	1	1	1	1	1	3
afm_dropout_full_woTemplates_model_3_multimer_v3_pred_4.pdb	1	1	1	1	1	1	1	1	3
afm_dropout_full_woTemplates_model_3_multimer_v3_pred_40.pdb	1	1	1	1	1	1	1	1	3
afm_dropout_full_woTemplates_model_3_multimer_v3_pred_41.pdb	1	1	1	1	1	1	1	1	3
afm_dropout_full_woTemplates_model_3_multimer_v3_pred_42.pdb	1	1	1	1	1	1	1	1	3
afm_dropout_full_woTemplates_model_3_multimer_v3_pred_43.pdb	1	1	1	1	1	1	1	1	3
afm_dropout_full_woTemplates_model_3_multimer_v3_pred_44.pdb	1	1	1	1	1	1	1	1	3
afm_dropout_full_woTemplates_model_3_multimer_v3_pred_45.pdb	1	1	1	1	1	1	1	1	3
afm_dropout_full_woTemplates_model_3_multimer_v3_pred_46.pdb	1	1	1	1	1	1	1	1	3
afm_dropout_full_woTemplates_model_3_multimer_v3_pred_47.pdb	1	1	1	1	1	1	1	1	3
afm_dropout_full_woTemplates_model_3_multimer_v3_pred_48.pdb	1	1	1	1	1	1	1	1	3
afm_dropout_full_woTemplates_model_3_multimer_v3_pred_49.pdb	1	1	1	1	1	1	1	1	3
afm_dropout_full_woTemplates_model_3_multimer_v3_pred_5.pdb	1	1	1	1	1	1	1	1	3
afm_dropout_full_woTemplates_model_3_multimer_v3_pred_50.pdb	1	1	1	1	1	1	1	1	3
afm_dropout_full_woTemplates_model_3_multimer_v3_pred_51.pdb	1	1	1	1	1	1	1	1	52
afm_dropout_full_woTemplates_model_3_multimer_v3_pred_52.pdb	1	1	1	1	1	1	1	1	3
afm_dropout_full_woTemplates_model_3_multimer_v3_pred_53.pdb	1	1	1	1	1	1	1	1	3
afm_dropout_full_woTemplates_model_3_multimer_v3_pred_54.pdb	1	1	1	1	1	1	1	1	3
afm_dropout_full_woTemplates_model_3_multimer_v3_pred_55.pdb	1	1	1	1	1	1	1	1	3
afm_dropout_full_woTemplates_model_3_multimer_v3_pred_56.pdb	1	1	1	1	1	1	1	1	3
afm_dropout_full_woTemplates_model_3_multimer_v3_pred_57.pdb	1	1	1	1	1	1	1	1	3
afm_dropout_full_woTemplates_model_3_multimer_v3_pred_58.pdb	1	1	1	1	1	1	1	1	2
afm_dropout_full_woTemplates_model_3_multimer_v3_pred_59.pdb	1	1	1	1	1	1	1	1	3
afm_dropout_full_woTemplates_model_3_multimer_v3_pred_6.pdb	1	1	1	1	1	1	1	1	3
afm_dropout_full_woTemplates_model_3_multimer_v3_pred_60.pdb	1	1	1	1	1	1	1	1	3
afm_dropout_full_woTemplates_model_3_multimer_v3_pred_61.pdb	1	1	1	1	1	1	1	1	3
afm_dropout_full_woTemplates_model_3_multimer_v3_pred_62.pdb	1	1	1	1	1	1	1	1	3
afm_dropout_full_woTemplates_model_3_multimer_v3_pred_63.pdb	1	1	1	1	1	1	1	1	3
afm_dropout_full_woTemplates_model_3_multimer_v3_pred_64.pdb	1	1	1	1	1	1	1	1	3
afm_dropout_full_woTemplates_model_3_multimer_v3_pred_65.pdb	1	1	1	1	1	1	1	1	3
afm_dropout_full_woTemplates_model_3_multimer_v3_pred_66.pdb	1	1	1	1	1	1	1	1	3
afm_dropout_full_woTemplates_model_3_multimer_v3_pred_7.pdb	1	1	1	1	1	1	1	1	3
afm_dropout_full_woTemplates_model_3_multimer_v3_pred_8.pdb	1	1	1	1	1	1	1	1	3
afm_dropout_full_woTemplates_model_3_multimer_v3_pred_9.pdb	1	1	1	1	1	1	1	1	3
afm_dropout_full_woTemplates_model_4_multimer_v1_pred_0.pdb	1	1	1	1	1	1	1	2	92
afm_dropout_full_woTemplates_model_4_multimer_v1_pred_1.pdb	1	1	2	2	2	2	5	38	364
afm_dropout_full_woTemplates_model_4_multimer_v1_pred_10.pdb	1	1	1	1	1	1	1	2	18
afm_dropout_full_woTemplates_model_4_multimer_v1_pred_11.pdb	1	1	1	1	1	1	1	3	365
afm_dropout_full_woTemplates_model_4_multimer_v1_pred_12.pdb	1	1	1	1	1	1	1	5	366
afm_dropout_full_woTemplates_model_4_multimer_v1_pred_13.pdb	1	1	1	1	1	1	1	3	84
afm_dropout_full_woTemplates_model_4_multimer_v1_pred_14.pdb	1	1	1	1	1	1	1	3	367
afm_dropout_full_woTemplates_model_4_multimer_v1_pred_15.pdb	1	1	1	1	1	1	1	2	150
afm_dropout_full_woTemplates_model_4_multimer_v1_pred_16.pdb	1	1	1	1	1	1	1	3	368
afm_dropout_full_woTemplates_model_4_multimer_v1_pred_17.pdb	1	1	2	2	2	2	3	6	369
afm_dropout_full_woTemplates_model_4_multimer_v1_pred_18.pdb	1	1	1	1	1	1	1	1	18
afm_dropout_full_woTemplates_model_4_multimer_v1_pred_19.pdb	1	1	1	1	1	1	1	2	59
afm_dropout_full_woTemplates_model_4_multimer_v1_pred_2.pdb	1	1	1	1	1	1	1	2	46
afm_dropout_full_woTemplates_model_4_multimer_v1_pred_20.pdb	1	1	1	1	1	1	1	3	370
afm_dropout_full_woTemplates_model_4_multimer_v1_pred_21.pdb	1	1	2	2	2	5	14	109	371
afm_dropout_full_woTemplates_model_4_multimer_v1_pred_22.pdb	1	1	2	2	2	4	14	110	372
afm_dropout_full_woTemplates_model_4_multimer_v1_pred_23.pdb	1	1	1	1	1	1	1	1	18
afm_dropout_full_woTemplates_model_4_multimer_v1_pred_24.pdb	1	1	2	2	2	2	5	13	373
afm_dropout_full_woTemplates_model_4_multimer_v1_pred_25.pdb	1	1	1	1	1	1	1	2	59
afm_dropout_full_woTemplates_model_4_multimer_v1_pred_26.pdb	1	1	1	1	1	1	1	2	17
afm_dropout_full_woTemplates_model_4_multimer_v1_pred_27.pdb	1	1	1	1	1	1	1	2	59
afm_dropout_full_woTemplates_model_4_multimer_v1_pred_28.pdb	1	1	2	2	2	2	5	52	374
afm_dropout_full_woTemplates_model_4_multimer_v1_pred_29.pdb	1	1	1	1	1	1	1	2	46
afm_dropout_full_woTemplates_model_4_multimer_v1_pred_3.pdb	1	1	1	1	1	1	1	2	92
afm_dropout_full_woTemplates_model_4_multimer_v1_pred_30.pdb	1	1	2	2	2	5	34	111	375
afm_dropout_full_woTemplates_model_4_multimer_v1_pred_31.pdb	1	1	2	2	2	2	3	14	376
afm_dropout_full_woTemplates_model_4_multimer_v1_pred_32.pdb	1	1	2	2	2	2	3	9	377
afm_dropout_full_woTemplates_model_4_multimer_v1_pred_33.pdb	1	1	2	2	2	2	5	13	378
afm_dropout_full_woTemplates_model_4_multimer_v1_pred_34.pdb	1	1	1	1	1	1	1	2	46
afm_dropout_full_woTemplates_model_4_multimer_v1_pred_35.pdb	1	1	1	1	1	1	1	1	46
afm_dropout_full_woTemplates_model_4_multimer_v1_pred_36.pdb	1	1	2	2	2	2	5	13	379
afm_dropout_full_woTemplates_model_4_multimer_v1_pred_37.pdb	1	1	2	2	2	5	14	112	380
afm_dropout_full_woTemplates_model_4_multimer_v1_pred_38.pdb	1	1	1	1	1	1	1	1	46
afm_dropout_full_woTemplates_model_4_multimer_v1_pred_39.pdb	1	1	1	1	1	1	1	2	46
afm_dropout_full_woTemplates_model_4_multimer_v1_pred_4.pdb	1	1	1	1	1	1	1	2	381
afm_dropout_full_woTemplates_model_4_multimer_v1_pred_40.pdb	1	1	1	1	1	1	1	3	382
afm_dropout_full_woTemplates_model_4_multimer_v1_pred_41.pdb	1	1	1	1	1	1	1	5	383
afm_dropout_full_woTemplates_model_4_multimer_v1_pred_42.pdb	1	1	1	1	1	1	1	2	46
afm_dropout_full_woTemplates_model_4_multimer_v1_pred_43.pdb	1	1	1	1	1	1	1	2	46
afm_dropout_full_woTemplates_model_4_multimer_v1_pred_44.pdb	1	1	1	1	1	1	1	1	29
afm_dropout_full_woTemplates_model_4_multimer_v1_pred_45.pdb	1	1	1	2	2	2	6	53	384
afm_dropout_full_woTemplates_model_4_multimer_v1_pred_46.pdb	1	1	1	1	1	1	1	5	385
afm_dropout_full_woTemplates_model_4_multimer_v1_pred_47.pdb	1	1	2	2	2	2	5	13	386
afm_dropout_full_woTemplates_model_4_multimer_v1_pred_48.pdb	1	1	1	1	1	1	1	3	84
afm_dropout_full_woTemplates_model_4_multimer_v1_pred_49.pdb	1	1	1	1	1	1	1	3	387
afm_dropout_full_woTemplates_model_4_multimer_v1_pred_5.pdb	1	1	1	1	1	1	1	2	388
afm_dropout_full_woTemplates_model_4_multimer_v1_pred_50.pdb	1	1	1	1	1	1	1	2	46
afm_dropout_full_woTemplates_model_4_multimer_v1_pred_51.pdb	1	1	2	2	2	4	35	113	389
afm_dropout_full_woTemplates_model_4_multimer_v1_pred_52.pdb	1	1	1	1	1	1	1	2	46
afm_dropout_full_woTemplates_model_4_multimer_v1_pred_53.pdb	1	1	1	1	1	1	1	2	18
afm_dropout_full_woTemplates_model_4_multimer_v1_pred_54.pdb	1	1	1	1	1	1	1	2	46
afm_dropout_full_woTemplates_model_4_multimer_v1_pred_55.pdb	1	1	1	1	1	1	1	2	46
afm_dropout_full_woTemplates_model_4_multimer_v1_pred_56.pdb	1	1	2	2	2	2	5	52	390
afm_dropout_full_woTemplates_model_4_multimer_v1_pred_57.pdb	1	1	1	1	1	1	1	2	126
afm_dropout_full_woTemplates_model_4_multimer_v1_pred_58.pdb	1	1	1	1	1	1	1	2	150
afm_dropout_full_woTemplates_model_4_multimer_v1_pred_59.pdb	1	1	2	2	2	2	5	114	391
afm_dropout_full_woTemplates_model_4_multimer_v1_pred_6.pdb	1	1	1	1	1	1	1	2	59
afm_dropout_full_woTemplates_model_4_multimer_v1_pred_60.pdb	1	1	1	1	1	1	1	2	46
afm_dropout_full_woTemplates_model_4_multimer_v1_pred_61.pdb	1	1	1	2	2	2	6	53	392
afm_dropout_full_woTemplates_model_4_multimer_v1_pred_62.pdb	1	1	1	1	1	1	1	2	393
afm_dropout_full_woTemplates_model_4_multimer_v1_pred_63.pdb	1	1	2	2	2	2	5	13	394
afm_dropout_full_woTemplates_model_4_multimer_v1_pred_64.pdb	1	1	1	1	1	1	1	2	18
afm_dropout_full_woTemplates_model_4_multimer_v1_pred_65.pdb	1	1	1	1	1	1	1	2	18
afm_dropout_full_woTemplates_model_4_multimer_v1_pred_66.pdb	1	1	1	1	1	1	1	2	18
afm_dropout_full_woTemplates_model_4_multimer_v1_pred_7.pdb	1	1	2	2	2	5	34	115	395
afm_dropout_full_woTemplates_model_4_multimer_v1_pred_8.pdb	1	1	1	1	1	1	1	2	46
afm_dropout_full_woTemplates_model_4_multimer_v1_pred_9.pdb	1	1	1	1	1	1	1	2	126
afm_dropout_full_woTemplates_model_4_multimer_v2_pred_0.pdb	1	1	1	1	1	1	1	1	9
afm_dropout_full_woTemplates_model_4_multimer_v2_pred_1.pdb	1	1	1	1	1	1	1	1	9
afm_dropout_full_woTemplates_model_4_multimer_v2_pred_10.pdb	1	1	1	1	1	1	1	1	9
afm_dropout_full_woTemplates_model_4_multimer_v2_pred_11.pdb	1	1	1	1	1	1	1	1	58
afm_dropout_full_woTemplates_model_4_multimer_v2_pred_12.pdb	1	1	1	1	1	1	1	1	9
afm_dropout_full_woTemplates_model_4_multimer_v2_pred_13.pdb	1	1	1	1	1	1	1	1	9
afm_dropout_full_woTemplates_model_4_multimer_v2_pred_14.pdb	1	1	1	1	1	1	1	1	9
afm_dropout_full_woTemplates_model_4_multimer_v2_pred_15.pdb	1	1	1	1	1	1	1	1	100
afm_dropout_full_woTemplates_model_4_multimer_v2_pred_16.pdb	1	1	1	1	1	1	1	1	9
afm_dropout_full_woTemplates_model_4_multimer_v2_pred_17.pdb	1	1	1	1	1	1	1	1	9
afm_dropout_full_woTemplates_model_4_multimer_v2_pred_18.pdb	1	1	1	1	1	1	1	1	58
afm_dropout_full_woTemplates_model_4_multimer_v2_pred_19.pdb	1	1	1	1	1	1	1	1	9
afm_dropout_full_woTemplates_model_4_multimer_v2_pred_2.pdb	1	1	1	1	1	1	1	1	9
afm_dropout_full_woTemplates_model_4_multimer_v2_pred_20.pdb	1	1	1	1	1	1	1	1	9
afm_dropout_full_woTemplates_model_4_multimer_v2_pred_21.pdb	1	1	1	1	1	1	1	1	9
afm_dropout_full_woTemplates_model_4_multimer_v2_pred_22.pdb	1	1	1	1	1	1	1	1	9
afm_dropout_full_woTemplates_model_4_multimer_v2_pred_23.pdb	1	1	1	1	1	1	1	1	9
afm_dropout_full_woTemplates_model_4_multimer_v2_pred_24.pdb	1	1	1	1	1	1	1	1	9
afm_dropout_full_woTemplates_model_4_multimer_v2_pred_25.pdb	1	1	1	1	1	1	1	1	58
afm_dropout_full_woTemplates_model_4_multimer_v2_pred_26.pdb	1	1	1	1	1	1	1	1	9
afm_dropout_full_woTemplates_model_4_multimer_v2_pred_27.pdb	1	1	1	1	1	1	1	1	9
afm_dropout_full_woTemplates_model_4_multimer_v2_pred_28.pdb	1	1	1	1	1	1	1	1	9
afm_dropout_full_woTemplates_model_4_multimer_v2_pred_29.pdb	1	1	1	1	1	1	1	1	9
afm_dropout_full_woTemplates_model_4_multimer_v2_pred_3.pdb	1	1	1	1	1	1	1	1	9
afm_dropout_full_woTemplates_model_4_multimer_v2_pred_30.pdb	1	1	1	1	1	1	1	1	9
afm_dropout_full_woTemplates_model_4_multimer_v2_pred_31.pdb	1	1	1	1	1	1	1	1	9
afm_dropout_full_woTemplates_model_4_multimer_v2_pred_32.pdb	1	1	1	1	1	1	1	1	9
afm_dropout_full_woTemplates_model_4_multimer_v2_pred_33.pdb	1	1	1	1	1	1	1	1	9
afm_dropout_full_woTemplates_model_4_multimer_v2_pred_34.pdb	1	1	2	3	16	24	36	54	396
afm_dropout_full_woTemplates_model_4_multimer_v2_pred_35.pdb	1	1	1	1	1	1	1	1	9
afm_dropout_full_woTemplates_model_4_multimer_v2_pred_36.pdb	1	1	1	1	1	1	1	1	58
afm_dropout_full_woTemplates_model_4_multimer_v2_pred_37.pdb	1	1	1	1	1	1	1	1	9
afm_dropout_full_woTemplates_model_4_multimer_v2_pred_38.pdb	1	1	2	3	16	24	36	54	397
afm_dropout_full_woTemplates_model_4_multimer_v2_pred_39.pdb	1	1	1	1	1	1	1	1	9
afm_dropout_full_woTemplates_model_4_multimer_v2_pred_4.pdb	1	1	1	1	1	1	1	1	9
afm_dropout_full_woTemplates_model_4_multimer_v2_pred_40.pdb	1	1	1	1	1	1	1	1	9
afm_dropout_full_woTemplates_model_4_multimer_v2_pred_41.pdb	1	1	1	1	1	1	1	1	9
afm_dropout_full_woTemplates_model_4_multimer_v2_pred_42.pdb	1	1	1	1	1	1	1	1	9
afm_dropout_full_woTemplates_model_4_multimer_v2_pred_43.pdb	1	1	1	1	1	1	1	1	9
afm_dropout_full_woTemplates_model_4_multimer_v2_pred_44.pdb	1	1	1	1	1	1	1	1	9
afm_dropout_full_woTemplates_model_4_multimer_v2_pred_45.pdb	1	1	1	1	1	1	1	1	58
afm_dropout_full_woTemplates_model_4_multimer_v2_pred_46.pdb	1	1	1	1	1	1	1	1	9
afm_dropout_full_woTemplates_model_4_multimer_v2_pred_47.pdb	1	1	1	1	1	1	1	1	9
afm_dropout_full_woTemplates_model_4_multimer_v2_pred_48.pdb	1	1	1	1	1	1	1	1	9
afm_dropout_full_woTemplates_model_4_multimer_v2_pred_49.pdb	1	1	1	1	1	1	1	1	9
afm_dropout_full_woTemplates_model_4_multimer_v2_pred_5.pdb	1	1	1	1	1	1	1	1	9
afm_dropout_full_woTemplates_model_4_multimer_v2_pred_50.pdb	1	1	1	1	1	1	1	1	9
afm_dropout_full_woTemplates_model_4_multimer_v2_pred_51.pdb	1	1	1	1	1	1	1	1	9
afm_dropout_full_woTemplates_model_4_multimer_v2_pred_52.pdb	1	1	1	1	1	1	1	1	9
afm_dropout_full_woTemplates_model_4_multimer_v2_pred_53.pdb	1	1	1	1	1	1	1	1	9
afm_dropout_full_woTemplates_model_4_multimer_v2_pred_54.pdb	1	1	1	1	1	1	1	1	9
afm_dropout_full_woTemplates_model_4_multimer_v2_pred_55.pdb	1	1	1	1	1	1	1	1	9
afm_dropout_full_woTemplates_model_4_multimer_v2_pred_56.pdb	1	1	1	1	1	1	1	1	9
afm_dropout_full_woTemplates_model_4_multimer_v2_pred_57.pdb	1	1	1	1	1	1	1	1	9
afm_dropout_full_woTemplates_model_4_multimer_v2_pred_58.pdb	1	1	1	1	1	1	1	1	9
afm_dropout_full_woTemplates_model_4_multimer_v2_pred_59.pdb	1	1	1	1	1	1	1	1	9
afm_dropout_full_woTemplates_model_4_multimer_v2_pred_6.pdb	1	1	1	1	1	1	1	1	9
afm_dropout_full_woTemplates_model_4_multimer_v2_pred_60.pdb	1	1	1	1	1	1	1	1	9
afm_dropout_full_woTemplates_model_4_multimer_v2_pred_61.pdb	1	1	2	2	3	3	24	116	398
afm_dropout_full_woTemplates_model_4_multimer_v2_pred_62.pdb	1	1	1	1	1	1	1	1	9
afm_dropout_full_woTemplates_model_4_multimer_v2_pred_63.pdb	1	1	1	1	1	1	1	1	9
afm_dropout_full_woTemplates_model_4_multimer_v2_pred_64.pdb	1	1	1	1	1	1	1	1	9
afm_dropout_full_woTemplates_model_4_multimer_v2_pred_65.pdb	1	1	1	1	1	1	1	1	9
afm_dropout_full_woTemplates_model_4_multimer_v2_pred_66.pdb	1	1	1	1	1	1	1	1	9
afm_dropout_full_woTemplates_model_4_multimer_v2_pred_7.pdb	1	1	1	1	1	1	1	1	9
afm_dropout_full_woTemplates_model_4_multimer_v2_pred_8.pdb	1	1	1	1	1	1	1	1	9
afm_dropout_full_woTemplates_model_4_multimer_v2_pred_9.pdb	1	1	1	1	1	1	1	1	9
afm_dropout_full_woTemplates_model_4_multimer_v3_pred_0.pdb	1	1	1	1	1	1	1	1	2
afm_dropout_full_woTemplates_model_4_multimer_v3_pred_1.pdb	1	1	1	1	1	1	1	1	2
afm_dropout_full_woTemplates_model_4_multimer_v3_pred_10.pdb	1	1	1	1	1	1	1	1	2
afm_dropout_full_woTemplates_model_4_multimer_v3_pred_11.pdb	1	1	1	1	1	1	1	1	2
afm_dropout_full_woTemplates_model_4_multimer_v3_pred_12.pdb	1	1	1	1	1	1	1	1	2
afm_dropout_full_woTemplates_model_4_multimer_v3_pred_13.pdb	1	1	1	1	1	1	1	1	2
afm_dropout_full_woTemplates_model_4_multimer_v3_pred_14.pdb	1	1	1	1	1	1	1	1	2
afm_dropout_full_woTemplates_model_4_multimer_v3_pred_15.pdb	1	1	1	1	1	1	1	1	2
afm_dropout_full_woTemplates_model_4_multimer_v3_pred_16.pdb	1	1	1	1	1	1	1	1	2
afm_dropout_full_woTemplates_model_4_multimer_v3_pred_17.pdb	1	1	1	1	1	1	1	1	2
afm_dropout_full_woTemplates_model_4_multimer_v3_pred_18.pdb	1	1	1	1	1	1	1	1	2
afm_dropout_full_woTemplates_model_4_multimer_v3_pred_19.pdb	1	1	1	1	1	1	1	1	2
afm_dropout_full_woTemplates_model_4_multimer_v3_pred_2.pdb	1	1	1	1	1	1	1	1	2
afm_dropout_full_woTemplates_model_4_multimer_v3_pred_20.pdb	1	1	1	1	1	1	1	1	2
afm_dropout_full_woTemplates_model_4_multimer_v3_pred_21.pdb	1	1	1	1	1	1	1	1	2
afm_dropout_full_woTemplates_model_4_multimer_v3_pred_22.pdb	1	1	1	1	1	1	1	1	2
afm_dropout_full_woTemplates_model_4_multimer_v3_pred_23.pdb	1	1	1	1	1	1	1	1	2
afm_dropout_full_woTemplates_model_4_multimer_v3_pred_24.pdb	1	1	1	1	1	1	1	1	2
afm_dropout_full_woTemplates_model_4_multimer_v3_pred_25.pdb	1	1	1	1	1	1	1	1	2
afm_dropout_full_woTemplates_model_4_multimer_v3_pred_26.pdb	1	1	1	1	1	1	1	1	2
afm_dropout_full_woTemplates_model_4_multimer_v3_pred_27.pdb	1	1	1	1	1	1	1	1	2
afm_dropout_full_woTemplates_model_4_multimer_v3_pred_28.pdb	1	1	1	1	1	1	1	1	2
afm_dropout_full_woTemplates_model_4_multimer_v3_pred_29.pdb	1	1	1	1	1	1	1	1	2
afm_dropout_full_woTemplates_model_4_multimer_v3_pred_3.pdb	1	1	1	1	1	1	1	1	2
afm_dropout_full_woTemplates_model_4_multimer_v3_pred_30.pdb	1	1	1	1	1	1	1	1	2
afm_dropout_full_woTemplates_model_4_multimer_v3_pred_31.pdb	1	1	1	1	1	1	1	1	2
afm_dropout_full_woTemplates_model_4_multimer_v3_pred_32.pdb	1	1	1	1	1	1	1	1	2
afm_dropout_full_woTemplates_model_4_multimer_v3_pred_33.pdb	1	1	1	1	1	1	1	1	2
afm_dropout_full_woTemplates_model_4_multimer_v3_pred_34.pdb	1	1	1	1	1	1	1	1	2
afm_dropout_full_woTemplates_model_4_multimer_v3_pred_35.pdb	1	1	1	1	1	1	1	1	2
afm_dropout_full_woTemplates_model_4_multimer_v3_pred_36.pdb	1	1	1	1	1	1	1	1	2
afm_dropout_full_woTemplates_model_4_multimer_v3_pred_37.pdb	1	1	1	1	1	1	1	1	2
afm_dropout_full_woTemplates_model_4_multimer_v3_pred_38.pdb	1	1	1	1	1	1	1	1	2
afm_dropout_full_woTemplates_model_4_multimer_v3_pred_39.pdb	1	1	1	1	1	1	1	1	2
afm_dropout_full_woTemplates_model_4_multimer_v3_pred_4.pdb	1	1	1	1	1	1	1	1	2
afm_dropout_full_woTemplates_model_4_multimer_v3_pred_40.pdb	1	1	1	1	1	1	1	1	2
afm_dropout_full_woTemplates_model_4_multimer_v3_pred_41.pdb	1	1	1	1	1	1	1	1	2
afm_dropout_full_woTemplates_model_4_multimer_v3_pred_42.pdb	1	1	1	1	1	1	1	1	2
afm_dropout_full_woTemplates_model_4_multimer_v3_pred_43.pdb	1	1	1	1	1	1	1	1	2
afm_dropout_full_woTemplates_model_4_multimer_v3_pred_44.pdb	1	1	1	1	1	1	1	1	2
afm_dropout_full_woTemplates_model_4_multimer_v3_pred_45.pdb	1	1	1	1	1	1	1	1	2
afm_dropout_full_woTemplates_model_4_multimer_v3_pred_46.pdb	1	1	1	1	1	1	1	1	2
afm_dropout_full_woTemplates_model_4_multimer_v3_pred_47.pdb	1	1	1	1	1	1	1	1	2
afm_dropout_full_woTemplates_model_4_multimer_v3_pred_48.pdb	1	1	1	1	1	1	1	1	2
afm_dropout_full_woTemplates_model_4_multimer_v3_pred_49.pdb	1	1	1	1	1	1	1	1	2
afm_dropout_full_woTemplates_model_4_multimer_v3_pred_5.pdb	1	1	1	1	1	1	1	1	2
afm_dropout_full_woTemplates_model_4_multimer_v3_pred_50.pdb	1	1	1	1	1	1	1	1	2
afm_dropout_full_woTemplates_model_4_multimer_v3_pred_51.pdb	1	1	1	1	1	1	1	1	2
afm_dropout_full_woTemplates_model_4_multimer_v3_pred_52.pdb	1	1	1	1	1	1	1	1	2
afm_dropout_full_woTemplates_model_4_multimer_v3_pred_53.pdb	1	1	1	1	1	1	1	1	2
afm_dropout_full_woTemplates_model_4_multimer_v3_pred_54.pdb	1	1	1	1	1	1	1	1	2
afm_dropout_full_woTemplates_model_4_multimer_v3_pred_55.pdb	1	1	1	1	1	1	1	1	2
afm_dropout_full_woTemplates_model_4_multimer_v3_pred_56.pdb	1	1	1	1	1	1	1	1	2
afm_dropout_full_woTemplates_model_4_multimer_v3_pred_57.pdb	1	1	1	1	1	1	1	1	2
afm_dropout_full_woTemplates_model_4_multimer_v3_pred_58.pdb	1	1	1	1	1	1	1	1	2
afm_dropout_full_woTemplates_model_4_multimer_v3_pred_59.pdb	1	1	1	1	1	1	1	1	2
afm_dropout_full_woTemplates_model_4_multimer_v3_pred_6.pdb	1	1	1	1	1	1	1	1	2
afm_dropout_full_woTemplates_model_4_multimer_v3_pred_60.pdb	1	1	1	1	1	1	1	1	2
afm_dropout_full_woTemplates_model_4_multimer_v3_pred_61.pdb	1	1	1	1	1	1	1	1	2
afm_dropout_full_woTemplates_model_4_multimer_v3_pred_62.pdb	1	1	1	1	1	1	1	1	2
afm_dropout_full_woTemplates_model_4_multimer_v3_pred_63.pdb	1	1	1	1	1	1	1	1	2
afm_dropout_full_woTemplates_model_4_multimer_v3_pred_64.pdb	1	1	1	1	1	1	1	1	2
afm_dropout_full_woTemplates_model_4_multimer_v3_pred_65.pdb	1	1	1	1	1	1	1	1	2
afm_dropout_full_woTemplates_model_4_multimer_v3_pred_66.pdb	1	1	1	1	1	1	1	1	2
afm_dropout_full_woTemplates_model_4_multimer_v3_pred_7.pdb	1	1	1	1	1	1	1	1	2
afm_dropout_full_woTemplates_model_4_multimer_v3_pred_8.pdb	1	1	1	1	1	1	1	1	2
afm_dropout_full_woTemplates_model_4_multimer_v3_pred_9.pdb	1	1	1	1	1	1	1	1	2
afm_dropout_full_woTemplates_model_5_multimer_v1_pred_0.pdb	1	1	1	2	2	2	3	6	399
afm_dropout_full_woTemplates_model_5_multimer_v1_pred_1.pdb	1	1	2	2	2	2	5	43	400
afm_dropout_full_woTemplates_model_5_multimer_v1_pred_10.pdb	1	1	1	1	1	1	2	5	401
afm_dropout_full_woTemplates_model_5_multimer_v1_pred_11.pdb	1	1	1	2	2	2	3	6	402
afm_dropout_full_woTemplates_model_5_multimer_v1_pred_12.pdb	1	1	1	1	1	1	2	15	403
afm_dropout_full_woTemplates_model_5_multimer_v1_pred_13.pdb	1	1	2	2	2	2	5	13	404
afm_dropout_full_woTemplates_model_5_multimer_v1_pred_14.pdb	1	1	2	2	2	2	3	14	405
afm_dropout_full_woTemplates_model_5_multimer_v1_pred_15.pdb	1	1	2	2	2	2	5	13	406
afm_dropout_full_woTemplates_model_5_multimer_v1_pred_16.pdb	1	1	2	2	2	2	5	43	407
afm_dropout_full_woTemplates_model_5_multimer_v1_pred_17.pdb	1	1	2	2	2	2	3	14	408
afm_dropout_full_woTemplates_model_5_multimer_v1_pred_18.pdb	1	1	2	2	2	2	3	6	409
afm_dropout_full_woTemplates_model_5_multimer_v1_pred_19.pdb	1	1	1	1	1	1	2	22	410
afm_dropout_full_woTemplates_model_5_multimer_v1_pred_2.pdb	1	1	2	2	2	2	5	13	411
afm_dropout_full_woTemplates_model_5_multimer_v1_pred_20.pdb	1	1	2	2	2	2	5	117	412
afm_dropout_full_woTemplates_model_5_multimer_v1_pred_21.pdb	1	1	1	2	2	2	3	6	413
afm_dropout_full_woTemplates_model_5_multimer_v1_pred_22.pdb	1	1	1	2	2	2	6	42	414
afm_dropout_full_woTemplates_model_5_multimer_v1_pred_23.pdb	1	1	1	2	2	2	3	6	415
afm_dropout_full_woTemplates_model_5_multimer_v1_pred_24.pdb	1	1	2	2	2	2	3	6	416
afm_dropout_full_woTemplates_model_5_multimer_v1_pred_25.pdb	1	1	2	2	2	2	3	118	417
afm_dropout_full_woTemplates_model_5_multimer_v1_pred_26.pdb	1	1	2	2	2	2	3	6	418
afm_dropout_full_woTemplates_model_5_multimer_v1_pred_27.pdb	1	1	2	2	2	2	3	14	419
afm_dropout_full_woTemplates_model_5_multimer_v1_pred_28.pdb	1	1	1	1	1	1	1	1	72
afm_dropout_full_woTemplates_model_5_multimer_v1_pred_29.pdb	1	1	2	2	2	2	3	14	420
afm_dropout_full_woTemplates_model_5_multimer_v1_pred_3.pdb	1	1	2	2	2	2	3	55	421
afm_dropout_full_woTemplates_model_5_multimer_v1_pred_30.pdb	1	1	1	2	2	2	6	119	422
afm_dropout_full_woTemplates_model_5_multimer_v1_pred_31.pdb	1	1	2	2	2	2	3	55	423
afm_dropout_full_woTemplates_model_5_multimer_v1_pred_32.pdb	1	1	1	1	1	1	1	1	72
afm_dropout_full_woTemplates_model_5_multimer_v1_pred_33.pdb	1	1	2	2	2	2	3	6	424
afm_dropout_full_woTemplates_model_5_multimer_v1_pred_34.pdb	1	1	2	2	2	2	3	6	425
afm_dropout_full_woTemplates_model_5_multimer_v1_pred_35.pdb	1	1	1	2	2	2	3	6	426
afm_dropout_full_woTemplates_model_5_multimer_v1_pred_36.pdb	1	1	2	2	2	2	3	6	427
afm_dropout_full_woTemplates_model_5_multimer_v1_pred_37.pdb	1	1	2	2	2	2	3	14	428
afm_dropout_full_woTemplates_model_5_multimer_v1_pred_38.pdb	1	1	1	1	1	1	2	3	429
afm_dropout_full_woTemplates_model_5_multimer_v1_pred_39.pdb	1	1	1	1	1	1	1	47	430
afm_dropout_full_woTemplates_model_5_multimer_v1_pred_4.pdb	1	1	2	2	2	2	5	13	431
afm_dropout_full_woTemplates_model_5_multimer_v1_pred_40.pdb	1	1	2	2	2	2	5	43	432
afm_dropout_full_woTemplates_model_5_multimer_v1_pred_41.pdb	1	1	1	2	2	2	3	6	433
afm_dropout_full_woTemplates_model_5_multimer_v1_pred_42.pdb	1	1	1	1	1	1	1	2	66
afm_dropout_full_woTemplates_model_5_multimer_v1_pred_43.pdb	1	1	2	2	2	2	3	6	434
afm_dropout_full_woTemplates_model_5_multimer_v1_pred_44.pdb	1	1	2	2	2	2	3	14	435
afm_dropout_full_woTemplates_model_5_multimer_v1_pred_45.pdb	1	1	1	1	1	1	1	2	190
afm_dropout_full_woTemplates_model_5_multimer_v1_pred_46.pdb	1	1	2	2	2	2	5	30	436
afm_dropout_full_woTemplates_model_5_multimer_v1_pred_47.pdb	1	1	2	2	2	2	3	120	437
afm_dropout_full_woTemplates_model_5_multimer_v1_pred_48.pdb	1	1	2	2	2	2	3	6	438
afm_dropout_full_woTemplates_model_5_multimer_v1_pred_49.pdb	1	1	1	2	2	4	6	121	439
afm_dropout_full_woTemplates_model_5_multimer_v1_pred_5.pdb	1	1	2	2	2	2	3	6	440
afm_dropout_full_woTemplates_model_5_multimer_v1_pred_50.pdb	1	1	1	1	1	1	1	2	441
afm_dropout_full_woTemplates_model_5_multimer_v1_pred_51.pdb	1	1	2	2	2	2	3	56	442
afm_dropout_full_woTemplates_model_5_multimer_v1_pred_52.pdb	1	1	1	1	1	1	1	2	443
afm_dropout_full_woTemplates_model_5_multimer_v1_pred_53.pdb	1	1	1	1	1	1	2	3	163
afm_dropout_full_woTemplates_model_5_multimer_v1_pred_54.pdb	1	1	2	2	2	2	3	6	444
afm_dropout_full_woTemplates_model_5_multimer_v1_pred_55.pdb	1	1	1	1	1	1	1	3	445
afm_dropout_full_woTemplates_model_5_multimer_v1_pred_56.pdb	1	1	1	1	1	1	1	5	446
afm_dropout_full_woTemplates_model_5_multimer_v1_pred_57.pdb	1	1	2	2	2	2	5	30	447
afm_dropout_full_woTemplates_model_5_multimer_v1_pred_58.pdb	1	1	1	1	1	1	1	3	448
afm_dropout_full_woTemplates_model_5_multimer_v1_pred_59.pdb	1	1	2	2	2	2	3	6	449
afm_dropout_full_woTemplates_model_5_multimer_v1_pred_6.pdb	1	1	2	2	2	2	3	14	450
afm_dropout_full_woTemplates_model_5_multimer_v1_pred_60.pdb	1	1	1	1	1	1	1	5	451
afm_dropout_full_woTemplates_model_5_multimer_v1_pred_61.pdb	1	1	1	1	1	1	1	1	72
afm_dropout_full_woTemplates_model_5_multimer_v1_pred_62.pdb	1	1	1	2	2	2	6	122	452
afm_dropout_full_woTemplates_model_5_multimer_v1_pred_63.pdb	1	1	1	2	2	2	37	123	453
afm_dropout_full_woTemplates_model_5_multimer_v1_pred_64.pdb	1	1	1	2	2	2	3	6	454
afm_dropout_full_woTemplates_model_5_multimer_v1_pred_65.pdb	1	1	2	2	2	2	3	6	455
afm_dropout_full_woTemplates_model_5_multimer_v1_pred_66.pdb	1	1	2	2	2	2	3	6	456
afm_dropout_full_woTemplates_model_5_multimer_v1_pred_7.pdb	1	1	2	2	2	2	5	13	457
afm_dropout_full_woTemplates_model_5_multimer_v1_pred_8.pdb	1	1	2	2	2	2	3	30	458
afm_dropout_full_woTemplates_model_5_multimer_v1_pred_9.pdb	1	1	1	2	2	2	6	42	459
afm_dropout_full_woTemplates_model_5_multimer_v2_pred_0.pdb	1	1	1	1	1	1	1	1	10
afm_dropout_full_woTemplates_model_5_multimer_v2_pred_1.pdb	1	1	1	1	1	1	1	1	10
afm_dropout_full_woTemplates_model_5_multimer_v2_pred_10.pdb	1	1	1	1	1	1	1	1	10
afm_dropout_full_woTemplates_model_5_multimer_v2_pred_11.pdb	1	1	2	2	3	3	4	26	460
afm_dropout_full_woTemplates_model_5_multimer_v2_pred_12.pdb	1	1	1	1	1	1	1	1	10
afm_dropout_full_woTemplates_model_5_multimer_v2_pred_13.pdb	1	1	1	1	1	1	1	1	10
afm_dropout_full_woTemplates_model_5_multimer_v2_pred_14.pdb	1	1	1	1	1	1	1	1	10
afm_dropout_full_woTemplates_model_5_multimer_v2_pred_15.pdb	1	1	1	1	1	1	1	1	10
afm_dropout_full_woTemplates_model_5_multimer_v2_pred_16.pdb	1	1	1	1	1	1	1	1	10
afm_dropout_full_woTemplates_model_5_multimer_v2_pred_17.pdb	1	1	2	2	3	3	4	12	461
afm_dropout_full_woTemplates_model_5_multimer_v2_pred_18.pdb	1	1	2	2	3	3	4	12	462
afm_dropout_full_woTemplates_model_5_multimer_v2_pred_19.pdb	1	1	1	1	1	1	1	1	2
afm_dropout_full_woTemplates_model_5_multimer_v2_pred_2.pdb	1	1	2	2	2	3	8	124	463
afm_dropout_full_woTemplates_model_5_multimer_v2_pred_20.pdb	1	1	2	2	3	3	29	44	464
afm_dropout_full_woTemplates_model_5_multimer_v2_pred_21.pdb	1	1	1	1	1	1	1	1	10
afm_dropout_full_woTemplates_model_5_multimer_v2_pred_22.pdb	1	1	1	1	1	1	1	1	10
afm_dropout_full_woTemplates_model_5_multimer_v2_pred_23.pdb	1	1	2	2	3	3	8	57	465
afm_dropout_full_woTemplates_model_5_multimer_v2_pred_24.pdb	1	1	2	2	3	3	4	44	466
afm_dropout_full_woTemplates_model_5_multimer_v2_pred_25.pdb	1	1	1	1	1	1	1	1	10
afm_dropout_full_woTemplates_model_5_multimer_v2_pred_26.pdb	1	1	1	1	1	1	1	1	10
afm_dropout_full_woTemplates_model_5_multimer_v2_pred_27.pdb	1	1	1	1	1	1	1	1	10
afm_dropout_full_woTemplates_model_5_multimer_v2_pred_28.pdb	1	1	1	1	1	1	1	1	10
afm_dropout_full_woTemplates_model_5_multimer_v2_pred_29.pdb	1	1	1	1	1	1	1	1	2
afm_dropout_full_woTemplates_model_5_multimer_v2_pred_3.pdb	1	1	1	1	1	1	1	1	10
afm_dropout_full_woTemplates_model_5_multimer_v2_pred_30.pdb	1	1	1	1	1	1	1	1	10
afm_dropout_full_woTemplates_model_5_multimer_v2_pred_31.pdb	1	1	2	2	3	3	4	12	467
afm_dropout_full_woTemplates_model_5_multimer_v2_pred_32.pdb	1	1	2	2	3	3	4	12	468
afm_dropout_full_woTemplates_model_5_multimer_v2_pred_33.pdb	1	1	1	1	1	1	1	1	10
afm_dropout_full_woTemplates_model_5_multimer_v2_pred_34.pdb	1	1	1	1	1	1	1	1	10
afm_dropout_full_woTemplates_model_5_multimer_v2_pred_35.pdb	1	1	1	1	1	1	1	1	10
afm_dropout_full_woTemplates_model_5_multimer_v2_pred_36.pdb	1	1	1	1	1	1	1	10	469
afm_dropout_full_woTemplates_model_5_multimer_v2_pred_37.pdb	1	1	2	2	3	3	8	58	470
afm_dropout_full_woTemplates_model_5_multimer_v2_pred_38.pdb	1	1	1	1	1	1	1	1	10
afm_dropout_full_woTemplates_model_5_multimer_v2_pred_39.pdb	1	1	1	1	1	1	1	1	2
afm_dropout_full_woTemplates_model_5_multimer_v2_pred_4.pdb	1	1	1	1	1	1	1	1	10
afm_dropout_full_woTemplates_model_5_multimer_v2_pred_40.pdb	1	1	1	1	1	1	1	1	10
afm_dropout_full_woTemplates_model_5_multimer_v2_pred_41.pdb	1	1	1	1	1	1	1	1	10
afm_dropout_full_woTemplates_model_5_multimer_v2_pred_42.pdb	1	1	1	1	1	1	1	1	10
afm_dropout_full_woTemplates_model_5_multimer_v2_pred_43.pdb	1	1	1	1	1	1	1	1	10
afm_dropout_full_woTemplates_model_5_multimer_v2_pred_44.pdb	1	1	2	2	3	3	4	26	471
afm_dropout_full_woTemplates_model_5_multimer_v2_pred_45.pdb	1	1	1	1	1	1	1	1	151
afm_dropout_full_woTemplates_model_5_multimer_v2_pred_46.pdb	1	1	1	1	1	1	1	1	10
afm_dropout_full_woTemplates_model_5_multimer_v2_pred_47.pdb	1	1	1	1	1	1	1	1	10
afm_dropout_full_woTemplates_model_5_multimer_v2_pred_48.pdb	1	1	1	1	1	1	1	1	10
afm_dropout_full_woTemplates_model_5_multimer_v2_pred_49.pdb	1	1	1	1	1	1	1	1	151
afm_dropout_full_woTemplates_model_5_multimer_v2_pred_5.pdb	1	1	2	2	3	3	8	45	472
afm_dropout_full_woTemplates_model_5_multimer_v2_pred_50.pdb	1	1	1	1	1	1	1	1	10
afm_dropout_full_woTemplates_model_5_multimer_v2_pred_51.pdb	1	1	1	1	1	1	1	1	191
afm_dropout_full_woTemplates_model_5_multimer_v2_pred_52.pdb	1	1	1	1	1	1	1	1	10
afm_dropout_full_woTemplates_model_5_multimer_v2_pred_53.pdb	1	1	2	2	3	3	4	12	473
afm_dropout_full_woTemplates_model_5_multimer_v2_pred_54.pdb	1	1	2	2	3	3	4	12	474
afm_dropout_full_woTemplates_model_5_multimer_v2_pred_55.pdb	1	1	1	1	1	1	1	1	10
afm_dropout_full_woTemplates_model_5_multimer_v2_pred_56.pdb	1	1	1	1	1	1	1	1	10
afm_dropout_full_woTemplates_model_5_multimer_v2_pred_57.pdb	1	1	2	2	3	3	4	12	475
afm_dropout_full_woTemplates_model_5_multimer_v2_pred_58.pdb	1	1	1	1	1	1	1	1	10
afm_dropout_full_woTemplates_model_5_multimer_v2_pred_59.pdb	1	1	1	1	1	1	1	1	10
afm_dropout_full_woTemplates_model_5_multimer_v2_pred_6.pdb	1	1	1	1	1	1	1	1	10
afm_dropout_full_woTemplates_model_5_multimer_v2_pred_60.pdb	1	1	1	1	1	1	1	1	10
afm_dropout_full_woTemplates_model_5_multimer_v2_pred_61.pdb	1	1	1	1	1	1	1	1	10
afm_dropout_full_woTemplates_model_5_multimer_v2_pred_62.pdb	1	1	1	1	1	1	1	1	10
afm_dropout_full_woTemplates_model_5_multimer_v2_pred_63.pdb	1	1	2	2	3	3	4	26	476
afm_dropout_full_woTemplates_model_5_multimer_v2_pred_64.pdb	1	1	1	1	1	6	10	27	477
afm_dropout_full_woTemplates_model_5_multimer_v2_pred_65.pdb	1	1	1	1	1	1	1	1	10
afm_dropout_full_woTemplates_model_5_multimer_v2_pred_66.pdb	1	1	1	1	1	1	1	1	10
afm_dropout_full_woTemplates_model_5_multimer_v2_pred_7.pdb	1	1	2	2	3	3	4	12	478
afm_dropout_full_woTemplates_model_5_multimer_v2_pred_8.pdb	1	1	1	1	1	1	1	1	10
afm_dropout_full_woTemplates_model_5_multimer_v2_pred_9.pdb	1	1	1	1	1	1	1	1	105
afm_dropout_full_woTemplates_model_5_multimer_v3_pred_0.pdb	1	1	1	1	1	1	1	1	13
afm_dropout_full_woTemplates_model_5_multimer_v3_pred_1.pdb	1	1	1	1	1	1	1	1	13
afm_dropout_full_woTemplates_model_5_multimer_v3_pred_10.pdb	1	1	1	1	1	1	1	1	2
afm_dropout_full_woTemplates_model_5_multimer_v3_pred_11.pdb	1	1	1	1	1	1	1	1	13
afm_dropout_full_woTemplates_model_5_multimer_v3_pred_12.pdb	1	1	1	1	1	1	1	1	13
afm_dropout_full_woTemplates_model_5_multimer_v3_pred_13.pdb	1	1	1	1	1	1	1	1	13
afm_dropout_full_woTemplates_model_5_multimer_v3_pred_14.pdb	1	1	1	1	1	1	1	1	13
afm_dropout_full_woTemplates_model_5_multimer_v3_pred_15.pdb	1	1	1	1	1	1	1	1	13
afm_dropout_full_woTemplates_model_5_multimer_v3_pred_16.pdb	1	1	1	1	1	1	1	1	2
afm_dropout_full_woTemplates_model_5_multimer_v3_pred_17.pdb	1	1	1	1	1	1	1	1	2
afm_dropout_full_woTemplates_model_5_multimer_v3_pred_18.pdb	1	1	1	1	1	1	1	1	13
afm_dropout_full_woTemplates_model_5_multimer_v3_pred_19.pdb	1	1	1	1	1	1	1	1	2
afm_dropout_full_woTemplates_model_5_multimer_v3_pred_2.pdb	1	1	1	1	1	1	1	1	13
afm_dropout_full_woTemplates_model_5_multimer_v3_pred_20.pdb	1	1	1	1	1	1	1	1	2
afm_dropout_full_woTemplates_model_5_multimer_v3_pred_21.pdb	1	1	1	1	1	1	1	1	13
afm_dropout_full_woTemplates_model_5_multimer_v3_pred_22.pdb	1	1	1	1	1	1	1	1	13
afm_dropout_full_woTemplates_model_5_multimer_v3_pred_23.pdb	1	1	1	1	1	1	1	1	13
afm_dropout_full_woTemplates_model_5_multimer_v3_pred_24.pdb	1	1	1	1	1	1	1	1	2
afm_dropout_full_woTemplates_model_5_multimer_v3_pred_25.pdb	1	1	1	1	1	1	1	1	2
afm_dropout_full_woTemplates_model_5_multimer_v3_pred_26.pdb	1	1	1	1	1	1	1	1	13
afm_dropout_full_woTemplates_model_5_multimer_v3_pred_27.pdb	1	1	1	1	1	1	1	1	13
afm_dropout_full_woTemplates_model_5_multimer_v3_pred_28.pdb	1	1	1	1	1	1	1	1	13
afm_dropout_full_woTemplates_model_5_multimer_v3_pred_29.pdb	1	1	1	1	1	1	1	1	2
afm_dropout_full_woTemplates_model_5_multimer_v3_pred_3.pdb	1	1	1	1	1	1	1	1	13
afm_dropout_full_woTemplates_model_5_multimer_v3_pred_30.pdb	1	1	1	1	1	1	1	1	69
afm_dropout_full_woTemplates_model_5_multimer_v3_pred_31.pdb	1	1	1	1	1	1	1	1	13
afm_dropout_full_woTemplates_model_5_multimer_v3_pred_32.pdb	1	1	1	1	1	1	1	1	20
afm_dropout_full_woTemplates_model_5_multimer_v3_pred_33.pdb	1	1	1	1	1	1	1	1	13
afm_dropout_full_woTemplates_model_5_multimer_v3_pred_34.pdb	1	1	1	1	1	1	1	1	13
afm_dropout_full_woTemplates_model_5_multimer_v3_pred_35.pdb	1	1	1	1	1	1	1	1	13
afm_dropout_full_woTemplates_model_5_multimer_v3_pred_36.pdb	1	1	1	1	1	1	1	1	13
afm_dropout_full_woTemplates_model_5_multimer_v3_pred_37.pdb	1	1	1	1	1	1	1	1	2
afm_dropout_full_woTemplates_model_5_multimer_v3_pred_38.pdb	1	1	1	1	1	1	1	1	69
afm_dropout_full_woTemplates_model_5_multimer_v3_pred_39.pdb	1	1	1	1	1	1	1	1	13
afm_dropout_full_woTemplates_model_5_multimer_v3_pred_4.pdb	1	1	1	1	1	1	1	1	13
afm_dropout_full_woTemplates_model_5_multimer_v3_pred_40.pdb	1	1	1	1	1	1	1	1	2
afm_dropout_full_woTemplates_model_5_multimer_v3_pred_41.pdb	1	1	1	1	1	1	1	1	13
afm_dropout_full_woTemplates_model_5_multimer_v3_pred_42.pdb	1	1	1	1	1	1	1	1	13
afm_dropout_full_woTemplates_model_5_multimer_v3_pred_43.pdb	1	1	1	1	1	1	1	1	2
afm_dropout_full_woTemplates_model_5_multimer_v3_pred_44.pdb	1	1	1	1	1	1	1	1	13
afm_dropout_full_woTemplates_model_5_multimer_v3_pred_45.pdb	1	1	1	1	1	1	1	1	13
afm_dropout_full_woTemplates_model_5_multimer_v3_pred_46.pdb	1	1	1	1	1	1	1	1	13
afm_dropout_full_woTemplates_model_5_multimer_v3_pred_47.pdb	1	1	1	1	1	1	1	1	69
afm_dropout_full_woTemplates_model_5_multimer_v3_pred_48.pdb	1	1	1	1	1	1	1	1	13
afm_dropout_full_woTemplates_model_5_multimer_v3_pred_49.pdb	1	1	1	1	1	1	1	1	13
afm_dropout_full_woTemplates_model_5_multimer_v3_pred_5.pdb	1	1	1	1	1	1	1	1	13
afm_dropout_full_woTemplates_model_5_multimer_v3_pred_50.pdb	1	1	1	1	1	1	1	1	13
afm_dropout_full_woTemplates_model_5_multimer_v3_pred_51.pdb	1	1	1	1	1	1	1	1	13
afm_dropout_full_woTemplates_model_5_multimer_v3_pred_52.pdb	1	1	1	1	1	1	1	1	13
afm_dropout_full_woTemplates_model_5_multimer_v3_pred_53.pdb	1	1	1	1	1	1	1	1	2
afm_dropout_full_woTemplates_model_5_multimer_v3_pred_54.pdb	1	1	1	1	1	1	1	1	13
afm_dropout_full_woTemplates_model_5_multimer_v3_pred_55.pdb	1	1	1	1	1	1	1	1	2
afm_dropout_full_woTemplates_model_5_multimer_v3_pred_56.pdb	1	1	1	1	1	1	1	1	13
afm_dropout_full_woTemplates_model_5_multimer_v3_pred_57.pdb	1	1	1	1	1	1	1	1	3
afm_dropout_full_woTemplates_model_5_multimer_v3_pred_58.pdb	1	1	1	1	1	1	1	1	13
afm_dropout_full_woTemplates_model_5_multimer_v3_pred_59.pdb	1	1	1	1	1	1	1	1	13
afm_dropout_full_woTemplates_model_5_multimer_v3_pred_6.pdb	1	1	1	1	1	1	1	1	13
afm_dropout_full_woTemplates_model_5_multimer_v3_pred_60.pdb	1	1	1	1	1	1	1	1	13
afm_dropout_full_woTemplates_model_5_multimer_v3_pred_61.pdb	1	1	1	1	1	1	1	1	13
afm_dropout_full_woTemplates_model_5_multimer_v3_pred_62.pdb	1	1	1	1	1	1	1	1	13
afm_dropout_full_woTemplates_model_5_multimer_v3_pred_63.pdb	1	1	1	1	1	1	1	1	101
afm_dropout_full_woTemplates_model_5_multimer_v3_pred_64.pdb	1	1	1	1	1	1	1	1	2
afm_dropout_full_woTemplates_model_5_multimer_v3_pred_65.pdb	1	1	1	1	1	1	1	1	2
afm_dropout_full_woTemplates_model_5_multimer_v3_pred_66.pdb	1	1	1	1	1	1	1	1	13
afm_dropout_full_woTemplates_model_5_multimer_v3_pred_7.pdb	1	1	1	1	1	1	1	1	2
afm_dropout_full_woTemplates_model_5_multimer_v3_pred_8.pdb	1	1	1	1	1	1	1	1	13
afm_dropout_full_woTemplates_model_5_multimer_v3_pred_9.pdb	1	1	1	1	1	1	1	1	2
afm_dropout_full_woTemplates_r3_model_1_multimer_v1_pred_0.pdb	1	1	1	1	1	1	60	125	479
afm_dropout_full_woTemplates_r3_model_1_multimer_v1_pred_1.pdb	1	1	1	1	1	1	2	126	480
afm_dropout_full_woTemplates_r3_model_1_multimer_v1_pred_10.pdb	1	2	1	1	1	7	61	127	481
afm_dropout_full_woTemplates_r3_model_1_multimer_v1_pred_11.pdb	2	2	1	14	18	42	62	128	482
afm_dropout_full_woTemplates_r3_model_1_multimer_v1_pred_12.pdb	1	5	8	15	19	43	63	129	483
afm_dropout_full_woTemplates_r3_model_1_multimer_v1_pred_13.pdb	1	1	2	2	4	44	64	130	484
afm_dropout_full_woTemplates_r3_model_1_multimer_v1_pred_14.pdb	1	1	2	2	10	45	65	131	485
afm_dropout_full_woTemplates_r3_model_1_multimer_v1_pred_15.pdb	1	1	2	8	20	46	66	132	486
afm_dropout_full_woTemplates_r3_model_1_multimer_v1_pred_16.pdb	1	1	1	1	1	1	2	133	487
afm_dropout_full_woTemplates_r3_model_1_multimer_v1_pred_17.pdb	1	1	2	2	2	12	67	134	488
afm_dropout_full_woTemplates_r3_model_1_multimer_v1_pred_18.pdb	1	1	1	1	1	1	2	135	489
afm_dropout_full_woTemplates_r3_model_1_multimer_v1_pred_19.pdb	1	1	2	2	4	15	68	136	490
afm_dropout_full_woTemplates_r3_model_1_multimer_v1_pred_2.pdb	3	11	13	16	21	47	69	137	491
afm_dropout_full_woTemplates_r3_model_1_multimer_v1_pred_20.pdb	2	2	1	17	22	48	70	138	492
afm_dropout_full_woTemplates_r3_model_1_multimer_v1_pred_21.pdb	1	1	1	1	1	1	2	3	493
afm_dropout_full_woTemplates_r3_model_1_multimer_v1_pred_22.pdb	1	1	1	1	1	7	71	139	494
afm_dropout_full_woTemplates_r3_model_1_multimer_v1_pred_23.pdb	3	12	14	18	23	49	72	140	495
afm_dropout_full_woTemplates_r3_model_1_multimer_v1_pred_24.pdb	1	1	1	1	1	1	1	3	496
afm_dropout_full_woTemplates_r3_model_1_multimer_v1_pred_25.pdb	1	1	1	1	1	1	2	141	497
afm_dropout_full_woTemplates_r3_model_1_multimer_v1_pred_26.pdb	1	1	2	2	2	15	73	142	498
afm_dropout_full_woTemplates_r3_model_1_multimer_v1_pred_27.pdb	1	1	1	1	1	1	2	143	499
afm_dropout_full_woTemplates_r3_model_1_multimer_v1_pred_28.pdb	6	13	15	19	24	50	74	144	500
afm_dropout_full_woTemplates_r3_model_1_multimer_v1_pred_29.pdb	2	2	1	1	25	51	75	145	501
afm_dropout_full_woTemplates_r3_model_1_multimer_v1_pred_3.pdb	1	14	16	20	26	52	76	146	502
afm_dropout_full_woTemplates_r3_model_1_multimer_v1_pred_30.pdb	1	4	5	9	27	53	77	147	503
afm_dropout_full_woTemplates_r3_model_1_multimer_v1_pred_31.pdb	1	1	2	2	4	15	78	148	504
afm_dropout_full_woTemplates_r3_model_1_multimer_v1_pred_32.pdb	3	8	17	21	28	54	79	149	505
afm_dropout_full_woTemplates_r3_model_1_multimer_v1_pred_33.pdb	3	6	9	22	29	55	80	150	506
afm_dropout_full_woTemplates_r3_model_1_multimer_v1_pred_34.pdb	8	15	18	23	30	56	81	151	507
afm_dropout_full_woTemplates_r3_model_1_multimer_v1_pred_35.pdb	1	2	1	1	1	7	82	152	508
afm_dropout_full_woTemplates_r3_model_1_multimer_v1_pred_36.pdb	1	16	19	24	31	57	83	153	509
afm_dropout_full_woTemplates_r3_model_1_multimer_v1_pred_37.pdb	1	1	2	2	4	25	84	154	510
afm_dropout_full_woTemplates_r3_model_1_multimer_v1_pred_38.pdb	1	1	1	1	1	7	85	155	511
afm_dropout_full_woTemplates_r3_model_1_multimer_v1_pred_39.pdb	1	1	2	2	10	58	86	156	512
afm_dropout_full_woTemplates_r3_model_1_multimer_v1_pred_4.pdb	1	1	1	1	1	1	1	3	513
afm_dropout_full_woTemplates_r3_model_1_multimer_v1_pred_40.pdb	1	1	1	1	1	7	87	157	514
afm_dropout_full_woTemplates_r3_model_1_multimer_v1_pred_41.pdb	1	1	2	2	13	26	88	158	515
afm_dropout_full_woTemplates_r3_model_1_multimer_v1_pred_42.pdb	1	17	20	25	32	59	89	159	516
afm_dropout_full_woTemplates_r3_model_1_multimer_v1_pred_43.pdb	1	2	1	1	1	7	90	160	517
afm_dropout_full_woTemplates_r3_model_1_multimer_v1_pred_44.pdb	3	5	8	26	33	60	91	161	518
afm_dropout_full_woTemplates_r3_model_1_multimer_v1_pred_45.pdb	1	1	2	2	34	61	92	162	519
afm_dropout_full_woTemplates_r3_model_1_multimer_v1_pred_46.pdb	1	2	1	1	1	7	93	163	520
afm_dropout_full_woTemplates_r3_model_1_multimer_v1_pred_47.pdb	9	18	21	27	35	62	94	164	521
afm_dropout_full_woTemplates_r3_model_1_multimer_v1_pred_48.pdb	7	19	22	28	36	63	95	165	522
afm_dropout_full_woTemplates_r3_model_1_multimer_v1_pred_49.pdb	1	1	1	1	1	19	96	166	523
afm_dropout_full_woTemplates_r3_model_1_multimer_v1_pred_5.pdb	6	6	9	29	37	64	97	167	524
afm_dropout_full_woTemplates_r3_model_1_multimer_v1_pred_50.pdb	1	1	1	1	1	1	2	168	525
afm_dropout_full_woTemplates_r3_model_1_multimer_v1_pred_51.pdb	1	1	2	2	4	15	98	169	526
afm_dropout_full_woTemplates_r3_model_1_multimer_v1_pred_52.pdb	1	1	1	1	1	7	99	170	527
afm_dropout_full_woTemplates_r3_model_1_multimer_v1_pred_53.pdb	1	1	2	2	10	65	100	171	528
afm_dropout_full_woTemplates_r3_model_1_multimer_v1_pred_54.pdb	3	8	23	30	38	66	101	172	529
afm_dropout_full_woTemplates_r3_model_1_multimer_v1_pred_55.pdb	1	1	1	1	1	1	1	173	530
afm_dropout_full_woTemplates_r3_model_1_multimer_v1_pred_56.pdb	1	1	2	2	4	67	102	174	531
afm_dropout_full_woTemplates_r3_model_1_multimer_v1_pred_57.pdb	1	1	2	2	7	4	103	175	532
afm_dropout_full_woTemplates_r3_model_1_multimer_v1_pred_58.pdb	1	4	5	10	39	68	104	176	533
afm_dropout_full_woTemplates_r3_model_1_multimer_v1_pred_59.pdb	1	1	2	2	4	69	105	177	534
afm_dropout_full_woTemplates_r3_model_1_multimer_v1_pred_6.pdb	3	5	10	31	40	70	106	178	535
afm_dropout_full_woTemplates_r3_model_1_multimer_v1_pred_60.pdb	1	1	2	8	41	71	107	179	536
afm_dropout_full_woTemplates_r3_model_1_multimer_v1_pred_61.pdb	3	7	24	32	42	72	108	180	537
afm_dropout_full_woTemplates_r3_model_1_multimer_v1_pred_62.pdb	1	4	5	10	43	73	109	181	538
afm_dropout_full_woTemplates_r3_model_1_multimer_v1_pred_63.pdb	1	20	25	33	44	74	110	182	539
afm_dropout_full_woTemplates_r3_model_1_multimer_v1_pred_64.pdb	1	4	5	9	45	75	111	183	540
afm_dropout_full_woTemplates_r3_model_1_multimer_v1_pred_65.pdb	3	7	26	34	46	76	112	184	541
afm_dropout_full_woTemplates_r3_model_1_multimer_v1_pred_66.pdb	7	4	27	35	47	77	113	185	542
afm_dropout_full_woTemplates_r3_model_1_multimer_v1_pred_7.pdb	3	21	28	36	48	78	114	186	543
afm_dropout_full_woTemplates_r3_model_1_multimer_v1_pred_8.pdb	1	1	2	2	4	15	115	187	544
afm_dropout_full_woTemplates_r3_model_1_multimer_v1_pred_9.pdb	1	1	1	1	1	1	2	188	545
afm_dropout_full_woTemplates_r3_model_1_multimer_v2_pred_0.pdb	1	1	1	1	1	1	1	1	6
afm_dropout_full_woTemplates_r3_model_1_multimer_v2_pred_1.pdb	1	1	1	1	1	1	7	21	546
afm_dropout_full_woTemplates_r3_model_1_multimer_v2_pred_10.pdb	1	1	1	1	1	1	1	1	131
afm_dropout_full_woTemplates_r3_model_1_multimer_v2_pred_11.pdb	1	1	1	1	1	1	1	4	547
afm_dropout_full_woTemplates_r3_model_1_multimer_v2_pred_12.pdb	1	1	1	1	1	1	1	1	192
afm_dropout_full_woTemplates_r3_model_1_multimer_v2_pred_13.pdb	1	1	1	1	1	1	1	4	548
afm_dropout_full_woTemplates_r3_model_1_multimer_v2_pred_14.pdb	1	1	1	1	1	1	1	1	6
afm_dropout_full_woTemplates_r3_model_1_multimer_v2_pred_15.pdb	1	1	1	1	1	1	7	59	549
afm_dropout_full_woTemplates_r3_model_1_multimer_v2_pred_16.pdb	1	1	1	1	1	1	1	1	6
afm_dropout_full_woTemplates_r3_model_1_multimer_v2_pred_17.pdb	1	1	1	1	1	1	1	1	6
afm_dropout_full_woTemplates_r3_model_1_multimer_v2_pred_18.pdb	1	1	1	1	1	1	1	4	550
afm_dropout_full_woTemplates_r3_model_1_multimer_v2_pred_19.pdb	1	1	1	1	1	1	1	1	6
afm_dropout_full_woTemplates_r3_model_1_multimer_v2_pred_2.pdb	1	1	1	1	1	1	1	4	551
afm_dropout_full_woTemplates_r3_model_1_multimer_v2_pred_20.pdb	1	1	1	1	1	1	1	1	6
afm_dropout_full_woTemplates_r3_model_1_multimer_v2_pred_21.pdb	1	1	1	1	1	1	1	1	86
afm_dropout_full_woTemplates_r3_model_1_multimer_v2_pred_22.pdb	1	1	1	1	1	1	1	4	552
afm_dropout_full_woTemplates_r3_model_1_multimer_v2_pred_23.pdb	1	1	1	1	1	1	1	1	6
afm_dropout_full_woTemplates_r3_model_1_multimer_v2_pred_24.pdb	1	1	1	1	1	1	1	1	6
afm_dropout_full_woTemplates_r3_model_1_multimer_v2_pred_25.pdb	1	1	1	1	1	1	1	1	6
afm_dropout_full_woTemplates_r3_model_1_multimer_v2_pred_26.pdb	1	1	1	1	1	1	1	4	86
afm_dropout_full_woTemplates_r3_model_1_multimer_v2_pred_27.pdb	1	1	1	1	1	1	1	1	6
afm_dropout_full_woTemplates_r3_model_1_multimer_v2_pred_28.pdb	1	1	1	1	1	1	1	1	6
afm_dropout_full_woTemplates_r3_model_1_multimer_v2_pred_29.pdb	1	1	1	1	1	1	1	1	6
afm_dropout_full_woTemplates_r3_model_1_multimer_v2_pred_3.pdb	1	1	1	1	1	1	1	1	86
afm_dropout_full_woTemplates_r3_model_1_multimer_v2_pred_30.pdb	1	1	1	1	1	1	1	1	6
afm_dropout_full_woTemplates_r3_model_1_multimer_v2_pred_31.pdb	1	1	1	1	1	1	1	1	6
afm_dropout_full_woTemplates_r3_model_1_multimer_v2_pred_32.pdb	1	1	1	1	1	1	7	59	553
afm_dropout_full_woTemplates_r3_model_1_multimer_v2_pred_33.pdb	1	1	1	1	1	1	1	4	554
afm_dropout_full_woTemplates_r3_model_1_multimer_v2_pred_34.pdb	1	1	1	1	1	1	7	23	555
afm_dropout_full_woTemplates_r3_model_1_multimer_v2_pred_35.pdb	1	1	1	1	1	1	1	1	556
afm_dropout_full_woTemplates_r3_model_1_multimer_v2_pred_36.pdb	1	1	1	1	1	1	1	1	131
afm_dropout_full_woTemplates_r3_model_1_multimer_v2_pred_37.pdb	1	1	2	2	3	3	4	189	557
afm_dropout_full_woTemplates_r3_model_1_multimer_v2_pred_38.pdb	1	1	1	1	1	1	1	1	6
afm_dropout_full_woTemplates_r3_model_1_multimer_v2_pred_39.pdb	1	1	1	1	1	1	1	1	6
afm_dropout_full_woTemplates_r3_model_1_multimer_v2_pred_4.pdb	1	1	1	1	1	1	1	1	6
afm_dropout_full_woTemplates_r3_model_1_multimer_v2_pred_40.pdb	1	1	1	1	1	1	1	1	6
afm_dropout_full_woTemplates_r3_model_1_multimer_v2_pred_41.pdb	1	1	1	1	1	1	1	1	6
afm_dropout_full_woTemplates_r3_model_1_multimer_v2_pred_42.pdb	1	1	1	1	1	1	1	4	558
afm_dropout_full_woTemplates_r3_model_1_multimer_v2_pred_43.pdb	1	1	1	1	1	1	1	1	6
afm_dropout_full_woTemplates_r3_model_1_multimer_v2_pred_44.pdb	1	1	1	1	1	1	1	1	6
afm_dropout_full_woTemplates_r3_model_1_multimer_v2_pred_45.pdb	1	1	1	1	1	1	1	4	559
afm_dropout_full_woTemplates_r3_model_1_multimer_v2_pred_46.pdb	1	1	1	1	1	1	1	1	6
afm_dropout_full_woTemplates_r3_model_1_multimer_v2_pred_47.pdb	1	1	1	1	1	1	1	1	6
afm_dropout_full_woTemplates_r3_model_1_multimer_v2_pred_48.pdb	1	1	1	1	1	1	1	1	6
afm_dropout_full_woTemplates_r3_model_1_multimer_v2_pred_49.pdb	1	1	1	1	1	1	1	1	6
afm_dropout_full_woTemplates_r3_model_1_multimer_v2_pred_5.pdb	1	1	1	1	1	1	1	4	560
afm_dropout_full_woTemplates_r3_model_1_multimer_v2_pred_50.pdb	1	1	1	1	1	1	1	1	103
afm_dropout_full_woTemplates_r3_model_1_multimer_v2_pred_51.pdb	1	1	1	1	1	1	1	4	6
afm_dropout_full_woTemplates_r3_model_1_multimer_v2_pred_52.pdb	1	1	1	1	1	1	1	1	86
afm_dropout_full_woTemplates_r3_model_1_multimer_v2_pred_53.pdb	1	1	1	1	1	1	1	1	6
afm_dropout_full_woTemplates_r3_model_1_multimer_v2_pred_54.pdb	1	1	1	1	1	1	1	4	86
afm_dropout_full_woTemplates_r3_model_1_multimer_v2_pred_55.pdb	1	1	1	1	1	1	1	1	561
afm_dropout_full_woTemplates_r3_model_1_multimer_v2_pred_56.pdb	1	1	1	1	1	1	1	190	562
afm_dropout_full_woTemplates_r3_model_1_multimer_v2_pred_57.pdb	1	1	1	1	1	1	1	1	6
afm_dropout_full_woTemplates_r3_model_1_multimer_v2_pred_58.pdb	1	1	1	1	1	1	1	1	86
afm_dropout_full_woTemplates_r3_model_1_multimer_v2_pred_59.pdb	1	1	1	1	1	1	1	1	6
afm_dropout_full_woTemplates_r3_model_1_multimer_v2_pred_6.pdb	1	1	1	1	1	1	1	1	6
afm_dropout_full_woTemplates_r3_model_1_multimer_v2_pred_60.pdb	1	1	1	1	1	6	1	4	563
afm_dropout_full_woTemplates_r3_model_1_multimer_v2_pred_61.pdb	1	1	1	1	1	1	1	1	6
afm_dropout_full_woTemplates_r3_model_1_multimer_v2_pred_62.pdb	1	1	1	1	1	1	1	1	6
afm_dropout_full_woTemplates_r3_model_1_multimer_v2_pred_63.pdb	1	1	1	1	1	1	1	1	6
afm_dropout_full_woTemplates_r3_model_1_multimer_v2_pred_64.pdb	1	1	1	1	1	1	1	1	6
afm_dropout_full_woTemplates_r3_model_1_multimer_v2_pred_65.pdb	1	1	1	1	1	1	1	1	6
afm_dropout_full_woTemplates_r3_model_1_multimer_v2_pred_66.pdb	1	1	1	1	1	1	1	1	6
afm_dropout_full_woTemplates_r3_model_1_multimer_v2_pred_7.pdb	1	1	1	1	1	1	1	4	86
afm_dropout_full_woTemplates_r3_model_1_multimer_v2_pred_8.pdb	1	1	1	1	1	1	1	1	6
afm_dropout_full_woTemplates_r3_model_1_multimer_v2_pred_9.pdb	1	1	1	1	1	1	1	1	6
afm_dropout_full_woTemplates_r3_model_1_multimer_v3_pred_0.pdb	1	1	1	1	1	1	1	1	153
afm_dropout_full_woTemplates_r3_model_1_multimer_v3_pred_1.pdb	1	1	1	1	1	1	1	1	43
afm_dropout_full_woTemplates_r3_model_1_multimer_v3_pred_10.pdb	1	1	1	1	1	1	1	1	1
afm_dropout_full_woTemplates_r3_model_1_multimer_v3_pred_11.pdb	1	1	1	1	1	1	1	1	564
afm_dropout_full_woTemplates_r3_model_1_multimer_v3_pred_12.pdb	1	1	1	1	1	1	1	1	1
afm_dropout_full_woTemplates_r3_model_1_multimer_v3_pred_13.pdb	1	1	1	1	1	1	1	1	43
afm_dropout_full_woTemplates_r3_model_1_multimer_v3_pred_14.pdb	1	1	1	1	1	1	1	1	1
afm_dropout_full_woTemplates_r3_model_1_multimer_v3_pred_15.pdb	1	1	1	1	1	1	1	1	127
afm_dropout_full_woTemplates_r3_model_1_multimer_v3_pred_16.pdb	1	1	1	1	1	1	1	1	43
afm_dropout_full_woTemplates_r3_model_1_multimer_v3_pred_17.pdb	1	1	1	1	1	1	1	17	565
afm_dropout_full_woTemplates_r3_model_1_multimer_v3_pred_18.pdb	1	1	1	1	1	1	1	1	43
afm_dropout_full_woTemplates_r3_model_1_multimer_v3_pred_19.pdb	1	1	1	1	1	1	1	1	99
afm_dropout_full_woTemplates_r3_model_1_multimer_v3_pred_2.pdb	1	1	1	1	1	1	1	1	1
afm_dropout_full_woTemplates_r3_model_1_multimer_v3_pred_20.pdb	1	1	1	1	1	1	1	1	43
afm_dropout_full_woTemplates_r3_model_1_multimer_v3_pred_21.pdb	1	1	1	1	1	1	1	1	159
afm_dropout_full_woTemplates_r3_model_1_multimer_v3_pred_22.pdb	1	1	1	1	1	1	1	1	1
afm_dropout_full_woTemplates_r3_model_1_multimer_v3_pred_23.pdb	1	1	1	1	1	1	1	1	1
afm_dropout_full_woTemplates_r3_model_1_multimer_v3_pred_24.pdb	1	1	1	1	1	1	1	1	566
afm_dropout_full_woTemplates_r3_model_1_multimer_v3_pred_25.pdb	1	1	1	1	1	1	1	1	99
afm_dropout_full_woTemplates_r3_model_1_multimer_v3_pred_26.pdb	1	1	1	1	1	1	1	1	567
afm_dropout_full_woTemplates_r3_model_1_multimer_v3_pred_27.pdb	1	1	1	1	1	1	1	1	43
afm_dropout_full_woTemplates_r3_model_1_multimer_v3_pred_28.pdb	1	1	1	1	1	1	1	1	1
afm_dropout_full_woTemplates_r3_model_1_multimer_v3_pred_29.pdb	1	1	1	1	1	1	1	1	43
afm_dropout_full_woTemplates_r3_model_1_multimer_v3_pred_3.pdb	1	1	1	1	1	1	1	1	568
afm_dropout_full_woTemplates_r3_model_1_multimer_v3_pred_30.pdb	1	1	1	1	1	1	1	1	43
afm_dropout_full_woTemplates_r3_model_1_multimer_v3_pred_31.pdb	1	1	1	1	1	1	1	1	2
afm_dropout_full_woTemplates_r3_model_1_multimer_v3_pred_32.pdb	1	1	1	1	1	1	1	1	127
afm_dropout_full_woTemplates_r3_model_1_multimer_v3_pred_33.pdb	1	1	1	1	1	1	1	10	569
afm_dropout_full_woTemplates_r3_model_1_multimer_v3_pred_34.pdb	1	1	1	1	1	1	1	1	193
afm_dropout_full_woTemplates_r3_model_1_multimer_v3_pred_35.pdb	1	1	1	1	1	1	1	4	570
afm_dropout_full_woTemplates_r3_model_1_multimer_v3_pred_36.pdb	1	1	1	1	1	1	1	1	194
afm_dropout_full_woTemplates_r3_model_1_multimer_v3_pred_37.pdb	1	1	1	1	1	1	1	1	43
afm_dropout_full_woTemplates_r3_model_1_multimer_v3_pred_38.pdb	1	1	1	1	1	1	1	1	1
afm_dropout_full_woTemplates_r3_model_1_multimer_v3_pred_39.pdb	1	1	1	1	1	1	1	1	99
afm_dropout_full_woTemplates_r3_model_1_multimer_v3_pred_4.pdb	1	1	1	1	1	1	1	1	1
afm_dropout_full_woTemplates_r3_model_1_multimer_v3_pred_40.pdb	1	1	1	1	1	1	1	1	571
afm_dropout_full_woTemplates_r3_model_1_multimer_v3_pred_41.pdb	1	1	1	1	1	1	1	1	572
afm_dropout_full_woTemplates_r3_model_1_multimer_v3_pred_42.pdb	1	1	1	1	1	1	1	1	43
afm_dropout_full_woTemplates_r3_model_1_multimer_v3_pred_43.pdb	1	1	1	1	1	1	1	1	573
afm_dropout_full_woTemplates_r3_model_1_multimer_v3_pred_44.pdb	1	1	1	1	1	1	1	1	65
afm_dropout_full_woTemplates_r3_model_1_multimer_v3_pred_45.pdb	1	1	1	1	1	1	1	1	43
afm_dropout_full_woTemplates_r3_model_1_multimer_v3_pred_46.pdb	1	1	1	1	1	1	1	1	43
afm_dropout_full_woTemplates_r3_model_1_multimer_v3_pred_47.pdb	1	1	1	1	1	1	1	1	574
afm_dropout_full_woTemplates_r3_model_1_multimer_v3_pred_48.pdb	1	1	1	1	1	1	1	1	1
afm_dropout_full_woTemplates_r3_model_1_multimer_v3_pred_49.pdb	1	1	1	1	1	1	1	1	99
afm_dropout_full_woTemplates_r3_model_1_multimer_v3_pred_5.pdb	1	1	1	1	1	1	1	17	575
afm_dropout_full_woTemplates_r3_model_1_multimer_v3_pred_50.pdb	1	1	1	1	1	1	1	1	1
afm_dropout_full_woTemplates_r3_model_1_multimer_v3_pred_51.pdb	1	1	1	1	1	1	1	1	43
afm_dropout_full_woTemplates_r3_model_1_multimer_v3_pred_52.pdb	1	1	1	1	1	1	1	1	99
afm_dropout_full_woTemplates_r3_model_1_multimer_v3_pred_53.pdb	1	1	1	1	1	1	1	1	43
afm_dropout_full_woTemplates_r3_model_1_multimer_v3_pred_54.pdb	1	1	1	1	1	1	1	1	1
afm_dropout_full_woTemplates_r3_model_1_multimer_v3_pred_55.pdb	1	1	1	1	1	1	1	1	99
afm_dropout_full_woTemplates_r3_model_1_multimer_v3_pred_56.pdb	1	1	1	1	1	1	1	1	194
afm_dropout_full_woTemplates_r3_model_1_multimer_v3_pred_57.pdb	1	1	1	1	1	1	1	1	576
afm_dropout_full_woTemplates_r3_model_1_multimer_v3_pred_58.pdb	1	1	1	1	1	1	1	4	577
afm_dropout_full_woTemplates_r3_model_1_multimer_v3_pred_59.pdb	1	1	1	1	1	1	1	1	1
afm_dropout_full_woTemplates_r3_model_1_multimer_v3_pred_6.pdb	1	1	1	1	1	1	1	1	1
afm_dropout_full_woTemplates_r3_model_1_multimer_v3_pred_60.pdb	1	1	1	1	1	1	1	1	193
afm_dropout_full_woTemplates_r3_model_1_multimer_v3_pred_61.pdb	1	1	1	1	1	1	1	10	578
afm_dropout_full_woTemplates_r3_model_1_multimer_v3_pred_62.pdb	1	1	1	1	1	1	1	1	65
afm_dropout_full_woTemplates_r3_model_1_multimer_v3_pred_63.pdb	1	1	1	1	1	1	1	1	579
afm_dropout_full_woTemplates_r3_model_1_multimer_v3_pred_64.pdb	1	1	1	1	1	1	1	1	1
afm_dropout_full_woTemplates_r3_model_1_multimer_v3_pred_65.pdb	1	1	1	1	1	1	1	1	43
afm_dropout_full_woTemplates_r3_model_1_multimer_v3_pred_66.pdb	1	1	1	1	1	1	1	1	127
afm_dropout_full_woTemplates_r3_model_1_multimer_v3_pred_7.pdb	1	1	1	1	1	1	1	1	1
afm_dropout_full_woTemplates_r3_model_1_multimer_v3_pred_8.pdb	1	1	1	1	1	1	1	1	35
afm_dropout_full_woTemplates_r3_model_1_multimer_v3_pred_9.pdb	1	1	1	1	1	1	1	1	1
afm_dropout_full_woTemplates_r3_model_2_multimer_v1_pred_0.pdb	1	1	1	1	1	1	2	36	580
afm_dropout_full_woTemplates_r3_model_2_multimer_v1_pred_1.pdb	1	1	1	1	1	1	26	191	581
afm_dropout_full_woTemplates_r3_model_2_multimer_v1_pred_10.pdb	1	1	2	2	2	12	116	192	582
afm_dropout_full_woTemplates_r3_model_2_multimer_v1_pred_11.pdb	1	1	2	2	4	27	117	193	583
afm_dropout_full_woTemplates_r3_model_2_multimer_v1_pred_12.pdb	1	1	1	1	1	1	2	36	584
afm_dropout_full_woTemplates_r3_model_2_multimer_v1_pred_13.pdb	1	1	1	1	1	1	1	60	585
afm_dropout_full_woTemplates_r3_model_2_multimer_v1_pred_14.pdb	1	1	2	2	8	20	118	194	586
afm_dropout_full_woTemplates_r3_model_2_multimer_v1_pred_15.pdb	1	2	1	1	1	7	119	195	587
afm_dropout_full_woTemplates_r3_model_2_multimer_v1_pred_16.pdb	1	1	1	1	1	1	1	196	588
afm_dropout_full_woTemplates_r3_model_2_multimer_v1_pred_17.pdb	1	1	2	2	13	79	120	197	589
afm_dropout_full_woTemplates_r3_model_2_multimer_v1_pred_18.pdb	1	3	10	37	49	80	121	198	590
afm_dropout_full_woTemplates_r3_model_2_multimer_v1_pred_19.pdb	1	1	1	1	1	7	25	199	591
afm_dropout_full_woTemplates_r3_model_2_multimer_v1_pred_2.pdb	1	1	1	1	1	1	18	200	592
afm_dropout_full_woTemplates_r3_model_2_multimer_v1_pred_20.pdb	5	22	29	38	50	81	122	201	593
afm_dropout_full_woTemplates_r3_model_2_multimer_v1_pred_21.pdb	1	1	2	2	14	28	123	202	594
afm_dropout_full_woTemplates_r3_model_2_multimer_v1_pred_22.pdb	1	1	1	1	1	1	2	203	595
afm_dropout_full_woTemplates_r3_model_2_multimer_v1_pred_23.pdb	1	1	2	2	4	28	124	204	596
afm_dropout_full_woTemplates_r3_model_2_multimer_v1_pred_24.pdb	1	1	1	1	1	1	1	205	597
afm_dropout_full_woTemplates_r3_model_2_multimer_v1_pred_25.pdb	1	2	1	1	1	1	125	206	598
afm_dropout_full_woTemplates_r3_model_2_multimer_v1_pred_26.pdb	1	1	1	1	1	7	126	207	599
afm_dropout_full_woTemplates_r3_model_2_multimer_v1_pred_27.pdb	1	1	2	2	8	82	127	208	600
afm_dropout_full_woTemplates_r3_model_2_multimer_v1_pred_28.pdb	1	1	2	39	51	83	128	209	601
afm_dropout_full_woTemplates_r3_model_2_multimer_v1_pred_29.pdb	1	1	2	2	4	84	129	210	602
afm_dropout_full_woTemplates_r3_model_2_multimer_v1_pred_3.pdb	1	1	2	2	4	26	130	211	603
afm_dropout_full_woTemplates_r3_model_2_multimer_v1_pred_30.pdb	1	1	2	2	4	25	131	212	604
afm_dropout_full_woTemplates_r3_model_2_multimer_v1_pred_31.pdb	1	1	2	2	2	15	132	213	605
afm_dropout_full_woTemplates_r3_model_2_multimer_v1_pred_32.pdb	1	1	1	1	1	1	18	214	606
afm_dropout_full_woTemplates_r3_model_2_multimer_v1_pred_33.pdb	1	1	2	2	2	21	133	215	607
afm_dropout_full_woTemplates_r3_model_2_multimer_v1_pred_34.pdb	1	2	1	1	1	1	134	216	608
afm_dropout_full_woTemplates_r3_model_2_multimer_v1_pred_35.pdb	1	1	2	7	8	20	135	217	609
afm_dropout_full_woTemplates_r3_model_2_multimer_v1_pred_36.pdb	1	1	2	2	4	85	136	218	610
afm_dropout_full_woTemplates_r3_model_2_multimer_v1_pred_37.pdb	1	2	1	1	1	19	25	219	611
afm_dropout_full_woTemplates_r3_model_2_multimer_v1_pred_38.pdb	1	1	1	1	1	1	1	5	612
afm_dropout_full_woTemplates_r3_model_2_multimer_v1_pred_39.pdb	1	1	2	2	2	13	137	220	613
afm_dropout_full_woTemplates_r3_model_2_multimer_v1_pred_4.pdb	1	23	30	40	52	86	138	221	614
afm_dropout_full_woTemplates_r3_model_2_multimer_v1_pred_40.pdb	1	1	2	2	4	87	139	222	615
afm_dropout_full_woTemplates_r3_model_2_multimer_v1_pred_41.pdb	1	1	1	1	1	1	2	223	616
afm_dropout_full_woTemplates_r3_model_2_multimer_v1_pred_42.pdb	1	1	1	1	1	1	2	224	617
afm_dropout_full_woTemplates_r3_model_2_multimer_v1_pred_43.pdb	1	1	2	2	8	88	140	225	618
afm_dropout_full_woTemplates_r3_model_2_multimer_v1_pred_44.pdb	1	1	1	1	1	1	141	226	619
afm_dropout_full_woTemplates_r3_model_2_multimer_v1_pred_45.pdb	1	1	2	2	13	27	142	227	620
afm_dropout_full_woTemplates_r3_model_2_multimer_v1_pred_46.pdb	1	1	1	1	1	1	1	228	621
afm_dropout_full_woTemplates_r3_model_2_multimer_v1_pred_47.pdb	1	1	1	1	1	1	1	229	622
afm_dropout_full_woTemplates_r3_model_2_multimer_v1_pred_48.pdb	5	24	31	41	53	89	143	230	623
afm_dropout_full_woTemplates_r3_model_2_multimer_v1_pred_49.pdb	1	2	1	1	1	7	25	231	624
afm_dropout_full_woTemplates_r3_model_2_multimer_v1_pred_5.pdb	1	1	2	2	8	20	144	232	625
afm_dropout_full_woTemplates_r3_model_2_multimer_v1_pred_50.pdb	1	1	1	1	1	1	38	233	626
afm_dropout_full_woTemplates_r3_model_2_multimer_v1_pred_51.pdb	1	1	1	1	1	1	2	234	627
afm_dropout_full_woTemplates_r3_model_2_multimer_v1_pred_52.pdb	1	1	1	1	1	1	18	235	628
afm_dropout_full_woTemplates_r3_model_2_multimer_v1_pred_53.pdb	1	1	1	1	1	1	26	236	629
afm_dropout_full_woTemplates_r3_model_2_multimer_v1_pred_54.pdb	1	1	1	1	1	1	26	237	630
afm_dropout_full_woTemplates_r3_model_2_multimer_v1_pred_55.pdb	1	1	2	2	10	90	145	238	631
afm_dropout_full_woTemplates_r3_model_2_multimer_v1_pred_56.pdb	1	1	1	1	1	1	2	239	632
afm_dropout_full_woTemplates_r3_model_2_multimer_v1_pred_57.pdb	1	1	1	1	1	7	39	240	633
afm_dropout_full_woTemplates_r3_model_2_multimer_v1_pred_58.pdb	1	1	1	1	1	1	2	241	634
afm_dropout_full_woTemplates_r3_model_2_multimer_v1_pred_59.pdb	1	1	1	1	1	1	1	242	635
afm_dropout_full_woTemplates_r3_model_2_multimer_v1_pred_6.pdb	1	1	2	2	4	91	146	243	636
afm_dropout_full_woTemplates_r3_model_2_multimer_v1_pred_60.pdb	1	2	1	1	54	92	147	244	637
afm_dropout_full_woTemplates_r3_model_2_multimer_v1_pred_61.pdb	1	1	2	2	4	29	148	245	638
afm_dropout_full_woTemplates_r3_model_2_multimer_v1_pred_62.pdb	1	1	2	2	4	21	149	246	639
afm_dropout_full_woTemplates_r3_model_2_multimer_v1_pred_63.pdb	1	1	2	2	4	21	150	247	640
afm_dropout_full_woTemplates_r3_model_2_multimer_v1_pred_64.pdb	1	1	1	1	1	1	39	248	641
afm_dropout_full_woTemplates_r3_model_2_multimer_v1_pred_65.pdb	1	1	1	1	1	1	1	35	642
afm_dropout_full_woTemplates_r3_model_2_multimer_v1_pred_66.pdb	1	1	1	1	1	1	2	36	643
afm_dropout_full_woTemplates_r3_model_2_multimer_v1_pred_7.pdb	1	1	1	1	1	1	2	19	644
afm_dropout_full_woTemplates_r3_model_2_multimer_v1_pred_8.pdb	1	1	1	1	1	1	18	249	645
afm_dropout_full_woTemplates_r3_model_2_multimer_v1_pred_9.pdb	1	1	1	1	1	1	2	250	646
afm_dropout_full_woTemplates_r3_model_2_multimer_v2_pred_0.pdb	1	1	1	1	1	1	1	1	647
afm_dropout_full_woTemplates_r3_model_2_multimer_v2_pred_1.pdb	1	1	1	1	1	1	1	1	648
afm_dropout_full_woTemplates_r3_model_2_multimer_v2_pred_10.pdb	1	1	1	1	1	1	1	4	649
afm_dropout_full_woTemplates_r3_model_2_multimer_v2_pred_11.pdb	1	1	1	1	1	1	1	1	7
afm_dropout_full_woTemplates_r3_model_2_multimer_v2_pred_12.pdb	1	1	1	1	1	1	1	4	650
afm_dropout_full_woTemplates_r3_model_2_multimer_v2_pred_13.pdb	1	1	1	1	1	1	1	17	651
afm_dropout_full_woTemplates_r3_model_2_multimer_v2_pred_14.pdb	1	1	1	1	1	1	1	4	652
afm_dropout_full_woTemplates_r3_model_2_multimer_v2_pred_15.pdb	1	1	1	1	1	1	1	1	653
afm_dropout_full_woTemplates_r3_model_2_multimer_v2_pred_16.pdb	1	1	1	1	1	1	1	1	152
afm_dropout_full_woTemplates_r3_model_2_multimer_v2_pred_17.pdb	1	1	1	1	1	1	1	4	654
afm_dropout_full_woTemplates_r3_model_2_multimer_v2_pred_18.pdb	1	1	1	1	1	1	1	1	655
afm_dropout_full_woTemplates_r3_model_2_multimer_v2_pred_19.pdb	1	1	1	1	1	1	1	1	152
afm_dropout_full_woTemplates_r3_model_2_multimer_v2_pred_2.pdb	1	1	1	1	1	1	1	1	195
afm_dropout_full_woTemplates_r3_model_2_multimer_v2_pred_20.pdb	1	1	1	1	1	1	40	251	656
afm_dropout_full_woTemplates_r3_model_2_multimer_v2_pred_21.pdb	1	1	1	1	1	1	1	17	657
afm_dropout_full_woTemplates_r3_model_2_multimer_v2_pred_22.pdb	1	1	1	1	1	1	1	4	658
afm_dropout_full_woTemplates_r3_model_2_multimer_v2_pred_23.pdb	1	1	1	1	1	1	1	1	659
afm_dropout_full_woTemplates_r3_model_2_multimer_v2_pred_24.pdb	1	1	1	1	1	1	1	1	660
afm_dropout_full_woTemplates_r3_model_2_multimer_v2_pred_25.pdb	1	1	1	1	1	1	1	1	661
afm_dropout_full_woTemplates_r3_model_2_multimer_v2_pred_26.pdb	1	1	1	1	1	1	1	10	662
afm_dropout_full_woTemplates_r3_model_2_multimer_v2_pred_27.pdb	1	1	1	1	1	1	1	17	663
afm_dropout_full_woTemplates_r3_model_2_multimer_v2_pred_28.pdb	1	1	1	1	1	1	1	1	664
afm_dropout_full_woTemplates_r3_model_2_multimer_v2_pred_29.pdb	1	1	1	1	1	1	1	1	33
afm_dropout_full_woTemplates_r3_model_2_multimer_v2_pred_3.pdb	1	1	1	1	1	1	1	4	665
afm_dropout_full_woTemplates_r3_model_2_multimer_v2_pred_30.pdb	1	1	1	1	1	1	1	1	666
afm_dropout_full_woTemplates_r3_model_2_multimer_v2_pred_31.pdb	1	1	1	1	1	1	1	21	667
afm_dropout_full_woTemplates_r3_model_2_multimer_v2_pred_32.pdb	1	1	1	1	1	1	1	1	668
afm_dropout_full_woTemplates_r3_model_2_multimer_v2_pred_33.pdb	1	1	1	1	1	1	1	1	669
afm_dropout_full_woTemplates_r3_model_2_multimer_v2_pred_34.pdb	1	1	1	1	1	6	40	252	670
afm_dropout_full_woTemplates_r3_model_2_multimer_v2_pred_35.pdb	1	1	1	1	1	1	1	1	671
afm_dropout_full_woTemplates_r3_model_2_multimer_v2_pred_36.pdb	1	1	1	1	1	1	1	4	672
afm_dropout_full_woTemplates_r3_model_2_multimer_v2_pred_37.pdb	1	1	1	1	1	1	1	1	152
afm_dropout_full_woTemplates_r3_model_2_multimer_v2_pred_38.pdb	1	1	1	1	1	1	1	4	673
afm_dropout_full_woTemplates_r3_model_2_multimer_v2_pred_39.pdb	1	1	1	1	1	1	1	21	674
afm_dropout_full_woTemplates_r3_model_2_multimer_v2_pred_4.pdb	1	1	1	1	1	1	1	1	675
afm_dropout_full_woTemplates_r3_model_2_multimer_v2_pred_40.pdb	1	1	1	1	1	1	1	21	676
afm_dropout_full_woTemplates_r3_model_2_multimer_v2_pred_41.pdb	1	1	1	1	1	1	1	1	152
afm_dropout_full_woTemplates_r3_model_2_multimer_v2_pred_42.pdb	1	1	1	1	1	1	1	4	677
afm_dropout_full_woTemplates_r3_model_2_multimer_v2_pred_43.pdb	1	1	1	1	1	1	1	1	678
afm_dropout_full_woTemplates_r3_model_2_multimer_v2_pred_44.pdb	1	1	1	1	1	1	1	46	679
afm_dropout_full_woTemplates_r3_model_2_multimer_v2_pred_45.pdb	1	1	1	1	1	1	1	1	186
afm_dropout_full_woTemplates_r3_model_2_multimer_v2_pred_46.pdb	1	1	1	1	1	1	7	10	680
afm_dropout_full_woTemplates_r3_model_2_multimer_v2_pred_47.pdb	1	1	1	1	1	1	1	1	681
afm_dropout_full_woTemplates_r3_model_2_multimer_v2_pred_48.pdb	1	1	1	1	1	1	1	1	682
afm_dropout_full_woTemplates_r3_model_2_multimer_v2_pred_49.pdb	1	1	1	1	1	1	1	1	683
afm_dropout_full_woTemplates_r3_model_2_multimer_v2_pred_5.pdb	1	1	1	1	1	6	7	253	684
afm_dropout_full_woTemplates_r3_model_2_multimer_v2_pred_50.pdb	1	1	1	1	1	1	1	1	685
afm_dropout_full_woTemplates_r3_model_2_multimer_v2_pred_51.pdb	1	1	1	1	1	1	1	4	686
afm_dropout_full_woTemplates_r3_model_2_multimer_v2_pred_52.pdb	1	1	1	1	1	1	1	1	687
afm_dropout_full_woTemplates_r3_model_2_multimer_v2_pred_53.pdb	1	1	1	1	1	6	7	254	688
afm_dropout_full_woTemplates_r3_model_2_multimer_v2_pred_54.pdb	1	1	1	1	1	1	1	4	689
afm_dropout_full_woTemplates_r3_model_2_multimer_v2_pred_55.pdb	1	1	1	1	1	1	1	1	690
afm_dropout_full_woTemplates_r3_model_2_multimer_v2_pred_56.pdb	1	1	1	1	1	1	1	46	691
afm_dropout_full_woTemplates_r3_model_2_multimer_v2_pred_57.pdb	1	1	1	1	1	1	1	1	692
afm_dropout_full_woTemplates_r3_model_2_multimer_v2_pred_58.pdb	1	1	1	1	1	1	1	21	693
afm_dropout_full_woTemplates_r3_model_2_multimer_v2_pred_59.pdb	1	1	1	1	1	1	7	255	694
afm_dropout_full_woTemplates_r3_model_2_multimer_v2_pred_6.pdb	1	1	1	1	1	1	1	1	7
afm_dropout_full_woTemplates_r3_model_2_multimer_v2_pred_60.pdb	1	1	1	1	1	1	1	21	695
afm_dropout_full_woTemplates_r3_model_2_multimer_v2_pred_61.pdb	1	1	1	1	1	1	1	1	696
afm_dropout_full_woTemplates_r3_model_2_multimer_v2_pred_62.pdb	1	1	1	1	1	1	1	1	697
afm_dropout_full_woTemplates_r3_model_2_multimer_v2_pred_63.pdb	1	1	1	1	1	1	1	1	698
afm_dropout_full_woTemplates_r3_model_2_multimer_v2_pred_64.pdb	1	1	1	1	1	1	1	1	699
afm_dropout_full_woTemplates_r3_model_2_multimer_v2_pred_65.pdb	1	1	1	1	1	1	1	1	7
afm_dropout_full_woTemplates_r3_model_2_multimer_v2_pred_66.pdb	1	1	1	1	1	1	1	17	700
afm_dropout_full_woTemplates_r3_model_2_multimer_v2_pred_7.pdb	1	1	1	1	1	1	1	1	701
afm_dropout_full_woTemplates_r3_model_2_multimer_v2_pred_8.pdb	1	1	1	1	1	1	1	1	702
afm_dropout_full_woTemplates_r3_model_2_multimer_v2_pred_9.pdb	1	1	1	1	1	1	1	4	195
afm_dropout_full_woTemplates_r3_model_2_multimer_v3_pred_0.pdb	1	1	1	1	1	1	1	1	34
afm_dropout_full_woTemplates_r3_model_2_multimer_v3_pred_1.pdb	1	1	1	1	1	1	1	1	1
afm_dropout_full_woTemplates_r3_model_2_multimer_v3_pred_10.pdb	1	1	1	1	1	1	1	1	77
afm_dropout_full_woTemplates_r3_model_2_multimer_v3_pred_11.pdb	1	1	1	1	1	1	1	1	703
afm_dropout_full_woTemplates_r3_model_2_multimer_v3_pred_12.pdb	1	1	1	1	1	1	1	1	60
afm_dropout_full_woTemplates_r3_model_2_multimer_v3_pred_13.pdb	1	1	1	1	1	1	1	1	60
afm_dropout_full_woTemplates_r3_model_2_multimer_v3_pred_14.pdb	1	1	1	1	1	1	1	10	704
afm_dropout_full_woTemplates_r3_model_2_multimer_v3_pred_15.pdb	1	1	1	1	1	1	1	1	705
afm_dropout_full_woTemplates_r3_model_2_multimer_v3_pred_16.pdb	1	1	1	1	1	1	1	1	159
afm_dropout_full_woTemplates_r3_model_2_multimer_v3_pred_17.pdb	1	1	1	1	1	1	1	1	60
afm_dropout_full_woTemplates_r3_model_2_multimer_v3_pred_18.pdb	1	1	1	1	1	1	1	1	1
afm_dropout_full_woTemplates_r3_model_2_multimer_v3_pred_19.pdb	1	1	1	1	1	1	1	1	1
afm_dropout_full_woTemplates_r3_model_2_multimer_v3_pred_2.pdb	1	1	1	1	1	1	1	1	1
afm_dropout_full_woTemplates_r3_model_2_multimer_v3_pred_20.pdb	1	1	1	1	1	1	1	1	1
afm_dropout_full_woTemplates_r3_model_2_multimer_v3_pred_21.pdb	1	1	1	1	1	1	1	1	60
afm_dropout_full_woTemplates_r3_model_2_multimer_v3_pred_22.pdb	1	1	1	1	1	1	1	1	1
afm_dropout_full_woTemplates_r3_model_2_multimer_v3_pred_23.pdb	1	1	1	1	1	1	1	1	153
afm_dropout_full_woTemplates_r3_model_2_multimer_v3_pred_24.pdb	1	1	1	1	1	1	1	1	60
afm_dropout_full_woTemplates_r3_model_2_multimer_v3_pred_25.pdb	1	1	1	1	1	1	1	1	34
afm_dropout_full_woTemplates_r3_model_2_multimer_v3_pred_26.pdb	1	1	1	1	1	1	1	1	154
afm_dropout_full_woTemplates_r3_model_2_multimer_v3_pred_27.pdb	1	1	1	1	1	1	1	1	1
afm_dropout_full_woTemplates_r3_model_2_multimer_v3_pred_28.pdb	1	1	1	1	1	1	1	1	706
afm_dropout_full_woTemplates_r3_model_2_multimer_v3_pred_29.pdb	1	1	1	1	1	1	1	1	1
afm_dropout_full_woTemplates_r3_model_2_multimer_v3_pred_3.pdb	1	1	1	1	1	1	1	1	60
afm_dropout_full_woTemplates_r3_model_2_multimer_v3_pred_30.pdb	1	1	1	1	1	1	1	1	43
afm_dropout_full_woTemplates_r3_model_2_multimer_v3_pred_31.pdb	1	1	1	1	1	1	1	1	34
afm_dropout_full_woTemplates_r3_model_2_multimer_v3_pred_32.pdb	1	1	1	1	1	1	1	1	1
afm_dropout_full_woTemplates_r3_model_2_multimer_v3_pred_33.pdb	1	1	1	1	1	1	1	1	154
afm_dropout_full_woTemplates_r3_model_2_multimer_v3_pred_34.pdb	1	1	1	1	1	1	1	1	34
afm_dropout_full_woTemplates_r3_model_2_multimer_v3_pred_35.pdb	1	1	1	1	1	1	1	10	707
afm_dropout_full_woTemplates_r3_model_2_multimer_v3_pred_36.pdb	1	1	1	1	1	1	1	1	34
afm_dropout_full_woTemplates_r3_model_2_multimer_v3_pred_37.pdb	1	1	1	1	1	1	1	1	1
afm_dropout_full_woTemplates_r3_model_2_multimer_v3_pred_38.pdb	1	1	1	1	1	1	1	1	196
afm_dropout_full_woTemplates_r3_model_2_multimer_v3_pred_39.pdb	1	1	1	1	1	1	1	10	708
afm_dropout_full_woTemplates_r3_model_2_multimer_v3_pred_4.pdb	1	1	1	1	1	1	1	1	77
afm_dropout_full_woTemplates_r3_model_2_multimer_v3_pred_40.pdb	1	1	1	1	1	1	1	1	99
afm_dropout_full_woTemplates_r3_model_2_multimer_v3_pred_41.pdb	1	1	1	1	1	1	1	1	709
afm_dropout_full_woTemplates_r3_model_2_multimer_v3_pred_42.pdb	1	1	1	1	1	1	1	1	1
afm_dropout_full_woTemplates_r3_model_2_multimer_v3_pred_43.pdb	1	1	1	1	1	1	1	1	43
afm_dropout_full_woTemplates_r3_model_2_multimer_v3_pred_44.pdb	1	1	1	1	1	1	1	1	148
afm_dropout_full_woTemplates_r3_model_2_multimer_v3_pred_45.pdb	1	1	1	1	1	1	1	1	60
afm_dropout_full_woTemplates_r3_model_2_multimer_v3_pred_46.pdb	1	1	1	1	1	1	1	1	1
afm_dropout_full_woTemplates_r3_model_2_multimer_v3_pred_47.pdb	1	1	1	1	1	1	1	1	1
afm_dropout_full_woTemplates_r3_model_2_multimer_v3_pred_48.pdb	1	1	1	1	1	1	1	1	710
afm_dropout_full_woTemplates_r3_model_2_multimer_v3_pred_49.pdb	1	1	1	1	1	1	1	1	1
afm_dropout_full_woTemplates_r3_model_2_multimer_v3_pred_5.pdb	1	1	1	1	1	1	1	1	153
afm_dropout_full_woTemplates_r3_model_2_multimer_v3_pred_50.pdb	1	1	1	1	1	1	1	1	34
afm_dropout_full_woTemplates_r3_model_2_multimer_v3_pred_51.pdb	1	1	1	1	1	1	1	1	1
afm_dropout_full_woTemplates_r3_model_2_multimer_v3_pred_52.pdb	1	1	1	1	1	1	1	1	1
afm_dropout_full_woTemplates_r3_model_2_multimer_v3_pred_53.pdb	1	1	1	1	1	1	1	1	112
afm_dropout_full_woTemplates_r3_model_2_multimer_v3_pred_54.pdb	1	1	1	1	1	1	1	1	711
afm_dropout_full_woTemplates_r3_model_2_multimer_v3_pred_55.pdb	1	1	1	1	1	1	1	1	34
afm_dropout_full_woTemplates_r3_model_2_multimer_v3_pred_56.pdb	1	1	1	1	1	1	1	1	60
afm_dropout_full_woTemplates_r3_model_2_multimer_v3_pred_57.pdb	1	1	1	1	1	1	1	1	712
afm_dropout_full_woTemplates_r3_model_2_multimer_v3_pred_58.pdb	1	1	1	1	1	1	1	1	34
afm_dropout_full_woTemplates_r3_model_2_multimer_v3_pred_59.pdb	1	1	1	1	1	1	1	1	34
afm_dropout_full_woTemplates_r3_model_2_multimer_v3_pred_6.pdb	1	1	1	1	1	1	1	1	713
afm_dropout_full_woTemplates_r3_model_2_multimer_v3_pred_60.pdb	1	1	1	1	1	1	1	1	196
afm_dropout_full_woTemplates_r3_model_2_multimer_v3_pred_61.pdb	1	1	1	1	1	1	1	1	197
afm_dropout_full_woTemplates_r3_model_2_multimer_v3_pred_62.pdb	1	1	1	1	1	1	1	1	43
afm_dropout_full_woTemplates_r3_model_2_multimer_v3_pred_63.pdb	1	1	1	1	1	1	1	1	60
afm_dropout_full_woTemplates_r3_model_2_multimer_v3_pred_64.pdb	1	1	1	1	1	1	1	1	148
afm_dropout_full_woTemplates_r3_model_2_multimer_v3_pred_65.pdb	1	1	1	1	1	1	1	1	154
afm_dropout_full_woTemplates_r3_model_2_multimer_v3_pred_66.pdb	1	1	1	1	1	1	1	1	43
afm_dropout_full_woTemplates_r3_model_2_multimer_v3_pred_7.pdb	1	1	1	1	1	1	1	1	197
afm_dropout_full_woTemplates_r3_model_2_multimer_v3_pred_8.pdb	1	1	1	1	1	1	1	1	1
afm_dropout_full_woTemplates_r3_model_2_multimer_v3_pred_9.pdb	1	1	1	1	1	1	1	1	34
afm_dropout_full_woTemplates_r3_model_3_multimer_v1_pred_0.pdb	1	1	1	1	1	1	1	256	714
afm_dropout_full_woTemplates_r3_model_3_multimer_v1_pred_1.pdb	1	2	1	1	1	1	12	257	715
afm_dropout_full_woTemplates_r3_model_3_multimer_v1_pred_10.pdb	1	1	1	1	1	7	151	258	716
afm_dropout_full_woTemplates_r3_model_3_multimer_v1_pred_11.pdb	1	1	1	1	1	1	2	259	717
afm_dropout_full_woTemplates_r3_model_3_multimer_v1_pred_12.pdb	1	1	1	1	1	1	2	260	718
afm_dropout_full_woTemplates_r3_model_3_multimer_v1_pred_13.pdb	1	1	1	1	1	1	1	2	719
afm_dropout_full_woTemplates_r3_model_3_multimer_v1_pred_14.pdb	1	1	1	1	1	1	1	261	720
afm_dropout_full_woTemplates_r3_model_3_multimer_v1_pred_15.pdb	1	2	1	1	1	1	27	262	721
afm_dropout_full_woTemplates_r3_model_3_multimer_v1_pred_16.pdb	1	1	1	1	1	1	2	61	722
afm_dropout_full_woTemplates_r3_model_3_multimer_v1_pred_17.pdb	1	1	1	1	1	1	1	62	723
afm_dropout_full_woTemplates_r3_model_3_multimer_v1_pred_18.pdb	1	1	1	1	1	1	1	263	724
afm_dropout_full_woTemplates_r3_model_3_multimer_v1_pred_19.pdb	1	1	1	1	1	1	1	264	725
afm_dropout_full_woTemplates_r3_model_3_multimer_v1_pred_2.pdb	1	1	1	1	1	1	1	2	726
afm_dropout_full_woTemplates_r3_model_3_multimer_v1_pred_20.pdb	1	1	1	1	1	1	1	47	727
afm_dropout_full_woTemplates_r3_model_3_multimer_v1_pred_21.pdb	1	2	1	1	1	7	152	265	728
afm_dropout_full_woTemplates_r3_model_3_multimer_v1_pred_22.pdb	1	1	1	1	1	1	1	266	729
afm_dropout_full_woTemplates_r3_model_3_multimer_v1_pred_23.pdb	1	1	1	1	1	1	1	267	730
afm_dropout_full_woTemplates_r3_model_3_multimer_v1_pred_24.pdb	1	1	1	1	1	1	1	268	731
afm_dropout_full_woTemplates_r3_model_3_multimer_v1_pred_25.pdb	1	2	1	1	1	30	12	269	732
afm_dropout_full_woTemplates_r3_model_3_multimer_v1_pred_26.pdb	1	2	1	1	1	19	153	270	733
afm_dropout_full_woTemplates_r3_model_3_multimer_v1_pred_27.pdb	1	2	1	1	55	93	154	271	734
afm_dropout_full_woTemplates_r3_model_3_multimer_v1_pred_28.pdb	1	1	1	1	1	7	155	272	735
afm_dropout_full_woTemplates_r3_model_3_multimer_v1_pred_29.pdb	1	1	1	1	1	1	1	273	736
afm_dropout_full_woTemplates_r3_model_3_multimer_v1_pred_3.pdb	1	1	1	1	1	1	2	29	737
afm_dropout_full_woTemplates_r3_model_3_multimer_v1_pred_30.pdb	1	1	1	1	1	1	1	2	738
afm_dropout_full_woTemplates_r3_model_3_multimer_v1_pred_31.pdb	1	2	1	1	1	1	156	274	739
afm_dropout_full_woTemplates_r3_model_3_multimer_v1_pred_32.pdb	1	1	1	1	1	7	157	275	740
afm_dropout_full_woTemplates_r3_model_3_multimer_v1_pred_33.pdb	1	2	1	1	1	1	27	276	741
afm_dropout_full_woTemplates_r3_model_3_multimer_v1_pred_34.pdb	1	1	1	1	1	1	1	277	742
afm_dropout_full_woTemplates_r3_model_3_multimer_v1_pred_35.pdb	1	2	1	1	1	1	41	278	743
afm_dropout_full_woTemplates_r3_model_3_multimer_v1_pred_36.pdb	1	1	1	1	1	1	1	279	744
afm_dropout_full_woTemplates_r3_model_3_multimer_v1_pred_37.pdb	1	1	1	1	1	1	2	280	745
afm_dropout_full_woTemplates_r3_model_3_multimer_v1_pred_38.pdb	1	1	1	1	1	1	1	5	746
afm_dropout_full_woTemplates_r3_model_3_multimer_v1_pred_39.pdb	1	1	1	1	1	1	12	281	747
afm_dropout_full_woTemplates_r3_model_3_multimer_v1_pred_4.pdb	1	1	1	1	1	1	1	47	748
afm_dropout_full_woTemplates_r3_model_3_multimer_v1_pred_40.pdb	1	1	1	1	1	1	1	62	749
afm_dropout_full_woTemplates_r3_model_3_multimer_v1_pred_41.pdb	1	1	1	1	1	1	1	2	750
afm_dropout_full_woTemplates_r3_model_3_multimer_v1_pred_42.pdb	1	2	1	1	1	30	27	282	751
afm_dropout_full_woTemplates_r3_model_3_multimer_v1_pred_43.pdb	1	1	1	1	1	1	1	5	752
afm_dropout_full_woTemplates_r3_model_3_multimer_v1_pred_44.pdb	1	1	1	1	1	1	158	283	753
afm_dropout_full_woTemplates_r3_model_3_multimer_v1_pred_45.pdb	1	1	1	1	1	1	2	284	754
afm_dropout_full_woTemplates_r3_model_3_multimer_v1_pred_46.pdb	1	1	1	1	1	7	41	285	755
afm_dropout_full_woTemplates_r3_model_3_multimer_v1_pred_47.pdb	1	1	2	2	4	94	159	286	756
afm_dropout_full_woTemplates_r3_model_3_multimer_v1_pred_48.pdb	1	1	2	2	4	95	160	287	757
afm_dropout_full_woTemplates_r3_model_3_multimer_v1_pred_49.pdb	1	1	1	1	1	1	1	288	758
afm_dropout_full_woTemplates_r3_model_3_multimer_v1_pred_5.pdb	1	1	1	1	1	1	1	2	759
afm_dropout_full_woTemplates_r3_model_3_multimer_v1_pred_50.pdb	1	1	1	1	1	1	2	289	760
afm_dropout_full_woTemplates_r3_model_3_multimer_v1_pred_51.pdb	1	1	1	1	1	1	1	5	761
afm_dropout_full_woTemplates_r3_model_3_multimer_v1_pred_52.pdb	1	2	1	1	1	1	12	61	762
afm_dropout_full_woTemplates_r3_model_3_multimer_v1_pred_53.pdb	1	1	1	1	1	1	1	5	763
afm_dropout_full_woTemplates_r3_model_3_multimer_v1_pred_54.pdb	1	1	1	1	1	1	2	3	764
afm_dropout_full_woTemplates_r3_model_3_multimer_v1_pred_55.pdb	1	1	2	2	4	96	161	290	765
afm_dropout_full_woTemplates_r3_model_3_multimer_v1_pred_56.pdb	1	1	1	1	1	1	1	35	766
afm_dropout_full_woTemplates_r3_model_3_multimer_v1_pred_57.pdb	1	1	1	1	1	1	1	291	767
afm_dropout_full_woTemplates_r3_model_3_multimer_v1_pred_58.pdb	1	1	1	1	1	1	162	292	768
afm_dropout_full_woTemplates_r3_model_3_multimer_v1_pred_59.pdb	1	1	2	2	4	4	163	293	769
afm_dropout_full_woTemplates_r3_model_3_multimer_v1_pred_6.pdb	1	1	1	1	1	1	1	35	770
afm_dropout_full_woTemplates_r3_model_3_multimer_v1_pred_60.pdb	1	1	1	1	1	1	2	294	771
afm_dropout_full_woTemplates_r3_model_3_multimer_v1_pred_61.pdb	1	1	1	1	1	1	2	295	772
afm_dropout_full_woTemplates_r3_model_3_multimer_v1_pred_62.pdb	1	1	1	1	1	1	1	19	773
afm_dropout_full_woTemplates_r3_model_3_multimer_v1_pred_63.pdb	1	1	1	1	1	1	12	296	774
afm_dropout_full_woTemplates_r3_model_3_multimer_v1_pred_64.pdb	1	1	1	1	1	1	1	5	775
afm_dropout_full_woTemplates_r3_model_3_multimer_v1_pred_65.pdb	1	1	1	1	1	1	1	35	776
afm_dropout_full_woTemplates_r3_model_3_multimer_v1_pred_66.pdb	1	1	1	1	1	1	2	297	777
afm_dropout_full_woTemplates_r3_model_3_multimer_v1_pred_7.pdb	1	1	2	2	4	97	164	298	778
afm_dropout_full_woTemplates_r3_model_3_multimer_v1_pred_8.pdb	1	1	2	2	4	98	165	299	779
afm_dropout_full_woTemplates_r3_model_3_multimer_v1_pred_9.pdb	2	2	1	4	6	10	166	300	780
afm_dropout_full_woTemplates_r3_model_3_multimer_v2_pred_0.pdb	1	1	1	1	1	6	10	301	781
afm_dropout_full_woTemplates_r3_model_3_multimer_v2_pred_1.pdb	1	1	1	1	1	1	1	1	155
afm_dropout_full_woTemplates_r3_model_3_multimer_v2_pred_10.pdb	1	1	1	1	1	1	1	1	88
afm_dropout_full_woTemplates_r3_model_3_multimer_v2_pred_11.pdb	1	1	1	1	1	1	1	1	14
afm_dropout_full_woTemplates_r3_model_3_multimer_v2_pred_12.pdb	1	1	1	1	1	1	1	4	128
afm_dropout_full_woTemplates_r3_model_3_multimer_v2_pred_13.pdb	1	1	1	1	1	1	1	1	14
afm_dropout_full_woTemplates_r3_model_3_multimer_v2_pred_14.pdb	1	1	1	1	1	1	7	10	782
afm_dropout_full_woTemplates_r3_model_3_multimer_v2_pred_15.pdb	1	1	1	1	1	1	1	4	783
afm_dropout_full_woTemplates_r3_model_3_multimer_v2_pred_16.pdb	1	1	1	1	1	1	1	1	14
afm_dropout_full_woTemplates_r3_model_3_multimer_v2_pred_17.pdb	1	1	2	3	3	16	167	302	784
afm_dropout_full_woTemplates_r3_model_3_multimer_v2_pred_18.pdb	1	1	1	1	1	1	1	1	88
afm_dropout_full_woTemplates_r3_model_3_multimer_v2_pred_19.pdb	1	1	1	1	1	1	1	1	14
afm_dropout_full_woTemplates_r3_model_3_multimer_v2_pred_2.pdb	1	1	1	1	1	1	1	1	63
afm_dropout_full_woTemplates_r3_model_3_multimer_v2_pred_20.pdb	1	1	1	1	1	1	1	1	57
afm_dropout_full_woTemplates_r3_model_3_multimer_v2_pred_21.pdb	1	1	1	1	1	1	1	1	785
afm_dropout_full_woTemplates_r3_model_3_multimer_v2_pred_22.pdb	1	1	1	1	1	1	1	4	128
afm_dropout_full_woTemplates_r3_model_3_multimer_v2_pred_23.pdb	1	1	1	1	1	1	1	1	786
afm_dropout_full_woTemplates_r3_model_3_multimer_v2_pred_24.pdb	1	1	1	1	1	1	1	1	63
afm_dropout_full_woTemplates_r3_model_3_multimer_v2_pred_25.pdb	1	1	1	1	1	1	1	1	14
afm_dropout_full_woTemplates_r3_model_3_multimer_v2_pred_26.pdb	1	1	1	1	1	1	1	21	787
afm_dropout_full_woTemplates_r3_model_3_multimer_v2_pred_27.pdb	1	1	1	1	1	1	1	1	155
afm_dropout_full_woTemplates_r3_model_3_multimer_v2_pred_28.pdb	1	1	1	1	1	1	1	4	788
afm_dropout_full_woTemplates_r3_model_3_multimer_v2_pred_29.pdb	1	1	1	1	1	1	1	4	128
afm_dropout_full_woTemplates_r3_model_3_multimer_v2_pred_3.pdb	1	1	1	1	1	1	1	23	789
afm_dropout_full_woTemplates_r3_model_3_multimer_v2_pred_30.pdb	1	1	1	1	1	1	1	1	790
afm_dropout_full_woTemplates_r3_model_3_multimer_v2_pred_31.pdb	1	1	1	1	1	1	1	21	791
afm_dropout_full_woTemplates_r3_model_3_multimer_v2_pred_32.pdb	1	1	1	1	1	1	1	1	14
afm_dropout_full_woTemplates_r3_model_3_multimer_v2_pred_33.pdb	1	1	1	1	1	1	1	1	14
afm_dropout_full_woTemplates_r3_model_3_multimer_v2_pred_34.pdb	1	1	1	1	1	1	1	1	14
afm_dropout_full_woTemplates_r3_model_3_multimer_v2_pred_35.pdb	1	1	1	1	1	1	1	23	128
afm_dropout_full_woTemplates_r3_model_3_multimer_v2_pred_36.pdb	1	1	1	1	1	1	1	1	49
afm_dropout_full_woTemplates_r3_model_3_multimer_v2_pred_37.pdb	1	1	1	1	1	1	1	1	63
afm_dropout_full_woTemplates_r3_model_3_multimer_v2_pred_38.pdb	1	1	1	1	1	1	1	1	88
afm_dropout_full_woTemplates_r3_model_3_multimer_v2_pred_39.pdb	1	1	1	1	1	1	1	1	49
afm_dropout_full_woTemplates_r3_model_3_multimer_v2_pred_4.pdb	1	1	1	1	1	1	1	1	14
afm_dropout_full_woTemplates_r3_model_3_multimer_v2_pred_40.pdb	1	1	1	1	1	1	1	1	198
afm_dropout_full_woTemplates_r3_model_3_multimer_v2_pred_41.pdb	1	1	2	3	3	16	168	303	792
afm_dropout_full_woTemplates_r3_model_3_multimer_v2_pred_42.pdb	1	1	1	1	1	1	1	4	793
afm_dropout_full_woTemplates_r3_model_3_multimer_v2_pred_43.pdb	1	1	1	1	1	1	1	1	794
afm_dropout_full_woTemplates_r3_model_3_multimer_v2_pred_44.pdb	1	1	1	1	1	1	1	1	795
afm_dropout_full_woTemplates_r3_model_3_multimer_v2_pred_45.pdb	1	1	2	3	3	14	42	304	796
afm_dropout_full_woTemplates_r3_model_3_multimer_v2_pred_46.pdb	1	1	1	1	1	1	7	23	797
afm_dropout_full_woTemplates_r3_model_3_multimer_v2_pred_47.pdb	1	1	1	1	1	1	1	1	798
afm_dropout_full_woTemplates_r3_model_3_multimer_v2_pred_48.pdb	1	1	1	1	1	1	1	1	49
afm_dropout_full_woTemplates_r3_model_3_multimer_v2_pred_49.pdb	1	1	1	1	1	1	1	1	799
afm_dropout_full_woTemplates_r3_model_3_multimer_v2_pred_5.pdb	1	1	1	1	1	1	1	21	800
afm_dropout_full_woTemplates_r3_model_3_multimer_v2_pred_50.pdb	1	1	1	1	1	1	1	1	88
afm_dropout_full_woTemplates_r3_model_3_multimer_v2_pred_51.pdb	1	1	1	1	1	1	1	4	128
afm_dropout_full_woTemplates_r3_model_3_multimer_v2_pred_52.pdb	1	1	1	1	1	1	1	4	49
afm_dropout_full_woTemplates_r3_model_3_multimer_v2_pred_53.pdb	1	1	1	1	1	1	1	1	155
afm_dropout_full_woTemplates_r3_model_3_multimer_v2_pred_54.pdb	1	1	1	1	1	6	1	23	801
afm_dropout_full_woTemplates_r3_model_3_multimer_v2_pred_55.pdb	1	1	1	1	1	1	1	1	14
afm_dropout_full_woTemplates_r3_model_3_multimer_v2_pred_56.pdb	1	1	1	1	1	1	1	1	63
afm_dropout_full_woTemplates_r3_model_3_multimer_v2_pred_57.pdb	1	1	1	1	1	6	169	305	802
afm_dropout_full_woTemplates_r3_model_3_multimer_v2_pred_58.pdb	1	1	1	1	1	1	1	1	49
afm_dropout_full_woTemplates_r3_model_3_multimer_v2_pred_59.pdb	1	1	1	1	1	1	1	10	803
afm_dropout_full_woTemplates_r3_model_3_multimer_v2_pred_6.pdb	1	1	2	3	3	17	170	306	804
afm_dropout_full_woTemplates_r3_model_3_multimer_v2_pred_60.pdb	1	1	1	1	1	1	1	1	88
afm_dropout_full_woTemplates_r3_model_3_multimer_v2_pred_61.pdb	1	1	2	3	3	3	42	307	805
afm_dropout_full_woTemplates_r3_model_3_multimer_v2_pred_62.pdb	1	1	1	1	1	1	1	1	199
afm_dropout_full_woTemplates_r3_model_3_multimer_v2_pred_63.pdb	1	1	1	1	1	1	1	1	63
afm_dropout_full_woTemplates_r3_model_3_multimer_v2_pred_64.pdb	1	1	1	1	1	1	1	21	806
afm_dropout_full_woTemplates_r3_model_3_multimer_v2_pred_65.pdb	1	1	1	1	1	1	1	1	14
afm_dropout_full_woTemplates_r3_model_3_multimer_v2_pred_66.pdb	1	1	1	1	1	1	1	1	63
afm_dropout_full_woTemplates_r3_model_3_multimer_v2_pred_7.pdb	1	1	1	1	1	1	1	4	199
afm_dropout_full_woTemplates_r3_model_3_multimer_v2_pred_8.pdb	1	1	1	1	1	1	1	1	63
afm_dropout_full_woTemplates_r3_model_3_multimer_v2_pred_9.pdb	1	1	1	1	1	1	1	1	14
afm_dropout_full_woTemplates_r3_model_3_multimer_v3_pred_0.pdb	1	1	1	1	1	1	1	1	807
afm_dropout_full_woTemplates_r3_model_3_multimer_v3_pred_1.pdb	1	1	1	1	1	1	1	1	3
afm_dropout_full_woTemplates_r3_model_3_multimer_v3_pred_10.pdb	1	1	2	3	12	99	171	308	808
afm_dropout_full_woTemplates_r3_model_3_multimer_v3_pred_11.pdb	1	1	1	1	1	1	1	1	113
afm_dropout_full_woTemplates_r3_model_3_multimer_v3_pred_12.pdb	1	1	1	1	1	1	1	1	809
afm_dropout_full_woTemplates_r3_model_3_multimer_v3_pred_13.pdb	1	1	1	1	1	1	1	1	200
afm_dropout_full_woTemplates_r3_model_3_multimer_v3_pred_14.pdb	1	1	1	1	1	1	1	1	810
afm_dropout_full_woTemplates_r3_model_3_multimer_v3_pred_15.pdb	1	1	1	1	1	1	1	1	3
afm_dropout_full_woTemplates_r3_model_3_multimer_v3_pred_16.pdb	1	1	1	1	1	1	1	17	811
afm_dropout_full_woTemplates_r3_model_3_multimer_v3_pred_17.pdb	1	1	1	1	1	1	1	1	812
afm_dropout_full_woTemplates_r3_model_3_multimer_v3_pred_18.pdb	1	1	1	1	1	1	1	1	113
afm_dropout_full_woTemplates_r3_model_3_multimer_v3_pred_19.pdb	1	1	1	1	1	1	1	1	113
afm_dropout_full_woTemplates_r3_model_3_multimer_v3_pred_2.pdb	1	1	1	1	1	1	1	1	813
afm_dropout_full_woTemplates_r3_model_3_multimer_v3_pred_20.pdb	1	1	1	1	1	1	1	1	113
afm_dropout_full_woTemplates_r3_model_3_multimer_v3_pred_21.pdb	1	1	1	1	1	1	1	1	3
afm_dropout_full_woTemplates_r3_model_3_multimer_v3_pred_22.pdb	1	1	1	1	1	1	1	1	3
afm_dropout_full_woTemplates_r3_model_3_multimer_v3_pred_23.pdb	1	1	1	1	1	1	1	1	3
afm_dropout_full_woTemplates_r3_model_3_multimer_v3_pred_24.pdb	1	1	1	1	1	1	1	1	76
afm_dropout_full_woTemplates_r3_model_3_multimer_v3_pred_25.pdb	1	1	1	1	1	1	1	1	3
afm_dropout_full_woTemplates_r3_model_3_multimer_v3_pred_26.pdb	1	1	1	1	1	1	1	1	3
afm_dropout_full_woTemplates_r3_model_3_multimer_v3_pred_27.pdb	1	1	1	1	1	1	1	1	3
afm_dropout_full_woTemplates_r3_model_3_multimer_v3_pred_28.pdb	1	1	1	1	1	6	10	309	814
afm_dropout_full_woTemplates_r3_model_3_multimer_v3_pred_29.pdb	1	1	1	1	1	1	1	1	815
afm_dropout_full_woTemplates_r3_model_3_multimer_v3_pred_3.pdb	1	1	2	3	9	100	172	310	816
afm_dropout_full_woTemplates_r3_model_3_multimer_v3_pred_30.pdb	1	1	1	1	1	1	1	1	3
afm_dropout_full_woTemplates_r3_model_3_multimer_v3_pred_31.pdb	1	1	1	1	1	1	1	1	3
afm_dropout_full_woTemplates_r3_model_3_multimer_v3_pred_32.pdb	1	1	1	1	1	1	1	1	200
afm_dropout_full_woTemplates_r3_model_3_multimer_v3_pred_33.pdb	1	1	2	3	9	31	173	311	817
afm_dropout_full_woTemplates_r3_model_3_multimer_v3_pred_34.pdb	1	1	1	1	1	1	1	1	3
afm_dropout_full_woTemplates_r3_model_3_multimer_v3_pred_35.pdb	1	1	1	1	1	1	1	1	3
afm_dropout_full_woTemplates_r3_model_3_multimer_v3_pred_36.pdb	1	1	2	2	3	17	174	312	818
afm_dropout_full_woTemplates_r3_model_3_multimer_v3_pred_37.pdb	1	1	1	1	1	1	1	1	3
afm_dropout_full_woTemplates_r3_model_3_multimer_v3_pred_38.pdb	1	1	1	1	1	1	1	17	819
afm_dropout_full_woTemplates_r3_model_3_multimer_v3_pred_39.pdb	1	1	1	1	1	6	10	313	820
afm_dropout_full_woTemplates_r3_model_3_multimer_v3_pred_4.pdb	1	1	1	1	1	1	1	1	3
afm_dropout_full_woTemplates_r3_model_3_multimer_v3_pred_40.pdb	1	1	1	1	1	1	1	1	3
afm_dropout_full_woTemplates_r3_model_3_multimer_v3_pred_41.pdb	1	1	1	1	1	1	1	1	821
afm_dropout_full_woTemplates_r3_model_3_multimer_v3_pred_42.pdb	1	1	1	1	1	1	1	1	52
afm_dropout_full_woTemplates_r3_model_3_multimer_v3_pred_43.pdb	1	1	1	1	1	1	7	314	822
afm_dropout_full_woTemplates_r3_model_3_multimer_v3_pred_44.pdb	1	1	1	1	1	1	1	1	3
afm_dropout_full_woTemplates_r3_model_3_multimer_v3_pred_45.pdb	1	1	1	1	1	1	1	1	3
afm_dropout_full_woTemplates_r3_model_3_multimer_v3_pred_46.pdb	1	1	1	1	1	1	1	1	201
afm_dropout_full_woTemplates_r3_model_3_multimer_v3_pred_47.pdb	1	1	1	1	1	1	1	17	823
afm_dropout_full_woTemplates_r3_model_3_multimer_v3_pred_48.pdb	1	1	1	1	1	1	1	1	201
afm_dropout_full_woTemplates_r3_model_3_multimer_v3_pred_49.pdb	1	1	1	1	1	1	1	1	52
afm_dropout_full_woTemplates_r3_model_3_multimer_v3_pred_5.pdb	1	1	1	1	1	1	1	1	52
afm_dropout_full_woTemplates_r3_model_3_multimer_v3_pred_50.pdb	1	1	1	1	1	1	1	1	824
afm_dropout_full_woTemplates_r3_model_3_multimer_v3_pred_51.pdb	1	1	1	1	1	1	1	1	3
afm_dropout_full_woTemplates_r3_model_3_multimer_v3_pred_52.pdb	1	1	1	1	1	1	1	1	3
afm_dropout_full_woTemplates_r3_model_3_multimer_v3_pred_53.pdb	1	1	2	3	9	101	175	315	825
afm_dropout_full_woTemplates_r3_model_3_multimer_v3_pred_54.pdb	1	1	1	1	1	1	1	1	826
afm_dropout_full_woTemplates_r3_model_3_multimer_v3_pred_55.pdb	1	1	1	1	1	1	1	1	3
afm_dropout_full_woTemplates_r3_model_3_multimer_v3_pred_56.pdb	1	1	1	1	1	1	1	1	113
afm_dropout_full_woTemplates_r3_model_3_multimer_v3_pred_57.pdb	1	1	1	1	1	1	1	1	827
afm_dropout_full_woTemplates_r3_model_3_multimer_v3_pred_58.pdb	1	1	2	3	9	31	176	316	828
afm_dropout_full_woTemplates_r3_model_3_multimer_v3_pred_59.pdb	1	1	1	1	1	1	1	1	829
afm_dropout_full_woTemplates_r3_model_3_multimer_v3_pred_6.pdb	1	1	1	1	1	1	1	1	3
afm_dropout_full_woTemplates_r3_model_3_multimer_v3_pred_60.pdb	1	1	1	1	1	1	1	1	3
afm_dropout_full_woTemplates_r3_model_3_multimer_v3_pred_61.pdb	1	1	1	1	1	1	1	1	3
afm_dropout_full_woTemplates_r3_model_3_multimer_v3_pred_62.pdb	1	1	1	1	1	1	1	1	3
afm_dropout_full_woTemplates_r3_model_3_multimer_v3_pred_63.pdb	1	1	1	1	1	1	1	1	3
afm_dropout_full_woTemplates_r3_model_3_multimer_v3_pred_64.pdb	1	1	1	1	1	1	1	1	113
afm_dropout_full_woTemplates_r3_model_3_multimer_v3_pred_65.pdb	1	1	1	1	1	1	1	1	3
afm_dropout_full_woTemplates_r3_model_3_multimer_v3_pred_66.pdb	1	1	1	1	1	1	1	1	3
afm_dropout_full_woTemplates_r3_model_3_multimer_v3_pred_7.pdb	1	1	1	1	1	1	1	1	3
afm_dropout_full_woTemplates_r3_model_3_multimer_v3_pred_8.pdb	1	1	1	1	1	1	1	1	830
afm_dropout_full_woTemplates_r3_model_3_multimer_v3_pred_9.pdb	1	1	1	1	1	1	1	1	3
afm_dropout_full_woTemplates_r3_model_4_multimer_v1_pred_0.pdb	1	1	2	7	56	102	177	317	831
afm_dropout_full_woTemplates_r3_model_4_multimer_v1_pred_1.pdb	1	1	2	2	2	4	178	318	832
afm_dropout_full_woTemplates_r3_model_4_multimer_v1_pred_10.pdb	1	1	1	1	1	1	2	319	833
afm_dropout_full_woTemplates_r3_model_4_multimer_v1_pred_11.pdb	1	1	1	1	1	1	1	320	834
afm_dropout_full_woTemplates_r3_model_4_multimer_v1_pred_12.pdb	4	6	11	42	57	103	179	321	835
afm_dropout_full_woTemplates_r3_model_4_multimer_v1_pred_13.pdb	1	1	1	1	1	1	1	19	836
afm_dropout_full_woTemplates_r3_model_4_multimer_v1_pred_14.pdb	1	1	1	1	1	1	180	322	837
afm_dropout_full_woTemplates_r3_model_4_multimer_v1_pred_15.pdb	1	1	1	1	1	1	1	5	838
afm_dropout_full_woTemplates_r3_model_4_multimer_v1_pred_16.pdb	1	1	2	2	4	4	35	323	839
afm_dropout_full_woTemplates_r3_model_4_multimer_v1_pred_17.pdb	1	4	32	43	58	104	181	324	840
afm_dropout_full_woTemplates_r3_model_4_multimer_v1_pred_18.pdb	1	1	2	2	2	2	5	325	841
afm_dropout_full_woTemplates_r3_model_4_multimer_v1_pred_19.pdb	1	1	1	1	1	1	1	19	842
afm_dropout_full_woTemplates_r3_model_4_multimer_v1_pred_2.pdb	1	1	2	2	2	4	182	326	843
afm_dropout_full_woTemplates_r3_model_4_multimer_v1_pred_20.pdb	1	1	1	1	1	1	2	3	844
afm_dropout_full_woTemplates_r3_model_4_multimer_v1_pred_21.pdb	1	1	1	1	1	1	2	63	845
afm_dropout_full_woTemplates_r3_model_4_multimer_v1_pred_22.pdb	4	6	11	44	59	105	183	327	846
afm_dropout_full_woTemplates_r3_model_4_multimer_v1_pred_23.pdb	1	1	2	2	2	32	184	328	847
afm_dropout_full_woTemplates_r3_model_4_multimer_v1_pred_24.pdb	1	1	1	1	1	1	2	36	848
afm_dropout_full_woTemplates_r3_model_4_multimer_v1_pred_25.pdb	1	1	2	2	8	106	185	329	849
afm_dropout_full_woTemplates_r3_model_4_multimer_v1_pred_26.pdb	1	1	1	1	1	1	2	330	850
afm_dropout_full_woTemplates_r3_model_4_multimer_v1_pred_27.pdb	1	3	4	45	60	107	186	331	851
afm_dropout_full_woTemplates_r3_model_4_multimer_v1_pred_28.pdb	1	1	2	2	2	4	187	332	852
afm_dropout_full_woTemplates_r3_model_4_multimer_v1_pred_29.pdb	1	1	1	1	1	1	1	19	853
afm_dropout_full_woTemplates_r3_model_4_multimer_v1_pred_3.pdb	1	1	1	1	1	1	1	5	854
afm_dropout_full_woTemplates_r3_model_4_multimer_v1_pred_30.pdb	1	1	1	1	1	1	1	2	855
afm_dropout_full_woTemplates_r3_model_4_multimer_v1_pred_31.pdb	1	3	12	46	61	108	188	333	856
afm_dropout_full_woTemplates_r3_model_4_multimer_v1_pred_32.pdb	1	1	1	1	1	1	1	19	857
afm_dropout_full_woTemplates_r3_model_4_multimer_v1_pred_33.pdb	1	1	1	1	1	1	2	63	858
afm_dropout_full_woTemplates_r3_model_4_multimer_v1_pred_34.pdb	1	3	33	47	62	109	189	334	859
afm_dropout_full_woTemplates_r3_model_4_multimer_v1_pred_35.pdb	1	1	2	2	8	110	190	335	860
afm_dropout_full_woTemplates_r3_model_4_multimer_v1_pred_36.pdb	1	1	2	2	8	111	191	336	861
afm_dropout_full_woTemplates_r3_model_4_multimer_v1_pred_37.pdb	1	1	2	2	8	32	192	337	862
afm_dropout_full_woTemplates_r3_model_4_multimer_v1_pred_38.pdb	1	3	6	11	63	112	193	338	863
afm_dropout_full_woTemplates_r3_model_4_multimer_v1_pred_39.pdb	1	3	12	48	64	113	194	339	864
afm_dropout_full_woTemplates_r3_model_4_multimer_v1_pred_4.pdb	1	1	1	1	1	1	1	19	865
afm_dropout_full_woTemplates_r3_model_4_multimer_v1_pred_40.pdb	1	1	1	1	1	1	2	3	866
afm_dropout_full_woTemplates_r3_model_4_multimer_v1_pred_41.pdb	1	1	1	1	1	1	1	2	867
afm_dropout_full_woTemplates_r3_model_4_multimer_v1_pred_42.pdb	1	1	1	1	1	1	1	19	868
afm_dropout_full_woTemplates_r3_model_4_multimer_v1_pred_43.pdb	1	1	1	1	1	1	1	340	869
afm_dropout_full_woTemplates_r3_model_4_multimer_v1_pred_44.pdb	4	9	34	49	65	114	195	341	870
afm_dropout_full_woTemplates_r3_model_4_multimer_v1_pred_45.pdb	1	1	1	1	1	1	2	342	871
afm_dropout_full_woTemplates_r3_model_4_multimer_v1_pred_46.pdb	4	25	35	50	66	115	196	343	872
afm_dropout_full_woTemplates_r3_model_4_multimer_v1_pred_47.pdb	4	9	36	51	67	116	197	344	873
afm_dropout_full_woTemplates_r3_model_4_multimer_v1_pred_48.pdb	1	3	6	11	68	117	198	345	874
afm_dropout_full_woTemplates_r3_model_4_multimer_v1_pred_49.pdb	1	3	4	52	69	118	199	346	875
afm_dropout_full_woTemplates_r3_model_4_multimer_v1_pred_5.pdb	1	1	1	1	1	1	2	347	876
afm_dropout_full_woTemplates_r3_model_4_multimer_v1_pred_50.pdb	1	1	2	2	2	4	200	348	877
afm_dropout_full_woTemplates_r3_model_4_multimer_v1_pred_51.pdb	1	1	2	2	8	119	201	349	878
afm_dropout_full_woTemplates_r3_model_4_multimer_v1_pred_52.pdb	1	3	4	53	70	120	202	350	879
afm_dropout_full_woTemplates_r3_model_4_multimer_v1_pred_53.pdb	4	26	37	54	71	121	203	351	880
afm_dropout_full_woTemplates_r3_model_4_multimer_v1_pred_54.pdb	1	27	38	55	72	122	204	352	881
afm_dropout_full_woTemplates_r3_model_4_multimer_v1_pred_55.pdb	4	28	39	56	73	123	205	353	882
afm_dropout_full_woTemplates_r3_model_4_multimer_v1_pred_56.pdb	1	1	1	1	1	1	1	3	883
afm_dropout_full_woTemplates_r3_model_4_multimer_v1_pred_57.pdb	1	1	1	1	1	1	1	2	884
afm_dropout_full_woTemplates_r3_model_4_multimer_v1_pred_58.pdb	1	1	1	1	1	1	2	3	885
afm_dropout_full_woTemplates_r3_model_4_multimer_v1_pred_59.pdb	1	1	1	1	1	1	1	5	886
afm_dropout_full_woTemplates_r3_model_4_multimer_v1_pred_6.pdb	1	1	1	1	1	1	1	19	887
afm_dropout_full_woTemplates_r3_model_4_multimer_v1_pred_60.pdb	6	5	40	57	74	124	206	354	888
afm_dropout_full_woTemplates_r3_model_4_multimer_v1_pred_61.pdb	1	1	2	2	2	4	207	355	889
afm_dropout_full_woTemplates_r3_model_4_multimer_v1_pred_62.pdb	1	3	41	58	75	125	208	356	890
afm_dropout_full_woTemplates_r3_model_4_multimer_v1_pred_63.pdb	1	1	1	1	1	1	209	357	891
afm_dropout_full_woTemplates_r3_model_4_multimer_v1_pred_64.pdb	1	1	1	1	1	1	2	3	892
afm_dropout_full_woTemplates_r3_model_4_multimer_v1_pred_65.pdb	1	1	1	1	1	1	2	358	893
afm_dropout_full_woTemplates_r3_model_4_multimer_v1_pred_66.pdb	1	1	1	1	1	1	1	5	894
afm_dropout_full_woTemplates_r3_model_4_multimer_v1_pred_7.pdb	1	3	4	59	76	126	210	359	895
afm_dropout_full_woTemplates_r3_model_4_multimer_v1_pred_8.pdb	1	2	1	1	1	7	211	360	896
afm_dropout_full_woTemplates_r3_model_4_multimer_v1_pred_9.pdb	4	29	42	60	77	127	212	361	897
afm_dropout_full_woTemplates_r3_model_4_multimer_v2_pred_0.pdb	1	1	1	1	1	1	1	1	58
afm_dropout_full_woTemplates_r3_model_4_multimer_v2_pred_1.pdb	1	1	2	3	3	128	213	362	898
afm_dropout_full_woTemplates_r3_model_4_multimer_v2_pred_10.pdb	1	1	1	1	1	1	1	1	100
afm_dropout_full_woTemplates_r3_model_4_multimer_v2_pred_11.pdb	1	1	1	1	1	1	1	1	202
afm_dropout_full_woTemplates_r3_model_4_multimer_v2_pred_12.pdb	1	1	1	1	1	1	1	4	899
afm_dropout_full_woTemplates_r3_model_4_multimer_v2_pred_13.pdb	1	1	1	1	1	1	1	1	203
afm_dropout_full_woTemplates_r3_model_4_multimer_v2_pred_14.pdb	1	1	1	1	1	1	1	4	900
afm_dropout_full_woTemplates_r3_model_4_multimer_v2_pred_15.pdb	1	1	1	1	1	1	1	4	901
afm_dropout_full_woTemplates_r3_model_4_multimer_v2_pred_16.pdb	1	1	1	1	1	1	1	1	58
afm_dropout_full_woTemplates_r3_model_4_multimer_v2_pred_17.pdb	1	1	1	1	1	1	1	1	9
afm_dropout_full_woTemplates_r3_model_4_multimer_v2_pred_18.pdb	1	1	1	1	1	1	1	4	902
afm_dropout_full_woTemplates_r3_model_4_multimer_v2_pred_19.pdb	1	1	1	1	1	6	10	27	903
afm_dropout_full_woTemplates_r3_model_4_multimer_v2_pred_2.pdb	1	1	1	1	1	1	1	1	204
afm_dropout_full_woTemplates_r3_model_4_multimer_v2_pred_20.pdb	1	1	1	1	1	1	1	1	904
afm_dropout_full_woTemplates_r3_model_4_multimer_v2_pred_21.pdb	1	1	1	1	1	1	1	4	905
afm_dropout_full_woTemplates_r3_model_4_multimer_v2_pred_22.pdb	1	1	1	1	1	1	1	4	906
afm_dropout_full_woTemplates_r3_model_4_multimer_v2_pred_23.pdb	1	1	1	1	1	1	1	1	58
afm_dropout_full_woTemplates_r3_model_4_multimer_v2_pred_24.pdb	1	1	1	1	1	1	1	1	204
afm_dropout_full_woTemplates_r3_model_4_multimer_v2_pred_25.pdb	1	1	1	1	1	1	10	4	907
afm_dropout_full_woTemplates_r3_model_4_multimer_v2_pred_26.pdb	1	1	1	1	1	1	1	1	100
afm_dropout_full_woTemplates_r3_model_4_multimer_v2_pred_27.pdb	1	1	2	2	3	3	4	363	908
afm_dropout_full_woTemplates_r3_model_4_multimer_v2_pred_28.pdb	1	1	1	1	1	1	1	1	909
afm_dropout_full_woTemplates_r3_model_4_multimer_v2_pred_29.pdb	1	1	1	1	1	1	1	4	910
afm_dropout_full_woTemplates_r3_model_4_multimer_v2_pred_3.pdb	1	1	1	1	1	1	1	1	911
afm_dropout_full_woTemplates_r3_model_4_multimer_v2_pred_30.pdb	1	1	1	1	1	1	1	1	912
afm_dropout_full_woTemplates_r3_model_4_multimer_v2_pred_31.pdb	1	1	1	1	1	6	10	27	913
afm_dropout_full_woTemplates_r3_model_4_multimer_v2_pred_32.pdb	1	1	1	1	1	6	10	364	914
afm_dropout_full_woTemplates_r3_model_4_multimer_v2_pred_33.pdb	1	1	1	1	1	1	1	1	915
afm_dropout_full_woTemplates_r3_model_4_multimer_v2_pred_34.pdb	1	1	1	1	1	1	1	1	916
afm_dropout_full_woTemplates_r3_model_4_multimer_v2_pred_35.pdb	1	1	1	1	1	1	1	1	9
afm_dropout_full_woTemplates_r3_model_4_multimer_v2_pred_36.pdb	1	1	1	1	1	1	1	1	917
afm_dropout_full_woTemplates_r3_model_4_multimer_v2_pred_37.pdb	1	1	1	1	1	1	1	1	918
afm_dropout_full_woTemplates_r3_model_4_multimer_v2_pred_38.pdb	1	1	1	1	1	1	10	27	919
afm_dropout_full_woTemplates_r3_model_4_multimer_v2_pred_39.pdb	1	1	2	3	9	33	214	365	920
afm_dropout_full_woTemplates_r3_model_4_multimer_v2_pred_4.pdb	1	1	1	1	1	1	1	1	921
afm_dropout_full_woTemplates_r3_model_4_multimer_v2_pred_40.pdb	1	1	1	1	1	1	1	1	922
afm_dropout_full_woTemplates_r3_model_4_multimer_v2_pred_41.pdb	1	1	1	1	1	1	1	1	923
afm_dropout_full_woTemplates_r3_model_4_multimer_v2_pred_42.pdb	1	1	1	1	1	1	1	1	924
afm_dropout_full_woTemplates_r3_model_4_multimer_v2_pred_43.pdb	1	1	1	1	1	1	1	4	925
afm_dropout_full_woTemplates_r3_model_4_multimer_v2_pred_44.pdb	1	1	2	2	3	3	24	366	926
afm_dropout_full_woTemplates_r3_model_4_multimer_v2_pred_45.pdb	1	1	1	1	1	1	1	4	927
afm_dropout_full_woTemplates_r3_model_4_multimer_v2_pred_46.pdb	1	1	1	1	1	1	1	1	928
afm_dropout_full_woTemplates_r3_model_4_multimer_v2_pred_47.pdb	1	1	1	1	1	1	1	1	929
afm_dropout_full_woTemplates_r3_model_4_multimer_v2_pred_48.pdb	1	1	1	1	1	1	1	4	930
afm_dropout_full_woTemplates_r3_model_4_multimer_v2_pred_49.pdb	1	1	1	1	1	1	1	1	58
afm_dropout_full_woTemplates_r3_model_4_multimer_v2_pred_5.pdb	1	1	2	3	3	16	215	367	931
afm_dropout_full_woTemplates_r3_model_4_multimer_v2_pred_50.pdb	1	1	1	1	1	1	1	1	932
afm_dropout_full_woTemplates_r3_model_4_multimer_v2_pred_51.pdb	1	1	2	2	3	3	4	368	933
afm_dropout_full_woTemplates_r3_model_4_multimer_v2_pred_52.pdb	1	1	1	1	1	1	1	1	934
afm_dropout_full_woTemplates_r3_model_4_multimer_v2_pred_53.pdb	1	1	1	1	1	1	1	1	935
afm_dropout_full_woTemplates_r3_model_4_multimer_v2_pred_54.pdb	1	1	1	1	1	6	10	369	936
afm_dropout_full_woTemplates_r3_model_4_multimer_v2_pred_55.pdb	1	1	1	1	1	1	1	1	937
afm_dropout_full_woTemplates_r3_model_4_multimer_v2_pred_56.pdb	1	1	1	1	1	1	1	1	9
afm_dropout_full_woTemplates_r3_model_4_multimer_v2_pred_57.pdb	1	1	1	1	1	1	1	4	938
afm_dropout_full_woTemplates_r3_model_4_multimer_v2_pred_58.pdb	1	1	1	1	1	1	1	1	939
afm_dropout_full_woTemplates_r3_model_4_multimer_v2_pred_59.pdb	1	1	2	2	9	14	216	370	940
afm_dropout_full_woTemplates_r3_model_4_multimer_v2_pred_6.pdb	1	1	1	1	1	1	1	1	205
afm_dropout_full_woTemplates_r3_model_4_multimer_v2_pred_60.pdb	1	1	1	1	1	1	7	371	941
afm_dropout_full_woTemplates_r3_model_4_multimer_v2_pred_61.pdb	1	1	1	1	1	1	1	4	942
afm_dropout_full_woTemplates_r3_model_4_multimer_v2_pred_62.pdb	1	1	1	1	1	1	1	1	943
afm_dropout_full_woTemplates_r3_model_4_multimer_v2_pred_63.pdb	1	1	1	1	1	1	1	1	203
afm_dropout_full_woTemplates_r3_model_4_multimer_v2_pred_64.pdb	1	1	2	3	3	3	24	372	944
afm_dropout_full_woTemplates_r3_model_4_multimer_v2_pred_65.pdb	1	1	1	1	1	1	1	1	945
afm_dropout_full_woTemplates_r3_model_4_multimer_v2_pred_66.pdb	1	1	1	1	1	1	1	4	946
afm_dropout_full_woTemplates_r3_model_4_multimer_v2_pred_7.pdb	1	1	1	1	1	1	1	1	947
afm_dropout_full_woTemplates_r3_model_4_multimer_v2_pred_8.pdb	1	1	1	1	1	1	1	1	948
afm_dropout_full_woTemplates_r3_model_4_multimer_v2_pred_9.pdb	1	1	1	1	1	1	1	1	949
afm_dropout_full_woTemplates_r3_model_4_multimer_v3_pred_0.pdb	1	1	1	1	1	1	1	1	2
afm_dropout_full_woTemplates_r3_model_4_multimer_v3_pred_1.pdb	1	1	1	1	1	1	1	1	2
afm_dropout_full_woTemplates_r3_model_4_multimer_v3_pred_10.pdb	1	1	1	1	1	1	1	1	2
afm_dropout_full_woTemplates_r3_model_4_multimer_v3_pred_11.pdb	1	1	1	1	1	1	1	1	2
afm_dropout_full_woTemplates_r3_model_4_multimer_v3_pred_12.pdb	1	1	1	1	1	1	1	1	2
afm_dropout_full_woTemplates_r3_model_4_multimer_v3_pred_13.pdb	1	1	1	1	1	1	1	1	206
afm_dropout_full_woTemplates_r3_model_4_multimer_v3_pred_14.pdb	1	1	1	1	1	1	1	1	2
afm_dropout_full_woTemplates_r3_model_4_multimer_v3_pred_15.pdb	1	1	1	1	1	1	1	1	2
afm_dropout_full_woTemplates_r3_model_4_multimer_v3_pred_16.pdb	1	1	1	1	1	1	1	1	2
afm_dropout_full_woTemplates_r3_model_4_multimer_v3_pred_17.pdb	1	1	1	1	1	1	1	1	2
afm_dropout_full_woTemplates_r3_model_4_multimer_v3_pred_18.pdb	1	1	1	1	1	1	1	1	2
afm_dropout_full_woTemplates_r3_model_4_multimer_v3_pred_19.pdb	1	1	1	1	1	1	1	1	2
afm_dropout_full_woTemplates_r3_model_4_multimer_v3_pred_2.pdb	1	1	1	1	1	1	1	1	2
afm_dropout_full_woTemplates_r3_model_4_multimer_v3_pred_20.pdb	1	1	1	1	1	1	1	1	2
afm_dropout_full_woTemplates_r3_model_4_multimer_v3_pred_21.pdb	1	1	1	1	1	1	1	1	2
afm_dropout_full_woTemplates_r3_model_4_multimer_v3_pred_22.pdb	1	1	1	1	1	1	1	1	129
afm_dropout_full_woTemplates_r3_model_4_multimer_v3_pred_23.pdb	1	1	1	1	1	1	1	1	2
afm_dropout_full_woTemplates_r3_model_4_multimer_v3_pred_24.pdb	1	1	1	1	1	1	1	1	2
afm_dropout_full_woTemplates_r3_model_4_multimer_v3_pred_25.pdb	1	1	1	1	1	1	1	1	2
afm_dropout_full_woTemplates_r3_model_4_multimer_v3_pred_26.pdb	1	1	1	1	1	1	1	1	2
afm_dropout_full_woTemplates_r3_model_4_multimer_v3_pred_27.pdb	1	1	1	1	1	1	1	1	2
afm_dropout_full_woTemplates_r3_model_4_multimer_v3_pred_28.pdb	1	1	1	1	1	1	1	1	2
afm_dropout_full_woTemplates_r3_model_4_multimer_v3_pred_29.pdb	1	1	1	1	1	1	1	1	2
afm_dropout_full_woTemplates_r3_model_4_multimer_v3_pred_3.pdb	1	1	1	1	1	1	1	1	2
afm_dropout_full_woTemplates_r3_model_4_multimer_v3_pred_30.pdb	1	1	1	1	1	1	1	1	2
afm_dropout_full_woTemplates_r3_model_4_multimer_v3_pred_31.pdb	1	1	1	1	1	1	1	1	2
afm_dropout_full_woTemplates_r3_model_4_multimer_v3_pred_32.pdb	1	1	1	1	1	1	7	10	950
afm_dropout_full_woTemplates_r3_model_4_multimer_v3_pred_33.pdb	1	1	1	1	1	1	1	17	951
afm_dropout_full_woTemplates_r3_model_4_multimer_v3_pred_34.pdb	1	1	1	1	1	1	1	1	2
afm_dropout_full_woTemplates_r3_model_4_multimer_v3_pred_35.pdb	1	1	1	1	1	1	1	1	2
afm_dropout_full_woTemplates_r3_model_4_multimer_v3_pred_36.pdb	1	1	1	1	1	1	1	1	2
afm_dropout_full_woTemplates_r3_model_4_multimer_v3_pred_37.pdb	1	1	1	1	1	1	1	1	129
afm_dropout_full_woTemplates_r3_model_4_multimer_v3_pred_38.pdb	1	1	1	1	1	1	1	1	1
afm_dropout_full_woTemplates_r3_model_4_multimer_v3_pred_39.pdb	1	1	1	1	1	1	1	1	2
afm_dropout_full_woTemplates_r3_model_4_multimer_v3_pred_4.pdb	1	1	1	1	1	1	1	1	2
afm_dropout_full_woTemplates_r3_model_4_multimer_v3_pred_40.pdb	1	1	1	1	1	1	1	1	2
afm_dropout_full_woTemplates_r3_model_4_multimer_v3_pred_41.pdb	1	1	1	1	1	1	1	1	2
afm_dropout_full_woTemplates_r3_model_4_multimer_v3_pred_42.pdb	1	1	1	1	1	1	1	1	2
afm_dropout_full_woTemplates_r3_model_4_multimer_v3_pred_43.pdb	1	1	1	1	1	1	1	1	2
afm_dropout_full_woTemplates_r3_model_4_multimer_v3_pred_44.pdb	1	1	1	1	1	1	1	1	2
afm_dropout_full_woTemplates_r3_model_4_multimer_v3_pred_45.pdb	1	1	1	1	1	1	1	1	2
afm_dropout_full_woTemplates_r3_model_4_multimer_v3_pred_46.pdb	1	1	1	1	1	1	1	1	129
afm_dropout_full_woTemplates_r3_model_4_multimer_v3_pred_47.pdb	1	1	1	1	1	1	1	1	2
afm_dropout_full_woTemplates_r3_model_4_multimer_v3_pred_48.pdb	1	1	1	1	1	1	1	1	2
afm_dropout_full_woTemplates_r3_model_4_multimer_v3_pred_49.pdb	1	1	1	1	1	1	1	1	2
afm_dropout_full_woTemplates_r3_model_4_multimer_v3_pred_5.pdb	1	1	1	1	1	1	1	1	2
afm_dropout_full_woTemplates_r3_model_4_multimer_v3_pred_50.pdb	1	1	1	1	1	1	1	1	129
afm_dropout_full_woTemplates_r3_model_4_multimer_v3_pred_51.pdb	1	1	1	1	1	1	1	1	2
afm_dropout_full_woTemplates_r3_model_4_multimer_v3_pred_52.pdb	1	1	1	1	1	1	1	1	2
afm_dropout_full_woTemplates_r3_model_4_multimer_v3_pred_53.pdb	1	1	1	1	1	1	1	1	2
afm_dropout_full_woTemplates_r3_model_4_multimer_v3_pred_54.pdb	1	1	1	1	1	1	1	1	2
afm_dropout_full_woTemplates_r3_model_4_multimer_v3_pred_55.pdb	1	1	1	1	1	1	1	1	2
afm_dropout_full_woTemplates_r3_model_4_multimer_v3_pred_56.pdb	1	1	1	1	1	1	1	1	2
afm_dropout_full_woTemplates_r3_model_4_multimer_v3_pred_57.pdb	1	1	1	1	1	1	1	1	2
afm_dropout_full_woTemplates_r3_model_4_multimer_v3_pred_58.pdb	1	1	1	1	1	1	1	1	206
afm_dropout_full_woTemplates_r3_model_4_multimer_v3_pred_59.pdb	1	1	1	1	1	1	1	1	2
afm_dropout_full_woTemplates_r3_model_4_multimer_v3_pred_6.pdb	1	1	1	1	1	1	1	1	2
afm_dropout_full_woTemplates_r3_model_4_multimer_v3_pred_60.pdb	1	1	1	1	1	1	1	1	2
afm_dropout_full_woTemplates_r3_model_4_multimer_v3_pred_61.pdb	1	1	1	1	1	1	1	1	2
afm_dropout_full_woTemplates_r3_model_4_multimer_v3_pred_62.pdb	1	1	1	1	1	1	1	1	2
afm_dropout_full_woTemplates_r3_model_4_multimer_v3_pred_63.pdb	1	1	1	1	1	1	1	1	2
afm_dropout_full_woTemplates_r3_model_4_multimer_v3_pred_64.pdb	1	1	1	1	1	1	1	1	2
afm_dropout_full_woTemplates_r3_model_4_multimer_v3_pred_65.pdb	1	1	1	1	1	1	1	1	2
afm_dropout_full_woTemplates_r3_model_4_multimer_v3_pred_66.pdb	1	1	1	1	1	1	1	1	2
afm_dropout_full_woTemplates_r3_model_4_multimer_v3_pred_7.pdb	1	1	1	1	1	1	1	1	2
afm_dropout_full_woTemplates_r3_model_4_multimer_v3_pred_8.pdb	1	1	1	1	1	1	1	1	2
afm_dropout_full_woTemplates_r3_model_4_multimer_v3_pred_9.pdb	1	1	1	1	1	1	1	1	2
afm_dropout_full_woTemplates_r3_model_5_multimer_v1_pred_0.pdb	1	1	2	2	2	4	217	373	952
afm_dropout_full_woTemplates_r3_model_5_multimer_v1_pred_1.pdb	1	1	2	2	2	12	218	374	953
afm_dropout_full_woTemplates_r3_model_5_multimer_v1_pred_10.pdb	1	1	2	2	2	4	219	375	954
afm_dropout_full_woTemplates_r3_model_5_multimer_v1_pred_11.pdb	1	1	2	2	14	129	220	376	955
afm_dropout_full_woTemplates_r3_model_5_multimer_v1_pred_12.pdb	1	1	2	2	3	34	221	377	956
afm_dropout_full_woTemplates_r3_model_5_multimer_v1_pred_13.pdb	1	1	2	2	2	4	222	378	957
afm_dropout_full_woTemplates_r3_model_5_multimer_v1_pred_14.pdb	1	1	6	12	78	130	223	379	958
afm_dropout_full_woTemplates_r3_model_5_multimer_v1_pred_15.pdb	1	1	2	2	2	131	224	380	959
afm_dropout_full_woTemplates_r3_model_5_multimer_v1_pred_16.pdb	1	1	2	2	2	12	225	381	960
afm_dropout_full_woTemplates_r3_model_5_multimer_v1_pred_17.pdb	1	1	1	1	1	1	43	382	961
afm_dropout_full_woTemplates_r3_model_5_multimer_v1_pred_18.pdb	1	1	1	1	1	1	226	383	962
afm_dropout_full_woTemplates_r3_model_5_multimer_v1_pred_19.pdb	1	1	2	13	79	132	227	384	963
afm_dropout_full_woTemplates_r3_model_5_multimer_v1_pred_2.pdb	1	1	1	1	1	1	228	385	964
afm_dropout_full_woTemplates_r3_model_5_multimer_v1_pred_20.pdb	1	2	1	1	1	133	229	386	965
afm_dropout_full_woTemplates_r3_model_5_multimer_v1_pred_21.pdb	1	1	2	2	15	134	230	387	966
afm_dropout_full_woTemplates_r3_model_5_multimer_v1_pred_22.pdb	1	1	2	2	15	4	231	388	967
afm_dropout_full_woTemplates_r3_model_5_multimer_v1_pred_23.pdb	1	1	2	2	2	4	6	389	968
afm_dropout_full_woTemplates_r3_model_5_multimer_v1_pred_24.pdb	1	1	2	2	80	135	232	390	969
afm_dropout_full_woTemplates_r3_model_5_multimer_v1_pred_25.pdb	1	3	4	61	81	136	233	391	970
afm_dropout_full_woTemplates_r3_model_5_multimer_v1_pred_26.pdb	1	1	2	2	2	4	234	392	971
afm_dropout_full_woTemplates_r3_model_5_multimer_v1_pred_27.pdb	1	1	2	2	2	12	235	393	972
afm_dropout_full_woTemplates_r3_model_5_multimer_v1_pred_28.pdb	10	30	43	62	82	137	236	394	973
afm_dropout_full_woTemplates_r3_model_5_multimer_v1_pred_29.pdb	1	1	1	1	1	1	2	3	974
afm_dropout_full_woTemplates_r3_model_5_multimer_v1_pred_3.pdb	1	1	2	2	2	4	237	395	975
afm_dropout_full_woTemplates_r3_model_5_multimer_v1_pred_30.pdb	1	1	1	1	1	1	2	36	976
afm_dropout_full_woTemplates_r3_model_5_multimer_v1_pred_31.pdb	1	3	44	63	83	138	238	396	977
afm_dropout_full_woTemplates_r3_model_5_multimer_v1_pred_32.pdb	1	1	2	2	2	4	239	397	978
afm_dropout_full_woTemplates_r3_model_5_multimer_v1_pred_33.pdb	1	1	2	2	2	12	240	398	979
afm_dropout_full_woTemplates_r3_model_5_multimer_v1_pred_34.pdb	1	1	2	2	13	139	241	399	980
afm_dropout_full_woTemplates_r3_model_5_multimer_v1_pred_35.pdb	1	1	2	2	14	34	242	400	981
afm_dropout_full_woTemplates_r3_model_5_multimer_v1_pred_36.pdb	1	1	1	1	1	1	1	15	982
afm_dropout_full_woTemplates_r3_model_5_multimer_v1_pred_37.pdb	1	1	2	2	2	140	243	401	983
afm_dropout_full_woTemplates_r3_model_5_multimer_v1_pred_38.pdb	1	1	1	1	1	1	43	402	984
afm_dropout_full_woTemplates_r3_model_5_multimer_v1_pred_39.pdb	1	1	2	7	8	141	244	403	985
afm_dropout_full_woTemplates_r3_model_5_multimer_v1_pred_4.pdb	1	1	2	2	4	142	245	404	986
afm_dropout_full_woTemplates_r3_model_5_multimer_v1_pred_40.pdb	1	1	2	2	2	4	246	405	987
afm_dropout_full_woTemplates_r3_model_5_multimer_v1_pred_41.pdb	1	31	45	64	84	143	247	406	988
afm_dropout_full_woTemplates_r3_model_5_multimer_v1_pred_42.pdb	1	1	2	2	10	35	248	407	989
afm_dropout_full_woTemplates_r3_model_5_multimer_v1_pred_43.pdb	1	32	46	65	85	144	249	408	990
afm_dropout_full_woTemplates_r3_model_5_multimer_v1_pred_44.pdb	1	1	47	66	86	145	250	409	991
afm_dropout_full_woTemplates_r3_model_5_multimer_v1_pred_45.pdb	1	1	2	2	15	146	251	410	992
afm_dropout_full_woTemplates_r3_model_5_multimer_v1_pred_46.pdb	1	1	2	2	2	12	252	411	993
afm_dropout_full_woTemplates_r3_model_5_multimer_v1_pred_47.pdb	1	1	2	2	8	147	253	412	994
afm_dropout_full_woTemplates_r3_model_5_multimer_v1_pred_48.pdb	1	1	2	13	4	148	254	413	995
afm_dropout_full_woTemplates_r3_model_5_multimer_v1_pred_49.pdb	1	1	2	2	4	4	255	414	996
afm_dropout_full_woTemplates_r3_model_5_multimer_v1_pred_5.pdb	1	1	1	1	1	1	1	2	997
afm_dropout_full_woTemplates_r3_model_5_multimer_v1_pred_50.pdb	3	33	48	67	87	149	256	415	998
afm_dropout_full_woTemplates_r3_model_5_multimer_v1_pred_51.pdb	1	1	2	7	8	150	257	416	999
afm_dropout_full_woTemplates_r3_model_5_multimer_v1_pred_52.pdb	1	1	1	1	1	1	2	36	1000
afm_dropout_full_woTemplates_r3_model_5_multimer_v1_pred_53.pdb	1	1	2	2	4	4	6	417	1001
afm_dropout_full_woTemplates_r3_model_5_multimer_v1_pred_54.pdb	1	1	2	2	2	4	258	418	1002
afm_dropout_full_woTemplates_r3_model_5_multimer_v1_pred_55.pdb	4	34	49	68	88	151	259	419	1003
afm_dropout_full_woTemplates_r3_model_5_multimer_v1_pred_56.pdb	1	35	50	69	89	152	260	420	1004
afm_dropout_full_woTemplates_r3_model_5_multimer_v1_pred_57.pdb	1	1	2	2	8	153	261	421	1005
afm_dropout_full_woTemplates_r3_model_5_multimer_v1_pred_58.pdb	1	1	2	2	10	35	262	422	1006
afm_dropout_full_woTemplates_r3_model_5_multimer_v1_pred_59.pdb	1	1	2	2	8	154	263	423	1007
afm_dropout_full_woTemplates_r3_model_5_multimer_v1_pred_6.pdb	1	7	51	70	90	155	264	424	1008
afm_dropout_full_woTemplates_r3_model_5_multimer_v1_pred_60.pdb	1	1	2	2	2	156	265	425	1009
afm_dropout_full_woTemplates_r3_model_5_multimer_v1_pred_61.pdb	1	1	2	2	2	157	266	426	1010
afm_dropout_full_woTemplates_r3_model_5_multimer_v1_pred_62.pdb	1	10	52	71	91	158	267	427	1011
afm_dropout_full_woTemplates_r3_model_5_multimer_v1_pred_63.pdb	1	1	1	1	1	1	1	19	1012
afm_dropout_full_woTemplates_r3_model_5_multimer_v1_pred_64.pdb	1	1	2	2	15	159	268	428	1013
afm_dropout_full_woTemplates_r3_model_5_multimer_v1_pred_65.pdb	1	1	1	1	1	1	269	429	1014
afm_dropout_full_woTemplates_r3_model_5_multimer_v1_pred_66.pdb	5	36	53	72	92	160	270	430	1015
afm_dropout_full_woTemplates_r3_model_5_multimer_v1_pred_7.pdb	1	3	6	12	93	161	271	431	1016
afm_dropout_full_woTemplates_r3_model_5_multimer_v1_pred_8.pdb	1	10	54	73	94	162	272	432	1017
afm_dropout_full_woTemplates_r3_model_5_multimer_v1_pred_9.pdb	1	1	1	1	1	1	1	7	1018
afm_dropout_full_woTemplates_r3_model_5_multimer_v2_pred_0.pdb	1	1	1	1	1	1	1	27	1019
afm_dropout_full_woTemplates_r3_model_5_multimer_v2_pred_1.pdb	1	1	1	1	1	1	1	1	10
afm_dropout_full_woTemplates_r3_model_5_multimer_v2_pred_10.pdb	1	1	2	2	3	3	4	433	1020
afm_dropout_full_woTemplates_r3_model_5_multimer_v2_pred_11.pdb	1	1	1	1	1	1	1	1	1021
afm_dropout_full_woTemplates_r3_model_5_multimer_v2_pred_12.pdb	1	1	2	2	3	3	4	434	1022
afm_dropout_full_woTemplates_r3_model_5_multimer_v2_pred_13.pdb	1	1	1	1	1	1	1	1	1023
afm_dropout_full_woTemplates_r3_model_5_multimer_v2_pred_14.pdb	1	1	1	1	1	1	1	1	1024
afm_dropout_full_woTemplates_r3_model_5_multimer_v2_pred_15.pdb	1	1	1	1	1	1	1	1	1025
afm_dropout_full_woTemplates_r3_model_5_multimer_v2_pred_16.pdb	1	1	1	1	1	1	1	10	1026
afm_dropout_full_woTemplates_r3_model_5_multimer_v2_pred_17.pdb	1	1	1	1	1	1	1	1	2
afm_dropout_full_woTemplates_r3_model_5_multimer_v2_pred_18.pdb	1	1	1	1	1	1	1	1	10
afm_dropout_full_woTemplates_r3_model_5_multimer_v2_pred_19.pdb	1	1	2	2	3	3	4	435	1027
afm_dropout_full_woTemplates_r3_model_5_multimer_v2_pred_2.pdb	1	1	1	1	1	1	1	1	207
afm_dropout_full_woTemplates_r3_model_5_multimer_v2_pred_20.pdb	1	1	1	1	1	1	1	21	1028
afm_dropout_full_woTemplates_r3_model_5_multimer_v2_pred_21.pdb	1	1	1	1	1	1	1	1	208
afm_dropout_full_woTemplates_r3_model_5_multimer_v2_pred_22.pdb	1	1	2	2	3	3	4	436	1029
afm_dropout_full_woTemplates_r3_model_5_multimer_v2_pred_23.pdb	1	1	1	1	1	1	1	1	105
afm_dropout_full_woTemplates_r3_model_5_multimer_v2_pred_24.pdb	1	1	2	2	3	3	273	437	1030
afm_dropout_full_woTemplates_r3_model_5_multimer_v2_pred_25.pdb	1	1	2	2	3	3	4	438	1031
afm_dropout_full_woTemplates_r3_model_5_multimer_v2_pred_26.pdb	1	1	1	1	1	1	1	1	191
afm_dropout_full_woTemplates_r3_model_5_multimer_v2_pred_27.pdb	1	1	1	1	1	1	10	27	1032
afm_dropout_full_woTemplates_r3_model_5_multimer_v2_pred_28.pdb	1	1	1	1	1	1	7	21	1033
afm_dropout_full_woTemplates_r3_model_5_multimer_v2_pred_29.pdb	1	1	2	2	3	3	4	64	1034
afm_dropout_full_woTemplates_r3_model_5_multimer_v2_pred_3.pdb	1	1	2	2	3	3	4	439	1035
afm_dropout_full_woTemplates_r3_model_5_multimer_v2_pred_30.pdb	1	1	2	2	3	3	44	440	1036
afm_dropout_full_woTemplates_r3_model_5_multimer_v2_pred_31.pdb	1	1	2	2	3	3	8	441	1037
afm_dropout_full_woTemplates_r3_model_5_multimer_v2_pred_32.pdb	1	1	2	2	3	3	4	37	1038
afm_dropout_full_woTemplates_r3_model_5_multimer_v2_pred_33.pdb	1	1	1	1	1	1	1	1	1039
afm_dropout_full_woTemplates_r3_model_5_multimer_v2_pred_34.pdb	1	1	2	2	3	3	274	442	1040
afm_dropout_full_woTemplates_r3_model_5_multimer_v2_pred_35.pdb	1	1	1	1	1	1	1	4	1041
afm_dropout_full_woTemplates_r3_model_5_multimer_v2_pred_36.pdb	1	1	2	2	3	3	4	443	1042
afm_dropout_full_woTemplates_r3_model_5_multimer_v2_pred_37.pdb	1	1	1	1	1	1	1	1	1043
afm_dropout_full_woTemplates_r3_model_5_multimer_v2_pred_38.pdb	1	1	2	2	3	3	275	444	1044
afm_dropout_full_woTemplates_r3_model_5_multimer_v2_pred_39.pdb	1	1	1	1	1	1	1	1	1045
afm_dropout_full_woTemplates_r3_model_5_multimer_v2_pred_4.pdb	1	1	2	2	3	3	44	445	1046
afm_dropout_full_woTemplates_r3_model_5_multimer_v2_pred_40.pdb	1	1	1	1	1	1	1	4	1047
afm_dropout_full_woTemplates_r3_model_5_multimer_v2_pred_41.pdb	1	1	2	2	3	3	4	37	1048
afm_dropout_full_woTemplates_r3_model_5_multimer_v2_pred_42.pdb	1	1	1	1	1	1	1	1	1049
afm_dropout_full_woTemplates_r3_model_5_multimer_v2_pred_43.pdb	1	1	2	2	3	3	4	446	1050
afm_dropout_full_woTemplates_r3_model_5_multimer_v2_pred_44.pdb	1	1	2	2	3	3	4	64	1051
afm_dropout_full_woTemplates_r3_model_5_multimer_v2_pred_45.pdb	1	1	1	1	1	6	10	27	1052
afm_dropout_full_woTemplates_r3_model_5_multimer_v2_pred_46.pdb	1	1	1	1	1	1	1	1	1053
afm_dropout_full_woTemplates_r3_model_5_multimer_v2_pred_47.pdb	1	1	1	1	1	1	1	17	1054
afm_dropout_full_woTemplates_r3_model_5_multimer_v2_pred_48.pdb	1	1	1	1	1	1	1	1	207
afm_dropout_full_woTemplates_r3_model_5_multimer_v2_pred_49.pdb	1	1	1	1	1	1	1	1	1055
afm_dropout_full_woTemplates_r3_model_5_multimer_v2_pred_5.pdb	1	1	1	1	1	1	1	1	1056
afm_dropout_full_woTemplates_r3_model_5_multimer_v2_pred_50.pdb	1	1	1	1	1	1	1	1	208
afm_dropout_full_woTemplates_r3_model_5_multimer_v2_pred_51.pdb	1	1	1	1	1	1	1	447	1057
afm_dropout_full_woTemplates_r3_model_5_multimer_v2_pred_52.pdb	1	1	2	2	3	3	4	37	1058
afm_dropout_full_woTemplates_r3_model_5_multimer_v2_pred_53.pdb	1	1	1	1	1	1	1	1	1059
afm_dropout_full_woTemplates_r3_model_5_multimer_v2_pred_54.pdb	1	1	2	2	3	3	8	45	1060
afm_dropout_full_woTemplates_r3_model_5_multimer_v2_pred_55.pdb	1	1	1	1	1	1	1	1	105
afm_dropout_full_woTemplates_r3_model_5_multimer_v2_pred_56.pdb	1	1	2	2	3	3	8	448	1061
afm_dropout_full_woTemplates_r3_model_5_multimer_v2_pred_57.pdb	1	1	1	1	1	1	1	1	1062
afm_dropout_full_woTemplates_r3_model_5_multimer_v2_pred_58.pdb	1	1	1	1	1	1	1	1	209
afm_dropout_full_woTemplates_r3_model_5_multimer_v2_pred_59.pdb	1	1	2	2	3	3	4	37	1063
afm_dropout_full_woTemplates_r3_model_5_multimer_v2_pred_6.pdb	1	1	2	2	3	3	8	65	1064
afm_dropout_full_woTemplates_r3_model_5_multimer_v2_pred_60.pdb	1	1	1	1	1	1	1	1	10
afm_dropout_full_woTemplates_r3_model_5_multimer_v2_pred_61.pdb	1	1	2	2	3	3	8	65	1065
afm_dropout_full_woTemplates_r3_model_5_multimer_v2_pred_62.pdb	1	1	2	2	3	3	4	449	1066
afm_dropout_full_woTemplates_r3_model_5_multimer_v2_pred_63.pdb	1	1	2	2	3	3	276	450	1067
afm_dropout_full_woTemplates_r3_model_5_multimer_v2_pred_64.pdb	1	1	1	1	1	1	1	1	1068
afm_dropout_full_woTemplates_r3_model_5_multimer_v2_pred_65.pdb	1	1	1	1	1	1	1	1	1069
afm_dropout_full_woTemplates_r3_model_5_multimer_v2_pred_66.pdb	1	1	2	2	3	3	4	451	1070
afm_dropout_full_woTemplates_r3_model_5_multimer_v2_pred_7.pdb	1	1	1	1	1	6	7	452	1071
afm_dropout_full_woTemplates_r3_model_5_multimer_v2_pred_8.pdb	1	1	1	1	1	1	1	1	1072
afm_dropout_full_woTemplates_r3_model_5_multimer_v2_pred_9.pdb	1	1	2	3	3	16	277	453	1073
afm_dropout_full_woTemplates_r3_model_5_multimer_v3_pred_0.pdb	1	1	2	3	3	17	278	454	1074
afm_dropout_full_woTemplates_r3_model_5_multimer_v3_pred_1.pdb	1	1	1	1	1	1	1	1	13
afm_dropout_full_woTemplates_r3_model_5_multimer_v3_pred_10.pdb	1	1	1	1	1	1	1	1	13
afm_dropout_full_woTemplates_r3_model_5_multimer_v3_pred_11.pdb	1	1	1	1	1	1	1	1	1075
afm_dropout_full_woTemplates_r3_model_5_multimer_v3_pred_12.pdb	1	1	1	1	1	1	10	455	1076
afm_dropout_full_woTemplates_r3_model_5_multimer_v3_pred_13.pdb	1	1	1	1	1	1	1	1	1077
afm_dropout_full_woTemplates_r3_model_5_multimer_v3_pred_14.pdb	1	1	1	1	1	1	1	1	1078
afm_dropout_full_woTemplates_r3_model_5_multimer_v3_pred_15.pdb	1	1	1	1	1	1	1	1	1079
afm_dropout_full_woTemplates_r3_model_5_multimer_v3_pred_16.pdb	1	1	1	1	1	1	1	46	1080
afm_dropout_full_woTemplates_r3_model_5_multimer_v3_pred_17.pdb	1	1	1	1	1	1	1	1	3
afm_dropout_full_woTemplates_r3_model_5_multimer_v3_pred_18.pdb	1	1	1	1	1	1	1	1	1081
afm_dropout_full_woTemplates_r3_model_5_multimer_v3_pred_19.pdb	1	1	2	3	95	163	279	456	1082
afm_dropout_full_woTemplates_r3_model_5_multimer_v3_pred_2.pdb	1	1	1	1	1	1	1	1	1083
afm_dropout_full_woTemplates_r3_model_5_multimer_v3_pred_20.pdb	1	1	1	1	1	6	10	457	1084
afm_dropout_full_woTemplates_r3_model_5_multimer_v3_pred_21.pdb	1	1	1	1	1	1	1	1	210
afm_dropout_full_woTemplates_r3_model_5_multimer_v3_pred_22.pdb	1	1	1	1	1	1	45	458	1085
afm_dropout_full_woTemplates_r3_model_5_multimer_v3_pred_23.pdb	1	1	1	1	1	1	1	1	1086
afm_dropout_full_woTemplates_r3_model_5_multimer_v3_pred_24.pdb	1	1	1	1	1	1	1	1	1087
afm_dropout_full_woTemplates_r3_model_5_multimer_v3_pred_25.pdb	1	1	1	1	1	1	1	17	1088
afm_dropout_full_woTemplates_r3_model_5_multimer_v3_pred_26.pdb	1	1	1	1	1	1	1	1	13
afm_dropout_full_woTemplates_r3_model_5_multimer_v3_pred_27.pdb	1	1	1	1	1	1	1	1	211
afm_dropout_full_woTemplates_r3_model_5_multimer_v3_pred_28.pdb	1	1	1	1	1	1	1	1	13
afm_dropout_full_woTemplates_r3_model_5_multimer_v3_pred_29.pdb	1	1	2	3	9	33	280	459	1089
afm_dropout_full_woTemplates_r3_model_5_multimer_v3_pred_3.pdb	1	1	1	1	1	1	1	1	13
afm_dropout_full_woTemplates_r3_model_5_multimer_v3_pred_30.pdb	1	1	1	1	1	1	1	1	101
afm_dropout_full_woTemplates_r3_model_5_multimer_v3_pred_31.pdb	1	1	1	1	1	1	1	1	1090
afm_dropout_full_woTemplates_r3_model_5_multimer_v3_pred_32.pdb	1	1	1	1	1	1	1	1	13
afm_dropout_full_woTemplates_r3_model_5_multimer_v3_pred_33.pdb	1	1	1	1	1	1	1	1	1091
afm_dropout_full_woTemplates_r3_model_5_multimer_v3_pred_34.pdb	1	1	1	1	1	1	1	1	13
afm_dropout_full_woTemplates_r3_model_5_multimer_v3_pred_35.pdb	1	1	1	1	1	1	1	1	1092
afm_dropout_full_woTemplates_r3_model_5_multimer_v3_pred_36.pdb	1	1	1	1	1	1	1	1	13
afm_dropout_full_woTemplates_r3_model_5_multimer_v3_pred_37.pdb	1	1	1	1	1	1	1	17	1093
afm_dropout_full_woTemplates_r3_model_5_multimer_v3_pred_38.pdb	1	1	1	1	1	1	1	17	1094
afm_dropout_full_woTemplates_r3_model_5_multimer_v3_pred_39.pdb	1	1	1	1	1	1	1	1	1095
afm_dropout_full_woTemplates_r3_model_5_multimer_v3_pred_4.pdb	1	1	2	2	3	3	281	460	1096
afm_dropout_full_woTemplates_r3_model_5_multimer_v3_pred_40.pdb	1	1	1	1	1	1	1	1	2
afm_dropout_full_woTemplates_r3_model_5_multimer_v3_pred_41.pdb	1	1	1	1	1	1	1	1	13
afm_dropout_full_woTemplates_r3_model_5_multimer_v3_pred_42.pdb	1	1	1	1	1	1	1	1	1097
afm_dropout_full_woTemplates_r3_model_5_multimer_v3_pred_43.pdb	1	1	1	1	1	1	1	1	69
afm_dropout_full_woTemplates_r3_model_5_multimer_v3_pred_44.pdb	1	1	1	1	1	1	1	1	1098
afm_dropout_full_woTemplates_r3_model_5_multimer_v3_pred_45.pdb	1	1	1	1	1	1	1	1	1099
afm_dropout_full_woTemplates_r3_model_5_multimer_v3_pred_46.pdb	1	1	1	1	1	1	1	1	1100
afm_dropout_full_woTemplates_r3_model_5_multimer_v3_pred_47.pdb	1	1	1	1	1	1	1	1	1101
afm_dropout_full_woTemplates_r3_model_5_multimer_v3_pred_48.pdb	1	1	1	1	1	1	1	1	13
afm_dropout_full_woTemplates_r3_model_5_multimer_v3_pred_49.pdb	1	1	1	1	1	1	1	1	1102
afm_dropout_full_woTemplates_r3_model_5_multimer_v3_pred_5.pdb	1	1	1	1	1	1	1	10	1103
afm_dropout_full_woTemplates_r3_model_5_multimer_v3_pred_50.pdb	1	1	1	1	1	1	1	1	13
afm_dropout_full_woTemplates_r3_model_5_multimer_v3_pred_51.pdb	1	1	1	1	1	1	1	1	1104
afm_dropout_full_woTemplates_r3_model_5_multimer_v3_pred_52.pdb	1	1	1	1	1	1	1	1	13
afm_dropout_full_woTemplates_r3_model_5_multimer_v3_pred_53.pdb	1	1	1	1	1	1	1	1	1105
afm_dropout_full_woTemplates_r3_model_5_multimer_v3_pred_54.pdb	1	1	1	1	1	1	1	1	2
afm_dropout_full_woTemplates_r3_model_5_multimer_v3_pred_55.pdb	1	1	1	1	1	1	1	1	1106
afm_dropout_full_woTemplates_r3_model_5_multimer_v3_pred_56.pdb	1	1	1	1	1	1	1	1	1107
afm_dropout_full_woTemplates_r3_model_5_multimer_v3_pred_57.pdb	1	1	1	1	1	1	1	1	13
afm_dropout_full_woTemplates_r3_model_5_multimer_v3_pred_58.pdb	1	1	1	1	1	1	1	1	69
afm_dropout_full_woTemplates_r3_model_5_multimer_v3_pred_59.pdb	1	1	1	1	1	1	1	1	1108
afm_dropout_full_woTemplates_r3_model_5_multimer_v3_pred_6.pdb	1	1	1	1	1	1	1	1	69
afm_dropout_full_woTemplates_r3_model_5_multimer_v3_pred_60.pdb	1	1	1	1	1	1	1	1	212
afm_dropout_full_woTemplates_r3_model_5_multimer_v3_pred_61.pdb	1	1	1	1	1	1	1	10	1109
afm_dropout_full_woTemplates_r3_model_5_multimer_v3_pred_62.pdb	1	1	1	1	1	1	1	1	210
afm_dropout_full_woTemplates_r3_model_5_multimer_v3_pred_63.pdb	1	1	1	1	1	1	1	1	211
afm_dropout_full_woTemplates_r3_model_5_multimer_v3_pred_64.pdb	1	1	1	1	1	1	1	1	1110
afm_dropout_full_woTemplates_r3_model_5_multimer_v3_pred_65.pdb	1	1	1	1	1	1	1	1	213
afm_dropout_full_woTemplates_r3_model_5_multimer_v3_pred_66.pdb	1	1	1	1	1	1	1	1	213
afm_dropout_full_woTemplates_r3_model_5_multimer_v3_pred_7.pdb	1	1	1	1	1	1	1	1	69
afm_dropout_full_woTemplates_r3_model_5_multimer_v3_pred_8.pdb	1	1	1	1	1	6	10	461	1111
afm_dropout_full_woTemplates_r3_model_5_multimer_v3_pred_9.pdb	1	1	1	1	1	1	1	1	1112
afm_dropout_noSM_woTemplates_model_1_multimer_v1_pred_0.pdb	1	1	1	1	1	1	1	3	1113
afm_dropout_noSM_woTemplates_model_1_multimer_v1_pred_1.pdb	1	1	2	2	2	2	3	28	1114
afm_dropout_noSM_woTemplates_model_1_multimer_v1_pred_10.pdb	1	1	2	2	2	2	3	9	1115
afm_dropout_noSM_woTemplates_model_1_multimer_v1_pred_11.pdb	1	1	1	1	1	1	2	3	1116
afm_dropout_noSM_woTemplates_model_1_multimer_v1_pred_12.pdb	2	2	1	4	6	10	282	462	1117
afm_dropout_noSM_woTemplates_model_1_multimer_v1_pred_13.pdb	1	1	1	1	1	1	2	3	1118
afm_dropout_noSM_woTemplates_model_1_multimer_v1_pred_14.pdb	1	1	1	1	1	1	2	22	1119
afm_dropout_noSM_woTemplates_model_1_multimer_v1_pred_15.pdb	1	1	1	1	1	1	1	2	70
afm_dropout_noSM_woTemplates_model_1_multimer_v1_pred_16.pdb	1	1	1	1	1	1	1	2	11
afm_dropout_noSM_woTemplates_model_1_multimer_v1_pred_17.pdb	1	1	1	1	1	1	2	3	1120
afm_dropout_noSM_woTemplates_model_1_multimer_v1_pred_18.pdb	1	1	1	1	1	1	2	3	180
afm_dropout_noSM_woTemplates_model_1_multimer_v1_pred_19.pdb	1	1	1	1	1	1	2	3	1121
afm_dropout_noSM_woTemplates_model_1_multimer_v1_pred_2.pdb	1	1	2	2	2	2	3	9	1122
afm_dropout_noSM_woTemplates_model_1_multimer_v1_pred_20.pdb	1	1	2	2	2	2	3	9	1123
afm_dropout_noSM_woTemplates_model_1_multimer_v1_pred_21.pdb	1	1	1	1	1	1	2	3	1124
afm_dropout_noSM_woTemplates_model_1_multimer_v1_pred_22.pdb	1	1	2	2	2	2	3	66	1125
afm_dropout_noSM_woTemplates_model_1_multimer_v1_pred_23.pdb	1	1	1	2	2	2	3	463	1126
afm_dropout_noSM_woTemplates_model_1_multimer_v1_pred_24.pdb	1	1	1	1	1	1	1	2	130
afm_dropout_noSM_woTemplates_model_1_multimer_v1_pred_25.pdb	1	1	1	1	1	1	2	3	1127
afm_dropout_noSM_woTemplates_model_1_multimer_v1_pred_26.pdb	1	1	1	1	1	1	2	3	1128
afm_dropout_noSM_woTemplates_model_1_multimer_v1_pred_27.pdb	1	1	2	2	2	2	46	464	1129
afm_dropout_noSM_woTemplates_model_1_multimer_v1_pred_28.pdb	1	1	1	1	1	1	1	2	11
afm_dropout_noSM_woTemplates_model_1_multimer_v1_pred_29.pdb	1	1	1	1	1	1	2	3	1130
afm_dropout_noSM_woTemplates_model_1_multimer_v1_pred_3.pdb	1	1	2	2	2	2	3	28	1131
afm_dropout_noSM_woTemplates_model_1_multimer_v1_pred_30.pdb	1	1	2	2	2	2	3	50	1132
afm_dropout_noSM_woTemplates_model_1_multimer_v1_pred_31.pdb	1	1	1	1	1	1	1	2	70
afm_dropout_noSM_woTemplates_model_1_multimer_v1_pred_32.pdb	1	1	1	1	1	1	1	60	1133
afm_dropout_noSM_woTemplates_model_1_multimer_v1_pred_33.pdb	1	1	1	1	1	1	1	3	1134
afm_dropout_noSM_woTemplates_model_1_multimer_v1_pred_34.pdb	1	1	1	1	1	1	2	3	1135
afm_dropout_noSM_woTemplates_model_1_multimer_v1_pred_35.pdb	1	1	2	2	2	2	3	9	1136
afm_dropout_noSM_woTemplates_model_1_multimer_v1_pred_36.pdb	1	1	2	2	2	2	3	9	1137
afm_dropout_noSM_woTemplates_model_1_multimer_v1_pred_37.pdb	1	37	55	74	96	164	283	465	1138
afm_dropout_noSM_woTemplates_model_1_multimer_v1_pred_38.pdb	1	1	2	2	2	2	3	28	1139
afm_dropout_noSM_woTemplates_model_1_multimer_v1_pred_39.pdb	1	1	2	2	2	36	9	16	1140
afm_dropout_noSM_woTemplates_model_1_multimer_v1_pred_4.pdb	1	1	1	1	1	1	2	3	1141
afm_dropout_noSM_woTemplates_model_1_multimer_v1_pred_40.pdb	1	1	1	1	1	1	2	3	1142
afm_dropout_noSM_woTemplates_model_1_multimer_v1_pred_41.pdb	1	1	1	1	1	1	1	2	130
afm_dropout_noSM_woTemplates_model_1_multimer_v1_pred_42.pdb	1	1	2	2	2	5	9	16	1143
afm_dropout_noSM_woTemplates_model_1_multimer_v1_pred_43.pdb	1	1	2	6	2	11	19	466	1144
afm_dropout_noSM_woTemplates_model_1_multimer_v1_pred_44.pdb	1	1	1	1	1	1	2	3	1145
afm_dropout_noSM_woTemplates_model_1_multimer_v1_pred_45.pdb	1	1	1	1	1	1	2	3	1146
afm_dropout_noSM_woTemplates_model_1_multimer_v1_pred_46.pdb	1	1	1	1	1	1	2	3	1147
afm_dropout_noSM_woTemplates_model_1_multimer_v1_pred_47.pdb	1	1	2	2	2	2	3	9	1148
afm_dropout_noSM_woTemplates_model_1_multimer_v1_pred_48.pdb	1	1	2	2	2	11	19	467	1149
afm_dropout_noSM_woTemplates_model_1_multimer_v1_pred_49.pdb	1	1	2	2	2	2	3	28	1150
afm_dropout_noSM_woTemplates_model_1_multimer_v1_pred_5.pdb	1	1	1	1	1	1	2	3	1151
afm_dropout_noSM_woTemplates_model_1_multimer_v1_pred_50.pdb	1	1	1	1	1	1	2	3	1152
afm_dropout_noSM_woTemplates_model_1_multimer_v1_pred_51.pdb	1	1	1	1	1	1	2	3	1153
afm_dropout_noSM_woTemplates_model_1_multimer_v1_pred_52.pdb	1	1	2	2	2	2	3	6	1154
afm_dropout_noSM_woTemplates_model_1_multimer_v1_pred_53.pdb	1	1	2	2	2	2	3	9	1155
afm_dropout_noSM_woTemplates_model_1_multimer_v1_pred_54.pdb	1	1	2	2	2	5	9	16	1156
afm_dropout_noSM_woTemplates_model_1_multimer_v1_pred_55.pdb	1	1	1	1	1	1	1	2	1157
afm_dropout_noSM_woTemplates_model_1_multimer_v1_pred_56.pdb	1	1	1	1	1	1	2	22	1158
afm_dropout_noSM_woTemplates_model_1_multimer_v1_pred_57.pdb	1	1	2	2	2	5	9	16	1159
afm_dropout_noSM_woTemplates_model_1_multimer_v1_pred_58.pdb	1	1	2	2	2	2	3	28	1160
afm_dropout_noSM_woTemplates_model_1_multimer_v1_pred_59.pdb	1	1	2	2	2	5	9	16	1161
afm_dropout_noSM_woTemplates_model_1_multimer_v1_pred_6.pdb	1	1	2	2	2	5	9	16	1162
afm_dropout_noSM_woTemplates_model_1_multimer_v1_pred_60.pdb	1	1	2	6	11	11	284	468	1163
afm_dropout_noSM_woTemplates_model_1_multimer_v1_pred_61.pdb	1	1	1	1	1	1	2	3	1164
afm_dropout_noSM_woTemplates_model_1_multimer_v1_pred_62.pdb	1	1	1	1	1	1	2	3	1165
afm_dropout_noSM_woTemplates_model_1_multimer_v1_pred_63.pdb	1	1	1	1	1	1	2	3	1166
afm_dropout_noSM_woTemplates_model_1_multimer_v1_pred_64.pdb	1	1	1	1	1	1	2	3	1167
afm_dropout_noSM_woTemplates_model_1_multimer_v1_pred_65.pdb	1	1	1	1	1	1	2	3	1168
afm_dropout_noSM_woTemplates_model_1_multimer_v1_pred_66.pdb	1	1	2	2	2	2	46	469	1169
afm_dropout_noSM_woTemplates_model_1_multimer_v1_pred_7.pdb	1	1	2	2	2	2	3	9	1170
afm_dropout_noSM_woTemplates_model_1_multimer_v1_pred_8.pdb	1	1	2	2	2	11	19	470	1171
afm_dropout_noSM_woTemplates_model_1_multimer_v1_pred_9.pdb	1	1	2	2	2	36	285	471	1172
afm_dropout_noSM_woTemplates_model_1_multimer_v2_pred_0.pdb	1	1	1	1	1	1	1	1	6
afm_dropout_noSM_woTemplates_model_1_multimer_v2_pred_1.pdb	1	1	1	1	1	1	1	1	6
afm_dropout_noSM_woTemplates_model_1_multimer_v2_pred_10.pdb	1	1	1	1	1	1	1	1	6
afm_dropout_noSM_woTemplates_model_1_multimer_v2_pred_11.pdb	1	1	1	1	1	1	1	1	131
afm_dropout_noSM_woTemplates_model_1_multimer_v2_pred_12.pdb	1	1	1	1	1	1	1	1	6
afm_dropout_noSM_woTemplates_model_1_multimer_v2_pred_13.pdb	1	1	1	1	1	1	1	1	6
afm_dropout_noSM_woTemplates_model_1_multimer_v2_pred_14.pdb	1	1	1	1	1	1	1	1	6
afm_dropout_noSM_woTemplates_model_1_multimer_v2_pred_15.pdb	1	1	1	1	1	1	1	1	6
afm_dropout_noSM_woTemplates_model_1_multimer_v2_pred_16.pdb	1	1	1	1	1	1	1	1	6
afm_dropout_noSM_woTemplates_model_1_multimer_v2_pred_17.pdb	1	1	1	1	1	1	1	1	6
afm_dropout_noSM_woTemplates_model_1_multimer_v2_pred_18.pdb	1	1	1	1	1	1	1	1	6
afm_dropout_noSM_woTemplates_model_1_multimer_v2_pred_19.pdb	1	1	1	1	1	1	1	1	6
afm_dropout_noSM_woTemplates_model_1_multimer_v2_pred_2.pdb	1	1	1	1	1	1	1	1	6
afm_dropout_noSM_woTemplates_model_1_multimer_v2_pred_20.pdb	1	1	1	1	1	1	1	1	6
afm_dropout_noSM_woTemplates_model_1_multimer_v2_pred_21.pdb	1	1	1	1	1	1	7	10	132
afm_dropout_noSM_woTemplates_model_1_multimer_v2_pred_22.pdb	1	1	1	1	1	1	1	1	6
afm_dropout_noSM_woTemplates_model_1_multimer_v2_pred_23.pdb	1	1	1	1	1	1	1	1	6
afm_dropout_noSM_woTemplates_model_1_multimer_v2_pred_24.pdb	1	1	1	1	1	1	1	1	6
afm_dropout_noSM_woTemplates_model_1_multimer_v2_pred_25.pdb	1	1	1	1	1	1	1	1	6
afm_dropout_noSM_woTemplates_model_1_multimer_v2_pred_26.pdb	1	1	1	1	1	1	1	1	6
afm_dropout_noSM_woTemplates_model_1_multimer_v2_pred_27.pdb	1	1	1	1	1	1	1	1	6
afm_dropout_noSM_woTemplates_model_1_multimer_v2_pred_28.pdb	1	1	1	1	1	1	1	1	214
afm_dropout_noSM_woTemplates_model_1_multimer_v2_pred_29.pdb	1	1	1	1	1	1	1	1	6
afm_dropout_noSM_woTemplates_model_1_multimer_v2_pred_3.pdb	1	1	1	1	1	1	1	1	6
afm_dropout_noSM_woTemplates_model_1_multimer_v2_pred_30.pdb	1	1	1	1	1	1	1	1	6
afm_dropout_noSM_woTemplates_model_1_multimer_v2_pred_31.pdb	1	1	1	1	1	1	1	1	6
afm_dropout_noSM_woTemplates_model_1_multimer_v2_pred_32.pdb	1	1	1	1	1	1	1	1	6
afm_dropout_noSM_woTemplates_model_1_multimer_v2_pred_33.pdb	1	1	1	1	1	1	1	1	6
afm_dropout_noSM_woTemplates_model_1_multimer_v2_pred_34.pdb	1	1	1	1	1	1	1	1	6
afm_dropout_noSM_woTemplates_model_1_multimer_v2_pred_35.pdb	1	1	1	1	1	1	1	1	6
afm_dropout_noSM_woTemplates_model_1_multimer_v2_pred_36.pdb	1	1	1	1	1	1	1	1	6
afm_dropout_noSM_woTemplates_model_1_multimer_v2_pred_37.pdb	1	1	1	1	1	1	1	1	6
afm_dropout_noSM_woTemplates_model_1_multimer_v2_pred_38.pdb	1	1	1	1	1	1	1	1	6
afm_dropout_noSM_woTemplates_model_1_multimer_v2_pred_39.pdb	1	1	1	1	1	1	1	1	6
afm_dropout_noSM_woTemplates_model_1_multimer_v2_pred_4.pdb	1	1	1	1	1	1	1	1	6
afm_dropout_noSM_woTemplates_model_1_multimer_v2_pred_40.pdb	1	1	1	1	1	1	1	1	6
afm_dropout_noSM_woTemplates_model_1_multimer_v2_pred_41.pdb	1	1	1	1	1	1	1	1	6
afm_dropout_noSM_woTemplates_model_1_multimer_v2_pred_42.pdb	1	1	1	1	1	1	1	1	6
afm_dropout_noSM_woTemplates_model_1_multimer_v2_pred_43.pdb	1	1	1	1	1	1	1	1	6
afm_dropout_noSM_woTemplates_model_1_multimer_v2_pred_44.pdb	1	1	1	1	1	1	1	1	6
afm_dropout_noSM_woTemplates_model_1_multimer_v2_pred_45.pdb	1	1	2	2	3	3	286	472	1173
afm_dropout_noSM_woTemplates_model_1_multimer_v2_pred_46.pdb	1	1	1	1	1	1	1	1	6
afm_dropout_noSM_woTemplates_model_1_multimer_v2_pred_47.pdb	1	1	1	1	1	1	1	1	6
afm_dropout_noSM_woTemplates_model_1_multimer_v2_pred_48.pdb	1	1	1	1	1	1	1	1	6
afm_dropout_noSM_woTemplates_model_1_multimer_v2_pred_49.pdb	1	1	1	1	1	1	1	1	6
afm_dropout_noSM_woTemplates_model_1_multimer_v2_pred_5.pdb	1	1	1	1	1	1	1	1	6
afm_dropout_noSM_woTemplates_model_1_multimer_v2_pred_50.pdb	1	1	1	1	1	1	1	1	6
afm_dropout_noSM_woTemplates_model_1_multimer_v2_pred_51.pdb	1	1	1	1	1	1	1	1	6
afm_dropout_noSM_woTemplates_model_1_multimer_v2_pred_52.pdb	1	1	1	1	1	1	1	1	6
afm_dropout_noSM_woTemplates_model_1_multimer_v2_pred_53.pdb	1	1	1	1	1	1	1	4	103
afm_dropout_noSM_woTemplates_model_1_multimer_v2_pred_54.pdb	1	1	1	1	1	1	1	1	6
afm_dropout_noSM_woTemplates_model_1_multimer_v2_pred_55.pdb	1	1	1	1	1	1	1	1	103
afm_dropout_noSM_woTemplates_model_1_multimer_v2_pred_56.pdb	1	1	1	1	1	1	1	1	6
afm_dropout_noSM_woTemplates_model_1_multimer_v2_pred_57.pdb	1	1	1	1	1	1	1	1	6
afm_dropout_noSM_woTemplates_model_1_multimer_v2_pred_58.pdb	1	1	1	1	1	1	1	1	6
afm_dropout_noSM_woTemplates_model_1_multimer_v2_pred_59.pdb	1	1	1	1	1	1	1	1	6
afm_dropout_noSM_woTemplates_model_1_multimer_v2_pred_6.pdb	1	1	1	1	1	1	1	1	192
afm_dropout_noSM_woTemplates_model_1_multimer_v2_pred_60.pdb	1	1	1	1	1	1	1	1	6
afm_dropout_noSM_woTemplates_model_1_multimer_v2_pred_61.pdb	1	1	1	1	1	1	1	1	6
afm_dropout_noSM_woTemplates_model_1_multimer_v2_pred_62.pdb	1	1	1	1	1	1	1	1	6
afm_dropout_noSM_woTemplates_model_1_multimer_v2_pred_63.pdb	1	1	1	1	1	1	1	1	6
afm_dropout_noSM_woTemplates_model_1_multimer_v2_pred_64.pdb	1	1	1	1	1	1	1	1	6
afm_dropout_noSM_woTemplates_model_1_multimer_v2_pred_65.pdb	1	1	1	1	1	1	1	1	6
afm_dropout_noSM_woTemplates_model_1_multimer_v2_pred_66.pdb	1	1	1	1	1	1	1	1	6
afm_dropout_noSM_woTemplates_model_1_multimer_v2_pred_7.pdb	1	1	1	1	1	1	1	1	6
afm_dropout_noSM_woTemplates_model_1_multimer_v2_pred_8.pdb	1	1	1	1	1	1	1	1	6
afm_dropout_noSM_woTemplates_model_1_multimer_v2_pred_9.pdb	1	1	1	1	1	1	7	10	132
afm_dropout_noSM_woTemplates_model_1_multimer_v3_pred_0.pdb	1	1	1	1	1	1	1	1	1
afm_dropout_noSM_woTemplates_model_1_multimer_v3_pred_1.pdb	1	1	1	1	1	1	1	1	1
afm_dropout_noSM_woTemplates_model_1_multimer_v3_pred_10.pdb	1	1	1	1	1	1	1	1	1
afm_dropout_noSM_woTemplates_model_1_multimer_v3_pred_11.pdb	1	1	1	1	1	1	1	1	1
afm_dropout_noSM_woTemplates_model_1_multimer_v3_pred_12.pdb	1	1	1	1	1	1	1	1	1
afm_dropout_noSM_woTemplates_model_1_multimer_v3_pred_13.pdb	1	1	1	1	1	1	1	1	1
afm_dropout_noSM_woTemplates_model_1_multimer_v3_pred_14.pdb	1	1	1	1	1	1	1	1	1
afm_dropout_noSM_woTemplates_model_1_multimer_v3_pred_15.pdb	1	1	1	1	1	1	1	1	1
afm_dropout_noSM_woTemplates_model_1_multimer_v3_pred_16.pdb	1	1	1	1	1	1	1	1	1
afm_dropout_noSM_woTemplates_model_1_multimer_v3_pred_17.pdb	1	1	1	1	1	1	1	1	1
afm_dropout_noSM_woTemplates_model_1_multimer_v3_pred_18.pdb	1	1	1	1	1	1	1	1	1
afm_dropout_noSM_woTemplates_model_1_multimer_v3_pred_19.pdb	1	1	1	1	1	1	1	1	1
afm_dropout_noSM_woTemplates_model_1_multimer_v3_pred_2.pdb	1	1	1	1	1	1	1	1	43
afm_dropout_noSM_woTemplates_model_1_multimer_v3_pred_20.pdb	1	1	1	1	1	1	1	1	1
afm_dropout_noSM_woTemplates_model_1_multimer_v3_pred_21.pdb	1	1	1	1	1	1	1	1	43
afm_dropout_noSM_woTemplates_model_1_multimer_v3_pred_22.pdb	1	1	1	1	1	1	1	1	1
afm_dropout_noSM_woTemplates_model_1_multimer_v3_pred_23.pdb	1	1	1	1	1	1	1	1	1
afm_dropout_noSM_woTemplates_model_1_multimer_v3_pred_24.pdb	1	1	1	1	1	1	1	1	1
afm_dropout_noSM_woTemplates_model_1_multimer_v3_pred_25.pdb	1	1	1	1	1	1	1	1	1
afm_dropout_noSM_woTemplates_model_1_multimer_v3_pred_26.pdb	1	1	1	1	1	1	1	1	1
afm_dropout_noSM_woTemplates_model_1_multimer_v3_pred_27.pdb	1	1	1	1	1	1	1	1	1
afm_dropout_noSM_woTemplates_model_1_multimer_v3_pred_28.pdb	1	1	1	1	1	1	1	1	1174
afm_dropout_noSM_woTemplates_model_1_multimer_v3_pred_29.pdb	1	1	1	1	1	1	1	1	1
afm_dropout_noSM_woTemplates_model_1_multimer_v3_pred_3.pdb	1	1	1	1	1	1	1	1	1
afm_dropout_noSM_woTemplates_model_1_multimer_v3_pred_30.pdb	1	1	1	1	1	1	1	1	1
afm_dropout_noSM_woTemplates_model_1_multimer_v3_pred_31.pdb	1	1	1	1	1	1	1	1	1
afm_dropout_noSM_woTemplates_model_1_multimer_v3_pred_32.pdb	1	1	1	1	1	1	1	1	1
afm_dropout_noSM_woTemplates_model_1_multimer_v3_pred_33.pdb	1	1	1	1	1	1	1	1	1
afm_dropout_noSM_woTemplates_model_1_multimer_v3_pred_34.pdb	1	1	1	1	1	1	1	1	1
afm_dropout_noSM_woTemplates_model_1_multimer_v3_pred_35.pdb	1	1	1	1	1	1	1	1	1
afm_dropout_noSM_woTemplates_model_1_multimer_v3_pred_36.pdb	1	1	1	1	1	1	1	1	1
afm_dropout_noSM_woTemplates_model_1_multimer_v3_pred_37.pdb	1	1	1	1	1	1	1	1	1175
afm_dropout_noSM_woTemplates_model_1_multimer_v3_pred_38.pdb	1	1	1	1	1	1	1	1	43
afm_dropout_noSM_woTemplates_model_1_multimer_v3_pred_39.pdb	1	1	1	1	1	1	1	1	43
afm_dropout_noSM_woTemplates_model_1_multimer_v3_pred_4.pdb	1	1	1	1	1	1	1	1	1
afm_dropout_noSM_woTemplates_model_1_multimer_v3_pred_40.pdb	1	1	1	1	1	1	1	1	1
afm_dropout_noSM_woTemplates_model_1_multimer_v3_pred_41.pdb	1	1	1	1	1	1	1	1	1
afm_dropout_noSM_woTemplates_model_1_multimer_v3_pred_42.pdb	1	1	1	1	1	1	1	1	1
afm_dropout_noSM_woTemplates_model_1_multimer_v3_pred_43.pdb	1	1	1	1	1	1	1	1	1
afm_dropout_noSM_woTemplates_model_1_multimer_v3_pred_44.pdb	1	1	1	1	1	1	1	1	1
afm_dropout_noSM_woTemplates_model_1_multimer_v3_pred_45.pdb	1	1	1	1	1	1	1	1	1
afm_dropout_noSM_woTemplates_model_1_multimer_v3_pred_46.pdb	1	1	1	1	1	1	1	1	1
afm_dropout_noSM_woTemplates_model_1_multimer_v3_pred_47.pdb	1	1	1	1	1	1	1	1	1
afm_dropout_noSM_woTemplates_model_1_multimer_v3_pred_48.pdb	1	1	1	1	1	1	1	1	43
afm_dropout_noSM_woTemplates_model_1_multimer_v3_pred_49.pdb	1	1	1	1	1	1	1	1	43
afm_dropout_noSM_woTemplates_model_1_multimer_v3_pred_5.pdb	1	1	1	1	1	1	1	1	1
afm_dropout_noSM_woTemplates_model_1_multimer_v3_pred_50.pdb	1	1	1	1	1	1	1	1	43
afm_dropout_noSM_woTemplates_model_1_multimer_v3_pred_51.pdb	1	1	1	1	1	1	1	1	1
afm_dropout_noSM_woTemplates_model_1_multimer_v3_pred_52.pdb	1	1	1	1	1	1	1	1	1
afm_dropout_noSM_woTemplates_model_1_multimer_v3_pred_53.pdb	1	1	1	1	1	1	1	1	1
afm_dropout_noSM_woTemplates_model_1_multimer_v3_pred_54.pdb	1	1	1	1	1	1	1	1	215
afm_dropout_noSM_woTemplates_model_1_multimer_v3_pred_55.pdb	1	1	1	1	1	1	1	1	1
afm_dropout_noSM_woTemplates_model_1_multimer_v3_pred_56.pdb	1	1	1	1	1	1	1	1	1
afm_dropout_noSM_woTemplates_model_1_multimer_v3_pred_57.pdb	1	1	1	1	1	1	1	1	1
afm_dropout_noSM_woTemplates_model_1_multimer_v3_pred_58.pdb	1	1	1	1	1	1	1	1	1
afm_dropout_noSM_woTemplates_model_1_multimer_v3_pred_59.pdb	1	1	1	1	1	1	1	1	1
afm_dropout_noSM_woTemplates_model_1_multimer_v3_pred_6.pdb	1	1	1	1	1	1	1	1	1
afm_dropout_noSM_woTemplates_model_1_multimer_v3_pred_60.pdb	1	1	1	1	1	1	1	1	1
afm_dropout_noSM_woTemplates_model_1_multimer_v3_pred_61.pdb	1	1	1	1	1	1	1	1	1
afm_dropout_noSM_woTemplates_model_1_multimer_v3_pred_62.pdb	1	1	1	1	1	1	1	1	1
afm_dropout_noSM_woTemplates_model_1_multimer_v3_pred_63.pdb	1	1	1	1	1	1	1	1	1
afm_dropout_noSM_woTemplates_model_1_multimer_v3_pred_64.pdb	1	1	1	1	1	1	1	1	43
afm_dropout_noSM_woTemplates_model_1_multimer_v3_pred_65.pdb	1	1	1	1	1	1	1	1	1
afm_dropout_noSM_woTemplates_model_1_multimer_v3_pred_66.pdb	1	1	1	1	1	1	1	1	1
afm_dropout_noSM_woTemplates_model_1_multimer_v3_pred_7.pdb	1	1	1	1	1	1	1	1	1
afm_dropout_noSM_woTemplates_model_1_multimer_v3_pred_8.pdb	1	1	1	1	1	1	1	1	1
afm_dropout_noSM_woTemplates_model_1_multimer_v3_pred_9.pdb	1	1	1	1	1	1	1	1	1
afm_dropout_noSM_woTemplates_model_2_multimer_v1_pred_0.pdb	1	1	1	1	1	1	1	2	47
afm_dropout_noSM_woTemplates_model_2_multimer_v1_pred_1.pdb	1	1	1	1	1	1	1	5	1176
afm_dropout_noSM_woTemplates_model_2_multimer_v1_pred_10.pdb	1	1	1	1	1	1	1	2	183
afm_dropout_noSM_woTemplates_model_2_multimer_v1_pred_11.pdb	1	1	1	1	1	1	1	2	39
afm_dropout_noSM_woTemplates_model_2_multimer_v1_pred_12.pdb	1	1	1	1	1	1	1	5	1177
afm_dropout_noSM_woTemplates_model_2_multimer_v1_pred_13.pdb	1	1	1	1	1	1	1	2	71
afm_dropout_noSM_woTemplates_model_2_multimer_v1_pred_14.pdb	1	1	1	1	1	1	1	2	87
afm_dropout_noSM_woTemplates_model_2_multimer_v1_pred_15.pdb	1	1	2	2	7	9	15	473	1178
afm_dropout_noSM_woTemplates_model_2_multimer_v1_pred_16.pdb	1	1	1	1	1	1	1	2	61
afm_dropout_noSM_woTemplates_model_2_multimer_v1_pred_17.pdb	1	1	1	1	1	1	1	2	61
afm_dropout_noSM_woTemplates_model_2_multimer_v1_pred_18.pdb	1	1	2	2	2	23	287	474	1179
afm_dropout_noSM_woTemplates_model_2_multimer_v1_pred_19.pdb	1	1	2	2	4	29	288	475	1180
afm_dropout_noSM_woTemplates_model_2_multimer_v1_pred_2.pdb	1	1	1	1	1	1	1	2	47
afm_dropout_noSM_woTemplates_model_2_multimer_v1_pred_20.pdb	1	1	2	2	2	9	15	476	1181
afm_dropout_noSM_woTemplates_model_2_multimer_v1_pred_21.pdb	1	1	1	1	1	1	1	2	61
afm_dropout_noSM_woTemplates_model_2_multimer_v1_pred_22.pdb	1	1	1	1	1	1	1	5	1182
afm_dropout_noSM_woTemplates_model_2_multimer_v1_pred_23.pdb	1	1	1	1	1	1	1	1	87
afm_dropout_noSM_woTemplates_model_2_multimer_v1_pred_24.pdb	1	1	1	1	1	1	1	2	47
afm_dropout_noSM_woTemplates_model_2_multimer_v1_pred_25.pdb	1	1	2	2	2	9	15	477	1183
afm_dropout_noSM_woTemplates_model_2_multimer_v1_pred_26.pdb	1	1	1	1	1	1	1	2	71
afm_dropout_noSM_woTemplates_model_2_multimer_v1_pred_27.pdb	1	1	1	1	1	1	1	2	1184
afm_dropout_noSM_woTemplates_model_2_multimer_v1_pred_28.pdb	1	1	1	1	1	1	1	2	94
afm_dropout_noSM_woTemplates_model_2_multimer_v1_pred_29.pdb	1	1	1	1	1	1	1	2	1185
afm_dropout_noSM_woTemplates_model_2_multimer_v1_pred_3.pdb	1	1	1	1	1	1	1	1	47
afm_dropout_noSM_woTemplates_model_2_multimer_v1_pred_30.pdb	1	1	2	2	2	5	15	478	1186
afm_dropout_noSM_woTemplates_model_2_multimer_v1_pred_31.pdb	1	1	2	2	2	5	15	479	1187
afm_dropout_noSM_woTemplates_model_2_multimer_v1_pred_32.pdb	1	1	1	1	1	1	1	2	1188
afm_dropout_noSM_woTemplates_model_2_multimer_v1_pred_33.pdb	1	2	3	5	5	8	32	480	1189
afm_dropout_noSM_woTemplates_model_2_multimer_v1_pred_34.pdb	1	1	1	1	1	1	1	2	114
afm_dropout_noSM_woTemplates_model_2_multimer_v1_pred_35.pdb	1	1	1	1	1	1	1	2	61
afm_dropout_noSM_woTemplates_model_2_multimer_v1_pred_36.pdb	1	1	1	1	1	1	1	2	1190
afm_dropout_noSM_woTemplates_model_2_multimer_v1_pred_37.pdb	1	1	1	2	2	13	28	481	1191
afm_dropout_noSM_woTemplates_model_2_multimer_v1_pred_38.pdb	1	1	1	1	1	1	1	2	47
afm_dropout_noSM_woTemplates_model_2_multimer_v1_pred_39.pdb	1	1	1	1	1	1	1	2	181
afm_dropout_noSM_woTemplates_model_2_multimer_v1_pred_4.pdb	1	1	1	1	1	1	1	2	94
afm_dropout_noSM_woTemplates_model_2_multimer_v1_pred_40.pdb	1	1	1	1	1	1	1	2	61
afm_dropout_noSM_woTemplates_model_2_multimer_v1_pred_41.pdb	1	1	1	1	1	1	1	2	1192
afm_dropout_noSM_woTemplates_model_2_multimer_v1_pred_42.pdb	1	1	2	2	7	9	15	482	1193
afm_dropout_noSM_woTemplates_model_2_multimer_v1_pred_43.pdb	1	1	1	1	1	1	1	2	1194
afm_dropout_noSM_woTemplates_model_2_multimer_v1_pred_44.pdb	1	1	1	1	1	1	1	2	71
afm_dropout_noSM_woTemplates_model_2_multimer_v1_pred_45.pdb	1	1	1	1	1	1	1	2	1195
afm_dropout_noSM_woTemplates_model_2_multimer_v1_pred_46.pdb	1	1	1	1	1	1	1	2	71
afm_dropout_noSM_woTemplates_model_2_multimer_v1_pred_47.pdb	1	1	2	2	7	9	22	483	1196
afm_dropout_noSM_woTemplates_model_2_multimer_v1_pred_48.pdb	1	1	1	1	1	1	1	5	1197
afm_dropout_noSM_woTemplates_model_2_multimer_v1_pred_49.pdb	1	1	1	1	1	1	1	2	47
afm_dropout_noSM_woTemplates_model_2_multimer_v1_pred_5.pdb	1	1	1	1	1	1	1	2	47
afm_dropout_noSM_woTemplates_model_2_multimer_v1_pred_50.pdb	1	1	1	1	1	1	1	2	61
afm_dropout_noSM_woTemplates_model_2_multimer_v1_pred_51.pdb	1	1	1	1	1	1	1	2	47
afm_dropout_noSM_woTemplates_model_2_multimer_v1_pred_52.pdb	1	1	2	2	7	9	17	484	1198
afm_dropout_noSM_woTemplates_model_2_multimer_v1_pred_53.pdb	1	1	1	1	1	1	1	1	114
afm_dropout_noSM_woTemplates_model_2_multimer_v1_pred_54.pdb	1	1	1	1	1	1	1	2	1199
afm_dropout_noSM_woTemplates_model_2_multimer_v1_pred_55.pdb	1	1	1	1	1	1	2	29	1200
afm_dropout_noSM_woTemplates_model_2_multimer_v1_pred_56.pdb	1	1	1	1	1	1	1	2	114
afm_dropout_noSM_woTemplates_model_2_multimer_v1_pred_57.pdb	1	1	1	1	1	1	1	2	1201
afm_dropout_noSM_woTemplates_model_2_multimer_v1_pred_58.pdb	1	1	1	1	1	1	1	2	1202
afm_dropout_noSM_woTemplates_model_2_multimer_v1_pred_59.pdb	1	1	1	1	1	1	1	2	114
afm_dropout_noSM_woTemplates_model_2_multimer_v1_pred_6.pdb	1	1	1	1	1	1	1	2	1203
afm_dropout_noSM_woTemplates_model_2_multimer_v1_pred_60.pdb	1	1	2	2	7	9	17	485	1204
afm_dropout_noSM_woTemplates_model_2_multimer_v1_pred_61.pdb	1	1	1	1	1	1	1	1	184
afm_dropout_noSM_woTemplates_model_2_multimer_v1_pred_62.pdb	1	1	2	2	2	9	15	486	1205
afm_dropout_noSM_woTemplates_model_2_multimer_v1_pred_63.pdb	1	1	1	1	1	1	1	2	61
afm_dropout_noSM_woTemplates_model_2_multimer_v1_pred_64.pdb	1	1	1	1	1	1	1	2	1206
afm_dropout_noSM_woTemplates_model_2_multimer_v1_pred_65.pdb	1	1	1	1	1	1	1	2	1207
afm_dropout_noSM_woTemplates_model_2_multimer_v1_pred_66.pdb	1	1	2	2	7	9	17	487	1208
afm_dropout_noSM_woTemplates_model_2_multimer_v1_pred_7.pdb	1	1	1	1	1	1	1	2	1209
afm_dropout_noSM_woTemplates_model_2_multimer_v1_pred_8.pdb	1	1	1	1	1	1	1	2	1210
afm_dropout_noSM_woTemplates_model_2_multimer_v1_pred_9.pdb	1	1	1	1	1	1	1	1	114
afm_dropout_noSM_woTemplates_model_2_multimer_v2_pred_0.pdb	1	1	1	1	1	1	1	1	7
afm_dropout_noSM_woTemplates_model_2_multimer_v2_pred_1.pdb	1	1	1	1	1	1	1	1	7
afm_dropout_noSM_woTemplates_model_2_multimer_v2_pred_10.pdb	1	1	1	1	1	1	1	1	7
afm_dropout_noSM_woTemplates_model_2_multimer_v2_pred_11.pdb	1	1	1	1	1	1	1	1	7
afm_dropout_noSM_woTemplates_model_2_multimer_v2_pred_12.pdb	1	1	1	1	1	1	1	4	1211
afm_dropout_noSM_woTemplates_model_2_multimer_v2_pred_13.pdb	1	1	1	1	1	1	1	1	7
afm_dropout_noSM_woTemplates_model_2_multimer_v2_pred_14.pdb	1	1	1	1	1	1	1	1	7
afm_dropout_noSM_woTemplates_model_2_multimer_v2_pred_15.pdb	1	1	1	1	1	1	1	1	7
afm_dropout_noSM_woTemplates_model_2_multimer_v2_pred_16.pdb	1	1	1	1	1	1	1	1	7
afm_dropout_noSM_woTemplates_model_2_multimer_v2_pred_17.pdb	1	1	1	1	1	1	1	1	7
afm_dropout_noSM_woTemplates_model_2_multimer_v2_pred_18.pdb	1	1	1	1	1	1	1	1	7
afm_dropout_noSM_woTemplates_model_2_multimer_v2_pred_19.pdb	1	1	1	1	1	1	1	1	7
afm_dropout_noSM_woTemplates_model_2_multimer_v2_pred_2.pdb	1	1	1	1	1	1	1	1	7
afm_dropout_noSM_woTemplates_model_2_multimer_v2_pred_20.pdb	1	1	1	1	1	1	1	1	7
afm_dropout_noSM_woTemplates_model_2_multimer_v2_pred_21.pdb	1	1	2	2	3	17	289	488	1212
afm_dropout_noSM_woTemplates_model_2_multimer_v2_pred_22.pdb	1	1	1	1	1	1	1	1	7
afm_dropout_noSM_woTemplates_model_2_multimer_v2_pred_23.pdb	1	1	1	1	1	1	1	1	104
afm_dropout_noSM_woTemplates_model_2_multimer_v2_pred_24.pdb	1	1	1	1	1	1	1	1	7
afm_dropout_noSM_woTemplates_model_2_multimer_v2_pred_25.pdb	1	1	1	1	1	1	1	1	7
afm_dropout_noSM_woTemplates_model_2_multimer_v2_pred_26.pdb	1	1	1	1	1	1	1	1	7
afm_dropout_noSM_woTemplates_model_2_multimer_v2_pred_27.pdb	1	1	1	1	1	1	1	1	1213
afm_dropout_noSM_woTemplates_model_2_multimer_v2_pred_28.pdb	1	1	1	1	1	1	1	1	7
afm_dropout_noSM_woTemplates_model_2_multimer_v2_pred_29.pdb	1	1	1	1	1	1	1	1	7
afm_dropout_noSM_woTemplates_model_2_multimer_v2_pred_3.pdb	1	1	1	1	1	1	1	1	104
afm_dropout_noSM_woTemplates_model_2_multimer_v2_pred_30.pdb	1	1	1	1	1	1	1	1	7
afm_dropout_noSM_woTemplates_model_2_multimer_v2_pred_31.pdb	1	1	1	1	1	1	1	1	7
afm_dropout_noSM_woTemplates_model_2_multimer_v2_pred_32.pdb	1	1	1	1	1	1	1	1	125
afm_dropout_noSM_woTemplates_model_2_multimer_v2_pred_33.pdb	1	1	1	1	1	1	1	1	7
afm_dropout_noSM_woTemplates_model_2_multimer_v2_pred_34.pdb	1	1	1	1	1	1	1	1	7
afm_dropout_noSM_woTemplates_model_2_multimer_v2_pred_35.pdb	1	1	1	1	1	1	1	1	7
afm_dropout_noSM_woTemplates_model_2_multimer_v2_pred_36.pdb	1	1	1	1	1	1	1	1	7
afm_dropout_noSM_woTemplates_model_2_multimer_v2_pred_37.pdb	1	1	1	1	1	1	1	1	7
afm_dropout_noSM_woTemplates_model_2_multimer_v2_pred_38.pdb	1	1	1	1	1	1	1	1	185
afm_dropout_noSM_woTemplates_model_2_multimer_v2_pred_39.pdb	1	1	1	1	1	1	1	1	7
afm_dropout_noSM_woTemplates_model_2_multimer_v2_pred_4.pdb	1	1	1	1	1	1	1	1	7
afm_dropout_noSM_woTemplates_model_2_multimer_v2_pred_40.pdb	1	1	1	1	1	1	1	1	7
afm_dropout_noSM_woTemplates_model_2_multimer_v2_pred_41.pdb	1	1	1	1	1	1	1	1	7
afm_dropout_noSM_woTemplates_model_2_multimer_v2_pred_42.pdb	1	1	1	1	1	1	1	1	7
afm_dropout_noSM_woTemplates_model_2_multimer_v2_pred_43.pdb	1	1	1	1	1	1	1	1	7
afm_dropout_noSM_woTemplates_model_2_multimer_v2_pred_44.pdb	1	1	1	1	1	1	1	1	7
afm_dropout_noSM_woTemplates_model_2_multimer_v2_pred_45.pdb	1	1	1	1	1	1	1	1	7
afm_dropout_noSM_woTemplates_model_2_multimer_v2_pred_46.pdb	1	1	1	1	1	1	1	1	7
afm_dropout_noSM_woTemplates_model_2_multimer_v2_pred_47.pdb	1	1	1	1	1	1	1	1	7
afm_dropout_noSM_woTemplates_model_2_multimer_v2_pred_48.pdb	1	1	1	1	1	1	1	1	7
afm_dropout_noSM_woTemplates_model_2_multimer_v2_pred_49.pdb	1	1	1	1	1	1	1	1	7
afm_dropout_noSM_woTemplates_model_2_multimer_v2_pred_5.pdb	1	1	1	1	1	1	1	1	125
afm_dropout_noSM_woTemplates_model_2_multimer_v2_pred_50.pdb	1	1	1	1	1	1	1	1	7
afm_dropout_noSM_woTemplates_model_2_multimer_v2_pred_51.pdb	1	1	1	1	1	1	1	1	7
afm_dropout_noSM_woTemplates_model_2_multimer_v2_pred_52.pdb	1	1	1	1	1	1	1	1	7
afm_dropout_noSM_woTemplates_model_2_multimer_v2_pred_53.pdb	1	1	1	1	1	1	1	1	7
afm_dropout_noSM_woTemplates_model_2_multimer_v2_pred_54.pdb	1	1	1	1	1	1	1	1	7
afm_dropout_noSM_woTemplates_model_2_multimer_v2_pred_55.pdb	1	1	1	1	1	1	1	1	98
afm_dropout_noSM_woTemplates_model_2_multimer_v2_pred_56.pdb	1	1	1	1	1	1	1	1	98
afm_dropout_noSM_woTemplates_model_2_multimer_v2_pred_57.pdb	1	1	1	1	1	1	1	1	7
afm_dropout_noSM_woTemplates_model_2_multimer_v2_pred_58.pdb	1	1	1	1	1	1	1	1	7
afm_dropout_noSM_woTemplates_model_2_multimer_v2_pred_59.pdb	1	1	1	1	1	1	1	1	7
afm_dropout_noSM_woTemplates_model_2_multimer_v2_pred_6.pdb	1	1	1	1	1	1	1	1	7
afm_dropout_noSM_woTemplates_model_2_multimer_v2_pred_60.pdb	1	1	1	1	1	1	1	1	7
afm_dropout_noSM_woTemplates_model_2_multimer_v2_pred_61.pdb	1	1	1	1	1	1	1	1	7
afm_dropout_noSM_woTemplates_model_2_multimer_v2_pred_62.pdb	1	1	1	1	1	1	1	1	7
afm_dropout_noSM_woTemplates_model_2_multimer_v2_pred_63.pdb	1	1	1	1	1	1	1	1	7
afm_dropout_noSM_woTemplates_model_2_multimer_v2_pred_64.pdb	1	1	1	1	1	1	1	1	7
afm_dropout_noSM_woTemplates_model_2_multimer_v2_pred_65.pdb	1	1	1	1	1	1	1	1	7
afm_dropout_noSM_woTemplates_model_2_multimer_v2_pred_66.pdb	1	1	1	1	1	1	1	1	7
afm_dropout_noSM_woTemplates_model_2_multimer_v2_pred_7.pdb	1	1	1	1	1	1	1	1	33
afm_dropout_noSM_woTemplates_model_2_multimer_v2_pred_8.pdb	1	1	1	1	1	1	1	1	7
afm_dropout_noSM_woTemplates_model_2_multimer_v2_pred_9.pdb	1	1	1	1	1	1	1	1	7
afm_dropout_noSM_woTemplates_model_2_multimer_v3_pred_0.pdb	1	1	1	1	1	1	1	1	112
afm_dropout_noSM_woTemplates_model_2_multimer_v3_pred_1.pdb	1	1	1	1	1	1	1	1	1
afm_dropout_noSM_woTemplates_model_2_multimer_v3_pred_10.pdb	1	1	1	1	1	1	1	1	34
afm_dropout_noSM_woTemplates_model_2_multimer_v3_pred_11.pdb	1	1	1	1	1	1	1	1	34
afm_dropout_noSM_woTemplates_model_2_multimer_v3_pred_12.pdb	1	1	1	1	1	1	1	1	1
afm_dropout_noSM_woTemplates_model_2_multimer_v3_pred_13.pdb	1	1	1	1	1	1	1	1	60
afm_dropout_noSM_woTemplates_model_2_multimer_v3_pred_14.pdb	1	1	1	1	1	1	1	1	34
afm_dropout_noSM_woTemplates_model_2_multimer_v3_pred_15.pdb	1	1	1	1	1	1	1	1	1
afm_dropout_noSM_woTemplates_model_2_multimer_v3_pred_16.pdb	1	1	1	1	1	1	1	1	1
afm_dropout_noSM_woTemplates_model_2_multimer_v3_pred_17.pdb	1	1	1	1	1	1	1	1	1
afm_dropout_noSM_woTemplates_model_2_multimer_v3_pred_18.pdb	1	1	1	1	1	1	1	1	77
afm_dropout_noSM_woTemplates_model_2_multimer_v3_pred_19.pdb	1	1	1	1	1	1	1	1	34
afm_dropout_noSM_woTemplates_model_2_multimer_v3_pred_2.pdb	1	1	1	1	1	1	1	1	34
afm_dropout_noSM_woTemplates_model_2_multimer_v3_pred_20.pdb	1	1	1	1	1	1	1	1	77
afm_dropout_noSM_woTemplates_model_2_multimer_v3_pred_21.pdb	1	1	1	1	1	1	1	1	1
afm_dropout_noSM_woTemplates_model_2_multimer_v3_pred_22.pdb	1	1	1	1	1	1	1	1	34
afm_dropout_noSM_woTemplates_model_2_multimer_v3_pred_23.pdb	1	1	1	1	1	1	1	1	1
afm_dropout_noSM_woTemplates_model_2_multimer_v3_pred_24.pdb	1	1	1	1	1	1	1	1	1
afm_dropout_noSM_woTemplates_model_2_multimer_v3_pred_25.pdb	1	1	1	1	1	1	1	1	1
afm_dropout_noSM_woTemplates_model_2_multimer_v3_pred_26.pdb	1	1	1	1	1	1	1	1	34
afm_dropout_noSM_woTemplates_model_2_multimer_v3_pred_27.pdb	1	1	1	1	1	1	1	1	1
afm_dropout_noSM_woTemplates_model_2_multimer_v3_pred_28.pdb	1	1	1	1	1	1	1	1	1
afm_dropout_noSM_woTemplates_model_2_multimer_v3_pred_29.pdb	1	1	1	1	1	1	1	1	60
afm_dropout_noSM_woTemplates_model_2_multimer_v3_pred_3.pdb	1	1	1	1	1	1	1	1	1
afm_dropout_noSM_woTemplates_model_2_multimer_v3_pred_30.pdb	1	1	1	1	1	1	1	1	55
afm_dropout_noSM_woTemplates_model_2_multimer_v3_pred_31.pdb	1	1	1	1	1	1	1	1	1
afm_dropout_noSM_woTemplates_model_2_multimer_v3_pred_32.pdb	1	1	1	1	1	1	1	1	77
afm_dropout_noSM_woTemplates_model_2_multimer_v3_pred_33.pdb	1	1	1	1	1	1	1	1	34
afm_dropout_noSM_woTemplates_model_2_multimer_v3_pred_34.pdb	1	1	1	1	1	1	1	1	60
afm_dropout_noSM_woTemplates_model_2_multimer_v3_pred_35.pdb	1	1	1	1	1	1	1	1	34
afm_dropout_noSM_woTemplates_model_2_multimer_v3_pred_36.pdb	1	1	1	1	1	1	1	1	1
afm_dropout_noSM_woTemplates_model_2_multimer_v3_pred_37.pdb	1	1	1	1	1	1	1	1	34
afm_dropout_noSM_woTemplates_model_2_multimer_v3_pred_38.pdb	1	1	1	1	1	1	1	1	1
afm_dropout_noSM_woTemplates_model_2_multimer_v3_pred_39.pdb	1	1	1	1	1	1	1	1	77
afm_dropout_noSM_woTemplates_model_2_multimer_v3_pred_4.pdb	1	1	1	1	1	1	1	1	43
afm_dropout_noSM_woTemplates_model_2_multimer_v3_pred_40.pdb	1	1	1	1	1	1	1	1	1
afm_dropout_noSM_woTemplates_model_2_multimer_v3_pred_41.pdb	1	1	1	1	1	1	1	1	1
afm_dropout_noSM_woTemplates_model_2_multimer_v3_pred_42.pdb	1	1	1	1	1	1	1	1	60
afm_dropout_noSM_woTemplates_model_2_multimer_v3_pred_43.pdb	1	1	1	1	1	1	1	1	1
afm_dropout_noSM_woTemplates_model_2_multimer_v3_pred_44.pdb	1	1	1	1	1	1	1	1	1
afm_dropout_noSM_woTemplates_model_2_multimer_v3_pred_45.pdb	1	1	1	1	1	1	1	1	34
afm_dropout_noSM_woTemplates_model_2_multimer_v3_pred_46.pdb	1	1	1	1	1	1	1	1	1
afm_dropout_noSM_woTemplates_model_2_multimer_v3_pred_47.pdb	1	1	1	1	1	1	1	1	77
afm_dropout_noSM_woTemplates_model_2_multimer_v3_pred_48.pdb	1	1	1	1	1	1	1	1	1
afm_dropout_noSM_woTemplates_model_2_multimer_v3_pred_49.pdb	1	1	1	1	1	1	1	1	1
afm_dropout_noSM_woTemplates_model_2_multimer_v3_pred_5.pdb	1	1	1	1	1	1	1	1	1
afm_dropout_noSM_woTemplates_model_2_multimer_v3_pred_50.pdb	1	1	1	1	1	1	1	1	34
afm_dropout_noSM_woTemplates_model_2_multimer_v3_pred_51.pdb	1	1	1	1	1	1	1	1	34
afm_dropout_noSM_woTemplates_model_2_multimer_v3_pred_52.pdb	1	1	1	1	1	1	1	1	60
afm_dropout_noSM_woTemplates_model_2_multimer_v3_pred_53.pdb	1	1	1	1	1	1	1	1	1
afm_dropout_noSM_woTemplates_model_2_multimer_v3_pred_54.pdb	1	1	1	1	1	1	1	1	34
afm_dropout_noSM_woTemplates_model_2_multimer_v3_pred_55.pdb	1	1	1	1	1	1	1	1	1
afm_dropout_noSM_woTemplates_model_2_multimer_v3_pred_56.pdb	1	1	1	1	1	1	1	1	1
afm_dropout_noSM_woTemplates_model_2_multimer_v3_pred_57.pdb	1	1	1	1	1	1	1	1	1
afm_dropout_noSM_woTemplates_model_2_multimer_v3_pred_58.pdb	1	1	1	1	1	1	1	1	1
afm_dropout_noSM_woTemplates_model_2_multimer_v3_pred_59.pdb	1	1	1	1	1	1	1	1	1
afm_dropout_noSM_woTemplates_model_2_multimer_v3_pred_6.pdb	1	1	1	1	1	1	1	1	34
afm_dropout_noSM_woTemplates_model_2_multimer_v3_pred_60.pdb	1	1	1	1	1	1	1	1	34
afm_dropout_noSM_woTemplates_model_2_multimer_v3_pred_61.pdb	1	1	1	1	1	1	1	1	1
afm_dropout_noSM_woTemplates_model_2_multimer_v3_pred_62.pdb	1	1	1	1	1	1	1	1	34
afm_dropout_noSM_woTemplates_model_2_multimer_v3_pred_63.pdb	1	1	1	1	1	1	1	1	1
afm_dropout_noSM_woTemplates_model_2_multimer_v3_pred_64.pdb	1	1	1	1	1	1	1	1	1
afm_dropout_noSM_woTemplates_model_2_multimer_v3_pred_65.pdb	1	1	1	1	1	1	1	1	1
afm_dropout_noSM_woTemplates_model_2_multimer_v3_pred_66.pdb	1	1	1	1	1	1	1	1	1
afm_dropout_noSM_woTemplates_model_2_multimer_v3_pred_7.pdb	1	1	1	1	1	1	1	1	1
afm_dropout_noSM_woTemplates_model_2_multimer_v3_pred_8.pdb	1	1	1	1	1	1	1	1	34
afm_dropout_noSM_woTemplates_model_2_multimer_v3_pred_9.pdb	1	1	1	1	1	1	1	1	1
afm_dropout_noSM_woTemplates_model_3_multimer_v1_pred_0.pdb	1	1	1	1	1	1	1	2	17
afm_dropout_noSM_woTemplates_model_3_multimer_v1_pred_1.pdb	1	1	1	1	1	1	1	2	156
afm_dropout_noSM_woTemplates_model_3_multimer_v1_pred_10.pdb	1	1	1	1	1	1	1	2	68
afm_dropout_noSM_woTemplates_model_3_multimer_v1_pred_11.pdb	1	1	1	1	1	1	1	2	48
afm_dropout_noSM_woTemplates_model_3_multimer_v1_pred_12.pdb	1	1	1	1	1	1	1	2	48
afm_dropout_noSM_woTemplates_model_3_multimer_v1_pred_13.pdb	1	1	1	1	1	1	1	2	68
afm_dropout_noSM_woTemplates_model_3_multimer_v1_pred_14.pdb	1	1	1	1	1	1	1	2	17
afm_dropout_noSM_woTemplates_model_3_multimer_v1_pred_15.pdb	1	1	1	1	1	1	1	2	17
afm_dropout_noSM_woTemplates_model_3_multimer_v1_pred_16.pdb	1	1	1	1	1	1	1	2	156
afm_dropout_noSM_woTemplates_model_3_multimer_v1_pred_17.pdb	1	1	1	1	1	1	1	2	48
afm_dropout_noSM_woTemplates_model_3_multimer_v1_pred_18.pdb	1	1	1	1	1	1	1	2	17
afm_dropout_noSM_woTemplates_model_3_multimer_v1_pred_19.pdb	1	1	1	1	1	1	1	2	17
afm_dropout_noSM_woTemplates_model_3_multimer_v1_pred_2.pdb	1	1	1	1	1	1	1	2	17
afm_dropout_noSM_woTemplates_model_3_multimer_v1_pred_20.pdb	1	1	1	1	1	1	1	2	17
afm_dropout_noSM_woTemplates_model_3_multimer_v1_pred_21.pdb	1	1	1	1	1	1	1	18	67
afm_dropout_noSM_woTemplates_model_3_multimer_v1_pred_22.pdb	1	1	1	1	1	1	1	2	17
afm_dropout_noSM_woTemplates_model_3_multimer_v1_pred_23.pdb	1	1	1	1	1	1	1	2	17
afm_dropout_noSM_woTemplates_model_3_multimer_v1_pred_24.pdb	1	1	1	1	1	1	1	1	17
afm_dropout_noSM_woTemplates_model_3_multimer_v1_pred_25.pdb	1	1	1	1	1	1	1	2	17
afm_dropout_noSM_woTemplates_model_3_multimer_v1_pred_26.pdb	1	1	1	1	1	1	1	2	17
afm_dropout_noSM_woTemplates_model_3_multimer_v1_pred_27.pdb	1	1	1	1	1	1	1	2	1214
afm_dropout_noSM_woTemplates_model_3_multimer_v1_pred_28.pdb	1	1	1	1	1	1	1	2	216
afm_dropout_noSM_woTemplates_model_3_multimer_v1_pred_29.pdb	1	1	1	1	1	1	1	2	156
afm_dropout_noSM_woTemplates_model_3_multimer_v1_pred_3.pdb	1	1	1	1	1	1	1	2	17
afm_dropout_noSM_woTemplates_model_3_multimer_v1_pred_30.pdb	1	1	1	1	1	1	1	2	17
afm_dropout_noSM_woTemplates_model_3_multimer_v1_pred_31.pdb	1	1	1	1	1	1	1	2	17
afm_dropout_noSM_woTemplates_model_3_multimer_v1_pred_32.pdb	1	1	1	1	1	1	1	2	68
afm_dropout_noSM_woTemplates_model_3_multimer_v1_pred_33.pdb	1	1	1	1	1	1	1	2	17
afm_dropout_noSM_woTemplates_model_3_multimer_v1_pred_34.pdb	1	1	1	1	1	1	1	2	17
afm_dropout_noSM_woTemplates_model_3_multimer_v1_pred_35.pdb	1	1	1	1	1	1	1	2	17
afm_dropout_noSM_woTemplates_model_3_multimer_v1_pred_36.pdb	1	1	1	1	1	1	1	2	17
afm_dropout_noSM_woTemplates_model_3_multimer_v1_pred_37.pdb	1	1	1	1	1	1	1	2	17
afm_dropout_noSM_woTemplates_model_3_multimer_v1_pred_38.pdb	1	1	1	1	1	1	1	2	17
afm_dropout_noSM_woTemplates_model_3_multimer_v1_pred_39.pdb	1	1	1	1	1	1	1	2	133
afm_dropout_noSM_woTemplates_model_3_multimer_v1_pred_4.pdb	1	1	1	1	1	1	1	2	17
afm_dropout_noSM_woTemplates_model_3_multimer_v1_pred_40.pdb	1	1	1	1	1	1	1	2	17
afm_dropout_noSM_woTemplates_model_3_multimer_v1_pred_41.pdb	1	1	1	1	1	1	1	2	17
afm_dropout_noSM_woTemplates_model_3_multimer_v1_pred_42.pdb	1	1	1	1	1	1	1	2	17
afm_dropout_noSM_woTemplates_model_3_multimer_v1_pred_43.pdb	1	1	1	1	1	1	1	2	17
afm_dropout_noSM_woTemplates_model_3_multimer_v1_pred_44.pdb	1	1	1	1	1	1	1	2	17
afm_dropout_noSM_woTemplates_model_3_multimer_v1_pred_45.pdb	1	1	1	1	1	1	1	2	17
afm_dropout_noSM_woTemplates_model_3_multimer_v1_pred_46.pdb	1	1	1	1	1	1	1	2	216
afm_dropout_noSM_woTemplates_model_3_multimer_v1_pred_47.pdb	1	1	1	1	1	1	1	2	17
afm_dropout_noSM_woTemplates_model_3_multimer_v1_pred_48.pdb	1	1	1	1	1	1	1	2	68
afm_dropout_noSM_woTemplates_model_3_multimer_v1_pred_49.pdb	1	1	1	1	1	1	1	2	48
afm_dropout_noSM_woTemplates_model_3_multimer_v1_pred_5.pdb	1	1	1	1	1	1	1	2	1215
afm_dropout_noSM_woTemplates_model_3_multimer_v1_pred_50.pdb	1	1	1	1	1	1	1	2	133
afm_dropout_noSM_woTemplates_model_3_multimer_v1_pred_51.pdb	1	1	1	1	1	1	1	489	1216
afm_dropout_noSM_woTemplates_model_3_multimer_v1_pred_52.pdb	1	1	1	1	1	1	1	2	17
afm_dropout_noSM_woTemplates_model_3_multimer_v1_pred_53.pdb	1	1	1	1	1	1	1	2	17
afm_dropout_noSM_woTemplates_model_3_multimer_v1_pred_54.pdb	1	1	1	1	1	1	1	2	17
afm_dropout_noSM_woTemplates_model_3_multimer_v1_pred_55.pdb	1	1	1	1	1	1	1	2	1217
afm_dropout_noSM_woTemplates_model_3_multimer_v1_pred_56.pdb	1	1	1	1	1	1	1	2	29
afm_dropout_noSM_woTemplates_model_3_multimer_v1_pred_57.pdb	1	1	1	1	1	1	1	2	48
afm_dropout_noSM_woTemplates_model_3_multimer_v1_pred_58.pdb	1	1	1	1	1	1	1	2	1218
afm_dropout_noSM_woTemplates_model_3_multimer_v1_pred_59.pdb	1	1	1	1	1	1	1	2	133
afm_dropout_noSM_woTemplates_model_3_multimer_v1_pred_6.pdb	1	1	1	1	1	1	1	2	17
afm_dropout_noSM_woTemplates_model_3_multimer_v1_pred_60.pdb	1	1	1	1	1	1	1	2	1219
afm_dropout_noSM_woTemplates_model_3_multimer_v1_pred_61.pdb	1	1	1	1	1	1	1	2	17
afm_dropout_noSM_woTemplates_model_3_multimer_v1_pred_62.pdb	1	1	1	1	1	1	1	2	17
afm_dropout_noSM_woTemplates_model_3_multimer_v1_pred_63.pdb	1	1	1	1	1	1	1	2	68
afm_dropout_noSM_woTemplates_model_3_multimer_v1_pred_64.pdb	1	1	1	1	1	1	1	1	17
afm_dropout_noSM_woTemplates_model_3_multimer_v1_pred_65.pdb	1	1	1	1	1	1	1	2	1220
afm_dropout_noSM_woTemplates_model_3_multimer_v1_pred_66.pdb	1	1	1	1	1	1	1	2	17
afm_dropout_noSM_woTemplates_model_3_multimer_v1_pred_7.pdb	1	1	1	1	1	1	1	2	1221
afm_dropout_noSM_woTemplates_model_3_multimer_v1_pred_8.pdb	1	1	1	1	1	1	1	2	48
afm_dropout_noSM_woTemplates_model_3_multimer_v1_pred_9.pdb	1	1	1	1	1	1	1	2	17
afm_dropout_noSM_woTemplates_model_3_multimer_v2_pred_0.pdb	1	1	1	1	1	1	1	1	14
afm_dropout_noSM_woTemplates_model_3_multimer_v2_pred_1.pdb	1	1	1	1	1	1	1	1	14
afm_dropout_noSM_woTemplates_model_3_multimer_v2_pred_10.pdb	1	1	1	1	1	1	1	1	14
afm_dropout_noSM_woTemplates_model_3_multimer_v2_pred_11.pdb	1	1	1	1	1	1	1	1	14
afm_dropout_noSM_woTemplates_model_3_multimer_v2_pred_12.pdb	1	1	1	1	1	1	1	1	50
afm_dropout_noSM_woTemplates_model_3_multimer_v2_pred_13.pdb	1	1	1	1	1	1	1	1	14
afm_dropout_noSM_woTemplates_model_3_multimer_v2_pred_14.pdb	1	1	1	1	1	1	1	1	88
afm_dropout_noSM_woTemplates_model_3_multimer_v2_pred_15.pdb	1	1	1	1	1	1	1	1	14
afm_dropout_noSM_woTemplates_model_3_multimer_v2_pred_16.pdb	1	1	1	1	1	1	1	1	63
afm_dropout_noSM_woTemplates_model_3_multimer_v2_pred_17.pdb	1	1	1	1	1	1	1	1	14
afm_dropout_noSM_woTemplates_model_3_multimer_v2_pred_18.pdb	1	1	1	1	1	1	1	1	50
afm_dropout_noSM_woTemplates_model_3_multimer_v2_pred_19.pdb	1	1	1	1	1	1	1	1	50
afm_dropout_noSM_woTemplates_model_3_multimer_v2_pred_2.pdb	1	1	1	1	1	1	1	1	14
afm_dropout_noSM_woTemplates_model_3_multimer_v2_pred_20.pdb	1	1	1	1	1	1	1	1	49
afm_dropout_noSM_woTemplates_model_3_multimer_v2_pred_21.pdb	1	1	1	1	1	1	1	1	14
afm_dropout_noSM_woTemplates_model_3_multimer_v2_pred_22.pdb	1	1	1	1	1	1	1	1	50
afm_dropout_noSM_woTemplates_model_3_multimer_v2_pred_23.pdb	1	1	1	1	1	1	1	1	14
afm_dropout_noSM_woTemplates_model_3_multimer_v2_pred_24.pdb	1	1	1	1	1	1	1	1	14
afm_dropout_noSM_woTemplates_model_3_multimer_v2_pred_25.pdb	1	1	1	1	1	1	1	1	14
afm_dropout_noSM_woTemplates_model_3_multimer_v2_pred_26.pdb	1	1	1	1	1	1	1	1	50
afm_dropout_noSM_woTemplates_model_3_multimer_v2_pred_27.pdb	1	1	1	1	1	1	1	1	14
afm_dropout_noSM_woTemplates_model_3_multimer_v2_pred_28.pdb	1	1	1	1	1	1	1	1	14
afm_dropout_noSM_woTemplates_model_3_multimer_v2_pred_29.pdb	1	1	1	1	1	1	1	1	50
afm_dropout_noSM_woTemplates_model_3_multimer_v2_pred_3.pdb	1	1	1	1	1	1	1	1	14
afm_dropout_noSM_woTemplates_model_3_multimer_v2_pred_30.pdb	1	1	1	1	1	1	1	1	14
afm_dropout_noSM_woTemplates_model_3_multimer_v2_pred_31.pdb	1	1	1	1	1	1	1	1	50
afm_dropout_noSM_woTemplates_model_3_multimer_v2_pred_32.pdb	1	1	1	1	1	1	1	1	14
afm_dropout_noSM_woTemplates_model_3_multimer_v2_pred_33.pdb	1	1	1	1	1	1	1	1	14
afm_dropout_noSM_woTemplates_model_3_multimer_v2_pred_34.pdb	1	1	1	1	1	1	1	1	49
afm_dropout_noSM_woTemplates_model_3_multimer_v2_pred_35.pdb	1	1	1	1	1	1	1	1	63
afm_dropout_noSM_woTemplates_model_3_multimer_v2_pred_36.pdb	1	1	1	1	1	1	1	1	14
afm_dropout_noSM_woTemplates_model_3_multimer_v2_pred_37.pdb	1	1	1	1	1	1	1	1	14
afm_dropout_noSM_woTemplates_model_3_multimer_v2_pred_38.pdb	1	1	1	1	1	1	1	1	14
afm_dropout_noSM_woTemplates_model_3_multimer_v2_pred_39.pdb	1	1	1	1	1	1	1	1	63
afm_dropout_noSM_woTemplates_model_3_multimer_v2_pred_4.pdb	1	1	1	1	1	1	1	1	14
afm_dropout_noSM_woTemplates_model_3_multimer_v2_pred_40.pdb	1	1	1	1	1	1	1	1	14
afm_dropout_noSM_woTemplates_model_3_multimer_v2_pred_41.pdb	1	1	1	1	1	1	1	1	50
afm_dropout_noSM_woTemplates_model_3_multimer_v2_pred_42.pdb	1	1	1	1	1	1	1	1	14
afm_dropout_noSM_woTemplates_model_3_multimer_v2_pred_43.pdb	1	1	2	3	3	14	23	51	1222
afm_dropout_noSM_woTemplates_model_3_multimer_v2_pred_44.pdb	1	1	1	1	1	1	1	4	189
afm_dropout_noSM_woTemplates_model_3_multimer_v2_pred_45.pdb	1	1	1	1	1	1	1	1	14
afm_dropout_noSM_woTemplates_model_3_multimer_v2_pred_46.pdb	1	1	1	1	1	1	1	1	50
afm_dropout_noSM_woTemplates_model_3_multimer_v2_pred_47.pdb	1	1	1	1	1	1	1	1	49
afm_dropout_noSM_woTemplates_model_3_multimer_v2_pred_48.pdb	1	1	1	1	1	1	1	1	14
afm_dropout_noSM_woTemplates_model_3_multimer_v2_pred_49.pdb	1	1	1	1	1	1	1	1	63
afm_dropout_noSM_woTemplates_model_3_multimer_v2_pred_5.pdb	1	1	1	1	1	1	1	11	50
afm_dropout_noSM_woTemplates_model_3_multimer_v2_pred_50.pdb	1	1	1	1	1	1	1	1	14
afm_dropout_noSM_woTemplates_model_3_multimer_v2_pred_51.pdb	1	1	1	1	1	1	1	1	14
afm_dropout_noSM_woTemplates_model_3_multimer_v2_pred_52.pdb	1	1	1	1	1	1	1	1	14
afm_dropout_noSM_woTemplates_model_3_multimer_v2_pred_53.pdb	1	1	1	1	1	1	1	1	14
afm_dropout_noSM_woTemplates_model_3_multimer_v2_pred_54.pdb	1	1	1	1	1	1	1	1	14
afm_dropout_noSM_woTemplates_model_3_multimer_v2_pred_55.pdb	1	1	1	1	1	1	1	1	50
afm_dropout_noSM_woTemplates_model_3_multimer_v2_pred_56.pdb	1	1	1	1	1	1	1	1	49
afm_dropout_noSM_woTemplates_model_3_multimer_v2_pred_57.pdb	1	1	1	1	1	1	1	1	50
afm_dropout_noSM_woTemplates_model_3_multimer_v2_pred_58.pdb	1	1	1	1	1	1	1	1	63
afm_dropout_noSM_woTemplates_model_3_multimer_v2_pred_59.pdb	1	1	1	1	1	1	1	1	50
afm_dropout_noSM_woTemplates_model_3_multimer_v2_pred_6.pdb	1	1	1	1	1	1	1	1	14
afm_dropout_noSM_woTemplates_model_3_multimer_v2_pred_60.pdb	1	1	1	1	1	1	1	1	49
afm_dropout_noSM_woTemplates_model_3_multimer_v2_pred_61.pdb	1	1	1	1	1	1	1	1	14
afm_dropout_noSM_woTemplates_model_3_multimer_v2_pred_62.pdb	1	1	1	1	1	1	1	1	63
afm_dropout_noSM_woTemplates_model_3_multimer_v2_pred_63.pdb	1	1	1	1	1	1	1	1	50
afm_dropout_noSM_woTemplates_model_3_multimer_v2_pred_64.pdb	1	1	1	1	1	1	1	1	14
afm_dropout_noSM_woTemplates_model_3_multimer_v2_pred_65.pdb	1	1	1	1	1	1	1	1	49
afm_dropout_noSM_woTemplates_model_3_multimer_v2_pred_66.pdb	1	1	1	1	1	1	1	1	14
afm_dropout_noSM_woTemplates_model_3_multimer_v2_pred_7.pdb	1	1	1	1	1	1	1	1	50
afm_dropout_noSM_woTemplates_model_3_multimer_v2_pred_8.pdb	1	1	1	1	1	1	1	1	88
afm_dropout_noSM_woTemplates_model_3_multimer_v2_pred_9.pdb	1	1	1	1	1	1	1	1	14
afm_dropout_noSM_woTemplates_model_3_multimer_v3_pred_0.pdb	1	1	7	3	12	18	290	490	1223
afm_dropout_noSM_woTemplates_model_3_multimer_v3_pred_1.pdb	1	1	1	1	1	1	1	1	3
afm_dropout_noSM_woTemplates_model_3_multimer_v3_pred_10.pdb	1	1	1	1	1	1	1	1	3
afm_dropout_noSM_woTemplates_model_3_multimer_v3_pred_11.pdb	1	1	1	1	1	1	1	1	3
afm_dropout_noSM_woTemplates_model_3_multimer_v3_pred_12.pdb	1	1	1	1	1	1	1	1	3
afm_dropout_noSM_woTemplates_model_3_multimer_v3_pred_13.pdb	1	1	1	1	1	1	1	1	3
afm_dropout_noSM_woTemplates_model_3_multimer_v3_pred_14.pdb	1	1	1	1	1	1	1	1	3
afm_dropout_noSM_woTemplates_model_3_multimer_v3_pred_15.pdb	1	1	1	1	1	1	1	1	3
afm_dropout_noSM_woTemplates_model_3_multimer_v3_pred_16.pdb	1	1	1	1	1	1	1	1	3
afm_dropout_noSM_woTemplates_model_3_multimer_v3_pred_17.pdb	1	1	1	1	1	1	1	1	3
afm_dropout_noSM_woTemplates_model_3_multimer_v3_pred_18.pdb	1	1	2	3	12	18	33	491	1224
afm_dropout_noSM_woTemplates_model_3_multimer_v3_pred_19.pdb	1	1	1	1	1	1	1	1	3
afm_dropout_noSM_woTemplates_model_3_multimer_v3_pred_2.pdb	1	1	1	1	1	1	1	1	3
afm_dropout_noSM_woTemplates_model_3_multimer_v3_pred_20.pdb	1	1	1	1	1	1	1	1	3
afm_dropout_noSM_woTemplates_model_3_multimer_v3_pred_21.pdb	1	1	1	1	1	1	1	1	3
afm_dropout_noSM_woTemplates_model_3_multimer_v3_pred_22.pdb	1	1	1	1	1	1	1	1	3
afm_dropout_noSM_woTemplates_model_3_multimer_v3_pred_23.pdb	1	1	1	1	1	1	1	1	3
afm_dropout_noSM_woTemplates_model_3_multimer_v3_pred_24.pdb	1	1	1	1	1	1	1	1	3
afm_dropout_noSM_woTemplates_model_3_multimer_v3_pred_25.pdb	1	1	1	1	1	1	1	1	3
afm_dropout_noSM_woTemplates_model_3_multimer_v3_pred_26.pdb	1	1	1	1	1	1	1	1	3
afm_dropout_noSM_woTemplates_model_3_multimer_v3_pred_27.pdb	1	1	1	1	1	1	1	1	3
afm_dropout_noSM_woTemplates_model_3_multimer_v3_pred_28.pdb	1	1	1	1	1	1	1	1	3
afm_dropout_noSM_woTemplates_model_3_multimer_v3_pred_29.pdb	1	1	1	1	1	1	1	1	3
afm_dropout_noSM_woTemplates_model_3_multimer_v3_pred_3.pdb	1	1	1	1	1	1	1	1	3
afm_dropout_noSM_woTemplates_model_3_multimer_v3_pred_30.pdb	1	1	1	1	1	1	1	1	3
afm_dropout_noSM_woTemplates_model_3_multimer_v3_pred_31.pdb	1	1	1	1	1	1	1	1	3
afm_dropout_noSM_woTemplates_model_3_multimer_v3_pred_32.pdb	1	1	1	1	1	1	1	1	3
afm_dropout_noSM_woTemplates_model_3_multimer_v3_pred_33.pdb	1	1	1	1	1	1	1	1	3
afm_dropout_noSM_woTemplates_model_3_multimer_v3_pred_34.pdb	1	1	1	1	1	1	1	1	3
afm_dropout_noSM_woTemplates_model_3_multimer_v3_pred_35.pdb	1	1	1	1	1	1	1	1	3
afm_dropout_noSM_woTemplates_model_3_multimer_v3_pred_36.pdb	1	1	1	1	1	1	1	1	3
afm_dropout_noSM_woTemplates_model_3_multimer_v3_pred_37.pdb	1	1	1	1	1	1	1	1	3
afm_dropout_noSM_woTemplates_model_3_multimer_v3_pred_38.pdb	1	1	1	1	1	1	1	1	3
afm_dropout_noSM_woTemplates_model_3_multimer_v3_pred_39.pdb	1	1	1	1	1	1	1	1	3
afm_dropout_noSM_woTemplates_model_3_multimer_v3_pred_4.pdb	1	1	1	1	1	1	1	1	3
afm_dropout_noSM_woTemplates_model_3_multimer_v3_pred_40.pdb	1	1	1	1	1	1	1	1	3
afm_dropout_noSM_woTemplates_model_3_multimer_v3_pred_41.pdb	1	1	1	1	1	1	1	1	3
afm_dropout_noSM_woTemplates_model_3_multimer_v3_pred_42.pdb	1	1	1	1	1	1	1	1	3
afm_dropout_noSM_woTemplates_model_3_multimer_v3_pred_43.pdb	1	1	1	1	1	1	1	1	3
afm_dropout_noSM_woTemplates_model_3_multimer_v3_pred_44.pdb	1	1	1	1	1	1	1	1	3
afm_dropout_noSM_woTemplates_model_3_multimer_v3_pred_45.pdb	1	1	1	1	1	1	1	1	3
afm_dropout_noSM_woTemplates_model_3_multimer_v3_pred_46.pdb	1	1	1	1	1	1	1	1	3
afm_dropout_noSM_woTemplates_model_3_multimer_v3_pred_47.pdb	1	1	1	1	1	1	1	1	3
afm_dropout_noSM_woTemplates_model_3_multimer_v3_pred_48.pdb	1	1	1	1	1	1	1	1	3
afm_dropout_noSM_woTemplates_model_3_multimer_v3_pred_49.pdb	1	1	1	1	1	1	1	1	3
afm_dropout_noSM_woTemplates_model_3_multimer_v3_pred_5.pdb	1	1	1	1	1	1	1	1	3
afm_dropout_noSM_woTemplates_model_3_multimer_v3_pred_50.pdb	1	1	1	1	1	1	1	1	3
afm_dropout_noSM_woTemplates_model_3_multimer_v3_pred_51.pdb	1	1	1	1	1	1	1	1	3
afm_dropout_noSM_woTemplates_model_3_multimer_v3_pred_52.pdb	1	1	1	1	1	1	1	1	3
afm_dropout_noSM_woTemplates_model_3_multimer_v3_pred_53.pdb	1	1	1	1	1	1	1	1	3
afm_dropout_noSM_woTemplates_model_3_multimer_v3_pred_54.pdb	1	1	1	1	1	1	1	1	3
afm_dropout_noSM_woTemplates_model_3_multimer_v3_pred_55.pdb	1	1	1	1	1	1	1	1	3
afm_dropout_noSM_woTemplates_model_3_multimer_v3_pred_56.pdb	1	1	1	1	1	1	1	1	3
afm_dropout_noSM_woTemplates_model_3_multimer_v3_pred_57.pdb	1	1	1	1	1	1	1	1	3
afm_dropout_noSM_woTemplates_model_3_multimer_v3_pred_58.pdb	1	1	1	1	1	1	1	1	3
afm_dropout_noSM_woTemplates_model_3_multimer_v3_pred_59.pdb	1	1	1	1	1	1	1	1	3
afm_dropout_noSM_woTemplates_model_3_multimer_v3_pred_6.pdb	1	1	1	1	1	1	1	1	3
afm_dropout_noSM_woTemplates_model_3_multimer_v3_pred_60.pdb	1	1	1	1	1	1	1	1	3
afm_dropout_noSM_woTemplates_model_3_multimer_v3_pred_61.pdb	1	1	1	1	1	1	1	1	3
afm_dropout_noSM_woTemplates_model_3_multimer_v3_pred_62.pdb	1	1	1	1	1	1	1	1	3
afm_dropout_noSM_woTemplates_model_3_multimer_v3_pred_63.pdb	1	1	1	1	1	1	1	1	3
afm_dropout_noSM_woTemplates_model_3_multimer_v3_pred_64.pdb	1	1	1	1	1	1	1	1	3
afm_dropout_noSM_woTemplates_model_3_multimer_v3_pred_65.pdb	1	1	1	1	1	1	1	1	2
afm_dropout_noSM_woTemplates_model_3_multimer_v3_pred_66.pdb	1	1	1	1	1	1	1	1	3
afm_dropout_noSM_woTemplates_model_3_multimer_v3_pred_7.pdb	1	1	1	1	1	1	1	1	3
afm_dropout_noSM_woTemplates_model_3_multimer_v3_pred_8.pdb	1	1	1	1	1	1	1	1	13
afm_dropout_noSM_woTemplates_model_3_multimer_v3_pred_9.pdb	1	1	1	1	1	1	1	1	136
afm_dropout_noSM_woTemplates_model_4_multimer_v1_pred_0.pdb	1	1	1	1	1	1	1	1	133
afm_dropout_noSM_woTemplates_model_4_multimer_v1_pred_1.pdb	1	1	1	1	1	1	1	2	46
afm_dropout_noSM_woTemplates_model_4_multimer_v1_pred_10.pdb	1	1	2	2	2	2	3	41	1225
afm_dropout_noSM_woTemplates_model_4_multimer_v1_pred_11.pdb	1	1	2	2	2	5	14	492	1226
afm_dropout_noSM_woTemplates_model_4_multimer_v1_pred_12.pdb	1	1	1	1	1	1	1	1	1227
afm_dropout_noSM_woTemplates_model_4_multimer_v1_pred_13.pdb	1	1	1	1	1	1	1	2	46
afm_dropout_noSM_woTemplates_model_4_multimer_v1_pred_14.pdb	1	1	1	1	1	1	1	1	46
afm_dropout_noSM_woTemplates_model_4_multimer_v1_pred_15.pdb	1	1	1	1	1	1	1	2	46
afm_dropout_noSM_woTemplates_model_4_multimer_v1_pred_16.pdb	1	1	1	2	2	2	20	493	1228
afm_dropout_noSM_woTemplates_model_4_multimer_v1_pred_17.pdb	1	1	2	2	2	5	14	494	1229
afm_dropout_noSM_woTemplates_model_4_multimer_v1_pred_18.pdb	1	1	1	1	1	1	1	2	1230
afm_dropout_noSM_woTemplates_model_4_multimer_v1_pred_19.pdb	1	1	1	1	1	1	1	1	46
afm_dropout_noSM_woTemplates_model_4_multimer_v1_pred_2.pdb	1	1	1	1	1	1	1	1	46
afm_dropout_noSM_woTemplates_model_4_multimer_v1_pred_20.pdb	1	1	2	2	2	5	14	495	1231
afm_dropout_noSM_woTemplates_model_4_multimer_v1_pred_21.pdb	1	1	1	1	1	1	1	2	59
afm_dropout_noSM_woTemplates_model_4_multimer_v1_pred_22.pdb	1	1	1	1	1	1	1	1	18
afm_dropout_noSM_woTemplates_model_4_multimer_v1_pred_23.pdb	1	1	1	1	1	1	1	3	84
afm_dropout_noSM_woTemplates_model_4_multimer_v1_pred_24.pdb	1	1	1	1	1	1	1	1	18
afm_dropout_noSM_woTemplates_model_4_multimer_v1_pred_25.pdb	1	1	1	1	1	1	1	2	18
afm_dropout_noSM_woTemplates_model_4_multimer_v1_pred_26.pdb	1	1	1	1	1	1	1	2	1232
afm_dropout_noSM_woTemplates_model_4_multimer_v1_pred_27.pdb	1	1	1	1	1	1	1	1	46
afm_dropout_noSM_woTemplates_model_4_multimer_v1_pred_28.pdb	1	1	1	1	1	1	1	1	18
afm_dropout_noSM_woTemplates_model_4_multimer_v1_pred_29.pdb	1	1	2	2	2	5	14	496	1233
afm_dropout_noSM_woTemplates_model_4_multimer_v1_pred_3.pdb	1	1	1	1	1	1	1	1	46
afm_dropout_noSM_woTemplates_model_4_multimer_v1_pred_30.pdb	1	1	1	1	1	1	1	2	59
afm_dropout_noSM_woTemplates_model_4_multimer_v1_pred_31.pdb	1	1	1	1	1	1	1	2	126
afm_dropout_noSM_woTemplates_model_4_multimer_v1_pred_32.pdb	1	1	1	1	1	1	1	2	18
afm_dropout_noSM_woTemplates_model_4_multimer_v1_pred_33.pdb	1	1	1	1	1	1	1	3	84
afm_dropout_noSM_woTemplates_model_4_multimer_v1_pred_34.pdb	1	1	1	1	1	1	1	2	1234
afm_dropout_noSM_woTemplates_model_4_multimer_v1_pred_35.pdb	1	1	2	2	2	2	5	13	1235
afm_dropout_noSM_woTemplates_model_4_multimer_v1_pred_36.pdb	1	1	1	1	1	1	1	5	1236
afm_dropout_noSM_woTemplates_model_4_multimer_v1_pred_37.pdb	1	1	1	1	1	1	1	3	1237
afm_dropout_noSM_woTemplates_model_4_multimer_v1_pred_38.pdb	1	1	1	1	1	1	1	2	92
afm_dropout_noSM_woTemplates_model_4_multimer_v1_pred_39.pdb	1	1	1	1	1	1	1	1	18
afm_dropout_noSM_woTemplates_model_4_multimer_v1_pred_4.pdb	1	1	1	1	1	1	1	1	46
afm_dropout_noSM_woTemplates_model_4_multimer_v1_pred_40.pdb	1	1	1	1	1	1	1	2	18
afm_dropout_noSM_woTemplates_model_4_multimer_v1_pred_41.pdb	1	1	1	1	1	1	1	2	133
afm_dropout_noSM_woTemplates_model_4_multimer_v1_pred_42.pdb	1	1	1	1	1	1	1	2	161
afm_dropout_noSM_woTemplates_model_4_multimer_v1_pred_43.pdb	1	1	1	1	1	1	1	2	46
afm_dropout_noSM_woTemplates_model_4_multimer_v1_pred_44.pdb	1	1	1	1	1	1	1	1	46
afm_dropout_noSM_woTemplates_model_4_multimer_v1_pred_45.pdb	1	1	1	1	1	1	1	5	1238
afm_dropout_noSM_woTemplates_model_4_multimer_v1_pred_46.pdb	1	1	1	1	1	1	1	2	1239
afm_dropout_noSM_woTemplates_model_4_multimer_v1_pred_47.pdb	1	1	1	2	2	2	6	497	1240
afm_dropout_noSM_woTemplates_model_4_multimer_v1_pred_48.pdb	1	1	1	1	1	1	1	2	18
afm_dropout_noSM_woTemplates_model_4_multimer_v1_pred_49.pdb	1	1	1	1	1	1	1	1	59
afm_dropout_noSM_woTemplates_model_4_multimer_v1_pred_5.pdb	1	1	2	2	2	4	291	498	1241
afm_dropout_noSM_woTemplates_model_4_multimer_v1_pred_50.pdb	1	1	1	1	1	1	1	2	46
afm_dropout_noSM_woTemplates_model_4_multimer_v1_pred_51.pdb	1	1	2	2	2	4	292	499	1242
afm_dropout_noSM_woTemplates_model_4_multimer_v1_pred_52.pdb	1	1	1	1	1	1	1	2	18
afm_dropout_noSM_woTemplates_model_4_multimer_v1_pred_53.pdb	1	1	1	1	1	1	1	2	150
afm_dropout_noSM_woTemplates_model_4_multimer_v1_pred_54.pdb	1	1	2	2	2	2	5	13	1243
afm_dropout_noSM_woTemplates_model_4_multimer_v1_pred_55.pdb	1	1	1	1	1	1	2	3	1244
afm_dropout_noSM_woTemplates_model_4_multimer_v1_pred_56.pdb	1	1	2	2	2	2	5	38	1245
afm_dropout_noSM_woTemplates_model_4_multimer_v1_pred_57.pdb	1	1	1	1	1	1	1	2	1246
afm_dropout_noSM_woTemplates_model_4_multimer_v1_pred_58.pdb	1	1	1	1	1	1	1	2	1247
afm_dropout_noSM_woTemplates_model_4_multimer_v1_pred_59.pdb	1	1	1	1	1	1	1	3	1248
afm_dropout_noSM_woTemplates_model_4_multimer_v1_pred_6.pdb	1	1	1	1	1	1	1	2	1249
afm_dropout_noSM_woTemplates_model_4_multimer_v1_pred_60.pdb	1	1	1	1	1	1	1	1	18
afm_dropout_noSM_woTemplates_model_4_multimer_v1_pred_61.pdb	1	1	1	1	1	1	1	2	18
afm_dropout_noSM_woTemplates_model_4_multimer_v1_pred_62.pdb	1	1	1	1	1	1	1	2	46
afm_dropout_noSM_woTemplates_model_4_multimer_v1_pred_63.pdb	1	1	1	1	1	1	1	2	46
afm_dropout_noSM_woTemplates_model_4_multimer_v1_pred_64.pdb	1	1	2	2	2	2	5	38	1250
afm_dropout_noSM_woTemplates_model_4_multimer_v1_pred_65.pdb	1	1	1	1	1	1	1	2	18
afm_dropout_noSM_woTemplates_model_4_multimer_v1_pred_66.pdb	1	1	1	1	1	1	1	3	1251
afm_dropout_noSM_woTemplates_model_4_multimer_v1_pred_7.pdb	1	1	1	1	1	1	1	2	46
afm_dropout_noSM_woTemplates_model_4_multimer_v1_pred_8.pdb	1	1	1	1	1	1	2	3	1252
afm_dropout_noSM_woTemplates_model_4_multimer_v1_pred_9.pdb	1	1	1	1	1	1	1	3	84
afm_dropout_noSM_woTemplates_model_4_multimer_v2_pred_0.pdb	1	1	1	1	1	1	1	1	9
afm_dropout_noSM_woTemplates_model_4_multimer_v2_pred_1.pdb	1	1	1	1	1	1	1	1	9
afm_dropout_noSM_woTemplates_model_4_multimer_v2_pred_10.pdb	1	1	1	1	1	1	1	1	9
afm_dropout_noSM_woTemplates_model_4_multimer_v2_pred_11.pdb	1	1	1	1	1	1	1	1	9
afm_dropout_noSM_woTemplates_model_4_multimer_v2_pred_12.pdb	1	1	1	1	1	1	1	1	9
afm_dropout_noSM_woTemplates_model_4_multimer_v2_pred_13.pdb	1	1	1	1	1	1	1	1	9
afm_dropout_noSM_woTemplates_model_4_multimer_v2_pred_14.pdb	1	1	1	1	1	1	1	1	9
afm_dropout_noSM_woTemplates_model_4_multimer_v2_pred_15.pdb	1	1	1	1	1	1	1	1	9
afm_dropout_noSM_woTemplates_model_4_multimer_v2_pred_16.pdb	1	1	1	1	1	1	1	1	9
afm_dropout_noSM_woTemplates_model_4_multimer_v2_pred_17.pdb	1	1	1	1	1	1	1	1	9
afm_dropout_noSM_woTemplates_model_4_multimer_v2_pred_18.pdb	1	1	1	1	1	1	1	1	58
afm_dropout_noSM_woTemplates_model_4_multimer_v2_pred_19.pdb	1	1	1	1	1	1	1	1	9
afm_dropout_noSM_woTemplates_model_4_multimer_v2_pred_2.pdb	1	1	1	1	1	1	1	1	9
afm_dropout_noSM_woTemplates_model_4_multimer_v2_pred_20.pdb	1	1	1	1	1	1	1	1	9
afm_dropout_noSM_woTemplates_model_4_multimer_v2_pred_21.pdb	1	1	1	1	1	1	1	1	9
afm_dropout_noSM_woTemplates_model_4_multimer_v2_pred_22.pdb	1	1	1	1	1	1	1	1	9
afm_dropout_noSM_woTemplates_model_4_multimer_v2_pred_23.pdb	1	1	1	1	1	1	1	1	58
afm_dropout_noSM_woTemplates_model_4_multimer_v2_pred_24.pdb	1	1	1	1	1	1	1	1	58
afm_dropout_noSM_woTemplates_model_4_multimer_v2_pred_25.pdb	1	1	1	1	1	1	1	1	9
afm_dropout_noSM_woTemplates_model_4_multimer_v2_pred_26.pdb	1	1	1	1	1	1	1	1	58
afm_dropout_noSM_woTemplates_model_4_multimer_v2_pred_27.pdb	1	1	1	1	1	1	1	1	9
afm_dropout_noSM_woTemplates_model_4_multimer_v2_pred_28.pdb	1	1	1	1	1	1	1	1	9
afm_dropout_noSM_woTemplates_model_4_multimer_v2_pred_29.pdb	1	1	1	1	1	1	1	1	9
afm_dropout_noSM_woTemplates_model_4_multimer_v2_pred_3.pdb	1	1	1	1	1	1	1	1	9
afm_dropout_noSM_woTemplates_model_4_multimer_v2_pred_30.pdb	1	1	1	1	1	1	1	1	9
afm_dropout_noSM_woTemplates_model_4_multimer_v2_pred_31.pdb	1	1	1	1	1	1	1	1	58
afm_dropout_noSM_woTemplates_model_4_multimer_v2_pred_32.pdb	1	1	1	1	1	1	1	1	9
afm_dropout_noSM_woTemplates_model_4_multimer_v2_pred_33.pdb	1	1	1	1	1	1	1	1	9
afm_dropout_noSM_woTemplates_model_4_multimer_v2_pred_34.pdb	1	1	1	1	1	1	1	1	9
afm_dropout_noSM_woTemplates_model_4_multimer_v2_pred_35.pdb	1	1	1	1	1	1	1	1	205
afm_dropout_noSM_woTemplates_model_4_multimer_v2_pred_36.pdb	1	1	1	1	1	1	1	1	9
afm_dropout_noSM_woTemplates_model_4_multimer_v2_pred_37.pdb	1	1	1	1	1	1	1	1	9
afm_dropout_noSM_woTemplates_model_4_multimer_v2_pred_38.pdb	1	1	1	1	1	1	1	1	9
afm_dropout_noSM_woTemplates_model_4_multimer_v2_pred_39.pdb	1	1	1	1	1	1	1	1	9
afm_dropout_noSM_woTemplates_model_4_multimer_v2_pred_4.pdb	1	1	1	1	1	1	1	1	9
afm_dropout_noSM_woTemplates_model_4_multimer_v2_pred_40.pdb	1	1	1	1	1	1	1	1	9
afm_dropout_noSM_woTemplates_model_4_multimer_v2_pred_41.pdb	1	1	1	1	1	1	1	1	9
afm_dropout_noSM_woTemplates_model_4_multimer_v2_pred_42.pdb	1	1	1	1	1	1	1	1	9
afm_dropout_noSM_woTemplates_model_4_multimer_v2_pred_43.pdb	1	1	1	1	1	1	1	1	9
afm_dropout_noSM_woTemplates_model_4_multimer_v2_pred_44.pdb	1	1	2	3	3	37	47	500	1253
afm_dropout_noSM_woTemplates_model_4_multimer_v2_pred_45.pdb	1	1	1	1	1	1	1	1	9
afm_dropout_noSM_woTemplates_model_4_multimer_v2_pred_46.pdb	1	1	1	1	1	1	1	1	100
afm_dropout_noSM_woTemplates_model_4_multimer_v2_pred_47.pdb	1	1	1	1	1	1	1	1	58
afm_dropout_noSM_woTemplates_model_4_multimer_v2_pred_48.pdb	1	1	1	1	1	1	1	1	9
afm_dropout_noSM_woTemplates_model_4_multimer_v2_pred_49.pdb	1	1	1	1	1	1	1	1	9
afm_dropout_noSM_woTemplates_model_4_multimer_v2_pred_5.pdb	1	1	1	1	1	1	1	1	9
afm_dropout_noSM_woTemplates_model_4_multimer_v2_pred_50.pdb	1	1	1	1	1	1	1	1	58
afm_dropout_noSM_woTemplates_model_4_multimer_v2_pred_51.pdb	1	1	1	1	1	1	1	1	9
afm_dropout_noSM_woTemplates_model_4_multimer_v2_pred_52.pdb	1	1	1	1	1	1	1	1	9
afm_dropout_noSM_woTemplates_model_4_multimer_v2_pred_53.pdb	1	1	1	1	1	1	1	1	9
afm_dropout_noSM_woTemplates_model_4_multimer_v2_pred_54.pdb	1	1	1	1	1	1	1	1	9
afm_dropout_noSM_woTemplates_model_4_multimer_v2_pred_55.pdb	1	1	1	1	1	1	1	1	9
afm_dropout_noSM_woTemplates_model_4_multimer_v2_pred_56.pdb	1	1	1	1	1	1	1	1	9
afm_dropout_noSM_woTemplates_model_4_multimer_v2_pred_57.pdb	1	1	1	1	1	1	1	1	58
afm_dropout_noSM_woTemplates_model_4_multimer_v2_pred_58.pdb	1	1	1	1	1	1	1	1	9
afm_dropout_noSM_woTemplates_model_4_multimer_v2_pred_59.pdb	1	1	1	1	1	1	1	1	58
afm_dropout_noSM_woTemplates_model_4_multimer_v2_pred_6.pdb	1	1	1	1	1	1	1	1	9
afm_dropout_noSM_woTemplates_model_4_multimer_v2_pred_60.pdb	1	1	1	1	1	1	1	1	9
afm_dropout_noSM_woTemplates_model_4_multimer_v2_pred_61.pdb	1	1	1	1	1	1	1	1	9
afm_dropout_noSM_woTemplates_model_4_multimer_v2_pred_62.pdb	1	1	1	1	1	1	1	1	9
afm_dropout_noSM_woTemplates_model_4_multimer_v2_pred_63.pdb	1	1	1	1	1	1	1	1	9
afm_dropout_noSM_woTemplates_model_4_multimer_v2_pred_64.pdb	1	1	1	1	1	1	1	1	58
afm_dropout_noSM_woTemplates_model_4_multimer_v2_pred_65.pdb	1	1	1	1	1	1	1	1	202
afm_dropout_noSM_woTemplates_model_4_multimer_v2_pred_66.pdb	1	1	1	1	1	1	1	1	9
afm_dropout_noSM_woTemplates_model_4_multimer_v2_pred_7.pdb	1	1	1	1	1	1	1	1	9
afm_dropout_noSM_woTemplates_model_4_multimer_v2_pred_8.pdb	1	1	1	1	1	1	1	1	100
afm_dropout_noSM_woTemplates_model_4_multimer_v2_pred_9.pdb	1	1	2	2	3	37	47	501	1254
afm_dropout_noSM_woTemplates_model_4_multimer_v3_pred_0.pdb	1	1	1	1	1	1	1	1	2
afm_dropout_noSM_woTemplates_model_4_multimer_v3_pred_1.pdb	1	1	1	1	1	1	1	1	2
afm_dropout_noSM_woTemplates_model_4_multimer_v3_pred_10.pdb	1	1	1	1	1	1	1	1	2
afm_dropout_noSM_woTemplates_model_4_multimer_v3_pred_11.pdb	1	1	1	1	1	1	1	1	2
afm_dropout_noSM_woTemplates_model_4_multimer_v3_pred_12.pdb	1	1	1	1	1	1	1	1	2
afm_dropout_noSM_woTemplates_model_4_multimer_v3_pred_13.pdb	1	1	1	1	1	1	1	1	2
afm_dropout_noSM_woTemplates_model_4_multimer_v3_pred_14.pdb	1	1	1	1	1	1	1	1	2
afm_dropout_noSM_woTemplates_model_4_multimer_v3_pred_15.pdb	1	1	1	1	1	1	1	1	2
afm_dropout_noSM_woTemplates_model_4_multimer_v3_pred_16.pdb	1	1	1	1	1	1	1	1	2
afm_dropout_noSM_woTemplates_model_4_multimer_v3_pred_17.pdb	1	1	1	1	1	1	1	1	2
afm_dropout_noSM_woTemplates_model_4_multimer_v3_pred_18.pdb	1	1	1	1	1	1	1	1	2
afm_dropout_noSM_woTemplates_model_4_multimer_v3_pred_19.pdb	1	1	1	1	1	1	1	1	2
afm_dropout_noSM_woTemplates_model_4_multimer_v3_pred_2.pdb	1	1	1	1	1	1	1	1	2
afm_dropout_noSM_woTemplates_model_4_multimer_v3_pred_20.pdb	1	1	1	1	1	1	1	1	2
afm_dropout_noSM_woTemplates_model_4_multimer_v3_pred_21.pdb	1	1	1	1	1	1	1	1	2
afm_dropout_noSM_woTemplates_model_4_multimer_v3_pred_22.pdb	1	1	1	1	1	1	1	1	1
afm_dropout_noSM_woTemplates_model_4_multimer_v3_pred_23.pdb	1	1	1	1	1	1	1	1	2
afm_dropout_noSM_woTemplates_model_4_multimer_v3_pred_24.pdb	1	1	1	1	1	1	1	1	2
afm_dropout_noSM_woTemplates_model_4_multimer_v3_pred_25.pdb	1	1	1	1	1	1	1	1	2
afm_dropout_noSM_woTemplates_model_4_multimer_v3_pred_26.pdb	1	1	1	1	1	1	1	1	2
afm_dropout_noSM_woTemplates_model_4_multimer_v3_pred_27.pdb	1	1	1	1	1	1	1	1	2
afm_dropout_noSM_woTemplates_model_4_multimer_v3_pred_28.pdb	1	1	1	1	1	1	1	1	2
afm_dropout_noSM_woTemplates_model_4_multimer_v3_pred_29.pdb	1	1	1	1	1	1	1	1	2
afm_dropout_noSM_woTemplates_model_4_multimer_v3_pred_3.pdb	1	1	1	1	1	1	1	1	2
afm_dropout_noSM_woTemplates_model_4_multimer_v3_pred_30.pdb	1	1	1	1	1	1	1	1	2
afm_dropout_noSM_woTemplates_model_4_multimer_v3_pred_31.pdb	1	1	1	1	1	1	1	1	2
afm_dropout_noSM_woTemplates_model_4_multimer_v3_pred_32.pdb	1	1	1	1	1	1	1	1	2
afm_dropout_noSM_woTemplates_model_4_multimer_v3_pred_33.pdb	1	1	1	1	1	1	1	1	2
afm_dropout_noSM_woTemplates_model_4_multimer_v3_pred_34.pdb	1	1	1	1	1	1	1	1	2
afm_dropout_noSM_woTemplates_model_4_multimer_v3_pred_35.pdb	1	1	1	1	1	1	1	1	2
afm_dropout_noSM_woTemplates_model_4_multimer_v3_pred_36.pdb	1	1	1	1	1	1	1	1	2
afm_dropout_noSM_woTemplates_model_4_multimer_v3_pred_37.pdb	1	1	1	1	1	1	1	1	2
afm_dropout_noSM_woTemplates_model_4_multimer_v3_pred_38.pdb	1	1	1	1	1	1	1	1	2
afm_dropout_noSM_woTemplates_model_4_multimer_v3_pred_39.pdb	1	1	1	1	1	1	1	1	2
afm_dropout_noSM_woTemplates_model_4_multimer_v3_pred_4.pdb	1	1	1	1	1	1	1	1	2
afm_dropout_noSM_woTemplates_model_4_multimer_v3_pred_40.pdb	1	1	1	1	1	1	1	1	2
afm_dropout_noSM_woTemplates_model_4_multimer_v3_pred_41.pdb	1	1	1	1	1	1	1	1	2
afm_dropout_noSM_woTemplates_model_4_multimer_v3_pred_42.pdb	1	1	1	1	1	1	1	1	2
afm_dropout_noSM_woTemplates_model_4_multimer_v3_pred_43.pdb	1	1	1	1	1	1	1	1	2
afm_dropout_noSM_woTemplates_model_4_multimer_v3_pred_44.pdb	1	1	1	1	1	1	1	1	2
afm_dropout_noSM_woTemplates_model_4_multimer_v3_pred_45.pdb	1	1	1	1	1	1	1	1	2
afm_dropout_noSM_woTemplates_model_4_multimer_v3_pred_46.pdb	1	1	1	1	1	1	1	1	2
afm_dropout_noSM_woTemplates_model_4_multimer_v3_pred_47.pdb	1	1	1	1	1	1	1	1	2
afm_dropout_noSM_woTemplates_model_4_multimer_v3_pred_48.pdb	1	1	1	1	1	1	1	1	2
afm_dropout_noSM_woTemplates_model_4_multimer_v3_pred_49.pdb	1	1	1	1	1	1	1	1	2
afm_dropout_noSM_woTemplates_model_4_multimer_v3_pred_5.pdb	1	1	1	1	1	1	1	1	2
afm_dropout_noSM_woTemplates_model_4_multimer_v3_pred_50.pdb	1	1	1	1	1	1	1	1	2
afm_dropout_noSM_woTemplates_model_4_multimer_v3_pred_51.pdb	1	1	1	1	1	1	1	1	2
afm_dropout_noSM_woTemplates_model_4_multimer_v3_pred_52.pdb	1	1	1	1	1	1	1	1	2
afm_dropout_noSM_woTemplates_model_4_multimer_v3_pred_53.pdb	1	1	1	1	1	1	1	1	2
afm_dropout_noSM_woTemplates_model_4_multimer_v3_pred_54.pdb	1	1	1	1	1	1	1	1	2
afm_dropout_noSM_woTemplates_model_4_multimer_v3_pred_55.pdb	1	1	1	1	1	1	1	1	2
afm_dropout_noSM_woTemplates_model_4_multimer_v3_pred_56.pdb	1	1	1	1	1	1	1	1	2
afm_dropout_noSM_woTemplates_model_4_multimer_v3_pred_57.pdb	1	1	1	1	1	1	1	1	2
afm_dropout_noSM_woTemplates_model_4_multimer_v3_pred_58.pdb	1	1	1	1	1	1	1	1	2
afm_dropout_noSM_woTemplates_model_4_multimer_v3_pred_59.pdb	1	1	1	1	1	1	1	1	2
afm_dropout_noSM_woTemplates_model_4_multimer_v3_pred_6.pdb	1	1	1	1	1	1	1	1	2
afm_dropout_noSM_woTemplates_model_4_multimer_v3_pred_60.pdb	1	1	1	1	1	1	1	1	2
afm_dropout_noSM_woTemplates_model_4_multimer_v3_pred_61.pdb	1	1	1	1	1	1	1	1	2
afm_dropout_noSM_woTemplates_model_4_multimer_v3_pred_62.pdb	1	1	1	1	1	1	1	1	2
afm_dropout_noSM_woTemplates_model_4_multimer_v3_pred_63.pdb	1	1	1	1	1	1	1	1	2
afm_dropout_noSM_woTemplates_model_4_multimer_v3_pred_64.pdb	1	1	1	1	1	1	1	1	2
afm_dropout_noSM_woTemplates_model_4_multimer_v3_pred_65.pdb	1	1	1	1	1	1	1	1	2
afm_dropout_noSM_woTemplates_model_4_multimer_v3_pred_66.pdb	1	1	1	1	1	1	1	1	2
afm_dropout_noSM_woTemplates_model_4_multimer_v3_pred_7.pdb	1	1	1	1	1	1	1	1	2
afm_dropout_noSM_woTemplates_model_4_multimer_v3_pred_8.pdb	1	1	1	1	1	1	1	1	2
afm_dropout_noSM_woTemplates_model_4_multimer_v3_pred_9.pdb	1	1	1	1	1	1	1	1	2
afm_dropout_noSM_woTemplates_model_5_multimer_v1_pred_0.pdb	1	1	1	1	1	1	1	5	1255
afm_dropout_noSM_woTemplates_model_5_multimer_v1_pred_1.pdb	1	1	2	2	2	2	20	502	1256
afm_dropout_noSM_woTemplates_model_5_multimer_v1_pred_10.pdb	1	1	2	2	2	4	6	503	1257
afm_dropout_noSM_woTemplates_model_5_multimer_v1_pred_11.pdb	1	1	1	1	1	1	1	3	1258
afm_dropout_noSM_woTemplates_model_5_multimer_v1_pred_12.pdb	1	1	1	1	1	1	2	31	1259
afm_dropout_noSM_woTemplates_model_5_multimer_v1_pred_13.pdb	1	1	1	2	2	2	3	6	1260
afm_dropout_noSM_woTemplates_model_5_multimer_v1_pred_14.pdb	1	1	2	2	2	2	3	6	1261
afm_dropout_noSM_woTemplates_model_5_multimer_v1_pred_15.pdb	1	1	2	2	2	2	5	504	1262
afm_dropout_noSM_woTemplates_model_5_multimer_v1_pred_16.pdb	1	1	1	1	1	1	2	3	1263
afm_dropout_noSM_woTemplates_model_5_multimer_v1_pred_17.pdb	1	1	1	1	1	1	1	1	72
afm_dropout_noSM_woTemplates_model_5_multimer_v1_pred_18.pdb	1	1	1	1	1	1	1	2	190
afm_dropout_noSM_woTemplates_model_5_multimer_v1_pred_19.pdb	1	1	2	2	2	2	5	13	1264
afm_dropout_noSM_woTemplates_model_5_multimer_v1_pred_2.pdb	1	1	2	2	2	2	5	505	1265
afm_dropout_noSM_woTemplates_model_5_multimer_v1_pred_20.pdb	1	1	2	2	2	2	5	67	1266
afm_dropout_noSM_woTemplates_model_5_multimer_v1_pred_21.pdb	1	1	1	1	1	1	1	3	1267
afm_dropout_noSM_woTemplates_model_5_multimer_v1_pred_22.pdb	1	1	2	2	2	2	3	14	1268
afm_dropout_noSM_woTemplates_model_5_multimer_v1_pred_23.pdb	1	1	2	2	2	2	5	506	1269
afm_dropout_noSM_woTemplates_model_5_multimer_v1_pred_24.pdb	1	1	2	2	2	2	6	507	1270
afm_dropout_noSM_woTemplates_model_5_multimer_v1_pred_25.pdb	1	1	2	2	2	2	3	6	1271
afm_dropout_noSM_woTemplates_model_5_multimer_v1_pred_26.pdb	1	1	2	2	2	2	5	13	1272
afm_dropout_noSM_woTemplates_model_5_multimer_v1_pred_27.pdb	1	1	2	2	2	2	20	508	1273
afm_dropout_noSM_woTemplates_model_5_multimer_v1_pred_28.pdb	1	1	2	2	2	4	293	509	1274
afm_dropout_noSM_woTemplates_model_5_multimer_v1_pred_29.pdb	1	1	2	2	2	4	6	510	1275
afm_dropout_noSM_woTemplates_model_5_multimer_v1_pred_3.pdb	1	1	1	2	2	2	3	68	1276
afm_dropout_noSM_woTemplates_model_5_multimer_v1_pred_30.pdb	2	2	1	4	6	10	294	511	1277
afm_dropout_noSM_woTemplates_model_5_multimer_v1_pred_31.pdb	1	1	2	2	2	2	3	56	1278
afm_dropout_noSM_woTemplates_model_5_multimer_v1_pred_32.pdb	1	1	2	2	2	2	3	14	1279
afm_dropout_noSM_woTemplates_model_5_multimer_v1_pred_33.pdb	1	1	2	2	2	2	5	512	1280
afm_dropout_noSM_woTemplates_model_5_multimer_v1_pred_34.pdb	1	1	2	2	2	2	3	14	1281
afm_dropout_noSM_woTemplates_model_5_multimer_v1_pred_35.pdb	1	1	2	2	2	2	5	38	1282
afm_dropout_noSM_woTemplates_model_5_multimer_v1_pred_36.pdb	1	1	2	2	2	2	5	513	1283
afm_dropout_noSM_woTemplates_model_5_multimer_v1_pred_37.pdb	1	1	2	2	2	4	14	514	1284
afm_dropout_noSM_woTemplates_model_5_multimer_v1_pred_38.pdb	1	1	2	2	2	2	5	30	1285
afm_dropout_noSM_woTemplates_model_5_multimer_v1_pred_39.pdb	1	1	1	2	2	2	3	68	1286
afm_dropout_noSM_woTemplates_model_5_multimer_v1_pred_4.pdb	1	1	2	2	2	2	3	30	1287
afm_dropout_noSM_woTemplates_model_5_multimer_v1_pred_40.pdb	1	1	2	2	2	2	5	13	1288
afm_dropout_noSM_woTemplates_model_5_multimer_v1_pred_41.pdb	1	1	2	2	2	2	5	515	1289
afm_dropout_noSM_woTemplates_model_5_multimer_v1_pred_42.pdb	1	1	2	2	2	4	6	516	1290
afm_dropout_noSM_woTemplates_model_5_multimer_v1_pred_43.pdb	1	1	2	2	2	2	5	517	1291
afm_dropout_noSM_woTemplates_model_5_multimer_v1_pred_44.pdb	1	1	1	1	1	1	1	2	72
afm_dropout_noSM_woTemplates_model_5_multimer_v1_pred_45.pdb	1	1	2	2	2	2	5	13	1292
afm_dropout_noSM_woTemplates_model_5_multimer_v1_pred_46.pdb	1	1	2	2	2	2	3	518	1293
afm_dropout_noSM_woTemplates_model_5_multimer_v1_pred_47.pdb	1	1	1	1	1	1	1	3	1294
afm_dropout_noSM_woTemplates_model_5_multimer_v1_pred_48.pdb	1	1	2	2	2	2	3	6	1295
afm_dropout_noSM_woTemplates_model_5_multimer_v1_pred_49.pdb	1	1	2	2	2	2	3	14	1296
afm_dropout_noSM_woTemplates_model_5_multimer_v1_pred_5.pdb	1	1	2	2	2	2	3	14	1297
afm_dropout_noSM_woTemplates_model_5_multimer_v1_pred_50.pdb	1	1	1	1	1	1	1	3	1298
afm_dropout_noSM_woTemplates_model_5_multimer_v1_pred_51.pdb	1	1	1	2	2	2	3	519	1299
afm_dropout_noSM_woTemplates_model_5_multimer_v1_pred_52.pdb	1	1	2	2	2	2	5	13	1300
afm_dropout_noSM_woTemplates_model_5_multimer_v1_pred_53.pdb	1	1	1	1	1	1	1	5	1301
afm_dropout_noSM_woTemplates_model_5_multimer_v1_pred_54.pdb	1	1	2	2	2	2	5	13	1302
afm_dropout_noSM_woTemplates_model_5_multimer_v1_pred_55.pdb	1	1	2	2	2	2	5	520	1303
afm_dropout_noSM_woTemplates_model_5_multimer_v1_pred_56.pdb	1	1	1	1	1	1	1	5	1304
afm_dropout_noSM_woTemplates_model_5_multimer_v1_pred_57.pdb	1	1	2	2	2	2	3	14	1305
afm_dropout_noSM_woTemplates_model_5_multimer_v1_pred_58.pdb	1	1	2	2	2	2	3	6	1306
afm_dropout_noSM_woTemplates_model_5_multimer_v1_pred_59.pdb	1	1	1	1	1	1	2	3	1307
afm_dropout_noSM_woTemplates_model_5_multimer_v1_pred_6.pdb	1	1	2	2	2	2	5	13	1308
afm_dropout_noSM_woTemplates_model_5_multimer_v1_pred_60.pdb	1	1	2	2	2	2	6	521	1309
afm_dropout_noSM_woTemplates_model_5_multimer_v1_pred_61.pdb	1	1	1	1	1	1	2	15	1310
afm_dropout_noSM_woTemplates_model_5_multimer_v1_pred_62.pdb	1	1	2	2	2	2	20	522	1311
afm_dropout_noSM_woTemplates_model_5_multimer_v1_pred_63.pdb	1	1	2	2	2	2	3	14	1312
afm_dropout_noSM_woTemplates_model_5_multimer_v1_pred_64.pdb	1	1	2	2	2	2	5	523	1313
afm_dropout_noSM_woTemplates_model_5_multimer_v1_pred_65.pdb	1	1	1	1	1	1	1	5	1314
afm_dropout_noSM_woTemplates_model_5_multimer_v1_pred_66.pdb	1	1	2	2	2	2	5	13	1315
afm_dropout_noSM_woTemplates_model_5_multimer_v1_pred_7.pdb	1	1	2	2	2	4	6	524	1316
afm_dropout_noSM_woTemplates_model_5_multimer_v1_pred_8.pdb	1	1	2	2	2	2	5	525	1317
afm_dropout_noSM_woTemplates_model_5_multimer_v1_pred_9.pdb	1	1	2	2	2	2	5	67	1318
afm_dropout_noSM_woTemplates_model_5_multimer_v2_pred_0.pdb	1	1	1	1	1	1	1	1	10
afm_dropout_noSM_woTemplates_model_5_multimer_v2_pred_1.pdb	1	1	2	2	3	3	4	12	1319
afm_dropout_noSM_woTemplates_model_5_multimer_v2_pred_10.pdb	1	1	1	1	1	1	1	1	209
afm_dropout_noSM_woTemplates_model_5_multimer_v2_pred_11.pdb	1	1	2	2	3	3	8	57	1320
afm_dropout_noSM_woTemplates_model_5_multimer_v2_pred_12.pdb	1	1	1	1	1	1	1	1	10
afm_dropout_noSM_woTemplates_model_5_multimer_v2_pred_13.pdb	1	1	1	1	1	1	1	1	10
afm_dropout_noSM_woTemplates_model_5_multimer_v2_pred_14.pdb	1	1	2	2	3	3	4	12	1321
afm_dropout_noSM_woTemplates_model_5_multimer_v2_pred_15.pdb	1	1	2	2	3	3	4	12	1322
afm_dropout_noSM_woTemplates_model_5_multimer_v2_pred_16.pdb	1	1	1	1	1	1	1	1	10
afm_dropout_noSM_woTemplates_model_5_multimer_v2_pred_17.pdb	1	1	2	2	3	3	4	526	1323
afm_dropout_noSM_woTemplates_model_5_multimer_v2_pred_18.pdb	1	1	1	1	1	1	1	1	10
afm_dropout_noSM_woTemplates_model_5_multimer_v2_pred_19.pdb	1	1	2	2	3	3	4	12	1324
afm_dropout_noSM_woTemplates_model_5_multimer_v2_pred_2.pdb	1	1	1	1	1	1	1	1	10
afm_dropout_noSM_woTemplates_model_5_multimer_v2_pred_20.pdb	1	1	1	1	1	1	1	1	10
afm_dropout_noSM_woTemplates_model_5_multimer_v2_pred_21.pdb	1	1	1	1	1	1	1	1	10
afm_dropout_noSM_woTemplates_model_5_multimer_v2_pred_22.pdb	1	1	1	1	1	1	1	1	10
afm_dropout_noSM_woTemplates_model_5_multimer_v2_pred_23.pdb	1	1	1	1	1	1	1	1	10
afm_dropout_noSM_woTemplates_model_5_multimer_v2_pred_24.pdb	1	1	1	1	1	1	1	1	10
afm_dropout_noSM_woTemplates_model_5_multimer_v2_pred_25.pdb	1	1	1	1	1	1	1	1	10
afm_dropout_noSM_woTemplates_model_5_multimer_v2_pred_26.pdb	1	1	1	1	1	1	1	1	10
afm_dropout_noSM_woTemplates_model_5_multimer_v2_pred_27.pdb	1	1	2	2	3	3	4	12	1325
afm_dropout_noSM_woTemplates_model_5_multimer_v2_pred_28.pdb	1	1	1	1	1	1	1	1	10
afm_dropout_noSM_woTemplates_model_5_multimer_v2_pred_29.pdb	1	1	1	1	1	1	1	1	10
afm_dropout_noSM_woTemplates_model_5_multimer_v2_pred_3.pdb	1	1	1	1	1	1	1	1	105
afm_dropout_noSM_woTemplates_model_5_multimer_v2_pred_30.pdb	1	1	1	1	1	1	1	1	2
afm_dropout_noSM_woTemplates_model_5_multimer_v2_pred_31.pdb	1	1	2	2	3	3	4	26	1326
afm_dropout_noSM_woTemplates_model_5_multimer_v2_pred_32.pdb	1	1	1	1	1	1	1	1	10
afm_dropout_noSM_woTemplates_model_5_multimer_v2_pred_33.pdb	1	1	1	1	1	1	1	1	105
afm_dropout_noSM_woTemplates_model_5_multimer_v2_pred_34.pdb	1	1	2	2	3	3	8	527	1327
afm_dropout_noSM_woTemplates_model_5_multimer_v2_pred_35.pdb	1	1	1	1	1	1	1	1	10
afm_dropout_noSM_woTemplates_model_5_multimer_v2_pred_36.pdb	1	1	2	2	3	3	4	12	1328
afm_dropout_noSM_woTemplates_model_5_multimer_v2_pred_37.pdb	1	1	1	1	1	1	1	1	10
afm_dropout_noSM_woTemplates_model_5_multimer_v2_pred_38.pdb	1	1	2	2	3	3	8	58	1329
afm_dropout_noSM_woTemplates_model_5_multimer_v2_pred_39.pdb	1	1	1	1	1	1	1	1	10
afm_dropout_noSM_woTemplates_model_5_multimer_v2_pred_4.pdb	1	1	1	1	1	1	1	1	10
afm_dropout_noSM_woTemplates_model_5_multimer_v2_pred_40.pdb	1	1	2	2	3	3	4	12	1330
afm_dropout_noSM_woTemplates_model_5_multimer_v2_pred_41.pdb	1	1	1	1	1	1	1	1	2
afm_dropout_noSM_woTemplates_model_5_multimer_v2_pred_42.pdb	1	1	2	2	3	3	4	26	1331
afm_dropout_noSM_woTemplates_model_5_multimer_v2_pred_43.pdb	1	1	1	1	1	1	1	1	10
afm_dropout_noSM_woTemplates_model_5_multimer_v2_pred_44.pdb	1	1	1	1	1	1	1	1	10
afm_dropout_noSM_woTemplates_model_5_multimer_v2_pred_45.pdb	1	1	1	1	1	1	1	1	10
afm_dropout_noSM_woTemplates_model_5_multimer_v2_pred_46.pdb	1	1	1	1	1	1	1	1	10
afm_dropout_noSM_woTemplates_model_5_multimer_v2_pred_47.pdb	1	1	2	2	3	3	4	44	1332
afm_dropout_noSM_woTemplates_model_5_multimer_v2_pred_48.pdb	1	1	2	2	3	3	4	26	1333
afm_dropout_noSM_woTemplates_model_5_multimer_v2_pred_49.pdb	1	1	2	2	3	3	29	528	1334
afm_dropout_noSM_woTemplates_model_5_multimer_v2_pred_5.pdb	1	1	2	2	3	3	8	69	1335
afm_dropout_noSM_woTemplates_model_5_multimer_v2_pred_50.pdb	1	1	2	2	3	3	4	12	1336
afm_dropout_noSM_woTemplates_model_5_multimer_v2_pred_51.pdb	1	1	1	1	1	1	1	1	10
afm_dropout_noSM_woTemplates_model_5_multimer_v2_pred_52.pdb	1	1	2	2	3	3	8	69	1337
afm_dropout_noSM_woTemplates_model_5_multimer_v2_pred_53.pdb	1	1	2	2	3	3	4	529	1338
afm_dropout_noSM_woTemplates_model_5_multimer_v2_pred_54.pdb	1	1	1	1	1	1	1	1	10
afm_dropout_noSM_woTemplates_model_5_multimer_v2_pred_55.pdb	1	1	1	1	1	1	1	1	10
afm_dropout_noSM_woTemplates_model_5_multimer_v2_pred_56.pdb	1	1	2	2	3	3	4	12	1339
afm_dropout_noSM_woTemplates_model_5_multimer_v2_pred_57.pdb	1	1	2	2	3	3	29	12	1340
afm_dropout_noSM_woTemplates_model_5_multimer_v2_pred_58.pdb	1	1	1	1	1	1	1	1	10
afm_dropout_noSM_woTemplates_model_5_multimer_v2_pred_59.pdb	1	1	1	1	1	1	1	1	10
afm_dropout_noSM_woTemplates_model_5_multimer_v2_pred_6.pdb	1	1	1	1	1	1	1	1	10
afm_dropout_noSM_woTemplates_model_5_multimer_v2_pred_60.pdb	1	1	1	1	1	1	1	1	10
afm_dropout_noSM_woTemplates_model_5_multimer_v2_pred_61.pdb	1	1	1	1	1	1	1	1	10
afm_dropout_noSM_woTemplates_model_5_multimer_v2_pred_62.pdb	1	1	1	1	1	1	1	1	10
afm_dropout_noSM_woTemplates_model_5_multimer_v2_pred_63.pdb	1	1	2	2	3	3	4	12	1341
afm_dropout_noSM_woTemplates_model_5_multimer_v2_pred_64.pdb	1	1	1	1	1	1	1	1	10
afm_dropout_noSM_woTemplates_model_5_multimer_v2_pred_65.pdb	1	1	2	2	3	3	4	12	1342
afm_dropout_noSM_woTemplates_model_5_multimer_v2_pred_66.pdb	1	1	1	1	1	1	1	1	10
afm_dropout_noSM_woTemplates_model_5_multimer_v2_pred_7.pdb	1	1	1	1	1	1	1	1	10
afm_dropout_noSM_woTemplates_model_5_multimer_v2_pred_8.pdb	1	1	2	2	3	3	8	530	1343
afm_dropout_noSM_woTemplates_model_5_multimer_v2_pred_9.pdb	1	1	1	1	1	1	1	1	10
afm_dropout_noSM_woTemplates_model_5_multimer_v3_pred_0.pdb	1	1	1	1	1	1	1	1	13
afm_dropout_noSM_woTemplates_model_5_multimer_v3_pred_1.pdb	1	1	1	1	1	1	1	1	13
afm_dropout_noSM_woTemplates_model_5_multimer_v3_pred_10.pdb	1	1	1	1	1	1	1	1	13
afm_dropout_noSM_woTemplates_model_5_multimer_v3_pred_11.pdb	1	1	1	1	1	1	1	1	2
afm_dropout_noSM_woTemplates_model_5_multimer_v3_pred_12.pdb	1	1	1	1	1	1	1	1	13
afm_dropout_noSM_woTemplates_model_5_multimer_v3_pred_13.pdb	1	1	1	1	1	1	1	1	2
afm_dropout_noSM_woTemplates_model_5_multimer_v3_pred_14.pdb	1	1	1	1	1	1	1	1	13
afm_dropout_noSM_woTemplates_model_5_multimer_v3_pred_15.pdb	1	1	1	1	1	1	1	1	2
afm_dropout_noSM_woTemplates_model_5_multimer_v3_pred_16.pdb	1	1	1	1	1	1	1	1	2
afm_dropout_noSM_woTemplates_model_5_multimer_v3_pred_17.pdb	1	1	1	1	1	1	1	1	2
afm_dropout_noSM_woTemplates_model_5_multimer_v3_pred_18.pdb	1	1	1	1	1	1	1	1	2
afm_dropout_noSM_woTemplates_model_5_multimer_v3_pred_19.pdb	1	1	1	1	1	1	1	1	101
afm_dropout_noSM_woTemplates_model_5_multimer_v3_pred_2.pdb	1	1	1	1	1	1	1	1	13
afm_dropout_noSM_woTemplates_model_5_multimer_v3_pred_20.pdb	1	1	1	1	1	1	1	1	13
afm_dropout_noSM_woTemplates_model_5_multimer_v3_pred_21.pdb	1	1	1	1	1	1	1	1	69
afm_dropout_noSM_woTemplates_model_5_multimer_v3_pred_22.pdb	1	1	1	1	1	1	1	1	13
afm_dropout_noSM_woTemplates_model_5_multimer_v3_pred_23.pdb	1	1	1	1	1	1	1	1	13
afm_dropout_noSM_woTemplates_model_5_multimer_v3_pred_24.pdb	1	1	1	1	1	1	1	1	13
afm_dropout_noSM_woTemplates_model_5_multimer_v3_pred_25.pdb	1	1	1	1	1	1	1	1	13
afm_dropout_noSM_woTemplates_model_5_multimer_v3_pred_26.pdb	1	1	1	1	1	1	1	1	13
afm_dropout_noSM_woTemplates_model_5_multimer_v3_pred_27.pdb	1	1	1	1	1	1	1	1	13
afm_dropout_noSM_woTemplates_model_5_multimer_v3_pred_28.pdb	1	1	1	1	1	1	1	1	101
afm_dropout_noSM_woTemplates_model_5_multimer_v3_pred_29.pdb	1	1	1	1	1	1	1	1	101
afm_dropout_noSM_woTemplates_model_5_multimer_v3_pred_3.pdb	1	1	1	1	1	1	1	1	2
afm_dropout_noSM_woTemplates_model_5_multimer_v3_pred_30.pdb	1	1	1	1	1	1	1	1	13
afm_dropout_noSM_woTemplates_model_5_multimer_v3_pred_31.pdb	1	1	1	1	1	1	1	1	13
afm_dropout_noSM_woTemplates_model_5_multimer_v3_pred_32.pdb	1	1	1	1	1	1	1	1	2
afm_dropout_noSM_woTemplates_model_5_multimer_v3_pred_33.pdb	1	1	1	1	1	1	1	1	2
afm_dropout_noSM_woTemplates_model_5_multimer_v3_pred_34.pdb	1	1	1	1	1	1	1	1	13
afm_dropout_noSM_woTemplates_model_5_multimer_v3_pred_35.pdb	1	1	1	1	1	1	1	1	69
afm_dropout_noSM_woTemplates_model_5_multimer_v3_pred_36.pdb	1	1	1	1	1	1	1	1	13
afm_dropout_noSM_woTemplates_model_5_multimer_v3_pred_37.pdb	1	1	1	1	1	1	1	1	69
afm_dropout_noSM_woTemplates_model_5_multimer_v3_pred_38.pdb	1	1	1	1	1	1	1	1	13
afm_dropout_noSM_woTemplates_model_5_multimer_v3_pred_39.pdb	1	1	1	1	1	1	1	1	13
afm_dropout_noSM_woTemplates_model_5_multimer_v3_pred_4.pdb	1	1	1	1	1	1	1	1	13
afm_dropout_noSM_woTemplates_model_5_multimer_v3_pred_40.pdb	1	1	1	1	1	1	1	1	2
afm_dropout_noSM_woTemplates_model_5_multimer_v3_pred_41.pdb	1	1	1	1	1	1	1	1	13
afm_dropout_noSM_woTemplates_model_5_multimer_v3_pred_42.pdb	1	1	1	1	1	1	1	1	13
afm_dropout_noSM_woTemplates_model_5_multimer_v3_pred_43.pdb	1	1	1	1	1	1	1	1	13
afm_dropout_noSM_woTemplates_model_5_multimer_v3_pred_44.pdb	1	1	1	1	1	1	1	1	2
afm_dropout_noSM_woTemplates_model_5_multimer_v3_pred_45.pdb	1	1	1	1	1	1	1	1	13
afm_dropout_noSM_woTemplates_model_5_multimer_v3_pred_46.pdb	1	1	1	1	1	1	1	1	101
afm_dropout_noSM_woTemplates_model_5_multimer_v3_pred_47.pdb	1	1	1	1	1	1	1	1	13
afm_dropout_noSM_woTemplates_model_5_multimer_v3_pred_48.pdb	1	1	1	1	1	1	1	1	13
afm_dropout_noSM_woTemplates_model_5_multimer_v3_pred_49.pdb	1	1	1	1	1	1	1	1	2
afm_dropout_noSM_woTemplates_model_5_multimer_v3_pred_5.pdb	1	1	1	1	1	1	1	1	13
afm_dropout_noSM_woTemplates_model_5_multimer_v3_pred_50.pdb	1	1	1	1	1	1	1	1	13
afm_dropout_noSM_woTemplates_model_5_multimer_v3_pred_51.pdb	1	1	1	1	1	1	1	1	13
afm_dropout_noSM_woTemplates_model_5_multimer_v3_pred_52.pdb	1	1	1	1	1	1	1	1	2
afm_dropout_noSM_woTemplates_model_5_multimer_v3_pred_53.pdb	1	1	1	1	1	1	1	1	13
afm_dropout_noSM_woTemplates_model_5_multimer_v3_pred_54.pdb	1	1	1	1	1	1	1	1	101
afm_dropout_noSM_woTemplates_model_5_multimer_v3_pred_55.pdb	1	1	1	1	1	1	1	1	13
afm_dropout_noSM_woTemplates_model_5_multimer_v3_pred_56.pdb	1	1	1	1	1	1	1	1	13
afm_dropout_noSM_woTemplates_model_5_multimer_v3_pred_57.pdb	1	1	1	1	1	1	1	1	13
afm_dropout_noSM_woTemplates_model_5_multimer_v3_pred_58.pdb	1	1	1	1	1	1	1	1	13
afm_dropout_noSM_woTemplates_model_5_multimer_v3_pred_59.pdb	1	1	1	1	1	1	1	1	69
afm_dropout_noSM_woTemplates_model_5_multimer_v3_pred_6.pdb	1	1	1	1	1	1	1	1	13
afm_dropout_noSM_woTemplates_model_5_multimer_v3_pred_60.pdb	1	1	1	1	1	1	1	1	13
afm_dropout_noSM_woTemplates_model_5_multimer_v3_pred_61.pdb	1	1	1	1	1	1	1	1	2
afm_dropout_noSM_woTemplates_model_5_multimer_v3_pred_62.pdb	1	1	1	1	1	1	1	1	2
afm_dropout_noSM_woTemplates_model_5_multimer_v3_pred_63.pdb	1	1	1	1	1	1	1	1	13
afm_dropout_noSM_woTemplates_model_5_multimer_v3_pred_64.pdb	1	1	1	1	1	1	1	1	13
afm_dropout_noSM_woTemplates_model_5_multimer_v3_pred_65.pdb	1	1	1	1	1	1	1	1	13
afm_dropout_noSM_woTemplates_model_5_multimer_v3_pred_66.pdb	1	1	1	1	1	1	1	1	13
afm_dropout_noSM_woTemplates_model_5_multimer_v3_pred_7.pdb	1	1	1	1	1	1	1	1	20
afm_dropout_noSM_woTemplates_model_5_multimer_v3_pred_8.pdb	1	1	1	1	1	1	1	1	3
afm_dropout_noSM_woTemplates_model_5_multimer_v3_pred_9.pdb	1	1	1	1	1	1	1	1	13
afm_woTemplates_model_1_multimer_v1_pred_0.pdb	1	2	1	1	1	1	2	8	158
afm_woTemplates_model_1_multimer_v1_pred_1.pdb	1	1	1	1	1	1	2	8	93
afm_woTemplates_model_1_multimer_v1_pred_10.pdb	1	1	1	1	1	1	1	32	217
afm_woTemplates_model_1_multimer_v1_pred_11.pdb	1	1	1	1	1	1	2	3	134
afm_woTemplates_model_1_multimer_v1_pred_12.pdb	1	1	2	2	2	2	3	9	218
afm_woTemplates_model_1_multimer_v1_pred_13.pdb	1	1	1	1	1	1	2	3	102
afm_woTemplates_model_1_multimer_v1_pred_14.pdb	1	1	1	1	1	1	2	3	93
afm_woTemplates_model_1_multimer_v1_pred_15.pdb	1	1	1	1	1	1	1	2	11
afm_woTemplates_model_1_multimer_v1_pred_16.pdb	1	1	1	1	1	1	2	3	158
afm_woTemplates_model_1_multimer_v1_pred_17.pdb	1	1	1	1	1	1	1	2	70
afm_woTemplates_model_1_multimer_v1_pred_18.pdb	1	2	1	1	1	1	2	8	1344
afm_woTemplates_model_1_multimer_v1_pred_19.pdb	1	1	1	1	1	1	2	22	1345
afm_woTemplates_model_1_multimer_v1_pred_2.pdb	1	1	1	1	1	1	2	8	93
afm_woTemplates_model_1_multimer_v1_pred_20.pdb	1	1	1	1	1	1	2	3	93
afm_woTemplates_model_1_multimer_v1_pred_21.pdb	1	1	1	1	1	1	1	2	72
afm_woTemplates_model_1_multimer_v1_pred_22.pdb	1	1	1	1	1	1	2	8	1346
afm_woTemplates_model_1_multimer_v1_pred_23.pdb	1	1	1	1	1	1	1	2	11
afm_woTemplates_model_1_multimer_v1_pred_24.pdb	1	1	1	1	1	1	2	3	1347
afm_woTemplates_model_1_multimer_v1_pred_25.pdb	1	1	1	1	1	1	2	3	102
afm_woTemplates_model_1_multimer_v1_pred_26.pdb	1	1	1	1	1	1	2	3	102
afm_woTemplates_model_1_multimer_v1_pred_27.pdb	1	1	1	1	1	1	2	3	1348
afm_woTemplates_model_1_multimer_v1_pred_28.pdb	1	1	2	2	2	2	3	28	218
afm_woTemplates_model_1_multimer_v1_pred_29.pdb	1	1	1	1	1	1	2	3	134
afm_woTemplates_model_1_multimer_v1_pred_3.pdb	1	1	1	1	1	1	1	2	11
afm_woTemplates_model_1_multimer_v1_pred_30.pdb	1	1	1	1	1	1	2	22	115
afm_woTemplates_model_1_multimer_v1_pred_31.pdb	1	1	2	6	2	2	3	9	157
afm_woTemplates_model_1_multimer_v1_pred_32.pdb	1	1	1	1	1	1	1	2	70
afm_woTemplates_model_1_multimer_v1_pred_33.pdb	1	1	1	1	1	1	2	8	1349
afm_woTemplates_model_1_multimer_v1_pred_34.pdb	2	2	1	4	6	10	11	531	1350
afm_woTemplates_model_1_multimer_v1_pred_35.pdb	1	1	1	1	1	1	1	2	217
afm_woTemplates_model_1_multimer_v1_pred_36.pdb	1	1	1	1	1	1	1	2	70
afm_woTemplates_model_1_multimer_v1_pred_37.pdb	1	1	1	1	1	1	2	8	102
afm_woTemplates_model_1_multimer_v1_pred_38.pdb	1	1	1	1	1	1	2	8	1351
afm_woTemplates_model_1_multimer_v1_pred_39.pdb	1	2	1	1	1	1	2	8	102
afm_woTemplates_model_1_multimer_v1_pred_4.pdb	1	1	1	1	1	1	1	2	130
afm_woTemplates_model_1_multimer_v1_pred_40.pdb	1	2	3	5	5	8	16	39	1352
afm_woTemplates_model_1_multimer_v1_pred_41.pdb	1	1	1	1	1	1	2	22	115
afm_woTemplates_model_1_multimer_v1_pred_42.pdb	1	2	3	5	5	8	16	39	1353
afm_woTemplates_model_1_multimer_v1_pred_43.pdb	1	1	1	1	1	1	2	3	158
afm_woTemplates_model_1_multimer_v1_pred_44.pdb	1	1	1	1	1	1	2	8	93
afm_woTemplates_model_1_multimer_v1_pred_45.pdb	1	2	1	1	1	1	30	532	1354
afm_woTemplates_model_1_multimer_v1_pred_46.pdb	1	1	2	6	2	2	3	9	157
afm_woTemplates_model_1_multimer_v1_pred_47.pdb	1	2	1	1	1	1	2	8	102
afm_woTemplates_model_1_multimer_v1_pred_48.pdb	1	1	1	1	1	1	2	22	115
afm_woTemplates_model_1_multimer_v1_pred_49.pdb	1	2	1	5	5	8	16	533	1355
afm_woTemplates_model_1_multimer_v1_pred_5.pdb	1	1	2	2	7	165	295	534	1356
afm_woTemplates_model_1_multimer_v1_pred_50.pdb	1	1	1	1	1	1	2	8	1357
afm_woTemplates_model_1_multimer_v1_pred_51.pdb	1	1	1	1	1	1	1	2	70
afm_woTemplates_model_1_multimer_v1_pred_52.pdb	1	1	1	1	1	1	2	8	93
afm_woTemplates_model_1_multimer_v1_pred_53.pdb	1	1	1	1	1	1	1	2	11
afm_woTemplates_model_1_multimer_v1_pred_54.pdb	1	1	1	1	1	1	2	8	93
afm_woTemplates_model_1_multimer_v1_pred_55.pdb	1	2	3	5	5	8	16	39	1358
afm_woTemplates_model_1_multimer_v1_pred_56.pdb	1	1	1	1	1	1	2	8	102
afm_woTemplates_model_1_multimer_v1_pred_57.pdb	1	1	1	1	1	1	2	3	1359
afm_woTemplates_model_1_multimer_v1_pred_58.pdb	1	1	1	1	1	1	2	3	1360
afm_woTemplates_model_1_multimer_v1_pred_59.pdb	1	1	1	1	1	1	2	3	102
afm_woTemplates_model_1_multimer_v1_pred_6.pdb	1	1	1	1	1	1	2	8	102
afm_woTemplates_model_1_multimer_v1_pred_60.pdb	1	1	2	2	2	2	3	9	157
afm_woTemplates_model_1_multimer_v1_pred_61.pdb	1	1	2	2	2	11	3	66	1361
afm_woTemplates_model_1_multimer_v1_pred_62.pdb	1	1	1	1	1	1	2	8	1362
afm_woTemplates_model_1_multimer_v1_pred_63.pdb	1	1	1	1	1	1	1	2	11
afm_woTemplates_model_1_multimer_v1_pred_64.pdb	1	1	2	6	2	2	3	9	157
afm_woTemplates_model_1_multimer_v1_pred_65.pdb	1	1	2	6	2	2	3	9	1363
afm_woTemplates_model_1_multimer_v1_pred_66.pdb	1	1	1	1	1	1	2	3	134
afm_woTemplates_model_1_multimer_v1_pred_7.pdb	1	1	1	1	1	1	2	22	115
afm_woTemplates_model_1_multimer_v1_pred_8.pdb	1	1	1	1	1	1	2	3	134
afm_woTemplates_model_1_multimer_v1_pred_9.pdb	1	1	1	1	1	1	2	3	102
afm_woTemplates_model_1_multimer_v2_pred_0.pdb	1	1	1	1	1	1	1	1	6
afm_woTemplates_model_1_multimer_v2_pred_1.pdb	1	1	1	1	1	1	1	1	6
afm_woTemplates_model_1_multimer_v2_pred_10.pdb	1	1	1	1	1	1	1	4	103
afm_woTemplates_model_1_multimer_v2_pred_11.pdb	1	1	1	1	1	1	1	1	6
afm_woTemplates_model_1_multimer_v2_pred_12.pdb	1	1	1	1	1	1	1	4	1364
afm_woTemplates_model_1_multimer_v2_pred_13.pdb	1	1	1	1	1	1	1	1	6
afm_woTemplates_model_1_multimer_v2_pred_14.pdb	1	1	1	1	1	1	1	1	6
afm_woTemplates_model_1_multimer_v2_pred_15.pdb	1	1	1	1	1	1	1	1	6
afm_woTemplates_model_1_multimer_v2_pred_16.pdb	1	1	1	1	1	1	1	1	6
afm_woTemplates_model_1_multimer_v2_pred_17.pdb	1	1	1	1	1	1	1	1	6
afm_woTemplates_model_1_multimer_v2_pred_18.pdb	1	1	1	1	1	1	1	1	6
afm_woTemplates_model_1_multimer_v2_pred_19.pdb	1	1	1	1	1	1	1	1	6
afm_woTemplates_model_1_multimer_v2_pred_2.pdb	1	1	1	1	1	1	1	1	6
afm_woTemplates_model_1_multimer_v2_pred_20.pdb	1	1	1	1	1	1	1	1	6
afm_woTemplates_model_1_multimer_v2_pred_21.pdb	1	1	1	1	1	1	1	1	6
afm_woTemplates_model_1_multimer_v2_pred_22.pdb	1	1	1	1	1	1	1	1	6
afm_woTemplates_model_1_multimer_v2_pred_23.pdb	1	1	1	1	1	1	1	4	214
afm_woTemplates_model_1_multimer_v2_pred_24.pdb	1	1	1	1	1	1	1	1	6
afm_woTemplates_model_1_multimer_v2_pred_25.pdb	1	1	1	1	1	1	1	4	6
afm_woTemplates_model_1_multimer_v2_pred_26.pdb	1	1	1	1	1	1	1	1	6
afm_woTemplates_model_1_multimer_v2_pred_27.pdb	1	1	1	1	1	1	1	1	6
afm_woTemplates_model_1_multimer_v2_pred_28.pdb	1	1	1	1	1	1	1	1	6
afm_woTemplates_model_1_multimer_v2_pred_29.pdb	1	1	1	1	1	1	1	1	6
afm_woTemplates_model_1_multimer_v2_pred_3.pdb	1	1	1	1	1	1	1	1	6
afm_woTemplates_model_1_multimer_v2_pred_30.pdb	1	1	1	1	1	1	7	10	132
afm_woTemplates_model_1_multimer_v2_pred_31.pdb	1	1	1	1	1	1	1	1	6
afm_woTemplates_model_1_multimer_v2_pred_32.pdb	1	1	1	1	1	1	1	4	6
afm_woTemplates_model_1_multimer_v2_pred_33.pdb	1	1	1	1	1	1	1	1	6
afm_woTemplates_model_1_multimer_v2_pred_34.pdb	1	1	1	1	1	1	1	1	6
afm_woTemplates_model_1_multimer_v2_pred_35.pdb	1	1	1	1	1	1	1	1	6
afm_woTemplates_model_1_multimer_v2_pred_36.pdb	1	1	1	1	1	1	1	1	6
afm_woTemplates_model_1_multimer_v2_pred_37.pdb	1	1	1	1	1	1	1	1	6
afm_woTemplates_model_1_multimer_v2_pred_38.pdb	1	1	1	1	1	1	1	1	6
afm_woTemplates_model_1_multimer_v2_pred_39.pdb	1	1	1	1	1	1	1	1	6
afm_woTemplates_model_1_multimer_v2_pred_4.pdb	1	1	1	1	1	1	1	4	6
afm_woTemplates_model_1_multimer_v2_pred_40.pdb	1	1	1	1	1	1	1	1	6
afm_woTemplates_model_1_multimer_v2_pred_41.pdb	1	1	1	1	1	1	1	4	6
afm_woTemplates_model_1_multimer_v2_pred_42.pdb	1	1	1	1	1	1	1	1	6
afm_woTemplates_model_1_multimer_v2_pred_43.pdb	1	1	1	1	1	1	1	1	6
afm_woTemplates_model_1_multimer_v2_pred_44.pdb	1	1	1	1	1	1	1	1	103
afm_woTemplates_model_1_multimer_v2_pred_45.pdb	1	1	1	1	1	1	1	1	6
afm_woTemplates_model_1_multimer_v2_pred_46.pdb	1	1	1	1	1	1	1	4	103
afm_woTemplates_model_1_multimer_v2_pred_47.pdb	1	1	1	1	1	1	1	1	6
afm_woTemplates_model_1_multimer_v2_pred_48.pdb	1	1	1	1	1	1	1	1	6
afm_woTemplates_model_1_multimer_v2_pred_49.pdb	1	1	1	1	1	1	1	1	6
afm_woTemplates_model_1_multimer_v2_pred_5.pdb	1	1	1	1	1	1	1	1	6
afm_woTemplates_model_1_multimer_v2_pred_50.pdb	1	1	1	1	1	1	1	1	6
afm_woTemplates_model_1_multimer_v2_pred_51.pdb	1	1	1	1	1	1	1	1	6
afm_woTemplates_model_1_multimer_v2_pred_52.pdb	1	1	1	1	1	1	1	4	6
afm_woTemplates_model_1_multimer_v2_pred_53.pdb	1	1	1	1	1	1	1	1	6
afm_woTemplates_model_1_multimer_v2_pred_54.pdb	1	1	1	1	1	1	1	1	6
afm_woTemplates_model_1_multimer_v2_pred_55.pdb	1	1	1	1	1	1	1	1	6
afm_woTemplates_model_1_multimer_v2_pred_56.pdb	1	1	1	1	1	1	1	1	6
afm_woTemplates_model_1_multimer_v2_pred_57.pdb	1	1	1	1	1	1	1	1	6
afm_woTemplates_model_1_multimer_v2_pred_58.pdb	1	1	1	1	1	1	1	1	6
afm_woTemplates_model_1_multimer_v2_pred_59.pdb	1	1	1	1	1	1	1	1	6
afm_woTemplates_model_1_multimer_v2_pred_6.pdb	1	1	1	1	1	1	1	4	6
afm_woTemplates_model_1_multimer_v2_pred_60.pdb	1	1	1	1	1	1	1	4	131
afm_woTemplates_model_1_multimer_v2_pred_61.pdb	1	1	1	1	1	1	1	1	6
afm_woTemplates_model_1_multimer_v2_pred_62.pdb	1	1	1	1	1	1	1	1	6
afm_woTemplates_model_1_multimer_v2_pred_63.pdb	1	1	1	1	1	1	1	1	6
afm_woTemplates_model_1_multimer_v2_pred_64.pdb	1	1	1	1	1	1	1	1	6
afm_woTemplates_model_1_multimer_v2_pred_65.pdb	1	1	1	1	1	1	1	4	6
afm_woTemplates_model_1_multimer_v2_pred_66.pdb	1	1	1	1	1	1	1	1	6
afm_woTemplates_model_1_multimer_v2_pred_7.pdb	1	1	1	1	1	1	1	1	6
afm_woTemplates_model_1_multimer_v2_pred_8.pdb	1	1	1	1	1	1	1	1	6
afm_woTemplates_model_1_multimer_v2_pred_9.pdb	1	1	1	1	1	1	1	1	6
afm_woTemplates_model_1_multimer_v3_pred_0.pdb	1	1	1	1	1	1	1	1	1
afm_woTemplates_model_1_multimer_v3_pred_1.pdb	1	1	1	1	1	1	1	1	1
afm_woTemplates_model_1_multimer_v3_pred_10.pdb	1	1	1	1	1	1	1	1	1
afm_woTemplates_model_1_multimer_v3_pred_11.pdb	1	1	1	1	1	1	1	1	1
afm_woTemplates_model_1_multimer_v3_pred_12.pdb	1	1	1	1	1	1	1	1	1
afm_woTemplates_model_1_multimer_v3_pred_13.pdb	1	1	1	1	1	1	1	1	1
afm_woTemplates_model_1_multimer_v3_pred_14.pdb	1	1	1	1	1	1	1	1	1
afm_woTemplates_model_1_multimer_v3_pred_15.pdb	1	1	1	1	1	1	1	1	1
afm_woTemplates_model_1_multimer_v3_pred_16.pdb	1	1	1	1	1	1	1	1	1
afm_woTemplates_model_1_multimer_v3_pred_17.pdb	1	1	1	1	1	1	1	1	1
afm_woTemplates_model_1_multimer_v3_pred_18.pdb	1	1	1	1	1	1	1	1	1
afm_woTemplates_model_1_multimer_v3_pred_19.pdb	1	1	1	1	1	1	1	1	1
afm_woTemplates_model_1_multimer_v3_pred_2.pdb	1	1	1	1	1	1	1	1	1
afm_woTemplates_model_1_multimer_v3_pred_20.pdb	1	1	1	1	1	1	1	1	1
afm_woTemplates_model_1_multimer_v3_pred_21.pdb	1	1	1	1	1	1	1	1	1
afm_woTemplates_model_1_multimer_v3_pred_22.pdb	1	1	1	1	1	1	1	1	1
afm_woTemplates_model_1_multimer_v3_pred_23.pdb	1	1	1	1	1	1	1	1	1
afm_woTemplates_model_1_multimer_v3_pred_24.pdb	1	1	1	1	1	1	1	1	1
afm_woTemplates_model_1_multimer_v3_pred_25.pdb	1	1	1	1	1	1	1	1	1
afm_woTemplates_model_1_multimer_v3_pred_26.pdb	1	1	1	1	1	1	1	1	1
afm_woTemplates_model_1_multimer_v3_pred_27.pdb	1	1	1	1	1	1	1	1	1
afm_woTemplates_model_1_multimer_v3_pred_28.pdb	1	1	1	1	1	1	1	1	1
afm_woTemplates_model_1_multimer_v3_pred_29.pdb	1	1	1	1	1	1	1	1	1
afm_woTemplates_model_1_multimer_v3_pred_3.pdb	1	1	1	1	1	1	1	1	1
afm_woTemplates_model_1_multimer_v3_pred_30.pdb	1	1	1	1	1	1	1	1	1
afm_woTemplates_model_1_multimer_v3_pred_31.pdb	1	1	1	1	1	1	1	1	1
afm_woTemplates_model_1_multimer_v3_pred_32.pdb	1	1	1	1	1	1	1	1	1
afm_woTemplates_model_1_multimer_v3_pred_33.pdb	1	1	1	1	1	1	1	1	1
afm_woTemplates_model_1_multimer_v3_pred_34.pdb	1	1	1	1	1	1	1	1	1
afm_woTemplates_model_1_multimer_v3_pred_35.pdb	1	1	1	1	1	1	1	1	1
afm_woTemplates_model_1_multimer_v3_pred_36.pdb	1	1	1	1	1	1	1	1	1
afm_woTemplates_model_1_multimer_v3_pred_37.pdb	1	1	1	1	1	1	1	1	1
afm_woTemplates_model_1_multimer_v3_pred_38.pdb	1	1	1	1	1	1	1	1	1
afm_woTemplates_model_1_multimer_v3_pred_39.pdb	1	1	1	1	1	1	1	1	1
afm_woTemplates_model_1_multimer_v3_pred_4.pdb	1	1	1	1	1	1	1	1	1
afm_woTemplates_model_1_multimer_v3_pred_40.pdb	1	1	1	1	1	1	1	1	1
afm_woTemplates_model_1_multimer_v3_pred_41.pdb	1	1	1	1	1	1	1	1	1
afm_woTemplates_model_1_multimer_v3_pred_42.pdb	1	1	1	1	1	1	1	1	1
afm_woTemplates_model_1_multimer_v3_pred_43.pdb	1	1	1	1	1	1	1	1	1
afm_woTemplates_model_1_multimer_v3_pred_44.pdb	1	1	1	1	1	1	1	1	1
afm_woTemplates_model_1_multimer_v3_pred_45.pdb	1	1	1	1	1	1	1	1	1
afm_woTemplates_model_1_multimer_v3_pred_46.pdb	1	1	1	1	1	1	1	1	1
afm_woTemplates_model_1_multimer_v3_pred_47.pdb	1	1	1	1	1	1	1	1	1
afm_woTemplates_model_1_multimer_v3_pred_48.pdb	1	1	1	1	1	1	1	1	1
afm_woTemplates_model_1_multimer_v3_pred_49.pdb	1	1	1	1	1	1	1	1	1
afm_woTemplates_model_1_multimer_v3_pred_5.pdb	1	1	1	1	1	1	1	1	1
afm_woTemplates_model_1_multimer_v3_pred_50.pdb	1	1	1	1	1	1	1	1	1
afm_woTemplates_model_1_multimer_v3_pred_51.pdb	1	1	1	1	1	1	1	1	1
afm_woTemplates_model_1_multimer_v3_pred_52.pdb	1	1	1	1	1	1	1	1	1
afm_woTemplates_model_1_multimer_v3_pred_53.pdb	1	1	1	1	1	1	1	1	1
afm_woTemplates_model_1_multimer_v3_pred_54.pdb	1	1	1	1	1	1	1	1	1
afm_woTemplates_model_1_multimer_v3_pred_55.pdb	1	1	1	1	1	1	1	1	1
afm_woTemplates_model_1_multimer_v3_pred_56.pdb	1	1	1	1	1	1	1	1	1
afm_woTemplates_model_1_multimer_v3_pred_57.pdb	1	1	1	1	1	1	1	1	1
afm_woTemplates_model_1_multimer_v3_pred_58.pdb	1	1	1	1	1	1	1	1	1
afm_woTemplates_model_1_multimer_v3_pred_59.pdb	1	1	1	1	1	1	1	1	1
afm_woTemplates_model_1_multimer_v3_pred_6.pdb	1	1	1	1	1	1	1	1	1
afm_woTemplates_model_1_multimer_v3_pred_60.pdb	1	1	1	1	1	1	1	1	1
afm_woTemplates_model_1_multimer_v3_pred_61.pdb	1	1	1	1	1	1	1	1	1
afm_woTemplates_model_1_multimer_v3_pred_62.pdb	1	1	1	1	1	1	1	1	1
afm_woTemplates_model_1_multimer_v3_pred_63.pdb	1	1	1	1	1	1	1	1	1
afm_woTemplates_model_1_multimer_v3_pred_64.pdb	1	1	1	1	1	1	1	1	1
afm_woTemplates_model_1_multimer_v3_pred_65.pdb	1	1	1	1	1	1	1	1	1
afm_woTemplates_model_1_multimer_v3_pred_66.pdb	1	1	1	1	1	1	1	1	159
afm_woTemplates_model_1_multimer_v3_pred_7.pdb	1	1	1	1	1	1	1	1	1
afm_woTemplates_model_1_multimer_v3_pred_8.pdb	1	1	1	1	1	1	1	1	1
afm_woTemplates_model_1_multimer_v3_pred_9.pdb	1	1	1	1	1	1	1	1	1
afm_woTemplates_model_2_multimer_v1_pred_0.pdb	1	1	1	1	1	1	1	1	39
afm_woTemplates_model_2_multimer_v1_pred_1.pdb	1	1	1	1	1	1	1	2	94
afm_woTemplates_model_2_multimer_v1_pred_10.pdb	2	2	1	4	6	10	11	48	1365
afm_woTemplates_model_2_multimer_v1_pred_11.pdb	1	1	1	1	1	1	1	1	47
afm_woTemplates_model_2_multimer_v1_pred_12.pdb	1	2	3	5	5	8	13	49	1366
afm_woTemplates_model_2_multimer_v1_pred_13.pdb	1	1	1	1	1	1	1	2	47
afm_woTemplates_model_2_multimer_v1_pred_14.pdb	1	1	1	1	1	1	1	5	1367
afm_woTemplates_model_2_multimer_v1_pred_15.pdb	1	1	1	1	1	1	1	2	61
afm_woTemplates_model_2_multimer_v1_pred_16.pdb	1	1	1	1	1	1	1	2	47
afm_woTemplates_model_2_multimer_v1_pred_17.pdb	1	1	1	1	1	1	1	2	47
afm_woTemplates_model_2_multimer_v1_pred_18.pdb	1	1	1	1	1	1	1	2	71
afm_woTemplates_model_2_multimer_v1_pred_19.pdb	1	1	1	1	1	1	1	3	1368
afm_woTemplates_model_2_multimer_v1_pred_2.pdb	2	2	1	4	6	10	11	535	1369
afm_woTemplates_model_2_multimer_v1_pred_20.pdb	1	1	1	1	1	1	1	1	47
afm_woTemplates_model_2_multimer_v1_pred_21.pdb	1	1	1	1	1	1	1	2	114
afm_woTemplates_model_2_multimer_v1_pred_22.pdb	1	1	1	1	1	1	1	1	116
afm_woTemplates_model_2_multimer_v1_pred_23.pdb	1	1	1	1	1	1	1	2	61
afm_woTemplates_model_2_multimer_v1_pred_24.pdb	1	1	1	1	1	1	1	2	47
afm_woTemplates_model_2_multimer_v1_pred_25.pdb	1	1	1	1	1	1	1	2	47
afm_woTemplates_model_2_multimer_v1_pred_26.pdb	1	1	1	1	1	1	1	2	1370
afm_woTemplates_model_2_multimer_v1_pred_27.pdb	1	1	1	1	1	1	1	2	61
afm_woTemplates_model_2_multimer_v1_pred_28.pdb	1	1	1	1	1	1	1	1	47
afm_woTemplates_model_2_multimer_v1_pred_29.pdb	1	1	1	1	1	1	1	1	116
afm_woTemplates_model_2_multimer_v1_pred_3.pdb	2	2	1	4	6	10	11	536	1371
afm_woTemplates_model_2_multimer_v1_pred_30.pdb	1	2	3	5	5	8	13	49	1372
afm_woTemplates_model_2_multimer_v1_pred_31.pdb	1	1	1	1	1	1	1	2	71
afm_woTemplates_model_2_multimer_v1_pred_32.pdb	1	1	1	1	1	1	1	1	61
afm_woTemplates_model_2_multimer_v1_pred_33.pdb	1	1	1	1	1	1	1	5	1373
afm_woTemplates_model_2_multimer_v1_pred_34.pdb	1	1	1	1	1	1	1	2	182
afm_woTemplates_model_2_multimer_v1_pred_35.pdb	1	1	1	1	1	1	1	2	47
afm_woTemplates_model_2_multimer_v1_pred_36.pdb	1	1	1	1	1	1	1	2	61
afm_woTemplates_model_2_multimer_v1_pred_37.pdb	1	1	1	1	1	1	2	29	1374
afm_woTemplates_model_2_multimer_v1_pred_38.pdb	1	1	1	1	1	1	1	2	47
afm_woTemplates_model_2_multimer_v1_pred_39.pdb	1	1	1	1	1	1	1	1	61
afm_woTemplates_model_2_multimer_v1_pred_4.pdb	1	1	1	1	1	1	1	2	71
afm_woTemplates_model_2_multimer_v1_pred_40.pdb	1	1	1	1	1	1	1	2	61
afm_woTemplates_model_2_multimer_v1_pred_41.pdb	1	1	1	1	1	1	1	2	87
afm_woTemplates_model_2_multimer_v1_pred_42.pdb	1	1	1	1	1	1	1	2	47
afm_woTemplates_model_2_multimer_v1_pred_43.pdb	1	1	1	1	1	1	1	19	1375
afm_woTemplates_model_2_multimer_v1_pred_44.pdb	1	1	1	1	1	1	1	3	1376
afm_woTemplates_model_2_multimer_v1_pred_45.pdb	1	1	1	1	1	1	1	2	47
afm_woTemplates_model_2_multimer_v1_pred_46.pdb	2	2	1	4	6	10	11	537	1377
afm_woTemplates_model_2_multimer_v1_pred_47.pdb	1	1	1	1	1	1	1	5	1378
afm_woTemplates_model_2_multimer_v1_pred_48.pdb	1	1	1	1	1	1	1	2	47
afm_woTemplates_model_2_multimer_v1_pred_49.pdb	1	1	1	1	1	1	1	2	47
afm_woTemplates_model_2_multimer_v1_pred_5.pdb	1	1	1	1	1	1	1	2	47
afm_woTemplates_model_2_multimer_v1_pred_50.pdb	1	2	3	5	5	8	13	49	1379
afm_woTemplates_model_2_multimer_v1_pred_51.pdb	1	1	1	1	1	1	1	2	1380
afm_woTemplates_model_2_multimer_v1_pred_52.pdb	2	2	1	4	6	10	11	48	1381
afm_woTemplates_model_2_multimer_v1_pred_53.pdb	1	1	1	1	1	1	1	2	94
afm_woTemplates_model_2_multimer_v1_pred_54.pdb	1	1	1	1	1	1	2	19	1382
afm_woTemplates_model_2_multimer_v1_pred_55.pdb	1	1	1	1	1	1	1	2	61
afm_woTemplates_model_2_multimer_v1_pred_56.pdb	1	1	1	1	1	1	1	2	61
afm_woTemplates_model_2_multimer_v1_pred_57.pdb	1	1	1	1	1	1	1	1	47
afm_woTemplates_model_2_multimer_v1_pred_58.pdb	1	1	1	1	1	1	1	2	94
afm_woTemplates_model_2_multimer_v1_pred_59.pdb	1	1	1	1	1	1	1	2	116
afm_woTemplates_model_2_multimer_v1_pred_6.pdb	1	1	1	1	1	1	1	5	1383
afm_woTemplates_model_2_multimer_v1_pred_60.pdb	1	1	1	1	1	1	1	2	47
afm_woTemplates_model_2_multimer_v1_pred_61.pdb	1	1	1	1	1	1	1	2	71
afm_woTemplates_model_2_multimer_v1_pred_62.pdb	1	1	1	1	1	1	1	1	116
afm_woTemplates_model_2_multimer_v1_pred_63.pdb	2	2	1	4	6	10	11	48	1384
afm_woTemplates_model_2_multimer_v1_pred_64.pdb	1	1	1	1	1	1	1	2	116
afm_woTemplates_model_2_multimer_v1_pred_65.pdb	1	2	3	5	5	8	13	538	1385
afm_woTemplates_model_2_multimer_v1_pred_66.pdb	2	2	1	4	6	10	11	539	1386
afm_woTemplates_model_2_multimer_v1_pred_7.pdb	1	1	1	1	1	1	1	2	47
afm_woTemplates_model_2_multimer_v1_pred_8.pdb	1	1	1	1	1	1	1	2	47
afm_woTemplates_model_2_multimer_v1_pred_9.pdb	1	1	1	1	1	1	1	1	47
afm_woTemplates_model_2_multimer_v2_pred_0.pdb	1	1	1	1	1	1	1	1	7
afm_woTemplates_model_2_multimer_v2_pred_1.pdb	1	1	1	1	1	1	1	1	7
afm_woTemplates_model_2_multimer_v2_pred_10.pdb	1	1	1	1	1	1	1	1	104
afm_woTemplates_model_2_multimer_v2_pred_11.pdb	1	1	1	1	1	1	1	1	7
afm_woTemplates_model_2_multimer_v2_pred_12.pdb	1	1	1	1	1	1	1	1	7
afm_woTemplates_model_2_multimer_v2_pred_13.pdb	1	1	1	1	1	1	1	1	7
afm_woTemplates_model_2_multimer_v2_pred_14.pdb	1	1	1	1	1	1	1	1	7
afm_woTemplates_model_2_multimer_v2_pred_15.pdb	1	1	1	1	1	1	1	1	7
afm_woTemplates_model_2_multimer_v2_pred_16.pdb	1	1	1	1	1	1	1	1	7
afm_woTemplates_model_2_multimer_v2_pred_17.pdb	1	1	1	1	1	1	1	1	7
afm_woTemplates_model_2_multimer_v2_pred_18.pdb	1	1	1	1	1	1	1	1	7
afm_woTemplates_model_2_multimer_v2_pred_19.pdb	1	1	1	1	1	1	1	1	7
afm_woTemplates_model_2_multimer_v2_pred_2.pdb	1	1	1	1	1	1	1	1	7
afm_woTemplates_model_2_multimer_v2_pred_20.pdb	1	1	1	1	1	1	1	1	7
afm_woTemplates_model_2_multimer_v2_pred_21.pdb	1	1	1	1	1	1	1	1	7
afm_woTemplates_model_2_multimer_v2_pred_22.pdb	1	1	1	1	1	1	1	1	7
afm_woTemplates_model_2_multimer_v2_pred_23.pdb	1	1	1	1	1	1	1	1	7
afm_woTemplates_model_2_multimer_v2_pred_24.pdb	1	1	1	1	1	1	1	1	7
afm_woTemplates_model_2_multimer_v2_pred_25.pdb	1	1	1	1	1	1	1	1	7
afm_woTemplates_model_2_multimer_v2_pred_26.pdb	1	1	1	1	1	1	1	1	7
afm_woTemplates_model_2_multimer_v2_pred_27.pdb	1	1	1	1	1	1	1	1	7
afm_woTemplates_model_2_multimer_v2_pred_28.pdb	1	1	1	1	1	1	1	1	7
afm_woTemplates_model_2_multimer_v2_pred_29.pdb	1	1	1	1	1	1	1	1	7
afm_woTemplates_model_2_multimer_v2_pred_3.pdb	1	1	1	1	1	1	1	1	7
afm_woTemplates_model_2_multimer_v2_pred_30.pdb	1	1	1	1	1	1	1	1	7
afm_woTemplates_model_2_multimer_v2_pred_31.pdb	1	1	1	1	1	1	1	1	104
afm_woTemplates_model_2_multimer_v2_pred_32.pdb	1	1	1	1	1	1	1	33	104
afm_woTemplates_model_2_multimer_v2_pred_33.pdb	1	1	1	1	1	1	1	1	33
afm_woTemplates_model_2_multimer_v2_pred_34.pdb	1	1	1	1	1	1	1	1	7
afm_woTemplates_model_2_multimer_v2_pred_35.pdb	1	1	1	1	1	1	1	1	7
afm_woTemplates_model_2_multimer_v2_pred_36.pdb	1	1	1	1	1	1	1	1	160
afm_woTemplates_model_2_multimer_v2_pred_37.pdb	1	1	1	1	1	1	1	1	7
afm_woTemplates_model_2_multimer_v2_pred_38.pdb	1	1	1	1	1	1	1	1	7
afm_woTemplates_model_2_multimer_v2_pred_39.pdb	1	1	1	1	1	1	1	1	7
afm_woTemplates_model_2_multimer_v2_pred_4.pdb	1	1	1	1	1	1	1	1	7
afm_woTemplates_model_2_multimer_v2_pred_40.pdb	1	1	1	1	1	1	1	1	7
afm_woTemplates_model_2_multimer_v2_pred_41.pdb	1	1	1	1	1	1	1	1	7
afm_woTemplates_model_2_multimer_v2_pred_42.pdb	1	1	1	1	1	1	1	1	7
afm_woTemplates_model_2_multimer_v2_pred_43.pdb	1	1	1	1	1	1	1	1	7
afm_woTemplates_model_2_multimer_v2_pred_44.pdb	1	1	1	1	1	1	1	1	7
afm_woTemplates_model_2_multimer_v2_pred_45.pdb	1	1	1	1	1	1	1	1	7
afm_woTemplates_model_2_multimer_v2_pred_46.pdb	1	1	1	1	1	1	1	1	160
afm_woTemplates_model_2_multimer_v2_pred_47.pdb	1	1	1	1	1	1	1	1	7
afm_woTemplates_model_2_multimer_v2_pred_48.pdb	1	1	1	1	1	1	1	1	7
afm_woTemplates_model_2_multimer_v2_pred_49.pdb	1	1	1	1	1	1	1	1	7
afm_woTemplates_model_2_multimer_v2_pred_5.pdb	1	1	1	1	1	1	1	1	7
afm_woTemplates_model_2_multimer_v2_pred_50.pdb	1	1	1	1	1	1	1	1	7
afm_woTemplates_model_2_multimer_v2_pred_51.pdb	1	1	1	1	1	1	1	1	7
afm_woTemplates_model_2_multimer_v2_pred_52.pdb	1	1	1	1	1	1	1	1	160
afm_woTemplates_model_2_multimer_v2_pred_53.pdb	1	1	1	1	1	1	1	1	7
afm_woTemplates_model_2_multimer_v2_pred_54.pdb	1	1	1	1	1	1	1	1	7
afm_woTemplates_model_2_multimer_v2_pred_55.pdb	1	1	1	1	1	1	1	1	7
afm_woTemplates_model_2_multimer_v2_pred_56.pdb	1	1	1	1	1	1	1	1	104
afm_woTemplates_model_2_multimer_v2_pred_57.pdb	1	1	1	1	1	1	1	1	7
afm_woTemplates_model_2_multimer_v2_pred_58.pdb	1	1	1	1	1	1	1	1	7
afm_woTemplates_model_2_multimer_v2_pred_59.pdb	1	1	1	1	1	1	1	1	7
afm_woTemplates_model_2_multimer_v2_pred_6.pdb	1	1	1	1	1	1	1	1	7
afm_woTemplates_model_2_multimer_v2_pred_60.pdb	1	1	1	1	1	1	1	1	7
afm_woTemplates_model_2_multimer_v2_pred_61.pdb	1	1	1	1	1	1	1	1	7
afm_woTemplates_model_2_multimer_v2_pred_62.pdb	1	1	1	1	1	1	1	1	7
afm_woTemplates_model_2_multimer_v2_pred_63.pdb	1	1	1	1	1	1	1	1	7
afm_woTemplates_model_2_multimer_v2_pred_64.pdb	1	1	1	1	1	1	1	1	7
afm_woTemplates_model_2_multimer_v2_pred_65.pdb	1	1	1	1	1	1	1	1	7
afm_woTemplates_model_2_multimer_v2_pred_66.pdb	1	1	1	1	1	1	1	1	7
afm_woTemplates_model_2_multimer_v2_pred_7.pdb	1	1	1	1	1	1	1	1	7
afm_woTemplates_model_2_multimer_v2_pred_8.pdb	1	1	1	1	1	1	1	1	7
afm_woTemplates_model_2_multimer_v2_pred_9.pdb	1	1	1	1	1	1	1	1	7
afm_woTemplates_model_2_multimer_v3_pred_0.pdb	1	1	1	1	1	1	1	1	1
afm_woTemplates_model_2_multimer_v3_pred_1.pdb	1	1	1	1	1	1	1	1	1
afm_woTemplates_model_2_multimer_v3_pred_10.pdb	1	1	1	1	1	1	1	1	1
afm_woTemplates_model_2_multimer_v3_pred_11.pdb	1	1	1	1	1	1	1	1	1
afm_woTemplates_model_2_multimer_v3_pred_12.pdb	1	1	1	1	1	1	1	1	1
afm_woTemplates_model_2_multimer_v3_pred_13.pdb	1	1	1	1	1	1	1	1	1
afm_woTemplates_model_2_multimer_v3_pred_14.pdb	1	1	1	1	1	1	1	1	34
afm_woTemplates_model_2_multimer_v3_pred_15.pdb	1	1	1	1	1	1	1	1	1
afm_woTemplates_model_2_multimer_v3_pred_16.pdb	1	1	1	1	1	1	1	1	1
afm_woTemplates_model_2_multimer_v3_pred_17.pdb	1	1	1	1	1	1	1	1	1
afm_woTemplates_model_2_multimer_v3_pred_18.pdb	1	1	1	1	1	1	1	1	1
afm_woTemplates_model_2_multimer_v3_pred_19.pdb	1	1	1	1	1	1	1	1	1
afm_woTemplates_model_2_multimer_v3_pred_2.pdb	1	1	1	1	1	1	1	10	187
afm_woTemplates_model_2_multimer_v3_pred_20.pdb	1	1	1	1	1	1	1	1	43
afm_woTemplates_model_2_multimer_v3_pred_21.pdb	1	1	1	1	1	1	1	1	1
afm_woTemplates_model_2_multimer_v3_pred_22.pdb	1	1	1	1	1	1	1	1	1
afm_woTemplates_model_2_multimer_v3_pred_23.pdb	1	1	1	1	1	1	1	1	1
afm_woTemplates_model_2_multimer_v3_pred_24.pdb	1	1	1	1	1	1	1	1	1
afm_woTemplates_model_2_multimer_v3_pred_25.pdb	1	1	1	1	1	1	1	1	1
afm_woTemplates_model_2_multimer_v3_pred_26.pdb	1	1	1	1	1	1	1	1	1
afm_woTemplates_model_2_multimer_v3_pred_27.pdb	1	1	1	1	1	1	1	1	1
afm_woTemplates_model_2_multimer_v3_pred_28.pdb	1	1	1	1	1	1	1	1	1
afm_woTemplates_model_2_multimer_v3_pred_29.pdb	1	1	1	1	1	1	1	1	1
afm_woTemplates_model_2_multimer_v3_pred_3.pdb	1	1	1	1	1	1	1	1	1
afm_woTemplates_model_2_multimer_v3_pred_30.pdb	1	1	1	1	1	1	1	1	1
afm_woTemplates_model_2_multimer_v3_pred_31.pdb	1	1	1	1	1	1	1	1	1
afm_woTemplates_model_2_multimer_v3_pred_32.pdb	1	1	1	1	1	1	1	1	1
afm_woTemplates_model_2_multimer_v3_pred_33.pdb	1	1	1	1	1	1	1	1	1
afm_woTemplates_model_2_multimer_v3_pred_34.pdb	1	1	1	1	1	1	1	1	1
afm_woTemplates_model_2_multimer_v3_pred_35.pdb	1	1	1	1	1	1	1	1	60
afm_woTemplates_model_2_multimer_v3_pred_36.pdb	1	1	1	1	1	1	1	1	1
afm_woTemplates_model_2_multimer_v3_pred_37.pdb	1	1	1	1	1	1	1	1	1
afm_woTemplates_model_2_multimer_v3_pred_38.pdb	1	1	1	1	1	1	1	1	1
afm_woTemplates_model_2_multimer_v3_pred_39.pdb	1	1	1	1	1	1	1	1	34
afm_woTemplates_model_2_multimer_v3_pred_4.pdb	1	1	1	1	1	1	1	1	1
afm_woTemplates_model_2_multimer_v3_pred_40.pdb	1	1	1	1	1	1	1	1	1
afm_woTemplates_model_2_multimer_v3_pred_41.pdb	1	1	1	1	1	1	1	1	34
afm_woTemplates_model_2_multimer_v3_pred_42.pdb	1	1	1	1	1	1	1	1	1
afm_woTemplates_model_2_multimer_v3_pred_43.pdb	1	1	1	1	1	1	1	1	1
afm_woTemplates_model_2_multimer_v3_pred_44.pdb	1	1	1	1	1	1	1	1	1
afm_woTemplates_model_2_multimer_v3_pred_45.pdb	1	1	1	1	1	1	1	1	1
afm_woTemplates_model_2_multimer_v3_pred_46.pdb	1	1	1	1	1	1	1	1	1
afm_woTemplates_model_2_multimer_v3_pred_47.pdb	1	1	1	1	1	1	1	1	1
afm_woTemplates_model_2_multimer_v3_pred_48.pdb	1	1	1	1	1	1	1	1	34
afm_woTemplates_model_2_multimer_v3_pred_49.pdb	1	1	1	1	1	1	1	1	1
afm_woTemplates_model_2_multimer_v3_pred_5.pdb	1	1	1	1	1	1	1	1	1
afm_woTemplates_model_2_multimer_v3_pred_50.pdb	1	1	1	1	1	1	1	1	1
afm_woTemplates_model_2_multimer_v3_pred_51.pdb	1	1	1	1	1	1	1	1	1
afm_woTemplates_model_2_multimer_v3_pred_52.pdb	1	1	1	1	1	1	1	1	1
afm_woTemplates_model_2_multimer_v3_pred_53.pdb	1	1	1	1	1	1	1	1	1
afm_woTemplates_model_2_multimer_v3_pred_54.pdb	1	1	1	1	1	1	1	1	1
afm_woTemplates_model_2_multimer_v3_pred_55.pdb	1	1	1	1	1	1	1	1	1
afm_woTemplates_model_2_multimer_v3_pred_56.pdb	1	1	1	1	1	1	1	1	1
afm_woTemplates_model_2_multimer_v3_pred_57.pdb	1	1	1	1	1	1	1	1	1
afm_woTemplates_model_2_multimer_v3_pred_58.pdb	1	1	1	1	1	1	1	1	34
afm_woTemplates_model_2_multimer_v3_pred_59.pdb	1	1	1	1	1	1	1	1	1
afm_woTemplates_model_2_multimer_v3_pred_6.pdb	1	1	1	1	1	1	1	1	34
afm_woTemplates_model_2_multimer_v3_pred_60.pdb	1	1	1	1	1	1	1	1	1
afm_woTemplates_model_2_multimer_v3_pred_61.pdb	1	1	1	1	1	1	1	1	1
afm_woTemplates_model_2_multimer_v3_pred_62.pdb	1	1	1	1	1	1	1	1	1
afm_woTemplates_model_2_multimer_v3_pred_63.pdb	1	1	1	1	1	1	1	1	34
afm_woTemplates_model_2_multimer_v3_pred_64.pdb	1	1	1	1	1	1	1	1	1
afm_woTemplates_model_2_multimer_v3_pred_65.pdb	1	1	1	1	1	1	1	1	1
afm_woTemplates_model_2_multimer_v3_pred_66.pdb	1	1	1	1	1	1	1	1	1
afm_woTemplates_model_2_multimer_v3_pred_7.pdb	1	1	1	1	1	1	1	1	1
afm_woTemplates_model_2_multimer_v3_pred_8.pdb	1	1	1	1	1	1	1	1	1
afm_woTemplates_model_2_multimer_v3_pred_9.pdb	1	1	1	1	1	1	1	1	1
afm_woTemplates_model_3_multimer_v1_pred_0.pdb	1	1	1	1	1	1	1	2	48
afm_woTemplates_model_3_multimer_v1_pred_1.pdb	1	1	1	1	1	1	1	2	135
afm_woTemplates_model_3_multimer_v1_pred_10.pdb	2	2	1	4	6	38	296	540	1387
afm_woTemplates_model_3_multimer_v1_pred_11.pdb	1	1	1	1	1	1	1	2	17
afm_woTemplates_model_3_multimer_v1_pred_12.pdb	1	1	1	1	1	1	1	7	219
afm_woTemplates_model_3_multimer_v1_pred_13.pdb	1	1	1	1	1	1	1	2	67
afm_woTemplates_model_3_multimer_v1_pred_14.pdb	1	1	1	1	1	1	2	40	1388
afm_woTemplates_model_3_multimer_v1_pred_15.pdb	1	1	1	1	1	1	1	2	48
afm_woTemplates_model_3_multimer_v1_pred_16.pdb	1	1	1	1	1	1	1	2	48
afm_woTemplates_model_3_multimer_v1_pred_17.pdb	1	1	1	1	1	1	1	2	17
afm_woTemplates_model_3_multimer_v1_pred_18.pdb	1	1	1	1	1	1	1	18	67
afm_woTemplates_model_3_multimer_v1_pred_19.pdb	1	1	1	1	1	1	1	2	48
afm_woTemplates_model_3_multimer_v1_pred_2.pdb	1	1	1	1	1	1	1	2	1389
afm_woTemplates_model_3_multimer_v1_pred_20.pdb	1	1	1	1	1	1	1	2	48
afm_woTemplates_model_3_multimer_v1_pred_21.pdb	1	1	1	1	1	1	1	2	17
afm_woTemplates_model_3_multimer_v1_pred_22.pdb	1	1	1	1	1	1	1	18	149
afm_woTemplates_model_3_multimer_v1_pred_23.pdb	1	1	1	1	1	1	1	18	67
afm_woTemplates_model_3_multimer_v1_pred_24.pdb	1	1	1	1	1	1	2	24	1390
afm_woTemplates_model_3_multimer_v1_pred_25.pdb	1	1	1	1	1	1	1	2	17
afm_woTemplates_model_3_multimer_v1_pred_26.pdb	1	1	1	1	1	1	1	18	135
afm_woTemplates_model_3_multimer_v1_pred_27.pdb	1	2	1	1	1	1	12	40	1391
afm_woTemplates_model_3_multimer_v1_pred_28.pdb	1	1	1	1	1	1	1	2	17
afm_woTemplates_model_3_multimer_v1_pred_29.pdb	1	1	1	1	1	1	1	7	219
afm_woTemplates_model_3_multimer_v1_pred_3.pdb	1	1	1	1	1	1	1	2	48
afm_woTemplates_model_3_multimer_v1_pred_30.pdb	1	1	1	1	1	1	1	2	17
afm_woTemplates_model_3_multimer_v1_pred_31.pdb	1	1	1	1	1	1	1	2	48
afm_woTemplates_model_3_multimer_v1_pred_32.pdb	1	1	1	1	1	1	1	2	17
afm_woTemplates_model_3_multimer_v1_pred_33.pdb	1	1	1	1	1	1	1	2	67
afm_woTemplates_model_3_multimer_v1_pred_34.pdb	1	1	1	1	1	1	1	2	17
afm_woTemplates_model_3_multimer_v1_pred_35.pdb	1	2	1	1	1	1	2	40	1392
afm_woTemplates_model_3_multimer_v1_pred_36.pdb	1	1	1	1	1	1	1	2	48
afm_woTemplates_model_3_multimer_v1_pred_37.pdb	1	1	1	1	1	1	1	2	17
afm_woTemplates_model_3_multimer_v1_pred_38.pdb	1	1	1	1	1	1	1	2	17
afm_woTemplates_model_3_multimer_v1_pred_39.pdb	1	1	1	1	1	1	1	2	48
afm_woTemplates_model_3_multimer_v1_pred_4.pdb	1	1	1	1	1	1	1	2	67
afm_woTemplates_model_3_multimer_v1_pred_40.pdb	1	1	1	1	1	1	1	2	17
afm_woTemplates_model_3_multimer_v1_pred_41.pdb	1	1	1	1	1	1	1	2	48
afm_woTemplates_model_3_multimer_v1_pred_42.pdb	1	1	1	1	1	1	1	18	135
afm_woTemplates_model_3_multimer_v1_pred_43.pdb	1	1	1	1	1	1	1	2	17
afm_woTemplates_model_3_multimer_v1_pred_44.pdb	1	1	1	1	1	1	1	2	48
afm_woTemplates_model_3_multimer_v1_pred_45.pdb	1	1	1	1	1	1	1	2	17
afm_woTemplates_model_3_multimer_v1_pred_46.pdb	1	1	1	1	1	1	1	2	67
afm_woTemplates_model_3_multimer_v1_pred_47.pdb	1	1	1	1	1	1	1	2	67
afm_woTemplates_model_3_multimer_v1_pred_48.pdb	1	1	1	1	1	1	2	24	1393
afm_woTemplates_model_3_multimer_v1_pred_49.pdb	1	1	1	1	1	1	1	2	17
afm_woTemplates_model_3_multimer_v1_pred_5.pdb	1	1	1	1	1	1	1	2	17
afm_woTemplates_model_3_multimer_v1_pred_50.pdb	1	1	1	1	1	1	1	2	48
afm_woTemplates_model_3_multimer_v1_pred_51.pdb	1	1	1	1	1	1	1	2	17
afm_woTemplates_model_3_multimer_v1_pred_52.pdb	1	1	1	1	1	1	1	2	67
afm_woTemplates_model_3_multimer_v1_pred_53.pdb	1	1	1	1	1	1	1	18	67
afm_woTemplates_model_3_multimer_v1_pred_54.pdb	1	1	1	1	1	1	2	3	1394
afm_woTemplates_model_3_multimer_v1_pred_55.pdb	1	1	1	1	1	1	2	3	1395
afm_woTemplates_model_3_multimer_v1_pred_56.pdb	1	1	1	1	1	1	1	2	17
afm_woTemplates_model_3_multimer_v1_pred_57.pdb	1	1	1	1	1	1	2	40	1396
afm_woTemplates_model_3_multimer_v1_pred_58.pdb	1	1	1	1	1	1	1	2	67
afm_woTemplates_model_3_multimer_v1_pred_59.pdb	1	1	1	1	1	1	1	5	220
afm_woTemplates_model_3_multimer_v1_pred_6.pdb	1	1	1	1	1	1	1	5	220
afm_woTemplates_model_3_multimer_v1_pred_60.pdb	1	1	1	1	1	1	1	2	48
afm_woTemplates_model_3_multimer_v1_pred_61.pdb	1	1	1	1	1	1	1	2	48
afm_woTemplates_model_3_multimer_v1_pred_62.pdb	1	1	1	1	1	1	1	2	17
afm_woTemplates_model_3_multimer_v1_pred_63.pdb	1	2	1	1	1	1	2	40	1397
afm_woTemplates_model_3_multimer_v1_pred_64.pdb	1	1	1	1	1	1	1	2	67
afm_woTemplates_model_3_multimer_v1_pred_65.pdb	1	1	1	1	1	1	1	2	17
afm_woTemplates_model_3_multimer_v1_pred_66.pdb	1	1	1	1	1	1	1	2	17
afm_woTemplates_model_3_multimer_v1_pred_7.pdb	1	1	1	1	1	1	1	2	17
afm_woTemplates_model_3_multimer_v1_pred_8.pdb	1	1	1	1	1	1	1	18	149
afm_woTemplates_model_3_multimer_v1_pred_9.pdb	1	1	1	1	1	1	1	2	17
afm_woTemplates_model_3_multimer_v2_pred_0.pdb	1	1	1	1	1	1	1	1	14
afm_woTemplates_model_3_multimer_v2_pred_1.pdb	1	1	1	1	1	1	1	1	14
afm_woTemplates_model_3_multimer_v2_pred_10.pdb	1	1	1	1	1	1	1	1	14
afm_woTemplates_model_3_multimer_v2_pred_11.pdb	1	1	1	1	1	1	1	1	14
afm_woTemplates_model_3_multimer_v2_pred_12.pdb	1	1	1	1	1	1	1	1	49
afm_woTemplates_model_3_multimer_v2_pred_13.pdb	1	1	1	1	1	1	1	1	14
afm_woTemplates_model_3_multimer_v2_pred_14.pdb	1	1	1	1	1	1	1	1	14
afm_woTemplates_model_3_multimer_v2_pred_15.pdb	1	1	1	1	1	1	1	11	14
afm_woTemplates_model_3_multimer_v2_pred_16.pdb	1	1	1	1	1	1	1	1	14
afm_woTemplates_model_3_multimer_v2_pred_17.pdb	1	1	1	1	1	1	1	1	14
afm_woTemplates_model_3_multimer_v2_pred_18.pdb	1	1	1	1	1	1	1	1	14
afm_woTemplates_model_3_multimer_v2_pred_19.pdb	1	1	1	1	1	1	1	1	14
afm_woTemplates_model_3_multimer_v2_pred_2.pdb	1	1	1	1	1	1	1	1	14
afm_woTemplates_model_3_multimer_v2_pred_20.pdb	1	1	1	1	1	1	1	1	14
afm_woTemplates_model_3_multimer_v2_pred_21.pdb	1	1	1	1	1	1	1	1	14
afm_woTemplates_model_3_multimer_v2_pred_22.pdb	1	1	1	1	1	1	1	4	14
afm_woTemplates_model_3_multimer_v2_pred_23.pdb	1	1	1	1	1	1	1	11	14
afm_woTemplates_model_3_multimer_v2_pred_24.pdb	1	1	1	1	1	1	1	1	14
afm_woTemplates_model_3_multimer_v2_pred_25.pdb	1	1	1	1	1	1	1	1	14
afm_woTemplates_model_3_multimer_v2_pred_26.pdb	1	1	1	1	1	1	1	1	14
afm_woTemplates_model_3_multimer_v2_pred_27.pdb	1	1	1	1	1	1	1	1	14
afm_woTemplates_model_3_multimer_v2_pred_28.pdb	1	1	1	1	1	1	1	1	50
afm_woTemplates_model_3_multimer_v2_pred_29.pdb	1	1	1	1	1	1	1	1	14
afm_woTemplates_model_3_multimer_v2_pred_3.pdb	1	1	1	1	1	1	1	1	14
afm_woTemplates_model_3_multimer_v2_pred_30.pdb	1	1	1	1	1	1	1	1	14
afm_woTemplates_model_3_multimer_v2_pred_31.pdb	1	1	1	1	1	1	1	1	14
afm_woTemplates_model_3_multimer_v2_pred_32.pdb	1	1	1	1	1	1	1	1	49
afm_woTemplates_model_3_multimer_v2_pred_33.pdb	1	1	1	1	1	1	1	23	49
afm_woTemplates_model_3_multimer_v2_pred_34.pdb	1	1	1	1	1	1	1	1	14
afm_woTemplates_model_3_multimer_v2_pred_35.pdb	1	1	1	1	1	1	1	1	14
afm_woTemplates_model_3_multimer_v2_pred_36.pdb	1	1	1	1	1	1	1	1	14
afm_woTemplates_model_3_multimer_v2_pred_37.pdb	1	1	1	1	1	1	1	1	14
afm_woTemplates_model_3_multimer_v2_pred_38.pdb	1	1	1	1	1	1	1	1	188
afm_woTemplates_model_3_multimer_v2_pred_39.pdb	1	1	1	1	1	1	1	1	14
afm_woTemplates_model_3_multimer_v2_pred_4.pdb	1	1	1	1	1	1	1	1	14
afm_woTemplates_model_3_multimer_v2_pred_40.pdb	1	1	1	1	1	1	1	1	14
afm_woTemplates_model_3_multimer_v2_pred_41.pdb	1	1	1	1	1	1	1	1	14
afm_woTemplates_model_3_multimer_v2_pred_42.pdb	1	1	1	1	1	1	1	1	14
afm_woTemplates_model_3_multimer_v2_pred_43.pdb	1	1	1	1	1	1	1	1	14
afm_woTemplates_model_3_multimer_v2_pred_44.pdb	1	1	1	1	1	1	1	1	14
afm_woTemplates_model_3_multimer_v2_pred_45.pdb	1	1	1	1	1	1	1	1	14
afm_woTemplates_model_3_multimer_v2_pred_46.pdb	1	1	1	1	1	1	1	1	14
afm_woTemplates_model_3_multimer_v2_pred_47.pdb	1	1	1	1	1	1	1	1	49
afm_woTemplates_model_3_multimer_v2_pred_48.pdb	1	1	1	1	1	1	1	1	14
afm_woTemplates_model_3_multimer_v2_pred_49.pdb	1	1	1	1	1	1	1	1	14
afm_woTemplates_model_3_multimer_v2_pred_5.pdb	1	1	1	1	1	1	1	1	14
afm_woTemplates_model_3_multimer_v2_pred_50.pdb	1	1	1	1	1	1	1	1	14
afm_woTemplates_model_3_multimer_v2_pred_51.pdb	1	1	1	1	1	1	1	1	14
afm_woTemplates_model_3_multimer_v2_pred_52.pdb	1	1	1	1	1	1	1	1	14
afm_woTemplates_model_3_multimer_v2_pred_53.pdb	1	1	1	1	1	1	1	1	14
afm_woTemplates_model_3_multimer_v2_pred_54.pdb	1	1	1	1	1	1	1	1	14
afm_woTemplates_model_3_multimer_v2_pred_55.pdb	1	1	1	1	1	1	1	1	14
afm_woTemplates_model_3_multimer_v2_pred_56.pdb	1	1	1	1	1	1	1	1	14
afm_woTemplates_model_3_multimer_v2_pred_57.pdb	1	1	1	1	1	1	1	1	49
afm_woTemplates_model_3_multimer_v2_pred_58.pdb	1	1	1	1	1	1	1	1	14
afm_woTemplates_model_3_multimer_v2_pred_59.pdb	1	1	1	1	1	1	1	1	14
afm_woTemplates_model_3_multimer_v2_pred_6.pdb	1	1	1	1	1	1	1	1	14
afm_woTemplates_model_3_multimer_v2_pred_60.pdb	1	1	1	1	1	1	1	1	14
afm_woTemplates_model_3_multimer_v2_pred_61.pdb	1	1	1	1	1	1	1	1	14
afm_woTemplates_model_3_multimer_v2_pred_62.pdb	1	1	1	1	1	1	1	1	14
afm_woTemplates_model_3_multimer_v2_pred_63.pdb	1	1	1	1	1	1	1	1	14
afm_woTemplates_model_3_multimer_v2_pred_64.pdb	1	1	1	1	1	1	1	1	14
afm_woTemplates_model_3_multimer_v2_pred_65.pdb	1	1	1	1	1	1	1	1	14
afm_woTemplates_model_3_multimer_v2_pred_66.pdb	1	1	1	1	1	1	1	1	14
afm_woTemplates_model_3_multimer_v2_pred_7.pdb	1	1	1	1	1	1	1	1	14
afm_woTemplates_model_3_multimer_v2_pred_8.pdb	1	1	1	1	1	1	1	1	14
afm_woTemplates_model_3_multimer_v2_pred_9.pdb	1	1	1	1	1	1	1	1	198
afm_woTemplates_model_3_multimer_v3_pred_0.pdb	1	1	1	1	1	1	1	1	3
afm_woTemplates_model_3_multimer_v3_pred_1.pdb	1	1	1	1	1	1	1	1	3
afm_woTemplates_model_3_multimer_v3_pred_10.pdb	1	1	1	1	1	1	1	1	3
afm_woTemplates_model_3_multimer_v3_pred_11.pdb	1	1	1	1	1	1	1	1	3
afm_woTemplates_model_3_multimer_v3_pred_12.pdb	1	1	1	1	1	1	1	1	3
afm_woTemplates_model_3_multimer_v3_pred_13.pdb	1	1	1	1	1	1	1	1	3
afm_woTemplates_model_3_multimer_v3_pred_14.pdb	1	1	1	1	1	1	1	1	3
afm_woTemplates_model_3_multimer_v3_pred_15.pdb	1	1	1	1	1	1	1	1	3
afm_woTemplates_model_3_multimer_v3_pred_16.pdb	1	1	1	1	1	1	1	1	3
afm_woTemplates_model_3_multimer_v3_pred_17.pdb	1	1	1	1	1	1	1	1	3
afm_woTemplates_model_3_multimer_v3_pred_18.pdb	1	1	1	1	1	1	1	1	3
afm_woTemplates_model_3_multimer_v3_pred_19.pdb	1	1	1	1	1	1	1	1	3
afm_woTemplates_model_3_multimer_v3_pred_2.pdb	1	1	1	1	1	1	1	1	3
afm_woTemplates_model_3_multimer_v3_pred_20.pdb	1	1	1	1	1	1	1	1	3
afm_woTemplates_model_3_multimer_v3_pred_21.pdb	1	1	1	1	1	1	1	1	2
afm_woTemplates_model_3_multimer_v3_pred_22.pdb	1	1	1	1	1	1	1	1	2
afm_woTemplates_model_3_multimer_v3_pred_23.pdb	1	1	1	1	1	1	1	1	3
afm_woTemplates_model_3_multimer_v3_pred_24.pdb	1	1	1	1	1	1	1	1	3
afm_woTemplates_model_3_multimer_v3_pred_25.pdb	1	1	1	1	1	1	1	1	62
afm_woTemplates_model_3_multimer_v3_pred_26.pdb	1	1	1	1	1	1	1	1	2
afm_woTemplates_model_3_multimer_v3_pred_27.pdb	1	1	1	1	1	1	1	1	3
afm_woTemplates_model_3_multimer_v3_pred_28.pdb	1	1	1	1	1	1	1	1	3
afm_woTemplates_model_3_multimer_v3_pred_29.pdb	1	1	1	1	1	1	1	1	3
afm_woTemplates_model_3_multimer_v3_pred_3.pdb	1	1	1	1	1	1	1	1	3
afm_woTemplates_model_3_multimer_v3_pred_30.pdb	1	1	1	1	1	1	1	1	3
afm_woTemplates_model_3_multimer_v3_pred_31.pdb	1	1	1	1	1	1	1	1	3
afm_woTemplates_model_3_multimer_v3_pred_32.pdb	1	1	1	1	1	1	1	1	3
afm_woTemplates_model_3_multimer_v3_pred_33.pdb	1	1	1	1	1	1	1	1	3
afm_woTemplates_model_3_multimer_v3_pred_34.pdb	1	1	1	1	1	1	1	1	136
afm_woTemplates_model_3_multimer_v3_pred_35.pdb	1	1	1	1	1	1	1	1	2
afm_woTemplates_model_3_multimer_v3_pred_36.pdb	1	1	1	1	1	1	1	1	3
afm_woTemplates_model_3_multimer_v3_pred_37.pdb	1	1	1	1	1	1	1	1	3
afm_woTemplates_model_3_multimer_v3_pred_38.pdb	1	1	1	1	1	1	1	1	3
afm_woTemplates_model_3_multimer_v3_pred_39.pdb	1	1	1	1	1	1	1	1	2
afm_woTemplates_model_3_multimer_v3_pred_4.pdb	1	1	1	1	1	1	1	1	3
afm_woTemplates_model_3_multimer_v3_pred_40.pdb	1	1	1	1	1	1	1	1	3
afm_woTemplates_model_3_multimer_v3_pred_41.pdb	1	1	1	1	1	1	1	1	3
afm_woTemplates_model_3_multimer_v3_pred_42.pdb	1	1	1	1	1	1	1	1	3
afm_woTemplates_model_3_multimer_v3_pred_43.pdb	1	1	1	1	1	1	1	1	3
afm_woTemplates_model_3_multimer_v3_pred_44.pdb	1	1	1	1	1	1	1	1	3
afm_woTemplates_model_3_multimer_v3_pred_45.pdb	1	1	1	1	1	1	1	1	3
afm_woTemplates_model_3_multimer_v3_pred_46.pdb	1	1	1	1	1	1	1	1	3
afm_woTemplates_model_3_multimer_v3_pred_47.pdb	1	1	1	1	1	1	1	1	3
afm_woTemplates_model_3_multimer_v3_pred_48.pdb	1	1	1	1	1	1	1	1	3
afm_woTemplates_model_3_multimer_v3_pred_49.pdb	1	1	1	1	1	1	1	1	2
afm_woTemplates_model_3_multimer_v3_pred_5.pdb	1	1	1	1	1	1	1	1	3
afm_woTemplates_model_3_multimer_v3_pred_50.pdb	1	1	1	1	1	1	1	1	3
afm_woTemplates_model_3_multimer_v3_pred_51.pdb	1	1	1	1	1	1	1	1	3
afm_woTemplates_model_3_multimer_v3_pred_52.pdb	1	1	1	1	1	1	1	1	3
afm_woTemplates_model_3_multimer_v3_pred_53.pdb	1	1	1	1	1	1	1	1	3
afm_woTemplates_model_3_multimer_v3_pred_54.pdb	1	1	1	1	1	1	1	1	3
afm_woTemplates_model_3_multimer_v3_pred_55.pdb	1	1	1	1	1	1	1	1	3
afm_woTemplates_model_3_multimer_v3_pred_56.pdb	1	1	1	1	1	1	1	1	3
afm_woTemplates_model_3_multimer_v3_pred_57.pdb	1	1	1	1	1	1	1	1	3
afm_woTemplates_model_3_multimer_v3_pred_58.pdb	1	1	1	1	1	1	1	1	3
afm_woTemplates_model_3_multimer_v3_pred_59.pdb	1	1	1	1	1	1	1	1	3
afm_woTemplates_model_3_multimer_v3_pred_6.pdb	1	1	1	1	1	1	1	1	3
afm_woTemplates_model_3_multimer_v3_pred_60.pdb	1	1	1	1	1	1	1	1	3
afm_woTemplates_model_3_multimer_v3_pred_61.pdb	1	1	1	1	1	1	1	1	3
afm_woTemplates_model_3_multimer_v3_pred_62.pdb	1	1	1	1	1	1	1	1	3
afm_woTemplates_model_3_multimer_v3_pred_63.pdb	1	1	1	1	1	1	1	1	3
afm_woTemplates_model_3_multimer_v3_pred_64.pdb	1	2	1	1	1	6	45	541	1398
afm_woTemplates_model_3_multimer_v3_pred_65.pdb	1	1	1	1	1	1	1	1	3
afm_woTemplates_model_3_multimer_v3_pred_66.pdb	1	1	1	1	1	1	1	1	3
afm_woTemplates_model_3_multimer_v3_pred_7.pdb	1	1	1	1	1	1	1	1	3
afm_woTemplates_model_3_multimer_v3_pred_8.pdb	1	1	1	1	1	1	1	1	2
afm_woTemplates_model_3_multimer_v3_pred_9.pdb	1	1	1	1	1	1	1	1	3
afm_woTemplates_model_4_multimer_v1_pred_0.pdb	1	1	1	1	1	1	1	2	18
afm_woTemplates_model_4_multimer_v1_pred_1.pdb	1	1	1	1	1	1	1	2	59
afm_woTemplates_model_4_multimer_v1_pred_10.pdb	1	1	1	1	1	1	1	2	47
afm_woTemplates_model_4_multimer_v1_pred_11.pdb	1	1	1	1	1	1	2	3	117
afm_woTemplates_model_4_multimer_v1_pred_12.pdb	1	1	1	1	1	1	1	2	59
afm_woTemplates_model_4_multimer_v1_pred_13.pdb	1	1	1	1	1	1	1	1	92
afm_woTemplates_model_4_multimer_v1_pred_14.pdb	1	1	1	1	1	1	1	1	18
afm_woTemplates_model_4_multimer_v1_pred_15.pdb	2	38	56	75	97	166	297	542	1399
afm_woTemplates_model_4_multimer_v1_pred_16.pdb	1	1	1	1	1	1	1	1	18
afm_woTemplates_model_4_multimer_v1_pred_17.pdb	1	1	1	1	1	1	2	8	117
afm_woTemplates_model_4_multimer_v1_pred_18.pdb	1	1	1	1	1	1	1	2	1400
afm_woTemplates_model_4_multimer_v1_pred_19.pdb	1	2	1	1	1	1	2	24	117
afm_woTemplates_model_4_multimer_v1_pred_2.pdb	1	1	1	1	1	1	1	1	18
afm_woTemplates_model_4_multimer_v1_pred_20.pdb	1	1	1	1	1	1	2	3	221
afm_woTemplates_model_4_multimer_v1_pred_21.pdb	1	1	1	1	1	1	1	2	17
afm_woTemplates_model_4_multimer_v1_pred_22.pdb	1	1	1	1	1	1	1	2	17
afm_woTemplates_model_4_multimer_v1_pred_23.pdb	1	1	1	1	1	1	1	1	18
afm_woTemplates_model_4_multimer_v1_pred_24.pdb	1	1	1	1	1	1	1	2	18
afm_woTemplates_model_4_multimer_v1_pred_25.pdb	1	1	1	1	1	1	1	3	1401
afm_woTemplates_model_4_multimer_v1_pred_26.pdb	1	1	1	1	1	1	1	2	46
afm_woTemplates_model_4_multimer_v1_pred_27.pdb	1	1	1	1	1	1	1	2	59
afm_woTemplates_model_4_multimer_v1_pred_28.pdb	1	1	1	1	1	1	1	1	18
afm_woTemplates_model_4_multimer_v1_pred_29.pdb	1	1	1	1	1	1	2	24	117
afm_woTemplates_model_4_multimer_v1_pred_3.pdb	1	1	1	1	1	1	1	1	18
afm_woTemplates_model_4_multimer_v1_pred_30.pdb	1	1	1	1	1	1	1	2	59
afm_woTemplates_model_4_multimer_v1_pred_31.pdb	1	1	1	1	1	1	1	1	18
afm_woTemplates_model_4_multimer_v1_pred_32.pdb	1	1	1	1	1	1	1	2	59
afm_woTemplates_model_4_multimer_v1_pred_33.pdb	1	1	1	1	1	1	1	5	1402
afm_woTemplates_model_4_multimer_v1_pred_34.pdb	1	1	1	1	1	1	1	1	92
afm_woTemplates_model_4_multimer_v1_pred_35.pdb	1	1	1	1	1	1	1	3	84
afm_woTemplates_model_4_multimer_v1_pred_36.pdb	1	1	1	1	1	1	1	2	126
afm_woTemplates_model_4_multimer_v1_pred_37.pdb	1	1	1	1	1	1	1	1	92
afm_woTemplates_model_4_multimer_v1_pred_38.pdb	1	1	1	1	1	1	1	3	84
afm_woTemplates_model_4_multimer_v1_pred_39.pdb	1	1	1	1	1	1	1	2	18
afm_woTemplates_model_4_multimer_v1_pred_4.pdb	1	1	1	1	1	1	2	3	84
afm_woTemplates_model_4_multimer_v1_pred_40.pdb	1	1	1	1	1	1	1	3	84
afm_woTemplates_model_4_multimer_v1_pred_41.pdb	1	1	1	1	1	1	1	3	221
afm_woTemplates_model_4_multimer_v1_pred_42.pdb	1	1	1	1	1	1	1	2	17
afm_woTemplates_model_4_multimer_v1_pred_43.pdb	1	1	1	1	1	1	1	2	18
afm_woTemplates_model_4_multimer_v1_pred_44.pdb	1	1	1	1	1	1	1	3	1403
afm_woTemplates_model_4_multimer_v1_pred_45.pdb	1	1	1	1	1	1	1	2	59
afm_woTemplates_model_4_multimer_v1_pred_46.pdb	1	1	1	1	1	1	2	8	117
afm_woTemplates_model_4_multimer_v1_pred_47.pdb	1	1	1	1	1	1	2	3	84
afm_woTemplates_model_4_multimer_v1_pred_48.pdb	1	1	1	1	1	1	2	3	117
afm_woTemplates_model_4_multimer_v1_pred_49.pdb	1	1	1	1	1	1	1	1	18
afm_woTemplates_model_4_multimer_v1_pred_5.pdb	1	1	1	1	1	1	1	1	18
afm_woTemplates_model_4_multimer_v1_pred_50.pdb	1	1	1	1	1	1	1	2	59
afm_woTemplates_model_4_multimer_v1_pred_51.pdb	1	1	1	1	1	1	1	2	59
afm_woTemplates_model_4_multimer_v1_pred_52.pdb	1	1	1	1	1	1	1	2	18
afm_woTemplates_model_4_multimer_v1_pred_53.pdb	1	1	1	1	1	1	1	2	161
afm_woTemplates_model_4_multimer_v1_pred_54.pdb	1	1	1	1	1	1	1	2	48
afm_woTemplates_model_4_multimer_v1_pred_55.pdb	1	1	1	1	1	1	1	1	92
afm_woTemplates_model_4_multimer_v1_pred_56.pdb	1	1	1	1	1	1	1	3	84
afm_woTemplates_model_4_multimer_v1_pred_57.pdb	1	1	1	1	1	1	1	1	18
afm_woTemplates_model_4_multimer_v1_pred_58.pdb	1	1	1	1	1	1	1	1	18
afm_woTemplates_model_4_multimer_v1_pred_59.pdb	1	1	1	1	1	1	1	2	59
afm_woTemplates_model_4_multimer_v1_pred_6.pdb	1	1	1	1	1	1	1	2	18
afm_woTemplates_model_4_multimer_v1_pred_60.pdb	1	1	1	1	1	1	1	2	59
afm_woTemplates_model_4_multimer_v1_pred_61.pdb	1	1	1	1	1	1	1	2	161
afm_woTemplates_model_4_multimer_v1_pred_62.pdb	1	1	1	1	1	1	1	1	18
afm_woTemplates_model_4_multimer_v1_pred_63.pdb	1	1	1	1	1	1	2	3	84
afm_woTemplates_model_4_multimer_v1_pred_64.pdb	1	1	1	1	1	1	1	1	72
afm_woTemplates_model_4_multimer_v1_pred_65.pdb	1	1	1	1	1	1	1	2	59
afm_woTemplates_model_4_multimer_v1_pred_66.pdb	1	1	1	1	1	1	1	2	18
afm_woTemplates_model_4_multimer_v1_pred_7.pdb	1	1	1	1	1	1	1	2	46
afm_woTemplates_model_4_multimer_v1_pred_8.pdb	1	1	1	1	1	1	1	2	18
afm_woTemplates_model_4_multimer_v1_pred_9.pdb	1	1	1	1	1	1	1	2	18
afm_woTemplates_model_4_multimer_v2_pred_0.pdb	1	1	1	1	1	1	1	1	9
afm_woTemplates_model_4_multimer_v2_pred_1.pdb	1	1	1	1	1	1	1	1	9
afm_woTemplates_model_4_multimer_v2_pred_10.pdb	1	1	1	1	1	1	1	1	9
afm_woTemplates_model_4_multimer_v2_pred_11.pdb	1	1	1	1	1	1	1	1	9
afm_woTemplates_model_4_multimer_v2_pred_12.pdb	1	1	1	1	1	1	1	1	9
afm_woTemplates_model_4_multimer_v2_pred_13.pdb	1	1	1	1	1	1	1	1	9
afm_woTemplates_model_4_multimer_v2_pred_14.pdb	1	1	1	1	1	1	1	1	9
afm_woTemplates_model_4_multimer_v2_pred_15.pdb	1	1	1	1	1	1	1	1	9
afm_woTemplates_model_4_multimer_v2_pred_16.pdb	1	1	1	1	1	1	1	1	9
afm_woTemplates_model_4_multimer_v2_pred_17.pdb	1	1	1	1	1	1	1	1	9
afm_woTemplates_model_4_multimer_v2_pred_18.pdb	1	1	1	1	1	1	1	1	9
afm_woTemplates_model_4_multimer_v2_pred_19.pdb	1	1	1	1	1	1	1	1	9
afm_woTemplates_model_4_multimer_v2_pred_2.pdb	1	1	1	1	1	1	1	4	9
afm_woTemplates_model_4_multimer_v2_pred_20.pdb	1	1	1	1	1	1	1	1	9
afm_woTemplates_model_4_multimer_v2_pred_21.pdb	1	1	1	1	1	1	1	1	9
afm_woTemplates_model_4_multimer_v2_pred_22.pdb	1	1	1	1	1	1	1	1	9
afm_woTemplates_model_4_multimer_v2_pred_23.pdb	1	1	1	1	1	1	1	1	9
afm_woTemplates_model_4_multimer_v2_pred_24.pdb	1	1	1	1	1	1	1	1	9
afm_woTemplates_model_4_multimer_v2_pred_25.pdb	1	1	1	1	1	1	1	1	9
afm_woTemplates_model_4_multimer_v2_pred_26.pdb	1	1	1	1	1	1	7	10	1404
afm_woTemplates_model_4_multimer_v2_pred_27.pdb	1	1	1	1	1	1	1	1	9
afm_woTemplates_model_4_multimer_v2_pred_28.pdb	1	1	1	1	1	1	1	1	9
afm_woTemplates_model_4_multimer_v2_pred_29.pdb	1	1	1	1	1	1	1	1	9
afm_woTemplates_model_4_multimer_v2_pred_3.pdb	1	1	1	1	1	1	1	1	9
afm_woTemplates_model_4_multimer_v2_pred_30.pdb	1	1	1	1	1	1	1	1	9
afm_woTemplates_model_4_multimer_v2_pred_31.pdb	1	1	1	1	1	1	1	1	9
afm_woTemplates_model_4_multimer_v2_pred_32.pdb	1	1	1	1	1	1	1	1	9
afm_woTemplates_model_4_multimer_v2_pred_33.pdb	1	1	1	1	1	1	1	1	9
afm_woTemplates_model_4_multimer_v2_pred_34.pdb	1	1	1	1	1	1	1	1	9
afm_woTemplates_model_4_multimer_v2_pred_35.pdb	1	1	1	1	1	1	1	4	100
afm_woTemplates_model_4_multimer_v2_pred_36.pdb	1	1	1	1	1	1	1	1	9
afm_woTemplates_model_4_multimer_v2_pred_37.pdb	1	1	1	1	1	1	1	1	9
afm_woTemplates_model_4_multimer_v2_pred_38.pdb	1	1	1	1	1	1	1	1	9
afm_woTemplates_model_4_multimer_v2_pred_39.pdb	1	1	1	1	1	1	1	1	9
afm_woTemplates_model_4_multimer_v2_pred_4.pdb	1	1	1	1	1	1	1	1	9
afm_woTemplates_model_4_multimer_v2_pred_40.pdb	1	1	1	1	1	1	1	1	9
afm_woTemplates_model_4_multimer_v2_pred_41.pdb	1	1	1	1	1	1	1	1	9
afm_woTemplates_model_4_multimer_v2_pred_42.pdb	1	1	1	1	1	1	1	1	9
afm_woTemplates_model_4_multimer_v2_pred_43.pdb	1	1	1	1	1	1	1	1	9
afm_woTemplates_model_4_multimer_v2_pred_44.pdb	1	1	1	1	1	1	1	1	9
afm_woTemplates_model_4_multimer_v2_pred_45.pdb	1	1	1	1	1	1	1	1	9
afm_woTemplates_model_4_multimer_v2_pred_46.pdb	1	1	1	1	1	1	1	1	9
afm_woTemplates_model_4_multimer_v2_pred_47.pdb	1	1	1	1	1	1	1	1	9
afm_woTemplates_model_4_multimer_v2_pred_48.pdb	1	1	1	1	1	1	1	1	9
afm_woTemplates_model_4_multimer_v2_pred_49.pdb	1	1	1	1	1	1	1	1	9
afm_woTemplates_model_4_multimer_v2_pred_5.pdb	1	1	1	1	1	1	1	1	9
afm_woTemplates_model_4_multimer_v2_pred_50.pdb	1	1	1	1	1	1	1	1	9
afm_woTemplates_model_4_multimer_v2_pred_51.pdb	1	1	1	1	1	1	1	1	9
afm_woTemplates_model_4_multimer_v2_pred_52.pdb	1	1	1	1	1	1	1	1	9
afm_woTemplates_model_4_multimer_v2_pred_53.pdb	1	1	1	1	1	1	1	1	9
afm_woTemplates_model_4_multimer_v2_pred_54.pdb	1	1	1	1	1	1	1	1	9
afm_woTemplates_model_4_multimer_v2_pred_55.pdb	1	1	1	1	1	1	1	1	9
afm_woTemplates_model_4_multimer_v2_pred_56.pdb	1	1	1	1	1	1	1	1	9
afm_woTemplates_model_4_multimer_v2_pred_57.pdb	1	1	1	1	1	1	1	1	9
afm_woTemplates_model_4_multimer_v2_pred_58.pdb	1	1	1	1	1	1	1	1	9
afm_woTemplates_model_4_multimer_v2_pred_59.pdb	1	1	1	1	1	1	1	1	9
afm_woTemplates_model_4_multimer_v2_pred_6.pdb	1	1	1	1	1	1	1	1	9
afm_woTemplates_model_4_multimer_v2_pred_60.pdb	1	1	1	1	1	1	1	1	9
afm_woTemplates_model_4_multimer_v2_pred_61.pdb	1	1	1	1	1	1	1	1	9
afm_woTemplates_model_4_multimer_v2_pred_62.pdb	1	1	1	1	1	1	1	1	9
afm_woTemplates_model_4_multimer_v2_pred_63.pdb	1	1	1	1	1	1	1	1	9
afm_woTemplates_model_4_multimer_v2_pred_64.pdb	1	1	1	1	1	1	1	1	9
afm_woTemplates_model_4_multimer_v2_pred_65.pdb	1	1	1	1	1	1	1	1	9
afm_woTemplates_model_4_multimer_v2_pred_66.pdb	1	1	1	1	1	1	1	1	9
afm_woTemplates_model_4_multimer_v2_pred_7.pdb	1	1	1	1	1	1	1	1	58
afm_woTemplates_model_4_multimer_v2_pred_8.pdb	1	1	1	1	1	1	1	1	9
afm_woTemplates_model_4_multimer_v2_pred_9.pdb	1	1	1	1	1	1	1	1	9
afm_woTemplates_model_4_multimer_v3_pred_0.pdb	1	1	1	1	1	1	1	1	2
afm_woTemplates_model_4_multimer_v3_pred_1.pdb	1	1	1	1	1	1	1	1	2
afm_woTemplates_model_4_multimer_v3_pred_10.pdb	1	1	1	1	1	1	1	1	2
afm_woTemplates_model_4_multimer_v3_pred_11.pdb	1	1	1	1	1	1	1	1	2
afm_woTemplates_model_4_multimer_v3_pred_12.pdb	1	1	1	1	1	1	1	1	2
afm_woTemplates_model_4_multimer_v3_pred_13.pdb	1	1	1	1	1	1	1	1	2
afm_woTemplates_model_4_multimer_v3_pred_14.pdb	1	1	1	1	1	1	1	1	2
afm_woTemplates_model_4_multimer_v3_pred_15.pdb	1	1	1	1	1	1	1	1	2
afm_woTemplates_model_4_multimer_v3_pred_16.pdb	1	1	1	1	1	1	1	1	2
afm_woTemplates_model_4_multimer_v3_pred_17.pdb	1	1	1	1	1	1	1	1	2
afm_woTemplates_model_4_multimer_v3_pred_18.pdb	1	1	1	1	1	1	1	1	2
afm_woTemplates_model_4_multimer_v3_pred_19.pdb	1	1	1	1	1	1	1	1	2
afm_woTemplates_model_4_multimer_v3_pred_2.pdb	1	1	1	1	1	1	1	1	2
afm_woTemplates_model_4_multimer_v3_pred_20.pdb	1	1	1	1	1	1	1	1	2
afm_woTemplates_model_4_multimer_v3_pred_21.pdb	1	1	1	1	1	1	1	1	2
afm_woTemplates_model_4_multimer_v3_pred_22.pdb	1	1	1	1	1	1	1	1	2
afm_woTemplates_model_4_multimer_v3_pred_23.pdb	1	1	1	1	1	1	1	1	2
afm_woTemplates_model_4_multimer_v3_pred_24.pdb	1	1	1	1	1	1	1	1	2
afm_woTemplates_model_4_multimer_v3_pred_25.pdb	1	1	1	1	1	1	1	1	2
afm_woTemplates_model_4_multimer_v3_pred_26.pdb	1	1	1	1	1	1	1	1	2
afm_woTemplates_model_4_multimer_v3_pred_27.pdb	1	1	1	1	1	1	1	1	2
afm_woTemplates_model_4_multimer_v3_pred_28.pdb	1	1	1	1	1	1	1	1	2
afm_woTemplates_model_4_multimer_v3_pred_29.pdb	1	1	1	1	1	1	1	1	2
afm_woTemplates_model_4_multimer_v3_pred_3.pdb	1	1	1	1	1	1	1	1	2
afm_woTemplates_model_4_multimer_v3_pred_30.pdb	1	1	1	1	1	1	1	1	2
afm_woTemplates_model_4_multimer_v3_pred_31.pdb	1	1	1	1	1	1	1	1	2
afm_woTemplates_model_4_multimer_v3_pred_32.pdb	1	1	1	1	1	1	1	1	2
afm_woTemplates_model_4_multimer_v3_pred_33.pdb	1	1	1	1	1	1	1	1	2
afm_woTemplates_model_4_multimer_v3_pred_34.pdb	1	1	1	1	1	1	1	1	2
afm_woTemplates_model_4_multimer_v3_pred_35.pdb	1	1	1	1	1	1	1	1	2
afm_woTemplates_model_4_multimer_v3_pred_36.pdb	1	1	1	1	1	1	1	1	2
afm_woTemplates_model_4_multimer_v3_pred_37.pdb	1	1	1	1	1	1	1	1	2
afm_woTemplates_model_4_multimer_v3_pred_38.pdb	1	1	1	1	1	1	1	1	2
afm_woTemplates_model_4_multimer_v3_pred_39.pdb	1	1	1	1	1	1	1	1	2
afm_woTemplates_model_4_multimer_v3_pred_4.pdb	1	1	1	1	1	1	1	1	2
afm_woTemplates_model_4_multimer_v3_pred_40.pdb	1	1	1	1	1	1	1	1	2
afm_woTemplates_model_4_multimer_v3_pred_41.pdb	1	1	1	1	1	1	1	1	2
afm_woTemplates_model_4_multimer_v3_pred_42.pdb	1	1	1	1	1	1	1	1	2
afm_woTemplates_model_4_multimer_v3_pred_43.pdb	1	1	1	1	1	1	1	1	2
afm_woTemplates_model_4_multimer_v3_pred_44.pdb	1	1	1	1	1	1	1	1	2
afm_woTemplates_model_4_multimer_v3_pred_45.pdb	1	1	1	1	1	1	1	1	2
afm_woTemplates_model_4_multimer_v3_pred_46.pdb	1	1	1	1	1	1	1	1	2
afm_woTemplates_model_4_multimer_v3_pred_47.pdb	1	1	1	1	1	1	1	1	2
afm_woTemplates_model_4_multimer_v3_pred_48.pdb	1	1	1	1	1	1	1	1	2
afm_woTemplates_model_4_multimer_v3_pred_49.pdb	1	1	1	1	1	1	1	1	2
afm_woTemplates_model_4_multimer_v3_pred_5.pdb	1	1	1	1	1	1	1	1	2
afm_woTemplates_model_4_multimer_v3_pred_50.pdb	1	1	1	1	1	1	1	1	2
afm_woTemplates_model_4_multimer_v3_pred_51.pdb	1	1	1	1	1	1	1	1	2
afm_woTemplates_model_4_multimer_v3_pred_52.pdb	1	1	1	1	1	1	1	1	2
afm_woTemplates_model_4_multimer_v3_pred_53.pdb	1	1	1	1	1	1	1	1	2
afm_woTemplates_model_4_multimer_v3_pred_54.pdb	1	1	1	1	1	1	1	1	2
afm_woTemplates_model_4_multimer_v3_pred_55.pdb	1	1	1	1	1	1	1	1	2
afm_woTemplates_model_4_multimer_v3_pred_56.pdb	1	1	1	1	1	1	1	1	2
afm_woTemplates_model_4_multimer_v3_pred_57.pdb	1	1	1	1	1	1	1	1	2
afm_woTemplates_model_4_multimer_v3_pred_58.pdb	1	1	1	1	1	1	1	1	2
afm_woTemplates_model_4_multimer_v3_pred_59.pdb	1	1	1	1	1	1	1	1	2
afm_woTemplates_model_4_multimer_v3_pred_6.pdb	1	1	1	1	1	1	1	1	2
afm_woTemplates_model_4_multimer_v3_pred_60.pdb	1	1	1	1	1	1	1	1	2
afm_woTemplates_model_4_multimer_v3_pred_61.pdb	1	1	1	1	1	1	1	1	2
afm_woTemplates_model_4_multimer_v3_pred_62.pdb	1	1	1	1	1	1	1	1	2
afm_woTemplates_model_4_multimer_v3_pred_63.pdb	1	1	1	1	1	1	1	1	2
afm_woTemplates_model_4_multimer_v3_pred_64.pdb	1	1	1	1	1	1	1	1	2
afm_woTemplates_model_4_multimer_v3_pred_65.pdb	1	1	1	1	1	1	1	10	1405
afm_woTemplates_model_4_multimer_v3_pred_66.pdb	1	1	1	1	1	1	1	1	2
afm_woTemplates_model_4_multimer_v3_pred_7.pdb	1	1	1	1	1	1	1	1	2
afm_woTemplates_model_4_multimer_v3_pred_8.pdb	1	1	1	1	1	1	1	1	2
afm_woTemplates_model_4_multimer_v3_pred_9.pdb	1	1	1	1	1	1	1	1	2
afm_woTemplates_model_5_multimer_v1_pred_0.pdb	1	1	1	1	1	1	2	15	162
afm_woTemplates_model_5_multimer_v1_pred_1.pdb	1	1	2	2	4	4	6	543	1406
afm_woTemplates_model_5_multimer_v1_pred_10.pdb	1	1	1	1	1	1	2	31	1407
afm_woTemplates_model_5_multimer_v1_pred_11.pdb	1	1	1	1	1	1	2	3	78
afm_woTemplates_model_5_multimer_v1_pred_12.pdb	1	1	1	1	1	1	2	15	118
afm_woTemplates_model_5_multimer_v1_pred_13.pdb	1	1	1	1	1	1	2	3	78
afm_woTemplates_model_5_multimer_v1_pred_14.pdb	1	1	1	1	1	1	1	1	72
afm_woTemplates_model_5_multimer_v1_pred_15.pdb	1	1	2	2	2	4	6	70	1408
afm_woTemplates_model_5_multimer_v1_pred_16.pdb	1	1	1	1	1	1	2	3	78
afm_woTemplates_model_5_multimer_v1_pred_17.pdb	1	1	1	2	2	2	37	544	1409
afm_woTemplates_model_5_multimer_v1_pred_18.pdb	1	1	1	2	2	2	3	6	222
afm_woTemplates_model_5_multimer_v1_pred_19.pdb	1	1	1	1	1	1	1	3	78
afm_woTemplates_model_5_multimer_v1_pred_2.pdb	1	1	1	1	1	1	1	5	163
afm_woTemplates_model_5_multimer_v1_pred_20.pdb	1	1	1	1	1	1	1	3	78
afm_woTemplates_model_5_multimer_v1_pred_21.pdb	1	1	1	1	1	1	2	3	164
afm_woTemplates_model_5_multimer_v1_pred_22.pdb	1	1	1	2	2	2	3	6	1410
afm_woTemplates_model_5_multimer_v1_pred_23.pdb	1	1	2	2	2	4	6	71	1411
afm_woTemplates_model_5_multimer_v1_pred_24.pdb	2	2	1	4	6	38	298	545	1412
afm_woTemplates_model_5_multimer_v1_pred_25.pdb	1	1	1	1	1	1	1	18	1413
afm_woTemplates_model_5_multimer_v1_pred_26.pdb	1	1	1	1	1	1	2	15	162
afm_woTemplates_model_5_multimer_v1_pred_27.pdb	1	1	1	1	1	1	2	3	163
afm_woTemplates_model_5_multimer_v1_pred_28.pdb	2	2	1	4	6	10	299	546	1414
afm_woTemplates_model_5_multimer_v1_pred_29.pdb	1	1	1	2	2	2	3	72	1415
afm_woTemplates_model_5_multimer_v1_pred_3.pdb	1	1	1	1	1	1	1	5	163
afm_woTemplates_model_5_multimer_v1_pred_30.pdb	1	1	2	2	2	2	5	13	1416
afm_woTemplates_model_5_multimer_v1_pred_31.pdb	1	1	1	1	1	1	1	3	78
afm_woTemplates_model_5_multimer_v1_pred_32.pdb	1	1	1	1	1	1	2	15	137
afm_woTemplates_model_5_multimer_v1_pred_33.pdb	1	1	1	1	1	1	2	3	1417
afm_woTemplates_model_5_multimer_v1_pred_34.pdb	1	1	1	1	1	1	2	15	118
afm_woTemplates_model_5_multimer_v1_pred_35.pdb	1	1	1	1	1	1	2	3	118
afm_woTemplates_model_5_multimer_v1_pred_36.pdb	1	1	1	2	2	2	3	6	222
afm_woTemplates_model_5_multimer_v1_pred_37.pdb	1	1	1	1	1	1	2	3	164
afm_woTemplates_model_5_multimer_v1_pred_38.pdb	1	1	1	1	1	1	2	31	1418
afm_woTemplates_model_5_multimer_v1_pred_39.pdb	1	1	1	1	1	1	38	15	223
afm_woTemplates_model_5_multimer_v1_pred_4.pdb	1	1	1	1	1	1	1	3	78
afm_woTemplates_model_5_multimer_v1_pred_40.pdb	1	1	1	1	1	1	1	2	72
afm_woTemplates_model_5_multimer_v1_pred_41.pdb	1	1	1	1	1	1	2	15	137
afm_woTemplates_model_5_multimer_v1_pred_42.pdb	1	1	1	1	1	1	300	547	1419
afm_woTemplates_model_5_multimer_v1_pred_43.pdb	1	1	2	2	2	2	6	42	1420
afm_woTemplates_model_5_multimer_v1_pred_44.pdb	1	1	1	1	1	1	2	3	78
afm_woTemplates_model_5_multimer_v1_pred_45.pdb	1	1	1	1	1	1	1	1	28
afm_woTemplates_model_5_multimer_v1_pred_46.pdb	1	1	1	1	1	1	2	15	137
afm_woTemplates_model_5_multimer_v1_pred_47.pdb	1	1	1	1	1	1	2	15	137
afm_woTemplates_model_5_multimer_v1_pred_48.pdb	1	1	1	1	1	1	2	15	162
afm_woTemplates_model_5_multimer_v1_pred_49.pdb	1	1	1	1	1	1	2	15	223
afm_woTemplates_model_5_multimer_v1_pred_5.pdb	1	1	2	2	2	4	6	71	1421
afm_woTemplates_model_5_multimer_v1_pred_50.pdb	1	1	1	1	1	1	2	3	78
afm_woTemplates_model_5_multimer_v1_pred_51.pdb	1	1	2	2	2	4	6	548	1422
afm_woTemplates_model_5_multimer_v1_pred_52.pdb	1	1	1	1	1	1	2	3	118
afm_woTemplates_model_5_multimer_v1_pred_53.pdb	1	1	1	1	1	1	2	31	1423
afm_woTemplates_model_5_multimer_v1_pred_54.pdb	1	1	1	2	2	2	3	72	1424
afm_woTemplates_model_5_multimer_v1_pred_55.pdb	1	1	1	1	1	1	1	1	72
afm_woTemplates_model_5_multimer_v1_pred_56.pdb	1	1	1	1	1	1	1	7	1425
afm_woTemplates_model_5_multimer_v1_pred_57.pdb	1	1	1	1	1	1	2	3	78
afm_woTemplates_model_5_multimer_v1_pred_58.pdb	1	1	1	1	1	1	2	3	78
afm_woTemplates_model_5_multimer_v1_pred_59.pdb	1	1	1	1	1	1	1	3	164
afm_woTemplates_model_5_multimer_v1_pred_6.pdb	1	1	1	1	1	1	2	3	1426
afm_woTemplates_model_5_multimer_v1_pred_60.pdb	1	1	2	2	2	2	9	16	1427
afm_woTemplates_model_5_multimer_v1_pred_61.pdb	1	1	1	1	1	1	1	1	72
afm_woTemplates_model_5_multimer_v1_pred_62.pdb	1	1	1	1	1	1	2	31	1428
afm_woTemplates_model_5_multimer_v1_pred_63.pdb	1	1	2	2	4	4	6	549	1429
afm_woTemplates_model_5_multimer_v1_pred_64.pdb	1	1	1	1	1	1	1	1	72
afm_woTemplates_model_5_multimer_v1_pred_65.pdb	1	1	2	2	2	4	6	70	1430
afm_woTemplates_model_5_multimer_v1_pred_66.pdb	1	1	1	1	1	1	2	15	118
afm_woTemplates_model_5_multimer_v1_pred_7.pdb	1	1	1	1	1	1	2	31	1431
afm_woTemplates_model_5_multimer_v1_pred_8.pdb	1	1	1	1	1	1	2	3	78
afm_woTemplates_model_5_multimer_v1_pred_9.pdb	1	1	1	1	1	1	1	1	72
afm_woTemplates_model_5_multimer_v2_pred_0.pdb	1	1	1	1	1	1	1	1	10
afm_woTemplates_model_5_multimer_v2_pred_1.pdb	1	1	1	1	1	1	1	1	10
afm_woTemplates_model_5_multimer_v2_pred_10.pdb	1	1	1	1	1	1	1	1	10
afm_woTemplates_model_5_multimer_v2_pred_11.pdb	1	1	1	1	1	1	1	1	10
afm_woTemplates_model_5_multimer_v2_pred_12.pdb	1	1	1	1	1	1	1	1	10
afm_woTemplates_model_5_multimer_v2_pred_13.pdb	1	1	1	1	1	1	1	1	2
afm_woTemplates_model_5_multimer_v2_pred_14.pdb	1	1	1	1	1	1	1	1	10
afm_woTemplates_model_5_multimer_v2_pred_15.pdb	1	1	1	1	1	1	1	1	10
afm_woTemplates_model_5_multimer_v2_pred_16.pdb	1	1	1	1	1	1	1	1	10
afm_woTemplates_model_5_multimer_v2_pred_17.pdb	1	1	1	1	1	1	1	1	10
afm_woTemplates_model_5_multimer_v2_pred_18.pdb	1	1	1	1	1	1	1	1	10
afm_woTemplates_model_5_multimer_v2_pred_19.pdb	1	1	1	1	1	1	1	1	2
afm_woTemplates_model_5_multimer_v2_pred_2.pdb	1	1	1	1	1	1	1	1	10
afm_woTemplates_model_5_multimer_v2_pred_20.pdb	1	1	1	1	1	1	1	1	10
afm_woTemplates_model_5_multimer_v2_pred_21.pdb	1	1	1	1	1	1	1	1	10
afm_woTemplates_model_5_multimer_v2_pred_22.pdb	1	1	1	1	1	1	1	1	10
afm_woTemplates_model_5_multimer_v2_pred_23.pdb	1	1	1	1	1	1	1	1	10
afm_woTemplates_model_5_multimer_v2_pred_24.pdb	1	1	1	1	1	1	1	1	10
afm_woTemplates_model_5_multimer_v2_pred_25.pdb	1	1	1	1	1	1	1	1	10
afm_woTemplates_model_5_multimer_v2_pred_26.pdb	1	1	2	2	3	3	8	45	1432
afm_woTemplates_model_5_multimer_v2_pred_27.pdb	1	1	1	1	1	1	1	1	10
afm_woTemplates_model_5_multimer_v2_pred_28.pdb	1	1	1	1	1	1	1	1	2
afm_woTemplates_model_5_multimer_v2_pred_29.pdb	1	1	1	1	1	1	1	1	10
afm_woTemplates_model_5_multimer_v2_pred_3.pdb	1	1	1	1	1	1	1	1	10
afm_woTemplates_model_5_multimer_v2_pred_30.pdb	1	1	1	1	1	1	1	1	10
afm_woTemplates_model_5_multimer_v2_pred_31.pdb	1	1	1	1	1	1	1	1	10
afm_woTemplates_model_5_multimer_v2_pred_32.pdb	1	1	1	1	1	1	1	1	10
afm_woTemplates_model_5_multimer_v2_pred_33.pdb	1	1	1	1	1	1	1	1	10
afm_woTemplates_model_5_multimer_v2_pred_34.pdb	1	1	1	1	1	1	1	1	10
afm_woTemplates_model_5_multimer_v2_pred_35.pdb	1	1	1	1	1	1	1	1	151
afm_woTemplates_model_5_multimer_v2_pred_36.pdb	1	1	1	1	1	1	1	1	2
afm_woTemplates_model_5_multimer_v2_pred_37.pdb	1	1	1	1	1	1	1	1	10
afm_woTemplates_model_5_multimer_v2_pred_38.pdb	1	1	1	1	1	1	1	1	10
afm_woTemplates_model_5_multimer_v2_pred_39.pdb	1	1	1	1	1	1	1	1	10
afm_woTemplates_model_5_multimer_v2_pred_4.pdb	1	1	1	1	1	1	1	1	10
afm_woTemplates_model_5_multimer_v2_pred_40.pdb	1	1	1	1	1	1	1	1	10
afm_woTemplates_model_5_multimer_v2_pred_41.pdb	1	1	2	2	3	3	4	37	1433
afm_woTemplates_model_5_multimer_v2_pred_42.pdb	1	1	1	1	1	1	1	1	10
afm_woTemplates_model_5_multimer_v2_pred_43.pdb	1	1	1	1	1	1	1	1	10
afm_woTemplates_model_5_multimer_v2_pred_44.pdb	1	1	1	1	1	1	1	1	10
afm_woTemplates_model_5_multimer_v2_pred_45.pdb	1	1	1	1	1	1	1	1	10
afm_woTemplates_model_5_multimer_v2_pred_46.pdb	1	1	1	1	1	1	1	1	10
afm_woTemplates_model_5_multimer_v2_pred_47.pdb	1	1	1	1	1	1	1	1	2
afm_woTemplates_model_5_multimer_v2_pred_48.pdb	1	1	1	1	1	1	1	1	10
afm_woTemplates_model_5_multimer_v2_pred_49.pdb	1	1	1	1	1	1	1	1	10
afm_woTemplates_model_5_multimer_v2_pred_5.pdb	1	1	1	1	1	1	1	1	10
afm_woTemplates_model_5_multimer_v2_pred_50.pdb	1	1	1	1	1	1	1	1	10
afm_woTemplates_model_5_multimer_v2_pred_51.pdb	1	1	1	1	1	1	1	1	10
afm_woTemplates_model_5_multimer_v2_pred_52.pdb	1	1	1	1	1	1	1	1	10
afm_woTemplates_model_5_multimer_v2_pred_53.pdb	1	1	1	1	1	1	1	1	2
afm_woTemplates_model_5_multimer_v2_pred_54.pdb	1	1	1	1	1	1	1	1	105
afm_woTemplates_model_5_multimer_v2_pred_55.pdb	1	1	1	1	1	1	1	1	10
afm_woTemplates_model_5_multimer_v2_pred_56.pdb	1	1	2	2	3	3	4	550	1434
afm_woTemplates_model_5_multimer_v2_pred_57.pdb	1	1	1	1	1	1	1	1	2
afm_woTemplates_model_5_multimer_v2_pred_58.pdb	1	1	1	1	1	1	1	1	10
afm_woTemplates_model_5_multimer_v2_pred_59.pdb	1	1	1	1	1	1	1	1	10
afm_woTemplates_model_5_multimer_v2_pred_6.pdb	1	1	1	1	1	1	1	1	2
afm_woTemplates_model_5_multimer_v2_pred_60.pdb	1	1	1	1	1	1	1	1	10
afm_woTemplates_model_5_multimer_v2_pred_61.pdb	1	1	1	1	1	1	1	1	10
afm_woTemplates_model_5_multimer_v2_pred_62.pdb	1	1	1	1	1	1	1	1	10
afm_woTemplates_model_5_multimer_v2_pred_63.pdb	1	1	1	1	1	1	1	1	10
afm_woTemplates_model_5_multimer_v2_pred_64.pdb	1	1	1	1	1	1	1	1	10
afm_woTemplates_model_5_multimer_v2_pred_65.pdb	1	1	1	1	1	1	1	1	10
afm_woTemplates_model_5_multimer_v2_pred_66.pdb	1	1	1	1	1	1	1	1	10
afm_woTemplates_model_5_multimer_v2_pred_7.pdb	1	1	1	1	1	1	1	1	10
afm_woTemplates_model_5_multimer_v2_pred_8.pdb	1	1	1	1	1	1	1	1	10
afm_woTemplates_model_5_multimer_v2_pred_9.pdb	1	1	1	1	1	1	1	1	10
afm_woTemplates_model_5_multimer_v3_pred_0.pdb	1	1	1	1	1	1	1	1	13
afm_woTemplates_model_5_multimer_v3_pred_1.pdb	1	1	1	1	1	1	1	1	13
afm_woTemplates_model_5_multimer_v3_pred_10.pdb	1	1	1	1	1	1	1	1	13
afm_woTemplates_model_5_multimer_v3_pred_11.pdb	1	1	1	1	1	1	1	1	13
afm_woTemplates_model_5_multimer_v3_pred_12.pdb	1	1	1	1	1	1	1	1	13
afm_woTemplates_model_5_multimer_v3_pred_13.pdb	1	1	1	1	1	1	1	1	13
afm_woTemplates_model_5_multimer_v3_pred_14.pdb	1	1	1	1	1	1	1	1	13
afm_woTemplates_model_5_multimer_v3_pred_15.pdb	1	1	1	1	1	1	1	1	13
afm_woTemplates_model_5_multimer_v3_pred_16.pdb	1	1	1	1	1	1	1	1	13
afm_woTemplates_model_5_multimer_v3_pred_17.pdb	1	1	1	1	1	1	1	1	13
afm_woTemplates_model_5_multimer_v3_pred_18.pdb	1	1	1	1	1	1	1	1	13
afm_woTemplates_model_5_multimer_v3_pred_19.pdb	1	1	1	1	1	1	1	1	13
afm_woTemplates_model_5_multimer_v3_pred_2.pdb	1	1	1	1	1	1	1	1	13
afm_woTemplates_model_5_multimer_v3_pred_20.pdb	1	1	1	1	1	1	1	1	13
afm_woTemplates_model_5_multimer_v3_pred_21.pdb	1	1	1	1	1	1	1	1	13
afm_woTemplates_model_5_multimer_v3_pred_22.pdb	1	1	1	1	1	1	1	1	69
afm_woTemplates_model_5_multimer_v3_pred_23.pdb	1	1	1	1	1	1	1	1	13
afm_woTemplates_model_5_multimer_v3_pred_24.pdb	1	1	1	1	1	1	1	1	13
afm_woTemplates_model_5_multimer_v3_pred_25.pdb	1	1	1	1	1	1	1	1	13
afm_woTemplates_model_5_multimer_v3_pred_26.pdb	1	1	1	1	1	1	1	1	2
afm_woTemplates_model_5_multimer_v3_pred_27.pdb	1	1	1	1	1	1	1	1	3
afm_woTemplates_model_5_multimer_v3_pred_28.pdb	1	1	1	1	1	1	1	1	13
afm_woTemplates_model_5_multimer_v3_pred_29.pdb	1	1	1	1	1	1	1	1	13
afm_woTemplates_model_5_multimer_v3_pred_3.pdb	1	1	1	1	1	1	1	1	13
afm_woTemplates_model_5_multimer_v3_pred_30.pdb	1	1	1	1	1	1	1	1	13
afm_woTemplates_model_5_multimer_v3_pred_31.pdb	1	1	1	1	1	1	1	1	13
afm_woTemplates_model_5_multimer_v3_pred_32.pdb	1	1	1	1	1	1	1	1	13
afm_woTemplates_model_5_multimer_v3_pred_33.pdb	1	1	1	1	1	1	1	1	13
afm_woTemplates_model_5_multimer_v3_pred_34.pdb	1	1	1	1	1	1	1	1	13
afm_woTemplates_model_5_multimer_v3_pred_35.pdb	1	1	1	1	1	1	1	1	13
afm_woTemplates_model_5_multimer_v3_pred_36.pdb	1	1	1	1	1	1	1	1	13
afm_woTemplates_model_5_multimer_v3_pred_37.pdb	1	1	1	1	1	1	1	1	13
afm_woTemplates_model_5_multimer_v3_pred_38.pdb	1	1	1	1	1	1	1	1	13
afm_woTemplates_model_5_multimer_v3_pred_39.pdb	1	1	1	1	1	1	1	1	13
afm_woTemplates_model_5_multimer_v3_pred_4.pdb	1	1	1	1	1	1	1	1	13
afm_woTemplates_model_5_multimer_v3_pred_40.pdb	1	1	1	1	1	1	1	1	2
afm_woTemplates_model_5_multimer_v3_pred_41.pdb	1	1	1	1	1	1	1	1	13
afm_woTemplates_model_5_multimer_v3_pred_42.pdb	1	1	1	1	1	1	1	1	13
afm_woTemplates_model_5_multimer_v3_pred_43.pdb	1	1	1	1	1	1	1	1	13
afm_woTemplates_model_5_multimer_v3_pred_44.pdb	1	1	1	1	1	1	1	1	13
afm_woTemplates_model_5_multimer_v3_pred_45.pdb	1	1	1	1	1	1	1	1	13
afm_woTemplates_model_5_multimer_v3_pred_46.pdb	1	1	1	1	1	1	1	1	13
afm_woTemplates_model_5_multimer_v3_pred_47.pdb	1	1	1	1	1	1	1	1	13
afm_woTemplates_model_5_multimer_v3_pred_48.pdb	1	1	1	1	1	1	1	1	13
afm_woTemplates_model_5_multimer_v3_pred_49.pdb	1	1	1	1	1	1	1	1	13
afm_woTemplates_model_5_multimer_v3_pred_5.pdb	1	1	1	1	1	1	1	1	13
afm_woTemplates_model_5_multimer_v3_pred_50.pdb	1	1	1	1	1	1	1	1	13
afm_woTemplates_model_5_multimer_v3_pred_51.pdb	1	1	1	1	1	1	1	1	13
afm_woTemplates_model_5_multimer_v3_pred_52.pdb	1	1	1	1	1	1	1	1	13
afm_woTemplates_model_5_multimer_v3_pred_53.pdb	1	1	1	1	1	1	1	1	13
afm_woTemplates_model_5_multimer_v3_pred_54.pdb	1	1	1	1	1	1	1	1	13
afm_woTemplates_model_5_multimer_v3_pred_55.pdb	1	1	1	1	1	1	1	1	2
afm_woTemplates_model_5_multimer_v3_pred_56.pdb	1	1	1	1	1	1	1	1	2
afm_woTemplates_model_5_multimer_v3_pred_57.pdb	1	1	1	1	1	1	1	1	13
afm_woTemplates_model_5_multimer_v3_pred_58.pdb	1	1	1	1	1	1	1	1	13
afm_woTemplates_model_5_multimer_v3_pred_59.pdb	1	1	1	1	1	1	1	1	13
afm_woTemplates_model_5_multimer_v3_pred_6.pdb	1	1	1	1	1	1	1	1	13
afm_woTemplates_model_5_multimer_v3_pred_60.pdb	1	1	1	1	1	1	1	1	13
afm_woTemplates_model_5_multimer_v3_pred_61.pdb	1	1	1	1	1	1	1	1	13
afm_woTemplates_model_5_multimer_v3_pred_62.pdb	1	1	1	1	1	1	1	1	13
afm_woTemplates_model_5_multimer_v3_pred_63.pdb	1	1	1	1	1	1	1	1	13
afm_woTemplates_model_5_multimer_v3_pred_64.pdb	1	1	1	1	1	1	1	1	13
afm_woTemplates_model_5_multimer_v3_pred_65.pdb	1	1	1	1	1	1	1	1	13
afm_woTemplates_model_5_multimer_v3_pred_66.pdb	1	1	1	1	1	1	1	1	13
afm_woTemplates_model_5_multimer_v3_pred_7.pdb	1	1	1	1	1	1	1	1	13
afm_woTemplates_model_5_multimer_v3_pred_8.pdb	1	1	1	1	1	1	1	1	13
afm_woTemplates_model_5_multimer_v3_pred_9.pdb	1	1	1	1	1	1	1	1	13
cf_dropout_full_woTemplates_model_1_multimer_v1_pred_0.pdb	1	1	1	1	1	1	1	2	41
cf_dropout_full_woTemplates_model_1_multimer_v1_pred_1.pdb	1	1	1	1	1	1	1	2	139
cf_dropout_full_woTemplates_model_1_multimer_v1_pred_10.pdb	1	1	1	1	1	1	1	2	41
cf_dropout_full_woTemplates_model_1_multimer_v1_pred_11.pdb	1	1	1	1	1	1	1	2	41
cf_dropout_full_woTemplates_model_1_multimer_v1_pred_12.pdb	1	1	1	1	1	1	1	2	41
cf_dropout_full_woTemplates_model_1_multimer_v1_pred_13.pdb	1	1	1	1	1	1	1	2	11
cf_dropout_full_woTemplates_model_1_multimer_v1_pred_14.pdb	1	1	1	1	1	1	1	2	41
cf_dropout_full_woTemplates_model_1_multimer_v1_pred_15.pdb	1	1	1	1	1	1	1	2	11
cf_dropout_full_woTemplates_model_1_multimer_v1_pred_16.pdb	1	1	1	1	1	1	1	2	11
cf_dropout_full_woTemplates_model_1_multimer_v1_pred_17.pdb	1	1	1	1	1	1	1	2	139
cf_dropout_full_woTemplates_model_1_multimer_v1_pred_18.pdb	1	1	1	1	1	1	1	2	138
cf_dropout_full_woTemplates_model_1_multimer_v1_pred_19.pdb	1	1	1	1	1	1	1	2	11
cf_dropout_full_woTemplates_model_1_multimer_v1_pred_2.pdb	1	1	1	1	1	1	1	2	224
cf_dropout_full_woTemplates_model_1_multimer_v1_pred_20.pdb	1	1	1	1	1	1	1	2	1435
cf_dropout_full_woTemplates_model_1_multimer_v1_pred_21.pdb	1	1	1	1	1	1	1	2	41
cf_dropout_full_woTemplates_model_1_multimer_v1_pred_22.pdb	1	1	1	1	1	1	1	2	1436
cf_dropout_full_woTemplates_model_1_multimer_v1_pred_23.pdb	1	1	1	1	1	1	1	2	41
cf_dropout_full_woTemplates_model_1_multimer_v1_pred_24.pdb	1	1	1	1	1	1	1	2	138
cf_dropout_full_woTemplates_model_1_multimer_v1_pred_25.pdb	1	1	1	1	1	1	1	2	41
cf_dropout_full_woTemplates_model_1_multimer_v1_pred_26.pdb	1	1	1	1	1	1	1	2	11
cf_dropout_full_woTemplates_model_1_multimer_v1_pred_27.pdb	1	1	1	1	1	1	1	2	11
cf_dropout_full_woTemplates_model_1_multimer_v1_pred_28.pdb	1	1	1	1	1	1	1	1	11
cf_dropout_full_woTemplates_model_1_multimer_v1_pred_29.pdb	1	1	1	1	1	1	1	2	139
cf_dropout_full_woTemplates_model_1_multimer_v1_pred_3.pdb	1	2	3	5	5	8	13	551	1437
cf_dropout_full_woTemplates_model_1_multimer_v1_pred_30.pdb	1	1	1	1	1	1	1	2	11
cf_dropout_full_woTemplates_model_1_multimer_v1_pred_31.pdb	1	1	1	1	1	1	1	2	41
cf_dropout_full_woTemplates_model_1_multimer_v1_pred_32.pdb	1	1	1	1	1	1	1	2	11
cf_dropout_full_woTemplates_model_1_multimer_v1_pred_33.pdb	1	1	1	1	1	1	1	2	41
cf_dropout_full_woTemplates_model_1_multimer_v1_pred_34.pdb	1	1	1	1	1	1	1	2	11
cf_dropout_full_woTemplates_model_1_multimer_v1_pred_35.pdb	1	1	1	1	1	1	1	2	11
cf_dropout_full_woTemplates_model_1_multimer_v1_pred_36.pdb	1	1	1	1	1	1	1	2	41
cf_dropout_full_woTemplates_model_1_multimer_v1_pred_37.pdb	1	1	1	1	1	1	1	2	41
cf_dropout_full_woTemplates_model_1_multimer_v1_pred_38.pdb	1	1	1	1	1	1	1	2	225
cf_dropout_full_woTemplates_model_1_multimer_v1_pred_39.pdb	1	1	1	1	1	1	1	2	41
cf_dropout_full_woTemplates_model_1_multimer_v1_pred_4.pdb	1	1	1	1	1	1	1	2	11
cf_dropout_full_woTemplates_model_1_multimer_v1_pred_40.pdb	1	1	57	76	98	167	301	552	1438
cf_dropout_full_woTemplates_model_1_multimer_v1_pred_41.pdb	1	1	1	1	1	1	1	32	1439
cf_dropout_full_woTemplates_model_1_multimer_v1_pred_42.pdb	1	1	1	1	1	1	1	2	11
cf_dropout_full_woTemplates_model_1_multimer_v1_pred_43.pdb	1	1	1	1	1	1	1	2	225
cf_dropout_full_woTemplates_model_1_multimer_v1_pred_44.pdb	1	1	1	1	1	1	1	2	29
cf_dropout_full_woTemplates_model_1_multimer_v1_pred_45.pdb	1	1	1	1	1	1	1	2	138
cf_dropout_full_woTemplates_model_1_multimer_v1_pred_46.pdb	1	1	1	1	1	1	1	2	41
cf_dropout_full_woTemplates_model_1_multimer_v1_pred_47.pdb	1	1	1	1	1	1	1	2	11
cf_dropout_full_woTemplates_model_1_multimer_v1_pred_48.pdb	1	1	1	1	1	1	1	2	11
cf_dropout_full_woTemplates_model_1_multimer_v1_pred_49.pdb	1	1	1	1	1	1	1	2	1440
cf_dropout_full_woTemplates_model_1_multimer_v1_pred_5.pdb	1	1	1	1	1	1	1	2	41
cf_dropout_full_woTemplates_model_1_multimer_v1_pred_50.pdb	1	1	1	1	1	1	1	2	11
cf_dropout_full_woTemplates_model_1_multimer_v1_pred_51.pdb	1	1	1	1	1	1	1	2	1441
cf_dropout_full_woTemplates_model_1_multimer_v1_pred_52.pdb	1	1	1	1	1	1	1	2	11
cf_dropout_full_woTemplates_model_1_multimer_v1_pred_53.pdb	1	1	1	1	1	1	1	2	11
cf_dropout_full_woTemplates_model_1_multimer_v1_pred_54.pdb	1	1	1	1	1	1	1	2	41
cf_dropout_full_woTemplates_model_1_multimer_v1_pred_55.pdb	1	1	1	1	1	1	1	7	1442
cf_dropout_full_woTemplates_model_1_multimer_v1_pred_56.pdb	1	1	1	1	1	1	1	2	41
cf_dropout_full_woTemplates_model_1_multimer_v1_pred_57.pdb	1	1	1	1	1	1	1	2	11
cf_dropout_full_woTemplates_model_1_multimer_v1_pred_58.pdb	1	1	1	1	1	1	1	2	1443
cf_dropout_full_woTemplates_model_1_multimer_v1_pred_59.pdb	1	1	1	1	1	1	1	2	139
cf_dropout_full_woTemplates_model_1_multimer_v1_pred_6.pdb	1	1	1	1	1	1	1	2	41
cf_dropout_full_woTemplates_model_1_multimer_v1_pred_60.pdb	1	1	1	1	1	1	1	2	41
cf_dropout_full_woTemplates_model_1_multimer_v1_pred_61.pdb	1	1	1	1	1	1	1	2	41
cf_dropout_full_woTemplates_model_1_multimer_v1_pred_62.pdb	1	1	1	1	1	1	1	2	11
cf_dropout_full_woTemplates_model_1_multimer_v1_pred_63.pdb	1	1	1	1	1	1	1	2	11
cf_dropout_full_woTemplates_model_1_multimer_v1_pred_64.pdb	1	1	1	1	1	1	1	2	11
cf_dropout_full_woTemplates_model_1_multimer_v1_pred_65.pdb	1	1	1	1	1	1	1	2	41
cf_dropout_full_woTemplates_model_1_multimer_v1_pred_66.pdb	2	2	1	4	6	168	302	553	1444
cf_dropout_full_woTemplates_model_1_multimer_v1_pred_7.pdb	1	1	1	1	1	1	1	2	11
cf_dropout_full_woTemplates_model_1_multimer_v1_pred_8.pdb	1	1	1	1	1	1	1	2	41
cf_dropout_full_woTemplates_model_1_multimer_v1_pred_9.pdb	1	1	1	1	1	1	1	2	41
cf_dropout_full_woTemplates_model_1_multimer_v2_pred_0.pdb	1	1	1	1	1	1	1	1	23
cf_dropout_full_woTemplates_model_1_multimer_v2_pred_1.pdb	1	1	1	1	1	1	1	1	23
cf_dropout_full_woTemplates_model_1_multimer_v2_pred_10.pdb	1	1	1	1	1	1	1	1	23
cf_dropout_full_woTemplates_model_1_multimer_v2_pred_11.pdb	1	1	1	1	1	1	1	1	23
cf_dropout_full_woTemplates_model_1_multimer_v2_pred_12.pdb	1	1	1	1	1	1	1	1	23
cf_dropout_full_woTemplates_model_1_multimer_v2_pred_13.pdb	1	1	1	1	1	1	1	1	23
cf_dropout_full_woTemplates_model_1_multimer_v2_pred_14.pdb	1	1	1	1	1	1	1	1	226
cf_dropout_full_woTemplates_model_1_multimer_v2_pred_15.pdb	1	1	1	1	1	1	1	1	23
cf_dropout_full_woTemplates_model_1_multimer_v2_pred_16.pdb	1	1	1	1	1	1	1	1	23
cf_dropout_full_woTemplates_model_1_multimer_v2_pred_17.pdb	1	1	1	1	1	1	1	4	23
cf_dropout_full_woTemplates_model_1_multimer_v2_pred_18.pdb	1	1	1	1	1	1	1	1	96
cf_dropout_full_woTemplates_model_1_multimer_v2_pred_19.pdb	1	1	1	1	1	1	1	1	6
cf_dropout_full_woTemplates_model_1_multimer_v2_pred_2.pdb	1	1	1	1	1	1	1	1	51
cf_dropout_full_woTemplates_model_1_multimer_v2_pred_20.pdb	1	1	1	1	1	1	1	1	23
cf_dropout_full_woTemplates_model_1_multimer_v2_pred_21.pdb	1	1	1	1	1	1	1	1	51
cf_dropout_full_woTemplates_model_1_multimer_v2_pred_22.pdb	1	1	1	1	1	1	1	1	51
cf_dropout_full_woTemplates_model_1_multimer_v2_pred_23.pdb	1	1	1	1	1	1	1	1	6
cf_dropout_full_woTemplates_model_1_multimer_v2_pred_24.pdb	1	1	1	1	1	1	1	1	23
cf_dropout_full_woTemplates_model_1_multimer_v2_pred_25.pdb	1	1	1	1	1	1	1	1	23
cf_dropout_full_woTemplates_model_1_multimer_v2_pred_26.pdb	1	1	1	1	1	1	1	4	23
cf_dropout_full_woTemplates_model_1_multimer_v2_pred_27.pdb	1	1	1	1	1	1	1	1	51
cf_dropout_full_woTemplates_model_1_multimer_v2_pred_28.pdb	1	1	1	1	1	1	1	1	23
cf_dropout_full_woTemplates_model_1_multimer_v2_pred_29.pdb	1	1	1	1	1	1	1	1	227
cf_dropout_full_woTemplates_model_1_multimer_v2_pred_3.pdb	1	1	1	1	1	1	1	1	228
cf_dropout_full_woTemplates_model_1_multimer_v2_pred_30.pdb	1	1	1	1	1	1	1	1	51
cf_dropout_full_woTemplates_model_1_multimer_v2_pred_31.pdb	1	1	1	1	1	1	1	1	51
cf_dropout_full_woTemplates_model_1_multimer_v2_pred_32.pdb	1	1	1	1	1	1	1	4	96
cf_dropout_full_woTemplates_model_1_multimer_v2_pred_33.pdb	1	1	1	1	1	1	1	1	23
cf_dropout_full_woTemplates_model_1_multimer_v2_pred_34.pdb	1	1	1	1	1	1	1	4	23
cf_dropout_full_woTemplates_model_1_multimer_v2_pred_35.pdb	1	1	1	1	1	1	1	1	1445
cf_dropout_full_woTemplates_model_1_multimer_v2_pred_36.pdb	1	1	1	1	1	1	1	1	23
cf_dropout_full_woTemplates_model_1_multimer_v2_pred_37.pdb	1	1	1	1	1	1	1	1	23
cf_dropout_full_woTemplates_model_1_multimer_v2_pred_38.pdb	1	1	1	1	1	1	1	1	51
cf_dropout_full_woTemplates_model_1_multimer_v2_pred_39.pdb	1	1	1	1	1	1	1	1	23
cf_dropout_full_woTemplates_model_1_multimer_v2_pred_4.pdb	1	1	1	1	1	1	1	1	23
cf_dropout_full_woTemplates_model_1_multimer_v2_pred_40.pdb	1	1	1	1	1	1	1	1	23
cf_dropout_full_woTemplates_model_1_multimer_v2_pred_41.pdb	1	1	1	1	1	1	1	1	23
cf_dropout_full_woTemplates_model_1_multimer_v2_pred_42.pdb	1	1	1	1	1	1	1	4	228
cf_dropout_full_woTemplates_model_1_multimer_v2_pred_43.pdb	1	1	1	1	1	1	1	1	23
cf_dropout_full_woTemplates_model_1_multimer_v2_pred_44.pdb	1	1	1	1	1	1	1	1	6
cf_dropout_full_woTemplates_model_1_multimer_v2_pred_45.pdb	1	1	1	1	1	1	1	1	6
cf_dropout_full_woTemplates_model_1_multimer_v2_pred_46.pdb	1	1	1	1	1	1	1	1	226
cf_dropout_full_woTemplates_model_1_multimer_v2_pred_47.pdb	1	1	1	1	1	1	1	1	1446
cf_dropout_full_woTemplates_model_1_multimer_v2_pred_48.pdb	1	1	1	1	1	1	1	1	23
cf_dropout_full_woTemplates_model_1_multimer_v2_pred_49.pdb	1	1	1	1	1	1	1	1	23
cf_dropout_full_woTemplates_model_1_multimer_v2_pred_5.pdb	1	1	1	1	1	1	1	1	1447
cf_dropout_full_woTemplates_model_1_multimer_v2_pred_50.pdb	1	1	1	1	1	1	1	1	23
cf_dropout_full_woTemplates_model_1_multimer_v2_pred_51.pdb	1	1	1	1	1	1	1	1	23
cf_dropout_full_woTemplates_model_1_multimer_v2_pred_52.pdb	1	1	1	1	1	1	1	4	96
cf_dropout_full_woTemplates_model_1_multimer_v2_pred_53.pdb	1	1	1	1	1	1	1	1	23
cf_dropout_full_woTemplates_model_1_multimer_v2_pred_54.pdb	1	1	1	1	1	1	1	1	51
cf_dropout_full_woTemplates_model_1_multimer_v2_pred_55.pdb	1	1	1	1	1	1	1	1	23
cf_dropout_full_woTemplates_model_1_multimer_v2_pred_56.pdb	1	1	1	1	1	1	1	1	51
cf_dropout_full_woTemplates_model_1_multimer_v2_pred_57.pdb	1	1	1	1	1	1	1	1	23
cf_dropout_full_woTemplates_model_1_multimer_v2_pred_58.pdb	1	1	1	1	1	1	1	1	23
cf_dropout_full_woTemplates_model_1_multimer_v2_pred_59.pdb	1	1	1	1	1	1	1	1	23
cf_dropout_full_woTemplates_model_1_multimer_v2_pred_6.pdb	1	1	1	1	1	1	1	4	23
cf_dropout_full_woTemplates_model_1_multimer_v2_pred_60.pdb	1	1	1	1	1	1	1	1	23
cf_dropout_full_woTemplates_model_1_multimer_v2_pred_61.pdb	1	1	1	1	1	1	1	1	51
cf_dropout_full_woTemplates_model_1_multimer_v2_pred_62.pdb	1	1	1	1	1	1	1	1	23
cf_dropout_full_woTemplates_model_1_multimer_v2_pred_63.pdb	1	1	1	1	1	1	1	1	23
cf_dropout_full_woTemplates_model_1_multimer_v2_pred_64.pdb	1	1	1	1	1	1	1	1	51
cf_dropout_full_woTemplates_model_1_multimer_v2_pred_65.pdb	1	1	1	1	1	1	1	1	227
cf_dropout_full_woTemplates_model_1_multimer_v2_pred_66.pdb	1	1	1	1	1	1	1	1	96
cf_dropout_full_woTemplates_model_1_multimer_v2_pred_7.pdb	1	1	1	1	1	1	1	1	23
cf_dropout_full_woTemplates_model_1_multimer_v2_pred_8.pdb	1	1	1	1	1	1	1	1	23
cf_dropout_full_woTemplates_model_1_multimer_v2_pred_9.pdb	1	1	1	1	1	1	1	1	23
cf_dropout_full_woTemplates_model_1_multimer_v3_pred_0.pdb	1	1	1	1	1	1	1	1	35
cf_dropout_full_woTemplates_model_1_multimer_v3_pred_1.pdb	1	1	1	1	1	1	1	1	165
cf_dropout_full_woTemplates_model_1_multimer_v3_pred_10.pdb	1	1	1	1	1	1	1	1	35
cf_dropout_full_woTemplates_model_1_multimer_v3_pred_11.pdb	1	1	1	1	1	1	1	1	8
cf_dropout_full_woTemplates_model_1_multimer_v3_pred_12.pdb	1	1	1	1	1	1	1	1	35
cf_dropout_full_woTemplates_model_1_multimer_v3_pred_13.pdb	1	1	1	1	1	1	1	1	35
cf_dropout_full_woTemplates_model_1_multimer_v3_pred_14.pdb	1	1	1	1	1	1	1	1	65
cf_dropout_full_woTemplates_model_1_multimer_v3_pred_15.pdb	1	1	1	1	1	1	1	1	65
cf_dropout_full_woTemplates_model_1_multimer_v3_pred_16.pdb	1	1	1	1	1	1	1	1	165
cf_dropout_full_woTemplates_model_1_multimer_v3_pred_17.pdb	1	1	1	1	1	1	1	1	65
cf_dropout_full_woTemplates_model_1_multimer_v3_pred_18.pdb	1	1	1	1	1	1	1	1	35
cf_dropout_full_woTemplates_model_1_multimer_v3_pred_19.pdb	1	1	1	1	1	1	1	1	65
cf_dropout_full_woTemplates_model_1_multimer_v3_pred_2.pdb	1	1	1	1	1	1	1	1	35
cf_dropout_full_woTemplates_model_1_multimer_v3_pred_20.pdb	1	1	1	1	1	1	1	1	35
cf_dropout_full_woTemplates_model_1_multimer_v3_pred_21.pdb	1	1	1	1	1	1	1	1	8
cf_dropout_full_woTemplates_model_1_multimer_v3_pred_22.pdb	1	1	1	1	1	1	1	1	35
cf_dropout_full_woTemplates_model_1_multimer_v3_pred_23.pdb	1	1	1	1	1	1	1	1	65
cf_dropout_full_woTemplates_model_1_multimer_v3_pred_24.pdb	1	1	1	1	1	1	1	1	35
cf_dropout_full_woTemplates_model_1_multimer_v3_pred_25.pdb	1	1	1	1	1	1	1	1	35
cf_dropout_full_woTemplates_model_1_multimer_v3_pred_26.pdb	1	1	1	1	1	1	1	1	35
cf_dropout_full_woTemplates_model_1_multimer_v3_pred_27.pdb	1	1	1	1	1	1	1	1	65
cf_dropout_full_woTemplates_model_1_multimer_v3_pred_28.pdb	1	1	1	1	1	1	1	1	65
cf_dropout_full_woTemplates_model_1_multimer_v3_pred_29.pdb	1	1	1	1	1	1	1	1	8
cf_dropout_full_woTemplates_model_1_multimer_v3_pred_3.pdb	1	1	1	1	1	1	1	1	165
cf_dropout_full_woTemplates_model_1_multimer_v3_pred_30.pdb	1	1	1	1	1	1	1	1	8
cf_dropout_full_woTemplates_model_1_multimer_v3_pred_31.pdb	1	1	1	1	1	1	1	1	35
cf_dropout_full_woTemplates_model_1_multimer_v3_pred_32.pdb	1	1	1	1	1	1	1	1	8
cf_dropout_full_woTemplates_model_1_multimer_v3_pred_33.pdb	1	1	1	1	1	1	1	1	35
cf_dropout_full_woTemplates_model_1_multimer_v3_pred_34.pdb	1	1	1	1	1	1	1	1	35
cf_dropout_full_woTemplates_model_1_multimer_v3_pred_35.pdb	1	1	1	1	1	1	1	1	8
cf_dropout_full_woTemplates_model_1_multimer_v3_pred_36.pdb	1	1	1	1	1	1	1	1	8
cf_dropout_full_woTemplates_model_1_multimer_v3_pred_37.pdb	1	1	1	1	1	1	1	1	8
cf_dropout_full_woTemplates_model_1_multimer_v3_pred_38.pdb	1	1	1	1	1	1	1	1	65
cf_dropout_full_woTemplates_model_1_multimer_v3_pred_39.pdb	1	1	1	1	1	1	1	1	8
cf_dropout_full_woTemplates_model_1_multimer_v3_pred_4.pdb	1	1	1	1	1	1	1	1	35
cf_dropout_full_woTemplates_model_1_multimer_v3_pred_40.pdb	1	1	1	1	1	1	1	1	35
cf_dropout_full_woTemplates_model_1_multimer_v3_pred_41.pdb	1	1	1	1	1	1	1	1	215
cf_dropout_full_woTemplates_model_1_multimer_v3_pred_42.pdb	1	1	1	1	1	1	1	1	35
cf_dropout_full_woTemplates_model_1_multimer_v3_pred_43.pdb	1	1	1	1	1	1	1	1	35
cf_dropout_full_woTemplates_model_1_multimer_v3_pred_44.pdb	1	1	1	1	1	1	1	1	65
cf_dropout_full_woTemplates_model_1_multimer_v3_pred_45.pdb	1	1	1	1	1	1	1	1	35
cf_dropout_full_woTemplates_model_1_multimer_v3_pred_46.pdb	1	1	1	1	1	1	1	1	35
cf_dropout_full_woTemplates_model_1_multimer_v3_pred_47.pdb	1	1	1	1	1	1	1	1	35
cf_dropout_full_woTemplates_model_1_multimer_v3_pred_48.pdb	1	1	1	1	1	1	1	1	8
cf_dropout_full_woTemplates_model_1_multimer_v3_pred_49.pdb	1	1	1	1	1	1	1	1	8
cf_dropout_full_woTemplates_model_1_multimer_v3_pred_5.pdb	1	1	1	1	1	1	1	1	35
cf_dropout_full_woTemplates_model_1_multimer_v3_pred_50.pdb	1	1	1	1	1	1	1	1	8
cf_dropout_full_woTemplates_model_1_multimer_v3_pred_51.pdb	1	1	1	1	1	1	1	1	35
cf_dropout_full_woTemplates_model_1_multimer_v3_pred_52.pdb	1	1	1	1	1	1	1	1	35
cf_dropout_full_woTemplates_model_1_multimer_v3_pred_53.pdb	1	1	1	1	1	1	1	1	65
cf_dropout_full_woTemplates_model_1_multimer_v3_pred_54.pdb	1	1	1	1	1	1	1	1	35
cf_dropout_full_woTemplates_model_1_multimer_v3_pred_55.pdb	1	1	1	1	1	1	1	1	35
cf_dropout_full_woTemplates_model_1_multimer_v3_pred_56.pdb	1	1	1	1	1	1	1	1	35
cf_dropout_full_woTemplates_model_1_multimer_v3_pred_57.pdb	1	1	1	1	1	1	1	1	8
cf_dropout_full_woTemplates_model_1_multimer_v3_pred_58.pdb	1	1	1	1	1	1	1	1	35
cf_dropout_full_woTemplates_model_1_multimer_v3_pred_59.pdb	1	1	1	1	1	1	1	1	35
cf_dropout_full_woTemplates_model_1_multimer_v3_pred_6.pdb	1	1	1	1	1	1	1	1	8
cf_dropout_full_woTemplates_model_1_multimer_v3_pred_60.pdb	1	1	1	1	1	1	1	1	35
cf_dropout_full_woTemplates_model_1_multimer_v3_pred_61.pdb	1	1	1	1	1	1	1	1	35
cf_dropout_full_woTemplates_model_1_multimer_v3_pred_62.pdb	1	1	1	1	1	1	1	1	35
cf_dropout_full_woTemplates_model_1_multimer_v3_pred_63.pdb	1	1	1	1	1	1	1	1	8
cf_dropout_full_woTemplates_model_1_multimer_v3_pred_64.pdb	1	1	1	1	1	1	1	1	35
cf_dropout_full_woTemplates_model_1_multimer_v3_pred_65.pdb	1	1	1	1	1	1	1	1	35
cf_dropout_full_woTemplates_model_1_multimer_v3_pred_66.pdb	1	1	1	1	1	1	1	1	35
cf_dropout_full_woTemplates_model_1_multimer_v3_pred_7.pdb	1	1	1	1	1	1	1	1	65
cf_dropout_full_woTemplates_model_1_multimer_v3_pred_8.pdb	1	1	1	1	1	1	1	1	8
cf_dropout_full_woTemplates_model_1_multimer_v3_pred_9.pdb	1	1	1	1	1	1	1	1	8
cf_dropout_full_woTemplates_model_2_multimer_v1_pred_0.pdb	1	1	1	1	1	1	1	2	39
cf_dropout_full_woTemplates_model_2_multimer_v1_pred_1.pdb	1	1	1	1	1	1	1	2	229
cf_dropout_full_woTemplates_model_2_multimer_v1_pred_10.pdb	1	1	1	1	1	1	1	7	28
cf_dropout_full_woTemplates_model_2_multimer_v1_pred_11.pdb	1	1	1	1	1	1	1	2	39
cf_dropout_full_woTemplates_model_2_multimer_v1_pred_12.pdb	1	1	1	1	1	1	1	2	79
cf_dropout_full_woTemplates_model_2_multimer_v1_pred_13.pdb	1	1	1	1	1	1	1	2	73
cf_dropout_full_woTemplates_model_2_multimer_v1_pred_14.pdb	1	1	1	1	1	1	1	2	230
cf_dropout_full_woTemplates_model_2_multimer_v1_pred_15.pdb	1	1	1	1	1	1	1	2	1448
cf_dropout_full_woTemplates_model_2_multimer_v1_pred_16.pdb	1	1	1	1	1	1	1	2	231
cf_dropout_full_woTemplates_model_2_multimer_v1_pred_17.pdb	1	1	1	1	1	1	1	2	107
cf_dropout_full_woTemplates_model_2_multimer_v1_pred_18.pdb	1	1	1	1	1	1	1	2	79
cf_dropout_full_woTemplates_model_2_multimer_v1_pred_19.pdb	1	1	1	1	1	1	1	2	79
cf_dropout_full_woTemplates_model_2_multimer_v1_pred_2.pdb	1	1	1	1	1	1	1	2	73
cf_dropout_full_woTemplates_model_2_multimer_v1_pred_20.pdb	1	1	1	1	1	1	1	2	1449
cf_dropout_full_woTemplates_model_2_multimer_v1_pred_21.pdb	1	1	1	1	1	1	1	2	73
cf_dropout_full_woTemplates_model_2_multimer_v1_pred_22.pdb	1	1	1	1	1	1	1	1	232
cf_dropout_full_woTemplates_model_2_multimer_v1_pred_23.pdb	1	1	1	1	1	1	1	7	1450
cf_dropout_full_woTemplates_model_2_multimer_v1_pred_24.pdb	1	1	1	1	1	1	1	2	54
cf_dropout_full_woTemplates_model_2_multimer_v1_pred_25.pdb	1	1	1	1	1	1	1	2	73
cf_dropout_full_woTemplates_model_2_multimer_v1_pred_26.pdb	1	1	1	1	1	1	1	2	79
cf_dropout_full_woTemplates_model_2_multimer_v1_pred_27.pdb	1	1	1	1	1	1	1	2	39
cf_dropout_full_woTemplates_model_2_multimer_v1_pred_28.pdb	1	1	1	1	1	1	1	2	73
cf_dropout_full_woTemplates_model_2_multimer_v1_pred_29.pdb	1	1	1	1	1	1	1	1	39
cf_dropout_full_woTemplates_model_2_multimer_v1_pred_3.pdb	1	1	1	1	1	1	1	2	1451
cf_dropout_full_woTemplates_model_2_multimer_v1_pred_30.pdb	1	1	1	1	1	1	1	2	232
cf_dropout_full_woTemplates_model_2_multimer_v1_pred_31.pdb	1	1	1	1	1	1	1	2	39
cf_dropout_full_woTemplates_model_2_multimer_v1_pred_32.pdb	1	1	1	1	1	1	1	2	1452
cf_dropout_full_woTemplates_model_2_multimer_v1_pred_33.pdb	1	1	1	1	1	1	1	1	140
cf_dropout_full_woTemplates_model_2_multimer_v1_pred_34.pdb	1	1	1	1	1	1	1	2	79
cf_dropout_full_woTemplates_model_2_multimer_v1_pred_35.pdb	1	1	1	1	1	1	1	2	73
cf_dropout_full_woTemplates_model_2_multimer_v1_pred_36.pdb	1	1	1	1	1	1	1	2	79
cf_dropout_full_woTemplates_model_2_multimer_v1_pred_37.pdb	1	1	1	1	1	1	1	2	39
cf_dropout_full_woTemplates_model_2_multimer_v1_pred_38.pdb	1	1	1	1	1	1	1	2	1453
cf_dropout_full_woTemplates_model_2_multimer_v1_pred_39.pdb	1	1	1	1	1	1	1	2	39
cf_dropout_full_woTemplates_model_2_multimer_v1_pred_4.pdb	1	1	1	1	1	1	1	1	39
cf_dropout_full_woTemplates_model_2_multimer_v1_pred_40.pdb	1	1	1	1	1	1	1	2	231
cf_dropout_full_woTemplates_model_2_multimer_v1_pred_41.pdb	1	1	1	1	1	1	1	2	73
cf_dropout_full_woTemplates_model_2_multimer_v1_pred_42.pdb	1	1	1	1	1	1	1	1	1454
cf_dropout_full_woTemplates_model_2_multimer_v1_pred_43.pdb	1	1	1	1	1	1	1	1	39
cf_dropout_full_woTemplates_model_2_multimer_v1_pred_44.pdb	1	1	1	1	1	1	1	2	79
cf_dropout_full_woTemplates_model_2_multimer_v1_pred_45.pdb	1	1	1	1	1	1	1	2	1455
cf_dropout_full_woTemplates_model_2_multimer_v1_pred_46.pdb	1	1	1	1	1	1	1	2	107
cf_dropout_full_woTemplates_model_2_multimer_v1_pred_47.pdb	1	1	1	1	1	1	1	2	1456
cf_dropout_full_woTemplates_model_2_multimer_v1_pred_48.pdb	1	1	1	1	1	1	1	2	39
cf_dropout_full_woTemplates_model_2_multimer_v1_pred_49.pdb	1	1	1	1	1	1	1	2	79
cf_dropout_full_woTemplates_model_2_multimer_v1_pred_5.pdb	1	1	1	1	1	1	1	2	140
cf_dropout_full_woTemplates_model_2_multimer_v1_pred_50.pdb	1	1	1	1	1	1	1	2	39
cf_dropout_full_woTemplates_model_2_multimer_v1_pred_51.pdb	1	1	1	1	1	1	1	2	1457
cf_dropout_full_woTemplates_model_2_multimer_v1_pred_52.pdb	1	1	1	1	1	1	1	2	39
cf_dropout_full_woTemplates_model_2_multimer_v1_pred_53.pdb	1	1	1	1	1	1	1	2	140
cf_dropout_full_woTemplates_model_2_multimer_v1_pred_54.pdb	1	1	1	1	1	1	1	7	39
cf_dropout_full_woTemplates_model_2_multimer_v1_pred_55.pdb	1	1	1	1	1	1	1	1	1458
cf_dropout_full_woTemplates_model_2_multimer_v1_pred_56.pdb	1	1	1	1	1	1	1	2	39
cf_dropout_full_woTemplates_model_2_multimer_v1_pred_57.pdb	1	1	1	1	1	1	1	2	79
cf_dropout_full_woTemplates_model_2_multimer_v1_pred_58.pdb	1	1	1	1	1	1	1	2	79
cf_dropout_full_woTemplates_model_2_multimer_v1_pred_59.pdb	1	1	1	1	1	1	1	2	140
cf_dropout_full_woTemplates_model_2_multimer_v1_pred_6.pdb	1	1	1	1	1	1	1	1	28
cf_dropout_full_woTemplates_model_2_multimer_v1_pred_60.pdb	1	1	1	1	1	1	1	2	79
cf_dropout_full_woTemplates_model_2_multimer_v1_pred_61.pdb	1	1	1	1	1	1	1	2	140
cf_dropout_full_woTemplates_model_2_multimer_v1_pred_62.pdb	1	1	1	1	1	1	1	2	73
cf_dropout_full_woTemplates_model_2_multimer_v1_pred_63.pdb	1	1	1	1	1	1	1	2	79
cf_dropout_full_woTemplates_model_2_multimer_v1_pred_64.pdb	1	1	1	1	1	1	1	2	79
cf_dropout_full_woTemplates_model_2_multimer_v1_pred_65.pdb	1	1	1	1	1	1	1	2	79
cf_dropout_full_woTemplates_model_2_multimer_v1_pred_66.pdb	1	1	1	1	1	1	1	2	1459
cf_dropout_full_woTemplates_model_2_multimer_v1_pred_7.pdb	1	1	1	1	1	1	1	2	230
cf_dropout_full_woTemplates_model_2_multimer_v1_pred_8.pdb	1	1	1	1	1	1	1	2	107
cf_dropout_full_woTemplates_model_2_multimer_v1_pred_9.pdb	1	1	1	1	1	1	1	2	229
cf_dropout_full_woTemplates_model_2_multimer_v2_pred_0.pdb	1	1	1	1	1	1	1	1	33
cf_dropout_full_woTemplates_model_2_multimer_v2_pred_1.pdb	1	1	1	1	1	1	1	1	27
cf_dropout_full_woTemplates_model_2_multimer_v2_pred_10.pdb	1	1	1	1	1	1	1	1	33
cf_dropout_full_woTemplates_model_2_multimer_v2_pred_11.pdb	1	1	1	1	1	1	1	1	33
cf_dropout_full_woTemplates_model_2_multimer_v2_pred_12.pdb	1	1	1	1	1	1	1	1	33
cf_dropout_full_woTemplates_model_2_multimer_v2_pred_13.pdb	1	1	1	1	1	1	1	1	33
cf_dropout_full_woTemplates_model_2_multimer_v2_pred_14.pdb	1	1	1	1	1	1	1	1	27
cf_dropout_full_woTemplates_model_2_multimer_v2_pred_15.pdb	1	1	1	1	1	1	1	1	33
cf_dropout_full_woTemplates_model_2_multimer_v2_pred_16.pdb	1	1	1	1	1	1	1	1	27
cf_dropout_full_woTemplates_model_2_multimer_v2_pred_17.pdb	1	1	1	1	1	1	1	1	33
cf_dropout_full_woTemplates_model_2_multimer_v2_pred_18.pdb	1	1	1	1	1	1	1	1	33
cf_dropout_full_woTemplates_model_2_multimer_v2_pred_19.pdb	1	1	1	1	1	1	1	1	27
cf_dropout_full_woTemplates_model_2_multimer_v2_pred_2.pdb	1	1	1	1	1	1	1	1	33
cf_dropout_full_woTemplates_model_2_multimer_v2_pred_20.pdb	1	1	1	1	1	1	1	1	33
cf_dropout_full_woTemplates_model_2_multimer_v2_pred_21.pdb	1	1	1	1	1	1	1	1	33
cf_dropout_full_woTemplates_model_2_multimer_v2_pred_22.pdb	1	1	1	1	1	1	1	1	27
cf_dropout_full_woTemplates_model_2_multimer_v2_pred_23.pdb	1	1	1	1	1	1	1	1	27
cf_dropout_full_woTemplates_model_2_multimer_v2_pred_24.pdb	1	1	1	1	1	1	1	1	233
cf_dropout_full_woTemplates_model_2_multimer_v2_pred_25.pdb	1	1	1	1	1	1	1	1	33
cf_dropout_full_woTemplates_model_2_multimer_v2_pred_26.pdb	1	1	1	1	1	1	1	33	1460
cf_dropout_full_woTemplates_model_2_multimer_v2_pred_27.pdb	1	1	1	1	1	1	1	1	27
cf_dropout_full_woTemplates_model_2_multimer_v2_pred_28.pdb	1	1	1	1	1	1	1	1	33
cf_dropout_full_woTemplates_model_2_multimer_v2_pred_29.pdb	1	1	1	1	1	1	1	1	33
cf_dropout_full_woTemplates_model_2_multimer_v2_pred_3.pdb	1	1	1	1	1	1	1	1	33
cf_dropout_full_woTemplates_model_2_multimer_v2_pred_30.pdb	1	1	1	1	1	1	1	1	33
cf_dropout_full_woTemplates_model_2_multimer_v2_pred_31.pdb	1	1	1	1	1	1	1	1	27
cf_dropout_full_woTemplates_model_2_multimer_v2_pred_32.pdb	1	1	1	1	1	1	1	1	27
cf_dropout_full_woTemplates_model_2_multimer_v2_pred_33.pdb	1	1	1	1	1	1	1	1	233
cf_dropout_full_woTemplates_model_2_multimer_v2_pred_34.pdb	1	1	1	1	1	1	1	1	33
cf_dropout_full_woTemplates_model_2_multimer_v2_pred_35.pdb	1	1	1	1	1	1	1	1	33
cf_dropout_full_woTemplates_model_2_multimer_v2_pred_36.pdb	1	1	1	1	1	1	1	1	27
cf_dropout_full_woTemplates_model_2_multimer_v2_pred_37.pdb	1	1	1	1	1	1	1	1	27
cf_dropout_full_woTemplates_model_2_multimer_v2_pred_38.pdb	1	1	1	1	1	1	1	1	33
cf_dropout_full_woTemplates_model_2_multimer_v2_pred_39.pdb	1	1	1	1	1	1	1	1	27
cf_dropout_full_woTemplates_model_2_multimer_v2_pred_4.pdb	1	1	1	1	1	1	1	1	27
cf_dropout_full_woTemplates_model_2_multimer_v2_pred_40.pdb	1	1	1	1	1	1	1	1	33
cf_dropout_full_woTemplates_model_2_multimer_v2_pred_41.pdb	1	1	1	1	1	1	1	1	33
cf_dropout_full_woTemplates_model_2_multimer_v2_pred_42.pdb	1	1	1	1	1	1	1	1	27
cf_dropout_full_woTemplates_model_2_multimer_v2_pred_43.pdb	1	1	1	1	1	1	1	1	33
cf_dropout_full_woTemplates_model_2_multimer_v2_pred_44.pdb	1	1	1	1	1	1	1	1	27
cf_dropout_full_woTemplates_model_2_multimer_v2_pred_45.pdb	1	1	1	1	1	1	1	1	33
cf_dropout_full_woTemplates_model_2_multimer_v2_pred_46.pdb	1	1	1	1	1	1	1	1	27
cf_dropout_full_woTemplates_model_2_multimer_v2_pred_47.pdb	1	1	1	1	1	1	1	1	27
cf_dropout_full_woTemplates_model_2_multimer_v2_pred_48.pdb	1	1	1	1	1	1	1	1	27
cf_dropout_full_woTemplates_model_2_multimer_v2_pred_49.pdb	1	1	1	1	1	1	1	1	27
cf_dropout_full_woTemplates_model_2_multimer_v2_pred_5.pdb	1	1	1	1	1	1	1	1	33
cf_dropout_full_woTemplates_model_2_multimer_v2_pred_50.pdb	1	1	1	1	1	1	1	1	33
cf_dropout_full_woTemplates_model_2_multimer_v2_pred_51.pdb	1	1	1	1	1	1	1	1	27
cf_dropout_full_woTemplates_model_2_multimer_v2_pred_52.pdb	1	1	1	1	1	1	1	1	27
cf_dropout_full_woTemplates_model_2_multimer_v2_pred_53.pdb	1	1	1	1	1	1	1	1	27
cf_dropout_full_woTemplates_model_2_multimer_v2_pred_54.pdb	1	1	1	1	1	1	1	1	33
cf_dropout_full_woTemplates_model_2_multimer_v2_pred_55.pdb	1	1	1	1	1	1	1	11	27
cf_dropout_full_woTemplates_model_2_multimer_v2_pred_56.pdb	1	1	1	1	1	1	1	1	27
cf_dropout_full_woTemplates_model_2_multimer_v2_pred_57.pdb	1	1	1	1	1	1	1	1	1461
cf_dropout_full_woTemplates_model_2_multimer_v2_pred_58.pdb	1	1	1	1	1	1	1	1	33
cf_dropout_full_woTemplates_model_2_multimer_v2_pred_59.pdb	1	1	1	1	1	1	1	1	33
cf_dropout_full_woTemplates_model_2_multimer_v2_pred_6.pdb	1	1	1	1	1	1	1	33	27
cf_dropout_full_woTemplates_model_2_multimer_v2_pred_60.pdb	1	1	1	1	1	1	1	1	33
cf_dropout_full_woTemplates_model_2_multimer_v2_pred_61.pdb	1	1	1	1	1	1	1	1	27
cf_dropout_full_woTemplates_model_2_multimer_v2_pred_62.pdb	1	1	1	1	1	1	1	1	27
cf_dropout_full_woTemplates_model_2_multimer_v2_pred_63.pdb	1	1	1	1	1	1	1	1	33
cf_dropout_full_woTemplates_model_2_multimer_v2_pred_64.pdb	1	1	1	1	1	1	1	1	33
cf_dropout_full_woTemplates_model_2_multimer_v2_pred_65.pdb	1	1	1	1	1	1	1	1	33
cf_dropout_full_woTemplates_model_2_multimer_v2_pred_66.pdb	1	1	1	1	1	1	1	1	27
cf_dropout_full_woTemplates_model_2_multimer_v2_pred_7.pdb	1	1	1	1	1	1	1	1	33
cf_dropout_full_woTemplates_model_2_multimer_v2_pred_8.pdb	1	1	1	1	1	1	1	1	33
cf_dropout_full_woTemplates_model_2_multimer_v2_pred_9.pdb	1	1	1	1	1	1	1	1	27
cf_dropout_full_woTemplates_model_2_multimer_v3_pred_0.pdb	1	1	1	1	1	1	1	1	8
cf_dropout_full_woTemplates_model_2_multimer_v3_pred_1.pdb	1	1	1	1	1	1	1	1	8
cf_dropout_full_woTemplates_model_2_multimer_v3_pred_10.pdb	1	1	1	1	1	1	1	1	95
cf_dropout_full_woTemplates_model_2_multimer_v3_pred_11.pdb	1	1	1	1	1	1	1	1	8
cf_dropout_full_woTemplates_model_2_multimer_v3_pred_12.pdb	1	1	1	1	1	1	1	1	8
cf_dropout_full_woTemplates_model_2_multimer_v3_pred_13.pdb	1	1	1	1	1	1	1	1	112
cf_dropout_full_woTemplates_model_2_multimer_v3_pred_14.pdb	1	1	1	1	1	1	1	1	34
cf_dropout_full_woTemplates_model_2_multimer_v3_pred_15.pdb	1	1	1	1	1	1	1	1	8
cf_dropout_full_woTemplates_model_2_multimer_v3_pred_16.pdb	1	1	1	1	1	1	1	1	8
cf_dropout_full_woTemplates_model_2_multimer_v3_pred_17.pdb	1	1	1	1	1	1	1	1	8
cf_dropout_full_woTemplates_model_2_multimer_v3_pred_18.pdb	1	1	1	1	1	1	1	1	8
cf_dropout_full_woTemplates_model_2_multimer_v3_pred_19.pdb	1	1	1	1	1	1	1	1	8
cf_dropout_full_woTemplates_model_2_multimer_v3_pred_2.pdb	1	1	1	1	1	1	1	1	8
cf_dropout_full_woTemplates_model_2_multimer_v3_pred_20.pdb	1	1	1	1	1	1	1	1	8
cf_dropout_full_woTemplates_model_2_multimer_v3_pred_21.pdb	1	1	1	1	1	1	1	1	8
cf_dropout_full_woTemplates_model_2_multimer_v3_pred_22.pdb	1	1	1	1	1	1	1	1	8
cf_dropout_full_woTemplates_model_2_multimer_v3_pred_23.pdb	1	1	1	1	1	1	1	1	8
cf_dropout_full_woTemplates_model_2_multimer_v3_pred_24.pdb	1	1	1	1	1	1	1	1	8
cf_dropout_full_woTemplates_model_2_multimer_v3_pred_25.pdb	1	1	1	1	1	1	1	1	95
cf_dropout_full_woTemplates_model_2_multimer_v3_pred_26.pdb	1	1	1	1	1	1	1	1	8
cf_dropout_full_woTemplates_model_2_multimer_v3_pred_27.pdb	1	1	1	1	1	1	1	1	8
cf_dropout_full_woTemplates_model_2_multimer_v3_pred_28.pdb	1	1	1	1	1	1	1	1	8
cf_dropout_full_woTemplates_model_2_multimer_v3_pred_29.pdb	1	1	1	1	1	1	1	1	8
cf_dropout_full_woTemplates_model_2_multimer_v3_pred_3.pdb	1	1	1	1	1	1	1	1	8
cf_dropout_full_woTemplates_model_2_multimer_v3_pred_30.pdb	1	1	1	1	1	1	1	1	95
cf_dropout_full_woTemplates_model_2_multimer_v3_pred_31.pdb	1	1	1	1	1	1	1	1	8
cf_dropout_full_woTemplates_model_2_multimer_v3_pred_32.pdb	1	1	1	1	1	1	1	1	8
cf_dropout_full_woTemplates_model_2_multimer_v3_pred_33.pdb	1	1	1	1	1	1	1	1	8
cf_dropout_full_woTemplates_model_2_multimer_v3_pred_34.pdb	1	1	1	1	1	1	1	1	8
cf_dropout_full_woTemplates_model_2_multimer_v3_pred_35.pdb	1	1	1	1	1	1	1	1	8
cf_dropout_full_woTemplates_model_2_multimer_v3_pred_36.pdb	1	1	1	1	1	1	1	1	8
cf_dropout_full_woTemplates_model_2_multimer_v3_pred_37.pdb	1	1	1	1	1	1	1	1	8
cf_dropout_full_woTemplates_model_2_multimer_v3_pred_38.pdb	1	1	1	1	1	1	1	1	8
cf_dropout_full_woTemplates_model_2_multimer_v3_pred_39.pdb	1	1	1	1	1	1	1	1	8
cf_dropout_full_woTemplates_model_2_multimer_v3_pred_4.pdb	1	1	1	1	1	1	1	1	166
cf_dropout_full_woTemplates_model_2_multimer_v3_pred_40.pdb	1	1	1	1	1	1	1	1	8
cf_dropout_full_woTemplates_model_2_multimer_v3_pred_41.pdb	1	1	1	1	1	1	1	1	8
cf_dropout_full_woTemplates_model_2_multimer_v3_pred_42.pdb	1	1	1	1	1	1	1	1	34
cf_dropout_full_woTemplates_model_2_multimer_v3_pred_43.pdb	1	1	1	1	1	1	1	1	8
cf_dropout_full_woTemplates_model_2_multimer_v3_pred_44.pdb	1	1	1	1	1	1	1	1	8
cf_dropout_full_woTemplates_model_2_multimer_v3_pred_45.pdb	1	1	1	1	1	1	1	1	8
cf_dropout_full_woTemplates_model_2_multimer_v3_pred_46.pdb	1	1	1	1	1	1	1	1	8
cf_dropout_full_woTemplates_model_2_multimer_v3_pred_47.pdb	1	1	1	1	1	1	1	1	8
cf_dropout_full_woTemplates_model_2_multimer_v3_pred_48.pdb	1	1	1	1	1	1	1	1	8
cf_dropout_full_woTemplates_model_2_multimer_v3_pred_49.pdb	1	1	1	1	1	1	1	1	8
cf_dropout_full_woTemplates_model_2_multimer_v3_pred_5.pdb	1	1	1	1	1	1	1	1	8
cf_dropout_full_woTemplates_model_2_multimer_v3_pred_50.pdb	1	1	1	1	1	1	1	1	8
cf_dropout_full_woTemplates_model_2_multimer_v3_pred_51.pdb	1	1	1	1	1	1	1	1	166
cf_dropout_full_woTemplates_model_2_multimer_v3_pred_52.pdb	1	1	1	1	1	1	1	1	8
cf_dropout_full_woTemplates_model_2_multimer_v3_pred_53.pdb	1	1	1	1	1	1	1	1	8
cf_dropout_full_woTemplates_model_2_multimer_v3_pred_54.pdb	1	1	1	1	1	1	1	1	8
cf_dropout_full_woTemplates_model_2_multimer_v3_pred_55.pdb	1	1	1	1	1	1	1	1	8
cf_dropout_full_woTemplates_model_2_multimer_v3_pred_56.pdb	1	1	1	1	1	1	1	1	8
cf_dropout_full_woTemplates_model_2_multimer_v3_pred_57.pdb	1	1	1	1	1	1	1	1	8
cf_dropout_full_woTemplates_model_2_multimer_v3_pred_58.pdb	1	1	1	1	1	1	1	1	8
cf_dropout_full_woTemplates_model_2_multimer_v3_pred_59.pdb	1	1	1	1	1	1	1	1	8
cf_dropout_full_woTemplates_model_2_multimer_v3_pred_6.pdb	1	1	1	1	1	1	1	1	8
cf_dropout_full_woTemplates_model_2_multimer_v3_pred_60.pdb	1	1	1	1	1	1	1	1	8
cf_dropout_full_woTemplates_model_2_multimer_v3_pred_61.pdb	1	1	1	1	1	1	1	1	8
cf_dropout_full_woTemplates_model_2_multimer_v3_pred_62.pdb	1	1	1	1	1	1	1	1	8
cf_dropout_full_woTemplates_model_2_multimer_v3_pred_63.pdb	1	1	1	1	1	1	1	1	8
cf_dropout_full_woTemplates_model_2_multimer_v3_pred_64.pdb	1	1	1	1	1	1	1	1	8
cf_dropout_full_woTemplates_model_2_multimer_v3_pred_65.pdb	1	1	1	1	1	1	1	1	8
cf_dropout_full_woTemplates_model_2_multimer_v3_pred_66.pdb	1	1	1	1	1	1	1	1	8
cf_dropout_full_woTemplates_model_2_multimer_v3_pred_7.pdb	1	1	1	1	1	1	1	1	95
cf_dropout_full_woTemplates_model_2_multimer_v3_pred_8.pdb	1	1	1	1	1	1	1	1	8
cf_dropout_full_woTemplates_model_2_multimer_v3_pred_9.pdb	1	1	1	1	1	1	1	1	95
cf_dropout_full_woTemplates_model_3_multimer_v1_pred_0.pdb	1	1	1	1	1	1	1	2	29
cf_dropout_full_woTemplates_model_3_multimer_v1_pred_1.pdb	1	1	1	1	1	1	1	2	1462
cf_dropout_full_woTemplates_model_3_multimer_v1_pred_10.pdb	1	1	1	1	1	1	1	2	167
cf_dropout_full_woTemplates_model_3_multimer_v1_pred_11.pdb	1	1	1	1	1	1	1	2	17
cf_dropout_full_woTemplates_model_3_multimer_v1_pred_12.pdb	1	1	1	1	1	1	1	2	29
cf_dropout_full_woTemplates_model_3_multimer_v1_pred_13.pdb	1	1	1	1	1	1	1	2	29
cf_dropout_full_woTemplates_model_3_multimer_v1_pred_14.pdb	1	1	1	1	1	1	1	2	29
cf_dropout_full_woTemplates_model_3_multimer_v1_pred_15.pdb	1	1	1	1	1	1	1	2	17
cf_dropout_full_woTemplates_model_3_multimer_v1_pred_16.pdb	1	1	1	1	1	1	1	2	80
cf_dropout_full_woTemplates_model_3_multimer_v1_pred_17.pdb	1	1	1	1	1	1	1	2	1463
cf_dropout_full_woTemplates_model_3_multimer_v1_pred_18.pdb	1	1	1	1	1	1	1	2	29
cf_dropout_full_woTemplates_model_3_multimer_v1_pred_19.pdb	1	1	1	1	1	1	1	2	29
cf_dropout_full_woTemplates_model_3_multimer_v1_pred_2.pdb	1	1	1	1	1	1	1	2	17
cf_dropout_full_woTemplates_model_3_multimer_v1_pred_20.pdb	1	1	1	1	1	1	1	2	29
cf_dropout_full_woTemplates_model_3_multimer_v1_pred_21.pdb	1	1	1	1	1	1	1	2	29
cf_dropout_full_woTemplates_model_3_multimer_v1_pred_22.pdb	1	1	1	1	1	1	1	2	29
cf_dropout_full_woTemplates_model_3_multimer_v1_pred_23.pdb	1	1	1	1	1	1	1	2	1464
cf_dropout_full_woTemplates_model_3_multimer_v1_pred_24.pdb	1	1	1	1	1	1	1	2	1465
cf_dropout_full_woTemplates_model_3_multimer_v1_pred_25.pdb	1	1	1	1	1	1	1	2	29
cf_dropout_full_woTemplates_model_3_multimer_v1_pred_26.pdb	1	1	1	1	1	1	1	2	167
cf_dropout_full_woTemplates_model_3_multimer_v1_pred_27.pdb	1	1	1	1	1	1	1	2	1466
cf_dropout_full_woTemplates_model_3_multimer_v1_pred_28.pdb	1	1	1	1	1	1	1	2	1467
cf_dropout_full_woTemplates_model_3_multimer_v1_pred_29.pdb	1	1	1	1	1	1	1	2	17
cf_dropout_full_woTemplates_model_3_multimer_v1_pred_3.pdb	1	1	1	1	1	1	1	2	167
cf_dropout_full_woTemplates_model_3_multimer_v1_pred_30.pdb	1	1	1	1	1	1	1	2	29
cf_dropout_full_woTemplates_model_3_multimer_v1_pred_31.pdb	1	1	1	1	1	1	1	2	29
cf_dropout_full_woTemplates_model_3_multimer_v1_pred_32.pdb	1	1	1	1	1	1	1	2	29
cf_dropout_full_woTemplates_model_3_multimer_v1_pred_33.pdb	1	1	1	1	1	1	1	2	29
cf_dropout_full_woTemplates_model_3_multimer_v1_pred_34.pdb	1	1	1	1	1	1	1	2	29
cf_dropout_full_woTemplates_model_3_multimer_v1_pred_35.pdb	1	1	1	1	1	1	1	2	17
cf_dropout_full_woTemplates_model_3_multimer_v1_pred_36.pdb	1	1	1	1	1	1	1	2	29
cf_dropout_full_woTemplates_model_3_multimer_v1_pred_37.pdb	1	1	1	1	1	1	1	2	29
cf_dropout_full_woTemplates_model_3_multimer_v1_pred_38.pdb	1	1	1	1	1	1	1	2	29
cf_dropout_full_woTemplates_model_3_multimer_v1_pred_39.pdb	1	1	1	1	1	1	1	2	1468
cf_dropout_full_woTemplates_model_3_multimer_v1_pred_4.pdb	1	1	1	1	1	1	1	2	29
cf_dropout_full_woTemplates_model_3_multimer_v1_pred_40.pdb	1	1	1	1	1	1	1	2	29
cf_dropout_full_woTemplates_model_3_multimer_v1_pred_41.pdb	1	1	1	1	1	1	1	2	29
cf_dropout_full_woTemplates_model_3_multimer_v1_pred_42.pdb	1	1	1	1	1	1	1	2	234
cf_dropout_full_woTemplates_model_3_multimer_v1_pred_43.pdb	1	1	1	1	1	1	1	2	167
cf_dropout_full_woTemplates_model_3_multimer_v1_pred_44.pdb	1	1	1	1	1	1	1	2	80
cf_dropout_full_woTemplates_model_3_multimer_v1_pred_45.pdb	1	1	1	1	1	1	1	2	29
cf_dropout_full_woTemplates_model_3_multimer_v1_pred_46.pdb	1	1	1	1	1	1	1	2	29
cf_dropout_full_woTemplates_model_3_multimer_v1_pred_47.pdb	1	1	1	1	1	1	1	2	29
cf_dropout_full_woTemplates_model_3_multimer_v1_pred_48.pdb	1	1	1	1	1	1	1	2	29
cf_dropout_full_woTemplates_model_3_multimer_v1_pred_49.pdb	1	1	1	1	1	1	1	2	29
cf_dropout_full_woTemplates_model_3_multimer_v1_pred_5.pdb	1	1	1	1	1	1	1	2	29
cf_dropout_full_woTemplates_model_3_multimer_v1_pred_50.pdb	1	1	1	1	1	1	1	2	29
cf_dropout_full_woTemplates_model_3_multimer_v1_pred_51.pdb	1	1	1	1	1	1	1	2	29
cf_dropout_full_woTemplates_model_3_multimer_v1_pred_52.pdb	1	1	1	1	1	1	1	2	29
cf_dropout_full_woTemplates_model_3_multimer_v1_pred_53.pdb	1	1	1	1	1	1	1	2	29
cf_dropout_full_woTemplates_model_3_multimer_v1_pred_54.pdb	1	1	1	1	1	1	1	2	29
cf_dropout_full_woTemplates_model_3_multimer_v1_pred_55.pdb	1	1	1	1	1	1	1	2	29
cf_dropout_full_woTemplates_model_3_multimer_v1_pred_56.pdb	1	1	1	1	1	1	1	2	235
cf_dropout_full_woTemplates_model_3_multimer_v1_pred_57.pdb	1	1	1	1	1	1	1	2	18
cf_dropout_full_woTemplates_model_3_multimer_v1_pred_58.pdb	1	1	1	1	1	1	1	2	1469
cf_dropout_full_woTemplates_model_3_multimer_v1_pred_59.pdb	1	1	1	1	1	1	1	2	1470
cf_dropout_full_woTemplates_model_3_multimer_v1_pred_6.pdb	1	1	1	1	1	1	1	2	1471
cf_dropout_full_woTemplates_model_3_multimer_v1_pred_60.pdb	1	1	1	1	1	1	1	2	29
cf_dropout_full_woTemplates_model_3_multimer_v1_pred_61.pdb	1	1	1	1	1	1	1	2	29
cf_dropout_full_woTemplates_model_3_multimer_v1_pred_62.pdb	1	1	1	1	1	1	1	2	17
cf_dropout_full_woTemplates_model_3_multimer_v1_pred_63.pdb	1	1	1	1	1	1	1	2	17
cf_dropout_full_woTemplates_model_3_multimer_v1_pred_64.pdb	1	1	1	1	1	1	1	2	17
cf_dropout_full_woTemplates_model_3_multimer_v1_pred_65.pdb	1	1	1	1	1	1	1	2	17
cf_dropout_full_woTemplates_model_3_multimer_v1_pred_66.pdb	1	1	1	1	1	1	1	2	234
cf_dropout_full_woTemplates_model_3_multimer_v1_pred_7.pdb	1	1	1	1	1	1	1	2	29
cf_dropout_full_woTemplates_model_3_multimer_v1_pred_8.pdb	1	1	1	1	1	1	1	2	18
cf_dropout_full_woTemplates_model_3_multimer_v1_pred_9.pdb	1	1	1	1	1	1	1	2	17
cf_dropout_full_woTemplates_model_3_multimer_v2_pred_0.pdb	1	1	1	1	1	1	1	1	24
cf_dropout_full_woTemplates_model_3_multimer_v2_pred_1.pdb	1	1	1	1	1	1	1	1	24
cf_dropout_full_woTemplates_model_3_multimer_v2_pred_10.pdb	1	1	1	1	1	1	1	1	24
cf_dropout_full_woTemplates_model_3_multimer_v2_pred_11.pdb	1	1	1	1	1	1	1	1	57
cf_dropout_full_woTemplates_model_3_multimer_v2_pred_12.pdb	1	1	1	1	1	1	1	1	24
cf_dropout_full_woTemplates_model_3_multimer_v2_pred_13.pdb	1	1	1	1	1	1	1	1	24
cf_dropout_full_woTemplates_model_3_multimer_v2_pred_14.pdb	1	1	1	1	1	1	1	1	24
cf_dropout_full_woTemplates_model_3_multimer_v2_pred_15.pdb	1	1	1	1	1	1	1	1	24
cf_dropout_full_woTemplates_model_3_multimer_v2_pred_16.pdb	1	1	1	1	1	1	1	1	119
cf_dropout_full_woTemplates_model_3_multimer_v2_pred_17.pdb	1	1	1	1	1	1	1	1	24
cf_dropout_full_woTemplates_model_3_multimer_v2_pred_18.pdb	1	1	1	1	1	1	1	1	64
cf_dropout_full_woTemplates_model_3_multimer_v2_pred_19.pdb	1	1	1	1	1	1	1	1	24
cf_dropout_full_woTemplates_model_3_multimer_v2_pred_2.pdb	1	1	1	1	1	1	1	1	236
cf_dropout_full_woTemplates_model_3_multimer_v2_pred_20.pdb	1	1	1	1	1	1	1	1	57
cf_dropout_full_woTemplates_model_3_multimer_v2_pred_21.pdb	1	1	1	1	1	1	1	1	24
cf_dropout_full_woTemplates_model_3_multimer_v2_pred_22.pdb	1	1	1	1	1	1	1	1	24
cf_dropout_full_woTemplates_model_3_multimer_v2_pred_23.pdb	1	1	1	1	1	1	1	11	64
cf_dropout_full_woTemplates_model_3_multimer_v2_pred_24.pdb	1	1	1	1	1	1	1	1	24
cf_dropout_full_woTemplates_model_3_multimer_v2_pred_25.pdb	1	1	1	1	1	1	1	1	64
cf_dropout_full_woTemplates_model_3_multimer_v2_pred_26.pdb	1	1	1	1	1	1	1	1	141
cf_dropout_full_woTemplates_model_3_multimer_v2_pred_27.pdb	1	1	1	1	1	1	1	1	89
cf_dropout_full_woTemplates_model_3_multimer_v2_pred_28.pdb	1	1	1	1	1	1	1	1	57
cf_dropout_full_woTemplates_model_3_multimer_v2_pred_29.pdb	1	1	1	1	1	1	1	1	236
cf_dropout_full_woTemplates_model_3_multimer_v2_pred_3.pdb	1	1	1	1	1	1	1	1	89
cf_dropout_full_woTemplates_model_3_multimer_v2_pred_30.pdb	1	1	1	1	1	1	1	1	49
cf_dropout_full_woTemplates_model_3_multimer_v2_pred_31.pdb	1	1	1	1	1	1	1	1	24
cf_dropout_full_woTemplates_model_3_multimer_v2_pred_32.pdb	1	1	1	1	1	1	1	1	57
cf_dropout_full_woTemplates_model_3_multimer_v2_pred_33.pdb	1	1	1	1	1	1	1	1	24
cf_dropout_full_woTemplates_model_3_multimer_v2_pred_34.pdb	1	1	1	1	1	1	1	1	64
cf_dropout_full_woTemplates_model_3_multimer_v2_pred_35.pdb	1	1	1	1	1	1	1	1	24
cf_dropout_full_woTemplates_model_3_multimer_v2_pred_36.pdb	1	1	1	1	1	1	1	1	57
cf_dropout_full_woTemplates_model_3_multimer_v2_pred_37.pdb	1	1	1	1	1	1	1	1	24
cf_dropout_full_woTemplates_model_3_multimer_v2_pred_38.pdb	1	1	1	1	1	1	1	1	89
cf_dropout_full_woTemplates_model_3_multimer_v2_pred_39.pdb	1	1	1	1	1	1	1	1	24
cf_dropout_full_woTemplates_model_3_multimer_v2_pred_4.pdb	1	1	1	1	1	1	1	1	64
cf_dropout_full_woTemplates_model_3_multimer_v2_pred_40.pdb	1	1	1	1	1	1	1	1	24
cf_dropout_full_woTemplates_model_3_multimer_v2_pred_41.pdb	1	1	1	1	1	1	1	1	57
cf_dropout_full_woTemplates_model_3_multimer_v2_pred_42.pdb	1	1	1	1	1	1	1	1	64
cf_dropout_full_woTemplates_model_3_multimer_v2_pred_43.pdb	1	1	1	1	1	1	1	1	24
cf_dropout_full_woTemplates_model_3_multimer_v2_pred_44.pdb	1	1	1	1	1	1	1	1	24
cf_dropout_full_woTemplates_model_3_multimer_v2_pred_45.pdb	1	1	1	1	1	1	1	1	24
cf_dropout_full_woTemplates_model_3_multimer_v2_pred_46.pdb	1	1	1	1	1	1	1	1	24
cf_dropout_full_woTemplates_model_3_multimer_v2_pred_47.pdb	1	1	1	1	1	1	1	1	1472
cf_dropout_full_woTemplates_model_3_multimer_v2_pred_48.pdb	1	1	1	1	1	1	1	1	64
cf_dropout_full_woTemplates_model_3_multimer_v2_pred_49.pdb	1	1	1	1	1	1	1	1	119
cf_dropout_full_woTemplates_model_3_multimer_v2_pred_5.pdb	1	1	1	1	1	1	1	1	89
cf_dropout_full_woTemplates_model_3_multimer_v2_pred_50.pdb	1	1	1	1	1	1	1	1	24
cf_dropout_full_woTemplates_model_3_multimer_v2_pred_51.pdb	1	1	1	1	1	1	1	1	89
cf_dropout_full_woTemplates_model_3_multimer_v2_pred_52.pdb	1	1	1	1	1	1	1	1	57
cf_dropout_full_woTemplates_model_3_multimer_v2_pred_53.pdb	1	1	1	1	1	1	1	1	24
cf_dropout_full_woTemplates_model_3_multimer_v2_pred_54.pdb	1	1	1	1	1	1	1	1	24
cf_dropout_full_woTemplates_model_3_multimer_v2_pred_55.pdb	1	1	1	1	1	1	1	1	119
cf_dropout_full_woTemplates_model_3_multimer_v2_pred_56.pdb	1	1	1	1	1	1	1	1	24
cf_dropout_full_woTemplates_model_3_multimer_v2_pred_57.pdb	1	1	1	1	1	1	1	1	89
cf_dropout_full_woTemplates_model_3_multimer_v2_pred_58.pdb	1	1	1	1	1	1	1	1	57
cf_dropout_full_woTemplates_model_3_multimer_v2_pred_59.pdb	1	1	1	1	1	1	1	1	119
cf_dropout_full_woTemplates_model_3_multimer_v2_pred_6.pdb	1	1	1	1	1	1	1	1	89
cf_dropout_full_woTemplates_model_3_multimer_v2_pred_60.pdb	1	1	1	1	1	1	1	1	88
cf_dropout_full_woTemplates_model_3_multimer_v2_pred_61.pdb	1	1	1	1	1	1	1	1	119
cf_dropout_full_woTemplates_model_3_multimer_v2_pred_62.pdb	1	1	1	1	1	1	1	1	24
cf_dropout_full_woTemplates_model_3_multimer_v2_pred_63.pdb	1	1	1	1	1	1	1	1	64
cf_dropout_full_woTemplates_model_3_multimer_v2_pred_64.pdb	1	1	1	1	1	1	1	1	24
cf_dropout_full_woTemplates_model_3_multimer_v2_pred_65.pdb	1	1	1	1	1	1	1	1	141
cf_dropout_full_woTemplates_model_3_multimer_v2_pred_66.pdb	1	1	1	1	1	1	1	1	89
cf_dropout_full_woTemplates_model_3_multimer_v2_pred_7.pdb	1	1	1	1	1	1	1	1	64
cf_dropout_full_woTemplates_model_3_multimer_v2_pred_8.pdb	1	1	1	1	1	1	1	1	57
cf_dropout_full_woTemplates_model_3_multimer_v2_pred_9.pdb	1	1	1	1	1	1	1	1	24
cf_dropout_full_woTemplates_model_3_multimer_v3_pred_0.pdb	1	1	1	1	1	1	1	1	52
cf_dropout_full_woTemplates_model_3_multimer_v3_pred_1.pdb	1	1	1	1	1	1	1	1	3
cf_dropout_full_woTemplates_model_3_multimer_v3_pred_10.pdb	1	1	1	1	1	1	1	1	30
cf_dropout_full_woTemplates_model_3_multimer_v3_pred_11.pdb	1	1	1	1	1	1	1	1	52
cf_dropout_full_woTemplates_model_3_multimer_v3_pred_12.pdb	1	1	1	1	1	1	1	1	52
cf_dropout_full_woTemplates_model_3_multimer_v3_pred_13.pdb	1	1	1	1	1	1	1	1	62
cf_dropout_full_woTemplates_model_3_multimer_v3_pred_14.pdb	1	1	1	1	1	1	1	1	30
cf_dropout_full_woTemplates_model_3_multimer_v3_pred_15.pdb	1	1	1	1	1	1	1	1	3
cf_dropout_full_woTemplates_model_3_multimer_v3_pred_16.pdb	1	1	1	1	1	1	1	1	3
cf_dropout_full_woTemplates_model_3_multimer_v3_pred_17.pdb	1	1	1	1	1	1	1	1	3
cf_dropout_full_woTemplates_model_3_multimer_v3_pred_18.pdb	1	1	1	1	1	1	1	1	52
cf_dropout_full_woTemplates_model_3_multimer_v3_pred_19.pdb	1	1	1	1	1	1	1	1	30
cf_dropout_full_woTemplates_model_3_multimer_v3_pred_2.pdb	1	1	1	1	1	1	1	1	30
cf_dropout_full_woTemplates_model_3_multimer_v3_pred_20.pdb	1	1	1	1	1	1	1	1	30
cf_dropout_full_woTemplates_model_3_multimer_v3_pred_21.pdb	1	1	1	1	1	1	1	1	30
cf_dropout_full_woTemplates_model_3_multimer_v3_pred_22.pdb	1	1	1	1	1	1	1	1	52
cf_dropout_full_woTemplates_model_3_multimer_v3_pred_23.pdb	1	1	1	1	1	1	1	1	3
cf_dropout_full_woTemplates_model_3_multimer_v3_pred_24.pdb	1	1	1	1	1	1	1	1	30
cf_dropout_full_woTemplates_model_3_multimer_v3_pred_25.pdb	1	1	1	1	1	1	1	1	30
cf_dropout_full_woTemplates_model_3_multimer_v3_pred_26.pdb	1	1	1	1	1	1	1	1	30
cf_dropout_full_woTemplates_model_3_multimer_v3_pred_27.pdb	1	1	1	1	1	1	1	1	52
cf_dropout_full_woTemplates_model_3_multimer_v3_pred_28.pdb	1	1	1	1	1	1	1	1	30
cf_dropout_full_woTemplates_model_3_multimer_v3_pred_29.pdb	1	1	1	1	1	1	1	1	3
cf_dropout_full_woTemplates_model_3_multimer_v3_pred_3.pdb	1	1	1	1	1	1	1	1	2
cf_dropout_full_woTemplates_model_3_multimer_v3_pred_30.pdb	1	1	1	1	1	1	1	1	30
cf_dropout_full_woTemplates_model_3_multimer_v3_pred_31.pdb	1	1	1	1	1	1	1	1	30
cf_dropout_full_woTemplates_model_3_multimer_v3_pred_32.pdb	1	1	1	1	1	1	1	1	52
cf_dropout_full_woTemplates_model_3_multimer_v3_pred_33.pdb	1	1	1	1	1	1	1	1	30
cf_dropout_full_woTemplates_model_3_multimer_v3_pred_34.pdb	1	1	1	1	1	1	1	1	30
cf_dropout_full_woTemplates_model_3_multimer_v3_pred_35.pdb	1	1	1	1	1	1	1	1	30
cf_dropout_full_woTemplates_model_3_multimer_v3_pred_36.pdb	1	1	1	1	1	1	1	1	52
cf_dropout_full_woTemplates_model_3_multimer_v3_pred_37.pdb	1	1	1	1	1	1	1	1	3
cf_dropout_full_woTemplates_model_3_multimer_v3_pred_38.pdb	1	1	1	1	1	1	1	1	30
cf_dropout_full_woTemplates_model_3_multimer_v3_pred_39.pdb	1	1	1	1	1	1	1	1	30
cf_dropout_full_woTemplates_model_3_multimer_v3_pred_4.pdb	1	1	1	1	1	1	1	1	52
cf_dropout_full_woTemplates_model_3_multimer_v3_pred_40.pdb	1	1	1	1	1	1	1	1	30
cf_dropout_full_woTemplates_model_3_multimer_v3_pred_41.pdb	1	1	1	1	1	1	1	1	3
cf_dropout_full_woTemplates_model_3_multimer_v3_pred_42.pdb	1	1	1	1	1	1	1	1	52
cf_dropout_full_woTemplates_model_3_multimer_v3_pred_43.pdb	1	1	1	1	1	1	1	1	3
cf_dropout_full_woTemplates_model_3_multimer_v3_pred_44.pdb	1	1	1	1	1	1	1	1	30
cf_dropout_full_woTemplates_model_3_multimer_v3_pred_45.pdb	1	1	1	1	1	1	1	1	52
cf_dropout_full_woTemplates_model_3_multimer_v3_pred_46.pdb	1	1	1	1	1	1	1	1	52
cf_dropout_full_woTemplates_model_3_multimer_v3_pred_47.pdb	1	1	1	1	1	1	1	1	3
cf_dropout_full_woTemplates_model_3_multimer_v3_pred_48.pdb	1	1	1	1	1	1	1	1	30
cf_dropout_full_woTemplates_model_3_multimer_v3_pred_49.pdb	1	1	1	1	1	1	1	1	52
cf_dropout_full_woTemplates_model_3_multimer_v3_pred_5.pdb	1	1	1	1	1	1	1	1	30
cf_dropout_full_woTemplates_model_3_multimer_v3_pred_50.pdb	1	1	1	1	1	1	1	1	3
cf_dropout_full_woTemplates_model_3_multimer_v3_pred_51.pdb	1	1	1	1	1	1	1	1	3
cf_dropout_full_woTemplates_model_3_multimer_v3_pred_52.pdb	1	1	1	1	1	1	1	1	30
cf_dropout_full_woTemplates_model_3_multimer_v3_pred_53.pdb	1	1	1	1	1	1	1	1	52
cf_dropout_full_woTemplates_model_3_multimer_v3_pred_54.pdb	1	1	1	1	1	1	1	1	3
cf_dropout_full_woTemplates_model_3_multimer_v3_pred_55.pdb	1	1	1	1	1	1	1	1	52
cf_dropout_full_woTemplates_model_3_multimer_v3_pred_56.pdb	1	1	1	1	1	1	1	1	3
cf_dropout_full_woTemplates_model_3_multimer_v3_pred_57.pdb	1	1	1	1	1	1	1	1	30
cf_dropout_full_woTemplates_model_3_multimer_v3_pred_58.pdb	1	1	1	1	1	1	1	1	30
cf_dropout_full_woTemplates_model_3_multimer_v3_pred_59.pdb	1	1	1	1	1	1	1	1	30
cf_dropout_full_woTemplates_model_3_multimer_v3_pred_6.pdb	1	1	1	1	1	1	1	1	3
cf_dropout_full_woTemplates_model_3_multimer_v3_pred_60.pdb	1	1	1	1	1	1	1	1	30
cf_dropout_full_woTemplates_model_3_multimer_v3_pred_61.pdb	1	1	1	1	1	1	1	1	52
cf_dropout_full_woTemplates_model_3_multimer_v3_pred_62.pdb	1	1	1	1	1	1	1	1	30
cf_dropout_full_woTemplates_model_3_multimer_v3_pred_63.pdb	1	1	1	1	1	1	1	1	3
cf_dropout_full_woTemplates_model_3_multimer_v3_pred_64.pdb	1	1	1	1	1	1	1	1	3
cf_dropout_full_woTemplates_model_3_multimer_v3_pred_65.pdb	1	1	1	1	1	1	1	1	30
cf_dropout_full_woTemplates_model_3_multimer_v3_pred_66.pdb	1	1	1	1	1	1	1	1	30
cf_dropout_full_woTemplates_model_3_multimer_v3_pred_7.pdb	1	1	1	1	1	1	1	1	30
cf_dropout_full_woTemplates_model_3_multimer_v3_pred_8.pdb	1	1	1	1	1	1	1	1	30
cf_dropout_full_woTemplates_model_3_multimer_v3_pred_9.pdb	1	1	1	1	1	1	1	1	3
cf_dropout_full_woTemplates_model_4_multimer_v1_pred_0.pdb	1	1	1	1	1	1	1	2	18
cf_dropout_full_woTemplates_model_4_multimer_v1_pred_1.pdb	1	1	1	1	1	1	1	1	90
cf_dropout_full_woTemplates_model_4_multimer_v1_pred_10.pdb	1	1	1	1	1	1	1	1	18
cf_dropout_full_woTemplates_model_4_multimer_v1_pred_11.pdb	1	1	1	1	1	1	1	1	18
cf_dropout_full_woTemplates_model_4_multimer_v1_pred_12.pdb	1	1	1	1	1	1	1	1	18
cf_dropout_full_woTemplates_model_4_multimer_v1_pred_13.pdb	1	1	1	1	1	1	1	2	54
cf_dropout_full_woTemplates_model_4_multimer_v1_pred_14.pdb	1	1	1	1	1	1	1	1	18
cf_dropout_full_woTemplates_model_4_multimer_v1_pred_15.pdb	1	1	1	1	1	1	1	1	18
cf_dropout_full_woTemplates_model_4_multimer_v1_pred_16.pdb	1	1	1	1	1	1	1	1	18
cf_dropout_full_woTemplates_model_4_multimer_v1_pred_17.pdb	1	1	1	1	1	1	1	2	90
cf_dropout_full_woTemplates_model_4_multimer_v1_pred_18.pdb	1	1	1	1	1	1	1	2	11
cf_dropout_full_woTemplates_model_4_multimer_v1_pred_19.pdb	1	1	1	1	1	1	1	2	90
cf_dropout_full_woTemplates_model_4_multimer_v1_pred_2.pdb	1	1	1	1	1	1	1	2	18
cf_dropout_full_woTemplates_model_4_multimer_v1_pred_20.pdb	1	1	1	1	1	1	1	2	80
cf_dropout_full_woTemplates_model_4_multimer_v1_pred_21.pdb	1	1	1	1	1	1	1	2	54
cf_dropout_full_woTemplates_model_4_multimer_v1_pred_22.pdb	1	1	1	1	1	1	1	2	54
cf_dropout_full_woTemplates_model_4_multimer_v1_pred_23.pdb	1	1	1	1	1	1	1	2	54
cf_dropout_full_woTemplates_model_4_multimer_v1_pred_24.pdb	1	1	1	1	1	1	1	1	90
cf_dropout_full_woTemplates_model_4_multimer_v1_pred_25.pdb	1	1	1	1	1	1	1	2	39
cf_dropout_full_woTemplates_model_4_multimer_v1_pred_26.pdb	1	1	1	1	1	1	1	2	18
cf_dropout_full_woTemplates_model_4_multimer_v1_pred_27.pdb	1	1	1	1	1	1	1	1	18
cf_dropout_full_woTemplates_model_4_multimer_v1_pred_28.pdb	1	1	1	1	1	1	1	2	18
cf_dropout_full_woTemplates_model_4_multimer_v1_pred_29.pdb	1	1	1	1	1	1	1	2	18
cf_dropout_full_woTemplates_model_4_multimer_v1_pred_3.pdb	1	1	1	1	1	1	1	2	54
cf_dropout_full_woTemplates_model_4_multimer_v1_pred_30.pdb	1	1	1	1	1	1	1	1	74
cf_dropout_full_woTemplates_model_4_multimer_v1_pred_31.pdb	1	1	1	1	1	1	1	2	54
cf_dropout_full_woTemplates_model_4_multimer_v1_pred_32.pdb	1	1	1	1	1	1	1	1	90
cf_dropout_full_woTemplates_model_4_multimer_v1_pred_33.pdb	1	1	1	1	1	1	1	1	18
cf_dropout_full_woTemplates_model_4_multimer_v1_pred_34.pdb	1	1	1	1	1	1	1	2	54
cf_dropout_full_woTemplates_model_4_multimer_v1_pred_35.pdb	1	1	1	1	1	1	1	1	90
cf_dropout_full_woTemplates_model_4_multimer_v1_pred_36.pdb	1	1	1	1	1	1	1	2	73
cf_dropout_full_woTemplates_model_4_multimer_v1_pred_37.pdb	1	1	1	1	1	1	1	1	108
cf_dropout_full_woTemplates_model_4_multimer_v1_pred_38.pdb	1	1	1	1	1	1	1	2	54
cf_dropout_full_woTemplates_model_4_multimer_v1_pred_39.pdb	1	1	1	1	1	1	1	2	73
cf_dropout_full_woTemplates_model_4_multimer_v1_pred_4.pdb	1	1	1	1	1	1	1	2	18
cf_dropout_full_woTemplates_model_4_multimer_v1_pred_40.pdb	1	1	1	1	1	1	1	2	18
cf_dropout_full_woTemplates_model_4_multimer_v1_pred_41.pdb	1	1	1	1	1	1	1	2	18
cf_dropout_full_woTemplates_model_4_multimer_v1_pred_42.pdb	1	1	1	1	1	1	1	2	54
cf_dropout_full_woTemplates_model_4_multimer_v1_pred_43.pdb	1	1	1	1	1	1	1	1	18
cf_dropout_full_woTemplates_model_4_multimer_v1_pred_44.pdb	1	1	1	1	1	1	1	1	18
cf_dropout_full_woTemplates_model_4_multimer_v1_pred_45.pdb	1	1	1	1	1	1	1	2	18
cf_dropout_full_woTemplates_model_4_multimer_v1_pred_46.pdb	1	1	1	1	1	1	1	1	39
cf_dropout_full_woTemplates_model_4_multimer_v1_pred_47.pdb	1	1	1	1	1	1	1	1	18
cf_dropout_full_woTemplates_model_4_multimer_v1_pred_48.pdb	1	1	1	1	1	1	1	2	18
cf_dropout_full_woTemplates_model_4_multimer_v1_pred_49.pdb	1	1	1	1	1	1	1	2	54
cf_dropout_full_woTemplates_model_4_multimer_v1_pred_5.pdb	1	1	1	1	1	1	1	1	237
cf_dropout_full_woTemplates_model_4_multimer_v1_pred_50.pdb	1	1	1	1	1	1	1	1	54
cf_dropout_full_woTemplates_model_4_multimer_v1_pred_51.pdb	1	1	1	1	1	1	1	1	18
cf_dropout_full_woTemplates_model_4_multimer_v1_pred_52.pdb	1	1	1	1	1	1	1	2	54
cf_dropout_full_woTemplates_model_4_multimer_v1_pred_53.pdb	1	1	1	1	1	1	1	1	18
cf_dropout_full_woTemplates_model_4_multimer_v1_pred_54.pdb	1	1	1	1	1	1	1	1	238
cf_dropout_full_woTemplates_model_4_multimer_v1_pred_55.pdb	1	1	1	1	1	1	1	2	90
cf_dropout_full_woTemplates_model_4_multimer_v1_pred_56.pdb	1	1	1	1	1	1	1	1	18
cf_dropout_full_woTemplates_model_4_multimer_v1_pred_57.pdb	1	1	1	1	1	1	1	1	18
cf_dropout_full_woTemplates_model_4_multimer_v1_pred_58.pdb	1	1	1	1	1	1	1	1	18
cf_dropout_full_woTemplates_model_4_multimer_v1_pred_59.pdb	1	1	1	1	1	1	1	1	18
cf_dropout_full_woTemplates_model_4_multimer_v1_pred_6.pdb	1	1	1	1	1	1	1	1	18
cf_dropout_full_woTemplates_model_4_multimer_v1_pred_60.pdb	1	1	1	1	1	1	1	2	18
cf_dropout_full_woTemplates_model_4_multimer_v1_pred_61.pdb	1	1	1	1	1	1	1	2	90
cf_dropout_full_woTemplates_model_4_multimer_v1_pred_62.pdb	1	1	1	1	1	1	1	2	54
cf_dropout_full_woTemplates_model_4_multimer_v1_pred_63.pdb	1	1	1	1	1	1	1	1	18
cf_dropout_full_woTemplates_model_4_multimer_v1_pred_64.pdb	1	1	1	1	1	1	1	1	18
cf_dropout_full_woTemplates_model_4_multimer_v1_pred_65.pdb	1	1	1	1	1	1	1	1	18
cf_dropout_full_woTemplates_model_4_multimer_v1_pred_66.pdb	1	1	1	1	1	1	1	1	74
cf_dropout_full_woTemplates_model_4_multimer_v1_pred_7.pdb	1	1	1	1	1	1	1	1	74
cf_dropout_full_woTemplates_model_4_multimer_v1_pred_8.pdb	1	1	1	1	1	1	1	2	18
cf_dropout_full_woTemplates_model_4_multimer_v1_pred_9.pdb	1	1	1	1	1	1	1	1	18
cf_dropout_full_woTemplates_model_4_multimer_v2_pred_0.pdb	1	1	1	1	1	1	1	1	37
cf_dropout_full_woTemplates_model_4_multimer_v2_pred_1.pdb	1	1	1	1	1	1	1	1	25
cf_dropout_full_woTemplates_model_4_multimer_v2_pred_10.pdb	1	1	1	1	1	1	1	1	25
cf_dropout_full_woTemplates_model_4_multimer_v2_pred_11.pdb	1	1	1	1	1	1	1	1	25
cf_dropout_full_woTemplates_model_4_multimer_v2_pred_12.pdb	1	1	1	1	1	1	1	1	37
cf_dropout_full_woTemplates_model_4_multimer_v2_pred_13.pdb	1	1	1	1	1	1	1	1	25
cf_dropout_full_woTemplates_model_4_multimer_v2_pred_14.pdb	1	1	1	1	1	1	1	1	37
cf_dropout_full_woTemplates_model_4_multimer_v2_pred_15.pdb	1	1	1	1	1	1	1	1	37
cf_dropout_full_woTemplates_model_4_multimer_v2_pred_16.pdb	1	1	1	1	1	1	1	1	25
cf_dropout_full_woTemplates_model_4_multimer_v2_pred_17.pdb	1	1	1	1	1	1	1	1	37
cf_dropout_full_woTemplates_model_4_multimer_v2_pred_18.pdb	1	1	1	1	1	1	1	1	37
cf_dropout_full_woTemplates_model_4_multimer_v2_pred_19.pdb	1	1	1	1	1	1	1	1	37
cf_dropout_full_woTemplates_model_4_multimer_v2_pred_2.pdb	1	1	1	1	1	1	1	1	239
cf_dropout_full_woTemplates_model_4_multimer_v2_pred_20.pdb	1	1	1	1	1	1	1	1	25
cf_dropout_full_woTemplates_model_4_multimer_v2_pred_21.pdb	1	1	1	1	1	1	1	1	25
cf_dropout_full_woTemplates_model_4_multimer_v2_pred_22.pdb	1	1	1	1	1	1	1	1	37
cf_dropout_full_woTemplates_model_4_multimer_v2_pred_23.pdb	1	1	1	1	1	1	1	1	37
cf_dropout_full_woTemplates_model_4_multimer_v2_pred_24.pdb	1	1	1	1	1	1	1	1	37
cf_dropout_full_woTemplates_model_4_multimer_v2_pred_25.pdb	1	1	1	1	1	1	1	1	239
cf_dropout_full_woTemplates_model_4_multimer_v2_pred_26.pdb	1	1	1	1	1	1	1	1	120
cf_dropout_full_woTemplates_model_4_multimer_v2_pred_27.pdb	1	1	1	1	1	1	1	1	120
cf_dropout_full_woTemplates_model_4_multimer_v2_pred_28.pdb	1	1	1	1	1	1	1	1	37
cf_dropout_full_woTemplates_model_4_multimer_v2_pred_29.pdb	1	1	1	1	1	1	1	1	37
cf_dropout_full_woTemplates_model_4_multimer_v2_pred_3.pdb	1	1	1	1	1	1	1	1	25
cf_dropout_full_woTemplates_model_4_multimer_v2_pred_30.pdb	1	1	1	1	1	1	1	1	37
cf_dropout_full_woTemplates_model_4_multimer_v2_pred_31.pdb	1	1	1	1	1	1	1	1	25
cf_dropout_full_woTemplates_model_4_multimer_v2_pred_32.pdb	1	1	1	1	1	1	1	1	120
cf_dropout_full_woTemplates_model_4_multimer_v2_pred_33.pdb	1	1	1	1	1	1	1	1	37
cf_dropout_full_woTemplates_model_4_multimer_v2_pred_34.pdb	1	1	1	1	1	1	1	11	25
cf_dropout_full_woTemplates_model_4_multimer_v2_pred_35.pdb	1	1	1	1	1	1	1	1	1473
cf_dropout_full_woTemplates_model_4_multimer_v2_pred_36.pdb	1	1	1	1	1	1	1	1	25
cf_dropout_full_woTemplates_model_4_multimer_v2_pred_37.pdb	1	1	1	1	1	1	1	1	37
cf_dropout_full_woTemplates_model_4_multimer_v2_pred_38.pdb	1	1	1	1	1	1	1	1	37
cf_dropout_full_woTemplates_model_4_multimer_v2_pred_39.pdb	1	1	1	1	1	1	1	1	25
cf_dropout_full_woTemplates_model_4_multimer_v2_pred_4.pdb	1	1	1	1	1	1	1	1	25
cf_dropout_full_woTemplates_model_4_multimer_v2_pred_40.pdb	1	1	1	1	1	1	1	1	25
cf_dropout_full_woTemplates_model_4_multimer_v2_pred_41.pdb	1	1	1	1	1	1	1	1	37
cf_dropout_full_woTemplates_model_4_multimer_v2_pred_42.pdb	1	1	1	1	1	1	1	11	25
cf_dropout_full_woTemplates_model_4_multimer_v2_pred_43.pdb	1	1	1	1	1	1	1	1	37
cf_dropout_full_woTemplates_model_4_multimer_v2_pred_44.pdb	1	1	1	1	1	1	1	1	25
cf_dropout_full_woTemplates_model_4_multimer_v2_pred_45.pdb	1	1	1	1	1	1	1	1	25
cf_dropout_full_woTemplates_model_4_multimer_v2_pred_46.pdb	1	1	1	1	1	1	1	1	25
cf_dropout_full_woTemplates_model_4_multimer_v2_pred_47.pdb	1	1	1	1	1	1	1	1	120
cf_dropout_full_woTemplates_model_4_multimer_v2_pred_48.pdb	1	1	1	1	1	1	1	1	25
cf_dropout_full_woTemplates_model_4_multimer_v2_pred_49.pdb	1	1	1	1	1	1	1	1	25
cf_dropout_full_woTemplates_model_4_multimer_v2_pred_5.pdb	1	1	1	1	1	1	1	11	25
cf_dropout_full_woTemplates_model_4_multimer_v2_pred_50.pdb	1	1	1	1	1	1	1	1	37
cf_dropout_full_woTemplates_model_4_multimer_v2_pred_51.pdb	1	1	1	1	1	1	1	1	25
cf_dropout_full_woTemplates_model_4_multimer_v2_pred_52.pdb	1	1	1	1	1	1	1	1	25
cf_dropout_full_woTemplates_model_4_multimer_v2_pred_53.pdb	1	1	1	1	1	1	1	1	25
cf_dropout_full_woTemplates_model_4_multimer_v2_pred_54.pdb	1	1	1	1	1	1	1	1	37
cf_dropout_full_woTemplates_model_4_multimer_v2_pred_55.pdb	1	1	1	1	1	1	1	1	37
cf_dropout_full_woTemplates_model_4_multimer_v2_pred_56.pdb	1	1	1	1	1	1	1	1	25
cf_dropout_full_woTemplates_model_4_multimer_v2_pred_57.pdb	1	1	1	1	1	1	1	1	37
cf_dropout_full_woTemplates_model_4_multimer_v2_pred_58.pdb	1	1	1	1	1	1	1	1	37
cf_dropout_full_woTemplates_model_4_multimer_v2_pred_59.pdb	1	1	1	1	1	1	1	1	37
cf_dropout_full_woTemplates_model_4_multimer_v2_pred_6.pdb	1	1	1	1	1	1	1	1	25
cf_dropout_full_woTemplates_model_4_multimer_v2_pred_60.pdb	1	1	1	1	1	1	1	1	37
cf_dropout_full_woTemplates_model_4_multimer_v2_pred_61.pdb	1	1	1	1	1	1	1	1	25
cf_dropout_full_woTemplates_model_4_multimer_v2_pred_62.pdb	1	1	1	1	1	1	1	1	37
cf_dropout_full_woTemplates_model_4_multimer_v2_pred_63.pdb	1	1	1	1	1	1	1	1	25
cf_dropout_full_woTemplates_model_4_multimer_v2_pred_64.pdb	1	1	1	1	1	1	1	1	25
cf_dropout_full_woTemplates_model_4_multimer_v2_pred_65.pdb	1	1	1	1	1	1	1	1	25
cf_dropout_full_woTemplates_model_4_multimer_v2_pred_66.pdb	1	1	1	1	1	1	1	1	120
cf_dropout_full_woTemplates_model_4_multimer_v2_pred_7.pdb	1	1	1	1	1	1	1	1	25
cf_dropout_full_woTemplates_model_4_multimer_v2_pred_8.pdb	1	1	1	1	1	1	1	1	25
cf_dropout_full_woTemplates_model_4_multimer_v2_pred_9.pdb	1	1	1	1	1	1	1	1	25
cf_dropout_full_woTemplates_model_4_multimer_v3_pred_0.pdb	1	1	1	1	1	1	1	1	22
cf_dropout_full_woTemplates_model_4_multimer_v3_pred_1.pdb	1	1	1	1	1	1	1	1	22
cf_dropout_full_woTemplates_model_4_multimer_v3_pred_10.pdb	1	1	1	1	1	1	1	1	42
cf_dropout_full_woTemplates_model_4_multimer_v3_pred_11.pdb	1	1	1	1	1	1	1	1	22
cf_dropout_full_woTemplates_model_4_multimer_v3_pred_12.pdb	1	1	1	1	1	1	1	1	22
cf_dropout_full_woTemplates_model_4_multimer_v3_pred_13.pdb	1	1	1	1	1	1	1	1	22
cf_dropout_full_woTemplates_model_4_multimer_v3_pred_14.pdb	1	1	1	1	1	1	1	1	22
cf_dropout_full_woTemplates_model_4_multimer_v3_pred_15.pdb	1	1	1	1	1	1	1	1	42
cf_dropout_full_woTemplates_model_4_multimer_v3_pred_16.pdb	1	1	1	1	1	1	1	1	42
cf_dropout_full_woTemplates_model_4_multimer_v3_pred_17.pdb	1	1	1	1	1	1	1	1	22
cf_dropout_full_woTemplates_model_4_multimer_v3_pred_18.pdb	1	1	1	1	1	1	1	1	22
cf_dropout_full_woTemplates_model_4_multimer_v3_pred_19.pdb	1	1	1	1	1	1	1	1	42
cf_dropout_full_woTemplates_model_4_multimer_v3_pred_2.pdb	1	1	1	1	1	1	1	1	22
cf_dropout_full_woTemplates_model_4_multimer_v3_pred_20.pdb	1	1	1	1	1	1	1	1	42
cf_dropout_full_woTemplates_model_4_multimer_v3_pred_21.pdb	1	1	1	1	1	1	1	1	2
cf_dropout_full_woTemplates_model_4_multimer_v3_pred_22.pdb	1	1	1	1	1	1	1	1	142
cf_dropout_full_woTemplates_model_4_multimer_v3_pred_23.pdb	1	1	1	1	1	1	1	1	22
cf_dropout_full_woTemplates_model_4_multimer_v3_pred_24.pdb	1	1	1	1	1	1	1	1	2
cf_dropout_full_woTemplates_model_4_multimer_v3_pred_25.pdb	1	1	1	1	1	1	1	1	22
cf_dropout_full_woTemplates_model_4_multimer_v3_pred_26.pdb	1	1	1	1	1	1	1	1	42
cf_dropout_full_woTemplates_model_4_multimer_v3_pred_27.pdb	1	1	1	1	1	1	1	1	42
cf_dropout_full_woTemplates_model_4_multimer_v3_pred_28.pdb	1	1	1	1	1	1	1	1	42
cf_dropout_full_woTemplates_model_4_multimer_v3_pred_29.pdb	1	1	1	1	1	1	1	1	22
cf_dropout_full_woTemplates_model_4_multimer_v3_pred_3.pdb	1	1	1	1	1	1	1	1	42
cf_dropout_full_woTemplates_model_4_multimer_v3_pred_30.pdb	1	1	1	1	1	1	1	1	42
cf_dropout_full_woTemplates_model_4_multimer_v3_pred_31.pdb	1	1	1	1	1	1	1	1	22
cf_dropout_full_woTemplates_model_4_multimer_v3_pred_32.pdb	1	1	1	1	1	1	1	1	2
cf_dropout_full_woTemplates_model_4_multimer_v3_pred_33.pdb	1	1	1	1	1	1	1	1	22
cf_dropout_full_woTemplates_model_4_multimer_v3_pred_34.pdb	1	1	1	1	1	1	1	1	2
cf_dropout_full_woTemplates_model_4_multimer_v3_pred_35.pdb	1	1	1	1	1	1	1	1	22
cf_dropout_full_woTemplates_model_4_multimer_v3_pred_36.pdb	1	1	1	1	1	1	1	1	22
cf_dropout_full_woTemplates_model_4_multimer_v3_pred_37.pdb	1	1	1	1	1	1	1	1	22
cf_dropout_full_woTemplates_model_4_multimer_v3_pred_38.pdb	1	1	1	1	1	1	1	1	22
cf_dropout_full_woTemplates_model_4_multimer_v3_pred_39.pdb	1	1	1	1	1	1	1	1	42
cf_dropout_full_woTemplates_model_4_multimer_v3_pred_4.pdb	1	1	1	1	1	1	1	1	142
cf_dropout_full_woTemplates_model_4_multimer_v3_pred_40.pdb	1	1	1	1	1	1	1	1	42
cf_dropout_full_woTemplates_model_4_multimer_v3_pred_41.pdb	1	1	1	1	1	1	1	1	22
cf_dropout_full_woTemplates_model_4_multimer_v3_pred_42.pdb	1	1	1	1	1	1	1	1	2
cf_dropout_full_woTemplates_model_4_multimer_v3_pred_43.pdb	1	1	1	1	1	1	1	1	22
cf_dropout_full_woTemplates_model_4_multimer_v3_pred_44.pdb	1	1	1	1	1	1	1	1	22
cf_dropout_full_woTemplates_model_4_multimer_v3_pred_45.pdb	1	1	1	1	1	1	1	1	22
cf_dropout_full_woTemplates_model_4_multimer_v3_pred_46.pdb	1	1	1	1	1	1	1	1	42
cf_dropout_full_woTemplates_model_4_multimer_v3_pred_47.pdb	1	1	1	1	1	1	1	1	42
cf_dropout_full_woTemplates_model_4_multimer_v3_pred_48.pdb	1	1	1	1	1	1	1	1	22
cf_dropout_full_woTemplates_model_4_multimer_v3_pred_49.pdb	1	1	1	1	1	1	1	1	22
cf_dropout_full_woTemplates_model_4_multimer_v3_pred_5.pdb	1	1	1	1	1	1	1	1	22
cf_dropout_full_woTemplates_model_4_multimer_v3_pred_50.pdb	1	1	1	1	1	1	1	1	42
cf_dropout_full_woTemplates_model_4_multimer_v3_pred_51.pdb	1	1	1	1	1	1	1	1	42
cf_dropout_full_woTemplates_model_4_multimer_v3_pred_52.pdb	1	1	1	1	1	1	1	1	22
cf_dropout_full_woTemplates_model_4_multimer_v3_pred_53.pdb	1	1	1	1	1	1	1	1	2
cf_dropout_full_woTemplates_model_4_multimer_v3_pred_54.pdb	1	1	1	1	1	1	1	1	142
cf_dropout_full_woTemplates_model_4_multimer_v3_pred_55.pdb	1	1	1	1	1	1	1	1	2
cf_dropout_full_woTemplates_model_4_multimer_v3_pred_56.pdb	1	1	1	1	1	1	1	1	22
cf_dropout_full_woTemplates_model_4_multimer_v3_pred_57.pdb	1	1	1	1	1	1	1	1	22
cf_dropout_full_woTemplates_model_4_multimer_v3_pred_58.pdb	1	1	1	1	1	1	1	1	42
cf_dropout_full_woTemplates_model_4_multimer_v3_pred_59.pdb	1	1	1	1	1	1	1	1	2
cf_dropout_full_woTemplates_model_4_multimer_v3_pred_6.pdb	1	1	1	1	1	1	1	1	42
cf_dropout_full_woTemplates_model_4_multimer_v3_pred_60.pdb	1	1	1	1	1	1	1	1	22
cf_dropout_full_woTemplates_model_4_multimer_v3_pred_61.pdb	1	1	1	1	1	1	1	1	42
cf_dropout_full_woTemplates_model_4_multimer_v3_pred_62.pdb	1	1	1	1	1	1	1	1	42
cf_dropout_full_woTemplates_model_4_multimer_v3_pred_63.pdb	1	1	1	1	1	1	1	1	42
cf_dropout_full_woTemplates_model_4_multimer_v3_pred_64.pdb	1	1	1	1	1	1	1	1	2
cf_dropout_full_woTemplates_model_4_multimer_v3_pred_65.pdb	1	1	1	1	1	1	1	1	22
cf_dropout_full_woTemplates_model_4_multimer_v3_pred_66.pdb	1	1	1	1	1	1	1	1	22
cf_dropout_full_woTemplates_model_4_multimer_v3_pred_7.pdb	1	1	1	1	1	1	1	1	142
cf_dropout_full_woTemplates_model_4_multimer_v3_pred_8.pdb	1	1	1	1	1	1	1	1	2
cf_dropout_full_woTemplates_model_4_multimer_v3_pred_9.pdb	1	1	1	1	1	1	1	1	2
cf_dropout_full_woTemplates_model_5_multimer_v1_pred_0.pdb	1	1	1	1	1	1	1	2	1474
cf_dropout_full_woTemplates_model_5_multimer_v1_pred_1.pdb	1	1	1	1	1	1	1	1	108
cf_dropout_full_woTemplates_model_5_multimer_v1_pred_10.pdb	1	1	1	1	1	1	1	1	1475
cf_dropout_full_woTemplates_model_5_multimer_v1_pred_11.pdb	1	1	1	1	1	1	1	1	28
cf_dropout_full_woTemplates_model_5_multimer_v1_pred_12.pdb	1	1	1	1	1	1	1	2	1476
cf_dropout_full_woTemplates_model_5_multimer_v1_pred_13.pdb	1	1	1	1	1	1	1	2	106
cf_dropout_full_woTemplates_model_5_multimer_v1_pred_14.pdb	1	1	1	1	1	1	1	1	28
cf_dropout_full_woTemplates_model_5_multimer_v1_pred_15.pdb	1	1	1	1	1	1	1	2	66
cf_dropout_full_woTemplates_model_5_multimer_v1_pred_16.pdb	1	1	1	1	1	1	1	2	1477
cf_dropout_full_woTemplates_model_5_multimer_v1_pred_17.pdb	1	1	1	1	1	1	1	2	90
cf_dropout_full_woTemplates_model_5_multimer_v1_pred_18.pdb	1	1	1	1	1	1	1	2	66
cf_dropout_full_woTemplates_model_5_multimer_v1_pred_19.pdb	1	1	1	1	1	1	1	2	1478
cf_dropout_full_woTemplates_model_5_multimer_v1_pred_2.pdb	1	1	1	1	1	1	1	5	170
cf_dropout_full_woTemplates_model_5_multimer_v1_pred_20.pdb	1	1	1	1	1	1	1	1	1479
cf_dropout_full_woTemplates_model_5_multimer_v1_pred_21.pdb	1	1	1	1	1	1	1	2	66
cf_dropout_full_woTemplates_model_5_multimer_v1_pred_22.pdb	1	1	1	1	1	1	1	2	108
cf_dropout_full_woTemplates_model_5_multimer_v1_pred_23.pdb	1	1	1	1	1	1	1	2	1480
cf_dropout_full_woTemplates_model_5_multimer_v1_pred_24.pdb	1	1	1	1	1	1	1	1	66
cf_dropout_full_woTemplates_model_5_multimer_v1_pred_25.pdb	1	1	1	1	1	1	1	1	66
cf_dropout_full_woTemplates_model_5_multimer_v1_pred_26.pdb	1	1	1	1	1	1	1	2	168
cf_dropout_full_woTemplates_model_5_multimer_v1_pred_27.pdb	1	1	1	1	1	1	1	1	66
cf_dropout_full_woTemplates_model_5_multimer_v1_pred_28.pdb	1	1	1	1	1	1	1	2	66
cf_dropout_full_woTemplates_model_5_multimer_v1_pred_29.pdb	1	1	1	1	1	1	1	1	108
cf_dropout_full_woTemplates_model_5_multimer_v1_pred_3.pdb	1	1	1	1	1	1	1	2	28
cf_dropout_full_woTemplates_model_5_multimer_v1_pred_30.pdb	1	1	1	1	1	1	1	2	66
cf_dropout_full_woTemplates_model_5_multimer_v1_pred_31.pdb	1	1	1	1	1	1	1	1	28
cf_dropout_full_woTemplates_model_5_multimer_v1_pred_32.pdb	1	1	1	1	1	1	1	1	106
cf_dropout_full_woTemplates_model_5_multimer_v1_pred_33.pdb	1	1	1	1	1	1	1	1	28
cf_dropout_full_woTemplates_model_5_multimer_v1_pred_34.pdb	1	1	1	1	1	1	1	2	106
cf_dropout_full_woTemplates_model_5_multimer_v1_pred_35.pdb	1	1	1	1	1	1	1	1	74
cf_dropout_full_woTemplates_model_5_multimer_v1_pred_36.pdb	1	1	1	1	1	1	1	5	1481
cf_dropout_full_woTemplates_model_5_multimer_v1_pred_37.pdb	1	1	1	1	1	1	1	2	1482
cf_dropout_full_woTemplates_model_5_multimer_v1_pred_38.pdb	1	1	1	1	1	1	1	5	1483
cf_dropout_full_woTemplates_model_5_multimer_v1_pred_39.pdb	1	1	1	1	1	1	1	2	39
cf_dropout_full_woTemplates_model_5_multimer_v1_pred_4.pdb	1	1	1	1	1	1	1	1	28
cf_dropout_full_woTemplates_model_5_multimer_v1_pred_40.pdb	1	1	1	1	1	1	1	5	1484
cf_dropout_full_woTemplates_model_5_multimer_v1_pred_41.pdb	1	1	1	1	1	1	1	7	1485
cf_dropout_full_woTemplates_model_5_multimer_v1_pred_42.pdb	1	1	1	1	1	1	1	1	28
cf_dropout_full_woTemplates_model_5_multimer_v1_pred_43.pdb	1	1	1	1	1	1	1	2	1486
cf_dropout_full_woTemplates_model_5_multimer_v1_pred_44.pdb	1	1	1	1	1	1	1	2	28
cf_dropout_full_woTemplates_model_5_multimer_v1_pred_45.pdb	1	1	1	1	1	1	1	2	1487
cf_dropout_full_woTemplates_model_5_multimer_v1_pred_46.pdb	1	1	1	1	1	1	1	2	108
cf_dropout_full_woTemplates_model_5_multimer_v1_pred_47.pdb	1	1	1	1	1	1	1	2	74
cf_dropout_full_woTemplates_model_5_multimer_v1_pred_48.pdb	1	1	1	1	1	1	1	2	1488
cf_dropout_full_woTemplates_model_5_multimer_v1_pred_49.pdb	1	1	1	1	1	1	1	1	29
cf_dropout_full_woTemplates_model_5_multimer_v1_pred_5.pdb	1	1	1	1	1	1	1	1	106
cf_dropout_full_woTemplates_model_5_multimer_v1_pred_50.pdb	1	1	1	1	1	1	1	1	66
cf_dropout_full_woTemplates_model_5_multimer_v1_pred_51.pdb	1	1	1	1	1	1	1	1	66
cf_dropout_full_woTemplates_model_5_multimer_v1_pred_52.pdb	1	1	1	1	1	1	1	2	28
cf_dropout_full_woTemplates_model_5_multimer_v1_pred_53.pdb	1	1	1	1	1	1	1	2	1489
cf_dropout_full_woTemplates_model_5_multimer_v1_pred_54.pdb	1	1	1	1	1	1	1	1	108
cf_dropout_full_woTemplates_model_5_multimer_v1_pred_55.pdb	1	1	1	1	1	1	1	1	66
cf_dropout_full_woTemplates_model_5_multimer_v1_pred_56.pdb	1	1	1	1	1	1	1	2	1490
cf_dropout_full_woTemplates_model_5_multimer_v1_pred_57.pdb	1	1	1	1	1	1	1	2	238
cf_dropout_full_woTemplates_model_5_multimer_v1_pred_58.pdb	1	1	1	1	1	1	1	2	168
cf_dropout_full_woTemplates_model_5_multimer_v1_pred_59.pdb	1	1	1	1	1	1	2	34	1491
cf_dropout_full_woTemplates_model_5_multimer_v1_pred_6.pdb	1	1	1	1	1	1	1	2	54
cf_dropout_full_woTemplates_model_5_multimer_v1_pred_60.pdb	1	1	1	1	1	1	1	2	74
cf_dropout_full_woTemplates_model_5_multimer_v1_pred_61.pdb	1	1	1	1	1	1	1	2	28
cf_dropout_full_woTemplates_model_5_multimer_v1_pred_62.pdb	1	1	1	1	1	1	1	1	39
cf_dropout_full_woTemplates_model_5_multimer_v1_pred_63.pdb	1	1	1	1	1	1	1	2	28
cf_dropout_full_woTemplates_model_5_multimer_v1_pred_64.pdb	1	1	1	1	1	1	1	2	1492
cf_dropout_full_woTemplates_model_5_multimer_v1_pred_65.pdb	1	1	1	1	1	1	1	2	28
cf_dropout_full_woTemplates_model_5_multimer_v1_pred_66.pdb	1	1	1	1	1	1	1	2	106
cf_dropout_full_woTemplates_model_5_multimer_v1_pred_7.pdb	1	1	1	1	1	1	1	1	106
cf_dropout_full_woTemplates_model_5_multimer_v1_pred_8.pdb	1	1	1	1	1	1	1	2	66
cf_dropout_full_woTemplates_model_5_multimer_v1_pred_9.pdb	1	1	1	1	1	1	1	2	28
cf_dropout_full_woTemplates_model_5_multimer_v2_pred_0.pdb	1	1	1	1	1	1	1	1	56
cf_dropout_full_woTemplates_model_5_multimer_v2_pred_1.pdb	1	1	1	1	1	1	1	1	10
cf_dropout_full_woTemplates_model_5_multimer_v2_pred_10.pdb	1	1	1	1	1	1	1	1	32
cf_dropout_full_woTemplates_model_5_multimer_v2_pred_11.pdb	1	1	1	1	1	1	1	1	32
cf_dropout_full_woTemplates_model_5_multimer_v2_pred_12.pdb	1	1	1	1	1	1	1	1	32
cf_dropout_full_woTemplates_model_5_multimer_v2_pred_13.pdb	1	1	1	1	1	1	1	1	32
cf_dropout_full_woTemplates_model_5_multimer_v2_pred_14.pdb	1	1	1	1	1	1	1	1	121
cf_dropout_full_woTemplates_model_5_multimer_v2_pred_15.pdb	1	1	1	1	1	1	1	1	56
cf_dropout_full_woTemplates_model_5_multimer_v2_pred_16.pdb	1	1	1	1	1	1	1	1	32
cf_dropout_full_woTemplates_model_5_multimer_v2_pred_17.pdb	1	1	1	1	1	1	1	1	121
cf_dropout_full_woTemplates_model_5_multimer_v2_pred_18.pdb	1	1	1	1	1	1	1	1	27
cf_dropout_full_woTemplates_model_5_multimer_v2_pred_19.pdb	1	1	1	1	1	1	1	1	32
cf_dropout_full_woTemplates_model_5_multimer_v2_pred_2.pdb	1	1	1	1	1	1	1	1	240
cf_dropout_full_woTemplates_model_5_multimer_v2_pred_20.pdb	1	1	1	1	1	1	1	1	32
cf_dropout_full_woTemplates_model_5_multimer_v2_pred_21.pdb	1	1	1	1	1	1	1	1	10
cf_dropout_full_woTemplates_model_5_multimer_v2_pred_22.pdb	1	1	1	1	1	1	1	1	10
cf_dropout_full_woTemplates_model_5_multimer_v2_pred_23.pdb	1	1	1	1	1	1	1	1	56
cf_dropout_full_woTemplates_model_5_multimer_v2_pred_24.pdb	1	1	1	1	1	1	1	1	10
cf_dropout_full_woTemplates_model_5_multimer_v2_pred_25.pdb	1	1	1	1	1	1	1	1	32
cf_dropout_full_woTemplates_model_5_multimer_v2_pred_26.pdb	1	1	1	1	1	1	1	1	10
cf_dropout_full_woTemplates_model_5_multimer_v2_pred_27.pdb	1	1	1	1	1	1	1	1	56
cf_dropout_full_woTemplates_model_5_multimer_v2_pred_28.pdb	1	1	1	1	1	1	1	1	56
cf_dropout_full_woTemplates_model_5_multimer_v2_pred_29.pdb	1	1	1	1	1	1	1	1	32
cf_dropout_full_woTemplates_model_5_multimer_v2_pred_3.pdb	1	1	1	1	1	1	1	1	56
cf_dropout_full_woTemplates_model_5_multimer_v2_pred_30.pdb	1	1	1	1	1	1	1	1	10
cf_dropout_full_woTemplates_model_5_multimer_v2_pred_31.pdb	1	1	1	1	1	1	1	1	56
cf_dropout_full_woTemplates_model_5_multimer_v2_pred_32.pdb	1	1	1	1	1	1	1	1	121
cf_dropout_full_woTemplates_model_5_multimer_v2_pred_33.pdb	1	1	1	1	1	1	1	1	10
cf_dropout_full_woTemplates_model_5_multimer_v2_pred_34.pdb	1	1	1	1	1	1	1	1	56
cf_dropout_full_woTemplates_model_5_multimer_v2_pred_35.pdb	1	1	1	1	1	1	1	1	32
cf_dropout_full_woTemplates_model_5_multimer_v2_pred_36.pdb	1	1	1	1	1	1	1	1	240
cf_dropout_full_woTemplates_model_5_multimer_v2_pred_37.pdb	1	1	1	1	1	1	1	1	10
cf_dropout_full_woTemplates_model_5_multimer_v2_pred_38.pdb	1	1	1	1	1	1	1	1	32
cf_dropout_full_woTemplates_model_5_multimer_v2_pred_39.pdb	1	1	1	1	1	1	1	1	56
cf_dropout_full_woTemplates_model_5_multimer_v2_pred_4.pdb	1	1	1	1	1	1	1	1	10
cf_dropout_full_woTemplates_model_5_multimer_v2_pred_40.pdb	1	1	1	1	1	1	1	1	32
cf_dropout_full_woTemplates_model_5_multimer_v2_pred_41.pdb	1	1	1	1	1	1	1	1	32
cf_dropout_full_woTemplates_model_5_multimer_v2_pred_42.pdb	1	1	1	1	1	1	1	1	32
cf_dropout_full_woTemplates_model_5_multimer_v2_pred_43.pdb	1	1	1	1	1	1	1	1	10
cf_dropout_full_woTemplates_model_5_multimer_v2_pred_44.pdb	1	1	1	1	1	1	1	1	56
cf_dropout_full_woTemplates_model_5_multimer_v2_pred_45.pdb	1	1	1	1	1	1	1	1	56
cf_dropout_full_woTemplates_model_5_multimer_v2_pred_46.pdb	1	1	1	1	1	1	1	1	10
cf_dropout_full_woTemplates_model_5_multimer_v2_pred_47.pdb	1	1	1	1	1	1	1	1	10
cf_dropout_full_woTemplates_model_5_multimer_v2_pred_48.pdb	1	1	1	1	1	1	1	1	10
cf_dropout_full_woTemplates_model_5_multimer_v2_pred_49.pdb	1	1	1	1	1	1	1	1	56
cf_dropout_full_woTemplates_model_5_multimer_v2_pred_5.pdb	1	1	1	1	1	1	1	1	32
cf_dropout_full_woTemplates_model_5_multimer_v2_pred_50.pdb	1	1	1	1	1	1	1	1	32
cf_dropout_full_woTemplates_model_5_multimer_v2_pred_51.pdb	1	1	1	1	1	1	1	1	10
cf_dropout_full_woTemplates_model_5_multimer_v2_pred_52.pdb	1	1	1	1	1	1	1	1	121
cf_dropout_full_woTemplates_model_5_multimer_v2_pred_53.pdb	1	1	1	1	1	1	1	1	32
cf_dropout_full_woTemplates_model_5_multimer_v2_pred_54.pdb	1	1	1	1	1	1	1	1	10
cf_dropout_full_woTemplates_model_5_multimer_v2_pred_55.pdb	1	1	1	1	1	1	1	1	32
cf_dropout_full_woTemplates_model_5_multimer_v2_pred_56.pdb	1	1	1	1	1	1	1	1	10
cf_dropout_full_woTemplates_model_5_multimer_v2_pred_57.pdb	1	1	1	1	1	1	1	1	32
cf_dropout_full_woTemplates_model_5_multimer_v2_pred_58.pdb	1	1	1	1	1	1	1	1	10
cf_dropout_full_woTemplates_model_5_multimer_v2_pred_59.pdb	1	1	1	1	1	1	1	1	10
cf_dropout_full_woTemplates_model_5_multimer_v2_pred_6.pdb	1	1	1	1	1	1	1	1	32
cf_dropout_full_woTemplates_model_5_multimer_v2_pred_60.pdb	1	1	1	1	1	1	1	1	32
cf_dropout_full_woTemplates_model_5_multimer_v2_pred_61.pdb	1	1	1	1	1	1	1	1	32
cf_dropout_full_woTemplates_model_5_multimer_v2_pred_62.pdb	1	1	1	1	1	1	1	1	32
cf_dropout_full_woTemplates_model_5_multimer_v2_pred_63.pdb	1	1	1	1	1	1	1	1	56
cf_dropout_full_woTemplates_model_5_multimer_v2_pred_64.pdb	1	1	1	1	1	1	1	1	56
cf_dropout_full_woTemplates_model_5_multimer_v2_pred_65.pdb	1	1	1	1	1	1	1	1	56
cf_dropout_full_woTemplates_model_5_multimer_v2_pred_66.pdb	1	1	1	1	1	1	1	1	1493
cf_dropout_full_woTemplates_model_5_multimer_v2_pred_7.pdb	1	1	1	1	1	1	1	1	10
cf_dropout_full_woTemplates_model_5_multimer_v2_pred_8.pdb	1	1	1	1	1	1	1	1	32
cf_dropout_full_woTemplates_model_5_multimer_v2_pred_9.pdb	1	1	1	1	1	1	1	1	56
cf_dropout_full_woTemplates_model_5_multimer_v3_pred_0.pdb	1	1	1	1	1	1	1	1	20
cf_dropout_full_woTemplates_model_5_multimer_v3_pred_1.pdb	1	1	1	1	1	1	1	1	2
cf_dropout_full_woTemplates_model_5_multimer_v3_pred_10.pdb	1	1	1	1	1	1	1	1	62
cf_dropout_full_woTemplates_model_5_multimer_v3_pred_11.pdb	1	1	1	1	1	1	1	1	20
cf_dropout_full_woTemplates_model_5_multimer_v3_pred_12.pdb	1	1	1	1	1	1	1	1	241
cf_dropout_full_woTemplates_model_5_multimer_v3_pred_13.pdb	1	1	1	1	1	1	1	1	20
cf_dropout_full_woTemplates_model_5_multimer_v3_pred_14.pdb	1	1	1	1	1	1	1	1	62
cf_dropout_full_woTemplates_model_5_multimer_v3_pred_15.pdb	1	1	1	1	1	1	1	1	20
cf_dropout_full_woTemplates_model_5_multimer_v3_pred_16.pdb	1	1	1	1	1	1	1	1	13
cf_dropout_full_woTemplates_model_5_multimer_v3_pred_17.pdb	1	1	1	1	1	1	1	1	20
cf_dropout_full_woTemplates_model_5_multimer_v3_pred_18.pdb	1	1	1	1	1	1	1	1	20
cf_dropout_full_woTemplates_model_5_multimer_v3_pred_19.pdb	1	1	1	1	1	1	1	1	2
cf_dropout_full_woTemplates_model_5_multimer_v3_pred_2.pdb	1	1	1	1	1	1	1	1	20
cf_dropout_full_woTemplates_model_5_multimer_v3_pred_20.pdb	1	1	1	1	1	1	1	1	62
cf_dropout_full_woTemplates_model_5_multimer_v3_pred_21.pdb	1	1	1	1	1	1	1	1	20
cf_dropout_full_woTemplates_model_5_multimer_v3_pred_22.pdb	1	1	1	1	1	1	1	1	20
cf_dropout_full_woTemplates_model_5_multimer_v3_pred_23.pdb	1	1	1	1	1	1	1	1	2
cf_dropout_full_woTemplates_model_5_multimer_v3_pred_24.pdb	1	1	1	1	1	1	1	1	62
cf_dropout_full_woTemplates_model_5_multimer_v3_pred_25.pdb	1	1	1	1	1	1	1	1	20
cf_dropout_full_woTemplates_model_5_multimer_v3_pred_26.pdb	1	1	1	1	1	1	1	1	20
cf_dropout_full_woTemplates_model_5_multimer_v3_pred_27.pdb	1	1	1	1	1	1	1	1	20
cf_dropout_full_woTemplates_model_5_multimer_v3_pred_28.pdb	1	1	1	1	1	1	1	1	20
cf_dropout_full_woTemplates_model_5_multimer_v3_pred_29.pdb	1	1	1	1	1	1	1	1	20
cf_dropout_full_woTemplates_model_5_multimer_v3_pred_3.pdb	1	1	1	1	1	1	1	1	20
cf_dropout_full_woTemplates_model_5_multimer_v3_pred_30.pdb	1	1	1	1	1	1	1	1	20
cf_dropout_full_woTemplates_model_5_multimer_v3_pred_31.pdb	1	1	1	1	1	1	1	1	62
cf_dropout_full_woTemplates_model_5_multimer_v3_pred_32.pdb	1	1	1	1	1	1	1	1	20
cf_dropout_full_woTemplates_model_5_multimer_v3_pred_33.pdb	1	1	1	1	1	1	1	1	136
cf_dropout_full_woTemplates_model_5_multimer_v3_pred_34.pdb	1	1	1	1	1	1	1	1	20
cf_dropout_full_woTemplates_model_5_multimer_v3_pred_35.pdb	1	1	1	1	1	1	1	1	62
cf_dropout_full_woTemplates_model_5_multimer_v3_pred_36.pdb	1	1	1	1	1	1	1	1	20
cf_dropout_full_woTemplates_model_5_multimer_v3_pred_37.pdb	1	1	1	1	1	1	1	1	20
cf_dropout_full_woTemplates_model_5_multimer_v3_pred_38.pdb	1	1	1	1	1	1	1	1	20
cf_dropout_full_woTemplates_model_5_multimer_v3_pred_39.pdb	1	1	1	1	1	1	1	1	20
cf_dropout_full_woTemplates_model_5_multimer_v3_pred_4.pdb	1	1	1	1	1	1	1	1	20
cf_dropout_full_woTemplates_model_5_multimer_v3_pred_40.pdb	1	1	1	1	1	1	1	1	20
cf_dropout_full_woTemplates_model_5_multimer_v3_pred_41.pdb	1	1	1	1	1	1	1	1	20
cf_dropout_full_woTemplates_model_5_multimer_v3_pred_42.pdb	1	1	1	1	1	1	1	1	20
cf_dropout_full_woTemplates_model_5_multimer_v3_pred_43.pdb	1	1	1	1	1	1	1	1	20
cf_dropout_full_woTemplates_model_5_multimer_v3_pred_44.pdb	1	1	1	1	1	1	1	1	20
cf_dropout_full_woTemplates_model_5_multimer_v3_pred_45.pdb	1	1	1	1	1	1	1	1	62
cf_dropout_full_woTemplates_model_5_multimer_v3_pred_46.pdb	1	1	1	1	1	1	1	1	20
cf_dropout_full_woTemplates_model_5_multimer_v3_pred_47.pdb	1	1	1	1	1	1	1	1	20
cf_dropout_full_woTemplates_model_5_multimer_v3_pred_48.pdb	1	1	1	1	1	1	1	1	20
cf_dropout_full_woTemplates_model_5_multimer_v3_pred_49.pdb	1	1	1	1	1	1	1	1	20
cf_dropout_full_woTemplates_model_5_multimer_v3_pred_5.pdb	1	1	1	1	1	1	1	1	62
cf_dropout_full_woTemplates_model_5_multimer_v3_pred_50.pdb	1	1	1	1	1	1	1	1	20
cf_dropout_full_woTemplates_model_5_multimer_v3_pred_51.pdb	1	1	1	1	1	1	1	1	20
cf_dropout_full_woTemplates_model_5_multimer_v3_pred_52.pdb	1	1	1	1	1	1	1	1	20
cf_dropout_full_woTemplates_model_5_multimer_v3_pred_53.pdb	1	1	1	1	1	1	1	1	20
cf_dropout_full_woTemplates_model_5_multimer_v3_pred_54.pdb	1	1	1	1	1	1	1	1	2
cf_dropout_full_woTemplates_model_5_multimer_v3_pred_55.pdb	1	1	1	1	1	1	1	1	20
cf_dropout_full_woTemplates_model_5_multimer_v3_pred_56.pdb	1	1	1	1	1	1	1	1	2
cf_dropout_full_woTemplates_model_5_multimer_v3_pred_57.pdb	1	1	1	1	1	1	1	1	212
cf_dropout_full_woTemplates_model_5_multimer_v3_pred_58.pdb	1	1	1	1	1	1	1	1	121
cf_dropout_full_woTemplates_model_5_multimer_v3_pred_59.pdb	1	1	1	1	1	1	1	1	20
cf_dropout_full_woTemplates_model_5_multimer_v3_pred_6.pdb	1	1	1	1	1	1	1	1	20
cf_dropout_full_woTemplates_model_5_multimer_v3_pred_60.pdb	1	1	1	1	1	1	1	1	20
cf_dropout_full_woTemplates_model_5_multimer_v3_pred_61.pdb	1	1	1	1	1	1	1	1	20
cf_dropout_full_woTemplates_model_5_multimer_v3_pred_62.pdb	1	1	1	1	1	1	1	1	20
cf_dropout_full_woTemplates_model_5_multimer_v3_pred_63.pdb	1	1	1	1	1	1	1	1	20
cf_dropout_full_woTemplates_model_5_multimer_v3_pred_64.pdb	1	1	1	1	1	1	1	1	62
cf_dropout_full_woTemplates_model_5_multimer_v3_pred_65.pdb	1	1	1	1	1	1	1	1	13
cf_dropout_full_woTemplates_model_5_multimer_v3_pred_66.pdb	1	1	1	1	1	1	1	1	62
cf_dropout_full_woTemplates_model_5_multimer_v3_pred_7.pdb	1	1	1	1	1	1	1	1	20
cf_dropout_full_woTemplates_model_5_multimer_v3_pred_8.pdb	1	1	1	1	1	1	1	1	62
cf_dropout_full_woTemplates_model_5_multimer_v3_pred_9.pdb	1	1	1	1	1	1	1	1	20
cf_woTemplates_model_1_multimer_v1_pred_0.pdb	1	1	1	1	1	1	1	2	11
cf_woTemplates_model_1_multimer_v1_pred_1.pdb	1	1	1	1	1	1	2	3	1494
cf_woTemplates_model_1_multimer_v1_pred_10.pdb	1	1	1	1	1	1	1	2	11
cf_woTemplates_model_1_multimer_v1_pred_11.pdb	1	1	1	1	1	1	1	2	11
cf_woTemplates_model_1_multimer_v1_pred_12.pdb	1	1	1	1	1	1	1	2	11
cf_woTemplates_model_1_multimer_v1_pred_13.pdb	1	1	1	1	1	1	1	2	11
cf_woTemplates_model_1_multimer_v1_pred_14.pdb	1	1	1	1	1	1	1	2	11
cf_woTemplates_model_1_multimer_v1_pred_15.pdb	1	1	1	1	1	1	1	2	11
cf_woTemplates_model_1_multimer_v1_pred_16.pdb	1	1	1	1	1	1	1	2	41
cf_woTemplates_model_1_multimer_v1_pred_17.pdb	1	1	1	1	1	1	1	2	11
cf_woTemplates_model_1_multimer_v1_pred_18.pdb	1	1	1	1	1	1	1	2	41
cf_woTemplates_model_1_multimer_v1_pred_19.pdb	1	1	1	1	1	1	1	2	108
cf_woTemplates_model_1_multimer_v1_pred_2.pdb	1	1	1	1	1	1	1	2	11
cf_woTemplates_model_1_multimer_v1_pred_20.pdb	1	1	1	1	1	1	1	2	41
cf_woTemplates_model_1_multimer_v1_pred_21.pdb	1	1	1	1	1	1	1	2	41
cf_woTemplates_model_1_multimer_v1_pred_22.pdb	1	1	1	1	1	1	1	2	11
cf_woTemplates_model_1_multimer_v1_pred_23.pdb	1	1	1	1	1	1	1	2	11
cf_woTemplates_model_1_multimer_v1_pred_24.pdb	1	1	1	1	1	1	1	2	11
cf_woTemplates_model_1_multimer_v1_pred_25.pdb	1	1	1	1	1	1	1	2	11
cf_woTemplates_model_1_multimer_v1_pred_26.pdb	1	1	1	1	1	1	1	2	11
cf_woTemplates_model_1_multimer_v1_pred_27.pdb	1	1	1	1	1	1	1	2	11
cf_woTemplates_model_1_multimer_v1_pred_28.pdb	1	1	1	1	1	1	1	2	11
cf_woTemplates_model_1_multimer_v1_pred_29.pdb	1	1	1	1	1	1	1	2	11
cf_woTemplates_model_1_multimer_v1_pred_3.pdb	1	1	1	1	1	1	1	2	11
cf_woTemplates_model_1_multimer_v1_pred_30.pdb	1	1	1	1	1	1	1	2	41
cf_woTemplates_model_1_multimer_v1_pred_31.pdb	1	1	1	1	1	1	1	2	11
cf_woTemplates_model_1_multimer_v1_pred_32.pdb	1	1	1	1	1	1	1	2	11
cf_woTemplates_model_1_multimer_v1_pred_33.pdb	1	1	1	1	1	1	1	2	11
cf_woTemplates_model_1_multimer_v1_pred_34.pdb	1	1	1	1	1	1	1	2	11
cf_woTemplates_model_1_multimer_v1_pred_35.pdb	1	1	1	1	1	1	1	2	41
cf_woTemplates_model_1_multimer_v1_pred_36.pdb	1	1	1	1	1	1	1	2	11
cf_woTemplates_model_1_multimer_v1_pred_37.pdb	1	1	1	1	1	1	1	32	1495
cf_woTemplates_model_1_multimer_v1_pred_38.pdb	1	1	1	1	1	1	1	2	11
cf_woTemplates_model_1_multimer_v1_pred_39.pdb	1	1	1	1	1	1	1	2	41
cf_woTemplates_model_1_multimer_v1_pred_4.pdb	1	1	1	1	1	1	1	2	11
cf_woTemplates_model_1_multimer_v1_pred_40.pdb	1	1	1	1	1	1	1	2	11
cf_woTemplates_model_1_multimer_v1_pred_41.pdb	1	1	1	1	1	1	2	3	1496
cf_woTemplates_model_1_multimer_v1_pred_42.pdb	1	1	1	1	1	1	1	2	11
cf_woTemplates_model_1_multimer_v1_pred_43.pdb	1	1	1	1	1	1	1	25	1497
cf_woTemplates_model_1_multimer_v1_pred_44.pdb	1	1	1	1	1	1	1	2	11
cf_woTemplates_model_1_multimer_v1_pred_45.pdb	1	1	1	1	1	1	1	25	1498
cf_woTemplates_model_1_multimer_v1_pred_46.pdb	1	1	1	1	1	1	1	2	41
cf_woTemplates_model_1_multimer_v1_pred_47.pdb	1	1	1	1	1	1	1	2	11
cf_woTemplates_model_1_multimer_v1_pred_48.pdb	1	1	1	1	1	1	1	2	11
cf_woTemplates_model_1_multimer_v1_pred_49.pdb	1	1	1	1	1	1	1	2	11
cf_woTemplates_model_1_multimer_v1_pred_5.pdb	1	1	1	1	1	1	1	2	11
cf_woTemplates_model_1_multimer_v1_pred_50.pdb	1	1	1	1	1	1	1	2	11
cf_woTemplates_model_1_multimer_v1_pred_51.pdb	1	1	1	1	1	1	1	2	138
cf_woTemplates_model_1_multimer_v1_pred_52.pdb	1	1	1	1	1	1	1	2	11
cf_woTemplates_model_1_multimer_v1_pred_53.pdb	1	1	1	1	1	1	1	2	11
cf_woTemplates_model_1_multimer_v1_pred_54.pdb	1	1	1	1	1	1	1	2	1499
cf_woTemplates_model_1_multimer_v1_pred_55.pdb	1	1	1	1	1	1	1	2	11
cf_woTemplates_model_1_multimer_v1_pred_56.pdb	1	1	1	1	1	1	1	2	11
cf_woTemplates_model_1_multimer_v1_pred_57.pdb	1	1	1	1	1	1	1	2	11
cf_woTemplates_model_1_multimer_v1_pred_58.pdb	1	1	1	1	1	1	1	2	11
cf_woTemplates_model_1_multimer_v1_pred_59.pdb	1	1	1	1	1	1	1	2	11
cf_woTemplates_model_1_multimer_v1_pred_6.pdb	1	1	1	1	1	1	1	2	11
cf_woTemplates_model_1_multimer_v1_pred_60.pdb	1	1	1	1	1	1	1	2	41
cf_woTemplates_model_1_multimer_v1_pred_61.pdb	1	1	1	1	1	1	1	2	41
cf_woTemplates_model_1_multimer_v1_pred_62.pdb	1	1	1	1	1	1	1	2	11
cf_woTemplates_model_1_multimer_v1_pred_63.pdb	1	1	1	1	1	1	1	2	11
cf_woTemplates_model_1_multimer_v1_pred_64.pdb	1	1	1	1	1	1	1	2	224
cf_woTemplates_model_1_multimer_v1_pred_65.pdb	1	1	1	1	1	1	1	2	11
cf_woTemplates_model_1_multimer_v1_pred_66.pdb	1	1	1	1	1	1	1	2	11
cf_woTemplates_model_1_multimer_v1_pred_7.pdb	1	1	1	1	1	1	1	2	11
cf_woTemplates_model_1_multimer_v1_pred_8.pdb	1	1	1	1	1	1	1	2	11
cf_woTemplates_model_1_multimer_v1_pred_9.pdb	1	1	1	1	1	1	1	2	11
cf_woTemplates_model_1_multimer_v2_pred_0.pdb	1	1	1	1	1	1	1	4	23
cf_woTemplates_model_1_multimer_v2_pred_1.pdb	1	1	1	1	1	1	1	1	23
cf_woTemplates_model_1_multimer_v2_pred_10.pdb	1	1	1	1	1	1	1	4	23
cf_woTemplates_model_1_multimer_v2_pred_11.pdb	1	1	1	1	1	1	1	1	23
cf_woTemplates_model_1_multimer_v2_pred_12.pdb	1	1	1	1	1	1	1	1	23
cf_woTemplates_model_1_multimer_v2_pred_13.pdb	1	1	1	1	1	1	1	1	51
cf_woTemplates_model_1_multimer_v2_pred_14.pdb	1	1	1	1	1	1	1	1	51
cf_woTemplates_model_1_multimer_v2_pred_15.pdb	1	1	1	1	1	1	1	4	23
cf_woTemplates_model_1_multimer_v2_pred_16.pdb	1	1	1	1	1	1	1	4	23
cf_woTemplates_model_1_multimer_v2_pred_17.pdb	1	1	1	1	1	1	1	1	23
cf_woTemplates_model_1_multimer_v2_pred_18.pdb	1	1	1	1	1	1	1	1	23
cf_woTemplates_model_1_multimer_v2_pred_19.pdb	1	1	1	1	1	1	1	1	23
cf_woTemplates_model_1_multimer_v2_pred_2.pdb	1	1	1	1	1	1	1	4	23
cf_woTemplates_model_1_multimer_v2_pred_20.pdb	1	1	1	1	1	1	1	4	23
cf_woTemplates_model_1_multimer_v2_pred_21.pdb	1	1	1	1	1	1	1	1	23
cf_woTemplates_model_1_multimer_v2_pred_22.pdb	1	1	1	1	1	1	1	1	23
cf_woTemplates_model_1_multimer_v2_pred_23.pdb	1	1	1	1	1	1	1	1	51
cf_woTemplates_model_1_multimer_v2_pred_24.pdb	1	1	1	1	1	1	1	1	23
cf_woTemplates_model_1_multimer_v2_pred_25.pdb	1	1	1	1	1	1	1	4	23
cf_woTemplates_model_1_multimer_v2_pred_26.pdb	1	1	1	1	1	1	1	4	23
cf_woTemplates_model_1_multimer_v2_pred_27.pdb	1	1	1	1	1	1	1	1	6
cf_woTemplates_model_1_multimer_v2_pred_28.pdb	1	1	1	1	1	1	1	4	96
cf_woTemplates_model_1_multimer_v2_pred_29.pdb	1	1	1	1	1	1	1	4	23
cf_woTemplates_model_1_multimer_v2_pred_3.pdb	1	1	1	1	1	1	1	4	23
cf_woTemplates_model_1_multimer_v2_pred_30.pdb	1	1	1	1	1	1	1	1	23
cf_woTemplates_model_1_multimer_v2_pred_31.pdb	1	1	1	1	1	1	1	4	96
cf_woTemplates_model_1_multimer_v2_pred_32.pdb	1	1	1	1	1	1	1	1	51
cf_woTemplates_model_1_multimer_v2_pred_33.pdb	1	1	1	1	1	1	1	4	23
cf_woTemplates_model_1_multimer_v2_pred_34.pdb	1	1	1	1	1	1	1	4	23
cf_woTemplates_model_1_multimer_v2_pred_35.pdb	1	1	1	1	1	1	1	1	51
cf_woTemplates_model_1_multimer_v2_pred_36.pdb	1	1	1	1	1	1	1	1	51
cf_woTemplates_model_1_multimer_v2_pred_37.pdb	1	1	1	1	1	1	1	1	6
cf_woTemplates_model_1_multimer_v2_pred_38.pdb	1	1	1	1	1	1	1	1	6
cf_woTemplates_model_1_multimer_v2_pred_39.pdb	1	1	1	1	1	1	1	4	23
cf_woTemplates_model_1_multimer_v2_pred_4.pdb	1	1	1	1	1	1	1	1	23
cf_woTemplates_model_1_multimer_v2_pred_40.pdb	1	1	1	1	1	1	1	1	6
cf_woTemplates_model_1_multimer_v2_pred_41.pdb	1	1	1	1	1	1	1	1	23
cf_woTemplates_model_1_multimer_v2_pred_42.pdb	1	1	1	1	1	1	1	1	51
cf_woTemplates_model_1_multimer_v2_pred_43.pdb	1	1	1	1	1	1	1	1	23
cf_woTemplates_model_1_multimer_v2_pred_44.pdb	1	1	1	1	1	1	1	1	23
cf_woTemplates_model_1_multimer_v2_pred_45.pdb	1	1	1	1	1	1	1	1	23
cf_woTemplates_model_1_multimer_v2_pred_46.pdb	1	1	1	1	1	1	1	1	51
cf_woTemplates_model_1_multimer_v2_pred_47.pdb	1	1	1	1	1	1	1	1	23
cf_woTemplates_model_1_multimer_v2_pred_48.pdb	1	1	1	1	1	1	1	4	96
cf_woTemplates_model_1_multimer_v2_pred_49.pdb	1	1	1	1	1	1	1	4	23
cf_woTemplates_model_1_multimer_v2_pred_5.pdb	1	1	1	1	1	1	1	4	23
cf_woTemplates_model_1_multimer_v2_pred_50.pdb	1	1	1	1	1	1	1	1	51
cf_woTemplates_model_1_multimer_v2_pred_51.pdb	1	1	1	1	1	1	1	1	23
cf_woTemplates_model_1_multimer_v2_pred_52.pdb	1	1	1	1	1	1	1	1	23
cf_woTemplates_model_1_multimer_v2_pred_53.pdb	1	1	1	1	1	1	1	1	23
cf_woTemplates_model_1_multimer_v2_pred_54.pdb	1	1	1	1	1	1	1	1	23
cf_woTemplates_model_1_multimer_v2_pred_55.pdb	1	1	1	1	1	1	1	4	23
cf_woTemplates_model_1_multimer_v2_pred_56.pdb	1	1	1	1	1	1	1	1	23
cf_woTemplates_model_1_multimer_v2_pred_57.pdb	1	1	1	1	1	1	1	4	96
cf_woTemplates_model_1_multimer_v2_pred_58.pdb	1	1	1	1	1	1	1	1	6
cf_woTemplates_model_1_multimer_v2_pred_59.pdb	1	1	1	1	1	1	1	1	23
cf_woTemplates_model_1_multimer_v2_pred_6.pdb	1	1	1	1	1	1	1	1	23
cf_woTemplates_model_1_multimer_v2_pred_60.pdb	1	1	1	1	1	1	1	1	51
cf_woTemplates_model_1_multimer_v2_pred_61.pdb	1	1	1	1	1	1	1	1	23
cf_woTemplates_model_1_multimer_v2_pred_62.pdb	1	1	1	1	1	1	1	1	23
cf_woTemplates_model_1_multimer_v2_pred_63.pdb	1	1	1	1	1	1	1	1	23
cf_woTemplates_model_1_multimer_v2_pred_64.pdb	1	1	1	1	1	1	1	1	51
cf_woTemplates_model_1_multimer_v2_pred_65.pdb	1	1	1	1	1	1	1	1	23
cf_woTemplates_model_1_multimer_v2_pred_66.pdb	1	1	1	1	1	1	1	1	23
cf_woTemplates_model_1_multimer_v2_pred_7.pdb	1	1	1	1	1	1	1	1	6
cf_woTemplates_model_1_multimer_v2_pred_8.pdb	1	1	1	1	1	1	1	1	23
cf_woTemplates_model_1_multimer_v2_pred_9.pdb	1	1	1	1	1	1	1	1	23
cf_woTemplates_model_1_multimer_v3_pred_0.pdb	1	1	1	1	1	1	1	1	8
cf_woTemplates_model_1_multimer_v3_pred_1.pdb	1	1	1	1	1	1	1	1	8
cf_woTemplates_model_1_multimer_v3_pred_10.pdb	1	1	1	1	1	1	1	1	35
cf_woTemplates_model_1_multimer_v3_pred_11.pdb	1	1	1	1	1	1	1	1	8
cf_woTemplates_model_1_multimer_v3_pred_12.pdb	1	1	1	1	1	1	1	1	8
cf_woTemplates_model_1_multimer_v3_pred_13.pdb	1	1	1	1	1	1	1	1	8
cf_woTemplates_model_1_multimer_v3_pred_14.pdb	1	1	1	1	1	1	1	1	8
cf_woTemplates_model_1_multimer_v3_pred_15.pdb	1	1	1	1	1	1	1	1	8
cf_woTemplates_model_1_multimer_v3_pred_16.pdb	1	1	1	1	1	1	1	1	8
cf_woTemplates_model_1_multimer_v3_pred_17.pdb	1	1	1	1	1	1	1	1	8
cf_woTemplates_model_1_multimer_v3_pred_18.pdb	1	1	1	1	1	1	1	1	8
cf_woTemplates_model_1_multimer_v3_pred_19.pdb	1	1	1	1	1	1	1	1	8
cf_woTemplates_model_1_multimer_v3_pred_2.pdb	1	1	1	1	1	1	1	1	8
cf_woTemplates_model_1_multimer_v3_pred_20.pdb	1	1	1	1	1	1	1	1	8
cf_woTemplates_model_1_multimer_v3_pred_21.pdb	1	1	1	1	1	1	1	1	8
cf_woTemplates_model_1_multimer_v3_pred_22.pdb	1	1	1	1	1	1	1	1	1
cf_woTemplates_model_1_multimer_v3_pred_23.pdb	1	1	1	1	1	1	1	1	35
cf_woTemplates_model_1_multimer_v3_pred_24.pdb	1	1	1	1	1	1	1	1	35
cf_woTemplates_model_1_multimer_v3_pred_25.pdb	1	1	1	1	1	1	1	1	35
cf_woTemplates_model_1_multimer_v3_pred_26.pdb	1	1	1	1	1	1	1	1	8
cf_woTemplates_model_1_multimer_v3_pred_27.pdb	1	1	1	1	1	1	1	1	8
cf_woTemplates_model_1_multimer_v3_pred_28.pdb	1	1	1	1	1	1	1	1	8
cf_woTemplates_model_1_multimer_v3_pred_29.pdb	1	1	1	1	1	1	1	1	8
cf_woTemplates_model_1_multimer_v3_pred_3.pdb	1	1	1	1	1	1	1	1	8
cf_woTemplates_model_1_multimer_v3_pred_30.pdb	1	1	1	1	1	1	1	1	35
cf_woTemplates_model_1_multimer_v3_pred_31.pdb	1	1	1	1	1	1	1	1	1
cf_woTemplates_model_1_multimer_v3_pred_32.pdb	1	1	1	1	1	1	1	1	8
cf_woTemplates_model_1_multimer_v3_pred_33.pdb	1	1	1	1	1	1	1	1	1
cf_woTemplates_model_1_multimer_v3_pred_34.pdb	1	1	1	1	1	1	1	1	8
cf_woTemplates_model_1_multimer_v3_pred_35.pdb	1	1	1	1	1	1	1	1	35
cf_woTemplates_model_1_multimer_v3_pred_36.pdb	1	1	1	1	1	1	1	1	8
cf_woTemplates_model_1_multimer_v3_pred_37.pdb	1	1	1	1	1	1	1	1	8
cf_woTemplates_model_1_multimer_v3_pred_38.pdb	1	1	1	1	1	1	1	1	8
cf_woTemplates_model_1_multimer_v3_pred_39.pdb	1	1	1	1	1	1	1	1	65
cf_woTemplates_model_1_multimer_v3_pred_4.pdb	1	1	1	1	1	1	1	1	35
cf_woTemplates_model_1_multimer_v3_pred_40.pdb	1	1	1	1	1	1	1	1	8
cf_woTemplates_model_1_multimer_v3_pred_41.pdb	1	1	1	1	1	1	1	1	8
cf_woTemplates_model_1_multimer_v3_pred_42.pdb	1	1	1	1	1	1	1	1	8
cf_woTemplates_model_1_multimer_v3_pred_43.pdb	1	1	1	1	1	1	1	1	8
cf_woTemplates_model_1_multimer_v3_pred_44.pdb	1	1	1	1	1	1	1	1	35
cf_woTemplates_model_1_multimer_v3_pred_45.pdb	1	1	1	1	1	1	1	1	8
cf_woTemplates_model_1_multimer_v3_pred_46.pdb	1	1	1	1	1	1	1	1	1
cf_woTemplates_model_1_multimer_v3_pred_47.pdb	1	1	1	1	1	1	1	1	35
cf_woTemplates_model_1_multimer_v3_pred_48.pdb	1	1	1	1	1	1	1	1	8
cf_woTemplates_model_1_multimer_v3_pred_49.pdb	1	1	1	1	1	1	1	1	8
cf_woTemplates_model_1_multimer_v3_pred_5.pdb	1	1	1	1	1	1	1	1	8
cf_woTemplates_model_1_multimer_v3_pred_50.pdb	1	1	1	1	1	1	1	1	8
cf_woTemplates_model_1_multimer_v3_pred_51.pdb	1	1	1	1	1	1	1	1	8
cf_woTemplates_model_1_multimer_v3_pred_52.pdb	1	1	1	1	1	1	1	1	8
cf_woTemplates_model_1_multimer_v3_pred_53.pdb	1	1	1	1	1	1	1	1	1
cf_woTemplates_model_1_multimer_v3_pred_54.pdb	1	1	1	1	1	1	1	1	35
cf_woTemplates_model_1_multimer_v3_pred_55.pdb	1	1	1	1	1	1	1	1	8
cf_woTemplates_model_1_multimer_v3_pred_56.pdb	1	1	1	1	1	1	1	1	1
cf_woTemplates_model_1_multimer_v3_pred_57.pdb	1	1	1	1	1	1	1	1	8
cf_woTemplates_model_1_multimer_v3_pred_58.pdb	1	1	1	1	1	1	1	1	8
cf_woTemplates_model_1_multimer_v3_pred_59.pdb	1	1	1	1	1	1	1	1	8
cf_woTemplates_model_1_multimer_v3_pred_6.pdb	1	1	1	1	1	1	1	1	8
cf_woTemplates_model_1_multimer_v3_pred_60.pdb	1	1	1	1	1	1	1	1	35
cf_woTemplates_model_1_multimer_v3_pred_61.pdb	1	1	1	1	1	1	1	1	8
cf_woTemplates_model_1_multimer_v3_pred_62.pdb	1	1	1	1	1	1	1	1	1
cf_woTemplates_model_1_multimer_v3_pred_63.pdb	1	1	1	1	1	1	1	1	8
cf_woTemplates_model_1_multimer_v3_pred_64.pdb	1	1	1	1	1	1	1	1	8
cf_woTemplates_model_1_multimer_v3_pred_65.pdb	1	1	1	1	1	1	1	1	35
cf_woTemplates_model_1_multimer_v3_pred_66.pdb	1	1	1	1	1	1	1	1	1
cf_woTemplates_model_1_multimer_v3_pred_7.pdb	1	1	1	1	1	1	1	1	1
cf_woTemplates_model_1_multimer_v3_pred_8.pdb	1	1	1	1	1	1	1	1	8
cf_woTemplates_model_1_multimer_v3_pred_9.pdb	1	1	1	1	1	1	1	1	8
cf_woTemplates_model_2_multimer_v1_pred_0.pdb	1	1	1	1	1	1	1	1	39
cf_woTemplates_model_2_multimer_v1_pred_1.pdb	1	1	1	1	1	1	1	1	39
cf_woTemplates_model_2_multimer_v1_pred_10.pdb	1	1	1	1	1	1	1	1	39
cf_woTemplates_model_2_multimer_v1_pred_11.pdb	1	1	1	1	1	1	1	2	39
cf_woTemplates_model_2_multimer_v1_pred_12.pdb	1	1	1	1	1	1	1	1	39
cf_woTemplates_model_2_multimer_v1_pred_13.pdb	1	1	1	1	1	1	1	1	39
cf_woTemplates_model_2_multimer_v1_pred_14.pdb	1	1	1	1	1	1	1	1	28
cf_woTemplates_model_2_multimer_v1_pred_15.pdb	1	1	1	1	1	1	1	2	39
cf_woTemplates_model_2_multimer_v1_pred_16.pdb	1	1	1	1	1	1	1	1	28
cf_woTemplates_model_2_multimer_v1_pred_17.pdb	1	1	1	1	1	1	1	7	28
cf_woTemplates_model_2_multimer_v1_pred_18.pdb	1	1	1	1	1	1	1	2	107
cf_woTemplates_model_2_multimer_v1_pred_19.pdb	1	1	1	1	1	1	1	2	108
cf_woTemplates_model_2_multimer_v1_pred_2.pdb	1	1	1	1	1	1	1	2	39
cf_woTemplates_model_2_multimer_v1_pred_20.pdb	1	1	1	1	1	1	1	2	107
cf_woTemplates_model_2_multimer_v1_pred_21.pdb	1	1	1	1	1	1	1	2	28
cf_woTemplates_model_2_multimer_v1_pred_22.pdb	1	1	1	1	1	1	1	1	28
cf_woTemplates_model_2_multimer_v1_pred_23.pdb	1	1	1	1	1	1	1	2	39
cf_woTemplates_model_2_multimer_v1_pred_24.pdb	1	1	1	1	1	1	1	2	39
cf_woTemplates_model_2_multimer_v1_pred_25.pdb	1	1	1	1	1	1	1	7	242
cf_woTemplates_model_2_multimer_v1_pred_26.pdb	1	1	1	1	1	1	1	2	39
cf_woTemplates_model_2_multimer_v1_pred_27.pdb	1	1	1	1	1	1	1	1	28
cf_woTemplates_model_2_multimer_v1_pred_28.pdb	1	1	1	1	1	1	1	7	28
cf_woTemplates_model_2_multimer_v1_pred_29.pdb	1	1	1	1	1	1	1	1	28
cf_woTemplates_model_2_multimer_v1_pred_3.pdb	1	1	1	1	1	1	1	7	242
cf_woTemplates_model_2_multimer_v1_pred_30.pdb	1	1	1	1	1	1	1	1	28
cf_woTemplates_model_2_multimer_v1_pred_31.pdb	1	1	1	1	1	1	1	2	39
cf_woTemplates_model_2_multimer_v1_pred_32.pdb	1	1	1	1	1	1	1	2	107
cf_woTemplates_model_2_multimer_v1_pred_33.pdb	1	1	1	1	1	1	1	1	18
cf_woTemplates_model_2_multimer_v1_pred_34.pdb	1	1	1	1	1	1	1	1	39
cf_woTemplates_model_2_multimer_v1_pred_35.pdb	1	1	1	1	1	1	1	1	39
cf_woTemplates_model_2_multimer_v1_pred_36.pdb	1	1	1	1	1	1	1	2	39
cf_woTemplates_model_2_multimer_v1_pred_37.pdb	1	1	1	1	1	1	1	1	39
cf_woTemplates_model_2_multimer_v1_pred_38.pdb	1	1	1	1	1	1	1	1	39
cf_woTemplates_model_2_multimer_v1_pred_39.pdb	1	1	1	1	1	1	1	1	28
cf_woTemplates_model_2_multimer_v1_pred_4.pdb	1	1	1	1	1	1	1	2	41
cf_woTemplates_model_2_multimer_v1_pred_40.pdb	1	1	1	1	1	1	1	1	28
cf_woTemplates_model_2_multimer_v1_pred_41.pdb	1	1	1	1	1	1	1	1	28
cf_woTemplates_model_2_multimer_v1_pred_42.pdb	1	1	1	1	1	1	1	2	11
cf_woTemplates_model_2_multimer_v1_pred_43.pdb	1	1	1	1	1	1	1	2	39
cf_woTemplates_model_2_multimer_v1_pred_44.pdb	1	1	1	1	1	1	1	1	28
cf_woTemplates_model_2_multimer_v1_pred_45.pdb	1	1	1	1	1	1	1	2	168
cf_woTemplates_model_2_multimer_v1_pred_46.pdb	1	1	1	1	1	1	1	2	11
cf_woTemplates_model_2_multimer_v1_pred_47.pdb	1	1	1	1	1	1	1	2	39
cf_woTemplates_model_2_multimer_v1_pred_48.pdb	1	1	1	1	1	1	1	1	28
cf_woTemplates_model_2_multimer_v1_pred_49.pdb	1	1	1	1	1	1	1	2	39
cf_woTemplates_model_2_multimer_v1_pred_5.pdb	1	1	1	1	1	1	1	2	18
cf_woTemplates_model_2_multimer_v1_pred_50.pdb	1	1	1	1	1	1	1	2	39
cf_woTemplates_model_2_multimer_v1_pred_51.pdb	1	1	1	1	1	1	1	1	39
cf_woTemplates_model_2_multimer_v1_pred_52.pdb	1	1	1	1	1	1	1	1	28
cf_woTemplates_model_2_multimer_v1_pred_53.pdb	1	1	1	1	1	1	1	2	107
cf_woTemplates_model_2_multimer_v1_pred_54.pdb	1	1	1	1	1	1	1	2	73
cf_woTemplates_model_2_multimer_v1_pred_55.pdb	1	1	1	1	1	1	1	2	73
cf_woTemplates_model_2_multimer_v1_pred_56.pdb	1	1	1	1	1	1	1	1	28
cf_woTemplates_model_2_multimer_v1_pred_57.pdb	1	1	1	1	1	1	1	2	39
cf_woTemplates_model_2_multimer_v1_pred_58.pdb	1	1	1	1	1	1	1	1	28
cf_woTemplates_model_2_multimer_v1_pred_59.pdb	1	1	1	1	1	1	1	1	39
cf_woTemplates_model_2_multimer_v1_pred_6.pdb	1	1	1	1	1	1	1	1	28
cf_woTemplates_model_2_multimer_v1_pred_60.pdb	1	1	1	1	1	1	1	2	39
cf_woTemplates_model_2_multimer_v1_pred_61.pdb	1	1	1	1	1	1	1	2	39
cf_woTemplates_model_2_multimer_v1_pred_62.pdb	1	1	1	1	1	1	1	7	28
cf_woTemplates_model_2_multimer_v1_pred_63.pdb	1	1	1	1	1	1	1	7	39
cf_woTemplates_model_2_multimer_v1_pred_64.pdb	1	1	1	1	1	1	1	2	28
cf_woTemplates_model_2_multimer_v1_pred_65.pdb	1	1	1	1	1	1	1	2	39
cf_woTemplates_model_2_multimer_v1_pred_66.pdb	1	1	1	1	1	1	1	1	28
cf_woTemplates_model_2_multimer_v1_pred_7.pdb	1	1	1	1	1	1	1	1	39
cf_woTemplates_model_2_multimer_v1_pred_8.pdb	1	1	1	1	1	1	1	2	39
cf_woTemplates_model_2_multimer_v1_pred_9.pdb	1	1	1	1	1	1	1	1	39
cf_woTemplates_model_2_multimer_v2_pred_0.pdb	1	1	1	1	1	1	1	1	33
cf_woTemplates_model_2_multimer_v2_pred_1.pdb	1	1	1	1	1	1	1	1	33
cf_woTemplates_model_2_multimer_v2_pred_10.pdb	1	1	1	1	1	1	1	1	27
cf_woTemplates_model_2_multimer_v2_pred_11.pdb	1	1	1	1	1	1	1	1	27
cf_woTemplates_model_2_multimer_v2_pred_12.pdb	1	1	1	1	1	1	1	1	27
cf_woTemplates_model_2_multimer_v2_pred_13.pdb	1	1	1	1	1	1	1	1	33
cf_woTemplates_model_2_multimer_v2_pred_14.pdb	1	1	1	1	1	1	1	1	33
cf_woTemplates_model_2_multimer_v2_pred_15.pdb	1	1	1	1	1	1	1	1	33
cf_woTemplates_model_2_multimer_v2_pred_16.pdb	1	1	1	1	1	1	1	1	27
cf_woTemplates_model_2_multimer_v2_pred_17.pdb	1	1	1	1	1	1	1	1	33
cf_woTemplates_model_2_multimer_v2_pred_18.pdb	1	1	1	1	1	1	1	1	33
cf_woTemplates_model_2_multimer_v2_pred_19.pdb	1	1	1	1	1	1	1	1	27
cf_woTemplates_model_2_multimer_v2_pred_2.pdb	1	1	1	1	1	1	1	1	20
cf_woTemplates_model_2_multimer_v2_pred_20.pdb	1	1	1	1	1	1	1	1	27
cf_woTemplates_model_2_multimer_v2_pred_21.pdb	1	1	1	1	1	1	1	1	27
cf_woTemplates_model_2_multimer_v2_pred_22.pdb	1	1	1	1	1	1	1	1	33
cf_woTemplates_model_2_multimer_v2_pred_23.pdb	1	1	1	1	1	1	1	1	27
cf_woTemplates_model_2_multimer_v2_pred_24.pdb	1	1	1	1	1	1	1	1	27
cf_woTemplates_model_2_multimer_v2_pred_25.pdb	1	1	1	1	1	1	1	1	27
cf_woTemplates_model_2_multimer_v2_pred_26.pdb	1	1	1	1	1	1	1	1	33
cf_woTemplates_model_2_multimer_v2_pred_27.pdb	1	1	1	1	1	1	1	1	33
cf_woTemplates_model_2_multimer_v2_pred_28.pdb	1	1	1	1	1	1	1	1	27
cf_woTemplates_model_2_multimer_v2_pred_29.pdb	1	1	1	1	1	1	1	1	33
cf_woTemplates_model_2_multimer_v2_pred_3.pdb	1	1	1	1	1	1	1	1	27
cf_woTemplates_model_2_multimer_v2_pred_30.pdb	1	1	1	1	1	1	1	1	27
cf_woTemplates_model_2_multimer_v2_pred_31.pdb	1	1	1	1	1	1	1	1	27
cf_woTemplates_model_2_multimer_v2_pred_32.pdb	1	1	1	1	1	1	1	1	27
cf_woTemplates_model_2_multimer_v2_pred_33.pdb	1	1	1	1	1	1	1	1	33
cf_woTemplates_model_2_multimer_v2_pred_34.pdb	1	1	1	1	1	1	1	1	27
cf_woTemplates_model_2_multimer_v2_pred_35.pdb	1	1	1	1	1	1	1	1	27
cf_woTemplates_model_2_multimer_v2_pred_36.pdb	1	1	1	1	1	1	1	1	27
cf_woTemplates_model_2_multimer_v2_pred_37.pdb	1	1	1	1	1	1	1	1	27
cf_woTemplates_model_2_multimer_v2_pred_38.pdb	1	1	1	1	1	1	1	1	27
cf_woTemplates_model_2_multimer_v2_pred_39.pdb	1	1	1	1	1	1	1	1	27
cf_woTemplates_model_2_multimer_v2_pred_4.pdb	1	1	1	1	1	1	1	1	27
cf_woTemplates_model_2_multimer_v2_pred_40.pdb	1	1	1	1	1	1	1	1	33
cf_woTemplates_model_2_multimer_v2_pred_41.pdb	1	1	1	1	1	1	1	1	27
cf_woTemplates_model_2_multimer_v2_pred_42.pdb	1	1	1	1	1	1	1	1	33
cf_woTemplates_model_2_multimer_v2_pred_43.pdb	1	1	1	1	1	1	1	1	33
cf_woTemplates_model_2_multimer_v2_pred_44.pdb	1	1	1	1	1	1	1	1	27
cf_woTemplates_model_2_multimer_v2_pred_45.pdb	1	1	1	1	1	1	1	1	27
cf_woTemplates_model_2_multimer_v2_pred_46.pdb	1	1	1	1	1	1	1	1	27
cf_woTemplates_model_2_multimer_v2_pred_47.pdb	1	1	1	1	1	1	1	1	27
cf_woTemplates_model_2_multimer_v2_pred_48.pdb	1	1	1	1	1	1	1	1	27
cf_woTemplates_model_2_multimer_v2_pred_49.pdb	1	1	1	1	1	1	1	1	20
cf_woTemplates_model_2_multimer_v2_pred_5.pdb	1	1	1	1	1	1	1	1	27
cf_woTemplates_model_2_multimer_v2_pred_50.pdb	1	1	1	1	1	1	1	1	27
cf_woTemplates_model_2_multimer_v2_pred_51.pdb	1	1	1	1	1	1	1	1	27
cf_woTemplates_model_2_multimer_v2_pred_52.pdb	1	1	1	1	1	1	1	1	33
cf_woTemplates_model_2_multimer_v2_pred_53.pdb	1	1	1	1	1	1	1	1	27
cf_woTemplates_model_2_multimer_v2_pred_54.pdb	1	1	1	1	1	1	1	1	27
cf_woTemplates_model_2_multimer_v2_pred_55.pdb	1	1	1	1	1	1	1	1	27
cf_woTemplates_model_2_multimer_v2_pred_56.pdb	1	1	1	1	1	1	1	1	27
cf_woTemplates_model_2_multimer_v2_pred_57.pdb	1	1	1	1	1	1	1	1	33
cf_woTemplates_model_2_multimer_v2_pred_58.pdb	1	1	1	1	1	1	1	1	33
cf_woTemplates_model_2_multimer_v2_pred_59.pdb	1	1	1	1	1	1	1	1	33
cf_woTemplates_model_2_multimer_v2_pred_6.pdb	1	1	1	1	1	1	1	1	33
cf_woTemplates_model_2_multimer_v2_pred_60.pdb	1	1	1	1	1	1	1	1	33
cf_woTemplates_model_2_multimer_v2_pred_61.pdb	1	1	1	1	1	1	1	1	27
cf_woTemplates_model_2_multimer_v2_pred_62.pdb	1	1	1	1	1	1	1	1	27
cf_woTemplates_model_2_multimer_v2_pred_63.pdb	1	1	1	1	1	1	1	1	27
cf_woTemplates_model_2_multimer_v2_pred_64.pdb	1	1	1	1	1	1	1	1	33
cf_woTemplates_model_2_multimer_v2_pred_65.pdb	1	1	1	1	1	1	1	1	33
cf_woTemplates_model_2_multimer_v2_pred_66.pdb	1	1	1	1	1	1	1	1	33
cf_woTemplates_model_2_multimer_v2_pred_7.pdb	1	1	1	1	1	1	1	1	27
cf_woTemplates_model_2_multimer_v2_pred_8.pdb	1	1	1	1	1	1	1	1	27
cf_woTemplates_model_2_multimer_v2_pred_9.pdb	1	1	1	1	1	1	1	1	27
cf_woTemplates_model_2_multimer_v3_pred_0.pdb	1	1	1	1	1	1	1	1	8
cf_woTemplates_model_2_multimer_v3_pred_1.pdb	1	1	1	1	1	1	1	1	8
cf_woTemplates_model_2_multimer_v3_pred_10.pdb	1	1	1	1	1	1	1	1	8
cf_woTemplates_model_2_multimer_v3_pred_11.pdb	1	1	1	1	1	1	1	1	8
cf_woTemplates_model_2_multimer_v3_pred_12.pdb	1	1	1	1	1	1	1	1	8
cf_woTemplates_model_2_multimer_v3_pred_13.pdb	1	1	1	1	1	1	1	1	8
cf_woTemplates_model_2_multimer_v3_pred_14.pdb	1	1	1	1	1	1	1	1	8
cf_woTemplates_model_2_multimer_v3_pred_15.pdb	1	1	1	1	1	1	1	1	8
cf_woTemplates_model_2_multimer_v3_pred_16.pdb	1	1	1	1	1	1	1	33	243
cf_woTemplates_model_2_multimer_v3_pred_17.pdb	1	1	1	1	1	1	1	1	8
cf_woTemplates_model_2_multimer_v3_pred_18.pdb	1	1	1	1	1	1	1	1	8
cf_woTemplates_model_2_multimer_v3_pred_19.pdb	1	1	1	1	1	1	1	1	95
cf_woTemplates_model_2_multimer_v3_pred_2.pdb	1	1	1	1	1	1	1	1	8
cf_woTemplates_model_2_multimer_v3_pred_20.pdb	1	1	1	1	1	1	1	1	8
cf_woTemplates_model_2_multimer_v3_pred_21.pdb	1	1	1	1	1	1	1	1	8
cf_woTemplates_model_2_multimer_v3_pred_22.pdb	1	1	1	1	1	1	1	1	8
cf_woTemplates_model_2_multimer_v3_pred_23.pdb	1	1	1	1	1	1	1	1	8
cf_woTemplates_model_2_multimer_v3_pred_24.pdb	1	1	1	1	1	1	1	1	8
cf_woTemplates_model_2_multimer_v3_pred_25.pdb	1	1	1	1	1	1	1	1	8
cf_woTemplates_model_2_multimer_v3_pred_26.pdb	1	1	1	1	1	1	1	1	34
cf_woTemplates_model_2_multimer_v3_pred_27.pdb	1	1	1	1	1	1	1	1	8
cf_woTemplates_model_2_multimer_v3_pred_28.pdb	1	1	1	1	1	1	1	1	8
cf_woTemplates_model_2_multimer_v3_pred_29.pdb	1	1	1	1	1	1	1	1	8
cf_woTemplates_model_2_multimer_v3_pred_3.pdb	1	1	1	1	1	1	1	1	95
cf_woTemplates_model_2_multimer_v3_pred_30.pdb	1	1	1	1	1	1	1	1	8
cf_woTemplates_model_2_multimer_v3_pred_31.pdb	1	1	1	1	1	1	1	1	8
cf_woTemplates_model_2_multimer_v3_pred_32.pdb	1	1	1	1	1	1	1	1	8
cf_woTemplates_model_2_multimer_v3_pred_33.pdb	1	1	1	1	1	1	1	1	8
cf_woTemplates_model_2_multimer_v3_pred_34.pdb	1	1	1	1	1	1	1	1	8
cf_woTemplates_model_2_multimer_v3_pred_35.pdb	1	1	1	1	1	1	1	1	8
cf_woTemplates_model_2_multimer_v3_pred_36.pdb	1	1	1	1	1	1	1	1	243
cf_woTemplates_model_2_multimer_v3_pred_37.pdb	1	1	1	1	1	1	1	1	8
cf_woTemplates_model_2_multimer_v3_pred_38.pdb	1	1	1	1	1	1	1	1	8
cf_woTemplates_model_2_multimer_v3_pred_39.pdb	1	1	1	1	1	1	1	1	8
cf_woTemplates_model_2_multimer_v3_pred_4.pdb	1	1	1	1	1	1	1	1	8
cf_woTemplates_model_2_multimer_v3_pred_40.pdb	1	1	1	1	1	1	1	1	8
cf_woTemplates_model_2_multimer_v3_pred_41.pdb	1	1	1	1	1	1	1	1	8
cf_woTemplates_model_2_multimer_v3_pred_42.pdb	1	1	1	1	1	1	1	1	8
cf_woTemplates_model_2_multimer_v3_pred_43.pdb	1	1	1	1	1	1	1	1	8
cf_woTemplates_model_2_multimer_v3_pred_44.pdb	1	1	1	1	1	1	1	1	8
cf_woTemplates_model_2_multimer_v3_pred_45.pdb	1	1	1	1	1	1	1	1	8
cf_woTemplates_model_2_multimer_v3_pred_46.pdb	1	1	1	1	1	1	1	1	8
cf_woTemplates_model_2_multimer_v3_pred_47.pdb	1	1	1	1	1	1	1	1	8
cf_woTemplates_model_2_multimer_v3_pred_48.pdb	1	1	1	1	1	1	1	1	8
cf_woTemplates_model_2_multimer_v3_pred_49.pdb	1	1	1	1	1	1	1	1	8
cf_woTemplates_model_2_multimer_v3_pred_5.pdb	1	1	1	1	1	1	1	1	8
cf_woTemplates_model_2_multimer_v3_pred_50.pdb	1	1	1	1	1	1	1	1	8
cf_woTemplates_model_2_multimer_v3_pred_51.pdb	1	1	1	1	1	1	1	1	8
cf_woTemplates_model_2_multimer_v3_pred_52.pdb	1	1	1	1	1	1	1	1	8
cf_woTemplates_model_2_multimer_v3_pred_53.pdb	1	1	1	1	1	1	1	1	166
cf_woTemplates_model_2_multimer_v3_pred_54.pdb	1	1	1	1	1	1	1	1	8
cf_woTemplates_model_2_multimer_v3_pred_55.pdb	1	1	1	1	1	1	1	1	8
cf_woTemplates_model_2_multimer_v3_pred_56.pdb	1	1	1	1	1	1	1	1	8
cf_woTemplates_model_2_multimer_v3_pred_57.pdb	1	1	1	1	1	1	1	1	8
cf_woTemplates_model_2_multimer_v3_pred_58.pdb	1	1	1	1	1	1	1	1	8
cf_woTemplates_model_2_multimer_v3_pred_59.pdb	1	1	1	1	1	1	1	1	8
cf_woTemplates_model_2_multimer_v3_pred_6.pdb	1	1	1	1	1	1	1	1	8
cf_woTemplates_model_2_multimer_v3_pred_60.pdb	1	1	1	1	1	1	1	1	8
cf_woTemplates_model_2_multimer_v3_pred_61.pdb	1	1	1	1	1	1	1	1	8
cf_woTemplates_model_2_multimer_v3_pred_62.pdb	1	1	1	1	1	1	1	1	8
cf_woTemplates_model_2_multimer_v3_pred_63.pdb	1	1	1	1	1	1	1	1	8
cf_woTemplates_model_2_multimer_v3_pred_64.pdb	1	1	1	1	1	1	1	1	8
cf_woTemplates_model_2_multimer_v3_pred_65.pdb	1	1	1	1	1	1	1	1	8
cf_woTemplates_model_2_multimer_v3_pred_66.pdb	1	1	1	1	1	1	1	1	8
cf_woTemplates_model_2_multimer_v3_pred_7.pdb	1	1	1	1	1	1	1	1	8
cf_woTemplates_model_2_multimer_v3_pred_8.pdb	1	1	1	1	1	1	1	1	8
cf_woTemplates_model_2_multimer_v3_pred_9.pdb	1	1	1	1	1	1	1	1	8
cf_woTemplates_model_3_multimer_v1_pred_0.pdb	1	1	1	1	1	1	1	2	29
cf_woTemplates_model_3_multimer_v1_pred_1.pdb	1	1	1	1	1	1	1	2	17
cf_woTemplates_model_3_multimer_v1_pred_10.pdb	1	1	1	1	1	1	1	2	29
cf_woTemplates_model_3_multimer_v1_pred_11.pdb	1	1	1	1	1	1	1	2	80
cf_woTemplates_model_3_multimer_v1_pred_12.pdb	1	1	1	1	1	1	1	2	29
cf_woTemplates_model_3_multimer_v1_pred_13.pdb	1	1	1	1	1	1	1	2	29
cf_woTemplates_model_3_multimer_v1_pred_14.pdb	1	1	1	1	1	1	1	2	18
cf_woTemplates_model_3_multimer_v1_pred_15.pdb	1	1	1	1	1	1	1	2	17
cf_woTemplates_model_3_multimer_v1_pred_16.pdb	1	1	1	1	1	1	1	2	80
cf_woTemplates_model_3_multimer_v1_pred_17.pdb	1	1	1	1	1	1	1	2	29
cf_woTemplates_model_3_multimer_v1_pred_18.pdb	1	1	1	1	1	1	1	2	29
cf_woTemplates_model_3_multimer_v1_pred_19.pdb	1	1	1	1	1	1	1	2	80
cf_woTemplates_model_3_multimer_v1_pred_2.pdb	1	1	1	1	1	1	1	2	29
cf_woTemplates_model_3_multimer_v1_pred_20.pdb	1	1	1	1	1	1	1	2	59
cf_woTemplates_model_3_multimer_v1_pred_21.pdb	1	1	1	1	1	1	1	2	29
cf_woTemplates_model_3_multimer_v1_pred_22.pdb	1	1	1	1	1	1	1	2	29
cf_woTemplates_model_3_multimer_v1_pred_23.pdb	1	1	1	1	1	1	1	2	29
cf_woTemplates_model_3_multimer_v1_pred_24.pdb	1	1	1	1	1	1	1	2	17
cf_woTemplates_model_3_multimer_v1_pred_25.pdb	1	1	1	1	1	1	1	2	1500
cf_woTemplates_model_3_multimer_v1_pred_26.pdb	1	1	1	1	1	1	1	2	29
cf_woTemplates_model_3_multimer_v1_pred_27.pdb	1	1	1	1	1	1	1	2	29
cf_woTemplates_model_3_multimer_v1_pred_28.pdb	1	1	1	1	1	1	1	2	18
cf_woTemplates_model_3_multimer_v1_pred_29.pdb	1	1	1	1	1	1	1	2	29
cf_woTemplates_model_3_multimer_v1_pred_3.pdb	1	1	1	1	1	1	1	2	17
cf_woTemplates_model_3_multimer_v1_pred_30.pdb	1	1	1	1	1	1	1	2	17
cf_woTemplates_model_3_multimer_v1_pred_31.pdb	1	1	1	1	1	1	1	2	1501
cf_woTemplates_model_3_multimer_v1_pred_32.pdb	1	1	1	1	1	1	1	2	17
cf_woTemplates_model_3_multimer_v1_pred_33.pdb	1	1	1	1	1	1	1	2	29
cf_woTemplates_model_3_multimer_v1_pred_34.pdb	1	1	1	1	1	1	1	2	80
cf_woTemplates_model_3_multimer_v1_pred_35.pdb	1	1	1	1	1	1	1	2	80
cf_woTemplates_model_3_multimer_v1_pred_36.pdb	1	1	1	1	1	1	1	2	17
cf_woTemplates_model_3_multimer_v1_pred_37.pdb	1	1	1	1	1	1	1	2	17
cf_woTemplates_model_3_multimer_v1_pred_38.pdb	1	1	1	1	1	1	1	2	80
cf_woTemplates_model_3_multimer_v1_pred_39.pdb	1	1	1	1	1	1	1	2	17
cf_woTemplates_model_3_multimer_v1_pred_4.pdb	1	1	1	1	1	1	1	2	17
cf_woTemplates_model_3_multimer_v1_pred_40.pdb	1	1	1	1	1	1	1	2	18
cf_woTemplates_model_3_multimer_v1_pred_41.pdb	1	1	1	1	1	1	1	2	235
cf_woTemplates_model_3_multimer_v1_pred_42.pdb	1	1	1	1	1	1	1	2	11
cf_woTemplates_model_3_multimer_v1_pred_43.pdb	1	1	1	1	1	1	1	2	17
cf_woTemplates_model_3_multimer_v1_pred_44.pdb	1	1	1	1	1	1	1	2	29
cf_woTemplates_model_3_multimer_v1_pred_45.pdb	1	1	1	1	1	1	1	2	29
cf_woTemplates_model_3_multimer_v1_pred_46.pdb	1	1	1	1	1	1	1	2	29
cf_woTemplates_model_3_multimer_v1_pred_47.pdb	1	1	1	1	1	1	1	2	17
cf_woTemplates_model_3_multimer_v1_pred_48.pdb	1	1	1	1	1	1	1	2	29
cf_woTemplates_model_3_multimer_v1_pred_49.pdb	1	1	1	1	1	1	1	2	17
cf_woTemplates_model_3_multimer_v1_pred_5.pdb	1	1	1	1	1	1	1	2	17
cf_woTemplates_model_3_multimer_v1_pred_50.pdb	1	1	1	1	1	1	1	2	29
cf_woTemplates_model_3_multimer_v1_pred_51.pdb	1	1	1	1	1	1	1	2	17
cf_woTemplates_model_3_multimer_v1_pred_52.pdb	1	1	1	1	1	1	1	2	29
cf_woTemplates_model_3_multimer_v1_pred_53.pdb	1	1	1	1	1	1	1	554	1502
cf_woTemplates_model_3_multimer_v1_pred_54.pdb	1	1	1	1	1	1	1	2	29
cf_woTemplates_model_3_multimer_v1_pred_55.pdb	1	1	1	1	1	1	1	2	29
cf_woTemplates_model_3_multimer_v1_pred_56.pdb	1	1	1	1	1	1	1	2	29
cf_woTemplates_model_3_multimer_v1_pred_57.pdb	1	1	1	1	1	1	1	2	29
cf_woTemplates_model_3_multimer_v1_pred_58.pdb	1	1	1	1	1	1	1	2	29
cf_woTemplates_model_3_multimer_v1_pred_59.pdb	1	1	1	1	1	1	1	2	11
cf_woTemplates_model_3_multimer_v1_pred_6.pdb	1	1	1	1	1	1	1	2	29
cf_woTemplates_model_3_multimer_v1_pred_60.pdb	1	1	1	1	1	1	1	2	17
cf_woTemplates_model_3_multimer_v1_pred_61.pdb	1	1	1	1	1	1	1	2	29
cf_woTemplates_model_3_multimer_v1_pred_62.pdb	1	1	1	1	1	1	1	2	29
cf_woTemplates_model_3_multimer_v1_pred_63.pdb	1	1	1	1	1	1	1	2	29
cf_woTemplates_model_3_multimer_v1_pred_64.pdb	1	1	1	1	1	1	1	2	29
cf_woTemplates_model_3_multimer_v1_pred_65.pdb	1	1	1	1	1	1	1	2	17
cf_woTemplates_model_3_multimer_v1_pred_66.pdb	1	1	1	1	1	1	1	2	29
cf_woTemplates_model_3_multimer_v1_pred_7.pdb	1	1	1	1	1	1	1	2	17
cf_woTemplates_model_3_multimer_v1_pred_8.pdb	1	1	1	1	1	1	1	2	29
cf_woTemplates_model_3_multimer_v1_pred_9.pdb	1	1	1	1	1	1	1	2	17
cf_woTemplates_model_3_multimer_v2_pred_0.pdb	1	1	1	1	1	1	1	1	24
cf_woTemplates_model_3_multimer_v2_pred_1.pdb	1	1	1	1	1	1	1	1	24
cf_woTemplates_model_3_multimer_v2_pred_10.pdb	1	1	1	1	1	1	1	1	24
cf_woTemplates_model_3_multimer_v2_pred_11.pdb	1	1	1	1	1	1	1	1	24
cf_woTemplates_model_3_multimer_v2_pred_12.pdb	1	1	1	1	1	1	1	1	24
cf_woTemplates_model_3_multimer_v2_pred_13.pdb	1	1	1	1	1	1	1	1	57
cf_woTemplates_model_3_multimer_v2_pred_14.pdb	1	1	1	1	1	1	1	1	24
cf_woTemplates_model_3_multimer_v2_pred_15.pdb	1	1	1	1	1	1	1	1	57
cf_woTemplates_model_3_multimer_v2_pred_16.pdb	1	1	1	1	1	1	1	1	57
cf_woTemplates_model_3_multimer_v2_pred_17.pdb	1	1	1	1	1	1	1	1	57
cf_woTemplates_model_3_multimer_v2_pred_18.pdb	1	1	1	1	1	1	1	1	24
cf_woTemplates_model_3_multimer_v2_pred_19.pdb	1	1	1	1	1	1	1	1	24
cf_woTemplates_model_3_multimer_v2_pred_2.pdb	1	1	1	1	1	1	1	1	24
cf_woTemplates_model_3_multimer_v2_pred_20.pdb	1	1	1	1	1	1	1	1	141
cf_woTemplates_model_3_multimer_v2_pred_21.pdb	1	1	1	1	1	1	1	1	141
cf_woTemplates_model_3_multimer_v2_pred_22.pdb	1	1	1	1	1	1	1	1	24
cf_woTemplates_model_3_multimer_v2_pred_23.pdb	1	1	1	1	1	1	1	1	24
cf_woTemplates_model_3_multimer_v2_pred_24.pdb	1	1	1	1	1	1	1	1	24
cf_woTemplates_model_3_multimer_v2_pred_25.pdb	1	1	1	1	1	1	1	1	24
cf_woTemplates_model_3_multimer_v2_pred_26.pdb	1	1	1	1	1	1	1	1	24
cf_woTemplates_model_3_multimer_v2_pred_27.pdb	1	1	1	1	1	1	1	1	24
cf_woTemplates_model_3_multimer_v2_pred_28.pdb	1	1	1	1	1	1	1	1	64
cf_woTemplates_model_3_multimer_v2_pred_29.pdb	1	1	1	1	1	1	1	1	24
cf_woTemplates_model_3_multimer_v2_pred_3.pdb	1	1	1	1	1	1	1	1	64
cf_woTemplates_model_3_multimer_v2_pred_30.pdb	1	1	1	1	1	1	1	1	24
cf_woTemplates_model_3_multimer_v2_pred_31.pdb	1	1	1	1	1	1	1	1	24
cf_woTemplates_model_3_multimer_v2_pred_32.pdb	1	1	1	1	1	1	1	1	24
cf_woTemplates_model_3_multimer_v2_pred_33.pdb	1	1	1	1	1	1	1	1	24
cf_woTemplates_model_3_multimer_v2_pred_34.pdb	1	1	1	1	1	1	1	1	24
cf_woTemplates_model_3_multimer_v2_pred_35.pdb	1	1	1	1	1	1	1	1	24
cf_woTemplates_model_3_multimer_v2_pred_36.pdb	1	1	1	1	1	1	1	1	24
cf_woTemplates_model_3_multimer_v2_pred_37.pdb	1	1	1	1	1	1	1	1	57
cf_woTemplates_model_3_multimer_v2_pred_38.pdb	1	1	1	1	1	1	1	1	24
cf_woTemplates_model_3_multimer_v2_pred_39.pdb	1	1	1	1	1	1	1	1	24
cf_woTemplates_model_3_multimer_v2_pred_4.pdb	1	1	1	1	1	1	1	1	24
cf_woTemplates_model_3_multimer_v2_pred_40.pdb	1	1	1	1	1	1	1	1	24
cf_woTemplates_model_3_multimer_v2_pred_41.pdb	1	1	1	1	1	1	1	1	64
cf_woTemplates_model_3_multimer_v2_pred_42.pdb	1	1	1	1	1	1	1	1	24
cf_woTemplates_model_3_multimer_v2_pred_43.pdb	1	1	1	1	1	1	1	1	24
cf_woTemplates_model_3_multimer_v2_pred_44.pdb	1	1	1	1	1	1	1	1	24
cf_woTemplates_model_3_multimer_v2_pred_45.pdb	1	1	1	1	1	1	1	1	24
cf_woTemplates_model_3_multimer_v2_pred_46.pdb	1	1	1	1	1	1	1	1	24
cf_woTemplates_model_3_multimer_v2_pred_47.pdb	1	1	1	1	1	1	1	1	57
cf_woTemplates_model_3_multimer_v2_pred_48.pdb	1	1	1	1	1	1	1	1	24
cf_woTemplates_model_3_multimer_v2_pred_49.pdb	1	1	1	1	1	1	1	1	24
cf_woTemplates_model_3_multimer_v2_pred_5.pdb	1	1	1	1	1	1	1	1	49
cf_woTemplates_model_3_multimer_v2_pred_50.pdb	1	1	1	1	1	1	1	1	24
cf_woTemplates_model_3_multimer_v2_pred_51.pdb	1	1	1	1	1	1	1	1	24
cf_woTemplates_model_3_multimer_v2_pred_52.pdb	1	1	1	1	1	1	1	1	24
cf_woTemplates_model_3_multimer_v2_pred_53.pdb	1	1	1	1	1	1	1	1	57
cf_woTemplates_model_3_multimer_v2_pred_54.pdb	1	1	1	1	1	1	1	1	57
cf_woTemplates_model_3_multimer_v2_pred_55.pdb	1	1	1	1	1	1	1	1	24
cf_woTemplates_model_3_multimer_v2_pred_56.pdb	1	1	1	1	1	1	1	1	24
cf_woTemplates_model_3_multimer_v2_pred_57.pdb	1	1	1	1	1	1	1	1	24
cf_woTemplates_model_3_multimer_v2_pred_58.pdb	1	1	1	1	1	1	1	1	24
cf_woTemplates_model_3_multimer_v2_pred_59.pdb	1	1	1	1	1	1	1	1	24
cf_woTemplates_model_3_multimer_v2_pred_6.pdb	1	1	1	1	1	1	1	1	24
cf_woTemplates_model_3_multimer_v2_pred_60.pdb	1	1	1	1	1	1	1	1	24
cf_woTemplates_model_3_multimer_v2_pred_61.pdb	1	1	1	1	1	1	1	1	24
cf_woTemplates_model_3_multimer_v2_pred_62.pdb	1	1	1	1	1	1	1	1	57
cf_woTemplates_model_3_multimer_v2_pred_63.pdb	1	1	1	1	1	1	1	1	57
cf_woTemplates_model_3_multimer_v2_pred_64.pdb	1	1	1	1	1	1	1	1	24
cf_woTemplates_model_3_multimer_v2_pred_65.pdb	1	1	1	1	1	1	1	11	1503
cf_woTemplates_model_3_multimer_v2_pred_66.pdb	1	1	1	1	1	1	1	1	24
cf_woTemplates_model_3_multimer_v2_pred_7.pdb	1	1	1	1	1	1	1	1	24
cf_woTemplates_model_3_multimer_v2_pred_8.pdb	1	1	1	1	1	1	1	11	64
cf_woTemplates_model_3_multimer_v2_pred_9.pdb	1	1	1	1	1	1	1	1	64
cf_woTemplates_model_3_multimer_v3_pred_0.pdb	1	1	1	1	1	1	1	1	30
cf_woTemplates_model_3_multimer_v3_pred_1.pdb	1	1	1	1	1	1	1	1	30
cf_woTemplates_model_3_multimer_v3_pred_10.pdb	1	1	1	1	1	1	1	1	30
cf_woTemplates_model_3_multimer_v3_pred_11.pdb	1	1	1	1	1	1	1	1	3
cf_woTemplates_model_3_multimer_v3_pred_12.pdb	1	1	1	1	1	1	1	1	30
cf_woTemplates_model_3_multimer_v3_pred_13.pdb	1	1	1	1	1	1	1	1	3
cf_woTemplates_model_3_multimer_v3_pred_14.pdb	1	1	1	1	1	1	1	1	30
cf_woTemplates_model_3_multimer_v3_pred_15.pdb	1	1	1	1	1	1	1	1	3
cf_woTemplates_model_3_multimer_v3_pred_16.pdb	1	1	1	1	1	1	1	1	30
cf_woTemplates_model_3_multimer_v3_pred_17.pdb	1	1	1	1	1	1	1	1	3
cf_woTemplates_model_3_multimer_v3_pred_18.pdb	1	1	1	1	1	1	1	1	3
cf_woTemplates_model_3_multimer_v3_pred_19.pdb	1	1	1	1	1	1	1	1	30
cf_woTemplates_model_3_multimer_v3_pred_2.pdb	1	1	1	1	1	1	1	1	3
cf_woTemplates_model_3_multimer_v3_pred_20.pdb	1	1	1	1	1	1	1	1	3
cf_woTemplates_model_3_multimer_v3_pred_21.pdb	1	1	1	1	1	1	1	1	3
cf_woTemplates_model_3_multimer_v3_pred_22.pdb	1	1	1	1	1	1	1	1	3
cf_woTemplates_model_3_multimer_v3_pred_23.pdb	1	1	1	1	1	1	1	1	3
cf_woTemplates_model_3_multimer_v3_pred_24.pdb	1	1	1	1	1	1	1	1	30
cf_woTemplates_model_3_multimer_v3_pred_25.pdb	1	1	1	1	1	1	1	1	3
cf_woTemplates_model_3_multimer_v3_pred_26.pdb	1	1	1	1	1	1	1	1	30
cf_woTemplates_model_3_multimer_v3_pred_27.pdb	1	1	1	1	1	1	1	1	30
cf_woTemplates_model_3_multimer_v3_pred_28.pdb	1	1	1	1	1	1	1	1	30
cf_woTemplates_model_3_multimer_v3_pred_29.pdb	1	1	1	1	1	1	1	1	30
cf_woTemplates_model_3_multimer_v3_pred_3.pdb	1	1	1	1	1	1	1	1	3
cf_woTemplates_model_3_multimer_v3_pred_30.pdb	1	1	1	1	1	1	1	1	30
cf_woTemplates_model_3_multimer_v3_pred_31.pdb	1	1	1	1	1	1	1	1	3
cf_woTemplates_model_3_multimer_v3_pred_32.pdb	1	1	1	1	1	1	1	1	30
cf_woTemplates_model_3_multimer_v3_pred_33.pdb	1	1	1	1	1	1	1	1	30
cf_woTemplates_model_3_multimer_v3_pred_34.pdb	1	1	1	1	1	1	1	1	3
cf_woTemplates_model_3_multimer_v3_pred_35.pdb	1	1	1	1	1	1	1	1	30
cf_woTemplates_model_3_multimer_v3_pred_36.pdb	1	1	1	1	1	1	1	1	3
cf_woTemplates_model_3_multimer_v3_pred_37.pdb	1	1	1	1	1	1	1	1	30
cf_woTemplates_model_3_multimer_v3_pred_38.pdb	1	1	1	1	1	1	1	1	3
cf_woTemplates_model_3_multimer_v3_pred_39.pdb	1	1	1	1	1	1	1	1	3
cf_woTemplates_model_3_multimer_v3_pred_4.pdb	1	1	1	1	1	1	1	1	30
cf_woTemplates_model_3_multimer_v3_pred_40.pdb	1	1	1	1	1	1	1	1	30
cf_woTemplates_model_3_multimer_v3_pred_41.pdb	1	1	1	1	1	1	1	1	3
cf_woTemplates_model_3_multimer_v3_pred_42.pdb	1	1	1	1	1	1	1	1	3
cf_woTemplates_model_3_multimer_v3_pred_43.pdb	1	1	1	1	1	1	1	1	30
cf_woTemplates_model_3_multimer_v3_pred_44.pdb	1	1	1	1	1	1	1	1	3
cf_woTemplates_model_3_multimer_v3_pred_45.pdb	1	1	1	1	1	1	1	1	3
cf_woTemplates_model_3_multimer_v3_pred_46.pdb	1	1	1	1	1	1	1	1	52
cf_woTemplates_model_3_multimer_v3_pred_47.pdb	1	1	1	1	1	1	1	1	30
cf_woTemplates_model_3_multimer_v3_pred_48.pdb	1	1	1	1	1	1	1	1	30
cf_woTemplates_model_3_multimer_v3_pred_49.pdb	1	1	1	1	1	1	1	1	3
cf_woTemplates_model_3_multimer_v3_pred_5.pdb	1	1	1	1	1	1	1	1	3
cf_woTemplates_model_3_multimer_v3_pred_50.pdb	1	1	1	1	1	1	1	1	3
cf_woTemplates_model_3_multimer_v3_pred_51.pdb	1	1	1	1	1	1	1	1	3
cf_woTemplates_model_3_multimer_v3_pred_52.pdb	1	1	1	1	1	1	1	1	30
cf_woTemplates_model_3_multimer_v3_pred_53.pdb	1	1	1	1	1	1	1	1	30
cf_woTemplates_model_3_multimer_v3_pred_54.pdb	1	1	1	1	1	1	1	1	30
cf_woTemplates_model_3_multimer_v3_pred_55.pdb	1	1	1	1	1	1	1	1	3
cf_woTemplates_model_3_multimer_v3_pred_56.pdb	1	1	1	1	1	1	1	1	3
cf_woTemplates_model_3_multimer_v3_pred_57.pdb	1	1	1	1	1	1	1	1	3
cf_woTemplates_model_3_multimer_v3_pred_58.pdb	1	1	1	1	1	1	1	1	30
cf_woTemplates_model_3_multimer_v3_pred_59.pdb	1	1	1	1	1	1	1	1	30
cf_woTemplates_model_3_multimer_v3_pred_6.pdb	1	1	1	1	1	1	1	1	30
cf_woTemplates_model_3_multimer_v3_pred_60.pdb	1	1	1	1	1	1	1	1	3
cf_woTemplates_model_3_multimer_v3_pred_61.pdb	1	1	1	1	1	1	1	1	30
cf_woTemplates_model_3_multimer_v3_pred_62.pdb	1	1	1	1	1	1	1	1	30
cf_woTemplates_model_3_multimer_v3_pred_63.pdb	1	1	1	1	1	1	1	1	3
cf_woTemplates_model_3_multimer_v3_pred_64.pdb	1	1	1	1	1	1	1	1	30
cf_woTemplates_model_3_multimer_v3_pred_65.pdb	1	1	1	1	1	1	1	1	3
cf_woTemplates_model_3_multimer_v3_pred_66.pdb	1	1	1	1	1	1	1	1	3
cf_woTemplates_model_3_multimer_v3_pred_7.pdb	1	1	1	1	1	1	1	1	30
cf_woTemplates_model_3_multimer_v3_pred_8.pdb	1	1	1	1	1	1	1	1	30
cf_woTemplates_model_3_multimer_v3_pred_9.pdb	1	1	1	1	1	1	1	1	30
cf_woTemplates_model_4_multimer_v1_pred_0.pdb	1	1	1	1	1	1	1	2	90
cf_woTemplates_model_4_multimer_v1_pred_1.pdb	1	1	1	1	1	1	1	2	11
cf_woTemplates_model_4_multimer_v1_pred_10.pdb	1	1	1	1	1	1	1	2	54
cf_woTemplates_model_4_multimer_v1_pred_11.pdb	1	1	1	1	1	1	1	1	74
cf_woTemplates_model_4_multimer_v1_pred_12.pdb	1	1	1	1	1	1	1	2	18
cf_woTemplates_model_4_multimer_v1_pred_13.pdb	1	1	1	1	1	1	1	2	18
cf_woTemplates_model_4_multimer_v1_pred_14.pdb	1	1	1	1	1	1	1	1	18
cf_woTemplates_model_4_multimer_v1_pred_15.pdb	1	1	1	1	1	1	1	1	18
cf_woTemplates_model_4_multimer_v1_pred_16.pdb	1	1	1	1	1	1	1	2	18
cf_woTemplates_model_4_multimer_v1_pred_17.pdb	1	1	1	1	1	1	1	1	11
cf_woTemplates_model_4_multimer_v1_pred_18.pdb	1	1	1	1	1	1	1	1	74
cf_woTemplates_model_4_multimer_v1_pred_19.pdb	1	1	1	1	1	1	1	1	74
cf_woTemplates_model_4_multimer_v1_pred_2.pdb	1	1	1	1	1	1	1	1	18
cf_woTemplates_model_4_multimer_v1_pred_20.pdb	1	1	1	1	1	1	1	1	237
cf_woTemplates_model_4_multimer_v1_pred_21.pdb	1	1	1	1	1	1	1	1	18
cf_woTemplates_model_4_multimer_v1_pred_22.pdb	1	1	1	1	1	1	1	1	11
cf_woTemplates_model_4_multimer_v1_pred_23.pdb	1	1	1	1	1	1	1	2	18
cf_woTemplates_model_4_multimer_v1_pred_24.pdb	1	1	1	1	1	1	1	2	18
cf_woTemplates_model_4_multimer_v1_pred_25.pdb	1	1	1	1	1	1	1	2	54
cf_woTemplates_model_4_multimer_v1_pred_26.pdb	1	1	1	1	1	1	1	2	18
cf_woTemplates_model_4_multimer_v1_pred_27.pdb	1	1	1	1	1	1	1	1	18
cf_woTemplates_model_4_multimer_v1_pred_28.pdb	1	1	1	1	1	1	1	2	18
cf_woTemplates_model_4_multimer_v1_pred_29.pdb	1	1	1	1	1	1	1	2	18
cf_woTemplates_model_4_multimer_v1_pred_3.pdb	1	1	1	1	1	1	1	1	18
cf_woTemplates_model_4_multimer_v1_pred_30.pdb	1	1	1	1	1	1	1	1	11
cf_woTemplates_model_4_multimer_v1_pred_31.pdb	1	1	1	1	1	1	1	1	18
cf_woTemplates_model_4_multimer_v1_pred_32.pdb	1	1	1	1	1	1	1	2	18
cf_woTemplates_model_4_multimer_v1_pred_33.pdb	1	1	1	1	1	1	1	2	18
cf_woTemplates_model_4_multimer_v1_pred_34.pdb	1	1	1	1	1	1	1	2	11
cf_woTemplates_model_4_multimer_v1_pred_35.pdb	1	1	1	1	1	1	1	2	74
cf_woTemplates_model_4_multimer_v1_pred_36.pdb	1	1	1	1	1	1	1	2	18
cf_woTemplates_model_4_multimer_v1_pred_37.pdb	1	1	1	1	1	1	1	2	74
cf_woTemplates_model_4_multimer_v1_pred_38.pdb	1	1	1	1	1	1	1	1	18
cf_woTemplates_model_4_multimer_v1_pred_39.pdb	1	1	1	1	1	1	1	1	18
cf_woTemplates_model_4_multimer_v1_pred_4.pdb	1	1	1	1	1	1	1	2	18
cf_woTemplates_model_4_multimer_v1_pred_40.pdb	1	1	1	1	1	1	1	2	54
cf_woTemplates_model_4_multimer_v1_pred_41.pdb	1	1	1	1	1	1	1	1	11
cf_woTemplates_model_4_multimer_v1_pred_42.pdb	1	1	1	1	1	1	1	1	18
cf_woTemplates_model_4_multimer_v1_pred_43.pdb	1	1	1	1	1	1	1	1	11
cf_woTemplates_model_4_multimer_v1_pred_44.pdb	1	1	1	1	1	1	1	2	11
cf_woTemplates_model_4_multimer_v1_pred_45.pdb	1	1	1	1	1	1	1	2	18
cf_woTemplates_model_4_multimer_v1_pred_46.pdb	1	1	1	1	1	1	1	1	18
cf_woTemplates_model_4_multimer_v1_pred_47.pdb	1	1	1	1	1	1	1	1	18
cf_woTemplates_model_4_multimer_v1_pred_48.pdb	1	1	1	1	1	1	1	2	18
cf_woTemplates_model_4_multimer_v1_pred_49.pdb	1	1	1	1	1	1	1	1	18
cf_woTemplates_model_4_multimer_v1_pred_5.pdb	1	1	1	1	1	1	1	2	73
cf_woTemplates_model_4_multimer_v1_pred_50.pdb	1	1	1	1	1	1	1	2	18
cf_woTemplates_model_4_multimer_v1_pred_51.pdb	1	1	1	1	1	1	1	2	80
cf_woTemplates_model_4_multimer_v1_pred_52.pdb	1	1	1	1	1	1	1	2	18
cf_woTemplates_model_4_multimer_v1_pred_53.pdb	1	1	1	1	1	1	1	2	18
cf_woTemplates_model_4_multimer_v1_pred_54.pdb	1	1	1	1	1	1	1	2	18
cf_woTemplates_model_4_multimer_v1_pred_55.pdb	1	1	1	1	1	1	1	1	18
cf_woTemplates_model_4_multimer_v1_pred_56.pdb	1	1	1	1	1	1	1	2	54
cf_woTemplates_model_4_multimer_v1_pred_57.pdb	1	1	1	1	1	1	1	2	74
cf_woTemplates_model_4_multimer_v1_pred_58.pdb	1	1	1	1	1	1	1	2	18
cf_woTemplates_model_4_multimer_v1_pred_59.pdb	1	1	1	1	1	1	1	1	28
cf_woTemplates_model_4_multimer_v1_pred_6.pdb	1	1	1	1	1	1	1	2	18
cf_woTemplates_model_4_multimer_v1_pred_60.pdb	1	1	1	1	1	1	1	1	18
cf_woTemplates_model_4_multimer_v1_pred_61.pdb	1	1	1	1	1	1	1	2	18
cf_woTemplates_model_4_multimer_v1_pred_62.pdb	1	1	1	1	1	1	1	1	18
cf_woTemplates_model_4_multimer_v1_pred_63.pdb	1	1	1	1	1	1	1	2	18
cf_woTemplates_model_4_multimer_v1_pred_64.pdb	1	1	1	1	1	1	1	1	18
cf_woTemplates_model_4_multimer_v1_pred_65.pdb	1	1	1	1	1	1	1	5	1504
cf_woTemplates_model_4_multimer_v1_pred_66.pdb	1	1	1	1	1	1	1	2	18
cf_woTemplates_model_4_multimer_v1_pred_7.pdb	1	1	1	1	1	1	1	1	18
cf_woTemplates_model_4_multimer_v1_pred_8.pdb	1	1	1	1	1	1	1	1	18
cf_woTemplates_model_4_multimer_v1_pred_9.pdb	1	1	1	1	1	1	1	1	11
cf_woTemplates_model_4_multimer_v2_pred_0.pdb	1	1	1	1	1	1	1	1	25
cf_woTemplates_model_4_multimer_v2_pred_1.pdb	1	1	1	1	1	1	1	1	37
cf_woTemplates_model_4_multimer_v2_pred_10.pdb	1	1	1	1	1	1	1	1	25
cf_woTemplates_model_4_multimer_v2_pred_11.pdb	1	1	1	1	1	1	1	1	25
cf_woTemplates_model_4_multimer_v2_pred_12.pdb	1	1	1	1	1	1	1	1	25
cf_woTemplates_model_4_multimer_v2_pred_13.pdb	1	1	1	1	1	1	1	1	25
cf_woTemplates_model_4_multimer_v2_pred_14.pdb	1	1	1	1	1	1	1	1	25
cf_woTemplates_model_4_multimer_v2_pred_15.pdb	1	1	1	1	1	1	1	1	25
cf_woTemplates_model_4_multimer_v2_pred_16.pdb	1	1	1	1	1	1	1	1	25
cf_woTemplates_model_4_multimer_v2_pred_17.pdb	1	1	1	1	1	1	1	1	37
cf_woTemplates_model_4_multimer_v2_pred_18.pdb	1	1	1	1	1	1	1	11	25
cf_woTemplates_model_4_multimer_v2_pred_19.pdb	1	1	1	1	1	1	1	1	25
cf_woTemplates_model_4_multimer_v2_pred_2.pdb	1	1	1	1	1	1	1	1	25
cf_woTemplates_model_4_multimer_v2_pred_20.pdb	1	1	1	1	1	1	1	1	25
cf_woTemplates_model_4_multimer_v2_pred_21.pdb	1	1	1	1	1	1	1	1	25
cf_woTemplates_model_4_multimer_v2_pred_22.pdb	1	1	1	1	1	1	1	1	37
cf_woTemplates_model_4_multimer_v2_pred_23.pdb	1	1	1	1	1	1	1	1	25
cf_woTemplates_model_4_multimer_v2_pred_24.pdb	1	1	1	1	1	1	1	1	37
cf_woTemplates_model_4_multimer_v2_pred_25.pdb	1	1	1	1	1	1	1	1	25
cf_woTemplates_model_4_multimer_v2_pred_26.pdb	1	1	1	1	1	1	1	1	37
cf_woTemplates_model_4_multimer_v2_pred_27.pdb	1	1	1	1	1	1	1	1	37
cf_woTemplates_model_4_multimer_v2_pred_28.pdb	1	1	1	1	1	1	1	11	25
cf_woTemplates_model_4_multimer_v2_pred_29.pdb	1	1	1	1	1	1	1	1	25
cf_woTemplates_model_4_multimer_v2_pred_3.pdb	1	1	1	1	1	1	1	1	25
cf_woTemplates_model_4_multimer_v2_pred_30.pdb	1	1	1	1	1	1	1	1	25
cf_woTemplates_model_4_multimer_v2_pred_31.pdb	1	1	1	1	1	1	1	1	25
cf_woTemplates_model_4_multimer_v2_pred_32.pdb	1	1	1	1	1	1	1	1	25
cf_woTemplates_model_4_multimer_v2_pred_33.pdb	1	1	1	1	1	1	1	1	25
cf_woTemplates_model_4_multimer_v2_pred_34.pdb	1	1	1	1	1	1	1	1	37
cf_woTemplates_model_4_multimer_v2_pred_35.pdb	1	1	1	1	1	1	1	1	37
cf_woTemplates_model_4_multimer_v2_pred_36.pdb	1	1	1	1	1	1	1	1	9
cf_woTemplates_model_4_multimer_v2_pred_37.pdb	1	1	1	1	1	1	1	1	25
cf_woTemplates_model_4_multimer_v2_pred_38.pdb	1	1	1	1	1	1	1	1	25
cf_woTemplates_model_4_multimer_v2_pred_39.pdb	1	1	1	1	1	1	1	1	25
cf_woTemplates_model_4_multimer_v2_pred_4.pdb	1	1	1	1	1	1	1	1	25
cf_woTemplates_model_4_multimer_v2_pred_40.pdb	1	1	1	1	1	1	1	11	25
cf_woTemplates_model_4_multimer_v2_pred_41.pdb	1	1	1	1	1	1	1	1	25
cf_woTemplates_model_4_multimer_v2_pred_42.pdb	1	1	1	1	1	1	1	1	37
cf_woTemplates_model_4_multimer_v2_pred_43.pdb	1	1	1	1	1	1	1	1	37
cf_woTemplates_model_4_multimer_v2_pred_44.pdb	1	1	1	1	1	1	1	1	37
cf_woTemplates_model_4_multimer_v2_pred_45.pdb	1	1	1	1	1	1	1	1	25
cf_woTemplates_model_4_multimer_v2_pred_46.pdb	1	1	1	1	1	1	1	1	25
cf_woTemplates_model_4_multimer_v2_pred_47.pdb	1	1	1	1	1	1	1	1	25
cf_woTemplates_model_4_multimer_v2_pred_48.pdb	1	1	1	1	1	1	1	11	25
cf_woTemplates_model_4_multimer_v2_pred_49.pdb	1	1	1	1	1	1	1	11	25
cf_woTemplates_model_4_multimer_v2_pred_5.pdb	1	1	1	1	1	1	1	1	25
cf_woTemplates_model_4_multimer_v2_pred_50.pdb	1	1	1	1	1	1	1	1	25
cf_woTemplates_model_4_multimer_v2_pred_51.pdb	1	1	1	1	1	1	1	1	25
cf_woTemplates_model_4_multimer_v2_pred_52.pdb	1	1	1	1	1	1	1	1	25
cf_woTemplates_model_4_multimer_v2_pred_53.pdb	1	1	1	1	1	1	1	1	25
cf_woTemplates_model_4_multimer_v2_pred_54.pdb	1	1	1	1	1	1	1	1	37
cf_woTemplates_model_4_multimer_v2_pred_55.pdb	1	1	1	1	1	1	1	1	37
cf_woTemplates_model_4_multimer_v2_pred_56.pdb	1	1	1	1	1	1	1	11	25
cf_woTemplates_model_4_multimer_v2_pred_57.pdb	1	1	1	1	1	1	1	1	37
cf_woTemplates_model_4_multimer_v2_pred_58.pdb	1	1	1	1	1	1	1	1	37
cf_woTemplates_model_4_multimer_v2_pred_59.pdb	1	1	1	1	1	1	1	1	37
cf_woTemplates_model_4_multimer_v2_pred_6.pdb	1	1	1	1	1	1	1	1	37
cf_woTemplates_model_4_multimer_v2_pred_60.pdb	1	1	1	1	1	1	1	1	25
cf_woTemplates_model_4_multimer_v2_pred_61.pdb	1	1	1	1	1	1	1	1	25
cf_woTemplates_model_4_multimer_v2_pred_62.pdb	1	1	1	1	1	1	1	1	37
cf_woTemplates_model_4_multimer_v2_pred_63.pdb	1	1	1	1	1	1	1	1	9
cf_woTemplates_model_4_multimer_v2_pred_64.pdb	1	1	1	1	1	1	1	1	25
cf_woTemplates_model_4_multimer_v2_pred_65.pdb	1	1	1	1	1	1	1	1	37
cf_woTemplates_model_4_multimer_v2_pred_66.pdb	1	1	1	1	1	1	1	1	37
cf_woTemplates_model_4_multimer_v2_pred_7.pdb	1	1	1	1	1	1	1	1	25
cf_woTemplates_model_4_multimer_v2_pred_8.pdb	1	1	1	1	1	1	1	11	25
cf_woTemplates_model_4_multimer_v2_pred_9.pdb	1	1	1	1	1	1	1	1	37
cf_woTemplates_model_4_multimer_v3_pred_0.pdb	1	1	1	1	1	1	1	1	2
cf_woTemplates_model_4_multimer_v3_pred_1.pdb	1	1	1	1	1	1	1	1	22
cf_woTemplates_model_4_multimer_v3_pred_10.pdb	1	1	1	1	1	1	1	1	22
cf_woTemplates_model_4_multimer_v3_pred_11.pdb	1	1	1	1	1	1	1	1	22
cf_woTemplates_model_4_multimer_v3_pred_12.pdb	1	1	1	1	1	1	1	1	22
cf_woTemplates_model_4_multimer_v3_pred_13.pdb	1	1	1	1	1	1	1	1	22
cf_woTemplates_model_4_multimer_v3_pred_14.pdb	1	1	1	1	1	1	1	1	42
cf_woTemplates_model_4_multimer_v3_pred_15.pdb	1	1	1	1	1	1	1	1	2
cf_woTemplates_model_4_multimer_v3_pred_16.pdb	1	1	1	1	1	1	1	1	22
cf_woTemplates_model_4_multimer_v3_pred_17.pdb	1	1	1	1	1	1	1	1	42
cf_woTemplates_model_4_multimer_v3_pred_18.pdb	1	1	1	1	1	1	1	1	2
cf_woTemplates_model_4_multimer_v3_pred_19.pdb	1	1	1	1	1	1	1	1	2
cf_woTemplates_model_4_multimer_v3_pred_2.pdb	1	1	1	1	1	1	1	1	42
cf_woTemplates_model_4_multimer_v3_pred_20.pdb	1	1	1	1	1	1	1	1	22
cf_woTemplates_model_4_multimer_v3_pred_21.pdb	1	1	1	1	1	1	1	1	2
cf_woTemplates_model_4_multimer_v3_pred_22.pdb	1	1	1	1	1	1	1	1	22
cf_woTemplates_model_4_multimer_v3_pred_23.pdb	1	1	1	1	1	1	1	1	22
cf_woTemplates_model_4_multimer_v3_pred_24.pdb	1	1	1	1	1	1	1	1	22
cf_woTemplates_model_4_multimer_v3_pred_25.pdb	1	1	1	1	1	1	1	1	22
cf_woTemplates_model_4_multimer_v3_pred_26.pdb	1	1	1	1	1	1	1	1	22
cf_woTemplates_model_4_multimer_v3_pred_27.pdb	1	1	1	1	1	1	1	1	22
cf_woTemplates_model_4_multimer_v3_pred_28.pdb	1	1	1	1	1	1	1	1	22
cf_woTemplates_model_4_multimer_v3_pred_29.pdb	1	1	1	1	1	1	1	1	22
cf_woTemplates_model_4_multimer_v3_pred_3.pdb	1	1	1	1	1	1	1	1	2
cf_woTemplates_model_4_multimer_v3_pred_30.pdb	1	1	1	1	1	1	1	1	22
cf_woTemplates_model_4_multimer_v3_pred_31.pdb	1	1	1	1	1	1	1	1	42
cf_woTemplates_model_4_multimer_v3_pred_32.pdb	1	1	1	1	1	1	1	1	22
cf_woTemplates_model_4_multimer_v3_pred_33.pdb	1	1	1	1	1	1	1	1	2
cf_woTemplates_model_4_multimer_v3_pred_34.pdb	1	1	1	1	1	1	1	1	22
cf_woTemplates_model_4_multimer_v3_pred_35.pdb	1	1	1	1	1	1	1	1	22
cf_woTemplates_model_4_multimer_v3_pred_36.pdb	1	1	1	1	1	1	1	1	22
cf_woTemplates_model_4_multimer_v3_pred_37.pdb	1	1	1	1	1	1	1	1	22
cf_woTemplates_model_4_multimer_v3_pred_38.pdb	1	1	1	1	1	1	1	1	2
cf_woTemplates_model_4_multimer_v3_pred_39.pdb	1	1	1	1	1	1	1	1	22
cf_woTemplates_model_4_multimer_v3_pred_4.pdb	1	1	1	1	1	1	1	1	2
cf_woTemplates_model_4_multimer_v3_pred_40.pdb	1	1	1	1	1	1	1	1	42
cf_woTemplates_model_4_multimer_v3_pred_41.pdb	1	1	1	1	1	1	1	1	2
cf_woTemplates_model_4_multimer_v3_pred_42.pdb	1	1	1	1	1	1	1	1	22
cf_woTemplates_model_4_multimer_v3_pred_43.pdb	1	1	1	1	1	1	1	1	2
cf_woTemplates_model_4_multimer_v3_pred_44.pdb	1	1	1	1	1	1	1	1	22
cf_woTemplates_model_4_multimer_v3_pred_45.pdb	1	1	1	1	1	1	1	1	22
cf_woTemplates_model_4_multimer_v3_pred_46.pdb	1	1	1	1	1	1	1	1	22
cf_woTemplates_model_4_multimer_v3_pred_47.pdb	1	1	1	1	1	1	1	1	22
cf_woTemplates_model_4_multimer_v3_pred_48.pdb	1	1	1	1	1	1	1	1	22
cf_woTemplates_model_4_multimer_v3_pred_49.pdb	1	1	1	1	1	1	1	1	22
cf_woTemplates_model_4_multimer_v3_pred_5.pdb	1	1	1	1	1	1	1	1	22
cf_woTemplates_model_4_multimer_v3_pred_50.pdb	1	1	1	1	1	1	1	1	42
cf_woTemplates_model_4_multimer_v3_pred_51.pdb	1	1	1	1	1	1	1	1	22
cf_woTemplates_model_4_multimer_v3_pred_52.pdb	1	1	1	1	1	1	1	1	2
cf_woTemplates_model_4_multimer_v3_pred_53.pdb	1	1	1	1	1	1	1	1	22
cf_woTemplates_model_4_multimer_v3_pred_54.pdb	1	1	1	1	1	1	1	1	42
cf_woTemplates_model_4_multimer_v3_pred_55.pdb	1	1	1	1	1	1	1	1	1
cf_woTemplates_model_4_multimer_v3_pred_56.pdb	1	1	1	1	1	1	1	1	22
cf_woTemplates_model_4_multimer_v3_pred_57.pdb	1	1	1	1	1	1	1	1	22
cf_woTemplates_model_4_multimer_v3_pred_58.pdb	1	1	1	1	1	1	1	1	2
cf_woTemplates_model_4_multimer_v3_pred_59.pdb	1	1	1	1	1	1	1	1	22
cf_woTemplates_model_4_multimer_v3_pred_6.pdb	1	1	1	1	1	1	1	1	22
cf_woTemplates_model_4_multimer_v3_pred_60.pdb	1	1	1	1	1	1	1	1	22
cf_woTemplates_model_4_multimer_v3_pred_61.pdb	1	1	1	1	1	1	1	1	22
cf_woTemplates_model_4_multimer_v3_pred_62.pdb	1	1	1	1	1	1	1	1	22
cf_woTemplates_model_4_multimer_v3_pred_63.pdb	1	1	1	1	1	1	1	1	22
cf_woTemplates_model_4_multimer_v3_pred_64.pdb	1	1	1	1	1	1	1	1	22
cf_woTemplates_model_4_multimer_v3_pred_65.pdb	1	1	1	1	1	1	1	1	42
cf_woTemplates_model_4_multimer_v3_pred_66.pdb	1	1	1	1	1	1	1	1	2
cf_woTemplates_model_4_multimer_v3_pred_7.pdb	1	1	1	1	1	1	1	1	42
cf_woTemplates_model_4_multimer_v3_pred_8.pdb	1	1	1	1	1	1	1	1	22
cf_woTemplates_model_4_multimer_v3_pred_9.pdb	1	1	1	1	1	1	1	1	42
cf_woTemplates_model_5_multimer_v1_pred_0.pdb	1	1	1	1	1	1	1	2	28
cf_woTemplates_model_5_multimer_v1_pred_1.pdb	1	1	1	1	1	1	1	2	28
cf_woTemplates_model_5_multimer_v1_pred_10.pdb	1	1	1	1	1	1	1	1	28
cf_woTemplates_model_5_multimer_v1_pred_11.pdb	1	1	1	1	1	1	1	1	28
cf_woTemplates_model_5_multimer_v1_pred_12.pdb	1	1	1	1	1	1	1	2	39
cf_woTemplates_model_5_multimer_v1_pred_13.pdb	1	1	1	1	1	1	1	1	28
cf_woTemplates_model_5_multimer_v1_pred_14.pdb	1	1	1	1	1	1	1	2	28
cf_woTemplates_model_5_multimer_v1_pred_15.pdb	1	1	1	1	1	1	1	2	244
cf_woTemplates_model_5_multimer_v1_pred_16.pdb	1	1	1	1	1	1	1	1	11
cf_woTemplates_model_5_multimer_v1_pred_17.pdb	1	1	1	1	1	1	1	1	28
cf_woTemplates_model_5_multimer_v1_pred_18.pdb	1	1	1	1	1	1	1	1	28
cf_woTemplates_model_5_multimer_v1_pred_19.pdb	1	1	1	1	1	1	1	1	66
cf_woTemplates_model_5_multimer_v1_pred_2.pdb	1	1	1	1	1	1	1	34	1505
cf_woTemplates_model_5_multimer_v1_pred_20.pdb	1	1	1	1	1	1	1	1	28
cf_woTemplates_model_5_multimer_v1_pred_21.pdb	1	1	1	1	1	1	1	1	28
cf_woTemplates_model_5_multimer_v1_pred_22.pdb	1	1	1	1	1	1	1	2	28
cf_woTemplates_model_5_multimer_v1_pred_23.pdb	1	1	1	1	1	1	1	1	11
cf_woTemplates_model_5_multimer_v1_pred_24.pdb	1	1	1	1	1	1	1	1	28
cf_woTemplates_model_5_multimer_v1_pred_25.pdb	1	1	1	1	1	1	1	2	28
cf_woTemplates_model_5_multimer_v1_pred_26.pdb	1	1	1	1	1	1	1	7	28
cf_woTemplates_model_5_multimer_v1_pred_27.pdb	1	1	1	1	1	1	1	1	11
cf_woTemplates_model_5_multimer_v1_pred_28.pdb	1	1	1	1	1	1	1	1	28
cf_woTemplates_model_5_multimer_v1_pred_29.pdb	1	1	1	1	1	1	1	1	28
cf_woTemplates_model_5_multimer_v1_pred_3.pdb	1	1	1	1	1	1	1	1	28
cf_woTemplates_model_5_multimer_v1_pred_30.pdb	1	1	1	1	1	1	2	34	1506
cf_woTemplates_model_5_multimer_v1_pred_31.pdb	1	1	1	1	1	1	1	2	39
cf_woTemplates_model_5_multimer_v1_pred_32.pdb	1	1	1	1	1	1	1	2	169
cf_woTemplates_model_5_multimer_v1_pred_33.pdb	1	1	1	1	1	1	1	2	11
cf_woTemplates_model_5_multimer_v1_pred_34.pdb	1	1	1	1	1	1	1	1	28
cf_woTemplates_model_5_multimer_v1_pred_35.pdb	1	1	1	1	1	1	1	1	28
cf_woTemplates_model_5_multimer_v1_pred_36.pdb	1	1	1	1	1	1	1	1	28
cf_woTemplates_model_5_multimer_v1_pred_37.pdb	1	1	1	1	1	1	1	7	244
cf_woTemplates_model_5_multimer_v1_pred_38.pdb	1	1	1	1	1	1	1	1	28
cf_woTemplates_model_5_multimer_v1_pred_39.pdb	1	1	1	1	1	1	1	2	108
cf_woTemplates_model_5_multimer_v1_pred_4.pdb	1	1	1	1	1	1	1	2	28
cf_woTemplates_model_5_multimer_v1_pred_40.pdb	1	1	1	1	1	1	1	2	245
cf_woTemplates_model_5_multimer_v1_pred_41.pdb	1	1	1	1	1	1	1	2	28
cf_woTemplates_model_5_multimer_v1_pred_42.pdb	1	1	1	1	1	1	1	2	39
cf_woTemplates_model_5_multimer_v1_pred_43.pdb	1	1	1	1	1	1	1	1	11
cf_woTemplates_model_5_multimer_v1_pred_44.pdb	1	1	1	1	1	1	1	2	106
cf_woTemplates_model_5_multimer_v1_pred_45.pdb	1	1	1	1	1	1	1	1	28
cf_woTemplates_model_5_multimer_v1_pred_46.pdb	1	1	1	1	1	1	1	1	28
cf_woTemplates_model_5_multimer_v1_pred_47.pdb	1	1	1	1	1	1	1	2	169
cf_woTemplates_model_5_multimer_v1_pred_48.pdb	1	1	1	1	1	1	1	7	28
cf_woTemplates_model_5_multimer_v1_pred_49.pdb	1	1	1	1	1	1	1	2	169
cf_woTemplates_model_5_multimer_v1_pred_5.pdb	1	1	1	1	1	1	1	7	28
cf_woTemplates_model_5_multimer_v1_pred_50.pdb	1	1	1	1	1	1	1	2	108
cf_woTemplates_model_5_multimer_v1_pred_51.pdb	1	1	1	1	1	1	1	1	66
cf_woTemplates_model_5_multimer_v1_pred_52.pdb	1	1	1	1	1	1	1	1	28
cf_woTemplates_model_5_multimer_v1_pred_53.pdb	1	1	1	1	1	1	1	1	28
cf_woTemplates_model_5_multimer_v1_pred_54.pdb	1	1	1	1	1	1	1	5	170
cf_woTemplates_model_5_multimer_v1_pred_55.pdb	1	1	1	1	1	1	1	2	28
cf_woTemplates_model_5_multimer_v1_pred_56.pdb	1	1	1	1	1	1	1	5	170
cf_woTemplates_model_5_multimer_v1_pred_57.pdb	1	1	1	1	1	1	1	2	28
cf_woTemplates_model_5_multimer_v1_pred_58.pdb	1	1	1	1	1	1	1	2	106
cf_woTemplates_model_5_multimer_v1_pred_59.pdb	1	1	1	1	1	1	1	5	1507
cf_woTemplates_model_5_multimer_v1_pred_6.pdb	1	1	1	1	1	1	1	1	66
cf_woTemplates_model_5_multimer_v1_pred_60.pdb	1	1	1	1	1	1	1	2	28
cf_woTemplates_model_5_multimer_v1_pred_61.pdb	1	1	1	1	1	1	2	34	1508
cf_woTemplates_model_5_multimer_v1_pred_62.pdb	1	1	1	1	1	1	1	1	28
cf_woTemplates_model_5_multimer_v1_pred_63.pdb	1	1	1	1	1	1	1	7	28
cf_woTemplates_model_5_multimer_v1_pred_64.pdb	1	1	1	1	1	1	1	1	28
cf_woTemplates_model_5_multimer_v1_pred_65.pdb	2	2	1	4	6	169	303	555	1509
cf_woTemplates_model_5_multimer_v1_pred_66.pdb	1	1	1	1	1	1	1	5	170
cf_woTemplates_model_5_multimer_v1_pred_7.pdb	1	1	1	1	1	1	1	2	245
cf_woTemplates_model_5_multimer_v1_pred_8.pdb	1	1	1	1	1	1	2	34	1510
cf_woTemplates_model_5_multimer_v1_pred_9.pdb	1	1	1	1	1	1	1	1	28
cf_woTemplates_model_5_multimer_v2_pred_0.pdb	1	1	1	1	1	1	1	1	32
cf_woTemplates_model_5_multimer_v2_pred_1.pdb	1	1	1	1	1	1	1	1	10
cf_woTemplates_model_5_multimer_v2_pred_10.pdb	1	1	1	1	1	1	1	1	32
cf_woTemplates_model_5_multimer_v2_pred_11.pdb	1	1	1	1	1	1	1	1	10
cf_woTemplates_model_5_multimer_v2_pred_12.pdb	1	1	1	1	1	1	1	1	10
cf_woTemplates_model_5_multimer_v2_pred_13.pdb	1	1	1	1	1	1	1	1	10
cf_woTemplates_model_5_multimer_v2_pred_14.pdb	1	1	1	1	1	1	1	1	32
cf_woTemplates_model_5_multimer_v2_pred_15.pdb	1	1	1	1	1	1	1	1	32
cf_woTemplates_model_5_multimer_v2_pred_16.pdb	1	1	1	1	1	1	1	1	32
cf_woTemplates_model_5_multimer_v2_pred_17.pdb	1	1	1	1	1	1	1	1	32
cf_woTemplates_model_5_multimer_v2_pred_18.pdb	1	1	1	1	1	1	1	1	32
cf_woTemplates_model_5_multimer_v2_pred_19.pdb	1	1	1	1	1	1	1	1	32
cf_woTemplates_model_5_multimer_v2_pred_2.pdb	1	1	1	1	1	1	1	1	32
cf_woTemplates_model_5_multimer_v2_pred_20.pdb	1	1	1	1	1	1	1	1	10
cf_woTemplates_model_5_multimer_v2_pred_21.pdb	1	1	1	1	1	1	1	1	32
cf_woTemplates_model_5_multimer_v2_pred_22.pdb	1	1	1	1	1	1	1	1	32
cf_woTemplates_model_5_multimer_v2_pred_23.pdb	1	1	1	1	1	1	1	1	143
cf_woTemplates_model_5_multimer_v2_pred_24.pdb	1	1	1	1	1	1	1	1	32
cf_woTemplates_model_5_multimer_v2_pred_25.pdb	1	1	1	1	1	1	1	1	56
cf_woTemplates_model_5_multimer_v2_pred_26.pdb	1	1	1	1	1	1	1	1	10
cf_woTemplates_model_5_multimer_v2_pred_27.pdb	1	1	1	1	1	1	1	1	32
cf_woTemplates_model_5_multimer_v2_pred_28.pdb	1	1	1	1	1	1	1	1	10
cf_woTemplates_model_5_multimer_v2_pred_29.pdb	1	1	1	1	1	1	1	1	246
cf_woTemplates_model_5_multimer_v2_pred_3.pdb	1	1	1	1	1	1	1	1	143
cf_woTemplates_model_5_multimer_v2_pred_30.pdb	1	1	1	1	1	1	1	1	32
cf_woTemplates_model_5_multimer_v2_pred_31.pdb	1	1	1	1	1	1	1	1	32
cf_woTemplates_model_5_multimer_v2_pred_32.pdb	1	1	1	1	1	1	1	1	32
cf_woTemplates_model_5_multimer_v2_pred_33.pdb	1	1	1	1	1	1	1	1	56
cf_woTemplates_model_5_multimer_v2_pred_34.pdb	1	1	1	1	1	1	1	1	10
cf_woTemplates_model_5_multimer_v2_pred_35.pdb	1	1	1	1	1	1	1	1	32
cf_woTemplates_model_5_multimer_v2_pred_36.pdb	1	1	1	1	1	1	1	1	32
cf_woTemplates_model_5_multimer_v2_pred_37.pdb	1	1	1	1	1	1	1	1	32
cf_woTemplates_model_5_multimer_v2_pred_38.pdb	1	1	1	1	1	1	1	1	32
cf_woTemplates_model_5_multimer_v2_pred_39.pdb	1	1	1	1	1	1	1	1	32
cf_woTemplates_model_5_multimer_v2_pred_4.pdb	1	1	1	1	1	1	1	1	10
cf_woTemplates_model_5_multimer_v2_pred_40.pdb	1	1	1	1	1	1	1	1	32
cf_woTemplates_model_5_multimer_v2_pred_41.pdb	1	1	1	1	1	1	1	1	32
cf_woTemplates_model_5_multimer_v2_pred_42.pdb	1	1	1	1	1	1	1	1	32
cf_woTemplates_model_5_multimer_v2_pred_43.pdb	1	1	1	1	1	1	1	1	51
cf_woTemplates_model_5_multimer_v2_pred_44.pdb	1	1	1	1	1	1	1	1	32
cf_woTemplates_model_5_multimer_v2_pred_45.pdb	1	1	1	1	1	1	1	1	32
cf_woTemplates_model_5_multimer_v2_pred_46.pdb	1	1	1	1	1	1	1	1	32
cf_woTemplates_model_5_multimer_v2_pred_47.pdb	1	1	1	1	1	1	1	1	10
cf_woTemplates_model_5_multimer_v2_pred_48.pdb	1	1	1	1	1	1	1	1	32
cf_woTemplates_model_5_multimer_v2_pred_49.pdb	1	1	1	1	1	1	1	1	32
cf_woTemplates_model_5_multimer_v2_pred_5.pdb	1	1	1	1	1	1	1	1	10
cf_woTemplates_model_5_multimer_v2_pred_50.pdb	1	1	1	1	1	1	1	1	10
cf_woTemplates_model_5_multimer_v2_pred_51.pdb	1	1	1	1	1	1	1	1	10
cf_woTemplates_model_5_multimer_v2_pred_52.pdb	1	1	1	1	1	1	1	1	32
cf_woTemplates_model_5_multimer_v2_pred_53.pdb	1	1	1	1	1	1	1	1	32
cf_woTemplates_model_5_multimer_v2_pred_54.pdb	1	1	1	1	1	1	1	1	10
cf_woTemplates_model_5_multimer_v2_pred_55.pdb	1	1	1	1	1	1	1	1	32
cf_woTemplates_model_5_multimer_v2_pred_56.pdb	1	1	1	1	1	1	1	1	32
cf_woTemplates_model_5_multimer_v2_pred_57.pdb	1	1	1	1	1	1	1	1	32
cf_woTemplates_model_5_multimer_v2_pred_58.pdb	1	1	1	1	1	1	1	1	10
cf_woTemplates_model_5_multimer_v2_pred_59.pdb	1	1	1	1	1	1	1	1	10
cf_woTemplates_model_5_multimer_v2_pred_6.pdb	1	1	1	1	1	1	1	33	143
cf_woTemplates_model_5_multimer_v2_pred_60.pdb	1	1	1	1	1	1	1	1	32
cf_woTemplates_model_5_multimer_v2_pred_61.pdb	1	1	1	1	1	1	1	1	10
cf_woTemplates_model_5_multimer_v2_pred_62.pdb	1	1	1	1	1	1	1	1	10
cf_woTemplates_model_5_multimer_v2_pred_63.pdb	1	1	1	1	1	1	1	1	32
cf_woTemplates_model_5_multimer_v2_pred_64.pdb	1	1	1	1	1	1	1	1	56
cf_woTemplates_model_5_multimer_v2_pred_65.pdb	1	1	1	1	1	1	1	1	246
cf_woTemplates_model_5_multimer_v2_pred_66.pdb	1	1	1	1	1	1	1	1	56
cf_woTemplates_model_5_multimer_v2_pred_7.pdb	1	1	1	1	1	1	1	1	10
cf_woTemplates_model_5_multimer_v2_pred_8.pdb	1	1	1	1	1	1	1	1	143
cf_woTemplates_model_5_multimer_v2_pred_9.pdb	1	1	1	1	1	1	1	1	32
cf_woTemplates_model_5_multimer_v3_pred_0.pdb	1	1	1	1	1	1	1	1	20
cf_woTemplates_model_5_multimer_v3_pred_1.pdb	1	1	1	1	1	1	1	1	20
cf_woTemplates_model_5_multimer_v3_pred_10.pdb	1	1	1	1	1	1	1	1	20
cf_woTemplates_model_5_multimer_v3_pred_11.pdb	1	1	1	1	1	1	1	1	20
cf_woTemplates_model_5_multimer_v3_pred_12.pdb	1	1	1	1	1	1	1	1	20
cf_woTemplates_model_5_multimer_v3_pred_13.pdb	1	1	1	1	1	1	1	1	20
cf_woTemplates_model_5_multimer_v3_pred_14.pdb	1	1	1	1	1	1	1	1	20
cf_woTemplates_model_5_multimer_v3_pred_15.pdb	1	1	1	1	1	1	1	1	20
cf_woTemplates_model_5_multimer_v3_pred_16.pdb	1	1	1	1	1	1	1	1	20
cf_woTemplates_model_5_multimer_v3_pred_17.pdb	1	1	1	1	1	1	1	1	2
cf_woTemplates_model_5_multimer_v3_pred_18.pdb	1	1	1	1	1	1	1	1	20
cf_woTemplates_model_5_multimer_v3_pred_19.pdb	1	1	1	1	1	1	1	1	20
cf_woTemplates_model_5_multimer_v3_pred_2.pdb	1	1	1	1	1	1	1	1	2
cf_woTemplates_model_5_multimer_v3_pred_20.pdb	1	1	1	1	1	1	1	1	1511
cf_woTemplates_model_5_multimer_v3_pred_21.pdb	1	1	1	1	1	1	1	1	20
cf_woTemplates_model_5_multimer_v3_pred_22.pdb	1	1	1	1	1	1	1	1	20
cf_woTemplates_model_5_multimer_v3_pred_23.pdb	1	1	1	1	1	1	1	1	62
cf_woTemplates_model_5_multimer_v3_pred_24.pdb	1	1	1	1	1	1	1	1	2
cf_woTemplates_model_5_multimer_v3_pred_25.pdb	1	1	1	1	1	1	1	1	20
cf_woTemplates_model_5_multimer_v3_pred_26.pdb	1	1	1	1	1	1	1	1	13
cf_woTemplates_model_5_multimer_v3_pred_27.pdb	1	1	1	1	1	1	1	1	20
cf_woTemplates_model_5_multimer_v3_pred_28.pdb	1	1	1	1	1	1	1	1	13
cf_woTemplates_model_5_multimer_v3_pred_29.pdb	1	1	1	1	1	1	1	1	2
cf_woTemplates_model_5_multimer_v3_pred_3.pdb	1	1	1	1	1	1	1	1	2
cf_woTemplates_model_5_multimer_v3_pred_30.pdb	1	1	1	1	1	1	1	1	20
cf_woTemplates_model_5_multimer_v3_pred_31.pdb	1	1	1	1	1	1	1	1	20
cf_woTemplates_model_5_multimer_v3_pred_32.pdb	1	1	1	1	1	1	1	1	20
cf_woTemplates_model_5_multimer_v3_pred_33.pdb	1	1	1	1	1	1	1	1	20
cf_woTemplates_model_5_multimer_v3_pred_34.pdb	1	1	1	1	1	1	1	1	20
cf_woTemplates_model_5_multimer_v3_pred_35.pdb	1	1	1	1	1	1	1	1	20
cf_woTemplates_model_5_multimer_v3_pred_36.pdb	1	1	1	1	1	1	1	1	20
cf_woTemplates_model_5_multimer_v3_pred_37.pdb	1	1	1	1	1	1	1	1	20
cf_woTemplates_model_5_multimer_v3_pred_38.pdb	1	1	1	1	1	1	1	1	20
cf_woTemplates_model_5_multimer_v3_pred_39.pdb	1	1	1	1	1	1	1	1	62
cf_woTemplates_model_5_multimer_v3_pred_4.pdb	1	1	1	1	1	1	1	1	20
cf_woTemplates_model_5_multimer_v3_pred_40.pdb	1	1	1	1	1	1	1	1	20
cf_woTemplates_model_5_multimer_v3_pred_41.pdb	1	1	1	1	1	1	1	1	20
cf_woTemplates_model_5_multimer_v3_pred_42.pdb	1	1	1	1	1	1	1	1	2
cf_woTemplates_model_5_multimer_v3_pred_43.pdb	1	1	1	1	1	1	1	1	2
cf_woTemplates_model_5_multimer_v3_pred_44.pdb	1	1	1	1	1	1	1	1	20
cf_woTemplates_model_5_multimer_v3_pred_45.pdb	1	1	1	1	1	1	1	1	13
cf_woTemplates_model_5_multimer_v3_pred_46.pdb	1	1	1	1	1	1	1	1	2
cf_woTemplates_model_5_multimer_v3_pred_47.pdb	1	1	1	1	1	1	1	1	20
cf_woTemplates_model_5_multimer_v3_pred_48.pdb	1	1	1	1	1	1	1	1	247
cf_woTemplates_model_5_multimer_v3_pred_49.pdb	1	1	1	1	1	1	1	1	13
cf_woTemplates_model_5_multimer_v3_pred_5.pdb	1	1	1	1	1	1	1	1	20
cf_woTemplates_model_5_multimer_v3_pred_50.pdb	1	1	1	1	1	1	1	1	13
cf_woTemplates_model_5_multimer_v3_pred_51.pdb	1	1	1	1	1	1	1	1	20
cf_woTemplates_model_5_multimer_v3_pred_52.pdb	1	1	1	1	1	1	1	1	20
cf_woTemplates_model_5_multimer_v3_pred_53.pdb	1	1	1	1	1	1	1	1	13
cf_woTemplates_model_5_multimer_v3_pred_54.pdb	1	1	1	1	1	1	1	1	20
cf_woTemplates_model_5_multimer_v3_pred_55.pdb	1	1	1	1	1	1	1	1	20
cf_woTemplates_model_5_multimer_v3_pred_56.pdb	1	1	1	1	1	1	1	1	247
cf_woTemplates_model_5_multimer_v3_pred_57.pdb	1	1	1	1	1	1	1	1	20
cf_woTemplates_model_5_multimer_v3_pred_58.pdb	1	1	1	1	1	1	1	1	13
cf_woTemplates_model_5_multimer_v3_pred_59.pdb	1	1	1	1	1	1	1	1	20
cf_woTemplates_model_5_multimer_v3_pred_6.pdb	1	1	1	1	1	1	1	1	2
cf_woTemplates_model_5_multimer_v3_pred_60.pdb	1	1	1	1	1	1	1	1	20
cf_woTemplates_model_5_multimer_v3_pred_61.pdb	1	1	1	1	1	1	1	1	20
cf_woTemplates_model_5_multimer_v3_pred_62.pdb	1	1	1	1	1	1	1	1	20
cf_woTemplates_model_5_multimer_v3_pred_63.pdb	1	1	1	1	1	1	1	1	20
cf_woTemplates_model_5_multimer_v3_pred_64.pdb	1	1	1	1	1	1	1	1	20
cf_woTemplates_model_5_multimer_v3_pred_65.pdb	1	1	1	1	1	1	1	1	20
cf_woTemplates_model_5_multimer_v3_pred_66.pdb	1	1	1	1	1	1	1	1	241
cf_woTemplates_model_5_multimer_v3_pred_7.pdb	1	1	1	1	1	1	1	1	2
cf_woTemplates_model_5_multimer_v3_pred_8.pdb	1	1	1	1	1	1	1	1	20
cf_woTemplates_model_5_multimer_v3_pred_9.pdb	1	1	1	1	1	1	1	1	20
