threshold_percents	cluster_id	representative	cluster_size

10	1	afm_dropout_full_woTemplates_model_5_multimer_v1_pred_27.pdb	7986
10	2	afm_dropout_full_woTemplates_model_2_multimer_v1_pred_36.pdb	23
10	3	afm_dropout_full_woTemplates_r3_model_1_multimer_v1_pred_65.pdb	11
10	4	afm_dropout_full_woTemplates_r3_model_4_multimer_v1_pred_9.pdb	9
10	5	afm_dropout_full_woTemplates_r3_model_2_multimer_v1_pred_48.pdb	3
10	6	afm_dropout_full_woTemplates_r3_model_4_multimer_v1_pred_60.pdb	3
10	7	afm_dropout_full_woTemplates_r3_model_1_multimer_v1_pred_48.pdb	2
10	8	afm_dropout_full_woTemplates_r3_model_1_multimer_v1_pred_34.pdb	1
10	9	afm_dropout_full_woTemplates_r3_model_1_multimer_v1_pred_47.pdb	1
10	10	afm_dropout_full_woTemplates_r3_model_5_multimer_v1_pred_28.pdb	1

20	1	afm_dropout_noSM_woTemplates_model_5_multimer_v2_pred_52.pdb	7893
20	2	afm_dropout_full_woTemplates_r3_model_1_multimer_v1_pred_10.pdb	82
20	3	afm_dropout_full_woTemplates_r3_model_5_multimer_v1_pred_7.pdb	14
20	4	afm_dropout_full_woTemplates_r3_model_1_multimer_v1_pred_62.pdb	6
20	5	afm_dropout_full_woTemplates_r3_model_1_multimer_v1_pred_44.pdb	4
20	6	afm_dropout_full_woTemplates_r3_model_1_multimer_v1_pred_33.pdb	4
20	7	afm_dropout_full_woTemplates_r3_model_1_multimer_v1_pred_65.pdb	3
20	8	afm_dropout_full_woTemplates_r3_model_1_multimer_v1_pred_32.pdb	2
20	9	afm_dropout_full_woTemplates_r3_model_4_multimer_v1_pred_44.pdb	2
20	10	afm_dropout_full_woTemplates_r3_model_5_multimer_v1_pred_62.pdb	2
20	11	afm_dropout_full_woTemplates_r3_model_1_multimer_v1_pred_2.pdb	1
20	12	afm_dropout_full_woTemplates_r3_model_1_multimer_v1_pred_23.pdb	1
20	13	afm_dropout_full_woTemplates_r3_model_1_multimer_v1_pred_28.pdb	1
20	14	afm_dropout_full_woTemplates_r3_model_1_multimer_v1_pred_3.pdb	1
20	15	afm_dropout_full_woTemplates_r3_model_1_multimer_v1_pred_34.pdb	1
20	16	afm_dropout_full_woTemplates_r3_model_1_multimer_v1_pred_36.pdb	1
20	17	afm_dropout_full_woTemplates_r3_model_1_multimer_v1_pred_42.pdb	1
20	18	afm_dropout_full_woTemplates_r3_model_1_multimer_v1_pred_47.pdb	1
20	19	afm_dropout_full_woTemplates_r3_model_1_multimer_v1_pred_48.pdb	1
20	20	afm_dropout_full_woTemplates_r3_model_1_multimer_v1_pred_63.pdb	1
20	21	afm_dropout_full_woTemplates_r3_model_1_multimer_v1_pred_7.pdb	1
20	22	afm_dropout_full_woTemplates_r3_model_2_multimer_v1_pred_20.pdb	1
20	23	afm_dropout_full_woTemplates_r3_model_2_multimer_v1_pred_4.pdb	1
20	24	afm_dropout_full_woTemplates_r3_model_2_multimer_v1_pred_48.pdb	1
20	25	afm_dropout_full_woTemplates_r3_model_4_multimer_v1_pred_46.pdb	1
20	26	afm_dropout_full_woTemplates_r3_model_4_multimer_v1_pred_53.pdb	1
20	27	afm_dropout_full_woTemplates_r3_model_4_multimer_v1_pred_54.pdb	1
20	28	afm_dropout_full_woTemplates_r3_model_4_multimer_v1_pred_55.pdb	1
20	29	afm_dropout_full_woTemplates_r3_model_4_multimer_v1_pred_9.pdb	1
20	30	afm_dropout_full_woTemplates_r3_model_5_multimer_v1_pred_28.pdb	1
20	31	afm_dropout_full_woTemplates_r3_model_5_multimer_v1_pred_41.pdb	1
20	32	afm_dropout_full_woTemplates_r3_model_5_multimer_v1_pred_43.pdb	1
20	33	afm_dropout_full_woTemplates_r3_model_5_multimer_v1_pred_50.pdb	1
20	34	afm_dropout_full_woTemplates_r3_model_5_multimer_v1_pred_55.pdb	1
20	35	afm_dropout_full_woTemplates_r3_model_5_multimer_v1_pred_56.pdb	1
20	36	afm_dropout_full_woTemplates_r3_model_5_multimer_v1_pred_66.pdb	1
20	37	afm_dropout_noSM_woTemplates_model_1_multimer_v1_pred_37.pdb	1
20	38	afm_woTemplates_model_4_multimer_v1_pred_15.pdb	1

30	1	afm_woTemplates_model_5_multimer_v1_pred_10.pdb	7526
30	2	afm_dropout_full_woTemplates_r3_model_5_multimer_v1_pred_23.pdb	427
30	3	afm_dropout_full_woTemplates_model_1_multimer_v1_pred_1.pdb	17
30	4	afm_dropout_full_woTemplates_r3_model_4_multimer_v1_pred_27.pdb	5
30	5	afm_dropout_full_woTemplates_r3_model_1_multimer_v1_pred_64.pdb	4
30	6	afm_dropout_full_woTemplates_r3_model_4_multimer_v1_pred_38.pdb	4
30	7	afm_dropout_full_woTemplates_model_3_multimer_v3_pred_29.pdb	2
30	8	afm_dropout_full_woTemplates_r3_model_1_multimer_v1_pred_12.pdb	2
30	9	afm_dropout_full_woTemplates_r3_model_1_multimer_v1_pred_33.pdb	2
30	10	afm_dropout_full_woTemplates_r3_model_1_multimer_v1_pred_6.pdb	2
30	11	afm_dropout_full_woTemplates_r3_model_4_multimer_v1_pred_12.pdb	2
30	12	afm_dropout_full_woTemplates_r3_model_4_multimer_v1_pred_31.pdb	2
30	13	afm_dropout_full_woTemplates_r3_model_1_multimer_v1_pred_2.pdb	1
30	14	afm_dropout_full_woTemplates_r3_model_1_multimer_v1_pred_23.pdb	1
30	15	afm_dropout_full_woTemplates_r3_model_1_multimer_v1_pred_28.pdb	1
30	16	afm_dropout_full_woTemplates_r3_model_1_multimer_v1_pred_3.pdb	1
30	17	afm_dropout_full_woTemplates_r3_model_1_multimer_v1_pred_32.pdb	1
30	18	afm_dropout_full_woTemplates_r3_model_1_multimer_v1_pred_34.pdb	1
30	19	afm_dropout_full_woTemplates_r3_model_1_multimer_v1_pred_36.pdb	1
30	20	afm_dropout_full_woTemplates_r3_model_1_multimer_v1_pred_42.pdb	1
30	21	afm_dropout_full_woTemplates_r3_model_1_multimer_v1_pred_47.pdb	1
30	22	afm_dropout_full_woTemplates_r3_model_1_multimer_v1_pred_48.pdb	1
30	23	afm_dropout_full_woTemplates_r3_model_1_multimer_v1_pred_54.pdb	1
30	24	afm_dropout_full_woTemplates_r3_model_1_multimer_v1_pred_61.pdb	1
30	25	afm_dropout_full_woTemplates_r3_model_1_multimer_v1_pred_63.pdb	1
30	26	afm_dropout_full_woTemplates_r3_model_1_multimer_v1_pred_65.pdb	1
30	27	afm_dropout_full_woTemplates_r3_model_1_multimer_v1_pred_66.pdb	1
30	28	afm_dropout_full_woTemplates_r3_model_1_multimer_v1_pred_7.pdb	1
30	29	afm_dropout_full_woTemplates_r3_model_2_multimer_v1_pred_20.pdb	1
30	30	afm_dropout_full_woTemplates_r3_model_2_multimer_v1_pred_4.pdb	1
30	31	afm_dropout_full_woTemplates_r3_model_2_multimer_v1_pred_48.pdb	1
30	32	afm_dropout_full_woTemplates_r3_model_4_multimer_v1_pred_17.pdb	1
30	33	afm_dropout_full_woTemplates_r3_model_4_multimer_v1_pred_34.pdb	1
30	34	afm_dropout_full_woTemplates_r3_model_4_multimer_v1_pred_44.pdb	1
30	35	afm_dropout_full_woTemplates_r3_model_4_multimer_v1_pred_46.pdb	1
30	36	afm_dropout_full_woTemplates_r3_model_4_multimer_v1_pred_47.pdb	1
30	37	afm_dropout_full_woTemplates_r3_model_4_multimer_v1_pred_53.pdb	1
30	38	afm_dropout_full_woTemplates_r3_model_4_multimer_v1_pred_54.pdb	1
30	39	afm_dropout_full_woTemplates_r3_model_4_multimer_v1_pred_55.pdb	1
30	40	afm_dropout_full_woTemplates_r3_model_4_multimer_v1_pred_60.pdb	1
30	41	afm_dropout_full_woTemplates_r3_model_4_multimer_v1_pred_62.pdb	1
30	42	afm_dropout_full_woTemplates_r3_model_4_multimer_v1_pred_9.pdb	1
30	43	afm_dropout_full_woTemplates_r3_model_5_multimer_v1_pred_28.pdb	1
30	44	afm_dropout_full_woTemplates_r3_model_5_multimer_v1_pred_31.pdb	1
30	45	afm_dropout_full_woTemplates_r3_model_5_multimer_v1_pred_41.pdb	1
30	46	afm_dropout_full_woTemplates_r3_model_5_multimer_v1_pred_43.pdb	1
30	47	afm_dropout_full_woTemplates_r3_model_5_multimer_v1_pred_44.pdb	1
30	48	afm_dropout_full_woTemplates_r3_model_5_multimer_v1_pred_50.pdb	1
30	49	afm_dropout_full_woTemplates_r3_model_5_multimer_v1_pred_55.pdb	1
30	50	afm_dropout_full_woTemplates_r3_model_5_multimer_v1_pred_56.pdb	1
30	51	afm_dropout_full_woTemplates_r3_model_5_multimer_v1_pred_6.pdb	1
30	52	afm_dropout_full_woTemplates_r3_model_5_multimer_v1_pred_62.pdb	1
30	53	afm_dropout_full_woTemplates_r3_model_5_multimer_v1_pred_66.pdb	1
30	54	afm_dropout_full_woTemplates_r3_model_5_multimer_v1_pred_8.pdb	1
30	55	afm_dropout_noSM_woTemplates_model_1_multimer_v1_pred_37.pdb	1
30	56	afm_woTemplates_model_4_multimer_v1_pred_15.pdb	1
30	57	cf_dropout_full_woTemplates_model_1_multimer_v1_pred_40.pdb	1

40	1	afm_dropout_full_woTemplates_model_1_multimer_v1_pred_28.pdb	7474
40	2	afm_dropout_full_woTemplates_r3_model_5_multimer_v1_pred_23.pdb	412
40	3	afm_dropout_full_woTemplates_r3_model_5_multimer_v3_pred_0.pdb	28
40	4	afm_dropout_full_woTemplates_model_2_multimer_v1_pred_44.pdb	19
40	5	afm_dropout_full_woTemplates_model_1_multimer_v1_pred_1.pdb	18
40	6	afm_dropout_full_woTemplates_model_1_multimer_v1_pred_42.pdb	10
40	7	afm_dropout_full_woTemplates_r3_model_2_multimer_v1_pred_35.pdb	4
40	8	afm_dropout_full_woTemplates_r3_model_1_multimer_v1_pred_15.pdb	2
40	9	afm_dropout_full_woTemplates_r3_model_1_multimer_v1_pred_30.pdb	2
40	10	afm_dropout_full_woTemplates_r3_model_1_multimer_v1_pred_58.pdb	2
40	11	afm_dropout_full_woTemplates_r3_model_4_multimer_v1_pred_38.pdb	2
40	12	afm_dropout_full_woTemplates_r3_model_5_multimer_v1_pred_14.pdb	2
40	13	afm_dropout_full_woTemplates_r3_model_5_multimer_v1_pred_19.pdb	2
40	14	afm_dropout_full_woTemplates_r3_model_1_multimer_v1_pred_11.pdb	1
40	15	afm_dropout_full_woTemplates_r3_model_1_multimer_v1_pred_12.pdb	1
40	16	afm_dropout_full_woTemplates_r3_model_1_multimer_v1_pred_2.pdb	1
40	17	afm_dropout_full_woTemplates_r3_model_1_multimer_v1_pred_20.pdb	1
40	18	afm_dropout_full_woTemplates_r3_model_1_multimer_v1_pred_23.pdb	1
40	19	afm_dropout_full_woTemplates_r3_model_1_multimer_v1_pred_28.pdb	1
40	20	afm_dropout_full_woTemplates_r3_model_1_multimer_v1_pred_3.pdb	1
40	21	afm_dropout_full_woTemplates_r3_model_1_multimer_v1_pred_32.pdb	1
40	22	afm_dropout_full_woTemplates_r3_model_1_multimer_v1_pred_33.pdb	1
40	23	afm_dropout_full_woTemplates_r3_model_1_multimer_v1_pred_34.pdb	1
40	24	afm_dropout_full_woTemplates_r3_model_1_multimer_v1_pred_36.pdb	1
40	25	afm_dropout_full_woTemplates_r3_model_1_multimer_v1_pred_42.pdb	1
40	26	afm_dropout_full_woTemplates_r3_model_1_multimer_v1_pred_44.pdb	1
40	27	afm_dropout_full_woTemplates_r3_model_1_multimer_v1_pred_47.pdb	1
40	28	afm_dropout_full_woTemplates_r3_model_1_multimer_v1_pred_48.pdb	1
40	29	afm_dropout_full_woTemplates_r3_model_1_multimer_v1_pred_5.pdb	1
40	30	afm_dropout_full_woTemplates_r3_model_1_multimer_v1_pred_54.pdb	1
40	31	afm_dropout_full_woTemplates_r3_model_1_multimer_v1_pred_6.pdb	1
40	32	afm_dropout_full_woTemplates_r3_model_1_multimer_v1_pred_61.pdb	1
40	33	afm_dropout_full_woTemplates_r3_model_1_multimer_v1_pred_63.pdb	1
40	34	afm_dropout_full_woTemplates_r3_model_1_multimer_v1_pred_65.pdb	1
40	35	afm_dropout_full_woTemplates_r3_model_1_multimer_v1_pred_66.pdb	1
40	36	afm_dropout_full_woTemplates_r3_model_1_multimer_v1_pred_7.pdb	1
40	37	afm_dropout_full_woTemplates_r3_model_2_multimer_v1_pred_18.pdb	1
40	38	afm_dropout_full_woTemplates_r3_model_2_multimer_v1_pred_20.pdb	1
40	39	afm_dropout_full_woTemplates_r3_model_2_multimer_v1_pred_28.pdb	1
40	40	afm_dropout_full_woTemplates_r3_model_2_multimer_v1_pred_4.pdb	1
40	41	afm_dropout_full_woTemplates_r3_model_2_multimer_v1_pred_48.pdb	1
40	42	afm_dropout_full_woTemplates_r3_model_4_multimer_v1_pred_12.pdb	1
40	43	afm_dropout_full_woTemplates_r3_model_4_multimer_v1_pred_17.pdb	1
40	44	afm_dropout_full_woTemplates_r3_model_4_multimer_v1_pred_22.pdb	1
40	45	afm_dropout_full_woTemplates_r3_model_4_multimer_v1_pred_27.pdb	1
40	46	afm_dropout_full_woTemplates_r3_model_4_multimer_v1_pred_31.pdb	1
40	47	afm_dropout_full_woTemplates_r3_model_4_multimer_v1_pred_34.pdb	1
40	48	afm_dropout_full_woTemplates_r3_model_4_multimer_v1_pred_39.pdb	1
40	49	afm_dropout_full_woTemplates_r3_model_4_multimer_v1_pred_44.pdb	1
40	50	afm_dropout_full_woTemplates_r3_model_4_multimer_v1_pred_46.pdb	1
40	51	afm_dropout_full_woTemplates_r3_model_4_multimer_v1_pred_47.pdb	1
40	52	afm_dropout_full_woTemplates_r3_model_4_multimer_v1_pred_49.pdb	1
40	53	afm_dropout_full_woTemplates_r3_model_4_multimer_v1_pred_52.pdb	1
40	54	afm_dropout_full_woTemplates_r3_model_4_multimer_v1_pred_53.pdb	1
40	55	afm_dropout_full_woTemplates_r3_model_4_multimer_v1_pred_54.pdb	1
40	56	afm_dropout_full_woTemplates_r3_model_4_multimer_v1_pred_55.pdb	1
40	57	afm_dropout_full_woTemplates_r3_model_4_multimer_v1_pred_60.pdb	1
40	58	afm_dropout_full_woTemplates_r3_model_4_multimer_v1_pred_62.pdb	1
40	59	afm_dropout_full_woTemplates_r3_model_4_multimer_v1_pred_7.pdb	1
40	60	afm_dropout_full_woTemplates_r3_model_4_multimer_v1_pred_9.pdb	1
40	61	afm_dropout_full_woTemplates_r3_model_5_multimer_v1_pred_25.pdb	1
40	62	afm_dropout_full_woTemplates_r3_model_5_multimer_v1_pred_28.pdb	1
40	63	afm_dropout_full_woTemplates_r3_model_5_multimer_v1_pred_31.pdb	1
40	64	afm_dropout_full_woTemplates_r3_model_5_multimer_v1_pred_41.pdb	1
40	65	afm_dropout_full_woTemplates_r3_model_5_multimer_v1_pred_43.pdb	1
40	66	afm_dropout_full_woTemplates_r3_model_5_multimer_v1_pred_44.pdb	1
40	67	afm_dropout_full_woTemplates_r3_model_5_multimer_v1_pred_50.pdb	1
40	68	afm_dropout_full_woTemplates_r3_model_5_multimer_v1_pred_55.pdb	1
40	69	afm_dropout_full_woTemplates_r3_model_5_multimer_v1_pred_56.pdb	1
40	70	afm_dropout_full_woTemplates_r3_model_5_multimer_v1_pred_6.pdb	1
40	71	afm_dropout_full_woTemplates_r3_model_5_multimer_v1_pred_62.pdb	1
40	72	afm_dropout_full_woTemplates_r3_model_5_multimer_v1_pred_66.pdb	1
40	73	afm_dropout_full_woTemplates_r3_model_5_multimer_v1_pred_8.pdb	1
40	74	afm_dropout_noSM_woTemplates_model_1_multimer_v1_pred_37.pdb	1
40	75	afm_woTemplates_model_4_multimer_v1_pred_15.pdb	1
40	76	cf_dropout_full_woTemplates_model_1_multimer_v1_pred_40.pdb	1

50	1	afm_dropout_full_woTemplates_r3_model_1_multimer_v1_pred_27.pdb	7471
50	2	afm_dropout_noSM_woTemplates_model_5_multimer_v1_pred_15.pdb	251
50	3	afm_dropout_full_woTemplates_r3_model_5_multimer_v2_pred_29.pdb	98
50	4	afm_dropout_full_woTemplates_r3_model_2_multimer_v1_pred_62.pdb	35
50	5	afm_dropout_full_woTemplates_model_1_multimer_v1_pred_1.pdb	18
50	6	afm_woTemplates_model_1_multimer_v1_pred_34.pdb	19
50	7	afm_dropout_full_woTemplates_model_2_multimer_v1_pred_0.pdb	16
50	8	afm_dropout_full_woTemplates_r3_model_2_multimer_v1_pred_43.pdb	15
50	9	afm_dropout_full_woTemplates_r3_model_3_multimer_v3_pred_58.pdb	7
50	10	afm_dropout_full_woTemplates_r3_model_1_multimer_v1_pred_53.pdb	6
50	11	afm_dropout_full_woTemplates_model_1_multimer_v1_pred_42.pdb	5
50	12	afm_dropout_full_woTemplates_model_3_multimer_v3_pred_29.pdb	4
50	13	afm_dropout_full_woTemplates_r3_model_1_multimer_v1_pred_41.pdb	4
50	14	afm_dropout_full_woTemplates_r3_model_2_multimer_v1_pred_21.pdb	3
50	15	afm_dropout_full_woTemplates_r3_model_5_multimer_v1_pred_21.pdb	4
50	16	afm_dropout_full_woTemplates_model_4_multimer_v2_pred_34.pdb	2
50	17	afm_dropout_full_woTemplates_model_3_multimer_v1_pred_50.pdb	1
50	18	afm_dropout_full_woTemplates_r3_model_1_multimer_v1_pred_11.pdb	1
50	19	afm_dropout_full_woTemplates_r3_model_1_multimer_v1_pred_12.pdb	1
50	20	afm_dropout_full_woTemplates_r3_model_1_multimer_v1_pred_15.pdb	1
50	21	afm_dropout_full_woTemplates_r3_model_1_multimer_v1_pred_2.pdb	1
50	22	afm_dropout_full_woTemplates_r3_model_1_multimer_v1_pred_20.pdb	1
50	23	afm_dropout_full_woTemplates_r3_model_1_multimer_v1_pred_23.pdb	1
50	24	afm_dropout_full_woTemplates_r3_model_1_multimer_v1_pred_28.pdb	1
50	25	afm_dropout_full_woTemplates_r3_model_1_multimer_v1_pred_29.pdb	1
50	26	afm_dropout_full_woTemplates_r3_model_1_multimer_v1_pred_3.pdb	1
50	27	afm_dropout_full_woTemplates_r3_model_1_multimer_v1_pred_30.pdb	1
50	28	afm_dropout_full_woTemplates_r3_model_1_multimer_v1_pred_32.pdb	1
50	29	afm_dropout_full_woTemplates_r3_model_1_multimer_v1_pred_33.pdb	1
50	30	afm_dropout_full_woTemplates_r3_model_1_multimer_v1_pred_34.pdb	1
50	31	afm_dropout_full_woTemplates_r3_model_1_multimer_v1_pred_36.pdb	1
50	32	afm_dropout_full_woTemplates_r3_model_1_multimer_v1_pred_42.pdb	1
50	33	afm_dropout_full_woTemplates_r3_model_1_multimer_v1_pred_44.pdb	1
50	34	afm_dropout_full_woTemplates_r3_model_1_multimer_v1_pred_45.pdb	1
50	35	afm_dropout_full_woTemplates_r3_model_1_multimer_v1_pred_47.pdb	1
50	36	afm_dropout_full_woTemplates_r3_model_1_multimer_v1_pred_48.pdb	1
50	37	afm_dropout_full_woTemplates_r3_model_1_multimer_v1_pred_5.pdb	1
50	38	afm_dropout_full_woTemplates_r3_model_1_multimer_v1_pred_54.pdb	1
50	39	afm_dropout_full_woTemplates_r3_model_1_multimer_v1_pred_58.pdb	1
50	40	afm_dropout_full_woTemplates_r3_model_1_multimer_v1_pred_6.pdb	1
50	41	afm_dropout_full_woTemplates_r3_model_1_multimer_v1_pred_60.pdb	1
50	42	afm_dropout_full_woTemplates_r3_model_1_multimer_v1_pred_61.pdb	1
50	43	afm_dropout_full_woTemplates_r3_model_1_multimer_v1_pred_62.pdb	1
50	44	afm_dropout_full_woTemplates_r3_model_1_multimer_v1_pred_63.pdb	1
50	45	afm_dropout_full_woTemplates_r3_model_1_multimer_v1_pred_64.pdb	1
50	46	afm_dropout_full_woTemplates_r3_model_1_multimer_v1_pred_65.pdb	1
50	47	afm_dropout_full_woTemplates_r3_model_1_multimer_v1_pred_66.pdb	1
50	48	afm_dropout_full_woTemplates_r3_model_1_multimer_v1_pred_7.pdb	1
50	49	afm_dropout_full_woTemplates_r3_model_2_multimer_v1_pred_18.pdb	1
50	50	afm_dropout_full_woTemplates_r3_model_2_multimer_v1_pred_20.pdb	1
50	51	afm_dropout_full_woTemplates_r3_model_2_multimer_v1_pred_28.pdb	1
50	52	afm_dropout_full_woTemplates_r3_model_2_multimer_v1_pred_4.pdb	1
50	53	afm_dropout_full_woTemplates_r3_model_2_multimer_v1_pred_48.pdb	1
50	54	afm_dropout_full_woTemplates_r3_model_2_multimer_v1_pred_60.pdb	1
50	55	afm_dropout_full_woTemplates_r3_model_3_multimer_v1_pred_27.pdb	1
50	56	afm_dropout_full_woTemplates_r3_model_4_multimer_v1_pred_0.pdb	1
50	57	afm_dropout_full_woTemplates_r3_model_4_multimer_v1_pred_12.pdb	1
50	58	afm_dropout_full_woTemplates_r3_model_4_multimer_v1_pred_17.pdb	1
50	59	afm_dropout_full_woTemplates_r3_model_4_multimer_v1_pred_22.pdb	1
50	60	afm_dropout_full_woTemplates_r3_model_4_multimer_v1_pred_27.pdb	1
50	61	afm_dropout_full_woTemplates_r3_model_4_multimer_v1_pred_31.pdb	1
50	62	afm_dropout_full_woTemplates_r3_model_4_multimer_v1_pred_34.pdb	1
50	63	afm_dropout_full_woTemplates_r3_model_4_multimer_v1_pred_38.pdb	1
50	64	afm_dropout_full_woTemplates_r3_model_4_multimer_v1_pred_39.pdb	1
50	65	afm_dropout_full_woTemplates_r3_model_4_multimer_v1_pred_44.pdb	1
50	66	afm_dropout_full_woTemplates_r3_model_4_multimer_v1_pred_46.pdb	1
50	67	afm_dropout_full_woTemplates_r3_model_4_multimer_v1_pred_47.pdb	1
50	68	afm_dropout_full_woTemplates_r3_model_4_multimer_v1_pred_48.pdb	1
50	69	afm_dropout_full_woTemplates_r3_model_4_multimer_v1_pred_49.pdb	1
50	70	afm_dropout_full_woTemplates_r3_model_4_multimer_v1_pred_52.pdb	1
50	71	afm_dropout_full_woTemplates_r3_model_4_multimer_v1_pred_53.pdb	1
50	72	afm_dropout_full_woTemplates_r3_model_4_multimer_v1_pred_54.pdb	1
50	73	afm_dropout_full_woTemplates_r3_model_4_multimer_v1_pred_55.pdb	1
50	74	afm_dropout_full_woTemplates_r3_model_4_multimer_v1_pred_60.pdb	1
50	75	afm_dropout_full_woTemplates_r3_model_4_multimer_v1_pred_62.pdb	1
50	76	afm_dropout_full_woTemplates_r3_model_4_multimer_v1_pred_7.pdb	1
50	77	afm_dropout_full_woTemplates_r3_model_4_multimer_v1_pred_9.pdb	1
50	78	afm_dropout_full_woTemplates_r3_model_5_multimer_v1_pred_14.pdb	1
50	79	afm_dropout_full_woTemplates_r3_model_5_multimer_v1_pred_19.pdb	1
50	80	afm_dropout_full_woTemplates_r3_model_5_multimer_v1_pred_24.pdb	1
50	81	afm_dropout_full_woTemplates_r3_model_5_multimer_v1_pred_25.pdb	1
50	82	afm_dropout_full_woTemplates_r3_model_5_multimer_v1_pred_28.pdb	1
50	83	afm_dropout_full_woTemplates_r3_model_5_multimer_v1_pred_31.pdb	1
50	84	afm_dropout_full_woTemplates_r3_model_5_multimer_v1_pred_41.pdb	1
50	85	afm_dropout_full_woTemplates_r3_model_5_multimer_v1_pred_43.pdb	1
50	86	afm_dropout_full_woTemplates_r3_model_5_multimer_v1_pred_44.pdb	1
50	87	afm_dropout_full_woTemplates_r3_model_5_multimer_v1_pred_50.pdb	1
50	88	afm_dropout_full_woTemplates_r3_model_5_multimer_v1_pred_55.pdb	1
50	89	afm_dropout_full_woTemplates_r3_model_5_multimer_v1_pred_56.pdb	1
50	90	afm_dropout_full_woTemplates_r3_model_5_multimer_v1_pred_6.pdb	1
50	91	afm_dropout_full_woTemplates_r3_model_5_multimer_v1_pred_62.pdb	1
50	92	afm_dropout_full_woTemplates_r3_model_5_multimer_v1_pred_66.pdb	1
50	93	afm_dropout_full_woTemplates_r3_model_5_multimer_v1_pred_7.pdb	1
50	94	afm_dropout_full_woTemplates_r3_model_5_multimer_v1_pred_8.pdb	1
50	95	afm_dropout_full_woTemplates_r3_model_5_multimer_v3_pred_19.pdb	1
50	96	afm_dropout_noSM_woTemplates_model_1_multimer_v1_pred_37.pdb	1
50	97	afm_woTemplates_model_4_multimer_v1_pred_15.pdb	1
50	98	cf_dropout_full_woTemplates_model_1_multimer_v1_pred_40.pdb	1

60	1	afm_woTemplates_model_2_multimer_v1_pred_44.pdb	7427
60	2	afm_dropout_full_woTemplates_model_5_multimer_v1_pred_29.pdb	166
60	3	afm_dropout_full_woTemplates_r3_model_5_multimer_v2_pred_29.pdb	81
60	4	afm_woTemplates_model_5_multimer_v1_pred_51.pdb	38
60	5	afm_dropout_full_woTemplates_model_4_multimer_v1_pred_21.pdb	23
60	6	afm_dropout_full_woTemplates_r3_model_2_multimer_v2_pred_5.pdb	19
60	7	afm_dropout_full_woTemplates_r3_model_1_multimer_v1_pred_22.pdb	19
60	8	afm_dropout_full_woTemplates_model_1_multimer_v1_pred_18.pdb	18
60	9	afm_dropout_full_woTemplates_model_2_multimer_v1_pred_41.pdb	16
60	10	afm_dropout_full_woTemplates_model_2_multimer_v1_pred_44.pdb	15
60	11	afm_dropout_full_woTemplates_model_1_multimer_v1_pred_44.pdb	9
60	12	afm_dropout_full_woTemplates_r3_model_5_multimer_v1_pred_1.pdb	7
60	13	afm_dropout_full_woTemplates_model_2_multimer_v1_pred_47.pdb	5
60	14	afm_dropout_full_woTemplates_model_3_multimer_v2_pred_2.pdb	5
60	15	afm_dropout_full_woTemplates_r3_model_1_multimer_v1_pred_26.pdb	6
60	16	afm_dropout_full_woTemplates_r3_model_3_multimer_v2_pred_17.pdb	4
60	17	afm_dropout_full_woTemplates_r3_model_3_multimer_v3_pred_36.pdb	5
60	18	afm_dropout_full_woTemplates_model_3_multimer_v3_pred_29.pdb	3
60	19	afm_dropout_full_woTemplates_r3_model_1_multimer_v1_pred_49.pdb	3
60	20	afm_dropout_full_woTemplates_r3_model_2_multimer_v1_pred_14.pdb	3
60	21	afm_dropout_full_woTemplates_r3_model_2_multimer_v1_pred_33.pdb	3
60	22	afm_dropout_full_woTemplates_model_2_multimer_v1_pred_0.pdb	2
60	23	afm_dropout_full_woTemplates_model_2_multimer_v1_pred_20.pdb	2
60	24	afm_dropout_full_woTemplates_model_4_multimer_v2_pred_34.pdb	2
60	25	afm_dropout_full_woTemplates_r3_model_1_multimer_v1_pred_37.pdb	2
60	26	afm_dropout_full_woTemplates_r3_model_1_multimer_v1_pred_41.pdb	2
60	27	afm_dropout_full_woTemplates_r3_model_2_multimer_v1_pred_11.pdb	2
60	28	afm_dropout_full_woTemplates_r3_model_2_multimer_v1_pred_21.pdb	2
60	29	afm_dropout_full_woTemplates_r3_model_2_multimer_v1_pred_61.pdb	2
60	30	afm_dropout_full_woTemplates_r3_model_3_multimer_v1_pred_25.pdb	2
60	31	afm_dropout_full_woTemplates_r3_model_3_multimer_v3_pred_33.pdb	2
60	32	afm_dropout_full_woTemplates_r3_model_4_multimer_v1_pred_23.pdb	2
60	33	afm_dropout_full_woTemplates_r3_model_4_multimer_v2_pred_39.pdb	2
60	34	afm_dropout_full_woTemplates_r3_model_5_multimer_v1_pred_12.pdb	2
60	35	afm_dropout_full_woTemplates_r3_model_5_multimer_v1_pred_42.pdb	2
60	36	afm_dropout_noSM_woTemplates_model_1_multimer_v1_pred_39.pdb	2
60	37	afm_dropout_noSM_woTemplates_model_4_multimer_v2_pred_44.pdb	2
60	38	afm_woTemplates_model_3_multimer_v1_pred_10.pdb	2
60	39	afm_dropout_full_woTemplates_model_1_multimer_v1_pred_20.pdb	1
60	40	afm_dropout_full_woTemplates_model_3_multimer_v1_pred_50.pdb	1
60	41	afm_dropout_full_woTemplates_model_3_multimer_v3_pred_11.pdb	1
60	42	afm_dropout_full_woTemplates_r3_model_1_multimer_v1_pred_11.pdb	1
60	43	afm_dropout_full_woTemplates_r3_model_1_multimer_v1_pred_12.pdb	1
60	44	afm_dropout_full_woTemplates_r3_model_1_multimer_v1_pred_13.pdb	1
60	45	afm_dropout_full_woTemplates_r3_model_1_multimer_v1_pred_14.pdb	1
60	46	afm_dropout_full_woTemplates_r3_model_1_multimer_v1_pred_15.pdb	1
60	47	afm_dropout_full_woTemplates_r3_model_1_multimer_v1_pred_2.pdb	1
60	48	afm_dropout_full_woTemplates_r3_model_1_multimer_v1_pred_20.pdb	1
60	49	afm_dropout_full_woTemplates_r3_model_1_multimer_v1_pred_23.pdb	1
60	50	afm_dropout_full_woTemplates_r3_model_1_multimer_v1_pred_28.pdb	1
60	51	afm_dropout_full_woTemplates_r3_model_1_multimer_v1_pred_29.pdb	1
60	52	afm_dropout_full_woTemplates_r3_model_1_multimer_v1_pred_3.pdb	1
60	53	afm_dropout_full_woTemplates_r3_model_1_multimer_v1_pred_30.pdb	1
60	54	afm_dropout_full_woTemplates_r3_model_1_multimer_v1_pred_32.pdb	1
60	55	afm_dropout_full_woTemplates_r3_model_1_multimer_v1_pred_33.pdb	1
60	56	afm_dropout_full_woTemplates_r3_model_1_multimer_v1_pred_34.pdb	1
60	57	afm_dropout_full_woTemplates_r3_model_1_multimer_v1_pred_36.pdb	1
60	58	afm_dropout_full_woTemplates_r3_model_1_multimer_v1_pred_39.pdb	1
60	59	afm_dropout_full_woTemplates_r3_model_1_multimer_v1_pred_42.pdb	1
60	60	afm_dropout_full_woTemplates_r3_model_1_multimer_v1_pred_44.pdb	1
60	61	afm_dropout_full_woTemplates_r3_model_1_multimer_v1_pred_45.pdb	1
60	62	afm_dropout_full_woTemplates_r3_model_1_multimer_v1_pred_47.pdb	1
60	63	afm_dropout_full_woTemplates_r3_model_1_multimer_v1_pred_48.pdb	1
60	64	afm_dropout_full_woTemplates_r3_model_1_multimer_v1_pred_5.pdb	1
60	65	afm_dropout_full_woTemplates_r3_model_1_multimer_v1_pred_53.pdb	1
60	66	afm_dropout_full_woTemplates_r3_model_1_multimer_v1_pred_54.pdb	1
60	67	afm_dropout_full_woTemplates_r3_model_1_multimer_v1_pred_56.pdb	1
60	68	afm_dropout_full_woTemplates_r3_model_1_multimer_v1_pred_58.pdb	1
60	69	afm_dropout_full_woTemplates_r3_model_1_multimer_v1_pred_59.pdb	1
60	70	afm_dropout_full_woTemplates_r3_model_1_multimer_v1_pred_6.pdb	1
60	71	afm_dropout_full_woTemplates_r3_model_1_multimer_v1_pred_60.pdb	1
60	72	afm_dropout_full_woTemplates_r3_model_1_multimer_v1_pred_61.pdb	1
60	73	afm_dropout_full_woTemplates_r3_model_1_multimer_v1_pred_62.pdb	1
60	74	afm_dropout_full_woTemplates_r3_model_1_multimer_v1_pred_63.pdb	1
60	75	afm_dropout_full_woTemplates_r3_model_1_multimer_v1_pred_64.pdb	1
60	76	afm_dropout_full_woTemplates_r3_model_1_multimer_v1_pred_65.pdb	1
60	77	afm_dropout_full_woTemplates_r3_model_1_multimer_v1_pred_66.pdb	1
60	78	afm_dropout_full_woTemplates_r3_model_1_multimer_v1_pred_7.pdb	1
60	79	afm_dropout_full_woTemplates_r3_model_2_multimer_v1_pred_17.pdb	1
60	80	afm_dropout_full_woTemplates_r3_model_2_multimer_v1_pred_18.pdb	1
60	81	afm_dropout_full_woTemplates_r3_model_2_multimer_v1_pred_20.pdb	1
60	82	afm_dropout_full_woTemplates_r3_model_2_multimer_v1_pred_27.pdb	1
60	83	afm_dropout_full_woTemplates_r3_model_2_multimer_v1_pred_28.pdb	1
60	84	afm_dropout_full_woTemplates_r3_model_2_multimer_v1_pred_29.pdb	1
60	85	afm_dropout_full_woTemplates_r3_model_2_multimer_v1_pred_36.pdb	1
60	86	afm_dropout_full_woTemplates_r3_model_2_multimer_v1_pred_4.pdb	1
60	87	afm_dropout_full_woTemplates_r3_model_2_multimer_v1_pred_40.pdb	1
60	88	afm_dropout_full_woTemplates_r3_model_2_multimer_v1_pred_43.pdb	1
60	89	afm_dropout_full_woTemplates_r3_model_2_multimer_v1_pred_48.pdb	1
60	90	afm_dropout_full_woTemplates_r3_model_2_multimer_v1_pred_55.pdb	1
60	91	afm_dropout_full_woTemplates_r3_model_2_multimer_v1_pred_6.pdb	1
60	92	afm_dropout_full_woTemplates_r3_model_2_multimer_v1_pred_60.pdb	1
60	93	afm_dropout_full_woTemplates_r3_model_3_multimer_v1_pred_27.pdb	1
60	94	afm_dropout_full_woTemplates_r3_model_3_multimer_v1_pred_47.pdb	1
60	95	afm_dropout_full_woTemplates_r3_model_3_multimer_v1_pred_48.pdb	1
60	96	afm_dropout_full_woTemplates_r3_model_3_multimer_v1_pred_55.pdb	1
60	97	afm_dropout_full_woTemplates_r3_model_3_multimer_v1_pred_7.pdb	1
60	98	afm_dropout_full_woTemplates_r3_model_3_multimer_v1_pred_8.pdb	1
60	99	afm_dropout_full_woTemplates_r3_model_3_multimer_v3_pred_10.pdb	1
60	100	afm_dropout_full_woTemplates_r3_model_3_multimer_v3_pred_3.pdb	1
60	101	afm_dropout_full_woTemplates_r3_model_3_multimer_v3_pred_53.pdb	1
60	102	afm_dropout_full_woTemplates_r3_model_4_multimer_v1_pred_0.pdb	1
60	103	afm_dropout_full_woTemplates_r3_model_4_multimer_v1_pred_12.pdb	1
60	104	afm_dropout_full_woTemplates_r3_model_4_multimer_v1_pred_17.pdb	1
60	105	afm_dropout_full_woTemplates_r3_model_4_multimer_v1_pred_22.pdb	1
60	106	afm_dropout_full_woTemplates_r3_model_4_multimer_v1_pred_25.pdb	1
60	107	afm_dropout_full_woTemplates_r3_model_4_multimer_v1_pred_27.pdb	1
60	108	afm_dropout_full_woTemplates_r3_model_4_multimer_v1_pred_31.pdb	1
60	109	afm_dropout_full_woTemplates_r3_model_4_multimer_v1_pred_34.pdb	1
60	110	afm_dropout_full_woTemplates_r3_model_4_multimer_v1_pred_35.pdb	1
60	111	afm_dropout_full_woTemplates_r3_model_4_multimer_v1_pred_36.pdb	1
60	112	afm_dropout_full_woTemplates_r3_model_4_multimer_v1_pred_38.pdb	1
60	113	afm_dropout_full_woTemplates_r3_model_4_multimer_v1_pred_39.pdb	1
60	114	afm_dropout_full_woTemplates_r3_model_4_multimer_v1_pred_44.pdb	1
60	115	afm_dropout_full_woTemplates_r3_model_4_multimer_v1_pred_46.pdb	1
60	116	afm_dropout_full_woTemplates_r3_model_4_multimer_v1_pred_47.pdb	1
60	117	afm_dropout_full_woTemplates_r3_model_4_multimer_v1_pred_48.pdb	1
60	118	afm_dropout_full_woTemplates_r3_model_4_multimer_v1_pred_49.pdb	1
60	119	afm_dropout_full_woTemplates_r3_model_4_multimer_v1_pred_51.pdb	1
60	120	afm_dropout_full_woTemplates_r3_model_4_multimer_v1_pred_52.pdb	1
60	121	afm_dropout_full_woTemplates_r3_model_4_multimer_v1_pred_53.pdb	1
60	122	afm_dropout_full_woTemplates_r3_model_4_multimer_v1_pred_54.pdb	1
60	123	afm_dropout_full_woTemplates_r3_model_4_multimer_v1_pred_55.pdb	1
60	124	afm_dropout_full_woTemplates_r3_model_4_multimer_v1_pred_60.pdb	1
60	125	afm_dropout_full_woTemplates_r3_model_4_multimer_v1_pred_62.pdb	1
60	126	afm_dropout_full_woTemplates_r3_model_4_multimer_v1_pred_7.pdb	1
60	127	afm_dropout_full_woTemplates_r3_model_4_multimer_v1_pred_9.pdb	1
60	128	afm_dropout_full_woTemplates_r3_model_4_multimer_v2_pred_1.pdb	1
60	129	afm_dropout_full_woTemplates_r3_model_5_multimer_v1_pred_11.pdb	1
60	130	afm_dropout_full_woTemplates_r3_model_5_multimer_v1_pred_14.pdb	1
60	131	afm_dropout_full_woTemplates_r3_model_5_multimer_v1_pred_15.pdb	1
60	132	afm_dropout_full_woTemplates_r3_model_5_multimer_v1_pred_19.pdb	1
60	133	afm_dropout_full_woTemplates_r3_model_5_multimer_v1_pred_20.pdb	1
60	134	afm_dropout_full_woTemplates_r3_model_5_multimer_v1_pred_21.pdb	1
60	135	afm_dropout_full_woTemplates_r3_model_5_multimer_v1_pred_24.pdb	1
60	136	afm_dropout_full_woTemplates_r3_model_5_multimer_v1_pred_25.pdb	1
60	137	afm_dropout_full_woTemplates_r3_model_5_multimer_v1_pred_28.pdb	1
60	138	afm_dropout_full_woTemplates_r3_model_5_multimer_v1_pred_31.pdb	1
60	139	afm_dropout_full_woTemplates_r3_model_5_multimer_v1_pred_34.pdb	1
60	140	afm_dropout_full_woTemplates_r3_model_5_multimer_v1_pred_37.pdb	1
60	141	afm_dropout_full_woTemplates_r3_model_5_multimer_v1_pred_39.pdb	1
60	142	afm_dropout_full_woTemplates_r3_model_5_multimer_v1_pred_4.pdb	1
60	143	afm_dropout_full_woTemplates_r3_model_5_multimer_v1_pred_41.pdb	1
60	144	afm_dropout_full_woTemplates_r3_model_5_multimer_v1_pred_43.pdb	1
60	145	afm_dropout_full_woTemplates_r3_model_5_multimer_v1_pred_44.pdb	1
60	146	afm_dropout_full_woTemplates_r3_model_5_multimer_v1_pred_45.pdb	1
60	147	afm_dropout_full_woTemplates_r3_model_5_multimer_v1_pred_47.pdb	1
60	148	afm_dropout_full_woTemplates_r3_model_5_multimer_v1_pred_48.pdb	1
60	149	afm_dropout_full_woTemplates_r3_model_5_multimer_v1_pred_50.pdb	1
60	150	afm_dropout_full_woTemplates_r3_model_5_multimer_v1_pred_51.pdb	1
60	151	afm_dropout_full_woTemplates_r3_model_5_multimer_v1_pred_55.pdb	1
60	152	afm_dropout_full_woTemplates_r3_model_5_multimer_v1_pred_56.pdb	1
60	153	afm_dropout_full_woTemplates_r3_model_5_multimer_v1_pred_57.pdb	1
60	154	afm_dropout_full_woTemplates_r3_model_5_multimer_v1_pred_59.pdb	1
60	155	afm_dropout_full_woTemplates_r3_model_5_multimer_v1_pred_6.pdb	1
60	156	afm_dropout_full_woTemplates_r3_model_5_multimer_v1_pred_60.pdb	1
60	157	afm_dropout_full_woTemplates_r3_model_5_multimer_v1_pred_61.pdb	1
60	158	afm_dropout_full_woTemplates_r3_model_5_multimer_v1_pred_62.pdb	1
60	159	afm_dropout_full_woTemplates_r3_model_5_multimer_v1_pred_64.pdb	1
60	160	afm_dropout_full_woTemplates_r3_model_5_multimer_v1_pred_66.pdb	1
60	161	afm_dropout_full_woTemplates_r3_model_5_multimer_v1_pred_7.pdb	1
60	162	afm_dropout_full_woTemplates_r3_model_5_multimer_v1_pred_8.pdb	1
60	163	afm_dropout_full_woTemplates_r3_model_5_multimer_v3_pred_19.pdb	1
60	164	afm_dropout_noSM_woTemplates_model_1_multimer_v1_pred_37.pdb	1
60	165	afm_woTemplates_model_1_multimer_v1_pred_5.pdb	1
60	166	afm_woTemplates_model_4_multimer_v1_pred_15.pdb	1
60	167	cf_dropout_full_woTemplates_model_1_multimer_v1_pred_40.pdb	1
60	168	cf_dropout_full_woTemplates_model_1_multimer_v1_pred_66.pdb	1
60	169	cf_woTemplates_model_5_multimer_v1_pred_65.pdb	1

70	1	afm_dropout_full_woTemplates_r3_model_4_multimer_v1_pred_41.pdb	7165
70	2	afm_dropout_noSM_woTemplates_model_1_multimer_v1_pred_50.pdb	203
70	3	afm_dropout_full_woTemplates_model_5_multimer_v1_pred_26.pdb	99
70	4	afm_dropout_full_woTemplates_r3_model_5_multimer_v2_pred_29.pdb	50
70	5	afm_dropout_full_woTemplates_model_5_multimer_v1_pred_15.pdb	48
70	6	afm_woTemplates_model_5_multimer_v1_pred_43.pdb	24
70	7	afm_dropout_full_woTemplates_r3_model_1_multimer_v2_pred_1.pdb	20
70	8	afm_dropout_noSM_woTemplates_model_5_multimer_v2_pred_11.pdb	16
70	9	afm_dropout_full_woTemplates_model_1_multimer_v1_pred_17.pdb	13
70	10	afm_dropout_full_woTemplates_r3_model_5_multimer_v2_pred_27.pdb	15
70	11	afm_woTemplates_model_2_multimer_v1_pred_63.pdb	10
70	12	afm_dropout_full_woTemplates_r3_model_3_multimer_v1_pred_52.pdb	9
70	13	afm_dropout_full_woTemplates_model_1_multimer_v1_pred_9.pdb	8
70	14	afm_dropout_full_woTemplates_model_4_multimer_v1_pred_22.pdb	8
70	15	afm_dropout_noSM_woTemplates_model_2_multimer_v1_pred_15.pdb	8
70	16	afm_woTemplates_model_1_multimer_v1_pred_40.pdb	8
70	17	afm_dropout_full_woTemplates_model_2_multimer_v1_pred_5.pdb	5
70	18	afm_dropout_full_woTemplates_r3_model_2_multimer_v1_pred_2.pdb	4
70	19	afm_dropout_noSM_woTemplates_model_1_multimer_v1_pred_48.pdb	4
70	20	afm_dropout_noSM_woTemplates_model_5_multimer_v1_pred_27.pdb	4
70	21	afm_dropout_full_woTemplates_model_1_multimer_v1_pred_7.pdb	3
70	22	afm_dropout_full_woTemplates_model_2_multimer_v1_pred_41.pdb	3
70	23	afm_dropout_full_woTemplates_model_3_multimer_v2_pred_2.pdb	3
70	24	afm_dropout_full_woTemplates_model_4_multimer_v2_pred_61.pdb	3
70	25	afm_dropout_full_woTemplates_r3_model_2_multimer_v1_pred_37.pdb	3
70	26	afm_dropout_full_woTemplates_r3_model_2_multimer_v1_pred_53.pdb	3
70	27	afm_dropout_full_woTemplates_r3_model_3_multimer_v1_pred_42.pdb	3
70	28	afm_dropout_noSM_woTemplates_model_2_multimer_v1_pred_37.pdb	3
70	29	afm_dropout_noSM_woTemplates_model_5_multimer_v2_pred_57.pdb	3
70	30	afm_dropout_full_woTemplates_model_1_multimer_v1_pred_56.pdb	2
70	31	afm_dropout_full_woTemplates_model_2_multimer_v1_pred_0.pdb	2
70	32	afm_dropout_full_woTemplates_model_2_multimer_v1_pred_42.pdb	2
70	33	afm_dropout_full_woTemplates_model_3_multimer_v3_pred_29.pdb	2
70	34	afm_dropout_full_woTemplates_model_4_multimer_v1_pred_30.pdb	2
70	35	afm_dropout_full_woTemplates_model_4_multimer_v1_pred_51.pdb	2
70	36	afm_dropout_full_woTemplates_model_4_multimer_v2_pred_34.pdb	2
70	37	afm_dropout_full_woTemplates_model_5_multimer_v1_pred_63.pdb	2
70	38	afm_dropout_full_woTemplates_r3_model_2_multimer_v1_pred_50.pdb	2
70	39	afm_dropout_full_woTemplates_r3_model_2_multimer_v1_pred_57.pdb	2
70	40	afm_dropout_full_woTemplates_r3_model_2_multimer_v2_pred_20.pdb	2
70	41	afm_dropout_full_woTemplates_r3_model_3_multimer_v1_pred_35.pdb	2
70	42	afm_dropout_full_woTemplates_r3_model_3_multimer_v2_pred_45.pdb	2
70	43	afm_dropout_full_woTemplates_r3_model_5_multimer_v1_pred_17.pdb	2
70	44	afm_dropout_full_woTemplates_r3_model_5_multimer_v2_pred_30.pdb	2
70	45	afm_dropout_full_woTemplates_r3_model_5_multimer_v3_pred_22.pdb	2
70	46	afm_dropout_noSM_woTemplates_model_1_multimer_v1_pred_27.pdb	2
70	47	afm_dropout_noSM_woTemplates_model_4_multimer_v2_pred_44.pdb	2
70	48	afm_dropout_full_woTemplates_model_1_multimer_v1_pred_20.pdb	1
70	49	afm_dropout_full_woTemplates_model_1_multimer_v1_pred_58.pdb	1
70	50	afm_dropout_full_woTemplates_model_2_multimer_v1_pred_19.pdb	1
70	51	afm_dropout_full_woTemplates_model_2_multimer_v1_pred_20.pdb	1
70	52	afm_dropout_full_woTemplates_model_2_multimer_v1_pred_22.pdb	1
70	53	afm_dropout_full_woTemplates_model_2_multimer_v1_pred_30.pdb	1
70	54	afm_dropout_full_woTemplates_model_2_multimer_v1_pred_36.pdb	1
70	55	afm_dropout_full_woTemplates_model_2_multimer_v1_pred_49.pdb	1
70	56	afm_dropout_full_woTemplates_model_2_multimer_v1_pred_55.pdb	1
70	57	afm_dropout_full_woTemplates_model_2_multimer_v2_pred_50.pdb	1
70	58	afm_dropout_full_woTemplates_model_3_multimer_v1_pred_50.pdb	1
70	59	afm_dropout_full_woTemplates_model_3_multimer_v3_pred_11.pdb	1
70	60	afm_dropout_full_woTemplates_r3_model_1_multimer_v1_pred_0.pdb	1
70	61	afm_dropout_full_woTemplates_r3_model_1_multimer_v1_pred_10.pdb	1
70	62	afm_dropout_full_woTemplates_r3_model_1_multimer_v1_pred_11.pdb	1
70	63	afm_dropout_full_woTemplates_r3_model_1_multimer_v1_pred_12.pdb	1
70	64	afm_dropout_full_woTemplates_r3_model_1_multimer_v1_pred_13.pdb	1
70	65	afm_dropout_full_woTemplates_r3_model_1_multimer_v1_pred_14.pdb	1
70	66	afm_dropout_full_woTemplates_r3_model_1_multimer_v1_pred_15.pdb	1
70	67	afm_dropout_full_woTemplates_r3_model_1_multimer_v1_pred_17.pdb	1
70	68	afm_dropout_full_woTemplates_r3_model_1_multimer_v1_pred_19.pdb	1
70	69	afm_dropout_full_woTemplates_r3_model_1_multimer_v1_pred_2.pdb	1
70	70	afm_dropout_full_woTemplates_r3_model_1_multimer_v1_pred_20.pdb	1
70	71	afm_dropout_full_woTemplates_r3_model_1_multimer_v1_pred_22.pdb	1
70	72	afm_dropout_full_woTemplates_r3_model_1_multimer_v1_pred_23.pdb	1
70	73	afm_dropout_full_woTemplates_r3_model_1_multimer_v1_pred_26.pdb	1
70	74	afm_dropout_full_woTemplates_r3_model_1_multimer_v1_pred_28.pdb	1
70	75	afm_dropout_full_woTemplates_r3_model_1_multimer_v1_pred_29.pdb	1
70	76	afm_dropout_full_woTemplates_r3_model_1_multimer_v1_pred_3.pdb	1
70	77	afm_dropout_full_woTemplates_r3_model_1_multimer_v1_pred_30.pdb	1
70	78	afm_dropout_full_woTemplates_r3_model_1_multimer_v1_pred_31.pdb	1
70	79	afm_dropout_full_woTemplates_r3_model_1_multimer_v1_pred_32.pdb	1
70	80	afm_dropout_full_woTemplates_r3_model_1_multimer_v1_pred_33.pdb	1
70	81	afm_dropout_full_woTemplates_r3_model_1_multimer_v1_pred_34.pdb	1
70	82	afm_dropout_full_woTemplates_r3_model_1_multimer_v1_pred_35.pdb	1
70	83	afm_dropout_full_woTemplates_r3_model_1_multimer_v1_pred_36.pdb	1
70	84	afm_dropout_full_woTemplates_r3_model_1_multimer_v1_pred_37.pdb	1
70	85	afm_dropout_full_woTemplates_r3_model_1_multimer_v1_pred_38.pdb	1
70	86	afm_dropout_full_woTemplates_r3_model_1_multimer_v1_pred_39.pdb	1
70	87	afm_dropout_full_woTemplates_r3_model_1_multimer_v1_pred_40.pdb	1
70	88	afm_dropout_full_woTemplates_r3_model_1_multimer_v1_pred_41.pdb	1
70	89	afm_dropout_full_woTemplates_r3_model_1_multimer_v1_pred_42.pdb	1
70	90	afm_dropout_full_woTemplates_r3_model_1_multimer_v1_pred_43.pdb	1
70	91	afm_dropout_full_woTemplates_r3_model_1_multimer_v1_pred_44.pdb	1
70	92	afm_dropout_full_woTemplates_r3_model_1_multimer_v1_pred_45.pdb	1
70	93	afm_dropout_full_woTemplates_r3_model_1_multimer_v1_pred_46.pdb	1
70	94	afm_dropout_full_woTemplates_r3_model_1_multimer_v1_pred_47.pdb	1
70	95	afm_dropout_full_woTemplates_r3_model_1_multimer_v1_pred_48.pdb	1
70	96	afm_dropout_full_woTemplates_r3_model_1_multimer_v1_pred_49.pdb	1
70	97	afm_dropout_full_woTemplates_r3_model_1_multimer_v1_pred_5.pdb	1
70	98	afm_dropout_full_woTemplates_r3_model_1_multimer_v1_pred_51.pdb	1
70	99	afm_dropout_full_woTemplates_r3_model_1_multimer_v1_pred_52.pdb	1
70	100	afm_dropout_full_woTemplates_r3_model_1_multimer_v1_pred_53.pdb	1
70	101	afm_dropout_full_woTemplates_r3_model_1_multimer_v1_pred_54.pdb	1
70	102	afm_dropout_full_woTemplates_r3_model_1_multimer_v1_pred_56.pdb	1
70	103	afm_dropout_full_woTemplates_r3_model_1_multimer_v1_pred_57.pdb	1
70	104	afm_dropout_full_woTemplates_r3_model_1_multimer_v1_pred_58.pdb	1
70	105	afm_dropout_full_woTemplates_r3_model_1_multimer_v1_pred_59.pdb	1
70	106	afm_dropout_full_woTemplates_r3_model_1_multimer_v1_pred_6.pdb	1
70	107	afm_dropout_full_woTemplates_r3_model_1_multimer_v1_pred_60.pdb	1
70	108	afm_dropout_full_woTemplates_r3_model_1_multimer_v1_pred_61.pdb	1
70	109	afm_dropout_full_woTemplates_r3_model_1_multimer_v1_pred_62.pdb	1
70	110	afm_dropout_full_woTemplates_r3_model_1_multimer_v1_pred_63.pdb	1
70	111	afm_dropout_full_woTemplates_r3_model_1_multimer_v1_pred_64.pdb	1
70	112	afm_dropout_full_woTemplates_r3_model_1_multimer_v1_pred_65.pdb	1
70	113	afm_dropout_full_woTemplates_r3_model_1_multimer_v1_pred_66.pdb	1
70	114	afm_dropout_full_woTemplates_r3_model_1_multimer_v1_pred_7.pdb	1
70	115	afm_dropout_full_woTemplates_r3_model_1_multimer_v1_pred_8.pdb	1
70	116	afm_dropout_full_woTemplates_r3_model_2_multimer_v1_pred_10.pdb	1
70	117	afm_dropout_full_woTemplates_r3_model_2_multimer_v1_pred_11.pdb	1
70	118	afm_dropout_full_woTemplates_r3_model_2_multimer_v1_pred_14.pdb	1
70	119	afm_dropout_full_woTemplates_r3_model_2_multimer_v1_pred_15.pdb	1
70	120	afm_dropout_full_woTemplates_r3_model_2_multimer_v1_pred_17.pdb	1
70	121	afm_dropout_full_woTemplates_r3_model_2_multimer_v1_pred_18.pdb	1
70	122	afm_dropout_full_woTemplates_r3_model_2_multimer_v1_pred_20.pdb	1
70	123	afm_dropout_full_woTemplates_r3_model_2_multimer_v1_pred_21.pdb	1
70	124	afm_dropout_full_woTemplates_r3_model_2_multimer_v1_pred_23.pdb	1
70	125	afm_dropout_full_woTemplates_r3_model_2_multimer_v1_pred_25.pdb	1
70	126	afm_dropout_full_woTemplates_r3_model_2_multimer_v1_pred_26.pdb	1
70	127	afm_dropout_full_woTemplates_r3_model_2_multimer_v1_pred_27.pdb	1
70	128	afm_dropout_full_woTemplates_r3_model_2_multimer_v1_pred_28.pdb	1
70	129	afm_dropout_full_woTemplates_r3_model_2_multimer_v1_pred_29.pdb	1
70	130	afm_dropout_full_woTemplates_r3_model_2_multimer_v1_pred_3.pdb	1
70	131	afm_dropout_full_woTemplates_r3_model_2_multimer_v1_pred_30.pdb	1
70	132	afm_dropout_full_woTemplates_r3_model_2_multimer_v1_pred_31.pdb	1
70	133	afm_dropout_full_woTemplates_r3_model_2_multimer_v1_pred_33.pdb	1
70	134	afm_dropout_full_woTemplates_r3_model_2_multimer_v1_pred_34.pdb	1
70	135	afm_dropout_full_woTemplates_r3_model_2_multimer_v1_pred_35.pdb	1
70	136	afm_dropout_full_woTemplates_r3_model_2_multimer_v1_pred_36.pdb	1
70	137	afm_dropout_full_woTemplates_r3_model_2_multimer_v1_pred_39.pdb	1
70	138	afm_dropout_full_woTemplates_r3_model_2_multimer_v1_pred_4.pdb	1
70	139	afm_dropout_full_woTemplates_r3_model_2_multimer_v1_pred_40.pdb	1
70	140	afm_dropout_full_woTemplates_r3_model_2_multimer_v1_pred_43.pdb	1
70	141	afm_dropout_full_woTemplates_r3_model_2_multimer_v1_pred_44.pdb	1
70	142	afm_dropout_full_woTemplates_r3_model_2_multimer_v1_pred_45.pdb	1
70	143	afm_dropout_full_woTemplates_r3_model_2_multimer_v1_pred_48.pdb	1
70	144	afm_dropout_full_woTemplates_r3_model_2_multimer_v1_pred_5.pdb	1
70	145	afm_dropout_full_woTemplates_r3_model_2_multimer_v1_pred_55.pdb	1
70	146	afm_dropout_full_woTemplates_r3_model_2_multimer_v1_pred_6.pdb	1
70	147	afm_dropout_full_woTemplates_r3_model_2_multimer_v1_pred_60.pdb	1
70	148	afm_dropout_full_woTemplates_r3_model_2_multimer_v1_pred_61.pdb	1
70	149	afm_dropout_full_woTemplates_r3_model_2_multimer_v1_pred_62.pdb	1
70	150	afm_dropout_full_woTemplates_r3_model_2_multimer_v1_pred_63.pdb	1
70	151	afm_dropout_full_woTemplates_r3_model_3_multimer_v1_pred_10.pdb	1
70	152	afm_dropout_full_woTemplates_r3_model_3_multimer_v1_pred_21.pdb	1
70	153	afm_dropout_full_woTemplates_r3_model_3_multimer_v1_pred_26.pdb	1
70	154	afm_dropout_full_woTemplates_r3_model_3_multimer_v1_pred_27.pdb	1
70	155	afm_dropout_full_woTemplates_r3_model_3_multimer_v1_pred_28.pdb	1
70	156	afm_dropout_full_woTemplates_r3_model_3_multimer_v1_pred_31.pdb	1
70	157	afm_dropout_full_woTemplates_r3_model_3_multimer_v1_pred_32.pdb	1
70	158	afm_dropout_full_woTemplates_r3_model_3_multimer_v1_pred_44.pdb	1
70	159	afm_dropout_full_woTemplates_r3_model_3_multimer_v1_pred_47.pdb	1
70	160	afm_dropout_full_woTemplates_r3_model_3_multimer_v1_pred_48.pdb	1
70	161	afm_dropout_full_woTemplates_r3_model_3_multimer_v1_pred_55.pdb	1
70	162	afm_dropout_full_woTemplates_r3_model_3_multimer_v1_pred_58.pdb	1
70	163	afm_dropout_full_woTemplates_r3_model_3_multimer_v1_pred_59.pdb	1
70	164	afm_dropout_full_woTemplates_r3_model_3_multimer_v1_pred_7.pdb	1
70	165	afm_dropout_full_woTemplates_r3_model_3_multimer_v1_pred_8.pdb	1
70	166	afm_dropout_full_woTemplates_r3_model_3_multimer_v1_pred_9.pdb	1
70	167	afm_dropout_full_woTemplates_r3_model_3_multimer_v2_pred_17.pdb	1
70	168	afm_dropout_full_woTemplates_r3_model_3_multimer_v2_pred_41.pdb	1
70	169	afm_dropout_full_woTemplates_r3_model_3_multimer_v2_pred_57.pdb	1
70	170	afm_dropout_full_woTemplates_r3_model_3_multimer_v2_pred_6.pdb	1
70	171	afm_dropout_full_woTemplates_r3_model_3_multimer_v3_pred_10.pdb	1
70	172	afm_dropout_full_woTemplates_r3_model_3_multimer_v3_pred_3.pdb	1
70	173	afm_dropout_full_woTemplates_r3_model_3_multimer_v3_pred_33.pdb	1
70	174	afm_dropout_full_woTemplates_r3_model_3_multimer_v3_pred_36.pdb	1
70	175	afm_dropout_full_woTemplates_r3_model_3_multimer_v3_pred_53.pdb	1
70	176	afm_dropout_full_woTemplates_r3_model_3_multimer_v3_pred_58.pdb	1
70	177	afm_dropout_full_woTemplates_r3_model_4_multimer_v1_pred_0.pdb	1
70	178	afm_dropout_full_woTemplates_r3_model_4_multimer_v1_pred_1.pdb	1
70	179	afm_dropout_full_woTemplates_r3_model_4_multimer_v1_pred_12.pdb	1
70	180	afm_dropout_full_woTemplates_r3_model_4_multimer_v1_pred_14.pdb	1
70	181	afm_dropout_full_woTemplates_r3_model_4_multimer_v1_pred_17.pdb	1
70	182	afm_dropout_full_woTemplates_r3_model_4_multimer_v1_pred_2.pdb	1
70	183	afm_dropout_full_woTemplates_r3_model_4_multimer_v1_pred_22.pdb	1
70	184	afm_dropout_full_woTemplates_r3_model_4_multimer_v1_pred_23.pdb	1
70	185	afm_dropout_full_woTemplates_r3_model_4_multimer_v1_pred_25.pdb	1
70	186	afm_dropout_full_woTemplates_r3_model_4_multimer_v1_pred_27.pdb	1
70	187	afm_dropout_full_woTemplates_r3_model_4_multimer_v1_pred_28.pdb	1
70	188	afm_dropout_full_woTemplates_r3_model_4_multimer_v1_pred_31.pdb	1
70	189	afm_dropout_full_woTemplates_r3_model_4_multimer_v1_pred_34.pdb	1
70	190	afm_dropout_full_woTemplates_r3_model_4_multimer_v1_pred_35.pdb	1
70	191	afm_dropout_full_woTemplates_r3_model_4_multimer_v1_pred_36.pdb	1
70	192	afm_dropout_full_woTemplates_r3_model_4_multimer_v1_pred_37.pdb	1
70	193	afm_dropout_full_woTemplates_r3_model_4_multimer_v1_pred_38.pdb	1
70	194	afm_dropout_full_woTemplates_r3_model_4_multimer_v1_pred_39.pdb	1
70	195	afm_dropout_full_woTemplates_r3_model_4_multimer_v1_pred_44.pdb	1
70	196	afm_dropout_full_woTemplates_r3_model_4_multimer_v1_pred_46.pdb	1
70	197	afm_dropout_full_woTemplates_r3_model_4_multimer_v1_pred_47.pdb	1
70	198	afm_dropout_full_woTemplates_r3_model_4_multimer_v1_pred_48.pdb	1
70	199	afm_dropout_full_woTemplates_r3_model_4_multimer_v1_pred_49.pdb	1
70	200	afm_dropout_full_woTemplates_r3_model_4_multimer_v1_pred_50.pdb	1
70	201	afm_dropout_full_woTemplates_r3_model_4_multimer_v1_pred_51.pdb	1
70	202	afm_dropout_full_woTemplates_r3_model_4_multimer_v1_pred_52.pdb	1
70	203	afm_dropout_full_woTemplates_r3_model_4_multimer_v1_pred_53.pdb	1
70	204	afm_dropout_full_woTemplates_r3_model_4_multimer_v1_pred_54.pdb	1
70	205	afm_dropout_full_woTemplates_r3_model_4_multimer_v1_pred_55.pdb	1
70	206	afm_dropout_full_woTemplates_r3_model_4_multimer_v1_pred_60.pdb	1
70	207	afm_dropout_full_woTemplates_r3_model_4_multimer_v1_pred_61.pdb	1
70	208	afm_dropout_full_woTemplates_r3_model_4_multimer_v1_pred_62.pdb	1
70	209	afm_dropout_full_woTemplates_r3_model_4_multimer_v1_pred_63.pdb	1
70	210	afm_dropout_full_woTemplates_r3_model_4_multimer_v1_pred_7.pdb	1
70	211	afm_dropout_full_woTemplates_r3_model_4_multimer_v1_pred_8.pdb	1
70	212	afm_dropout_full_woTemplates_r3_model_4_multimer_v1_pred_9.pdb	1
70	213	afm_dropout_full_woTemplates_r3_model_4_multimer_v2_pred_1.pdb	1
70	214	afm_dropout_full_woTemplates_r3_model_4_multimer_v2_pred_39.pdb	1
70	215	afm_dropout_full_woTemplates_r3_model_4_multimer_v2_pred_5.pdb	1
70	216	afm_dropout_full_woTemplates_r3_model_4_multimer_v2_pred_59.pdb	1
70	217	afm_dropout_full_woTemplates_r3_model_5_multimer_v1_pred_0.pdb	1
70	218	afm_dropout_full_woTemplates_r3_model_5_multimer_v1_pred_1.pdb	1
70	219	afm_dropout_full_woTemplates_r3_model_5_multimer_v1_pred_10.pdb	1
70	220	afm_dropout_full_woTemplates_r3_model_5_multimer_v1_pred_11.pdb	1
70	221	afm_dropout_full_woTemplates_r3_model_5_multimer_v1_pred_12.pdb	1
70	222	afm_dropout_full_woTemplates_r3_model_5_multimer_v1_pred_13.pdb	1
70	223	afm_dropout_full_woTemplates_r3_model_5_multimer_v1_pred_14.pdb	1
70	224	afm_dropout_full_woTemplates_r3_model_5_multimer_v1_pred_15.pdb	1
70	225	afm_dropout_full_woTemplates_r3_model_5_multimer_v1_pred_16.pdb	1
70	226	afm_dropout_full_woTemplates_r3_model_5_multimer_v1_pred_18.pdb	1
70	227	afm_dropout_full_woTemplates_r3_model_5_multimer_v1_pred_19.pdb	1
70	228	afm_dropout_full_woTemplates_r3_model_5_multimer_v1_pred_2.pdb	1
70	229	afm_dropout_full_woTemplates_r3_model_5_multimer_v1_pred_20.pdb	1
70	230	afm_dropout_full_woTemplates_r3_model_5_multimer_v1_pred_21.pdb	1
70	231	afm_dropout_full_woTemplates_r3_model_5_multimer_v1_pred_22.pdb	1
70	232	afm_dropout_full_woTemplates_r3_model_5_multimer_v1_pred_24.pdb	1
70	233	afm_dropout_full_woTemplates_r3_model_5_multimer_v1_pred_25.pdb	1
70	234	afm_dropout_full_woTemplates_r3_model_5_multimer_v1_pred_26.pdb	1
70	235	afm_dropout_full_woTemplates_r3_model_5_multimer_v1_pred_27.pdb	1
70	236	afm_dropout_full_woTemplates_r3_model_5_multimer_v1_pred_28.pdb	1
70	237	afm_dropout_full_woTemplates_r3_model_5_multimer_v1_pred_3.pdb	1
70	238	afm_dropout_full_woTemplates_r3_model_5_multimer_v1_pred_31.pdb	1
70	239	afm_dropout_full_woTemplates_r3_model_5_multimer_v1_pred_32.pdb	1
70	240	afm_dropout_full_woTemplates_r3_model_5_multimer_v1_pred_33.pdb	1
70	241	afm_dropout_full_woTemplates_r3_model_5_multimer_v1_pred_34.pdb	1
70	242	afm_dropout_full_woTemplates_r3_model_5_multimer_v1_pred_35.pdb	1
70	243	afm_dropout_full_woTemplates_r3_model_5_multimer_v1_pred_37.pdb	1
70	244	afm_dropout_full_woTemplates_r3_model_5_multimer_v1_pred_39.pdb	1
70	245	afm_dropout_full_woTemplates_r3_model_5_multimer_v1_pred_4.pdb	1
70	246	afm_dropout_full_woTemplates_r3_model_5_multimer_v1_pred_40.pdb	1
70	247	afm_dropout_full_woTemplates_r3_model_5_multimer_v1_pred_41.pdb	1
70	248	afm_dropout_full_woTemplates_r3_model_5_multimer_v1_pred_42.pdb	1
70	249	afm_dropout_full_woTemplates_r3_model_5_multimer_v1_pred_43.pdb	1
70	250	afm_dropout_full_woTemplates_r3_model_5_multimer_v1_pred_44.pdb	1
70	251	afm_dropout_full_woTemplates_r3_model_5_multimer_v1_pred_45.pdb	1
70	252	afm_dropout_full_woTemplates_r3_model_5_multimer_v1_pred_46.pdb	1
70	253	afm_dropout_full_woTemplates_r3_model_5_multimer_v1_pred_47.pdb	1
70	254	afm_dropout_full_woTemplates_r3_model_5_multimer_v1_pred_48.pdb	1
70	255	afm_dropout_full_woTemplates_r3_model_5_multimer_v1_pred_49.pdb	1
70	256	afm_dropout_full_woTemplates_r3_model_5_multimer_v1_pred_50.pdb	1
70	257	afm_dropout_full_woTemplates_r3_model_5_multimer_v1_pred_51.pdb	1
70	258	afm_dropout_full_woTemplates_r3_model_5_multimer_v1_pred_54.pdb	1
70	259	afm_dropout_full_woTemplates_r3_model_5_multimer_v1_pred_55.pdb	1
70	260	afm_dropout_full_woTemplates_r3_model_5_multimer_v1_pred_56.pdb	1
70	261	afm_dropout_full_woTemplates_r3_model_5_multimer_v1_pred_57.pdb	1
70	262	afm_dropout_full_woTemplates_r3_model_5_multimer_v1_pred_58.pdb	1
70	263	afm_dropout_full_woTemplates_r3_model_5_multimer_v1_pred_59.pdb	1
70	264	afm_dropout_full_woTemplates_r3_model_5_multimer_v1_pred_6.pdb	1
70	265	afm_dropout_full_woTemplates_r3_model_5_multimer_v1_pred_60.pdb	1
70	266	afm_dropout_full_woTemplates_r3_model_5_multimer_v1_pred_61.pdb	1
70	267	afm_dropout_full_woTemplates_r3_model_5_multimer_v1_pred_62.pdb	1
70	268	afm_dropout_full_woTemplates_r3_model_5_multimer_v1_pred_64.pdb	1
70	269	afm_dropout_full_woTemplates_r3_model_5_multimer_v1_pred_65.pdb	1
70	270	afm_dropout_full_woTemplates_r3_model_5_multimer_v1_pred_66.pdb	1
70	271	afm_dropout_full_woTemplates_r3_model_5_multimer_v1_pred_7.pdb	1
70	272	afm_dropout_full_woTemplates_r3_model_5_multimer_v1_pred_8.pdb	1
70	273	afm_dropout_full_woTemplates_r3_model_5_multimer_v2_pred_24.pdb	1
70	274	afm_dropout_full_woTemplates_r3_model_5_multimer_v2_pred_34.pdb	1
70	275	afm_dropout_full_woTemplates_r3_model_5_multimer_v2_pred_38.pdb	1
70	276	afm_dropout_full_woTemplates_r3_model_5_multimer_v2_pred_63.pdb	1
70	277	afm_dropout_full_woTemplates_r3_model_5_multimer_v2_pred_9.pdb	1
70	278	afm_dropout_full_woTemplates_r3_model_5_multimer_v3_pred_0.pdb	1
70	279	afm_dropout_full_woTemplates_r3_model_5_multimer_v3_pred_19.pdb	1
70	280	afm_dropout_full_woTemplates_r3_model_5_multimer_v3_pred_29.pdb	1
70	281	afm_dropout_full_woTemplates_r3_model_5_multimer_v3_pred_4.pdb	1
70	282	afm_dropout_noSM_woTemplates_model_1_multimer_v1_pred_12.pdb	1
70	283	afm_dropout_noSM_woTemplates_model_1_multimer_v1_pred_37.pdb	1
70	284	afm_dropout_noSM_woTemplates_model_1_multimer_v1_pred_60.pdb	1
70	285	afm_dropout_noSM_woTemplates_model_1_multimer_v1_pred_9.pdb	1
70	286	afm_dropout_noSM_woTemplates_model_1_multimer_v2_pred_45.pdb	1
70	287	afm_dropout_noSM_woTemplates_model_2_multimer_v1_pred_18.pdb	1
70	288	afm_dropout_noSM_woTemplates_model_2_multimer_v1_pred_19.pdb	1
70	289	afm_dropout_noSM_woTemplates_model_2_multimer_v2_pred_21.pdb	1
70	290	afm_dropout_noSM_woTemplates_model_3_multimer_v3_pred_0.pdb	1
70	291	afm_dropout_noSM_woTemplates_model_4_multimer_v1_pred_5.pdb	1
70	292	afm_dropout_noSM_woTemplates_model_4_multimer_v1_pred_51.pdb	1
70	293	afm_dropout_noSM_woTemplates_model_5_multimer_v1_pred_28.pdb	1
70	294	afm_dropout_noSM_woTemplates_model_5_multimer_v1_pred_30.pdb	1
70	295	afm_woTemplates_model_1_multimer_v1_pred_5.pdb	1
70	296	afm_woTemplates_model_3_multimer_v1_pred_10.pdb	1
70	297	afm_woTemplates_model_4_multimer_v1_pred_15.pdb	1
70	298	afm_woTemplates_model_5_multimer_v1_pred_24.pdb	1
70	299	afm_woTemplates_model_5_multimer_v1_pred_28.pdb	1
70	300	afm_woTemplates_model_5_multimer_v1_pred_42.pdb	1
70	301	cf_dropout_full_woTemplates_model_1_multimer_v1_pred_40.pdb	1
70	302	cf_dropout_full_woTemplates_model_1_multimer_v1_pred_66.pdb	1
70	303	cf_woTemplates_model_5_multimer_v1_pred_65.pdb	1

80	1	cf_dropout_full_woTemplates_model_5_multimer_v3_pred_57.pdb	5623
80	2	afm_woTemplates_model_2_multimer_v1_pred_7.pdb	1166
80	3	afm_dropout_full_woTemplates_model_1_multimer_v1_pred_13.pdb	138
80	4	afm_woTemplates_model_1_multimer_v2_pred_52.pdb	104
80	5	afm_woTemplates_model_4_multimer_v1_pred_33.pdb	48
80	6	afm_dropout_full_woTemplates_model_5_multimer_v1_pred_26.pdb	31
80	7	cf_woTemplates_model_2_multimer_v1_pred_17.pdb	29
80	8	afm_woTemplates_model_1_multimer_v1_pred_39.pdb	26
80	9	afm_woTemplates_model_1_multimer_v1_pred_31.pdb	24
80	10	afm_dropout_full_woTemplates_r3_model_1_multimer_v3_pred_33.pdb	21
80	11	cf_dropout_full_woTemplates_model_3_multimer_v2_pred_23.pdb	18
80	12	afm_dropout_noSM_woTemplates_model_5_multimer_v2_pred_27.pdb	20
80	13	afm_dropout_full_woTemplates_model_4_multimer_v1_pred_47.pdb	21
80	14	afm_dropout_noSM_woTemplates_model_5_multimer_v1_pred_57.pdb	15
80	15	afm_woTemplates_model_5_multimer_v1_pred_12.pdb	15
80	16	afm_dropout_full_woTemplates_model_1_multimer_v1_pred_27.pdb	13
80	17	afm_dropout_full_woTemplates_r3_model_5_multimer_v2_pred_47.pdb	14
80	18	afm_woTemplates_model_3_multimer_v1_pred_22.pdb	13
80	19	afm_dropout_full_woTemplates_r3_model_4_multimer_v1_pred_13.pdb	12
80	20	afm_basic_model_4_multimer_v2_pred_21.pdb	9
80	21	afm_dropout_full_woTemplates_r3_model_2_multimer_v2_pred_60.pdb	12
80	22	afm_woTemplates_model_1_multimer_v1_pred_19.pdb	9
80	23	afm_dropout_full_woTemplates_r3_model_3_multimer_v2_pred_3.pdb	8
80	24	afm_woTemplates_model_3_multimer_v1_pred_48.pdb	7
80	25	afm_basic_model_2_multimer_v1_pred_10.pdb	7
80	26	afm_dropout_full_woTemplates_model_5_multimer_v2_pred_11.pdb	6
80	27	afm_dropout_full_woTemplates_r3_model_5_multimer_v2_pred_27.pdb	7
80	28	afm_dropout_noSM_woTemplates_model_1_multimer_v1_pred_38.pdb	7
80	29	afm_dropout_noSM_woTemplates_model_2_multimer_v1_pred_55.pdb	6
80	30	afm_dropout_full_woTemplates_model_5_multimer_v1_pred_46.pdb	5
80	31	afm_woTemplates_model_5_multimer_v1_pred_62.pdb	6
80	32	cf_dropout_full_woTemplates_model_1_multimer_v1_pred_41.pdb	5
80	33	cf_dropout_full_woTemplates_model_2_multimer_v2_pred_6.pdb	5
80	34	cf_dropout_full_woTemplates_model_5_multimer_v1_pred_59.pdb	5
80	35	afm_dropout_full_woTemplates_r3_model_3_multimer_v1_pred_56.pdb	4
80	36	afm_dropout_full_woTemplates_r3_model_4_multimer_v1_pred_24.pdb	6
80	37	afm_dropout_full_woTemplates_r3_model_5_multimer_v2_pred_32.pdb	5
80	38	afm_dropout_noSM_woTemplates_model_4_multimer_v1_pred_64.pdb	4
80	39	afm_woTemplates_model_1_multimer_v1_pred_55.pdb	5
80	40	afm_woTemplates_model_3_multimer_v1_pred_35.pdb	5
80	41	afm_dropout_full_woTemplates_model_1_multimer_v1_pred_33.pdb	3
80	42	afm_dropout_full_woTemplates_model_5_multimer_v1_pred_22.pdb	3
80	43	afm_dropout_full_woTemplates_model_5_multimer_v1_pred_40.pdb	3
80	44	afm_dropout_full_woTemplates_model_5_multimer_v2_pred_24.pdb	3
80	45	afm_dropout_full_woTemplates_model_5_multimer_v2_pred_5.pdb	3
80	46	afm_dropout_full_woTemplates_r3_model_2_multimer_v2_pred_56.pdb	3
80	47	afm_dropout_full_woTemplates_r3_model_3_multimer_v1_pred_20.pdb	3
80	48	afm_woTemplates_model_2_multimer_v1_pred_10.pdb	3
80	49	afm_woTemplates_model_2_multimer_v1_pred_30.pdb	3
80	50	afm_dropout_full_woTemplates_model_1_multimer_v1_pred_15.pdb	2
80	51	afm_dropout_full_woTemplates_model_3_multimer_v2_pred_2.pdb	2
80	52	afm_dropout_full_woTemplates_model_4_multimer_v1_pred_28.pdb	2
80	53	afm_dropout_full_woTemplates_model_4_multimer_v1_pred_45.pdb	2
80	54	afm_dropout_full_woTemplates_model_4_multimer_v2_pred_34.pdb	2
80	55	afm_dropout_full_woTemplates_model_5_multimer_v1_pred_3.pdb	2
80	56	afm_dropout_full_woTemplates_model_5_multimer_v1_pred_51.pdb	2
80	57	afm_dropout_full_woTemplates_model_5_multimer_v2_pred_23.pdb	2
80	58	afm_dropout_full_woTemplates_model_5_multimer_v2_pred_37.pdb	2
80	59	afm_dropout_full_woTemplates_r3_model_1_multimer_v2_pred_15.pdb	2
80	60	afm_dropout_full_woTemplates_r3_model_2_multimer_v1_pred_13.pdb	2
80	61	afm_dropout_full_woTemplates_r3_model_3_multimer_v1_pred_16.pdb	2
80	62	afm_dropout_full_woTemplates_r3_model_3_multimer_v1_pred_17.pdb	2
80	63	afm_dropout_full_woTemplates_r3_model_4_multimer_v1_pred_21.pdb	2
80	64	afm_dropout_full_woTemplates_r3_model_5_multimer_v2_pred_29.pdb	2
80	65	afm_dropout_full_woTemplates_r3_model_5_multimer_v2_pred_6.pdb	2
80	66	afm_dropout_noSM_woTemplates_model_1_multimer_v1_pred_22.pdb	2
80	67	afm_dropout_noSM_woTemplates_model_5_multimer_v1_pred_20.pdb	2
80	68	afm_dropout_noSM_woTemplates_model_5_multimer_v1_pred_3.pdb	2
80	69	afm_dropout_noSM_woTemplates_model_5_multimer_v2_pred_5.pdb	2
80	70	afm_woTemplates_model_5_multimer_v1_pred_15.pdb	2
80	71	afm_woTemplates_model_5_multimer_v1_pred_23.pdb	2
80	72	afm_woTemplates_model_5_multimer_v1_pred_29.pdb	2
80	73	afm_dropout_full_woTemplates_model_1_multimer_v1_pred_18.pdb	1
80	74	afm_dropout_full_woTemplates_model_1_multimer_v1_pred_2.pdb	1
80	75	afm_dropout_full_woTemplates_model_1_multimer_v1_pred_20.pdb	1
80	76	afm_dropout_full_woTemplates_model_1_multimer_v1_pred_22.pdb	1
80	77	afm_dropout_full_woTemplates_model_1_multimer_v1_pred_25.pdb	1
80	78	afm_dropout_full_woTemplates_model_1_multimer_v1_pred_42.pdb	1
80	79	afm_dropout_full_woTemplates_model_1_multimer_v1_pred_44.pdb	1
80	80	afm_dropout_full_woTemplates_model_1_multimer_v1_pred_56.pdb	1
80	81	afm_dropout_full_woTemplates_model_1_multimer_v1_pred_58.pdb	1
80	82	afm_dropout_full_woTemplates_model_1_multimer_v1_pred_7.pdb	1
80	83	afm_dropout_full_woTemplates_model_1_multimer_v1_pred_9.pdb	1
80	84	afm_dropout_full_woTemplates_model_2_multimer_v1_pred_0.pdb	1
80	85	afm_dropout_full_woTemplates_model_2_multimer_v1_pred_1.pdb	1
80	86	afm_dropout_full_woTemplates_model_2_multimer_v1_pred_16.pdb	1
80	87	afm_dropout_full_woTemplates_model_2_multimer_v1_pred_19.pdb	1
80	88	afm_dropout_full_woTemplates_model_2_multimer_v1_pred_20.pdb	1
80	89	afm_dropout_full_woTemplates_model_2_multimer_v1_pred_22.pdb	1
80	90	afm_dropout_full_woTemplates_model_2_multimer_v1_pred_29.pdb	1
80	91	afm_dropout_full_woTemplates_model_2_multimer_v1_pred_30.pdb	1
80	92	afm_dropout_full_woTemplates_model_2_multimer_v1_pred_36.pdb	1
80	93	afm_dropout_full_woTemplates_model_2_multimer_v1_pred_38.pdb	1
80	94	afm_dropout_full_woTemplates_model_2_multimer_v1_pred_41.pdb	1
80	95	afm_dropout_full_woTemplates_model_2_multimer_v1_pred_42.pdb	1
80	96	afm_dropout_full_woTemplates_model_2_multimer_v1_pred_44.pdb	1
80	97	afm_dropout_full_woTemplates_model_2_multimer_v1_pred_47.pdb	1
80	98	afm_dropout_full_woTemplates_model_2_multimer_v1_pred_48.pdb	1
80	99	afm_dropout_full_woTemplates_model_2_multimer_v1_pred_49.pdb	1
80	100	afm_dropout_full_woTemplates_model_2_multimer_v1_pred_5.pdb	1
80	101	afm_dropout_full_woTemplates_model_2_multimer_v1_pred_55.pdb	1
80	102	afm_dropout_full_woTemplates_model_2_multimer_v1_pred_57.pdb	1
80	103	afm_dropout_full_woTemplates_model_2_multimer_v1_pred_6.pdb	1
80	104	afm_dropout_full_woTemplates_model_2_multimer_v2_pred_50.pdb	1
80	105	afm_dropout_full_woTemplates_model_3_multimer_v1_pred_50.pdb	1
80	106	afm_dropout_full_woTemplates_model_3_multimer_v2_pred_22.pdb	1
80	107	afm_dropout_full_woTemplates_model_3_multimer_v3_pred_11.pdb	1
80	108	afm_dropout_full_woTemplates_model_3_multimer_v3_pred_29.pdb	1
80	109	afm_dropout_full_woTemplates_model_4_multimer_v1_pred_21.pdb	1
80	110	afm_dropout_full_woTemplates_model_4_multimer_v1_pred_22.pdb	1
80	111	afm_dropout_full_woTemplates_model_4_multimer_v1_pred_30.pdb	1
80	112	afm_dropout_full_woTemplates_model_4_multimer_v1_pred_37.pdb	1
80	113	afm_dropout_full_woTemplates_model_4_multimer_v1_pred_51.pdb	1
80	114	afm_dropout_full_woTemplates_model_4_multimer_v1_pred_59.pdb	1
80	115	afm_dropout_full_woTemplates_model_4_multimer_v1_pred_7.pdb	1
80	116	afm_dropout_full_woTemplates_model_4_multimer_v2_pred_61.pdb	1
80	117	afm_dropout_full_woTemplates_model_5_multimer_v1_pred_20.pdb	1
80	118	afm_dropout_full_woTemplates_model_5_multimer_v1_pred_25.pdb	1
80	119	afm_dropout_full_woTemplates_model_5_multimer_v1_pred_30.pdb	1
80	120	afm_dropout_full_woTemplates_model_5_multimer_v1_pred_47.pdb	1
80	121	afm_dropout_full_woTemplates_model_5_multimer_v1_pred_49.pdb	1
80	122	afm_dropout_full_woTemplates_model_5_multimer_v1_pred_62.pdb	1
80	123	afm_dropout_full_woTemplates_model_5_multimer_v1_pred_63.pdb	1
80	124	afm_dropout_full_woTemplates_model_5_multimer_v2_pred_2.pdb	1
80	125	afm_dropout_full_woTemplates_r3_model_1_multimer_v1_pred_0.pdb	1
80	126	afm_dropout_full_woTemplates_r3_model_1_multimer_v1_pred_1.pdb	1
80	127	afm_dropout_full_woTemplates_r3_model_1_multimer_v1_pred_10.pdb	1
80	128	afm_dropout_full_woTemplates_r3_model_1_multimer_v1_pred_11.pdb	1
80	129	afm_dropout_full_woTemplates_r3_model_1_multimer_v1_pred_12.pdb	1
80	130	afm_dropout_full_woTemplates_r3_model_1_multimer_v1_pred_13.pdb	1
80	131	afm_dropout_full_woTemplates_r3_model_1_multimer_v1_pred_14.pdb	1
80	132	afm_dropout_full_woTemplates_r3_model_1_multimer_v1_pred_15.pdb	1
80	133	afm_dropout_full_woTemplates_r3_model_1_multimer_v1_pred_16.pdb	1
80	134	afm_dropout_full_woTemplates_r3_model_1_multimer_v1_pred_17.pdb	1
80	135	afm_dropout_full_woTemplates_r3_model_1_multimer_v1_pred_18.pdb	1
80	136	afm_dropout_full_woTemplates_r3_model_1_multimer_v1_pred_19.pdb	1
80	137	afm_dropout_full_woTemplates_r3_model_1_multimer_v1_pred_2.pdb	1
80	138	afm_dropout_full_woTemplates_r3_model_1_multimer_v1_pred_20.pdb	1
80	139	afm_dropout_full_woTemplates_r3_model_1_multimer_v1_pred_22.pdb	1
80	140	afm_dropout_full_woTemplates_r3_model_1_multimer_v1_pred_23.pdb	1
80	141	afm_dropout_full_woTemplates_r3_model_1_multimer_v1_pred_25.pdb	1
80	142	afm_dropout_full_woTemplates_r3_model_1_multimer_v1_pred_26.pdb	1
80	143	afm_dropout_full_woTemplates_r3_model_1_multimer_v1_pred_27.pdb	1
80	144	afm_dropout_full_woTemplates_r3_model_1_multimer_v1_pred_28.pdb	1
80	145	afm_dropout_full_woTemplates_r3_model_1_multimer_v1_pred_29.pdb	1
80	146	afm_dropout_full_woTemplates_r3_model_1_multimer_v1_pred_3.pdb	1
80	147	afm_dropout_full_woTemplates_r3_model_1_multimer_v1_pred_30.pdb	1
80	148	afm_dropout_full_woTemplates_r3_model_1_multimer_v1_pred_31.pdb	1
80	149	afm_dropout_full_woTemplates_r3_model_1_multimer_v1_pred_32.pdb	1
80	150	afm_dropout_full_woTemplates_r3_model_1_multimer_v1_pred_33.pdb	1
80	151	afm_dropout_full_woTemplates_r3_model_1_multimer_v1_pred_34.pdb	1
80	152	afm_dropout_full_woTemplates_r3_model_1_multimer_v1_pred_35.pdb	1
80	153	afm_dropout_full_woTemplates_r3_model_1_multimer_v1_pred_36.pdb	1
80	154	afm_dropout_full_woTemplates_r3_model_1_multimer_v1_pred_37.pdb	1
80	155	afm_dropout_full_woTemplates_r3_model_1_multimer_v1_pred_38.pdb	1
80	156	afm_dropout_full_woTemplates_r3_model_1_multimer_v1_pred_39.pdb	1
80	157	afm_dropout_full_woTemplates_r3_model_1_multimer_v1_pred_40.pdb	1
80	158	afm_dropout_full_woTemplates_r3_model_1_multimer_v1_pred_41.pdb	1
80	159	afm_dropout_full_woTemplates_r3_model_1_multimer_v1_pred_42.pdb	1
80	160	afm_dropout_full_woTemplates_r3_model_1_multimer_v1_pred_43.pdb	1
80	161	afm_dropout_full_woTemplates_r3_model_1_multimer_v1_pred_44.pdb	1
80	162	afm_dropout_full_woTemplates_r3_model_1_multimer_v1_pred_45.pdb	1
80	163	afm_dropout_full_woTemplates_r3_model_1_multimer_v1_pred_46.pdb	1
80	164	afm_dropout_full_woTemplates_r3_model_1_multimer_v1_pred_47.pdb	1
80	165	afm_dropout_full_woTemplates_r3_model_1_multimer_v1_pred_48.pdb	1
80	166	afm_dropout_full_woTemplates_r3_model_1_multimer_v1_pred_49.pdb	1
80	167	afm_dropout_full_woTemplates_r3_model_1_multimer_v1_pred_5.pdb	1
80	168	afm_dropout_full_woTemplates_r3_model_1_multimer_v1_pred_50.pdb	1
80	169	afm_dropout_full_woTemplates_r3_model_1_multimer_v1_pred_51.pdb	1
80	170	afm_dropout_full_woTemplates_r3_model_1_multimer_v1_pred_52.pdb	1
80	171	afm_dropout_full_woTemplates_r3_model_1_multimer_v1_pred_53.pdb	1
80	172	afm_dropout_full_woTemplates_r3_model_1_multimer_v1_pred_54.pdb	1
80	173	afm_dropout_full_woTemplates_r3_model_1_multimer_v1_pred_55.pdb	1
80	174	afm_dropout_full_woTemplates_r3_model_1_multimer_v1_pred_56.pdb	1
80	175	afm_dropout_full_woTemplates_r3_model_1_multimer_v1_pred_57.pdb	1
80	176	afm_dropout_full_woTemplates_r3_model_1_multimer_v1_pred_58.pdb	1
80	177	afm_dropout_full_woTemplates_r3_model_1_multimer_v1_pred_59.pdb	1
80	178	afm_dropout_full_woTemplates_r3_model_1_multimer_v1_pred_6.pdb	1
80	179	afm_dropout_full_woTemplates_r3_model_1_multimer_v1_pred_60.pdb	1
80	180	afm_dropout_full_woTemplates_r3_model_1_multimer_v1_pred_61.pdb	1
80	181	afm_dropout_full_woTemplates_r3_model_1_multimer_v1_pred_62.pdb	1
80	182	afm_dropout_full_woTemplates_r3_model_1_multimer_v1_pred_63.pdb	1
80	183	afm_dropout_full_woTemplates_r3_model_1_multimer_v1_pred_64.pdb	1
80	184	afm_dropout_full_woTemplates_r3_model_1_multimer_v1_pred_65.pdb	1
80	185	afm_dropout_full_woTemplates_r3_model_1_multimer_v1_pred_66.pdb	1
80	186	afm_dropout_full_woTemplates_r3_model_1_multimer_v1_pred_7.pdb	1
80	187	afm_dropout_full_woTemplates_r3_model_1_multimer_v1_pred_8.pdb	1
80	188	afm_dropout_full_woTemplates_r3_model_1_multimer_v1_pred_9.pdb	1
80	189	afm_dropout_full_woTemplates_r3_model_1_multimer_v2_pred_37.pdb	1
80	190	afm_dropout_full_woTemplates_r3_model_1_multimer_v2_pred_56.pdb	1
80	191	afm_dropout_full_woTemplates_r3_model_2_multimer_v1_pred_1.pdb	1
80	192	afm_dropout_full_woTemplates_r3_model_2_multimer_v1_pred_10.pdb	1
80	193	afm_dropout_full_woTemplates_r3_model_2_multimer_v1_pred_11.pdb	1
80	194	afm_dropout_full_woTemplates_r3_model_2_multimer_v1_pred_14.pdb	1
80	195	afm_dropout_full_woTemplates_r3_model_2_multimer_v1_pred_15.pdb	1
80	196	afm_dropout_full_woTemplates_r3_model_2_multimer_v1_pred_16.pdb	1
80	197	afm_dropout_full_woTemplates_r3_model_2_multimer_v1_pred_17.pdb	1
80	198	afm_dropout_full_woTemplates_r3_model_2_multimer_v1_pred_18.pdb	1
80	199	afm_dropout_full_woTemplates_r3_model_2_multimer_v1_pred_19.pdb	1
80	200	afm_dropout_full_woTemplates_r3_model_2_multimer_v1_pred_2.pdb	1
80	201	afm_dropout_full_woTemplates_r3_model_2_multimer_v1_pred_20.pdb	1
80	202	afm_dropout_full_woTemplates_r3_model_2_multimer_v1_pred_21.pdb	1
80	203	afm_dropout_full_woTemplates_r3_model_2_multimer_v1_pred_22.pdb	1
80	204	afm_dropout_full_woTemplates_r3_model_2_multimer_v1_pred_23.pdb	1
80	205	afm_dropout_full_woTemplates_r3_model_2_multimer_v1_pred_24.pdb	1
80	206	afm_dropout_full_woTemplates_r3_model_2_multimer_v1_pred_25.pdb	1
80	207	afm_dropout_full_woTemplates_r3_model_2_multimer_v1_pred_26.pdb	1
80	208	afm_dropout_full_woTemplates_r3_model_2_multimer_v1_pred_27.pdb	1
80	209	afm_dropout_full_woTemplates_r3_model_2_multimer_v1_pred_28.pdb	1
80	210	afm_dropout_full_woTemplates_r3_model_2_multimer_v1_pred_29.pdb	1
80	211	afm_dropout_full_woTemplates_r3_model_2_multimer_v1_pred_3.pdb	1
80	212	afm_dropout_full_woTemplates_r3_model_2_multimer_v1_pred_30.pdb	1
80	213	afm_dropout_full_woTemplates_r3_model_2_multimer_v1_pred_31.pdb	1
80	214	afm_dropout_full_woTemplates_r3_model_2_multimer_v1_pred_32.pdb	1
80	215	afm_dropout_full_woTemplates_r3_model_2_multimer_v1_pred_33.pdb	1
80	216	afm_dropout_full_woTemplates_r3_model_2_multimer_v1_pred_34.pdb	1
80	217	afm_dropout_full_woTemplates_r3_model_2_multimer_v1_pred_35.pdb	1
80	218	afm_dropout_full_woTemplates_r3_model_2_multimer_v1_pred_36.pdb	1
80	219	afm_dropout_full_woTemplates_r3_model_2_multimer_v1_pred_37.pdb	1
80	220	afm_dropout_full_woTemplates_r3_model_2_multimer_v1_pred_39.pdb	1
80	221	afm_dropout_full_woTemplates_r3_model_2_multimer_v1_pred_4.pdb	1
80	222	afm_dropout_full_woTemplates_r3_model_2_multimer_v1_pred_40.pdb	1
80	223	afm_dropout_full_woTemplates_r3_model_2_multimer_v1_pred_41.pdb	1
80	224	afm_dropout_full_woTemplates_r3_model_2_multimer_v1_pred_42.pdb	1
80	225	afm_dropout_full_woTemplates_r3_model_2_multimer_v1_pred_43.pdb	1
80	226	afm_dropout_full_woTemplates_r3_model_2_multimer_v1_pred_44.pdb	1
80	227	afm_dropout_full_woTemplates_r3_model_2_multimer_v1_pred_45.pdb	1
80	228	afm_dropout_full_woTemplates_r3_model_2_multimer_v1_pred_46.pdb	1
80	229	afm_dropout_full_woTemplates_r3_model_2_multimer_v1_pred_47.pdb	1
80	230	afm_dropout_full_woTemplates_r3_model_2_multimer_v1_pred_48.pdb	1
80	231	afm_dropout_full_woTemplates_r3_model_2_multimer_v1_pred_49.pdb	1
80	232	afm_dropout_full_woTemplates_r3_model_2_multimer_v1_pred_5.pdb	1
80	233	afm_dropout_full_woTemplates_r3_model_2_multimer_v1_pred_50.pdb	1
80	234	afm_dropout_full_woTemplates_r3_model_2_multimer_v1_pred_51.pdb	1
80	235	afm_dropout_full_woTemplates_r3_model_2_multimer_v1_pred_52.pdb	1
80	236	afm_dropout_full_woTemplates_r3_model_2_multimer_v1_pred_53.pdb	1
80	237	afm_dropout_full_woTemplates_r3_model_2_multimer_v1_pred_54.pdb	1
80	238	afm_dropout_full_woTemplates_r3_model_2_multimer_v1_pred_55.pdb	1
80	239	afm_dropout_full_woTemplates_r3_model_2_multimer_v1_pred_56.pdb	1
80	240	afm_dropout_full_woTemplates_r3_model_2_multimer_v1_pred_57.pdb	1
80	241	afm_dropout_full_woTemplates_r3_model_2_multimer_v1_pred_58.pdb	1
80	242	afm_dropout_full_woTemplates_r3_model_2_multimer_v1_pred_59.pdb	1
80	243	afm_dropout_full_woTemplates_r3_model_2_multimer_v1_pred_6.pdb	1
80	244	afm_dropout_full_woTemplates_r3_model_2_multimer_v1_pred_60.pdb	1
80	245	afm_dropout_full_woTemplates_r3_model_2_multimer_v1_pred_61.pdb	1
80	246	afm_dropout_full_woTemplates_r3_model_2_multimer_v1_pred_62.pdb	1
80	247	afm_dropout_full_woTemplates_r3_model_2_multimer_v1_pred_63.pdb	1
80	248	afm_dropout_full_woTemplates_r3_model_2_multimer_v1_pred_64.pdb	1
80	249	afm_dropout_full_woTemplates_r3_model_2_multimer_v1_pred_8.pdb	1
80	250	afm_dropout_full_woTemplates_r3_model_2_multimer_v1_pred_9.pdb	1
80	251	afm_dropout_full_woTemplates_r3_model_2_multimer_v2_pred_20.pdb	1
80	252	afm_dropout_full_woTemplates_r3_model_2_multimer_v2_pred_34.pdb	1
80	253	afm_dropout_full_woTemplates_r3_model_2_multimer_v2_pred_5.pdb	1
80	254	afm_dropout_full_woTemplates_r3_model_2_multimer_v2_pred_53.pdb	1
80	255	afm_dropout_full_woTemplates_r3_model_2_multimer_v2_pred_59.pdb	1
80	256	afm_dropout_full_woTemplates_r3_model_3_multimer_v1_pred_0.pdb	1
80	257	afm_dropout_full_woTemplates_r3_model_3_multimer_v1_pred_1.pdb	1
80	258	afm_dropout_full_woTemplates_r3_model_3_multimer_v1_pred_10.pdb	1
80	259	afm_dropout_full_woTemplates_r3_model_3_multimer_v1_pred_11.pdb	1
80	260	afm_dropout_full_woTemplates_r3_model_3_multimer_v1_pred_12.pdb	1
80	261	afm_dropout_full_woTemplates_r3_model_3_multimer_v1_pred_14.pdb	1
80	262	afm_dropout_full_woTemplates_r3_model_3_multimer_v1_pred_15.pdb	1
80	263	afm_dropout_full_woTemplates_r3_model_3_multimer_v1_pred_18.pdb	1
80	264	afm_dropout_full_woTemplates_r3_model_3_multimer_v1_pred_19.pdb	1
80	265	afm_dropout_full_woTemplates_r3_model_3_multimer_v1_pred_21.pdb	1
80	266	afm_dropout_full_woTemplates_r3_model_3_multimer_v1_pred_22.pdb	1
80	267	afm_dropout_full_woTemplates_r3_model_3_multimer_v1_pred_23.pdb	1
80	268	afm_dropout_full_woTemplates_r3_model_3_multimer_v1_pred_24.pdb	1
80	269	afm_dropout_full_woTemplates_r3_model_3_multimer_v1_pred_25.pdb	1
80	270	afm_dropout_full_woTemplates_r3_model_3_multimer_v1_pred_26.pdb	1
80	271	afm_dropout_full_woTemplates_r3_model_3_multimer_v1_pred_27.pdb	1
80	272	afm_dropout_full_woTemplates_r3_model_3_multimer_v1_pred_28.pdb	1
80	273	afm_dropout_full_woTemplates_r3_model_3_multimer_v1_pred_29.pdb	1
80	274	afm_dropout_full_woTemplates_r3_model_3_multimer_v1_pred_31.pdb	1
80	275	afm_dropout_full_woTemplates_r3_model_3_multimer_v1_pred_32.pdb	1
80	276	afm_dropout_full_woTemplates_r3_model_3_multimer_v1_pred_33.pdb	1
80	277	afm_dropout_full_woTemplates_r3_model_3_multimer_v1_pred_34.pdb	1
80	278	afm_dropout_full_woTemplates_r3_model_3_multimer_v1_pred_35.pdb	1
80	279	afm_dropout_full_woTemplates_r3_model_3_multimer_v1_pred_36.pdb	1
80	280	afm_dropout_full_woTemplates_r3_model_3_multimer_v1_pred_37.pdb	1
80	281	afm_dropout_full_woTemplates_r3_model_3_multimer_v1_pred_39.pdb	1
80	282	afm_dropout_full_woTemplates_r3_model_3_multimer_v1_pred_42.pdb	1
80	283	afm_dropout_full_woTemplates_r3_model_3_multimer_v1_pred_44.pdb	1
80	284	afm_dropout_full_woTemplates_r3_model_3_multimer_v1_pred_45.pdb	1
80	285	afm_dropout_full_woTemplates_r3_model_3_multimer_v1_pred_46.pdb	1
80	286	afm_dropout_full_woTemplates_r3_model_3_multimer_v1_pred_47.pdb	1
80	287	afm_dropout_full_woTemplates_r3_model_3_multimer_v1_pred_48.pdb	1
80	288	afm_dropout_full_woTemplates_r3_model_3_multimer_v1_pred_49.pdb	1
80	289	afm_dropout_full_woTemplates_r3_model_3_multimer_v1_pred_50.pdb	1
80	290	afm_dropout_full_woTemplates_r3_model_3_multimer_v1_pred_55.pdb	1
80	291	afm_dropout_full_woTemplates_r3_model_3_multimer_v1_pred_57.pdb	1
80	292	afm_dropout_full_woTemplates_r3_model_3_multimer_v1_pred_58.pdb	1
80	293	afm_dropout_full_woTemplates_r3_model_3_multimer_v1_pred_59.pdb	1
80	294	afm_dropout_full_woTemplates_r3_model_3_multimer_v1_pred_60.pdb	1
80	295	afm_dropout_full_woTemplates_r3_model_3_multimer_v1_pred_61.pdb	1
80	296	afm_dropout_full_woTemplates_r3_model_3_multimer_v1_pred_63.pdb	1
80	297	afm_dropout_full_woTemplates_r3_model_3_multimer_v1_pred_66.pdb	1
80	298	afm_dropout_full_woTemplates_r3_model_3_multimer_v1_pred_7.pdb	1
80	299	afm_dropout_full_woTemplates_r3_model_3_multimer_v1_pred_8.pdb	1
80	300	afm_dropout_full_woTemplates_r3_model_3_multimer_v1_pred_9.pdb	1
80	301	afm_dropout_full_woTemplates_r3_model_3_multimer_v2_pred_0.pdb	1
80	302	afm_dropout_full_woTemplates_r3_model_3_multimer_v2_pred_17.pdb	1
80	303	afm_dropout_full_woTemplates_r3_model_3_multimer_v2_pred_41.pdb	1
80	304	afm_dropout_full_woTemplates_r3_model_3_multimer_v2_pred_45.pdb	1
80	305	afm_dropout_full_woTemplates_r3_model_3_multimer_v2_pred_57.pdb	1
80	306	afm_dropout_full_woTemplates_r3_model_3_multimer_v2_pred_6.pdb	1
80	307	afm_dropout_full_woTemplates_r3_model_3_multimer_v2_pred_61.pdb	1
80	308	afm_dropout_full_woTemplates_r3_model_3_multimer_v3_pred_10.pdb	1
80	309	afm_dropout_full_woTemplates_r3_model_3_multimer_v3_pred_28.pdb	1
80	310	afm_dropout_full_woTemplates_r3_model_3_multimer_v3_pred_3.pdb	1
80	311	afm_dropout_full_woTemplates_r3_model_3_multimer_v3_pred_33.pdb	1
80	312	afm_dropout_full_woTemplates_r3_model_3_multimer_v3_pred_36.pdb	1
80	313	afm_dropout_full_woTemplates_r3_model_3_multimer_v3_pred_39.pdb	1
80	314	afm_dropout_full_woTemplates_r3_model_3_multimer_v3_pred_43.pdb	1
80	315	afm_dropout_full_woTemplates_r3_model_3_multimer_v3_pred_53.pdb	1
80	316	afm_dropout_full_woTemplates_r3_model_3_multimer_v3_pred_58.pdb	1
80	317	afm_dropout_full_woTemplates_r3_model_4_multimer_v1_pred_0.pdb	1
80	318	afm_dropout_full_woTemplates_r3_model_4_multimer_v1_pred_1.pdb	1
80	319	afm_dropout_full_woTemplates_r3_model_4_multimer_v1_pred_10.pdb	1
80	320	afm_dropout_full_woTemplates_r3_model_4_multimer_v1_pred_11.pdb	1
80	321	afm_dropout_full_woTemplates_r3_model_4_multimer_v1_pred_12.pdb	1
80	322	afm_dropout_full_woTemplates_r3_model_4_multimer_v1_pred_14.pdb	1
80	323	afm_dropout_full_woTemplates_r3_model_4_multimer_v1_pred_16.pdb	1
80	324	afm_dropout_full_woTemplates_r3_model_4_multimer_v1_pred_17.pdb	1
80	325	afm_dropout_full_woTemplates_r3_model_4_multimer_v1_pred_18.pdb	1
80	326	afm_dropout_full_woTemplates_r3_model_4_multimer_v1_pred_2.pdb	1
80	327	afm_dropout_full_woTemplates_r3_model_4_multimer_v1_pred_22.pdb	1
80	328	afm_dropout_full_woTemplates_r3_model_4_multimer_v1_pred_23.pdb	1
80	329	afm_dropout_full_woTemplates_r3_model_4_multimer_v1_pred_25.pdb	1
80	330	afm_dropout_full_woTemplates_r3_model_4_multimer_v1_pred_26.pdb	1
80	331	afm_dropout_full_woTemplates_r3_model_4_multimer_v1_pred_27.pdb	1
80	332	afm_dropout_full_woTemplates_r3_model_4_multimer_v1_pred_28.pdb	1
80	333	afm_dropout_full_woTemplates_r3_model_4_multimer_v1_pred_31.pdb	1
80	334	afm_dropout_full_woTemplates_r3_model_4_multimer_v1_pred_34.pdb	1
80	335	afm_dropout_full_woTemplates_r3_model_4_multimer_v1_pred_35.pdb	1
80	336	afm_dropout_full_woTemplates_r3_model_4_multimer_v1_pred_36.pdb	1
80	337	afm_dropout_full_woTemplates_r3_model_4_multimer_v1_pred_37.pdb	1
80	338	afm_dropout_full_woTemplates_r3_model_4_multimer_v1_pred_38.pdb	1
80	339	afm_dropout_full_woTemplates_r3_model_4_multimer_v1_pred_39.pdb	1
80	340	afm_dropout_full_woTemplates_r3_model_4_multimer_v1_pred_43.pdb	1
80	341	afm_dropout_full_woTemplates_r3_model_4_multimer_v1_pred_44.pdb	1
80	342	afm_dropout_full_woTemplates_r3_model_4_multimer_v1_pred_45.pdb	1
80	343	afm_dropout_full_woTemplates_r3_model_4_multimer_v1_pred_46.pdb	1
80	344	afm_dropout_full_woTemplates_r3_model_4_multimer_v1_pred_47.pdb	1
80	345	afm_dropout_full_woTemplates_r3_model_4_multimer_v1_pred_48.pdb	1
80	346	afm_dropout_full_woTemplates_r3_model_4_multimer_v1_pred_49.pdb	1
80	347	afm_dropout_full_woTemplates_r3_model_4_multimer_v1_pred_5.pdb	1
80	348	afm_dropout_full_woTemplates_r3_model_4_multimer_v1_pred_50.pdb	1
80	349	afm_dropout_full_woTemplates_r3_model_4_multimer_v1_pred_51.pdb	1
80	350	afm_dropout_full_woTemplates_r3_model_4_multimer_v1_pred_52.pdb	1
80	351	afm_dropout_full_woTemplates_r3_model_4_multimer_v1_pred_53.pdb	1
80	352	afm_dropout_full_woTemplates_r3_model_4_multimer_v1_pred_54.pdb	1
80	353	afm_dropout_full_woTemplates_r3_model_4_multimer_v1_pred_55.pdb	1
80	354	afm_dropout_full_woTemplates_r3_model_4_multimer_v1_pred_60.pdb	1
80	355	afm_dropout_full_woTemplates_r3_model_4_multimer_v1_pred_61.pdb	1
80	356	afm_dropout_full_woTemplates_r3_model_4_multimer_v1_pred_62.pdb	1
80	357	afm_dropout_full_woTemplates_r3_model_4_multimer_v1_pred_63.pdb	1
80	358	afm_dropout_full_woTemplates_r3_model_4_multimer_v1_pred_65.pdb	1
80	359	afm_dropout_full_woTemplates_r3_model_4_multimer_v1_pred_7.pdb	1
80	360	afm_dropout_full_woTemplates_r3_model_4_multimer_v1_pred_8.pdb	1
80	361	afm_dropout_full_woTemplates_r3_model_4_multimer_v1_pred_9.pdb	1
80	362	afm_dropout_full_woTemplates_r3_model_4_multimer_v2_pred_1.pdb	1
80	363	afm_dropout_full_woTemplates_r3_model_4_multimer_v2_pred_27.pdb	1
80	364	afm_dropout_full_woTemplates_r3_model_4_multimer_v2_pred_32.pdb	1
80	365	afm_dropout_full_woTemplates_r3_model_4_multimer_v2_pred_39.pdb	1
80	366	afm_dropout_full_woTemplates_r3_model_4_multimer_v2_pred_44.pdb	1
80	367	afm_dropout_full_woTemplates_r3_model_4_multimer_v2_pred_5.pdb	1
80	368	afm_dropout_full_woTemplates_r3_model_4_multimer_v2_pred_51.pdb	1
80	369	afm_dropout_full_woTemplates_r3_model_4_multimer_v2_pred_54.pdb	1
80	370	afm_dropout_full_woTemplates_r3_model_4_multimer_v2_pred_59.pdb	1
80	371	afm_dropout_full_woTemplates_r3_model_4_multimer_v2_pred_60.pdb	1
80	372	afm_dropout_full_woTemplates_r3_model_4_multimer_v2_pred_64.pdb	1
80	373	afm_dropout_full_woTemplates_r3_model_5_multimer_v1_pred_0.pdb	1
80	374	afm_dropout_full_woTemplates_r3_model_5_multimer_v1_pred_1.pdb	1
80	375	afm_dropout_full_woTemplates_r3_model_5_multimer_v1_pred_10.pdb	1
80	376	afm_dropout_full_woTemplates_r3_model_5_multimer_v1_pred_11.pdb	1
80	377	afm_dropout_full_woTemplates_r3_model_5_multimer_v1_pred_12.pdb	1
80	378	afm_dropout_full_woTemplates_r3_model_5_multimer_v1_pred_13.pdb	1
80	379	afm_dropout_full_woTemplates_r3_model_5_multimer_v1_pred_14.pdb	1
80	380	afm_dropout_full_woTemplates_r3_model_5_multimer_v1_pred_15.pdb	1
80	381	afm_dropout_full_woTemplates_r3_model_5_multimer_v1_pred_16.pdb	1
80	382	afm_dropout_full_woTemplates_r3_model_5_multimer_v1_pred_17.pdb	1
80	383	afm_dropout_full_woTemplates_r3_model_5_multimer_v1_pred_18.pdb	1
80	384	afm_dropout_full_woTemplates_r3_model_5_multimer_v1_pred_19.pdb	1
80	385	afm_dropout_full_woTemplates_r3_model_5_multimer_v1_pred_2.pdb	1
80	386	afm_dropout_full_woTemplates_r3_model_5_multimer_v1_pred_20.pdb	1
80	387	afm_dropout_full_woTemplates_r3_model_5_multimer_v1_pred_21.pdb	1
80	388	afm_dropout_full_woTemplates_r3_model_5_multimer_v1_pred_22.pdb	1
80	389	afm_dropout_full_woTemplates_r3_model_5_multimer_v1_pred_23.pdb	1
80	390	afm_dropout_full_woTemplates_r3_model_5_multimer_v1_pred_24.pdb	1
80	391	afm_dropout_full_woTemplates_r3_model_5_multimer_v1_pred_25.pdb	1
80	392	afm_dropout_full_woTemplates_r3_model_5_multimer_v1_pred_26.pdb	1
80	393	afm_dropout_full_woTemplates_r3_model_5_multimer_v1_pred_27.pdb	1
80	394	afm_dropout_full_woTemplates_r3_model_5_multimer_v1_pred_28.pdb	1
80	395	afm_dropout_full_woTemplates_r3_model_5_multimer_v1_pred_3.pdb	1
80	396	afm_dropout_full_woTemplates_r3_model_5_multimer_v1_pred_31.pdb	1
80	397	afm_dropout_full_woTemplates_r3_model_5_multimer_v1_pred_32.pdb	1
80	398	afm_dropout_full_woTemplates_r3_model_5_multimer_v1_pred_33.pdb	1
80	399	afm_dropout_full_woTemplates_r3_model_5_multimer_v1_pred_34.pdb	1
80	400	afm_dropout_full_woTemplates_r3_model_5_multimer_v1_pred_35.pdb	1
80	401	afm_dropout_full_woTemplates_r3_model_5_multimer_v1_pred_37.pdb	1
80	402	afm_dropout_full_woTemplates_r3_model_5_multimer_v1_pred_38.pdb	1
80	403	afm_dropout_full_woTemplates_r3_model_5_multimer_v1_pred_39.pdb	1
80	404	afm_dropout_full_woTemplates_r3_model_5_multimer_v1_pred_4.pdb	1
80	405	afm_dropout_full_woTemplates_r3_model_5_multimer_v1_pred_40.pdb	1
80	406	afm_dropout_full_woTemplates_r3_model_5_multimer_v1_pred_41.pdb	1
80	407	afm_dropout_full_woTemplates_r3_model_5_multimer_v1_pred_42.pdb	1
80	408	afm_dropout_full_woTemplates_r3_model_5_multimer_v1_pred_43.pdb	1
80	409	afm_dropout_full_woTemplates_r3_model_5_multimer_v1_pred_44.pdb	1
80	410	afm_dropout_full_woTemplates_r3_model_5_multimer_v1_pred_45.pdb	1
80	411	afm_dropout_full_woTemplates_r3_model_5_multimer_v1_pred_46.pdb	1
80	412	afm_dropout_full_woTemplates_r3_model_5_multimer_v1_pred_47.pdb	1
80	413	afm_dropout_full_woTemplates_r3_model_5_multimer_v1_pred_48.pdb	1
80	414	afm_dropout_full_woTemplates_r3_model_5_multimer_v1_pred_49.pdb	1
80	415	afm_dropout_full_woTemplates_r3_model_5_multimer_v1_pred_50.pdb	1
80	416	afm_dropout_full_woTemplates_r3_model_5_multimer_v1_pred_51.pdb	1
80	417	afm_dropout_full_woTemplates_r3_model_5_multimer_v1_pred_53.pdb	1
80	418	afm_dropout_full_woTemplates_r3_model_5_multimer_v1_pred_54.pdb	1
80	419	afm_dropout_full_woTemplates_r3_model_5_multimer_v1_pred_55.pdb	1
80	420	afm_dropout_full_woTemplates_r3_model_5_multimer_v1_pred_56.pdb	1
80	421	afm_dropout_full_woTemplates_r3_model_5_multimer_v1_pred_57.pdb	1
80	422	afm_dropout_full_woTemplates_r3_model_5_multimer_v1_pred_58.pdb	1
80	423	afm_dropout_full_woTemplates_r3_model_5_multimer_v1_pred_59.pdb	1
80	424	afm_dropout_full_woTemplates_r3_model_5_multimer_v1_pred_6.pdb	1
80	425	afm_dropout_full_woTemplates_r3_model_5_multimer_v1_pred_60.pdb	1
80	426	afm_dropout_full_woTemplates_r3_model_5_multimer_v1_pred_61.pdb	1
80	427	afm_dropout_full_woTemplates_r3_model_5_multimer_v1_pred_62.pdb	1
80	428	afm_dropout_full_woTemplates_r3_model_5_multimer_v1_pred_64.pdb	1
80	429	afm_dropout_full_woTemplates_r3_model_5_multimer_v1_pred_65.pdb	1
80	430	afm_dropout_full_woTemplates_r3_model_5_multimer_v1_pred_66.pdb	1
80	431	afm_dropout_full_woTemplates_r3_model_5_multimer_v1_pred_7.pdb	1
80	432	afm_dropout_full_woTemplates_r3_model_5_multimer_v1_pred_8.pdb	1
80	433	afm_dropout_full_woTemplates_r3_model_5_multimer_v2_pred_10.pdb	1
80	434	afm_dropout_full_woTemplates_r3_model_5_multimer_v2_pred_12.pdb	1
80	435	afm_dropout_full_woTemplates_r3_model_5_multimer_v2_pred_19.pdb	1
80	436	afm_dropout_full_woTemplates_r3_model_5_multimer_v2_pred_22.pdb	1
80	437	afm_dropout_full_woTemplates_r3_model_5_multimer_v2_pred_24.pdb	1
80	438	afm_dropout_full_woTemplates_r3_model_5_multimer_v2_pred_25.pdb	1
80	439	afm_dropout_full_woTemplates_r3_model_5_multimer_v2_pred_3.pdb	1
80	440	afm_dropout_full_woTemplates_r3_model_5_multimer_v2_pred_30.pdb	1
80	441	afm_dropout_full_woTemplates_r3_model_5_multimer_v2_pred_31.pdb	1
80	442	afm_dropout_full_woTemplates_r3_model_5_multimer_v2_pred_34.pdb	1
80	443	afm_dropout_full_woTemplates_r3_model_5_multimer_v2_pred_36.pdb	1
80	444	afm_dropout_full_woTemplates_r3_model_5_multimer_v2_pred_38.pdb	1
80	445	afm_dropout_full_woTemplates_r3_model_5_multimer_v2_pred_4.pdb	1
80	446	afm_dropout_full_woTemplates_r3_model_5_multimer_v2_pred_43.pdb	1
80	447	afm_dropout_full_woTemplates_r3_model_5_multimer_v2_pred_51.pdb	1
80	448	afm_dropout_full_woTemplates_r3_model_5_multimer_v2_pred_56.pdb	1
80	449	afm_dropout_full_woTemplates_r3_model_5_multimer_v2_pred_62.pdb	1
80	450	afm_dropout_full_woTemplates_r3_model_5_multimer_v2_pred_63.pdb	1
80	451	afm_dropout_full_woTemplates_r3_model_5_multimer_v2_pred_66.pdb	1
80	452	afm_dropout_full_woTemplates_r3_model_5_multimer_v2_pred_7.pdb	1
80	453	afm_dropout_full_woTemplates_r3_model_5_multimer_v2_pred_9.pdb	1
80	454	afm_dropout_full_woTemplates_r3_model_5_multimer_v3_pred_0.pdb	1
80	455	afm_dropout_full_woTemplates_r3_model_5_multimer_v3_pred_12.pdb	1
80	456	afm_dropout_full_woTemplates_r3_model_5_multimer_v3_pred_19.pdb	1
80	457	afm_dropout_full_woTemplates_r3_model_5_multimer_v3_pred_20.pdb	1
80	458	afm_dropout_full_woTemplates_r3_model_5_multimer_v3_pred_22.pdb	1
80	459	afm_dropout_full_woTemplates_r3_model_5_multimer_v3_pred_29.pdb	1
80	460	afm_dropout_full_woTemplates_r3_model_5_multimer_v3_pred_4.pdb	1
80	461	afm_dropout_full_woTemplates_r3_model_5_multimer_v3_pred_8.pdb	1
80	462	afm_dropout_noSM_woTemplates_model_1_multimer_v1_pred_12.pdb	1
80	463	afm_dropout_noSM_woTemplates_model_1_multimer_v1_pred_23.pdb	1
80	464	afm_dropout_noSM_woTemplates_model_1_multimer_v1_pred_27.pdb	1
80	465	afm_dropout_noSM_woTemplates_model_1_multimer_v1_pred_37.pdb	1
80	466	afm_dropout_noSM_woTemplates_model_1_multimer_v1_pred_43.pdb	1
80	467	afm_dropout_noSM_woTemplates_model_1_multimer_v1_pred_48.pdb	1
80	468	afm_dropout_noSM_woTemplates_model_1_multimer_v1_pred_60.pdb	1
80	469	afm_dropout_noSM_woTemplates_model_1_multimer_v1_pred_66.pdb	1
80	470	afm_dropout_noSM_woTemplates_model_1_multimer_v1_pred_8.pdb	1
80	471	afm_dropout_noSM_woTemplates_model_1_multimer_v1_pred_9.pdb	1
80	472	afm_dropout_noSM_woTemplates_model_1_multimer_v2_pred_45.pdb	1
80	473	afm_dropout_noSM_woTemplates_model_2_multimer_v1_pred_15.pdb	1
80	474	afm_dropout_noSM_woTemplates_model_2_multimer_v1_pred_18.pdb	1
80	475	afm_dropout_noSM_woTemplates_model_2_multimer_v1_pred_19.pdb	1
80	476	afm_dropout_noSM_woTemplates_model_2_multimer_v1_pred_20.pdb	1
80	477	afm_dropout_noSM_woTemplates_model_2_multimer_v1_pred_25.pdb	1
80	478	afm_dropout_noSM_woTemplates_model_2_multimer_v1_pred_30.pdb	1
80	479	afm_dropout_noSM_woTemplates_model_2_multimer_v1_pred_31.pdb	1
80	480	afm_dropout_noSM_woTemplates_model_2_multimer_v1_pred_33.pdb	1
80	481	afm_dropout_noSM_woTemplates_model_2_multimer_v1_pred_37.pdb	1
80	482	afm_dropout_noSM_woTemplates_model_2_multimer_v1_pred_42.pdb	1
80	483	afm_dropout_noSM_woTemplates_model_2_multimer_v1_pred_47.pdb	1
80	484	afm_dropout_noSM_woTemplates_model_2_multimer_v1_pred_52.pdb	1
80	485	afm_dropout_noSM_woTemplates_model_2_multimer_v1_pred_60.pdb	1
80	486	afm_dropout_noSM_woTemplates_model_2_multimer_v1_pred_62.pdb	1
80	487	afm_dropout_noSM_woTemplates_model_2_multimer_v1_pred_66.pdb	1
80	488	afm_dropout_noSM_woTemplates_model_2_multimer_v2_pred_21.pdb	1
80	489	afm_dropout_noSM_woTemplates_model_3_multimer_v1_pred_51.pdb	1
80	490	afm_dropout_noSM_woTemplates_model_3_multimer_v3_pred_0.pdb	1
80	491	afm_dropout_noSM_woTemplates_model_3_multimer_v3_pred_18.pdb	1
80	492	afm_dropout_noSM_woTemplates_model_4_multimer_v1_pred_11.pdb	1
80	493	afm_dropout_noSM_woTemplates_model_4_multimer_v1_pred_16.pdb	1
80	494	afm_dropout_noSM_woTemplates_model_4_multimer_v1_pred_17.pdb	1
80	495	afm_dropout_noSM_woTemplates_model_4_multimer_v1_pred_20.pdb	1
80	496	afm_dropout_noSM_woTemplates_model_4_multimer_v1_pred_29.pdb	1
80	497	afm_dropout_noSM_woTemplates_model_4_multimer_v1_pred_47.pdb	1
80	498	afm_dropout_noSM_woTemplates_model_4_multimer_v1_pred_5.pdb	1
80	499	afm_dropout_noSM_woTemplates_model_4_multimer_v1_pred_51.pdb	1
80	500	afm_dropout_noSM_woTemplates_model_4_multimer_v2_pred_44.pdb	1
80	501	afm_dropout_noSM_woTemplates_model_4_multimer_v2_pred_9.pdb	1
80	502	afm_dropout_noSM_woTemplates_model_5_multimer_v1_pred_1.pdb	1
80	503	afm_dropout_noSM_woTemplates_model_5_multimer_v1_pred_10.pdb	1
80	504	afm_dropout_noSM_woTemplates_model_5_multimer_v1_pred_15.pdb	1
80	505	afm_dropout_noSM_woTemplates_model_5_multimer_v1_pred_2.pdb	1
80	506	afm_dropout_noSM_woTemplates_model_5_multimer_v1_pred_23.pdb	1
80	507	afm_dropout_noSM_woTemplates_model_5_multimer_v1_pred_24.pdb	1
80	508	afm_dropout_noSM_woTemplates_model_5_multimer_v1_pred_27.pdb	1
80	509	afm_dropout_noSM_woTemplates_model_5_multimer_v1_pred_28.pdb	1
80	510	afm_dropout_noSM_woTemplates_model_5_multimer_v1_pred_29.pdb	1
80	511	afm_dropout_noSM_woTemplates_model_5_multimer_v1_pred_30.pdb	1
80	512	afm_dropout_noSM_woTemplates_model_5_multimer_v1_pred_33.pdb	1
80	513	afm_dropout_noSM_woTemplates_model_5_multimer_v1_pred_36.pdb	1
80	514	afm_dropout_noSM_woTemplates_model_5_multimer_v1_pred_37.pdb	1
80	515	afm_dropout_noSM_woTemplates_model_5_multimer_v1_pred_41.pdb	1
80	516	afm_dropout_noSM_woTemplates_model_5_multimer_v1_pred_42.pdb	1
80	517	afm_dropout_noSM_woTemplates_model_5_multimer_v1_pred_43.pdb	1
80	518	afm_dropout_noSM_woTemplates_model_5_multimer_v1_pred_46.pdb	1
80	519	afm_dropout_noSM_woTemplates_model_5_multimer_v1_pred_51.pdb	1
80	520	afm_dropout_noSM_woTemplates_model_5_multimer_v1_pred_55.pdb	1
80	521	afm_dropout_noSM_woTemplates_model_5_multimer_v1_pred_60.pdb	1
80	522	afm_dropout_noSM_woTemplates_model_5_multimer_v1_pred_62.pdb	1
80	523	afm_dropout_noSM_woTemplates_model_5_multimer_v1_pred_64.pdb	1
80	524	afm_dropout_noSM_woTemplates_model_5_multimer_v1_pred_7.pdb	1
80	525	afm_dropout_noSM_woTemplates_model_5_multimer_v1_pred_8.pdb	1
80	526	afm_dropout_noSM_woTemplates_model_5_multimer_v2_pred_17.pdb	1
80	527	afm_dropout_noSM_woTemplates_model_5_multimer_v2_pred_34.pdb	1
80	528	afm_dropout_noSM_woTemplates_model_5_multimer_v2_pred_49.pdb	1
80	529	afm_dropout_noSM_woTemplates_model_5_multimer_v2_pred_53.pdb	1
80	530	afm_dropout_noSM_woTemplates_model_5_multimer_v2_pred_8.pdb	1
80	531	afm_woTemplates_model_1_multimer_v1_pred_34.pdb	1
80	532	afm_woTemplates_model_1_multimer_v1_pred_45.pdb	1
80	533	afm_woTemplates_model_1_multimer_v1_pred_49.pdb	1
80	534	afm_woTemplates_model_1_multimer_v1_pred_5.pdb	1
80	535	afm_woTemplates_model_2_multimer_v1_pred_2.pdb	1
80	536	afm_woTemplates_model_2_multimer_v1_pred_3.pdb	1
80	537	afm_woTemplates_model_2_multimer_v1_pred_46.pdb	1
80	538	afm_woTemplates_model_2_multimer_v1_pred_65.pdb	1
80	539	afm_woTemplates_model_2_multimer_v1_pred_66.pdb	1
80	540	afm_woTemplates_model_3_multimer_v1_pred_10.pdb	1
80	541	afm_woTemplates_model_3_multimer_v3_pred_64.pdb	1
80	542	afm_woTemplates_model_4_multimer_v1_pred_15.pdb	1
80	543	afm_woTemplates_model_5_multimer_v1_pred_1.pdb	1
80	544	afm_woTemplates_model_5_multimer_v1_pred_17.pdb	1
80	545	afm_woTemplates_model_5_multimer_v1_pred_24.pdb	1
80	546	afm_woTemplates_model_5_multimer_v1_pred_28.pdb	1
80	547	afm_woTemplates_model_5_multimer_v1_pred_42.pdb	1
80	548	afm_woTemplates_model_5_multimer_v1_pred_51.pdb	1
80	549	afm_woTemplates_model_5_multimer_v1_pred_63.pdb	1
80	550	afm_woTemplates_model_5_multimer_v2_pred_56.pdb	1
80	551	cf_dropout_full_woTemplates_model_1_multimer_v1_pred_3.pdb	1
80	552	cf_dropout_full_woTemplates_model_1_multimer_v1_pred_40.pdb	1
80	553	cf_dropout_full_woTemplates_model_1_multimer_v1_pred_66.pdb	1
80	554	cf_woTemplates_model_3_multimer_v1_pred_53.pdb	1
80	555	cf_woTemplates_model_5_multimer_v1_pred_65.pdb	1

90	1	afm_woTemplates_model_1_multimer_v3_pred_55.pdb	531
90	2	afm_woTemplates_model_4_multimer_v3_pred_41.pdb	401
90	3	afm_woTemplates_model_3_multimer_v3_pred_56.pdb	339
90	4	afm_basic_model_4_multimer_v1_pred_6.pdb	258
90	5	afm_dropout_full_model_1_multimer_v2_pred_9.pdb	237
90	6	afm_woTemplates_model_1_multimer_v2_pred_35.pdb	229
90	7	afm_woTemplates_model_2_multimer_v2_pred_57.pdb	212
90	8	cf_woTemplates_model_2_multimer_v3_pred_28.pdb	180
90	9	afm_woTemplates_model_4_multimer_v2_pred_23.pdb	178
90	10	afm_woTemplates_model_5_multimer_v2_pred_34.pdb	173
90	11	cf_woTemplates_model_1_multimer_v1_pred_17.pdb	172
90	12	afm_dropout_full_model_5_multimer_v2_pred_23.pdb	163
90	13	afm_woTemplates_model_5_multimer_v3_pred_17.pdb	173
90	14	afm_woTemplates_model_3_multimer_v2_pred_25.pdb	150
90	15	afm_basic_model_5_multimer_v3_pred_31.pdb	134
90	16	afm_basic_model_4_multimer_v2_pred_50.pdb	131
90	17	afm_woTemplates_model_3_multimer_v1_pred_40.pdb	130
90	18	cf_woTemplates_model_4_multimer_v1_pred_63.pdb	123
90	19	afm_basic_model_3_multimer_v1_pred_30.pdb	99
90	20	cf_woTemplates_model_5_multimer_v3_pred_19.pdb	93
90	21	afm_basic_model_2_multimer_v2_pred_56.pdb	86
90	22	cf_woTemplates_model_4_multimer_v3_pred_28.pdb	85
90	23	cf_woTemplates_model_1_multimer_v2_pred_62.pdb	85
90	24	cf_woTemplates_model_3_multimer_v2_pred_58.pdb	79
90	25	cf_woTemplates_model_4_multimer_v2_pred_13.pdb	77
90	26	afm_dropout_full_model_1_multimer_v3_pred_13.pdb	71
90	27	cf_woTemplates_model_2_multimer_v2_pred_32.pdb	71
90	28	cf_woTemplates_model_5_multimer_v1_pred_35.pdb	74
90	29	cf_woTemplates_model_3_multimer_v1_pred_55.pdb	73
90	30	cf_woTemplates_model_3_multimer_v3_pred_64.pdb	65
90	31	afm_basic_model_2_multimer_v1_pred_45.pdb	64
90	32	cf_woTemplates_model_5_multimer_v2_pred_30.pdb	61
90	33	cf_woTemplates_model_2_multimer_v2_pred_57.pdb	61
90	34	afm_woTemplates_model_2_multimer_v3_pred_48.pdb	60
90	35	cf_woTemplates_model_1_multimer_v3_pred_4.pdb	49
90	36	afm_dropout_full_model_1_multimer_v1_pred_59.pdb	46
90	37	cf_woTemplates_model_4_multimer_v2_pred_27.pdb	47
90	38	afm_basic_model_5_multimer_v3_pred_19.pdb	41
90	39	cf_woTemplates_model_2_multimer_v1_pred_9.pdb	54
90	40	afm_basic_model_5_multimer_v1_pred_65.pdb	36
90	41	cf_dropout_full_woTemplates_model_1_multimer_v1_pred_6.pdb	34
90	42	cf_woTemplates_model_4_multimer_v3_pred_14.pdb	31
90	43	afm_dropout_noSM_woTemplates_model_1_multimer_v3_pred_49.pdb	37
90	44	afm_dropout_full_model_3_multimer_v2_pred_42.pdb	29
90	45	afm_dropout_full_model_3_multimer_v1_pred_1.pdb	27
90	46	afm_dropout_noSM_woTemplates_model_4_multimer_v1_pred_4.pdb	32
90	47	afm_woTemplates_model_2_multimer_v1_pred_9.pdb	35
90	48	afm_woTemplates_model_3_multimer_v1_pred_41.pdb	29
90	49	afm_dropout_noSM_woTemplates_model_3_multimer_v2_pred_56.pdb	25
90	50	afm_dropout_noSM_woTemplates_model_3_multimer_v2_pred_31.pdb	21
90	51	cf_woTemplates_model_1_multimer_v2_pred_23.pdb	23
90	52	cf_dropout_full_woTemplates_model_3_multimer_v3_pred_42.pdb	21
90	53	afm_basic_model_4_multimer_v3_pred_22.pdb	19
90	54	cf_woTemplates_model_4_multimer_v1_pred_56.pdb	19
90	55	afm_dropout_full_model_2_multimer_v3_pred_51.pdb	17
90	56	cf_dropout_full_woTemplates_model_5_multimer_v2_pred_65.pdb	20
90	57	cf_woTemplates_model_3_multimer_v2_pred_13.pdb	20
90	58	afm_dropout_full_woTemplates_model_4_multimer_v2_pred_45.pdb	20
90	59	afm_woTemplates_model_4_multimer_v1_pred_27.pdb	19
90	60	afm_dropout_noSM_woTemplates_model_2_multimer_v3_pred_13.pdb	19
90	61	afm_woTemplates_model_2_multimer_v1_pred_27.pdb	21
90	62	cf_dropout_full_woTemplates_model_5_multimer_v3_pred_24.pdb	15
90	63	afm_dropout_noSM_woTemplates_model_3_multimer_v2_pred_58.pdb	17
90	64	cf_dropout_full_woTemplates_model_3_multimer_v2_pred_7.pdb	14
90	65	cf_dropout_full_woTemplates_model_1_multimer_v3_pred_53.pdb	15
90	66	cf_dropout_full_woTemplates_model_5_multimer_v1_pred_55.pdb	16
90	67	afm_woTemplates_model_3_multimer_v1_pred_58.pdb	13
90	68	afm_dropout_full_woTemplates_model_3_multimer_v1_pred_60.pdb	13
90	69	afm_dropout_full_woTemplates_model_5_multimer_v3_pred_47.pdb	12
90	70	afm_woTemplates_model_1_multimer_v1_pred_36.pdb	12
90	71	afm_woTemplates_model_2_multimer_v1_pred_4.pdb	12
90	72	afm_woTemplates_model_5_multimer_v1_pred_9.pdb	13
90	73	cf_woTemplates_model_2_multimer_v1_pred_55.pdb	13
90	74	cf_woTemplates_model_4_multimer_v1_pred_57.pdb	12
90	75	afm_basic_model_2_multimer_v2_pred_0.pdb	10
90	76	afm_basic_model_3_multimer_v3_pred_49.pdb	10
90	77	afm_dropout_full_woTemplates_model_2_multimer_v3_pred_46.pdb	10
90	78	afm_woTemplates_model_5_multimer_v1_pred_16.pdb	12
90	79	cf_dropout_full_woTemplates_model_2_multimer_v1_pred_49.pdb	14
90	80	cf_woTemplates_model_3_multimer_v1_pred_34.pdb	10
90	81	afm_basic_model_4_multimer_v1_pred_54.pdb	9
90	82	afm_basic_model_5_multimer_v2_pred_63.pdb	9
90	83	afm_dropout_full_model_2_multimer_v1_pred_54.pdb	9
90	84	afm_woTemplates_model_4_multimer_v1_pred_56.pdb	12
90	85	afm_basic_model_1_multimer_v1_pred_0.pdb	8
90	86	afm_dropout_full_woTemplates_model_1_multimer_v2_pred_40.pdb	8
90	87	afm_dropout_full_woTemplates_model_2_multimer_v1_pred_32.pdb	9
90	88	afm_dropout_noSM_woTemplates_model_3_multimer_v2_pred_14.pdb	10
90	89	cf_dropout_full_woTemplates_model_3_multimer_v2_pred_27.pdb	8
90	90	cf_dropout_full_woTemplates_model_4_multimer_v1_pred_1.pdb	10
90	91	afm_dropout_full_model_3_multimer_v2_pred_0.pdb	7
90	92	afm_dropout_full_woTemplates_model_4_multimer_v1_pred_3.pdb	8
90	93	afm_woTemplates_model_1_multimer_v1_pred_2.pdb	7
90	94	afm_woTemplates_model_2_multimer_v1_pred_58.pdb	7
90	95	cf_dropout_full_woTemplates_model_2_multimer_v3_pred_25.pdb	7
90	96	cf_woTemplates_model_1_multimer_v2_pred_31.pdb	8
90	97	afm_basic_model_4_multimer_v3_pred_16.pdb	6
90	98	afm_dropout_full_woTemplates_model_2_multimer_v2_pred_13.pdb	6
90	99	afm_dropout_full_woTemplates_r3_model_1_multimer_v3_pred_52.pdb	7
90	100	afm_dropout_noSM_woTemplates_model_4_multimer_v2_pred_8.pdb	6
90	101	afm_dropout_noSM_woTemplates_model_5_multimer_v3_pred_29.pdb	7
90	102	afm_woTemplates_model_1_multimer_v1_pred_13.pdb	10
90	103	afm_woTemplates_model_1_multimer_v2_pred_44.pdb	7
90	104	afm_woTemplates_model_2_multimer_v2_pred_10.pdb	6
90	105	afm_woTemplates_model_5_multimer_v2_pred_54.pdb	6
90	106	cf_dropout_full_woTemplates_model_5_multimer_v1_pred_13.pdb	8
90	107	cf_woTemplates_model_2_multimer_v1_pred_18.pdb	7
90	108	cf_woTemplates_model_5_multimer_v1_pred_39.pdb	10
90	109	afm_dropout_full_model_3_multimer_v2_pred_33.pdb	5
90	110	afm_dropout_full_model_4_multimer_v1_pred_13.pdb	5
90	111	afm_dropout_full_model_4_multimer_v1_pred_63.pdb	5
90	112	afm_dropout_full_woTemplates_model_2_multimer_v3_pred_34.pdb	5
90	113	afm_dropout_full_woTemplates_r3_model_3_multimer_v3_pred_19.pdb	6
90	114	afm_dropout_noSM_woTemplates_model_2_multimer_v1_pred_9.pdb	8
90	115	afm_woTemplates_model_1_multimer_v1_pred_30.pdb	5
90	116	afm_woTemplates_model_2_multimer_v1_pred_62.pdb	5
90	117	afm_woTemplates_model_4_multimer_v1_pred_29.pdb	6
90	118	afm_woTemplates_model_5_multimer_v1_pred_35.pdb	5
90	119	cf_dropout_full_woTemplates_model_3_multimer_v2_pred_16.pdb	5
90	120	cf_dropout_full_woTemplates_model_4_multimer_v2_pred_32.pdb	5
90	121	cf_dropout_full_woTemplates_model_5_multimer_v2_pred_32.pdb	5
90	122	afm_dropout_full_model_2_multimer_v1_pred_5.pdb	4
90	123	afm_dropout_full_model_3_multimer_v1_pred_10.pdb	4
90	124	afm_dropout_full_model_5_multimer_v1_pred_38.pdb	4
90	125	afm_dropout_full_woTemplates_model_2_multimer_v2_pred_20.pdb	4
90	126	afm_dropout_full_woTemplates_model_4_multimer_v1_pred_57.pdb	4
90	127	afm_dropout_full_woTemplates_r3_model_1_multimer_v3_pred_32.pdb	4
90	128	afm_dropout_full_woTemplates_r3_model_3_multimer_v2_pred_29.pdb	5
90	129	afm_dropout_full_woTemplates_r3_model_4_multimer_v3_pred_37.pdb	4
90	130	afm_dropout_noSM_woTemplates_model_1_multimer_v1_pred_41.pdb	4
90	131	afm_dropout_noSM_woTemplates_model_1_multimer_v2_pred_11.pdb	4
90	132	afm_dropout_noSM_woTemplates_model_1_multimer_v2_pred_21.pdb	4
90	133	afm_dropout_noSM_woTemplates_model_3_multimer_v1_pred_59.pdb	6
90	134	afm_woTemplates_model_1_multimer_v1_pred_66.pdb	4
90	135	afm_woTemplates_model_3_multimer_v1_pred_26.pdb	4
90	136	afm_woTemplates_model_3_multimer_v3_pred_34.pdb	4
90	137	afm_woTemplates_model_5_multimer_v1_pred_32.pdb	4
90	138	cf_dropout_full_woTemplates_model_1_multimer_v1_pred_24.pdb	4
90	139	cf_dropout_full_woTemplates_model_1_multimer_v1_pred_29.pdb	4
90	140	cf_dropout_full_woTemplates_model_2_multimer_v1_pred_61.pdb	5
90	141	cf_dropout_full_woTemplates_model_3_multimer_v2_pred_65.pdb	4
90	142	cf_dropout_full_woTemplates_model_4_multimer_v3_pred_7.pdb	4
90	143	cf_woTemplates_model_5_multimer_v2_pred_8.pdb	4
90	144	afm_basic_model_4_multimer_v3_pred_43.pdb	3
90	145	afm_dropout_full_model_4_multimer_v2_pred_4.pdb	3
90	146	afm_dropout_full_model_5_multimer_v3_pred_19.pdb	3
90	147	afm_dropout_full_woTemplates_model_2_multimer_v2_pred_30.pdb	3
90	148	afm_dropout_full_woTemplates_model_2_multimer_v3_pred_6.pdb	3
90	149	afm_dropout_full_woTemplates_model_3_multimer_v1_pred_61.pdb	3
90	150	afm_dropout_full_woTemplates_model_4_multimer_v1_pred_58.pdb	3
90	151	afm_dropout_full_woTemplates_model_5_multimer_v2_pred_45.pdb	3
90	152	afm_dropout_full_woTemplates_r3_model_2_multimer_v2_pred_16.pdb	4
90	153	afm_dropout_full_woTemplates_r3_model_2_multimer_v3_pred_23.pdb	3
90	154	afm_dropout_full_woTemplates_r3_model_2_multimer_v3_pred_26.pdb	3
90	155	afm_dropout_full_woTemplates_r3_model_3_multimer_v2_pred_1.pdb	3
90	156	afm_dropout_noSM_woTemplates_model_3_multimer_v1_pred_16.pdb	3
90	157	afm_woTemplates_model_1_multimer_v1_pred_31.pdb	4
90	158	afm_woTemplates_model_1_multimer_v1_pred_43.pdb	3
90	159	afm_woTemplates_model_1_multimer_v3_pred_66.pdb	3
90	160	afm_woTemplates_model_2_multimer_v2_pred_36.pdb	3
90	161	afm_woTemplates_model_4_multimer_v1_pred_61.pdb	3
90	162	afm_woTemplates_model_5_multimer_v1_pred_0.pdb	3
90	163	afm_woTemplates_model_5_multimer_v1_pred_2.pdb	4
90	164	afm_woTemplates_model_5_multimer_v1_pred_21.pdb	3
90	165	cf_dropout_full_woTemplates_model_1_multimer_v3_pred_1.pdb	3
90	166	cf_dropout_full_woTemplates_model_2_multimer_v3_pred_4.pdb	3
90	167	cf_dropout_full_woTemplates_model_3_multimer_v1_pred_10.pdb	4
90	168	cf_dropout_full_woTemplates_model_5_multimer_v1_pred_26.pdb	3
90	169	cf_woTemplates_model_5_multimer_v1_pred_47.pdb	3
90	170	cf_woTemplates_model_5_multimer_v1_pred_54.pdb	4
90	171	afm_dropout_full_model_1_multimer_v2_pred_1.pdb	2
90	172	afm_dropout_full_model_1_multimer_v3_pred_12.pdb	2
90	173	afm_dropout_full_model_2_multimer_v1_pred_23.pdb	2
90	174	afm_dropout_full_model_2_multimer_v1_pred_32.pdb	2
90	175	afm_dropout_full_model_3_multimer_v1_pred_13.pdb	2
90	176	afm_dropout_full_model_5_multimer_v1_pred_16.pdb	2
90	177	afm_dropout_full_model_5_multimer_v3_pred_42.pdb	2
90	178	afm_dropout_full_woTemplates_model_1_multimer_v1_pred_13.pdb	2
90	179	afm_dropout_full_woTemplates_model_1_multimer_v1_pred_26.pdb	2
90	180	afm_dropout_full_woTemplates_model_1_multimer_v1_pred_52.pdb	2
90	181	afm_dropout_full_woTemplates_model_2_multimer_v1_pred_28.pdb	2
90	182	afm_dropout_full_woTemplates_model_2_multimer_v1_pred_54.pdb	2
90	183	afm_dropout_full_woTemplates_model_2_multimer_v1_pred_7.pdb	2
90	184	afm_dropout_full_woTemplates_model_2_multimer_v1_pred_8.pdb	2
90	185	afm_dropout_full_woTemplates_model_2_multimer_v2_pred_27.pdb	2
90	186	afm_dropout_full_woTemplates_model_2_multimer_v2_pred_32.pdb	2
90	187	afm_dropout_full_woTemplates_model_2_multimer_v3_pred_13.pdb	2
90	188	afm_dropout_full_woTemplates_model_3_multimer_v2_pred_51.pdb	2
90	189	afm_dropout_full_woTemplates_model_3_multimer_v2_pred_56.pdb	2
90	190	afm_dropout_full_woTemplates_model_5_multimer_v1_pred_45.pdb	2
90	191	afm_dropout_full_woTemplates_model_5_multimer_v2_pred_51.pdb	2
90	192	afm_dropout_full_woTemplates_r3_model_1_multimer_v2_pred_12.pdb	2
90	193	afm_dropout_full_woTemplates_r3_model_1_multimer_v3_pred_34.pdb	2
90	194	afm_dropout_full_woTemplates_r3_model_1_multimer_v3_pred_36.pdb	2
90	195	afm_dropout_full_woTemplates_r3_model_2_multimer_v2_pred_2.pdb	2
90	196	afm_dropout_full_woTemplates_r3_model_2_multimer_v3_pred_38.pdb	2
90	197	afm_dropout_full_woTemplates_r3_model_2_multimer_v3_pred_61.pdb	2
90	198	afm_dropout_full_woTemplates_r3_model_3_multimer_v2_pred_40.pdb	2
90	199	afm_dropout_full_woTemplates_r3_model_3_multimer_v2_pred_62.pdb	2
90	200	afm_dropout_full_woTemplates_r3_model_3_multimer_v3_pred_13.pdb	2
90	201	afm_dropout_full_woTemplates_r3_model_3_multimer_v3_pred_46.pdb	2
90	202	afm_dropout_full_woTemplates_r3_model_4_multimer_v2_pred_11.pdb	2
90	203	afm_dropout_full_woTemplates_r3_model_4_multimer_v2_pred_13.pdb	2
90	204	afm_dropout_full_woTemplates_r3_model_4_multimer_v2_pred_2.pdb	2
90	205	afm_dropout_full_woTemplates_r3_model_4_multimer_v2_pred_6.pdb	2
90	206	afm_dropout_full_woTemplates_r3_model_4_multimer_v3_pred_13.pdb	2
90	207	afm_dropout_full_woTemplates_r3_model_5_multimer_v2_pred_2.pdb	2
90	208	afm_dropout_full_woTemplates_r3_model_5_multimer_v2_pred_21.pdb	2
90	209	afm_dropout_full_woTemplates_r3_model_5_multimer_v2_pred_58.pdb	2
90	210	afm_dropout_full_woTemplates_r3_model_5_multimer_v3_pred_21.pdb	2
90	211	afm_dropout_full_woTemplates_r3_model_5_multimer_v3_pred_27.pdb	2
90	212	afm_dropout_full_woTemplates_r3_model_5_multimer_v3_pred_60.pdb	2
90	213	afm_dropout_full_woTemplates_r3_model_5_multimer_v3_pred_65.pdb	2
90	214	afm_dropout_noSM_woTemplates_model_1_multimer_v2_pred_28.pdb	2
90	215	afm_dropout_noSM_woTemplates_model_1_multimer_v3_pred_54.pdb	2
90	216	afm_dropout_noSM_woTemplates_model_3_multimer_v1_pred_28.pdb	2
90	217	afm_woTemplates_model_1_multimer_v1_pred_10.pdb	2
90	218	afm_woTemplates_model_1_multimer_v1_pred_12.pdb	2
90	219	afm_woTemplates_model_3_multimer_v1_pred_12.pdb	2
90	220	afm_woTemplates_model_3_multimer_v1_pred_59.pdb	2
90	221	afm_woTemplates_model_4_multimer_v1_pred_20.pdb	2
90	222	afm_woTemplates_model_5_multimer_v1_pred_18.pdb	2
90	223	afm_woTemplates_model_5_multimer_v1_pred_39.pdb	2
90	224	cf_dropout_full_woTemplates_model_1_multimer_v1_pred_2.pdb	2
90	225	cf_dropout_full_woTemplates_model_1_multimer_v1_pred_38.pdb	2
90	226	cf_dropout_full_woTemplates_model_1_multimer_v2_pred_14.pdb	2
90	227	cf_dropout_full_woTemplates_model_1_multimer_v2_pred_29.pdb	2
90	228	cf_dropout_full_woTemplates_model_1_multimer_v2_pred_3.pdb	2
90	229	cf_dropout_full_woTemplates_model_2_multimer_v1_pred_1.pdb	2
90	230	cf_dropout_full_woTemplates_model_2_multimer_v1_pred_14.pdb	2
90	231	cf_dropout_full_woTemplates_model_2_multimer_v1_pred_16.pdb	2
90	232	cf_dropout_full_woTemplates_model_2_multimer_v1_pred_22.pdb	2
90	233	cf_dropout_full_woTemplates_model_2_multimer_v2_pred_24.pdb	2
90	234	cf_dropout_full_woTemplates_model_3_multimer_v1_pred_42.pdb	2
90	235	cf_dropout_full_woTemplates_model_3_multimer_v1_pred_56.pdb	2
90	236	cf_dropout_full_woTemplates_model_3_multimer_v2_pred_2.pdb	2
90	237	cf_dropout_full_woTemplates_model_4_multimer_v1_pred_5.pdb	2
90	238	cf_dropout_full_woTemplates_model_4_multimer_v1_pred_54.pdb	2
90	239	cf_dropout_full_woTemplates_model_4_multimer_v2_pred_2.pdb	2
90	240	cf_dropout_full_woTemplates_model_5_multimer_v2_pred_2.pdb	2
90	241	cf_dropout_full_woTemplates_model_5_multimer_v3_pred_12.pdb	2
90	242	cf_woTemplates_model_2_multimer_v1_pred_25.pdb	2
90	243	cf_woTemplates_model_2_multimer_v3_pred_16.pdb	2
90	244	cf_woTemplates_model_5_multimer_v1_pred_15.pdb	2
90	245	cf_woTemplates_model_5_multimer_v1_pred_40.pdb	2
90	246	cf_woTemplates_model_5_multimer_v2_pred_29.pdb	2
90	247	cf_woTemplates_model_5_multimer_v3_pred_48.pdb	2
90	248	afm_basic_model_1_multimer_v1_pred_44.pdb	1
90	249	afm_basic_model_2_multimer_v1_pred_10.pdb	1
90	250	afm_basic_model_3_multimer_v1_pred_44.pdb	1
90	251	afm_basic_model_4_multimer_v1_pred_32.pdb	1
90	252	afm_dropout_full_model_1_multimer_v1_pred_57.pdb	1
90	253	afm_dropout_full_model_2_multimer_v1_pred_20.pdb	1
90	254	afm_dropout_full_model_2_multimer_v1_pred_61.pdb	1
90	255	afm_dropout_full_model_3_multimer_v1_pred_12.pdb	1
90	256	afm_dropout_full_model_3_multimer_v1_pred_23.pdb	1
90	257	afm_dropout_full_model_3_multimer_v1_pred_48.pdb	1
90	258	afm_dropout_full_model_5_multimer_v1_pred_53.pdb	1
90	259	afm_dropout_full_model_5_multimer_v3_pred_31.pdb	1
90	260	afm_dropout_full_woTemplates_model_1_multimer_v1_pred_1.pdb	1
90	261	afm_dropout_full_woTemplates_model_1_multimer_v1_pred_11.pdb	1
90	262	afm_dropout_full_woTemplates_model_1_multimer_v1_pred_12.pdb	1
90	263	afm_dropout_full_woTemplates_model_1_multimer_v1_pred_14.pdb	1
90	264	afm_dropout_full_woTemplates_model_1_multimer_v1_pred_15.pdb	1
90	265	afm_dropout_full_woTemplates_model_1_multimer_v1_pred_16.pdb	1
90	266	afm_dropout_full_woTemplates_model_1_multimer_v1_pred_17.pdb	1
90	267	afm_dropout_full_woTemplates_model_1_multimer_v1_pred_18.pdb	1
90	268	afm_dropout_full_woTemplates_model_1_multimer_v1_pred_19.pdb	1
90	269	afm_dropout_full_woTemplates_model_1_multimer_v1_pred_2.pdb	1
90	270	afm_dropout_full_woTemplates_model_1_multimer_v1_pred_20.pdb	1
90	271	afm_dropout_full_woTemplates_model_1_multimer_v1_pred_21.pdb	1
90	272	afm_dropout_full_woTemplates_model_1_multimer_v1_pred_22.pdb	1
90	273	afm_dropout_full_woTemplates_model_1_multimer_v1_pred_23.pdb	1
90	274	afm_dropout_full_woTemplates_model_1_multimer_v1_pred_24.pdb	1
90	275	afm_dropout_full_woTemplates_model_1_multimer_v1_pred_25.pdb	1
90	276	afm_dropout_full_woTemplates_model_1_multimer_v1_pred_27.pdb	1
90	277	afm_dropout_full_woTemplates_model_1_multimer_v1_pred_28.pdb	1
90	278	afm_dropout_full_woTemplates_model_1_multimer_v1_pred_3.pdb	1
90	279	afm_dropout_full_woTemplates_model_1_multimer_v1_pred_31.pdb	1
90	280	afm_dropout_full_woTemplates_model_1_multimer_v1_pred_32.pdb	1
90	281	afm_dropout_full_woTemplates_model_1_multimer_v1_pred_33.pdb	1
90	282	afm_dropout_full_woTemplates_model_1_multimer_v1_pred_34.pdb	1
90	283	afm_dropout_full_woTemplates_model_1_multimer_v1_pred_35.pdb	1
90	284	afm_dropout_full_woTemplates_model_1_multimer_v1_pred_37.pdb	1
90	285	afm_dropout_full_woTemplates_model_1_multimer_v1_pred_38.pdb	1
90	286	afm_dropout_full_woTemplates_model_1_multimer_v1_pred_4.pdb	1
90	287	afm_dropout_full_woTemplates_model_1_multimer_v1_pred_41.pdb	1
90	288	afm_dropout_full_woTemplates_model_1_multimer_v1_pred_42.pdb	1
90	289	afm_dropout_full_woTemplates_model_1_multimer_v1_pred_43.pdb	1
90	290	afm_dropout_full_woTemplates_model_1_multimer_v1_pred_44.pdb	1
90	291	afm_dropout_full_woTemplates_model_1_multimer_v1_pred_45.pdb	1
90	292	afm_dropout_full_woTemplates_model_1_multimer_v1_pred_47.pdb	1
90	293	afm_dropout_full_woTemplates_model_1_multimer_v1_pred_48.pdb	1
90	294	afm_dropout_full_woTemplates_model_1_multimer_v1_pred_49.pdb	1
90	295	afm_dropout_full_woTemplates_model_1_multimer_v1_pred_5.pdb	1
90	296	afm_dropout_full_woTemplates_model_1_multimer_v1_pred_50.pdb	1
90	297	afm_dropout_full_woTemplates_model_1_multimer_v1_pred_53.pdb	1
90	298	afm_dropout_full_woTemplates_model_1_multimer_v1_pred_54.pdb	1
90	299	afm_dropout_full_woTemplates_model_1_multimer_v1_pred_55.pdb	1
90	300	afm_dropout_full_woTemplates_model_1_multimer_v1_pred_56.pdb	1
90	301	afm_dropout_full_woTemplates_model_1_multimer_v1_pred_58.pdb	1
90	302	afm_dropout_full_woTemplates_model_1_multimer_v1_pred_59.pdb	1
90	303	afm_dropout_full_woTemplates_model_1_multimer_v1_pred_60.pdb	1
90	304	afm_dropout_full_woTemplates_model_1_multimer_v1_pred_61.pdb	1
90	305	afm_dropout_full_woTemplates_model_1_multimer_v1_pred_63.pdb	1
90	306	afm_dropout_full_woTemplates_model_1_multimer_v1_pred_66.pdb	1
90	307	afm_dropout_full_woTemplates_model_1_multimer_v1_pred_7.pdb	1
90	308	afm_dropout_full_woTemplates_model_1_multimer_v1_pred_8.pdb	1
90	309	afm_dropout_full_woTemplates_model_1_multimer_v1_pred_9.pdb	1
90	310	afm_dropout_full_woTemplates_model_1_multimer_v2_pred_16.pdb	1
90	311	afm_dropout_full_woTemplates_model_1_multimer_v2_pred_49.pdb	1
90	312	afm_dropout_full_woTemplates_model_2_multimer_v1_pred_0.pdb	1
90	313	afm_dropout_full_woTemplates_model_2_multimer_v1_pred_1.pdb	1
90	314	afm_dropout_full_woTemplates_model_2_multimer_v1_pred_15.pdb	1
90	315	afm_dropout_full_woTemplates_model_2_multimer_v1_pred_16.pdb	1
90	316	afm_dropout_full_woTemplates_model_2_multimer_v1_pred_17.pdb	1
90	317	afm_dropout_full_woTemplates_model_2_multimer_v1_pred_18.pdb	1
90	318	afm_dropout_full_woTemplates_model_2_multimer_v1_pred_19.pdb	1
90	319	afm_dropout_full_woTemplates_model_2_multimer_v1_pred_20.pdb	1
90	320	afm_dropout_full_woTemplates_model_2_multimer_v1_pred_21.pdb	1
90	321	afm_dropout_full_woTemplates_model_2_multimer_v1_pred_22.pdb	1
90	322	afm_dropout_full_woTemplates_model_2_multimer_v1_pred_24.pdb	1
90	323	afm_dropout_full_woTemplates_model_2_multimer_v1_pred_29.pdb	1
90	324	afm_dropout_full_woTemplates_model_2_multimer_v1_pred_30.pdb	1
90	325	afm_dropout_full_woTemplates_model_2_multimer_v1_pred_31.pdb	1
90	326	afm_dropout_full_woTemplates_model_2_multimer_v1_pred_34.pdb	1
90	327	afm_dropout_full_woTemplates_model_2_multimer_v1_pred_36.pdb	1
90	328	afm_dropout_full_woTemplates_model_2_multimer_v1_pred_38.pdb	1
90	329	afm_dropout_full_woTemplates_model_2_multimer_v1_pred_39.pdb	1
90	330	afm_dropout_full_woTemplates_model_2_multimer_v1_pred_41.pdb	1
90	331	afm_dropout_full_woTemplates_model_2_multimer_v1_pred_42.pdb	1
90	332	afm_dropout_full_woTemplates_model_2_multimer_v1_pred_44.pdb	1
90	333	afm_dropout_full_woTemplates_model_2_multimer_v1_pred_45.pdb	1
90	334	afm_dropout_full_woTemplates_model_2_multimer_v1_pred_47.pdb	1
90	335	afm_dropout_full_woTemplates_model_2_multimer_v1_pred_48.pdb	1
90	336	afm_dropout_full_woTemplates_model_2_multimer_v1_pred_49.pdb	1
90	337	afm_dropout_full_woTemplates_model_2_multimer_v1_pred_5.pdb	1
90	338	afm_dropout_full_woTemplates_model_2_multimer_v1_pred_50.pdb	1
90	339	afm_dropout_full_woTemplates_model_2_multimer_v1_pred_51.pdb	1
90	340	afm_dropout_full_woTemplates_model_2_multimer_v1_pred_52.pdb	1
90	341	afm_dropout_full_woTemplates_model_2_multimer_v1_pred_55.pdb	1
90	342	afm_dropout_full_woTemplates_model_2_multimer_v1_pred_56.pdb	1
90	343	afm_dropout_full_woTemplates_model_2_multimer_v1_pred_57.pdb	1
90	344	afm_dropout_full_woTemplates_model_2_multimer_v1_pred_59.pdb	1
90	345	afm_dropout_full_woTemplates_model_2_multimer_v1_pred_6.pdb	1
90	346	afm_dropout_full_woTemplates_model_2_multimer_v1_pred_62.pdb	1
90	347	afm_dropout_full_woTemplates_model_2_multimer_v1_pred_63.pdb	1
90	348	afm_dropout_full_woTemplates_model_2_multimer_v1_pred_66.pdb	1
90	349	afm_dropout_full_woTemplates_model_2_multimer_v2_pred_50.pdb	1
90	350	afm_dropout_full_woTemplates_model_3_multimer_v1_pred_13.pdb	1
90	351	afm_dropout_full_woTemplates_model_3_multimer_v1_pred_19.pdb	1
90	352	afm_dropout_full_woTemplates_model_3_multimer_v1_pred_29.pdb	1
90	353	afm_dropout_full_woTemplates_model_3_multimer_v1_pred_31.pdb	1
90	354	afm_dropout_full_woTemplates_model_3_multimer_v1_pred_38.pdb	1
90	355	afm_dropout_full_woTemplates_model_3_multimer_v1_pred_44.pdb	1
90	356	afm_dropout_full_woTemplates_model_3_multimer_v1_pred_5.pdb	1
90	357	afm_dropout_full_woTemplates_model_3_multimer_v1_pred_50.pdb	1
90	358	afm_dropout_full_woTemplates_model_3_multimer_v1_pred_58.pdb	1
90	359	afm_dropout_full_woTemplates_model_3_multimer_v1_pred_6.pdb	1
90	360	afm_dropout_full_woTemplates_model_3_multimer_v2_pred_2.pdb	1
90	361	afm_dropout_full_woTemplates_model_3_multimer_v2_pred_22.pdb	1
90	362	afm_dropout_full_woTemplates_model_3_multimer_v3_pred_11.pdb	1
90	363	afm_dropout_full_woTemplates_model_3_multimer_v3_pred_29.pdb	1
90	364	afm_dropout_full_woTemplates_model_4_multimer_v1_pred_1.pdb	1
90	365	afm_dropout_full_woTemplates_model_4_multimer_v1_pred_11.pdb	1
90	366	afm_dropout_full_woTemplates_model_4_multimer_v1_pred_12.pdb	1
90	367	afm_dropout_full_woTemplates_model_4_multimer_v1_pred_14.pdb	1
90	368	afm_dropout_full_woTemplates_model_4_multimer_v1_pred_16.pdb	1
90	369	afm_dropout_full_woTemplates_model_4_multimer_v1_pred_17.pdb	1
90	370	afm_dropout_full_woTemplates_model_4_multimer_v1_pred_20.pdb	1
90	371	afm_dropout_full_woTemplates_model_4_multimer_v1_pred_21.pdb	1
90	372	afm_dropout_full_woTemplates_model_4_multimer_v1_pred_22.pdb	1
90	373	afm_dropout_full_woTemplates_model_4_multimer_v1_pred_24.pdb	1
90	374	afm_dropout_full_woTemplates_model_4_multimer_v1_pred_28.pdb	1
90	375	afm_dropout_full_woTemplates_model_4_multimer_v1_pred_30.pdb	1
90	376	afm_dropout_full_woTemplates_model_4_multimer_v1_pred_31.pdb	1
90	377	afm_dropout_full_woTemplates_model_4_multimer_v1_pred_32.pdb	1
90	378	afm_dropout_full_woTemplates_model_4_multimer_v1_pred_33.pdb	1
90	379	afm_dropout_full_woTemplates_model_4_multimer_v1_pred_36.pdb	1
90	380	afm_dropout_full_woTemplates_model_4_multimer_v1_pred_37.pdb	1
90	381	afm_dropout_full_woTemplates_model_4_multimer_v1_pred_4.pdb	1
90	382	afm_dropout_full_woTemplates_model_4_multimer_v1_pred_40.pdb	1
90	383	afm_dropout_full_woTemplates_model_4_multimer_v1_pred_41.pdb	1
90	384	afm_dropout_full_woTemplates_model_4_multimer_v1_pred_45.pdb	1
90	385	afm_dropout_full_woTemplates_model_4_multimer_v1_pred_46.pdb	1
90	386	afm_dropout_full_woTemplates_model_4_multimer_v1_pred_47.pdb	1
90	387	afm_dropout_full_woTemplates_model_4_multimer_v1_pred_49.pdb	1
90	388	afm_dropout_full_woTemplates_model_4_multimer_v1_pred_5.pdb	1
90	389	afm_dropout_full_woTemplates_model_4_multimer_v1_pred_51.pdb	1
90	390	afm_dropout_full_woTemplates_model_4_multimer_v1_pred_56.pdb	1
90	391	afm_dropout_full_woTemplates_model_4_multimer_v1_pred_59.pdb	1
90	392	afm_dropout_full_woTemplates_model_4_multimer_v1_pred_61.pdb	1
90	393	afm_dropout_full_woTemplates_model_4_multimer_v1_pred_62.pdb	1
90	394	afm_dropout_full_woTemplates_model_4_multimer_v1_pred_63.pdb	1
90	395	afm_dropout_full_woTemplates_model_4_multimer_v1_pred_7.pdb	1
90	396	afm_dropout_full_woTemplates_model_4_multimer_v2_pred_34.pdb	1
90	397	afm_dropout_full_woTemplates_model_4_multimer_v2_pred_38.pdb	1
90	398	afm_dropout_full_woTemplates_model_4_multimer_v2_pred_61.pdb	1
90	399	afm_dropout_full_woTemplates_model_5_multimer_v1_pred_0.pdb	1
90	400	afm_dropout_full_woTemplates_model_5_multimer_v1_pred_1.pdb	1
90	401	afm_dropout_full_woTemplates_model_5_multimer_v1_pred_10.pdb	1
90	402	afm_dropout_full_woTemplates_model_5_multimer_v1_pred_11.pdb	1
90	403	afm_dropout_full_woTemplates_model_5_multimer_v1_pred_12.pdb	1
90	404	afm_dropout_full_woTemplates_model_5_multimer_v1_pred_13.pdb	1
90	405	afm_dropout_full_woTemplates_model_5_multimer_v1_pred_14.pdb	1
90	406	afm_dropout_full_woTemplates_model_5_multimer_v1_pred_15.pdb	1
90	407	afm_dropout_full_woTemplates_model_5_multimer_v1_pred_16.pdb	1
90	408	afm_dropout_full_woTemplates_model_5_multimer_v1_pred_17.pdb	1
90	409	afm_dropout_full_woTemplates_model_5_multimer_v1_pred_18.pdb	1
90	410	afm_dropout_full_woTemplates_model_5_multimer_v1_pred_19.pdb	1
90	411	afm_dropout_full_woTemplates_model_5_multimer_v1_pred_2.pdb	1
90	412	afm_dropout_full_woTemplates_model_5_multimer_v1_pred_20.pdb	1
90	413	afm_dropout_full_woTemplates_model_5_multimer_v1_pred_21.pdb	1
90	414	afm_dropout_full_woTemplates_model_5_multimer_v1_pred_22.pdb	1
90	415	afm_dropout_full_woTemplates_model_5_multimer_v1_pred_23.pdb	1
90	416	afm_dropout_full_woTemplates_model_5_multimer_v1_pred_24.pdb	1
90	417	afm_dropout_full_woTemplates_model_5_multimer_v1_pred_25.pdb	1
90	418	afm_dropout_full_woTemplates_model_5_multimer_v1_pred_26.pdb	1
90	419	afm_dropout_full_woTemplates_model_5_multimer_v1_pred_27.pdb	1
90	420	afm_dropout_full_woTemplates_model_5_multimer_v1_pred_29.pdb	1
90	421	afm_dropout_full_woTemplates_model_5_multimer_v1_pred_3.pdb	1
90	422	afm_dropout_full_woTemplates_model_5_multimer_v1_pred_30.pdb	1
90	423	afm_dropout_full_woTemplates_model_5_multimer_v1_pred_31.pdb	1
90	424	afm_dropout_full_woTemplates_model_5_multimer_v1_pred_33.pdb	1
90	425	afm_dropout_full_woTemplates_model_5_multimer_v1_pred_34.pdb	1
90	426	afm_dropout_full_woTemplates_model_5_multimer_v1_pred_35.pdb	1
90	427	afm_dropout_full_woTemplates_model_5_multimer_v1_pred_36.pdb	1
90	428	afm_dropout_full_woTemplates_model_5_multimer_v1_pred_37.pdb	1
90	429	afm_dropout_full_woTemplates_model_5_multimer_v1_pred_38.pdb	1
90	430	afm_dropout_full_woTemplates_model_5_multimer_v1_pred_39.pdb	1
90	431	afm_dropout_full_woTemplates_model_5_multimer_v1_pred_4.pdb	1
90	432	afm_dropout_full_woTemplates_model_5_multimer_v1_pred_40.pdb	1
90	433	afm_dropout_full_woTemplates_model_5_multimer_v1_pred_41.pdb	1
90	434	afm_dropout_full_woTemplates_model_5_multimer_v1_pred_43.pdb	1
90	435	afm_dropout_full_woTemplates_model_5_multimer_v1_pred_44.pdb	1
90	436	afm_dropout_full_woTemplates_model_5_multimer_v1_pred_46.pdb	1
90	437	afm_dropout_full_woTemplates_model_5_multimer_v1_pred_47.pdb	1
90	438	afm_dropout_full_woTemplates_model_5_multimer_v1_pred_48.pdb	1
90	439	afm_dropout_full_woTemplates_model_5_multimer_v1_pred_49.pdb	1
90	440	afm_dropout_full_woTemplates_model_5_multimer_v1_pred_5.pdb	1
90	441	afm_dropout_full_woTemplates_model_5_multimer_v1_pred_50.pdb	1
90	442	afm_dropout_full_woTemplates_model_5_multimer_v1_pred_51.pdb	1
90	443	afm_dropout_full_woTemplates_model_5_multimer_v1_pred_52.pdb	1
90	444	afm_dropout_full_woTemplates_model_5_multimer_v1_pred_54.pdb	1
90	445	afm_dropout_full_woTemplates_model_5_multimer_v1_pred_55.pdb	1
90	446	afm_dropout_full_woTemplates_model_5_multimer_v1_pred_56.pdb	1
90	447	afm_dropout_full_woTemplates_model_5_multimer_v1_pred_57.pdb	1
90	448	afm_dropout_full_woTemplates_model_5_multimer_v1_pred_58.pdb	1
90	449	afm_dropout_full_woTemplates_model_5_multimer_v1_pred_59.pdb	1
90	450	afm_dropout_full_woTemplates_model_5_multimer_v1_pred_6.pdb	1
90	451	afm_dropout_full_woTemplates_model_5_multimer_v1_pred_60.pdb	1
90	452	afm_dropout_full_woTemplates_model_5_multimer_v1_pred_62.pdb	1
90	453	afm_dropout_full_woTemplates_model_5_multimer_v1_pred_63.pdb	1
90	454	afm_dropout_full_woTemplates_model_5_multimer_v1_pred_64.pdb	1
90	455	afm_dropout_full_woTemplates_model_5_multimer_v1_pred_65.pdb	1
90	456	afm_dropout_full_woTemplates_model_5_multimer_v1_pred_66.pdb	1
90	457	afm_dropout_full_woTemplates_model_5_multimer_v1_pred_7.pdb	1
90	458	afm_dropout_full_woTemplates_model_5_multimer_v1_pred_8.pdb	1
90	459	afm_dropout_full_woTemplates_model_5_multimer_v1_pred_9.pdb	1
90	460	afm_dropout_full_woTemplates_model_5_multimer_v2_pred_11.pdb	1
90	461	afm_dropout_full_woTemplates_model_5_multimer_v2_pred_17.pdb	1
90	462	afm_dropout_full_woTemplates_model_5_multimer_v2_pred_18.pdb	1
90	463	afm_dropout_full_woTemplates_model_5_multimer_v2_pred_2.pdb	1
90	464	afm_dropout_full_woTemplates_model_5_multimer_v2_pred_20.pdb	1
90	465	afm_dropout_full_woTemplates_model_5_multimer_v2_pred_23.pdb	1
90	466	afm_dropout_full_woTemplates_model_5_multimer_v2_pred_24.pdb	1
90	467	afm_dropout_full_woTemplates_model_5_multimer_v2_pred_31.pdb	1
90	468	afm_dropout_full_woTemplates_model_5_multimer_v2_pred_32.pdb	1
90	469	afm_dropout_full_woTemplates_model_5_multimer_v2_pred_36.pdb	1
90	470	afm_dropout_full_woTemplates_model_5_multimer_v2_pred_37.pdb	1
90	471	afm_dropout_full_woTemplates_model_5_multimer_v2_pred_44.pdb	1
90	472	afm_dropout_full_woTemplates_model_5_multimer_v2_pred_5.pdb	1
90	473	afm_dropout_full_woTemplates_model_5_multimer_v2_pred_53.pdb	1
90	474	afm_dropout_full_woTemplates_model_5_multimer_v2_pred_54.pdb	1
90	475	afm_dropout_full_woTemplates_model_5_multimer_v2_pred_57.pdb	1
90	476	afm_dropout_full_woTemplates_model_5_multimer_v2_pred_63.pdb	1
90	477	afm_dropout_full_woTemplates_model_5_multimer_v2_pred_64.pdb	1
90	478	afm_dropout_full_woTemplates_model_5_multimer_v2_pred_7.pdb	1
90	479	afm_dropout_full_woTemplates_r3_model_1_multimer_v1_pred_0.pdb	1
90	480	afm_dropout_full_woTemplates_r3_model_1_multimer_v1_pred_1.pdb	1
90	481	afm_dropout_full_woTemplates_r3_model_1_multimer_v1_pred_10.pdb	1
90	482	afm_dropout_full_woTemplates_r3_model_1_multimer_v1_pred_11.pdb	1
90	483	afm_dropout_full_woTemplates_r3_model_1_multimer_v1_pred_12.pdb	1
90	484	afm_dropout_full_woTemplates_r3_model_1_multimer_v1_pred_13.pdb	1
90	485	afm_dropout_full_woTemplates_r3_model_1_multimer_v1_pred_14.pdb	1
90	486	afm_dropout_full_woTemplates_r3_model_1_multimer_v1_pred_15.pdb	1
90	487	afm_dropout_full_woTemplates_r3_model_1_multimer_v1_pred_16.pdb	1
90	488	afm_dropout_full_woTemplates_r3_model_1_multimer_v1_pred_17.pdb	1
90	489	afm_dropout_full_woTemplates_r3_model_1_multimer_v1_pred_18.pdb	1
90	490	afm_dropout_full_woTemplates_r3_model_1_multimer_v1_pred_19.pdb	1
90	491	afm_dropout_full_woTemplates_r3_model_1_multimer_v1_pred_2.pdb	1
90	492	afm_dropout_full_woTemplates_r3_model_1_multimer_v1_pred_20.pdb	1
90	493	afm_dropout_full_woTemplates_r3_model_1_multimer_v1_pred_21.pdb	1
90	494	afm_dropout_full_woTemplates_r3_model_1_multimer_v1_pred_22.pdb	1
90	495	afm_dropout_full_woTemplates_r3_model_1_multimer_v1_pred_23.pdb	1
90	496	afm_dropout_full_woTemplates_r3_model_1_multimer_v1_pred_24.pdb	1
90	497	afm_dropout_full_woTemplates_r3_model_1_multimer_v1_pred_25.pdb	1
90	498	afm_dropout_full_woTemplates_r3_model_1_multimer_v1_pred_26.pdb	1
90	499	afm_dropout_full_woTemplates_r3_model_1_multimer_v1_pred_27.pdb	1
90	500	afm_dropout_full_woTemplates_r3_model_1_multimer_v1_pred_28.pdb	1
90	501	afm_dropout_full_woTemplates_r3_model_1_multimer_v1_pred_29.pdb	1
90	502	afm_dropout_full_woTemplates_r3_model_1_multimer_v1_pred_3.pdb	1
90	503	afm_dropout_full_woTemplates_r3_model_1_multimer_v1_pred_30.pdb	1
90	504	afm_dropout_full_woTemplates_r3_model_1_multimer_v1_pred_31.pdb	1
90	505	afm_dropout_full_woTemplates_r3_model_1_multimer_v1_pred_32.pdb	1
90	506	afm_dropout_full_woTemplates_r3_model_1_multimer_v1_pred_33.pdb	1
90	507	afm_dropout_full_woTemplates_r3_model_1_multimer_v1_pred_34.pdb	1
90	508	afm_dropout_full_woTemplates_r3_model_1_multimer_v1_pred_35.pdb	1
90	509	afm_dropout_full_woTemplates_r3_model_1_multimer_v1_pred_36.pdb	1
90	510	afm_dropout_full_woTemplates_r3_model_1_multimer_v1_pred_37.pdb	1
90	511	afm_dropout_full_woTemplates_r3_model_1_multimer_v1_pred_38.pdb	1
90	512	afm_dropout_full_woTemplates_r3_model_1_multimer_v1_pred_39.pdb	1
90	513	afm_dropout_full_woTemplates_r3_model_1_multimer_v1_pred_4.pdb	1
90	514	afm_dropout_full_woTemplates_r3_model_1_multimer_v1_pred_40.pdb	1
90	515	afm_dropout_full_woTemplates_r3_model_1_multimer_v1_pred_41.pdb	1
90	516	afm_dropout_full_woTemplates_r3_model_1_multimer_v1_pred_42.pdb	1
90	517	afm_dropout_full_woTemplates_r3_model_1_multimer_v1_pred_43.pdb	1
90	518	afm_dropout_full_woTemplates_r3_model_1_multimer_v1_pred_44.pdb	1
90	519	afm_dropout_full_woTemplates_r3_model_1_multimer_v1_pred_45.pdb	1
90	520	afm_dropout_full_woTemplates_r3_model_1_multimer_v1_pred_46.pdb	1
90	521	afm_dropout_full_woTemplates_r3_model_1_multimer_v1_pred_47.pdb	1
90	522	afm_dropout_full_woTemplates_r3_model_1_multimer_v1_pred_48.pdb	1
90	523	afm_dropout_full_woTemplates_r3_model_1_multimer_v1_pred_49.pdb	1
90	524	afm_dropout_full_woTemplates_r3_model_1_multimer_v1_pred_5.pdb	1
90	525	afm_dropout_full_woTemplates_r3_model_1_multimer_v1_pred_50.pdb	1
90	526	afm_dropout_full_woTemplates_r3_model_1_multimer_v1_pred_51.pdb	1
90	527	afm_dropout_full_woTemplates_r3_model_1_multimer_v1_pred_52.pdb	1
90	528	afm_dropout_full_woTemplates_r3_model_1_multimer_v1_pred_53.pdb	1
90	529	afm_dropout_full_woTemplates_r3_model_1_multimer_v1_pred_54.pdb	1
90	530	afm_dropout_full_woTemplates_r3_model_1_multimer_v1_pred_55.pdb	1
90	531	afm_dropout_full_woTemplates_r3_model_1_multimer_v1_pred_56.pdb	1
90	532	afm_dropout_full_woTemplates_r3_model_1_multimer_v1_pred_57.pdb	1
90	533	afm_dropout_full_woTemplates_r3_model_1_multimer_v1_pred_58.pdb	1
90	534	afm_dropout_full_woTemplates_r3_model_1_multimer_v1_pred_59.pdb	1
90	535	afm_dropout_full_woTemplates_r3_model_1_multimer_v1_pred_6.pdb	1
90	536	afm_dropout_full_woTemplates_r3_model_1_multimer_v1_pred_60.pdb	1
90	537	afm_dropout_full_woTemplates_r3_model_1_multimer_v1_pred_61.pdb	1
90	538	afm_dropout_full_woTemplates_r3_model_1_multimer_v1_pred_62.pdb	1
90	539	afm_dropout_full_woTemplates_r3_model_1_multimer_v1_pred_63.pdb	1
90	540	afm_dropout_full_woTemplates_r3_model_1_multimer_v1_pred_64.pdb	1
90	541	afm_dropout_full_woTemplates_r3_model_1_multimer_v1_pred_65.pdb	1
90	542	afm_dropout_full_woTemplates_r3_model_1_multimer_v1_pred_66.pdb	1
90	543	afm_dropout_full_woTemplates_r3_model_1_multimer_v1_pred_7.pdb	1
90	544	afm_dropout_full_woTemplates_r3_model_1_multimer_v1_pred_8.pdb	1
90	545	afm_dropout_full_woTemplates_r3_model_1_multimer_v1_pred_9.pdb	1
90	546	afm_dropout_full_woTemplates_r3_model_1_multimer_v2_pred_1.pdb	1
90	547	afm_dropout_full_woTemplates_r3_model_1_multimer_v2_pred_11.pdb	1
90	548	afm_dropout_full_woTemplates_r3_model_1_multimer_v2_pred_13.pdb	1
90	549	afm_dropout_full_woTemplates_r3_model_1_multimer_v2_pred_15.pdb	1
90	550	afm_dropout_full_woTemplates_r3_model_1_multimer_v2_pred_18.pdb	1
90	551	afm_dropout_full_woTemplates_r3_model_1_multimer_v2_pred_2.pdb	1
90	552	afm_dropout_full_woTemplates_r3_model_1_multimer_v2_pred_22.pdb	1
90	553	afm_dropout_full_woTemplates_r3_model_1_multimer_v2_pred_32.pdb	1
90	554	afm_dropout_full_woTemplates_r3_model_1_multimer_v2_pred_33.pdb	1
90	555	afm_dropout_full_woTemplates_r3_model_1_multimer_v2_pred_34.pdb	1
90	556	afm_dropout_full_woTemplates_r3_model_1_multimer_v2_pred_35.pdb	1
90	557	afm_dropout_full_woTemplates_r3_model_1_multimer_v2_pred_37.pdb	1
90	558	afm_dropout_full_woTemplates_r3_model_1_multimer_v2_pred_42.pdb	1
90	559	afm_dropout_full_woTemplates_r3_model_1_multimer_v2_pred_45.pdb	1
90	560	afm_dropout_full_woTemplates_r3_model_1_multimer_v2_pred_5.pdb	1
90	561	afm_dropout_full_woTemplates_r3_model_1_multimer_v2_pred_55.pdb	1
90	562	afm_dropout_full_woTemplates_r3_model_1_multimer_v2_pred_56.pdb	1
90	563	afm_dropout_full_woTemplates_r3_model_1_multimer_v2_pred_60.pdb	1
90	564	afm_dropout_full_woTemplates_r3_model_1_multimer_v3_pred_11.pdb	1
90	565	afm_dropout_full_woTemplates_r3_model_1_multimer_v3_pred_17.pdb	1
90	566	afm_dropout_full_woTemplates_r3_model_1_multimer_v3_pred_24.pdb	1
90	567	afm_dropout_full_woTemplates_r3_model_1_multimer_v3_pred_26.pdb	1
90	568	afm_dropout_full_woTemplates_r3_model_1_multimer_v3_pred_3.pdb	1
90	569	afm_dropout_full_woTemplates_r3_model_1_multimer_v3_pred_33.pdb	1
90	570	afm_dropout_full_woTemplates_r3_model_1_multimer_v3_pred_35.pdb	1
90	571	afm_dropout_full_woTemplates_r3_model_1_multimer_v3_pred_40.pdb	1
90	572	afm_dropout_full_woTemplates_r3_model_1_multimer_v3_pred_41.pdb	1
90	573	afm_dropout_full_woTemplates_r3_model_1_multimer_v3_pred_43.pdb	1
90	574	afm_dropout_full_woTemplates_r3_model_1_multimer_v3_pred_47.pdb	1
90	575	afm_dropout_full_woTemplates_r3_model_1_multimer_v3_pred_5.pdb	1
90	576	afm_dropout_full_woTemplates_r3_model_1_multimer_v3_pred_57.pdb	1
90	577	afm_dropout_full_woTemplates_r3_model_1_multimer_v3_pred_58.pdb	1
90	578	afm_dropout_full_woTemplates_r3_model_1_multimer_v3_pred_61.pdb	1
90	579	afm_dropout_full_woTemplates_r3_model_1_multimer_v3_pred_63.pdb	1
90	580	afm_dropout_full_woTemplates_r3_model_2_multimer_v1_pred_0.pdb	1
90	581	afm_dropout_full_woTemplates_r3_model_2_multimer_v1_pred_1.pdb	1
90	582	afm_dropout_full_woTemplates_r3_model_2_multimer_v1_pred_10.pdb	1
90	583	afm_dropout_full_woTemplates_r3_model_2_multimer_v1_pred_11.pdb	1
90	584	afm_dropout_full_woTemplates_r3_model_2_multimer_v1_pred_12.pdb	1
90	585	afm_dropout_full_woTemplates_r3_model_2_multimer_v1_pred_13.pdb	1
90	586	afm_dropout_full_woTemplates_r3_model_2_multimer_v1_pred_14.pdb	1
90	587	afm_dropout_full_woTemplates_r3_model_2_multimer_v1_pred_15.pdb	1
90	588	afm_dropout_full_woTemplates_r3_model_2_multimer_v1_pred_16.pdb	1
90	589	afm_dropout_full_woTemplates_r3_model_2_multimer_v1_pred_17.pdb	1
90	590	afm_dropout_full_woTemplates_r3_model_2_multimer_v1_pred_18.pdb	1
90	591	afm_dropout_full_woTemplates_r3_model_2_multimer_v1_pred_19.pdb	1
90	592	afm_dropout_full_woTemplates_r3_model_2_multimer_v1_pred_2.pdb	1
90	593	afm_dropout_full_woTemplates_r3_model_2_multimer_v1_pred_20.pdb	1
90	594	afm_dropout_full_woTemplates_r3_model_2_multimer_v1_pred_21.pdb	1
90	595	afm_dropout_full_woTemplates_r3_model_2_multimer_v1_pred_22.pdb	1
90	596	afm_dropout_full_woTemplates_r3_model_2_multimer_v1_pred_23.pdb	1
90	597	afm_dropout_full_woTemplates_r3_model_2_multimer_v1_pred_24.pdb	1
90	598	afm_dropout_full_woTemplates_r3_model_2_multimer_v1_pred_25.pdb	1
90	599	afm_dropout_full_woTemplates_r3_model_2_multimer_v1_pred_26.pdb	1
90	600	afm_dropout_full_woTemplates_r3_model_2_multimer_v1_pred_27.pdb	1
90	601	afm_dropout_full_woTemplates_r3_model_2_multimer_v1_pred_28.pdb	1
90	602	afm_dropout_full_woTemplates_r3_model_2_multimer_v1_pred_29.pdb	1
90	603	afm_dropout_full_woTemplates_r3_model_2_multimer_v1_pred_3.pdb	1
90	604	afm_dropout_full_woTemplates_r3_model_2_multimer_v1_pred_30.pdb	1
90	605	afm_dropout_full_woTemplates_r3_model_2_multimer_v1_pred_31.pdb	1
90	606	afm_dropout_full_woTemplates_r3_model_2_multimer_v1_pred_32.pdb	1
90	607	afm_dropout_full_woTemplates_r3_model_2_multimer_v1_pred_33.pdb	1
90	608	afm_dropout_full_woTemplates_r3_model_2_multimer_v1_pred_34.pdb	1
90	609	afm_dropout_full_woTemplates_r3_model_2_multimer_v1_pred_35.pdb	1
90	610	afm_dropout_full_woTemplates_r3_model_2_multimer_v1_pred_36.pdb	1
90	611	afm_dropout_full_woTemplates_r3_model_2_multimer_v1_pred_37.pdb	1
90	612	afm_dropout_full_woTemplates_r3_model_2_multimer_v1_pred_38.pdb	1
90	613	afm_dropout_full_woTemplates_r3_model_2_multimer_v1_pred_39.pdb	1
90	614	afm_dropout_full_woTemplates_r3_model_2_multimer_v1_pred_4.pdb	1
90	615	afm_dropout_full_woTemplates_r3_model_2_multimer_v1_pred_40.pdb	1
90	616	afm_dropout_full_woTemplates_r3_model_2_multimer_v1_pred_41.pdb	1
90	617	afm_dropout_full_woTemplates_r3_model_2_multimer_v1_pred_42.pdb	1
90	618	afm_dropout_full_woTemplates_r3_model_2_multimer_v1_pred_43.pdb	1
90	619	afm_dropout_full_woTemplates_r3_model_2_multimer_v1_pred_44.pdb	1
90	620	afm_dropout_full_woTemplates_r3_model_2_multimer_v1_pred_45.pdb	1
90	621	afm_dropout_full_woTemplates_r3_model_2_multimer_v1_pred_46.pdb	1
90	622	afm_dropout_full_woTemplates_r3_model_2_multimer_v1_pred_47.pdb	1
90	623	afm_dropout_full_woTemplates_r3_model_2_multimer_v1_pred_48.pdb	1
90	624	afm_dropout_full_woTemplates_r3_model_2_multimer_v1_pred_49.pdb	1
90	625	afm_dropout_full_woTemplates_r3_model_2_multimer_v1_pred_5.pdb	1
90	626	afm_dropout_full_woTemplates_r3_model_2_multimer_v1_pred_50.pdb	1
90	627	afm_dropout_full_woTemplates_r3_model_2_multimer_v1_pred_51.pdb	1
90	628	afm_dropout_full_woTemplates_r3_model_2_multimer_v1_pred_52.pdb	1
90	629	afm_dropout_full_woTemplates_r3_model_2_multimer_v1_pred_53.pdb	1
90	630	afm_dropout_full_woTemplates_r3_model_2_multimer_v1_pred_54.pdb	1
90	631	afm_dropout_full_woTemplates_r3_model_2_multimer_v1_pred_55.pdb	1
90	632	afm_dropout_full_woTemplates_r3_model_2_multimer_v1_pred_56.pdb	1
90	633	afm_dropout_full_woTemplates_r3_model_2_multimer_v1_pred_57.pdb	1
90	634	afm_dropout_full_woTemplates_r3_model_2_multimer_v1_pred_58.pdb	1
90	635	afm_dropout_full_woTemplates_r3_model_2_multimer_v1_pred_59.pdb	1
90	636	afm_dropout_full_woTemplates_r3_model_2_multimer_v1_pred_6.pdb	1
90	637	afm_dropout_full_woTemplates_r3_model_2_multimer_v1_pred_60.pdb	1
90	638	afm_dropout_full_woTemplates_r3_model_2_multimer_v1_pred_61.pdb	1
90	639	afm_dropout_full_woTemplates_r3_model_2_multimer_v1_pred_62.pdb	1
90	640	afm_dropout_full_woTemplates_r3_model_2_multimer_v1_pred_63.pdb	1
90	641	afm_dropout_full_woTemplates_r3_model_2_multimer_v1_pred_64.pdb	1
90	642	afm_dropout_full_woTemplates_r3_model_2_multimer_v1_pred_65.pdb	1
90	643	afm_dropout_full_woTemplates_r3_model_2_multimer_v1_pred_66.pdb	1
90	644	afm_dropout_full_woTemplates_r3_model_2_multimer_v1_pred_7.pdb	1
90	645	afm_dropout_full_woTemplates_r3_model_2_multimer_v1_pred_8.pdb	1
90	646	afm_dropout_full_woTemplates_r3_model_2_multimer_v1_pred_9.pdb	1
90	647	afm_dropout_full_woTemplates_r3_model_2_multimer_v2_pred_0.pdb	1
90	648	afm_dropout_full_woTemplates_r3_model_2_multimer_v2_pred_1.pdb	1
90	649	afm_dropout_full_woTemplates_r3_model_2_multimer_v2_pred_10.pdb	1
90	650	afm_dropout_full_woTemplates_r3_model_2_multimer_v2_pred_12.pdb	1
90	651	afm_dropout_full_woTemplates_r3_model_2_multimer_v2_pred_13.pdb	1
90	652	afm_dropout_full_woTemplates_r3_model_2_multimer_v2_pred_14.pdb	1
90	653	afm_dropout_full_woTemplates_r3_model_2_multimer_v2_pred_15.pdb	1
90	654	afm_dropout_full_woTemplates_r3_model_2_multimer_v2_pred_17.pdb	1
90	655	afm_dropout_full_woTemplates_r3_model_2_multimer_v2_pred_18.pdb	1
90	656	afm_dropout_full_woTemplates_r3_model_2_multimer_v2_pred_20.pdb	1
90	657	afm_dropout_full_woTemplates_r3_model_2_multimer_v2_pred_21.pdb	1
90	658	afm_dropout_full_woTemplates_r3_model_2_multimer_v2_pred_22.pdb	1
90	659	afm_dropout_full_woTemplates_r3_model_2_multimer_v2_pred_23.pdb	1
90	660	afm_dropout_full_woTemplates_r3_model_2_multimer_v2_pred_24.pdb	1
90	661	afm_dropout_full_woTemplates_r3_model_2_multimer_v2_pred_25.pdb	1
90	662	afm_dropout_full_woTemplates_r3_model_2_multimer_v2_pred_26.pdb	1
90	663	afm_dropout_full_woTemplates_r3_model_2_multimer_v2_pred_27.pdb	1
90	664	afm_dropout_full_woTemplates_r3_model_2_multimer_v2_pred_28.pdb	1
90	665	afm_dropout_full_woTemplates_r3_model_2_multimer_v2_pred_3.pdb	1
90	666	afm_dropout_full_woTemplates_r3_model_2_multimer_v2_pred_30.pdb	1
90	667	afm_dropout_full_woTemplates_r3_model_2_multimer_v2_pred_31.pdb	1
90	668	afm_dropout_full_woTemplates_r3_model_2_multimer_v2_pred_32.pdb	1
90	669	afm_dropout_full_woTemplates_r3_model_2_multimer_v2_pred_33.pdb	1
90	670	afm_dropout_full_woTemplates_r3_model_2_multimer_v2_pred_34.pdb	1
90	671	afm_dropout_full_woTemplates_r3_model_2_multimer_v2_pred_35.pdb	1
90	672	afm_dropout_full_woTemplates_r3_model_2_multimer_v2_pred_36.pdb	1
90	673	afm_dropout_full_woTemplates_r3_model_2_multimer_v2_pred_38.pdb	1
90	674	afm_dropout_full_woTemplates_r3_model_2_multimer_v2_pred_39.pdb	1
90	675	afm_dropout_full_woTemplates_r3_model_2_multimer_v2_pred_4.pdb	1
90	676	afm_dropout_full_woTemplates_r3_model_2_multimer_v2_pred_40.pdb	1
90	677	afm_dropout_full_woTemplates_r3_model_2_multimer_v2_pred_42.pdb	1
90	678	afm_dropout_full_woTemplates_r3_model_2_multimer_v2_pred_43.pdb	1
90	679	afm_dropout_full_woTemplates_r3_model_2_multimer_v2_pred_44.pdb	1
90	680	afm_dropout_full_woTemplates_r3_model_2_multimer_v2_pred_46.pdb	1
90	681	afm_dropout_full_woTemplates_r3_model_2_multimer_v2_pred_47.pdb	1
90	682	afm_dropout_full_woTemplates_r3_model_2_multimer_v2_pred_48.pdb	1
90	683	afm_dropout_full_woTemplates_r3_model_2_multimer_v2_pred_49.pdb	1
90	684	afm_dropout_full_woTemplates_r3_model_2_multimer_v2_pred_5.pdb	1
90	685	afm_dropout_full_woTemplates_r3_model_2_multimer_v2_pred_50.pdb	1
90	686	afm_dropout_full_woTemplates_r3_model_2_multimer_v2_pred_51.pdb	1
90	687	afm_dropout_full_woTemplates_r3_model_2_multimer_v2_pred_52.pdb	1
90	688	afm_dropout_full_woTemplates_r3_model_2_multimer_v2_pred_53.pdb	1
90	689	afm_dropout_full_woTemplates_r3_model_2_multimer_v2_pred_54.pdb	1
90	690	afm_dropout_full_woTemplates_r3_model_2_multimer_v2_pred_55.pdb	1
90	691	afm_dropout_full_woTemplates_r3_model_2_multimer_v2_pred_56.pdb	1
90	692	afm_dropout_full_woTemplates_r3_model_2_multimer_v2_pred_57.pdb	1
90	693	afm_dropout_full_woTemplates_r3_model_2_multimer_v2_pred_58.pdb	1
90	694	afm_dropout_full_woTemplates_r3_model_2_multimer_v2_pred_59.pdb	1
90	695	afm_dropout_full_woTemplates_r3_model_2_multimer_v2_pred_60.pdb	1
90	696	afm_dropout_full_woTemplates_r3_model_2_multimer_v2_pred_61.pdb	1
90	697	afm_dropout_full_woTemplates_r3_model_2_multimer_v2_pred_62.pdb	1
90	698	afm_dropout_full_woTemplates_r3_model_2_multimer_v2_pred_63.pdb	1
90	699	afm_dropout_full_woTemplates_r3_model_2_multimer_v2_pred_64.pdb	1
90	700	afm_dropout_full_woTemplates_r3_model_2_multimer_v2_pred_66.pdb	1
90	701	afm_dropout_full_woTemplates_r3_model_2_multimer_v2_pred_7.pdb	1
90	702	afm_dropout_full_woTemplates_r3_model_2_multimer_v2_pred_8.pdb	1
90	703	afm_dropout_full_woTemplates_r3_model_2_multimer_v3_pred_11.pdb	1
90	704	afm_dropout_full_woTemplates_r3_model_2_multimer_v3_pred_14.pdb	1
90	705	afm_dropout_full_woTemplates_r3_model_2_multimer_v3_pred_15.pdb	1
90	706	afm_dropout_full_woTemplates_r3_model_2_multimer_v3_pred_28.pdb	1
90	707	afm_dropout_full_woTemplates_r3_model_2_multimer_v3_pred_35.pdb	1
90	708	afm_dropout_full_woTemplates_r3_model_2_multimer_v3_pred_39.pdb	1
90	709	afm_dropout_full_woTemplates_r3_model_2_multimer_v3_pred_41.pdb	1
90	710	afm_dropout_full_woTemplates_r3_model_2_multimer_v3_pred_48.pdb	1
90	711	afm_dropout_full_woTemplates_r3_model_2_multimer_v3_pred_54.pdb	1
90	712	afm_dropout_full_woTemplates_r3_model_2_multimer_v3_pred_57.pdb	1
90	713	afm_dropout_full_woTemplates_r3_model_2_multimer_v3_pred_6.pdb	1
90	714	afm_dropout_full_woTemplates_r3_model_3_multimer_v1_pred_0.pdb	1
90	715	afm_dropout_full_woTemplates_r3_model_3_multimer_v1_pred_1.pdb	1
90	716	afm_dropout_full_woTemplates_r3_model_3_multimer_v1_pred_10.pdb	1
90	717	afm_dropout_full_woTemplates_r3_model_3_multimer_v1_pred_11.pdb	1
90	718	afm_dropout_full_woTemplates_r3_model_3_multimer_v1_pred_12.pdb	1
90	719	afm_dropout_full_woTemplates_r3_model_3_multimer_v1_pred_13.pdb	1
90	720	afm_dropout_full_woTemplates_r3_model_3_multimer_v1_pred_14.pdb	1
90	721	afm_dropout_full_woTemplates_r3_model_3_multimer_v1_pred_15.pdb	1
90	722	afm_dropout_full_woTemplates_r3_model_3_multimer_v1_pred_16.pdb	1
90	723	afm_dropout_full_woTemplates_r3_model_3_multimer_v1_pred_17.pdb	1
90	724	afm_dropout_full_woTemplates_r3_model_3_multimer_v1_pred_18.pdb	1
90	725	afm_dropout_full_woTemplates_r3_model_3_multimer_v1_pred_19.pdb	1
90	726	afm_dropout_full_woTemplates_r3_model_3_multimer_v1_pred_2.pdb	1
90	727	afm_dropout_full_woTemplates_r3_model_3_multimer_v1_pred_20.pdb	1
90	728	afm_dropout_full_woTemplates_r3_model_3_multimer_v1_pred_21.pdb	1
90	729	afm_dropout_full_woTemplates_r3_model_3_multimer_v1_pred_22.pdb	1
90	730	afm_dropout_full_woTemplates_r3_model_3_multimer_v1_pred_23.pdb	1
90	731	afm_dropout_full_woTemplates_r3_model_3_multimer_v1_pred_24.pdb	1
90	732	afm_dropout_full_woTemplates_r3_model_3_multimer_v1_pred_25.pdb	1
90	733	afm_dropout_full_woTemplates_r3_model_3_multimer_v1_pred_26.pdb	1
90	734	afm_dropout_full_woTemplates_r3_model_3_multimer_v1_pred_27.pdb	1
90	735	afm_dropout_full_woTemplates_r3_model_3_multimer_v1_pred_28.pdb	1
90	736	afm_dropout_full_woTemplates_r3_model_3_multimer_v1_pred_29.pdb	1
90	737	afm_dropout_full_woTemplates_r3_model_3_multimer_v1_pred_3.pdb	1
90	738	afm_dropout_full_woTemplates_r3_model_3_multimer_v1_pred_30.pdb	1
90	739	afm_dropout_full_woTemplates_r3_model_3_multimer_v1_pred_31.pdb	1
90	740	afm_dropout_full_woTemplates_r3_model_3_multimer_v1_pred_32.pdb	1
90	741	afm_dropout_full_woTemplates_r3_model_3_multimer_v1_pred_33.pdb	1
90	742	afm_dropout_full_woTemplates_r3_model_3_multimer_v1_pred_34.pdb	1
90	743	afm_dropout_full_woTemplates_r3_model_3_multimer_v1_pred_35.pdb	1
90	744	afm_dropout_full_woTemplates_r3_model_3_multimer_v1_pred_36.pdb	1
90	745	afm_dropout_full_woTemplates_r3_model_3_multimer_v1_pred_37.pdb	1
90	746	afm_dropout_full_woTemplates_r3_model_3_multimer_v1_pred_38.pdb	1
90	747	afm_dropout_full_woTemplates_r3_model_3_multimer_v1_pred_39.pdb	1
90	748	afm_dropout_full_woTemplates_r3_model_3_multimer_v1_pred_4.pdb	1
90	749	afm_dropout_full_woTemplates_r3_model_3_multimer_v1_pred_40.pdb	1
90	750	afm_dropout_full_woTemplates_r3_model_3_multimer_v1_pred_41.pdb	1
90	751	afm_dropout_full_woTemplates_r3_model_3_multimer_v1_pred_42.pdb	1
90	752	afm_dropout_full_woTemplates_r3_model_3_multimer_v1_pred_43.pdb	1
90	753	afm_dropout_full_woTemplates_r3_model_3_multimer_v1_pred_44.pdb	1
90	754	afm_dropout_full_woTemplates_r3_model_3_multimer_v1_pred_45.pdb	1
90	755	afm_dropout_full_woTemplates_r3_model_3_multimer_v1_pred_46.pdb	1
90	756	afm_dropout_full_woTemplates_r3_model_3_multimer_v1_pred_47.pdb	1
90	757	afm_dropout_full_woTemplates_r3_model_3_multimer_v1_pred_48.pdb	1
90	758	afm_dropout_full_woTemplates_r3_model_3_multimer_v1_pred_49.pdb	1
90	759	afm_dropout_full_woTemplates_r3_model_3_multimer_v1_pred_5.pdb	1
90	760	afm_dropout_full_woTemplates_r3_model_3_multimer_v1_pred_50.pdb	1
90	761	afm_dropout_full_woTemplates_r3_model_3_multimer_v1_pred_51.pdb	1
90	762	afm_dropout_full_woTemplates_r3_model_3_multimer_v1_pred_52.pdb	1
90	763	afm_dropout_full_woTemplates_r3_model_3_multimer_v1_pred_53.pdb	1
90	764	afm_dropout_full_woTemplates_r3_model_3_multimer_v1_pred_54.pdb	1
90	765	afm_dropout_full_woTemplates_r3_model_3_multimer_v1_pred_55.pdb	1
90	766	afm_dropout_full_woTemplates_r3_model_3_multimer_v1_pred_56.pdb	1
90	767	afm_dropout_full_woTemplates_r3_model_3_multimer_v1_pred_57.pdb	1
90	768	afm_dropout_full_woTemplates_r3_model_3_multimer_v1_pred_58.pdb	1
90	769	afm_dropout_full_woTemplates_r3_model_3_multimer_v1_pred_59.pdb	1
90	770	afm_dropout_full_woTemplates_r3_model_3_multimer_v1_pred_6.pdb	1
90	771	afm_dropout_full_woTemplates_r3_model_3_multimer_v1_pred_60.pdb	1
90	772	afm_dropout_full_woTemplates_r3_model_3_multimer_v1_pred_61.pdb	1
90	773	afm_dropout_full_woTemplates_r3_model_3_multimer_v1_pred_62.pdb	1
90	774	afm_dropout_full_woTemplates_r3_model_3_multimer_v1_pred_63.pdb	1
90	775	afm_dropout_full_woTemplates_r3_model_3_multimer_v1_pred_64.pdb	1
90	776	afm_dropout_full_woTemplates_r3_model_3_multimer_v1_pred_65.pdb	1
90	777	afm_dropout_full_woTemplates_r3_model_3_multimer_v1_pred_66.pdb	1
90	778	afm_dropout_full_woTemplates_r3_model_3_multimer_v1_pred_7.pdb	1
90	779	afm_dropout_full_woTemplates_r3_model_3_multimer_v1_pred_8.pdb	1
90	780	afm_dropout_full_woTemplates_r3_model_3_multimer_v1_pred_9.pdb	1
90	781	afm_dropout_full_woTemplates_r3_model_3_multimer_v2_pred_0.pdb	1
90	782	afm_dropout_full_woTemplates_r3_model_3_multimer_v2_pred_14.pdb	1
90	783	afm_dropout_full_woTemplates_r3_model_3_multimer_v2_pred_15.pdb	1
90	784	afm_dropout_full_woTemplates_r3_model_3_multimer_v2_pred_17.pdb	1
90	785	afm_dropout_full_woTemplates_r3_model_3_multimer_v2_pred_21.pdb	1
90	786	afm_dropout_full_woTemplates_r3_model_3_multimer_v2_pred_23.pdb	1
90	787	afm_dropout_full_woTemplates_r3_model_3_multimer_v2_pred_26.pdb	1
90	788	afm_dropout_full_woTemplates_r3_model_3_multimer_v2_pred_28.pdb	1
90	789	afm_dropout_full_woTemplates_r3_model_3_multimer_v2_pred_3.pdb	1
90	790	afm_dropout_full_woTemplates_r3_model_3_multimer_v2_pred_30.pdb	1
90	791	afm_dropout_full_woTemplates_r3_model_3_multimer_v2_pred_31.pdb	1
90	792	afm_dropout_full_woTemplates_r3_model_3_multimer_v2_pred_41.pdb	1
90	793	afm_dropout_full_woTemplates_r3_model_3_multimer_v2_pred_42.pdb	1
90	794	afm_dropout_full_woTemplates_r3_model_3_multimer_v2_pred_43.pdb	1
90	795	afm_dropout_full_woTemplates_r3_model_3_multimer_v2_pred_44.pdb	1
90	796	afm_dropout_full_woTemplates_r3_model_3_multimer_v2_pred_45.pdb	1
90	797	afm_dropout_full_woTemplates_r3_model_3_multimer_v2_pred_46.pdb	1
90	798	afm_dropout_full_woTemplates_r3_model_3_multimer_v2_pred_47.pdb	1
90	799	afm_dropout_full_woTemplates_r3_model_3_multimer_v2_pred_49.pdb	1
90	800	afm_dropout_full_woTemplates_r3_model_3_multimer_v2_pred_5.pdb	1
90	801	afm_dropout_full_woTemplates_r3_model_3_multimer_v2_pred_54.pdb	1
90	802	afm_dropout_full_woTemplates_r3_model_3_multimer_v2_pred_57.pdb	1
90	803	afm_dropout_full_woTemplates_r3_model_3_multimer_v2_pred_59.pdb	1
90	804	afm_dropout_full_woTemplates_r3_model_3_multimer_v2_pred_6.pdb	1
90	805	afm_dropout_full_woTemplates_r3_model_3_multimer_v2_pred_61.pdb	1
90	806	afm_dropout_full_woTemplates_r3_model_3_multimer_v2_pred_64.pdb	1
90	807	afm_dropout_full_woTemplates_r3_model_3_multimer_v3_pred_0.pdb	1
90	808	afm_dropout_full_woTemplates_r3_model_3_multimer_v3_pred_10.pdb	1
90	809	afm_dropout_full_woTemplates_r3_model_3_multimer_v3_pred_12.pdb	1
90	810	afm_dropout_full_woTemplates_r3_model_3_multimer_v3_pred_14.pdb	1
90	811	afm_dropout_full_woTemplates_r3_model_3_multimer_v3_pred_16.pdb	1
90	812	afm_dropout_full_woTemplates_r3_model_3_multimer_v3_pred_17.pdb	1
90	813	afm_dropout_full_woTemplates_r3_model_3_multimer_v3_pred_2.pdb	1
90	814	afm_dropout_full_woTemplates_r3_model_3_multimer_v3_pred_28.pdb	1
90	815	afm_dropout_full_woTemplates_r3_model_3_multimer_v3_pred_29.pdb	1
90	816	afm_dropout_full_woTemplates_r3_model_3_multimer_v3_pred_3.pdb	1
90	817	afm_dropout_full_woTemplates_r3_model_3_multimer_v3_pred_33.pdb	1
90	818	afm_dropout_full_woTemplates_r3_model_3_multimer_v3_pred_36.pdb	1
90	819	afm_dropout_full_woTemplates_r3_model_3_multimer_v3_pred_38.pdb	1
90	820	afm_dropout_full_woTemplates_r3_model_3_multimer_v3_pred_39.pdb	1
90	821	afm_dropout_full_woTemplates_r3_model_3_multimer_v3_pred_41.pdb	1
90	822	afm_dropout_full_woTemplates_r3_model_3_multimer_v3_pred_43.pdb	1
90	823	afm_dropout_full_woTemplates_r3_model_3_multimer_v3_pred_47.pdb	1
90	824	afm_dropout_full_woTemplates_r3_model_3_multimer_v3_pred_50.pdb	1
90	825	afm_dropout_full_woTemplates_r3_model_3_multimer_v3_pred_53.pdb	1
90	826	afm_dropout_full_woTemplates_r3_model_3_multimer_v3_pred_54.pdb	1
90	827	afm_dropout_full_woTemplates_r3_model_3_multimer_v3_pred_57.pdb	1
90	828	afm_dropout_full_woTemplates_r3_model_3_multimer_v3_pred_58.pdb	1
90	829	afm_dropout_full_woTemplates_r3_model_3_multimer_v3_pred_59.pdb	1
90	830	afm_dropout_full_woTemplates_r3_model_3_multimer_v3_pred_8.pdb	1
90	831	afm_dropout_full_woTemplates_r3_model_4_multimer_v1_pred_0.pdb	1
90	832	afm_dropout_full_woTemplates_r3_model_4_multimer_v1_pred_1.pdb	1
90	833	afm_dropout_full_woTemplates_r3_model_4_multimer_v1_pred_10.pdb	1
90	834	afm_dropout_full_woTemplates_r3_model_4_multimer_v1_pred_11.pdb	1
90	835	afm_dropout_full_woTemplates_r3_model_4_multimer_v1_pred_12.pdb	1
90	836	afm_dropout_full_woTemplates_r3_model_4_multimer_v1_pred_13.pdb	1
90	837	afm_dropout_full_woTemplates_r3_model_4_multimer_v1_pred_14.pdb	1
90	838	afm_dropout_full_woTemplates_r3_model_4_multimer_v1_pred_15.pdb	1
90	839	afm_dropout_full_woTemplates_r3_model_4_multimer_v1_pred_16.pdb	1
90	840	afm_dropout_full_woTemplates_r3_model_4_multimer_v1_pred_17.pdb	1
90	841	afm_dropout_full_woTemplates_r3_model_4_multimer_v1_pred_18.pdb	1
90	842	afm_dropout_full_woTemplates_r3_model_4_multimer_v1_pred_19.pdb	1
90	843	afm_dropout_full_woTemplates_r3_model_4_multimer_v1_pred_2.pdb	1
90	844	afm_dropout_full_woTemplates_r3_model_4_multimer_v1_pred_20.pdb	1
90	845	afm_dropout_full_woTemplates_r3_model_4_multimer_v1_pred_21.pdb	1
90	846	afm_dropout_full_woTemplates_r3_model_4_multimer_v1_pred_22.pdb	1
90	847	afm_dropout_full_woTemplates_r3_model_4_multimer_v1_pred_23.pdb	1
90	848	afm_dropout_full_woTemplates_r3_model_4_multimer_v1_pred_24.pdb	1
90	849	afm_dropout_full_woTemplates_r3_model_4_multimer_v1_pred_25.pdb	1
90	850	afm_dropout_full_woTemplates_r3_model_4_multimer_v1_pred_26.pdb	1
90	851	afm_dropout_full_woTemplates_r3_model_4_multimer_v1_pred_27.pdb	1
90	852	afm_dropout_full_woTemplates_r3_model_4_multimer_v1_pred_28.pdb	1
90	853	afm_dropout_full_woTemplates_r3_model_4_multimer_v1_pred_29.pdb	1
90	854	afm_dropout_full_woTemplates_r3_model_4_multimer_v1_pred_3.pdb	1
90	855	afm_dropout_full_woTemplates_r3_model_4_multimer_v1_pred_30.pdb	1
90	856	afm_dropout_full_woTemplates_r3_model_4_multimer_v1_pred_31.pdb	1
90	857	afm_dropout_full_woTemplates_r3_model_4_multimer_v1_pred_32.pdb	1
90	858	afm_dropout_full_woTemplates_r3_model_4_multimer_v1_pred_33.pdb	1
90	859	afm_dropout_full_woTemplates_r3_model_4_multimer_v1_pred_34.pdb	1
90	860	afm_dropout_full_woTemplates_r3_model_4_multimer_v1_pred_35.pdb	1
90	861	afm_dropout_full_woTemplates_r3_model_4_multimer_v1_pred_36.pdb	1
90	862	afm_dropout_full_woTemplates_r3_model_4_multimer_v1_pred_37.pdb	1
90	863	afm_dropout_full_woTemplates_r3_model_4_multimer_v1_pred_38.pdb	1
90	864	afm_dropout_full_woTemplates_r3_model_4_multimer_v1_pred_39.pdb	1
90	865	afm_dropout_full_woTemplates_r3_model_4_multimer_v1_pred_4.pdb	1
90	866	afm_dropout_full_woTemplates_r3_model_4_multimer_v1_pred_40.pdb	1
90	867	afm_dropout_full_woTemplates_r3_model_4_multimer_v1_pred_41.pdb	1
90	868	afm_dropout_full_woTemplates_r3_model_4_multimer_v1_pred_42.pdb	1
90	869	afm_dropout_full_woTemplates_r3_model_4_multimer_v1_pred_43.pdb	1
90	870	afm_dropout_full_woTemplates_r3_model_4_multimer_v1_pred_44.pdb	1
90	871	afm_dropout_full_woTemplates_r3_model_4_multimer_v1_pred_45.pdb	1
90	872	afm_dropout_full_woTemplates_r3_model_4_multimer_v1_pred_46.pdb	1
90	873	afm_dropout_full_woTemplates_r3_model_4_multimer_v1_pred_47.pdb	1
90	874	afm_dropout_full_woTemplates_r3_model_4_multimer_v1_pred_48.pdb	1
90	875	afm_dropout_full_woTemplates_r3_model_4_multimer_v1_pred_49.pdb	1
90	876	afm_dropout_full_woTemplates_r3_model_4_multimer_v1_pred_5.pdb	1
90	877	afm_dropout_full_woTemplates_r3_model_4_multimer_v1_pred_50.pdb	1
90	878	afm_dropout_full_woTemplates_r3_model_4_multimer_v1_pred_51.pdb	1
90	879	afm_dropout_full_woTemplates_r3_model_4_multimer_v1_pred_52.pdb	1
90	880	afm_dropout_full_woTemplates_r3_model_4_multimer_v1_pred_53.pdb	1
90	881	afm_dropout_full_woTemplates_r3_model_4_multimer_v1_pred_54.pdb	1
90	882	afm_dropout_full_woTemplates_r3_model_4_multimer_v1_pred_55.pdb	1
90	883	afm_dropout_full_woTemplates_r3_model_4_multimer_v1_pred_56.pdb	1
90	884	afm_dropout_full_woTemplates_r3_model_4_multimer_v1_pred_57.pdb	1
90	885	afm_dropout_full_woTemplates_r3_model_4_multimer_v1_pred_58.pdb	1
90	886	afm_dropout_full_woTemplates_r3_model_4_multimer_v1_pred_59.pdb	1
90	887	afm_dropout_full_woTemplates_r3_model_4_multimer_v1_pred_6.pdb	1
90	888	afm_dropout_full_woTemplates_r3_model_4_multimer_v1_pred_60.pdb	1
90	889	afm_dropout_full_woTemplates_r3_model_4_multimer_v1_pred_61.pdb	1
90	890	afm_dropout_full_woTemplates_r3_model_4_multimer_v1_pred_62.pdb	1
90	891	afm_dropout_full_woTemplates_r3_model_4_multimer_v1_pred_63.pdb	1
90	892	afm_dropout_full_woTemplates_r3_model_4_multimer_v1_pred_64.pdb	1
90	893	afm_dropout_full_woTemplates_r3_model_4_multimer_v1_pred_65.pdb	1
90	894	afm_dropout_full_woTemplates_r3_model_4_multimer_v1_pred_66.pdb	1
90	895	afm_dropout_full_woTemplates_r3_model_4_multimer_v1_pred_7.pdb	1
90	896	afm_dropout_full_woTemplates_r3_model_4_multimer_v1_pred_8.pdb	1
90	897	afm_dropout_full_woTemplates_r3_model_4_multimer_v1_pred_9.pdb	1
90	898	afm_dropout_full_woTemplates_r3_model_4_multimer_v2_pred_1.pdb	1
90	899	afm_dropout_full_woTemplates_r3_model_4_multimer_v2_pred_12.pdb	1
90	900	afm_dropout_full_woTemplates_r3_model_4_multimer_v2_pred_14.pdb	1
90	901	afm_dropout_full_woTemplates_r3_model_4_multimer_v2_pred_15.pdb	1
90	902	afm_dropout_full_woTemplates_r3_model_4_multimer_v2_pred_18.pdb	1
90	903	afm_dropout_full_woTemplates_r3_model_4_multimer_v2_pred_19.pdb	1
90	904	afm_dropout_full_woTemplates_r3_model_4_multimer_v2_pred_20.pdb	1
90	905	afm_dropout_full_woTemplates_r3_model_4_multimer_v2_pred_21.pdb	1
90	906	afm_dropout_full_woTemplates_r3_model_4_multimer_v2_pred_22.pdb	1
90	907	afm_dropout_full_woTemplates_r3_model_4_multimer_v2_pred_25.pdb	1
90	908	afm_dropout_full_woTemplates_r3_model_4_multimer_v2_pred_27.pdb	1
90	909	afm_dropout_full_woTemplates_r3_model_4_multimer_v2_pred_28.pdb	1
90	910	afm_dropout_full_woTemplates_r3_model_4_multimer_v2_pred_29.pdb	1
90	911	afm_dropout_full_woTemplates_r3_model_4_multimer_v2_pred_3.pdb	1
90	912	afm_dropout_full_woTemplates_r3_model_4_multimer_v2_pred_30.pdb	1
90	913	afm_dropout_full_woTemplates_r3_model_4_multimer_v2_pred_31.pdb	1
90	914	afm_dropout_full_woTemplates_r3_model_4_multimer_v2_pred_32.pdb	1
90	915	afm_dropout_full_woTemplates_r3_model_4_multimer_v2_pred_33.pdb	1
90	916	afm_dropout_full_woTemplates_r3_model_4_multimer_v2_pred_34.pdb	1
90	917	afm_dropout_full_woTemplates_r3_model_4_multimer_v2_pred_36.pdb	1
90	918	afm_dropout_full_woTemplates_r3_model_4_multimer_v2_pred_37.pdb	1
90	919	afm_dropout_full_woTemplates_r3_model_4_multimer_v2_pred_38.pdb	1
90	920	afm_dropout_full_woTemplates_r3_model_4_multimer_v2_pred_39.pdb	1
90	921	afm_dropout_full_woTemplates_r3_model_4_multimer_v2_pred_4.pdb	1
90	922	afm_dropout_full_woTemplates_r3_model_4_multimer_v2_pred_40.pdb	1
90	923	afm_dropout_full_woTemplates_r3_model_4_multimer_v2_pred_41.pdb	1
90	924	afm_dropout_full_woTemplates_r3_model_4_multimer_v2_pred_42.pdb	1
90	925	afm_dropout_full_woTemplates_r3_model_4_multimer_v2_pred_43.pdb	1
90	926	afm_dropout_full_woTemplates_r3_model_4_multimer_v2_pred_44.pdb	1
90	927	afm_dropout_full_woTemplates_r3_model_4_multimer_v2_pred_45.pdb	1
90	928	afm_dropout_full_woTemplates_r3_model_4_multimer_v2_pred_46.pdb	1
90	929	afm_dropout_full_woTemplates_r3_model_4_multimer_v2_pred_47.pdb	1
90	930	afm_dropout_full_woTemplates_r3_model_4_multimer_v2_pred_48.pdb	1
90	931	afm_dropout_full_woTemplates_r3_model_4_multimer_v2_pred_5.pdb	1
90	932	afm_dropout_full_woTemplates_r3_model_4_multimer_v2_pred_50.pdb	1
90	933	afm_dropout_full_woTemplates_r3_model_4_multimer_v2_pred_51.pdb	1
90	934	afm_dropout_full_woTemplates_r3_model_4_multimer_v2_pred_52.pdb	1
90	935	afm_dropout_full_woTemplates_r3_model_4_multimer_v2_pred_53.pdb	1
90	936	afm_dropout_full_woTemplates_r3_model_4_multimer_v2_pred_54.pdb	1
90	937	afm_dropout_full_woTemplates_r3_model_4_multimer_v2_pred_55.pdb	1
90	938	afm_dropout_full_woTemplates_r3_model_4_multimer_v2_pred_57.pdb	1
90	939	afm_dropout_full_woTemplates_r3_model_4_multimer_v2_pred_58.pdb	1
90	940	afm_dropout_full_woTemplates_r3_model_4_multimer_v2_pred_59.pdb	1
90	941	afm_dropout_full_woTemplates_r3_model_4_multimer_v2_pred_60.pdb	1
90	942	afm_dropout_full_woTemplates_r3_model_4_multimer_v2_pred_61.pdb	1
90	943	afm_dropout_full_woTemplates_r3_model_4_multimer_v2_pred_62.pdb	1
90	944	afm_dropout_full_woTemplates_r3_model_4_multimer_v2_pred_64.pdb	1
90	945	afm_dropout_full_woTemplates_r3_model_4_multimer_v2_pred_65.pdb	1
90	946	afm_dropout_full_woTemplates_r3_model_4_multimer_v2_pred_66.pdb	1
90	947	afm_dropout_full_woTemplates_r3_model_4_multimer_v2_pred_7.pdb	1
90	948	afm_dropout_full_woTemplates_r3_model_4_multimer_v2_pred_8.pdb	1
90	949	afm_dropout_full_woTemplates_r3_model_4_multimer_v2_pred_9.pdb	1
90	950	afm_dropout_full_woTemplates_r3_model_4_multimer_v3_pred_32.pdb	1
90	951	afm_dropout_full_woTemplates_r3_model_4_multimer_v3_pred_33.pdb	1
90	952	afm_dropout_full_woTemplates_r3_model_5_multimer_v1_pred_0.pdb	1
90	953	afm_dropout_full_woTemplates_r3_model_5_multimer_v1_pred_1.pdb	1
90	954	afm_dropout_full_woTemplates_r3_model_5_multimer_v1_pred_10.pdb	1
90	955	afm_dropout_full_woTemplates_r3_model_5_multimer_v1_pred_11.pdb	1
90	956	afm_dropout_full_woTemplates_r3_model_5_multimer_v1_pred_12.pdb	1
90	957	afm_dropout_full_woTemplates_r3_model_5_multimer_v1_pred_13.pdb	1
90	958	afm_dropout_full_woTemplates_r3_model_5_multimer_v1_pred_14.pdb	1
90	959	afm_dropout_full_woTemplates_r3_model_5_multimer_v1_pred_15.pdb	1
90	960	afm_dropout_full_woTemplates_r3_model_5_multimer_v1_pred_16.pdb	1
90	961	afm_dropout_full_woTemplates_r3_model_5_multimer_v1_pred_17.pdb	1
90	962	afm_dropout_full_woTemplates_r3_model_5_multimer_v1_pred_18.pdb	1
90	963	afm_dropout_full_woTemplates_r3_model_5_multimer_v1_pred_19.pdb	1
90	964	afm_dropout_full_woTemplates_r3_model_5_multimer_v1_pred_2.pdb	1
90	965	afm_dropout_full_woTemplates_r3_model_5_multimer_v1_pred_20.pdb	1
90	966	afm_dropout_full_woTemplates_r3_model_5_multimer_v1_pred_21.pdb	1
90	967	afm_dropout_full_woTemplates_r3_model_5_multimer_v1_pred_22.pdb	1
90	968	afm_dropout_full_woTemplates_r3_model_5_multimer_v1_pred_23.pdb	1
90	969	afm_dropout_full_woTemplates_r3_model_5_multimer_v1_pred_24.pdb	1
90	970	afm_dropout_full_woTemplates_r3_model_5_multimer_v1_pred_25.pdb	1
90	971	afm_dropout_full_woTemplates_r3_model_5_multimer_v1_pred_26.pdb	1
90	972	afm_dropout_full_woTemplates_r3_model_5_multimer_v1_pred_27.pdb	1
90	973	afm_dropout_full_woTemplates_r3_model_5_multimer_v1_pred_28.pdb	1
90	974	afm_dropout_full_woTemplates_r3_model_5_multimer_v1_pred_29.pdb	1
90	975	afm_dropout_full_woTemplates_r3_model_5_multimer_v1_pred_3.pdb	1
90	976	afm_dropout_full_woTemplates_r3_model_5_multimer_v1_pred_30.pdb	1
90	977	afm_dropout_full_woTemplates_r3_model_5_multimer_v1_pred_31.pdb	1
90	978	afm_dropout_full_woTemplates_r3_model_5_multimer_v1_pred_32.pdb	1
90	979	afm_dropout_full_woTemplates_r3_model_5_multimer_v1_pred_33.pdb	1
90	980	afm_dropout_full_woTemplates_r3_model_5_multimer_v1_pred_34.pdb	1
90	981	afm_dropout_full_woTemplates_r3_model_5_multimer_v1_pred_35.pdb	1
90	982	afm_dropout_full_woTemplates_r3_model_5_multimer_v1_pred_36.pdb	1
90	983	afm_dropout_full_woTemplates_r3_model_5_multimer_v1_pred_37.pdb	1
90	984	afm_dropout_full_woTemplates_r3_model_5_multimer_v1_pred_38.pdb	1
90	985	afm_dropout_full_woTemplates_r3_model_5_multimer_v1_pred_39.pdb	1
90	986	afm_dropout_full_woTemplates_r3_model_5_multimer_v1_pred_4.pdb	1
90	987	afm_dropout_full_woTemplates_r3_model_5_multimer_v1_pred_40.pdb	1
90	988	afm_dropout_full_woTemplates_r3_model_5_multimer_v1_pred_41.pdb	1
90	989	afm_dropout_full_woTemplates_r3_model_5_multimer_v1_pred_42.pdb	1
90	990	afm_dropout_full_woTemplates_r3_model_5_multimer_v1_pred_43.pdb	1
90	991	afm_dropout_full_woTemplates_r3_model_5_multimer_v1_pred_44.pdb	1
90	992	afm_dropout_full_woTemplates_r3_model_5_multimer_v1_pred_45.pdb	1
90	993	afm_dropout_full_woTemplates_r3_model_5_multimer_v1_pred_46.pdb	1
90	994	afm_dropout_full_woTemplates_r3_model_5_multimer_v1_pred_47.pdb	1
90	995	afm_dropout_full_woTemplates_r3_model_5_multimer_v1_pred_48.pdb	1
90	996	afm_dropout_full_woTemplates_r3_model_5_multimer_v1_pred_49.pdb	1
90	997	afm_dropout_full_woTemplates_r3_model_5_multimer_v1_pred_5.pdb	1
90	998	afm_dropout_full_woTemplates_r3_model_5_multimer_v1_pred_50.pdb	1
90	999	afm_dropout_full_woTemplates_r3_model_5_multimer_v1_pred_51.pdb	1
90	1000	afm_dropout_full_woTemplates_r3_model_5_multimer_v1_pred_52.pdb	1
90	1001	afm_dropout_full_woTemplates_r3_model_5_multimer_v1_pred_53.pdb	1
90	1002	afm_dropout_full_woTemplates_r3_model_5_multimer_v1_pred_54.pdb	1
90	1003	afm_dropout_full_woTemplates_r3_model_5_multimer_v1_pred_55.pdb	1
90	1004	afm_dropout_full_woTemplates_r3_model_5_multimer_v1_pred_56.pdb	1
90	1005	afm_dropout_full_woTemplates_r3_model_5_multimer_v1_pred_57.pdb	1
90	1006	afm_dropout_full_woTemplates_r3_model_5_multimer_v1_pred_58.pdb	1
90	1007	afm_dropout_full_woTemplates_r3_model_5_multimer_v1_pred_59.pdb	1
90	1008	afm_dropout_full_woTemplates_r3_model_5_multimer_v1_pred_6.pdb	1
90	1009	afm_dropout_full_woTemplates_r3_model_5_multimer_v1_pred_60.pdb	1
90	1010	afm_dropout_full_woTemplates_r3_model_5_multimer_v1_pred_61.pdb	1
90	1011	afm_dropout_full_woTemplates_r3_model_5_multimer_v1_pred_62.pdb	1
90	1012	afm_dropout_full_woTemplates_r3_model_5_multimer_v1_pred_63.pdb	1
90	1013	afm_dropout_full_woTemplates_r3_model_5_multimer_v1_pred_64.pdb	1
90	1014	afm_dropout_full_woTemplates_r3_model_5_multimer_v1_pred_65.pdb	1
90	1015	afm_dropout_full_woTemplates_r3_model_5_multimer_v1_pred_66.pdb	1
90	1016	afm_dropout_full_woTemplates_r3_model_5_multimer_v1_pred_7.pdb	1
90	1017	afm_dropout_full_woTemplates_r3_model_5_multimer_v1_pred_8.pdb	1
90	1018	afm_dropout_full_woTemplates_r3_model_5_multimer_v1_pred_9.pdb	1
90	1019	afm_dropout_full_woTemplates_r3_model_5_multimer_v2_pred_0.pdb	1
90	1020	afm_dropout_full_woTemplates_r3_model_5_multimer_v2_pred_10.pdb	1
90	1021	afm_dropout_full_woTemplates_r3_model_5_multimer_v2_pred_11.pdb	1
90	1022	afm_dropout_full_woTemplates_r3_model_5_multimer_v2_pred_12.pdb	1
90	1023	afm_dropout_full_woTemplates_r3_model_5_multimer_v2_pred_13.pdb	1
90	1024	afm_dropout_full_woTemplates_r3_model_5_multimer_v2_pred_14.pdb	1
90	1025	afm_dropout_full_woTemplates_r3_model_5_multimer_v2_pred_15.pdb	1
90	1026	afm_dropout_full_woTemplates_r3_model_5_multimer_v2_pred_16.pdb	1
90	1027	afm_dropout_full_woTemplates_r3_model_5_multimer_v2_pred_19.pdb	1
90	1028	afm_dropout_full_woTemplates_r3_model_5_multimer_v2_pred_20.pdb	1
90	1029	afm_dropout_full_woTemplates_r3_model_5_multimer_v2_pred_22.pdb	1
90	1030	afm_dropout_full_woTemplates_r3_model_5_multimer_v2_pred_24.pdb	1
90	1031	afm_dropout_full_woTemplates_r3_model_5_multimer_v2_pred_25.pdb	1
90	1032	afm_dropout_full_woTemplates_r3_model_5_multimer_v2_pred_27.pdb	1
90	1033	afm_dropout_full_woTemplates_r3_model_5_multimer_v2_pred_28.pdb	1
90	1034	afm_dropout_full_woTemplates_r3_model_5_multimer_v2_pred_29.pdb	1
90	1035	afm_dropout_full_woTemplates_r3_model_5_multimer_v2_pred_3.pdb	1
90	1036	afm_dropout_full_woTemplates_r3_model_5_multimer_v2_pred_30.pdb	1
90	1037	afm_dropout_full_woTemplates_r3_model_5_multimer_v2_pred_31.pdb	1
90	1038	afm_dropout_full_woTemplates_r3_model_5_multimer_v2_pred_32.pdb	1
90	1039	afm_dropout_full_woTemplates_r3_model_5_multimer_v2_pred_33.pdb	1
90	1040	afm_dropout_full_woTemplates_r3_model_5_multimer_v2_pred_34.pdb	1
90	1041	afm_dropout_full_woTemplates_r3_model_5_multimer_v2_pred_35.pdb	1
90	1042	afm_dropout_full_woTemplates_r3_model_5_multimer_v2_pred_36.pdb	1
90	1043	afm_dropout_full_woTemplates_r3_model_5_multimer_v2_pred_37.pdb	1
90	1044	afm_dropout_full_woTemplates_r3_model_5_multimer_v2_pred_38.pdb	1
90	1045	afm_dropout_full_woTemplates_r3_model_5_multimer_v2_pred_39.pdb	1
90	1046	afm_dropout_full_woTemplates_r3_model_5_multimer_v2_pred_4.pdb	1
90	1047	afm_dropout_full_woTemplates_r3_model_5_multimer_v2_pred_40.pdb	1
90	1048	afm_dropout_full_woTemplates_r3_model_5_multimer_v2_pred_41.pdb	1
90	1049	afm_dropout_full_woTemplates_r3_model_5_multimer_v2_pred_42.pdb	1
90	1050	afm_dropout_full_woTemplates_r3_model_5_multimer_v2_pred_43.pdb	1
90	1051	afm_dropout_full_woTemplates_r3_model_5_multimer_v2_pred_44.pdb	1
90	1052	afm_dropout_full_woTemplates_r3_model_5_multimer_v2_pred_45.pdb	1
90	1053	afm_dropout_full_woTemplates_r3_model_5_multimer_v2_pred_46.pdb	1
90	1054	afm_dropout_full_woTemplates_r3_model_5_multimer_v2_pred_47.pdb	1
90	1055	afm_dropout_full_woTemplates_r3_model_5_multimer_v2_pred_49.pdb	1
90	1056	afm_dropout_full_woTemplates_r3_model_5_multimer_v2_pred_5.pdb	1
90	1057	afm_dropout_full_woTemplates_r3_model_5_multimer_v2_pred_51.pdb	1
90	1058	afm_dropout_full_woTemplates_r3_model_5_multimer_v2_pred_52.pdb	1
90	1059	afm_dropout_full_woTemplates_r3_model_5_multimer_v2_pred_53.pdb	1
90	1060	afm_dropout_full_woTemplates_r3_model_5_multimer_v2_pred_54.pdb	1
90	1061	afm_dropout_full_woTemplates_r3_model_5_multimer_v2_pred_56.pdb	1
90	1062	afm_dropout_full_woTemplates_r3_model_5_multimer_v2_pred_57.pdb	1
90	1063	afm_dropout_full_woTemplates_r3_model_5_multimer_v2_pred_59.pdb	1
90	1064	afm_dropout_full_woTemplates_r3_model_5_multimer_v2_pred_6.pdb	1
90	1065	afm_dropout_full_woTemplates_r3_model_5_multimer_v2_pred_61.pdb	1
90	1066	afm_dropout_full_woTemplates_r3_model_5_multimer_v2_pred_62.pdb	1
90	1067	afm_dropout_full_woTemplates_r3_model_5_multimer_v2_pred_63.pdb	1
90	1068	afm_dropout_full_woTemplates_r3_model_5_multimer_v2_pred_64.pdb	1
90	1069	afm_dropout_full_woTemplates_r3_model_5_multimer_v2_pred_65.pdb	1
90	1070	afm_dropout_full_woTemplates_r3_model_5_multimer_v2_pred_66.pdb	1
90	1071	afm_dropout_full_woTemplates_r3_model_5_multimer_v2_pred_7.pdb	1
90	1072	afm_dropout_full_woTemplates_r3_model_5_multimer_v2_pred_8.pdb	1
90	1073	afm_dropout_full_woTemplates_r3_model_5_multimer_v2_pred_9.pdb	1
90	1074	afm_dropout_full_woTemplates_r3_model_5_multimer_v3_pred_0.pdb	1
90	1075	afm_dropout_full_woTemplates_r3_model_5_multimer_v3_pred_11.pdb	1
90	1076	afm_dropout_full_woTemplates_r3_model_5_multimer_v3_pred_12.pdb	1
90	1077	afm_dropout_full_woTemplates_r3_model_5_multimer_v3_pred_13.pdb	1
90	1078	afm_dropout_full_woTemplates_r3_model_5_multimer_v3_pred_14.pdb	1
90	1079	afm_dropout_full_woTemplates_r3_model_5_multimer_v3_pred_15.pdb	1
90	1080	afm_dropout_full_woTemplates_r3_model_5_multimer_v3_pred_16.pdb	1
90	1081	afm_dropout_full_woTemplates_r3_model_5_multimer_v3_pred_18.pdb	1
90	1082	afm_dropout_full_woTemplates_r3_model_5_multimer_v3_pred_19.pdb	1
90	1083	afm_dropout_full_woTemplates_r3_model_5_multimer_v3_pred_2.pdb	1
90	1084	afm_dropout_full_woTemplates_r3_model_5_multimer_v3_pred_20.pdb	1
90	1085	afm_dropout_full_woTemplates_r3_model_5_multimer_v3_pred_22.pdb	1
90	1086	afm_dropout_full_woTemplates_r3_model_5_multimer_v3_pred_23.pdb	1
90	1087	afm_dropout_full_woTemplates_r3_model_5_multimer_v3_pred_24.pdb	1
90	1088	afm_dropout_full_woTemplates_r3_model_5_multimer_v3_pred_25.pdb	1
90	1089	afm_dropout_full_woTemplates_r3_model_5_multimer_v3_pred_29.pdb	1
90	1090	afm_dropout_full_woTemplates_r3_model_5_multimer_v3_pred_31.pdb	1
90	1091	afm_dropout_full_woTemplates_r3_model_5_multimer_v3_pred_33.pdb	1
90	1092	afm_dropout_full_woTemplates_r3_model_5_multimer_v3_pred_35.pdb	1
90	1093	afm_dropout_full_woTemplates_r3_model_5_multimer_v3_pred_37.pdb	1
90	1094	afm_dropout_full_woTemplates_r3_model_5_multimer_v3_pred_38.pdb	1
90	1095	afm_dropout_full_woTemplates_r3_model_5_multimer_v3_pred_39.pdb	1
90	1096	afm_dropout_full_woTemplates_r3_model_5_multimer_v3_pred_4.pdb	1
90	1097	afm_dropout_full_woTemplates_r3_model_5_multimer_v3_pred_42.pdb	1
90	1098	afm_dropout_full_woTemplates_r3_model_5_multimer_v3_pred_44.pdb	1
90	1099	afm_dropout_full_woTemplates_r3_model_5_multimer_v3_pred_45.pdb	1
90	1100	afm_dropout_full_woTemplates_r3_model_5_multimer_v3_pred_46.pdb	1
90	1101	afm_dropout_full_woTemplates_r3_model_5_multimer_v3_pred_47.pdb	1
90	1102	afm_dropout_full_woTemplates_r3_model_5_multimer_v3_pred_49.pdb	1
90	1103	afm_dropout_full_woTemplates_r3_model_5_multimer_v3_pred_5.pdb	1
90	1104	afm_dropout_full_woTemplates_r3_model_5_multimer_v3_pred_51.pdb	1
90	1105	afm_dropout_full_woTemplates_r3_model_5_multimer_v3_pred_53.pdb	1
90	1106	afm_dropout_full_woTemplates_r3_model_5_multimer_v3_pred_55.pdb	1
90	1107	afm_dropout_full_woTemplates_r3_model_5_multimer_v3_pred_56.pdb	1
90	1108	afm_dropout_full_woTemplates_r3_model_5_multimer_v3_pred_59.pdb	1
90	1109	afm_dropout_full_woTemplates_r3_model_5_multimer_v3_pred_61.pdb	1
90	1110	afm_dropout_full_woTemplates_r3_model_5_multimer_v3_pred_64.pdb	1
90	1111	afm_dropout_full_woTemplates_r3_model_5_multimer_v3_pred_8.pdb	1
90	1112	afm_dropout_full_woTemplates_r3_model_5_multimer_v3_pred_9.pdb	1
90	1113	afm_dropout_noSM_woTemplates_model_1_multimer_v1_pred_0.pdb	1
90	1114	afm_dropout_noSM_woTemplates_model_1_multimer_v1_pred_1.pdb	1
90	1115	afm_dropout_noSM_woTemplates_model_1_multimer_v1_pred_10.pdb	1
90	1116	afm_dropout_noSM_woTemplates_model_1_multimer_v1_pred_11.pdb	1
90	1117	afm_dropout_noSM_woTemplates_model_1_multimer_v1_pred_12.pdb	1
90	1118	afm_dropout_noSM_woTemplates_model_1_multimer_v1_pred_13.pdb	1
90	1119	afm_dropout_noSM_woTemplates_model_1_multimer_v1_pred_14.pdb	1
90	1120	afm_dropout_noSM_woTemplates_model_1_multimer_v1_pred_17.pdb	1
90	1121	afm_dropout_noSM_woTemplates_model_1_multimer_v1_pred_19.pdb	1
90	1122	afm_dropout_noSM_woTemplates_model_1_multimer_v1_pred_2.pdb	1
90	1123	afm_dropout_noSM_woTemplates_model_1_multimer_v1_pred_20.pdb	1
90	1124	afm_dropout_noSM_woTemplates_model_1_multimer_v1_pred_21.pdb	1
90	1125	afm_dropout_noSM_woTemplates_model_1_multimer_v1_pred_22.pdb	1
90	1126	afm_dropout_noSM_woTemplates_model_1_multimer_v1_pred_23.pdb	1
90	1127	afm_dropout_noSM_woTemplates_model_1_multimer_v1_pred_25.pdb	1
90	1128	afm_dropout_noSM_woTemplates_model_1_multimer_v1_pred_26.pdb	1
90	1129	afm_dropout_noSM_woTemplates_model_1_multimer_v1_pred_27.pdb	1
90	1130	afm_dropout_noSM_woTemplates_model_1_multimer_v1_pred_29.pdb	1
90	1131	afm_dropout_noSM_woTemplates_model_1_multimer_v1_pred_3.pdb	1
90	1132	afm_dropout_noSM_woTemplates_model_1_multimer_v1_pred_30.pdb	1
90	1133	afm_dropout_noSM_woTemplates_model_1_multimer_v1_pred_32.pdb	1
90	1134	afm_dropout_noSM_woTemplates_model_1_multimer_v1_pred_33.pdb	1
90	1135	afm_dropout_noSM_woTemplates_model_1_multimer_v1_pred_34.pdb	1
90	1136	afm_dropout_noSM_woTemplates_model_1_multimer_v1_pred_35.pdb	1
90	1137	afm_dropout_noSM_woTemplates_model_1_multimer_v1_pred_36.pdb	1
90	1138	afm_dropout_noSM_woTemplates_model_1_multimer_v1_pred_37.pdb	1
90	1139	afm_dropout_noSM_woTemplates_model_1_multimer_v1_pred_38.pdb	1
90	1140	afm_dropout_noSM_woTemplates_model_1_multimer_v1_pred_39.pdb	1
90	1141	afm_dropout_noSM_woTemplates_model_1_multimer_v1_pred_4.pdb	1
90	1142	afm_dropout_noSM_woTemplates_model_1_multimer_v1_pred_40.pdb	1
90	1143	afm_dropout_noSM_woTemplates_model_1_multimer_v1_pred_42.pdb	1
90	1144	afm_dropout_noSM_woTemplates_model_1_multimer_v1_pred_43.pdb	1
90	1145	afm_dropout_noSM_woTemplates_model_1_multimer_v1_pred_44.pdb	1
90	1146	afm_dropout_noSM_woTemplates_model_1_multimer_v1_pred_45.pdb	1
90	1147	afm_dropout_noSM_woTemplates_model_1_multimer_v1_pred_46.pdb	1
90	1148	afm_dropout_noSM_woTemplates_model_1_multimer_v1_pred_47.pdb	1
90	1149	afm_dropout_noSM_woTemplates_model_1_multimer_v1_pred_48.pdb	1
90	1150	afm_dropout_noSM_woTemplates_model_1_multimer_v1_pred_49.pdb	1
90	1151	afm_dropout_noSM_woTemplates_model_1_multimer_v1_pred_5.pdb	1
90	1152	afm_dropout_noSM_woTemplates_model_1_multimer_v1_pred_50.pdb	1
90	1153	afm_dropout_noSM_woTemplates_model_1_multimer_v1_pred_51.pdb	1
90	1154	afm_dropout_noSM_woTemplates_model_1_multimer_v1_pred_52.pdb	1
90	1155	afm_dropout_noSM_woTemplates_model_1_multimer_v1_pred_53.pdb	1
90	1156	afm_dropout_noSM_woTemplates_model_1_multimer_v1_pred_54.pdb	1
90	1157	afm_dropout_noSM_woTemplates_model_1_multimer_v1_pred_55.pdb	1
90	1158	afm_dropout_noSM_woTemplates_model_1_multimer_v1_pred_56.pdb	1
90	1159	afm_dropout_noSM_woTemplates_model_1_multimer_v1_pred_57.pdb	1
90	1160	afm_dropout_noSM_woTemplates_model_1_multimer_v1_pred_58.pdb	1
90	1161	afm_dropout_noSM_woTemplates_model_1_multimer_v1_pred_59.pdb	1
90	1162	afm_dropout_noSM_woTemplates_model_1_multimer_v1_pred_6.pdb	1
90	1163	afm_dropout_noSM_woTemplates_model_1_multimer_v1_pred_60.pdb	1
90	1164	afm_dropout_noSM_woTemplates_model_1_multimer_v1_pred_61.pdb	1
90	1165	afm_dropout_noSM_woTemplates_model_1_multimer_v1_pred_62.pdb	1
90	1166	afm_dropout_noSM_woTemplates_model_1_multimer_v1_pred_63.pdb	1
90	1167	afm_dropout_noSM_woTemplates_model_1_multimer_v1_pred_64.pdb	1
90	1168	afm_dropout_noSM_woTemplates_model_1_multimer_v1_pred_65.pdb	1
90	1169	afm_dropout_noSM_woTemplates_model_1_multimer_v1_pred_66.pdb	1
90	1170	afm_dropout_noSM_woTemplates_model_1_multimer_v1_pred_7.pdb	1
90	1171	afm_dropout_noSM_woTemplates_model_1_multimer_v1_pred_8.pdb	1
90	1172	afm_dropout_noSM_woTemplates_model_1_multimer_v1_pred_9.pdb	1
90	1173	afm_dropout_noSM_woTemplates_model_1_multimer_v2_pred_45.pdb	1
90	1174	afm_dropout_noSM_woTemplates_model_1_multimer_v3_pred_28.pdb	1
90	1175	afm_dropout_noSM_woTemplates_model_1_multimer_v3_pred_37.pdb	1
90	1176	afm_dropout_noSM_woTemplates_model_2_multimer_v1_pred_1.pdb	1
90	1177	afm_dropout_noSM_woTemplates_model_2_multimer_v1_pred_12.pdb	1
90	1178	afm_dropout_noSM_woTemplates_model_2_multimer_v1_pred_15.pdb	1
90	1179	afm_dropout_noSM_woTemplates_model_2_multimer_v1_pred_18.pdb	1
90	1180	afm_dropout_noSM_woTemplates_model_2_multimer_v1_pred_19.pdb	1
90	1181	afm_dropout_noSM_woTemplates_model_2_multimer_v1_pred_20.pdb	1
90	1182	afm_dropout_noSM_woTemplates_model_2_multimer_v1_pred_22.pdb	1
90	1183	afm_dropout_noSM_woTemplates_model_2_multimer_v1_pred_25.pdb	1
90	1184	afm_dropout_noSM_woTemplates_model_2_multimer_v1_pred_27.pdb	1
90	1185	afm_dropout_noSM_woTemplates_model_2_multimer_v1_pred_29.pdb	1
90	1186	afm_dropout_noSM_woTemplates_model_2_multimer_v1_pred_30.pdb	1
90	1187	afm_dropout_noSM_woTemplates_model_2_multimer_v1_pred_31.pdb	1
90	1188	afm_dropout_noSM_woTemplates_model_2_multimer_v1_pred_32.pdb	1
90	1189	afm_dropout_noSM_woTemplates_model_2_multimer_v1_pred_33.pdb	1
90	1190	afm_dropout_noSM_woTemplates_model_2_multimer_v1_pred_36.pdb	1
90	1191	afm_dropout_noSM_woTemplates_model_2_multimer_v1_pred_37.pdb	1
90	1192	afm_dropout_noSM_woTemplates_model_2_multimer_v1_pred_41.pdb	1
90	1193	afm_dropout_noSM_woTemplates_model_2_multimer_v1_pred_42.pdb	1
90	1194	afm_dropout_noSM_woTemplates_model_2_multimer_v1_pred_43.pdb	1
90	1195	afm_dropout_noSM_woTemplates_model_2_multimer_v1_pred_45.pdb	1
90	1196	afm_dropout_noSM_woTemplates_model_2_multimer_v1_pred_47.pdb	1
90	1197	afm_dropout_noSM_woTemplates_model_2_multimer_v1_pred_48.pdb	1
90	1198	afm_dropout_noSM_woTemplates_model_2_multimer_v1_pred_52.pdb	1
90	1199	afm_dropout_noSM_woTemplates_model_2_multimer_v1_pred_54.pdb	1
90	1200	afm_dropout_noSM_woTemplates_model_2_multimer_v1_pred_55.pdb	1
90	1201	afm_dropout_noSM_woTemplates_model_2_multimer_v1_pred_57.pdb	1
90	1202	afm_dropout_noSM_woTemplates_model_2_multimer_v1_pred_58.pdb	1
90	1203	afm_dropout_noSM_woTemplates_model_2_multimer_v1_pred_6.pdb	1
90	1204	afm_dropout_noSM_woTemplates_model_2_multimer_v1_pred_60.pdb	1
90	1205	afm_dropout_noSM_woTemplates_model_2_multimer_v1_pred_62.pdb	1
90	1206	afm_dropout_noSM_woTemplates_model_2_multimer_v1_pred_64.pdb	1
90	1207	afm_dropout_noSM_woTemplates_model_2_multimer_v1_pred_65.pdb	1
90	1208	afm_dropout_noSM_woTemplates_model_2_multimer_v1_pred_66.pdb	1
90	1209	afm_dropout_noSM_woTemplates_model_2_multimer_v1_pred_7.pdb	1
90	1210	afm_dropout_noSM_woTemplates_model_2_multimer_v1_pred_8.pdb	1
90	1211	afm_dropout_noSM_woTemplates_model_2_multimer_v2_pred_12.pdb	1
90	1212	afm_dropout_noSM_woTemplates_model_2_multimer_v2_pred_21.pdb	1
90	1213	afm_dropout_noSM_woTemplates_model_2_multimer_v2_pred_27.pdb	1
90	1214	afm_dropout_noSM_woTemplates_model_3_multimer_v1_pred_27.pdb	1
90	1215	afm_dropout_noSM_woTemplates_model_3_multimer_v1_pred_5.pdb	1
90	1216	afm_dropout_noSM_woTemplates_model_3_multimer_v1_pred_51.pdb	1
90	1217	afm_dropout_noSM_woTemplates_model_3_multimer_v1_pred_55.pdb	1
90	1218	afm_dropout_noSM_woTemplates_model_3_multimer_v1_pred_58.pdb	1
90	1219	afm_dropout_noSM_woTemplates_model_3_multimer_v1_pred_60.pdb	1
90	1220	afm_dropout_noSM_woTemplates_model_3_multimer_v1_pred_65.pdb	1
90	1221	afm_dropout_noSM_woTemplates_model_3_multimer_v1_pred_7.pdb	1
90	1222	afm_dropout_noSM_woTemplates_model_3_multimer_v2_pred_43.pdb	1
90	1223	afm_dropout_noSM_woTemplates_model_3_multimer_v3_pred_0.pdb	1
90	1224	afm_dropout_noSM_woTemplates_model_3_multimer_v3_pred_18.pdb	1
90	1225	afm_dropout_noSM_woTemplates_model_4_multimer_v1_pred_10.pdb	1
90	1226	afm_dropout_noSM_woTemplates_model_4_multimer_v1_pred_11.pdb	1
90	1227	afm_dropout_noSM_woTemplates_model_4_multimer_v1_pred_12.pdb	1
90	1228	afm_dropout_noSM_woTemplates_model_4_multimer_v1_pred_16.pdb	1
90	1229	afm_dropout_noSM_woTemplates_model_4_multimer_v1_pred_17.pdb	1
90	1230	afm_dropout_noSM_woTemplates_model_4_multimer_v1_pred_18.pdb	1
90	1231	afm_dropout_noSM_woTemplates_model_4_multimer_v1_pred_20.pdb	1
90	1232	afm_dropout_noSM_woTemplates_model_4_multimer_v1_pred_26.pdb	1
90	1233	afm_dropout_noSM_woTemplates_model_4_multimer_v1_pred_29.pdb	1
90	1234	afm_dropout_noSM_woTemplates_model_4_multimer_v1_pred_34.pdb	1
90	1235	afm_dropout_noSM_woTemplates_model_4_multimer_v1_pred_35.pdb	1
90	1236	afm_dropout_noSM_woTemplates_model_4_multimer_v1_pred_36.pdb	1
90	1237	afm_dropout_noSM_woTemplates_model_4_multimer_v1_pred_37.pdb	1
90	1238	afm_dropout_noSM_woTemplates_model_4_multimer_v1_pred_45.pdb	1
90	1239	afm_dropout_noSM_woTemplates_model_4_multimer_v1_pred_46.pdb	1
90	1240	afm_dropout_noSM_woTemplates_model_4_multimer_v1_pred_47.pdb	1
90	1241	afm_dropout_noSM_woTemplates_model_4_multimer_v1_pred_5.pdb	1
90	1242	afm_dropout_noSM_woTemplates_model_4_multimer_v1_pred_51.pdb	1
90	1243	afm_dropout_noSM_woTemplates_model_4_multimer_v1_pred_54.pdb	1
90	1244	afm_dropout_noSM_woTemplates_model_4_multimer_v1_pred_55.pdb	1
90	1245	afm_dropout_noSM_woTemplates_model_4_multimer_v1_pred_56.pdb	1
90	1246	afm_dropout_noSM_woTemplates_model_4_multimer_v1_pred_57.pdb	1
90	1247	afm_dropout_noSM_woTemplates_model_4_multimer_v1_pred_58.pdb	1
90	1248	afm_dropout_noSM_woTemplates_model_4_multimer_v1_pred_59.pdb	1
90	1249	afm_dropout_noSM_woTemplates_model_4_multimer_v1_pred_6.pdb	1
90	1250	afm_dropout_noSM_woTemplates_model_4_multimer_v1_pred_64.pdb	1
90	1251	afm_dropout_noSM_woTemplates_model_4_multimer_v1_pred_66.pdb	1
90	1252	afm_dropout_noSM_woTemplates_model_4_multimer_v1_pred_8.pdb	1
90	1253	afm_dropout_noSM_woTemplates_model_4_multimer_v2_pred_44.pdb	1
90	1254	afm_dropout_noSM_woTemplates_model_4_multimer_v2_pred_9.pdb	1
90	1255	afm_dropout_noSM_woTemplates_model_5_multimer_v1_pred_0.pdb	1
90	1256	afm_dropout_noSM_woTemplates_model_5_multimer_v1_pred_1.pdb	1
90	1257	afm_dropout_noSM_woTemplates_model_5_multimer_v1_pred_10.pdb	1
90	1258	afm_dropout_noSM_woTemplates_model_5_multimer_v1_pred_11.pdb	1
90	1259	afm_dropout_noSM_woTemplates_model_5_multimer_v1_pred_12.pdb	1
90	1260	afm_dropout_noSM_woTemplates_model_5_multimer_v1_pred_13.pdb	1
90	1261	afm_dropout_noSM_woTemplates_model_5_multimer_v1_pred_14.pdb	1
90	1262	afm_dropout_noSM_woTemplates_model_5_multimer_v1_pred_15.pdb	1
90	1263	afm_dropout_noSM_woTemplates_model_5_multimer_v1_pred_16.pdb	1
90	1264	afm_dropout_noSM_woTemplates_model_5_multimer_v1_pred_19.pdb	1
90	1265	afm_dropout_noSM_woTemplates_model_5_multimer_v1_pred_2.pdb	1
90	1266	afm_dropout_noSM_woTemplates_model_5_multimer_v1_pred_20.pdb	1
90	1267	afm_dropout_noSM_woTemplates_model_5_multimer_v1_pred_21.pdb	1
90	1268	afm_dropout_noSM_woTemplates_model_5_multimer_v1_pred_22.pdb	1
90	1269	afm_dropout_noSM_woTemplates_model_5_multimer_v1_pred_23.pdb	1
90	1270	afm_dropout_noSM_woTemplates_model_5_multimer_v1_pred_24.pdb	1
90	1271	afm_dropout_noSM_woTemplates_model_5_multimer_v1_pred_25.pdb	1
90	1272	afm_dropout_noSM_woTemplates_model_5_multimer_v1_pred_26.pdb	1
90	1273	afm_dropout_noSM_woTemplates_model_5_multimer_v1_pred_27.pdb	1
90	1274	afm_dropout_noSM_woTemplates_model_5_multimer_v1_pred_28.pdb	1
90	1275	afm_dropout_noSM_woTemplates_model_5_multimer_v1_pred_29.pdb	1
90	1276	afm_dropout_noSM_woTemplates_model_5_multimer_v1_pred_3.pdb	1
90	1277	afm_dropout_noSM_woTemplates_model_5_multimer_v1_pred_30.pdb	1
90	1278	afm_dropout_noSM_woTemplates_model_5_multimer_v1_pred_31.pdb	1
90	1279	afm_dropout_noSM_woTemplates_model_5_multimer_v1_pred_32.pdb	1
90	1280	afm_dropout_noSM_woTemplates_model_5_multimer_v1_pred_33.pdb	1
90	1281	afm_dropout_noSM_woTemplates_model_5_multimer_v1_pred_34.pdb	1
90	1282	afm_dropout_noSM_woTemplates_model_5_multimer_v1_pred_35.pdb	1
90	1283	afm_dropout_noSM_woTemplates_model_5_multimer_v1_pred_36.pdb	1
90	1284	afm_dropout_noSM_woTemplates_model_5_multimer_v1_pred_37.pdb	1
90	1285	afm_dropout_noSM_woTemplates_model_5_multimer_v1_pred_38.pdb	1
90	1286	afm_dropout_noSM_woTemplates_model_5_multimer_v1_pred_39.pdb	1
90	1287	afm_dropout_noSM_woTemplates_model_5_multimer_v1_pred_4.pdb	1
90	1288	afm_dropout_noSM_woTemplates_model_5_multimer_v1_pred_40.pdb	1
90	1289	afm_dropout_noSM_woTemplates_model_5_multimer_v1_pred_41.pdb	1
90	1290	afm_dropout_noSM_woTemplates_model_5_multimer_v1_pred_42.pdb	1
90	1291	afm_dropout_noSM_woTemplates_model_5_multimer_v1_pred_43.pdb	1
90	1292	afm_dropout_noSM_woTemplates_model_5_multimer_v1_pred_45.pdb	1
90	1293	afm_dropout_noSM_woTemplates_model_5_multimer_v1_pred_46.pdb	1
90	1294	afm_dropout_noSM_woTemplates_model_5_multimer_v1_pred_47.pdb	1
90	1295	afm_dropout_noSM_woTemplates_model_5_multimer_v1_pred_48.pdb	1
90	1296	afm_dropout_noSM_woTemplates_model_5_multimer_v1_pred_49.pdb	1
90	1297	afm_dropout_noSM_woTemplates_model_5_multimer_v1_pred_5.pdb	1
90	1298	afm_dropout_noSM_woTemplates_model_5_multimer_v1_pred_50.pdb	1
90	1299	afm_dropout_noSM_woTemplates_model_5_multimer_v1_pred_51.pdb	1
90	1300	afm_dropout_noSM_woTemplates_model_5_multimer_v1_pred_52.pdb	1
90	1301	afm_dropout_noSM_woTemplates_model_5_multimer_v1_pred_53.pdb	1
90	1302	afm_dropout_noSM_woTemplates_model_5_multimer_v1_pred_54.pdb	1
90	1303	afm_dropout_noSM_woTemplates_model_5_multimer_v1_pred_55.pdb	1
90	1304	afm_dropout_noSM_woTemplates_model_5_multimer_v1_pred_56.pdb	1
90	1305	afm_dropout_noSM_woTemplates_model_5_multimer_v1_pred_57.pdb	1
90	1306	afm_dropout_noSM_woTemplates_model_5_multimer_v1_pred_58.pdb	1
90	1307	afm_dropout_noSM_woTemplates_model_5_multimer_v1_pred_59.pdb	1
90	1308	afm_dropout_noSM_woTemplates_model_5_multimer_v1_pred_6.pdb	1
90	1309	afm_dropout_noSM_woTemplates_model_5_multimer_v1_pred_60.pdb	1
90	1310	afm_dropout_noSM_woTemplates_model_5_multimer_v1_pred_61.pdb	1
90	1311	afm_dropout_noSM_woTemplates_model_5_multimer_v1_pred_62.pdb	1
90	1312	afm_dropout_noSM_woTemplates_model_5_multimer_v1_pred_63.pdb	1
90	1313	afm_dropout_noSM_woTemplates_model_5_multimer_v1_pred_64.pdb	1
90	1314	afm_dropout_noSM_woTemplates_model_5_multimer_v1_pred_65.pdb	1
90	1315	afm_dropout_noSM_woTemplates_model_5_multimer_v1_pred_66.pdb	1
90	1316	afm_dropout_noSM_woTemplates_model_5_multimer_v1_pred_7.pdb	1
90	1317	afm_dropout_noSM_woTemplates_model_5_multimer_v1_pred_8.pdb	1
90	1318	afm_dropout_noSM_woTemplates_model_5_multimer_v1_pred_9.pdb	1
90	1319	afm_dropout_noSM_woTemplates_model_5_multimer_v2_pred_1.pdb	1
90	1320	afm_dropout_noSM_woTemplates_model_5_multimer_v2_pred_11.pdb	1
90	1321	afm_dropout_noSM_woTemplates_model_5_multimer_v2_pred_14.pdb	1
90	1322	afm_dropout_noSM_woTemplates_model_5_multimer_v2_pred_15.pdb	1
90	1323	afm_dropout_noSM_woTemplates_model_5_multimer_v2_pred_17.pdb	1
90	1324	afm_dropout_noSM_woTemplates_model_5_multimer_v2_pred_19.pdb	1
90	1325	afm_dropout_noSM_woTemplates_model_5_multimer_v2_pred_27.pdb	1
90	1326	afm_dropout_noSM_woTemplates_model_5_multimer_v2_pred_31.pdb	1
90	1327	afm_dropout_noSM_woTemplates_model_5_multimer_v2_pred_34.pdb	1
90	1328	afm_dropout_noSM_woTemplates_model_5_multimer_v2_pred_36.pdb	1
90	1329	afm_dropout_noSM_woTemplates_model_5_multimer_v2_pred_38.pdb	1
90	1330	afm_dropout_noSM_woTemplates_model_5_multimer_v2_pred_40.pdb	1
90	1331	afm_dropout_noSM_woTemplates_model_5_multimer_v2_pred_42.pdb	1
90	1332	afm_dropout_noSM_woTemplates_model_5_multimer_v2_pred_47.pdb	1
90	1333	afm_dropout_noSM_woTemplates_model_5_multimer_v2_pred_48.pdb	1
90	1334	afm_dropout_noSM_woTemplates_model_5_multimer_v2_pred_49.pdb	1
90	1335	afm_dropout_noSM_woTemplates_model_5_multimer_v2_pred_5.pdb	1
90	1336	afm_dropout_noSM_woTemplates_model_5_multimer_v2_pred_50.pdb	1
90	1337	afm_dropout_noSM_woTemplates_model_5_multimer_v2_pred_52.pdb	1
90	1338	afm_dropout_noSM_woTemplates_model_5_multimer_v2_pred_53.pdb	1
90	1339	afm_dropout_noSM_woTemplates_model_5_multimer_v2_pred_56.pdb	1
90	1340	afm_dropout_noSM_woTemplates_model_5_multimer_v2_pred_57.pdb	1
90	1341	afm_dropout_noSM_woTemplates_model_5_multimer_v2_pred_63.pdb	1
90	1342	afm_dropout_noSM_woTemplates_model_5_multimer_v2_pred_65.pdb	1
90	1343	afm_dropout_noSM_woTemplates_model_5_multimer_v2_pred_8.pdb	1
90	1344	afm_woTemplates_model_1_multimer_v1_pred_18.pdb	1
90	1345	afm_woTemplates_model_1_multimer_v1_pred_19.pdb	1
90	1346	afm_woTemplates_model_1_multimer_v1_pred_22.pdb	1
90	1347	afm_woTemplates_model_1_multimer_v1_pred_24.pdb	1
90	1348	afm_woTemplates_model_1_multimer_v1_pred_27.pdb	1
90	1349	afm_woTemplates_model_1_multimer_v1_pred_33.pdb	1
90	1350	afm_woTemplates_model_1_multimer_v1_pred_34.pdb	1
90	1351	afm_woTemplates_model_1_multimer_v1_pred_38.pdb	1
90	1352	afm_woTemplates_model_1_multimer_v1_pred_40.pdb	1
90	1353	afm_woTemplates_model_1_multimer_v1_pred_42.pdb	1
90	1354	afm_woTemplates_model_1_multimer_v1_pred_45.pdb	1
90	1355	afm_woTemplates_model_1_multimer_v1_pred_49.pdb	1
90	1356	afm_woTemplates_model_1_multimer_v1_pred_5.pdb	1
90	1357	afm_woTemplates_model_1_multimer_v1_pred_50.pdb	1
90	1358	afm_woTemplates_model_1_multimer_v1_pred_55.pdb	1
90	1359	afm_woTemplates_model_1_multimer_v1_pred_57.pdb	1
90	1360	afm_woTemplates_model_1_multimer_v1_pred_58.pdb	1
90	1361	afm_woTemplates_model_1_multimer_v1_pred_61.pdb	1
90	1362	afm_woTemplates_model_1_multimer_v1_pred_62.pdb	1
90	1363	afm_woTemplates_model_1_multimer_v1_pred_65.pdb	1
90	1364	afm_woTemplates_model_1_multimer_v2_pred_12.pdb	1
90	1365	afm_woTemplates_model_2_multimer_v1_pred_10.pdb	1
90	1366	afm_woTemplates_model_2_multimer_v1_pred_12.pdb	1
90	1367	afm_woTemplates_model_2_multimer_v1_pred_14.pdb	1
90	1368	afm_woTemplates_model_2_multimer_v1_pred_19.pdb	1
90	1369	afm_woTemplates_model_2_multimer_v1_pred_2.pdb	1
90	1370	afm_woTemplates_model_2_multimer_v1_pred_26.pdb	1
90	1371	afm_woTemplates_model_2_multimer_v1_pred_3.pdb	1
90	1372	afm_woTemplates_model_2_multimer_v1_pred_30.pdb	1
90	1373	afm_woTemplates_model_2_multimer_v1_pred_33.pdb	1
90	1374	afm_woTemplates_model_2_multimer_v1_pred_37.pdb	1
90	1375	afm_woTemplates_model_2_multimer_v1_pred_43.pdb	1
90	1376	afm_woTemplates_model_2_multimer_v1_pred_44.pdb	1
90	1377	afm_woTemplates_model_2_multimer_v1_pred_46.pdb	1
90	1378	afm_woTemplates_model_2_multimer_v1_pred_47.pdb	1
90	1379	afm_woTemplates_model_2_multimer_v1_pred_50.pdb	1
90	1380	afm_woTemplates_model_2_multimer_v1_pred_51.pdb	1
90	1381	afm_woTemplates_model_2_multimer_v1_pred_52.pdb	1
90	1382	afm_woTemplates_model_2_multimer_v1_pred_54.pdb	1
90	1383	afm_woTemplates_model_2_multimer_v1_pred_6.pdb	1
90	1384	afm_woTemplates_model_2_multimer_v1_pred_63.pdb	1
90	1385	afm_woTemplates_model_2_multimer_v1_pred_65.pdb	1
90	1386	afm_woTemplates_model_2_multimer_v1_pred_66.pdb	1
90	1387	afm_woTemplates_model_3_multimer_v1_pred_10.pdb	1
90	1388	afm_woTemplates_model_3_multimer_v1_pred_14.pdb	1
90	1389	afm_woTemplates_model_3_multimer_v1_pred_2.pdb	1
90	1390	afm_woTemplates_model_3_multimer_v1_pred_24.pdb	1
90	1391	afm_woTemplates_model_3_multimer_v1_pred_27.pdb	1
90	1392	afm_woTemplates_model_3_multimer_v1_pred_35.pdb	1
90	1393	afm_woTemplates_model_3_multimer_v1_pred_48.pdb	1
90	1394	afm_woTemplates_model_3_multimer_v1_pred_54.pdb	1
90	1395	afm_woTemplates_model_3_multimer_v1_pred_55.pdb	1
90	1396	afm_woTemplates_model_3_multimer_v1_pred_57.pdb	1
90	1397	afm_woTemplates_model_3_multimer_v1_pred_63.pdb	1
90	1398	afm_woTemplates_model_3_multimer_v3_pred_64.pdb	1
90	1399	afm_woTemplates_model_4_multimer_v1_pred_15.pdb	1
90	1400	afm_woTemplates_model_4_multimer_v1_pred_18.pdb	1
90	1401	afm_woTemplates_model_4_multimer_v1_pred_25.pdb	1
90	1402	afm_woTemplates_model_4_multimer_v1_pred_33.pdb	1
90	1403	afm_woTemplates_model_4_multimer_v1_pred_44.pdb	1
90	1404	afm_woTemplates_model_4_multimer_v2_pred_26.pdb	1
90	1405	afm_woTemplates_model_4_multimer_v3_pred_65.pdb	1
90	1406	afm_woTemplates_model_5_multimer_v1_pred_1.pdb	1
90	1407	afm_woTemplates_model_5_multimer_v1_pred_10.pdb	1
90	1408	afm_woTemplates_model_5_multimer_v1_pred_15.pdb	1
90	1409	afm_woTemplates_model_5_multimer_v1_pred_17.pdb	1
90	1410	afm_woTemplates_model_5_multimer_v1_pred_22.pdb	1
90	1411	afm_woTemplates_model_5_multimer_v1_pred_23.pdb	1
90	1412	afm_woTemplates_model_5_multimer_v1_pred_24.pdb	1
90	1413	afm_woTemplates_model_5_multimer_v1_pred_25.pdb	1
90	1414	afm_woTemplates_model_5_multimer_v1_pred_28.pdb	1
90	1415	afm_woTemplates_model_5_multimer_v1_pred_29.pdb	1
90	1416	afm_woTemplates_model_5_multimer_v1_pred_30.pdb	1
90	1417	afm_woTemplates_model_5_multimer_v1_pred_33.pdb	1
90	1418	afm_woTemplates_model_5_multimer_v1_pred_38.pdb	1
90	1419	afm_woTemplates_model_5_multimer_v1_pred_42.pdb	1
90	1420	afm_woTemplates_model_5_multimer_v1_pred_43.pdb	1
90	1421	afm_woTemplates_model_5_multimer_v1_pred_5.pdb	1
90	1422	afm_woTemplates_model_5_multimer_v1_pred_51.pdb	1
90	1423	afm_woTemplates_model_5_multimer_v1_pred_53.pdb	1
90	1424	afm_woTemplates_model_5_multimer_v1_pred_54.pdb	1
90	1425	afm_woTemplates_model_5_multimer_v1_pred_56.pdb	1
90	1426	afm_woTemplates_model_5_multimer_v1_pred_6.pdb	1
90	1427	afm_woTemplates_model_5_multimer_v1_pred_60.pdb	1
90	1428	afm_woTemplates_model_5_multimer_v1_pred_62.pdb	1
90	1429	afm_woTemplates_model_5_multimer_v1_pred_63.pdb	1
90	1430	afm_woTemplates_model_5_multimer_v1_pred_65.pdb	1
90	1431	afm_woTemplates_model_5_multimer_v1_pred_7.pdb	1
90	1432	afm_woTemplates_model_5_multimer_v2_pred_26.pdb	1
90	1433	afm_woTemplates_model_5_multimer_v2_pred_41.pdb	1
90	1434	afm_woTemplates_model_5_multimer_v2_pred_56.pdb	1
90	1435	cf_dropout_full_woTemplates_model_1_multimer_v1_pred_20.pdb	1
90	1436	cf_dropout_full_woTemplates_model_1_multimer_v1_pred_22.pdb	1
90	1437	cf_dropout_full_woTemplates_model_1_multimer_v1_pred_3.pdb	1
90	1438	cf_dropout_full_woTemplates_model_1_multimer_v1_pred_40.pdb	1
90	1439	cf_dropout_full_woTemplates_model_1_multimer_v1_pred_41.pdb	1
90	1440	cf_dropout_full_woTemplates_model_1_multimer_v1_pred_49.pdb	1
90	1441	cf_dropout_full_woTemplates_model_1_multimer_v1_pred_51.pdb	1
90	1442	cf_dropout_full_woTemplates_model_1_multimer_v1_pred_55.pdb	1
90	1443	cf_dropout_full_woTemplates_model_1_multimer_v1_pred_58.pdb	1
90	1444	cf_dropout_full_woTemplates_model_1_multimer_v1_pred_66.pdb	1
90	1445	cf_dropout_full_woTemplates_model_1_multimer_v2_pred_35.pdb	1
90	1446	cf_dropout_full_woTemplates_model_1_multimer_v2_pred_47.pdb	1
90	1447	cf_dropout_full_woTemplates_model_1_multimer_v2_pred_5.pdb	1
90	1448	cf_dropout_full_woTemplates_model_2_multimer_v1_pred_15.pdb	1
90	1449	cf_dropout_full_woTemplates_model_2_multimer_v1_pred_20.pdb	1
90	1450	cf_dropout_full_woTemplates_model_2_multimer_v1_pred_23.pdb	1
90	1451	cf_dropout_full_woTemplates_model_2_multimer_v1_pred_3.pdb	1
90	1452	cf_dropout_full_woTemplates_model_2_multimer_v1_pred_32.pdb	1
90	1453	cf_dropout_full_woTemplates_model_2_multimer_v1_pred_38.pdb	1
90	1454	cf_dropout_full_woTemplates_model_2_multimer_v1_pred_42.pdb	1
90	1455	cf_dropout_full_woTemplates_model_2_multimer_v1_pred_45.pdb	1
90	1456	cf_dropout_full_woTemplates_model_2_multimer_v1_pred_47.pdb	1
90	1457	cf_dropout_full_woTemplates_model_2_multimer_v1_pred_51.pdb	1
90	1458	cf_dropout_full_woTemplates_model_2_multimer_v1_pred_55.pdb	1
90	1459	cf_dropout_full_woTemplates_model_2_multimer_v1_pred_66.pdb	1
90	1460	cf_dropout_full_woTemplates_model_2_multimer_v2_pred_26.pdb	1
90	1461	cf_dropout_full_woTemplates_model_2_multimer_v2_pred_57.pdb	1
90	1462	cf_dropout_full_woTemplates_model_3_multimer_v1_pred_1.pdb	1
90	1463	cf_dropout_full_woTemplates_model_3_multimer_v1_pred_17.pdb	1
90	1464	cf_dropout_full_woTemplates_model_3_multimer_v1_pred_23.pdb	1
90	1465	cf_dropout_full_woTemplates_model_3_multimer_v1_pred_24.pdb	1
90	1466	cf_dropout_full_woTemplates_model_3_multimer_v1_pred_27.pdb	1
90	1467	cf_dropout_full_woTemplates_model_3_multimer_v1_pred_28.pdb	1
90	1468	cf_dropout_full_woTemplates_model_3_multimer_v1_pred_39.pdb	1
90	1469	cf_dropout_full_woTemplates_model_3_multimer_v1_pred_58.pdb	1
90	1470	cf_dropout_full_woTemplates_model_3_multimer_v1_pred_59.pdb	1
90	1471	cf_dropout_full_woTemplates_model_3_multimer_v1_pred_6.pdb	1
90	1472	cf_dropout_full_woTemplates_model_3_multimer_v2_pred_47.pdb	1
90	1473	cf_dropout_full_woTemplates_model_4_multimer_v2_pred_35.pdb	1
90	1474	cf_dropout_full_woTemplates_model_5_multimer_v1_pred_0.pdb	1
90	1475	cf_dropout_full_woTemplates_model_5_multimer_v1_pred_10.pdb	1
90	1476	cf_dropout_full_woTemplates_model_5_multimer_v1_pred_12.pdb	1
90	1477	cf_dropout_full_woTemplates_model_5_multimer_v1_pred_16.pdb	1
90	1478	cf_dropout_full_woTemplates_model_5_multimer_v1_pred_19.pdb	1
90	1479	cf_dropout_full_woTemplates_model_5_multimer_v1_pred_20.pdb	1
90	1480	cf_dropout_full_woTemplates_model_5_multimer_v1_pred_23.pdb	1
90	1481	cf_dropout_full_woTemplates_model_5_multimer_v1_pred_36.pdb	1
90	1482	cf_dropout_full_woTemplates_model_5_multimer_v1_pred_37.pdb	1
90	1483	cf_dropout_full_woTemplates_model_5_multimer_v1_pred_38.pdb	1
90	1484	cf_dropout_full_woTemplates_model_5_multimer_v1_pred_40.pdb	1
90	1485	cf_dropout_full_woTemplates_model_5_multimer_v1_pred_41.pdb	1
90	1486	cf_dropout_full_woTemplates_model_5_multimer_v1_pred_43.pdb	1
90	1487	cf_dropout_full_woTemplates_model_5_multimer_v1_pred_45.pdb	1
90	1488	cf_dropout_full_woTemplates_model_5_multimer_v1_pred_48.pdb	1
90	1489	cf_dropout_full_woTemplates_model_5_multimer_v1_pred_53.pdb	1
90	1490	cf_dropout_full_woTemplates_model_5_multimer_v1_pred_56.pdb	1
90	1491	cf_dropout_full_woTemplates_model_5_multimer_v1_pred_59.pdb	1
90	1492	cf_dropout_full_woTemplates_model_5_multimer_v1_pred_64.pdb	1
90	1493	cf_dropout_full_woTemplates_model_5_multimer_v2_pred_66.pdb	1
90	1494	cf_woTemplates_model_1_multimer_v1_pred_1.pdb	1
90	1495	cf_woTemplates_model_1_multimer_v1_pred_37.pdb	1
90	1496	cf_woTemplates_model_1_multimer_v1_pred_41.pdb	1
90	1497	cf_woTemplates_model_1_multimer_v1_pred_43.pdb	1
90	1498	cf_woTemplates_model_1_multimer_v1_pred_45.pdb	1
90	1499	cf_woTemplates_model_1_multimer_v1_pred_54.pdb	1
90	1500	cf_woTemplates_model_3_multimer_v1_pred_25.pdb	1
90	1501	cf_woTemplates_model_3_multimer_v1_pred_31.pdb	1
90	1502	cf_woTemplates_model_3_multimer_v1_pred_53.pdb	1
90	1503	cf_woTemplates_model_3_multimer_v2_pred_65.pdb	1
90	1504	cf_woTemplates_model_4_multimer_v1_pred_65.pdb	1
90	1505	cf_woTemplates_model_5_multimer_v1_pred_2.pdb	1
90	1506	cf_woTemplates_model_5_multimer_v1_pred_30.pdb	1
90	1507	cf_woTemplates_model_5_multimer_v1_pred_59.pdb	1
90	1508	cf_woTemplates_model_5_multimer_v1_pred_61.pdb	1
90	1509	cf_woTemplates_model_5_multimer_v1_pred_65.pdb	1
90	1510	cf_woTemplates_model_5_multimer_v1_pred_8.pdb	1
90	1511	cf_woTemplates_model_5_multimer_v3_pred_20.pdb	1

