target	model	t_id	m_id	residue_residue_cadscore	residue_residue_F1_of_areas	residue_residue_target_area	residue_residue_model_area	residue_residue_TP_area	residue_residue_FP_area	residue_residue_FN_area	chain_chain_cadscore	chain_chain_F1_of_areas	chain_chain_target_area	chain_chain_model_area	chain_chain_TP_area	chain_chain_FP_area	chain_chain_FN_area	renaming_of_model_chains	identity_of_residues	identity_of_atoms	identity_of_chains
9DXD-assembly1.cif	M1239v2TS462_3	214	201	0.497511	0.548492	5054.332747	3749.665958	2976.369537	2822.216258	2077.96321	0.824478	0.918257	5054.332747	5798.585794	4982.884937	815.700857	71.44781	A=K,B=B,C=C,D=D,E=E,F=F,G=G,H=H,I=I,J=J,K=A,L=L	100	100	100
9DXD-assembly1.cif	M1239v1TS294_1	214	68	0.483812	0.514824	5054.332747	3733.2022	2921.309629	3373.128205	2133.023118	0.73992	0.88417	5054.332747	6294.437834	5017.1199	1277.317933	37.212847	A=K,B=B,C=C,D=D,E=E,F=F,G=G,H=H,I=I,J=J,K=A,L=L	100	100	100
9DXD-assembly1.cif	M1239v2TS489_1	214	209	0.480248	0.502409	5054.332747	3723.063009	2905.282441	3605.801974	2149.050306	0.707545	0.872191	5054.332747	6511.084415	5043.625108	1467.459307	10.707639	A=A,B=B,C=C,D=D,E=E,F=F,G=G,H=H,I=I,J=J,K=K,L=L	100	100	100
9DXD-assembly1.cif	M1239v2TS462_4	214	202	0.477144	0.529586	5054.332747	3786.357251	2935.118286	3095.128295	2119.214461	0.793107	0.905661	5054.332747	6030.246581	5019.436224	1010.810357	34.896523	A=L,B=B,C=C,D=D,E=E,F=A,G=G,H=H,I=I,J=J,K=F,L=K	100	100	100
9DXD-assembly1.cif	M1239v1TS231_2	214	42	0.474878	0.498745	5054.332747	3818.349565	2956.030545	3843.504732	2098.302202	0.6371	0.845264	5054.332747	6799.535277	5009.824637	1789.71064	44.50811	A=F,B=B,C=C,D=D,E=E,F=K,G=G,H=H,I=I,J=J,K=L,L=A	100	100	100
9DXD-assembly1.cif	M1239v2TS489_2	214	210	0.470418	0.5036	5054.332747	3606.123117	2812.382771	3302.393743	2241.949976	0.790191	0.905056	5054.332747	6114.776513	5054.332747	1060.443766	0	A=A,B=B,C=C,D=D,E=E,F=F,G=G,H=H,I=I,J=J,K=K,L=L	100	100	100
9DXD-assembly1.cif	M1239v1TS028_5	214	10	0.466548	0.50663	5054.332747	3668.472981	2814.808479	3242.747446	2239.524268	0.798674	0.908425	5054.332747	6057.555926	5047.160231	1010.395695	7.172516	A=K,B=B,C=C,D=D,E=E,F=F,G=G,H=H,I=I,J=J,K=A,L=L	100	100	100
9DXD-assembly1.cif	M1239v2TS110_5	214	130	0.466546	0.506628	5054.332747	3668.402717	2814.778777	3242.701877	2239.55397	0.798683	0.908429	5054.332747	6057.480654	5047.144741	1010.335913	7.188006	A=K,B=B,C=C,D=D,E=E,F=F,G=G,H=H,I=I,J=J,K=A,L=L	100	100	100
9DXD-assembly1.cif	M1239v2TS262_1	214	163	0.462063	0.509847	5054.332747	3754.354467	2883.044492	3372.083396	2171.288255	0.741894	0.88465	5054.332747	6255.127888	5002.454363	1252.673524	51.878384	A=A,B=B,C=C,D=D,E=E,F=L,G=G,H=H,I=I,J=J,K=K,L=F	100	100	100
9DXD-assembly1.cif	M1239v2TS262_3	214	165	0.461915	0.509988	5054.332747	3757.647733	2884.369138	3372.823673	2169.96361	0.741486	0.884488	5054.332747	6257.19281	5002.454363	1254.738447	51.878384	A=A,B=B,C=C,D=D,E=E,F=L,G=G,H=H,I=I,J=J,K=K,L=F	100	100	100
9DXD-assembly1.cif	M1239v2TS262_5	214	167	0.461678	0.509787	5054.332747	3753.59196	2882.034577	3370.452285	2172.298171	0.742417	0.884856	5054.332747	6252.486861	5002.454363	1250.032498	51.878384	A=A,B=B,C=C,D=D,E=E,F=L,G=G,H=H,I=I,J=J,K=K,L=F	100	100	100
9DXD-assembly1.cif	M1239v1TS231_1	214	41	0.454945	0.476152	5054.332747	3732.922949	2854.6829	4081.613266	2199.649847	0.610957	0.836009	5054.332747	6936.296166	5012.137202	1924.158964	42.195545	A=L,B=B,C=C,D=D,E=E,F=A,G=G,H=H,I=I,J=J,K=F,L=K	100	100	100
9DXF-assembly1.cif	M1239v2TS462_3	215	201	0.4244	0.478592	5089.68122	3369.488583	2605.518425	3193.067369	2484.162795	0.860717	0.934893	5089.68122	5798.585794	5089.68122	708.904575	0	A=F,B=B,C=C,D=D,E=E,F=L,G=G,H=H,I=I,J=J,K=K,L=A	100	100	100
9DXF-assembly1.cif	M1239v2TS489_1	215	209	0.41063	0.433911	5089.68122	3260.044	2516.850316	3994.234099	2572.830903	0.720728	0.877473	5089.68122	6511.084415	5089.68122	1421.403195	0	A=A,B=B,C=C,D=D,E=E,F=F,G=G,H=H,I=I,J=J,K=L,L=K	100	100	100
9DXD-assembly1.cif	M1239v2TS489_5	214	213	0.406258	0.486044	5054.332747	2974.251891	2400.351005	2422.4197	2653.981742	0.699551	0.846253	5054.332747	4822.770704	4179.266401	643.504304	875.066347	A=F,B=B,C=C,D=D,E=E,F=K,G=G,H=H,I=I,J=J,K=L,L=A	100	100	100
9DXF-assembly1.cif	M1239v2TS489_2	215	210	0.406253	0.443094	5089.68122	3222.870491	2482.311911	3632.464602	2607.369308	0.798593	0.90851	5089.68122	6114.776513	5089.68122	1025.095294	0	A=L,B=B,C=C,D=D,E=E,F=K,G=G,H=H,I=I,J=J,K=A,L=F	100	100	100
9DXF-assembly1.cif	M1239v1TS231_2	215	42	0.404725	0.418592	5089.68122	3199.016525	2488.367609	4311.167668	2601.313611	0.664055	0.856184	5089.68122	6799.535277	5089.68122	1709.854057	0	A=L,B=B,C=C,D=D,E=E,F=F,G=G,H=H,I=I,J=J,K=A,L=K	100	100	100
9DXF-assembly1.cif	M1239v1TS294_1	215	68	0.404233	0.435049	5089.68122	3179.64368	2476.325228	3818.112606	2613.355992	0.732943	0.867851	5089.68122	6294.437834	4939.857815	1354.580019	149.823405	A=L,B=B,C=C,D=D,E=E,F=F,G=G,H=H,I=I,J=J,K=A,L=K	100	100	100
9DXF-assembly1.cif	M1239v2TS462_4	215	202	0.403826	0.454672	5089.68122	3236.502476	2527.959818	3502.286763	2561.721402	0.815202	0.915416	5089.68122	6030.246581	5089.68122	940.565361	0	A=K,B=B,C=C,D=D,E=E,F=A,G=G,H=H,I=I,J=J,K=F,L=L	100	100	100
9DXD-assembly1.cif	M1239v2TS231_4	214	151	0.402739	0.44729	5054.332747	2923.232077	2364.639092	3154.19782	2689.693655	0.543606	0.772383	5054.332747	5518.836913	4083.270666	1435.566247	971.062081	A=A,B=B,C=C,D=D,E=E,F=L,G=G,H=H,I=I,J=J,K=K,L=F	100	100	100
9DXD-assembly1.cif	M1239v2TS489_3	214	211	0.401939	0.438183	5054.332747	2999.685545	2385.696249	3449.011322	2668.636498	0.83757	0.924605	5054.332747	5834.707571	5034.032745	800.674826	20.300002	A=L,B=B,C=C,D=D,E=E,F=K,G=G,H=H,I=I,J=J,K=F,L=A	100	100	100
9DXF-assembly1.cif	M1239v2TS110_5	215	130	0.401878	0.450066	5089.68122	3302.533057	2508.479029	3549.001624	2581.20219	0.809851	0.91318	5089.68122	6057.480654	5089.68122	967.799434	0	A=F,B=B,C=C,D=D,E=E,F=L,G=G,H=H,I=I,J=J,K=K,L=A	100	100	100
9DXF-assembly1.cif	M1239v1TS028_5	215	10	0.401876	0.450063	5089.68122	3302.547126	2508.480188	3549.075738	2581.201032	0.809836	0.913174	5089.68122	6057.555926	5089.68122	967.874706	0	A=F,B=B,C=C,D=D,E=E,F=L,G=G,H=H,I=I,J=J,K=K,L=A	100	100	100
9DXD-assembly1.cif	M1239v2TS014_6	214	110	0.400783	0.398355	5054.332747	3338.153493	2514.237735	5054.544904	2540.095012	0.470607	0.785265	5054.332747	7568.782639	4956.248276	2612.534364	98.084472	A=K,B=F,C=A,D=L	90.219224	78.556608	33.333333
9DXD-assembly1.cif	M1239v1TS014_1	214	0	0.399692	0.40893	5054.332747	3367.120333	2527.351872	4779.109397	2526.980876	0.496928	0.794294	5054.332747	7306.461269	4909.049419	2397.41185	145.283328	A=F,B=A,C=L,D=K	90.219224	78.556608	33.333333
9DXD-assembly1.cif	M1239v1TS014_2	214	1	0.399689	0.407087	5054.332747	3346.775674	2521.521058	4812.275107	2532.81169	0.492744	0.793041	5054.332747	7333.796164	4912.144129	2421.652035	142.188618	A=F,B=A,C=L,D=K	90.219224	78.556608	33.333333
9DXD-assembly1.cif	M1239v1TS014_3	214	2	0.399544	0.410746	5054.332747	3396.091556	2544.400068	4790.418786	2509.932679	0.496976	0.794784	5054.332747	7334.818854	4923.351129	2411.467725	130.981618	A=L,B=K,C=F,D=A	90.219224	78.556608	33.333333
9DXD-assembly1.cif	M1239v1TS014_6	214	5	0.399296	0.405992	5054.332747	3347.493105	2519.291836	4836.915451	2535.040911	0.489261	0.791996	5054.332747	7356.207288	4914.546807	2441.66048	139.78594	A=A,B=F,C=K,D=L	90.219224	78.556608	33.333333
9DXD-assembly1.cif	M1239v2TS462_1	214	199	0.399278	0.454019	5054.332747	2982.549391	2383.417504	3061.436223	2670.915244	0.611951	0.813192	5054.332747	5444.853727	4268.928681	1175.925046	785.404066	A=K,B=B,C=C,D=D,E=E,F=F,G=G,H=H,I=I,J=J,K=A,L=L	100	100	100
9DXD-assembly1.cif	M1239v2TS014_2	214	106	0.399261	0.397853	5054.332747	3342.552033	2512.389021	5063.013785	2541.943727	0.467757	0.783848	5054.332747	7575.402806	4949.899622	2625.503184	104.433126	A=F,B=K,C=L,D=A	90.219224	78.556608	33.333333
9DXD-assembly1.cif	M1239v2TS014_3	214	107	0.398535	0.398137	5054.332747	3336.616161	2507.818834	5035.626386	2546.513913	0.471611	0.786255	5054.332747	7543.44522	4952.533122	2590.912098	101.799625	A=K,B=F,C=A,D=L	90.219224	78.556608	33.333333
9DXD-assembly1.cif	M1239v2TS481_3	214	206	0.398172	0.416927	5054.332747	2868.256556	2330.547387	3794.77061	2723.785361	0.541332	0.72543	5054.332747	6125.317997	4055.027166	2070.290831	999.305581	A=K,B=B,C=C,D=D,E=E,F=F,G=G,H=H,I=I,J=J,K=L,L=A	100	100	100
9DXD-assembly1.cif	M1239v1TS028_2	214	7	0.396925	0.497647	5054.332747	2958.536829	2367.955127	2094.327196	2686.37762	0.772564	0.879207	5054.332747	4462.282324	4183.538491	278.743833	870.794256	A=L,B=B,C=C,D=D,E=E,F=A,G=G,H=H,I=I,J=J,K=F,L=K	100	100	100
9DXD-assembly1.cif	M1239v2TS033_5	214	120	0.39619	0.417073	5054.332747	2847.229559	2327.871267	3780.684653	2726.46148	0.538645	0.721305	5054.332747	6108.555919	4025.924839	2082.63108	1028.407908	A=A,B=B,C=C,D=D,E=E,F=L,G=G,H=H,I=I,J=J,K=K,L=F	100	100	100
9DXD-assembly1.cif	M1239v2TS014_1	214	105	0.39593	0.397737	5054.332747	3423.19137	2555.59585	5240.739998	2498.736897	0.431008	0.77334	5054.332747	7796.335848	4968.968033	2827.367815	85.364714	A=L,B=K,C=F,D=A	90.219224	78.556608	33.333333
9DXD-assembly1.cif	M1239v1TS014_4	214	3	0.394815	0.409354	5054.332747	3336.040128	2507.287191	4688.342791	2547.045557	0.519891	0.801907	5054.332747	7195.629982	4911.666953	2283.963028	142.665794	A=L,B=K,C=F,D=A	90.219224	78.556608	33.333333
9DXD-assembly1.cif	M1239v2TS014_5	214	109	0.393797	0.398269	5054.332747	3368.732272	2510.915357	5043.907672	2543.41739	0.470063	0.78621	5054.332747	7554.823028	4956.723917	2598.099111	97.60883	A=K,B=F,C=A,D=L	90.219224	78.556608	33.333333
9DXD-assembly1.cif	M1239v2TS208_3	214	145	0.39322	0.471306	5054.332747	2903.734089	2337.276034	2526.687899	2717.056713	0.713775	0.854141	5054.332747	4863.963933	4235.811174	628.152759	818.521573	A=L,B=B,C=C,D=D,E=E,F=A,G=G,H=H,I=I,J=J,K=K,L=F	100	100	100
9DXD-assembly1.cif	M1239v2TS014_4	214	108	0.39246	0.399301	5054.332747	3441.607169	2540.427545	5129.612347	2513.905202	0.452146	0.779306	5054.332747	7670.039892	4958.087766	2711.952127	96.244982	A=K,B=F,C=A,D=L	90.219224	78.556608	33.333333
9DXD-assembly1.cif	M1239v1TS014_5	214	4	0.39172	0.407133	5054.332747	3331.47032	2499.645714	4725.294364	2554.687033	0.521369	0.802988	5054.332747	7224.940078	4930.055523	2294.884555	124.277224	A=L,B=K,C=F,D=A	90.219224	78.556608	33.333333
9DXD-assembly1.cif	M1239v1TS033_1	214	11	0.391533	0.412138	5054.332747	2896.611419	2324.383561	3900.915356	2729.949187	0.524183	0.708628	5054.332747	6225.298917	3996.532315	2228.766602	1057.800433	A=F,B=B,C=C,D=D,E=E,F=K,G=G,H=H,I=I,J=J,K=L,L=A	100	100	100
9DXD-assembly1.cif	M1239v2TS167_1	214	133	0.391533	0.412138	5054.332747	2896.611419	2324.383561	3900.915356	2729.949187	0.524183	0.708628	5054.332747	6225.298917	3996.532315	2228.766602	1057.800433	A=F,B=B,C=C,D=D,E=E,F=K,G=G,H=H,I=I,J=J,K=L,L=A	100	100	100
9DXD-assembly1.cif	M1239v2TS450_1	214	194	0.391533	0.412138	5054.332747	2896.611419	2324.383561	3900.915356	2729.949187	0.524183	0.708628	5054.332747	6225.298917	3996.532315	2228.766602	1057.800433	A=F,B=B,C=C,D=D,E=E,F=K,G=G,H=H,I=I,J=J,K=L,L=A	100	100	100
9DXD-assembly1.cif	M1239v2TS208_5	214	147	0.391106	0.461472	5054.332747	2920.235948	2321.794625	2686.429164	2732.538122	0.687368	0.842968	5054.332747	5008.223789	4241.20465	767.01914	813.128097	A=F,B=B,C=C,D=D,E=E,F=K,G=G,H=H,I=I,J=J,K=A,L=L	100	100	100
9DXD-assembly1.cif	M1239v1TS369_3	214	82	0.391075	0.400184	5054.332747	2971.832022	2359.897088	4379.824377	2694.435659	0.665545	0.85667	5054.332747	6739.721465	5051.803935	1687.91753	2.528812	A=F,B=B,C=C,D=D,E=E,F=K,G=G,H=H,I=I,J=J,K=L,L=A	100	100	100
9DXD-assembly1.cif	M1239v2TS369_3	214	191	0.391075	0.400184	5054.332747	2971.832022	2359.897088	4379.824377	2694.435659	0.665545	0.85667	5054.332747	6739.721465	5051.803935	1687.91753	2.528812	A=F,B=B,C=C,D=D,E=E,F=K,G=G,H=H,I=I,J=J,K=L,L=A	100	100	100
9DXD-assembly1.cif	M1239v2TS231_3	214	150	0.39087	0.434474	5054.332747	2787.740975	2281.722607	3167.331827	2772.61014	0.733712	0.871859	5054.332747	5449.054434	4578.738817	870.315617	475.59393	A=K,B=B,C=C,D=D,E=E,F=F,G=G,H=H,I=I,J=J,K=A,L=L	100	100	100
9DXD-assembly1.cif	M1239v2TS028_2	214	112	0.390696	0.492303	5054.332747	2870.641167	2305.783912	2007.21571	2748.548835	0.760832	0.870952	5054.332747	4312.999622	4079.250073	233.749549	975.082674	A=A,B=B,C=C,D=D,E=E,F=L,G=G,H=H,I=I,J=J,K=K,L=F	100	100	100
9DXF-assembly1.cif	M1239v1TS231_1	215	41	0.390022	0.408332	5089.68122	3173.918478	2455.297851	4480.998316	2634.383369	0.642347	0.846448	5089.68122	6936.296166	5089.68122	1846.614947	0	A=K,B=B,C=C,D=D,E=E,F=A,G=G,H=H,I=I,J=J,K=F,L=L	100	100	100
9DXD-assembly1.cif	M1239v1TS033_2	214	12	0.389383	0.402526	5054.332747	2822.719796	2285.989252	4017.906817	2768.343495	0.722654	0.876583	5054.332747	6303.896069	4978.213674	1325.682395	76.119073	A=A,B=B,C=C,D=D,E=E,F=L,G=G,H=H,I=I,J=J,K=K,L=F	100	100	100
9DXD-assembly1.cif	M1239v2TS208_4	214	146	0.38917	0.466332	5054.332747	2938.760383	2321.615168	2580.982562	2732.717579	0.713291	0.854461	5054.332747	4902.59773	4253.90291	648.69482	800.429837	A=A,B=B,C=C,D=D,E=E,F=L,G=G,H=H,I=I,J=J,K=F,L=K	100	100	100
9DXD-assembly1.cif	M1239v1TS167_1	214	28	0.388933	0.390428	5054.332747	2852.116617	2282.158112	4354.039773	2772.174635	0.685035	0.863827	5054.332747	6636.197885	5049.296268	1586.901616	5.036479	A=A,B=B,C=C,D=D,E=E,F=L,G=G,H=H,I=I,J=J,K=K,L=F	100	100	100
9DXD-assembly1.cif	M1239v1TS450_1	214	85	0.388933	0.390428	5054.332747	2852.116617	2282.158112	4354.039773	2772.174635	0.685035	0.863827	5054.332747	6636.197885	5049.296268	1586.901616	5.036479	A=A,B=B,C=C,D=D,E=E,F=L,G=G,H=H,I=I,J=J,K=K,L=F	100	100	100
9DXD-assembly1.cif	M1239v1TS091_2	214	17	0.38884	0.408375	5054.332747	2950.277335	2323.223272	4000.338351	2731.109475	0.546839	0.741656	5054.332747	6323.561623	4219.240451	2104.321172	835.092296	A=A,B=B,C=C,D=D,E=E,F=L,G=G,H=H,I=I,J=J,K=K,L=F	100	100	100
9DXD-assembly1.cif	M1239v2TS091_2	214	122	0.38884	0.408375	5054.332747	2950.277335	2323.223272	4000.338351	2731.109475	0.546839	0.741656	5054.332747	6323.561623	4219.240451	2104.321172	835.092296	A=A,B=B,C=C,D=D,E=E,F=L,G=G,H=H,I=I,J=J,K=K,L=F	100	100	100
9DXD-assembly1.cif	M1239v2TS028_4	214	114	0.38836	0.490835	5054.332747	2886.328623	2309.583249	2046.908768	2744.749498	0.75546	0.868663	5054.332747	4356.492018	4087.418226	269.073791	966.914521	A=L,B=B,C=C,D=D,E=E,F=A,G=G,H=H,I=I,J=J,K=F,L=K	100	100	100
9DXD-assembly1.cif	M1239v1TS028_3	214	8	0.38816	0.48146	5054.332747	2880.300858	2292.012181	2174.75257	2762.320566	0.782428	0.884501	5054.332747	4466.764751	4210.709115	256.055636	843.623633	A=A,B=B,C=C,D=D,E=E,F=L,G=G,H=H,I=I,J=J,K=F,L=K	100	100	100
9DXD-assembly1.cif	M1239v1TS369_4	214	83	0.387201	0.388865	5054.332747	3014.083552	2350.062686	4682.378717	2704.270061	0.531709	0.695819	5054.332747	7032.441403	4205.101845	2827.339558	849.230902	A=F,B=B,C=C,D=D,E=E,F=K,G=G,H=H,I=I,J=J,K=L,L=A	100	100	100
9DXD-assembly1.cif	M1239v2TS369_4	214	192	0.387201	0.388865	5054.332747	3014.083552	2350.062686	4682.378717	2704.270061	0.531709	0.695819	5054.332747	7032.441403	4205.101845	2827.339558	849.230902	A=F,B=B,C=C,D=D,E=E,F=K,G=G,H=H,I=I,J=J,K=L,L=A	100	100	100
9DXD-assembly1.cif	M1239v2TS028_1	214	111	0.387043	0.485565	5054.332747	2889.2138	2298.643001	2114.941064	2755.689746	0.76915	0.876764	5054.332747	4413.584066	4150.563312	263.020754	903.769435	A=A,B=B,C=C,D=D,E=E,F=L,G=G,H=H,I=I,J=J,K=F,L=K	100	100	100
9DXD-assembly1.cif	M1239v2TS294_2	214	179	0.386542	0.452836	5054.332747	2825.828867	2276.359781	2723.105392	2777.972966	0.632006	0.814999	5054.332747	4999.465173	4096.917906	902.547268	957.414842	A=F,B=B,C=C,D=D,E=E,F=A,G=G,H=H,I=I,J=J,K=L,L=K	100	100	100
9DXD-assembly1.cif	M1239v1TS033_5	214	15	0.386518	0.404998	5054.332747	2923.655288	2327.796636	4113.208541	2726.536111	0.515128	0.706949	5054.332747	6441.005177	4063.307282	2377.697894	991.025465	A=K,B=B,C=C,D=D,E=E,F=F,G=G,H=H,I=I,J=J,K=A,L=L	100	100	100
9DXD-assembly1.cif	M1239v1TS159_2	214	27	0.386175	0.458068	5054.332747	3129.198554	2409.663147	3056.981599	2644.6696	0.564366	0.790719	5054.332747	5466.644746	4159.568789	1307.075957	894.763958	A=K,B=B,C=C,D=D,E=E,F=F,G=G,H=H,I=I,J=J,K=L,L=A	100	100	100
9DXD-assembly1.cif	M1239v1TS325_2	214	79	0.386175	0.458068	5054.332747	3129.198554	2409.663147	3056.981599	2644.6696	0.564366	0.790719	5054.332747	5466.644746	4159.568789	1307.075957	894.763958	A=K,B=B,C=C,D=D,E=E,F=F,G=G,H=H,I=I,J=J,K=L,L=A	100	100	100
9DXD-assembly1.cif	M1239v2TS159_2	214	132	0.386175	0.458068	5054.332747	3129.198554	2409.663147	3056.981599	2644.6696	0.564366	0.790719	5054.332747	5466.644746	4159.568789	1307.075957	894.763958	A=K,B=B,C=C,D=D,E=E,F=F,G=G,H=H,I=I,J=J,K=L,L=A	100	100	100
9DXD-assembly1.cif	M1239v2TS325_2	214	188	0.386175	0.458068	5054.332747	3129.198554	2409.663147	3056.981599	2644.6696	0.564366	0.790719	5054.332747	5466.644746	4159.568789	1307.075957	894.763958	A=K,B=B,C=C,D=D,E=E,F=F,G=G,H=H,I=I,J=J,K=L,L=A	100	100	100
9DXD-assembly1.cif	M1239v1TS294_3	214	70	0.386024	0.392715	5054.332747	2833.856044	2276.673509	4263.526635	2777.659238	0.701999	0.870094	5054.332747	6540.200144	5044.169013	1496.031131	10.163734	A=A,B=B,C=C,D=D,E=E,F=L,G=G,H=H,I=I,J=J,K=F,L=K	100	100	100
9DXF-assembly1.cif	M1239v2TS262_3	215	165	0.385999	0.432914	5089.68122	3360.131268	2456.10873	3801.08408	2633.572489	0.770612	0.897107	5089.68122	6257.19281	5089.68122	1167.511591	0	A=K,B=B,C=C,D=D,E=E,F=A,G=G,H=H,I=I,J=J,K=F,L=L	100	100	100
9DXD-assembly1.cif	M1239v1TS110_2	214	22	0.385668	0.486624	5054.332747	2802.717874	2259.936597	1973.951917	2794.396151	0.744348	0.860883	5054.332747	4233.888514	3998.036415	235.852099	1056.296332	A=K,B=B,C=C,D=D,E=E,F=F,G=G,H=H,I=I,J=J,K=A,L=L	100	100	100
9DXD-assembly1.cif	M1239v2TS028_5	214	115	0.385595	0.396255	5054.332747	2833.091793	2280.022195	4173.49522	2774.310552	0.698009	0.867363	5054.332747	6453.517415	4990.742346	1462.77507	63.590402	A=L,B=B,C=C,D=D,E=E,F=A,G=G,H=H,I=I,J=J,K=F,L=K	100	100	100
9DXF-assembly1.cif	M1239v2TS262_1	215	163	0.385532	0.432455	5089.68122	3355.64364	2453.059802	3802.068086	2636.621418	0.771018	0.89727	5089.68122	6255.127888	5089.68122	1165.446668	0	A=K,B=B,C=C,D=D,E=E,F=A,G=G,H=H,I=I,J=J,K=F,L=L	100	100	100
9DXD-assembly1.cif	M1239v1TS204_3	214	35	0.385522	0.394618	5054.332747	2989.215258	2326.228143	4409.214316	2728.104604	0.672602	0.85741	5054.332747	6735.442459	5054.332747	1681.109712	0	A=K,B=B,C=C,D=D,E=E,F=F,G=G,H=H,I=I,J=J,K=A,L=L	100	100	100
9DXD-assembly1.cif	M1239v1TS481_3	214	97	0.385494	0.452867	5054.332747	3015.099754	2358.787433	3004.002142	2695.545314	0.571148	0.791923	5054.332747	5362.789575	4124.780808	1238.008768	929.551939	A=K,B=B,C=C,D=D,E=E,F=F,G=G,H=H,I=I,J=J,K=A,L=L	100	100	100
9DXD-assembly1.cif	M1239v1TS033_3	214	13	0.385377	0.383435	5054.332747	2772.336309	2250.470223	4433.660008	2803.862524	0.56098	0.716399	5054.332747	6684.130231	4204.711168	2479.419063	849.621579	A=A,B=B,C=C,D=D,E=E,F=L,G=G,H=H,I=I,J=J,K=F,L=K	100	100	100
9DXD-assembly1.cif	M1239v2TS294_5	214	182	0.385152	0.454591	5054.332747	2878.577225	2303.571465	2776.795302	2750.761282	0.567462	0.784287	5054.332747	5080.366767	3974.254868	1106.111899	1080.077879	A=F,B=B,C=C,D=D,E=E,F=A,G=G,H=H,I=I,J=J,K=L,L=K	100	100	100
9DXF-assembly1.cif	M1239v2TS262_5	215	167	0.385017	0.43199	5089.68122	3352.45074	2449.850878	3802.635984	2639.830342	0.771537	0.897479	5089.68122	6252.486861	5089.68122	1162.805642	0	A=K,B=B,C=C,D=D,E=E,F=A,G=G,H=H,I=I,J=J,K=F,L=L	100	100	100
9DXD-assembly1.cif	M1239v2TS231_5	214	152	0.384935	0.416686	5054.332747	2939.575738	2316.219968	3746.781923	2738.112779	0.560018	0.75305	5054.332747	6063.001891	4185.952774	1877.049117	868.379973	A=L,B=B,C=C,D=D,E=E,F=A,G=G,H=H,I=I,J=J,K=F,L=K	100	100	100
9DXD-assembly1.cif	M1239v1TS028_1	214	6	0.384659	0.486526	5054.332747	2835.346843	2273.416712	2017.756209	2780.916035	0.741448	0.860167	5054.332747	4291.172921	4019.349205	271.823716	1034.983542	A=K,B=B,C=C,D=D,E=E,F=F,G=G,H=H,I=I,J=J,K=A,L=L	100	100	100
9DXD-assembly1.cif	M1239v1TS462_3	214	92	0.384101	0.419619	5054.332747	2883.465956	2307.758174	3637.203993	2746.574574	0.500235	0.70767	5054.332747	5944.962167	3891.933937	2053.02823	1162.39881	A=F,B=B,C=C,D=D,E=E,F=A,G=G,H=H,I=I,J=J,K=L,L=K	100	100	100
9DXD-assembly1.cif	M1239v2TS231_1	214	148	0.383753	0.417291	5054.332747	2823.428694	2278.18573	3586.415407	2776.147017	0.805589	0.910008	5054.332747	5864.601137	4968.159116	896.442021	86.173631	A=L,B=B,C=C,D=D,E=E,F=A,G=G,H=H,I=I,J=J,K=F,L=K	100	100	100
9DXF-assembly1.cif	M1239v2TS033_5	215	120	0.383515	0.40685	5089.68122	2842.624144	2278.00281	3830.55311	2811.67841	0.606765	0.722488	5089.68122	6108.555919	4045.29359	2063.262329	1044.38763	A=K,B=B,C=C,D=D,E=E,F=A,G=G,H=H,I=I,J=J,K=F,L=L	100	100	100
9DXD-assembly1.cif	M1239v2TS462_2	214	200	0.383218	0.477849	5054.332747	2867.659136	2281.101115	2211.937471	2773.231632	0.741236	0.863012	5054.332747	4493.038585	4119.746328	373.292257	934.586419	A=L,B=B,C=C,D=D,E=E,F=A,G=G,H=H,I=I,J=J,K=F,L=K	100	100	100
9DXD-assembly1.cif	M1239v1TS462_4	214	93	0.383099	0.451758	5054.332747	2942.744924	2315.09633	2879.855599	2739.236417	0.606302	0.805852	5054.332747	5194.951929	4129.701267	1065.250662	924.63148	A=F,B=B,C=C,D=D,E=E,F=A,G=G,H=H,I=I,J=J,K=L,L=K	100	100	100
9DXD-assembly1.cif	M1239v1TS489_2	214	101	0.382784	0.442916	5054.332747	2981.878101	2318.744055	3097.29056	2735.588692	0.638236	0.825367	5054.332747	5416.034615	4320.947027	1095.087589	733.385721	A=F,B=B,C=C,D=D,E=E,F=K,G=G,H=H,I=I,J=J,K=A,L=L	100	100	100
9DXD-assembly1.cif	M1239v1TS204_4	214	36	0.382599	0.402851	5054.332747	2871.897077	2268.916248	3941.035411	2785.4165	0.541147	0.765838	5054.332747	6209.951659	4313.307337	1896.644322	741.02541	A=K,B=B,C=C,D=D,E=E,F=F,G=G,H=H,I=I,J=J,K=A,L=L	100	100	100
9DXD-assembly1.cif	M1239v1TS286_3	214	65	0.382445	0.390661	5054.332747	2805.679073	2263.46376	4270.056182	2790.868987	0.691357	0.865377	5054.332747	6533.519942	5013.933379	1519.586563	40.399368	A=L,B=B,C=C,D=D,E=E,F=A,G=G,H=H,I=I,J=J,K=F,L=K	100	100	100
9DXD-assembly1.cif	M1239v2TS167_4	214	136	0.38221	0.382315	5054.332747	2928.681781	2314.668486	4739.68557	2739.664261	0.520908	0.656856	5054.332747	7054.354057	3976.832342	3077.521715	1077.500406	A=A,B=B,C=C,D=D,E=E,F=L,G=G,H=H,I=I,J=J,K=K,L=F	100	100	100
9DXD-assembly1.cif	M1239v2TS450_4	214	197	0.38221	0.382315	5054.332747	2928.681781	2314.668486	4739.68557	2739.664261	0.520908	0.656856	5054.332747	7054.354057	3976.832342	3077.521715	1077.500406	A=A,B=B,C=C,D=D,E=E,F=L,G=G,H=H,I=I,J=J,K=K,L=F	100	100	100
9DXD-assembly1.cif	M1239v1TS294_5	214	72	0.382048	0.450047	5054.332747	2863.401797	2271.874205	2769.958296	2782.458542	0.64351	0.821534	5054.332747	5041.832502	4147.172972	894.65953	907.159775	A=K,B=B,C=C,D=D,E=E,F=F,G=G,H=H,I=I,J=J,K=L,L=A	100	100	100
9DXD-assembly1.cif	M1239v2TS033_1	214	116	0.382044	0.40125	5054.332747	2766.55759	2250.952773	3914.422081	2803.379974	0.716929	0.87248	5054.332747	6165.374854	4894.485896	1270.888958	159.846851	A=F,B=B,C=C,D=D,E=E,F=K,G=G,H=H,I=I,J=J,K=L,L=A	100	100	100
9DXD-assembly1.cif	M1239v1TS028_4	214	9	0.381831	0.472927	5054.332747	2825.448561	2246.106441	2198.312245	2808.226306	0.75437	0.869299	5054.332747	4444.418686	4128.628926	315.78976	925.703821	A=K,B=B,C=C,D=D,E=E,F=F,G=G,H=H,I=I,J=J,K=L,L=A	100	100	100
9DXD-assembly1.cif	M1239v1TS167_3	214	30	0.381472	0.36594	5054.332747	2852.939374	2274.314955	5101.351105	2780.017792	0.525092	0.795032	5054.332747	7375.666059	4941.121771	2434.544288	113.210976	A=F,B=B,C=C,D=D,E=E,F=K,G=G,H=H,I=I,J=J,K=L,L=A	100	100	100
9DXD-assembly1.cif	M1239v1TS450_3	214	87	0.381472	0.36594	5054.332747	2852.939374	2274.314955	5101.351105	2780.017792	0.525092	0.795032	5054.332747	7375.666059	4941.121771	2434.544288	113.210976	A=F,B=B,C=C,D=D,E=E,F=K,G=G,H=H,I=I,J=J,K=L,L=A	100	100	100
9DXD-assembly1.cif	M1239v1TS489_5	214	104	0.381287	0.437882	5054.332747	2794.851164	2251.351821	2977.237482	2802.980927	0.485302	0.747012	5054.332747	5228.589303	3840.733537	1387.855766	1213.59921	A=K,B=B,C=C,D=D,E=E,F=F,G=G,H=H,I=I,J=J,K=A,L=L	100	100	100
9DXD-assembly1.cif	M1239v1TS204_1	214	33	0.381239	0.392379	5054.332747	2889.968195	2292.567172	4338.568032	2761.765575	0.707687	0.865063	5054.332747	6631.135204	5054.332747	1576.802457	0	A=A,B=B,C=C,D=D,E=E,F=L,G=G,H=H,I=I,J=J,K=K,L=F	100	100	100
9DXD-assembly1.cif	M1239v1TS110_5	214	25	0.380886	0.427114	5054.332747	2904.421965	2305.984572	3437.652638	2748.348175	0.537866	0.756874	5054.332747	5743.63721	4086.353684	1657.283525	967.979063	A=L,B=B,C=C,D=D,E=E,F=A,G=G,H=H,I=I,J=J,K=F,L=K	100	100	100
9DXD-assembly1.cif	M1239v2TS110_2	214	127	0.380886	0.427114	5054.332747	2904.421965	2305.984572	3437.652638	2748.348175	0.537866	0.756874	5054.332747	5743.63721	4086.353684	1657.283525	967.979063	A=L,B=B,C=C,D=D,E=E,F=A,G=G,H=H,I=I,J=J,K=F,L=K	100	100	100
9DXD-assembly1.cif	M1239v2TS204_2	214	139	0.380773	0.39215	5054.332747	2885.040915	2290.147785	4335.469703	2764.184962	0.708755	0.865472	5054.332747	6625.617488	5054.332747	1571.284741	0	A=A,B=B,C=C,D=D,E=E,F=L,G=G,H=H,I=I,J=J,K=K,L=F	100	100	100
9DXD-assembly1.cif	M1239v1TS208_1	214	38	0.380772	0.447102	5054.332747	2939.018107	2304.717005	2950.526605	2749.615743	0.600865	0.804322	5054.332747	5255.24361	4146.107039	1109.13657	908.225708	A=A,B=B,C=C,D=D,E=E,F=L,G=G,H=H,I=I,J=J,K=K,L=F	100	100	100
9DXD-assembly1.cif	M1239v2TS208_2	214	144	0.380769	0.451976	5054.332747	2906.441598	2280.607077	2756.77639	2773.72567	0.711592	0.855554	5054.332747	5037.383467	4317.002378	720.38109	737.33037	A=L,B=B,C=C,D=D,E=E,F=A,G=G,H=H,I=I,J=J,K=K,L=F	100	100	100
9DXD-assembly1.cif	M1239v1TS286_5	214	67	0.380519	0.427905	5054.332747	2737.645848	2228.872179	3134.410119	2825.460568	0.847376	0.925951	5054.332747	5363.282298	4823.100143	540.182155	231.232604	A=A,B=B,C=C,D=D,E=E,F=L,G=G,H=H,I=I,J=J,K=K,L=F	100	100	100
9DXD-assembly1.cif	M1239v2TS208_1	214	143	0.380504	0.464973	5054.332747	2845.136616	2283.133828	2483.02364	2771.198919	0.728986	0.860517	5054.332747	4766.157468	4225.347481	540.809987	828.985266	A=K,B=B,C=C,D=D,E=E,F=F,G=G,H=H,I=I,J=J,K=L,L=A	100	100	100
9DXD-assembly1.cif	M1239v1TS167_2	214	29	0.380383	0.388516	5054.332747	2864.477226	2272.236519	4370.43872	2782.096229	0.650381	0.848928	5054.332747	6642.675238	4964.957639	1677.717599	89.375108	A=K,B=B,C=C,D=D,E=E,F=F,G=G,H=H,I=I,J=J,K=A,L=L	100	100	100
9DXD-assembly1.cif	M1239v1TS450_2	214	86	0.380383	0.388516	5054.332747	2864.477226	2272.236519	4370.43872	2782.096229	0.650381	0.848928	5054.332747	6642.675238	4964.957639	1677.717599	89.375108	A=K,B=B,C=C,D=D,E=E,F=F,G=G,H=H,I=I,J=J,K=A,L=L	100	100	100
9DXD-assembly1.cif	M1239v1TS204_2	214	34	0.379956	0.436474	5054.332747	2978.199925	2313.859429	3234.317605	2740.473318	0.569342	0.791578	5054.332747	5548.177034	4196.357821	1351.819213	857.974926	A=K,B=B,C=C,D=D,E=E,F=F,G=G,H=H,I=I,J=J,K=L,L=A	100	100	100
9DXD-assembly1.cif	M1239v2TS204_1	214	138	0.379956	0.436474	5054.332747	2978.199925	2313.859429	3234.317605	2740.473318	0.569342	0.791578	5054.332747	5548.177034	4196.357821	1351.819213	857.974926	A=K,B=B,C=C,D=D,E=E,F=F,G=G,H=H,I=I,J=J,K=L,L=A	100	100	100
9DXD-assembly1.cif	M1239v2TS167_2	214	134	0.379922	0.408462	5054.332747	2872.414536	2284.695051	3847.78115	2769.637696	0.523001	0.704213	5054.332747	6132.476201	3938.947075	2193.529126	1115.385673	A=F,B=B,C=C,D=D,E=E,F=K,G=G,H=H,I=I,J=J,K=L,L=A	100	100	100
9DXD-assembly1.cif	M1239v2TS450_2	214	195	0.379922	0.408462	5054.332747	2872.414536	2284.695051	3847.78115	2769.637696	0.523001	0.704213	5054.332747	6132.476201	3938.947075	2193.529126	1115.385673	A=F,B=B,C=C,D=D,E=E,F=K,G=G,H=H,I=I,J=J,K=L,L=A	100	100	100
9DXD-assembly1.cif	M1239v2TS110_4	214	129	0.379693	0.410273	5054.332747	2851.99849	2273.66024	3755.657437	2780.672507	0.513245	0.710627	5054.332747	6029.317676	3938.168237	2091.149439	1116.16451	A=A,B=B,C=C,D=D,E=E,F=F,G=G,H=H,I=I,J=J,K=K,L=L	100	100	100
9DXD-assembly1.cif	M1239v1TS033_4	214	14	0.379487	0.445962	5054.332747	2899.472514	2291.080621	2929.36878	2763.252126	0.712616	0.858631	5054.332747	5220.449401	4411.124521	809.324879	643.208226	A=K,B=B,C=C,D=D,E=E,F=F,G=G,H=H,I=I,J=J,K=A,L=L	100	100	100
9DXD-assembly1.cif	M1239v2TS462_5	214	203	0.379426	0.381018	5054.332747	2863.030955	2269.7028	4589.866805	2784.629948	0.634587	0.844978	5054.332747	6859.569604	5033.492227	1826.077377	20.84052	A=F,B=B,C=C,D=D,E=E,F=K,G=G,H=H,I=I,J=J,K=L,L=A	100	100	100
9DXD-assembly1.cif	M1239v1TS489_1	214	100	0.379352	0.439163	5054.332747	3020.948594	2322.330397	3199.495236	2732.002351	0.593398	0.805686	5054.332747	5521.825633	4260.529292	1261.296341	793.803455	A=K,B=B,C=C,D=D,E=E,F=F,G=G,H=H,I=I,J=J,K=L,L=A	100	100	100
9DXD-assembly1.cif	M1239v2TS481_1	214	204	0.379272	0.401683	5054.332747	2890.477012	2289.322371	4054.991053	2765.010376	0.645486	0.814307	5054.332747	6344.313424	4640.99716	1703.316264	413.335587	A=K,B=B,C=C,D=D,E=E,F=F,G=G,H=H,I=I,J=J,K=L,L=A	100	100	100
9DXD-assembly1.cif	M1239v1TS462_2	214	91	0.379189	0.3992	5054.332747	2832.315885	2268.727709	4043.323017	2785.605038	0.709106	0.870647	5054.332747	6312.050726	4948.054949	1363.995777	106.277798	A=A,B=B,C=C,D=D,E=E,F=F,G=G,H=H,I=I,J=J,K=K,L=L	100	100	100
9DXD-assembly1.cif	M1239v2TS033_2	214	117	0.37908	0.380702	5054.332747	2888.368343	2272.354803	4611.012634	2781.977944	0.638424	0.846785	5054.332747	6883.367438	5054.332747	1829.034691	0	A=F,B=B,C=C,D=D,E=E,F=K,G=G,H=H,I=I,J=J,K=L,L=A	100	100	100
9DXD-assembly1.cif	M1239v1TS481_2	214	96	0.378844	0.454063	5054.332747	2824.839822	2262.834131	2649.883588	2791.498616	0.578188	0.786097	5054.332747	4912.717718	3917.535239	995.182479	1136.797508	A=F,B=B,C=C,D=D,E=E,F=K,G=G,H=H,I=I,J=J,K=L,L=A	100	100	100
9DXD-assembly1.cif	M1239v1TS489_3	214	102	0.378655	0.444267	5054.332747	2912.181533	2289.579508	2963.303836	2764.753239	0.599797	0.803753	5054.332747	5252.883344	4142.227785	1110.655559	912.104962	A=A,B=B,C=C,D=D,E=E,F=L,G=G,H=H,I=I,J=J,K=F,L=K	100	100	100
9DXD-assembly1.cif	M1239v1TS091_3	214	18	0.378557	0.381658	5054.332747	2849.031599	2249.195077	4482.903301	2805.13767	0.658705	0.853643	5054.332747	6732.098378	5030.705111	1701.393267	23.627636	A=A,B=B,C=C,D=D,E=E,F=L,G=G,H=H,I=I,J=J,K=K,L=F	100	100	100
9DXD-assembly1.cif	M1239v2TS091_1	214	121	0.378557	0.381658	5054.332747	2849.031599	2249.195077	4482.903301	2805.13767	0.658705	0.853643	5054.332747	6732.098378	5030.705111	1701.393267	23.627636	A=A,B=B,C=C,D=D,E=E,F=L,G=G,H=H,I=I,J=J,K=K,L=F	100	100	100
9DXD-assembly1.cif	M1239v1TS294_4	214	71	0.37852	0.444712	5054.332747	2870.270224	2264.258207	2864.44335	2790.07454	0.640825	0.821724	5054.332747	5128.701558	4183.822385	944.879173	870.510362	A=K,B=B,C=C,D=D,E=E,F=F,G=G,H=H,I=I,J=J,K=L,L=A	100	100	100
9DXD-assembly1.cif	M1239v1TS369_1	214	80	0.378286	0.384806	5054.332747	2883.908757	2283.449994	4530.283186	2770.882753	0.632755	0.842169	5054.332747	6813.733181	4997.455904	1816.277277	56.876843	A=F,B=B,C=C,D=D,E=E,F=K,G=G,H=H,I=I,J=J,K=L,L=A	100	100	100
9DXD-assembly1.cif	M1239v2TS369_1	214	189	0.378286	0.384806	5054.332747	2883.908757	2283.449994	4530.283186	2770.882753	0.632755	0.842169	5054.332747	6813.733181	4997.455904	1816.277277	56.876843	A=F,B=B,C=C,D=D,E=E,F=K,G=G,H=H,I=I,J=J,K=L,L=A	100	100	100
9DXD-assembly1.cif	M1239v2TS481_5	214	208	0.377729	0.397859	5054.332747	2611.25055	2163.048988	3656.066575	2891.283759	0.808356	0.910918	5054.332747	5819.115564	4952.408	866.707564	101.924748	A=K,B=B,C=C,D=D,E=E,F=F,G=G,H=H,I=I,J=J,K=L,L=A	100	100	100
9DXD-assembly1.cif	M1239v1TS481_5	214	99	0.377684	0.457295	5054.332747	2814.690856	2249.03302	2532.874749	2805.299727	0.599632	0.794272	5054.332747	4781.907769	3906.322918	875.584851	1148.009829	A=L,B=B,C=C,D=D,E=E,F=A,G=G,H=H,I=I,J=J,K=F,L=K	100	100	100
9DXD-assembly1.cif	M1239v1TS204_5	214	37	0.377451	0.443189	5054.332747	3088.646582	2355.978241	3221.632401	2698.354506	0.511031	0.765652	5054.332747	5577.610642	4070.183069	1507.427573	984.149678	A=K,B=B,C=C,D=D,E=E,F=F,G=G,H=H,I=I,J=J,K=A,L=L	100	100	100
9DXD-assembly1.cif	M1239v1TS481_4	214	98	0.377107	0.446113	5054.332747	2832.585683	2250.514964	2784.59832	2803.817783	0.642063	0.82069	5054.332747	5035.113284	4140.155539	894.957745	914.177208	A=K,B=B,C=C,D=D,E=E,F=F,G=G,H=H,I=I,J=J,K=A,L=L	100	100	100
9DXD-assembly1.cif	M1239v2TS294_4	214	181	0.376918	0.439022	5054.332747	2922.599963	2288.630378	3083.081571	2765.702369	0.570766	0.791916	5054.332747	5371.711949	4128.275802	1243.436148	926.056946	A=A,B=B,C=C,D=D,E=E,F=F,G=G,H=H,I=I,J=J,K=K,L=L	100	100	100
9DXD-assembly1.cif	M1239v1TS208_4	214	40	0.376759	0.442154	5054.332747	2818.869424	2234.200043	2817.447508	2820.132704	0.634384	0.817144	5054.332747	5051.647551	4129.018645	922.628906	925.314102	A=A,B=B,C=C,D=D,E=E,F=L,G=G,H=H,I=I,J=J,K=K,L=F	100	100	100
9DXD-assembly1.cif	M1239v1TS369_5	214	84	0.376699	0.397396	5054.332747	2898.221634	2274.362469	4117.644812	2779.970278	0.727113	0.879502	5054.332747	6392.007281	5033.538844	1358.468437	20.793903	A=A,B=B,C=C,D=D,E=E,F=L,G=G,H=H,I=I,J=J,K=K,L=F	100	100	100
9DXD-assembly1.cif	M1239v2TS369_5	214	193	0.376699	0.397396	5054.332747	2898.221634	2274.362469	4117.644812	2779.970278	0.727113	0.879502	5054.332747	6392.007281	5033.538844	1358.468437	20.793903	A=A,B=B,C=C,D=D,E=E,F=L,G=G,H=H,I=I,J=J,K=K,L=F	100	100	100
9DXD-assembly1.cif	M1239v2TS235_4	214	156	0.376504	0.456012	5054.332747	2790.647586	2228.442866	2490.846335	2825.889881	0.724868	0.857718	5054.332747	4719.289201	4191.505615	527.783587	862.827132	A=F,B=B,C=C,D=D,E=E,F=K,G=A,H=L	95.109612	89.278304	66.666667
9DXD-assembly1.cif	M1239v2TS481_2	214	205	0.37641	0.393404	5054.332747	2795.334566	2229.989025	4052.572087	2824.343722	0.509727	0.686882	5054.332747	6282.561112	3893.55267	2389.008442	1160.780077	A=F,B=B,C=C,D=D,E=E,F=K,G=G,H=H,I=I,J=J,K=L,L=A	100	100	100
9DXF-assembly1.cif	M1239v2TS489_3	215	211	0.376283	0.420212	5089.68122	2933.542943	2295.280448	3539.427123	2794.400772	0.850833	0.930503	5089.68122	5834.707571	5082.587417	752.120154	7.093803	A=K,B=B,C=C,D=D,E=E,F=L,G=G,H=H,I=I,J=J,K=F,L=A	100	100	100
9DXD-assembly1.cif	M1239v2TS231_2	214	149	0.37618	0.401063	5054.332747	2735.776688	2205.218778	3737.305085	2849.113969	0.554266	0.741071	5054.332747	5942.523863	4074.723069	1867.800793	979.609678	A=A,B=B,C=C,D=D,E=E,F=L,G=G,H=H,I=I,J=J,K=K,L=F	100	100	100
9DXD-assembly1.cif	M1239v2TS489_4	214	212	0.37611	0.445601	5054.332747	2713.5951	2214.362265	2670.08251	2839.970482	0.506991	0.749282	5054.332747	4884.444775	3723.473809	1160.970966	1330.858938	A=A,B=B,C=C,D=D,E=E,F=L,G=G,H=H,I=I,J=J,K=K,L=F	100	100	100
9DXD-assembly1.cif	M1239v1TS294_2	214	69	0.375986	0.382843	5054.332747	2767.318709	2230.024973	4365.452833	2824.307775	0.68713	0.86426	5054.332747	6595.477806	5034.229869	1561.247937	20.102879	A=L,B=B,C=C,D=D,E=E,F=A,G=G,H=H,I=I,J=J,K=K,L=F	100	100	100
9DXD-assembly1.cif	M1239v2TS167_5	214	137	0.375738	0.385675	5054.332747	2913.439362	2288.431951	4524.397763	2765.900796	0.544037	0.779369	5054.332747	6812.829714	4624.449736	2188.379979	429.883011	A=K,B=B,C=C,D=D,E=E,F=F,G=G,H=H,I=I,J=J,K=A,L=L	100	100	100
9DXD-assembly1.cif	M1239v2TS450_5	214	198	0.375738	0.385675	5054.332747	2913.439362	2288.431951	4524.397763	2765.900796	0.544037	0.779369	5054.332747	6812.829714	4624.449736	2188.379979	429.883011	A=K,B=B,C=C,D=D,E=E,F=F,G=G,H=H,I=I,J=J,K=A,L=L	100	100	100
9DXD-assembly1.cif	M1239v2TS481_4	214	207	0.375491	0.422965	5054.332747	2932.863093	2276.489865	3433.614457	2777.842883	0.713947	0.865687	5054.332747	5710.104321	4659.316084	1050.788237	395.016663	A=K,B=B,C=C,D=D,E=E,F=F,G=G,H=H,I=I,J=J,K=A,L=L	100	100	100
9DXF-assembly1.cif	M1239v1TS294_3	215	70	0.375049	0.374026	5089.68122	2662.747353	2174.940376	4365.259768	2914.740843	0.747517	0.875277	5089.68122	6540.200144	5089.68122	1450.518924	0	A=F,B=B,C=C,D=D,E=E,F=L,G=G,H=H,I=I,J=J,K=A,L=K	100	100	100
9DXD-assembly1.cif	M1239v2TS028_3	214	113	0.375031	0.442959	5054.332747	2834.693012	2245.743503	2839.648062	2808.589244	0.58468	0.792976	5054.332747	5085.391566	4020.279812	1065.111754	1034.052935	A=F,B=B,C=C,D=D,E=E,F=K,G=G,H=H,I=I,J=J,K=L,L=A	100	100	100
9DXD-assembly1.cif	M1239v1TS262_1	214	53	0.375019	0.39456	5054.332747	2959.432066	2287.155321	4251.969752	2767.177426	0.689617	0.864684	5054.332747	6539.125074	5012.339405	1526.785668	41.993342	A=L,B=B,C=C,D=D,E=E,F=A,G=G,H=H,I=I,J=J,K=F,L=K	100	100	100
9DXD-assembly1.cif	M1239v1TS262_2	214	54	0.374857	0.431414	5054.332747	2945.256183	2274.412638	3215.237108	2779.920109	0.665964	0.839878	5054.332747	5489.649746	4427.82738	1061.822367	626.505368	A=L,B=B,C=C,D=D,E=E,F=A,G=G,H=H,I=I,J=J,K=F,L=K	100	100	100
9DXD-assembly1.cif	M1239v1TS262_3	214	55	0.374668	0.394429	5054.332747	2958.452975	2286.226326	4252.016371	2768.106421	0.689792	0.86475	5054.332747	6538.242697	5012.339405	1525.903292	41.993342	A=L,B=B,C=C,D=D,E=E,F=A,G=G,H=H,I=I,J=J,K=F,L=K	100	100	100
9DXD-assembly1.cif	M1239v1TS262_5	214	57	0.374609	0.431273	5054.332747	2944.96895	2273.597866	3215.721695	2780.734881	0.66603	0.839904	5054.332747	5489.319561	4427.82738	1061.492182	626.505368	A=L,B=B,C=C,D=D,E=E,F=A,G=G,H=H,I=I,J=J,K=F,L=K	100	100	100
9DXD-assembly1.cif	M1239v1TS462_1	214	90	0.374564	0.408746	5054.332747	2854.752575	2245.426925	3687.155171	2808.905823	0.594576	0.771495	5054.332747	5932.582096	4238.173246	1694.40885	816.159501	A=K,B=B,C=C,D=D,E=E,F=L,G=G,H=H,I=I,J=J,K=A,L=F	100	100	100
9DXD-assembly1.cif	M1239v2TS286_1	214	173	0.374424	0.469122	5054.332747	2787.679067	2224.669798	2205.385496	2829.662949	0.69905	0.836212	5054.332747	4430.055294	3965.478739	464.576555	1088.854008	A=K,B=B,C=C,D=D,E=E,F=F,G=G,H=H,I=I,J=J,K=A,L=L	100	100	100
9DXD-assembly1.cif	M1239v1TS167_5	214	32	0.374102	0.364994	5054.332747	2863.570462	2253.241795	5039.171077	2801.090952	0.567437	0.816457	5054.332747	7292.412872	5040.292934	2252.119938	14.039813	A=K,B=B,C=C,D=D,E=E,F=F,G=G,H=H,I=I,J=J,K=A,L=L	100	100	100
9DXD-assembly1.cif	M1239v1TS450_5	214	89	0.374102	0.364994	5054.332747	2863.570462	2253.241795	5039.171077	2801.090952	0.567437	0.816457	5054.332747	7292.412872	5040.292934	2252.119938	14.039813	A=K,B=B,C=C,D=D,E=E,F=F,G=G,H=H,I=I,J=J,K=A,L=L	100	100	100
9DXD-assembly1.cif	M1239v1TS091_5	214	20	0.373961	0.383762	5054.332747	2908.840941	2255.383061	4444.349442	2798.949686	0.54312	0.722883	5054.332747	6699.732503	4248.404233	2451.32827	805.928514	A=L,B=B,C=C,D=D,E=E,F=A,G=G,H=H,I=I,J=J,K=F,L=K	100	100	100
9DXD-assembly1.cif	M1239v2TS091_5	214	125	0.373961	0.383762	5054.332747	2908.840941	2255.383061	4444.349442	2798.949686	0.54312	0.722883	5054.332747	6699.732503	4248.404233	2451.32827	805.928514	A=L,B=B,C=C,D=D,E=E,F=A,G=G,H=H,I=I,J=J,K=F,L=K	100	100	100
9DXD-assembly1.cif	M1239v1TS167_4	214	31	0.373952	0.384082	5054.332747	2924.289746	2276.592033	4523.782199	2777.740714	0.638625	0.841529	5054.332747	6800.374232	4988.037309	1812.336922	66.295438	A=F,B=B,C=C,D=D,E=E,F=K,G=G,H=H,I=I,J=J,K=L,L=A	100	100	100
9DXD-assembly1.cif	M1239v1TS450_4	214	88	0.373952	0.384082	5054.332747	2924.289746	2276.592033	4523.782199	2777.740714	0.638625	0.841529	5054.332747	6800.374232	4988.037309	1812.336922	66.295438	A=F,B=B,C=C,D=D,E=E,F=K,G=G,H=H,I=I,J=J,K=L,L=A	100	100	100
9DXD-assembly1.cif	M1239v1TS235_5	214	47	0.37383	0.472138	5054.332747	2770.917968	2224.228601	2143.374547	2830.104146	0.736282	0.85853	5054.332747	4367.603148	4044.507938	323.09521	1009.824809	A=F,B=B,C=C,D=D,E=E,F=K,G=L,H=A	95.109612	89.278304	66.666667
9DXD-assembly1.cif	M1239v1TS489_4	214	103	0.373526	0.440256	5054.332747	2876.221773	2263.138995	2963.533929	2791.193753	0.589277	0.798081	5054.332747	5226.672924	4102.538055	1124.134868	951.794692	A=L,B=B,C=C,D=D,E=E,F=A,G=G,H=H,I=I,J=J,K=K,L=F	100	100	100
9DXD-assembly1.cif	M1239v2TS286_2	214	174	0.373366	0.391709	5054.332747	2796.695919	2229.843312	4101.035233	2824.489435	0.725372	0.878082	5054.332747	6330.878545	4998.575553	1332.302993	55.757195	A=K,B=B,C=C,D=D,E=E,F=F,G=G,H=H,I=I,J=J,K=A,L=L	100	100	100
9DXF-assembly1.cif	M1239v1TS159_2	215	27	0.373197	0.434571	5089.68122	2964.968577	2293.734658	3172.910088	2795.946562	0.605814	0.783237	5089.68122	5466.644746	4134.053217	1332.591529	955.628002	A=K,B=B,C=C,D=D,E=E,F=A,G=G,H=H,I=I,J=J,K=L,L=F	100	100	100
9DXF-assembly1.cif	M1239v1TS325_2	215	79	0.373197	0.434571	5089.68122	2964.968577	2293.734658	3172.910088	2795.946562	0.605814	0.783237	5089.68122	5466.644746	4134.053217	1332.591529	955.628002	A=K,B=B,C=C,D=D,E=E,F=A,G=G,H=H,I=I,J=J,K=L,L=F	100	100	100
9DXF-assembly1.cif	M1239v2TS159_2	215	132	0.373197	0.434571	5089.68122	2964.968577	2293.734658	3172.910088	2795.946562	0.605814	0.783237	5089.68122	5466.644746	4134.053217	1332.591529	955.628002	A=K,B=B,C=C,D=D,E=E,F=A,G=G,H=H,I=I,J=J,K=L,L=F	100	100	100
9DXF-assembly1.cif	M1239v2TS325_2	215	188	0.373197	0.434571	5089.68122	2964.968577	2293.734658	3172.910088	2795.946562	0.605814	0.783237	5089.68122	5466.644746	4134.053217	1332.591529	955.628002	A=K,B=B,C=C,D=D,E=E,F=A,G=G,H=H,I=I,J=J,K=L,L=F	100	100	100
9DXD-assembly1.cif	M1239v1TS091_4	214	19	0.37312	0.428594	5054.332747	2834.06995	2219.346233	3082.713453	2834.986514	0.604497	0.806979	5054.332747	5302.059686	4178.694927	1123.364759	875.63782	A=F,B=B,C=C,D=D,E=E,F=K,G=G,H=H,I=I,J=J,K=A,L=L	100	100	100
9DXD-assembly1.cif	M1239v2TS091_4	214	124	0.37312	0.428594	5054.332747	2834.06995	2219.346233	3082.713453	2834.986514	0.604497	0.806979	5054.332747	5302.059686	4178.694927	1123.364759	875.63782	A=F,B=B,C=C,D=D,E=E,F=K,G=G,H=H,I=I,J=J,K=A,L=L	100	100	100
9DXD-assembly1.cif	M1239v1TS369_2	214	81	0.3729	0.385257	5054.332747	2843.423603	2247.407039	4365.32136	2806.925708	0.546791	0.725518	5054.332747	6612.728399	4232.332859	2380.39554	821.999888	A=L,B=B,C=C,D=D,E=E,F=A,G=G,H=H,I=I,J=J,K=F,L=K	100	100	100
9DXD-assembly1.cif	M1239v2TS369_2	214	190	0.3729	0.385257	5054.332747	2843.423603	2247.407039	4365.32136	2806.925708	0.546791	0.725518	5054.332747	6612.728399	4232.332859	2380.39554	821.999888	A=L,B=B,C=C,D=D,E=E,F=A,G=G,H=H,I=I,J=J,K=F,L=K	100	100	100
9DXD-assembly1.cif	M1239v2TS033_3	214	118	0.372873	0.38415	5054.332747	2746.505833	2209.430496	4239.194326	2844.902251	0.715601	0.875037	5054.332747	6448.624822	5032.754357	1415.870465	21.57839	A=A,B=B,C=C,D=D,E=E,F=L,G=G,H=H,I=I,J=J,K=F,L=K	100	100	100
9DXF-assembly1.cif	M1239v1TS369_3	215	82	0.372669	0.380807	5089.68122	2878.778652	2252.362034	4487.359431	2837.319186	0.713551	0.860514	5089.68122	6739.721465	5089.68122	1650.040245	0	A=A,B=B,C=C,D=D,E=E,F=K,G=G,H=H,I=I,J=J,K=L,L=F	100	100	100
9DXF-assembly1.cif	M1239v2TS369_3	215	191	0.372669	0.380807	5089.68122	2878.778652	2252.362034	4487.359431	2837.319186	0.713551	0.860514	5089.68122	6739.721465	5089.68122	1650.040245	0	A=A,B=B,C=C,D=D,E=E,F=K,G=G,H=H,I=I,J=J,K=L,L=F	100	100	100
9DXD-assembly1.cif	M1239v2TS167_3	214	135	0.372615	0.407366	5054.332747	2789.636814	2235.103015	3683.994697	2819.229733	0.524178	0.71127	5054.332747	5919.097711	3902.537953	2016.559758	1151.794794	A=A,B=B,C=C,D=D,E=E,F=L,G=G,H=H,I=I,J=J,K=K,L=F	100	100	100
9DXD-assembly1.cif	M1239v2TS450_3	214	196	0.372615	0.407366	5054.332747	2789.636814	2235.103015	3683.994697	2819.229733	0.524178	0.71127	5054.332747	5919.097711	3902.537953	2016.559758	1151.794794	A=A,B=B,C=C,D=D,E=E,F=L,G=G,H=H,I=I,J=J,K=K,L=F	100	100	100
9DXD-assembly1.cif	M1239v2TS286_3	214	175	0.372426	0.382106	5054.332747	2889.908399	2272.55869	4568.013148	2781.774057	0.509419	0.791544	5054.332747	6840.571838	4707.671783	2132.900055	346.660964	A=K,B=B,C=C,D=D,E=E,F=F,G=G,H=H,I=I,J=J,K=L,L=A	100	100	100
9DXD-assembly1.cif	M1239v1TS286_4	214	66	0.372395	0.428549	5054.332747	2923.731904	2260.360949	3234.209901	2793.971798	0.565016	0.791585	5054.332747	5494.57085	4175.174826	1319.396024	879.157921	A=L,B=B,C=C,D=D,E=E,F=A,G=G,H=H,I=I,J=J,K=F,L=K	100	100	100
9DXF-assembly1.cif	M1239v2TS489_5	215	213	0.372383	0.456259	5089.68122	2890.24596	2261.320685	2561.450019	2828.360534	0.66252	0.826716	5089.68122	4822.770704	4097.39355	725.377154	992.287669	A=F,B=B,C=C,D=D,E=E,F=L,G=G,H=H,I=I,J=J,K=K,L=A	100	100	100
9DXF-assembly1.cif	M1239v2TS481_3	215	206	0.372324	0.398597	5089.68122	2827.159988	2235.130088	3890.187909	2854.551132	0.608331	0.726097	5089.68122	6125.317997	4071.590195	2053.727802	1018.091025	A=K,B=B,C=C,D=D,E=E,F=A,G=G,H=H,I=I,J=J,K=L,L=F	100	100	100
9DXD-assembly1.cif	M1239v2TS294_3	214	180	0.371384	0.44704	5054.332747	2906.311057	2263.247635	2807.903651	2791.085112	0.693495	0.847002	5054.332747	5071.151287	4288.154105	782.997181	766.178642	A=K,B=B,C=C,D=D,E=E,F=L,G=G,H=H,I=I,J=J,K=A,L=F	100	100	100
9DXF-assembly1.cif	M1239v1TS167_1	215	28	0.370944	0.370634	5089.68122	2706.270935	2173.004533	4463.193352	2916.676687	0.74037	0.868111	5089.68122	6636.197885	5089.68122	1546.516665	0	A=L,B=B,C=C,D=D,E=E,F=F,G=G,H=H,I=I,J=J,K=A,L=K	100	100	100
9DXF-assembly1.cif	M1239v1TS450_1	215	85	0.370944	0.370634	5089.68122	2706.270935	2173.004533	4463.193352	2916.676687	0.74037	0.868111	5089.68122	6636.197885	5089.68122	1546.516665	0	A=L,B=B,C=C,D=D,E=E,F=F,G=G,H=H,I=I,J=J,K=A,L=K	100	100	100
9DXD-assembly1.cif	M1239v1TS235_1	214	43	0.370652	0.448636	5054.332747	2815.152978	2232.574138	2665.805271	2821.758609	0.645243	0.819842	5054.332747	4898.379409	4079.825163	818.554246	974.507584	A=A,B=B,C=C,D=D,E=E,F=F,G=K,H=L	95.109612	89.278304	66.666667
9DXF-assembly1.cif	M1239v2TS462_1	215	199	0.370568	0.431361	5089.68122	2858.545531	2272.093686	3172.760041	2817.587534	0.613893	0.802612	5089.68122	5444.853727	4227.569523	1217.284204	862.111697	A=F,B=B,C=C,D=D,E=E,F=L,G=G,H=H,I=I,J=J,K=K,L=A	100	100	100
9DXF-assembly1.cif	M1239v1TS033_2	215	12	0.370538	0.379292	5089.68122	2696.46304	2160.744334	4143.151735	2928.936886	0.783017	0.88411	5089.68122	6303.896069	5036.58878	1267.307289	53.092439	A=A,B=B,C=C,D=D,E=E,F=K,G=G,H=H,I=I,J=J,K=L,L=F	100	100	100
9DXD-assembly1.cif	M1239v1TS110_3	214	23	0.370408	0.452925	5054.332747	2967.98855	2283.382061	2745.109792	2770.950686	0.683983	0.841587	5054.332747	5028.491853	4242.784746	785.707108	811.548002	A=L,B=B,C=C,D=D,E=E,F=K,G=G,H=H,I=I,J=J,K=F,L=A	100	100	100
9DXD-assembly1.cif	M1239v2TS033_4	214	119	0.370097	0.377495	5054.332747	2937.190598	2251.728127	4623.771729	2802.60462	0.644125	0.790506	5054.332747	6875.499856	4715.301083	2160.198773	339.031664	A=A,B=B,C=C,D=D,E=E,F=L,G=G,H=H,I=I,J=J,K=K,L=F	100	100	100
9DXF-assembly1.cif	M1239v1TS033_1	215	11	0.370042	0.388073	5089.68122	2772.635715	2195.518744	4029.780173	2894.162476	0.581627	0.704991	5089.68122	6225.298917	3988.476897	2236.822019	1101.204323	A=F,B=B,C=C,D=D,E=E,F=L,G=G,H=H,I=I,J=J,K=K,L=A	100	100	100
9DXF-assembly1.cif	M1239v2TS167_1	215	133	0.370042	0.388073	5089.68122	2772.635715	2195.518744	4029.780173	2894.162476	0.581627	0.704991	5089.68122	6225.298917	3988.476897	2236.822019	1101.204323	A=F,B=B,C=C,D=D,E=E,F=L,G=G,H=H,I=I,J=J,K=K,L=A	100	100	100
9DXF-assembly1.cif	M1239v2TS450_1	215	194	0.370042	0.388073	5089.68122	2772.635715	2195.518744	4029.780173	2894.162476	0.581627	0.704991	5089.68122	6225.298917	3988.476897	2236.822019	1101.204323	A=F,B=B,C=C,D=D,E=E,F=L,G=G,H=H,I=I,J=J,K=K,L=A	100	100	100
9DXF-assembly1.cif	M1239v1TS091_3	215	18	0.369234	0.366831	5089.68122	2674.553906	2168.297975	4563.800402	2921.383244	0.711492	0.861069	5089.68122	6732.098378	5089.68122	1642.417158	0	A=L,B=B,C=C,D=D,E=E,F=F,G=G,H=H,I=I,J=J,K=A,L=K	100	100	100
9DXF-assembly1.cif	M1239v2TS091_1	215	121	0.369234	0.366831	5089.68122	2674.553906	2168.297975	4563.800402	2921.383244	0.711492	0.861069	5089.68122	6732.098378	5089.68122	1642.417158	0	A=L,B=B,C=C,D=D,E=E,F=F,G=G,H=H,I=I,J=J,K=A,L=K	100	100	100
9DXD-assembly1.cif	M1239v1TS286_1	214	63	0.36902	0.389689	5054.332747	2660.289399	2167.85894	3903.905786	2886.473807	0.746465	0.884825	5054.332747	6071.764727	4922.323266	1149.44146	132.009481	A=L,B=B,C=C,D=D,E=E,F=A,G=G,H=H,I=I,J=J,K=F,L=K	100	100	100
9DXD-assembly1.cif	M1239v2TS262_2	214	164	0.368323	0.390833	5054.332747	2764.836386	2191.338149	3968.022208	2862.994598	0.746071	0.885547	5054.332747	6159.360357	4965.126507	1194.233851	89.206241	A=K,B=B,C=C,D=D,E=E,F=F,G=G,H=H,I=I,J=J,K=A,L=L	100	100	100
9DXD-assembly1.cif	M1239v2TS262_4	214	166	0.368148	0.390724	5054.332747	2765.008742	2190.901943	3969.339112	2863.430804	0.745897	0.885478	5054.332747	6160.241054	4965.126507	1195.114548	89.206241	A=K,B=B,C=C,D=D,E=E,F=F,G=G,H=H,I=I,J=J,K=A,L=L	100	100	100
9DXF-assembly1.cif	M1239v1TS028_1	215	6	0.368095	0.472696	5089.68122	2773.417677	2217.144678	2074.028243	2872.536541	0.768132	0.874197	5089.68122	4291.172921	4100.359026	190.813896	989.322194	A=L,B=B,C=C,D=D,E=E,F=F,G=G,H=H,I=I,J=J,K=A,L=K	100	100	100
9DXD-assembly1.cif	M1239v1TS091_1	214	16	0.367939	0.396886	5054.332747	2905.626519	2242.740833	4004.627993	2811.591914	0.534505	0.742649	5054.332747	6247.368826	4196.600799	2050.768027	857.731948	A=A,B=B,C=C,D=D,E=E,F=L,G=G,H=H,I=I,J=J,K=K,L=F	100	100	100
9DXD-assembly1.cif	M1239v2TS091_3	214	123	0.367939	0.396886	5054.332747	2905.626519	2242.740833	4004.627993	2811.591914	0.534505	0.742649	5054.332747	6247.368826	4196.600799	2050.768027	857.731948	A=A,B=B,C=C,D=D,E=E,F=L,G=G,H=H,I=I,J=J,K=K,L=F	100	100	100
9DXD-assembly1.cif	M1239v2TS235_3	214	155	0.367907	0.436709	5054.332747	2828.7413	2213.586553	2869.664553	2840.746194	0.691933	0.846406	5054.332747	5083.251106	4290.254338	792.996768	764.078409	A=L,B=B,C=C,D=D,E=E,F=A,G=F,H=K	95.109612	89.278304	66.666667
9DXF-assembly1.cif	M1239v2TS208_3	215	145	0.367766	0.448096	5089.68122	2809.89504	2230.095728	2633.868205	2859.585492	0.69565	0.844374	5089.68122	4863.963933	4202.299813	661.66412	887.381407	A=A,B=B,C=C,D=D,E=E,F=K,G=G,H=H,I=I,J=J,K=F,L=L	100	100	100
9DXD-assembly1.cif	M1239v2TS204_5	214	142	0.367757	0.385462	5054.332747	2961.815262	2265.386406	4434.412993	2788.946341	0.596311	0.740136	5054.332747	6699.799399	4349.830244	2349.969155	704.502503	A=A,B=B,C=C,D=D,E=E,F=L,G=G,H=H,I=I,J=J,K=F,L=K	100	100	100
9DXF-assembly1.cif	M1239v2TS028_2	215	112	0.367692	0.472648	5089.68122	2791.51105	2222.077936	2090.921686	2867.603283	0.783993	0.883075	5089.68122	4312.999622	4151.636771	161.362852	938.044449	A=K,B=B,C=C,D=D,E=E,F=A,G=G,H=H,I=I,J=J,K=F,L=L	100	100	100
9DXF-assembly1.cif	M1239v1TS462_4	215	93	0.367659	0.432978	5089.68122	2799.746114	2226.509774	2968.442155	2863.171446	0.564562	0.78451	5089.68122	5194.951929	4034.196684	1160.755245	1055.484536	A=A,B=B,C=C,D=D,E=E,F=F,G=G,H=H,I=I,J=J,K=L,L=K	100	100	100
9DXF-assembly1.cif	M1239v2TS294_2	215	179	0.367596	0.429771	5089.68122	2657.714508	2168.012198	2831.452975	2921.669022	0.590088	0.793211	5089.68122	4999.465173	4001.413323	998.051851	1088.267897	A=F,B=B,C=C,D=D,E=E,F=A,G=G,H=H,I=I,J=J,K=K,L=L	100	100	100
9DXD-assembly1.cif	M1239v2TS110_3	214	128	0.367473	0.413781	5054.332747	2941.831905	2257.884645	3601.209002	2796.448102	0.584989	0.785551	5054.332747	5859.093648	4286.524912	1572.568735	767.807835	A=K,B=B,C=C,D=D,E=E,F=F,G=G,H=H,I=I,J=J,K=L,L=A	100	100	100
9DXD-assembly1.cif	M1239v1TS262_4	214	56	0.367352	0.38705	5054.332747	2820.411305	2204.437543	4132.210386	2849.895204	0.691299	0.863025	5054.332747	6336.647929	4915.352276	1421.295653	138.980471	A=A,B=B,C=C,D=D,E=E,F=L,G=G,H=H,I=I,J=J,K=K,L=F	100	100	100
9DXF-assembly1.cif	M1239v1TS481_2	215	96	0.367197	0.436264	5089.68122	2721.624931	2181.845089	2730.872629	2907.836131	0.579898	0.783719	5089.68122	4912.717718	3919.53694	993.180778	1170.14428	A=K,B=B,C=C,D=D,E=E,F=A,G=G,H=H,I=I,J=J,K=F,L=L	100	100	100
9DXD-assembly1.cif	M1239v1TS481_1	214	95	0.366977	0.437642	5054.332747	2843.670346	2222.291568	2879.135238	2832.041179	0.636097	0.818892	5054.332747	5101.426807	4158.237134	943.189673	896.095614	A=F,B=B,C=C,D=D,E=E,F=K,G=G,H=H,I=I,J=J,K=L,L=A	100	100	100
9DXF-assembly1.cif	M1239v2TS167_5	215	137	0.366887	0.369734	5089.68122	2791.499457	2200.382048	4612.447666	2889.299172	0.626104	0.786289	5089.68122	6812.829714	4679.405019	2133.424695	410.276201	A=L,B=B,C=C,D=D,E=E,F=F,G=G,H=H,I=I,J=J,K=A,L=K	100	100	100
9DXF-assembly1.cif	M1239v2TS450_5	215	198	0.366887	0.369734	5089.68122	2791.499457	2200.382048	4612.447666	2889.299172	0.626104	0.786289	5089.68122	6812.829714	4679.405019	2133.424695	410.276201	A=L,B=B,C=C,D=D,E=E,F=F,G=G,H=H,I=I,J=J,K=A,L=K	100	100	100
9DXD-assembly1.cif	M1239v2TS235_2	214	154	0.366866	0.460455	5054.332747	2833.840776	2220.253217	2369.154108	2834.07953	0.734167	0.860676	5054.332747	4589.407325	4150.066251	439.341074	904.266496	A=A,B=B,C=C,D=D,E=E,F=L,G=K,H=F	95.109612	89.278304	66.666667
9DXF-assembly1.cif	M1239v2TS231_4	215	151	0.366445	0.419957	5089.68122	2834.010095	2227.563354	3291.273558	2862.117865	0.606199	0.770826	5089.68122	5518.836913	4088.661904	1430.175009	1001.019316	A=L,B=B,C=C,D=D,E=E,F=F,G=G,H=H,I=I,J=J,K=A,L=K	100	100	100
9DXF-assembly1.cif	M1239v1TS028_2	215	7	0.36643	0.469337	5089.68122	2835.68845	2241.545922	2220.736402	2848.135298	0.77115	0.878059	5089.68122	4462.282324	4193.594267	268.688057	896.086953	A=K,B=B,C=C,D=D,E=E,F=A,G=G,H=H,I=I,J=J,K=F,L=L	100	100	100
9DXF-assembly1.cif	M1239v2TS208_1	215	143	0.366241	0.446736	5089.68122	2801.884674	2201.477404	2564.680064	2888.203816	0.720538	0.855682	5089.68122	4766.157468	4216.733783	549.423685	872.947437	A=L,B=B,C=C,D=D,E=E,F=F,G=G,H=H,I=I,J=J,K=K,L=A	100	100	100
9DXF-assembly1.cif	M1239v1TS294_2	215	69	0.36613	0.366175	5089.68122	2643.52634	2139.408712	4456.069094	2950.272507	0.746853	0.871136	5089.68122	6595.477806	5089.68122	1505.796586	0	A=A,B=B,C=C,D=D,E=E,F=K,G=G,H=H,I=I,J=J,K=F,L=L	100	100	100
9DXF-assembly1.cif	M1239v1TS286_5	215	67	0.365896	0.415889	5089.68122	2722.431939	2173.635751	3189.646547	2916.045469	0.943156	0.972322	5089.68122	5363.282298	5081.822009	281.460289	7.859211	A=K,B=B,C=C,D=D,E=E,F=A,G=G,H=H,I=I,J=J,K=F,L=L	100	100	100
9DXD-assembly1.cif	M1239v1TS235_3	214	45	0.365794	0.437579	5054.332747	2726.618049	2167.132689	2683.627063	2887.200058	0.647512	0.820134	5054.332747	4850.759752	4061.750451	789.009301	992.582297	A=F,B=B,C=C,D=D,E=E,F=K,G=L,H=A	95.109612	89.278304	66.666667
9DXD-assembly1.cif	M1239v1TS462_5	214	94	0.365749	0.429408	5054.332747	2797.23501	2182.116633	2926.913047	2872.216114	0.646517	0.82421	5054.332747	5109.029679	4188.370695	920.658984	865.962052	A=L,B=B,C=C,D=D,E=E,F=K,G=G,H=H,I=I,J=J,K=F,L=A	100	100	100
9DXF-assembly1.cif	M1239v1TS091_2	215	17	0.365506	0.387828	5089.68122	2804.177814	2213.187944	4110.373679	2876.493275	0.569763	0.722623	5089.68122	6323.561623	4123.735868	2199.825755	965.945352	A=K,B=B,C=C,D=D,E=E,F=A,G=G,H=H,I=I,J=J,K=F,L=L	100	100	100
9DXF-assembly1.cif	M1239v2TS091_2	215	122	0.365506	0.387828	5089.68122	2804.177814	2213.187944	4110.373679	2876.493275	0.569763	0.722623	5089.68122	6323.561623	4123.735868	2199.825755	965.945352	A=K,B=B,C=C,D=D,E=E,F=A,G=G,H=H,I=I,J=J,K=F,L=L	100	100	100
9DXF-assembly1.cif	M1239v2TS462_5	215	203	0.36547	0.366642	5089.68122	2739.509204	2190.545978	4669.023626	2899.135242	0.671336	0.851883	5089.68122	6859.569604	5089.68122	1769.888385	0	A=A,B=B,C=C,D=D,E=E,F=K,G=G,H=H,I=I,J=J,K=L,L=F	100	100	100
9DXF-assembly1.cif	M1239v1TS369_5	215	84	0.365364	0.382223	5089.68122	2748.718269	2194.280163	4197.727119	2895.401057	0.767452	0.886028	5089.68122	6392.007281	5086.551603	1305.455678	3.129616	A=A,B=B,C=C,D=D,E=E,F=K,G=G,H=H,I=I,J=J,K=L,L=F	100	100	100
9DXF-assembly1.cif	M1239v2TS369_5	215	193	0.365364	0.382223	5089.68122	2748.718269	2194.280163	4197.727119	2895.401057	0.767452	0.886028	5089.68122	6392.007281	5086.551603	1305.455678	3.129616	A=A,B=B,C=C,D=D,E=E,F=K,G=G,H=H,I=I,J=J,K=L,L=F	100	100	100
9DXF-assembly1.cif	M1239v1TS262_2	215	54	0.364912	0.419594	5089.68122	2843.253784	2219.514043	3270.135703	2870.167177	0.648914	0.827265	5089.68122	5489.649746	4375.954172	1113.695574	713.727048	A=A,B=B,C=C,D=D,E=E,F=K,G=G,H=H,I=I,J=J,K=L,L=F	100	100	100
9DXF-assembly1.cif	M1239v1TS262_5	215	57	0.364828	0.419385	5089.68122	2841.329446	2218.336896	3270.982665	2871.344323	0.648225	0.827291	5089.68122	5489.319561	4375.954172	1113.365389	713.727048	A=A,B=B,C=C,D=D,E=E,F=K,G=G,H=H,I=I,J=J,K=L,L=F	100	100	100
9DXD-assembly1.cif	M1239v1TS110_4	214	24	0.364622	0.409223	5054.332747	2730.995477	2155.054981	3323.046635	2899.277766	0.593649	0.801293	5054.332747	5478.101616	4219.782918	1258.318698	834.549829	A=A,B=B,C=C,D=D,E=E,F=L,G=G,H=H,I=I,J=J,K=K,L=F	100	100	100
9DXD-assembly1.cif	M1239v2TS110_1	214	126	0.364622	0.409223	5054.332747	2730.995477	2155.054981	3323.046635	2899.277766	0.593649	0.801293	5054.332747	5478.101616	4219.782918	1258.318698	834.549829	A=A,B=B,C=C,D=D,E=E,F=L,G=G,H=H,I=I,J=J,K=K,L=F	100	100	100
9DXF-assembly1.cif	M1239v2TS208_5	215	147	0.364434	0.440479	5089.68122	2858.58438	2223.957696	2784.266093	2865.723524	0.655858	0.826541	5089.68122	5008.223789	4173.166133	835.057656	916.515086	A=K,B=B,C=C,D=D,E=E,F=A,G=G,H=H,I=I,J=J,K=L,L=F	100	100	100
9DXD-assembly1.cif	M1239v1TS208_2	214	39	0.364401	0.430112	5054.332747	2822.380727	2206.421157	2998.997305	2847.91159	0.603168	0.804506	5054.332747	5205.418462	4127.015348	1078.403114	927.317399	A=F,B=B,C=C,D=D,E=E,F=K,G=G,H=H,I=I,J=J,K=L,L=A	100	100	100
9DXF-assembly1.cif	M1239v1TS489_4	215	103	0.364295	0.42747	5089.68122	2788.121991	2204.96774	3021.705184	2884.71348	0.582749	0.786996	5089.68122	5226.672924	4059.462229	1167.210695	1030.21899	A=A,B=B,C=C,D=D,E=E,F=K,G=G,H=H,I=I,J=J,K=F,L=L	100	100	100
9DXD-assembly1.cif	M1239v2TS235_5	214	157	0.364151	0.414654	5054.332747	2688.211378	2144.14632	3143.369897	2910.186427	0.845897	0.924686	5054.332747	5287.516217	4781.479592	506.036626	272.853155	A=F,B=B,C=C,D=D,E=E,F=K,G=L,H=A	95.109612	89.278304	66.666667
9DXD-assembly1.cif	M1239v2TS286_4	214	176	0.363878	0.428412	5054.332747	2926.589339	2241.31107	3167.701967	2813.021678	0.645009	0.828521	5054.332747	5409.013037	4334.55181	1074.461227	719.780938	A=F,B=B,C=C,D=D,E=E,F=K,G=G,H=H,I=I,J=J,K=A,L=L	100	100	100
9DXF-assembly1.cif	M1239v1TS481_3	215	97	0.363716	0.428478	5089.68122	2869.032659	2239.325251	3123.464325	2850.355969	0.57858	0.778383	5089.68122	5362.789575	4068.010586	1294.77899	1021.670634	A=L,B=B,C=C,D=D,E=E,F=F,G=G,H=H,I=I,J=J,K=A,L=K	100	100	100
9DXF-assembly1.cif	M1239v1TS369_4	215	83	0.363678	0.368521	5089.68122	2854.374154	2233.627964	4798.813439	2856.053256	0.550307	0.678033	5089.68122	7032.441403	4109.597262	2922.844141	980.083957	A=A,B=B,C=C,D=D,E=E,F=K,G=G,H=H,I=I,J=J,K=L,L=F	100	100	100
9DXF-assembly1.cif	M1239v2TS369_4	215	192	0.363678	0.368521	5089.68122	2854.374154	2233.627964	4798.813439	2856.053256	0.550307	0.678033	5089.68122	7032.441403	4109.597262	2922.844141	980.083957	A=A,B=B,C=C,D=D,E=E,F=K,G=G,H=H,I=I,J=J,K=L,L=F	100	100	100
9DXF-assembly1.cif	M1239v2TS167_2	215	134	0.363621	0.386237	5089.68122	2752.105509	2167.20607	3965.27013	2922.475149	0.588192	0.704069	5089.68122	6132.476201	3950.584897	2181.891304	1139.096323	A=L,B=B,C=C,D=D,E=E,F=F,G=G,H=H,I=I,J=J,K=A,L=K	100	100	100
9DXF-assembly1.cif	M1239v2TS450_2	215	195	0.363621	0.386237	5089.68122	2752.105509	2167.20607	3965.27013	2922.475149	0.588192	0.704069	5089.68122	6132.476201	3950.584897	2181.891304	1139.096323	A=L,B=B,C=C,D=D,E=E,F=F,G=G,H=H,I=I,J=J,K=A,L=K	100	100	100
9DXF-assembly1.cif	M1239v2TS110_4	215	129	0.363382	0.392632	5089.68122	2748.993347	2182.838465	3846.479212	2906.842755	0.571691	0.707342	5089.68122	6029.317676	3932.468101	2096.849575	1157.213119	A=L,B=B,C=C,D=D,E=E,F=K,G=G,H=H,I=I,J=J,K=A,L=F	100	100	100
9DXF-assembly1.cif	M1239v1TS489_3	215	102	0.363348	0.426348	5089.68122	2780.616987	2204.764751	3048.118593	2884.916469	0.573648	0.78594	5089.68122	5252.883344	4064.316436	1188.566908	1025.364784	A=L,B=B,C=C,D=D,E=E,F=F,G=G,H=H,I=I,J=J,K=K,L=A	100	100	100
9DXF-assembly1.cif	M1239v2TS167_3	215	135	0.363334	0.389654	5089.68122	2690.899625	2144.806869	3774.290842	2944.87435	0.580346	0.706933	5089.68122	5919.097711	3891.234691	2027.863021	1198.446529	A=L,B=B,C=C,D=D,E=E,F=F,G=G,H=H,I=I,J=J,K=A,L=K	100	100	100
9DXF-assembly1.cif	M1239v2TS450_3	215	196	0.363334	0.389654	5089.68122	2690.899625	2144.806869	3774.290842	2944.87435	0.580346	0.706933	5089.68122	5919.097711	3891.234691	2027.863021	1198.446529	A=L,B=B,C=C,D=D,E=E,F=F,G=G,H=H,I=I,J=J,K=A,L=K	100	100	100
9DXF-assembly1.cif	M1239v1TS286_3	215	65	0.363249	0.375217	5089.68122	2757.944082	2180.612067	4352.907875	2909.069153	0.747826	0.87578	5089.68122	6533.519942	5089.68122	1443.838722	0	A=F,B=B,C=C,D=D,E=E,F=L,G=G,H=H,I=I,J=J,K=K,L=A	100	100	100
9DXF-assembly1.cif	M1239v1TS014_3	215	2	0.363024	0.385637	5089.68122	3325.347595	2395.671767	4939.147087	2694.009453	0.588822	0.816399	5089.68122	7334.818854	5071.672463	2263.146391	18.008757	A=A,B=F,C=L,D=K	90.21097	78.541121	33.333333
9DXD-assembly1.cif	M1239v1TS159_1	214	26	0.362531	0.42979	5054.332747	2969.449817	2251.867739	3172.71168	2802.465008	0.625045	0.819147	5054.332747	5424.579419	4291.882952	1132.696467	762.449795	A=A,B=B,C=C,D=D,E=E,F=L,G=G,H=H,I=I,J=J,K=F,L=K	100	100	100
9DXD-assembly1.cif	M1239v1TS325_1	214	78	0.362531	0.42979	5054.332747	2969.449817	2251.867739	3172.71168	2802.465008	0.625045	0.819147	5054.332747	5424.579419	4291.882952	1132.696467	762.449795	A=A,B=B,C=C,D=D,E=E,F=L,G=G,H=H,I=I,J=J,K=F,L=K	100	100	100
9DXD-assembly1.cif	M1239v2TS159_1	214	131	0.362531	0.42979	5054.332747	2969.449817	2251.867739	3172.71168	2802.465008	0.625045	0.819147	5054.332747	5424.579419	4291.882952	1132.696467	762.449795	A=A,B=B,C=C,D=D,E=E,F=L,G=G,H=H,I=I,J=J,K=F,L=K	100	100	100
9DXF-assembly1.cif	M1239v2TS028_5	215	115	0.362497	0.377433	5089.68122	2743.82118	2178.392636	4275.12478	2911.288584	0.752826	0.881849	5089.68122	6453.517415	5089.68122	1363.836196	0	A=K,B=B,C=C,D=D,E=E,F=A,G=G,H=H,I=I,J=J,K=F,L=L	100	100	100
9DXF-assembly1.cif	M1239v2TS481_2	215	205	0.362486	0.37622	5089.68122	2686.940245	2139.230973	4143.330139	2950.450247	0.574324	0.686486	5089.68122	6282.561112	3903.442232	2379.118881	1186.238988	A=K,B=B,C=C,D=D,E=E,F=A,G=G,H=H,I=I,J=J,K=F,L=L	100	100	100
9DXF-assembly1.cif	M1239v2TS489_4	215	212	0.362287	0.42257	5089.68122	2627.894568	2107.383372	2777.061403	2982.297848	0.547143	0.749222	5089.68122	4884.444775	3736.417921	1148.026854	1353.263298	A=K,B=B,C=C,D=D,E=E,F=A,G=G,H=H,I=I,J=J,K=F,L=L	100	100	100
9DXD-assembly1.cif	M1239v2TS235_1	214	153	0.362275	0.447308	5054.332747	2734.593937	2149.308212	2406.327567	2905.024535	0.746442	0.866642	5054.332747	4555.635779	4164.202023	391.433756	890.130724	A=L,B=B,C=C,D=D,E=E,F=K,G=F,H=A	95.109612	89.278304	66.666667
9DXF-assembly1.cif	M1239v2TS208_4	215	146	0.362194	0.444669	5089.68122	2857.738307	2221.626426	2680.971304	2868.054794	0.683284	0.838677	5089.68122	4902.59773	4190.147666	712.450064	899.533553	A=K,B=B,C=C,D=D,E=E,F=A,G=G,H=H,I=I,J=J,K=L,L=F	100	100	100
9DXF-assembly1.cif	M1239v1TS167_5	215	32	0.361939	0.348917	5089.68122	2733.577564	2160.16027	5132.252602	2929.52095	0.647154	0.822103	5089.68122	7292.412872	5089.68122	2202.731652	0	A=L,B=B,C=C,D=D,E=E,F=F,G=G,H=H,I=I,J=J,K=A,L=K	100	100	100
9DXF-assembly1.cif	M1239v1TS450_5	215	89	0.361939	0.348917	5089.68122	2733.577564	2160.16027	5132.252602	2929.52095	0.647154	0.822103	5089.68122	7292.412872	5089.68122	2202.731652	0	A=L,B=B,C=C,D=D,E=E,F=F,G=G,H=H,I=I,J=J,K=A,L=K	100	100	100
9DXF-assembly1.cif	M1239v1TS033_5	215	15	0.36176	0.375246	5089.68122	2761.050283	2163.423068	4277.582108	2926.258151	0.564017	0.702599	5089.68122	6441.005177	4050.72177	2390.283407	1038.95945	A=F,B=B,C=C,D=D,E=E,F=L,G=G,H=H,I=I,J=J,K=K,L=A	100	100	100
9DXF-assembly1.cif	M1239v2TS028_1	215	111	0.361712	0.461388	5089.68122	2802.536785	2192.348017	2221.236049	2897.333203	0.755186	0.868884	5089.68122	4413.584066	4128.618936	284.96513	961.062284	A=L,B=B,C=C,D=D,E=E,F=F,G=G,H=H,I=I,J=J,K=K,L=A	100	100	100
9DXF-assembly1.cif	M1239v2TS481_1	215	204	0.361673	0.38347	5089.68122	2782.483994	2192.295554	4152.01787	2897.385666	0.697852	0.808495	5089.68122	6344.313424	4622.163536	1722.149888	467.517684	A=K,B=B,C=C,D=D,E=E,F=A,G=G,H=H,I=I,J=J,K=L,L=F	100	100	100
9DXF-assembly1.cif	M1239v1TS110_3	215	23	0.361587	0.440663	5089.68122	2860.036909	2229.352444	2799.139409	2860.328775	0.661418	0.829685	5089.68122	5028.491853	4197.449028	831.042825	892.232191	A=A,B=B,C=C,D=D,E=E,F=F,G=G,H=H,I=I,J=J,K=L,L=K	100	100	100
9DXF-assembly1.cif	M1239v1TS167_3	215	30	0.361553	0.351042	5089.68122	2775.62814	2187.93264	5187.733419	2901.748579	0.642688	0.816048	5089.68122	7375.666059	5086.160099	2289.505961	3.521121	A=F,B=B,C=C,D=D,E=E,F=L,G=G,H=H,I=I,J=J,K=K,L=A	100	100	100
9DXF-assembly1.cif	M1239v1TS450_3	215	87	0.361553	0.351042	5089.68122	2775.62814	2187.93264	5187.733419	2901.748579	0.642688	0.816048	5089.68122	7375.666059	5086.160099	2289.505961	3.521121	A=F,B=B,C=C,D=D,E=E,F=L,G=G,H=H,I=I,J=J,K=K,L=A	100	100	100
9DXF-assembly1.cif	M1239v1TS462_3	215	92	0.361508	0.390367	5089.68122	2753.272809	2153.778699	3791.183468	2935.90252	0.548807	0.699774	5089.68122	5944.962167	3860.878259	2084.083908	1228.802961	A=L,B=B,C=C,D=D,E=E,F=K,G=G,H=H,I=I,J=J,K=A,L=F	100	100	100
9DXF-assembly1.cif	M1239v1TS014_4	215	3	0.361304	0.383775	5089.68122	3250.732694	2357.398714	4838.231267	2732.282505	0.589207	0.823212	5089.68122	7195.629982	5056.70528	2138.924701	32.975939	A=F,B=A,C=K,D=L	90.21097	78.541121	33.333333
9DXF-assembly1.cif	M1239v2TS231_3	215	150	0.360734	0.410314	5089.68122	2694.81194	2162.094989	3286.959445	2927.58623	0.734079	0.871542	5089.68122	5449.054434	4592.47509	856.579343	497.206129	A=F,B=B,C=C,D=D,E=E,F=L,G=G,H=H,I=I,J=J,K=K,L=A	100	100	100
9DXF-assembly1.cif	M1239v2TS231_1	215	148	0.360418	0.39675	5089.68122	2717.831208	2173.055125	3691.546012	2916.626095	0.847747	0.929259	5089.68122	5864.601137	5089.68122	774.919917	0	A=K,B=B,C=C,D=D,E=E,F=A,G=G,H=H,I=I,J=J,K=F,L=L	100	100	100
9DXF-assembly1.cif	M1239v2TS028_4	215	114	0.360201	0.46644	5089.68122	2824.980539	2203.036271	2153.455747	2886.644949	0.743811	0.861963	5089.68122	4356.492018	4071.12735	285.364667	1018.55387	A=A,B=B,C=C,D=D,E=E,F=K,G=G,H=H,I=I,J=J,K=L,L=F	100	100	100
9DXF-assembly1.cif	M1239v1TS204_5	215	37	0.360159	0.414331	5089.68122	2876.857262	2209.897217	3367.713425	2879.784002	0.525921	0.745209	5089.68122	5577.610642	3974.678486	1602.932156	1115.002734	A=F,B=B,C=C,D=D,E=E,F=L,G=G,H=H,I=I,J=J,K=K,L=A	100	100	100
9DXD-assembly1.cif	M1239v2TS294_1	214	178	0.360148	0.443663	5054.332747	2824.093353	2186.945272	2617.309075	2867.387475	0.695722	0.844002	5054.332747	4804.254347	4160.331845	643.922502	894.000903	A=F,B=B,C=C,D=D,E=E,F=A,G=G,H=H,I=I,J=J,K=L,L=K	100	100	100
9DXF-assembly1.cif	M1239v1TS369_1	215	80	0.35994	0.36827	5089.68122	2783.041837	2191.833191	4621.89999	2897.848029	0.720214	0.855163	5089.68122	6813.733181	5089.68122	1724.051961	0	A=L,B=B,C=C,D=D,E=E,F=F,G=G,H=H,I=I,J=J,K=A,L=K	100	100	100
9DXF-assembly1.cif	M1239v2TS369_1	215	189	0.35994	0.36827	5089.68122	2783.041837	2191.833191	4621.89999	2897.848029	0.720214	0.855163	5089.68122	6813.733181	5089.68122	1724.051961	0	A=L,B=B,C=C,D=D,E=E,F=F,G=G,H=H,I=I,J=J,K=A,L=K	100	100	100
9DXF-assembly1.cif	M1239v2TS294_3	215	180	0.359787	0.433011	5089.68122	2795.31928	2199.874674	2871.276612	2889.806545	0.673616	0.836511	5089.68122	5071.151287	4249.822064	821.329223	839.859156	A=F,B=B,C=C,D=D,E=E,F=A,G=G,H=H,I=I,J=J,K=K,L=L	100	100	100
9DXF-assembly1.cif	M1239v1TS294_5	215	72	0.359539	0.427689	5089.68122	2724.261652	2166.568692	2875.26381	2923.112528	0.607052	0.802598	5089.68122	5041.832502	4065.766331	976.06617	1023.914889	A=K,B=B,C=C,D=D,E=E,F=A,G=G,H=H,I=I,J=J,K=L,L=F	100	100	100
9DXF-assembly1.cif	M1239v2TS167_4	215	136	0.35946	0.355991	5089.68122	2755.756927	2161.582367	4892.77169	2928.098853	0.573905	0.651744	5089.68122	7054.354057	3957.401078	3096.952979	1132.280142	A=K,B=B,C=C,D=D,E=E,F=A,G=G,H=H,I=I,J=J,K=F,L=L	100	100	100
9DXF-assembly1.cif	M1239v2TS450_4	215	197	0.35946	0.355991	5089.68122	2755.756927	2161.582367	4892.77169	2928.098853	0.573905	0.651744	5089.68122	7054.354057	3957.401078	3096.952979	1132.280142	A=K,B=B,C=C,D=D,E=E,F=A,G=G,H=H,I=I,J=J,K=F,L=L	100	100	100
9DXD-assembly1.cif	M1239v1TS286_2	214	64	0.359366	0.407596	5054.332747	2685.324856	2135.821329	3289.929843	2918.511418	0.661655	0.836823	5054.332747	5425.751173	4384.986676	1040.764496	669.346071	A=K,B=B,C=C,D=D,E=E,F=F,G=G,H=H,I=I,J=J,K=A,L=L	100	100	100
9DXF-assembly1.cif	M1239v1TS014_5	215	4	0.35909	0.382251	5089.68122	3253.189616	2353.638467	4871.301611	2736.042753	0.59042	0.823878	5089.68122	7224.940078	5072.875805	2152.064273	16.805414	A=A,B=F,C=L,D=K	90.21097	78.541121	33.333333
9DXF-assembly1.cif	M1239v1TS262_1	215	53	0.358996	0.385252	5089.68122	2985.920314	2240.01289	4299.112183	2849.668329	0.726051	0.875357	5089.68122	6539.125074	5089.68122	1449.443854	0	A=K,B=B,C=C,D=D,E=E,F=A,G=G,H=H,I=I,J=J,K=F,L=L	100	100	100
9DXF-assembly1.cif	M1239v1TS481_5	215	99	0.358863	0.436131	5089.68122	2738.184214	2152.655364	2629.252405	2937.025856	0.594431	0.790893	5089.68122	4781.907769	3903.686297	878.221472	1185.994923	A=A,B=B,C=C,D=D,E=E,F=K,G=G,H=H,I=I,J=J,K=L,L=F	100	100	100
9DXF-assembly1.cif	M1239v1TS262_3	215	55	0.358823	0.385234	5089.68122	2985.806098	2239.736144	4298.506553	2849.945075	0.726253	0.875424	5089.68122	6538.242697	5089.68122	1448.561478	0	A=K,B=B,C=C,D=D,E=E,F=A,G=G,H=H,I=I,J=J,K=F,L=L	100	100	100
9DXF-assembly1.cif	M1239v2TS014_2	215	106	0.3587	0.366885	5089.68122	3191.940438	2323.312489	5252.090316	2766.36873	0.583686	0.803734	5089.68122	7575.402806	5089.68122	2485.721586	0	A=A,B=K,C=L,D=F	90.21097	78.541121	33.333333
9DXD-assembly1.cif	M1239v1TS235_2	214	44	0.358543	0.455455	5054.332747	2697.80978	2141.944927	2209.465429	2912.38782	0.745542	0.863263	5054.332747	4351.410355	4059.81274	291.597615	994.520007	A=K,B=B,C=C,D=D,E=E,F=L,G=A,H=F	95.109612	89.278304	66.666667
9DXF-assembly1.cif	M1239v1TS489_5	215	104	0.358541	0.406419	5089.68122	2608.26942	2096.7724	3131.816903	2992.90882	0.49836	0.725941	5089.68122	5228.589303	3745.228954	1483.360349	1344.452266	A=A,B=B,C=C,D=D,E=E,F=K,G=G,H=H,I=I,J=J,K=L,L=F	100	100	100
9DXF-assembly1.cif	M1239v2TS294_4	215	181	0.358486	0.416866	5089.68122	2729.10217	2180.498683	3191.213266	2909.182537	0.552188	0.770982	5089.68122	5371.711949	4032.771219	1338.940731	1056.910001	A=A,B=B,C=C,D=D,E=E,F=F,G=G,H=H,I=I,J=J,K=L,L=K	100	100	100
9DXF-assembly1.cif	M1239v1TS462_1	215	90	0.358438	0.394702	5089.68122	2732.856847	2175.253343	3757.328753	2914.427877	0.59806	0.758247	5089.68122	5932.582096	4178.798156	1753.783939	910.883063	A=L,B=B,C=C,D=D,E=E,F=K,G=G,H=H,I=I,J=J,K=A,L=F	100	100	100
9DXF-assembly1.cif	M1239v1TS204_3	215	35	0.358335	0.368722	5089.68122	2801.699268	2180.089129	4555.35333	2909.59209	0.698252	0.860825	5089.68122	6735.442459	5089.68122	1645.761239	0	A=L,B=B,C=C,D=D,E=E,F=F,G=G,H=H,I=I,J=J,K=A,L=K	100	100	100
9DXF-assembly1.cif	M1239v1TS462_2	215	91	0.358038	0.373364	5089.68122	2702.41989	2128.499033	4183.551693	2961.182187	0.791311	0.884556	5089.68122	6312.050726	5042.735589	1269.315137	46.945631	A=K,B=B,C=C,D=D,E=E,F=L,G=G,H=H,I=I,J=J,K=F,L=A	100	100	100
9DXF-assembly1.cif	M1239v2TS208_2	215	144	0.35788	0.434229	5089.68122	2855.252954	2198.730392	2838.653076	2890.950828	0.68301	0.840686	5089.68122	5037.383467	4256.84301	780.540457	832.83821	A=F,B=B,C=C,D=D,E=E,F=L,G=G,H=H,I=I,J=J,K=A,L=K	100	100	100
9DXF-assembly1.cif	M1239v1TS294_4	215	71	0.357739	0.425134	5089.68122	2726.415256	2172.090747	2956.61081	2917.590472	0.602731	0.802124	5089.68122	5128.701558	4098.20487	1030.496688	991.47635	A=L,B=B,C=C,D=D,E=E,F=F,G=G,H=H,I=I,J=J,K=K,L=A	100	100	100
9DXD-assembly1.cif	M1239v1TS235_4	214	46	0.357714	0.416765	5054.332747	2680.966894	2128.550389	3031.754321	2925.782358	0.633972	0.818885	5054.332747	5160.30471	4182.305017	977.999693	872.02773	A=F,B=B,C=C,D=D,E=E,F=K,G=L,H=A	95.109612	89.278304	66.666667
9DXF-assembly1.cif	M1239v1TS235_5	215	47	0.357583	0.453998	5089.68122	2680.431416	2146.796397	2220.806751	2942.884823	0.745373	0.862966	5089.68122	4367.603148	4080.656945	286.946203	1009.024275	A=F,B=B,C=C,D=D,E=E,F=L,G=K,H=A	95.105485	89.270561	66.666667
9DXF-assembly1.cif	M1239v1TS204_4	215	36	0.357535	0.390721	5089.68122	2830.216421	2207.50207	4002.449589	2882.17915	0.542695	0.746538	5089.68122	6209.951659	4217.802754	1992.148905	871.878466	A=F,B=B,C=C,D=D,E=E,F=L,G=G,H=H,I=I,J=J,K=K,L=A	100	100	100
9DXF-assembly1.cif	M1239v1TS110_5	215	25	0.357533	0.414711	5089.68122	2901.639415	2246.350029	3497.287181	2843.331191	0.591233	0.751047	5089.68122	5743.63721	4068.164038	1675.473172	1021.517182	A=K,B=B,C=C,D=D,E=E,F=A,G=G,H=H,I=I,J=J,K=F,L=L	100	100	100
9DXF-assembly1.cif	M1239v2TS110_2	215	127	0.357533	0.414711	5089.68122	2901.639415	2246.350029	3497.287181	2843.331191	0.591233	0.751047	5089.68122	5743.63721	4068.164038	1675.473172	1021.517182	A=K,B=B,C=C,D=D,E=E,F=A,G=G,H=H,I=I,J=J,K=F,L=L	100	100	100
9DXF-assembly1.cif	M1239v2TS294_5	215	182	0.357406	0.424841	5089.68122	2734.034037	2160.326083	2920.040684	2929.355137	0.562419	0.774549	5089.68122	5080.366767	3938.601266	1141.765502	1151.079954	A=L,B=B,C=C,D=D,E=E,F=K,G=G,H=H,I=I,J=J,K=A,L=F	100	100	100
9DXF-assembly1.cif	M1239v2TS481_4	215	207	0.357298	0.40388	5089.68122	2795.707375	2180.909853	3529.194468	2908.771367	0.67146	0.845167	5089.68122	5710.104321	4563.811501	1146.29282	525.869719	A=F,B=B,C=C,D=D,E=E,F=L,G=G,H=H,I=I,J=J,K=K,L=A	100	100	100
9DXF-assembly1.cif	M1239v1TS489_1	215	100	0.357275	0.41721	5089.68122	2858.283413	2213.614814	3308.210819	2876.066406	0.572701	0.785002	5089.68122	5521.825633	4165.024709	1356.800924	924.656511	A=L,B=B,C=C,D=D,E=E,F=F,G=G,H=H,I=I,J=J,K=K,L=A	100	100	100
9DXF-assembly1.cif	M1239v2TS033_1	215	116	0.356897	0.372118	5089.68122	2606.229459	2094.107146	4071.267709	2995.574074	0.72342	0.857208	5089.68122	6165.374854	4823.96444	1341.410414	265.716779	A=A,B=B,C=C,D=D,E=E,F=K,G=G,H=H,I=I,J=J,K=L,L=F	100	100	100
9DXF-assembly1.cif	M1239v1TS014_1	215	0	0.356766	0.379678	5089.68122	3273.7928	2353.269531	4953.191738	2736.411689	0.596295	0.816113	5089.68122	7306.461269	5058.323517	2248.137751	31.357703	A=A,B=F,C=L,D=K	90.21097	78.541121	33.333333
9DXF-assembly1.cif	M1239v2TS235_4	215	156	0.356613	0.436633	5089.68122	2649.712612	2141.461146	2577.828055	2948.220073	0.682305	0.835154	5089.68122	4719.289201	4096.001032	623.28817	993.680188	A=F,B=B,C=C,D=D,E=E,F=L,G=A,H=K	95.105485	89.270561	66.666667
9DXF-assembly1.cif	M1239v1TS028_4	215	9	0.356565	0.452978	5089.68122	2722.558862	2159.366728	2285.051958	2930.314492	0.734146	0.858077	5089.68122	4444.418686	4090.494924	353.923762	999.186296	A=A,B=B,C=C,D=D,E=E,F=K,G=G,H=H,I=I,J=J,K=F,L=L	100	100	100
9DXF-assembly1.cif	M1239v2TS014_3	215	107	0.356293	0.366527	5089.68122	3188.87772	2315.191052	5228.254169	2774.490168	0.584806	0.805767	5089.68122	7543.44522	5089.68122	2453.764	0	A=K,B=A,C=F,D=L	90.21097	78.541121	33.333333
9DXF-assembly1.cif	M1239v1TS033_3	215	13	0.355868	0.363549	5089.68122	2665.462564	2140.180986	4543.949245	2949.500234	0.609472	0.70912	5089.68122	6684.130231	4174.524376	2509.605855	915.156844	A=K,B=B,C=C,D=D,E=E,F=A,G=G,H=H,I=I,J=J,K=L,L=F	100	100	100
9DXF-assembly1.cif	M1239v1TS110_2	215	22	0.355782	0.461014	5089.68122	2700.056919	2149.147114	2084.7414	2940.534106	0.768184	0.873453	5089.68122	4233.888514	4071.850235	162.038279	1017.830985	A=F,B=B,C=C,D=D,E=E,F=L,G=G,H=H,I=I,J=J,K=K,L=A	100	100	100
9DXF-assembly1.cif	M1239v2TS014_6	215	110	0.355752	0.365279	5089.68122	3180.889801	2311.937818	5256.844822	2777.743402	0.584021	0.804155	5089.68122	7568.782639	5089.68122	2479.10142	0	A=K,B=A,C=F,D=L	90.21097	78.541121	33.333333
9DXF-assembly1.cif	M1239v2TS286_4	215	176	0.355658	0.417188	5089.68122	2856.337801	2189.96578	3219.047257	2899.71544	0.616725	0.812302	5089.68122	5409.013037	4264.05715	1144.955887	825.62407	A=K,B=B,C=C,D=D,E=E,F=A,G=G,H=H,I=I,J=J,K=L,L=F	100	100	100
9DXD-assembly1.cif	M1239v2TS286_5	214	177	0.355441	0.394418	5054.332747	2747.194162	2160.502092	3740.548737	2893.830656	0.514539	0.709682	5054.332747	5901.050829	3887.416795	2013.634034	1166.915952	A=K,B=B,C=C,D=D,E=E,F=F,G=G,H=H,I=I,J=J,K=L,L=A	100	100	100
9DXF-assembly1.cif	M1239v1TS014_2	215	1	0.355346	0.37791	5089.68122	3262.396139	2347.477372	4986.318792	2742.203847	0.585789	0.814133	5089.68122	7333.796164	5057.182456	2276.613708	32.498764	A=F,B=A,C=K,D=L	90.21097	78.541121	33.333333
9DXF-assembly1.cif	M1239v2TS014_1	215	105	0.355261	0.365224	5089.68122	3266.288712	2353.143345	5443.192503	2736.537874	0.539465	0.789954	5089.68122	7796.335848	5089.68122	2706.654628	0	A=K,B=L,C=F,D=A	90.21097	78.541121	33.333333
9DXF-assembly1.cif	M1239v1TS167_4	215	31	0.355172	0.364007	5089.68122	2812.180659	2164.032507	4636.341725	2925.648713	0.727452	0.856124	5089.68122	6800.374232	5089.68122	1710.693012	0	A=A,B=B,C=C,D=D,E=E,F=K,G=G,H=H,I=I,J=J,K=L,L=F	100	100	100
9DXF-assembly1.cif	M1239v1TS450_4	215	88	0.355172	0.364007	5089.68122	2812.180659	2164.032507	4636.341725	2925.648713	0.727452	0.856124	5089.68122	6800.374232	5089.68122	1710.693012	0	A=A,B=B,C=C,D=D,E=E,F=K,G=G,H=H,I=I,J=J,K=L,L=F	100	100	100
9DXF-assembly1.cif	M1239v2TS462_2	215	200	0.354885	0.450423	5089.68122	2728.163197	2158.136581	2334.902004	2931.544638	0.736905	0.860262	5089.68122	4493.038585	4121.824133	371.214453	967.857087	A=L,B=B,C=C,D=D,E=E,F=F,G=G,H=H,I=I,J=J,K=A,L=K	100	100	100
9DXF-assembly1.cif	M1239v1TS235_1	215	43	0.354498	0.426564	5089.68122	2694.374785	2130.274936	2768.104473	2959.406284	0.644587	0.81889	5089.68122	4898.379409	4089.562057	808.817351	1000.119162	A=L,B=B,C=C,D=D,E=E,F=K,G=A,H=F	95.105485	89.270561	66.666667
9DXF-assembly1.cif	M1239v2TS014_5	215	109	0.354374	0.367348	5089.68122	3221.692366	2322.466981	5232.356047	2767.214238	0.580156	0.805042	5089.68122	7554.823028	5089.68122	2465.141809	0	A=A,B=K,C=L,D=F	90.21097	78.541121	33.333333
9DXD-assembly1.cif	M1239v2TS204_4	214	141	0.354284	0.37094	5054.332747	2790.614536	2178.742598	4514.062142	2875.590149	0.497372	0.664273	5054.332747	6692.804739	3901.650981	2791.153758	1152.681766	A=L,B=B,C=C,D=D,E=E,F=A,G=G,H=H,I=I,J=J,K=K,L=F	100	100	100
9DXF-assembly1.cif	M1239v1TS014_6	215	5	0.354099	0.375842	5089.68122	3255.604364	2338.842698	5017.36459	2750.838522	0.587963	0.813873	5089.68122	7356.207288	5064.684417	2291.522871	24.996803	A=K,B=L,C=F,D=A	90.21097	78.541121	33.333333
9DXD-assembly1.cif	M1239v2TS204_3	214	140	0.353855	0.389148	5054.332747	2866.625982	2212.019008	4102.167523	2842.313739	0.524855	0.695979	5054.332747	6314.186532	3956.123926	2358.062605	1098.208821	A=A,B=B,C=C,D=D,E=E,F=L,G=G,H=H,I=I,J=J,K=F,L=K	100	100	100
9DXF-assembly1.cif	M1239v1TS489_2	215	101	0.353186	0.416908	5089.68122	2833.350524	2189.956121	3226.078494	2899.725098	0.597183	0.804408	5089.68122	5416.034615	4225.442444	1190.592172	864.238776	A=F,B=B,C=C,D=D,E=E,F=L,G=G,H=H,I=I,J=J,K=A,L=K	100	100	100
9DXF-assembly1.cif	M1239v2TS033_4	215	119	0.353164	0.361135	5089.68122	2777.624817	2160.519843	4714.980013	2929.161377	0.661997	0.773492	5089.68122	6875.499856	4627.483285	2248.016571	462.197935	A=F,B=B,C=C,D=D,E=E,F=L,G=G,H=H,I=I,J=J,K=K,L=A	100	100	100
9DXF-assembly1.cif	M1239v1TS208_1	215	38	0.353087	0.421787	5089.68122	2791.866875	2181.67681	3073.566799	2908.004409	0.585266	0.79001	5089.68122	5255.24361	4086.299426	1168.944184	1003.381794	A=F,B=B,C=C,D=D,E=E,F=L,G=G,H=H,I=I,J=J,K=K,L=A	100	100	100
9DXF-assembly1.cif	M1239v2TS014_4	215	108	0.352998	0.368246	5089.68122	3279.313086	2349.356662	5320.68323	2740.324557	0.564295	0.797773	5089.68122	7670.039892	5089.68122	2580.358672	0	A=A,B=K,C=L,D=F	90.21097	78.541121	33.333333
9DXF-assembly1.cif	M1239v1TS091_5	215	20	0.352942	0.365124	5089.68122	2742.042801	2152.298282	4547.434222	2937.382938	0.562841	0.704513	5089.68122	6699.732503	4152.89965	2546.832853	936.78157	A=F,B=B,C=C,D=D,E=E,F=L,G=G,H=H,I=I,J=J,K=K,L=A	100	100	100
9DXF-assembly1.cif	M1239v2TS091_5	215	125	0.352942	0.365124	5089.68122	2742.042801	2152.298282	4547.434222	2937.382938	0.562841	0.704513	5089.68122	6699.732503	4152.89965	2546.832853	936.78157	A=F,B=B,C=C,D=D,E=E,F=L,G=G,H=H,I=I,J=J,K=K,L=A	100	100	100
9DXF-assembly1.cif	M1239v1TS204_2	215	34	0.35265	0.409521	5089.68122	2792.105103	2178.215468	3369.961566	2911.465751	0.545983	0.770992	5089.68122	5548.177034	4100.853238	1447.323796	988.827982	A=L,B=B,C=C,D=D,E=E,F=F,G=G,H=H,I=I,J=J,K=K,L=A	100	100	100
9DXF-assembly1.cif	M1239v2TS204_1	215	138	0.35265	0.409521	5089.68122	2792.105103	2178.215468	3369.961566	2911.465751	0.545983	0.770992	5089.68122	5548.177034	4100.853238	1447.323796	988.827982	A=L,B=B,C=C,D=D,E=E,F=F,G=G,H=H,I=I,J=J,K=K,L=A	100	100	100
9DXF-assembly1.cif	M1239v1TS091_4	215	19	0.352463	0.409969	5089.68122	2702.610345	2130.147137	3171.91255	2959.534083	0.587087	0.791654	5089.68122	5302.059686	4113.331481	1188.728206	976.349739	A=F,B=B,C=C,D=D,E=E,F=L,G=G,H=H,I=I,J=J,K=A,L=K	100	100	100
9DXF-assembly1.cif	M1239v2TS091_4	215	124	0.352463	0.409969	5089.68122	2702.610345	2130.147137	3171.91255	2959.534083	0.587087	0.791654	5089.68122	5302.059686	4113.331481	1188.728206	976.349739	A=F,B=B,C=C,D=D,E=E,F=L,G=G,H=H,I=I,J=J,K=A,L=K	100	100	100
9DXF-assembly1.cif	M1239v1TS369_2	215	81	0.352324	0.367921	5089.68122	2696.8882	2152.780967	4459.947432	2936.900253	0.569715	0.707005	5089.68122	6612.728399	4136.828276	2475.900123	952.852944	A=K,B=B,C=C,D=D,E=E,F=A,G=G,H=H,I=I,J=J,K=F,L=L	100	100	100
9DXF-assembly1.cif	M1239v2TS369_2	215	190	0.352324	0.367921	5089.68122	2696.8882	2152.780967	4459.947432	2936.900253	0.569715	0.707005	5089.68122	6612.728399	4136.828276	2475.900123	952.852944	A=K,B=B,C=C,D=D,E=E,F=A,G=G,H=H,I=I,J=J,K=F,L=L	100	100	100
9DXF-assembly1.cif	M1239v1TS033_4	215	14	0.352031	0.417957	5089.68122	2721.125007	2154.597257	3065.852144	2935.083963	0.684426	0.844214	5089.68122	5220.449401	4351.979698	868.469703	737.701522	A=L,B=B,C=C,D=D,E=E,F=F,G=G,H=H,I=I,J=J,K=A,L=K	100	100	100
9DXF-assembly1.cif	M1239v2TS110_3	215	128	0.352018	0.400609	5089.68122	2870.66255	2193.090994	3666.002654	2896.590226	0.649594	0.785068	5089.68122	5859.093648	4297.767761	1561.325886	791.913459	A=L,B=B,C=C,D=D,E=E,F=F,G=G,H=H,I=I,J=J,K=K,L=A	100	100	100
9DXF-assembly1.cif	M1239v1TS167_2	215	29	0.351952	0.367841	5089.68122	2768.865872	2157.821024	4484.854214	2931.860195	0.721296	0.867632	5089.68122	6642.675238	5089.68122	1552.994019	0	A=L,B=B,C=C,D=D,E=E,F=F,G=G,H=H,I=I,J=J,K=A,L=K	100	100	100
9DXF-assembly1.cif	M1239v1TS450_2	215	86	0.351952	0.367841	5089.68122	2768.865872	2157.821024	4484.854214	2931.860195	0.721296	0.867632	5089.68122	6642.675238	5089.68122	1552.994019	0	A=L,B=B,C=C,D=D,E=E,F=F,G=G,H=H,I=I,J=J,K=A,L=K	100	100	100
9DXF-assembly1.cif	M1239v1TS481_1	215	95	0.351591	0.421326	5089.68122	2747.274271	2146.889242	2954.537565	2942.791978	0.619653	0.810045	5089.68122	5101.426807	4127.630342	973.796465	962.050878	A=L,B=B,C=C,D=D,E=E,F=F,G=G,H=H,I=I,J=J,K=A,L=K	100	100	100
9DXF-assembly1.cif	M1239v1TS481_4	215	98	0.35144	0.421607	5089.68122	2675.171051	2134.342497	2900.770787	2955.338723	0.600075	0.79896	5089.68122	5035.113284	4044.650956	990.462328	1045.030264	A=F,B=B,C=C,D=D,E=E,F=L,G=G,H=H,I=I,J=J,K=K,L=A	100	100	100
9DXF-assembly1.cif	M1239v1TS262_4	215	56	0.351086	0.371073	5089.68122	2715.867265	2120.002106	4216.645823	2969.679114	0.755526	0.888804	5089.68122	6336.647929	5077.880726	1258.767203	11.800494	A=F,B=B,C=C,D=D,E=E,F=L,G=G,H=H,I=I,J=J,K=K,L=A	100	100	100
9DXF-assembly1.cif	M1239v2TS481_5	215	208	0.351023	0.37719	5089.68122	2516.933273	2057.344171	3761.771393	3032.337049	0.815392	0.913868	5089.68122	5819.115564	4984.601039	834.514525	105.080181	A=L,B=B,C=C,D=D,E=E,F=F,G=G,H=H,I=I,J=J,K=K,L=A	100	100	100
9DXF-assembly1.cif	M1239v1TS028_3	215	8	0.350897	0.451257	5089.68122	2772.427163	2156.204544	2310.560207	2933.476676	0.771293	0.878192	5089.68122	4466.764751	4196.199373	270.565377	893.481846	A=L,B=B,C=C,D=D,E=E,F=F,G=G,H=H,I=I,J=J,K=K,L=A	100	100	100
9DXF-assembly1.cif	M1239v1TS286_4	215	66	0.350493	0.40483	5089.68122	2724.618306	2142.413325	3352.157525	2947.267895	0.554083	0.770894	5089.68122	5494.57085	4079.670243	1414.900607	1010.010977	A=K,B=B,C=C,D=D,E=E,F=A,G=G,H=H,I=I,J=J,K=F,L=L	100	100	100
9DXF-assembly1.cif	M1239v2TS235_5	215	157	0.350152	0.406806	5089.68122	2608.423949	2110.752052	3176.764165	2978.929167	0.825087	0.914211	5089.68122	5287.516217	4743.473005	544.043212	346.208214	A=F,B=B,C=C,D=D,E=E,F=L,G=K,H=A	95.105485	89.270561	66.666667
9DXF-assembly1.cif	M1239v1TS208_4	215	40	0.349953	0.419482	5089.68122	2673.604846	2127.052308	2924.595243	2962.628912	0.59245	0.795461	5089.68122	5051.647551	4033.514062	1018.133489	1056.167157	A=A,B=B,C=C,D=D,E=E,F=K,G=G,H=H,I=I,J=J,K=L,L=F	100	100	100
9DXF-assembly1.cif	M1239v2TS262_4	215	166	0.34949	0.371675	5089.68122	2650.795395	2090.656698	4069.584356	2999.024522	0.79983	0.904578	5089.68122	6160.241054	5088.217379	1072.023676	1.463841	A=F,B=B,C=C,D=D,E=E,F=L,G=G,H=H,I=I,J=J,K=K,L=A	100	100	100
9DXF-assembly1.cif	M1239v2TS262_2	215	164	0.349349	0.371633	5089.68122	2650.712998	2090.25647	4069.103888	2999.42475	0.800231	0.904649	5089.68122	6159.360357	5088.217379	1071.142979	1.463841	A=F,B=B,C=C,D=D,E=E,F=L,G=G,H=H,I=I,J=J,K=K,L=A	100	100	100
9DXF-assembly1.cif	M1239v2TS033_3	215	118	0.34921	0.358668	5089.68122	2578.573855	2069.211091	4379.413731	3020.470129	0.757336	0.882223	5089.68122	6448.624822	5089.68122	1358.943603	0	A=K,B=B,C=C,D=D,E=E,F=A,G=G,H=H,I=I,J=J,K=L,L=F	100	100	100
9DXF-assembly1.cif	M1239v2TS028_3	215	113	0.347859	0.420523	5089.68122	2744.604939	2139.428226	2945.963339	2950.252993	0.600613	0.792485	5089.68122	5085.391566	4031.798175	1053.59339	1057.883044	A=A,B=B,C=C,D=D,E=E,F=K,G=G,H=H,I=I,J=J,K=L,L=F	100	100	100
9DXF-assembly1.cif	M1239v2TS286_3	215	175	0.3477	0.358265	5089.68122	2776.749466	2137.097249	4703.474589	2952.58397	0.56752	0.800881	5089.68122	6840.571838	4777.355613	2063.216225	312.325606	A=F,B=B,C=C,D=D,E=E,F=L,G=G,H=H,I=I,J=J,K=A,L=K	100	100	100
9DXF-assembly1.cif	M1239v1TS208_2	215	39	0.347317	0.414185	5089.68122	2684.266438	2132.039013	3073.379449	2957.642207	0.58709	0.79078	5089.68122	5205.418462	4070.57921	1134.839252	1019.10201	A=F,B=B,C=C,D=D,E=E,F=L,G=G,H=H,I=I,J=J,K=K,L=A	100	100	100
9DXF-assembly1.cif	M1239v2TS204_3	215	140	0.347308	0.371393	5089.68122	2734.241329	2117.658003	4196.528528	2972.023216	0.591034	0.696309	5089.68122	6314.186532	3970.309198	2343.877334	1119.372022	A=L,B=B,C=C,D=D,E=E,F=F,G=G,H=H,I=I,J=J,K=K,L=A	100	100	100
9DXF-assembly1.cif	M1239v2TS231_2	215	149	0.347193	0.382738	5089.68122	2662.435656	2111.219357	3831.304506	2978.461863	0.618128	0.740293	5089.68122	5942.523863	4083.532454	1858.991409	1006.148766	A=K,B=B,C=C,D=D,E=E,F=A,G=G,H=H,I=I,J=J,K=F,L=L	100	100	100
9DXF-assembly1.cif	M1239v2TS235_2	215	154	0.345743	0.445926	5089.68122	2797.162777	2158.080141	2431.327185	2931.601079	0.733362	0.85979	5089.68122	4589.407325	4160.993129	428.414196	928.68809	A=A,B=B,C=C,D=D,E=E,F=K,G=L,H=F	95.105485	89.270561	66.666667
9DXF-assembly1.cif	M1239v2TS286_1	215	173	0.345526	0.443842	5089.68122	2684.584963	2112.629987	2317.425306	2977.051232	0.684904	0.831535	5089.68122	4430.055294	3957.998701	472.056593	1131.682519	A=L,B=B,C=C,D=D,E=E,F=F,G=G,H=H,I=I,J=J,K=A,L=K	100	100	100
9DXF-assembly1.cif	M1239v1TS159_1	215	26	0.345383	0.411348	5089.68122	2858.637611	2162.511067	3262.068352	2927.170153	0.608372	0.804868	5089.68122	5424.579419	4231.293847	1193.285572	858.387373	A=K,B=B,C=C,D=D,E=E,F=A,G=G,H=H,I=I,J=J,K=L,L=F	100	100	100
9DXF-assembly1.cif	M1239v1TS325_1	215	78	0.345383	0.411348	5089.68122	2858.637611	2162.511067	3262.068352	2927.170153	0.608372	0.804868	5089.68122	5424.579419	4231.293847	1193.285572	858.387373	A=K,B=B,C=C,D=D,E=E,F=A,G=G,H=H,I=I,J=J,K=L,L=F	100	100	100
9DXF-assembly1.cif	M1239v2TS159_1	215	131	0.345383	0.411348	5089.68122	2858.637611	2162.511067	3262.068352	2927.170153	0.608372	0.804868	5089.68122	5424.579419	4231.293847	1193.285572	858.387373	A=K,B=B,C=C,D=D,E=E,F=A,G=G,H=H,I=I,J=J,K=L,L=F	100	100	100
9DXF-assembly1.cif	M1239v1TS204_1	215	33	0.345195	0.369828	5089.68122	2800.556224	2167.341846	4463.793359	2922.339374	0.697141	0.868486	5089.68122	6631.135204	5089.68122	1541.453985	0	A=K,B=B,C=C,D=D,E=E,F=A,G=G,H=H,I=I,J=J,K=F,L=L	100	100	100
9DXF-assembly1.cif	M1239v2TS231_5	215	152	0.34518	0.39217	5089.68122	2870.302602	2186.873193	3876.128698	2902.808026	0.614885	0.748156	5089.68122	6063.001891	4171.973055	1891.028837	917.708165	A=F,B=B,C=C,D=D,E=E,F=L,G=G,H=H,I=I,J=J,K=K,L=A	100	100	100
9DXF-assembly1.cif	M1239v2TS286_5	215	177	0.345121	0.379827	5089.68122	2667.004129	2087.285764	3813.765065	3002.395456	0.580968	0.710063	5089.68122	5901.050829	3902.054864	1998.995965	1187.626356	A=K,B=B,C=C,D=D,E=E,F=A,G=G,H=H,I=I,J=J,K=L,L=F	100	100	100
9DXF-assembly1.cif	M1239v2TS204_2	215	139	0.344831	0.36961	5089.68122	2795.588313	2165.047568	4460.569921	2924.633652	0.698225	0.868895	5089.68122	6625.617488	5089.68122	1535.936269	0	A=K,B=B,C=C,D=D,E=E,F=A,G=G,H=H,I=I,J=J,K=F,L=L	100	100	100
9DXF-assembly1.cif	M1239v2TS294_1	215	178	0.344421	0.428104	5089.68122	2686.022448	2117.818739	2686.435608	2971.862481	0.675686	0.833165	5089.68122	4804.254347	4121.639567	682.61478	968.041652	A=A,B=B,C=C,D=D,E=E,F=F,G=G,H=H,I=I,J=J,K=L,L=K	100	100	100
9DXF-assembly1.cif	M1239v2TS286_2	215	174	0.343967	0.369461	5089.68122	2682.838063	2109.723542	4221.155003	2979.957677	0.768589	0.891319	5089.68122	6330.878545	5089.68122	1241.197326	0	A=A,B=B,C=C,D=D,E=E,F=K,G=G,H=H,I=I,J=J,K=L,L=F	100	100	100
9DXF-assembly1.cif	M1239v1TS091_1	215	16	0.343316	0.376528	5089.68122	2742.133948	2134.360977	4113.007849	2955.320243	0.554781	0.723486	5089.68122	6247.368826	4101.096216	2146.27261	988.585004	A=K,B=B,C=C,D=D,E=E,F=A,G=G,H=H,I=I,J=J,K=F,L=L	100	100	100
9DXF-assembly1.cif	M1239v2TS091_3	215	123	0.343316	0.376528	5089.68122	2742.133948	2134.360977	4113.007849	2955.320243	0.554781	0.723486	5089.68122	6247.368826	4101.096216	2146.27261	988.585004	A=K,B=B,C=C,D=D,E=E,F=A,G=G,H=H,I=I,J=J,K=F,L=L	100	100	100
9DXF-assembly1.cif	M1239v2TS204_5	215	142	0.342809	0.369749	5089.68122	2897.761519	2179.57338	4520.226019	2910.107839	0.658513	0.738821	5089.68122	6699.799399	4355.159494	2344.639905	734.521725	A=L,B=B,C=C,D=D,E=E,F=F,G=G,H=H,I=I,J=J,K=K,L=A	100	100	100
9DXF-assembly1.cif	M1239v2TS033_2	215	117	0.342706	0.355378	5089.68122	2738.41117	2127.481393	4755.886045	2962.199827	0.65027	0.85019	5089.68122	6883.367438	5089.68122	1793.686218	0	A=F,B=B,C=C,D=D,E=E,F=L,G=G,H=H,I=I,J=J,K=K,L=A	100	100	100
9DXF-assembly1.cif	M1239v1TS110_4	215	24	0.342066	0.39445	5089.68122	2631.464669	2084.231869	3393.869747	3005.44935	0.580563	0.789794	5089.68122	5478.101616	4173.184499	1304.917118	916.496721	A=K,B=B,C=C,D=D,E=E,F=A,G=G,H=H,I=I,J=J,K=F,L=L	100	100	100
9DXF-assembly1.cif	M1239v2TS110_1	215	126	0.342066	0.39445	5089.68122	2631.464669	2084.231869	3393.869747	3005.44935	0.580563	0.789794	5089.68122	5478.101616	4173.184499	1304.917118	916.496721	A=K,B=B,C=C,D=D,E=E,F=A,G=G,H=H,I=I,J=J,K=F,L=L	100	100	100
9DXD-assembly1.cif	M1239v1TS110_1	214	21	0.341608	0.43179	5054.332747	2691.370347	2093.499333	2548.999127	2960.833414	0.735447	0.862106	5054.332747	4642.498461	4179.846808	462.651653	874.48594	A=K,B=B,C=C,D=D,E=E,F=F,G=G,H=H,I=I,J=J,K=L,L=A	100	100	100
9DXF-assembly1.cif	M1239v2TS204_4	215	141	0.340954	0.349581	5089.68122	2642.433664	2059.465255	4633.339485	3030.215965	0.536277	0.652824	5089.68122	6692.804739	3845.942255	2846.862484	1243.738965	A=F,B=B,C=C,D=D,E=E,F=L,G=G,H=H,I=I,J=J,K=A,L=K	100	100	100
9DXF-assembly1.cif	M1239v1TS462_5	215	94	0.339064	0.410441	5089.68122	2656.419957	2092.984065	3016.045614	2996.697154	0.610373	0.805556	5089.68122	5109.029679	4107.815815	1001.213864	981.865405	A=F,B=B,C=C,D=D,E=E,F=A,G=G,H=H,I=I,J=J,K=K,L=L	100	100	100
9DXF-assembly1.cif	M1239v2TS235_3	215	155	0.339043	0.41082	5089.68122	2674.962753	2089.621654	2993.629452	3000.059566	0.651552	0.825666	5089.68122	5083.251106	4199.721882	883.529224	889.959338	A=L,B=B,C=C,D=D,E=E,F=F,G=A,H=K	95.105485	89.270561	66.666667
9DXF-assembly1.cif	M1239v1TS286_2	215	64	0.33787	0.396227	5089.68122	2640.817495	2083.24745	3342.503723	3006.43377	0.636515	0.821098	5089.68122	5425.751173	4317.101469	1108.649704	772.579751	A=F,B=B,C=C,D=D,E=E,F=L,G=G,H=H,I=I,J=J,K=K,L=A	100	100	100
9DXF-assembly1.cif	M1239v1TS235_3	215	45	0.336898	0.414995	5089.68122	2644.761767	2062.614828	2788.144924	3027.066392	0.648099	0.81982	5089.68122	4850.759752	4074.688311	776.071441	1014.992909	A=L,B=B,C=C,D=D,E=E,F=F,G=A,H=K	95.105485	89.270561	66.666667
9DXF-assembly1.cif	M1239v1TS235_4	215	46	0.334471	0.398635	5089.68122	2570.305855	2043.003493	3117.301218	3046.677727	0.622155	0.809417	5089.68122	5160.30471	4148.256841	1012.04787	941.424379	A=F,B=B,C=C,D=D,E=E,F=L,G=K,H=A	95.105485	89.270561	66.666667
9DXF-assembly1.cif	M1239v1TS286_1	215	63	0.333821	0.359225	5089.68122	2554.128806	2004.736291	4067.028436	3084.944929	0.804179	0.907274	5089.68122	6071.764727	5063.247389	1008.517338	26.433831	A=K,B=B,C=C,D=D,E=E,F=A,G=G,H=H,I=I,J=J,K=F,L=L	100	100	100
9DXF-assembly1.cif	M1239v1TS235_2	215	44	0.332453	0.430685	5089.68122	2607.333232	2033.069603	2318.340753	3056.611617	0.731485	0.855244	5089.68122	4351.410355	4037.217083	314.193272	1052.464136	A=F,B=B,C=C,D=D,E=E,F=A,G=K,H=L	95.105485	89.270561	66.666667
9DXF-assembly1.cif	M1239v2TS235_1	215	153	0.325849	0.421703	5089.68122	2608.638728	2033.731033	2521.904746	3055.950187	0.733079	0.85915	5089.68122	4555.635779	4143.386512	412.249267	946.294708	A=K,B=B,C=C,D=D,E=E,F=L,G=F,H=A	95.105485	89.270561	66.666667
9DXF-assembly1.cif	M1239v1TS110_1	215	21	0.322141	0.413686	5089.68122	2564.968067	2013.034141	2629.46432	3076.647079	0.708252	0.847423	5089.68122	4642.498461	4123.637381	518.86108	966.043839	A=L,B=B,C=C,D=D,E=E,F=F,G=G,H=H,I=I,J=J,K=K,L=A	100	100	100
9DXF-assembly1.cif	M1239v2TS304_3	215	185	0.120964	0.210868	5089.68122	845.499685	722.399697	1039.601146	4367.281523	0.253737	0.445649	5089.68122	1762.000843	1526.721238	235.279605	3562.959982	A=A,B=B,C=C,D=D,E=E,F=F,G=G,H=H,I=I,J=J	54.894515	60.729439	83.333333
9DXF-assembly1.cif	M1239v1TS241_1	215	48	0.119431	0.21332	5089.68122	858.519091	723.876036	973.191381	4365.805184	0.266495	0.449912	5089.68122	1697.067417	1526.721238	170.346179	3562.959982	A=A,B=B,C=C,D=D,E=E,F=F,G=G,H=H,I=I,J=J	54.894515	60.729439	83.333333
9DXF-assembly1.cif	M1239v2TS241_5	215	162	0.119318	0.22366	5089.68122	847.8034	711.179444	558.599119	4378.501776	0.249481	0.399335	5089.68122	1269.778563	1269.778563	0	3819.902657	A=F,B=B,C=C,D=D,E=E,F=A,G=G,H=H,I=I,J=J	54.894515	60.729439	83.333333
9DXF-assembly1.cif	M1239v1TS304_3	215	75	0.11851	0.228019	5089.68122	854.866536	708.731799	418.007668	4380.949421	0.221377	0.362504	5089.68122	1126.739466	1126.739466	0	3962.941753	A=A,B=B,C=C,D=D,E=E,F=F,G=G,H=H,I=I,J=J	54.894515	60.729439	83.333333
9DXD-assembly1.cif	M1239v1TS304_3	214	75	0.118499	0.222075	5054.332747	839.603474	686.331674	440.407793	4368.001074	0.222925	0.364577	5054.332747	1126.739466	1126.739466	0	3927.593281	A=A,B=B,C=C,D=D,E=E,F=F,G=G,H=H,I=I,J=J	54.890388	60.721696	83.333333
9DXF-assembly1.cif	M1239v1TS241_4	215	51	0.118018	0.226676	5089.68122	819.134121	696.296253	357.549367	4393.384966	0.207055	0.343075	5089.68122	1053.84562	1053.84562	0	4035.8356	A=A,B=B,C=C,D=D,E=E,F=F,G=G,H=H,I=I,J=J	54.894515	60.729439	83.333333
9DXF-assembly1.cif	M1239v2TS304_5	215	187	0.117764	0.202022	5089.68122	827.26059	701.253301	1151.402751	4388.427919	0.235926	0.439829	5089.68122	1852.656052	1526.721238	325.934814	3562.959982	A=F,B=B,C=C,D=D,E=E,F=A,G=G,H=H,I=I,J=J	54.894515	60.729439	83.333333
9DXF-assembly1.cif	M1239v1TS241_3	215	50	0.117283	0.208734	5089.68122	847.650471	712.022669	1020.590126	4377.658551	0.259511	0.447568	5089.68122	1732.612795	1526.721238	205.891557	3562.959982	A=F,B=B,C=C,D=D,E=E,F=A,G=G,H=H,I=I,J=J	54.894515	60.729439	83.333333
9DXF-assembly1.cif	M1239v1TS304_2	215	74	0.116563	0.210681	5089.68122	829.005599	695.88882	820.523204	4393.792399	0.297939	0.459095	5089.68122	1516.412024	1516.412024	0	3573.269195	A=A,B=B,C=C,D=D,E=E,F=F,G=G,H=H,I=I,J=J	54.894515	60.729439	83.333333
9DXF-assembly1.cif	M1239v2TS241_2	215	159	0.116385	0.2035	5089.68122	836.341414	699.710601	1087.368446	4389.970618	0.24881	0.444023	5089.68122	1787.079047	1526.721238	260.357809	3562.959982	A=F,B=B,C=C,D=D,E=E,F=A,G=G,H=H,I=I,J=J	54.894515	60.729439	83.333333
9DXD-assembly1.cif	M1239v1TS241_1	214	48	0.116312	0.205909	5054.332747	853.233094	695.085685	1001.981732	4359.247062	0.252226	0.440191	5054.332747	1697.067417	1485.951226	211.116191	3568.381521	A=A,B=B,C=C,D=D,E=E,F=F,G=G,H=H,I=I,J=J	54.890388	60.721696	83.333333
9DXD-assembly1.cif	M1239v2TS241_5	214	162	0.116308	0.216653	5054.332747	833.545832	685.068075	584.710488	4369.264673	0.251226	0.401567	5054.332747	1269.778563	1269.778563	0	3784.554184	A=A,B=B,C=C,D=D,E=E,F=F,G=G,H=H,I=I,J=J	54.890388	60.721696	83.333333
9DXF-assembly1.cif	M1239v2TS304_2	215	184	0.116057	0.204006	5089.68122	835.029036	697.00438	1046.505896	4392.67684	0.25737	0.446855	5089.68122	1743.510276	1526.721238	216.789038	3562.959982	A=A,B=B,C=C,D=D,E=E,F=F,G=G,H=H,I=I,J=J	54.894515	60.729439	83.333333
9DXF-assembly1.cif	M1239v1TS304_4	215	76	0.115762	0.199383	5089.68122	774.696783	673.960456	996.820995	4415.720763	0.264779	0.446482	5089.68122	1670.781451	1509.210985	161.570466	3580.470234	A=L,B=B,C=C,D=D,E=E,F=K,G=G,H=H,I=I,J=J	54.894515	60.729439	83.333333
9DXD-assembly1.cif	M1239v2TS304_5	214	187	0.1157	0.195833	5054.332747	814.016562	676.30897	1176.347083	4378.023778	0.221443	0.430275	5054.332747	1852.656052	1485.951226	366.704826	3568.381521	A=F,B=B,C=C,D=D,E=E,F=A,G=G,H=H,I=I,J=J	54.890388	60.721696	83.333333
9DXF-assembly1.cif	M1239v2TS304_1	215	183	0.115586	0.204404	5089.68122	857.840238	710.656612	1153.127777	4379.024608	0.233739	0.439125	5089.68122	1863.784388	1526.721238	337.06315	3562.959982	A=A,B=B,C=C,D=D,E=E,F=F,G=G,H=H,I=I,J=J	54.894515	60.729439	83.333333
9DXD-assembly1.cif	M1239v1TS241_4	214	51	0.115511	0.220296	5054.332747	816.984941	672.802353	381.043267	4381.530395	0.208503	0.345061	5054.332747	1053.84562	1053.84562	0	4000.487127	A=F,B=B,C=C,D=D,E=E,F=A,G=G,H=H,I=I,J=J	54.890388	60.721696	83.333333
9DXD-assembly1.cif	M1239v2TS241_2	214	159	0.115363	0.195973	5054.332747	808.243922	670.36671	1116.712336	4383.966037	0.234417	0.434399	5054.332747	1787.079047	1485.951226	301.127821	3568.381521	A=A,B=B,C=C,D=D,E=E,F=F,G=G,H=H,I=I,J=J	54.890388	60.721696	83.333333
9DXD-assembly1.cif	M1239v1TS241_3	214	50	0.115082	0.204254	5054.332747	852.674679	693.130546	1039.482249	4361.202201	0.245194	0.437885	5054.332747	1732.612795	1485.951226	246.661569	3568.381521	A=F,B=B,C=C,D=D,E=E,F=A,G=G,H=H,I=I,J=J	54.890388	60.721696	83.333333
9DXF-assembly1.cif	M1239v2TS241_4	215	161	0.115006	0.201085	5089.68122	806.940534	686.371412	1050.620272	4403.309808	0.258651	0.447281	5089.68122	1736.991684	1526.721238	210.270446	3562.959982	A=A,B=B,C=C,D=D,E=E,F=F,G=G,H=H,I=I,J=J	54.894515	60.729439	83.333333
9DXF-assembly1.cif	M1239v2TS241_1	215	158	0.11483	0.200383	5089.68122	821.760292	689.253396	1100.438886	4400.427824	0.248297	0.443855	5089.68122	1789.692282	1526.721238	262.971044	3562.959982	A=A,B=B,C=C,D=D,E=E,F=F,G=G,H=H,I=I,J=J	54.894515	60.729439	83.333333
9DXF-assembly1.cif	M1239v1TS241_5	215	52	0.114528	0.227523	5089.68122	835.095751	695.813153	330.930578	4393.868067	0.20173	0.335733	5089.68122	1026.743731	1026.743731	0	4062.937488	A=F,B=B,C=C,D=D,E=E,F=A,G=G,H=H,I=I,J=J	54.894515	60.729439	83.333333
9DXF-assembly1.cif	M1239v1TS304_1	215	73	0.114528	0.227523	5089.68122	835.095751	695.813153	330.930578	4393.868067	0.20173	0.335733	5089.68122	1026.743731	1026.743731	0	4062.937488	A=F,B=B,C=C,D=D,E=E,F=A,G=G,H=H,I=I,J=J	54.894515	60.729439	83.333333
9DXD-assembly1.cif	M1239v2TS304_1	214	183	0.114293	0.200064	5054.332747	855.614807	692.032716	1171.751672	4362.300031	0.219241	0.429583	5054.332747	1863.784388	1485.951226	377.833162	3568.381521	A=A,B=B,C=C,D=D,E=E,F=F,G=G,H=H,I=I,J=J	54.890388	60.721696	83.333333
9DXD-assembly1.cif	M1239v2TS304_2	214	184	0.11395	0.199217	5054.332747	835.6317	677.124638	1066.385638	4377.20811	0.243037	0.437183	5054.332747	1743.510276	1485.951226	257.559049	3568.381521	A=F,B=B,C=C,D=D,E=E,F=A,G=G,H=H,I=I,J=J	54.890388	60.721696	83.333333
9DXD-assembly1.cif	M1239v1TS241_2	214	49	0.113649	0.218948	5054.332747	825.610771	675.069067	437.066509	4379.26368	0.220036	0.360704	5054.332747	1112.135577	1112.135577	0	3942.197171	A=A,B=B,C=C,D=D,E=E,F=F,G=G,H=H,I=I,J=J	54.890388	60.721696	83.333333
9DXD-assembly1.cif	M1239v1TS304_2	214	74	0.113579	0.204366	5054.332747	816.371897	671.418635	844.993389	4382.914112	0.287969	0.452293	5054.332747	1516.412024	1485.951226	30.460798	3568.381521	A=A,B=B,C=C,D=D,E=E,F=F,G=G,H=H,I=I,J=J	54.890388	60.721696	83.333333
9DXD-assembly1.cif	M1239v1TS241_5	214	52	0.113552	0.221927	5054.332747	821.161679	674.778797	351.964934	4379.55395	0.203141	0.337685	5054.332747	1026.743731	1026.743731	0	4027.589016	A=A,B=B,C=C,D=D,E=E,F=F,G=G,H=H,I=I,J=J	54.890388	60.721696	83.333333
9DXD-assembly1.cif	M1239v1TS304_1	214	73	0.113552	0.221927	5054.332747	821.161679	674.778797	351.964934	4379.55395	0.203141	0.337685	5054.332747	1026.743731	1026.743731	0	4027.589016	A=A,B=B,C=C,D=D,E=E,F=F,G=G,H=H,I=I,J=J	54.890388	60.721696	83.333333
9DXD-assembly1.cif	M1239v2TS241_1	214	158	0.113536	0.194735	5054.332747	817.150582	666.38451	1123.307772	4387.948237	0.2339	0.434233	5054.332747	1789.692282	1485.951226	303.741056	3568.381521	A=A,B=B,C=C,D=D,E=E,F=F,G=G,H=H,I=I,J=J	54.890388	60.721696	83.333333
9DXD-assembly1.cif	M1239v2TS241_4	214	161	0.113478	0.196065	5054.332747	804.600532	665.769074	1071.222611	4388.563673	0.244327	0.437603	5054.332747	1736.991684	1485.951226	251.040458	3568.381521	A=F,B=B,C=C,D=D,E=E,F=A,G=G,H=H,I=I,J=J	54.890388	60.721696	83.333333
9DXD-assembly1.cif	M1239v2TS304_3	214	185	0.113429	0.202125	5054.332747	853.377515	688.875815	1073.125027	4365.456932	0.239379	0.435997	5054.332747	1762.000843	1485.951226	276.049616	3568.381521	A=F,B=B,C=C,D=D,E=E,F=A,G=G,H=H,I=I,J=J	54.890388	60.721696	83.333333
9DXF-assembly1.cif	M1239v1TS241_2	215	49	0.1131	0.219691	5089.68122	807.819929	681.241889	430.893688	4408.439331	0.218508	0.358648	5089.68122	1112.135577	1112.135577	0	3977.545643	A=K,B=B,C=C,D=D,E=E,F=L,G=G,H=H,I=I,J=J	54.894515	60.729439	83.333333
9DXF-assembly1.cif	M1239v2TS304_4	215	186	0.112411	0.220929	5089.68122	800.786407	676.728284	359.802801	4412.952936	0.203653	0.338392	5089.68122	1036.531085	1036.531085	0	4053.150134	A=F,B=B,C=C,D=D,E=E,F=A,G=G,H=H,I=I,J=J	54.894515	60.729439	83.333333
9DXD-assembly1.cif	M1239v1TS304_4	214	76	0.111876	0.194618	5054.332747	789.126896	654.414313	1016.367138	4399.918434	0.257427	0.441911	5054.332747	1670.781451	1485.951226	184.830225	3568.381521	A=F,B=B,C=C,D=D,E=E,F=A,G=G,H=H,I=I,J=J	54.890388	60.721696	83.333333
9DXD-assembly1.cif	M1239v2TS304_4	214	186	0.110587	0.214796	5054.332747	795.273148	654.14514	382.385945	4400.187607	0.205078	0.340356	5054.332747	1036.531085	1036.531085	0	4017.801662	A=F,B=B,C=C,D=D,E=E,F=A,G=G,H=H,I=I,J=J	54.890388	60.721696	83.333333
9DXF-assembly1.cif	M1239v2TS241_3	215	160	0.110427	0.1957	5089.68122	802.205464	673.238913	1117.407942	4416.442307	0.241228	0.438703	5089.68122	1790.646854	1509.210985	281.435869	3580.470234	A=K,B=B,C=C,D=D,E=E,F=L,G=G,H=H,I=I,J=J	54.894515	60.729439	83.333333
9DXD-assembly1.cif	M1239v2TS241_3	214	160	0.109396	0.19502	5054.332747	838.82237	667.452709	1123.194145	4386.880038	0.233711	0.434173	5054.332747	1790.646854	1485.951226	304.695628	3568.381521	A=A,B=B,C=C,D=D,E=E,F=F,G=G,H=H,I=I,J=J	54.890388	60.721696	83.333333
9DXF-assembly1.cif	M1239v1TS304_5	215	77	0.104195	0.18273	5089.68122	662.370748	588.437643	762.391672	4501.243577	0.265405	0.419479	5089.68122	1350.829316	1350.829316	0	3738.851904	A=K,B=B,C=C,D=D,E=E,F=L,G=G,H=H,I=I,J=J	54.894515	60.729439	83.333333
9DXD-assembly1.cif	M1239v1TS304_5	214	77	0.100123	0.175589	5054.332747	644.16603	562.338706	788.490609	4491.994041	0.267262	0.421794	5054.332747	1350.829316	1350.829316	0	3703.503432	A=A,B=B,C=C,D=D,E=E,F=F,G=G,H=H,I=I,J=J	54.890388	60.721696	83.333333
9DXD-assembly1.cif	M1239v1TS272_5	214	62	0.061413	0.07583	5054.332747	565.689651	412.766789	5419.543443	4641.565958	0.590833	0.707302	5054.332747	5832.310231	3850.072889	1982.237342	1204.259858	A=F,B=B,C=C,D=D,E=E,F=L,G=G,H=H,I=I,J=J,K=K,L=A	100	100	100
9DXD-assembly1.cif	M1239v2TS272_5	214	172	0.061413	0.07583	5054.332747	565.689651	412.766789	5419.543443	4641.565958	0.590833	0.707302	5054.332747	5832.310231	3850.072889	1982.237342	1204.259858	A=F,B=B,C=C,D=D,E=E,F=L,G=G,H=H,I=I,J=J,K=K,L=A	100	100	100
9DXD-assembly1.cif	M1239v1TS272_4	214	61	0.061411	0.097678	5054.332747	567.837089	412.758793	2984.341283	4641.573954	0.104565	0.423724	5054.332747	3397.100075	1790.536592	1606.563483	3263.796155	A=L,B=B,C=C,D=D,E=E,F=F,G=G,H=H,I=I,J=J,K=A,L=K	100	100	100
9DXD-assembly1.cif	M1239v2TS272_4	214	171	0.061411	0.097678	5054.332747	567.837089	412.758793	2984.341283	4641.573954	0.104565	0.423724	5054.332747	3397.100075	1790.536592	1606.563483	3263.796155	A=L,B=B,C=C,D=D,E=E,F=F,G=G,H=H,I=I,J=J,K=A,L=K	100	100	100
9DXD-assembly1.cif	M1239v1TS272_2	214	59	0.06141	0.094873	5054.332747	567.823258	412.747849	3233.9549	4641.584898	0.104561	0.335519	5054.332747	3646.702749	1459.680727	2187.022021	3594.65202	A=L,B=B,C=C,D=D,E=E,F=F,G=G,H=H,I=I,J=J,K=A,L=K	100	100	100
9DXD-assembly1.cif	M1239v2TS272_2	214	169	0.06141	0.094873	5054.332747	567.823258	412.747849	3233.9549	4641.584898	0.104561	0.335519	5054.332747	3646.702749	1459.680727	2187.022021	3594.65202	A=L,B=B,C=C,D=D,E=E,F=F,G=G,H=H,I=I,J=J,K=A,L=K	100	100	100
9DXD-assembly1.cif	M1239v1TS272_3	214	60	0.061409	0.094644	5054.332747	567.82742	412.754613	3255.199019	4641.578134	0.104565	0.410566	5054.332747	3667.953631	1790.536592	1877.417039	3263.796155	A=L,B=B,C=C,D=D,E=E,F=F,G=G,H=H,I=I,J=J,K=A,L=K	100	100	100
9DXD-assembly1.cif	M1239v2TS272_3	214	170	0.061409	0.094644	5054.332747	567.82742	412.754613	3255.199019	4641.578134	0.104565	0.410566	5054.332747	3667.953631	1790.536592	1877.417039	3263.796155	A=L,B=B,C=C,D=D,E=E,F=F,G=G,H=H,I=I,J=J,K=A,L=K	100	100	100
9DXD-assembly1.cif	M1239v1TS272_1	214	58	0.060561	0.077128	5054.332747	548.390019	406.852114	5088.923207	4647.480633	0.150464	0.448006	5054.332747	5495.77532	2363.256826	3132.518495	2691.075921	A=A,B=B,C=C,D=D,E=E,F=F,G=G,H=H,I=I,J=J,K=L,L=K	100	100	100
9DXD-assembly1.cif	M1239v2TS272_1	214	168	0.060561	0.077128	5054.332747	548.390019	406.852114	5088.923207	4647.480633	0.150464	0.448006	5054.332747	5495.77532	2363.256826	3132.518495	2691.075921	A=A,B=B,C=C,D=D,E=E,F=F,G=G,H=H,I=I,J=J,K=L,L=K	100	100	100
9DXF-assembly1.cif	M1239v1TS272_4	215	61	0.054685	0.079466	5089.68122	495.172384	337.205797	3059.894279	4752.475423	0.039588	0.347332	5089.68122	3397.100075	1473.865999	1923.234076	3615.815221	A=A,B=B,C=C,D=D,E=E,F=L,G=G,H=H,I=I,J=J,K=K,L=F	100	100	100
9DXF-assembly1.cif	M1239v2TS272_4	215	171	0.054685	0.079466	5089.68122	495.172384	337.205797	3059.894279	4752.475423	0.039588	0.347332	5089.68122	3397.100075	1473.865999	1923.234076	3615.815221	A=A,B=B,C=C,D=D,E=E,F=L,G=G,H=H,I=I,J=J,K=K,L=F	100	100	100
9DXF-assembly1.cif	M1239v1TS272_2	215	59	0.054683	0.077193	5089.68122	495.156217	337.192581	3309.510168	4752.488639	0.039584	0.347361	5089.68122	3646.702749	1517.340555	2129.362194	3572.340665	A=L,B=B,C=C,D=D,E=E,F=A,G=G,H=H,I=I,J=J,K=F,L=K	100	100	100
9DXF-assembly1.cif	M1239v2TS272_2	215	169	0.054683	0.077193	5089.68122	495.156217	337.192581	3309.510168	4752.488639	0.039584	0.347361	5089.68122	3646.702749	1517.340555	2129.362194	3572.340665	A=L,B=B,C=C,D=D,E=E,F=A,G=G,H=H,I=I,J=J,K=F,L=K	100	100	100
9DXF-assembly1.cif	M1239v1TS272_5	215	62	0.054682	0.061746	5089.68122	495.176533	337.196014	5495.114218	4752.485206	0.522479	0.715571	5089.68122	5832.310231	3907.732717	1924.577514	1181.948503	A=A,B=B,C=C,D=D,E=E,F=L,G=G,H=H,I=I,J=J,K=K,L=F	100	100	100
9DXF-assembly1.cif	M1239v2TS272_5	215	172	0.054682	0.061746	5089.68122	495.176533	337.196014	5495.114218	4752.485206	0.522479	0.715571	5089.68122	5832.310231	3907.732717	1924.577514	1181.948503	A=A,B=B,C=C,D=D,E=E,F=L,G=G,H=H,I=I,J=J,K=K,L=F	100	100	100
9DXF-assembly1.cif	M1239v1TS272_3	215	60	0.054682	0.077006	5089.68122	495.166681	337.194533	3330.759099	4752.486687	0.039589	0.33659	5089.68122	3667.953631	1473.865999	2194.087633	3615.815221	A=A,B=B,C=C,D=D,E=E,F=L,G=G,H=H,I=I,J=J,K=K,L=F	100	100	100
9DXF-assembly1.cif	M1239v2TS272_3	215	170	0.054682	0.077006	5089.68122	495.166681	337.194533	3330.759099	4752.486687	0.039589	0.33659	5089.68122	3667.953631	1473.865999	2194.087633	3615.815221	A=A,B=B,C=C,D=D,E=E,F=L,G=G,H=H,I=I,J=J,K=K,L=F	100	100	100
9DXF-assembly1.cif	M1239v1TS272_1	215	58	0.054321	0.063555	5089.68122	495.160894	336.381112	5159.394208	4753.300108	0.085169	0.428466	5089.68122	5495.77532	2267.752243	3228.023078	2821.928977	A=A,B=B,C=C,D=D,E=E,F=F,G=G,H=H,I=I,J=J,K=K,L=L	100	100	100
9DXF-assembly1.cif	M1239v2TS272_1	215	168	0.054321	0.063555	5089.68122	495.160894	336.381112	5159.394208	4753.300108	0.085169	0.428466	5089.68122	5495.77532	2267.752243	3228.023078	2821.928977	A=A,B=B,C=C,D=D,E=E,F=F,G=G,H=H,I=I,J=J,K=K,L=L	100	100	100
