target	model	t_id	m_id	residue_sites_cadscore	residue_sites_F1_of_areas	residue_sites_target_area	residue_sites_model_area	residue_sites_TP_area	residue_sites_FP_area	residue_sites_FN_area	chain_sites_cadscore	chain_sites_F1_of_areas	chain_sites_target_area	chain_sites_model_area	chain_sites_TP_area	chain_sites_FP_area	chain_sites_FN_area	renaming_of_model_chains	identity_of_residues	identity_of_atoms	identity_of_chains
9DXF-assembly1.cif	M1239v2TS033_4	215	119	0.700839	0.798535	14222.136574	14724.428801	11960.784777	3773.914317	2261.351796	0.893647	0.949509	14222.136574	15734.699094	14222.136574	1512.562521	0	A=L,B=G,C=H,D=D,E=E,F=A,G=B,H=C,I=I,J=J,K=F,L=K	100	100	100
9DXD-assembly1.cif	M1239v1TS204_1	214	33	0.698173	0.810876	14204.698146	13695.529675	11587.433783	2787.906003	2617.264363	0.947954	0.974132	14204.698146	14375.339786	13920.371826	454.96796	284.32632	A=F,B=B,C=C,D=I,E=J,F=K,G=G,H=H,I=D,J=E,K=L,L=A	100	100	100
9DXF-assembly1.cif	M1239v2TS294_3	215	180	0.697698	0.796388	14222.136574	14267.217394	11717.982627	3487.71039	2504.153946	0.930843	0.966577	14222.136574	15205.693018	14222.136574	983.556444	0	A=K,B=G,C=H,D=I,E=J,F=L,G=B,H=C,I=D,J=E,K=F,L=A	100	100	100
9DXD-assembly1.cif	M1239v2TS204_2	214	139	0.697273	0.810546	14204.698146	13711.062478	11588.942003	2801.772457	2615.756142	0.949156	0.974743	14204.698146	14390.714461	13936.596086	454.118375	268.10206	A=F,B=B,C=C,D=I,E=J,F=K,G=G,H=H,I=D,J=E,K=L,L=A	100	100	100
9DXD-assembly1.cif	M1239v1TS110_5	214	25	0.696926	0.810345	14204.698146	13356.989353	11394.911959	2524.007926	2809.786186	0.962691	0.981156	14204.698146	13918.919885	13796.828396	122.091488	407.869749	A=F,B=B,C=C,D=I,E=J,F=K,G=G,H=H,I=D,J=E,K=L,L=A	100	100	100
9DXD-assembly1.cif	M1239v2TS110_2	214	127	0.696926	0.810345	14204.698146	13356.989353	11394.911959	2524.007926	2809.786186	0.962691	0.981156	14204.698146	13918.919885	13796.828396	122.091488	407.869749	A=F,B=B,C=C,D=I,E=J,F=K,G=G,H=H,I=D,J=E,K=L,L=A	100	100	100
9DXF-assembly1.cif	M1239v1TS204_1	215	33	0.6965	0.81255	14222.136574	13693.488975	11618.438666	2756.90112	2603.697908	0.947378	0.97383	14222.136574	14375.339786	13924.536889	450.802897	297.599684	A=F,B=B,C=C,D=D,E=E,F=A,G=G,H=H,I=I,J=J,K=L,L=K	100	100	100
9DXF-assembly1.cif	M1239v2TS204_2	215	139	0.695605	0.81223	14222.136574	13708.940954	11620.107393	2770.607067	2602.02918	0.948578	0.974441	14222.136574	14390.714461	13940.761149	449.953311	281.375424	A=F,B=B,C=C,D=D,E=E,F=A,G=G,H=H,I=I,J=J,K=L,L=K	100	100	100
9DXF-assembly1.cif	M1239v1TS369_4	215	83	0.692794	0.799969	14222.136574	13486.944382	11460.433372	2969.610126	2761.703201	0.93833	0.969389	14222.136574	14430.043498	13887.552483	542.491015	334.584091	A=F,B=B,C=C,D=D,E=E,F=A,G=G,H=H,I=I,J=J,K=L,L=K	100	100	100
9DXF-assembly1.cif	M1239v2TS369_4	215	192	0.692794	0.799969	14222.136574	13486.944382	11460.433372	2969.610126	2761.703201	0.93833	0.969389	14222.136574	14430.043498	13887.552483	542.491015	334.584091	A=F,B=B,C=C,D=D,E=E,F=A,G=G,H=H,I=I,J=J,K=L,L=K	100	100	100
9DXF-assembly1.cif	M1239v1TS167_4	215	31	0.69278	0.796148	14222.136574	13740.840301	11541.83863	3230.226798	2680.297944	0.951463	0.976192	14222.136574	14772.065428	14151.951663	620.113765	70.184911	A=L,B=G,C=H,D=D,E=E,F=A,G=B,H=C,I=I,J=J,K=F,L=K	100	100	100
9DXF-assembly1.cif	M1239v1TS450_4	215	88	0.69278	0.796148	14222.136574	13740.840301	11541.83863	3230.226798	2680.297944	0.951463	0.976192	14222.136574	14772.065428	14151.951663	620.113765	70.184911	A=L,B=G,C=H,D=D,E=E,F=A,G=B,H=C,I=I,J=J,K=F,L=K	100	100	100
9DXD-assembly1.cif	M1239v2TS033_4	214	119	0.692654	0.793742	14204.698146	14713.102212	11882.078926	3852.620169	2322.61922	0.892289	0.948897	14204.698146	15734.699094	14204.698146	1530.000949	0	A=L,B=G,C=H,D=D,E=E,F=A,G=B,H=C,I=I,J=J,K=F,L=K	100	100	100
9DXF-assembly1.cif	M1239v2TS033_5	215	120	0.69244	0.80839	14222.136574	13265.759638	11366.877422	2533.251924	2855.259151	0.955909	0.977702	14222.136574	13900.129347	13747.597426	152.531921	474.539148	A=F,B=B,C=C,D=I,E=J,F=K,G=G,H=H,I=D,J=E,K=A,L=L	100	100	100
9DXF-assembly1.cif	M1239v1TS159_2	215	27	0.692349	0.792361	14222.136574	13940.862586	11548.317592	3378.67606	2673.818982	0.939939	0.970696	14222.136574	14926.993652	14147.465184	779.528468	74.67139	A=F,B=B,C=C,D=I,E=J,F=K,G=G,H=H,I=D,J=E,K=L,L=A	100	100	100
9DXF-assembly1.cif	M1239v1TS325_2	215	79	0.692349	0.792361	14222.136574	13940.862586	11548.317592	3378.67606	2673.818982	0.939939	0.970696	14222.136574	14926.993652	14147.465184	779.528468	74.67139	A=F,B=B,C=C,D=I,E=J,F=K,G=G,H=H,I=D,J=E,K=L,L=A	100	100	100
9DXF-assembly1.cif	M1239v2TS159_2	215	132	0.692349	0.792361	14222.136574	13940.862586	11548.317592	3378.67606	2673.818982	0.939939	0.970696	14222.136574	14926.993652	14147.465184	779.528468	74.67139	A=F,B=B,C=C,D=I,E=J,F=K,G=G,H=H,I=D,J=E,K=L,L=A	100	100	100
9DXF-assembly1.cif	M1239v2TS325_2	215	188	0.692349	0.792361	14222.136574	13940.862586	11548.317592	3378.67606	2673.818982	0.939939	0.970696	14222.136574	14926.993652	14147.465184	779.528468	74.67139	A=F,B=B,C=C,D=I,E=J,F=K,G=G,H=H,I=D,J=E,K=L,L=A	100	100	100
9DXD-assembly1.cif	M1239v2TS033_5	214	120	0.69138	0.805483	14204.698146	13231.304487	11318.984922	2581.144425	2885.713223	0.956496	0.978012	14204.698146	13900.129347	13743.432362	156.696984	461.265783	A=L,B=G,C=H,D=D,E=E,F=A,G=B,H=C,I=I,J=J,K=K,L=F	100	100	100
9DXF-assembly1.cif	M1239v1TS033_3	215	13	0.69125	0.797583	14222.136574	13465.11578	11414.540605	2986.162596	2807.595969	0.939587	0.969982	14222.136574	14400.7032	13881.820692	518.882509	340.315882	A=F,B=B,C=C,D=I,E=J,F=K,G=G,H=H,I=D,J=E,K=L,L=A	100	100	100
9DXD-assembly1.cif	M1239v1TS167_4	214	31	0.690998	0.795215	14204.698146	13804.237417	11521.375605	3250.689823	2683.322541	0.952945	0.976933	14204.698146	14772.065428	14154.182979	617.882448	50.515166	A=L,B=G,C=H,D=D,E=E,F=A,G=B,H=C,I=I,J=J,K=F,L=K	100	100	100
9DXD-assembly1.cif	M1239v1TS450_4	214	88	0.690998	0.795215	14204.698146	13804.237417	11521.375605	3250.689823	2683.322541	0.952945	0.976933	14204.698146	14772.065428	14154.182979	617.882448	50.515166	A=L,B=G,C=H,D=D,E=E,F=A,G=B,H=C,I=I,J=J,K=F,L=K	100	100	100
9DXF-assembly1.cif	M1239v1TS033_5	215	15	0.69052	0.791772	14222.136574	14915.940889	11927.390843	3978.81301	2294.745731	0.881588	0.944104	14222.136574	15906.203853	14222.136574	1684.067279	0	A=F,B=B,C=C,D=D,E=E,F=A,G=G,H=H,I=I,J=J,K=L,L=K	100	100	100
9DXD-assembly1.cif	M1239v1TS369_4	214	83	0.690127	0.797076	14204.698146	13516.595093	11412.030578	3018.01292	2792.667567	0.938896	0.969688	14204.698146	14430.043498	13883.38742	546.656078	321.310726	A=L,B=G,C=H,D=D,E=E,F=A,G=B,H=C,I=I,J=J,K=F,L=K	100	100	100
9DXD-assembly1.cif	M1239v2TS369_4	214	192	0.690127	0.797076	14204.698146	13516.595093	11412.030578	3018.01292	2792.667567	0.938896	0.969688	14204.698146	14430.043498	13883.38742	546.656078	321.310726	A=L,B=G,C=H,D=D,E=E,F=A,G=B,H=C,I=I,J=J,K=F,L=K	100	100	100
9DXF-assembly1.cif	M1239v2TS231_1	215	148	0.689805	0.812807	14222.136574	13541.793684	11498.376883	2572.48779	2723.75969	0.93386	0.966753	14222.136574	14070.864674	13676.172084	394.69259	545.96449	A=F,B=B,C=C,D=D,E=E,F=A,G=G,H=H,I=I,J=J,K=L,L=K	100	100	100
9DXD-assembly1.cif	M1239v2TS028_1	214	111	0.689675	0.805835	14204.698146	13048.569402	11210.33898	2407.885974	2994.359166	0.950021	0.974484	14204.698146	13618.224954	13556.493415	61.731539	648.204731	A=F,B=B,C=C,D=I,E=J,F=K,G=G,H=H,I=D,J=E,K=L,L=A	100	100	100
9DXD-assembly1.cif	M1239v2TS167_4	214	136	0.689536	0.789788	14204.698146	15100.874021	12007.934379	4195.358645	2196.763767	0.8593	0.934274	14204.698146	16203.293024	14204.698146	1998.594878	0	A=K,B=B,C=C,D=I,E=J,F=F,G=G,H=H,I=D,J=E,K=L,L=A	100	100	100
9DXD-assembly1.cif	M1239v2TS450_4	214	197	0.689536	0.789788	14204.698146	15100.874021	12007.934379	4195.358645	2196.763767	0.8593	0.934274	14204.698146	16203.293024	14204.698146	1998.594878	0	A=K,B=B,C=C,D=I,E=J,F=F,G=G,H=H,I=D,J=E,K=L,L=A	100	100	100
9DXF-assembly1.cif	M1239v1TS091_5	215	20	0.689432	0.790844	14222.136574	14028.102697	11603.151627	3518.438493	2618.984947	0.936757	0.969348	14222.136574	15121.59012	14222.136574	899.453546	0	A=F,B=B,C=C,D=D,E=E,F=A,G=G,H=H,I=I,J=J,K=K,L=L	100	100	100
9DXF-assembly1.cif	M1239v2TS091_5	215	125	0.689432	0.790844	14222.136574	14028.102697	11603.151627	3518.438493	2618.984947	0.936757	0.969348	14222.136574	15121.59012	14222.136574	899.453546	0	A=F,B=B,C=C,D=D,E=E,F=A,G=G,H=H,I=I,J=J,K=K,L=L	100	100	100
9DXF-assembly1.cif	M1239v1TS028_4	215	9	0.689324	0.809987	14222.136574	13407.84419	11430.013889	2570.546467	2792.122685	0.959947	0.979816	14222.136574	14000.560356	13826.527112	174.033245	395.609462	A=F,B=B,C=C,D=D,E=E,F=A,G=G,H=H,I=I,J=J,K=L,L=K	100	100	100
9DXF-assembly1.cif	M1239v2TS462_5	215	203	0.688726	0.789517	14222.136574	13230.174902	11257.653584	3038.018049	2964.482989	0.967216	0.98365	14222.136574	14295.671634	14025.775875	269.895758	196.360698	A=F,B=B,C=C,D=D,E=E,F=A,G=G,H=H,I=I,J=J,K=L,L=K	100	100	100
9DXF-assembly1.cif	M1239v2TS294_1	215	178	0.688677	0.793811	14222.136574	14237.572143	11657.087379	3490.722683	2565.049195	0.934913	0.968482	14222.136574	15147.810062	14222.136574	925.673488	0	A=K,B=G,C=H,D=I,E=J,F=L,G=B,H=C,I=D,J=E,K=F,L=A	100	100	100
9DXD-assembly1.cif	M1239v1TS033_5	214	15	0.688269	0.790637	14204.698146	14899.617027	11903.391981	4002.811872	2301.306165	0.880215	0.943492	14204.698146	15906.203853	14204.698146	1701.505707	0	A=F,B=B,C=C,D=I,E=J,F=K,G=G,H=H,I=D,J=E,K=L,L=A	100	100	100
9DXD-assembly1.cif	M1239v2TS481_4	214	207	0.688018	0.789131	14204.698146	15624.070667	12188.953428	4498.431822	2015.744718	0.825221	0.919634	14204.698146	16687.38525	14204.698146	2482.687104	0	A=L,B=G,C=H,D=D,E=E,F=A,G=B,H=C,I=I,J=J,K=F,L=K	100	100	100
9DXD-assembly1.cif	M1239v2TS028_2	214	112	0.687769	0.806984	14204.698146	13515.131393	11414.521106	2670.123454	2790.177039	0.951742	0.975768	14204.698146	14084.644561	13801.924413	282.720148	402.773733	A=F,B=B,C=C,D=I,E=J,F=K,G=G,H=H,I=D,J=E,K=L,L=A	100	100	100
9DXF-assembly1.cif	M1239v1TS110_5	215	25	0.687723	0.807346	14222.136574	13289.120508	11359.789728	2559.130157	2862.346846	0.962096	0.980844	14222.136574	13918.919885	13800.99346	117.926425	421.143114	A=F,B=B,C=C,D=D,E=E,F=A,G=G,H=H,I=I,J=J,K=L,L=K	100	100	100
9DXF-assembly1.cif	M1239v2TS110_2	215	127	0.687723	0.807346	14222.136574	13289.120508	11359.789728	2559.130157	2862.346846	0.962096	0.980844	14222.136574	13918.919885	13800.99346	117.926425	421.143114	A=F,B=B,C=C,D=D,E=E,F=A,G=G,H=H,I=I,J=J,K=L,L=K	100	100	100
9DXF-assembly1.cif	M1239v1TS231_2	215	42	0.687334	0.791976	14222.136574	14410.539307	11734.572229	3676.942497	2487.564345	0.911175	0.95737	14222.136574	15411.514726	14185.187414	1226.327312	36.94916	A=F,B=B,C=C,D=I,E=J,F=K,G=G,H=H,I=D,J=E,K=L,L=A	100	100	100
9DXD-assembly1.cif	M1239v1TS091_5	214	20	0.687192	0.787947	14204.698146	14054.111153	11553.784371	3567.805749	2650.913775	0.935451	0.968735	14204.698146	15121.59012	14204.698146	916.891974	0	A=F,B=B,C=C,D=I,E=J,F=K,G=G,H=H,I=D,J=E,K=A,L=L	100	100	100
9DXD-assembly1.cif	M1239v2TS091_5	214	125	0.687192	0.787947	14204.698146	14054.111153	11553.784371	3567.805749	2650.913775	0.935451	0.968735	14204.698146	15121.59012	14204.698146	916.891974	0	A=F,B=B,C=C,D=I,E=J,F=K,G=G,H=H,I=D,J=E,K=A,L=L	100	100	100
9DXF-assembly1.cif	M1239v2TS028_1	215	111	0.686861	0.805346	14222.136574	13024.433953	11210.565739	2407.659215	3011.570835	0.949442	0.974173	14222.136574	13618.224954	13560.658478	57.566476	661.478096	A=L,B=G,C=H,D=I,E=J,F=K,G=B,H=C,I=D,J=E,K=F,L=A	100	100	100
9DXF-assembly1.cif	M1239v2TS167_4	215	136	0.686821	0.789383	14222.136574	15110.734617	12008.661571	4194.631452	2213.475002	0.860699	0.934885	14222.136574	16203.293024	14222.136574	1981.15645	0	A=K,B=B,C=C,D=I,E=J,F=F,G=G,H=H,I=D,J=E,K=L,L=A	100	100	100
9DXF-assembly1.cif	M1239v2TS450_4	215	197	0.686821	0.789383	14222.136574	15110.734617	12008.661571	4194.631452	2213.475002	0.860699	0.934885	14222.136574	16203.293024	14222.136574	1981.15645	0	A=K,B=B,C=C,D=I,E=J,F=F,G=G,H=H,I=D,J=E,K=L,L=A	100	100	100
9DXF-assembly1.cif	M1239v2TS028_2	215	112	0.68665	0.806841	14222.136574	13481.175196	11419.531468	2665.113093	2802.605106	0.95116	0.975462	14222.136574	14084.644561	13806.089476	278.555085	416.047098	A=L,B=G,C=H,D=D,E=E,F=A,G=B,H=C,I=I,J=J,K=F,L=K	100	100	100
9DXF-assembly1.cif	M1239v2TS481_2	215	205	0.686316	0.787911	14222.136574	13685.815226	11491.360108	3455.672081	2730.776466	0.943097	0.972256	14222.136574	14947.032188	14179.946294	767.085895	42.19028	A=L,B=G,C=H,D=D,E=E,F=A,G=B,H=C,I=I,J=J,K=F,L=K	100	100	100
9DXF-assembly1.cif	M1239v2TS481_4	215	207	0.685533	0.787023	14222.136574	15654.286944	12163.247775	4524.137475	2058.888798	0.826661	0.920243	14222.136574	16687.38525	14222.136574	2465.248676	0	A=L,B=G,C=H,D=D,E=E,F=A,G=B,H=C,I=I,J=J,K=F,L=K	100	100	100
9DXF-assembly1.cif	M1239v2TS462_2	215	200	0.685136	0.802999	14222.136574	12905.562366	11122.719653	2358.093203	3099.416921	0.947875	0.97324	14222.136574	13480.812856	13480.812856	0	741.323718	A=F,B=B,C=C,D=D,E=E,F=A,G=G,H=H,I=I,J=J,K=L,L=K	100	100	100
9DXF-assembly1.cif	M1239v2TS489_4	215	212	0.685065	0.784341	14222.136574	13645.675452	11362.216005	3388.300194	2859.920569	0.955631	0.97822	14222.136574	14750.516199	14170.813662	579.702537	51.322911	A=F,B=B,C=C,D=D,E=E,F=A,G=G,H=H,I=I,J=J,K=L,L=K	100	100	100
9DXD-assembly1.cif	M1239v1TS028_4	214	9	0.685063	0.806405	14204.698146	13447.70174	11372.427809	2628.132547	2832.270336	0.960539	0.980127	14204.698146	14000.560356	13822.362048	178.198308	382.336097	A=L,B=G,C=H,D=D,E=E,F=A,G=B,H=C,I=I,J=J,K=F,L=K	100	100	100
9DXD-assembly1.cif	M1239v2TS231_1	214	148	0.684982	0.809178	14204.698146	13552.668059	11439.975669	2630.889004	2764.722476	0.93442	0.967055	14204.698146	14070.864674	13672.007021	398.857653	532.691125	A=L,B=G,C=H,D=I,E=J,F=K,G=B,H=C,I=D,J=E,K=F,L=A	100	100	100
9DXF-assembly1.cif	M1239v2TS294_2	215	179	0.684895	0.792571	14222.136574	14408.684818	11732.709085	3651.861085	2489.427488	0.918266	0.960737	14222.136574	15384.57017	14222.136574	1162.433597	0	A=K,B=G,C=H,D=I,E=J,F=L,G=B,H=C,I=D,J=E,K=F,L=A	100	100	100
9DXD-assembly1.cif	M1239v1TS159_2	214	27	0.684812	0.787907	14204.698146	13973.13433	11476.532432	3450.46122	2728.165714	0.940401	0.970939	14204.698146	14926.993652	14142.55054	784.443113	62.147606	A=L,B=G,C=H,D=D,E=E,F=A,G=B,H=C,I=I,J=J,K=F,L=K	100	100	100
9DXD-assembly1.cif	M1239v1TS325_2	214	79	0.684812	0.787907	14204.698146	13973.13433	11476.532432	3450.46122	2728.165714	0.940401	0.970939	14204.698146	14926.993652	14142.55054	784.443113	62.147606	A=L,B=G,C=H,D=D,E=E,F=A,G=B,H=C,I=I,J=J,K=F,L=K	100	100	100
9DXD-assembly1.cif	M1239v2TS159_2	214	132	0.684812	0.787907	14204.698146	13973.13433	11476.532432	3450.46122	2728.165714	0.940401	0.970939	14204.698146	14926.993652	14142.55054	784.443113	62.147606	A=L,B=G,C=H,D=D,E=E,F=A,G=B,H=C,I=I,J=J,K=F,L=K	100	100	100
9DXD-assembly1.cif	M1239v2TS325_2	214	188	0.684812	0.787907	14204.698146	13973.13433	11476.532432	3450.46122	2728.165714	0.940401	0.970939	14204.698146	14926.993652	14142.55054	784.443113	62.147606	A=L,B=G,C=H,D=D,E=E,F=A,G=B,H=C,I=I,J=J,K=F,L=K	100	100	100
9DXD-assembly1.cif	M1239v2TS462_2	214	200	0.684592	0.800252	14204.698146	12891.029974	11077.689691	2403.123164	3127.008454	0.949039	0.973853	14204.698146	13480.812856	13480.812856	0	723.88529	A=F,B=B,C=C,D=D,E=E,F=A,G=G,H=H,I=I,J=J,K=L,L=K	100	100	100
9DXD-assembly1.cif	M1239v1TS033_3	214	13	0.684147	0.79411	14204.698146	13545.045511	11357.914975	3042.788226	2846.783171	0.940154	0.970282	14204.698146	14400.7032	13877.655628	523.047572	327.042517	A=F,B=B,C=C,D=I,E=J,F=K,G=G,H=H,I=D,J=E,K=L,L=A	100	100	100
9DXF-assembly1.cif	M1239v1TS033_4	215	14	0.684001	0.783301	14222.136574	13953.827602	11446.756013	3558.077183	2775.380561	0.884973	0.944027	14222.136574	15004.833196	13795.520245	1209.31295	426.616328	A=F,B=B,C=C,D=D,E=E,F=A,G=G,H=H,I=I,J=J,K=L,L=K	100	100	100
9DXD-assembly1.cif	M1239v1TS110_4	214	24	0.683664	0.80217	14204.698146	14181.368583	11629.339618	3160.661007	2575.358527	0.904928	0.953424	14204.698146	14790.000625	13822.116239	967.884385	382.581906	A=F,B=B,C=C,D=D,E=E,F=A,G=G,H=H,I=I,J=J,K=L,L=K	100	100	100
9DXD-assembly1.cif	M1239v2TS110_1	214	126	0.683664	0.80217	14204.698146	14181.368583	11629.339618	3160.661007	2575.358527	0.904928	0.953424	14204.698146	14790.000625	13822.116239	967.884385	382.581906	A=F,B=B,C=C,D=D,E=E,F=A,G=G,H=H,I=I,J=J,K=L,L=K	100	100	100
9DXD-assembly1.cif	M1239v2TS294_3	214	180	0.683583	0.790502	14204.698146	14241.692111	11624.485873	3581.207145	2580.212273	0.929531	0.965965	14204.698146	15205.693018	14204.698146	1000.994872	0	A=A,B=B,C=C,D=D,E=E,F=F,G=G,H=H,I=I,J=J,K=L,L=K	100	100	100
9DXF-assembly1.cif	M1239v1TS110_3	215	23	0.683141	0.786234	14222.136574	14089.738623	11517.690581	3558.549552	2704.445993	0.939945	0.970848	14222.136574	15076.240133	14222.136574	854.103559	0	A=L,B=G,C=H,D=D,E=E,F=A,G=B,H=C,I=I,J=J,K=K,L=F	100	100	100
9DXF-assembly1.cif	M1239v1TS110_4	215	24	0.682481	0.802364	14222.136574	14167.3309	11639.153386	3150.847239	2582.983188	0.904404	0.953138	14222.136574	14790.000625	13826.281302	963.719322	395.855271	A=F,B=B,C=C,D=I,E=J,F=K,G=G,H=H,I=D,J=E,K=L,L=A	100	100	100
9DXF-assembly1.cif	M1239v2TS110_1	215	126	0.682481	0.802364	14222.136574	14167.3309	11639.153386	3150.847239	2582.983188	0.904404	0.953138	14222.136574	14790.000625	13826.281302	963.719322	395.855271	A=F,B=B,C=C,D=I,E=J,F=K,G=G,H=H,I=D,J=E,K=L,L=A	100	100	100
9DXF-assembly1.cif	M1239v1TS369_5	215	84	0.682209	0.78811	14222.136574	13600.312708	11385.451393	3285.445268	2836.685181	0.968446	0.984468	14222.136574	14670.896661	14222.136574	448.760088	0	A=L,B=G,C=H,D=I,E=J,F=K,G=B,H=C,I=D,J=E,K=F,L=A	100	100	100
9DXF-assembly1.cif	M1239v2TS369_5	215	193	0.682209	0.78811	14222.136574	13600.312708	11385.451393	3285.445268	2836.685181	0.968446	0.984468	14222.136574	14670.896661	14222.136574	448.760088	0	A=L,B=G,C=H,D=I,E=J,F=K,G=B,H=C,I=D,J=E,K=F,L=A	100	100	100
9DXF-assembly1.cif	M1239v2TS462_4	215	202	0.68215	0.796178	14222.136574	14202.684593	11619.96643	3347.280445	2602.170144	0.927144	0.964502	14222.136574	14967.246875	14076.609012	890.637862	145.527561	A=F,B=B,C=C,D=I,E=J,F=K,G=G,H=H,I=D,J=E,K=L,L=A	100	100	100
9DXF-assembly1.cif	M1239v1TS110_1	215	21	0.682007	0.789942	14222.136574	13378.365363	11281.317623	3058.955598	2940.81895	0.960803	0.980483	14222.136574	14340.273222	14002.471911	337.801311	219.664663	A=L,B=G,C=H,D=I,E=J,F=K,G=B,H=C,I=D,J=E,K=A,L=F	100	100	100
9DXF-assembly1.cif	M1239v1TS204_3	215	35	0.681978	0.783208	14222.136574	13462.417502	11297.783548	3330.101439	2924.353026	0.925703	0.963374	14222.136574	14627.884987	13896.68073	731.204256	325.455843	A=L,B=G,C=H,D=I,E=J,F=K,G=B,H=C,I=D,J=E,K=F,L=A	100	100	100
9DXF-assembly1.cif	M1239v2TS294_4	215	181	0.681955	0.788851	14222.136574	14330.282301	11629.688964	3633.319699	2592.447609	0.920328	0.96157	14222.136574	15263.008663	14176.017765	1086.990898	46.118808	A=A,B=B,C=C,D=D,E=E,F=F,G=G,H=H,I=I,J=J,K=L,L=K	100	100	100
9DXD-assembly1.cif	M1239v1TS033_4	214	14	0.681662	0.783619	14204.698146	13976.378083	11444.577231	3560.255965	2760.120914	0.885473	0.944305	14204.698146	15004.833196	13791.355182	1213.478014	413.342963	A=F,B=B,C=C,D=I,E=J,F=K,G=G,H=H,I=D,J=E,K=L,L=A	100	100	100
9DXF-assembly1.cif	M1239v1TS369_3	215	82	0.681535	0.784809	14222.136574	13253.823377	11217.802155	3147.396287	3004.334419	0.959743	0.979972	14222.136574	14365.198442	14007.400403	357.798039	214.736171	A=L,B=G,C=H,D=I,E=J,F=K,G=B,H=C,I=D,J=E,K=F,L=A	100	100	100
9DXF-assembly1.cif	M1239v2TS369_3	215	191	0.681535	0.784809	14222.136574	13253.823377	11217.802155	3147.396287	3004.334419	0.959743	0.979972	14222.136574	14365.198442	14007.400403	357.798039	214.736171	A=L,B=G,C=H,D=I,E=J,F=K,G=B,H=C,I=D,J=E,K=F,L=A	100	100	100
9DXD-assembly1.cif	M1239v1TS167_2	214	29	0.681284	0.790546	14204.698146	13308.111867	11240.039582	2991.423307	2964.658564	0.9524	0.976222	14204.698146	14231.462889	13880.010065	351.452825	324.688081	A=F,B=B,C=C,D=I,E=J,F=K,G=G,H=H,I=D,J=E,K=L,L=A	100	100	100
9DXD-assembly1.cif	M1239v1TS450_2	214	86	0.681284	0.790546	14204.698146	13308.111867	11240.039582	2991.423307	2964.658564	0.9524	0.976222	14204.698146	14231.462889	13880.010065	351.452825	324.688081	A=F,B=B,C=C,D=I,E=J,F=K,G=G,H=H,I=D,J=E,K=L,L=A	100	100	100
9DXD-assembly1.cif	M1239v1TS028_3	214	8	0.681139	0.796524	14204.698146	12898.322294	11056.243241	2500.297725	3148.454905	0.954223	0.976577	14204.698146	13556.540966	13555.493054	1.047912	649.205091	A=L,B=G,C=H,D=D,E=E,F=A,G=B,H=C,I=I,J=J,K=F,L=K	100	100	100
9DXF-assembly1.cif	M1239v1TS167_5	215	32	0.681105	0.782642	14222.136574	13125.054013	11143.928908	3111.653742	3078.207666	0.971755	0.985894	14222.136574	14255.58265	14038.010468	217.572182	184.126106	A=F,B=B,C=C,D=D,E=E,F=A,G=G,H=H,I=I,J=J,K=L,L=K	100	100	100
9DXF-assembly1.cif	M1239v1TS450_5	215	89	0.681105	0.782642	14222.136574	13125.054013	11143.928908	3111.653742	3078.207666	0.971755	0.985894	14222.136574	14255.58265	14038.010468	217.572182	184.126106	A=F,B=B,C=C,D=D,E=E,F=A,G=G,H=H,I=I,J=J,K=L,L=K	100	100	100
9DXD-assembly1.cif	M1239v2TS028_4	214	114	0.681036	0.805175	14204.698146	13173.759872	11223.758816	2450.582326	2980.93933	0.949644	0.974343	14204.698146	13674.341141	13581.875383	92.465758	622.822763	A=F,B=B,C=C,D=I,E=J,F=K,G=G,H=H,I=D,J=E,K=L,L=A	100	100	100
9DXD-assembly1.cif	M1239v2TS286_3	214	175	0.68102	0.796644	14204.698146	14158.864187	11568.899803	3270.504891	2635.798343	0.924239	0.962947	14204.698146	14839.404694	13983.96741	855.437284	220.730736	A=F,B=B,C=C,D=I,E=J,F=K,G=G,H=H,I=D,J=E,K=L,L=A	100	100	100
9DXD-assembly1.cif	M1239v2TS204_4	214	141	0.680958	0.782532	14204.698146	13486.759175	11249.027292	3296.58901	2955.670853	0.943676	0.972172	14204.698146	14545.616302	13975.121766	570.494536	229.576379	A=F,B=B,C=C,D=I,E=J,F=K,G=G,H=H,I=D,J=E,K=L,L=A	100	100	100
9DXF-assembly1.cif	M1239v1TS462_2	215	91	0.680843	0.786351	14222.136574	13638.241241	11394.927423	3364.733415	2827.209151	0.942488	0.971777	14222.136574	14759.660837	14081.926566	677.734272	140.210008	A=A,B=G,C=H,D=D,E=E,F=L,G=B,H=C,I=I,J=J,K=F,L=K	100	100	100
9DXF-assembly1.cif	M1239v2TS489_3	215	211	0.680598	0.805107	14222.136574	14258.79174	11677.811215	3109.375339	2544.325359	0.938756	0.969975	14222.136574	14787.186554	14069.152213	718.034341	152.984361	A=L,B=G,C=H,D=D,E=E,F=A,G=B,H=C,I=I,J=J,K=F,L=K	100	100	100
9DXF-assembly1.cif	M1239v1TS167_2	215	29	0.680543	0.790008	14222.136574	13259.488637	11239.291391	2992.171499	2982.845183	0.951818	0.975917	14222.136574	14231.462889	13884.175128	347.287762	337.961446	A=L,B=G,C=H,D=D,E=E,F=A,G=B,H=C,I=I,J=J,K=F,L=K	100	100	100
9DXF-assembly1.cif	M1239v1TS450_2	215	86	0.680543	0.790008	14222.136574	13259.488637	11239.291391	2992.171499	2982.845183	0.951818	0.975917	14222.136574	14231.462889	13884.175128	347.287762	337.961446	A=L,B=G,C=H,D=D,E=E,F=A,G=B,H=C,I=I,J=J,K=F,L=K	100	100	100
9DXD-assembly1.cif	M1239v2TS286_1	214	173	0.680541	0.797172	14204.698146	12220.452057	10784.491081	2067.699212	3420.207064	0.904784	0.950012	14204.698146	12852.190293	12852.190293	0	1352.507853	A=F,B=B,C=C,D=I,E=J,F=L,G=G,H=H,I=D,J=E,K=A,L=K	100	100	100
9DXF-assembly1.cif	M1239v2TS204_4	215	141	0.680326	0.785877	14222.136574	13470.931406	11303.953255	3241.663047	2918.183319	0.943104	0.971872	14222.136574	14545.616302	13979.28683	566.329472	242.849744	A=L,B=G,C=H,D=I,E=J,F=K,G=B,H=C,I=D,J=E,K=F,L=A	100	100	100
9DXF-assembly1.cif	M1239v1TS208_4	215	40	0.680314	0.789314	14222.136574	13323.132164	11235.358428	3011.160666	2986.778145	0.962173	0.981103	14222.136574	14246.519094	13965.334875	281.184219	256.801699	A=L,B=G,C=H,D=D,E=E,F=A,G=B,H=C,I=I,J=J,K=K,L=F	100	100	100
9DXD-assembly1.cif	M1239v1TS231_2	214	42	0.680123	0.787692	14204.698146	14415.893974	11664.231609	3747.283117	2540.466537	0.909422	0.956556	14204.698146	15411.514726	14164.790279	1246.724447	39.907867	A=F,B=B,C=C,D=I,E=J,F=K,G=G,H=H,I=D,J=E,K=L,L=A	100	100	100
9DXD-assembly1.cif	M1239v2TS489_3	214	211	0.680123	0.803655	14204.698146	14243.944233	11649.732577	3137.453977	2554.965568	0.939322	0.970271	14204.698146	14787.186554	14064.98715	722.199404	139.710996	A=F,B=B,C=C,D=D,E=E,F=A,G=G,H=H,I=I,J=J,K=L,L=K	100	100	100
9DXF-assembly1.cif	M1239v1TS231_1	215	41	0.680104	0.786154	14222.136574	14247.897481	11604.603279	3695.713983	2617.533295	0.905109	0.954287	14222.136574	15300.317262	14086.447829	1213.869432	135.688744	A=F,B=B,C=C,D=I,E=J,F=K,G=G,H=H,I=D,J=E,K=L,L=A	100	100	100
9DXF-assembly1.cif	M1239v1TS028_3	215	8	0.680084	0.79688	14222.136574	12866.768046	11068.130807	2488.410159	3154.005767	0.9532	0.976039	14222.136574	13556.540966	13556.540966	0	665.595607	A=L,B=G,C=H,D=D,E=E,F=A,G=B,H=C,I=I,J=J,K=F,L=K	100	100	100
9DXF-assembly1.cif	M1239v2TS462_1	215	199	0.679736	0.794024	14222.136574	14145.101606	11573.185293	3355.413329	2648.95128	0.890389	0.946523	14222.136574	14928.598622	13795.917127	1132.681495	426.219446	A=L,B=G,C=H,D=D,E=E,F=A,G=B,H=C,I=I,J=J,K=F,L=K	100	100	100
9DXF-assembly1.cif	M1239v1TS369_1	215	80	0.679697	0.788834	14222.136574	13072.880883	11135.550832	2875.239843	3086.585741	0.965463	0.982602	14222.136574	14010.790676	13870.86924	139.921435	351.267333	A=F,B=B,C=C,D=D,E=E,F=A,G=G,H=H,I=I,J=J,K=L,L=K	100	100	100
9DXF-assembly1.cif	M1239v2TS369_1	215	189	0.679697	0.788834	14222.136574	13072.880883	11135.550832	2875.239843	3086.585741	0.965463	0.982602	14222.136574	14010.790676	13870.86924	139.921435	351.267333	A=F,B=B,C=C,D=D,E=E,F=A,G=G,H=H,I=I,J=J,K=L,L=K	100	100	100
9DXF-assembly1.cif	M1239v1TS369_2	215	81	0.679696	0.786925	14222.136574	13154.885257	11218.931654	3072.266933	3003.204919	0.93819	0.96917	14222.136574	14291.198587	13817.131181	474.067406	405.005393	A=L,B=G,C=H,D=I,E=J,F=K,G=B,H=C,I=D,J=E,K=F,L=A	100	100	100
9DXF-assembly1.cif	M1239v2TS369_2	215	190	0.679696	0.786925	14222.136574	13154.885257	11218.931654	3072.266933	3003.204919	0.93819	0.96917	14222.136574	14291.198587	13817.131181	474.067406	405.005393	A=L,B=G,C=H,D=I,E=J,F=K,G=B,H=C,I=D,J=E,K=F,L=A	100	100	100
9DXD-assembly1.cif	M1239v2TS294_1	214	178	0.679638	0.790749	14204.698146	14249.474796	11605.233929	3542.576133	2599.464217	0.933606	0.967869	14204.698146	15147.810062	14204.698146	943.111916	0	A=A,B=G,C=H,D=D,E=E,F=L,G=B,H=C,I=I,J=J,K=F,L=K	100	100	100
9DXD-assembly1.cif	M1239v2TS462_4	214	202	0.679482	0.79385	14204.698146	14184.618134	11579.080062	3388.166813	2625.618084	0.927696	0.964793	14204.698146	14967.246875	14072.443949	894.802926	132.254196	A=F,B=B,C=C,D=I,E=J,F=K,G=G,H=H,I=D,J=E,K=L,L=A	100	100	100
9DXF-assembly1.cif	M1239v1TS462_4	215	93	0.679479	0.785819	14222.136574	13301.352829	11205.647199	3091.863876	3016.489375	0.943345	0.971747	14222.136574	14297.511075	13856.942958	440.568116	365.193615	A=A,B=B,C=C,D=D,E=E,F=F,G=G,H=H,I=I,J=J,K=L,L=K	100	100	100
9DXF-assembly1.cif	M1239v2TS167_3	215	135	0.679421	0.787495	14222.136574	14475.212134	11684.843535	3768.991923	2537.293038	0.890173	0.947366	14222.136574	15453.835459	14057.00178	1396.833679	165.134794	A=A,B=G,C=H,D=D,E=E,F=L,G=B,H=C,I=I,J=J,K=F,L=K	100	100	100
9DXF-assembly1.cif	M1239v2TS450_3	215	196	0.679421	0.787495	14222.136574	14475.212134	11684.843535	3768.991923	2537.293038	0.890173	0.947366	14222.136574	15453.835459	14057.00178	1396.833679	165.134794	A=A,B=G,C=H,D=D,E=E,F=L,G=B,H=C,I=I,J=J,K=F,L=K	100	100	100
9DXD-assembly1.cif	M1239v1TS462_5	214	94	0.679268	0.784688	14204.698146	15499.053975	12091.725	4522.784729	2112.973146	0.830351	0.921808	14204.698146	16614.509728	14204.698146	2409.811583	0	A=A,B=B,C=C,D=D,E=E,F=F,G=G,H=H,I=I,J=J,K=L,L=K	100	100	100
9DXF-assembly1.cif	M1239v2TS028_4	215	114	0.678706	0.805111	14222.136574	13163.616863	11229.881686	2444.459455	2992.254887	0.94924	0.974121	14222.136574	13674.341141	13587.279192	87.061949	634.857381	A=L,B=G,C=H,D=I,E=J,F=K,G=B,H=C,I=D,J=E,K=F,L=A	100	100	100
9DXD-assembly1.cif	M1239v2TS462_1	214	199	0.678704	0.792644	14204.698146	14148.004508	11546.159693	3382.438928	2658.538452	0.890896	0.946803	14204.698146	14928.598622	13791.752064	1136.846558	412.946082	A=F,B=B,C=C,D=D,E=E,F=A,G=G,H=H,I=I,J=J,K=L,L=K	100	100	100
9DXF-assembly1.cif	M1239v2TS033_2	215	117	0.678165	0.783448	14222.136574	14438.028809	11659.847595	3883.493511	2562.288979	0.907102	0.955613	14222.136574	15543.341106	14222.136574	1321.204532	0	A=L,B=G,C=H,D=I,E=J,F=K,G=B,H=C,I=D,J=E,K=A,L=F	100	100	100
9DXD-assembly1.cif	M1239v2TS462_5	214	203	0.678093	0.783541	14204.698146	13260.252146	11165.604535	3130.067099	3039.093611	0.967817	0.98396	14204.698146	14295.671634	14021.610812	274.060821	183.087333	A=L,B=G,C=H,D=D,E=E,F=A,G=B,H=C,I=I,J=J,K=F,L=K	100	100	100
9DXF-assembly1.cif	M1239v2TS231_4	215	151	0.677886	0.793729	14222.136574	13228.435587	11135.823358	2701.560669	3086.313215	0.963797	0.98165	14222.136574	13837.384028	13772.318981	65.065047	449.817593	A=L,B=G,C=H,D=D,E=E,F=A,G=B,H=C,I=I,J=J,K=F,L=K	100	100	100
9DXD-assembly1.cif	M1239v1TS204_3	214	35	0.677875	0.778549	14204.698146	13510.844902	11223.791523	3404.093463	2980.906622	0.926253	0.963668	14204.698146	14627.884987	13892.515667	735.36932	312.182479	A=F,B=B,C=C,D=I,E=J,F=K,G=G,H=H,I=D,J=E,K=L,L=A	100	100	100
9DXD-assembly1.cif	M1239v1TS369_1	214	80	0.677774	0.787376	14204.698146	13091.933007	11108.094989	2902.695687	3096.603157	0.966006	0.982886	14204.698146	14010.790676	13866.30621	144.484465	338.391935	A=F,B=B,C=C,D=I,E=J,F=K,G=G,H=H,I=D,J=E,K=L,L=A	100	100	100
9DXD-assembly1.cif	M1239v2TS369_1	214	189	0.677774	0.787376	14204.698146	13091.933007	11108.094989	2902.695687	3096.603157	0.966006	0.982886	14204.698146	14010.790676	13866.30621	144.484465	338.391935	A=F,B=B,C=C,D=I,E=J,F=K,G=G,H=H,I=D,J=E,K=L,L=A	100	100	100
9DXF-assembly1.cif	M1239v1TS294_3	215	70	0.677211	0.784974	14222.136574	13649.513837	11325.331265	3307.831428	2896.805308	0.962862	0.981696	14222.136574	14633.162693	14163.561267	469.601426	58.575307	A=A,B=B,C=C,D=D,E=E,F=F,G=G,H=H,I=I,J=J,K=L,L=K	100	100	100
9DXD-assembly1.cif	M1239v1TS167_5	214	32	0.677076	0.779531	14204.698146	13199.248757	11092.830274	3162.752376	3111.867871	0.972362	0.986206	14204.698146	14255.58265	14033.845405	221.737245	170.852741	A=F,B=B,C=C,D=I,E=J,F=K,G=G,H=H,I=D,J=E,K=L,L=A	100	100	100
9DXD-assembly1.cif	M1239v1TS450_5	214	89	0.677076	0.779531	14204.698146	13199.248757	11092.830274	3162.752376	3111.867871	0.972362	0.986206	14204.698146	14255.58265	14033.845405	221.737245	170.852741	A=F,B=B,C=C,D=I,E=J,F=K,G=G,H=H,I=D,J=E,K=L,L=A	100	100	100
9DXD-assembly1.cif	M1239v2TS231_4	214	151	0.676939	0.795332	14204.698146	13295.395685	11151.377538	2686.00649	3053.320608	0.964394	0.981964	14204.698146	13837.384028	13768.153918	69.23011	436.544228	A=L,B=G,C=H,D=D,E=E,F=A,G=B,H=C,I=I,J=J,K=F,L=K	100	100	100
9DXD-assembly1.cif	M1239v1TS462_2	214	91	0.676887	0.783994	14204.698146	13682.170838	11353.947021	3405.713816	2850.751124	0.943059	0.972075	14204.698146	14759.660837	14077.761503	681.899335	126.936643	A=A,B=B,C=C,D=D,E=E,F=F,G=G,H=H,I=I,J=J,K=L,L=K	100	100	100
9DXF-assembly1.cif	M1239v2TS033_1	215	116	0.676675	0.778121	14222.136574	13878.726021	11308.940075	3536.218341	2913.196498	0.956052	0.978497	14222.136574	14845.158416	14221.133391	624.025025	1.003182	A=F,B=B,C=C,D=I,E=J,F=K,G=G,H=H,I=D,J=E,K=L,L=A	100	100	100
9DXF-assembly1.cif	M1239v1TS462_3	215	92	0.676619	0.790549	14222.136574	13349.964983	11254.882513	2996.556286	2967.254061	0.940478	0.97027	14222.136574	14251.438799	13813.524248	437.914551	408.612325	A=K,B=B,C=C,D=I,E=J,F=F,G=G,H=H,I=D,J=E,K=L,L=A	100	100	100
9DXD-assembly1.cif	M1239v1TS204_5	214	37	0.675663	0.786268	14204.698146	13476.315614	11235.520147	3139.159129	2969.177999	0.92944	0.96493	14204.698146	14374.679276	13788.549802	586.129474	416.148344	A=L,B=G,C=H,D=D,E=E,F=A,G=B,H=C,I=I,J=J,K=F,L=K	100	100	100
9DXD-assembly1.cif	M1239v2TS481_2	214	205	0.675398	0.780859	14204.698146	13697.592574	11381.696065	3565.336124	2823.002081	0.943563	0.9725	14204.698146	14947.032188	14175.031649	772.000539	29.666496	A=F,B=B,C=C,D=I,E=J,F=K,G=G,H=H,I=D,J=E,K=L,L=A	100	100	100
9DXF-assembly1.cif	M1239v1TS294_2	215	69	0.67536	0.779581	14222.136574	13220.340963	11118.934099	3184.342502	3103.202474	0.948683	0.974415	14222.136574	14303.276602	13897.791011	405.48559	324.345562	A=A,B=B,C=C,D=D,E=E,F=F,G=G,H=H,I=I,J=J,K=L,L=K	100	100	100
9DXD-assembly1.cif	M1239v1TS091_1	214	16	0.675185	0.78617	14204.698146	15100.206471	11891.622885	4155.72291	2313.07526	0.869378	0.938667	14204.698146	16047.345795	14198.301414	1849.044381	6.396731	A=A,B=B,C=C,D=I,E=J,F=L,G=G,H=H,I=D,J=E,K=F,L=K	100	100	100
9DXD-assembly1.cif	M1239v2TS091_3	214	123	0.675185	0.78617	14204.698146	15100.206471	11891.622885	4155.72291	2313.07526	0.869378	0.938667	14204.698146	16047.345795	14198.301414	1849.044381	6.396731	A=A,B=B,C=C,D=I,E=J,F=L,G=G,H=H,I=D,J=E,K=F,L=K	100	100	100
9DXD-assembly1.cif	M1239v1TS110_1	214	21	0.675109	0.786753	14204.698146	13387.894499	11228.927879	3111.345343	2975.770267	0.961396	0.98079	14204.698146	14340.273222	13998.306848	341.966374	206.391298	A=L,B=G,C=H,D=D,E=E,F=A,G=B,H=C,I=I,J=J,K=K,L=F	100	100	100
9DXD-assembly1.cif	M1239v1TS481_5	214	99	0.6751	0.783792	14204.698146	14333.444197	11529.963837	3686.327066	2674.734308	0.928785	0.965617	14204.698146	15216.290903	14204.698146	1011.592758	0	A=L,B=G,C=H,D=I,E=J,F=K,G=B,H=C,I=D,J=E,K=A,L=F	100	100	100
9DXF-assembly1.cif	M1239v2TS167_2	215	134	0.674745	0.78523	14222.136574	14270.466294	11573.584064	3682.499365	2648.552509	0.877433	0.940866	14222.136574	15256.083429	13867.529406	1388.554023	354.607168	A=K,B=G,C=H,D=I,E=J,F=L,G=B,H=C,I=D,J=E,K=F,L=A	100	100	100
9DXF-assembly1.cif	M1239v2TS450_2	215	195	0.674745	0.78523	14222.136574	14270.466294	11573.584064	3682.499365	2648.552509	0.877433	0.940866	14222.136574	15256.083429	13867.529406	1388.554023	354.607168	A=K,B=G,C=H,D=I,E=J,F=L,G=B,H=C,I=D,J=E,K=F,L=A	100	100	100
9DXD-assembly1.cif	M1239v2TS033_2	214	117	0.674663	0.781013	14204.698146	14360.51988	11616.798487	3926.542618	2587.899658	0.905761	0.955001	14204.698146	15543.341106	14204.698146	1338.64296	0	A=F,B=B,C=C,D=I,E=J,F=K,G=G,H=H,I=D,J=E,K=A,L=L	100	100	100
9DXF-assembly1.cif	M1239v2TS231_3	215	150	0.674653	0.789913	14222.136574	13716.470069	11294.783798	3080.62603	2927.352775	0.958341	0.979282	14222.136574	14375.409828	14002.536412	372.873416	219.600161	A=L,B=G,C=H,D=D,E=E,F=A,G=B,H=C,I=I,J=J,K=F,L=K	100	100	100
9DXD-assembly1.cif	M1239v1TS110_3	214	23	0.674582	0.782546	14204.698146	14118.161264	11456.835245	3619.404888	2747.862901	0.938644	0.970235	14204.698146	15076.240133	14204.698146	871.541987	0	A=F,B=B,C=C,D=D,E=E,F=A,G=G,H=H,I=I,J=J,K=K,L=L	100	100	100
9DXF-assembly1.cif	M1239v1TS167_1	215	28	0.674377	0.778167	14222.136574	13248.797836	11142.032176	3272.456467	3080.104397	0.954854	0.977578	14222.136574	14414.488643	13997.273071	417.215572	224.863503	A=L,B=G,C=H,D=D,E=E,F=A,G=B,H=C,I=I,J=J,K=F,L=K	100	100	100
9DXF-assembly1.cif	M1239v1TS450_1	215	85	0.674377	0.778167	14222.136574	13248.797836	11142.032176	3272.456467	3080.104397	0.954854	0.977578	14222.136574	14414.488643	13997.273071	417.215572	224.863503	A=L,B=G,C=H,D=D,E=E,F=A,G=B,H=C,I=I,J=J,K=F,L=K	100	100	100
9DXD-assembly1.cif	M1239v2TS489_4	214	212	0.674327	0.779882	14204.698146	13695.728475	11290.822632	3459.693567	2913.875513	0.953239	0.97706	14204.698146	14750.516199	14145.496087	605.020112	59.202058	A=F,B=B,C=C,D=I,E=J,F=K,G=G,H=H,I=D,J=E,K=L,L=A	100	100	100
9DXD-assembly1.cif	M1239v2TS167_3	214	135	0.674212	0.78378	14204.698146	14459.430599	11622.875746	3830.959713	2581.8224	0.89068	0.947642	14204.698146	15453.835459	14052.836716	1400.998742	151.861429	A=K,B=B,C=C,D=I,E=J,F=F,G=G,H=H,I=D,J=E,K=L,L=A	100	100	100
9DXD-assembly1.cif	M1239v2TS450_3	214	196	0.674212	0.78378	14204.698146	14459.430599	11622.875746	3830.959713	2581.8224	0.89068	0.947642	14204.698146	15453.835459	14052.836716	1400.998742	151.861429	A=K,B=B,C=C,D=I,E=J,F=F,G=G,H=H,I=D,J=E,K=L,L=A	100	100	100
9DXF-assembly1.cif	M1239v1TS204_5	215	37	0.674142	0.786488	14222.136574	13405.61605	11245.523111	3129.156165	2976.613462	0.928886	0.964633	14222.136574	14374.679276	13792.714865	581.964411	429.421708	A=F,B=B,C=C,D=I,E=J,F=K,G=G,H=H,I=D,J=E,K=L,L=A	100	100	100
9DXF-assembly1.cif	M1239v1TS489_1	215	100	0.674015	0.778035	14222.136574	13484.240949	11167.094239	3316.656638	3055.042335	0.958531	0.979454	14222.136574	14483.750877	14058.05225	425.698627	164.084324	A=L,B=G,C=H,D=D,E=E,F=A,G=B,H=C,I=I,J=J,K=F,L=K	100	100	100
9DXD-assembly1.cif	M1239v1TS091_2	214	17	0.673978	0.778274	14204.698146	14889.953943	11753.751312	4246.228927	2450.946834	0.873613	0.940563	14204.698146	15999.980238	14204.698146	1795.282093	0	A=L,B=B,C=C,D=I,E=J,F=A,G=G,H=H,I=D,J=E,K=F,L=K	100	100	100
9DXD-assembly1.cif	M1239v2TS091_2	214	122	0.673978	0.778274	14204.698146	14889.953943	11753.751312	4246.228927	2450.946834	0.873613	0.940563	14204.698146	15999.980238	14204.698146	1795.282093	0	A=L,B=B,C=C,D=I,E=J,F=A,G=G,H=H,I=D,J=E,K=F,L=K	100	100	100
9DXD-assembly1.cif	M1239v2TS231_3	214	150	0.673943	0.790765	14204.698146	13751.018188	11300.070217	3075.339611	2904.627928	0.958932	0.979588	14204.698146	14375.409828	13998.371349	377.038479	206.326797	A=L,B=G,C=H,D=D,E=E,F=A,G=B,H=C,I=I,J=J,K=F,L=K	100	100	100
9DXF-assembly1.cif	M1239v2TS110_3	215	128	0.673866	0.779058	14222.136574	12977.227701	11033.845128	3070.142249	3188.291446	0.937611	0.968676	14222.136574	14103.987377	13719.413042	384.574335	502.723531	A=F,B=B,C=C,D=D,E=E,F=A,G=G,H=H,I=I,J=J,K=L,L=K	100	100	100
9DXF-assembly1.cif	M1239v2TS462_3	215	201	0.673782	0.79528	14222.136574	13792.508469	11407.282729	3058.025554	2814.853844	0.928097	0.964353	14222.136574	14465.308284	13832.413346	632.894937	389.723228	A=F,B=B,C=C,D=D,E=E,F=A,G=G,H=H,I=I,J=J,K=L,L=K	100	100	100
9DXF-assembly1.cif	M1239v2TS286_3	215	175	0.673754	0.792776	14222.136574	14202.323725	11519.651493	3319.7532	2702.48508	0.923691	0.962656	14222.136574	14839.404694	13988.132473	851.272221	234.004101	A=L,B=G,C=H,D=I,E=J,F=K,G=B,H=C,I=D,J=E,K=F,L=A	100	100	100
9DXF-assembly1.cif	M1239v1TS462_5	215	94	0.673516	0.778786	14222.136574	15502.227196	12007.57503	4606.934699	2214.561544	0.831785	0.922418	14222.136574	16614.509728	14222.136574	2392.373155	0	A=K,B=G,C=H,D=I,E=J,F=L,G=B,H=C,I=D,J=E,K=F,L=A	100	100	100
9DXF-assembly1.cif	M1239v1TS489_5	215	104	0.673385	0.777942	14222.136574	13903.5903	11372.83275	3643.296667	2849.303824	0.932166	0.967004	14222.136574	15016.129417	14136.763008	879.366409	85.373566	A=F,B=B,C=C,D=D,E=E,F=A,G=G,H=H,I=I,J=J,K=L,L=K	100	100	100
9DXD-assembly1.cif	M1239v1TS369_3	214	82	0.673351	0.780026	14204.698146	13305.04299	11142.629831	3222.568611	3062.068315	0.960335	0.980279	14204.698146	14365.198442	14003.23534	361.963102	201.462806	A=L,B=G,C=H,D=D,E=E,F=A,G=B,H=C,I=I,J=J,K=F,L=K	100	100	100
9DXD-assembly1.cif	M1239v2TS369_3	214	191	0.673351	0.780026	14204.698146	13305.04299	11142.629831	3222.568611	3062.068315	0.960335	0.980279	14204.698146	14365.198442	14003.23534	361.963102	201.462806	A=L,B=G,C=H,D=D,E=E,F=A,G=B,H=C,I=I,J=J,K=F,L=K	100	100	100
9DXF-assembly1.cif	M1239v2TS033_3	215	118	0.673158	0.775002	14222.136574	13416.677792	11130.968661	3371.919373	3091.167913	0.971759	0.986018	14222.136574	14502.888034	14161.688609	341.199425	60.447965	A=L,B=G,C=H,D=D,E=E,F=A,G=B,H=C,I=I,J=J,K=F,L=K	100	100	100
9DXF-assembly1.cif	M1239v1TS091_1	215	16	0.673145	0.787227	14222.136574	15102.966484	11914.470488	4132.875307	2307.666086	0.870659	0.939229	14222.136574	16047.345795	14214.990261	1832.355534	7.146312	A=A,B=G,C=H,D=I,E=J,F=F,G=B,H=C,I=D,J=E,K=L,L=K	100	100	100
9DXF-assembly1.cif	M1239v2TS091_3	215	123	0.673145	0.787227	14222.136574	15102.966484	11914.470488	4132.875307	2307.666086	0.870659	0.939229	14222.136574	16047.345795	14214.990261	1832.355534	7.146312	A=A,B=G,C=H,D=I,E=J,F=F,G=B,H=C,I=D,J=E,K=L,L=K	100	100	100
9DXF-assembly1.cif	M1239v2TS286_1	215	173	0.673095	0.795531	14222.136574	12215.203372	10769.232467	2082.957826	3452.904106	0.903675	0.949401	14222.136574	12852.190293	12852.190293	0	1369.946281	A=F,B=B,C=C,D=D,E=E,F=L,G=G,H=H,I=I,J=J,K=K,L=A	100	100	100
9DXF-assembly1.cif	M1239v2TS481_5	215	208	0.672448	0.784567	14222.136574	14286.215447	11618.033156	3776.253336	2604.103417	0.917583	0.960422	14222.136574	15394.286493	14222.136574	1172.149919	0	A=K,B=B,C=C,D=I,E=J,F=F,G=G,H=H,I=D,J=E,K=A,L=L	100	100	100
9DXD-assembly1.cif	M1239v1TS028_2	214	7	0.671786	0.790098	14204.698146	13293.739388	11117.937672	2820.53922	3086.760474	0.974207	0.986981	14204.698146	13938.476892	13888.395696	50.081196	316.30245	A=L,B=G,C=H,D=I,E=J,F=K,G=B,H=C,I=D,J=E,K=A,L=F	100	100	100
9DXD-assembly1.cif	M1239v2TS462_3	214	201	0.671769	0.79434	14204.698146	13776.738369	11386.871885	3078.436399	2817.826261	0.92865	0.964649	14204.698146	14465.308284	13828.248283	637.060001	376.449863	A=L,B=G,C=H,D=D,E=E,F=A,G=B,H=C,I=I,J=J,K=F,L=K	100	100	100
9DXD-assembly1.cif	M1239v2TS033_1	214	116	0.671636	0.774013	14204.698146	13857.584832	11242.487616	3602.6708	2962.210529	0.954912	0.977953	14204.698146	14845.158416	14204.698146	640.46027	0	A=L,B=G,C=H,D=D,E=E,F=A,G=B,H=C,I=I,J=J,K=F,L=K	100	100	100
9DXD-assembly1.cif	M1239v1TS462_4	214	93	0.671346	0.781351	14204.698146	13353.558439	11135.121066	3162.390009	3069.57708	0.943916	0.972049	14204.698146	14297.511075	13852.777895	444.73318	351.920251	A=A,B=B,C=C,D=D,E=E,F=F,G=G,H=H,I=I,J=J,K=L,L=K	100	100	100
9DXD-assembly1.cif	M1239v2TS294_4	214	181	0.671345	0.785306	14204.698146	14366.227436	11570.590753	3692.417911	2634.107393	0.915904	0.959462	14204.698146	15263.008663	14136.577243	1126.431421	68.120903	A=K,B=B,C=C,D=I,E=J,F=F,G=G,H=H,I=D,J=E,K=L,L=A	100	100	100
9DXD-assembly1.cif	M1239v1TS369_5	214	84	0.671251	0.781292	14204.698146	13629.723599	11280.133718	3390.762943	2924.564428	0.96718	0.983855	14204.698146	14670.896661	14204.698146	466.198516	0	A=F,B=B,C=C,D=I,E=J,F=K,G=G,H=H,I=D,J=E,K=L,L=A	100	100	100
9DXD-assembly1.cif	M1239v2TS369_5	214	193	0.671251	0.781292	14204.698146	13629.723599	11280.133718	3390.762943	2924.564428	0.96718	0.983855	14204.698146	14670.896661	14204.698146	466.198516	0	A=F,B=B,C=C,D=I,E=J,F=K,G=G,H=H,I=D,J=E,K=L,L=A	100	100	100
9DXF-assembly1.cif	M1239v1TS489_4	215	103	0.671024	0.772913	14222.136574	13600.435269	11173.180901	3516.564008	3048.955673	0.951557	0.97617	14222.136574	14689.744909	14111.458894	578.286015	110.67768	A=L,B=G,C=H,D=I,E=J,F=K,G=B,H=C,I=D,J=E,K=F,L=A	100	100	100
9DXD-assembly1.cif	M1239v1TS028_5	214	10	0.670823	0.780932	14204.698146	13929.57048	11366.812683	3539.371843	2837.885463	0.888616	0.94565	14204.698146	14906.184526	13764.349817	1141.834708	440.348328	A=L,B=G,C=H,D=I,E=J,F=K,G=B,H=C,I=D,J=E,K=F,L=A	100	100	100
9DXD-assembly1.cif	M1239v2TS110_5	214	130	0.670821	0.780931	14204.698146	13929.570958	11366.80584	3539.392229	2837.892305	0.888613	0.945648	14204.698146	14906.198069	13764.336408	1141.861661	440.361737	A=L,B=G,C=H,D=I,E=J,F=K,G=B,H=C,I=D,J=E,K=F,L=A	100	100	100
9DXD-assembly1.cif	M1239v2TS167_2	214	134	0.670706	0.782752	14204.698146	14275.881633	11530.242474	3725.840955	2674.455671	0.877924	0.94114	14204.698146	15256.083429	13863.364343	1392.719086	341.333803	A=A,B=G,C=H,D=D,E=E,F=L,G=B,H=C,I=I,J=J,K=F,L=K	100	100	100
9DXD-assembly1.cif	M1239v2TS450_2	214	195	0.670706	0.782752	14204.698146	14275.881633	11530.242474	3725.840955	2674.455671	0.877924	0.94114	14204.698146	15256.083429	13863.364343	1392.719086	341.333803	A=A,B=G,C=H,D=D,E=E,F=L,G=B,H=C,I=I,J=J,K=F,L=K	100	100	100
9DXF-assembly1.cif	M1239v1TS091_2	215	17	0.670691	0.779187	14222.136574	14908.871142	11774.333064	4225.647174	2447.80351	0.874995	0.941174	14222.136574	15999.980238	14222.136574	1777.843665	0	A=L,B=B,C=C,D=D,E=E,F=K,G=G,H=H,I=I,J=J,K=F,L=A	100	100	100
9DXF-assembly1.cif	M1239v2TS091_2	215	122	0.670691	0.779187	14222.136574	14908.871142	11774.333064	4225.647174	2447.80351	0.874995	0.941174	14222.136574	15999.980238	14222.136574	1777.843665	0	A=L,B=B,C=C,D=D,E=E,F=K,G=G,H=H,I=I,J=J,K=F,L=A	100	100	100
9DXD-assembly1.cif	M1239v1TS369_2	214	81	0.670672	0.779879	14204.698146	13165.0264	11111.679734	3179.518854	3093.018412	0.938755	0.969471	14204.698146	14291.198587	13812.966118	478.23247	391.732028	A=F,B=B,C=C,D=I,E=J,F=K,G=G,H=H,I=D,J=E,K=L,L=A	100	100	100
9DXD-assembly1.cif	M1239v2TS369_2	214	190	0.670672	0.779879	14204.698146	13165.0264	11111.679734	3179.518854	3093.018412	0.938755	0.969471	14204.698146	14291.198587	13812.966118	478.23247	391.732028	A=F,B=B,C=C,D=I,E=J,F=K,G=G,H=H,I=D,J=E,K=L,L=A	100	100	100
9DXD-assembly1.cif	M1239v1TS462_3	214	92	0.670137	0.785031	14204.698146	13370.534994	11169.473452	3081.965347	3035.224694	0.941046	0.970572	14204.698146	14251.438799	13809.359185	442.079614	395.338961	A=K,B=B,C=C,D=I,E=J,F=F,G=G,H=H,I=D,J=E,K=L,L=A	100	100	100
9DXD-assembly1.cif	M1239v2TS294_2	214	179	0.670018	0.78646	14204.698146	14414.445407	11635.386945	3749.183225	2569.311201	0.916938	0.960125	14204.698146	15384.57017	14204.698146	1179.872025	0	A=A,B=G,C=H,D=D,E=E,F=L,G=B,H=C,I=I,J=J,K=F,L=K	100	100	100
9DXF-assembly1.cif	M1239v1TS208_2	215	39	0.669904	0.781654	14222.136574	13153.194951	11060.338511	3017.357481	3161.798062	0.944678	0.972198	14222.136574	14077.695993	13756.520303	321.17569	465.616271	A=L,B=G,C=H,D=D,E=E,F=A,G=B,H=C,I=I,J=J,K=K,L=F	100	100	100
9DXF-assembly1.cif	M1239v1TS204_2	215	34	0.669872	0.776103	14222.136574	14017.033623	11412.852932	3775.691274	2809.283641	0.912074	0.957482	14222.136574	15188.544206	14080.096114	1108.448092	142.040459	A=A,B=B,C=C,D=D,E=E,F=F,G=G,H=H,I=I,J=J,K=K,L=L	100	100	100
9DXF-assembly1.cif	M1239v2TS204_1	215	138	0.669872	0.776103	14222.136574	14017.033623	11412.852932	3775.691274	2809.283641	0.912074	0.957482	14222.136574	15188.544206	14080.096114	1108.448092	142.040459	A=A,B=B,C=C,D=D,E=E,F=F,G=G,H=H,I=I,J=J,K=K,L=L	100	100	100
9DXD-assembly1.cif	M1239v2TS481_5	214	208	0.669844	0.782306	14204.698146	14283.775498	11577.727739	3816.558753	2626.970406	0.916254	0.95981	14204.698146	15394.286493	14204.698146	1189.588347	0	A=K,B=G,C=H,D=I,E=J,F=L,G=B,H=C,I=D,J=E,K=A,L=F	100	100	100
9DXF-assembly1.cif	M1239v1TS028_2	215	7	0.669694	0.788751	14222.136574	13268.427373	11105.856309	2832.620583	3116.280264	0.973772	0.986754	14222.136574	13938.476892	13893.799505	44.677387	328.337068	A=F,B=B,C=C,D=I,E=J,F=K,G=G,H=H,I=D,J=E,K=A,L=L	100	100	100
9DXD-assembly1.cif	M1239v2TS110_3	214	128	0.669647	0.776989	14204.698146	13064.185938	10997.766138	3106.221239	3206.932008	0.938176	0.968978	14204.698146	14103.987377	13715.247979	388.739398	489.450167	A=L,B=G,C=H,D=D,E=E,F=A,G=B,H=C,I=I,J=J,K=F,L=K	100	100	100
9DXF-assembly1.cif	M1239v1TS028_5	215	10	0.669635	0.781275	14222.136574	13933.104328	11378.619524	3527.565002	2843.51705	0.888112	0.94537	14222.136574	14906.184526	13768.514881	1137.669645	453.621693	A=F,B=B,C=C,D=D,E=E,F=A,G=G,H=H,I=I,J=J,K=L,L=K	100	100	100
9DXF-assembly1.cif	M1239v2TS110_5	215	130	0.669629	0.781273	14222.136574	13933.108359	11378.594751	3527.603318	2843.541822	0.888109	0.945368	14222.136574	14906.198069	13768.501472	1137.696598	453.635102	A=F,B=B,C=C,D=D,E=E,F=A,G=G,H=H,I=I,J=J,K=L,L=K	100	100	100
9DXF-assembly1.cif	M1239v1TS294_1	215	68	0.669527	0.773345	14222.136574	14078.438729	11454.819792	3947.138568	2767.316782	0.859915	0.932747	14222.136574	15401.958359	13815.890227	1586.068132	406.246347	A=L,B=G,C=H,D=D,E=E,F=A,G=B,H=C,I=I,J=J,K=F,L=K	100	100	100
9DXD-assembly1.cif	M1239v1TS294_3	214	70	0.669077	0.779661	14204.698146	13655.633913	11241.870725	3391.291969	2962.827421	0.964241	0.982386	14204.698146	14633.162693	14164.961024	468.201669	39.737122	A=K,B=B,C=C,D=I,E=J,F=F,G=G,H=H,I=D,J=E,K=L,L=A	100	100	100
9DXF-assembly1.cif	M1239v2TS110_4	215	129	0.66905	0.778907	14222.136574	13783.379436	11222.180533	3370.89174	2999.956041	0.971236	0.985803	14222.136574	14593.072272	14203.060835	390.011438	19.075739	A=F,B=B,C=C,D=D,E=E,F=A,G=G,H=H,I=I,J=J,K=K,L=L	100	100	100
9DXF-assembly1.cif	M1239v1TS481_1	215	95	0.668559	0.774319	14222.136574	13174.93253	10988.399945	3171.559349	3233.736629	0.965416	0.98267	14222.136574	14159.959294	13945.120353	214.838941	277.016221	A=L,B=G,C=H,D=I,E=J,F=K,G=B,H=C,I=D,J=E,K=F,L=A	100	100	100
9DXD-assembly1.cif	M1239v1TS167_1	214	28	0.668481	0.774333	14204.698146	13309.405352	11080.389289	3334.099354	3124.308857	0.955439	0.977883	14204.698146	14414.488643	13993.108007	421.380635	211.590138	A=F,B=B,C=C,D=I,E=J,F=K,G=G,H=H,I=D,J=E,K=L,L=A	100	100	100
9DXD-assembly1.cif	M1239v1TS450_1	214	85	0.668481	0.774333	14204.698146	13309.405352	11080.389289	3334.099354	3124.308857	0.955439	0.977883	14204.698146	14414.488643	13993.108007	421.380635	211.590138	A=F,B=B,C=C,D=I,E=J,F=K,G=G,H=H,I=D,J=E,K=L,L=A	100	100	100
9DXF-assembly1.cif	M1239v2TS231_2	215	149	0.668438	0.799888	14222.136574	12696.303472	10932.621841	2180.635084	3289.514733	0.922031	0.959434	14222.136574	13113.256925	13113.256925	0	1108.879649	A=F,B=B,C=C,D=D,E=E,F=A,G=G,H=H,I=I,J=J,K=L,L=K	100	100	100
9DXF-assembly1.cif	M1239v1TS481_5	215	99	0.668236	0.779889	14222.136574	14294.496228	11479.351993	3736.93891	2742.784581	0.930098	0.966229	14222.136574	15216.290903	14222.136574	994.15433	0	A=L,B=G,C=H,D=I,E=J,F=K,G=B,H=C,I=D,J=E,K=A,L=F	100	100	100
9DXF-assembly1.cif	M1239v2TS204_3	215	140	0.66812	0.769912	14222.136574	13265.581783	11101.115756	3514.122598	3121.020818	0.928939	0.964954	14222.136574	14615.238354	13913.364588	701.873766	308.771986	A=F,B=B,C=C,D=I,E=J,F=K,G=G,H=H,I=D,J=E,K=L,L=A	100	100	100
9DXF-assembly1.cif	M1239v2TS208_2	215	144	0.667995	0.779188	14222.136574	13879.673873	11282.484953	3454.981297	2939.651621	0.957558	0.979157	14222.136574	14737.46625	14177.995116	559.471135	44.141458	A=L,B=G,C=H,D=D,E=E,F=A,G=B,H=C,I=I,J=J,K=F,L=K	100	100	100
9DXD-assembly1.cif	M1239v1TS231_1	214	41	0.667786	0.779358	14204.698146	14266.544817	11497.488615	3802.828646	2707.20953	0.904537	0.954041	14204.698146	15300.317262	14074.494323	1225.822939	130.203823	A=F,B=B,C=C,D=I,E=J,F=K,G=G,H=H,I=D,J=E,K=L,L=A	100	100	100
9DXF-assembly1.cif	M1239v2TS489_2	215	210	0.667298	0.789183	14222.136574	14004.801668	11442.714677	3334.051757	2779.421897	0.881464	0.941865	14222.136574	14776.766434	13656.53094	1120.235494	565.605633	A=F,B=B,C=C,D=D,E=E,F=A,G=G,H=H,I=I,J=J,K=L,L=K	100	100	100
9DXF-assembly1.cif	M1239v2TS167_1	215	133	0.667212	0.78258	14222.136574	14077.73945	11402.171773	3515.646564	2819.964801	0.863157	0.933212	14222.136574	14917.818336	13596.875914	1320.942423	625.26066	A=K,B=G,C=H,D=I,E=J,F=L,G=B,H=C,I=D,J=E,K=F,L=A	100	100	100
9DXF-assembly1.cif	M1239v2TS450_1	215	194	0.667212	0.78258	14222.136574	14077.73945	11402.171773	3515.646564	2819.964801	0.863157	0.933212	14222.136574	14917.818336	13596.875914	1320.942423	625.26066	A=K,B=G,C=H,D=I,E=J,F=L,G=B,H=C,I=D,J=E,K=F,L=A	100	100	100
9DXF-assembly1.cif	M1239v1TS033_1	215	11	0.667089	0.782565	14222.136574	14062.018668	11394.122304	3503.69141	2828.01427	0.86325	0.933212	14222.136574	14897.813714	13587.5392	1310.274514	634.597373	A=K,B=G,C=H,D=I,E=J,F=L,G=B,H=C,I=D,J=E,K=F,L=A	100	100	100
9DXD-assembly1.cif	M1239v1TS204_4	214	36	0.666805	0.782983	14204.698146	13519.598369	11158.784289	3139.765957	3045.913857	0.945079	0.97263	14204.698146	14298.550246	13861.55834	436.991905	343.139805	A=F,B=B,C=C,D=I,E=J,F=K,G=G,H=H,I=D,J=E,K=L,L=A	100	100	100
9DXF-assembly1.cif	M1239v1TS204_4	215	36	0.666596	0.783319	14222.136574	13496.802277	11170.396953	3128.153292	3051.73962	0.944506	0.972327	14222.136574	14298.550246	13865.723404	432.826842	356.41317	A=F,B=B,C=C,D=D,E=E,F=A,G=G,H=H,I=I,J=J,K=L,L=K	100	100	100
9DXD-assembly1.cif	M1239v2TS489_1	214	209	0.666264	0.778234	14204.698146	14032.443458	11429.091126	3738.071735	2775.60702	0.9113	0.957103	14204.698146	15167.162861	14055.950273	1111.212588	148.747873	A=F,B=B,C=C,D=D,E=E,F=A,G=G,H=H,I=I,J=J,K=L,L=K	100	100	100
9DXF-assembly1.cif	M1239v2TS167_5	215	137	0.666089	0.784222	14222.136574	14393.356972	11575.41572	3723.206027	2646.720854	0.895018	0.949423	14222.136574	15298.621747	14013.84674	1284.775007	208.289833	A=A,B=B,C=C,D=D,E=E,F=F,G=G,H=H,I=I,J=J,K=L,L=K	100	100	100
9DXF-assembly1.cif	M1239v2TS450_5	215	198	0.666089	0.784222	14222.136574	14393.356972	11575.41572	3723.206027	2646.720854	0.895018	0.949423	14222.136574	15298.621747	14013.84674	1284.775007	208.289833	A=A,B=B,C=C,D=D,E=E,F=F,G=G,H=H,I=I,J=J,K=L,L=K	100	100	100
9DXF-assembly1.cif	M1239v1TS489_2	215	101	0.666026	0.775892	14222.136574	13679.265352	11176.356237	3410.555562	3045.780336	0.974352	0.987338	14222.136574	14586.9118	14222.136574	364.775226	0	A=L,B=G,C=H,D=D,E=E,F=A,G=B,H=C,I=I,J=J,K=F,L=K	100	100	100
9DXF-assembly1.cif	M1239v2TS489_5	215	213	0.665979	0.792207	14222.136574	13416.600074	11159.971467	2792.274261	3062.165106	0.970128	0.984921	14222.136574	13952.245728	13874.769344	77.476384	347.367229	A=L,B=G,C=H,D=D,E=E,F=A,G=B,H=C,I=I,J=J,K=F,L=K	100	100	100
9DXD-assembly1.cif	M1239v1TS204_2	214	34	0.665834	0.773835	14204.698146	14036.216504	11372.764649	3815.779557	2831.933497	0.912608	0.957766	14204.698146	15188.544206	14075.931051	1112.613155	128.767095	A=K,B=B,C=C,D=I,E=J,F=F,G=G,H=H,I=D,J=E,K=A,L=L	100	100	100
9DXD-assembly1.cif	M1239v2TS204_1	214	138	0.665834	0.773835	14204.698146	14036.216504	11372.764649	3815.779557	2831.933497	0.912608	0.957766	14204.698146	15188.544206	14075.931051	1112.613155	128.767095	A=K,B=B,C=C,D=I,E=J,F=F,G=G,H=H,I=D,J=E,K=A,L=L	100	100	100
9DXF-assembly1.cif	M1239v1TS208_1	215	38	0.665816	0.777162	14222.136574	13150.706118	11027.113069	3128.634724	3195.023505	0.960813	0.98036	14222.136574	14155.747792	13910.277953	245.46984	311.858621	A=L,B=G,C=H,D=D,E=E,F=A,G=B,H=C,I=I,J=J,K=K,L=F	100	100	100
9DXF-assembly1.cif	M1239v1TS159_1	215	26	0.665437	0.778324	14222.136574	13695.631347	11220.678873	3390.114418	3001.4577	0.961555	0.981036	14222.136574	14610.793291	14143.077969	467.715322	79.058605	A=F,B=B,C=C,D=D,E=E,F=A,G=G,H=H,I=I,J=J,K=L,L=K	100	100	100
9DXF-assembly1.cif	M1239v1TS325_1	215	78	0.665437	0.778324	14222.136574	13695.631347	11220.678873	3390.114418	3001.4577	0.961555	0.981036	14222.136574	14610.793291	14143.077969	467.715322	79.058605	A=F,B=B,C=C,D=D,E=E,F=A,G=G,H=H,I=I,J=J,K=L,L=K	100	100	100
9DXF-assembly1.cif	M1239v2TS159_1	215	131	0.665437	0.778324	14222.136574	13695.631347	11220.678873	3390.114418	3001.4577	0.961555	0.981036	14222.136574	14610.793291	14143.077969	467.715322	79.058605	A=F,B=B,C=C,D=D,E=E,F=A,G=G,H=H,I=I,J=J,K=L,L=K	100	100	100
9DXF-assembly1.cif	M1239v2TS489_1	215	209	0.665383	0.779079	14222.136574	14045.406759	11448.285868	3718.876993	2773.850706	0.910768	0.956819	14222.136574	15167.162861	14060.115336	1107.047525	162.021238	A=L,B=G,C=H,D=I,E=J,F=K,G=B,H=C,I=D,J=E,K=F,L=A	100	100	100
9DXF-assembly1.cif	M1239v2TS208_5	215	147	0.665293	0.785361	14222.136574	13525.104321	11132.600232	2995.549322	3089.536342	0.954415	0.977132	14222.136574	14128.149554	13850.982157	277.167397	371.154417	A=F,B=B,C=C,D=D,E=E,F=A,G=G,H=H,I=I,J=J,K=L,L=K	100	100	100
9DXD-assembly1.cif	M1239v1TS294_1	214	68	0.664808	0.772444	14204.698146	14105.71327	11434.739413	3967.218946	2769.958733	0.860384	0.933015	14204.698146	15401.958359	13811.725164	1590.233196	392.972982	A=L,B=G,C=H,D=D,E=E,F=A,G=B,H=C,I=I,J=J,K=F,L=K	100	100	100
9DXD-assembly1.cif	M1239v1TS167_3	214	30	0.664806	0.771546	14204.698146	12898.062526	10899.157326	3148.918474	3305.540819	0.947363	0.973536	14204.698146	14048.075801	13752.541092	295.534708	452.157053	A=L,B=G,C=H,D=D,E=E,F=A,G=B,H=C,I=I,J=J,K=F,L=K	100	100	100
9DXD-assembly1.cif	M1239v1TS450_3	214	87	0.664806	0.771546	14204.698146	12898.062526	10899.157326	3148.918474	3305.540819	0.947363	0.973536	14204.698146	14048.075801	13752.541092	295.534708	452.157053	A=L,B=G,C=H,D=D,E=E,F=A,G=B,H=C,I=I,J=J,K=F,L=K	100	100	100
9DXD-assembly1.cif	M1239v2TS489_5	214	213	0.664725	0.791461	14204.698146	13450.036907	11142.563527	2809.682202	3062.134619	0.970855	0.985297	14204.698146	13952.245728	13871.475896	80.769832	333.22225	A=F,B=B,C=C,D=D,E=E,F=A,G=G,H=H,I=I,J=J,K=L,L=K	100	100	100
9DXD-assembly1.cif	M1239v2TS489_2	214	210	0.664503	0.787264	14204.698146	13990.419706	11408.038827	3368.727607	2796.659319	0.881959	0.942145	14204.698146	14776.766434	13652.365877	1124.400557	552.332268	A=L,B=G,C=H,D=D,E=E,F=A,G=B,H=C,I=I,J=J,K=F,L=K	100	100	100
9DXD-assembly1.cif	M1239v2TS204_3	214	140	0.664424	0.765483	14204.698146	13355.457896	11030.588333	3584.650021	3174.109813	0.929493	0.965248	14204.698146	14615.238354	13909.199525	706.038829	295.498621	A=L,B=G,C=H,D=D,E=E,F=A,G=B,H=C,I=I,J=J,K=F,L=K	100	100	100
9DXD-assembly1.cif	M1239v1TS208_4	214	40	0.664419	0.781642	14204.698146	13382.768589	11119.334018	3127.185076	3085.364128	0.962767	0.981411	14204.698146	14246.519094	13961.169812	285.349282	243.528334	A=L,B=G,C=H,D=D,E=E,F=A,G=B,H=C,I=I,J=J,K=K,L=F	100	100	100
9DXD-assembly1.cif	M1239v1TS489_5	214	104	0.664377	0.772968	14204.698146	13925.522527	11293.383639	3722.745778	2911.314507	0.932724	0.967296	14204.698146	15016.129417	14132.597945	883.531472	72.100201	A=F,B=B,C=C,D=I,E=J,F=K,G=G,H=H,I=D,J=E,K=L,L=A	100	100	100
9DXD-assembly1.cif	M1239v1TS489_1	214	100	0.664228	0.770742	14204.698146	13487.748021	11055.698134	3428.052743	3149.000011	0.959121	0.979759	14204.698146	14483.750877	14053.887187	429.86369	150.810959	A=F,B=B,C=C,D=I,E=J,F=K,G=G,H=H,I=D,J=E,K=L,L=A	100	100	100
9DXD-assembly1.cif	M1239v1TS294_2	214	69	0.663999	0.773933	14204.698146	13316.965444	11031.625752	3271.65085	3173.072394	0.949262	0.974719	14204.698146	14303.276602	13893.625948	409.650654	311.072198	A=A,B=G,C=H,D=D,E=E,F=L,G=B,H=C,I=I,J=J,K=F,L=K	100	100	100
9DXD-assembly1.cif	M1239v1TS028_1	214	6	0.663977	0.790342	14204.698146	13482.926417	11163.147912	2881.051726	3041.550233	0.964195	0.981996	14204.698146	14044.199638	13870.147269	174.052369	334.550877	A=F,B=B,C=C,D=I,E=J,F=K,G=G,H=H,I=D,J=E,K=A,L=L	100	100	100
9DXF-assembly1.cif	M1239v1TS167_3	215	30	0.663956	0.772036	14222.136574	12846.548278	10912.812428	3135.263373	3309.324146	0.946787	0.97323	14222.136574	14048.075801	13756.706155	291.369645	465.430418	A=F,B=B,C=C,D=I,E=J,F=K,G=G,H=H,I=D,J=E,K=L,L=A	100	100	100
9DXF-assembly1.cif	M1239v1TS450_3	215	87	0.663956	0.772036	14222.136574	12846.548278	10912.812428	3135.263373	3309.324146	0.946787	0.97323	14222.136574	14048.075801	13756.706155	291.369645	465.430418	A=F,B=B,C=C,D=I,E=J,F=K,G=G,H=H,I=D,J=E,K=L,L=A	100	100	100
9DXD-assembly1.cif	M1239v2TS231_2	214	149	0.663789	0.796725	14204.698146	12740.373587	10882.453734	2230.80319	3322.244411	0.923163	0.960047	14204.698146	13113.256925	13113.256925	0	1091.441221	A=L,B=G,C=H,D=D,E=E,F=A,G=B,H=C,I=I,J=J,K=F,L=K	100	100	100
9DXF-assembly1.cif	M1239v1TS462_1	215	90	0.663473	0.770282	14222.136574	14316.603629	11414.675409	4000.859518	2807.461164	0.883529	0.94411	14222.136574	15415.534927	13990.605974	1424.928953	231.5306	A=K,B=B,C=C,D=I,E=J,F=F,G=G,H=H,I=D,J=E,K=L,L=A	100	100	100
9DXD-assembly1.cif	M1239v2TS231_5	214	152	0.663265	0.785926	14204.698146	12931.297004	10939.347113	2694.048964	3265.351032	0.937985	0.968356	14204.698146	13633.396077	13478.593273	154.802804	726.104872	A=F,B=B,C=C,D=I,E=J,F=K,G=G,H=H,I=D,J=E,K=L,L=A	100	100	100
9DXD-assembly1.cif	M1239v1TS489_4	214	103	0.66282	0.770221	14204.698146	13665.096773	11127.551367	3562.193542	3077.146778	0.952139	0.976471	14204.698146	14689.744909	14107.29383	582.451078	97.404315	A=L,B=G,C=H,D=I,E=J,F=K,G=B,H=C,I=D,J=E,K=F,L=A	100	100	100
9DXF-assembly1.cif	M1239v2TS231_5	215	152	0.66238	0.784086	14222.136574	12891.895521	10920.568687	2712.82739	3301.567887	0.936757	0.96771	14222.136574	13633.396077	13478.040192	155.355885	744.096381	A=L,B=G,C=H,D=D,E=E,F=A,G=B,H=C,I=I,J=J,K=F,L=K	100	100	100
9DXF-assembly1.cif	M1239v1TS272_4	215	61	0.662299	0.751106	14222.136574	13034.281273	10884.026398	3875.15919	3338.110176	0.962239	0.981469	14222.136574	14759.185588	14222.136574	537.049015	0	A=A,B=G,C=H,D=D,E=E,F=K,G=B,H=C,I=I,J=J,K=L,L=F	100	100	100
9DXF-assembly1.cif	M1239v2TS272_4	215	171	0.662299	0.751106	14222.136574	13034.281273	10884.026398	3875.15919	3338.110176	0.962239	0.981469	14222.136574	14759.185588	14222.136574	537.049015	0	A=A,B=G,C=H,D=D,E=E,F=K,G=B,H=C,I=I,J=J,K=L,L=F	100	100	100
9DXD-assembly1.cif	M1239v2TS167_5	214	137	0.662036	0.783883	14204.698146	14414.718513	11563.577311	3735.044436	2641.120835	0.895531	0.949702	14204.698146	15298.621747	14009.681677	1288.94007	195.016468	A=K,B=B,C=C,D=I,E=J,F=F,G=G,H=H,I=D,J=E,K=L,L=A	100	100	100
9DXD-assembly1.cif	M1239v2TS450_5	214	198	0.662036	0.783883	14204.698146	14414.718513	11563.577311	3735.044436	2641.120835	0.895531	0.949702	14204.698146	15298.621747	14009.681677	1288.94007	195.016468	A=K,B=B,C=C,D=I,E=J,F=F,G=G,H=H,I=D,J=E,K=L,L=A	100	100	100
9DXF-assembly1.cif	M1239v1TS028_1	215	6	0.661931	0.789372	14222.136574	13450.375225	11156.327579	2887.872059	3065.808994	0.963598	0.981685	14222.136574	14044.199638	13874.312332	169.887306	347.824241	A=F,B=B,C=C,D=I,E=J,F=K,G=G,H=H,I=D,J=E,K=A,L=L	100	100	100
9DXF-assembly1.cif	M1239v2TS294_5	215	182	0.661914	0.777402	14222.136574	14145.90524	11401.506427	3708.701854	2820.630147	0.926953	0.964582	14222.136574	15110.20828	14146.727621	963.48066	75.408953	A=A,B=B,C=C,D=D,E=E,F=F,G=G,H=H,I=I,J=J,K=L,L=K	100	100	100
9DXD-assembly1.cif	M1239v2TS208_2	214	144	0.661792	0.77758	14204.698146	13989.645621	11252.423928	3485.042322	2952.274217	0.959442	0.980094	14204.698146	14737.46625	14183.025615	554.440635	21.67253	A=L,B=G,C=H,D=D,E=E,F=A,G=B,H=C,I=I,J=J,K=F,L=K	100	100	100
9DXF-assembly1.cif	M1239v1TS272_2	215	59	0.661555	0.759507	14222.136574	13070.354567	10816.497957	3444.297722	3405.638617	0.9853	0.99266	14222.136574	14260.795679	14136.934295	123.861384	85.202278	A=A,B=G,C=H,D=D,E=E,F=K,G=B,H=C,I=I,J=J,K=L,L=F	100	100	100
9DXF-assembly1.cif	M1239v2TS272_2	215	169	0.661555	0.759507	14222.136574	13070.354567	10816.497957	3444.297722	3405.638617	0.9853	0.99266	14222.136574	14260.795679	14136.934295	123.861384	85.202278	A=A,B=G,C=H,D=D,E=E,F=K,G=B,H=C,I=I,J=J,K=L,L=F	100	100	100
9DXD-assembly1.cif	M1239v2TS110_4	214	129	0.660904	0.777253	14204.698146	13807.724535	11191.580613	3401.491659	3013.117533	0.970078	0.985241	14204.698146	14593.072272	14186.371988	406.700285	18.326158	A=L,B=G,C=H,D=I,E=J,F=K,G=B,H=C,I=D,J=E,K=A,L=F	100	100	100
9DXF-assembly1.cif	M1239v2TS208_1	215	143	0.660881	0.774957	14222.136574	13530.021019	11071.316254	3279.263981	3150.82032	0.951133	0.975676	14222.136574	14350.580235	13938.861708	411.718527	283.274866	A=L,B=G,C=H,D=I,E=J,F=K,G=B,H=C,I=D,J=E,K=F,L=A	100	100	100
9DXF-assembly1.cif	M1239v1TS262_2	215	54	0.660872	0.778877	14222.136574	13692.701319	11236.27348	3394.103134	2985.863093	0.927529	0.964277	14222.136574	14630.376614	13910.911943	719.464671	311.224631	A=A,B=B,C=C,D=I,E=J,F=F,G=G,H=H,I=D,J=E,K=L,L=K	100	100	100
9DXF-assembly1.cif	M1239v1TS272_1	215	58	0.660788	0.7441	14222.136574	12723.769726	10757.825299	3935.025865	3464.311274	0.890036	0.945913	14222.136574	14692.851164	13675.533734	1017.31743	546.60284	A=A,B=B,C=C,D=D,E=E,F=K,G=G,H=H,I=I,J=J,K=F,L=L	100	100	100
9DXF-assembly1.cif	M1239v2TS272_1	215	168	0.660788	0.7441	14222.136574	12723.769726	10757.825299	3935.025865	3464.311274	0.890036	0.945913	14222.136574	14692.851164	13675.533734	1017.31743	546.60284	A=A,B=B,C=C,D=D,E=E,F=K,G=G,H=H,I=I,J=J,K=F,L=L	100	100	100
9DXF-assembly1.cif	M1239v2TS481_3	215	206	0.660769	0.789265	14222.136574	13389.870214	11133.226585	2856.281182	3088.909989	0.952572	0.976091	14222.136574	13989.507767	13768.561381	220.946385	453.575192	A=A,B=G,C=H,D=D,E=E,F=L,G=B,H=C,I=I,J=J,K=K,L=F	100	100	100
9DXF-assembly1.cif	M1239v1TS091_3	215	18	0.660726	0.785938	14222.136574	14453.418363	11604.794622	3704.146381	2617.341951	0.923584	0.963198	14222.136574	15308.941003	14222.136574	1086.80443	0	A=A,B=G,C=H,D=I,E=J,F=K,G=B,H=C,I=D,J=E,K=L,L=F	100	100	100
9DXF-assembly1.cif	M1239v2TS091_1	215	121	0.660726	0.785938	14222.136574	14453.418363	11604.794622	3704.146381	2617.341951	0.923584	0.963198	14222.136574	15308.941003	14222.136574	1086.80443	0	A=A,B=G,C=H,D=I,E=J,F=K,G=B,H=C,I=D,J=E,K=L,L=F	100	100	100
9DXF-assembly1.cif	M1239v1TS110_2	215	22	0.660689	0.789213	14222.136574	13334.920958	11088.808119	2789.971894	3133.328455	0.963991	0.981776	14222.136574	13878.780013	13794.396303	84.38371	427.740271	A=F,B=B,C=C,D=I,E=J,F=K,G=G,H=H,I=D,J=E,K=A,L=L	100	100	100
9DXF-assembly1.cif	M1239v2TS208_3	215	145	0.660384	0.775681	14222.136574	13758.680051	11167.486769	3404.392499	3054.649804	0.956535	0.978531	14222.136574	14571.879268	14087.924116	483.955152	134.212457	A=F,B=B,C=C,D=I,E=J,F=K,G=G,H=H,I=D,J=E,K=L,L=A	100	100	100
9DXD-assembly1.cif	M1239v1TS033_1	214	11	0.660122	0.779428	14204.698146	14056.935006	11341.658841	3556.154873	2863.039305	0.863724	0.933485	14204.698146	14897.813714	13583.374137	1314.439577	621.324008	A=A,B=G,C=H,D=D,E=E,F=L,G=B,H=C,I=I,J=J,K=F,L=K	100	100	100
9DXD-assembly1.cif	M1239v2TS167_1	214	133	0.660065	0.779361	14204.698146	14071.536432	11348.473189	3569.345147	2856.224956	0.86363	0.933485	14204.698146	14917.818336	13592.71085	1325.107486	611.987295	A=A,B=G,C=H,D=D,E=E,F=L,G=B,H=C,I=I,J=J,K=F,L=K	100	100	100
9DXD-assembly1.cif	M1239v2TS450_1	214	194	0.660065	0.779361	14204.698146	14071.536432	11348.473189	3569.345147	2856.224956	0.86363	0.933485	14204.698146	14917.818336	13592.71085	1325.107486	611.987295	A=A,B=G,C=H,D=D,E=E,F=L,G=B,H=C,I=I,J=J,K=F,L=K	100	100	100
9DXD-assembly1.cif	M1239v1TS110_2	214	22	0.659794	0.789539	14204.698146	13359.203209	11086.503703	2792.27631	3118.194443	0.964588	0.982089	14204.698146	13878.780013	13790.231239	88.548773	414.466906	A=F,B=B,C=C,D=I,E=J,F=K,G=G,H=H,I=D,J=E,K=A,L=L	100	100	100
9DXD-assembly1.cif	M1239v1TS262_2	214	54	0.659633	0.776662	14204.698146	13726.80149	11197.554111	3432.822503	3007.144034	0.928081	0.964572	14204.698146	14630.376614	13906.74688	723.629734	297.951266	A=K,B=B,C=C,D=D,E=E,F=F,G=G,H=H,I=I,J=J,K=L,L=A	100	100	100
9DXF-assembly1.cif	M1239v2TS028_5	215	115	0.659493	0.761948	14222.136574	12891.784327	10839.182394	3389.919366	3382.95418	0.980118	0.990061	14222.136574	14229.10176	14084.236735	144.865024	137.899838	A=L,B=G,C=H,D=I,E=J,F=K,G=B,H=C,I=D,J=E,K=A,L=F	100	100	100
9DXD-assembly1.cif	M1239v1TS208_2	214	39	0.659453	0.776758	14204.698146	13165.470466	10984.285843	3093.41015	3220.412303	0.945252	0.972503	14204.698146	14077.695993	13752.355239	325.340753	452.342906	A=F,B=B,C=C,D=I,E=J,F=K,G=G,H=H,I=D,J=E,K=A,L=L	100	100	100
9DXD-assembly1.cif	M1239v1TS489_2	214	101	0.65924	0.772748	14204.698146	13725.951898	11124.33356	3462.57824	3080.364586	0.973092	0.986725	14204.698146	14586.9118	14204.698146	382.213654	0	A=F,B=B,C=C,D=I,E=J,F=K,G=G,H=H,I=D,J=E,K=L,L=A	100	100	100
9DXD-assembly1.cif	M1239v2TS033_3	214	118	0.659173	0.767992	14204.698146	13437.005953	11023.602971	3479.285062	3181.095174	0.973832	0.987052	14204.698146	14502.888034	14167.936857	334.951176	36.761288	A=L,B=G,C=H,D=D,E=E,F=A,G=B,H=C,I=I,J=J,K=F,L=K	100	100	100
9DXD-assembly1.cif	M1239v2TS262_1	214	163	0.659011	0.763173	14204.698146	15007.682933	11609.14045	4609.520494	2595.557695	0.858219	0.933802	14204.698146	16218.660944	14204.698146	2013.962799	0	A=L,B=G,C=H,D=I,E=J,F=A,G=B,H=C,I=D,J=E,K=F,L=K	100	100	100
9DXF-assembly1.cif	M1239v2TS208_4	215	146	0.659003	0.773989	14222.136574	13497.225018	11040.99741	3266.992752	3181.139164	0.988197	0.994116	14222.136574	14307.990161	14181.128882	126.861279	41.007692	A=F,B=B,C=C,D=D,E=E,F=A,G=G,H=H,I=I,J=J,K=L,L=K	100	100	100
9DXD-assembly1.cif	M1239v2TS481_3	214	206	0.658786	0.790658	14204.698146	13428.888718	11145.989329	2843.518437	3058.708816	0.953155	0.976399	14204.698146	13989.507767	13764.396318	225.111449	440.301828	A=K,B=B,C=C,D=I,E=J,F=F,G=G,H=H,I=D,J=E,K=A,L=L	100	100	100
9DXD-assembly1.cif	M1239v1TS481_1	214	95	0.658491	0.769063	14204.698146	13200.106102	10907.103051	3252.856243	3297.595095	0.966015	0.982981	14204.698146	14159.959294	13940.955289	219.004005	263.742856	A=L,B=G,C=H,D=D,E=E,F=A,G=B,H=C,I=I,J=J,K=F,L=K	100	100	100
9DXD-assembly1.cif	M1239v2TS262_3	214	165	0.658398	0.763322	14204.698146	15134.333082	11649.520611	4669.008826	2555.177535	0.851188	0.930747	14204.698146	16318.529436	14204.698146	2113.831291	0	A=F,B=B,C=C,D=D,E=E,F=K,G=G,H=H,I=I,J=J,K=L,L=A	100	100	100
9DXF-assembly1.cif	M1239v1TS489_3	215	102	0.658306	0.765554	14222.136574	13169.891853	10901.614117	3356.566392	3320.522457	0.967869	0.983955	14222.136574	14258.180508	14011.673905	246.506603	210.462668	A=L,B=G,C=H,D=D,E=E,F=A,G=B,H=C,I=I,J=J,K=F,L=K	100	100	100
9DXF-assembly1.cif	M1239v1TS272_5	215	62	0.65805	0.751845	14222.136574	12703.572202	10726.88677	3585.809544	3495.249804	0.980893	0.990477	14222.136574	14312.696314	14131.54406	181.152254	90.592514	A=A,B=B,C=C,D=D,E=E,F=K,G=G,H=H,I=I,J=J,K=F,L=L	100	100	100
9DXF-assembly1.cif	M1239v2TS272_5	215	172	0.65805	0.751845	14222.136574	12703.572202	10726.88677	3585.809544	3495.249804	0.980893	0.990477	14222.136574	14312.696314	14131.54406	181.152254	90.592514	A=A,B=B,C=C,D=D,E=E,F=K,G=G,H=H,I=I,J=J,K=F,L=L	100	100	100
9DXF-assembly1.cif	M1239v1TS262_4	215	56	0.658048	0.7603	14222.136574	14280.319102	11355.457298	4293.378822	2866.679276	0.899685	0.952238	14222.136574	15648.836119	14222.136574	1426.699546	0	A=K,B=B,C=C,D=D,E=E,F=F,G=G,H=H,I=I,J=J,K=L,L=A	100	100	100
9DXD-assembly1.cif	M1239v1TS091_3	214	18	0.65803	0.782196	14204.698146	14467.413729	11542.721572	3766.219431	2661.976573	0.922262	0.962585	14204.698146	15308.941003	14204.698146	1104.242858	0	A=K,B=B,C=C,D=D,E=E,F=A,G=G,H=H,I=I,J=J,K=F,L=L	100	100	100
9DXD-assembly1.cif	M1239v2TS091_1	214	121	0.65803	0.782196	14204.698146	14467.413729	11542.721572	3766.219431	2661.976573	0.922262	0.962585	14204.698146	15308.941003	14204.698146	1104.242858	0	A=K,B=B,C=C,D=D,E=E,F=A,G=G,H=H,I=I,J=J,K=F,L=L	100	100	100
9DXD-assembly1.cif	M1239v2TS262_5	214	167	0.658026	0.761283	14204.698146	14975.099662	11573.657594	4627.325508	2631.040552	0.859463	0.934345	14204.698146	16200.983101	14204.698146	1996.284955	0	A=L,B=G,C=H,D=I,E=J,F=A,G=B,H=C,I=D,J=E,K=F,L=K	100	100	100
9DXF-assembly1.cif	M1239v2TS262_3	215	165	0.657891	0.764285	14222.136574	15038.698888	11670.883756	4647.64568	2551.252817	0.852596	0.931357	14222.136574	16318.529436	14222.136574	2096.392863	0	A=L,B=G,C=H,D=I,E=J,F=A,G=B,H=C,I=D,J=E,K=F,L=K	100	100	100
9DXD-assembly1.cif	M1239v1TS272_1	214	58	0.657639	0.742024	14204.698146	12790.936378	10721.341252	3971.509913	3483.356894	0.890542	0.946196	14204.698146	14692.851164	13671.368671	1021.482494	533.329475	A=A,B=G,C=H,D=D,E=E,F=K,G=B,H=C,I=I,J=J,K=L,L=F	100	100	100
9DXD-assembly1.cif	M1239v2TS272_1	214	168	0.657639	0.742024	14204.698146	12790.936378	10721.341252	3971.509913	3483.356894	0.890542	0.946196	14204.698146	14692.851164	13671.368671	1021.482494	533.329475	A=A,B=G,C=H,D=D,E=J,F=K,G=B,H=C,I=I,J=E,K=L,L=F	100	100	100
9DXF-assembly1.cif	M1239v2TS262_1	215	163	0.657334	0.763549	14222.136574	14910.663604	11621.522123	4597.138821	2600.61445	0.859619	0.934413	14222.136574	16218.660944	14222.136574	1996.524371	0	A=L,B=G,C=H,D=I,E=J,F=A,G=B,H=C,I=D,J=E,K=F,L=K	100	100	100
9DXD-assembly1.cif	M1239v1TS262_4	214	56	0.657067	0.759564	14204.698146	14322.307982	11337.830668	4311.005451	2866.867477	0.898334	0.951626	14204.698146	15648.836119	14204.698146	1444.137974	0	A=A,B=G,C=H,D=I,E=J,F=L,G=B,H=C,I=D,J=E,K=F,L=K	100	100	100
9DXD-assembly1.cif	M1239v1TS462_1	214	90	0.657026	0.76588	14204.698146	14306.838266	11342.773778	4072.761149	2861.924368	0.884028	0.944384	14204.698146	15415.534927	13986.440911	1429.094017	218.257235	A=K,B=G,C=H,D=I,E=J,F=L,G=B,H=C,I=D,J=E,K=F,L=A	100	100	100
9DXF-assembly1.cif	M1239v1TS262_5	215	57	0.656993	0.776787	14222.136574	13820.069832	11267.952681	3521.59586	2954.183893	0.923211	0.962356	14222.136574	14789.548541	13959.78996	829.758581	262.346614	A=A,B=B,C=C,D=I,E=J,F=F,G=G,H=H,I=D,J=E,K=L,L=K	100	100	100
9DXD-assembly1.cif	M1239v1TS272_2	214	59	0.656977	0.75905	14204.698146	13132.357903	10803.367466	3457.428213	3401.330679	0.984641	0.992336	14204.698146	14260.795679	14123.66093	137.134749	81.037215	A=A,B=G,C=H,D=D,E=E,F=K,G=B,H=C,I=I,J=J,K=L,L=F	100	100	100
9DXD-assembly1.cif	M1239v2TS272_2	214	169	0.656977	0.75905	14204.698146	13132.357903	10803.367466	3457.428213	3401.330679	0.984641	0.992336	14204.698146	14260.795679	14123.66093	137.134749	81.037215	A=A,B=G,C=H,D=D,E=J,F=K,G=B,H=C,I=I,J=E,K=L,L=F	100	100	100
9DXD-assembly1.cif	M1239v1TS272_4	214	61	0.656626	0.747914	14204.698146	13101.455008	10831.242792	3927.942796	3373.455353	0.960965	0.980856	14204.698146	14759.185588	14204.698146	554.487443	0	A=K,B=B,C=C,D=I,E=J,F=A,G=G,H=H,I=D,J=E,K=F,L=L	100	100	100
9DXD-assembly1.cif	M1239v2TS272_4	214	171	0.656626	0.747914	14204.698146	13101.455008	10831.242792	3927.942796	3373.455353	0.960965	0.980856	14204.698146	14759.185588	14204.698146	554.487443	0	A=K,B=B,C=C,D=I,E=E,F=A,G=G,H=H,I=D,J=J,K=F,L=L	100	100	100
9DXD-assembly1.cif	M1239v2TS208_5	214	147	0.656489	0.782929	14204.698146	13597.60013	11091.306625	3036.842929	3113.39152	0.955	0.977439	14204.698146	14128.149554	13846.817093	281.33246	357.881052	A=F,B=B,C=C,D=I,E=J,F=K,G=G,H=H,I=D,J=E,K=L,L=A	100	100	100
9DXF-assembly1.cif	M1239v2TS262_5	215	167	0.65636	0.762059	14222.136574	14888.092843	11592.10414	4608.878961	2630.032434	0.860862	0.934956	14222.136574	16200.983101	14222.136574	1978.846527	0	A=F,B=B,C=C,D=D,E=E,F=K,G=G,H=H,I=I,J=J,K=L,L=A	100	100	100
9DXF-assembly1.cif	M1239v1TS294_4	215	71	0.656195	0.766275	14222.136574	13309.11293	10939.907708	3391.444816	3282.228865	0.967271	0.983698	14222.136574	14331.352525	14044.009749	287.342776	178.126825	A=F,B=B,C=C,D=I,E=J,F=K,G=G,H=H,I=D,J=E,K=A,L=L	100	100	100
9DXD-assembly1.cif	M1239v1TS262_5	214	57	0.655457	0.774291	14204.698146	13863.983381	11224.992755	3564.555786	2979.705391	0.923758	0.962648	14204.698146	14789.548541	13955.624896	833.923644	249.073249	A=A,B=G,C=H,D=I,E=J,F=L,G=B,H=C,I=D,J=E,K=F,L=K	100	100	100
9DXD-assembly1.cif	M1239v2TS294_5	214	182	0.655048	0.774262	14204.698146	14178.338324	11348.703035	3761.505246	2855.995111	0.927399	0.964821	14204.698146	15110.20828	14141.812976	968.395304	62.885169	A=A,B=G,C=H,D=D,E=E,F=L,G=B,H=C,I=I,J=J,K=F,L=K	100	100	100
9DXD-assembly1.cif	M1239v1TS272_5	214	62	0.654784	0.74987	14204.698146	12815.845471	10692.164755	3620.531559	3512.533391	0.980228	0.990152	14204.698146	14312.696314	14118.270695	194.425619	86.427451	A=A,B=G,C=H,D=D,E=E,F=K,G=B,H=C,I=I,J=J,K=L,L=F	100	100	100
9DXD-assembly1.cif	M1239v2TS272_5	214	172	0.654784	0.74987	14204.698146	12815.845471	10692.164755	3620.531559	3512.533391	0.980228	0.990152	14204.698146	14312.696314	14118.270695	194.425619	86.427451	A=A,B=G,C=H,D=D,E=J,F=K,G=B,H=C,I=I,J=E,K=L,L=F	100	100	100
9DXF-assembly1.cif	M1239v2TS204_5	215	142	0.654463	0.761791	14222.136574	12983.847444	10788.731108	3313.786328	3433.405466	0.959882	0.979856	14222.136574	14102.517435	13877.046302	225.471134	345.090272	A=F,B=B,C=C,D=I,E=J,F=K,G=G,H=H,I=D,J=E,K=L,L=A	100	100	100
9DXD-assembly1.cif	M1239v2TS208_1	214	143	0.653819	0.771266	14204.698146	13640.178031	11011.859885	3338.720351	3192.838261	0.951714	0.97598	14204.698146	14350.580235	13934.696645	415.883591	270.001501	A=L,B=G,C=H,D=D,E=E,F=A,G=B,H=C,I=I,J=J,K=F,L=K	100	100	100
9DXD-assembly1.cif	M1239v2TS208_3	214	145	0.653792	0.772859	14204.698146	13870.628953	11120.12507	3451.754198	3084.573075	0.957017	0.978783	14204.698146	14571.879268	14083.009472	488.869796	121.688674	A=L,B=G,C=H,D=D,E=E,F=A,G=B,H=C,I=I,J=J,K=F,L=K	100	100	100
9DXD-assembly1.cif	M1239v1TS286_5	214	67	0.653611	0.777648	14204.698146	11926.230299	10442.115519	2208.818548	3762.582627	0.890616	0.942144	14204.698146	12650.934067	12650.934067	0	1553.764078	A=L,B=G,C=H,D=D,E=E,F=A,G=B,H=C,I=I,J=J,K=F,L=K	100	100	100
9DXD-assembly1.cif	M1239v1TS489_3	214	102	0.653303	0.762576	14204.698146	13212.232511	10852.554471	3405.626038	3352.143675	0.968471	0.984265	14204.698146	14258.180508	14007.508842	250.671666	197.189303	A=L,B=G,C=H,D=D,E=E,F=A,G=B,H=C,I=I,J=J,K=F,L=K	100	100	100
9DXD-assembly1.cif	M1239v2TS262_4	214	166	0.653211	0.767403	14204.698146	13537.303414	11017.944373	3492.249365	3186.753773	0.932525	0.966622	14204.698146	14510.193738	13878.218386	631.975352	326.47976	A=F,B=B,C=C,D=D,E=E,F=K,G=G,H=H,I=I,J=J,K=L,L=A	100	100	100
9DXF-assembly1.cif	M1239v1TS481_2	215	96	0.653206	0.770617	14222.136574	13415.335001	11044.263563	3397.020272	3177.87301	0.902602	0.951673	14222.136574	14441.283835	13639.108425	802.17541	583.028149	A=K,B=G,C=H,D=I,E=J,F=L,G=B,H=C,I=D,J=E,K=F,L=A	100	100	100
9DXF-assembly1.cif	M1239v2TS481_1	215	204	0.65266	0.773107	14222.136574	13785.337363	11220.459773	3584.313654	3001.676801	0.938404	0.96982	14222.136574	14804.773427	14075.440353	729.333074	146.696221	A=F,B=B,C=C,D=I,E=J,F=K,G=G,H=H,I=D,J=E,K=L,L=A	100	100	100
9DXD-assembly1.cif	M1239v1TS159_1	214	26	0.652458	0.771814	14204.698146	13720.410334	11120.101282	3490.692009	3084.596864	0.962149	0.981341	14204.698146	14610.793291	14138.912906	471.880385	65.78524	A=L,B=G,C=H,D=D,E=E,F=A,G=B,H=C,I=I,J=J,K=F,L=K	100	100	100
9DXD-assembly1.cif	M1239v1TS325_1	214	78	0.652458	0.771814	14204.698146	13720.410334	11120.101282	3490.692009	3084.596864	0.962149	0.981341	14204.698146	14610.793291	14138.912906	471.880385	65.78524	A=L,B=G,C=H,D=D,E=E,F=A,G=B,H=C,I=I,J=J,K=F,L=K	100	100	100
9DXD-assembly1.cif	M1239v2TS159_1	214	131	0.652458	0.771814	14204.698146	13720.410334	11120.101282	3490.692009	3084.596864	0.962149	0.981341	14204.698146	14610.793291	14138.912906	471.880385	65.78524	A=L,B=G,C=H,D=D,E=E,F=A,G=B,H=C,I=I,J=J,K=F,L=K	100	100	100
9DXF-assembly1.cif	M1239v1TS272_3	215	60	0.652236	0.734642	14222.136574	12888.532331	10696.558274	4201.786262	3525.578299	0.881205	0.941982	14222.136574	14898.344536	13715.482545	1182.861991	506.654028	A=K,B=G,C=H,D=I,E=E,F=A,G=B,H=C,I=D,J=J,K=L,L=F	100	100	100
9DXF-assembly1.cif	M1239v2TS272_3	215	170	0.652236	0.734642	14222.136574	12888.532331	10696.558274	4201.786262	3525.578299	0.881205	0.941982	14222.136574	14898.344536	13715.482545	1182.861991	506.654028	A=K,B=G,C=H,D=I,E=J,F=A,G=B,H=C,I=D,J=E,K=L,L=F	100	100	100
9DXD-assembly1.cif	M1239v2TS028_5	214	115	0.651385	0.75761	14204.698146	12986.115855	10770.861032	3458.240728	3433.837114	0.975768	0.987894	14204.698146	14229.10176	14044.796213	184.305547	159.901933	A=L,B=G,C=H,D=D,E=E,F=A,G=B,H=C,I=I,J=J,K=K,L=F	100	100	100
9DXD-assembly1.cif	M1239v1TS208_1	214	38	0.651357	0.769006	14204.698146	13175.889973	10904.674256	3251.073536	3300.02389	0.961406	0.98067	14204.698146	14155.747792	13906.112889	249.634903	298.585256	A=L,B=G,C=H,D=D,E=E,F=A,G=B,H=C,I=I,J=J,K=K,L=F	100	100	100
9DXD-assembly1.cif	M1239v1TS481_2	214	96	0.65122	0.770774	14204.698146	13466.099098	11039.791365	3401.49247	3164.906781	0.903124	0.951962	14204.698146	14441.283835	13634.943362	806.340474	569.754784	A=A,B=G,C=H,D=D,E=E,F=L,G=B,H=C,I=I,J=J,K=F,L=K	100	100	100
9DXF-assembly1.cif	M1239v1TS286_3	215	65	0.650839	0.764983	14222.136574	12440.165767	10624.57768	2930.577608	3597.558893	0.937833	0.96817	14222.136574	13555.155289	13446.573143	108.582146	775.563431	A=F,B=B,C=C,D=D,E=E,F=A,G=G,H=H,I=I,J=J,K=L,L=K	100	100	100
9DXD-assembly1.cif	M1239v1TS286_3	214	65	0.65045	0.763667	14204.698146	12472.252522	10599.641151	2955.514138	3605.056995	0.938398	0.968478	14204.698146	13555.155289	13442.40808	112.747209	762.290066	A=F,B=B,C=C,D=D,E=E,F=A,G=G,H=H,I=I,J=J,K=L,L=K	100	100	100
9DXD-assembly1.cif	M1239v2TS208_4	214	146	0.65025	0.770127	14204.698146	13604.434134	10979.191312	3328.79885	3225.506834	0.98706	0.993553	14204.698146	14307.990161	14164.440035	143.550126	40.258111	A=L,B=G,C=H,D=D,E=E,F=A,G=B,H=C,I=I,J=J,K=F,L=K	100	100	100
9DXD-assembly1.cif	M1239v2TS262_2	214	164	0.649583	0.766179	14204.698146	13454.952718	10966.779827	3455.738649	3237.918318	0.91555	0.958096	14204.698146	14422.518476	13713.812937	708.705539	490.885209	A=F,B=B,C=C,D=D,E=E,F=K,G=G,H=H,I=I,J=J,K=L,L=A	100	100	100
9DXF-assembly1.cif	M1239v1TS286_5	215	67	0.649566	0.777751	14222.136574	11921.102574	10450.277189	2200.656878	3771.859384	0.889524	0.941532	14222.136574	12650.934067	12650.934067	0	1571.202506	A=F,B=B,C=C,D=I,E=J,F=K,G=G,H=H,I=D,J=E,K=L,L=A	100	100	100
9DXF-assembly1.cif	M1239v1TS294_5	215	72	0.648731	0.761939	14222.136574	13509.095963	10956.685336	3581.187509	3265.451237	0.958403	0.97943	14222.136574	14537.872845	14084.202609	453.670236	137.933965	A=L,B=G,C=H,D=I,E=J,F=K,G=B,H=C,I=D,J=E,K=A,L=F	100	100	100
9DXF-assembly1.cif	M1239v2TS028_3	215	113	0.648479	0.768943	14222.136574	13032.883277	10812.391201	3088.225943	3409.745372	0.972884	0.986287	14222.136574	13900.617145	13868.554283	32.062862	353.582291	A=L,B=G,C=H,D=I,E=J,F=K,G=B,H=C,I=D,J=E,K=A,L=F	100	100	100
9DXD-assembly1.cif	M1239v2TS028_3	214	113	0.648306	0.767365	14204.698146	13042.822884	10783.517883	3117.099262	3421.180262	0.974253	0.986987	14204.698146	13900.617145	13869.793029	30.824116	334.905117	A=F,B=B,C=C,D=I,E=J,F=K,G=G,H=H,I=D,J=E,K=A,L=L	100	100	100
9DXF-assembly1.cif	M1239v1TS481_4	215	98	0.648292	0.773463	14222.136574	13320.202729	10959.986399	3157.934185	3262.150175	0.952525	0.976175	14222.136574	14117.920583	13832.429386	285.491197	389.707187	A=K,B=G,C=H,D=I,E=J,F=L,G=B,H=C,I=D,J=E,K=A,L=F	100	100	100
9DXF-assembly1.cif	M1239v2TS262_4	215	166	0.648187	0.765866	14222.136574	13462.236505	11002.552431	3507.641307	3219.584143	0.931968	0.966325	14222.136574	14510.193738	13882.383449	627.810288	339.753124	A=L,B=G,C=H,D=I,E=J,F=A,G=B,H=C,I=D,J=E,K=F,L=K	100	100	100
9DXF-assembly1.cif	M1239v2TS286_2	215	174	0.647152	0.774156	14222.136574	12144.827158	10494.954548	2396.195862	3727.182026	0.906414	0.95091	14222.136574	12891.15041	12891.15041	0	1330.986163	A=L,B=G,C=H,D=D,E=E,F=A,G=B,H=C,I=I,J=J,K=K,L=F	100	100	100
9DXD-assembly1.cif	M1239v2TS286_2	214	174	0.646299	0.770893	14204.698146	12081.067074	10443.994079	2447.156331	3760.704067	0.907527	0.951522	14204.698146	12891.15041	12891.15041	0	1313.547735	A=F,B=B,C=C,D=I,E=J,F=K,G=G,H=H,I=D,J=E,K=A,L=L	100	100	100
9DXD-assembly1.cif	M1239v1TS091_4	214	19	0.6458	0.749362	14204.698146	15384.268503	11618.835121	5186.42287	2585.863025	0.816923	0.916138	14204.698146	16805.257991	14204.698146	2600.559846	0	A=L,B=B,C=C,D=I,E=J,F=A,G=G,H=H,I=D,J=E,K=F,L=K	100	100	100
9DXD-assembly1.cif	M1239v2TS091_4	214	124	0.6458	0.749362	14204.698146	15384.268503	11618.835121	5186.42287	2585.863025	0.816923	0.916138	14204.698146	16805.257991	14204.698146	2600.559846	0	A=L,B=B,C=C,D=I,E=J,F=A,G=G,H=H,I=D,J=E,K=F,L=K	100	100	100
9DXD-assembly1.cif	M1239v2TS481_1	214	204	0.645766	0.769935	14204.698146	13830.180888	11167.700049	3637.073379	3036.998097	0.938969	0.970116	14204.698146	14804.773427	14071.27529	733.498138	133.422856	A=F,B=B,C=C,D=I,E=J,F=K,G=G,H=H,I=D,J=E,K=L,L=A	100	100	100
9DXD-assembly1.cif	M1239v2TS204_5	214	142	0.644541	0.755697	14204.698146	12960.818715	10695.83427	3406.683166	3508.863876	0.960474	0.980166	14204.698146	14102.517435	13872.881239	229.636197	331.816907	A=F,B=B,C=C,D=I,E=J,F=K,G=G,H=H,I=D,J=E,K=L,L=A	100	100	100
9DXD-assembly1.cif	M1239v1TS272_3	214	60	0.644142	0.732068	14204.698146	12958.040909	10652.700215	4245.644321	3551.997931	0.881701	0.94226	14204.698146	14898.344536	13711.317482	1187.027054	493.380664	A=K,B=B,C=C,D=I,E=E,F=A,G=G,H=H,I=D,J=J,K=F,L=L	100	100	100
9DXD-assembly1.cif	M1239v2TS272_3	214	170	0.644142	0.732068	14204.698146	12958.040909	10652.700215	4245.644321	3551.997931	0.881701	0.94226	14204.698146	14898.344536	13711.317482	1187.027054	493.380664	A=K,B=B,C=C,D=I,E=J,F=A,G=G,H=H,I=D,J=E,K=F,L=L	100	100	100
9DXD-assembly1.cif	M1239v1TS294_4	214	71	0.64369	0.760799	14204.698146	13358.709304	10855.098716	3476.253808	3349.599429	0.967873	0.984008	14204.698146	14331.352525	14039.844686	291.507839	164.85346	A=F,B=B,C=C,D=I,E=J,F=K,G=G,H=H,I=D,J=E,K=A,L=L	100	100	100
9DXF-assembly1.cif	M1239v2TS262_2	215	164	0.643442	0.763823	14222.136574	13380.938561	10939.724079	3482.794397	3282.412495	0.915013	0.957804	14222.136574	14422.518476	13717.978	704.540476	504.158574	A=L,B=G,C=H,D=I,E=J,F=A,G=B,H=C,I=D,J=E,K=F,L=K	100	100	100
9DXD-assembly1.cif	M1239v1TS286_2	214	64	0.642941	0.766312	14204.698146	12965.611186	10743.791143	3091.775532	3460.907003	0.917633	0.958274	14204.698146	13835.566675	13435.130914	400.435761	769.567232	A=L,B=G,C=H,D=D,E=E,F=A,G=B,H=C,I=I,J=J,K=F,L=K	100	100	100
9DXF-assembly1.cif	M1239v1TS286_4	215	66	0.642314	0.763069	14222.136574	12373.326528	10454.564039	2724.673746	3767.572534	0.926671	0.96194	14222.136574	13179.237786	13179.237786	0	1042.898788	A=F,B=B,C=C,D=I,E=J,F=K,G=G,H=H,I=D,J=E,K=L,L=A	100	100	100
9DXF-assembly1.cif	M1239v1TS091_4	215	19	0.64204	0.746405	14222.136574	15391.783705	11579.499735	5225.758256	2642.636838	0.818373	0.916747	14222.136574	16805.257991	14222.136574	2583.121418	0	A=F,B=G,C=H,D=D,E=E,F=K,G=B,H=C,I=I,J=J,K=L,L=A	100	100	100
9DXF-assembly1.cif	M1239v2TS091_4	215	124	0.64204	0.746405	14222.136574	15391.783705	11579.499735	5225.758256	2642.636838	0.818373	0.916747	14222.136574	16805.257991	14222.136574	2583.121418	0	A=F,B=G,C=H,D=D,E=E,F=K,G=B,H=C,I=I,J=J,K=L,L=A	100	100	100
9DXD-assembly1.cif	M1239v1TS286_4	214	66	0.641939	0.762278	14204.698146	12466.083757	10437.081477	2742.156308	3767.616668	0.927808	0.962552	14204.698146	13179.237786	13179.237786	0	1025.46036	A=L,B=G,C=H,D=D,E=E,F=A,G=B,H=C,I=I,J=J,K=F,L=K	100	100	100
9DXF-assembly1.cif	M1239v1TS033_2	215	12	0.641931	0.756797	14222.136574	12696.913785	10655.106943	3281.168287	3567.029631	0.953576	0.976553	14222.136574	13936.27523	13749.083779	187.191452	473.052795	A=L,B=G,C=H,D=I,E=J,F=K,G=B,H=C,I=D,J=E,K=A,L=F	100	100	100
9DXD-assembly1.cif	M1239v1TS294_5	214	72	0.639717	0.759417	14204.698146	13540.248116	10913.795798	3624.077047	3290.902348	0.958993	0.979734	14204.698146	14537.872845	14080.037546	457.8353	124.6606	A=L,B=G,C=H,D=D,E=E,F=A,G=B,H=C,I=I,J=J,K=K,L=F	100	100	100
9DXD-assembly1.cif	M1239v1TS481_4	214	98	0.638547	0.769497	14204.698146	13341.470982	10897.082053	3220.83853	3307.616092	0.953108	0.976482	14204.698146	14117.920583	13828.264323	289.65626	376.433822	A=A,B=G,C=H,D=D,E=E,F=L,G=B,H=C,I=I,J=J,K=K,L=F	100	100	100
9DXF-assembly1.cif	M1239v2TS286_4	215	176	0.635984	0.760408	14222.136574	12071.232296	10285.413766	2544.793955	3936.722808	0.902129	0.948547	14222.136574	12830.20772	12830.20772	0	1391.928853	A=L,B=G,C=H,D=D,E=E,F=A,G=B,H=C,I=I,J=J,K=F,L=K	100	100	100
9DXF-assembly1.cif	M1239v1TS286_2	215	64	0.634477	0.763528	14222.136574	12991.543191	10711.424328	3124.142347	3510.712246	0.917093	0.957975	14222.136574	13835.566675	13439.295977	396.270698	782.840597	A=F,B=B,C=C,D=I,E=J,F=K,G=G,H=H,I=D,J=E,K=L,L=A	100	100	100
9DXD-assembly1.cif	M1239v2TS286_4	214	176	0.634337	0.7573	14204.698146	12051.344652	10236.771498	2593.436223	3967.926648	0.903237	0.949159	14204.698146	12830.20772	12830.20772	0	1374.490425	A=L,B=G,C=H,D=D,E=E,F=A,G=B,H=C,I=I,J=J,K=F,L=K	100	100	100
9DXD-assembly1.cif	M1239v1TS033_2	214	12	0.631935	0.749389	14204.698146	12765.280397	10544.264274	3392.010956	3660.433872	0.954161	0.976862	14204.698146	13936.27523	13744.918715	191.356515	459.77943	A=L,B=G,C=H,D=D,E=E,F=A,G=B,H=C,I=I,J=J,K=K,L=F	100	100	100
9DXD-assembly1.cif	M1239v2TS286_5	214	177	0.630585	0.745128	14204.698146	11662.599091	10058.360678	2734.608439	4146.337468	0.900615	0.947709	14204.698146	12792.969117	12792.969117	0	1411.729029	A=L,B=G,C=H,D=D,E=E,F=A,G=B,H=C,I=I,J=J,K=F,L=K	100	100	100
9DXF-assembly1.cif	M1239v2TS286_5	215	177	0.629256	0.746239	14222.136574	11606.412131	10079.865234	2713.103882	4142.271339	0.899511	0.947097	14222.136574	12792.969117	12792.969117	0	1429.167457	A=F,B=B,C=C,D=I,E=J,F=K,G=G,H=H,I=D,J=E,K=L,L=A	100	100	100
9DXF-assembly1.cif	M1239v1TS262_3	215	55	0.621245	0.725811	14222.136574	14307.588008	11086.577863	5240.783466	3135.558711	0.827582	0.919732	14222.136574	16327.361329	14048.676017	2278.685312	173.460557	A=K,B=B,C=C,D=D,E=E,F=F,G=G,H=H,I=I,J=J,K=L,L=A	100	100	100
9DXD-assembly1.cif	M1239v1TS262_3	214	55	0.619088	0.723922	14204.698146	14454.395502	11051.411119	5275.95021	3153.287027	0.823045	0.917674	14204.698146	16327.361329	14009.235494	2318.125835	195.462651	A=K,B=B,C=C,D=D,E=E,F=F,G=G,H=H,I=I,J=J,K=L,L=A	100	100	100
9DXF-assembly1.cif	M1239v1TS262_1	215	53	0.618495	0.723929	14222.136574	14255.45364	11037.313615	5233.36607	3184.822958	0.834613	0.922862	14222.136574	16270.679685	14070.33047	2200.349215	151.806103	A=K,B=G,C=H,D=D,E=E,F=L,G=B,H=C,I=I,J=J,K=F,L=A	100	100	100
9DXF-assembly1.cif	M1239v1TS481_3	215	97	0.618424	0.75591	14222.136574	14023.227598	11039.099165	3946.217556	3183.037408	0.889218	0.946056	14222.136574	14985.316721	13815.948251	1169.36847	406.188323	A=K,B=B,C=C,D=I,E=J,F=F,G=G,H=H,I=D,J=E,K=L,L=A	100	100	100
9DXD-assembly1.cif	M1239v1TS262_1	214	53	0.617058	0.723162	14204.698146	14401.982896	11019.318356	5251.361329	3185.37979	0.834946	0.923068	14204.698146	16270.679685	14065.415826	2205.263859	139.282319	A=K,B=B,C=C,D=D,E=E,F=F,G=G,H=H,I=I,J=J,K=L,L=A	100	100	100
9DXD-assembly1.cif	M1239v1TS481_3	214	97	0.611192	0.753111	14204.698146	14111.127812	10991.657974	3993.658746	3213.040171	0.889723	0.946336	14204.698146	14985.316721	13811.783188	1173.533533	392.914958	A=A,B=G,C=H,D=D,E=E,F=L,G=B,H=C,I=I,J=J,K=F,L=K	100	100	100
9DXF-assembly1.cif	M1239v1TS286_1	215	63	0.608662	0.734102	14222.136574	11240.869912	9777.553698	2638.457146	4444.582876	0.873006	0.932198	14222.136574	12416.010843	12416.010843	0	1806.12573	A=F,B=B,C=C,D=D,E=E,F=A,G=G,H=H,I=I,J=J,K=L,L=K	100	100	100
9DXD-assembly1.cif	M1239v1TS286_1	214	63	0.604138	0.729925	14204.698146	11265.230261	9715.56409	2700.446753	4489.134056	0.874078	0.932808	14204.698146	12416.010843	12416.010843	0	1788.687302	A=L,B=G,C=H,D=D,E=E,F=A,G=B,H=C,I=I,J=J,K=F,L=K	100	100	100
9DXD-assembly1.cif	M1239v2TS241_3	214	160	0.360232	0.549547	14204.698146	6926.283547	5877.868204	1309.136328	8326.829941	0.50596	0.671943	14204.698146	7187.004532	7187.004532	0	7017.693613	A=L,B=G,C=H,D=D,E=E,F=F,G=B,H=C,I=I,J=J	54.890388	60.721696	83.333333
9DXF-assembly1.cif	M1239v2TS241_3	215	160	0.35933	0.549128	14222.136574	6850.418477	5878.176934	1308.827599	8343.95964	0.505339	0.671396	14222.136574	7187.004532	7187.004532	0	7035.132041	A=L,B=G,C=H,D=D,E=E,F=F,G=B,H=C,I=I,J=J	54.894515	60.729439	83.333333
9DXF-assembly1.cif	M1239v2TS304_3	215	185	0.358167	0.538876	14222.136574	6607.139173	5758.467624	1391.529242	8463.66895	0.502737	0.669095	14222.136574	7149.996865	7149.996865	0	7072.139708	A=L,B=G,C=H,D=D,E=E,F=F,G=B,H=C,I=I,J=J	54.894515	60.729439	83.333333
9DXD-assembly1.cif	M1239v2TS304_3	214	185	0.356416	0.536654	14204.698146	6670.910263	5730.043076	1419.953789	8474.655069	0.503354	0.669642	14204.698146	7149.996865	7149.996865	0	7054.70128	A=F,B=B,C=C,D=D,E=E,F=L,G=G,H=H,I=I,J=J	54.890388	60.721696	83.333333
9DXD-assembly1.cif	M1239v2TS304_2	214	184	0.345723	0.53397	14204.698146	6454.37559	5601.736789	1175.030407	8602.961357	0.477079	0.645977	14204.698146	6776.767196	6776.767196	0	7427.93095	A=F,B=B,C=C,D=D,E=E,F=L,G=G,H=H,I=I,J=J	54.890388	60.721696	83.333333
9DXF-assembly1.cif	M1239v2TS304_2	215	184	0.345507	0.534399	14222.136574	6459.245392	5610.894613	1165.872583	8611.24196	0.476494	0.64544	14222.136574	6776.767196	6776.767196	0	7445.369378	A=F,B=B,C=C,D=D,E=E,F=L,G=G,H=H,I=I,J=J	54.894515	60.729439	83.333333
9DXD-assembly1.cif	M1239v2TS304_4	214	186	0.34483	0.532571	14204.698146	6823.379924	5701.317467	1504.541622	8503.380679	0.507287	0.673113	14204.698146	7205.859089	7205.859089	0	6998.839057	A=F,B=B,C=C,D=D,E=J,F=L,G=G,H=H,I=I,J=E	54.890388	60.721696	83.333333
9DXF-assembly1.cif	M1239v2TS304_4	215	186	0.344823	0.534268	14222.136574	6748.455047	5724.144995	1481.714093	8497.991578	0.506665	0.672565	14222.136574	7205.859089	7205.859089	0	7016.277485	A=L,B=G,C=H,D=D,E=E,F=F,G=B,H=C,I=I,J=J	54.894515	60.729439	83.333333
9DXD-assembly1.cif	M1239v1TS241_5	214	52	0.341643	0.531901	14204.698146	6428.830695	5551.404476	1117.740445	8653.29367	0.469503	0.638995	14204.698146	6669.144921	6669.144921	0	7535.553225	A=L,B=G,C=H,D=D,E=E,F=F,G=B,H=C,I=I,J=J	54.890388	60.721696	83.333333
9DXD-assembly1.cif	M1239v1TS304_1	214	73	0.341643	0.531901	14204.698146	6428.830695	5551.404476	1117.740445	8653.29367	0.469503	0.638995	14204.698146	6669.144921	6669.144921	0	7535.553225	A=L,B=G,C=H,D=D,E=E,F=F,G=B,H=C,I=I,J=J	54.890388	60.721696	83.333333
9DXF-assembly1.cif	M1239v1TS241_5	215	52	0.3413	0.53194	14222.136574	6420.241048	5556.451938	1112.692982	8665.684635	0.468927	0.638462	14222.136574	6669.144921	6669.144921	0	7552.991653	A=F,B=B,C=C,D=D,E=E,F=L,G=G,H=H,I=I,J=J	54.894515	60.729439	83.333333
9DXF-assembly1.cif	M1239v1TS304_1	215	73	0.3413	0.53194	14222.136574	6420.241048	5556.451938	1112.692982	8665.684635	0.468927	0.638462	14222.136574	6669.144921	6669.144921	0	7552.991653	A=F,B=B,C=C,D=D,E=E,F=L,G=G,H=H,I=I,J=J	54.894515	60.729439	83.333333
9DXF-assembly1.cif	M1239v1TS304_5	215	77	0.339098	0.524048	14222.136574	6116.457277	5387.848996	952.426702	8834.287578	0.445803	0.616686	14222.136574	6340.275697	6340.275697	0	7881.860876	A=F,B=B,C=C,D=D,E=E,F=L,G=G,H=H,I=I,J=J	54.894515	60.729439	83.333333
9DXD-assembly1.cif	M1239v1TS304_4	214	76	0.338151	0.511214	14204.698146	6372.223392	5384.127946	1475.241877	8820.570199	0.482894	0.651286	14204.698146	6859.369823	6859.369823	0	7345.328322	A=F,B=B,C=C,D=D,E=E,F=L,G=G,H=H,I=I,J=J	54.890388	60.721696	83.333333
9DXD-assembly1.cif	M1239v1TS304_5	214	77	0.337712	0.522652	14204.698146	6111.548066	5368.933356	971.342341	8835.76479	0.446351	0.617209	14204.698146	6340.275697	6340.275697	0	7864.422448	A=L,B=G,C=H,D=D,E=E,F=F,G=B,H=C,I=I,J=J	54.890388	60.721696	83.333333
9DXF-assembly1.cif	M1239v1TS304_4	215	76	0.335658	0.510248	14222.136574	6380.996752	5378.39769	1480.972134	8843.738884	0.482302	0.650748	14222.136574	6859.369823	6859.369823	0	7362.76675	A=L,B=G,C=H,D=D,E=E,F=F,G=B,H=C,I=I,J=J	54.894515	60.729439	83.333333
9DXD-assembly1.cif	M1239v2TS241_4	214	161	0.335621	0.520948	14204.698146	6476.502617	5553.125971	1561.480695	8651.572175	0.500863	0.667433	14204.698146	7114.606666	7114.606666	0	7090.09148	A=F,B=B,C=C,D=D,E=E,F=L,G=G,H=H,I=I,J=J	54.890388	60.721696	83.333333
9DXF-assembly1.cif	M1239v2TS241_4	215	161	0.335341	0.5201	14222.136574	6466.228708	5548.622136	1565.98453	8673.514438	0.500249	0.666888	14222.136574	7114.606666	7114.606666	0	7107.529908	A=F,B=B,C=C,D=D,E=E,F=L,G=G,H=H,I=I,J=J	54.894515	60.729439	83.333333
9DXF-assembly1.cif	M1239v1TS241_2	215	49	0.335157	0.515984	14222.136574	6345.379027	5472.125054	1516.196705	8750.01152	0.491369	0.658951	14222.136574	6988.321759	6988.321759	0	7233.814814	A=F,B=B,C=C,D=D,E=E,F=L,G=G,H=H,I=I,J=J	54.894515	60.729439	83.333333
9DXD-assembly1.cif	M1239v1TS241_2	214	49	0.334738	0.515284	14204.698146	6353.653307	5460.213903	1528.107856	8744.484243	0.491973	0.659493	14204.698146	6988.321759	6988.321759	0	7216.376386	A=F,B=B,C=C,D=D,E=E,F=L,G=G,H=H,I=I,J=J	54.890388	60.721696	83.333333
9DXF-assembly1.cif	M1239v2TS304_1	215	183	0.332759	0.521759	14222.136574	6571.571184	5553.321042	1511.456547	8668.815532	0.496745	0.663767	14222.136574	7064.777589	7064.777589	0	7157.358984	A=L,B=G,C=H,D=D,E=E,F=F,G=B,H=C,I=I,J=J	54.894515	60.729439	83.333333
9DXD-assembly1.cif	M1239v2TS304_1	214	183	0.332362	0.52292	14204.698146	6580.254843	5561.120922	1503.656667	8643.577224	0.497355	0.664311	14204.698146	7064.777589	7064.777589	0	7139.920556	A=L,B=G,C=H,D=D,E=E,F=F,G=B,H=C,I=I,J=J	54.890388	60.721696	83.333333
9DXF-assembly1.cif	M1239v1TS235_3	215	45	0.331216	0.528546	14222.136574	7059.436902	5750.375415	1786.730643	8471.761159	0.477621	0.658566	14222.136574	7537.106057	7164.949098	372.156959	7057.187475	A=L,B=G,C=H,D=I,E=J,F=F,G=K,H=A	95.105485	89.270561	66.666667
9DXD-assembly1.cif	M1239v2TS241_1	214	158	0.330741	0.517998	14204.698146	7264.155444	5706.322338	2121.180035	8498.375808	0.488276	0.670079	14204.698146	7827.502373	7381.65704	445.845333	6823.041105	A=F,B=B,C=C,D=D,E=E,F=L,G=G,H=H,I=I,J=J	54.890388	60.721696	83.333333
9DXF-assembly1.cif	M1239v2TS241_1	215	158	0.329731	0.517729	14222.136574	7247.996128	5707.870257	2119.632116	8514.266316	0.489544	0.670753	14222.136574	7827.502373	7394.930405	432.571968	6827.206168	A=F,B=B,C=C,D=D,E=E,F=L,G=G,H=H,I=I,J=J	54.894515	60.729439	83.333333
9DXF-assembly1.cif	M1239v1TS235_1	215	43	0.329314	0.510745	14222.136574	6342.852761	5378.112587	1459.618147	8844.023986	0.480781	0.649361	14222.136574	6837.730734	6837.730734	0	7384.40584	A=A,B=B,C=C,D=I,E=J,F=F,G=K,H=L	95.105485	89.270561	66.666667
9DXD-assembly1.cif	M1239v2TS304_5	214	187	0.329215	0.512237	14204.698146	6253.562732	5337.938267	1299.036749	8866.759878	0.467238	0.636895	14204.698146	6636.975016	6636.975016	0	7567.72313	A=L,B=G,C=H,D=D,E=J,F=F,G=B,H=C,I=I,J=E	54.890388	60.721696	83.333333
9DXD-assembly1.cif	M1239v1TS235_3	214	45	0.329053	0.527268	14204.698146	7132.35487	5731.882407	1805.223651	8472.815739	0.478382	0.659208	14204.698146	7537.106057	7166.187844	370.918213	7038.510301	A=L,B=G,C=H,D=I,E=J,F=A,G=K,H=F	95.109612	89.278304	66.666667
9DXD-assembly1.cif	M1239v1TS241_4	214	51	0.328411	0.519627	14204.698146	6614.303715	5507.74149	1486.394606	8696.956656	0.492382	0.65986	14204.698146	6994.136096	6994.136096	0	7210.562049	A=F,B=B,C=C,D=D,E=E,F=L,G=G,H=H,I=I,J=J	54.890388	60.721696	83.333333
9DXF-assembly1.cif	M1239v2TS304_5	215	187	0.326698	0.513635	14222.136574	6201.023385	5356.986505	1279.988511	8865.150069	0.466665	0.636362	14222.136574	6636.975016	6636.975016	0	7585.161558	A=F,B=B,C=C,D=D,E=E,F=L,G=G,H=H,I=I,J=J	54.894515	60.729439	83.333333
9DXF-assembly1.cif	M1239v2TS235_5	215	157	0.325358	0.520463	14222.136574	6953.327328	5656.403932	1857.522249	8565.732641	0.48675	0.664175	14222.136574	7513.926181	7218.278793	295.647388	7003.857781	A=L,B=G,C=H,D=I,E=J,F=F,G=K,H=A	95.105485	89.270561	66.666667
9DXF-assembly1.cif	M1239v1TS235_5	215	47	0.325231	0.52034	14222.136574	6799.090038	5591.667607	1678.559764	8630.468966	0.47187	0.65052	14222.136574	7270.227372	6990.610134	279.617238	7231.52644	A=F,B=B,C=C,D=I,E=J,F=K,G=A,H=L	95.105485	89.270561	66.666667
9DXF-assembly1.cif	M1239v1TS241_4	215	51	0.32321	0.5161	14222.136574	6595.814096	5474.861294	1519.274802	8747.27528	0.491778	0.659318	14222.136574	6994.136096	6994.136096	0	7228.000477	A=L,B=G,C=H,D=D,E=E,F=F,G=B,H=C,I=I,J=J	54.894515	60.729439	83.333333
9DXF-assembly1.cif	M1239v2TS235_4	215	156	0.323122	0.517319	14222.136574	6723.85696	5549.961624	1684.539212	8672.174949	0.492193	0.66341	14222.136574	7234.500836	7117.269502	117.231334	7104.867072	A=A,B=B,C=C,D=I,E=J,F=K,G=F,H=L	95.105485	89.270561	66.666667
9DXD-assembly1.cif	M1239v2TS241_5	214	162	0.322566	0.505122	14204.698146	6067.080436	5227.048313	1264.434597	8977.649832	0.456995	0.627312	14204.698146	6491.48291	6491.48291	0	7713.215235	A=L,B=G,C=H,D=D,E=E,F=F,G=B,H=C,I=I,J=J	54.890388	60.721696	83.333333
9DXD-assembly1.cif	M1239v1TS235_1	214	43	0.321984	0.504451	14204.698146	6354.407716	5307.433661	1530.297073	8897.264484	0.481371	0.649899	14204.698146	6837.730734	6837.730734	0	7366.967412	A=F,B=G,C=H,D=D,E=E,F=L,G=A,H=K	95.109612	89.278304	66.666667
9DXD-assembly1.cif	M1239v2TS235_5	214	157	0.321464	0.516925	14204.698146	7054.459823	5613.445647	1900.480534	8591.252498	0.487522	0.664823	14204.698146	7513.926181	7219.517539	294.408642	6985.180607	A=L,B=G,C=H,D=I,E=J,F=A,G=K,H=F	95.109612	89.278304	66.666667
9DXF-assembly1.cif	M1239v2TS241_5	215	162	0.321388	0.504416	14222.136574	6065.380958	5224.140599	1267.342311	8997.995975	0.456435	0.626784	14222.136574	6491.48291	6491.48291	0	7730.653663	A=F,B=B,C=C,D=D,E=E,F=L,G=G,H=H,I=I,J=J	54.894515	60.729439	83.333333
9DXD-assembly1.cif	M1239v1TS235_5	214	47	0.320272	0.517929	14204.698146	6829.661765	5561.23886	1708.988512	8643.459286	0.472623	0.651164	14204.698146	7270.227372	6991.84888	278.378492	7212.849266	A=F,B=B,C=C,D=I,E=J,F=K,G=A,H=L	95.109612	89.278304	66.666667
9DXF-assembly1.cif	M1239v1TS235_2	215	44	0.319113	0.511599	14222.136574	6476.345174	5393.910699	1470.448014	8828.225875	0.482653	0.651067	14222.136574	6864.358713	6864.358713	0	7357.777861	A=L,B=G,C=H,D=I,E=J,F=A,G=K,H=F	95.105485	89.270561	66.666667
9DXD-assembly1.cif	M1239v2TS235_4	214	156	0.318616	0.513514	14204.698146	6822.571896	5504.661324	1729.839513	8700.036822	0.492972	0.664065	14204.698146	7234.500836	7118.508248	115.992588	7086.189897	A=F,B=G,C=H,D=I,E=J,F=K,G=L,H=A	95.109612	89.278304	66.666667
9DXD-assembly1.cif	M1239v2TS241_2	214	159	0.314376	0.489508	14204.698146	6018.117233	5123.136934	1603.926881	9081.561212	0.47358	0.642761	14204.698146	6727.063815	6727.063815	0	7477.63433	A=L,B=G,C=H,D=D,E=E,F=F,G=B,H=C,I=I,J=J	54.890388	60.721696	83.333333
9DXF-assembly1.cif	M1239v2TS241_2	215	159	0.312808	0.488554	14222.136574	6013.894517	5117.403081	1609.660734	9104.733493	0.473	0.642226	14222.136574	6727.063815	6727.063815	0	7495.072758	A=F,B=B,C=C,D=D,E=E,F=L,G=G,H=H,I=I,J=J	54.894515	60.729439	83.333333
9DXD-assembly1.cif	M1239v1TS241_1	214	48	0.311576	0.516613	14204.698146	6645.580846	5436.973554	1406.869055	8767.724591	0.478873	0.648315	14204.698146	6843.842609	6823.041105	20.801504	7381.65704	A=A,B=B,C=C,D=D,E=E,F=K,G=G,H=H,I=I,J=J	54.890388	60.721696	83.333333
9DXD-assembly1.cif	M1239v1TS235_2	214	44	0.311438	0.507997	14204.698146	6527.982387	5351.511912	1512.846801	8853.186234	0.483246	0.651606	14204.698146	6864.358713	6864.358713	0	7340.339433	A=L,B=G,C=H,D=I,E=J,F=F,G=K,H=A	95.109612	89.278304	66.666667
9DXF-assembly1.cif	M1239v1TS241_1	215	48	0.309275	0.512735	14222.136574	6648.591295	5400.637102	1443.205508	8821.499472	0.4783	0.647788	14222.136574	6843.842609	6823.143244	20.699365	7398.993329	A=A,B=B,C=C,D=D,E=E,F=K,G=G,H=H,I=I,J=J	54.894515	60.729439	83.333333
9DXF-assembly1.cif	M1239v2TS235_3	215	155	0.306505	0.490686	14222.136574	6079.51861	5094.475077	1448.078399	9127.661496	0.460026	0.630161	14222.136574	6542.553477	6542.553477	0	7679.583097	A=L,B=G,C=H,D=I,E=J,F=F,G=K,H=A	95.105485	89.270561	66.666667
9DXD-assembly1.cif	M1239v1TS241_3	214	50	0.302531	0.510937	14204.698146	6812.010529	5434.704153	1634.064531	8769.993993	0.463038	0.64146	14204.698146	7068.768683	6823.041105	245.727578	7381.65704	A=A,B=B,C=C,D=D,E=E,F=K,G=G,H=H,I=I,J=J	54.890388	60.721696	83.333333
9DXF-assembly1.cif	M1239v1TS241_3	215	50	0.301516	0.510106	14222.136574	6857.422184	5430.307682	1638.461001	8791.828891	0.463056	0.641326	14222.136574	7068.768683	6827.206168	241.562515	7394.930405	A=K,B=B,C=C,D=I,E=J,F=A,G=G,H=H,I=D,J=E	54.894515	60.729439	83.333333
9DXF-assembly1.cif	M1239v1TS304_2	215	74	0.301307	0.503649	14222.136574	6629.790005	5308.939295	1550.812915	8913.197279	0.473861	0.645059	14222.136574	6859.75221	6799.534109	60.218101	7422.602465	A=A,B=B,C=C,D=D,E=E,F=K,G=G,H=H,I=I,J=J	54.894515	60.729439	83.333333
9DXF-assembly1.cif	M1239v1TS235_4	215	46	0.29861	0.483161	14222.136574	6201.69147	5103.793394	1800.752602	9118.34318	0.47383	0.645791	14222.136574	6904.545996	6821.712018	82.833979	7400.424556	A=A,B=G,C=H,D=I,E=J,F=F,G=K,H=L	95.105485	89.270561	66.666667
9DXD-assembly1.cif	M1239v1TS304_2	214	74	0.29857	0.502702	14204.698146	6617.436547	5294.574729	1565.177481	8910.123417	0.474617	0.645711	14204.698146	6859.75221	6800.772855	58.979355	7403.925291	A=A,B=B,C=C,D=D,E=E,F=K,G=G,H=H,I=I,J=J	54.890388	60.721696	83.333333
9DXD-assembly1.cif	M1239v2TS235_3	214	155	0.2985	0.486721	14204.698146	6041.310183	5049.061825	1493.491652	9155.636321	0.460591	0.630691	14204.698146	6542.553477	6542.553477	0	7662.144669	A=F,B=B,C=C,D=D,E=E,F=K,G=A,H=L	95.109612	89.278304	66.666667
9DXF-assembly1.cif	M1239v2TS235_1	215	153	0.297087	0.496184	14222.136574	6394.309339	5208.595382	1563.86062	9013.541192	0.476191	0.645162	14222.136574	6772.456001	6772.456001	0	7449.680572	A=L,B=G,C=H,D=I,E=J,F=A,G=K,H=F	95.105485	89.270561	66.666667
9DXD-assembly1.cif	M1239v1TS235_4	214	46	0.292685	0.478317	14204.698146	6212.933381	5048.453024	1856.092972	9156.245122	0.473748	0.645878	14204.698146	6904.545996	6816.993874	87.552123	7387.704272	A=F,B=G,C=H,D=D,E=E,F=K,G=A,H=L	95.109612	89.278304	66.666667
9DXD-assembly1.cif	M1239v2TS235_1	214	153	0.292018	0.492544	14204.698146	6434.836194	5166.083396	1606.372605	9038.614749	0.476776	0.645698	14204.698146	6772.456001	6772.456001	0	7432.242144	A=L,B=G,C=H,D=D,E=E,F=F,G=A,H=K	95.109612	89.278304	66.666667
9DXF-assembly1.cif	M1239v2TS235_2	215	154	0.29004	0.477023	14222.136574	5971.030969	4924.130924	1499.008924	9298.005649	0.45163	0.622238	14222.136574	6423.139848	6423.139848	0	7798.996725	A=A,B=B,C=C,D=I,E=J,F=K,G=L,H=F	95.105485	89.270561	66.666667
9DXD-assembly1.cif	M1239v1TS304_3	214	75	0.286566	0.463101	14204.698146	6391.846465	4932.402493	2164.516594	9272.295653	0.461056	0.640612	14204.698146	7096.919086	6823.041105	273.877981	7381.65704	A=K,B=B,C=C,D=I,E=J,F=A,G=G,H=H,I=D,J=E	54.890388	60.721696	83.333333
9DXF-assembly1.cif	M1239v1TS304_3	215	75	0.283965	0.458023	14222.136574	6302.576704	4882.304946	2214.61414	9339.831628	0.461077	0.640479	14222.136574	7096.919086	6827.206168	269.712918	7394.930405	A=A,B=B,C=C,D=D,E=E,F=K,G=G,H=H,I=I,J=J	54.894515	60.729439	83.333333
9DXD-assembly1.cif	M1239v2TS235_2	214	154	0.282135	0.473685	14204.698146	6093.523742	4885.54474	1537.595108	9319.153405	0.452184	0.622764	14204.698146	6423.139848	6423.139848	0	7781.558297	A=F,B=G,C=H,D=I,E=J,F=K,G=A,H=L	95.109612	89.278304	66.666667
