target	model	t_id	m_id	residue_residue_cadscore	residue_residue_F1_of_areas	residue_residue_target_area	residue_residue_model_area	residue_residue_TP_area	residue_residue_FP_area	residue_residue_FN_area	chain_chain_cadscore	chain_chain_F1_of_areas	chain_chain_target_area	chain_chain_model_area	chain_chain_TP_area	chain_chain_FP_area	chain_chain_FN_area	renaming_of_model_chains	identity_of_residues	identity_of_atoms	identity_of_chains
9DXD-assembly1.cif	M1239v2TS462_3	214	201	0.497511	0.548492	5054.332747	3749.665958	2976.369537	2822.216258	2077.96321	0.824478	0.918257	5054.332747	5798.585794	4982.884937	815.700857	71.44781	A=K,B=B,C=C,D=D,E=E,F=F,G=G,H=H,I=I,J=J,K=A,L=L	100	100	100
9DXD-assembly1.cif	M1239v1TS294_1	214	68	0.484435	0.515163	5054.332747	3737.709163	2923.230572	3371.207261	2131.102175	0.735422	0.882166	5054.332747	6294.437834	5005.75196	1288.685874	48.580788	A=A,B=B,C=C,D=D,E=E,F=L,G=G,H=H,I=I,J=J,K=K,L=F	100	100	100
9DXD-assembly1.cif	M1239v2TS489_1	214	209	0.480248	0.502409	5054.332747	3723.063009	2905.282441	3605.801974	2149.050306	0.707545	0.872191	5054.332747	6511.084415	5043.625108	1467.459307	10.707639	A=A,B=B,C=C,D=D,E=E,F=F,G=G,H=H,I=I,J=J,K=K,L=L	100	100	100
9DXD-assembly1.cif	M1239v2TS462_4	214	202	0.477144	0.529586	5054.332747	3786.357251	2935.118286	3095.128295	2119.214461	0.793107	0.905661	5054.332747	6030.246581	5019.436224	1010.810357	34.896523	A=L,B=B,C=C,D=D,E=E,F=A,G=G,H=H,I=I,J=J,K=F,L=K	100	100	100
9DXD-assembly1.cif	M1239v1TS231_2	214	42	0.476178	0.499261	5054.332747	3818.270589	2959.089098	3840.446179	2095.243649	0.6371	0.845264	5054.332747	6799.535277	5009.824637	1789.71064	44.50811	A=L,B=B,C=C,D=D,E=E,F=A,G=G,H=H,I=I,J=J,K=F,L=K	100	100	100
9DXD-assembly1.cif	M1239v2TS489_2	214	210	0.470418	0.5036	5054.332747	3606.123117	2812.382771	3302.393743	2241.949976	0.790191	0.905056	5054.332747	6114.776513	5054.332747	1060.443766	0	A=A,B=B,C=C,D=D,E=E,F=F,G=G,H=H,I=I,J=J,K=K,L=L	100	100	100
9DXD-assembly1.cif	M1239v1TS028_5	214	10	0.466548	0.50663	5054.332747	3668.472981	2814.808479	3242.747446	2239.524268	0.798674	0.908425	5054.332747	6057.555926	5047.160231	1010.395695	7.172516	A=K,B=B,C=C,D=D,E=E,F=F,G=G,H=H,I=I,J=J,K=A,L=L	100	100	100
9DXD-assembly1.cif	M1239v2TS110_5	214	130	0.466546	0.506628	5054.332747	3668.402717	2814.778777	3242.701877	2239.55397	0.798683	0.908429	5054.332747	6057.480654	5047.144741	1010.335913	7.188006	A=K,B=B,C=C,D=D,E=E,F=F,G=G,H=H,I=I,J=J,K=A,L=L	100	100	100
9DXD-assembly1.cif	M1239v2TS262_3	214	165	0.462427	0.509415	5054.332747	3750.360817	2881.130608	3376.062202	2173.202139	0.741486	0.884488	5054.332747	6257.19281	5002.454363	1254.738447	51.878384	A=K,B=B,C=C,D=D,E=E,F=F,G=G,H=H,I=I,J=J,K=A,L=L	100	100	100
9DXD-assembly1.cif	M1239v2TS262_1	214	163	0.462302	0.50903	5054.332747	3746.549812	2878.429862	3376.698025	2175.902885	0.741894	0.88465	5054.332747	6255.127888	5002.454363	1252.673524	51.878384	A=K,B=B,C=C,D=D,E=E,F=F,G=G,H=H,I=I,J=J,K=A,L=L	100	100	100
9DXD-assembly1.cif	M1239v2TS262_5	214	167	0.461813	0.508877	5054.332747	3746.355527	2876.892	3375.594861	2177.440747	0.742417	0.884856	5054.332747	6252.486861	5002.454363	1250.032498	51.878384	A=K,B=B,C=C,D=D,E=E,F=F,G=G,H=H,I=I,J=J,K=A,L=L	100	100	100
9DXD-assembly1.cif	M1239v1TS231_1	214	41	0.454945	0.476152	5054.332747	3732.922949	2854.6829	4081.613266	2199.649847	0.610957	0.836009	5054.332747	6936.296166	5012.137202	1924.158964	42.195545	A=L,B=B,C=C,D=D,E=E,F=A,G=G,H=H,I=I,J=J,K=F,L=K	100	100	100
9DXF-assembly1.cif	M1239v2TS462_3	215	201	0.424731	0.478486	5089.68122	3374.648677	2604.940121	3193.645673	2484.741099	0.860717	0.934893	5089.68122	5798.585794	5089.68122	708.904575	0	A=L,B=B,C=C,D=D,E=E,F=F,G=G,H=H,I=I,J=J,K=A,L=K	100	100	100
9DXF-assembly1.cif	M1239v2TS489_1	215	209	0.410738	0.43399	5089.68122	3241.913228	2517.30972	3993.774695	2572.371499	0.720728	0.877473	5089.68122	6511.084415	5089.68122	1421.403195	0	A=K,B=B,C=C,D=D,E=E,F=L,G=G,H=H,I=I,J=J,K=F,L=A	100	100	100
9DXD-assembly1.cif	M1239v2TS489_5	214	213	0.407957	0.485188	5054.332747	2955.52953	2396.125113	2426.645591	2658.207634	0.698429	0.84568	5054.332747	4822.770704	4176.43289	646.337815	877.899858	A=K,B=B,C=C,D=D,E=E,F=F,G=G,H=H,I=I,J=J,K=A,L=L	100	100	100
9DXF-assembly1.cif	M1239v2TS489_2	215	210	0.406253	0.443094	5089.68122	3222.870491	2482.311911	3632.464602	2607.369308	0.798593	0.90851	5089.68122	6114.776513	5089.68122	1025.095294	0	A=L,B=B,C=C,D=D,E=E,F=K,G=G,H=H,I=I,J=J,K=A,L=F	100	100	100
9DXF-assembly1.cif	M1239v2TS462_4	215	202	0.404807	0.45536	5089.68122	3242.675561	2531.785004	3498.461577	2557.896216	0.815202	0.915416	5089.68122	6030.246581	5089.68122	940.565361	0	A=A,B=B,C=C,D=D,E=E,F=K,G=G,H=H,I=I,J=J,K=L,L=F	100	100	100
9DXF-assembly1.cif	M1239v1TS231_2	215	42	0.404725	0.418592	5089.68122	3199.016525	2488.367609	4311.167668	2601.313611	0.664055	0.856184	5089.68122	6799.535277	5089.68122	1709.854057	0	A=L,B=B,C=C,D=D,E=E,F=F,G=G,H=H,I=I,J=J,K=A,L=K	100	100	100
9DXF-assembly1.cif	M1239v1TS294_1	215	68	0.404233	0.435049	5089.68122	3179.64368	2476.325228	3818.112606	2613.355992	0.732943	0.867851	5089.68122	6294.437834	4939.857815	1354.580019	149.823405	A=L,B=B,C=C,D=D,E=E,F=F,G=G,H=H,I=I,J=J,K=A,L=K	100	100	100
9DXD-assembly1.cif	M1239v2TS231_4	214	151	0.402739	0.44729	5054.332747	2923.232077	2364.639092	3154.19782	2689.693655	0.543606	0.772383	5054.332747	5518.836913	4083.270666	1435.566247	971.062081	A=A,B=B,C=C,D=D,E=E,F=L,G=G,H=H,I=I,J=J,K=K,L=F	100	100	100
9DXF-assembly1.cif	M1239v1TS028_5	215	10	0.402334	0.450497	5089.68122	3303.481521	2510.896254	3546.659672	2578.784966	0.809836	0.913174	5089.68122	6057.555926	5089.68122	967.874706	0	A=K,B=B,C=C,D=D,E=E,F=A,G=G,H=H,I=I,J=J,K=F,L=L	100	100	100
9DXF-assembly1.cif	M1239v2TS110_5	215	130	0.402334	0.450495	5089.68122	3303.43414	2510.871173	3546.609481	2578.810047	0.809851	0.91318	5089.68122	6057.480654	5089.68122	967.799434	0	A=K,B=B,C=C,D=D,E=E,F=A,G=G,H=H,I=I,J=J,K=F,L=L	100	100	100
9DXD-assembly1.cif	M1239v2TS489_3	214	211	0.401939	0.438183	5054.332747	2999.685545	2385.696249	3449.011322	2668.636498	0.83757	0.924605	5054.332747	5834.707571	5034.032745	800.674826	20.300002	A=L,B=B,C=C,D=D,E=E,F=K,G=G,H=H,I=I,J=J,K=F,L=A	100	100	100
9DXD-assembly1.cif	M1239v2TS014_6	214	110	0.400783	0.398355	5054.332747	3338.153493	2514.237735	5054.544904	2540.095012	0.470607	0.785265	5054.332747	7568.782639	4956.248276	2612.534364	98.084472	A=K,B=F,C=A,D=L	90.219224	78.556608	33.333333
9DXD-assembly1.cif	M1239v2TS481_3	214	206	0.39978	0.418018	5054.332747	2864.155446	2336.649084	3788.668912	2717.683663	0.541332	0.72543	5054.332747	6125.317997	4055.027166	2070.290831	999.305581	A=A,B=B,C=C,D=D,E=E,F=L,G=G,H=H,I=I,J=J,K=F,L=K	100	100	100
9DXD-assembly1.cif	M1239v1TS014_1	214	0	0.399692	0.40893	5054.332747	3367.120333	2527.351872	4779.109397	2526.980876	0.496928	0.794294	5054.332747	7306.461269	4909.049419	2397.41185	145.283328	A=F,B=A,C=L,D=K	90.219224	78.556608	33.333333
9DXD-assembly1.cif	M1239v1TS014_2	214	1	0.399689	0.407087	5054.332747	3346.775674	2521.521058	4812.275107	2532.81169	0.492744	0.793041	5054.332747	7333.796164	4912.144129	2421.652035	142.188618	A=F,B=A,C=L,D=K	90.219224	78.556608	33.333333
9DXD-assembly1.cif	M1239v2TS462_1	214	199	0.399591	0.453647	5054.332747	2982.674218	2381.4643	3063.389426	2672.868447	0.611951	0.813192	5054.332747	5444.853727	4268.928681	1175.925046	785.404066	A=A,B=B,C=C,D=D,E=E,F=L,G=G,H=H,I=I,J=J,K=K,L=F	100	100	100
9DXD-assembly1.cif	M1239v1TS014_3	214	2	0.399544	0.410746	5054.332747	3396.091556	2544.400068	4790.418786	2509.932679	0.496976	0.794784	5054.332747	7334.818854	4923.351129	2411.467725	130.981618	A=L,B=K,C=F,D=A	90.219224	78.556608	33.333333
9DXD-assembly1.cif	M1239v1TS014_6	214	5	0.399296	0.405992	5054.332747	3347.493105	2519.291836	4836.915451	2535.040911	0.489261	0.791996	5054.332747	7356.207288	4914.546807	2441.66048	139.78594	A=A,B=F,C=K,D=L	90.219224	78.556608	33.333333
9DXD-assembly1.cif	M1239v2TS014_2	214	106	0.399261	0.397853	5054.332747	3342.552033	2512.389021	5063.013785	2541.943727	0.467757	0.783848	5054.332747	7575.402806	4949.899622	2625.503184	104.433126	A=F,B=K,C=L,D=A	90.219224	78.556608	33.333333
9DXD-assembly1.cif	M1239v2TS014_3	214	107	0.398535	0.398137	5054.332747	3336.616161	2507.818834	5035.626386	2546.513913	0.471611	0.786255	5054.332747	7543.44522	4952.533122	2590.912098	101.799625	A=K,B=F,C=A,D=L	90.219224	78.556608	33.333333
9DXD-assembly1.cif	M1239v1TS028_2	214	7	0.397136	0.497589	5054.332747	2954.213693	2367.680609	2094.601715	2686.652138	0.772564	0.879207	5054.332747	4462.282324	4183.538491	278.743833	870.794256	A=F,B=B,C=C,D=D,E=E,F=K,G=G,H=H,I=I,J=J,K=L,L=A	100	100	100
9DXD-assembly1.cif	M1239v2TS033_5	214	120	0.39619	0.417073	5054.332747	2847.229559	2327.871267	3780.684653	2726.46148	0.538645	0.721305	5054.332747	6108.555919	4025.924839	2082.63108	1028.407908	A=A,B=B,C=C,D=D,E=E,F=L,G=G,H=H,I=I,J=J,K=K,L=F	100	100	100
9DXD-assembly1.cif	M1239v2TS014_1	214	105	0.39593	0.397737	5054.332747	3423.19137	2555.59585	5240.739998	2498.736897	0.431008	0.77334	5054.332747	7796.335848	4968.968033	2827.367815	85.364714	A=L,B=K,C=F,D=A	90.219224	78.556608	33.333333
9DXD-assembly1.cif	M1239v1TS014_4	214	3	0.394815	0.409354	5054.332747	3336.040128	2507.287191	4688.342791	2547.045557	0.519891	0.801907	5054.332747	7195.629982	4911.666953	2283.963028	142.665794	A=L,B=K,C=F,D=A	90.219224	78.556608	33.333333
9DXD-assembly1.cif	M1239v2TS208_3	214	145	0.394213	0.472482	5054.332747	2916.210917	2343.110417	2520.853516	2711.22233	0.713775	0.854141	5054.332747	4863.963933	4235.811174	628.152759	818.521573	A=F,B=B,C=C,D=D,E=E,F=K,G=G,H=H,I=I,J=J,K=A,L=L	100	100	100
9DXD-assembly1.cif	M1239v2TS014_5	214	109	0.393797	0.398269	5054.332747	3368.732272	2510.915357	5043.907672	2543.41739	0.470063	0.78621	5054.332747	7554.823028	4956.723917	2598.099111	97.60883	A=K,B=F,C=A,D=L	90.219224	78.556608	33.333333
9DXD-assembly1.cif	M1239v2TS014_4	214	108	0.39246	0.399301	5054.332747	3441.607169	2540.427545	5129.612347	2513.905202	0.452146	0.779306	5054.332747	7670.039892	4958.087766	2711.952127	96.244982	A=K,B=F,C=A,D=L	90.219224	78.556608	33.333333
9DXD-assembly1.cif	M1239v2TS208_5	214	147	0.392403	0.463484	5054.332747	2931.339014	2331.91725	2676.306539	2722.415497	0.687368	0.842968	5054.332747	5008.223789	4241.20465	767.01914	813.128097	A=L,B=B,C=C,D=D,E=E,F=A,G=G,H=H,I=I,J=J,K=K,L=F	100	100	100
9DXD-assembly1.cif	M1239v1TS014_5	214	4	0.39172	0.407133	5054.332747	3331.47032	2499.645714	4725.294364	2554.687033	0.521369	0.802988	5054.332747	7224.940078	4930.055523	2294.884555	124.277224	A=L,B=K,C=F,D=A	90.219224	78.556608	33.333333
9DXD-assembly1.cif	M1239v1TS033_1	214	11	0.391533	0.412138	5054.332747	2896.611419	2324.383561	3900.915356	2729.949187	0.524183	0.708628	5054.332747	6225.298917	3996.532315	2228.766602	1057.800433	A=F,B=B,C=C,D=D,E=E,F=K,G=G,H=H,I=I,J=J,K=L,L=A	100	100	100
9DXD-assembly1.cif	M1239v2TS167_1	214	133	0.391533	0.412138	5054.332747	2896.611419	2324.383561	3900.915356	2729.949187	0.524183	0.708628	5054.332747	6225.298917	3996.532315	2228.766602	1057.800433	A=F,B=B,C=C,D=D,E=E,F=K,G=G,H=H,I=I,J=J,K=L,L=A	100	100	100
9DXD-assembly1.cif	M1239v2TS450_1	214	194	0.391533	0.412138	5054.332747	2896.611419	2324.383561	3900.915356	2729.949187	0.524183	0.708628	5054.332747	6225.298917	3996.532315	2228.766602	1057.800433	A=F,B=B,C=C,D=D,E=E,F=K,G=G,H=H,I=I,J=J,K=L,L=A	100	100	100
9DXD-assembly1.cif	M1239v1TS369_3	214	82	0.391075	0.400184	5054.332747	2971.832022	2359.897088	4379.824377	2694.435659	0.665545	0.85667	5054.332747	6739.721465	5051.803935	1687.91753	2.528812	A=F,B=B,C=C,D=D,E=E,F=K,G=G,H=H,I=I,J=J,K=L,L=A	100	100	100
9DXD-assembly1.cif	M1239v2TS369_3	214	191	0.391075	0.400184	5054.332747	2971.832022	2359.897088	4379.824377	2694.435659	0.665545	0.85667	5054.332747	6739.721465	5051.803935	1687.91753	2.528812	A=F,B=B,C=C,D=D,E=E,F=K,G=G,H=H,I=I,J=J,K=L,L=A	100	100	100
9DXD-assembly1.cif	M1239v2TS231_3	214	150	0.39087	0.434474	5054.332747	2787.740975	2281.722607	3167.331827	2772.61014	0.733712	0.871859	5054.332747	5449.054434	4578.738817	870.315617	475.59393	A=K,B=B,C=C,D=D,E=E,F=F,G=G,H=H,I=I,J=J,K=A,L=L	100	100	100
9DXF-assembly1.cif	M1239v1TS231_1	215	41	0.390836	0.408782	5089.68122	3174.117255	2458.002019	4478.294148	2631.679201	0.642347	0.846448	5089.68122	6936.296166	5089.68122	1846.614947	0	A=A,B=B,C=C,D=D,E=E,F=K,G=G,H=H,I=I,J=J,K=L,L=F	100	100	100
9DXD-assembly1.cif	M1239v2TS028_2	214	112	0.390696	0.492303	5054.332747	2870.641167	2305.783912	2007.21571	2748.548835	0.760832	0.870952	5054.332747	4312.999622	4079.250073	233.749549	975.082674	A=A,B=B,C=C,D=D,E=E,F=L,G=G,H=H,I=I,J=J,K=K,L=F	100	100	100
9DXD-assembly1.cif	M1239v1TS033_2	214	12	0.389383	0.402526	5054.332747	2822.719796	2285.989252	4017.906817	2768.343495	0.722654	0.876583	5054.332747	6303.896069	4978.213674	1325.682395	76.119073	A=A,B=B,C=C,D=D,E=E,F=L,G=G,H=H,I=I,J=J,K=K,L=F	100	100	100
9DXD-assembly1.cif	M1239v1TS167_1	214	28	0.389235	0.390682	5054.332747	2844.38172	2283.63965	4352.558235	2770.693097	0.685035	0.863827	5054.332747	6636.197885	5049.296268	1586.901616	5.036479	A=K,B=B,C=C,D=D,E=E,F=F,G=G,H=H,I=I,J=J,K=A,L=L	100	100	100
9DXD-assembly1.cif	M1239v1TS450_1	214	85	0.389235	0.390682	5054.332747	2844.38172	2283.63965	4352.558235	2770.693097	0.685035	0.863827	5054.332747	6636.197885	5049.296268	1586.901616	5.036479	A=K,B=B,C=C,D=D,E=E,F=F,G=G,H=H,I=I,J=J,K=A,L=L	100	100	100
9DXD-assembly1.cif	M1239v2TS208_4	214	146	0.38917	0.466332	5054.332747	2938.760383	2321.615168	2580.982562	2732.717579	0.713291	0.854461	5054.332747	4902.59773	4253.90291	648.69482	800.429837	A=A,B=B,C=C,D=D,E=E,F=L,G=G,H=H,I=I,J=J,K=F,L=K	100	100	100
9DXD-assembly1.cif	M1239v1TS091_2	214	17	0.38884	0.408375	5054.332747	2950.277335	2323.223272	4000.338351	2731.109475	0.546839	0.741656	5054.332747	6323.561623	4219.240451	2104.321172	835.092296	A=A,B=B,C=C,D=D,E=E,F=L,G=G,H=H,I=I,J=J,K=K,L=F	100	100	100
9DXD-assembly1.cif	M1239v2TS091_2	214	122	0.38884	0.408375	5054.332747	2950.277335	2323.223272	4000.338351	2731.109475	0.546839	0.741656	5054.332747	6323.561623	4219.240451	2104.321172	835.092296	A=A,B=B,C=C,D=D,E=E,F=L,G=G,H=H,I=I,J=J,K=K,L=F	100	100	100
9DXF-assembly1.cif	M1239v2TS262_5	215	167	0.388675	0.435691	5089.68122	3384.531253	2470.841929	3781.644933	2618.839291	0.771537	0.897479	5089.68122	6252.486861	5089.68122	1162.805642	0	A=F,B=B,C=C,D=D,E=E,F=L,G=G,H=H,I=I,J=J,K=K,L=A	100	100	100
9DXD-assembly1.cif	M1239v2TS028_4	214	114	0.388379	0.491523	5054.332747	2890.014327	2312.818331	2043.673687	2741.514416	0.75568	0.868781	5054.332747	4356.492018	4087.974408	268.517609	966.358339	A=F,B=B,C=C,D=D,E=E,F=K,G=G,H=H,I=I,J=J,K=L,L=A	100	100	100
9DXD-assembly1.cif	M1239v1TS028_3	214	8	0.38816	0.48146	5054.332747	2880.300858	2292.012181	2174.75257	2762.320566	0.782428	0.884501	5054.332747	4466.764751	4210.709115	256.055636	843.623633	A=A,B=B,C=C,D=D,E=E,F=L,G=G,H=H,I=I,J=J,K=F,L=K	100	100	100
9DXF-assembly1.cif	M1239v2TS262_1	215	163	0.387971	0.435043	5089.68122	3382.237926	2467.741389	3787.386498	2621.93983	0.771018	0.89727	5089.68122	6255.127888	5089.68122	1165.446668	0	A=F,B=B,C=C,D=D,E=E,F=L,G=G,H=H,I=I,J=J,K=K,L=A	100	100	100
9DXF-assembly1.cif	M1239v2TS262_3	215	165	0.387873	0.434778	5089.68122	3380.723936	2466.684141	3790.508669	2622.997078	0.770612	0.897107	5089.68122	6257.19281	5089.68122	1167.511591	0	A=F,B=B,C=C,D=D,E=E,F=L,G=G,H=H,I=I,J=J,K=K,L=A	100	100	100
9DXD-assembly1.cif	M1239v1TS369_4	214	83	0.387758	0.389016	5054.332747	3015.531593	2350.977219	4681.464185	2703.355529	0.531709	0.695819	5054.332747	7032.441403	4205.101845	2827.339558	849.230902	A=L,B=B,C=C,D=D,E=E,F=A,G=G,H=H,I=I,J=J,K=F,L=K	100	100	100
9DXD-assembly1.cif	M1239v2TS369_4	214	192	0.387758	0.389016	5054.332747	3015.531593	2350.977219	4681.464185	2703.355529	0.531709	0.695819	5054.332747	7032.441403	4205.101845	2827.339558	849.230902	A=L,B=B,C=C,D=D,E=E,F=A,G=G,H=H,I=I,J=J,K=F,L=K	100	100	100
9DXD-assembly1.cif	M1239v2TS028_1	214	111	0.387043	0.485565	5054.332747	2889.2138	2298.643001	2114.941064	2755.689746	0.76915	0.876764	5054.332747	4413.584066	4150.563312	263.020754	903.769435	A=A,B=B,C=C,D=D,E=E,F=L,G=G,H=H,I=I,J=J,K=F,L=K	100	100	100
9DXD-assembly1.cif	M1239v1TS033_3	214	13	0.386654	0.384776	5054.332747	2780.299522	2258.340031	4425.7902	2795.992716	0.5621	0.716881	5054.332747	6684.130231	4207.542336	2476.587895	846.790411	A=F,B=B,C=C,D=D,E=E,F=K,G=G,H=H,I=I,J=J,K=A,L=L	100	100	100
9DXD-assembly1.cif	M1239v2TS294_2	214	179	0.386542	0.452836	5054.332747	2825.828867	2276.359781	2723.105392	2777.972966	0.632006	0.814999	5054.332747	4999.465173	4096.917906	902.547268	957.414842	A=F,B=B,C=C,D=D,E=E,F=A,G=G,H=H,I=I,J=J,K=L,L=K	100	100	100
9DXD-assembly1.cif	M1239v1TS033_5	214	15	0.386518	0.404998	5054.332747	2923.655288	2327.796636	4113.208541	2726.536111	0.515128	0.706949	5054.332747	6441.005177	4063.307282	2377.697894	991.025465	A=K,B=B,C=C,D=D,E=E,F=F,G=G,H=H,I=I,J=J,K=A,L=L	100	100	100
9DXD-assembly1.cif	M1239v1TS204_3	214	35	0.38624	0.394687	5054.332747	2984.759215	2326.63366	4408.808799	2727.699087	0.672602	0.85741	5054.332747	6735.442459	5054.332747	1681.109712	0	A=A,B=B,C=C,D=D,E=E,F=L,G=G,H=H,I=I,J=J,K=K,L=F	100	100	100
9DXD-assembly1.cif	M1239v1TS159_2	214	27	0.38623	0.458066	5054.332747	3130.307803	2409.649997	3056.994749	2644.68275	0.564366	0.790719	5054.332747	5466.644746	4159.568789	1307.075957	894.763958	A=A,B=B,C=C,D=D,E=E,F=L,G=G,H=H,I=I,J=J,K=F,L=K	100	100	100
9DXD-assembly1.cif	M1239v1TS325_2	214	79	0.38623	0.458066	5054.332747	3130.307803	2409.649997	3056.994749	2644.68275	0.564366	0.790719	5054.332747	5466.644746	4159.568789	1307.075957	894.763958	A=A,B=B,C=C,D=D,E=E,F=L,G=G,H=H,I=I,J=J,K=F,L=K	100	100	100
9DXD-assembly1.cif	M1239v2TS159_2	214	132	0.38623	0.458066	5054.332747	3130.307803	2409.649997	3056.994749	2644.68275	0.564366	0.790719	5054.332747	5466.644746	4159.568789	1307.075957	894.763958	A=A,B=B,C=C,D=D,E=E,F=L,G=G,H=H,I=I,J=J,K=F,L=K	100	100	100
9DXD-assembly1.cif	M1239v2TS325_2	214	188	0.38623	0.458066	5054.332747	3130.307803	2409.649997	3056.994749	2644.68275	0.564366	0.790719	5054.332747	5466.644746	4159.568789	1307.075957	894.763958	A=A,B=B,C=C,D=D,E=E,F=L,G=G,H=H,I=I,J=J,K=F,L=K	100	100	100
9DXD-assembly1.cif	M1239v1TS294_3	214	70	0.386024	0.392715	5054.332747	2833.856044	2276.673509	4263.526635	2777.659238	0.701999	0.870094	5054.332747	6540.200144	5044.169013	1496.031131	10.163734	A=A,B=B,C=C,D=D,E=E,F=L,G=G,H=H,I=I,J=J,K=F,L=K	100	100	100
9DXD-assembly1.cif	M1239v1TS110_2	214	22	0.385668	0.486624	5054.332747	2802.717874	2259.936597	1973.951917	2794.396151	0.744348	0.860883	5054.332747	4233.888514	3998.036415	235.852099	1056.296332	A=K,B=B,C=C,D=D,E=E,F=F,G=G,H=H,I=I,J=J,K=A,L=L	100	100	100
9DXD-assembly1.cif	M1239v2TS028_5	214	115	0.385595	0.396255	5054.332747	2833.091793	2280.022195	4173.49522	2774.310552	0.698009	0.867363	5054.332747	6453.517415	4990.742346	1462.77507	63.590402	A=L,B=B,C=C,D=D,E=E,F=A,G=G,H=H,I=I,J=J,K=F,L=K	100	100	100
9DXD-assembly1.cif	M1239v1TS481_3	214	97	0.385494	0.452867	5054.332747	3015.099754	2358.787433	3004.002142	2695.545314	0.571148	0.791923	5054.332747	5362.789575	4124.780808	1238.008768	929.551939	A=K,B=B,C=C,D=D,E=E,F=F,G=G,H=H,I=I,J=J,K=A,L=L	100	100	100
9DXD-assembly1.cif	M1239v2TS231_5	214	152	0.385261	0.416977	5054.332747	2945.339154	2317.83815	3745.163741	2736.494597	0.562053	0.753975	5054.332747	6063.001891	4191.095236	1871.906656	863.237512	A=K,B=B,C=C,D=D,E=E,F=F,G=G,H=H,I=I,J=J,K=A,L=L	100	100	100
9DXD-assembly1.cif	M1239v2TS294_5	214	182	0.385152	0.454591	5054.332747	2878.577225	2303.571465	2776.795302	2750.761282	0.567462	0.784287	5054.332747	5080.366767	3974.254868	1106.111899	1080.077879	A=F,B=B,C=C,D=D,E=E,F=A,G=G,H=H,I=I,J=J,K=L,L=K	100	100	100
9DXD-assembly1.cif	M1239v1TS028_1	214	6	0.384659	0.486526	5054.332747	2835.346843	2273.416712	2017.756209	2780.916035	0.741448	0.860167	5054.332747	4291.172921	4019.349205	271.823716	1034.983542	A=K,B=B,C=C,D=D,E=E,F=F,G=G,H=H,I=I,J=J,K=A,L=L	100	100	100
9DXD-assembly1.cif	M1239v1TS286_5	214	67	0.384225	0.429647	5054.332747	2734.858373	2237.949691	3125.332607	2816.383056	0.84325	0.923949	5054.332747	5363.282298	4812.673013	550.609285	241.659734	A=L,B=B,C=C,D=D,E=E,F=A,G=G,H=H,I=I,J=J,K=F,L=K	100	100	100
9DXD-assembly1.cif	M1239v1TS462_3	214	92	0.384101	0.419619	5054.332747	2883.465956	2307.758174	3637.203993	2746.574574	0.500235	0.70767	5054.332747	5944.962167	3891.933937	2053.02823	1162.39881	A=F,B=B,C=C,D=D,E=E,F=A,G=G,H=H,I=I,J=J,K=L,L=K	100	100	100
9DXD-assembly1.cif	M1239v2TS231_1	214	148	0.383753	0.417291	5054.332747	2823.428694	2278.18573	3586.415407	2776.147017	0.805589	0.910008	5054.332747	5864.601137	4968.159116	896.442021	86.173631	A=L,B=B,C=C,D=D,E=E,F=A,G=G,H=H,I=I,J=J,K=F,L=K	100	100	100
9DXF-assembly1.cif	M1239v2TS033_5	215	120	0.383515	0.40685	5089.68122	2842.624144	2278.00281	3830.55311	2811.67841	0.606765	0.722488	5089.68122	6108.555919	4045.29359	2063.262329	1044.38763	A=K,B=B,C=C,D=D,E=E,F=A,G=G,H=H,I=I,J=J,K=F,L=L	100	100	100
9DXD-assembly1.cif	M1239v2TS462_2	214	200	0.383468	0.478215	5054.332747	2873.504436	2282.849828	2210.188757	2771.482919	0.741236	0.863012	5054.332747	4493.038585	4119.746328	373.292257	934.586419	A=F,B=B,C=C,D=D,E=E,F=K,G=G,H=H,I=I,J=J,K=L,L=A	100	100	100
9DXD-assembly1.cif	M1239v1TS489_2	214	101	0.383192	0.443152	5054.332747	2990.274558	2319.980284	3096.054332	2734.352463	0.638236	0.825367	5054.332747	5416.034615	4320.947027	1095.087589	733.385721	A=L,B=B,C=C,D=D,E=E,F=A,G=G,H=H,I=I,J=J,K=K,L=F	100	100	100
9DXD-assembly1.cif	M1239v1TS462_4	214	93	0.383099	0.451758	5054.332747	2942.744924	2315.09633	2879.855599	2739.236417	0.606302	0.805852	5054.332747	5194.951929	4129.701267	1065.250662	924.63148	A=F,B=B,C=C,D=D,E=E,F=A,G=G,H=H,I=I,J=J,K=L,L=K	100	100	100
9DXD-assembly1.cif	M1239v1TS204_4	214	36	0.382934	0.403092	5054.332747	2868.438948	2270.269794	3939.681865	2784.062953	0.541147	0.765838	5054.332747	6209.951659	4313.307337	1896.644322	741.02541	A=A,B=B,C=C,D=D,E=E,F=L,G=G,H=H,I=I,J=J,K=K,L=F	100	100	100
9DXD-assembly1.cif	M1239v1TS286_3	214	65	0.382445	0.390661	5054.332747	2805.679073	2263.46376	4270.056182	2790.868987	0.691357	0.865377	5054.332747	6533.519942	5013.933379	1519.586563	40.399368	A=L,B=B,C=C,D=D,E=E,F=A,G=G,H=H,I=I,J=J,K=F,L=K	100	100	100
9DXD-assembly1.cif	M1239v1TS028_4	214	9	0.382408	0.472909	5054.332747	2824.523552	2246.023364	2198.395322	2808.309383	0.760637	0.872634	5054.332747	4444.418686	4144.46556	299.953126	909.867187	A=A,B=B,C=C,D=D,E=E,F=L,G=G,H=H,I=I,J=J,K=F,L=K	100	100	100
9DXD-assembly1.cif	M1239v2TS167_4	214	136	0.38221	0.382315	5054.332747	2928.681781	2314.668486	4739.68557	2739.664261	0.520908	0.656856	5054.332747	7054.354057	3976.832342	3077.521715	1077.500406	A=A,B=B,C=C,D=D,E=E,F=L,G=G,H=H,I=I,J=J,K=K,L=F	100	100	100
9DXD-assembly1.cif	M1239v2TS450_4	214	197	0.38221	0.382315	5054.332747	2928.681781	2314.668486	4739.68557	2739.664261	0.520908	0.656856	5054.332747	7054.354057	3976.832342	3077.521715	1077.500406	A=A,B=B,C=C,D=D,E=E,F=L,G=G,H=H,I=I,J=J,K=K,L=F	100	100	100
9DXD-assembly1.cif	M1239v1TS294_5	214	72	0.382048	0.450047	5054.332747	2863.401797	2271.874205	2769.958296	2782.458542	0.64351	0.821534	5054.332747	5041.832502	4147.172972	894.65953	907.159775	A=K,B=B,C=C,D=D,E=E,F=F,G=G,H=H,I=I,J=J,K=L,L=A	100	100	100
9DXD-assembly1.cif	M1239v2TS033_1	214	116	0.382044	0.40125	5054.332747	2766.55759	2250.952773	3914.422081	2803.379974	0.716929	0.87248	5054.332747	6165.374854	4894.485896	1270.888958	159.846851	A=F,B=B,C=C,D=D,E=E,F=K,G=G,H=H,I=I,J=J,K=L,L=A	100	100	100
9DXD-assembly1.cif	M1239v1TS204_1	214	33	0.381896	0.392442	5054.332747	2889.663664	2292.9343	4338.200904	2761.398447	0.707687	0.865063	5054.332747	6631.135204	5054.332747	1576.802457	0	A=K,B=B,C=C,D=D,E=E,F=F,G=G,H=H,I=I,J=J,K=A,L=L	100	100	100
9DXD-assembly1.cif	M1239v1TS167_3	214	30	0.381472	0.36594	5054.332747	2852.939374	2274.314955	5101.351105	2780.017792	0.525092	0.795032	5054.332747	7375.666059	4941.121771	2434.544288	113.210976	A=F,B=B,C=C,D=D,E=E,F=K,G=G,H=H,I=I,J=J,K=L,L=A	100	100	100
9DXD-assembly1.cif	M1239v1TS450_3	214	87	0.381472	0.36594	5054.332747	2852.939374	2274.314955	5101.351105	2780.017792	0.525092	0.795032	5054.332747	7375.666059	4941.121771	2434.544288	113.210976	A=F,B=B,C=C,D=D,E=E,F=K,G=G,H=H,I=I,J=J,K=L,L=A	100	100	100
9DXD-assembly1.cif	M1239v1TS110_5	214	25	0.381451	0.427819	5054.332747	2909.987565	2309.789292	3433.847917	2744.543455	0.537866	0.756874	5054.332747	5743.63721	4086.353684	1657.283525	967.979063	A=F,B=B,C=C,D=D,E=E,F=K,G=G,H=H,I=I,J=J,K=L,L=A	100	100	100
9DXD-assembly1.cif	M1239v2TS110_2	214	127	0.381451	0.427819	5054.332747	2909.987565	2309.789292	3433.847917	2744.543455	0.537866	0.756874	5054.332747	5743.63721	4086.353684	1657.283525	967.979063	A=F,B=B,C=C,D=D,E=E,F=K,G=G,H=H,I=I,J=J,K=L,L=A	100	100	100
9DXD-assembly1.cif	M1239v2TS204_2	214	139	0.381429	0.392207	5054.332747	2884.691173	2290.476527	4335.140961	2763.85622	0.708755	0.865472	5054.332747	6625.617488	5054.332747	1571.284741	0	A=K,B=B,C=C,D=D,E=E,F=F,G=G,H=H,I=I,J=J,K=A,L=L	100	100	100
9DXD-assembly1.cif	M1239v1TS489_5	214	104	0.381287	0.437882	5054.332747	2794.851164	2251.351821	2977.237482	2802.980927	0.485302	0.747012	5054.332747	5228.589303	3840.733537	1387.855766	1213.59921	A=K,B=B,C=C,D=D,E=E,F=F,G=G,H=H,I=I,J=J,K=A,L=L	100	100	100
9DXD-assembly1.cif	M1239v1TS208_1	214	38	0.381095	0.447904	5054.332747	2938.927666	2308.848033	2946.395577	2745.484715	0.600374	0.804081	5054.332747	5255.24361	4144.866861	1110.376749	909.465886	A=F,B=B,C=C,D=D,E=E,F=K,G=G,H=H,I=I,J=J,K=L,L=A	100	100	100
9DXD-assembly1.cif	M1239v2TS208_2	214	144	0.381045	0.452174	5054.332747	2907.668835	2281.608043	2755.775424	2772.724704	0.711592	0.855554	5054.332747	5037.383467	4317.002378	720.38109	737.33037	A=F,B=B,C=C,D=D,E=E,F=K,G=G,H=H,I=I,J=J,K=A,L=L	100	100	100
9DXD-assembly1.cif	M1239v2TS208_1	214	143	0.380633	0.465365	5054.332747	2852.626301	2285.056618	2481.10085	2769.276129	0.734033	0.863114	5054.332747	4766.157468	4238.103072	528.054396	816.229675	A=L,B=B,C=C,D=D,E=E,F=A,G=G,H=H,I=I,J=J,K=K,L=F	100	100	100
9DXD-assembly1.cif	M1239v1TS167_2	214	29	0.380559	0.388826	5054.332747	2864.89439	2274.051405	4368.623833	2780.281342	0.650381	0.848928	5054.332747	6642.675238	4964.957639	1677.717599	89.375108	A=A,B=B,C=C,D=D,E=E,F=L,G=G,H=H,I=I,J=J,K=K,L=F	100	100	100
9DXD-assembly1.cif	M1239v1TS450_2	214	86	0.380559	0.388826	5054.332747	2864.89439	2274.051405	4368.623833	2780.281342	0.650381	0.848928	5054.332747	6642.675238	4964.957639	1677.717599	89.375108	A=A,B=B,C=C,D=D,E=E,F=L,G=G,H=H,I=I,J=J,K=K,L=F	100	100	100
9DXD-assembly1.cif	M1239v1TS204_2	214	34	0.380507	0.436899	5054.332747	2980.250197	2316.111547	3232.065487	2738.2212	0.569288	0.791578	5054.332747	5548.177034	4196.357821	1351.819213	857.974926	A=L,B=B,C=C,D=D,E=E,F=A,G=G,H=H,I=I,J=J,K=K,L=F	100	100	100
9DXD-assembly1.cif	M1239v2TS204_1	214	138	0.380507	0.436899	5054.332747	2980.250197	2316.111547	3232.065487	2738.2212	0.569288	0.791578	5054.332747	5548.177034	4196.357821	1351.819213	857.974926	A=L,B=B,C=C,D=D,E=E,F=A,G=G,H=H,I=I,J=J,K=K,L=F	100	100	100
9DXD-assembly1.cif	M1239v1TS481_2	214	96	0.380333	0.455498	5054.332747	2824.779758	2269.986786	2642.730932	2784.345961	0.577305	0.78565	5054.332747	4912.717718	3915.304392	997.413326	1139.028355	A=K,B=B,C=C,D=D,E=E,F=F,G=G,H=H,I=I,J=J,K=A,L=L	100	100	100
9DXD-assembly1.cif	M1239v2TS167_2	214	134	0.379922	0.408462	5054.332747	2872.414536	2284.695051	3847.78115	2769.637696	0.523001	0.704213	5054.332747	6132.476201	3938.947075	2193.529126	1115.385673	A=F,B=B,C=C,D=D,E=E,F=K,G=G,H=H,I=I,J=J,K=L,L=A	100	100	100
9DXD-assembly1.cif	M1239v2TS450_2	214	195	0.379922	0.408462	5054.332747	2872.414536	2284.695051	3847.78115	2769.637696	0.523001	0.704213	5054.332747	6132.476201	3938.947075	2193.529126	1115.385673	A=F,B=B,C=C,D=D,E=E,F=K,G=G,H=H,I=I,J=J,K=L,L=A	100	100	100
9DXD-assembly1.cif	M1239v2TS110_4	214	129	0.379693	0.410273	5054.332747	2851.99849	2273.66024	3755.657437	2780.672507	0.513245	0.710627	5054.332747	6029.317676	3938.168237	2091.149439	1116.16451	A=A,B=B,C=C,D=D,E=E,F=F,G=G,H=H,I=I,J=J,K=K,L=L	100	100	100
9DXD-assembly1.cif	M1239v1TS033_4	214	14	0.379487	0.445962	5054.332747	2899.472514	2291.080621	2929.36878	2763.252126	0.712616	0.858631	5054.332747	5220.449401	4411.124521	809.324879	643.208226	A=K,B=B,C=C,D=D,E=E,F=F,G=G,H=H,I=I,J=J,K=A,L=L	100	100	100
9DXD-assembly1.cif	M1239v2TS462_5	214	203	0.379426	0.381018	5054.332747	2863.030955	2269.7028	4589.866805	2784.629948	0.634587	0.844978	5054.332747	6859.569604	5033.492227	1826.077377	20.84052	A=F,B=B,C=C,D=D,E=E,F=K,G=G,H=H,I=I,J=J,K=L,L=A	100	100	100
9DXD-assembly1.cif	M1239v1TS489_1	214	100	0.379352	0.439163	5054.332747	3020.948594	2322.330397	3199.495236	2732.002351	0.593398	0.805686	5054.332747	5521.825633	4260.529292	1261.296341	793.803455	A=K,B=B,C=C,D=D,E=E,F=F,G=G,H=H,I=I,J=J,K=L,L=A	100	100	100
9DXD-assembly1.cif	M1239v2TS481_1	214	204	0.379272	0.401683	5054.332747	2890.477012	2289.322371	4054.991053	2765.010376	0.645486	0.814307	5054.332747	6344.313424	4640.99716	1703.316264	413.335587	A=K,B=B,C=C,D=D,E=E,F=F,G=G,H=H,I=I,J=J,K=L,L=A	100	100	100
9DXD-assembly1.cif	M1239v1TS091_3	214	18	0.37924	0.382504	5054.332747	2823.807457	2254.181142	4477.917235	2800.151605	0.658705	0.853643	5054.332747	6732.098378	5030.705111	1701.393267	23.627636	A=K,B=B,C=C,D=D,E=E,F=F,G=G,H=H,I=I,J=J,K=A,L=L	100	100	100
9DXD-assembly1.cif	M1239v2TS091_1	214	121	0.37924	0.382504	5054.332747	2823.807457	2254.181142	4477.917235	2800.151605	0.658705	0.853643	5054.332747	6732.098378	5030.705111	1701.393267	23.627636	A=K,B=B,C=C,D=D,E=E,F=F,G=G,H=H,I=I,J=J,K=A,L=L	100	100	100
9DXD-assembly1.cif	M1239v1TS462_2	214	91	0.379189	0.3992	5054.332747	2832.315885	2268.727709	4043.323017	2785.605038	0.709106	0.870647	5054.332747	6312.050726	4948.054949	1363.995777	106.277798	A=A,B=B,C=C,D=D,E=E,F=F,G=G,H=H,I=I,J=J,K=K,L=L	100	100	100
9DXD-assembly1.cif	M1239v2TS033_2	214	117	0.37908	0.380702	5054.332747	2888.368343	2272.354803	4611.012634	2781.977944	0.638424	0.846785	5054.332747	6883.367438	5054.332747	1829.034691	0	A=F,B=B,C=C,D=D,E=E,F=K,G=G,H=H,I=I,J=J,K=L,L=A	100	100	100
9DXD-assembly1.cif	M1239v1TS369_1	214	80	0.378853	0.385245	5054.332747	2880.212844	2286.054425	4527.678756	2768.278322	0.643035	0.846546	5054.332747	6813.733181	5023.434516	1790.298665	30.898231	A=K,B=B,C=C,D=D,E=E,F=F,G=G,H=H,I=I,J=J,K=A,L=L	100	100	100
9DXD-assembly1.cif	M1239v2TS369_1	214	189	0.378853	0.385245	5054.332747	2880.212844	2286.054425	4527.678756	2768.278322	0.643035	0.846546	5054.332747	6813.733181	5023.434516	1790.298665	30.898231	A=K,B=B,C=C,D=D,E=E,F=F,G=G,H=H,I=I,J=J,K=A,L=L	100	100	100
9DXD-assembly1.cif	M1239v1TS489_3	214	102	0.378655	0.444267	5054.332747	2912.181533	2289.579508	2963.303836	2764.753239	0.599797	0.803753	5054.332747	5252.883344	4142.227785	1110.655559	912.104962	A=A,B=B,C=C,D=D,E=E,F=L,G=G,H=H,I=I,J=J,K=F,L=K	100	100	100
9DXD-assembly1.cif	M1239v1TS294_4	214	71	0.37852	0.444712	5054.332747	2870.270224	2264.258207	2864.44335	2790.07454	0.640825	0.821724	5054.332747	5128.701558	4183.822385	944.879173	870.510362	A=K,B=B,C=C,D=D,E=E,F=F,G=G,H=H,I=I,J=J,K=L,L=A	100	100	100
9DXD-assembly1.cif	M1239v2TS481_5	214	208	0.378068	0.397328	5054.332747	2599.350369	2160.160712	3658.954852	2894.172035	0.806509	0.910059	5054.332747	5819.115564	4947.740557	871.375007	106.592191	A=L,B=B,C=C,D=D,E=E,F=A,G=G,H=H,I=I,J=J,K=K,L=F	100	100	100
9DXD-assembly1.cif	M1239v1TS481_5	214	99	0.377923	0.457585	5054.332747	2815.581864	2250.458058	2531.449711	2803.874689	0.599632	0.794272	5054.332747	4781.907769	3906.322918	875.584851	1148.009829	A=F,B=B,C=C,D=D,E=E,F=K,G=G,H=H,I=I,J=J,K=L,L=A	100	100	100
9DXD-assembly1.cif	M1239v2TS489_4	214	212	0.377747	0.44649	5054.332747	2712.684047	2218.781684	2665.663091	2835.551063	0.506991	0.749282	5054.332747	4884.444775	3723.473809	1160.970966	1330.858938	A=K,B=B,C=C,D=D,E=E,F=F,G=G,H=H,I=I,J=J,K=A,L=L	100	100	100
9DXF-assembly1.cif	M1239v2TS489_3	215	211	0.37768	0.420819	5089.68122	2930.368328	2298.597309	3536.110262	2791.08391	0.843952	0.927297	5089.68122	5834.707571	5065.077164	769.630407	24.604055	A=F,B=B,C=C,D=D,E=E,F=A,G=G,H=H,I=I,J=J,K=K,L=L	100	100	100
9DXD-assembly1.cif	M1239v1TS204_5	214	37	0.377451	0.443189	5054.332747	3088.646582	2355.978241	3221.632401	2698.354506	0.511031	0.765652	5054.332747	5577.610642	4070.183069	1507.427573	984.149678	A=K,B=B,C=C,D=D,E=E,F=F,G=G,H=H,I=I,J=J,K=A,L=L	100	100	100
9DXD-assembly1.cif	M1239v2TS286_1	214	173	0.377361	0.47041	5054.332747	2794.918674	2230.777216	2199.278078	2823.555531	0.69905	0.836212	5054.332747	4430.055294	3965.478739	464.576555	1088.854008	A=A,B=B,C=C,D=D,E=E,F=L,G=G,H=H,I=I,J=J,K=K,L=F	100	100	100
9DXD-assembly1.cif	M1239v2TS231_2	214	149	0.37725	0.401481	5054.332747	2738.132482	2207.511913	3735.01195	2846.820835	0.554266	0.741071	5054.332747	5942.523863	4074.723069	1867.800793	979.609678	A=K,B=B,C=C,D=D,E=E,F=F,G=G,H=H,I=I,J=J,K=A,L=L	100	100	100
9DXD-assembly1.cif	M1239v1TS369_5	214	84	0.377127	0.397795	5054.332747	2896.441292	2276.649846	4115.357435	2777.682901	0.727113	0.879502	5054.332747	6392.007281	5033.538844	1358.468437	20.793903	A=K,B=B,C=C,D=D,E=E,F=F,G=G,H=H,I=I,J=J,K=A,L=L	100	100	100
9DXD-assembly1.cif	M1239v2TS369_5	214	193	0.377127	0.397795	5054.332747	2896.441292	2276.649846	4115.357435	2777.682901	0.727113	0.879502	5054.332747	6392.007281	5033.538844	1358.468437	20.793903	A=K,B=B,C=C,D=D,E=E,F=F,G=G,H=H,I=I,J=J,K=A,L=L	100	100	100
9DXD-assembly1.cif	M1239v1TS481_4	214	98	0.377107	0.446113	5054.332747	2832.585683	2250.514964	2784.59832	2803.817783	0.642063	0.82069	5054.332747	5035.113284	4140.155539	894.957745	914.177208	A=K,B=B,C=C,D=D,E=E,F=F,G=G,H=H,I=I,J=J,K=A,L=L	100	100	100
9DXD-assembly1.cif	M1239v2TS481_2	214	205	0.37695	0.394041	5054.332747	2795.633081	2233.59767	4048.963442	2820.735077	0.506085	0.685258	5054.332747	6282.561112	3884.347789	2398.213324	1169.984958	A=K,B=B,C=C,D=D,E=E,F=F,G=G,H=H,I=I,J=J,K=A,L=L	100	100	100
9DXD-assembly1.cif	M1239v2TS294_4	214	181	0.376918	0.439022	5054.332747	2922.599963	2288.630378	3083.081571	2765.702369	0.570766	0.791916	5054.332747	5371.711949	4128.275802	1243.436148	926.056946	A=A,B=B,C=C,D=D,E=E,F=F,G=G,H=H,I=I,J=J,K=K,L=L	100	100	100
9DXD-assembly1.cif	M1239v1TS208_4	214	40	0.376769	0.442971	5054.332747	2830.040402	2238.326142	2813.321409	2816.006605	0.634384	0.817144	5054.332747	5051.647551	4129.018645	922.628906	925.314102	A=K,B=B,C=C,D=D,E=E,F=F,G=G,H=H,I=I,J=J,K=A,L=L	100	100	100
9DXD-assembly1.cif	M1239v1TS294_2	214	69	0.376629	0.383213	5054.332747	2763.866436	2232.17752	4363.300286	2822.155227	0.684157	0.86297	5054.332747	6595.477806	5026.717519	1568.760287	27.615228	A=A,B=B,C=C,D=D,E=E,F=L,G=G,H=H,I=I,J=J,K=F,L=K	100	100	100
9DXD-assembly1.cif	M1239v2TS235_4	214	156	0.376504	0.456012	5054.332747	2790.647586	2228.442866	2490.846335	2825.889881	0.724868	0.857718	5054.332747	4719.289201	4191.505615	527.783587	862.827132	A=F,B=B,C=C,D=D,E=E,F=K,G=A,H=L	95.109612	89.278304	66.666667
9DXD-assembly1.cif	M1239v2TS167_5	214	137	0.375792	0.386061	5054.332747	2914.399127	2290.723355	4522.106359	2763.609392	0.517595	0.768107	5054.332747	6812.829714	4557.626451	2255.203264	496.706296	A=A,B=B,C=C,D=D,E=E,F=L,G=G,H=H,I=I,J=J,K=K,L=F	100	100	100
9DXD-assembly1.cif	M1239v2TS450_5	214	198	0.375792	0.386061	5054.332747	2914.399127	2290.723355	4522.106359	2763.609392	0.517595	0.768107	5054.332747	6812.829714	4557.626451	2255.203264	496.706296	A=A,B=B,C=C,D=D,E=E,F=L,G=G,H=H,I=I,J=J,K=K,L=F	100	100	100
9DXD-assembly1.cif	M1239v2TS481_4	214	207	0.375765	0.423029	5054.332747	2952.185572	2276.832495	3433.271826	2777.500252	0.713947	0.865687	5054.332747	5710.104321	4659.316084	1050.788237	395.016663	A=A,B=B,C=C,D=D,E=E,F=L,G=G,H=H,I=I,J=J,K=K,L=F	100	100	100
9DXF-assembly1.cif	M1239v1TS294_3	215	70	0.375313	0.374295	5089.68122	2666.094939	2176.501775	4363.698369	2913.179444	0.747517	0.875277	5089.68122	6540.200144	5089.68122	1450.518924	0	A=L,B=B,C=C,D=D,E=E,F=F,G=G,H=H,I=I,J=J,K=K,L=A	100	100	100
9DXD-assembly1.cif	M1239v2TS028_3	214	113	0.375031	0.442959	5054.332747	2834.693012	2245.743503	2839.648062	2808.589244	0.58468	0.792976	5054.332747	5085.391566	4020.279812	1065.111754	1034.052935	A=F,B=B,C=C,D=D,E=E,F=K,G=G,H=H,I=I,J=J,K=L,L=A	100	100	100
9DXD-assembly1.cif	M1239v1TS262_1	214	53	0.375019	0.39456	5054.332747	2959.432066	2287.155321	4251.969752	2767.177426	0.689617	0.864684	5054.332747	6539.125074	5012.339405	1526.785668	41.993342	A=L,B=B,C=C,D=D,E=E,F=A,G=G,H=H,I=I,J=J,K=F,L=K	100	100	100
9DXD-assembly1.cif	M1239v1TS262_2	214	54	0.374857	0.431414	5054.332747	2945.256183	2274.412638	3215.237108	2779.920109	0.665964	0.839878	5054.332747	5489.649746	4427.82738	1061.822367	626.505368	A=L,B=B,C=C,D=D,E=E,F=A,G=G,H=H,I=I,J=J,K=F,L=K	100	100	100
9DXD-assembly1.cif	M1239v1TS262_3	214	55	0.374668	0.394429	5054.332747	2958.452975	2286.226326	4252.016371	2768.106421	0.689792	0.86475	5054.332747	6538.242697	5012.339405	1525.903292	41.993342	A=L,B=B,C=C,D=D,E=E,F=A,G=G,H=H,I=I,J=J,K=F,L=K	100	100	100
9DXD-assembly1.cif	M1239v1TS262_5	214	57	0.374609	0.431273	5054.332747	2944.96895	2273.597866	3215.721695	2780.734881	0.66603	0.839904	5054.332747	5489.319561	4427.82738	1061.492182	626.505368	A=L,B=B,C=C,D=D,E=E,F=A,G=G,H=H,I=I,J=J,K=F,L=K	100	100	100
9DXD-assembly1.cif	M1239v1TS462_1	214	90	0.374564	0.408746	5054.332747	2854.752575	2245.426925	3687.155171	2808.905823	0.594576	0.771495	5054.332747	5932.582096	4238.173246	1694.40885	816.159501	A=K,B=B,C=C,D=D,E=E,F=L,G=G,H=H,I=I,J=J,K=A,L=F	100	100	100
9DXD-assembly1.cif	M1239v2TS167_3	214	135	0.374144	0.408142	5054.332747	2793.709316	2239.357646	3679.740065	2814.975101	0.526258	0.712228	5054.332747	5919.097711	3907.794596	2011.303115	1146.538151	A=F,B=B,C=C,D=D,E=E,F=K,G=G,H=H,I=I,J=J,K=L,L=A	100	100	100
9DXD-assembly1.cif	M1239v2TS450_3	214	196	0.374144	0.408142	5054.332747	2793.709316	2239.357646	3679.740065	2814.975101	0.526258	0.712228	5054.332747	5919.097711	3907.794596	2011.303115	1146.538151	A=F,B=B,C=C,D=D,E=E,F=K,G=G,H=H,I=I,J=J,K=L,L=A	100	100	100
9DXD-assembly1.cif	M1239v1TS167_5	214	32	0.374102	0.364994	5054.332747	2863.570462	2253.241795	5039.171077	2801.090952	0.567437	0.816457	5054.332747	7292.412872	5040.292934	2252.119938	14.039813	A=K,B=B,C=C,D=D,E=E,F=F,G=G,H=H,I=I,J=J,K=A,L=L	100	100	100
9DXD-assembly1.cif	M1239v1TS450_5	214	89	0.374102	0.364994	5054.332747	2863.570462	2253.241795	5039.171077	2801.090952	0.567437	0.816457	5054.332747	7292.412872	5040.292934	2252.119938	14.039813	A=K,B=B,C=C,D=D,E=E,F=F,G=G,H=H,I=I,J=J,K=A,L=L	100	100	100
9DXD-assembly1.cif	M1239v1TS489_4	214	103	0.374067	0.44091	5054.332747	2881.183864	2266.496705	2960.176219	2787.836042	0.589277	0.798081	5054.332747	5226.672924	4102.538055	1124.134868	951.794692	A=F,B=B,C=C,D=D,E=E,F=K,G=G,H=H,I=I,J=J,K=A,L=L	100	100	100
9DXD-assembly1.cif	M1239v1TS091_5	214	20	0.373961	0.383762	5054.332747	2908.840941	2255.383061	4444.349442	2798.949686	0.54312	0.722883	5054.332747	6699.732503	4248.404233	2451.32827	805.928514	A=L,B=B,C=C,D=D,E=E,F=A,G=G,H=H,I=I,J=J,K=F,L=K	100	100	100
9DXD-assembly1.cif	M1239v2TS091_5	214	125	0.373961	0.383762	5054.332747	2908.840941	2255.383061	4444.349442	2798.949686	0.54312	0.722883	5054.332747	6699.732503	4248.404233	2451.32827	805.928514	A=L,B=B,C=C,D=D,E=E,F=A,G=G,H=H,I=I,J=J,K=F,L=K	100	100	100
9DXD-assembly1.cif	M1239v1TS167_4	214	31	0.373952	0.384082	5054.332747	2924.289746	2276.592033	4523.782199	2777.740714	0.638625	0.841529	5054.332747	6800.374232	4988.037309	1812.336922	66.295438	A=F,B=B,C=C,D=D,E=E,F=K,G=G,H=H,I=I,J=J,K=L,L=A	100	100	100
9DXD-assembly1.cif	M1239v1TS450_4	214	88	0.373952	0.384082	5054.332747	2924.289746	2276.592033	4523.782199	2777.740714	0.638625	0.841529	5054.332747	6800.374232	4988.037309	1812.336922	66.295438	A=F,B=B,C=C,D=D,E=E,F=K,G=G,H=H,I=I,J=J,K=L,L=A	100	100	100
9DXD-assembly1.cif	M1239v1TS091_4	214	19	0.373925	0.428712	5054.332747	2829.962443	2219.955125	3082.104561	2834.377622	0.60821	0.808791	5054.332747	5302.059686	4188.076635	1113.983051	866.256112	A=K,B=B,C=C,D=D,E=E,F=F,G=G,H=H,I=I,J=J,K=L,L=A	100	100	100
9DXD-assembly1.cif	M1239v2TS091_4	214	124	0.373925	0.428712	5054.332747	2829.962443	2219.955125	3082.104561	2834.377622	0.60821	0.808791	5054.332747	5302.059686	4188.076635	1113.983051	866.256112	A=K,B=B,C=C,D=D,E=E,F=F,G=G,H=H,I=I,J=J,K=L,L=A	100	100	100
9DXD-assembly1.cif	M1239v2TS286_2	214	174	0.373849	0.39193	5054.332747	2787.542153	2231.102766	4099.775779	2823.229981	0.725372	0.878082	5054.332747	6330.878545	4998.575553	1332.302993	55.757195	A=A,B=B,C=C,D=D,E=E,F=L,G=G,H=H,I=I,J=J,K=K,L=F	100	100	100
9DXD-assembly1.cif	M1239v1TS235_5	214	47	0.37383	0.472138	5054.332747	2770.917968	2224.228601	2143.374547	2830.104146	0.736282	0.85853	5054.332747	4367.603148	4044.507938	323.09521	1009.824809	A=F,B=B,C=C,D=D,E=E,F=K,G=L,H=A	95.109612	89.278304	66.666667
9DXF-assembly1.cif	M1239v1TS159_2	215	27	0.37378	0.434838	5089.68122	2964.086467	2295.143444	3171.501302	2794.537775	0.605814	0.783237	5089.68122	5466.644746	4134.053217	1332.591529	955.628002	A=A,B=B,C=C,D=D,E=E,F=K,G=G,H=H,I=I,J=J,K=F,L=L	100	100	100
9DXF-assembly1.cif	M1239v1TS325_2	215	79	0.37378	0.434838	5089.68122	2964.086467	2295.143444	3171.501302	2794.537775	0.605814	0.783237	5089.68122	5466.644746	4134.053217	1332.591529	955.628002	A=A,B=B,C=C,D=D,E=E,F=K,G=G,H=H,I=I,J=J,K=F,L=L	100	100	100
9DXF-assembly1.cif	M1239v2TS159_2	215	132	0.37378	0.434838	5089.68122	2964.086467	2295.143444	3171.501302	2794.537775	0.605814	0.783237	5089.68122	5466.644746	4134.053217	1332.591529	955.628002	A=A,B=B,C=C,D=D,E=E,F=K,G=G,H=H,I=I,J=J,K=F,L=L	100	100	100
9DXF-assembly1.cif	M1239v2TS325_2	215	188	0.37378	0.434838	5089.68122	2964.086467	2295.143444	3171.501302	2794.537775	0.605814	0.783237	5089.68122	5466.644746	4134.053217	1332.591529	955.628002	A=A,B=B,C=C,D=D,E=E,F=K,G=G,H=H,I=I,J=J,K=F,L=L	100	100	100
9DXF-assembly1.cif	M1239v2TS481_3	215	206	0.373512	0.399285	5089.68122	2824.087465	2238.989384	3886.328613	2850.691836	0.608331	0.726097	5089.68122	6125.317997	4071.590195	2053.727802	1018.091025	A=F,B=B,C=C,D=D,E=E,F=L,G=G,H=H,I=I,J=J,K=A,L=K	100	100	100
9DXD-assembly1.cif	M1239v2TS286_3	214	175	0.373168	0.383863	5054.332747	2904.941765	2283.004163	4557.567675	2771.328584	0.515882	0.794291	5054.332747	6840.571838	4724.005205	2116.566633	330.327542	A=L,B=B,C=C,D=D,E=E,F=A,G=G,H=H,I=I,J=J,K=K,L=F	100	100	100
9DXF-assembly1.cif	M1239v1TS369_3	215	82	0.373113	0.381275	5089.68122	2880.167785	2255.127403	4484.594062	2834.553816	0.713551	0.860514	5089.68122	6739.721465	5089.68122	1650.040245	0	A=K,B=B,C=C,D=D,E=E,F=A,G=G,H=H,I=I,J=J,K=F,L=L	100	100	100
9DXF-assembly1.cif	M1239v2TS369_3	215	191	0.373113	0.381275	5089.68122	2880.167785	2255.127403	4484.594062	2834.553816	0.713551	0.860514	5089.68122	6739.721465	5089.68122	1650.040245	0	A=K,B=B,C=C,D=D,E=E,F=A,G=G,H=H,I=I,J=J,K=F,L=L	100	100	100
9DXD-assembly1.cif	M1239v1TS369_2	214	81	0.372999	0.38439	5054.332747	2837.760285	2242.348549	4370.37985	2811.984198	0.546791	0.725518	5054.332747	6612.728399	4232.332859	2380.39554	821.999888	A=K,B=B,C=C,D=D,E=E,F=F,G=G,H=H,I=I,J=J,K=A,L=L	100	100	100
9DXD-assembly1.cif	M1239v2TS369_2	214	190	0.372999	0.38439	5054.332747	2837.760285	2242.348549	4370.37985	2811.984198	0.546791	0.725518	5054.332747	6612.728399	4232.332859	2380.39554	821.999888	A=K,B=B,C=C,D=D,E=E,F=F,G=G,H=H,I=I,J=J,K=A,L=L	100	100	100
9DXD-assembly1.cif	M1239v2TS033_3	214	118	0.372873	0.38415	5054.332747	2746.505833	2209.430496	4239.194326	2844.902251	0.715601	0.875037	5054.332747	6448.624822	5032.754357	1415.870465	21.57839	A=A,B=B,C=C,D=D,E=E,F=L,G=G,H=H,I=I,J=J,K=F,L=K	100	100	100
9DXD-assembly1.cif	M1239v1TS286_4	214	66	0.372395	0.428549	5054.332747	2923.731904	2260.360949	3234.209901	2793.971798	0.565016	0.791585	5054.332747	5494.57085	4175.174826	1319.396024	879.157921	A=L,B=B,C=C,D=D,E=E,F=A,G=G,H=H,I=I,J=J,K=F,L=K	100	100	100
9DXF-assembly1.cif	M1239v2TS489_5	215	213	0.372383	0.456259	5089.68122	2890.24596	2261.320685	2561.450019	2828.360534	0.66252	0.826716	5089.68122	4822.770704	4097.39355	725.377154	992.287669	A=F,B=B,C=C,D=D,E=E,F=L,G=G,H=H,I=I,J=J,K=K,L=A	100	100	100
9DXF-assembly1.cif	M1239v2TS462_1	215	199	0.371678	0.432518	5089.68122	2866.618019	2278.187605	3166.666122	2811.493615	0.613893	0.802612	5089.68122	5444.853727	4227.569523	1217.284204	862.111697	A=L,B=B,C=C,D=D,E=E,F=F,G=G,H=H,I=I,J=J,K=A,L=K	100	100	100
9DXD-assembly1.cif	M1239v2TS294_3	214	180	0.371384	0.44704	5054.332747	2906.311057	2263.247635	2807.903651	2791.085112	0.693495	0.847002	5054.332747	5071.151287	4288.154105	782.997181	766.178642	A=K,B=B,C=C,D=D,E=E,F=L,G=G,H=H,I=I,J=J,K=A,L=F	100	100	100
9DXF-assembly1.cif	M1239v1TS033_2	215	12	0.37101	0.379665	5089.68122	2697.834506	2162.869248	4141.026821	2926.811972	0.783017	0.88411	5089.68122	6303.896069	5036.58878	1267.307289	53.092439	A=K,B=B,C=C,D=D,E=E,F=A,G=G,H=H,I=I,J=J,K=F,L=L	100	100	100
9DXD-assembly1.cif	M1239v2TS262_4	214	166	0.370981	0.39113	5054.332747	2761.108835	2193.175587	3967.065467	2861.15716	0.745118	0.885126	5054.332747	6160.241054	4963.156832	1197.084222	91.175915	A=L,B=B,C=C,D=D,E=E,F=A,G=G,H=H,I=I,J=J,K=F,L=K	100	100	100
9DXF-assembly1.cif	M1239v1TS167_1	215	28	0.370944	0.370634	5089.68122	2706.270935	2173.004533	4463.193352	2916.676687	0.74037	0.868111	5089.68122	6636.197885	5089.68122	1546.516665	0	A=L,B=B,C=C,D=D,E=E,F=F,G=G,H=H,I=I,J=J,K=A,L=K	100	100	100
9DXF-assembly1.cif	M1239v1TS450_1	215	85	0.370944	0.370634	5089.68122	2706.270935	2173.004533	4463.193352	2916.676687	0.74037	0.868111	5089.68122	6636.197885	5089.68122	1546.516665	0	A=L,B=B,C=C,D=D,E=E,F=F,G=G,H=H,I=I,J=J,K=A,L=K	100	100	100
9DXD-assembly1.cif	M1239v1TS235_1	214	43	0.370652	0.448636	5054.332747	2815.152978	2232.574138	2665.805271	2821.758609	0.645243	0.819842	5054.332747	4898.379409	4079.825163	818.554246	974.507584	A=A,B=B,C=C,D=D,E=E,F=F,G=K,H=L	95.109612	89.278304	66.666667
9DXD-assembly1.cif	M1239v2TS262_2	214	164	0.370607	0.390874	5054.332747	2759.674137	2191.571518	3967.788839	2862.761229	0.745292	0.885196	5054.332747	6159.360357	4963.156832	1196.203525	91.175915	A=L,B=B,C=C,D=D,E=E,F=A,G=G,H=H,I=I,J=J,K=F,L=K	100	100	100
9DXD-assembly1.cif	M1239v1TS110_3	214	23	0.370408	0.452925	5054.332747	2967.98855	2283.382061	2745.109792	2770.950686	0.683983	0.841587	5054.332747	5028.491853	4242.784746	785.707108	811.548002	A=L,B=B,C=C,D=D,E=E,F=K,G=G,H=H,I=I,J=J,K=F,L=A	100	100	100
9DXD-assembly1.cif	M1239v2TS033_4	214	119	0.370097	0.377495	5054.332747	2937.190598	2251.728127	4623.771729	2802.60462	0.644125	0.790506	5054.332747	6875.499856	4715.301083	2160.198773	339.031664	A=A,B=B,C=C,D=D,E=E,F=L,G=G,H=H,I=I,J=J,K=K,L=F	100	100	100
9DXF-assembly1.cif	M1239v1TS033_1	215	11	0.370042	0.388073	5089.68122	2772.635715	2195.518744	4029.780173	2894.162476	0.581627	0.704991	5089.68122	6225.298917	3988.476897	2236.822019	1101.204323	A=F,B=B,C=C,D=D,E=E,F=L,G=G,H=H,I=I,J=J,K=K,L=A	100	100	100
9DXF-assembly1.cif	M1239v2TS167_1	215	133	0.370042	0.388073	5089.68122	2772.635715	2195.518744	4029.780173	2894.162476	0.581627	0.704991	5089.68122	6225.298917	3988.476897	2236.822019	1101.204323	A=F,B=B,C=C,D=D,E=E,F=L,G=G,H=H,I=I,J=J,K=K,L=A	100	100	100
9DXF-assembly1.cif	M1239v2TS450_1	215	194	0.370042	0.388073	5089.68122	2772.635715	2195.518744	4029.780173	2894.162476	0.581627	0.704991	5089.68122	6225.298917	3988.476897	2236.822019	1101.204323	A=F,B=B,C=C,D=D,E=E,F=L,G=G,H=H,I=I,J=J,K=K,L=A	100	100	100
9DXD-assembly1.cif	M1239v2TS235_2	214	154	0.369938	0.463308	5054.332747	2842.913542	2234.010066	2355.397259	2820.322681	0.739708	0.86358	5054.332747	4589.407325	4164.068497	425.338828	890.26425	A=F,B=B,C=C,D=D,E=E,F=K,G=L,H=A	95.109612	89.278304	66.666667
9DXF-assembly1.cif	M1239v1TS091_3	215	18	0.369234	0.366831	5089.68122	2674.553906	2168.297975	4563.800402	2921.383244	0.711492	0.861069	5089.68122	6732.098378	5089.68122	1642.417158	0	A=L,B=B,C=C,D=D,E=E,F=F,G=G,H=H,I=I,J=J,K=A,L=K	100	100	100
9DXF-assembly1.cif	M1239v2TS091_1	215	121	0.369234	0.366831	5089.68122	2674.553906	2168.297975	4563.800402	2921.383244	0.711492	0.861069	5089.68122	6732.098378	5089.68122	1642.417158	0	A=L,B=B,C=C,D=D,E=E,F=F,G=G,H=H,I=I,J=J,K=A,L=K	100	100	100
9DXF-assembly1.cif	M1239v1TS462_4	215	93	0.369115	0.433534	5089.68122	2797.587598	2229.366567	2965.585362	2860.314652	0.564562	0.78451	5089.68122	5194.951929	4034.196684	1160.755245	1055.484536	A=K,B=B,C=C,D=D,E=E,F=L,G=G,H=H,I=I,J=J,K=F,L=A	100	100	100
9DXD-assembly1.cif	M1239v1TS286_1	214	63	0.36902	0.389689	5054.332747	2660.289399	2167.85894	3903.905786	2886.473807	0.746465	0.884825	5054.332747	6071.764727	4922.323266	1149.44146	132.009481	A=L,B=B,C=C,D=D,E=E,F=A,G=G,H=H,I=I,J=J,K=F,L=K	100	100	100
9DXF-assembly1.cif	M1239v1TS028_1	215	6	0.36881	0.472442	5089.68122	2771.125114	2215.954766	2075.218156	2873.726454	0.769289	0.874825	5089.68122	4291.172921	4103.304789	187.868133	986.376431	A=K,B=B,C=C,D=D,E=E,F=A,G=G,H=H,I=I,J=J,K=F,L=L	100	100	100
9DXD-assembly1.cif	M1239v1TS091_1	214	16	0.36876	0.397767	5054.332747	2906.48487	2247.720911	3999.647915	2806.611836	0.533234	0.742649	5054.332747	6247.368826	4196.600799	2050.768027	857.731948	A=L,B=B,C=C,D=D,E=E,F=A,G=G,H=H,I=I,J=J,K=F,L=K	100	100	100
9DXD-assembly1.cif	M1239v2TS091_3	214	123	0.36876	0.397767	5054.332747	2906.48487	2247.720911	3999.647915	2806.611836	0.533234	0.742649	5054.332747	6247.368826	4196.600799	2050.768027	857.731948	A=L,B=B,C=C,D=D,E=E,F=A,G=G,H=H,I=I,J=J,K=F,L=K	100	100	100
9DXF-assembly1.cif	M1239v2TS208_3	215	145	0.368692	0.447839	5089.68122	2810.238279	2228.814174	2635.149759	2860.867046	0.69565	0.844374	5089.68122	4863.963933	4202.299813	661.66412	887.381407	A=L,B=B,C=C,D=D,E=E,F=F,G=G,H=H,I=I,J=J,K=K,L=A	100	100	100
9DXD-assembly1.cif	M1239v2TS235_3	214	155	0.368658	0.437384	5054.332747	2823.397498	2217.009273	2866.241833	2837.323474	0.691933	0.846406	5054.332747	5083.251106	4290.254338	792.996768	764.078409	A=F,B=B,C=C,D=D,E=E,F=K,G=L,H=A	95.109612	89.278304	66.666667
9DXF-assembly1.cif	M1239v2TS028_2	215	112	0.368479	0.472771	5089.68122	2787.303637	2222.658281	2090.341341	2867.022939	0.783993	0.883075	5089.68122	4312.999622	4151.636771	161.362852	938.044449	A=L,B=B,C=C,D=D,E=E,F=F,G=G,H=H,I=I,J=J,K=A,L=K	100	100	100
9DXD-assembly1.cif	M1239v2TS110_3	214	128	0.367862	0.413868	5054.332747	2943.896368	2258.358785	3600.734863	2795.973962	0.584989	0.785551	5054.332747	5859.093648	4286.524912	1572.568735	767.807835	A=A,B=B,C=C,D=D,E=E,F=L,G=G,H=H,I=I,J=J,K=F,L=K	100	100	100
9DXD-assembly1.cif	M1239v2TS204_5	214	142	0.367757	0.385462	5054.332747	2961.815262	2265.386406	4434.412993	2788.946341	0.596311	0.740136	5054.332747	6699.799399	4349.830244	2349.969155	704.502503	A=A,B=B,C=C,D=D,E=E,F=L,G=G,H=H,I=I,J=J,K=F,L=K	100	100	100
9DXF-assembly1.cif	M1239v2TS167_5	215	137	0.367712	0.370132	5089.68122	2796.288532	2202.751101	4610.078614	2886.930119	0.619223	0.783346	5089.68122	6812.829714	4661.894766	2150.934948	427.786453	A=A,B=B,C=C,D=D,E=E,F=K,G=G,H=H,I=I,J=J,K=L,L=F	100	100	100
9DXF-assembly1.cif	M1239v2TS450_5	215	198	0.367712	0.370132	5089.68122	2796.288532	2202.751101	4610.078614	2886.930119	0.619223	0.783346	5089.68122	6812.829714	4661.894766	2150.934948	427.786453	A=A,B=B,C=C,D=D,E=E,F=K,G=G,H=H,I=I,J=J,K=L,L=F	100	100	100
9DXF-assembly1.cif	M1239v2TS294_2	215	179	0.367596	0.429771	5089.68122	2657.714508	2168.012198	2831.452975	2921.669022	0.590088	0.793211	5089.68122	4999.465173	4001.413323	998.051851	1088.267897	A=F,B=B,C=C,D=D,E=E,F=A,G=G,H=H,I=I,J=J,K=K,L=L	100	100	100
9DXD-assembly1.cif	M1239v1TS110_4	214	24	0.367439	0.410117	5054.332747	2726.651582	2159.763157	3318.338459	2894.56959	0.605278	0.81058	5054.332747	5478.101616	4268.689082	1209.412535	785.643665	A=F,B=B,C=C,D=D,E=E,F=K,G=G,H=H,I=I,J=J,K=L,L=A	100	100	100
9DXD-assembly1.cif	M1239v2TS110_1	214	126	0.367439	0.410117	5054.332747	2726.651582	2159.763157	3318.338459	2894.56959	0.605278	0.81058	5054.332747	5478.101616	4268.689082	1209.412535	785.643665	A=F,B=B,C=C,D=D,E=E,F=K,G=G,H=H,I=I,J=J,K=L,L=A	100	100	100
9DXD-assembly1.cif	M1239v1TS262_4	214	56	0.367352	0.38705	5054.332747	2820.411305	2204.437543	4132.210386	2849.895204	0.691299	0.863025	5054.332747	6336.647929	4915.352276	1421.295653	138.980471	A=A,B=B,C=C,D=D,E=E,F=L,G=G,H=H,I=I,J=J,K=K,L=F	100	100	100
9DXF-assembly1.cif	M1239v1TS481_2	215	96	0.367197	0.436264	5089.68122	2721.624931	2181.845089	2730.872629	2907.836131	0.579898	0.783719	5089.68122	4912.717718	3919.53694	993.180778	1170.14428	A=K,B=B,C=C,D=D,E=E,F=A,G=G,H=H,I=I,J=J,K=F,L=L	100	100	100
9DXD-assembly1.cif	M1239v1TS481_1	214	95	0.366977	0.437642	5054.332747	2843.670346	2222.291568	2879.135238	2832.041179	0.636097	0.818892	5054.332747	5101.426807	4158.237134	943.189673	896.095614	A=F,B=B,C=C,D=D,E=E,F=K,G=G,H=H,I=I,J=J,K=L,L=A	100	100	100
9DXF-assembly1.cif	M1239v2TS231_4	215	151	0.366514	0.420514	5089.68122	2841.308709	2230.516478	3288.320435	2859.164742	0.606199	0.770826	5089.68122	5518.836913	4088.661904	1430.175009	1001.019316	A=A,B=B,C=C,D=D,E=E,F=K,G=G,H=H,I=I,J=J,K=L,L=F	100	100	100
9DXF-assembly1.cif	M1239v1TS028_2	215	7	0.36643	0.469337	5089.68122	2835.68845	2241.545922	2220.736402	2848.135298	0.77115	0.878059	5089.68122	4462.282324	4193.594267	268.688057	896.086953	A=K,B=B,C=C,D=D,E=E,F=A,G=G,H=H,I=I,J=J,K=F,L=L	100	100	100
9DXF-assembly1.cif	M1239v1TS286_5	215	67	0.366324	0.416927	5089.68122	2725.43654	2179.06316	3184.219138	2910.61806	0.943156	0.972322	5089.68122	5363.282298	5081.822009	281.460289	7.859211	A=A,B=B,C=C,D=D,E=E,F=K,G=G,H=H,I=I,J=J,K=L,L=F	100	100	100
9DXF-assembly1.cif	M1239v2TS208_1	215	143	0.366241	0.446736	5089.68122	2801.884674	2201.477404	2564.680064	2888.203816	0.720538	0.855682	5089.68122	4766.157468	4216.733783	549.423685	872.947437	A=L,B=B,C=C,D=D,E=E,F=F,G=G,H=H,I=I,J=J,K=K,L=A	100	100	100
9DXF-assembly1.cif	M1239v1TS294_2	215	69	0.36613	0.366175	5089.68122	2643.52634	2139.408712	4456.069094	2950.272507	0.746853	0.871136	5089.68122	6595.477806	5089.68122	1505.796586	0	A=A,B=B,C=C,D=D,E=E,F=K,G=G,H=H,I=I,J=J,K=F,L=L	100	100	100
9DXD-assembly1.cif	M1239v1TS462_5	214	94	0.366028	0.429839	5054.332747	2799.710424	2184.306503	2924.723176	2870.026244	0.646517	0.82421	5054.332747	5109.029679	4188.370695	920.658984	865.962052	A=F,B=B,C=C,D=D,E=E,F=A,G=G,H=H,I=I,J=J,K=L,L=K	100	100	100
9DXD-assembly1.cif	M1239v1TS235_3	214	45	0.365794	0.437579	5054.332747	2726.618049	2167.132689	2683.627063	2887.200058	0.647512	0.820134	5054.332747	4850.759752	4061.750451	789.009301	992.582297	A=F,B=B,C=C,D=D,E=E,F=K,G=L,H=A	95.109612	89.278304	66.666667
9DXF-assembly1.cif	M1239v2TS462_5	215	203	0.365509	0.366851	5089.68122	2743.358472	2191.797919	4667.771686	2897.883301	0.671336	0.851883	5089.68122	6859.569604	5089.68122	1769.888385	0	A=K,B=B,C=C,D=D,E=E,F=A,G=G,H=H,I=I,J=J,K=F,L=L	100	100	100
9DXF-assembly1.cif	M1239v1TS091_2	215	17	0.365506	0.387828	5089.68122	2804.177814	2213.187944	4110.373679	2876.493275	0.569763	0.722623	5089.68122	6323.561623	4123.735868	2199.825755	965.945352	A=K,B=B,C=C,D=D,E=E,F=A,G=G,H=H,I=I,J=J,K=F,L=L	100	100	100
9DXF-assembly1.cif	M1239v2TS091_2	215	122	0.365506	0.387828	5089.68122	2804.177814	2213.187944	4110.373679	2876.493275	0.569763	0.722623	5089.68122	6323.561623	4123.735868	2199.825755	965.945352	A=K,B=B,C=C,D=D,E=E,F=A,G=G,H=H,I=I,J=J,K=F,L=L	100	100	100
9DXF-assembly1.cif	M1239v1TS369_5	215	84	0.365454	0.38233	5089.68122	2748.717389	2194.896373	4197.110909	2894.784847	0.764084	0.884536	5089.68122	6392.007281	5077.981405	1314.025877	11.699815	A=K,B=B,C=C,D=D,E=E,F=A,G=G,H=H,I=I,J=J,K=F,L=L	100	100	100
9DXF-assembly1.cif	M1239v2TS369_5	215	193	0.365454	0.38233	5089.68122	2748.717389	2194.896373	4197.110909	2894.784847	0.764084	0.884536	5089.68122	6392.007281	5077.981405	1314.025877	11.699815	A=K,B=B,C=C,D=D,E=E,F=A,G=G,H=H,I=I,J=J,K=F,L=L	100	100	100
9DXF-assembly1.cif	M1239v1TS489_4	215	103	0.365303	0.42757	5089.68122	2787.307286	2205.481351	3021.191572	2884.199868	0.582749	0.786996	5089.68122	5226.672924	4059.462229	1167.210695	1030.21899	A=K,B=B,C=C,D=D,E=E,F=A,G=G,H=H,I=I,J=J,K=L,L=F	100	100	100
9DXF-assembly1.cif	M1239v2TS208_5	215	147	0.365266	0.442501	5089.68122	2871.815038	2234.166573	2774.057217	2855.514647	0.655858	0.826541	5089.68122	5008.223789	4173.166133	835.057656	916.515086	A=L,B=B,C=C,D=D,E=E,F=F,G=G,H=H,I=I,J=J,K=K,L=A	100	100	100
9DXD-assembly1.cif	M1239v1TS208_2	214	39	0.365042	0.430256	5054.332747	2816.844235	2207.160221	2998.258241	2847.172526	0.601397	0.803633	5054.332747	5205.418462	4122.539767	1082.878695	931.792981	A=K,B=B,C=C,D=D,E=E,F=F,G=G,H=H,I=I,J=J,K=A,L=L	100	100	100
9DXF-assembly1.cif	M1239v1TS262_2	215	54	0.364912	0.419594	5089.68122	2843.253784	2219.514043	3270.135703	2870.167177	0.648914	0.827265	5089.68122	5489.649746	4375.954172	1113.695574	713.727048	A=A,B=B,C=C,D=D,E=E,F=K,G=G,H=H,I=I,J=J,K=L,L=F	100	100	100
9DXF-assembly1.cif	M1239v2TS167_2	215	134	0.364873	0.386158	5089.68122	2747.675217	2166.765175	3965.711026	2922.916045	0.589193	0.704523	5089.68122	6132.476201	3953.132346	2179.343855	1136.548874	A=F,B=B,C=C,D=D,E=E,F=L,G=G,H=H,I=I,J=J,K=K,L=A	100	100	100
9DXF-assembly1.cif	M1239v2TS450_2	215	195	0.364873	0.386158	5089.68122	2747.675217	2166.765175	3965.711026	2922.916045	0.589193	0.704523	5089.68122	6132.476201	3953.132346	2179.343855	1136.548874	A=F,B=B,C=C,D=D,E=E,F=L,G=G,H=H,I=I,J=J,K=K,L=A	100	100	100
9DXF-assembly1.cif	M1239v1TS262_5	215	57	0.364828	0.419385	5089.68122	2841.329446	2218.336896	3270.982665	2871.344323	0.648225	0.827291	5089.68122	5489.319561	4375.954172	1113.365389	713.727048	A=A,B=B,C=C,D=D,E=E,F=K,G=G,H=H,I=I,J=J,K=L,L=F	100	100	100
9DXF-assembly1.cif	M1239v2TS167_3	215	135	0.364528	0.390238	5089.68122	2694.274976	2148.019247	3771.078464	2941.661973	0.580346	0.706933	5089.68122	5919.097711	3891.234691	2027.863021	1198.446529	A=F,B=B,C=C,D=D,E=E,F=L,G=G,H=H,I=I,J=J,K=K,L=A	100	100	100
9DXF-assembly1.cif	M1239v2TS450_3	215	196	0.364528	0.390238	5089.68122	2694.274976	2148.019247	3771.078464	2941.661973	0.580346	0.706933	5089.68122	5919.097711	3891.234691	2027.863021	1198.446529	A=F,B=B,C=C,D=D,E=E,F=L,G=G,H=H,I=I,J=J,K=K,L=A	100	100	100
9DXF-assembly1.cif	M1239v1TS286_3	215	65	0.364503	0.374976	5089.68122	2756.178708	2179.211307	4354.308635	2910.469912	0.747826	0.87578	5089.68122	6533.519942	5089.68122	1443.838722	0	A=K,B=B,C=C,D=D,E=E,F=A,G=G,H=H,I=I,J=J,K=F,L=L	100	100	100
9DXD-assembly1.cif	M1239v2TS235_5	214	157	0.364151	0.414654	5054.332747	2688.211378	2144.14632	3143.369897	2910.186427	0.845897	0.924686	5054.332747	5287.516217	4781.479592	506.036626	272.853155	A=F,B=B,C=C,D=D,E=E,F=K,G=L,H=A	95.109612	89.278304	66.666667
9DXD-assembly1.cif	M1239v2TS286_4	214	176	0.363878	0.428412	5054.332747	2926.589339	2241.31107	3167.701967	2813.021678	0.645009	0.828521	5054.332747	5409.013037	4334.55181	1074.461227	719.780938	A=F,B=B,C=C,D=D,E=E,F=K,G=G,H=H,I=I,J=J,K=A,L=L	100	100	100
9DXF-assembly1.cif	M1239v2TS110_4	215	129	0.363783	0.392471	5089.68122	2742.520318	2181.943314	3847.374363	2907.737906	0.571691	0.707342	5089.68122	6029.317676	3932.468101	2096.849575	1157.213119	A=K,B=B,C=C,D=D,E=E,F=L,G=G,H=H,I=I,J=J,K=F,L=A	100	100	100
9DXF-assembly1.cif	M1239v1TS481_3	215	97	0.363716	0.428478	5089.68122	2869.032659	2239.325251	3123.464325	2850.355969	0.57858	0.778383	5089.68122	5362.789575	4068.010586	1294.77899	1021.670634	A=L,B=B,C=C,D=D,E=E,F=F,G=G,H=H,I=I,J=J,K=A,L=K	100	100	100
9DXF-assembly1.cif	M1239v1TS369_4	215	83	0.363678	0.368521	5089.68122	2854.374154	2233.627964	4798.813439	2856.053256	0.550307	0.678033	5089.68122	7032.441403	4109.597262	2922.844141	980.083957	A=A,B=B,C=C,D=D,E=E,F=K,G=G,H=H,I=I,J=J,K=L,L=F	100	100	100
9DXF-assembly1.cif	M1239v2TS369_4	215	192	0.363678	0.368521	5089.68122	2854.374154	2233.627964	4798.813439	2856.053256	0.550307	0.678033	5089.68122	7032.441403	4109.597262	2922.844141	980.083957	A=A,B=B,C=C,D=D,E=E,F=K,G=G,H=H,I=I,J=J,K=L,L=F	100	100	100
9DXF-assembly1.cif	M1239v1TS489_3	215	102	0.363348	0.426348	5089.68122	2780.616987	2204.764751	3048.118593	2884.916469	0.573648	0.78594	5089.68122	5252.883344	4064.316436	1188.566908	1025.364784	A=L,B=B,C=C,D=D,E=E,F=F,G=G,H=H,I=I,J=J,K=K,L=A	100	100	100
9DXD-assembly1.cif	M1239v2TS235_1	214	153	0.36316	0.44926	5054.332747	2746.483793	2158.686321	2396.949458	2895.646426	0.746442	0.866642	5054.332747	4555.635779	4164.202023	391.433756	890.130724	A=A,B=B,C=C,D=D,E=E,F=F,G=K,H=L	95.109612	89.278304	66.666667
9DXD-assembly1.cif	M1239v1TS159_1	214	26	0.363119	0.430345	5054.332747	2968.490754	2254.773827	3169.805592	2799.55892	0.625045	0.819147	5054.332747	5424.579419	4291.882952	1132.696467	762.449795	A=K,B=B,C=C,D=D,E=E,F=F,G=G,H=H,I=I,J=J,K=L,L=A	100	100	100
9DXD-assembly1.cif	M1239v1TS325_1	214	78	0.363119	0.430345	5054.332747	2968.490754	2254.773827	3169.805592	2799.55892	0.625045	0.819147	5054.332747	5424.579419	4291.882952	1132.696467	762.449795	A=K,B=B,C=C,D=D,E=E,F=F,G=G,H=H,I=I,J=J,K=L,L=A	100	100	100
9DXD-assembly1.cif	M1239v2TS159_1	214	131	0.363119	0.430345	5054.332747	2968.490754	2254.773827	3169.805592	2799.55892	0.625045	0.819147	5054.332747	5424.579419	4291.882952	1132.696467	762.449795	A=K,B=B,C=C,D=D,E=E,F=F,G=G,H=H,I=I,J=J,K=L,L=A	100	100	100
9DXF-assembly1.cif	M1239v1TS014_3	215	2	0.363024	0.385637	5089.68122	3325.347595	2395.671767	4939.147087	2694.009453	0.588822	0.816399	5089.68122	7334.818854	5071.672463	2263.146391	18.008757	A=A,B=F,C=L,D=K	90.21097	78.541121	33.333333
9DXF-assembly1.cif	M1239v2TS028_5	215	115	0.362497	0.377433	5089.68122	2743.82118	2178.392636	4275.12478	2911.288584	0.752826	0.881849	5089.68122	6453.517415	5089.68122	1363.836196	0	A=K,B=B,C=C,D=D,E=E,F=A,G=G,H=H,I=I,J=J,K=F,L=L	100	100	100
9DXF-assembly1.cif	M1239v2TS481_2	215	205	0.362486	0.37622	5089.68122	2686.940245	2139.230973	4143.330139	2950.450247	0.574324	0.686486	5089.68122	6282.561112	3903.442232	2379.118881	1186.238988	A=K,B=B,C=C,D=D,E=E,F=A,G=G,H=H,I=I,J=J,K=F,L=L	100	100	100
9DXF-assembly1.cif	M1239v2TS489_4	215	212	0.362287	0.42257	5089.68122	2627.894568	2107.383372	2777.061403	2982.297848	0.547143	0.749222	5089.68122	4884.444775	3736.417921	1148.026854	1353.263298	A=K,B=B,C=C,D=D,E=E,F=A,G=G,H=H,I=I,J=J,K=F,L=L	100	100	100
9DXF-assembly1.cif	M1239v2TS208_4	215	146	0.362257	0.444934	5089.68122	2867.238557	2222.952617	2679.645113	2866.728602	0.683284	0.838677	5089.68122	4902.59773	4190.147666	712.450064	899.533553	A=A,B=B,C=C,D=D,E=E,F=K,G=G,H=H,I=I,J=J,K=F,L=L	100	100	100
9DXF-assembly1.cif	M1239v1TS110_3	215	23	0.362011	0.440886	5089.68122	2858.762966	2230.480566	2798.011287	2859.200653	0.661418	0.829685	5089.68122	5028.491853	4197.449028	831.042825	892.232191	A=K,B=B,C=C,D=D,E=E,F=L,G=G,H=H,I=I,J=J,K=F,L=A	100	100	100
9DXF-assembly1.cif	M1239v1TS167_5	215	32	0.361939	0.348917	5089.68122	2733.577564	2160.16027	5132.252602	2929.52095	0.647154	0.822103	5089.68122	7292.412872	5089.68122	2202.731652	0	A=L,B=B,C=C,D=D,E=E,F=F,G=G,H=H,I=I,J=J,K=A,L=K	100	100	100
9DXF-assembly1.cif	M1239v1TS450_5	215	89	0.361939	0.348917	5089.68122	2733.577564	2160.16027	5132.252602	2929.52095	0.647154	0.822103	5089.68122	7292.412872	5089.68122	2202.731652	0	A=L,B=B,C=C,D=D,E=E,F=F,G=G,H=H,I=I,J=J,K=A,L=K	100	100	100
9DXD-assembly1.cif	M1239v1TS286_2	214	64	0.361928	0.411465	5054.332747	2707.843808	2156.095976	3269.655197	2898.236772	0.655758	0.833979	5054.332747	5425.751173	4370.084384	1055.666789	684.248363	A=F,B=B,C=C,D=D,E=E,F=K,G=G,H=H,I=I,J=J,K=L,L=A	100	100	100
9DXF-assembly1.cif	M1239v2TS167_4	215	136	0.361803	0.356689	5089.68122	2750.667689	2165.823576	4888.530481	2923.857644	0.573905	0.651744	5089.68122	7054.354057	3957.401078	3096.952979	1132.280142	A=A,B=B,C=C,D=D,E=E,F=K,G=G,H=H,I=I,J=J,K=L,L=F	100	100	100
9DXF-assembly1.cif	M1239v2TS450_4	215	197	0.361803	0.356689	5089.68122	2750.667689	2165.823576	4888.530481	2923.857644	0.573905	0.651744	5089.68122	7054.354057	3957.401078	3096.952979	1132.280142	A=A,B=B,C=C,D=D,E=E,F=K,G=G,H=H,I=I,J=J,K=L,L=F	100	100	100
9DXF-assembly1.cif	M1239v1TS033_5	215	15	0.361796	0.375295	5089.68122	2760.922002	2163.705277	4277.2999	2925.975943	0.564017	0.702599	5089.68122	6441.005177	4050.72177	2390.283407	1038.95945	A=L,B=B,C=C,D=D,E=E,F=F,G=G,H=H,I=I,J=J,K=A,L=K	100	100	100
9DXF-assembly1.cif	M1239v2TS028_1	215	111	0.361712	0.461388	5089.68122	2802.536785	2192.348017	2221.236049	2897.333203	0.755186	0.868884	5089.68122	4413.584066	4128.618936	284.96513	961.062284	A=L,B=B,C=C,D=D,E=E,F=F,G=G,H=H,I=I,J=J,K=K,L=A	100	100	100
9DXF-assembly1.cif	M1239v2TS231_3	215	150	0.361678	0.40951	5089.68122	2686.450989	2157.858265	3291.196169	2931.822955	0.734014	0.871542	5089.68122	5449.054434	4592.47509	856.579343	497.206129	A=K,B=B,C=C,D=D,E=E,F=A,G=G,H=H,I=I,J=J,K=F,L=L	100	100	100
9DXF-assembly1.cif	M1239v2TS481_1	215	204	0.361673	0.38347	5089.68122	2782.483994	2192.295554	4152.01787	2897.385666	0.697852	0.808495	5089.68122	6344.313424	4622.163536	1722.149888	467.517684	A=K,B=B,C=C,D=D,E=E,F=A,G=G,H=H,I=I,J=J,K=L,L=F	100	100	100
9DXF-assembly1.cif	M1239v1TS462_3	215	92	0.361574	0.390471	5089.68122	2755.108122	2154.356805	3790.605362	2935.324414	0.548807	0.699774	5089.68122	5944.962167	3860.878259	2084.083908	1228.802961	A=F,B=B,C=C,D=D,E=E,F=A,G=G,H=H,I=I,J=J,K=K,L=L	100	100	100
9DXF-assembly1.cif	M1239v1TS167_3	215	30	0.361569	0.351284	5089.68122	2776.597608	2189.438183	5186.227876	2900.243037	0.644072	0.816613	5089.68122	7375.666059	5089.68122	2285.98484	0	A=A,B=B,C=C,D=D,E=E,F=K,G=G,H=H,I=I,J=J,K=L,L=F	100	100	100
9DXF-assembly1.cif	M1239v1TS450_3	215	87	0.361569	0.351284	5089.68122	2776.597608	2189.438183	5186.227876	2900.243037	0.644072	0.816613	5089.68122	7375.666059	5089.68122	2285.98484	0	A=A,B=B,C=C,D=D,E=E,F=K,G=G,H=H,I=I,J=J,K=L,L=F	100	100	100
9DXF-assembly1.cif	M1239v1TS204_5	215	37	0.361512	0.414679	5089.68122	2872.841653	2211.749539	3365.861104	2877.931681	0.525921	0.745209	5089.68122	5577.610642	3974.678486	1602.932156	1115.002734	A=L,B=B,C=C,D=D,E=E,F=F,G=G,H=H,I=I,J=J,K=A,L=K	100	100	100
9DXF-assembly1.cif	M1239v1TS014_4	215	3	0.361304	0.383775	5089.68122	3250.732694	2357.398714	4838.231267	2732.282505	0.589207	0.823212	5089.68122	7195.629982	5056.70528	2138.924701	32.975939	A=F,B=A,C=K,D=L	90.21097	78.541121	33.333333
9DXF-assembly1.cif	M1239v2TS231_1	215	148	0.360986	0.397424	5089.68122	2723.741419	2176.748658	3687.852479	2912.932562	0.847747	0.929259	5089.68122	5864.601137	5089.68122	774.919917	0	A=F,B=B,C=C,D=D,E=E,F=L,G=G,H=H,I=I,J=J,K=K,L=A	100	100	100
9DXF-assembly1.cif	M1239v2TS028_4	215	114	0.360848	0.465861	5089.68122	2814.414864	2200.302441	2156.189577	2889.378779	0.743811	0.861963	5089.68122	4356.492018	4071.12735	285.364667	1018.55387	A=F,B=B,C=C,D=D,E=E,F=L,G=G,H=H,I=I,J=J,K=K,L=A	100	100	100
9DXD-assembly1.cif	M1239v2TS294_1	214	178	0.360148	0.443663	5054.332747	2824.093353	2186.945272	2617.309075	2867.387475	0.695722	0.844002	5054.332747	4804.254347	4160.331845	643.922502	894.000903	A=F,B=B,C=C,D=D,E=E,F=A,G=G,H=H,I=I,J=J,K=L,L=K	100	100	100
9DXF-assembly1.cif	M1239v1TS294_5	215	72	0.359942	0.427911	5089.68122	2724.601116	2167.695268	2874.137234	2921.985952	0.607052	0.802598	5089.68122	5041.832502	4065.766331	976.06617	1023.914889	A=A,B=B,C=C,D=D,E=E,F=K,G=G,H=H,I=I,J=J,K=F,L=L	100	100	100
9DXF-assembly1.cif	M1239v1TS369_1	215	80	0.35994	0.36827	5089.68122	2783.041837	2191.833191	4621.89999	2897.848029	0.720214	0.855163	5089.68122	6813.733181	5089.68122	1724.051961	0	A=L,B=B,C=C,D=D,E=E,F=F,G=G,H=H,I=I,J=J,K=A,L=K	100	100	100
9DXF-assembly1.cif	M1239v2TS369_1	215	189	0.35994	0.36827	5089.68122	2783.041837	2191.833191	4621.89999	2897.848029	0.720214	0.855163	5089.68122	6813.733181	5089.68122	1724.051961	0	A=L,B=B,C=C,D=D,E=E,F=F,G=G,H=H,I=I,J=J,K=A,L=K	100	100	100
9DXF-assembly1.cif	M1239v2TS294_3	215	180	0.359787	0.433011	5089.68122	2795.31928	2199.874674	2871.276612	2889.806545	0.673616	0.836511	5089.68122	5071.151287	4249.822064	821.329223	839.859156	A=F,B=B,C=C,D=D,E=E,F=A,G=G,H=H,I=I,J=J,K=K,L=L	100	100	100
9DXF-assembly1.cif	M1239v1TS481_5	215	99	0.359436	0.436558	5089.68122	2738.299758	2154.762272	2627.145497	2934.918948	0.598964	0.79323	5089.68122	4781.907769	3915.22068	866.687088	1174.460539	A=K,B=B,C=C,D=D,E=E,F=A,G=G,H=H,I=I,J=J,K=F,L=L	100	100	100
9DXF-assembly1.cif	M1239v2TS481_4	215	207	0.359334	0.405021	5089.68122	2795.157581	2187.068477	3523.035844	2902.612743	0.67146	0.845167	5089.68122	5710.104321	4563.811501	1146.29282	525.869719	A=L,B=B,C=C,D=D,E=E,F=F,G=G,H=H,I=I,J=J,K=A,L=K	100	100	100
9DXF-assembly1.cif	M1239v1TS014_5	215	4	0.35909	0.382251	5089.68122	3253.189616	2353.638467	4871.301611	2736.042753	0.59042	0.823878	5089.68122	7224.940078	5072.875805	2152.064273	16.805414	A=A,B=F,C=L,D=K	90.21097	78.541121	33.333333
9DXF-assembly1.cif	M1239v1TS262_3	215	55	0.358998	0.385155	5089.68122	2977.323693	2239.275939	4298.966759	2850.405281	0.726253	0.875424	5089.68122	6538.242697	5089.68122	1448.561478	0	A=A,B=B,C=C,D=D,E=E,F=K,G=G,H=H,I=I,J=J,K=L,L=F	100	100	100
9DXF-assembly1.cif	M1239v1TS262_1	215	53	0.358996	0.385252	5089.68122	2985.920314	2240.01289	4299.112183	2849.668329	0.726051	0.875357	5089.68122	6539.125074	5089.68122	1449.443854	0	A=K,B=B,C=C,D=D,E=E,F=A,G=G,H=H,I=I,J=J,K=F,L=L	100	100	100
9DXF-assembly1.cif	M1239v2TS014_2	215	106	0.3587	0.366885	5089.68122	3191.940438	2323.312489	5252.090316	2766.36873	0.583686	0.803734	5089.68122	7575.402806	5089.68122	2485.721586	0	A=A,B=K,C=L,D=F	90.21097	78.541121	33.333333
9DXD-assembly1.cif	M1239v1TS235_2	214	44	0.358543	0.455455	5054.332747	2697.80978	2141.944927	2209.465429	2912.38782	0.745542	0.863263	5054.332747	4351.410355	4059.81274	291.597615	994.520007	A=K,B=B,C=C,D=D,E=E,F=L,G=A,H=F	95.109612	89.278304	66.666667
9DXF-assembly1.cif	M1239v1TS489_5	215	104	0.358541	0.406419	5089.68122	2608.26942	2096.7724	3131.816903	2992.90882	0.49836	0.725941	5089.68122	5228.589303	3745.228954	1483.360349	1344.452266	A=A,B=B,C=C,D=D,E=E,F=K,G=G,H=H,I=I,J=J,K=L,L=F	100	100	100
9DXF-assembly1.cif	M1239v2TS294_4	215	181	0.358486	0.416866	5089.68122	2729.10217	2180.498683	3191.213266	2909.182537	0.552188	0.770982	5089.68122	5371.711949	4032.771219	1338.940731	1056.910001	A=A,B=B,C=C,D=D,E=E,F=F,G=G,H=H,I=I,J=J,K=L,L=K	100	100	100
9DXF-assembly1.cif	M1239v1TS462_1	215	90	0.358438	0.394702	5089.68122	2732.856847	2175.253343	3757.328753	2914.427877	0.59806	0.758247	5089.68122	5932.582096	4178.798156	1753.783939	910.883063	A=L,B=B,C=C,D=D,E=E,F=K,G=G,H=H,I=I,J=J,K=A,L=F	100	100	100
9DXF-assembly1.cif	M1239v1TS204_4	215	36	0.358402	0.390072	5089.68122	2825.081368	2203.833904	4006.117755	2885.847316	0.542695	0.746538	5089.68122	6209.951659	4217.802754	1992.148905	871.878466	A=K,B=B,C=C,D=D,E=E,F=A,G=G,H=H,I=I,J=J,K=F,L=L	100	100	100
9DXF-assembly1.cif	M1239v1TS204_3	215	35	0.358335	0.368722	5089.68122	2801.699268	2180.089129	4555.35333	2909.59209	0.698252	0.860825	5089.68122	6735.442459	5089.68122	1645.761239	0	A=L,B=B,C=C,D=D,E=E,F=F,G=G,H=H,I=I,J=J,K=A,L=K	100	100	100
9DXF-assembly1.cif	M1239v1TS462_2	215	91	0.358038	0.373364	5089.68122	2702.41989	2128.499033	4183.551693	2961.182187	0.791311	0.884556	5089.68122	6312.050726	5042.735589	1269.315137	46.945631	A=K,B=B,C=C,D=D,E=E,F=L,G=G,H=H,I=I,J=J,K=F,L=A	100	100	100
9DXF-assembly1.cif	M1239v2TS208_2	215	144	0.35788	0.434229	5089.68122	2855.252954	2198.730392	2838.653076	2890.950828	0.68301	0.840686	5089.68122	5037.383467	4256.84301	780.540457	832.83821	A=F,B=B,C=C,D=D,E=E,F=L,G=G,H=H,I=I,J=J,K=A,L=K	100	100	100
9DXF-assembly1.cif	M1239v2TS294_5	215	182	0.357826	0.424747	5089.68122	2731.521564	2159.847453	2920.519314	2929.833766	0.562419	0.774549	5089.68122	5080.366767	3938.601266	1141.765502	1151.079954	A=F,B=B,C=C,D=D,E=E,F=A,G=G,H=H,I=I,J=J,K=K,L=L	100	100	100
9DXF-assembly1.cif	M1239v1TS294_4	215	71	0.357739	0.425134	5089.68122	2726.415256	2172.090747	2956.61081	2917.590472	0.602731	0.802124	5089.68122	5128.701558	4098.20487	1030.496688	991.47635	A=L,B=B,C=C,D=D,E=E,F=F,G=G,H=H,I=I,J=J,K=K,L=A	100	100	100
9DXD-assembly1.cif	M1239v1TS235_4	214	46	0.357714	0.416765	5054.332747	2680.966894	2128.550389	3031.754321	2925.782358	0.633972	0.818885	5054.332747	5160.30471	4182.305017	977.999693	872.02773	A=F,B=B,C=C,D=D,E=E,F=K,G=L,H=A	95.109612	89.278304	66.666667
9DXF-assembly1.cif	M1239v1TS028_4	215	9	0.357633	0.452971	5089.68122	2719.558003	2159.333482	2285.085204	2930.347738	0.734146	0.858077	5089.68122	4444.418686	4090.494924	353.923762	999.186296	A=L,B=B,C=C,D=D,E=E,F=F,G=G,H=H,I=I,J=J,K=K,L=A	100	100	100
9DXF-assembly1.cif	M1239v1TS235_5	215	47	0.357583	0.453998	5089.68122	2680.431416	2146.796397	2220.806751	2942.884823	0.745373	0.862966	5089.68122	4367.603148	4080.656945	286.946203	1009.024275	A=F,B=B,C=C,D=D,E=E,F=L,G=K,H=A	95.105485	89.270561	66.666667
9DXF-assembly1.cif	M1239v1TS110_5	215	25	0.357533	0.414711	5089.68122	2901.639415	2246.350029	3497.287181	2843.331191	0.591233	0.751047	5089.68122	5743.63721	4068.164038	1675.473172	1021.517182	A=K,B=B,C=C,D=D,E=E,F=A,G=G,H=H,I=I,J=J,K=F,L=L	100	100	100
9DXF-assembly1.cif	M1239v2TS110_2	215	127	0.357533	0.414711	5089.68122	2901.639415	2246.350029	3497.287181	2843.331191	0.591233	0.751047	5089.68122	5743.63721	4068.164038	1675.473172	1021.517182	A=K,B=B,C=C,D=D,E=E,F=A,G=G,H=H,I=I,J=J,K=F,L=L	100	100	100
9DXF-assembly1.cif	M1239v2TS235_4	215	156	0.357424	0.437195	5089.68122	2652.422006	2144.215638	2575.073564	2945.465582	0.682305	0.835154	5089.68122	4719.289201	4096.001032	623.28817	993.680188	A=A,B=B,C=C,D=D,E=E,F=K,G=F,H=L	95.105485	89.270561	66.666667
9DXF-assembly1.cif	M1239v1TS489_1	215	100	0.357275	0.41721	5089.68122	2858.283413	2213.614814	3308.210819	2876.066406	0.572701	0.785002	5089.68122	5521.825633	4165.024709	1356.800924	924.656511	A=L,B=B,C=C,D=D,E=E,F=F,G=G,H=H,I=I,J=J,K=K,L=A	100	100	100
9DXF-assembly1.cif	M1239v2TS033_1	215	116	0.356897	0.372118	5089.68122	2606.229459	2094.107146	4071.267709	2995.574074	0.72342	0.857208	5089.68122	6165.374854	4823.96444	1341.410414	265.716779	A=A,B=B,C=C,D=D,E=E,F=K,G=G,H=H,I=I,J=J,K=L,L=F	100	100	100
9DXF-assembly1.cif	M1239v1TS014_1	215	0	0.356766	0.379678	5089.68122	3273.7928	2353.269531	4953.191738	2736.411689	0.596295	0.816113	5089.68122	7306.461269	5058.323517	2248.137751	31.357703	A=A,B=F,C=L,D=K	90.21097	78.541121	33.333333
9DXF-assembly1.cif	M1239v1TS110_2	215	22	0.356377	0.461616	5089.68122	2703.76611	2151.95347	2081.935044	2937.72775	0.768184	0.873453	5089.68122	4233.888514	4071.850235	162.038279	1017.830985	A=K,B=B,C=C,D=D,E=E,F=A,G=G,H=H,I=I,J=J,K=F,L=L	100	100	100
9DXF-assembly1.cif	M1239v2TS014_3	215	107	0.356293	0.366527	5089.68122	3188.87772	2315.191052	5228.254169	2774.490168	0.584806	0.805767	5089.68122	7543.44522	5089.68122	2453.764	0	A=K,B=A,C=F,D=L	90.21097	78.541121	33.333333
9DXF-assembly1.cif	M1239v2TS462_2	215	200	0.355999	0.45092	5089.68122	2726.611926	2160.522391	2332.516194	2929.158829	0.736905	0.860262	5089.68122	4493.038585	4121.824133	371.214453	967.857087	A=F,B=B,C=C,D=D,E=E,F=L,G=G,H=H,I=I,J=J,K=K,L=A	100	100	100
9DXD-assembly1.cif	M1239v2TS286_5	214	177	0.355913	0.394462	5054.332747	2745.099374	2160.739741	3740.311088	2893.593007	0.514539	0.709682	5054.332747	5901.050829	3887.416795	2013.634034	1166.915952	A=A,B=B,C=C,D=D,E=E,F=L,G=G,H=H,I=I,J=J,K=F,L=K	100	100	100
9DXF-assembly1.cif	M1239v1TS033_3	215	13	0.355868	0.363549	5089.68122	2665.462564	2140.180986	4543.949245	2949.500234	0.609472	0.70912	5089.68122	6684.130231	4174.524376	2509.605855	915.156844	A=K,B=B,C=C,D=D,E=E,F=A,G=G,H=H,I=I,J=J,K=L,L=F	100	100	100
9DXF-assembly1.cif	M1239v2TS014_6	215	110	0.355752	0.365279	5089.68122	3180.889801	2311.937818	5256.844822	2777.743402	0.584021	0.804155	5089.68122	7568.782639	5089.68122	2479.10142	0	A=K,B=A,C=F,D=L	90.21097	78.541121	33.333333
9DXF-assembly1.cif	M1239v2TS286_4	215	176	0.355658	0.417188	5089.68122	2856.337801	2189.96578	3219.047257	2899.71544	0.616725	0.812302	5089.68122	5409.013037	4264.05715	1144.955887	825.62407	A=K,B=B,C=C,D=D,E=E,F=A,G=G,H=H,I=I,J=J,K=L,L=F	100	100	100
9DXF-assembly1.cif	M1239v1TS014_2	215	1	0.355346	0.37791	5089.68122	3262.396139	2347.477372	4986.318792	2742.203847	0.585789	0.814133	5089.68122	7333.796164	5057.182456	2276.613708	32.498764	A=F,B=A,C=K,D=L	90.21097	78.541121	33.333333
9DXF-assembly1.cif	M1239v2TS014_1	215	105	0.355261	0.365224	5089.68122	3266.288712	2353.143345	5443.192503	2736.537874	0.539465	0.789954	5089.68122	7796.335848	5089.68122	2706.654628	0	A=K,B=L,C=F,D=A	90.21097	78.541121	33.333333
9DXF-assembly1.cif	M1239v1TS167_4	215	31	0.355172	0.364007	5089.68122	2812.180659	2164.032507	4636.341725	2925.648713	0.727452	0.856124	5089.68122	6800.374232	5089.68122	1710.693012	0	A=A,B=B,C=C,D=D,E=E,F=K,G=G,H=H,I=I,J=J,K=L,L=F	100	100	100
9DXF-assembly1.cif	M1239v1TS450_4	215	88	0.355172	0.364007	5089.68122	2812.180659	2164.032507	4636.341725	2925.648713	0.727452	0.856124	5089.68122	6800.374232	5089.68122	1710.693012	0	A=A,B=B,C=C,D=D,E=E,F=K,G=G,H=H,I=I,J=J,K=L,L=F	100	100	100
9DXF-assembly1.cif	M1239v1TS235_1	215	43	0.354498	0.426564	5089.68122	2694.374785	2130.274936	2768.104473	2959.406284	0.644587	0.81889	5089.68122	4898.379409	4089.562057	808.817351	1000.119162	A=L,B=B,C=C,D=D,E=E,F=K,G=A,H=F	95.105485	89.270561	66.666667
9DXF-assembly1.cif	M1239v2TS014_5	215	109	0.354374	0.367348	5089.68122	3221.692366	2322.466981	5232.356047	2767.214238	0.580156	0.805042	5089.68122	7554.823028	5089.68122	2465.141809	0	A=A,B=K,C=L,D=F	90.21097	78.541121	33.333333
9DXD-assembly1.cif	M1239v2TS204_4	214	141	0.354284	0.37094	5054.332747	2790.614536	2178.742598	4514.062142	2875.590149	0.497372	0.664273	5054.332747	6692.804739	3901.650981	2791.153758	1152.681766	A=L,B=B,C=C,D=D,E=E,F=A,G=G,H=H,I=I,J=J,K=K,L=F	100	100	100
9DXF-assembly1.cif	M1239v1TS014_6	215	5	0.354099	0.375842	5089.68122	3255.604364	2338.842698	5017.36459	2750.838522	0.587963	0.813873	5089.68122	7356.207288	5064.684417	2291.522871	24.996803	A=K,B=L,C=F,D=A	90.21097	78.541121	33.333333
9DXD-assembly1.cif	M1239v2TS204_3	214	140	0.354071	0.389472	5054.332747	2875.803418	2213.858985	4100.327546	2840.473762	0.523205	0.695245	5054.332747	6314.186532	3951.953944	2362.232587	1102.378803	A=F,B=B,C=C,D=D,E=E,F=K,G=G,H=H,I=I,J=J,K=A,L=L	100	100	100
9DXF-assembly1.cif	M1239v1TS091_5	215	20	0.353666	0.364826	5089.68122	2739.598903	2150.542017	4549.190486	2939.139202	0.562841	0.704513	5089.68122	6699.732503	4152.89965	2546.832853	936.78157	A=L,B=B,C=C,D=D,E=E,F=F,G=G,H=H,I=I,J=J,K=A,L=K	100	100	100
9DXF-assembly1.cif	M1239v2TS091_5	215	125	0.353666	0.364826	5089.68122	2739.598903	2150.542017	4549.190486	2939.139202	0.562841	0.704513	5089.68122	6699.732503	4152.89965	2546.832853	936.78157	A=L,B=B,C=C,D=D,E=E,F=F,G=G,H=H,I=I,J=J,K=A,L=K	100	100	100
9DXF-assembly1.cif	M1239v1TS091_4	215	19	0.353617	0.410993	5089.68122	2708.801061	2135.466221	3166.593466	2954.214999	0.582537	0.791654	5089.68122	5302.059686	4113.331481	1188.728206	976.349739	A=K,B=B,C=C,D=D,E=E,F=A,G=G,H=H,I=I,J=J,K=L,L=F	100	100	100
9DXF-assembly1.cif	M1239v2TS091_4	215	124	0.353617	0.410993	5089.68122	2708.801061	2135.466221	3166.593466	2954.214999	0.582537	0.791654	5089.68122	5302.059686	4113.331481	1188.728206	976.349739	A=K,B=B,C=C,D=D,E=E,F=A,G=G,H=H,I=I,J=J,K=L,L=F	100	100	100
9DXF-assembly1.cif	M1239v1TS208_1	215	38	0.35356	0.422482	5089.68122	2798.769792	2185.273258	3069.970352	2904.407962	0.581894	0.79001	5089.68122	5255.24361	4086.299426	1168.944184	1003.381794	A=K,B=B,C=C,D=D,E=E,F=A,G=G,H=H,I=I,J=J,K=F,L=L	100	100	100
9DXF-assembly1.cif	M1239v1TS369_2	215	81	0.353257	0.367352	5089.68122	2690.281237	2149.451673	4463.276726	2940.229546	0.569715	0.707005	5089.68122	6612.728399	4136.828276	2475.900123	952.852944	A=L,B=B,C=C,D=D,E=E,F=F,G=G,H=H,I=I,J=J,K=A,L=K	100	100	100
9DXF-assembly1.cif	M1239v2TS369_2	215	190	0.353257	0.367352	5089.68122	2690.281237	2149.451673	4463.276726	2940.229546	0.569715	0.707005	5089.68122	6612.728399	4136.828276	2475.900123	952.852944	A=L,B=B,C=C,D=D,E=E,F=F,G=G,H=H,I=I,J=J,K=A,L=K	100	100	100
9DXF-assembly1.cif	M1239v2TS033_4	215	119	0.353228	0.361641	5089.68122	2783.874589	2163.549451	4711.950406	2926.131769	0.661997	0.773492	5089.68122	6875.499856	4627.483285	2248.016571	462.197935	A=L,B=B,C=C,D=D,E=E,F=F,G=G,H=H,I=I,J=J,K=A,L=K	100	100	100
9DXF-assembly1.cif	M1239v1TS489_2	215	101	0.353186	0.416908	5089.68122	2833.350524	2189.956121	3226.078494	2899.725098	0.597183	0.804408	5089.68122	5416.034615	4225.442444	1190.592172	864.238776	A=F,B=B,C=C,D=D,E=E,F=L,G=G,H=H,I=I,J=J,K=A,L=K	100	100	100
9DXF-assembly1.cif	M1239v2TS014_4	215	108	0.352998	0.368246	5089.68122	3279.313086	2349.356662	5320.68323	2740.324557	0.564295	0.797773	5089.68122	7670.039892	5089.68122	2580.358672	0	A=A,B=K,C=L,D=F	90.21097	78.541121	33.333333
9DXF-assembly1.cif	M1239v2TS262_4	215	166	0.352888	0.373838	5089.68122	2662.489034	2102.821886	4057.419168	2986.859333	0.796197	0.904838	5089.68122	6160.241054	5089.68122	1070.559835	0	A=K,B=B,C=C,D=D,E=E,F=A,G=G,H=H,I=I,J=J,K=F,L=L	100	100	100
9DXF-assembly1.cif	M1239v2TS262_2	215	164	0.352867	0.373802	5089.68122	2661.813168	2102.456585	4056.903773	2987.224635	0.795969	0.904909	5089.68122	6159.360357	5089.68122	1069.679138	0	A=K,B=B,C=C,D=D,E=E,F=A,G=G,H=H,I=I,J=J,K=F,L=L	100	100	100
9DXF-assembly1.cif	M1239v1TS204_2	215	34	0.352833	0.4097	5089.68122	2790.34827	2179.166098	3369.010936	2910.515121	0.545983	0.770992	5089.68122	5548.177034	4100.853238	1447.323796	988.827982	A=F,B=B,C=C,D=D,E=E,F=L,G=G,H=H,I=I,J=J,K=A,L=K	100	100	100
9DXF-assembly1.cif	M1239v2TS204_1	215	138	0.352833	0.4097	5089.68122	2790.34827	2179.166098	3369.010936	2910.515121	0.545983	0.770992	5089.68122	5548.177034	4100.853238	1447.323796	988.827982	A=F,B=B,C=C,D=D,E=E,F=L,G=G,H=H,I=I,J=J,K=A,L=K	100	100	100
9DXF-assembly1.cif	M1239v1TS033_4	215	14	0.35277	0.417937	5089.68122	2721.655664	2154.490278	3065.959123	2935.190942	0.684426	0.844214	5089.68122	5220.449401	4351.979698	868.469703	737.701522	A=K,B=B,C=C,D=D,E=E,F=A,G=G,H=H,I=I,J=J,K=F,L=L	100	100	100
9DXF-assembly1.cif	M1239v1TS481_4	215	98	0.352475	0.422283	5089.68122	2677.956342	2137.76382	2897.349464	2951.917399	0.600075	0.79896	5089.68122	5035.113284	4044.650956	990.462328	1045.030264	A=A,B=B,C=C,D=D,E=E,F=K,G=G,H=H,I=I,J=J,K=L,L=F	100	100	100
9DXF-assembly1.cif	M1239v2TS110_3	215	128	0.352018	0.400609	5089.68122	2870.66255	2193.090994	3666.002654	2896.590226	0.649594	0.785068	5089.68122	5859.093648	4297.767761	1561.325886	791.913459	A=L,B=B,C=C,D=D,E=E,F=F,G=G,H=H,I=I,J=J,K=K,L=A	100	100	100
9DXF-assembly1.cif	M1239v1TS167_2	215	29	0.351952	0.367841	5089.68122	2768.865872	2157.821024	4484.854214	2931.860195	0.721296	0.867632	5089.68122	6642.675238	5089.68122	1552.994019	0	A=L,B=B,C=C,D=D,E=E,F=F,G=G,H=H,I=I,J=J,K=A,L=K	100	100	100
9DXF-assembly1.cif	M1239v1TS450_2	215	86	0.351952	0.367841	5089.68122	2768.865872	2157.821024	4484.854214	2931.860195	0.721296	0.867632	5089.68122	6642.675238	5089.68122	1552.994019	0	A=L,B=B,C=C,D=D,E=E,F=F,G=G,H=H,I=I,J=J,K=A,L=K	100	100	100
9DXF-assembly1.cif	M1239v1TS481_1	215	95	0.351591	0.421326	5089.68122	2747.274271	2146.889242	2954.537565	2942.791978	0.619653	0.810045	5089.68122	5101.426807	4127.630342	973.796465	962.050878	A=L,B=B,C=C,D=D,E=E,F=F,G=G,H=H,I=I,J=J,K=A,L=K	100	100	100
9DXF-assembly1.cif	M1239v2TS481_5	215	208	0.351136	0.376832	5089.68122	2512.070456	2055.391362	3763.724202	3034.289858	0.815392	0.913868	5089.68122	5819.115564	4984.601039	834.514525	105.080181	A=A,B=B,C=C,D=D,E=E,F=K,G=G,H=H,I=I,J=J,K=F,L=L	100	100	100
9DXF-assembly1.cif	M1239v1TS262_4	215	56	0.351086	0.371073	5089.68122	2715.867265	2120.002106	4216.645823	2969.679114	0.755526	0.888804	5089.68122	6336.647929	5077.880726	1258.767203	11.800494	A=F,B=B,C=C,D=D,E=E,F=L,G=G,H=H,I=I,J=J,K=K,L=A	100	100	100
9DXF-assembly1.cif	M1239v1TS028_3	215	8	0.350897	0.451257	5089.68122	2772.427163	2156.204544	2310.560207	2933.476676	0.771293	0.878192	5089.68122	4466.764751	4196.199373	270.565377	893.481846	A=L,B=B,C=C,D=D,E=E,F=F,G=G,H=H,I=I,J=J,K=K,L=A	100	100	100
9DXF-assembly1.cif	M1239v1TS286_4	215	66	0.35063	0.409996	5089.68122	2782.421592	2169.75011	3324.82074	2919.93111	0.554083	0.770894	5089.68122	5494.57085	4079.670243	1414.900607	1010.010977	A=F,B=B,C=C,D=D,E=E,F=L,G=G,H=H,I=I,J=J,K=K,L=A	100	100	100
9DXF-assembly1.cif	M1239v2TS235_5	215	157	0.350152	0.406806	5089.68122	2608.423949	2110.752052	3176.764165	2978.929167	0.825087	0.914211	5089.68122	5287.516217	4743.473005	544.043212	346.208214	A=F,B=B,C=C,D=D,E=E,F=L,G=K,H=A	95.105485	89.270561	66.666667
9DXF-assembly1.cif	M1239v1TS208_4	215	40	0.349953	0.419482	5089.68122	2673.604846	2127.052308	2924.595243	2962.628912	0.59245	0.795461	5089.68122	5051.647551	4033.514062	1018.133489	1056.167157	A=A,B=B,C=C,D=D,E=E,F=K,G=G,H=H,I=I,J=J,K=L,L=F	100	100	100
9DXF-assembly1.cif	M1239v2TS033_3	215	118	0.349827	0.359472	5089.68122	2584.421098	2073.846405	4374.778418	3015.834815	0.757336	0.882223	5089.68122	6448.624822	5089.68122	1358.943603	0	A=A,B=B,C=C,D=D,E=E,F=K,G=G,H=H,I=I,J=J,K=F,L=L	100	100	100
9DXF-assembly1.cif	M1239v2TS231_2	215	149	0.349163	0.383601	5089.68122	2663.884868	2115.982728	3826.541135	2973.698492	0.618128	0.740293	5089.68122	5942.523863	4083.532454	1858.991409	1006.148766	A=A,B=B,C=C,D=D,E=E,F=K,G=G,H=H,I=I,J=J,K=L,L=F	100	100	100
9DXF-assembly1.cif	M1239v2TS028_3	215	113	0.348663	0.420409	5089.68122	2738.101946	2138.848435	2946.543131	2950.832785	0.601661	0.79301	5089.68122	5085.391566	4034.465083	1050.926482	1055.216136	A=F,B=B,C=C,D=D,E=E,F=L,G=G,H=H,I=I,J=J,K=K,L=A	100	100	100
9DXF-assembly1.cif	M1239v1TS208_2	215	39	0.34775	0.414299	5089.68122	2685.359235	2132.625009	3072.793453	2957.05621	0.582554	0.79078	5089.68122	5205.418462	4070.57921	1134.839252	1019.10201	A=K,B=B,C=C,D=D,E=E,F=A,G=G,H=H,I=I,J=J,K=F,L=L	100	100	100
9DXF-assembly1.cif	M1239v2TS286_3	215	175	0.3477	0.358265	5089.68122	2776.749466	2137.097249	4703.474589	2952.58397	0.56752	0.800881	5089.68122	6840.571838	4777.355613	2063.216225	312.325606	A=F,B=B,C=C,D=D,E=E,F=L,G=G,H=H,I=I,J=J,K=A,L=K	100	100	100
9DXF-assembly1.cif	M1239v2TS204_3	215	140	0.347308	0.371393	5089.68122	2734.241329	2117.658003	4196.528528	2972.023216	0.591034	0.696309	5089.68122	6314.186532	3970.309198	2343.877334	1119.372022	A=L,B=B,C=C,D=D,E=E,F=F,G=G,H=H,I=I,J=J,K=K,L=A	100	100	100
9DXF-assembly1.cif	M1239v2TS231_5	215	152	0.346497	0.392543	5089.68122	2872.398303	2188.95529	3874.046601	2900.725929	0.614885	0.748156	5089.68122	6063.001891	4171.973055	1891.028837	917.708165	A=L,B=B,C=C,D=D,E=E,F=F,G=G,H=H,I=I,J=J,K=A,L=K	100	100	100
9DXF-assembly1.cif	M1239v1TS159_1	215	26	0.346011	0.411687	5089.68122	2856.610942	2164.293653	3260.285766	2925.387567	0.608372	0.804868	5089.68122	5424.579419	4231.293847	1193.285572	858.387373	A=A,B=B,C=C,D=D,E=E,F=K,G=G,H=H,I=I,J=J,K=F,L=L	100	100	100
9DXF-assembly1.cif	M1239v1TS325_1	215	78	0.346011	0.411687	5089.68122	2856.610942	2164.293653	3260.285766	2925.387567	0.608372	0.804868	5089.68122	5424.579419	4231.293847	1193.285572	858.387373	A=A,B=B,C=C,D=D,E=E,F=K,G=G,H=H,I=I,J=J,K=F,L=L	100	100	100
9DXF-assembly1.cif	M1239v2TS159_1	215	131	0.346011	0.411687	5089.68122	2856.610942	2164.293653	3260.285766	2925.387567	0.608372	0.804868	5089.68122	5424.579419	4231.293847	1193.285572	858.387373	A=A,B=B,C=C,D=D,E=E,F=K,G=G,H=H,I=I,J=J,K=F,L=L	100	100	100
9DXF-assembly1.cif	M1239v2TS235_2	215	154	0.345987	0.445595	5089.68122	2779.912459	2156.476471	2432.930854	2933.204749	0.733362	0.85979	5089.68122	4589.407325	4160.993129	428.414196	928.68809	A=K,B=B,C=C,D=D,E=E,F=A,G=F,H=L	95.105485	89.270561	66.666667
9DXF-assembly1.cif	M1239v1TS204_1	215	33	0.345589	0.370876	5089.68122	2810.546815	2173.485571	4457.649633	2916.195648	0.697141	0.868486	5089.68122	6631.135204	5089.68122	1541.453985	0	A=F,B=B,C=C,D=D,E=E,F=L,G=G,H=H,I=I,J=J,K=K,L=A	100	100	100
9DXF-assembly1.cif	M1239v2TS286_1	215	173	0.345526	0.443842	5089.68122	2684.584963	2112.629987	2317.425306	2977.051232	0.684904	0.831535	5089.68122	4430.055294	3957.998701	472.056593	1131.682519	A=L,B=B,C=C,D=D,E=E,F=F,G=G,H=H,I=I,J=J,K=A,L=K	100	100	100
9DXF-assembly1.cif	M1239v2TS204_2	215	139	0.345282	0.370677	5089.68122	2805.714584	2171.298149	4454.31934	2918.383071	0.698225	0.868895	5089.68122	6625.617488	5089.68122	1535.936269	0	A=F,B=B,C=C,D=D,E=E,F=L,G=G,H=H,I=I,J=J,K=K,L=A	100	100	100
9DXF-assembly1.cif	M1239v2TS286_5	215	177	0.345121	0.379827	5089.68122	2667.004129	2087.285764	3813.765065	3002.395456	0.580968	0.710063	5089.68122	5901.050829	3902.054864	1998.995965	1187.626356	A=K,B=B,C=C,D=D,E=E,F=A,G=G,H=H,I=I,J=J,K=L,L=F	100	100	100
9DXF-assembly1.cif	M1239v2TS294_1	215	178	0.344421	0.428104	5089.68122	2686.022448	2117.818739	2686.435608	2971.862481	0.675686	0.833165	5089.68122	4804.254347	4121.639567	682.61478	968.041652	A=A,B=B,C=C,D=D,E=E,F=F,G=G,H=H,I=I,J=J,K=L,L=K	100	100	100
9DXF-assembly1.cif	M1239v2TS204_5	215	142	0.344031	0.370355	5089.68122	2898.617443	2183.149054	4516.650344	2906.532165	0.658513	0.738821	5089.68122	6699.799399	4355.159494	2344.639905	734.521725	A=A,B=B,C=C,D=D,E=E,F=K,G=G,H=H,I=I,J=J,K=F,L=L	100	100	100
9DXF-assembly1.cif	M1239v1TS091_1	215	16	0.343993	0.376537	5089.68122	2735.454309	2134.410736	4112.95809	2955.270484	0.554781	0.723486	5089.68122	6247.368826	4101.096216	2146.27261	988.585004	A=L,B=B,C=C,D=D,E=E,F=F,G=G,H=H,I=I,J=J,K=A,L=K	100	100	100
9DXF-assembly1.cif	M1239v2TS091_3	215	123	0.343993	0.376537	5089.68122	2735.454309	2134.410736	4112.95809	2955.270484	0.554781	0.723486	5089.68122	6247.368826	4101.096216	2146.27261	988.585004	A=L,B=B,C=C,D=D,E=E,F=F,G=G,H=H,I=I,J=J,K=A,L=K	100	100	100
9DXF-assembly1.cif	M1239v2TS286_2	215	174	0.343967	0.369461	5089.68122	2682.838063	2109.723542	4221.155003	2979.957677	0.768589	0.891319	5089.68122	6330.878545	5089.68122	1241.197326	0	A=A,B=B,C=C,D=D,E=E,F=K,G=G,H=H,I=I,J=J,K=L,L=F	100	100	100
9DXF-assembly1.cif	M1239v2TS033_2	215	117	0.343825	0.355934	5089.68122	2742.979294	2130.80625	4752.561188	2958.87497	0.648134	0.85019	5089.68122	6883.367438	5089.68122	1793.686218	0	A=K,B=B,C=C,D=D,E=E,F=A,G=G,H=H,I=I,J=J,K=F,L=L	100	100	100
9DXF-assembly1.cif	M1239v1TS110_4	215	24	0.342455	0.395006	5089.68122	2636.314758	2087.166881	3390.934736	3002.514339	0.582304	0.789794	5089.68122	5478.101616	4173.184499	1304.917118	916.496721	A=L,B=B,C=C,D=D,E=E,F=F,G=G,H=H,I=I,J=J,K=A,L=K	100	100	100
9DXF-assembly1.cif	M1239v2TS110_1	215	126	0.342455	0.395006	5089.68122	2636.314758	2087.166881	3390.934736	3002.514339	0.582304	0.789794	5089.68122	5478.101616	4173.184499	1304.917118	916.496721	A=L,B=B,C=C,D=D,E=E,F=F,G=G,H=H,I=I,J=J,K=A,L=K	100	100	100
9DXF-assembly1.cif	M1239v2TS204_4	215	141	0.342279	0.350508	5089.68122	2647.153847	2064.929973	4627.874767	3024.751247	0.536277	0.652824	5089.68122	6692.804739	3845.942255	2846.862484	1243.738965	A=K,B=B,C=C,D=D,E=E,F=A,G=G,H=H,I=I,J=J,K=L,L=F	100	100	100
9DXD-assembly1.cif	M1239v1TS110_1	214	21	0.341934	0.432521	5054.332747	2698.123108	2097.039816	2545.458644	2957.292931	0.735303	0.86203	5054.332747	4642.498461	4179.481418	463.017043	874.851329	A=F,B=B,C=C,D=D,E=E,F=K,G=G,H=H,I=I,J=J,K=A,L=L	100	100	100
9DXF-assembly1.cif	M1239v1TS286_2	215	64	0.339379	0.39648	5089.68122	2631.728723	2084.578046	3341.173126	3005.103173	0.632695	0.821098	5089.68122	5425.751173	4317.101469	1108.649704	772.579751	A=K,B=B,C=C,D=D,E=E,F=A,G=G,H=H,I=I,J=J,K=F,L=L	100	100	100
9DXF-assembly1.cif	M1239v2TS235_3	215	155	0.339214	0.410912	5089.68122	2677.688684	2090.088986	2993.16212	2999.592234	0.651552	0.825666	5089.68122	5083.251106	4199.721882	883.529224	889.959338	A=F,B=B,C=C,D=D,E=E,F=L,G=K,H=A	95.105485	89.270561	66.666667
9DXF-assembly1.cif	M1239v1TS462_5	215	94	0.339116	0.410275	5089.68122	2656.52178	2092.136199	3016.89348	2997.545021	0.610373	0.805556	5089.68122	5109.029679	4107.815815	1001.213864	981.865405	A=A,B=B,C=C,D=D,E=E,F=F,G=G,H=H,I=I,J=J,K=L,L=K	100	100	100
9DXF-assembly1.cif	M1239v1TS235_3	215	45	0.337163	0.415223	5089.68122	2643.619837	2063.748585	2787.011167	3025.932635	0.648392	0.819971	5089.68122	4850.759752	4075.434346	775.325406	1014.246874	A=F,B=B,C=C,D=D,E=E,F=L,G=K,H=A	95.105485	89.270561	66.666667
9DXF-assembly1.cif	M1239v1TS235_4	215	46	0.335477	0.399517	5089.68122	2575.888605	2047.523711	3112.780999	3042.157508	0.61619	0.809417	5089.68122	5160.30471	4148.256841	1012.04787	941.424379	A=K,B=B,C=C,D=D,E=E,F=A,G=F,H=L	95.105485	89.270561	66.666667
9DXF-assembly1.cif	M1239v1TS286_1	215	63	0.333821	0.359225	5089.68122	2554.128806	2004.736291	4067.028436	3084.944929	0.804179	0.907274	5089.68122	6071.764727	5063.247389	1008.517338	26.433831	A=K,B=B,C=C,D=D,E=E,F=A,G=G,H=H,I=I,J=J,K=F,L=L	100	100	100
9DXF-assembly1.cif	M1239v1TS235_2	215	44	0.332813	0.430991	5089.68122	2609.798102	2034.514716	2316.89564	3055.166504	0.731485	0.855244	5089.68122	4351.410355	4037.217083	314.193272	1052.464136	A=K,B=B,C=C,D=D,E=E,F=L,G=F,H=A	95.105485	89.270561	66.666667
9DXF-assembly1.cif	M1239v2TS235_1	215	153	0.327088	0.420892	5089.68122	2594.315185	2029.819133	2525.816646	3059.862087	0.739781	0.862687	5089.68122	4555.635779	4160.443202	395.192577	929.238018	A=L,B=B,C=C,D=D,E=E,F=K,G=A,H=F	95.105485	89.270561	66.666667
9DXF-assembly1.cif	M1239v1TS110_1	215	21	0.322214	0.413187	5089.68122	2560.964089	2010.605377	2631.893084	3079.075843	0.708252	0.847423	5089.68122	4642.498461	4123.637381	518.86108	966.043839	A=K,B=B,C=C,D=D,E=E,F=A,G=G,H=H,I=I,J=J,K=L,L=F	100	100	100
9DXF-assembly1.cif	M1239v2TS304_3	215	185	0.120964	0.210868	5089.68122	845.499685	722.399697	1039.601146	4367.281523	0.253737	0.445649	5089.68122	1762.000843	1526.721238	235.279605	3562.959982	A=A,B=B,C=C,D=D,E=E,F=F,G=G,H=H,I=I,J=J	54.894515	60.729439	83.333333
9DXF-assembly1.cif	M1239v1TS241_1	215	48	0.119431	0.21332	5089.68122	858.519091	723.876036	973.191381	4365.805184	0.266495	0.449912	5089.68122	1697.067417	1526.721238	170.346179	3562.959982	A=A,B=B,C=C,D=D,E=E,F=F,G=G,H=H,I=I,J=J	54.894515	60.729439	83.333333
9DXF-assembly1.cif	M1239v2TS241_5	215	162	0.119318	0.22366	5089.68122	847.8034	711.179444	558.599119	4378.501776	0.249481	0.399335	5089.68122	1269.778563	1269.778563	0	3819.902657	A=F,B=B,C=C,D=D,E=E,F=A,G=G,H=H,I=I,J=J	54.894515	60.729439	83.333333
9DXF-assembly1.cif	M1239v1TS304_3	215	75	0.11851	0.228019	5089.68122	854.866536	708.731799	418.007668	4380.949421	0.221377	0.362504	5089.68122	1126.739466	1126.739466	0	3962.941753	A=A,B=B,C=C,D=D,E=E,F=F,G=G,H=H,I=I,J=J	54.894515	60.729439	83.333333
9DXD-assembly1.cif	M1239v1TS304_3	214	75	0.118499	0.222075	5054.332747	839.603474	686.331674	440.407793	4368.001074	0.222925	0.364577	5054.332747	1126.739466	1126.739466	0	3927.593281	A=A,B=B,C=C,D=D,E=E,F=F,G=G,H=H,I=I,J=J	54.890388	60.721696	83.333333
9DXF-assembly1.cif	M1239v1TS241_4	215	51	0.118018	0.226676	5089.68122	819.134121	696.296253	357.549367	4393.384966	0.207055	0.343075	5089.68122	1053.84562	1053.84562	0	4035.8356	A=A,B=B,C=C,D=D,E=E,F=F,G=G,H=H,I=I,J=J	54.894515	60.729439	83.333333
9DXF-assembly1.cif	M1239v2TS304_5	215	187	0.117764	0.202022	5089.68122	827.26059	701.253301	1151.402751	4388.427919	0.235926	0.439829	5089.68122	1852.656052	1526.721238	325.934814	3562.959982	A=F,B=B,C=C,D=D,E=E,F=A,G=G,H=H,I=I,J=J	54.894515	60.729439	83.333333
9DXF-assembly1.cif	M1239v1TS241_3	215	50	0.117283	0.208734	5089.68122	847.650471	712.022669	1020.590126	4377.658551	0.259511	0.447568	5089.68122	1732.612795	1526.721238	205.891557	3562.959982	A=F,B=B,C=C,D=D,E=E,F=A,G=G,H=H,I=I,J=J	54.894515	60.729439	83.333333
9DXF-assembly1.cif	M1239v1TS304_2	215	74	0.116563	0.210681	5089.68122	829.005599	695.88882	820.523204	4393.792399	0.297939	0.459095	5089.68122	1516.412024	1516.412024	0	3573.269195	A=A,B=B,C=C,D=D,E=E,F=F,G=G,H=H,I=I,J=J	54.894515	60.729439	83.333333
9DXF-assembly1.cif	M1239v2TS241_2	215	159	0.116385	0.2035	5089.68122	836.341414	699.710601	1087.368446	4389.970618	0.24881	0.444023	5089.68122	1787.079047	1526.721238	260.357809	3562.959982	A=F,B=B,C=C,D=D,E=E,F=A,G=G,H=H,I=I,J=J	54.894515	60.729439	83.333333
9DXD-assembly1.cif	M1239v1TS241_1	214	48	0.116312	0.205909	5054.332747	853.233094	695.085685	1001.981732	4359.247062	0.252226	0.440191	5054.332747	1697.067417	1485.951226	211.116191	3568.381521	A=A,B=B,C=C,D=D,E=E,F=F,G=G,H=H,I=I,J=J	54.890388	60.721696	83.333333
9DXD-assembly1.cif	M1239v2TS241_5	214	162	0.116308	0.216653	5054.332747	833.545832	685.068075	584.710488	4369.264673	0.251226	0.401567	5054.332747	1269.778563	1269.778563	0	3784.554184	A=A,B=B,C=C,D=D,E=E,F=F,G=G,H=H,I=I,J=J	54.890388	60.721696	83.333333
9DXF-assembly1.cif	M1239v2TS304_2	215	184	0.116057	0.204006	5089.68122	835.029036	697.00438	1046.505896	4392.67684	0.25737	0.446855	5089.68122	1743.510276	1526.721238	216.789038	3562.959982	A=A,B=B,C=C,D=D,E=E,F=F,G=G,H=H,I=I,J=J	54.894515	60.729439	83.333333
9DXF-assembly1.cif	M1239v1TS304_4	215	76	0.115762	0.199383	5089.68122	774.696783	673.960456	996.820995	4415.720763	0.264779	0.446482	5089.68122	1670.781451	1509.210985	161.570466	3580.470234	A=L,B=B,C=C,D=D,E=E,F=K,G=G,H=H,I=I,J=J	54.894515	60.729439	83.333333
9DXD-assembly1.cif	M1239v2TS304_5	214	187	0.1157	0.195833	5054.332747	814.016562	676.30897	1176.347083	4378.023778	0.221443	0.430275	5054.332747	1852.656052	1485.951226	366.704826	3568.381521	A=F,B=B,C=C,D=D,E=E,F=A,G=G,H=H,I=I,J=J	54.890388	60.721696	83.333333
9DXF-assembly1.cif	M1239v2TS304_1	215	183	0.115586	0.204404	5089.68122	857.840238	710.656612	1153.127777	4379.024608	0.233739	0.439125	5089.68122	1863.784388	1526.721238	337.06315	3562.959982	A=A,B=B,C=C,D=D,E=E,F=F,G=G,H=H,I=I,J=J	54.894515	60.729439	83.333333
9DXD-assembly1.cif	M1239v1TS241_4	214	51	0.115511	0.220296	5054.332747	816.984941	672.802353	381.043267	4381.530395	0.208503	0.345061	5054.332747	1053.84562	1053.84562	0	4000.487127	A=F,B=B,C=C,D=D,E=E,F=A,G=G,H=H,I=I,J=J	54.890388	60.721696	83.333333
9DXD-assembly1.cif	M1239v2TS241_2	214	159	0.115363	0.195973	5054.332747	808.243922	670.36671	1116.712336	4383.966037	0.234417	0.434399	5054.332747	1787.079047	1485.951226	301.127821	3568.381521	A=A,B=B,C=C,D=D,E=E,F=F,G=G,H=H,I=I,J=J	54.890388	60.721696	83.333333
9DXD-assembly1.cif	M1239v1TS241_3	214	50	0.115082	0.204254	5054.332747	852.674679	693.130546	1039.482249	4361.202201	0.245194	0.437885	5054.332747	1732.612795	1485.951226	246.661569	3568.381521	A=F,B=B,C=C,D=D,E=E,F=A,G=G,H=H,I=I,J=J	54.890388	60.721696	83.333333
9DXF-assembly1.cif	M1239v2TS241_4	215	161	0.115006	0.201085	5089.68122	806.940534	686.371412	1050.620272	4403.309808	0.258651	0.447281	5089.68122	1736.991684	1526.721238	210.270446	3562.959982	A=A,B=B,C=C,D=D,E=E,F=F,G=G,H=H,I=I,J=J	54.894515	60.729439	83.333333
9DXF-assembly1.cif	M1239v2TS241_1	215	158	0.11483	0.200383	5089.68122	821.760292	689.253396	1100.438886	4400.427824	0.248297	0.443855	5089.68122	1789.692282	1526.721238	262.971044	3562.959982	A=A,B=B,C=C,D=D,E=E,F=F,G=G,H=H,I=I,J=J	54.894515	60.729439	83.333333
9DXF-assembly1.cif	M1239v1TS241_5	215	52	0.114528	0.227523	5089.68122	835.095751	695.813153	330.930578	4393.868067	0.20173	0.335733	5089.68122	1026.743731	1026.743731	0	4062.937488	A=F,B=B,C=C,D=D,E=E,F=A,G=G,H=H,I=I,J=J	54.894515	60.729439	83.333333
9DXF-assembly1.cif	M1239v1TS304_1	215	73	0.114528	0.227523	5089.68122	835.095751	695.813153	330.930578	4393.868067	0.20173	0.335733	5089.68122	1026.743731	1026.743731	0	4062.937488	A=F,B=B,C=C,D=D,E=E,F=A,G=G,H=H,I=I,J=J	54.894515	60.729439	83.333333
9DXD-assembly1.cif	M1239v2TS304_1	214	183	0.114293	0.200064	5054.332747	855.614807	692.032716	1171.751672	4362.300031	0.219241	0.429583	5054.332747	1863.784388	1485.951226	377.833162	3568.381521	A=A,B=B,C=C,D=D,E=E,F=F,G=G,H=H,I=I,J=J	54.890388	60.721696	83.333333
9DXD-assembly1.cif	M1239v2TS304_2	214	184	0.11395	0.199217	5054.332747	835.6317	677.124638	1066.385638	4377.20811	0.243037	0.437183	5054.332747	1743.510276	1485.951226	257.559049	3568.381521	A=F,B=B,C=C,D=D,E=E,F=A,G=G,H=H,I=I,J=J	54.890388	60.721696	83.333333
9DXD-assembly1.cif	M1239v1TS241_2	214	49	0.113649	0.218948	5054.332747	825.610771	675.069067	437.066509	4379.26368	0.220036	0.360704	5054.332747	1112.135577	1112.135577	0	3942.197171	A=A,B=B,C=C,D=D,E=E,F=F,G=G,H=H,I=I,J=J	54.890388	60.721696	83.333333
9DXD-assembly1.cif	M1239v1TS304_2	214	74	0.113579	0.204366	5054.332747	816.371897	671.418635	844.993389	4382.914112	0.287969	0.452293	5054.332747	1516.412024	1485.951226	30.460798	3568.381521	A=A,B=B,C=C,D=D,E=E,F=F,G=G,H=H,I=I,J=J	54.890388	60.721696	83.333333
9DXD-assembly1.cif	M1239v1TS241_5	214	52	0.113552	0.221927	5054.332747	821.161679	674.778797	351.964934	4379.55395	0.203141	0.337685	5054.332747	1026.743731	1026.743731	0	4027.589016	A=A,B=B,C=C,D=D,E=E,F=F,G=G,H=H,I=I,J=J	54.890388	60.721696	83.333333
9DXD-assembly1.cif	M1239v1TS304_1	214	73	0.113552	0.221927	5054.332747	821.161679	674.778797	351.964934	4379.55395	0.203141	0.337685	5054.332747	1026.743731	1026.743731	0	4027.589016	A=A,B=B,C=C,D=D,E=E,F=F,G=G,H=H,I=I,J=J	54.890388	60.721696	83.333333
9DXD-assembly1.cif	M1239v2TS241_1	214	158	0.113536	0.194735	5054.332747	817.150582	666.38451	1123.307772	4387.948237	0.2339	0.434233	5054.332747	1789.692282	1485.951226	303.741056	3568.381521	A=A,B=B,C=C,D=D,E=E,F=F,G=G,H=H,I=I,J=J	54.890388	60.721696	83.333333
9DXD-assembly1.cif	M1239v2TS241_4	214	161	0.113478	0.196065	5054.332747	804.600532	665.769074	1071.222611	4388.563673	0.244327	0.437603	5054.332747	1736.991684	1485.951226	251.040458	3568.381521	A=F,B=B,C=C,D=D,E=E,F=A,G=G,H=H,I=I,J=J	54.890388	60.721696	83.333333
9DXD-assembly1.cif	M1239v2TS304_3	214	185	0.113429	0.202125	5054.332747	853.377515	688.875815	1073.125027	4365.456932	0.239379	0.435997	5054.332747	1762.000843	1485.951226	276.049616	3568.381521	A=F,B=B,C=C,D=D,E=E,F=A,G=G,H=H,I=I,J=J	54.890388	60.721696	83.333333
9DXF-assembly1.cif	M1239v1TS241_2	215	49	0.1131	0.219691	5089.68122	807.819929	681.241889	430.893688	4408.439331	0.218508	0.358648	5089.68122	1112.135577	1112.135577	0	3977.545643	A=K,B=B,C=C,D=D,E=E,F=L,G=G,H=H,I=I,J=J	54.894515	60.729439	83.333333
9DXF-assembly1.cif	M1239v2TS304_4	215	186	0.112411	0.220929	5089.68122	800.786407	676.728284	359.802801	4412.952936	0.203653	0.338392	5089.68122	1036.531085	1036.531085	0	4053.150134	A=F,B=B,C=C,D=D,E=E,F=A,G=G,H=H,I=I,J=J	54.894515	60.729439	83.333333
9DXD-assembly1.cif	M1239v1TS304_4	214	76	0.111876	0.194618	5054.332747	789.126896	654.414313	1016.367138	4399.918434	0.257427	0.441911	5054.332747	1670.781451	1485.951226	184.830225	3568.381521	A=F,B=B,C=C,D=D,E=E,F=A,G=G,H=H,I=I,J=J	54.890388	60.721696	83.333333
9DXD-assembly1.cif	M1239v2TS304_4	214	186	0.110587	0.214796	5054.332747	795.273148	654.14514	382.385945	4400.187607	0.205078	0.340356	5054.332747	1036.531085	1036.531085	0	4017.801662	A=F,B=B,C=C,D=D,E=E,F=A,G=G,H=H,I=I,J=J	54.890388	60.721696	83.333333
9DXF-assembly1.cif	M1239v2TS241_3	215	160	0.110427	0.1957	5089.68122	802.205464	673.238913	1117.407942	4416.442307	0.241228	0.438703	5089.68122	1790.646854	1509.210985	281.435869	3580.470234	A=K,B=B,C=C,D=D,E=E,F=L,G=G,H=H,I=I,J=J	54.894515	60.729439	83.333333
9DXD-assembly1.cif	M1239v2TS241_3	214	160	0.109396	0.19502	5054.332747	838.82237	667.452709	1123.194145	4386.880038	0.233711	0.434173	5054.332747	1790.646854	1485.951226	304.695628	3568.381521	A=A,B=B,C=C,D=D,E=E,F=F,G=G,H=H,I=I,J=J	54.890388	60.721696	83.333333
9DXF-assembly1.cif	M1239v1TS304_5	215	77	0.104195	0.18273	5089.68122	662.370748	588.437643	762.391672	4501.243577	0.265405	0.419479	5089.68122	1350.829316	1350.829316	0	3738.851904	A=K,B=B,C=C,D=D,E=E,F=L,G=G,H=H,I=I,J=J	54.894515	60.729439	83.333333
9DXD-assembly1.cif	M1239v1TS304_5	214	77	0.100123	0.175589	5054.332747	644.16603	562.338706	788.490609	4491.994041	0.267262	0.421794	5054.332747	1350.829316	1350.829316	0	3703.503432	A=A,B=B,C=C,D=D,E=E,F=F,G=G,H=H,I=I,J=J	54.890388	60.721696	83.333333
9DXD-assembly1.cif	M1239v1TS272_5	214	62	0.061505	0.07647	5054.332747	574.763122	416.252639	5416.057592	4638.080108	0.379054	0.667828	5054.332747	5832.310231	3635.204806	2197.105426	1419.127941	A=L,B=B,C=C,D=D,E=E,F=K,G=G,H=H,I=I,J=J,K=A,L=F	100	100	100
9DXD-assembly1.cif	M1239v2TS272_5	214	172	0.061505	0.07647	5054.332747	574.763122	416.252639	5416.057592	4638.080108	0.379054	0.667828	5054.332747	5832.310231	3635.204806	2197.105426	1419.127941	A=L,B=B,C=C,D=D,E=E,F=K,G=G,H=H,I=I,J=J,K=A,L=F	100	100	100
9DXD-assembly1.cif	M1239v1TS272_4	214	61	0.061411	0.097678	5054.332747	567.837089	412.758793	2984.341283	4641.573954	0.104565	0.423724	5054.332747	3397.100075	1790.536592	1606.563483	3263.796155	A=L,B=B,C=C,D=D,E=E,F=F,G=G,H=H,I=I,J=J,K=A,L=K	100	100	100
9DXD-assembly1.cif	M1239v2TS272_4	214	171	0.061411	0.097678	5054.332747	567.837089	412.758793	2984.341283	4641.573954	0.104565	0.423724	5054.332747	3397.100075	1790.536592	1606.563483	3263.796155	A=L,B=B,C=C,D=D,E=E,F=F,G=G,H=H,I=I,J=J,K=A,L=K	100	100	100
9DXD-assembly1.cif	M1239v1TS272_2	214	59	0.06141	0.094873	5054.332747	567.823258	412.747849	3233.9549	4641.584898	0.104561	0.335519	5054.332747	3646.702749	1459.680727	2187.022021	3594.65202	A=L,B=B,C=C,D=D,E=E,F=F,G=G,H=H,I=I,J=J,K=A,L=K	100	100	100
9DXD-assembly1.cif	M1239v2TS272_2	214	169	0.06141	0.094873	5054.332747	567.823258	412.747849	3233.9549	4641.584898	0.104561	0.335519	5054.332747	3646.702749	1459.680727	2187.022021	3594.65202	A=L,B=B,C=C,D=D,E=E,F=F,G=G,H=H,I=I,J=J,K=A,L=K	100	100	100
9DXD-assembly1.cif	M1239v1TS272_3	214	60	0.061409	0.094644	5054.332747	567.82742	412.754613	3255.199019	4641.578134	0.104565	0.410566	5054.332747	3667.953631	1790.536592	1877.417039	3263.796155	A=L,B=B,C=C,D=D,E=E,F=F,G=G,H=H,I=I,J=J,K=A,L=K	100	100	100
9DXD-assembly1.cif	M1239v2TS272_3	214	170	0.061409	0.094644	5054.332747	567.82742	412.754613	3255.199019	4641.578134	0.104565	0.410566	5054.332747	3667.953631	1790.536592	1877.417039	3263.796155	A=L,B=B,C=C,D=D,E=E,F=F,G=G,H=H,I=I,J=J,K=A,L=K	100	100	100
9DXD-assembly1.cif	M1239v1TS272_1	214	58	0.061407	0.078242	5054.332747	567.795947	412.731765	5083.043555	4641.600982	0.582533	0.800001	5054.332747	5495.77532	4220.046154	1275.729167	834.286593	A=F,B=B,C=C,D=D,E=E,F=L,G=G,H=H,I=I,J=J,K=K,L=A	100	100	100
9DXD-assembly1.cif	M1239v2TS272_1	214	168	0.061407	0.078242	5054.332747	567.795947	412.731765	5083.043555	4641.600982	0.582533	0.800001	5054.332747	5495.77532	4220.046154	1275.729167	834.286593	A=F,B=B,C=C,D=D,E=E,F=L,G=G,H=H,I=I,J=J,K=K,L=A	100	100	100
9DXF-assembly1.cif	M1239v1TS272_4	215	61	0.054685	0.079466	5089.68122	495.172384	337.205797	3059.894279	4752.475423	0.039588	0.347332	5089.68122	3397.100075	1473.865999	1923.234076	3615.815221	A=A,B=B,C=C,D=D,E=E,F=L,G=G,H=H,I=I,J=J,K=K,L=F	100	100	100
9DXF-assembly1.cif	M1239v2TS272_4	215	171	0.054685	0.079466	5089.68122	495.172384	337.205797	3059.894279	4752.475423	0.039588	0.347332	5089.68122	3397.100075	1473.865999	1923.234076	3615.815221	A=A,B=B,C=C,D=D,E=E,F=L,G=G,H=H,I=I,J=J,K=K,L=F	100	100	100
9DXF-assembly1.cif	M1239v1TS272_2	215	59	0.054683	0.077193	5089.68122	495.156217	337.192581	3309.510168	4752.488639	0.039584	0.347361	5089.68122	3646.702749	1517.340555	2129.362194	3572.340665	A=L,B=B,C=C,D=D,E=E,F=A,G=G,H=H,I=I,J=J,K=F,L=K	100	100	100
9DXF-assembly1.cif	M1239v2TS272_2	215	169	0.054683	0.077193	5089.68122	495.156217	337.192581	3309.510168	4752.488639	0.039584	0.347361	5089.68122	3646.702749	1517.340555	2129.362194	3572.340665	A=L,B=B,C=C,D=D,E=E,F=A,G=G,H=H,I=I,J=J,K=F,L=K	100	100	100
9DXF-assembly1.cif	M1239v1TS272_5	215	62	0.054682	0.061746	5089.68122	495.176533	337.196014	5495.114218	4752.485206	0.522479	0.715571	5089.68122	5832.310231	3907.732717	1924.577514	1181.948503	A=A,B=B,C=C,D=D,E=E,F=L,G=G,H=H,I=I,J=J,K=K,L=F	100	100	100
9DXF-assembly1.cif	M1239v2TS272_5	215	172	0.054682	0.061746	5089.68122	495.176533	337.196014	5495.114218	4752.485206	0.522479	0.715571	5089.68122	5832.310231	3907.732717	1924.577514	1181.948503	A=A,B=B,C=C,D=D,E=E,F=L,G=G,H=H,I=I,J=J,K=K,L=F	100	100	100
9DXF-assembly1.cif	M1239v1TS272_3	215	60	0.054682	0.077006	5089.68122	495.166681	337.194533	3330.759099	4752.486687	0.039589	0.33659	5089.68122	3667.953631	1473.865999	2194.087633	3615.815221	A=A,B=B,C=C,D=D,E=E,F=L,G=G,H=H,I=I,J=J,K=K,L=F	100	100	100
9DXF-assembly1.cif	M1239v2TS272_3	215	170	0.054682	0.077006	5089.68122	495.166681	337.194533	3330.759099	4752.486687	0.039589	0.33659	5089.68122	3667.953631	1473.865999	2194.087633	3615.815221	A=A,B=B,C=C,D=D,E=E,F=L,G=G,H=H,I=I,J=J,K=K,L=F	100	100	100
9DXF-assembly1.cif	M1239v1TS272_1	215	58	0.054677	0.063704	5089.68122	495.13052	337.168928	5158.606393	4752.512292	0.565656	0.79116	5089.68122	5495.77532	4187.393027	1308.382294	902.288193	A=L,B=B,C=C,D=D,E=E,F=A,G=G,H=H,I=I,J=J,K=F,L=K	100	100	100
9DXF-assembly1.cif	M1239v2TS272_1	215	168	0.054677	0.063704	5089.68122	495.13052	337.168928	5158.606393	4752.512292	0.565656	0.79116	5089.68122	5495.77532	4187.393027	1308.382294	902.288193	A=L,B=B,C=C,D=D,E=E,F=A,G=G,H=H,I=I,J=J,K=F,L=K	100	100	100
