100	78	59	63	50	12	14	21	10	14	14	12	10	10	21	20	80	16	57	60	19	18	20	21	20	20	20	60	11	18	74	19	15	17	18	13	12	14	19	15	12	14	61	68	62	34	69	13	13	13	15	14	8	9	8	8	9	19	52	20	19	55	11	20	21	19	19	69	55	43	54	63	19	18	19	19	19	16	18	20	21	20	20	20	7	10	9	9	5	17	10	12	16	10	18	19	17	17	16	60	62	17	61	19	22	16	19	13	53	10	12	14	10	21	57	60	19	20	50	19	18	12	13	12	15	13	11	60	16	20	14	20	19	20	20	21	68	72	72	75	73	15	16	17	14	15	9	29	68	69	31	15	20	15	20	15	8	9	8	8	9	24	20	12	18	16	8	7	8	8	8	71	68	73	69	72	18	19	19	19	16	18	12	13	12	15	13	53	60	59	53	18	16	15	70	9	5	50	46	53	19	72
79	100	62	64	50	13	16	23	12	15	15	13	11	11	23	22	81	18	56	63	22	21	23	24	24	23	23	61	12	20	75	22	18	19	21	14	13	16	21	17	13	17	58	69	55	32	65	14	15	14	17	15	9	9	9	9	10	21	51	21	22	55	13	23	24	21	23	65	50	44	56	61	22	21	22	22	22	19	21	23	24	24	23	23	7	12	10	10	5	20	12	14	20	9	21	21	20	20	19	63	64	21	62	21	25	17	22	14	55	11	13	15	11	23	56	63	21	23	50	22	21	13	14	13	17	14	12	61	17	22	17	22	22	23	23	24	68	72	69	73	76	16	18	19	16	17	9	28	66	70	30	17	22	16	22	16	9	9	9	9	10	25	22	13	21	18	10	9	10	9	9	69	67	74	65	71	21	22	22	22	19	21	13	14	13	17	14	51	62	59	53	21	19	18	71	10	5	48	46	53	22	77
58	62	100	81	54	14	18	28	12	15	15	14	14	11	28	28	63	11	49	74	25	24	28	29	30	29	28	71	12	26	58	28	22	25	26	14	15	18	26	20	16	19	49	57	45	29	59	16	18	16	19	18	9	9	9	9	9	25	45	26	24	62	13	29	29	25	25	59	38	37	54	57	25	24	28	28	28	23	26	28	29	30	29	28	7	15	13	13	5	23	13	15	23	8	23	24	22	22	22	77	75	22	74	27	27	18	25	15	67	14	14	15	11	28	49	74	27	13	54	25	24	14	14	12	17	13	12	71	21	28	19	26	26	26	26	28	62	64	55	56	59	20	22	20	20	20	10	25	58	65	28	18	28	18	27	17	9	9	9	9	9	28	26	13	23	21	12	9	10	10	10	58	59	60	57	63	24	28	28	28	23	26	14	14	12	17	13	46	79	51	50	26	22	22	66	11	4	47	47	52	26	66
61	64	81	100	53	13	17	27	12	15	15	13	13	10	28	27	65	10	51	72	23	22	27	28	28	28	26	72	11	25	60	26	21	24	24	14	14	18	25	19	15	19	51	56	49	32	62	16	18	16	19	18	9	9	9	9	9	23	46	25	22	62	12	27	28	23	24	62	42	40	54	59	23	22	26	26	26	23	25	27	28	28	28	26	7	15	12	12	5	21	12	14	21	9	21	23	21	20	21	80	76	21	75	26	25	18	23	14	65	13	13	15	10	28	51	72	26	13	53	23	22	13	14	12	17	12	11	72	20	26	18	25	24	25	25	26	65	67	59	57	60	19	21	19	20	20	10	27	60	65	30	17	26	16	26	16	9	9	9	9	9	28	25	13	22	21	11	9	10	10	10	59	61	61	58	64	22	26	26	26	23	25	13	14	12	17	12	48	78	52	50	25	20	21	68	10	4	49	47	54	24	68
53	53	58	56	100	20	12	17	10	23	21	19	9	10	17	15	54	7	73	56	15	13	15	15	15	15	15	51	10	15	50	13	13	14	14	18	18	13	17	13	12	11	34	57	37	30	56	10	12	10	12	13	9	5	9	9	5	16	66	15	16	48	13	15	15	16	16	56	37	36	53	55	15	13	14	16	16	14	15	15	15	15	15	15	10	7	7	7	8	15	11	12	14	8	15	16	15	15	13	55	54	15	54	16	17	19	16	19	56	9	19	21	10	17	73	56	14	9	100	15	13	20	20	17	23	17	10	51	14	15	13	16	16	18	17	18	53	55	50	52	54	14	16	16	13	14	9	24	56	67	28	22	15	22	15	22	9	5	9	9	5	22	16	17	16	15	7	6	7	7	7	58	58	60	59	62	13	14	16	16	14	15	20	20	17	23	17	71	54	70	75	15	14	13	55	17	4	73	75	75	16	57
14	15	16	15	22	100	57	51	46	71	70	70	26	45	50	57	16	28	22	14	57	58	57	57	56	57	57	14	50	53	15	54	56	57	59	69	73	55	54	50	53	55	18	17	12	5	13	47	54	47	44	54	29	30	29	30	30	51	23	46	51	15	62	59	58	56	54	13	16	15	16	15	57	58	55	55	57	55	58	57	57	56	57	57	70	52	54	55	56	57	56	54	60	1	55	54	58	58	58	14	14	59	14	53	54	63	56	72	16	26	70	70	45	50	22	14	57	28	22	57	58	100	79	77	69	66	50	14	53	55	55	51	48	47	50	50	13	12	13	14	13	58	50	62	52	45	1	4	13	15	5	55	49	54	49	54	29	30	29	30	30	13	52	55	52	50	53	54	51	51	53	13	12	15	12	15	58	55	55	57	55	58	100	79	77	69	66	19	14	24	23	58	57	55	15	57	1	22	24	22	57	16
15	18	20	19	12	54	100	59	48	46	47	51	29	44	56	65	17	57	14	17	61	63	67	65	63	63	63	18	55	62	17	64	70	68	67	50	49	69	61	63	66	65	19	18	12	5	14	41	62	41	56	62	28	29	28	29	29	61	15	57	55	19	57	65	63	60	58	14	17	17	19	16	61	63	65	62	66	67	66	67	65	63	63	63	26	33	34	36	19	62	56	59	62	1	60	59	62	62	59	17	17	66	17	63	56	49	59	49	21	29	51	47	44	56	14	17	66	54	12	61	63	54	56	51	46	44	55	18	70	62	62	53	50	52	53	52	16	15	15	16	16	65	60	65	67	60	2	4	14	16	5	38	56	36	56	36	28	29	28	29	29	15	60	36	59	64	29	31	30	30	30	15	13	17	13	18	63	65	62	66	67	66	54	56	51	46	44	12	19	13	14	67	62	69	18	38	0	13	15	14	59	19
23	25	30	29	16	50	59	100	44	48	47	49	29	37	72	76	26	29	18	28	63	64	72	72	72	74	75	29	44	69	24	67	68	71	74	52	53	63	67	61	56	60	32	21	21	6	15	41	55	40	51	54	29	30	29	29	30	61	19	59	55	30	50	71	72	59	60	15	24	21	21	19	63	64	74	74	74	72	75	72	72	72	74	75	25	36	36	36	18	60	49	52	65	1	59	58	60	62	60	29	27	67	27	70	58	52	62	49	32	29	49	47	37	72	18	28	74	31	16	63	64	50	52	49	47	40	44	29	65	70	57	62	59	57	59	61	24	26	22	22	23	61	58	66	62	53	1	5	16	20	5	41	66	39	65	39	29	30	29	29	30	18	64	36	57	57	30	29	28	28	30	16	15	20	15	21	64	74	74	74	72	75	50	52	49	47	40	16	28	16	17	74	61	67	27	37	1	17	19	18	63	27
11	12	13	13	10	46	50	45	100	46	44	43	19	55	44	48	12	24	13	10	50	49	47	48	47	47	47	11	65	44	12	47	46	46	49	47	46	47	50	47	48	47	15	16	11	3	12	34	43	34	40	43	28	28	28	28	28	46	12	41	46	11	50	47	46	50	51	12	14	13	15	15	50	49	50	49	47	50	48	47	48	47	47	47	23	23	24	24	20	53	66	53	50	10	52	49	52	51	50	12	12	52	11	44	47	45	50	47	11	19	43	44	55	44	13	10	46	25	10	50	49	46	46	47	46	44	65	11	44	45	50	46	43	46	45	44	11	11	12	12	11	50	51	52	49	44	1	4	12	13	4	37	40	36	40	35	28	28	28	28	28	11	45	40	45	46	24	25	24	24	25	12	11	13	11	15	49	50	49	47	50	48	46	46	47	46	44	10	12	11	11	47	50	46	12	41	9	10	11	11	51	13
17	17	18	18	26	74	49	50	47	100	69	67	25	42	51	51	18	29	27	16	61	60	50	51	50	52	52	17	45	47	17	48	48	49	52	72	70	48	53	48	46	53	18	21	12	7	16	44	48	44	43	47	35	35	35	35	36	47	27	41	52	17	58	52	53	58	56	16	17	16	23	20	61	60	52	52	51	51	53	50	51	50	52	52	37	25	26	25	29	61	50	55	59	2	59	57	61	61	59	17	16	60	15	49	59	66	59	77	18	25	67	69	42	51	27	16	49	29	26	61	60	74	72	73	74	63	45	17	46	51	57	55	54	54	57	54	16	16	16	16	16	55	49	59	47	44	1	6	18	20	6	59	46	59	46	58	35	35	35	35	36	13	48	55	52	45	29	29	28	28	30	16	17	19	16	21	60	52	52	51	51	53	74	72	73	74	63	23	16	28	27	52	62	48	17	60	1	26	29	27	63	19
18	19	20	20	25	74	51	52	45	70	100	76	28	45	56	54	19	28	26	18	58	57	53	52	53	53	53	18	49	52	18	52	52	52	56	68	71	51	55	50	50	54	19	22	13	8	18	48	53	48	44	52	32	33	32	33	33	52	26	46	55	18	60	54	55	56	56	18	17	16	24	23	58	57	54	54	53	52	55	53	52	53	53	53	36	26	26	26	28	57	52	54	60	1	56	54	58	58	56	18	17	58	17	51	54	68	55	72	20	28	76	100	45	56	26	18	52	28	25	58	57	74	71	71	71	61	49	18	50	54	57	53	49	51	52	51	17	16	16	17	16	58	51	63	51	47	1	5	19	22	6	61	50	60	49	58	32	33	32	33	33	15	53	58	55	50	27	28	27	27	29	16	18	20	17	21	57	54	54	53	52	55	74	71	71	71	61	22	19	27	25	54	58	50	19	55	1	25	28	26	59	19
15	16	16	16	22	73	55	54	45	68	75	100	28	46	58	58	16	27	23	14	56	58	56	57	56	57	57	14	50	56	16	57	56	57	59	66	67	53	53	52	51	54	18	19	12	5	14	48	56	47	48	55	29	29	29	29	29	52	24	48	53	15	61	58	59	53	53	14	16	15	19	17	56	58	58	55	58	56	60	56	57	56	57	57	35	29	29	29	28	54	51	53	57	1	54	52	56	57	56	14	13	61	14	54	52	62	53	70	16	28	100	75	46	58	23	14	56	27	22	56	58	73	73	71	67	60	50	14	55	60	57	49	47	46	50	49	14	14	14	15	14	55	51	61	53	47	1	4	14	17	4	60	53	59	53	58	29	29	29	29	29	13	55	56	55	53	27	28	26	27	28	15	14	17	14	19	58	58	55	58	56	60	73	73	71	67	60	19	14	25	23	60	56	55	15	53	1	22	25	23	56	17
12	13	15	15	10	27	31	31	21	25	27	27	100	21	34	33	14	61	9	14	32	33	32	33	31	32	32	15	24	32	13	33	33	33	32	25	27	31	59	60	28	33	26	24	21	10	20	41	33	40	29	32	27	27	27	27	27	30	10	29	29	15	24	33	34	31	30	20	19	18	26	24	32	33	32	31	32	32	33	32	33	31	32	32	50	63	63	64	36	30	25	28	32	2	31	30	31	31	31	14	14	33	14	33	31	28	31	26	16	100	27	27	21	34	9	14	33	63	10	32	33	27	27	25	25	21	24	14	33	35	31	28	29	27	28	29	14	13	11	11	13	60	52	64	58	52	2	7	19	25	7	20	33	20	33	20	27	27	27	27	27	37	32	18	32	30	60	60	61	62	61	18	20	23	18	22	33	32	31	32	32	33	27	27	25	25	21	9	15	9	10	33	32	32	15	19	1	10	12	10	31	14
14	15	14	13	12	49	51	43	61	46	48	49	22	100	44	47	14	25	14	12	51	50	48	47	47	47	47	12	62	47	15	49	49	49	49	47	46	49	47	44	47	50	16	19	10	5	13	37	47	37	42	47	26	27	26	26	27	48	14	43	50	13	49	47	47	52	52	13	15	15	16	15	51	50	49	46	47	49	47	48	47	47	47	47	23	23	24	25	21	53	60	50	51	12	52	52	53	52	51	13	12	52	12	47	50	45	50	47	14	22	49	48	100	44	14	12	48	25	12	51	50	49	48	48	46	46	62	12	48	48	52	44	41	43	43	42	12	13	14	14	13	49	44	53	46	41	1	4	14	14	5	38	44	37	45	36	26	27	26	26	27	12	47	43	51	48	25	25	25	25	25	14	13	16	13	17	50	49	46	47	49	47	49	48	48	46	46	12	13	12	13	48	49	47	14	42	9	11	12	12	50	15
24	26	32	32	17	49	57	74	44	50	52	54	33	41	100	72	27	57	19	30	62	63	68	70	69	72	70	32	47	72	25	69	64	69	70	51	51	59	62	60	52	60	34	22	23	6	16	42	56	40	55	55	30	30	30	30	30	63	20	62	57	32	49	68	72	60	61	16	25	22	22	19	62	63	71	71	69	68	73	68	70	69	72	70	25	35	35	34	18	59	48	53	65	2	60	59	60	61	60	30	28	67	29	68	59	52	61	50	34	33	54	52	41	100	19	30	71	58	17	62	63	49	51	49	48	40	47	32	66	74	59	59	58	57	58	59	26	27	23	23	24	59	55	64	60	53	1	5	16	21	5	42	68	42	67	40	30	30	30	30	30	19	66	37	60	59	31	30	28	29	31	18	16	20	15	22	63	71	71	69	68	73	49	51	49	48	40	16	30	18	18	70	62	63	29	37	1	17	20	18	63	28
22	24	31	30	15	54	64	75	47	48	48	52	30	41	69	100	25	56	17	29	64	66	81	80	79	78	79	29	48	75	24	75	73	78	78	53	53	66	67	61	59	62	31	20	21	5	14	42	60	41	54	59	29	30	29	29	30	65	18	65	58	30	55	80	78	63	62	14	23	21	20	16	64	66	79	79	79	73	79	81	80	79	78	79	26	39	38	40	19	61	53	54	67	1	61	59	63	64	61	29	29	69	28	70	59	53	64	51	33	30	52	48	41	69	17	29	79	58	15	64	66	54	57	52	47	43	48	29	68	74	59	59	58	54	57	60	24	24	21	21	23	64	60	70	64	54	1	4	14	18	5	40	70	38	69	38	29	30	29	29	30	19	69	37	60	62	31	31	30	29	31	16	14	19	14	19	66	79	79	79	73	79	54	57	52	47	43	15	29	16	16	80	63	71	27	39	1	15	18	17	63	27
80	80	62	66	50	12	15	23	11	15	14	13	12	10	23	22	100	17	58	62	21	20	22	23	23	22	22	64	11	19	76	21	17	19	20	14	13	14	21	16	12	15	59	68	55	31	65	14	15	14	16	15	9	9	9	9	9	20	52	21	21	57	12	23	24	21	22	65	50	44	53	61	21	20	20	21	21	18	20	22	23	23	22	22	7	11	10	10	5	19	11	13	18	9	20	20	19	18	18	63	65	19	63	21	24	17	22	14	55	12	13	14	10	23	58	62	20	23	50	21	20	12	13	12	17	13	11	64	17	22	15	21	21	23	23	24	69	74	70	74	74	16	18	18	15	16	9	27	66	72	30	17	23	16	22	16	9	9	9	9	9	25	21	13	19	17	9	7	9	9	8	68	65	73	67	69	20	20	21	21	18	20	12	13	12	17	13	52	63	58	53	20	18	17	73	10	4	50	48	53	21	76
19	20	14	13	7	28	58	31	24	28	27	26	61	23	58	61	20	100	8	13	38	37	31	32	31	33	32	12	24	31	11	30	61	61	62	30	28	31	61	60	29	71	21	20	16	6	14	41	32	41	28	31	18	34	18	18	34	30	9	27	34	13	26	32	33	70	67	14	16	16	20	17	38	37	32	31	32	33	34	31	32	31	33	32	60	61	65	66	43	38	27	32	38	1	38	37	38	38	38	13	12	70	12	61	35	52	37	31	28	61	26	27	23	58	8	13	33	71	7	38	37	28	28	31	28	24	24	12	30	32	37	33	33	33	34	33	11	11	9	9	10	67	55	69	61	53	1	5	15	18	5	22	30	22	30	22	18	34	18	18	34	34	57	21	34	28	78	78	75	78	76	13	14	17	13	18	37	32	31	32	33	34	28	28	31	28	24	7	13	7	8	33	38	32	13	21	1	7	9	8	37	12
59	58	51	53	72	19	12	16	12	23	21	18	8	10	17	16	61	7	100	50	15	15	15	15	15	15	15	50	11	15	56	14	13	13	14	19	17	12	17	14	11	12	35	68	37	29	59	14	12	14	12	13	9	9	9	9	9	15	68	15	16	46	14	15	15	16	17	59	38	38	55	61	15	15	14	15	15	14	15	15	15	15	15	15	10	7	6	7	8	16	11	13	14	9	15	16	15	15	13	51	51	16	48	16	16	19	15	19	48	8	18	21	10	17	100	50	14	9	72	15	15	19	19	17	22	18	11	50	13	14	13	17	15	19	17	17	56	59	55	55	56	14	17	16	14	16	10	26	60	70	28	22	15	21	15	21	9	9	9	9	9	20	16	17	16	15	7	6	7	7	7	66	61	72	62	72	15	14	15	15	14	15	19	19	17	22	18	75	50	70	74	15	15	13	58	17	5	68	69	72	16	58
61	64	74	73	54	14	17	28	11	14	15	13	14	11	28	29	63	11	50	100	22	22	28	29	29	30	28	76	11	27	59	27	21	25	25	14	14	18	24	19	16	18	49	58	48	33	59	15	18	15	18	18	9	9	9	9	9	24	47	27	23	66	12	29	30	24	24	59	41	38	52	54	22	22	27	28	28	23	27	28	29	29	30	28	7	15	13	12	5	21	13	14	22	9	22	24	21	21	21	77	78	21	78	26	27	17	24	14	72	14	13	15	11	28	50	100	27	13	54	22	22	13	13	12	16	12	11	76	22	27	18	25	26	25	24	27	64	68	57	57	62	19	20	19	18	18	10	27	61	66	31	16	28	16	27	15	9	9	9	9	9	27	25	12	22	22	11	9	11	10	11	58	61	61	57	63	22	27	28	28	23	27	13	13	12	16	12	51	77	51	50	25	20	21	68	9	4	48	47	51	24	67
21	24	28	26	15	56	61	63	47	58	53	53	30	45	60	65	24	38	17	23	100	79	65	63	64	65	63	24	47	59	23	62	62	62	65	59	54	60	62	56	56	68	23	22	16	6	15	43	58	43	54	57	37	37	36	37	37	57	18	52	66	26	52	65	64	74	71	15	17	19	22	19	100	79	63	61	64	63	66	65	63	64	65	63	29	32	32	34	21	77	52	62	79	2	76	72	78	76	74	25	24	75	23	64	73	57	76	60	26	30	53	53	45	60	17	23	63	36	15	100	79	56	56	58	55	47	47	24	59	64	70	65	66	66	67	70	21	23	19	20	21	64	56	68	59	53	2	5	16	20	5	44	59	43	59	43	37	37	36	37	37	17	58	40	69	54	39	36	35	38	38	15	16	20	15	20	79	63	61	64	63	66	56	56	58	55	47	14	25	15	16	65	76	62	26	44	1	15	18	16	77	26
21	24	28	27	15	57	63	65	48	57	52	54	31	44	63	67	24	37	17	25	80	100	68	65	65	68	66	25	48	61	24	64	64	64	67	59	55	59	62	57	55	68	26	21	18	6	15	44	60	43	54	59	35	36	35	35	36	60	17	55	65	28	52	68	66	73	68	15	18	20	20	18	80	100	66	64	66	67	67	68	65	65	68	66	29	33	33	34	21	74	52	61	77	1	73	70	76	75	74	26	25	77	25	65	73	56	74	60	29	31	54	52	44	63	17	25	65	36	15	80	100	57	57	58	55	48	48	25	61	67	69	68	67	67	71	72	23	23	20	20	22	65	56	68	60	53	2	5	16	18	5	45	62	44	61	43	35	36	35	35	36	18	62	39	67	56	38	37	36	35	38	14	15	18	14	19	100	66	64	66	67	67	57	57	58	55	48	13	26	15	15	67	76	64	28	42	1	15	18	16	76	27
22	25	31	30	15	55	67	73	46	48	48	52	30	42	67	82	26	29	17	29	65	67	100	82	83	81	82	29	49	74	24	77	73	76	76	52	52	67	64	58	60	62	32	19	21	5	14	40	58	40	54	58	29	30	29	29	30	65	18	64	57	29	55	83	79	63	61	14	23	21	20	17	65	67	80	78	82	73	79	100	82	83	81	82	26	40	38	39	19	61	53	54	66	1	62	59	63	62	63	29	29	68	29	71	63	51	65	50	30	30	52	48	42	67	17	29	80	31	15	65	67	55	58	53	48	44	49	29	71	76	58	57	56	53	56	59	24	25	22	22	23	60	59	68	61	54	1	4	15	18	5	39	69	37	69	37	29	30	29	29	30	18	68	36	59	63	30	30	29	29	31	15	13	18	13	19	67	80	78	82	73	79	55	58	53	48	44	15	29	16	16	79	62	72	28	39	1	15	17	16	64	28
22	25	31	31	14	55	65	73	46	49	48	52	30	41	68	81	25	30	16	30	64	65	82	100	82	82	81	30	49	74	25	76	71	76	76	52	53	65	63	58	61	61	33	19	22	5	13	40	58	40	54	58	28	29	28	29	29	65	17	66	57	30	56	82	79	62	60	13	24	21	19	15	64	65	82	79	80	74	79	82	100	82	82	81	26	39	38	40	20	60	54	55	66	1	61	59	61	61	62	30	29	67	29	68	62	51	64	51	31	30	52	48	41	68	16	30	81	32	14	64	65	55	57	54	48	43	49	30	68	75	59	57	56	53	55	59	24	26	22	22	24	60	58	66	61	53	1	4	13	17	5	38	68	37	68	37	28	29	28	29	29	18	70	37	59	64	31	31	29	29	31	15	13	17	13	18	65	82	79	80	74	79	55	57	54	48	43	14	30	16	16	79	61	71	28	40	1	15	17	16	64	28
22	25	32	31	15	54	64	72	45	47	48	51	30	41	67	80	26	29	17	30	63	64	83	81	100	80	83	30	48	73	24	73	70	74	74	52	52	64	64	58	61	59	33	19	22	5	14	40	56	40	52	55	29	30	29	29	30	65	18	63	56	29	55	82	78	62	61	14	24	21	19	16	63	64	80	79	81	72	78	83	81	100	80	83	26	39	37	39	19	60	53	53	65	1	60	59	61	61	61	31	30	66	30	69	61	51	64	50	31	30	51	48	41	67	17	30	79	31	15	63	64	54	56	53	47	43	48	30	67	74	57	56	53	52	54	57	25	26	22	22	24	61	60	67	60	54	1	4	14	18	4	38	67	37	66	37	29	30	29	29	30	18	66	37	57	61	30	30	29	29	30	16	14	18	14	19	64	80	79	81	72	78	54	56	53	47	43	15	31	16	17	77	60	70	28	40	1	15	17	16	62	28
22	25	32	31	16	55	64	75	47	50	49	54	31	42	71	80	25	31	17	31	67	67	82	82	82	100	83	31	49	74	25	75	70	75	76	54	54	64	63	59	58	62	32	19	22	6	14	41	58	41	53	57	30	30	30	30	30	65	18	65	57	30	55	80	79	63	62	14	24	20	20	17	67	67	81	79	81	76	81	82	82	82	100	83	26	40	38	39	19	62	54	55	67	1	62	60	63	63	64	30	29	70	30	69	63	53	65	52	32	31	54	49	42	71	17	31	78	32	16	67	67	56	58	56	49	44	49	31	67	76	59	60	57	55	57	61	25	27	22	22	23	62	56	67	61	53	1	4	15	18	5	40	70	38	69	38	30	30	30	30	30	18	69	37	59	62	32	30	30	30	31	15	14	18	14	19	67	81	79	81	76	81	56	58	56	49	44	15	30	16	17	80	64	71	29	40	1	16	18	17	65	28
23	25	31	31	16	54	63	75	45	49	48	52	30	40	69	80	26	30	17	30	63	65	81	81	83	82	100	30	47	73	25	73	70	75	75	54	54	62	64	59	57	61	33	20	22	6	14	41	57	41	52	56	29	29	29	29	29	64	18	62	56	29	54	83	80	62	60	14	24	21	20	17	63	65	80	79	81	73	79	81	81	83	82	100	26	39	38	39	19	60	52	53	65	1	60	58	61	60	62	30	29	68	30	70	62	52	64	50	32	30	52	48	40	69	17	30	79	32	16	63	65	54	56	54	48	44	47	30	66	75	56	58	55	54	56	58	25	27	22	22	24	62	59	67	60	53	1	4	15	18	5	40	68	38	67	38	29	29	29	29	29	19	66	37	58	60	30	30	29	29	31	16	14	19	14	19	65	80	79	81	73	79	54	56	54	48	44	15	30	17	17	78	61	69	28	39	1	16	18	17	62	28
61	63	72	73	49	14	18	29	12	15	16	13	14	11	30	28	66	10	50	77	23	23	29	30	30	31	29	100	12	27	64	29	22	25	25	13	15	18	24	19	16	19	51	57	48	35	60	16	19	16	19	19	9	9	9	9	9	24	46	27	23	67	13	28	30	24	25	60	42	39	52	58	23	23	28	28	28	24	27	29	30	30	31	29	7	15	13	13	5	21	13	14	22	10	22	24	22	21	21	74	75	21	75	27	27	17	24	14	68	14	13	16	11	30	50	77	28	13	49	23	23	14	14	12	17	13	12	99	22	28	18	25	25	25	25	27	65	68	59	58	61	20	21	20	19	19	10	28	62	63	31	16	29	16	29	15	9	9	9	9	9	27	26	13	22	22	11	9	10	10	10	59	62	60	57	64	23	28	28	28	24	27	14	14	12	17	13	50	75	50	48	27	21	22	68	10	5	48	46	51	24	66
12	14	14	13	11	51	60	47	66	45	49	50	23	57	49	53	13	26	13	12	52	51	53	53	52	51	51	12	100	52	13	53	54	53	54	48	48	56	53	50	55	53	13	17	9	5	13	37	53	37	47	53	29	29	29	29	29	52	14	49	50	12	54	52	52	51	52	13	12	12	17	16	52	51	54	51	52	53	53	53	53	52	51	51	25	27	27	28	19	52	74	56	53	10	52	50	54	52	51	13	12	55	11	50	49	46	50	47	14	23	50	49	57	49	13	12	53	25	11	52	51	51	52	49	46	43	100	12	54	53	56	46	43	45	45	44	12	11	12	12	12	56	51	57	53	48	1	4	13	15	4	40	47	38	48	37	29	29	29	29	29	12	53	38	52	53	25	26	25	26	26	14	12	16	13	17	51	54	51	52	53	53	51	52	49	46	43	10	13	12	12	52	51	52	13	38	8	11	13	12	52	14
21	23	29	28	15	54	65	73	44	47	50	54	32	43	73	79	23	30	16	27	62	63	76	76	76	76	76	28	51	100	23	77	73	77	75	51	50	65	63	59	59	62	32	19	22	5	14	43	62	43	55	62	29	29	28	29	29	68	18	69	59	29	52	76	74	62	61	14	24	21	18	15	62	63	76	76	76	74	78	76	76	76	76	76	25	37	38	38	18	61	52	54	65	1	62	59	63	63	62	27	26	69	27	70	58	50	62	48	33	32	54	50	43	73	16	27	78	30	15	62	63	54	55	52	46	41	51	28	75	79	65	59	56	55	58	58	23	25	21	21	22	61	57	66	61	54	1	4	13	17	4	40	71	38	70	38	29	29	28	29	29	19	71	36	61	65	30	31	29	29	31	15	13	17	13	18	63	76	76	76	74	78	54	55	52	46	41	15	27	16	17	78	63	71	26	37	1	16	18	16	62	25
74	75	59	61	48	13	15	23	12	15	14	13	12	11	23	22	76	10	56	59	22	22	22	24	23	23	22	63	11	20	100	22	17	19	20	14	13	15	22	17	13	16	59	66	56	33	64	14	15	14	16	15	9	9	9	9	9	20	49	22	22	56	13	23	24	22	23	64	49	45	54	59	22	22	21	22	21	19	20	22	24	23	23	22	7	11	10	10	6	20	11	14	20	10	21	22	20	20	19	60	63	20	59	21	25	17	22	14	54	12	13	14	11	23	56	59	22	12	48	22	22	13	13	13	17	15	11	63	17	22	16	23	23	24	23	24	66	69	69	73	71	17	18	19	16	17	11	29	63	66	32	16	23	16	23	16	9	9	9	9	9	25	22	14	20	18	10	8	10	10	10	66	64	70	63	67	22	21	22	21	19	20	13	13	13	17	15	50	61	56	52	20	19	17	69	10	6	46	45	51	22	72
21	24	30	29	13	52	65	68	46	46	48	53	30	42	67	76	24	29	16	27	63	64	77	75	74	74	72	29	50	74	23	100	72	74	72	49	48	63	63	58	57	58	32	19	22	5	12	41	59	41	54	58	27	28	27	27	28	65	16	67	56	29	53	76	72	58	57	12	23	20	17	15	63	64	75	72	74	70	73	77	75	74	74	72	24	37	37	37	18	59	52	51	62	1	58	56	60	59	60	28	28	64	27	66	58	48	60	47	29	30	53	48	42	67	16	27	74	30	13	63	64	52	55	51	46	42	50	29	71	76	59	55	54	51	54	57	23	24	21	21	22	59	57	64	61	53	1	3	13	15	3	38	69	37	69	36	27	28	27	27	28	18	68	36	60	63	30	30	28	28	30	14	11	16	12	17	64	75	72	74	70	73	52	55	51	46	42	13	28	14	15	73	60	68	26	37	1	13	15	14	61	26
18	20	24	24	13	53	68	68	44	45	46	51	30	42	63	74	20	58	15	21	62	62	72	70	69	68	70	22	49	71	19	71	100	79	79	49	49	69	66	63	63	65	24	18	16	5	12	43	64	44	55	63	28	28	28	28	28	63	16	60	56	23	52	72	69	62	61	12	19	17	17	14	62	62	72	70	73	73	75	72	70	69	68	70	26	34	38	38	19	61	54	54	65	1	60	58	63	63	60	22	21	68	21	73	55	47	58	47	27	30	51	46	42	63	15	21	74	54	13	62	62	53	55	51	44	41	49	22	73	69	61	57	54	54	54	54	18	19	17	17	17	64	60	67	68	56	1	3	13	16	3	37	64	35	64	35	28	28	28	28	28	17	64	34	59	63	29	31	29	30	30	14	11	16	12	17	62	72	70	73	73	75	53	55	51	44	41	12	23	14	14	77	61	75	21	37	0	13	15	14	60	22
19	21	27	27	13	55	68	71	45	46	47	52	30	42	66	79	21	57	16	25	62	63	75	75	73	73	75	26	49	74	21	73	80	100	81	50	52	67	64	62	61	64	28	19	19	5	13	43	62	42	54	61	27	28	27	27	28	65	16	63	55	26	53	76	74	63	63	13	21	19	18	14	62	63	76	74	76	75	77	75	75	73	73	75	26	38	39	40	19	60	54	55	66	1	61	60	63	64	62	25	25	69	25	73	56	50	60	49	29	30	52	47	42	66	16	25	77	56	13	62	63	55	56	52	45	43	49	26	72	71	60	57	55	54	54	55	20	22	18	19	20	63	58	68	65	54	1	3	13	16	4	37	66	35	66	35	27	28	27	27	28	18	67	35	59	63	30	32	30	30	31	15	12	17	12	18	63	76	74	76	75	77	55	56	52	45	43	13	26	15	15	80	62	75	23	39	0	14	16	15	61	24
20	22	28	27	14	55	65	73	46	48	49	53	30	41	67	78	22	57	16	25	64	64	74	74	73	74	74	25	48	71	21	70	77	80	100	52	53	67	67	64	59	65	28	19	20	5	13	42	60	42	52	59	28	29	28	28	29	64	17	60	57	26	54	76	74	65	63	13	21	19	19	16	64	64	76	75	76	73	77	74	74	73	74	74	27	37	39	40	19	63	54	55	68	1	62	60	63	64	61	25	25	69	24	74	58	52	61	50	30	30	53	49	41	67	16	25	76	56	14	64	64	55	57	53	47	43	48	25	67	71	58	59	57	55	56	57	21	22	19	19	20	64	60	68	68	54	1	4	14	17	5	38	65	37	65	37	28	29	28	28	29	18	66	37	60	61	30	31	29	29	31	15	13	18	13	19	64	76	75	76	73	77	55	57	53	47	43	13	26	15	15	79	62	72	24	40	1	14	16	15	64	25
15	16	17	17	21	71	51	54	47	72	66	64	25	43	52	56	16	31	22	15	61	61	54	54	55	55	57	15	46	50	16	50	52	53	56	100	76	53	57	51	51	58	17	19	12	5	13	45	49	44	43	48	37	37	36	37	37	49	24	44	53	16	59	55	56	61	58	13	15	14	19	16	61	61	55	55	54	55	56	54	54	55	55	57	38	26	27	27	28	62	51	57	63	1	60	58	63	62	60	16	15	62	15	53	59	67	61	74	17	25	64	66	43	52	22	15	55	30	21	61	61	71	69	74	68	64	46	15	48	53	58	56	54	55	56	55	15	15	14	14	14	59	53	65	52	46	1	4	15	18	5	58	49	56	49	56	37	37	36	37	37	13	50	53	54	47	31	30	29	29	31	14	14	17	12	19	61	55	55	54	55	56	71	69	74	68	64	19	16	23	22	55	63	51	15	57	1	21	24	22	61	17
15	16	17	17	21	74	53	56	47	70	68	66	27	43	53	58	17	28	21	15	58	58	55	56	56	57	58	16	47	51	16	51	54	56	59	76	100	55	57	52	53	55	19	17	13	5	14	46	52	46	44	52	32	33	32	32	32	51	23	44	50	16	63	56	58	56	56	14	17	16	19	19	58	58	57	56	56	56	58	55	56	56	57	58	37	27	28	28	27	58	53	55	62	1	56	55	57	58	56	16	15	60	15	52	54	70	57	72	17	27	66	68	43	53	21	15	56	28	21	58	58	74	73	75	68	61	47	16	50	53	55	52	50	49	52	52	15	14	15	14	14	58	53	65	54	48	1	5	15	17	5	55	49	54	48	54	32	33	32	32	32	13	52	52	51	49	28	29	27	27	29	13	13	16	13	17	58	57	56	56	56	58	74	73	75	68	61	17	15	22	21	57	59	53	16	56	1	20	23	21	56	16
8	8	10	9	6	26	34	31	22	23	23	24	14	21	28	32	8	15	7	9	30	29	32	31	31	30	30	8	25	30	8	31	34	33	34	25	25	100	66	62	67	66	9	9	6	2	6	20	30	20	27	30	15	15	15	15	15	30	7	26	27	10	26	32	31	29	28	6	8	8	9	7	30	29	31	30	32	31	32	32	31	31	30	30	15	17	17	18	10	30	27	28	32	0	28	28	30	30	28	9	9	31	8	31	27	23	28	24	11	14	24	23	21	28	7	9	31	15	6	30	29	26	26	25	22	20	25	8	32	30	31	27	25	25	26	26	8	8	7	7	8	66	63	67	69	59	1	2	6	8	2	18	28	18	28	18	15	15	15	15	15	11	29	17	29	30	15	16	15	15	15	7	6	8	6	8	29	31	30	32	31	32	26	26	25	22	20	5	9	6	7	33	30	33	9	18	0	6	8	6	29	9
10	11	13	13	8	24	28	31	23	24	24	23	26	19	29	31	11	27	9	11	29	29	29	30	30	29	30	11	23	28	11	29	31	30	32	26	25	62	100	61	58	57	12	11	8	3	8	25	28	25	24	27	14	14	14	14	14	28	10	25	27	12	25	30	29	29	29	8	10	10	11	10	29	29	30	30	30	30	31	29	30	30	29	30	25	29	30	31	18	30	25	27	31	1	29	28	30	30	28	11	11	31	10	30	26	25	29	24	13	26	23	24	19	29	9	11	30	29	8	29	29	24	25	24	23	20	23	11	29	28	28	30	27	28	29	29	10	10	9	10	10	68	69	68	67	63	1	2	8	11	2	21	26	21	27	21	14	14	14	14	14	17	28	19	28	27	28	29	27	27	28	8	8	10	7	10	29	30	30	30	30	31	24	25	24	23	20	7	11	8	9	31	30	30	12	18	1	8	10	9	30	12
9	10	11	11	7	24	32	32	23	23	23	24	28	20	29	32	10	29	8	10	28	28	30	29	29	29	31	10	24	28	10	29	33	32	34	25	25	64	68	100	59	59	10	11	7	3	8	26	30	25	27	30	14	14	14	14	14	28	9	24	26	10	24	31	30	27	28	8	9	9	11	10	28	28	31	30	30	30	32	30	29	29	29	31	25	29	30	31	18	28	26	31	31	1	27	26	28	29	26	10	10	32	9	32	25	25	27	24	11	28	24	23	20	29	8	10	30	28	7	28	28	24	26	24	23	19	24	10	31	29	28	26	25	26	26	27	9	9	8	9	9	69	65	68	73	62	1	2	8	10	2	19	27	19	27	19	14	14	14	14	14	11	28	18	27	29	27	30	28	30	30	9	8	10	7	11	28	31	30	30	30	32	24	26	24	23	19	7	10	8	8	32	30	32	10	18	0	7	9	8	28	11
7	8	10	9	6	25	33	29	22	22	23	24	13	20	27	30	8	14	7	9	28	27	30	30	30	28	29	9	25	28	7	28	31	30	30	24	25	69	62	56	100	61	9	8	6	3	6	20	28	20	25	28	14	14	14	14	14	27	7	25	26	9	26	30	28	28	27	6	8	8	9	8	28	27	30	30	30	30	30	30	30	30	28	29	14	16	16	17	10	29	27	28	30	1	28	27	29	28	27	9	9	29	8	29	26	23	28	24	10	13	24	23	20	27	7	9	30	14	6	28	27	25	27	25	22	20	25	9	29	29	28	25	24	24	25	25	7	7	7	7	7	66	63	65	64	58	1	1	6	8	2	18	26	18	26	18	14	14	14	14	14	10	27	18	27	28	14	15	14	14	14	7	6	8	6	8	27	30	30	30	30	30	25	27	25	22	20	5	9	6	6	30	28	30	8	19	0	6	7	7	27	9
8	9	12	11	7	27	32	30	23	25	25	25	15	22	29	32	9	34	7	11	33	33	31	30	30	31	30	10	24	30	9	29	33	32	33	27	26	68	62	58	61	100	10	9	7	3	6	21	31	22	26	31	17	17	17	17	17	30	7	26	31	11	25	31	31	34	34	6	7	8	9	8	33	33	31	30	31	31	33	31	30	30	31	30	16	16	16	17	10	35	27	30	37	1	34	33	35	34	34	10	10	35	10	32	30	25	33	28	13	15	25	25	22	29	7	11	31	30	7	33	33	27	26	27	24	22	24	10	30	31	33	31	30	30	30	30	9	9	8	7	8	66	56	68	61	55	1	2	7	9	2	20	29	20	29	20	17	17	17	17	17	12	29	19	31	29	18	18	17	18	18	7	7	7	6	8	33	31	30	31	31	33	27	26	27	24	22	6	11	7	7	33	36	32	10	20	0	6	8	7	33	10
29	27	23	25	15	8	8	15	7	8	7	7	10	6	14	14	28	8	17	23	10	11	14	15	15	14	15	24	5	13	28	14	10	12	12	7	8	8	11	8	7	8	100	0	60	0	0	8	8	8	8	8	0	0	0	0	0	13	15	15	10	21	7	15	15	11	10	0	55	40	0	0	10	11	14	14	14	12	12	14	15	15	14	15	7	14	12	12	6	9	5	6	10	1	10	9	9	9	9	24	24	10	24	11	13	8	11	7	22	10	7	7	6	14	17	23	14	11	15	10	11	8	8	8	7	7	5	24	10	14	8	12	11	11	12	13	27	27	30	30	28	8	9	9	8	9	1	0	0	0	0	8	15	7	14	8	0	0	0	0	0	16	14	8	10	11	9	8	8	7	9	0	0	0	0	0	11	14	14	14	12	12	8	8	8	7	7	15	23	17	16	12	10	10	25	6	1	15	15	16	11	27
34	35	29	29	26	7	8	9	7	9	9	7	10	7	9	9	35	9	32	28	10	9	8	8	8	8	8	28	7	8	33	8	8	8	8	9	7	8	11	9	7	8	0	100	0	28	62	6	7	6	9	7	10	10	10	10	10	8	27	7	12	24	7	8	9	12	12	62	0	1	57	60	10	9	8	8	8	7	8	8	8	8	8	8	9	8	7	8	6	11	7	8	9	9	11	12	11	10	9	28	30	10	28	10	12	11	11	9	26	10	7	9	7	9	32	28	8	13	26	10	9	7	8	7	11	9	7	28	8	8	9	10	10	12	11	11	29	32	31	32	31	9	10	10	8	9	10	25	61	68	28	10	8	10	8	10	10	10	10	10	10	28	8	8	11	8	9	8	11	10	10	68	66	69	61	67	9	8	8	8	7	8	7	8	7	11	9	29	30	32	31	8	9	8	35	5	5	24	23	27	11	34
30	27	23	26	18	5	6	11	5	5	5	5	9	4	11	11	28	6	18	25	7	8	11	12	12	11	11	25	4	10	28	11	7	9	10	5	5	6	8	6	6	5	60	0	100	0	0	6	6	6	6	6	0	0	0	0	0	10	16	12	8	23	5	12	12	7	7	0	54	39	0	0	7	8	11	11	11	9	10	11	12	12	11	11	5	11	9	9	4	6	4	4	7	1	7	7	6	7	7	26	27	7	26	8	9	6	8	5	22	9	5	5	4	11	18	25	11	7	18	7	8	5	5	5	5	5	4	25	7	11	6	8	8	8	8	9	30	29	30	28	28	6	6	6	6	6	2	0	0	0	0	6	11	5	11	5	0	0	0	0	0	13	12	5	7	9	7	5	6	5	6	0	0	0	0	0	8	11	11	11	9	10	5	5	5	5	5	19	25	19	18	10	6	8	25	4	1	18	18	19	8	27
17	16	14	15	12	3	3	3	2	3	3	3	4	2	4	3	16	3	14	14	3	3	3	3	3	3	3	15	3	3	16	3	2	3	3	3	3	3	4	3	2	3	0	29	0	100	43	4	2	4	4	3	3	3	3	3	3	3	13	3	3	14	3	3	3	3	3	43	0	3	26	37	3	3	3	3	3	3	3	3	3	3	3	3	3	3	3	3	2	3	3	3	3	18	3	3	3	3	3	15	17	3	16	4	4	4	3	3	11	4	3	3	2	4	14	14	3	4	12	3	3	3	3	2	4	8	3	15	3	3	3	3	3	3	3	3	17	17	19	18	16	4	4	4	3	3	26	59	37	28	59	3	3	4	3	3	3	3	3	3	3	16	3	3	4	3	2	2	3	3	3	38	37	32	37	32	3	3	3	3	3	3	3	3	2	4	8	14	16	16	12	3	3	3	15	3	13	12	10	13	3	15
33	31	28	29	24	5	6	7	5	6	7	6	9	4	7	7	31	6	26	27	7	6	6	6	7	6	6	27	6	6	30	6	6	6	6	6	6	6	8	7	5	5	0	59	0	40	100	5	6	6	6	6	6	6	6	6	6	6	24	6	8	24	6	7	6	7	8	100	0	3	55	68	7	6	6	6	7	6	6	6	6	7	6	6	6	6	6	6	5	7	6	6	6	13	7	7	7	7	6	28	30	7	28	8	8	8	7	6	25	9	6	7	4	7	26	27	6	8	24	7	6	5	6	5	7	9	6	27	6	6	6	7	7	7	7	7	31	32	32	32	30	7	8	7	6	7	14	35	68	59	38	7	5	8	6	7	6	6	6	6	6	28	6	6	8	6	5	5	6	6	6	72	69	60	71	64	6	6	6	7	6	6	5	6	5	7	9	26	30	31	25	6	6	6	30	5	7	25	23	27	7	30
17	18	20	20	12	52	46	46	35	46	49	50	43	35	44	47	18	43	18	19	48	48	45	45	44	45	46	19	38	46	18	46	49	48	48	47	49	47	61	58	45	48	22	17	16	9	14	100	58	91	44	57	14	22	22	22	22	46	18	42	46	19	27	46	45	47	47	14	18	17	17	17	48	48	45	45	46	47	46	45	45	44	45	46	24	41	43	44	21	48	40	42	50	3	47	46	48	48	47	19	18	49	18	47	45	45	46	48	22	43	50	49	35	44	18	19	46	44	12	48	48	52	50	49	46	45	38	19	47	47	48	44	42	43	43	43	17	17	16	16	17	63	54	64	60	52	7	9	14	17	10	34	48	34	48	35	14	22	22	22	22	29	46	42	48	45	43	43	43	43	43	14	15	15	13	17	48	45	45	46	47	46	52	50	49	46	45	15	19	13	18	47	48	46	19	39	4	12	14	17	47	19
16	18	22	21	14	53	63	57	42	45	50	53	32	43	57	61	18	31	15	20	59	60	59	59	57	58	58	20	51	61	18	59	66	64	63	48	50	63	61	61	58	66	19	17	13	6	13	53	100	53	59	90	27	28	27	28	28	59	16	55	56	21	49	59	58	57	57	13	15	15	17	16	59	60	59	57	59	62	61	59	59	57	58	58	27	31	31	31	18	58	52	57	63	1	57	55	59	59	57	20	19	63	19	60	53	47	56	48	25	32	53	50	43	57	15	20	59	29	14	59	60	53	52	49	44	40	51	20	65	61	63	54	52	52	53	52	16	16	14	15	16	64	56	64	62	55	1	3	13	17	4	42	62	40	62	40	27	28	27	28	28	17	61	36	60	62	29	32	29	30	31	14	13	16	13	16	60	59	57	59	62	61	53	52	49	44	40	12	21	14	14	63	62	63	20	37	1	13	16	15	57	21
17	18	21	20	13	52	46	45	36	46	49	49	43	36	44	46	19	43	19	19	48	47	45	45	44	44	46	19	39	46	18	46	50	48	47	47	49	48	61	58	46	48	21	17	16	9	15	91	58	100	45	59	15	23	22	23	23	46	19	42	46	19	28	46	45	47	47	15	18	17	17	18	48	47	45	45	46	48	46	45	45	44	44	46	24	41	43	45	22	48	41	43	49	3	48	46	48	48	47	19	18	48	19	47	45	45	46	48	22	43	49	49	36	44	19	19	46	44	13	48	47	52	50	49	46	45	39	19	48	47	48	44	42	43	43	43	18	18	16	17	17	63	54	64	60	52	7	9	15	17	10	35	47	32	48	33	15	23	22	23	23	29	46	43	49	45	43	44	43	44	44	15	15	16	14	17	47	45	45	46	48	46	52	50	49	46	45	16	19	13	19	48	48	46	19	40	4	12	14	18	47	20
20	23	25	25	15	47	62	57	42	46	45	48	30	41	58	60	23	30	17	23	60	59	59	58	58	57	57	23	47	58	22	60	62	60	59	47	46	60	56	60	55	59	21	24	16	8	17	44	62	45	100	64	27	28	27	28	28	57	18	55	56	24	48	59	59	57	56	17	17	17	23	20	60	59	59	58	59	60	59	59	58	58	57	57	26	30	31	31	18	59	48	52	61	2	57	56	58	58	58	23	22	61	23	60	55	47	58	47	26	30	48	45	41	58	17	23	59	30	15	60	59	47	48	46	45	40	47	23	60	60	58	51	52	50	51	52	20	21	18	20	21	59	53	62	61	54	2	6	17	22	7	40	63	38	64	38	27	28	27	28	28	17	58	36	59	57	31	30	29	31	31	19	17	22	16	21	59	59	58	59	60	59	47	48	46	45	40	15	23	16	16	60	59	61	25	36	1	15	17	16	57	25
17	19	22	22	14	53	64	56	43	46	50	52	32	42	56	61	19	30	16	21	58	60	59	59	57	58	58	20	51	61	18	59	66	63	63	48	50	63	60	62	59	65	18	18	13	6	14	52	90	54	60	100	28	28	28	28	28	59	16	54	57	21	49	59	58	57	57	14	15	15	19	17	58	60	59	57	59	62	61	59	59	57	58	58	28	31	31	31	18	58	52	58	62	1	57	56	59	59	57	20	20	62	20	60	53	47	56	48	25	32	52	50	42	56	16	21	59	29	14	58	60	53	52	48	44	40	51	20	64	60	63	54	52	52	53	52	17	17	15	16	17	64	56	64	62	55	1	3	14	18	4	43	61	40	63	40	28	28	28	28	28	16	60	36	60	61	29	32	29	30	31	15	13	17	13	17	60	59	57	59	62	61	53	52	48	44	40	12	21	14	14	62	61	63	20	37	1	14	16	15	57	22
9	10	11	10	10	30	29	30	26	34	30	28	26	24	30	31	10	18	10	10	37	35	30	29	30	30	30	9	27	28	10	28	29	28	30	35	30	31	30	27	29	36	0	20	0	5	13	13	28	13	25	28	100	94	89	91	94	28	12	25	34	10	27	30	31	38	35	13	0	0	20	17	37	35	30	29	30	29	31	30	29	30	30	30	17	14	15	15	11	40	32	34	36	2	38	37	39	39	36	10	9	36	9	31	37	32	38	36	11	26	28	30	24	30	10	10	30	17	10	37	35	30	29	32	31	24	27	9	27	30	36	32	32	33	34	32	9	9	7	8	9	34	27	38	28	26	1	4	14	19	4	26	28	27	27	26	100	69	89	91	69	9	29	21	32	26	18	17	17	18	18	14	14	17	13	18	35	30	29	30	29	31	30	29	32	31	24	9	10	8	10	30	37	28	9	22	1	9	12	10	37	11
9	10	11	10	5	29	29	29	26	34	30	28	26	23	30	31	10	33	10	10	37	35	29	29	29	30	29	9	27	28	10	27	29	28	29	35	30	31	30	27	29	35	0	20	0	5	13	20	27	20	25	27	92	100	88	90	94	27	12	25	34	10	14	29	30	37	35	13	0	0	20	17	37	35	29	29	30	29	31	29	29	29	30	29	31	26	27	27	20	40	31	34	35	2	38	37	39	38	35	10	9	36	9	31	36	32	38	35	11	26	28	30	23	30	10	10	29	32	5	37	35	29	29	32	31	23	27	9	27	30	35	32	32	32	33	31	8	9	7	7	8	34	27	38	28	26	1	4	14	19	4	13	27	14	27	13	67	100	88	90	94	9	28	21	32	26	34	33	33	34	34	13	14	18	13	18	35	29	29	30	29	31	29	29	32	31	23	8	10	4	10	30	37	28	9	22	1	5	6	9	37	11
9	10	11	10	10	30	29	30	27	34	30	28	26	24	30	31	10	18	10	10	37	36	30	30	30	31	30	9	28	28	10	28	29	29	30	35	31	32	30	28	29	36	0	20	0	5	13	20	28	21	25	28	91	93	100	90	93	28	12	25	34	10	27	30	31	38	36	13	0	0	20	17	37	36	30	30	30	29	31	30	30	30	31	30	17	14	15	15	11	40	32	35	36	2	39	37	40	39	36	10	9	36	9	31	37	32	38	36	11	26	28	30	24	30	10	10	30	17	10	37	36	30	30	32	31	24	28	9	27	31	36	33	32	33	34	32	8	9	7	8	9	35	27	39	28	26	1	4	14	19	4	26	28	27	28	13	91	93	100	90	68	10	29	21	33	26	18	17	17	18	18	14	14	17	13	18	36	30	30	30	29	31	30	30	32	31	24	9	10	8	10	30	37	28	9	22	1	5	12	10	37	11
9	10	11	10	10	30	29	30	27	34	30	28	26	24	30	31	10	18	10	10	37	36	30	30	30	31	30	9	27	28	10	28	29	29	30	35	31	32	30	28	29	36	0	20	0	5	13	20	28	20	25	28	91	93	88	100	94	28	12	25	34	10	27	30	31	38	35	13	0	0	20	17	37	36	30	30	30	29	31	30	30	30	31	30	17	14	15	15	11	40	32	34	36	2	39	37	40	39	36	10	9	36	9	31	37	32	38	36	11	26	28	30	24	30	10	10	30	17	10	37	36	30	30	32	31	24	27	9	27	31	36	33	32	33	34	32	8	9	7	8	9	35	27	38	28	26	1	4	14	19	4	26	28	27	28	26	91	93	88	100	94	9	29	21	33	26	18	17	17	18	18	14	14	17	13	18	36	30	30	30	29	31	30	30	32	31	24	9	10	8	10	30	37	28	9	22	1	9	12	10	37	11
9	10	11	10	5	29	29	29	26	34	30	28	26	23	30	31	10	34	10	10	37	35	30	29	29	30	29	9	27	28	10	27	29	28	29	35	30	31	30	27	29	35	0	20	0	5	13	20	28	20	25	28	92	94	89	91	100	27	12	25	34	10	14	29	30	37	35	13	0	0	20	17	37	35	29	29	30	29	31	30	29	29	30	29	31	26	27	27	20	40	32	34	35	2	38	37	39	38	35	10	9	36	9	31	36	32	38	35	11	26	28	30	23	30	10	10	29	33	5	37	35	29	29	32	31	23	27	9	27	30	35	32	32	32	33	31	8	9	7	8	9	34	27	38	28	26	1	4	14	19	4	13	27	14	27	13	67	94	65	91	100	9	28	21	32	26	34	33	33	34	34	14	14	17	13	18	35	29	29	30	29	31	29	29	32	31	23	9	10	4	10	30	37	28	9	22	1	5	6	10	37	11
19	21	23	22	14	45	57	58	40	41	43	45	25	37	57	62	20	26	15	22	53	54	60	61	61	60	60	22	45	61	20	60	59	61	61	42	43	57	56	50	51	56	28	17	20	5	13	38	53	38	47	52	24	24	24	24	24	100	16	67	58	24	45	61	59	52	52	13	21	20	17	14	53	54	63	61	62	61	62	60	61	61	60	60	21	31	31	32	17	53	46	46	57	1	53	50	54	53	53	21	21	58	22	57	49	42	54	41	26	25	45	43	37	57	15	22	63	26	14	53	54	45	47	45	40	37	45	22	61	62	53	51	46	48	51	49	19	21	17	18	19	52	51	57	51	46	1	4	12	15	4	36	57	34	57	34	24	24	24	24	24	18	71	37	62	70	25	26	26	25	27	14	13	15	12	16	54	63	61	62	61	62	45	47	45	40	37	13	22	15	15	63	53	59	22	33	1	14	16	15	55	22
55	54	48	49	66	21	14	18	12	25	22	20	9	11	18	18	55	8	70	48	17	16	17	16	17	17	17	47	12	16	51	15	14	15	16	21	20	14	20	16	13	13	32	58	34	29	55	15	14	16	14	14	12	12	11	11	12	18	100	16	18	52	15	17	17	18	18	55	34	34	48	53	17	16	16	17	17	16	16	17	16	17	17	17	11	8	8	8	9	18	13	14	16	8	17	17	18	17	15	46	47	17	46	18	18	21	18	21	46	9	20	22	11	18	70	48	16	9	66	17	16	21	22	19	25	19	12	47	15	16	14	19	18	20	20	19	49	52	48	51	52	17	19	18	15	17	9	25	55	63	27	23	16	22	16	22	12	12	11	11	12	22	18	18	17	17	8	7	8	8	8	57	54	61	56	59	16	16	17	17	16	16	21	22	19	25	19	65	47	64	65	17	16	15	50	18	4	63	64	65	18	53
20	23	28	27	14	46	58	61	41	40	42	46	28	38	61	67	23	26	15	28	53	55	65	67	65	65	64	28	47	68	23	68	61	66	63	43	42	56	55	50	53	54	31	18	24	5	13	39	53	38	51	52	25	25	25	25	25	72	16	100	56	31	46	66	65	53	52	13	23	20	17	15	53	55	65	64	64	62	65	65	67	65	65	64	22	34	34	33	16	51	46	45	55	1	52	51	53	53	55	27	26	56	27	57	51	42	55	41	29	28	46	42	38	61	15	28	68	27	14	53	55	46	46	44	39	36	47	28	63	66	52	50	50	48	50	52	23	25	20	20	22	52	50	56	52	47	1	4	12	16	4	36	65	35	65	35	25	25	25	25	25	19	73	36	61	69	27	26	26	26	27	15	12	16	12	17	55	65	64	64	62	65	46	46	44	39	36	14	27	16	16	65	53	60	26	32	1	15	16	15	55	25
20	23	26	23	16	48	54	54	42	48	48	48	26	41	54	57	23	31	16	23	64	62	56	55	56	56	55	23	44	55	23	56	54	54	56	49	45	53	57	49	50	60	23	22	17	5	15	41	53	40	48	53	33	34	33	33	34	62	19	55	100	26	45	57	56	67	65	15	16	19	23	20	64	62	56	55	57	54	58	56	55	56	56	55	25	27	28	29	19	66	47	53	64	1	67	64	68	68	65	23	23	63	23	55	63	46	66	50	28	26	48	48	41	54	16	23	56	31	16	64	62	48	48	48	49	42	44	23	54	58	63	60	58	59	62	60	21	23	19	19	21	57	51	60	49	46	1	5	17	22	5	44	55	43	54	42	33	34	33	33	34	18	61	44	72	57	31	31	31	31	32	17	16	19	16	21	62	56	55	57	54	58	48	48	48	49	42	14	24	15	17	57	64	54	25	38	1	15	18	16	68	26
55	55	63	62	45	13	17	28	11	15	15	13	14	10	29	28	57	11	45	65	24	25	27	28	27	28	26	66	11	27	55	28	22	25	25	14	14	18	25	19	15	19	47	49	43	30	52	16	19	15	19	18	9	9	9	9	10	25	48	30	24	100	12	28	27	24	24	52	39	38	45	50	24	25	26	27	26	23	26	27	28	27	28	26	7	14	13	12	5	22	12	16	23	8	23	23	22	22	23	63	64	22	64	26	26	16	25	15	62	14	13	15	10	29	45	65	27	12	45	24	25	13	13	12	16	12	11	66	21	27	18	25	27	25	26	28	56	60	51	51	54	20	20	20	18	19	10	26	53	54	28	16	29	16	29	16	9	9	9	9	10	28	27	11	24	22	12	9	11	11	12	50	53	52	50	53	25	26	27	26	23	26	13	13	12	16	12	45	65	44	43	26	23	22	59	9	4	42	41	46	25	57
14	15	15	15	14	65	61	53	50	58	59	61	23	44	51	60	15	27	16	13	56	55	58	59	59	58	58	13	53	54	15	56	57	57	60	62	63	57	56	52	56	54	18	19	12	4	14	26	51	26	46	51	29	15	29	30	15	52	17	47	50	13	100	58	57	55	55	14	18	14	19	15	56	55	61	58	57	60	58	58	59	59	58	58	31	28	29	31	24	57	57	53	57	1	55	54	57	56	54	14	13	59	12	52	52	63	54	63	15	23	61	59	44	51	16	13	58	27	14	56	55	65	67	64	59	53	53	13	54	53	54	48	46	47	48	47	13	12	14	14	13	57	55	60	56	49	1	4	13	16	4	50	49	49	49	49	29	15	29	30	15	12	54	47	51	53	27	28	26	27	27	14	13	17	13	17	55	61	58	57	60	58	65	67	64	59	53	13	13	15	16	59	56	57	14	49	1	14	17	15	56	16
22	25	31	30	15	56	65	71	45	49	47	53	31	40	66	81	25	30	16	29	64	66	83	82	81	78	81	29	47	73	24	75	73	76	77	52	52	66	63	59	59	61	33	20	23	5	14	40	57	40	53	57	29	29	28	29	29	64	17	63	57	30	54	100	81	62	59	14	23	21	19	16	64	66	78	77	81	72	79	83	82	81	78	81	49	75	73	74	36	60	53	53	66	1	61	58	62	63	64	29	29	67	30	70	63	51	64	50	31	31	53	47	40	66	16	29	79	32	15	64	66	56	57	54	48	44	47	29	68	76	58	57	55	52	56	59	24	26	21	22	23	61	59	67	61	52	1	4	14	17	5	38	68	37	68	37	29	29	28	29	29	18	68	36	60	61	58	57	55	53	58	16	14	18	13	18	66	78	77	81	72	79	56	57	54	48	44	14	30	16	16	79	61	70	28	39	0	15	17	16	65	27
23	26	32	32	16	55	63	72	45	50	49	53	31	41	69	78	27	31	17	31	64	64	78	79	78	78	80	31	48	71	26	72	69	74	74	53	54	64	62	59	57	61	34	21	23	6	15	41	57	40	54	56	30	30	29	30	30	63	18	62	56	29	53	81	100	62	60	15	25	21	20	17	64	64	76	74	76	70	79	78	79	78	78	80	51	74	69	71	37	58	52	54	66	1	60	59	61	61	62	30	29	67	31	68	62	52	63	52	30	31	53	49	41	69	17	31	77	32	16	64	64	55	57	54	48	44	48	31	66	75	57	55	55	52	55	59	27	28	23	23	25	60	57	68	60	52	1	4	15	19	5	40	69	38	68	38	30	30	29	30	30	18	66	37	58	60	59	56	54	54	58	16	14	19	14	19	64	76	74	76	70	79	55	57	54	48	44	15	31	16	17	76	61	67	28	39	1	16	18	16	63	30
20	23	28	27	16	55	59	60	46	54	51	49	28	45	59	64	23	68	17	25	73	70	63	62	62	63	62	25	46	60	24	59	63	64	66	58	53	58	60	52	55	67	24	24	17	6	16	41	54	42	50	54	36	37	36	37	37	59	19	53	68	27	51	63	63	100	79	16	18	19	24	19	73	70	62	61	63	61	65	63	62	62	63	62	29	30	32	32	22	79	53	59	73	1	79	79	81	79	73	25	24	71	25	65	75	54	76	57	30	28	49	51	45	59	17	25	65	66	16	73	70	55	54	55	56	48	46	25	56	62	68	66	66	69	68	64	22	23	20	20	20	63	56	66	55	49	1	5	17	22	5	43	58	43	58	43	36	37	36	37	37	18	58	40	66	54	36	35	36	37	36	17	17	20	16	21	70	62	61	63	61	65	55	54	55	56	48	15	26	15	17	65	70	60	26	44	1	16	19	17	76	26
20	23	28	27	16	53	58	60	48	53	51	49	28	45	59	63	23	64	18	25	69	65	61	60	61	61	60	26	48	60	23	57	62	64	64	54	52	58	61	53	55	67	23	24	17	6	16	42	56	42	51	55	34	34	34	34	34	59	19	52	66	26	51	61	61	79	100	16	17	18	25	20	69	65	61	60	61	60	64	61	60	61	61	60	28	29	31	31	22	76	54	60	71	1	78	77	76	74	71	25	24	72	25	65	71	54	73	57	29	28	49	51	45	59	18	25	63	66	16	69	65	53	53	54	56	48	48	26	57	59	68	62	62	65	62	59	22	23	20	19	20	62	55	67	56	49	1	5	18	22	6	42	58	42	58	40	34	34	34	34	34	18	57	41	63	54	34	34	37	36	35	17	17	20	17	22	65	61	60	61	60	64	53	53	54	56	48	15	26	16	18	63	68	60	26	45	1	17	20	18	72	26
33	31	28	29	24	5	6	7	5	6	7	6	9	4	7	7	31	6	26	27	7	6	6	6	7	6	6	27	6	6	30	6	6	6	6	6	6	6	8	7	5	5	0	59	0	40	100	5	6	6	6	6	6	6	6	6	6	6	24	6	8	24	6	7	6	7	8	100	0	3	55	68	7	6	6	6	7	6	6	6	6	7	6	6	6	6	6	6	5	7	6	6	6	13	7	7	7	7	6	28	30	7	28	8	8	8	7	6	25	9	6	7	4	7	26	27	6	8	24	7	6	5	6	5	7	9	6	27	6	6	6	7	7	7	7	7	31	32	32	32	30	7	8	7	6	7	14	35	68	59	38	7	5	8	6	7	6	6	6	6	6	28	6	6	8	6	5	5	6	6	6	72	69	60	71	64	6	6	6	7	6	6	5	6	5	7	9	26	30	31	25	6	6	6	30	5	7	25	23	27	7	30
26	23	17	19	17	7	6	10	5	6	6	6	8	5	10	10	23	6	18	18	7	7	9	10	10	10	10	19	4	9	23	10	7	9	8	6	7	6	8	7	5	6	55	0	51	0	0	7	6	6	6	6	0	0	0	0	0	10	16	10	7	19	7	9	9	7	7	0	100	43	0	0	7	7	10	10	9	9	9	9	10	10	10	10	6	9	8	8	5	6	4	5	7	1	7	6	6	7	6	19	18	7	18	8	8	7	7	6	18	8	6	6	5	10	18	18	9	8	17	7	7	7	6	6	6	6	4	19	7	9	6	8	7	8	8	8	21	22	25	25	23	6	7	8	6	7	0	0	0	0	0	7	9	6	9	7	0	0	0	0	0	11	12	7	7	9	6	6	6	5	7	0	0	0	0	0	7	10	10	9	9	9	7	6	6	6	6	17	17	18	17	9	7	8	21	5	1	17	16	18	7	22
23	23	19	21	18	6	8	10	6	6	6	6	8	6	10	10	23	7	19	19	8	9	9	10	10	9	10	20	5	10	23	10	8	9	9	6	7	7	9	7	7	7	43	1	40	3	3	7	6	6	6	6	0	0	0	0	0	10	17	10	9	19	6	10	10	9	8	3	43	100	1	2	8	9	9	10	9	9	9	9	10	10	9	10	6	9	9	9	5	8	4	6	8	2	8	8	8	8	8	19	19	9	19	8	9	7	8	6	19	8	6	6	6	10	19	19	10	9	18	8	9	6	6	6	6	6	5	20	8	9	8	10	9	10	10	10	21	23	22	23	23	7	9	9	7	8	5	4	2	1	5	7	9	6	9	7	0	0	0	0	0	11	10	7	8	10	7	7	7	7	8	2	2	1	2	2	9	9	10	9	9	9	6	6	6	6	6	17	18	18	18	9	9	8	23	5	3	17	18	18	9	23
27	27	27	27	25	7	8	10	6	9	9	8	11	6	10	9	27	9	26	25	10	9	9	9	9	9	9	24	7	8	26	8	8	8	9	9	8	9	12	9	8	8	0	55	0	24	56	6	8	6	8	8	9	9	9	9	9	8	22	8	11	22	8	9	9	11	11	56	0	0	100	59	10	9	8	9	9	8	9	9	9	9	9	9	9	8	8	8	6	10	8	9	9	7	10	11	10	9	8	26	26	10	24	11	11	11	10	9	26	11	8	9	6	10	26	25	9	12	25	10	9	7	8	7	11	8	7	24	8	9	9	10	10	11	10	10	27	27	24	25	26	10	11	10	8	10	9	22	55	58	26	10	8	10	8	10	9	9	9	9	9	24	9	7	10	8	8	7	9	9	8	53	59	54	52	61	9	8	9	9	8	9	7	8	7	11	8	25	26	26	26	9	9	8	28	6	5	24	25	27	10	28
30	29	27	27	24	6	7	8	6	7	9	6	10	5	8	7	30	7	27	25	8	7	7	7	7	7	7	26	7	6	27	6	6	6	7	6	7	6	9	8	6	6	0	57	0	32	68	6	6	6	7	6	7	7	7	7	7	7	23	7	9	23	6	7	7	8	9	68	0	2	55	100	8	7	7	7	7	6	7	7	7	7	7	7	7	7	6	6	5	8	6	7	6	10	8	9	8	7	6	27	28	8	26	8	9	10	8	7	24	10	6	9	5	8	27	25	6	9	24	8	7	6	6	5	9	8	7	26	6	7	7	9	8	9	9	9	31	31	31	30	28	9	9	7	7	8	11	27	60	56	30	9	6	9	6	9	7	7	7	7	7	26	7	7	9	6	6	6	7	7	7	63	65	56	64	66	7	7	7	7	6	7	6	6	5	9	8	25	27	29	25	7	7	6	29	5	6	24	23	27	8	28
21	24	28	26	15	56	61	63	47	58	53	53	30	45	60	65	24	38	17	23	100	79	65	63	64	65	63	24	47	59	23	62	62	62	65	59	54	60	62	56	56	68	23	22	16	6	15	43	58	43	54	57	37	37	36	37	37	57	18	52	66	26	52	65	64	74	71	15	17	19	22	19	100	79	63	61	64	63	66	65	63	64	65	63	29	32	32	34	21	77	52	62	79	2	76	72	78	76	74	25	24	75	23	64	73	57	76	60	26	30	53	53	45	60	17	23	63	36	15	100	79	56	56	58	55	47	47	24	59	64	70	65	66	66	67	70	21	23	19	20	21	64	56	68	59	53	2	5	16	20	5	44	59	43	59	43	37	37	36	37	37	17	58	40	69	54	39	36	35	38	38	15	16	20	15	20	79	63	61	64	63	66	56	56	58	55	47	14	25	15	16	65	76	62	26	44	1	15	18	16	77	26
21	24	28	27	15	57	63	65	48	57	52	54	31	44	63	67	24	37	17	25	80	100	68	65	65	68	66	25	48	61	24	64	64	64	67	59	55	59	62	57	55	68	26	21	18	6	15	44	60	43	54	59	35	36	35	35	36	60	17	55	65	28	52	68	66	73	68	15	18	20	20	18	80	100	66	64	66	67	67	68	65	65	68	66	29	33	33	34	21	74	52	61	77	1	73	70	76	75	74	26	25	77	25	65	73	56	74	60	29	31	54	52	44	63	17	25	65	36	15	80	100	57	57	58	55	48	48	25	61	67	69	68	67	67	71	72	23	23	20	20	22	65	56	68	60	53	2	5	16	18	5	45	62	44	61	43	35	36	35	35	36	18	62	39	67	56	38	37	36	35	38	14	15	18	14	19	100	66	64	66	67	67	57	57	58	55	48	13	26	15	15	67	76	64	28	42	1	15	18	16	76	27
21	23	30	28	14	52	64	73	48	48	48	52	29	41	68	80	23	30	16	28	63	64	79	80	79	80	79	28	49	72	23	74	71	76	76	51	52	63	64	60	59	60	32	18	21	5	13	40	57	39	53	56	28	29	28	28	29	66	17	63	56	28	56	78	76	61	60	13	24	20	19	16	63	64	100	80	79	76	80	79	80	79	80	79	26	39	38	40	19	61	54	53	67	1	61	57	61	61	60	28	27	67	27	68	58	51	62	50	31	29	52	48	41	68	16	28	78	31	14	63	64	52	55	52	47	43	49	28	67	72	57	56	54	53	55	58	23	24	20	20	22	60	58	67	63	53	1	4	14	16	5	38	66	37	65	37	28	29	28	28	29	18	68	36	58	62	30	30	29	28	30	15	13	17	13	18	64	100	80	79	76	80	52	55	52	47	43	14	28	16	15	80	61	71	26	40	1	14	16	15	63	26
22	24	30	30	15	53	61	74	47	48	48	50	29	39	68	80	24	29	17	29	62	63	78	78	79	78	79	29	47	73	24	71	70	74	77	52	52	62	65	58	60	59	34	19	23	5	14	40	55	40	51	55	28	29	28	28	29	64	18	62	56	29	54	78	74	61	59	14	24	22	19	17	62	63	81	100	82	76	78	78	78	79	78	79	25	37	37	38	19	60	53	52	66	1	60	56	60	61	60	29	28	67	28	68	57	52	61	50	32	29	50	48	39	68	17	29	78	30	15	62	63	53	56	53	47	43	47	29	67	72	56	59	56	54	56	59	24	26	22	22	23	61	58	68	62	54	1	4	14	17	5	39	66	37	65	37	28	29	28	28	29	18	67	37	57	59	29	29	28	27	30	15	13	18	14	18	63	81	100	82	76	78	53	56	53	47	43	15	28	16	16	78	62	70	27	40	1	15	17	17	63	27
22	24	31	29	16	55	65	75	45	48	48	52	30	41	68	80	25	30	17	28	64	65	82	79	81	80	80	29	48	73	24	74	74	76	77	51	52	65	64	58	59	62	32	19	22	6	14	41	57	40	52	57	29	29	29	29	29	66	18	62	57	29	53	82	76	63	61	14	23	21	19	17	64	65	80	81	100	74	81	82	79	81	80	80	26	40	38	39	20	62	53	54	66	1	62	58	63	63	63	28	28	68	28	71	61	51	65	50	32	30	52	48	41	68	17	28	80	31	16	64	65	55	57	53	48	44	48	29	69	75	58	58	55	53	56	58	24	26	22	22	23	60	58	67	60	53	1	4	15	18	5	38	67	37	66	36	29	29	29	29	29	18	67	36	59	61	30	30	29	28	31	16	14	18	14	19	65	80	81	100	74	81	55	57	53	48	44	15	29	16	16	81	62	70	27	39	1	15	18	17	65	27
19	20	25	25	14	54	65	73	49	49	48	52	30	42	66	75	21	31	15	23	63	66	73	74	72	75	74	24	50	72	20	69	75	76	76	52	53	64	63	61	60	65	29	17	19	5	13	43	62	43	54	61	28	29	28	29	29	65	16	61	55	24	56	72	69	61	61	13	22	20	17	14	63	66	78	77	75	100	76	73	74	72	75	74	25	36	38	39	19	63	53	54	66	1	61	59	63	64	61	23	22	70	22	68	56	51	60	50	30	30	52	48	42	66	15	23	74	31	14	63	66	54	56	54	47	43	50	24	72	69	59	60	54	56	57	57	20	21	18	18	19	63	56	66	64	55	1	3	13	14	4	39	64	37	63	37	28	29	28	29	29	17	68	37	58	63	30	32	30	30	32	13	11	16	13	16	66	78	77	75	100	76	54	56	54	47	43	13	23	15	15	78	66	75	23	40	1	14	16	15	62	22
21	23	30	29	15	55	65	75	47	50	50	54	30	41	71	81	23	32	16	28	66	65	79	79	79	81	79	28	49	76	23	73	75	78	78	53	54	66	67	61	61	66	30	20	21	5	14	42	60	41	54	59	30	30	30	30	30	67	18	65	59	29	54	80	79	65	63	14	24	20	20	17	66	65	82	79	82	76	100	79	79	79	81	79	27	39	39	39	20	64	54	56	70	1	65	63	66	66	65	27	27	72	27	72	60	52	65	52	34	30	54	50	41	71	16	28	80	33	15	66	65	55	58	54	48	44	49	28	70	75	61	60	59	57	59	60	23	25	20	20	22	65	60	70	64	57	1	4	15	18	5	40	67	38	67	38	30	30	30	30	30	18	68	36	60	63	32	32	31	31	33	15	14	18	14	18	65	82	79	82	76	100	55	58	54	48	44	15	28	16	16	83	66	73	26	40	1	15	17	16	66	26
22	25	31	30	15	55	67	73	46	48	48	52	30	42	67	82	26	29	17	29	65	67	100	82	83	81	82	29	49	74	24	77	73	76	76	52	52	67	64	58	60	62	32	19	21	5	14	40	58	40	54	58	29	30	29	29	30	65	18	64	57	29	55	83	79	63	61	14	23	21	20	17	65	67	80	78	82	73	79	100	82	83	81	82	26	40	38	39	19	61	53	54	66	1	62	59	63	62	63	29	29	68	29	71	63	51	65	50	30	30	52	48	42	67	17	29	80	31	15	65	67	55	58	53	48	44	49	29	71	76	58	57	56	53	56	59	24	25	22	22	23	60	59	68	61	54	1	4	15	18	5	39	69	37	69	37	29	30	29	29	30	18	68	36	59	63	30	30	29	29	31	15	13	18	13	19	67	80	78	82	73	79	55	58	53	48	44	15	29	16	16	79	62	72	28	39	1	15	17	16	64	28
22	25	31	31	14	55	65	73	46	49	48	52	30	41	68	81	25	30	16	30	64	65	82	100	82	82	81	30	49	74	25	76	71	76	76	52	53	65	63	58	61	61	33	19	22	5	13	40	58	40	54	58	28	29	28	29	29	65	17	66	57	30	56	82	79	62	60	13	24	21	19	15	64	65	82	79	80	74	79	82	100	82	82	81	26	39	38	40	20	60	54	55	66	1	61	59	61	61	62	30	29	67	29	68	62	51	64	51	31	30	52	48	41	68	16	30	81	32	14	64	65	55	57	54	48	43	49	30	68	75	59	57	56	53	55	59	24	26	22	22	24	60	58	66	61	53	1	4	13	17	5	38	68	37	68	37	28	29	28	29	29	18	70	37	59	64	31	31	29	29	31	15	13	17	13	18	65	82	79	80	74	79	55	57	54	48	43	14	30	16	16	79	61	71	28	40	1	15	17	16	64	28
22	25	32	31	15	54	64	72	45	47	48	51	30	41	67	80	26	29	17	30	63	64	83	81	100	80	83	30	48	73	24	73	70	74	74	52	52	64	64	58	61	59	33	19	22	5	14	40	56	40	52	55	29	30	29	29	30	65	18	63	56	29	55	82	78	62	61	14	24	21	19	16	63	64	80	79	81	72	78	83	81	100	80	83	26	39	37	39	19	60	53	53	65	1	60	59	61	61	61	31	30	66	30	69	61	51	64	50	31	30	51	48	41	67	17	30	79	31	15	63	64	54	56	53	47	43	48	30	67	74	57	56	53	52	54	57	25	26	22	22	24	61	60	67	60	54	1	4	14	18	4	38	67	37	66	37	29	30	29	29	30	18	66	37	57	61	30	30	29	29	30	16	14	18	14	19	64	80	79	81	72	78	54	56	53	47	43	15	31	16	17	77	60	70	28	40	1	15	17	16	62	28
22	25	32	31	16	55	64	75	47	50	49	54	31	42	71	80	25	31	17	31	67	67	82	82	82	100	83	31	49	74	25	75	70	75	76	54	54	64	63	59	58	62	32	19	22	6	14	41	58	41	53	57	30	30	30	30	30	65	18	65	57	30	55	80	79	63	62	14	24	20	20	17	67	67	81	79	81	76	81	82	82	82	100	83	26	40	38	39	19	62	54	55	67	1	62	60	63	63	64	30	29	70	30	69	63	53	65	52	32	31	54	49	42	71	17	31	78	32	16	67	67	56	58	56	49	44	49	31	67	76	59	60	57	55	57	61	25	27	22	22	23	62	56	67	61	53	1	4	15	18	5	40	70	38	69	38	30	30	30	30	30	18	69	37	59	62	32	30	30	30	31	15	14	18	14	19	67	81	79	81	76	81	56	58	56	49	44	15	30	16	17	80	64	71	29	40	1	16	18	17	65	28
23	25	31	31	16	54	63	75	45	49	48	52	30	40	69	80	26	30	17	30	63	65	81	81	83	82	100	30	47	73	25	73	70	75	75	54	54	62	64	59	57	61	33	20	22	6	14	41	57	41	52	56	29	29	29	29	29	64	18	62	56	29	54	83	80	62	60	14	24	21	20	17	63	65	80	79	81	73	79	81	81	83	82	100	26	39	38	39	19	60	52	53	65	1	60	58	61	60	62	30	29	68	30	70	62	52	64	50	32	30	52	48	40	69	17	30	79	32	16	63	65	54	56	54	48	44	47	30	66	75	56	58	55	54	56	58	25	27	22	22	24	62	59	67	60	53	1	4	15	18	5	40	68	38	67	38	29	29	29	29	29	19	66	37	58	60	30	30	29	29	31	16	14	19	14	19	65	80	79	81	73	79	54	56	54	48	44	15	30	17	17	78	61	69	28	39	1	16	18	17	62	28
8	8	9	8	11	72	28	26	24	37	36	34	51	22	26	29	8	63	12	8	32	30	28	28	28	28	29	8	24	26	8	26	28	28	30	38	37	32	56	51	31	36	17	19	11	5	14	23	28	23	24	28	17	34	17	18	34	25	12	22	28	8	31	52	55	31	31	14	16	14	20	17	32	30	28	27	29	27	30	28	28	28	28	29	100	54	55	56	58	32	51	55	33	1	32	30	32	31	31	8	7	31	7	28	30	34	31	40	8	51	34	36	22	26	12	8	29	59	11	32	30	72	70	75	70	60	24	8	25	27	31	26	26	26	27	26	7	7	7	7	7	59	52	65	52	46	1	4	14	18	4	29	25	29	25	30	17	34	17	18	34	25	26	27	29	25	62	61	60	61	63	14	14	18	13	18	30	28	27	29	27	30	72	70	75	70	60	10	8	12	12	29	31	27	8	30	1	11	13	12	30	9
12	13	17	17	8	52	34	37	22	24	24	27	59	20	34	41	13	60	8	16	33	34	41	41	40	40	40	16	25	37	13	38	35	39	39	26	26	35	64	60	34	34	32	20	24	6	15	38	31	38	28	31	14	26	14	14	26	34	9	34	29	15	27	77	76	31	30	15	23	21	20	16	33	34	40	38	40	36	40	41	41	40	40	40	52	100	77	78	38	30	49	51	36	1	30	29	31	31	32	16	16	34	16	35	31	25	32	25	16	59	27	24	20	34	8	16	40	62	8	33	34	52	53	50	43	40	25	16	36	39	29	29	29	27	28	30	13	14	12	11	13	62	58	68	61	55	1	4	14	18	5	20	34	19	34	19	14	26	14	14	26	36	35	18	31	33	62	61	58	58	62	16	14	18	13	19	34	40	38	40	36	40	52	53	50	43	40	8	16	8	9	40	31	36	15	19	1	8	10	8	32	15
10	11	14	14	7	52	34	37	23	24	24	26	59	21	34	38	11	62	8	14	32	33	38	39	38	38	38	13	25	37	11	38	38	40	40	26	26	36	65	59	34	33	29	18	20	5	13	39	30	39	28	30	14	27	14	14	26	33	8	33	30	14	28	73	69	32	32	13	21	18	17	15	32	33	38	38	38	38	39	38	39	38	38	38	52	76	100	79	38	32	50	50	35	1	32	31	32	32	32	13	13	35	13	36	31	25	31	25	16	59	26	24	21	34	8	14	39	61	7	32	33	52	54	50	43	40	25	13	35	38	30	31	29	28	29	30	11	11	10	10	11	62	59	67	63	54	1	3	12	15	4	19	33	18	34	18	14	27	14	14	26	35	35	19	31	32	62	64	60	60	64	14	11	17	13	17	33	38	38	38	38	39	52	54	50	43	40	6	14	7	7	39	33	37	13	20	1	7	8	7	32	13
10	11	14	14	7	52	35	36	23	24	24	26	58	21	33	40	11	62	8	13	33	33	38	39	39	38	39	13	25	36	11	38	38	39	40	25	26	36	65	61	35	32	29	18	20	5	14	39	30	39	28	30	14	27	14	14	27	33	8	32	29	13	28	73	71	31	31	14	21	20	18	14	33	33	40	39	39	38	39	38	39	39	38	39	52	76	77	100	40	31	52	50	36	1	30	30	31	32	31	13	13	35	13	36	29	25	31	25	14	58	26	24	21	33	8	13	40	62	7	33	33	52	54	50	43	40	25	12	36	37	30	29	28	26	27	29	11	12	10	10	11	63	59	67	66	55	1	3	12	16	4	19	33	18	33	18	14	27	14	14	27	35	34	19	31	33	62	62	59	59	62	15	12	17	12	17	33	40	39	39	38	39	52	54	50	43	40	7	13	7	8	40	32	37	13	20	0	7	9	7	32	12
6	6	7	6	10	61	22	20	22	30	30	29	37	20	19	22	6	47	10	6	24	23	22	22	22	22	22	6	20	20	7	21	21	22	23	30	29	22	43	39	22	24	16	15	12	5	11	22	20	22	19	20	12	22	12	12	22	22	10	18	23	6	26	41	42	26	25	11	15	14	14	14	24	23	22	22	22	22	22	22	22	22	22	22	62	41	43	46	100	25	42	42	25	1	25	25	26	26	24	6	6	24	6	20	24	26	24	30	6	37	29	30	20	19	10	6	22	48	10	24	23	61	59	58	58	61	20	6	20	21	24	20	20	20	20	20	6	6	6	6	6	46	40	50	41	34	1	4	12	11	5	24	19	24	19	22	12	22	12	12	22	22	21	31	23	21	46	48	47	47	48	12	12	12	11	14	23	22	22	22	22	22	61	59	58	58	61	9	6	12	11	22	23	21	6	37	1	10	10	10	25	7
18	20	26	24	15	54	59	60	48	56	51	49	28	45	57	61	20	36	16	22	76	71	60	59	59	61	59	22	46	58	20	57	62	60	63	58	53	60	61	54	56	70	20	21	14	6	15	42	55	42	51	55	38	38	38	38	38	58	18	50	65	24	52	60	58	77	76	15	15	16	23	19	76	71	61	60	62	62	64	60	59	59	61	59	29	29	31	31	22	100	53	62	74	2	81	76	79	77	75	22	21	74	21	64	70	55	76	61	27	28	49	51	45	57	16	22	60	35	15	76	71	54	53	56	56	48	46	22	57	58	70	65	64	67	66	62	19	20	17	17	19	63	54	67	58	50	1	5	16	20	5	42	55	42	55	41	38	38	38	38	38	17	56	41	65	53	38	36	36	39	37	15	16	19	15	20	71	61	60	62	62	64	54	53	56	56	48	14	23	15	16	63	72	60	22	45	1	15	18	16	75	22
12	13	15	14	11	54	57	49	65	48	49	49	23	52	47	55	13	27	13	12	54	53	55	55	54	54	53	13	70	51	13	53	55	55	56	50	51	57	54	52	56	55	13	17	9	5	12	36	51	36	44	51	31	31	31	31	31	50	14	45	49	13	54	55	54	54	55	12	12	11	17	16	54	53	55	54	54	54	55	55	55	54	54	53	49	49	50	54	38	56	100	59	56	9	54	52	56	54	53	13	13	57	12	52	51	48	52	50	14	23	49	49	52	47	13	12	54	26	11	54	53	54	55	52	47	44	70	13	51	52	55	48	44	44	46	46	12	12	12	12	12	59	52	61	54	47	1	4	13	15	4	38	47	37	47	36	31	31	31	31	31	12	51	38	50	49	50	53	48	50	50	13	12	16	12	17	53	55	54	54	54	55	54	55	52	47	44	10	14	11	11	56	54	54	13	40	8	11	13	12	54	14
13	15	18	17	12	55	61	53	52	55	51	52	26	46	53	57	15	33	14	14	66	63	56	56	55	56	55	15	54	54	15	52	58	57	59	57	53	59	59	63	58	65	14	19	9	5	13	40	56	40	48	57	34	35	34	35	35	52	15	45	57	17	52	56	56	64	64	13	13	12	20	17	66	63	56	54	57	56	59	56	56	55	56	55	54	51	52	53	39	67	60	100	66	3	65	63	67	66	63	16	15	69	14	57	60	53	62	57	18	26	52	51	46	53	14	14	56	30	12	66	63	55	54	55	52	46	54	15	54	55	65	57	54	55	56	54	14	14	13	13	13	69	57	66	60	54	1	4	15	17	4	42	50	41	50	41	34	35	34	35	35	13	52	41	57	53	61	62	59	62	62	14	14	16	13	18	63	56	54	57	56	59	55	54	55	52	46	11	16	12	13	59	66	57	15	42	2	12	15	13	63	16
19	23	27	25	15	56	60	63	46	55	54	51	30	44	61	66	22	36	16	23	78	73	64	64	64	64	63	23	47	61	22	61	64	65	67	58	56	63	65	58	60	72	24	20	17	5	13	44	59	44	53	59	34	34	33	34	34	60	17	53	64	26	51	64	64	72	70	13	18	19	20	17	78	73	65	64	65	64	67	64	64	64	64	63	29	33	33	35	22	73	53	62	100	1	71	69	72	72	71	24	23	72	23	65	68	55	73	58	27	30	51	54	44	61	16	23	66	36	15	78	73	56	56	56	53	47	47	23	60	63	67	64	64	63	64	67	21	23	18	19	20	67	57	73	62	53	1	4	15	18	4	42	59	41	59	41	34	34	33	34	34	17	59	39	65	56	37	36	34	35	38	14	14	18	13	18	73	65	64	65	64	67	56	56	56	53	47	14	24	15	15	66	75	62	25	44	1	14	18	15	74	25
11	10	8	9	7	0	1	1	10	1	1	0	1	11	1	1	10	1	9	10	2	1	1	1	1	1	1	10	9	1	11	1	1	1	1	1	1	1	2	3	1	1	2	18	1	45	30	3	2	3	2	2	2	2	2	2	2	1	7	1	2	8	1	0	0	2	2	30	2	5	16	25	2	1	1	1	1	1	1	1	1	1	1	1	1	1	1	1	1	2	10	3	1	100	2	2	2	1	1	9	12	2	11	2	2	2	2	1	7	1	0	1	11	1	9	10	1	2	7	2	1	0	0	0	2	6	9	10	1	1	2	2	2	2	2	1	11	11	13	13	12	3	0	2	1	1	42	37	26	17	36	2	1	2	1	2	2	2	2	2	2	5	1	1	2	1	1	1	1	1	1	28	26	20	27	22	1	1	1	1	1	1	0	0	0	2	6	9	10	11	8	1	1	1	9	1	47	7	5	7	1	9
20	22	27	26	16	54	59	59	48	55	52	50	29	46	59	62	22	37	16	23	75	71	61	61	60	61	60	24	47	60	22	58	61	63	63	57	53	57	61	53	54	67	22	22	16	6	15	43	55	43	51	55	38	38	38	38	38	59	18	52	67	26	51	62	61	79	78	15	16	16	23	20	75	71	62	60	62	61	65	61	61	60	61	60	29	29	31	31	22	83	53	61	72	1	100	80	80	78	76	24	23	73	24	65	74	54	78	60	28	29	50	52	46	59	16	23	62	36	16	75	71	54	53	56	56	48	47	24	56	61	71	65	66	68	67	62	21	22	19	19	20	61	53	67	57	48	1	6	17	20	6	43	57	43	57	42	38	38	38	38	38	17	57	41	66	53	38	36	37	39	36	15	16	19	15	20	71	62	60	62	61	65	54	53	56	56	48	14	25	15	16	63	71	59	25	45	1	15	19	16	76	25
19	22	27	26	17	54	59	60	46	54	50	50	29	46	59	61	22	36	16	25	72	69	60	60	60	60	59	25	47	59	22	56	61	62	62	57	52	59	59	51	55	67	22	23	16	7	16	42	54	42	52	54	36	37	36	36	37	57	18	52	66	26	51	60	61	80	78	16	16	18	24	20	72	69	60	58	60	60	64	60	60	60	60	59	29	29	31	31	22	79	52	60	71	1	80	100	79	78	73	24	23	72	25	63	75	55	76	58	30	29	50	50	46	59	16	25	62	36	17	72	69	54	52	54	56	48	47	25	56	59	69	65	66	67	65	62	21	23	19	19	20	61	52	66	56	48	2	6	17	23	6	44	57	44	57	43	36	37	36	36	37	17	55	40	64	53	36	35	36	38	37	17	17	19	16	21	69	60	58	60	60	64	54	52	54	56	48	14	25	15	17	62	69	58	26	45	1	17	20	17	73	25
19	21	26	25	15	56	61	61	48	56	53	51	29	46	59	63	21	36	16	23	75	73	63	60	61	62	61	23	48	61	22	59	64	64	65	59	54	60	63	55	57	69	22	22	15	6	15	43	58	43	51	58	38	39	38	39	39	59	18	53	68	25	52	62	61	81	77	15	17	18	22	19	75	73	62	61	64	63	67	63	60	61	62	61	29	30	32	32	22	81	54	62	73	1	80	79	100	85	75	24	22	77	23	65	73	55	75	59	27	29	51	53	46	59	16	23	63	36	15	75	73	56	55	56	56	49	48	23	59	62	72	68	65	70	71	66	20	21	18	18	19	64	55	68	58	51	1	5	17	20	5	46	57	45	57	44	38	39	38	39	39	17	58	41	66	56	37	37	38	37	38	15	16	19	14	20	73	62	61	64	63	67	56	55	56	56	49	14	24	15	16	66	74	62	24	44	1	15	18	16	77	24
19	21	25	24	15	56	61	63	47	57	52	53	29	45	60	65	21	36	16	23	75	73	63	62	61	63	61	23	47	62	22	59	64	65	66	59	54	61	64	57	58	69	23	22	16	6	15	44	58	44	52	57	38	39	38	38	39	60	19	53	68	25	53	64	62	79	74	15	17	19	22	18	75	73	62	61	64	64	67	63	62	61	63	61	29	30	32	32	23	79	53	63	74	2	79	77	85	100	74	22	22	74	22	65	73	55	76	58	28	29	53	52	45	60	16	23	63	36	15	75	73	56	55	56	56	49	47	23	61	63	71	68	66	69	70	66	20	22	18	18	19	65	56	68	59	52	1	5	16	20	5	46	58	44	58	44	38	39	38	38	39	17	59	41	67	57	36	37	37	37	38	15	16	19	14	19	73	62	61	64	64	67	56	55	56	56	49	14	23	15	16	67	74	63	24	44	1	15	18	16	78	24
19	21	27	25	14	58	60	62	48	57	52	53	31	45	61	64	22	37	15	23	76	73	64	62	62	64	63	24	47	61	22	61	61	62	64	58	54	59	60	53	54	69	22	20	17	6	14	44	58	44	53	57	35	36	35	36	36	59	17	55	67	26	52	66	65	73	73	14	16	17	20	17	76	73	62	61	64	61	66	64	62	62	64	63	30	32	33	32	22	78	53	62	74	2	77	74	76	75	100	24	23	73	24	63	72	54	75	61	27	31	53	52	45	61	15	23	64	34	14	76	73	58	57	59	55	50	47	24	59	66	72	68	67	66	67	67	21	22	18	18	19	62	54	67	56	50	2	5	16	17	5	44	61	43	61	42	35	36	35	36	36	17	60	41	67	56	38	36	37	38	38	14	14	17	13	18	73	62	61	64	61	66	58	57	59	55	50	13	25	14	15	66	72	61	25	44	1	14	17	15	77	24
58	61	77	80	52	13	16	26	11	14	14	12	13	10	26	27	62	10	48	77	21	21	27	27	28	27	26	73	10	24	58	26	19	23	23	13	13	16	23	18	14	17	50	55	49	33	59	14	17	15	17	17	8	8	8	8	8	22	43	25	22	64	11	27	27	23	22	59	40	37	53	56	21	21	25	26	25	21	24	27	27	28	27	26	6	15	12	12	5	20	12	14	20	9	21	22	20	19	20	100	79	20	77	25	25	15	22	13	67	13	12	14	10	26	48	77	25	13	52	21	21	13	12	11	16	12	10	73	19	24	17	24	24	24	24	25	63	65	56	55	59	18	19	18	17	18	10	28	60	62	31	16	25	16	25	15	8	8	8	8	8	27	24	12	21	20	11	9	10	10	10	55	60	58	56	62	21	25	26	25	21	24	13	12	11	16	12	47	78	50	48	24	19	20	66	9	4	48	45	51	23	66
62	64	75	77	51	12	16	26	11	14	14	12	13	10	26	27	66	10	50	78	21	21	28	28	28	28	26	74	10	24	62	27	20	24	23	12	13	17	23	18	15	17	51	60	51	37	65	14	17	14	18	17	8	8	8	8	8	22	44	25	22	64	11	27	27	22	22	65	41	38	53	61	21	21	25	26	26	22	25	28	28	28	28	26	6	15	12	12	5	19	12	13	20	11	20	21	20	19	19	80	100	20	81	24	25	15	22	13	68	13	12	14	10	26	50	78	26	12	51	21	21	12	12	11	15	13	10	74	19	25	16	23	23	23	23	25	65	67	60	59	63	18	19	18	17	17	11	31	65	65	34	15	26	15	25	14	8	8	8	8	8	28	24	12	20	20	10	8	10	10	10	62	67	63	61	67	21	25	26	26	22	25	12	12	11	15	13	49	80	52	49	24	19	20	69	10	5	46	44	51	22	70
19	21	25	24	15	54	61	65	47	54	50	53	29	43	63	67	21	66	17	22	72	72	65	64	63	66	65	22	47	63	21	61	66	67	68	56	54	59	63	59	54	67	23	21	17	7	16	43	57	42	52	57	33	34	33	33	34	61	18	53	62	24	52	65	65	70	70	16	18	19	22	19	72	72	66	65	67	67	70	65	64	63	66	65	28	32	33	34	21	73	53	62	71	2	71	68	75	72	70	23	22	100	22	67	65	56	68	58	27	29	53	50	43	63	17	22	65	63	15	72	72	54	56	55	53	46	47	22	61	64	71	66	62	63	66	63	20	21	19	19	19	64	56	67	58	52	2	6	16	19	6	43	60	43	60	42	33	34	33	33	34	17	62	38	65	57	35	35	34	34	36	16	16	19	15	20	72	66	65	67	67	70	54	56	55	53	46	14	23	15	16	70	72	65	23	41	1	16	19	17	70	23
60	62	75	76	52	13	16	26	11	14	14	13	13	11	26	26	64	10	48	78	21	21	27	28	28	28	27	73	10	25	59	26	20	23	23	13	14	17	22	17	15	17	50	56	49	35	61	15	17	15	17	17	8	8	8	8	8	23	44	25	22	64	11	28	29	23	23	61	41	38	51	57	21	21	26	26	26	22	25	27	28	28	28	27	6	15	12	12	5	20	12	13	20	10	21	22	20	20	20	78	81	20	100	25	26	16	23	13	67	13	13	14	11	26	48	78	26	12	52	21	21	13	13	11	16	13	10	73	20	26	17	24	23	24	24	25	63	67	57	56	61	18	19	18	16	17	10	29	61	63	32	15	26	15	26	14	8	8	8	8	8	27	24	12	21	21	10	8	10	9	10	58	62	61	59	62	21	26	26	26	22	25	13	13	11	16	13	48	79	51	49	24	19	20	67	10	4	47	45	50	22	68
21	23	31	30	17	52	62	72	43	46	47	50	31	40	67	72	24	58	18	27	64	64	71	68	70	69	70	27	46	68	22	67	75	75	76	51	50	65	65	62	59	65	26	23	18	7	17	43	59	42	54	59	30	31	30	30	30	63	19	57	58	28	48	71	69	66	65	17	20	19	24	20	64	64	69	68	72	68	73	71	68	70	69	70	26	35	36	37	18	65	51	55	68	2	64	62	65	65	62	27	26	69	27	100	60	51	64	49	33	31	50	47	40	67	18	27	72	57	17	64	64	52	52	49	47	41	46	27	66	70	59	58	56	56	56	56	23	25	19	20	21	62	57	67	63	51	1	5	17	22	5	37	65	36	65	36	30	31	30	30	30	18	62	34	60	59	30	30	30	31	31	18	16	21	16	23	64	69	68	72	68	73	52	52	49	47	41	16	29	16	18	75	62	69	26	37	1	17	20	18	64	26
24	28	31	29	17	55	58	59	46	58	51	51	30	45	61	62	28	35	19	29	75	74	65	64	63	65	64	29	47	58	28	60	58	59	61	58	53	58	58	51	54	62	28	25	19	8	17	41	54	41	52	54	36	37	36	37	37	57	20	53	67	30	51	66	65	79	73	17	20	20	26	22	75	74	61	60	64	58	63	65	64	63	65	64	28	31	31	31	22	75	52	59	71	2	76	77	76	76	73	29	28	70	30	61	100	56	79	59	30	30	51	51	45	61	19	29	62	38	17	75	74	55	54	55	57	48	47	29	55	64	67	64	66	67	66	66	26	27	23	24	25	59	53	65	53	48	2	6	19	24	7	45	60	45	60	44	36	37	36	37	37	18	57	41	65	53	35	34	36	36	36	18	18	22	18	23	74	61	60	64	58	63	55	54	55	57	48	16	29	17	18	62	70	57	31	43	1	18	21	19	76	31
19	20	20	21	20	63	52	55	45	63	64	60	28	41	54	56	21	52	22	17	59	57	53	54	54	55	56	18	44	50	20	50	51	54	56	66	68	50	54	52	49	53	19	26	14	9	20	42	49	42	44	48	33	34	33	33	34	50	23	44	50	19	62	54	55	57	58	20	19	16	26	25	59	57	55	56	55	54	56	53	54	54	55	56	33	26	26	27	24	59	49	52	60	2	57	57	58	58	55	19	18	62	18	54	57	100	58	66	20	28	60	64	41	54	22	17	54	55	20	59	57	63	63	64	64	54	44	18	48	52	53	50	49	52	52	50	18	17	18	18	18	56	50	62	50	46	2	7	20	26	7	52	49	52	48	52	33	34	33	33	34	14	50	47	52	48	28	27	28	28	29	20	20	24	19	24	57	55	56	55	54	56	63	63	64	64	54	19	18	21	21	55	58	51	20	48	1	20	24	21	58	21
22	25	28	27	16	57	60	63	48	57	51	50	30	45	61	66	25	37	17	25	77	73	66	65	65	66	65	25	47	61	25	61	60	62	64	59	54	58	62	53	55	68	24	24	17	7	16	42	56	42	53	55	37	38	37	37	38	62	19	56	69	28	52	67	65	78	74	16	17	19	24	20	77	73	64	63	66	61	66	66	65	65	66	65	29	32	32	33	22	79	53	60	76	2	80	77	77	77	75	25	25	72	25	65	77	56	100	60	30	30	50	51	45	61	17	25	66	37	16	77	73	57	54	56	56	49	47	25	58	64	69	67	68	69	69	68	23	24	20	21	22	63	54	67	56	50	1	5	17	23	6	44	60	44	60	43	37	38	37	37	38	18	60	41	67	55	37	35	37	37	38	17	17	21	16	21	73	64	63	66	61	66	57	54	56	56	49	15	26	16	17	65	72	60	28	44	1	16	19	16	79	28
16	17	18	18	23	76	52	52	48	77	71	69	26	44	53	55	17	32	23	16	64	62	53	53	53	55	54	16	46	49	17	50	51	53	55	74	72	52	53	50	51	59	18	20	12	6	15	46	50	47	45	50	36	37	36	37	37	49	24	44	55	17	61	54	55	61	61	15	16	15	21	19	64	62	55	54	54	54	56	53	53	53	55	54	39	26	27	27	29	67	53	58	63	1	64	62	64	63	62	17	16	64	16	53	61	68	63	100	18	26	69	71	44	53	23	16	53	31	23	64	62	76	74	79	75	64	46	16	48	52	59	54	54	54	56	54	16	15	15	15	15	58	49	64	51	45	1	5	16	19	6	61	48	61	48	60	36	37	36	37	37	13	51	57	55	48	33	32	31	31	31	14	15	18	14	20	62	55	54	54	54	56	76	74	79	75	64	20	16	25	23	54	62	51	16	59	1	22	26	23	63	18
55	57	69	67	53	15	19	32	11	16	17	14	15	11	31	32	58	24	47	72	25	26	29	30	30	31	30	68	13	31	54	28	26	29	30	15	16	22	28	22	18	23	48	54	44	27	52	18	23	17	20	23	10	10	10	10	10	27	45	29	27	64	13	30	29	28	27	52	40	38	50	50	25	26	30	32	31	29	32	29	30	30	31	30	8	15	16	14	5	25	14	17	26	7	25	27	24	24	24	68	69	25	68	31	27	19	27	15	100	15	14	17	11	31	47	72	30	28	53	25	26	15	15	13	18	11	13	68	27	30	22	29	28	28	28	29	57	60	52	52	55	24	23	22	22	22	8	22	56	62	25	17	29	16	28	16	10	10	10	10	10	27	29	12	25	25	12	11	13	12	13	54	56	55	53	60	26	30	32	31	29	32	15	15	13	18	11	48	69	48	50	31	26	27	63	9	3	48	50	52	27	61
12	13	15	15	10	27	31	31	21	25	27	27	100	21	34	33	14	61	9	14	32	33	32	33	31	32	32	15	24	32	13	33	33	33	32	25	27	31	59	60	28	33	26	24	21	10	20	41	33	40	29	32	27	27	27	27	27	30	10	29	29	15	24	33	34	31	30	20	19	18	26	24	32	33	32	31	32	32	33	32	33	31	32	32	50	63	63	64	36	30	25	28	32	2	31	30	31	31	31	14	14	33	14	33	31	28	31	26	16	100	27	27	21	34	9	14	33	63	10	32	33	27	27	25	25	21	24	14	33	35	31	28	29	27	28	29	14	13	11	11	13	60	52	64	58	52	2	7	19	25	7	20	33	20	33	20	27	27	27	27	27	37	32	18	32	30	60	60	61	62	61	18	20	23	18	22	33	32	31	32	32	33	27	27	25	25	21	9	15	9	10	33	32	32	15	19	1	10	12	10	31	14
15	16	16	16	22	73	55	54	45	68	75	100	28	46	58	58	16	27	23	14	56	58	56	57	56	57	57	14	50	56	16	57	56	57	59	66	67	53	53	52	51	54	18	19	12	5	14	48	56	47	48	55	29	29	29	29	29	52	24	48	53	15	61	58	59	53	53	14	16	15	19	17	56	58	58	55	58	56	60	56	57	56	57	57	35	29	29	29	28	54	51	53	57	1	54	52	56	57	56	14	13	61	14	54	52	62	53	70	16	28	100	75	46	58	23	14	56	27	22	56	58	73	73	71	67	60	50	14	55	60	57	49	47	46	50	49	14	14	14	15	14	55	51	61	53	47	1	4	14	17	4	60	53	59	53	58	29	29	29	29	29	13	55	56	55	53	27	28	26	27	28	15	14	17	14	19	58	58	55	58	56	60	73	73	71	67	60	19	14	25	23	60	56	55	15	53	1	22	25	23	56	17
18	19	20	20	25	74	51	52	45	70	100	76	28	45	56	54	19	28	26	18	58	57	53	52	53	53	53	18	49	52	18	52	52	52	56	68	71	51	55	50	50	54	19	22	13	8	18	48	53	48	44	52	32	33	32	33	33	52	26	46	55	18	60	54	55	56	56	18	17	16	24	23	58	57	54	54	53	52	55	53	52	53	53	53	36	26	26	26	28	57	52	54	60	1	56	54	58	58	56	18	17	58	17	51	54	68	55	72	20	28	76	100	45	56	26	18	52	28	25	58	57	74	71	71	71	61	49	18	50	54	57	53	49	51	52	51	17	16	16	17	16	58	51	63	51	47	1	5	19	22	6	61	50	60	49	58	32	33	32	33	33	15	53	58	55	50	27	28	27	27	29	16	18	20	17	21	57	54	54	53	52	55	74	71	71	71	61	22	19	27	25	54	58	50	19	55	1	25	28	26	59	19
14	15	14	13	12	49	51	43	61	46	48	49	22	100	44	47	14	25	14	12	51	50	48	47	47	47	47	12	62	47	15	49	49	49	49	47	46	49	47	44	47	50	16	19	10	5	13	37	47	37	42	47	26	27	26	26	27	48	14	43	50	13	49	47	47	52	52	13	15	15	16	15	51	50	49	46	47	49	47	48	47	47	47	47	23	23	24	25	21	53	60	50	51	12	52	52	53	52	51	13	12	52	12	47	50	45	50	47	14	22	49	48	100	44	14	12	48	25	12	51	50	49	48	48	46	46	62	12	48	48	52	44	41	43	43	42	12	13	14	14	13	49	44	53	46	41	1	4	14	14	5	38	44	37	45	36	26	27	26	26	27	12	47	43	51	48	25	25	25	25	25	14	13	16	13	17	50	49	46	47	49	47	49	48	48	46	46	12	13	12	13	48	49	47	14	42	9	11	12	12	50	15
24	26	32	32	17	49	57	74	44	50	52	54	33	41	100	72	27	57	19	30	62	63	68	70	69	72	70	32	47	72	25	69	64	69	70	51	51	59	62	60	52	60	34	22	23	6	16	42	56	40	55	55	30	30	30	30	30	63	20	62	57	32	49	68	72	60	61	16	25	22	22	19	62	63	71	71	69	68	73	68	70	69	72	70	25	35	35	34	18	59	48	53	65	2	60	59	60	61	60	30	28	67	29	68	59	52	61	50	34	33	54	52	41	100	19	30	71	58	17	62	63	49	51	49	48	40	47	32	66	74	59	59	58	57	58	59	26	27	23	23	24	59	55	64	60	53	1	5	16	21	5	42	68	42	67	40	30	30	30	30	30	19	66	37	60	59	31	30	28	29	31	18	16	20	15	22	63	71	71	69	68	73	49	51	49	48	40	16	30	18	18	70	62	63	29	37	1	17	20	18	63	28
59	58	51	53	72	19	12	16	12	23	21	18	8	10	17	16	61	7	100	50	15	15	15	15	15	15	15	50	11	15	56	14	13	13	14	19	17	12	17	14	11	12	35	68	37	29	59	14	12	14	12	13	9	9	9	9	9	15	68	15	16	46	14	15	15	16	17	59	38	38	55	61	15	15	14	15	15	14	15	15	15	15	15	15	10	7	6	7	8	16	11	13	14	9	15	16	15	15	13	51	51	16	48	16	16	19	15	19	48	8	18	21	10	17	100	50	14	9	72	15	15	19	19	17	22	18	11	50	13	14	13	17	15	19	17	17	56	59	55	55	56	14	17	16	14	16	10	26	60	70	28	22	15	21	15	21	9	9	9	9	9	20	16	17	16	15	7	6	7	7	7	66	61	72	62	72	15	14	15	15	14	15	19	19	17	22	18	75	50	70	74	15	15	13	58	17	5	68	69	72	16	58
61	64	74	73	54	14	17	28	11	14	15	13	14	11	28	29	63	11	50	100	22	22	28	29	29	30	28	76	11	27	59	27	21	25	25	14	14	18	24	19	16	18	49	58	48	33	59	15	18	15	18	18	9	9	9	9	9	24	47	27	23	66	12	29	30	24	24	59	41	38	52	54	22	22	27	28	28	23	27	28	29	29	30	28	7	15	13	12	5	21	13	14	22	9	22	24	21	21	21	77	78	21	78	26	27	17	24	14	72	14	13	15	11	28	50	100	27	13	54	22	22	13	13	12	16	12	11	76	22	27	18	25	26	25	24	27	64	68	57	57	62	19	20	19	18	18	10	27	61	66	31	16	28	16	27	15	9	9	9	9	9	27	25	12	22	22	11	9	11	10	11	58	61	61	57	63	22	27	28	28	23	27	13	13	12	16	12	51	77	51	50	25	20	21	68	9	4	48	47	51	24	67
22	24	30	29	15	55	66	75	45	47	48	52	30	42	70	81	24	31	16	28	64	65	80	81	80	79	80	29	49	76	24	75	75	79	79	53	53	66	65	59	62	63	31	20	22	5	14	41	58	41	53	58	29	30	29	29	30	67	17	67	58	29	54	80	78	65	63	14	23	21	19	16	64	65	79	79	82	74	80	80	81	80	79	80	27	38	39	41	20	62	53	54	68	1	62	62	63	63	63	28	27	68	28	72	61	51	66	50	32	30	52	48	42	70	16	28	100	32	15	64	65	55	56	53	47	43	49	29	70	76	60	58	56	55	56	58	23	25	21	21	22	63	60	69	63	55	1	4	14	17	5	38	70	37	69	37	29	30	29	29	30	19	69	37	61	63	31	31	30	30	31	16	13	18	14	19	65	79	79	82	74	80	55	56	53	47	43	14	29	16	16	79	62	71	28	39	1	15	16	16	64	27
24	27	16	16	9	28	55	31	24	28	27	25	60	22	58	60	27	70	10	15	37	36	31	33	31	32	32	14	23	30	13	30	55	57	58	28	27	30	61	55	27	61	26	27	19	9	19	40	30	40	28	29	17	33	17	17	33	30	10	27	33	15	26	33	33	68	68	19	19	19	28	23	37	36	32	31	31	31	33	31	33	31	32	32	56	61	61	64	43	36	26	30	38	2	37	37	37	36	34	15	14	67	14	57	37	53	37	29	31	60	25	27	22	58	10	15	32	100	9	37	36	28	27	27	28	24	23	14	29	31	33	32	32	34	33	33	13	14	12	12	13	63	54	66	56	51	2	7	19	27	8	22	30	22	29	21	17	33	17	17	33	36	54	21	34	28	71	67	69	70	72	20	19	25	18	25	36	32	31	31	31	33	28	27	27	28	24	9	15	9	10	32	37	30	16	22	1	10	12	10	37	15
53	53	58	56	100	20	12	17	10	23	21	19	9	10	17	15	54	7	73	56	15	13	15	15	15	15	15	51	10	15	50	13	13	14	14	18	18	13	17	13	12	11	34	57	37	30	56	10	12	10	12	13	9	5	9	9	5	16	66	15	16	48	13	15	15	16	16	56	37	36	53	55	15	13	14	16	16	14	15	15	15	15	15	15	10	7	7	7	8	15	11	12	14	8	15	16	15	15	13	55	54	15	54	16	17	19	16	19	56	9	19	21	10	17	73	56	14	9	100	15	13	20	20	17	23	17	10	51	14	15	13	16	16	18	17	18	53	55	50	52	54	14	16	16	13	14	9	24	56	67	28	22	15	22	15	22	9	5	9	9	5	22	16	17	16	15	7	6	7	7	7	58	58	60	59	62	13	14	16	16	14	15	20	20	17	23	17	71	54	70	75	15	14	13	55	17	4	73	75	75	16	57
21	24	28	26	15	56	61	63	47	58	53	53	30	45	60	65	24	38	17	23	100	79	65	63	64	65	63	24	47	59	23	62	62	62	65	59	54	60	62	56	56	68	23	22	16	6	15	43	58	43	54	57	37	37	36	37	37	57	18	52	66	26	52	65	64	74	71	15	17	19	22	19	100	79	63	61	64	63	66	65	63	64	65	63	29	32	32	34	21	77	52	62	79	2	76	72	78	76	74	25	24	75	23	64	73	57	76	60	26	30	53	53	45	60	17	23	63	36	15	100	79	56	56	58	55	47	47	24	59	64	70	65	66	66	67	70	21	23	19	20	21	64	56	68	59	53	2	5	16	20	5	44	59	43	59	43	37	37	36	37	37	17	58	40	69	54	39	36	35	38	38	15	16	20	15	20	79	63	61	64	63	66	56	56	58	55	47	14	25	15	16	65	76	62	26	44	1	15	18	16	77	26
21	24	28	27	15	57	63	65	48	57	52	54	31	44	63	67	24	37	17	25	80	100	68	65	65	68	66	25	48	61	24	64	64	64	67	59	55	59	62	57	55	68	26	21	18	6	15	44	60	43	54	59	35	36	35	35	36	60	17	55	65	28	52	68	66	73	68	15	18	20	20	18	80	100	66	64	66	67	67	68	65	65	68	66	29	33	33	34	21	74	52	61	77	1	73	70	76	75	74	26	25	77	25	65	73	56	74	60	29	31	54	52	44	63	17	25	65	36	15	80	100	57	57	58	55	48	48	25	61	67	69	68	67	67	71	72	23	23	20	20	22	65	56	68	60	53	2	5	16	18	5	45	62	44	61	43	35	36	35	35	36	18	62	39	67	56	38	37	36	35	38	14	15	18	14	19	100	66	64	66	67	67	57	57	58	55	48	13	26	15	15	67	76	64	28	42	1	15	18	16	76	27
14	15	16	15	22	100	57	51	46	71	70	70	26	45	50	57	16	28	22	14	57	58	57	57	56	57	57	14	50	53	15	54	56	58	60	69	73	55	54	50	53	55	18	17	12	5	13	47	54	47	44	54	29	30	29	30	30	51	23	46	51	15	62	59	58	57	54	13	16	15	16	15	57	58	55	55	57	55	58	57	57	56	57	57	70	52	54	55	57	57	56	54	60	1	56	54	58	58	58	14	14	59	14	53	54	63	56	73	16	26	70	70	45	50	22	14	57	28	22	57	58	100	79	77	69	66	50	14	53	55	55	51	48	47	50	50	13	12	13	14	13	58	50	62	52	45	1	4	13	15	5	55	49	54	49	54	29	30	29	30	30	13	52	55	53	50	53	55	51	51	53	13	12	15	12	15	58	55	55	57	55	58	100	79	77	69	66	19	14	24	23	58	57	55	15	57	1	22	24	22	57	16
15	16	16	16	22	81	59	55	47	70	69	71	26	44	53	60	16	28	23	14	59	58	61	60	59	60	58	14	50	55	16	57	58	59	61	68	72	57	56	53	57	55	18	18	12	6	13	47	54	47	46	53	30	30	30	30	30	53	24	48	51	15	65	60	60	56	56	13	16	15	19	17	59	58	59	58	60	59	61	61	60	59	60	58	69	54	56	58	54	57	56	54	60	1	56	53	58	58	57	14	13	61	13	54	54	64	55	73	16	26	71	69	44	53	23	14	59	27	22	59	58	81	100	76	70	64	50	14	56	57	55	50	48	48	49	50	14	13	14	15	14	57	55	64	55	49	1	4	13	17	5	56	50	55	50	54	30	30	30	30	30	13	55	55	53	53	52	55	50	51	53	15	12	17	13	18	58	59	58	60	59	61	81	100	76	70	64	19	14	24	23	61	58	58	16	57	1	21	24	23	57	17
14	15	15	15	20	79	54	52	47	73	70	69	25	43	51	56	15	31	20	13	60	60	56	56	55	58	57	13	47	52	15	53	54	55	57	74	75	53	53	50	53	57	18	16	12	5	12	47	50	47	43	50	33	33	32	33	33	51	22	45	52	15	61	57	57	58	57	12	17	15	17	14	60	60	56	56	56	56	57	56	56	55	58	57	74	50	52	53	55	60	53	55	61	1	59	55	59	59	60	14	13	61	13	52	56	65	57	78	15	25	69	70	43	51	20	13	55	28	20	60	60	80	78	100	71	64	47	13	50	55	60	52	49	49	52	52	13	13	13	13	13	56	51	63	52	46	1	4	13	13	4	58	49	57	49	56	33	33	32	33	33	12	53	56	54	48	56	58	53	54	55	12	12	14	12	15	60	56	56	56	56	57	80	78	100	71	64	18	14	22	21	57	60	53	14	58	1	19	21	21	58	15
19	20	22	21	28	74	53	52	48	76	72	69	26	44	52	53	21	30	27	18	60	60	53	53	52	54	54	19	47	49	20	51	50	51	54	72	70	51	54	50	48	53	19	26	12	8	19	46	48	46	45	48	34	34	34	34	34	50	29	44	56	20	60	54	54	62	62	19	17	16	26	23	60	60	54	53	54	52	54	53	53	52	54	54	73	47	48	49	56	64	51	55	59	3	62	62	63	62	59	20	18	61	18	52	62	68	61	77	22	26	69	72	44	52	27	18	51	31	28	60	60	74	74	74	100	67	47	19	49	52	57	53	52	55	54	52	18	18	18	19	18	56	50	60	50	45	2	8	21	26	8	59	47	59	47	58	34	34	34	34	34	15	50	58	56	48	55	52	56	55	55	21	19	24	19	26	60	54	53	54	52	54	74	74	74	100	67	24	19	28	29	53	60	50	20	60	1	28	31	28	62	21
15	15	15	15	18	67	46	42	44	61	59	58	20	42	41	46	15	24	21	12	49	49	47	45	46	45	46	14	42	42	16	44	44	45	47	64	60	44	44	39	43	45	18	19	12	14	19	43	41	42	38	41	24	24	24	24	24	44	21	38	46	14	52	48	46	51	50	19	16	15	19	20	49	49	46	46	47	45	46	47	45	46	45	46	60	41	42	43	57	52	46	45	50	5	51	50	52	52	51	14	15	51	13	43	50	54	51	63	13	20	58	59	42	41	21	12	45	25	18	49	49	67	65	64	64	100	42	14	43	45	48	43	41	42	43	42	15	14	16	16	14	46	41	50	41	36	16	19	18	15	19	49	40	49	40	48	24	24	24	24	24	12	43	59	46	43	44	44	45	44	46	19	17	18	18	19	49	46	46	47	45	46	67	65	64	64	100	18	14	23	20	46	49	44	15	59	9	19	19	20	51	16
12	14	14	13	11	51	60	47	66	45	49	50	23	57	49	53	13	26	13	12	52	51	53	53	52	51	51	12	100	52	13	53	54	53	54	48	48	56	53	50	55	53	13	17	9	5	13	37	53	37	47	53	29	29	29	29	29	52	14	49	50	12	54	52	52	51	52	13	12	12	17	16	52	51	54	51	52	53	53	53	53	52	51	51	25	27	27	28	19	52	74	56	53	10	52	50	54	52	51	13	12	55	11	50	49	46	50	47	14	23	50	49	57	49	13	12	53	25	11	52	51	51	52	49	46	43	100	12	54	53	56	46	43	45	45	44	12	11	12	12	12	56	51	57	53	48	1	4	13	15	4	40	47	38	48	37	29	29	29	29	29	12	53	38	52	53	25	26	25	26	26	14	12	16	13	17	51	54	51	52	53	53	51	52	49	46	43	10	13	12	12	52	51	52	13	38	8	11	13	12	52	14
61	63	72	73	49	14	18	29	12	15	16	13	14	11	30	29	66	10	50	77	23	23	29	30	30	31	29	100	12	27	64	29	22	25	25	13	15	18	24	19	16	19	51	57	48	35	59	16	19	16	19	19	9	9	9	9	9	24	46	27	23	67	13	28	30	24	25	59	42	39	52	57	23	23	28	28	28	24	27	29	30	30	31	29	7	15	13	13	5	21	13	14	22	10	22	24	22	21	22	75	75	21	75	27	27	17	24	14	68	14	13	16	11	30	50	77	28	13	49	23	23	14	14	12	17	13	12	100	22	28	18	25	25	25	25	27	65	68	59	58	61	20	21	20	19	19	10	28	62	63	31	16	29	16	29	15	9	9	9	9	9	28	26	13	22	22	11	9	10	10	10	59	62	60	57	64	23	28	28	28	24	27	14	14	12	17	13	50	75	50	48	27	21	22	68	10	5	48	46	52	24	66
19	21	24	23	14	53	71	68	45	46	47	53	32	43	66	72	20	30	16	22	61	62	73	70	69	69	68	23	52	74	20	73	75	75	72	48	48	68	64	63	60	63	25	19	17	5	14	43	65	43	56	64	27	28	27	27	27	66	17	64	57	24	52	71	68	58	58	14	20	20	18	15	61	62	71	70	71	73	73	73	70	69	69	68	24	36	37	38	18	59	53	54	63	1	58	57	61	62	59	22	21	66	22	67	55	47	58	47	28	32	53	47	43	66	16	22	72	30	14	61	62	53	56	50	45	42	52	23	100	74	63	56	52	53	54	54	19	20	17	19	19	61	59	65	64	59	1	4	13	17	4	38	65	36	65	36	27	28	27	27	27	17	68	36	61	69	29	31	29	30	31	15	13	17	13	17	62	71	70	71	73	73	53	56	50	45	42	14	22	15	16	74	62	73	22	37	1	14	17	15	61	22
22	25	30	29	15	54	63	71	44	49	50	55	33	42	74	77	25	31	16	27	65	67	77	76	75	76	75	29	50	78	24	78	71	73	74	51	51	63	62	57	58	62	32	19	22	6	14	43	61	42	55	60	30	30	29	30	30	67	18	65	60	29	51	78	76	62	60	14	22	20	19	16	65	67	75	74	77	70	77	77	76	75	76	75	26	38	38	38	19	60	52	54	66	1	62	59	63	64	65	27	27	68	28	70	61	50	64	50	31	33	55	50	42	74	16	27	77	31	15	65	67	54	55	53	47	43	50	29	73	100	63	59	57	55	58	60	24	25	21	22	23	59	57	67	59	51	1	4	14	17	4	41	73	39	72	39	30	30	29	30	30	18	71	37	63	64	31	31	29	29	31	15	13	17	14	18	67	75	74	77	70	77	54	55	53	47	43	14	28	16	16	75	62	68	27	37	1	15	17	16	65	27
16	19	23	21	13	54	61	57	47	54	53	52	30	45	58	60	18	36	14	19	70	68	58	58	57	58	57	19	51	62	18	59	62	61	60	56	52	62	60	53	57	67	19	19	14	6	13	43	62	44	52	62	34	35	34	35	35	59	16	52	64	22	50	58	58	68	68	13	15	16	19	18	70	68	58	57	59	59	62	58	58	57	58	57	29	29	30	31	21	73	54	62	69	2	71	68	72	71	72	19	19	74	19	60	64	51	67	57	24	30	52	53	45	58	14	19	59	32	13	70	68	53	53	57	51	45	51	19	61	62	100	64	60	62	64	61	17	18	16	16	17	63	53	66	56	52	2	5	15	17	5	44	57	43	58	42	34	35	34	35	35	16	59	40	68	58	35	35	34	36	35	14	14	16	13	17	68	58	57	59	59	62	53	53	57	51	45	13	20	14	14	62	70	60	20	41	1	14	16	15	69	20
22	24	29	28	17	48	50	60	42	51	47	44	26	37	57	58	24	31	18	25	65	65	54	54	54	57	55	26	40	55	24	51	55	55	59	52	48	52	62	50	48	61	26	22	18	6	16	39	50	39	45	50	31	31	31	31	31	53	19	48	61	27	44	55	55	65	62	16	19	21	22	20	65	65	55	57	56	56	58	54	54	54	57	55	24	27	29	28	17	65	45	53	65	1	64	63	67	67	65	26	26	66	25	56	60	47	64	50	31	26	44	47	37	57	18	25	56	30	17	65	65	48	47	49	47	40	40	26	51	57	63	100	76	78	81	75	23	25	20	21	22	57	57	59	54	58	1	5	18	20	6	53	53	52	53	51	31	31	31	31	31	19	54	36	60	48	31	31	30	30	32	16	17	19	16	22	65	55	57	56	56	58	48	47	49	47	40	15	26	17	17	58	67	52	27	35	1	17	19	18	68	26
23	25	30	29	18	47	50	60	41	51	45	45	28	37	58	59	26	33	18	28	68	65	55	55	54	56	55	27	40	55	25	54	54	55	58	52	48	50	59	50	48	61	26	23	18	6	16	39	51	38	47	50	32	32	32	32	32	52	20	50	60	30	44	55	56	68	63	16	19	20	23	21	68	65	55	56	55	54	59	55	55	54	56	55	25	28	29	28	17	66	44	53	66	1	67	67	66	67	66	28	27	64	27	57	64	48	69	52	32	28	45	45	37	58	18	28	56	33	18	68	65	47	46	47	48	39	40	27	51	57	61	79	100	79	81	80	25	27	21	22	23	56	55	58	53	55	2	5	19	22	6	52	56	52	56	50	32	32	32	32	32	19	54	35	61	47	34	31	31	33	33	17	17	21	17	22	65	55	56	55	54	59	47	46	47	48	39	16	28	18	18	57	65	52	29	36	1	17	21	19	70	28
23	25	30	29	19	46	51	57	42	50	45	43	26	37	56	55	25	32	20	26	66	64	51	52	52	54	53	27	40	54	26	49	53	54	56	52	46	50	60	50	47	59	25	26	18	7	17	39	50	39	46	49	32	32	32	32	32	53	21	48	61	28	44	52	53	70	67	17	20	21	25	21	66	64	53	54	53	55	56	51	52	52	54	53	24	26	27	27	18	69	43	53	65	2	69	68	69	69	64	27	26	65	26	55	64	49	68	51	32	26	43	45	37	56	20	26	54	33	19	66	64	46	45	46	49	39	40	27	51	54	62	79	77	100	81	73	24	25	21	22	23	56	55	56	52	57	1	7	19	24	7	51	51	51	51	50	32	32	32	32	32	20	53	36	60	48	32	31	32	32	33	18	18	22	18	24	64	53	54	53	55	56	46	45	46	49	39	17	27	18	20	55	66	52	28	36	1	19	22	20	71	28
23	25	30	29	18	48	50	59	42	52	46	45	26	37	57	57	26	33	19	26	66	67	53	54	53	56	55	27	40	54	25	51	53	54	56	52	48	51	61	49	47	60	26	24	18	7	17	39	51	39	45	50	32	32	32	32	32	54	20	48	62	29	44	54	54	67	62	17	19	21	23	22	66	67	54	55	55	54	57	53	54	53	56	55	25	26	28	27	17	67	44	53	65	2	67	64	70	68	65	27	26	66	26	56	62	48	67	52	31	26	45	46	37	57	19	26	55	32	18	66	67	48	46	48	48	39	40	27	50	56	62	81	79	81	100	79	24	26	21	22	23	56	56	58	52	57	2	6	20	22	6	53	54	53	54	52	32	32	32	32	32	19	54	36	61	48	33	31	31	31	32	17	18	21	18	23	67	54	55	55	54	57	48	46	48	48	39	16	28	18	19	57	67	52	28	35	1	18	21	20	71	28
23	25	30	29	17	48	50	61	41	50	45	44	27	36	57	59	27	32	18	27	69	68	56	57	55	59	56	27	40	54	25	54	52	53	57	52	48	50	60	49	48	59	28	22	19	6	15	38	50	38	46	49	30	30	30	30	30	52	19	49	60	30	43	57	57	63	58	15	19	21	22	19	69	68	56	57	56	54	58	56	57	55	59	56	24	28	28	28	17	63	43	51	67	1	62	60	65	65	65	27	26	63	27	54	62	46	66	50	30	27	44	45	36	57	18	27	56	31	17	69	68	48	47	48	46	39	40	27	50	59	60	75	78	73	79	100	25	26	20	22	23	57	56	58	53	55	2	5	18	21	6	49	55	49	54	48	30	30	30	30	30	19	54	35	59	46	33	31	29	30	32	17	17	20	16	21	68	56	57	56	54	58	48	47	48	46	39	15	28	17	18	57	66	52	30	34	1	16	20	19	68	29
70	69	62	66	50	12	14	23	10	13	13	12	12	9	23	22	71	9	56	64	20	20	22	23	23	23	23	65	10	20	68	22	17	19	20	13	12	15	21	16	12	15	57	61	58	35	67	14	14	14	15	14	7	7	7	7	8	20	47	22	20	57	11	23	24	20	20	67	48	42	55	66	20	20	21	22	22	19	20	22	23	23	23	23	6	12	10	10	5	18	11	12	18	10	18	19	18	18	17	65	66	18	64	22	23	16	20	12	57	12	12	13	9	23	56	64	21	12	50	20	20	12	12	11	15	13	10	65	17	21	15	22	22	22	23	24	100	76	69	69	70	17	17	17	15	17	10	29	69	64	32	16	23	16	22	15	7	7	7	7	8	24	21	12	19	18	9	7	8	8	8	64	71	67	69	71	20	21	22	22	19	20	12	12	11	15	13	52	64	56	50	21	17	17	69	11	5	51	49	55	20	69
70	69	61	64	49	11	13	22	10	13	13	11	12	9	22	21	72	9	54	64	20	19	22	22	23	23	22	63	10	20	67	21	16	18	19	12	11	14	19	14	11	14	53	61	54	34	64	13	13	13	15	13	8	8	8	8	8	20	48	21	20	57	10	22	24	21	20	64	46	42	53	61	20	19	20	21	21	18	20	22	22	23	23	22	6	12	10	10	5	18	10	12	19	10	19	20	18	18	18	63	64	17	63	21	23	14	20	12	56	12	11	13	9	22	54	64	20	11	49	20	19	11	11	10	15	12	10	63	16	21	15	22	22	22	22	23	71	100	67	67	70	15	17	16	14	15	10	29	66	64	32	15	22	15	21	14	8	8	8	8	8	24	21	12	19	17	9	7	8	8	8	64	66	65	64	69	19	20	21	21	18	20	11	11	10	15	12	53	65	56	50	20	17	16	68	8	5	48	46	53	21	68
72	70	56	59	48	12	13	20	11	13	13	12	10	11	20	20	71	9	54	57	19	18	20	21	21	20	21	58	10	18	71	19	15	17	18	12	12	13	19	14	11	13	64	63	60	36	68	13	13	13	13	13	7	7	7	7	8	18	47	20	20	53	12	20	21	20	19	68	55	45	49	65	19	18	19	20	20	17	18	20	21	21	20	21	6	11	9	9	5	17	11	12	16	11	18	18	17	17	17	58	60	18	58	18	22	16	19	12	51	10	12	13	11	20	54	57	19	11	48	19	18	12	13	12	15	14	10	58	15	19	14	20	20	21	21	21	68	70	100	77	71	15	17	16	14	16	10	30	64	61	32	16	20	15	20	14	7	7	7	7	8	23	20	13	19	17	8	7	9	8	8	73	65	67	71	71	18	19	20	20	17	18	12	13	12	15	14	50	57	56	50	18	16	15	65	9	5	47	44	50	19	67
75	73	56	58	48	12	14	21	11	14	13	13	10	11	21	20	75	9	54	56	19	19	20	21	21	20	21	58	11	18	73	20	15	17	18	13	12	14	20	15	12	13	62	64	58	36	69	13	14	14	15	14	7	7	7	7	8	19	49	20	19	53	12	21	21	19	19	69	54	45	52	64	19	19	19	20	20	17	18	20	21	21	20	21	6	10	9	9	5	18	11	12	17	11	18	19	18	17	17	57	58	18	55	18	22	15	19	13	51	10	13	13	11	21	54	56	19	11	48	19	19	12	13	12	15	15	11	57	16	20	15	21	20	22	22	22	67	69	76	100	74	16	17	17	15	17	10	30	66	63	32	16	20	16	20	15	7	7	7	7	8	23	20	13	18	17	8	8	8	8	8	71	66	69	71	68	19	19	20	20	17	18	12	13	12	15	15	50	56	57	52	18	17	15	68	10	6	46	44	49	19	67
74	76	60	62	50	12	15	22	11	13	14	12	12	10	22	22	74	9	54	63	19	19	22	23	23	22	23	61	11	20	71	21	17	19	19	12	12	15	20	16	13	14	59	63	56	32	65	13	15	13	16	15	8	8	8	8	8	20	50	21	20	55	12	23	23	19	20	65	49	44	55	61	19	19	20	21	21	18	20	22	23	23	22	23	6	12	10	10	5	18	11	13	18	11	19	20	18	18	17	61	64	18	62	20	23	16	20	13	55	12	12	14	10	22	54	63	21	11	50	19	19	12	13	11	15	13	11	61	17	21	15	20	20	21	21	22	69	72	72	74	100	16	19	19	15	17	9	28	64	67	30	16	22	16	21	15	8	8	8	8	8	25	21	12	19	18	9	8	9	9	9	67	65	69	66	70	19	20	21	21	18	20	12	13	11	15	13	51	62	59	52	20	17	16	68	9	5	48	46	51	19	71
8	8	10	10	7	26	29	28	22	24	25	23	26	20	27	30	9	29	7	9	30	29	28	28	28	28	28	9	24	27	8	27	30	29	30	26	26	62	69	63	63	61	8	10	5	2	7	26	29	25	24	28	15	16	15	15	16	26	8	23	27	10	25	28	28	29	29	7	7	7	10	9	30	29	28	28	28	29	30	28	28	28	28	28	25	27	28	29	19	30	28	30	32	1	28	28	30	30	28	9	9	32	8	29	26	25	29	26	11	26	23	25	20	27	7	9	29	29	7	30	29	26	26	25	24	21	24	9	28	27	29	27	25	26	27	27	8	8	7	8	7	100	63	70	67	60	1	2	7	9	2	19	25	20	25	20	15	16	15	15	16	15	26	19	28	27	29	30	28	28	30	7	7	8	7	8	29	28	28	28	29	30	26	26	25	24	21	6	9	7	7	30	31	29	9	20	1	7	9	7	29	9
8	9	10	10	7	22	28	27	21	21	21	21	22	17	25	28	9	24	9	9	25	25	27	27	28	25	27	9	21	25	9	26	27	27	28	23	23	59	68	56	58	51	10	10	7	3	7	22	24	21	22	24	12	13	12	12	13	25	9	22	24	10	23	27	26	26	25	7	9	9	10	9	25	25	27	26	27	26	27	27	27	28	25	27	22	26	27	28	16	26	24	24	27	1	25	24	25	26	24	9	9	27	9	26	24	22	25	22	11	22	21	21	17	25	9	9	28	25	7	25	25	22	24	22	21	18	21	9	26	26	25	27	25	25	26	26	8	8	8	8	9	60	100	64	62	61	1	2	7	10	2	20	24	20	24	20	12	13	12	12	13	15	25	17	25	24	23	25	24	24	25	8	7	8	7	9	25	27	26	27	26	27	22	24	22	21	18	7	9	7	8	27	26	26	10	17	1	7	9	8	26	10
9	10	10	10	8	27	29	30	22	25	26	26	27	20	28	31	10	30	8	9	30	30	30	30	30	30	31	9	24	29	9	29	31	30	32	28	27	62	67	58	60	61	10	10	7	3	7	26	29	25	25	28	16	17	16	16	17	28	9	25	27	10	25	30	30	30	30	7	9	9	9	8	30	30	31	30	30	30	32	30	30	30	30	31	27	29	30	31	19	31	27	28	34	1	30	29	31	31	29	9	9	32	9	30	28	26	30	27	11	27	26	26	20	28	8	9	31	29	8	30	30	27	28	27	24	22	24	9	29	30	30	27	26	26	27	27	8	8	8	8	9	67	64	100	62	55	1	2	7	10	2	20	28	20	28	21	16	17	16	16	17	14	29	19	28	27	30	30	29	29	31	8	7	9	7	9	30	31	30	30	30	32	27	28	27	24	22	7	9	7	8	31	32	29	10	20	0	7	9	8	30	10
8	9	10	10	7	25	33	31	23	23	23	24	26	20	29	32	9	30	8	8	30	30	30	30	30	30	30	9	24	29	9	30	34	32	34	25	25	68	71	70	64	61	10	9	6	2	7	26	30	26	27	29	14	14	13	14	14	28	8	25	25	10	26	30	29	28	28	7	8	9	9	8	30	30	32	31	30	32	32	30	30	30	30	30	25	29	31	33	18	30	26	28	32	1	28	27	29	29	27	9	9	31	8	31	26	24	28	24	11	26	24	23	20	29	8	8	31	28	7	30	30	25	26	24	22	20	24	9	31	28	28	28	26	26	27	28	8	8	7	8	8	72	68	69	100	68	1	2	6	9	2	19	27	19	27	20	14	14	13	14	14	15	28	18	28	28	29	30	28	29	29	8	6	8	6	9	30	32	31	30	32	32	25	26	24	22	20	6	9	7	7	33	31	33	9	19	1	6	8	7	28	10
9	10	11	11	8	23	31	28	21	21	21	22	25	18	26	28	10	27	9	10	27	27	28	28	28	27	28	10	22	27	10	26	29	28	28	23	23	61	68	62	61	58	11	11	8	3	8	23	27	23	25	26	13	13	13	13	13	26	9	24	25	11	24	27	28	25	25	8	9	11	10	10	27	27	28	28	27	28	29	28	28	28	27	28	23	27	28	29	16	26	24	26	28	1	25	25	26	27	25	10	10	29	9	27	23	22	25	22	12	25	22	21	18	26	9	10	28	26	8	27	27	23	24	22	20	18	22	10	29	26	27	31	27	29	30	29	9	9	8	9	9	67	68	62	69	100	1	2	8	11	2	22	25	21	25	22	13	13	13	13	13	15	26	17	26	27	25	27	25	26	27	9	8	10	8	10	27	28	28	27	28	29	23	24	22	20	18	7	10	8	8	29	29	29	10	16	0	8	9	8	26	11
7	6	7	7	5	0	1	1	0	1	1	0	2	1	1	0	7	1	6	7	1	1	1	1	1	1	1	7	0	1	7	0	0	1	0	0	1	1	1	1	0	1	1	12	2	31	18	3	1	3	1	1	0	0	0	0	0	1	6	1	1	7	0	1	1	1	1	18	1	5	10	15	1	1	1	1	1	1	1	1	1	1	1	1	0	1	0	0	1	1	0	0	1	20	1	1	1	1	1	7	8	1	7	1	1	1	1	1	5	2	0	1	1	1	6	7	1	1	5	1	1	0	1	0	1	9	0	7	1	0	1	1	1	1	1	1	7	7	7	7	7	1	1	1	1	1	100	47	16	13	48	1	1	1	1	1	0	0	0	0	0	7	1	3	1	1	0	0	1	1	0	15	17	13	15	12	1	1	1	1	1	1	0	1	0	1	9	6	8	7	5	0	1	0	6	1	25	5	4	6	1	6
15	14	12	13	10	1	2	2	2	2	2	1	3	1	2	2	14	2	12	13	2	2	2	2	2	2	2	13	2	1	14	1	1	1	1	2	2	1	2	2	1	1	0	25	0	57	36	3	1	4	3	1	2	2	2	2	2	2	11	2	3	12	2	2	2	2	3	36	0	4	22	30	2	2	2	2	2	1	2	2	2	2	2	2	2	2	1	1	2	2	2	2	2	15	2	3	2	2	2	14	15	2	14	2	3	2	2	2	10	3	1	2	1	2	12	13	1	3	10	2	2	1	1	1	3	9	2	13	1	1	2	2	2	3	3	2	15	15	16	15	14	2	2	1	1	2	39	100	32	25	78	3	2	3	2	3	2	2	2	2	2	13	2	3	3	2	1	1	2	2	2	33	33	26	31	27	2	2	2	2	1	2	1	1	1	3	9	11	14	14	10	1	2	1	14	2	19	10	9	11	2	13
35	33	30	30	27	6	6	8	6	8	8	6	9	5	8	7	34	7	29	31	8	7	7	7	7	7	7	31	6	6	32	6	6	6	7	7	6	6	9	8	6	6	0	62	0	38	73	5	6	6	7	6	7	7	7	7	7	6	26	6	9	27	6	7	7	9	9	73	0	2	56	65	8	7	7	7	7	6	7	7	7	7	7	7	7	6	6	6	5	8	7	7	7	12	8	8	8	8	7	31	33	8	31	9	9	8	8	7	28	9	6	8	5	8	29	31	6	9	27	8	7	6	6	6	9	8	6	31	6	7	7	9	9	10	10	9	34	35	33	34	32	8	8	7	6	8	13	33	100	62	36	8	6	9	6	9	7	7	7	7	7	29	6	6	9	7	6	5	8	7	7	69	79	66	71	70	7	7	7	7	6	7	6	6	6	9	8	30	32	34	28	7	7	6	33	5	6	27	26	31	8	33
35	35	33	33	31	7	7	9	6	8	9	7	11	6	9	9	37	8	33	33	10	8	8	8	8	8	8	31	6	7	33	6	7	7	8	8	7	8	11	9	7	8	0	69	0	29	63	6	7	6	8	7	9	9	9	9	9	7	30	7	11	27	7	8	8	11	11	63	0	1	59	60	10	8	7	8	8	6	8	8	8	8	8	8	8	8	6	7	5	10	7	8	8	9	10	11	10	9	8	32	33	9	32	10	11	11	11	8	31	11	7	9	6	9	33	33	8	12	31	10	8	7	7	6	11	7	6	31	7	8	8	9	10	11	10	10	32	34	31	32	33	10	10	10	8	9	10	26	62	100	30	9	8	10	8	9	9	9	9	9	9	31	7	6	9	7	8	7	9	9	8	70	68	71	63	68	8	7	8	8	6	8	7	7	6	11	7	32	32	34	34	8	8	7	37	4	5	29	28	32	10	37
15	14	12	13	11	2	2	2	2	2	2	1	3	1	2	2	14	2	12	13	2	2	2	2	2	2	2	13	2	1	14	1	1	1	1	2	2	1	2	2	1	1	0	26	0	53	37	4	1	4	2	1	2	2	2	2	2	2	11	2	3	13	2	2	2	2	2	37	0	4	23	30	2	2	2	2	2	1	2	2	2	2	2	2	2	2	1	1	2	2	2	2	2	15	2	2	2	2	2	14	15	2	14	2	3	2	2	2	10	3	1	2	1	2	12	13	2	3	11	2	2	2	1	1	3	8	2	13	1	1	2	2	2	3	2	2	15	15	15	15	14	2	2	2	1	2	40	75	32	25	100	3	1	3	2	3	2	2	2	2	2	13	2	3	2	2	1	1	2	2	2	32	33	26	30	27	2	2	2	2	1	2	2	1	1	3	8	11	14	14	10	1	2	1	14	2	18	10	9	11	2	13
19	21	22	22	27	60	41	44	37	61	61	61	21	36	46	43	22	23	27	19	48	48	41	41	42	43	43	19	39	41	20	40	40	40	43	61	58	40	49	41	39	45	20	23	15	7	18	34	45	35	39	45	29	15	29	29	15	43	28	38	49	20	51	42	43	47	46	18	19	18	24	24	48	48	42	43	42	41	44	41	41	42	43	43	31	20	20	20	23	47	41	44	47	2	46	47	50	50	46	21	19	49	18	41	46	55	47	63	22	21	61	61	36	46	27	19	42	23	27	48	48	60	59	60	59	49	39	19	39	44	49	59	55	57	59	55	20	19	18	19	19	46	49	49	43	47	2	6	20	23	7	100	45	86	45	83	29	15	29	29	15	15	45	51	49	41	23	23	23	23	23	18	19	21	19	24	48	42	43	42	41	44	60	59	60	59	49	23	20	28	27	42	48	39	20	44	1	27	30	27	49	22
22	25	30	29	16	48	57	66	39	45	46	50	31	39	67	70	26	29	16	29	60	61	68	68	67	69	68	29	44	68	25	69	65	67	66	48	47	60	58	54	53	59	31	20	22	7	14	44	62	43	58	61	27	28	27	27	28	62	18	64	56	30	47	69	70	58	57	14	22	20	19	16	60	61	67	66	67	64	68	68	68	67	69	68	24	34	33	33	17	57	48	49	61	1	57	56	57	57	59	28	27	63	29	65	57	47	60	46	30	31	50	46	39	67	16	29	69	30	16	60	61	48	48	47	43	38	44	29	64	72	57	55	55	52	55	57	24	25	21	22	23	55	53	63	55	48	2	5	14	19	5	41	100	39	92	40	27	28	27	27	28	18	66	34	60	60	29	28	27	28	29	15	15	17	13	18	61	67	66	67	64	68	48	48	47	43	38	15	29	16	17	68	58	62	28	34	1	16	19	17	59	27
19	21	22	22	26	58	40	43	36	60	60	60	21	35	46	43	21	23	26	19	48	48	40	41	40	42	41	19	38	40	21	39	38	38	41	59	57	40	49	41	39	45	19	25	13	8	19	34	43	31	38	43	29	15	28	29	15	42	28	37	49	20	50	40	42	48	46	19	17	16	26	24	48	48	41	40	40	40	42	40	41	40	42	41	31	20	20	20	23	48	40	44	46	2	47	48	50	49	46	20	18	49	18	41	47	54	47	63	22	21	60	60	35	46	26	19	40	24	26	48	48	58	58	59	59	49	38	19	38	43	48	58	55	57	59	54	19	19	18	19	18	47	48	49	43	46	2	7	21	25	8	86	43	100	44	83	29	15	28	29	15	15	44	50	49	40	23	22	22	22	23	19	20	23	20	25	48	41	40	40	40	42	58	58	59	59	49	22	19	27	26	40	47	38	20	44	1	26	30	27	49	22
23	26	31	30	17	49	58	66	39	45	46	50	31	39	67	71	26	29	17	30	60	62	69	68	67	68	68	30	45	69	26	70	66	68	67	48	47	60	59	54	53	60	31	21	22	7	15	44	62	44	60	62	27	27	27	27	27	63	18	64	57	31	47	69	70	59	58	15	23	20	20	17	60	62	67	66	67	65	68	69	68	67	68	68	24	34	34	33	17	57	48	49	62	1	58	57	58	58	60	28	28	64	29	66	58	47	60	46	32	31	50	46	39	67	17	30	69	30	17	60	62	49	49	47	44	38	45	30	64	72	58	55	56	52	55	57	25	26	22	22	23	55	53	63	56	48	2	5	15	20	5	42	92	40	100	40	27	27	27	27	27	19	66	34	60	61	29	28	28	28	29	16	16	18	14	19	62	67	66	67	65	68	49	49	47	44	38	16	30	17	17	69	58	62	28	34	1	17	19	18	59	28
18	19	20	20	26	59	40	43	37	59	59	59	20	34	44	42	20	23	26	17	47	46	40	40	40	41	42	18	37	40	19	38	38	38	41	59	57	40	49	40	39	45	19	24	13	8	18	34	42	32	37	42	28	14	14	28	14	41	26	37	47	20	50	40	42	47	45	18	17	16	25	24	47	46	40	41	40	40	42	40	40	40	41	42	30	20	20	20	22	46	40	43	45	2	45	46	49	48	45	18	17	48	17	40	46	54	46	62	20	20	59	59	34	44	26	17	40	23	26	47	46	59	57	58	58	48	37	18	38	42	46	57	54	56	58	54	18	18	16	17	17	47	47	49	43	47	2	6	20	23	8	83	43	83	43	100	28	14	14	28	14	16	43	49	47	40	23	22	22	23	23	19	19	22	19	24	46	40	41	40	40	42	59	57	58	58	48	22	18	27	26	41	46	38	19	43	1	26	29	27	48	20
9	10	11	10	10	30	29	30	26	34	30	28	26	24	30	31	10	18	10	10	37	35	30	29	30	30	30	9	27	28	10	28	29	28	30	35	30	31	30	27	29	36	0	20	0	5	13	13	28	13	25	28	100	69	89	91	69	28	12	25	34	10	27	30	31	38	35	13	0	0	20	17	37	35	30	29	30	29	31	30	29	30	30	30	17	14	15	15	11	40	32	34	36	2	38	37	39	39	36	10	9	36	9	31	37	32	38	36	11	26	28	30	24	30	10	10	30	17	10	37	35	30	29	32	31	24	27	9	27	30	36	32	32	33	34	32	9	9	7	8	9	34	27	38	28	26	1	4	14	19	4	26	28	27	27	26	100	94	89	91	94	9	29	21	32	26	18	17	17	18	18	14	14	17	13	18	35	30	29	30	29	31	30	29	32	31	24	9	10	8	10	30	37	28	9	22	1	9	12	10	37	11
9	10	11	10	5	29	29	29	26	34	30	28	26	23	30	31	10	33	10	10	37	35	29	29	29	30	29	9	27	28	10	27	29	28	29	35	30	31	30	27	29	35	0	20	0	5	13	20	27	20	25	27	67	100	88	90	94	27	12	25	34	10	14	29	30	37	35	13	0	0	20	17	37	35	29	29	30	29	31	29	29	29	30	29	31	26	27	27	20	40	31	34	35	2	38	37	39	38	35	10	9	36	9	31	36	32	38	35	11	26	28	30	23	30	10	10	29	32	5	37	35	29	29	32	31	23	27	9	27	30	35	32	32	32	33	31	8	9	7	7	8	34	27	38	28	26	1	4	14	19	4	13	27	14	27	13	92	100	88	90	94	9	28	21	32	26	34	33	33	34	34	13	14	18	13	18	35	29	29	30	29	31	29	29	32	31	23	8	10	4	10	30	37	28	9	22	1	5	6	9	37	11
9	10	11	10	10	30	29	30	27	34	30	28	26	24	30	31	10	18	10	10	37	36	30	30	30	31	30	9	28	28	10	28	29	29	30	35	31	32	30	28	29	36	0	20	0	5	13	20	28	21	25	28	91	93	100	90	68	28	12	25	34	10	27	30	31	38	36	13	0	0	20	17	37	36	30	30	30	29	31	30	30	30	31	30	17	14	15	15	11	40	32	35	36	2	39	37	40	39	36	10	9	36	9	31	37	32	38	36	11	26	28	30	24	30	10	10	30	17	10	37	36	30	30	32	31	24	28	9	27	31	36	33	32	33	34	32	8	9	7	8	9	35	27	39	28	26	1	4	14	19	4	26	28	27	28	13	91	93	100	90	93	10	29	21	33	26	18	17	17	18	18	14	14	17	13	18	36	30	30	30	29	31	30	30	32	31	24	9	10	8	10	30	37	28	9	22	1	5	12	10	37	11
9	10	11	10	10	30	29	30	27	34	30	28	26	24	30	31	10	18	10	10	37	36	30	30	30	31	30	9	27	28	10	28	29	29	30	35	31	32	30	28	29	36	0	20	0	5	13	20	28	20	25	28	91	93	88	100	94	28	12	25	34	10	27	30	31	38	35	13	0	0	20	17	37	36	30	30	30	29	31	30	30	30	31	30	17	14	15	15	11	40	32	34	36	2	39	37	40	39	36	10	9	36	9	31	37	32	38	36	11	26	28	30	24	30	10	10	30	17	10	37	36	30	30	32	31	24	27	9	27	31	36	33	32	33	34	32	8	9	7	8	9	35	27	38	28	26	1	4	14	19	4	26	28	27	28	26	91	93	88	100	94	9	29	21	33	26	18	17	17	18	18	14	14	17	13	18	36	30	30	30	29	31	30	30	32	31	24	9	10	8	10	30	37	28	9	22	1	9	12	10	37	11
9	10	11	10	5	29	29	29	26	34	30	28	26	23	30	31	10	34	10	10	37	35	30	29	29	30	29	9	27	28	10	27	29	28	29	35	30	31	30	27	29	35	0	20	0	5	13	20	28	20	25	28	67	94	65	91	100	27	12	25	34	10	14	29	30	37	35	13	0	0	20	17	37	35	29	29	30	29	31	30	29	29	30	29	31	26	27	27	20	40	32	34	35	2	38	37	39	38	35	10	9	36	9	31	36	32	38	35	11	26	28	30	23	30	10	10	29	33	5	37	35	29	29	32	31	23	27	9	27	30	35	32	32	32	33	31	8	9	7	8	9	34	27	38	28	26	1	4	14	19	4	13	27	14	27	13	92	94	89	91	100	9	28	21	32	26	34	33	33	34	34	14	14	17	13	18	35	29	29	30	29	31	29	29	32	31	23	9	10	4	10	30	37	28	9	22	1	5	6	10	37	11
24	25	29	28	20	11	14	18	10	11	12	11	33	10	18	19	25	29	19	27	16	17	17	18	18	18	18	27	10	17	25	18	16	17	18	11	12	22	36	29	19	22	33	56	25	34	59	23	15	23	14	14	9	9	9	4	9	19	20	19	19	28	11	18	18	17	17	59	22	22	51	56	16	17	17	18	18	17	18	17	18	18	18	18	22	34	34	34	18	16	11	12	16	5	16	16	16	16	15	28	29	16	27	18	16	13	17	11	26	33	11	12	10	18	19	27	18	33	20	16	17	11	11	11	12	11	10	27	16	18	14	18	17	18	18	18	24	25	23	23	24	31	32	31	29	29	11	28	58	61	31	13	18	13	17	12	9	9	9	4	9	100	20	12	18	17	31	27	30	28	31	56	57	61	56	60	17	17	18	18	17	18	11	11	11	12	11	17	28	20	18	18	16	16	26	9	3	17	17	19	16	26
20	22	26	25	14	49	59	63	41	43	46	50	28	38	62	68	22	52	16	24	56	58	66	67	65	66	65	25	47	66	21	66	63	65	66	46	47	59	58	53	53	56	31	19	23	5	12	39	57	39	50	56	26	26	26	26	26	72	17	69	60	27	49	67	65	54	54	12	23	20	17	14	56	58	67	66	66	65	66	66	67	65	66	65	23	33	33	34	18	54	48	48	60	1	54	51	55	55	56	24	24	61	24	60	52	44	56	45	28	28	50	46	38	62	16	24	67	51	14	56	58	49	50	48	42	39	47	25	64	68	56	53	50	49	52	53	21	23	19	19	20	57	54	61	54	48	1	4	12	15	4	39	64	37	63	37	26	26	26	26	26	20	100	38	66	69	28	27	26	26	28	14	12	15	12	17	58	67	66	66	65	66	49	50	48	42	39	14	24	15	15	67	56	62	25	34	1	15	16	16	57	24
13	14	14	14	18	57	39	38	40	55	57	56	18	39	38	40	14	20	19	12	42	41	39	40	40	39	40	13	39	37	15	39	37	38	40	53	52	38	42	36	38	39	19	17	13	5	13	41	38	41	34	37	21	22	21	21	21	44	20	38	48	12	47	39	39	43	43	13	17	16	15	15	42	41	40	40	39	39	39	39	40	40	39	40	27	19	19	20	29	44	40	40	42	1	43	42	44	43	42	14	13	43	12	37	42	49	42	56	13	18	56	57	39	38	19	12	39	21	18	42	41	57	56	56	56	61	39	13	37	39	42	39	36	38	39	38	13	13	14	14	13	42	40	45	37	34	5	7	13	13	8	50	36	49	36	48	21	22	21	21	21	13	44	100	47	43	20	21	20	20	21	14	12	13	12	16	41	40	40	39	39	39	57	56	56	56	61	16	13	22	20	39	42	36	14	55	1	17	18	19	44	15
20	23	25	23	16	49	55	55	40	47	49	48	28	40	55	59	22	31	17	22	67	64	57	56	55	56	55	22	44	56	22	57	56	56	58	49	45	55	58	51	50	60	22	24	16	7	16	41	55	41	51	55	30	31	30	30	31	64	18	57	71	25	45	58	57	64	60	16	16	17	23	20	67	64	57	55	58	55	58	57	56	55	56	55	25	29	29	30	19	64	47	52	65	1	63	60	65	65	63	22	21	64	22	56	61	48	65	50	26	28	48	49	40	55	17	22	58	32	16	67	64	49	49	49	48	41	44	22	56	60	65	59	58	58	60	60	20	22	19	19	20	57	51	59	53	48	1	6	17	22	6	44	57	43	57	42	30	31	30	30	31	18	65	41	100	60	31	30	30	31	32	18	17	20	16	22	64	57	55	58	55	58	49	49	49	48	41	14	23	16	16	59	64	56	24	36	1	16	18	17	66	24
16	18	21	21	14	46	61	56	42	40	43	46	26	38	56	60	17	25	14	21	51	52	60	61	59	58	58	21	46	60	18	60	61	61	61	42	42	59	56	54	53	55	25	17	17	5	13	38	57	38	48	56	23	24	23	24	24	72	16	66	56	22	47	60	59	51	51	13	20	19	16	14	51	52	61	59	60	62	61	60	61	59	58	58	21	31	31	32	17	51	46	48	55	1	50	49	53	54	52	20	20	57	20	56	47	42	50	41	25	26	46	43	38	56	14	21	61	26	14	51	52	46	47	44	39	38	46	21	66	62	55	49	45	47	48	47	17	19	16	16	17	57	52	57	54	51	1	4	13	15	4	36	57	35	58	35	23	24	23	24	24	18	69	38	60	100	24	26	25	25	26	14	13	15	13	16	52	61	59	60	62	61	46	47	44	39	38	13	21	15	15	62	53	60	20	33	1	14	16	14	53	19
9	11	14	13	7	54	30	31	24	29	26	26	59	23	31	33	11	78	7	12	39	39	32	32	31	33	31	12	24	30	11	31	31	31	32	30	28	31	62	57	28	38	23	19	17	5	13	40	30	41	29	30	18	34	18	18	34	29	8	27	33	14	26	59	61	37	36	13	15	16	19	16	39	39	32	31	31	32	33	32	32	31	33	31	60	63	64	67	44	40	51	59	40	1	39	37	38	38	38	13	12	37	12	32	35	28	38	32	14	59	26	26	23	31	7	12	32	71	7	39	39	54	51	56	51	44	24	12	29	32	36	33	34	33	34	35	11	11	9	9	10	65	54	68	60	51	1	4	13	16	4	22	30	21	30	22	18	34	18	18	34	34	30	21	32	27	100	77	74	79	76	12	13	16	12	16	39	32	31	31	32	33	54	51	56	51	44	6	12	7	7	32	39	31	13	22	1	7	9	7	37	12
9	10	11	11	6	55	32	31	25	28	26	26	59	23	30	33	9	79	7	10	37	37	31	32	32	32	31	10	25	31	10	31	33	33	33	30	28	33	64	62	30	38	21	18	15	4	12	40	32	41	28	32	17	33	17	18	33	30	8	27	33	12	27	59	59	36	36	12	15	16	18	15	37	37	32	31	31	32	34	31	32	32	32	31	59	62	66	66	44	38	53	61	38	1	38	36	38	38	37	10	10	38	10	32	34	27	36	31	13	59	26	26	23	30	7	10	32	67	6	37	37	55	54	58	49	44	25	10	31	32	36	33	32	32	33	31	9	9	8	8	9	67	56	70	64	55	1	4	13	15	4	22	29	21	29	21	17	33	17	18	33	32	30	21	33	28	77	100	76	79	76	12	13	15	12	16	37	32	31	31	32	34	55	54	58	49	44	6	10	7	6	34	37	33	11	22	1	6	8	7	36	11
9	11	12	12	8	52	31	29	24	28	26	25	61	23	29	32	11	76	9	12	36	36	31	30	30	31	31	11	24	30	11	29	31	32	31	29	27	31	61	57	29	36	20	24	16	7	16	40	31	40	28	30	18	34	18	18	34	30	10	27	33	13	26	58	58	38	39	16	16	18	23	19	36	36	31	30	30	31	32	31	30	30	31	31	59	59	63	63	44	39	50	59	37	1	39	38	39	39	38	11	11	37	11	32	37	28	38	30	15	61	25	26	23	29	9	12	31	71	8	36	36	52	51	54	53	44	24	11	30	31	36	32	33	34	33	31	10	11	10	9	10	62	55	69	58	52	1	5	17	21	6	22	29	22	29	21	18	34	18	18	34	35	30	21	33	29	74	77	100	77	76	16	17	21	15	21	36	31	30	30	31	32	52	51	54	53	44	8	11	8	9	32	36	32	13	22	1	8	10	8	37	12
9	11	13	12	8	53	31	29	24	28	26	26	60	23	29	32	10	78	8	12	39	35	31	31	30	31	30	11	25	30	10	30	32	32	32	29	27	31	62	61	28	37	19	20	14	5	14	40	32	41	29	31	18	35	18	18	35	29	9	27	33	13	26	57	58	38	38	14	14	15	21	18	39	35	31	29	30	31	33	31	31	30	31	30	60	60	63	63	44	41	51	62	38	1	40	39	39	38	38	12	11	37	11	33	36	28	38	31	14	60	26	26	23	29	8	12	31	71	8	39	35	53	51	55	52	44	25	11	31	30	37	31	33	33	32	31	10	10	9	9	10	65	55	68	60	54	1	5	15	19	5	22	29	21	29	21	18	35	18	18	35	32	29	21	33	28	79	79	76	100	78	14	15	17	14	18	35	31	29	30	31	33	53	51	55	52	44	7	12	7	8	32	38	32	12	22	1	8	10	8	37	12
10	11	13	12	7	53	31	30	24	29	27	26	59	23	30	32	10	76	8	12	39	38	32	31	31	31	31	12	24	31	11	30	32	32	33	30	27	32	62	59	29	37	23	22	16	6	15	40	31	40	28	30	18	35	18	18	35	31	9	27	35	13	26	60	59	38	37	15	18	19	21	17	39	38	31	31	32	32	34	32	31	31	31	31	60	62	64	64	44	39	50	60	40	1	38	38	40	40	38	11	12	38	11	32	36	28	39	30	14	59	26	27	23	30	8	12	32	72	7	39	38	53	52	54	52	45	24	12	30	31	36	34	34	34	34	34	10	11	10	9	10	66	55	69	59	54	1	4	15	18	5	22	29	22	29	22	18	35	18	18	35	34	30	21	34	29	75	76	75	78	100	15	15	19	14	20	38	31	31	32	32	34	53	52	54	52	45	7	12	7	8	33	40	32	13	22	1	7	9	8	38	12
35	33	28	28	26	6	7	7	6	7	7	6	8	6	8	7	34	6	31	27	7	7	7	7	7	7	7	27	6	6	33	6	6	7	7	6	6	7	9	8	6	6	0	66	0	36	73	6	6	6	7	6	6	6	6	6	7	7	26	7	9	24	6	7	7	8	8	73	0	2	53	65	7	7	7	7	7	6	7	7	7	7	7	7	6	7	6	7	5	8	6	7	6	12	7	8	7	7	6	26	30	8	28	8	8	8	8	6	26	8	6	7	6	8	31	27	7	9	26	7	7	6	6	5	8	8	6	27	6	7	7	8	7	8	8	8	30	33	36	35	32	8	9	8	7	8	12	31	66	67	33	7	6	8	6	8	6	6	6	6	7	28	7	6	8	7	6	6	7	7	7	100	70	68	71	72	7	7	7	7	6	7	6	6	5	8	8	29	29	32	30	7	7	6	34	4	6	25	24	28	7	32
33	32	29	29	26	6	6	7	5	7	7	6	9	5	7	7	32	7	27	29	8	7	6	6	7	6	7	28	5	6	30	5	5	6	6	7	6	6	9	7	5	6	0	64	0	34	71	6	6	6	7	6	7	7	7	7	7	6	24	6	9	25	6	7	7	8	9	71	0	1	58	67	8	7	6	6	7	5	7	6	6	7	6	7	6	6	5	6	5	8	6	6	7	11	8	8	8	7	6	29	32	7	29	8	9	8	8	6	27	9	6	7	5	7	27	29	6	9	26	8	7	6	6	5	8	8	5	28	6	6	7	8	8	8	8	9	33	34	32	32	31	7	8	7	6	7	12	31	76	65	33	7	6	8	6	8	7	7	7	7	7	27	6	6	8	6	6	5	8	7	7	70	100	64	70	69	7	6	6	7	5	7	6	6	5	8	8	29	30	33	27	7	7	6	32	5	6	26	24	31	8	31
38	38	32	32	28	6	7	9	6	8	8	7	10	6	9	8	38	8	35	31	10	9	8	8	8	8	8	30	7	7	36	7	7	7	8	8	7	7	10	9	7	7	0	71	0	32	66	6	7	6	8	7	9	9	9	9	9	7	29	6	10	27	7	8	8	10	11	66	0	1	58	63	10	9	8	8	8	7	8	8	8	8	8	8	8	8	7	7	5	10	7	8	9	10	10	10	10	9	8	31	33	10	31	10	11	10	10	8	28	10	7	8	6	9	35	31	8	11	28	10	9	6	7	6	10	8	7	30	7	8	8	10	10	11	11	10	34	36	35	36	35	9	9	10	7	8	10	28	69	70	30	9	7	10	8	10	9	9	9	9	9	31	8	6	10	7	8	7	9	8	9	71	70	100	67	73	9	8	8	8	7	8	6	7	6	10	8	32	32	36	32	8	9	7	37	5	5	28	26	31	10	38
35	33	28	28	27	6	6	7	5	7	7	6	8	5	7	7	34	6	30	28	7	7	7	6	7	7	7	27	6	6	32	6	6	6	7	6	6	6	8	7	6	6	0	62	0	35	74	6	6	6	6	6	6	6	6	6	6	7	27	6	8	25	6	7	6	8	8	74	0	2	52	67	7	7	6	7	7	6	7	7	6	7	7	7	6	7	6	6	5	7	7	6	6	12	7	8	7	7	6	28	31	7	28	8	8	8	7	6	27	8	6	7	5	7	30	28	6	8	27	7	7	6	6	5	8	9	6	27	6	7	6	8	7	8	8	8	33	34	37	36	32	7	8	7	6	7	12	30	70	61	32	8	6	8	6	8	6	6	6	6	6	28	7	6	8	7	6	5	7	6	6	73	72	64	100	69	7	6	7	7	6	7	6	6	5	8	9	28	30	34	28	7	6	6	33	5	6	28	26	31	7	33
34	33	30	31	28	6	7	9	6	8	8	7	9	6	9	8	33	8	33	30	9	8	8	7	7	7	7	29	7	7	31	7	7	7	8	8	7	7	10	8	6	7	0	64	0	31	63	6	6	6	8	7	8	8	8	8	8	7	26	7	10	26	6	7	8	9	10	63	0	2	58	68	9	8	7	7	8	6	8	8	7	7	7	7	7	7	6	7	5	9	7	8	7	10	9	9	9	8	7	30	32	9	29	10	10	9	9	8	29	9	7	8	6	9	33	30	7	10	28	9	8	6	7	6	10	8	7	29	7	7	8	9	9	10	10	9	33	34	34	33	32	9	9	9	7	8	9	26	64	65	29	9	7	9	7	9	8	8	8	8	8	28	7	7	9	7	7	6	8	8	7	70	67	68	65	100	8	7	7	8	6	8	6	7	6	10	8	30	31	32	29	8	8	7	34	5	5	27	25	30	9	33
21	24	28	27	15	57	63	65	48	57	52	54	31	44	63	67	24	37	17	25	80	100	68	65	65	68	66	25	48	61	24	64	64	64	67	59	55	59	62	57	55	68	26	21	18	6	15	44	60	43	54	59	35	36	35	35	36	60	17	55	65	28	52	68	66	73	68	15	18	20	20	18	80	100	66	64	66	67	67	68	65	65	68	66	29	33	33	34	21	74	52	61	77	1	73	70	76	75	74	26	25	77	25	65	73	56	74	60	29	31	54	52	44	63	17	25	65	36	15	80	100	57	57	58	55	48	48	25	61	67	69	68	67	67	71	72	23	23	20	20	22	65	56	68	60	53	2	5	16	18	5	45	62	44	61	43	35	36	35	35	36	18	62	39	67	56	38	37	36	35	38	14	15	18	14	19	100	66	64	66	67	67	57	57	58	55	48	13	26	15	15	67	76	64	28	42	1	15	18	16	76	27
21	23	30	28	14	52	64	73	48	48	48	52	29	41	68	80	23	30	16	28	63	64	79	80	79	80	79	28	49	72	23	74	71	76	76	51	52	63	64	60	59	60	32	18	21	5	13	40	57	39	53	56	28	29	28	28	29	66	17	63	56	28	56	78	76	61	60	13	24	20	19	16	63	64	100	80	79	76	80	79	80	79	80	79	26	39	38	40	19	61	54	53	67	1	61	57	61	61	60	28	27	67	27	68	58	51	62	50	31	29	52	48	41	68	16	28	78	31	14	63	64	52	55	52	47	43	49	28	67	72	57	56	54	53	55	58	23	24	20	20	22	60	58	67	63	53	1	4	14	16	5	38	66	37	65	37	28	29	28	28	29	18	68	36	58	62	30	30	29	28	30	15	13	17	13	18	64	100	80	79	76	80	52	55	52	47	43	14	28	16	15	80	61	71	26	40	1	14	16	15	63	26
22	24	30	30	15	53	61	74	47	48	48	50	29	39	68	80	24	29	17	29	62	63	78	78	79	78	79	29	47	73	24	71	70	74	77	52	52	62	65	58	60	59	34	19	23	5	14	40	55	40	51	55	28	29	28	28	29	64	18	62	56	29	54	78	74	61	59	14	24	22	19	17	62	63	81	100	82	76	78	78	78	79	78	79	25	37	37	38	19	60	53	52	66	1	60	56	60	61	60	29	28	67	28	68	57	52	61	50	32	29	50	48	39	68	17	29	78	30	15	62	63	53	56	53	47	43	47	29	67	72	56	59	56	54	56	59	24	26	22	22	23	61	58	68	62	54	1	4	14	17	5	39	66	37	65	37	28	29	28	28	29	18	67	37	57	59	29	29	28	27	30	15	13	18	14	18	63	81	100	82	76	78	53	56	53	47	43	15	28	16	16	78	62	70	27	40	1	15	17	17	63	27
22	24	31	29	16	55	65	75	45	48	48	52	30	41	68	80	25	30	17	28	64	65	82	79	81	80	80	29	48	73	24	74	74	76	77	51	52	65	64	58	59	62	32	19	22	6	14	41	57	40	52	57	29	29	29	29	29	66	18	62	57	29	53	82	76	63	61	14	23	21	19	17	64	65	80	81	100	74	81	82	79	81	80	80	26	40	38	39	20	62	53	54	66	1	62	58	63	63	63	28	28	68	28	71	61	51	65	50	32	30	52	48	41	68	17	28	80	31	16	64	65	55	57	53	48	44	48	29	69	75	58	58	55	53	56	58	24	26	22	22	23	60	58	67	60	53	1	4	15	18	5	38	67	37	66	36	29	29	29	29	29	18	67	36	59	61	30	30	29	28	31	16	14	18	14	19	65	80	81	100	74	81	55	57	53	48	44	15	29	16	16	81	62	70	27	39	1	15	18	17	65	27
19	20	25	25	14	54	65	73	49	49	48	52	30	42	66	75	21	31	15	23	63	66	73	74	72	75	74	24	50	72	20	69	75	76	76	52	53	64	63	61	60	65	29	17	19	5	13	43	62	43	54	61	28	29	28	29	29	65	16	61	55	24	56	72	69	61	61	13	22	20	17	14	63	66	78	77	75	100	76	73	74	72	75	74	25	36	38	39	19	63	53	54	66	1	61	59	63	64	61	23	22	70	22	68	56	51	60	50	30	30	52	48	42	66	15	23	74	31	14	63	66	54	56	54	47	43	50	24	72	69	59	60	54	56	57	57	20	21	18	18	19	63	56	66	64	55	1	3	13	14	4	39	64	37	63	37	28	29	28	29	29	17	68	37	58	63	30	32	30	30	32	13	11	16	13	16	66	78	77	75	100	76	54	56	54	47	43	13	23	15	15	78	66	75	23	40	1	14	16	15	62	22
21	23	30	29	15	55	65	75	47	50	50	54	30	41	71	81	23	32	16	28	66	65	79	79	79	81	79	28	49	76	23	73	75	78	78	53	54	66	67	61	61	66	30	20	21	5	14	42	60	41	54	59	30	30	30	30	30	67	18	65	59	29	54	80	79	65	63	14	24	20	20	17	66	65	82	79	82	76	100	79	79	79	81	79	27	39	39	39	20	64	54	56	70	1	65	63	66	66	65	27	27	72	27	72	60	52	65	52	34	30	54	50	41	71	16	28	80	33	15	66	65	55	58	54	48	44	49	28	70	75	61	60	59	57	59	60	23	25	20	20	22	65	60	70	64	57	1	4	15	18	5	40	67	38	67	38	30	30	30	30	30	18	68	36	60	63	32	32	31	31	33	15	14	18	14	18	65	82	79	82	76	100	55	58	54	48	44	15	28	16	16	83	66	73	26	40	1	15	17	16	66	26
14	15	16	15	22	100	57	51	46	71	70	70	26	45	50	57	16	28	22	14	57	58	57	57	56	57	57	14	50	53	15	54	56	58	60	69	73	55	54	50	53	55	18	17	12	5	13	47	54	47	44	54	29	30	29	30	30	51	23	46	51	15	62	59	58	57	54	13	16	15	16	15	57	58	55	55	57	55	58	57	57	56	57	57	70	52	54	55	57	57	56	54	60	1	56	54	58	58	58	14	14	59	14	53	54	63	56	73	16	26	70	70	45	50	22	14	57	28	22	57	58	100	79	77	69	66	50	14	53	55	55	51	48	47	50	50	13	12	13	14	13	58	50	62	52	45	1	4	13	15	5	55	49	54	49	54	29	30	29	30	30	13	52	55	53	50	53	55	51	51	53	13	12	15	12	15	58	55	55	57	55	58	100	79	77	69	66	19	14	24	23	58	57	55	15	57	1	22	24	22	57	16
15	16	16	16	22	81	59	55	47	70	69	71	26	44	53	60	16	28	23	14	59	58	61	60	59	60	58	14	50	55	16	57	58	59	61	68	72	57	56	53	57	55	18	18	12	6	13	47	54	47	46	53	30	30	30	30	30	53	24	48	51	15	65	60	60	56	56	13	16	15	19	17	59	58	59	58	60	59	61	61	60	59	60	58	69	54	56	58	54	57	56	54	60	1	56	53	58	58	57	14	13	61	13	54	54	64	55	73	16	26	71	69	44	53	23	14	59	27	22	59	58	81	100	76	70	64	50	14	56	57	55	50	48	48	49	50	14	13	14	15	14	57	55	64	55	49	1	4	13	17	5	56	50	55	50	54	30	30	30	30	30	13	55	55	53	53	52	55	50	51	53	15	12	17	13	18	58	59	58	60	59	61	81	100	76	70	64	19	14	24	23	61	58	58	16	57	1	21	24	23	57	17
14	15	15	15	20	79	54	52	47	73	70	69	25	43	51	56	15	31	20	13	60	60	56	56	55	58	57	13	47	52	15	53	54	55	57	74	75	53	53	50	53	57	18	16	12	5	12	47	50	47	43	50	33	33	32	33	33	51	22	45	52	15	61	57	57	58	57	12	17	15	17	14	60	60	56	56	56	56	57	56	56	55	58	57	74	50	52	53	55	60	53	55	61	1	59	55	59	59	60	14	13	61	13	52	56	65	57	78	15	25	69	70	43	51	20	13	55	28	20	60	60	80	78	100	71	64	47	13	50	55	60	52	49	49	52	52	13	13	13	13	13	56	51	63	52	46	1	4	13	13	4	58	49	57	49	56	33	33	32	33	33	12	53	56	54	48	56	58	53	54	55	12	12	14	12	15	60	56	56	56	56	57	80	78	100	71	64	18	14	22	21	57	60	53	14	58	1	19	21	21	58	15
19	20	22	21	28	74	53	52	48	76	72	69	26	44	52	53	21	30	27	18	60	60	53	53	52	54	54	19	47	49	20	51	50	51	54	72	70	51	54	50	48	53	19	26	12	8	19	46	48	46	45	48	34	34	34	34	34	50	29	44	56	20	60	54	54	62	62	19	17	16	26	23	60	60	54	53	54	52	54	53	53	52	54	54	73	47	48	49	56	64	51	55	59	3	62	62	63	62	59	20	18	61	18	52	62	68	61	77	22	26	69	72	44	52	27	18	51	31	28	60	60	74	74	74	100	67	47	19	49	52	57	53	52	55	54	52	18	18	18	19	18	56	50	60	50	45	2	8	21	26	8	59	47	59	47	58	34	34	34	34	34	15	50	58	56	48	55	52	56	55	55	21	19	24	19	26	60	54	53	54	52	54	74	74	74	100	67	24	19	28	29	53	60	50	20	60	1	28	31	28	62	21
15	15	15	15	18	67	46	42	44	61	59	58	20	42	41	46	15	24	21	12	49	49	47	45	46	45	46	14	42	42	16	44	44	45	47	64	60	44	44	39	43	45	18	19	12	14	19	43	41	42	38	41	24	24	24	24	24	44	21	38	46	14	52	48	46	51	50	19	16	15	19	20	49	49	46	46	47	45	46	47	45	46	45	46	60	41	42	43	57	52	46	45	50	5	51	50	52	52	51	14	15	51	13	43	50	54	51	63	13	20	58	59	42	41	21	12	45	25	18	49	49	67	65	64	64	100	42	14	43	45	48	43	41	42	43	42	15	14	16	16	14	46	41	50	41	36	16	19	18	15	19	49	40	49	40	48	24	24	24	24	24	12	43	59	46	43	44	44	45	44	46	19	17	18	18	19	49	46	46	47	45	46	67	65	64	64	100	18	14	23	20	46	49	44	15	59	9	19	19	20	51	16
57	55	50	51	70	18	12	15	10	21	18	17	8	9	16	15	56	7	77	53	13	12	15	14	15	15	15	51	10	14	53	14	12	13	13	17	16	11	15	12	10	10	32	64	37	31	61	13	11	13	12	11	8	9	8	9	9	15	66	14	15	49	12	14	14	15	15	61	36	34	54	59	13	12	14	14	14	13	14	15	14	15	15	15	9	7	6	6	8	14	10	11	13	10	14	15	14	13	12	51	52	14	51	15	16	17	15	17	50	8	17	18	9	16	77	53	14	9	70	13	12	18	17	15	21	16	10	51	13	14	12	15	15	17	16	15	53	59	54	54	55	13	15	14	12	14	10	26	63	68	29	20	14	20	14	19	8	9	8	9	9	19	15	15	15	15	6	5	7	7	7	65	63	67	60	69	12	14	14	14	13	14	18	17	15	21	16	100	53	66	75	14	13	13	55	16	5	67	67	70	15	55
58	61	78	77	50	12	16	26	11	14	14	12	13	10	27	27	63	10	48	76	22	22	27	28	28	27	27	73	10	25	59	27	21	24	23	13	13	17	23	18	14	18	47	57	46	34	62	15	17	15	18	17	9	9	9	9	9	23	44	25	23	65	11	28	28	23	23	62	38	36	51	57	22	22	26	26	26	21	25	27	28	28	27	27	6	14	12	12	5	20	12	14	21	10	21	22	20	20	21	77	79	20	78	25	26	16	23	13	67	13	12	14	10	27	48	76	26	12	50	22	22	12	12	11	16	12	10	73	20	26	17	24	24	24	24	26	63	67	55	54	59	18	19	18	17	17	10	28	63	62	32	16	27	16	26	15	9	9	9	9	9	28	25	12	22	21	10	9	10	10	10	58	60	60	59	63	22	26	26	26	21	25	12	12	11	16	12	49	100	50	47	25	20	21	65	10	5	45	45	49	23	64
61	61	52	54	67	22	12	17	11	25	23	21	9	10	17	16	60	7	68	51	14	14	15	15	16	15	16	50	10	15	57	14	13	14	15	21	20	13	17	14	11	12	36	66	38	32	67	10	12	10	13	13	9	4	8	9	5	16	62	15	16	46	14	15	15	16	16	67	38	37	56	63	14	14	15	16	16	14	15	15	15	16	15	16	11	7	7	7	10	15	11	12	14	10	15	15	15	15	13	53	54	15	51	16	16	20	15	21	49	9	21	23	10	17	68	51	15	8	67	14	14	22	22	20	24	21	10	50	14	15	13	17	15	17	17	17	56	59	56	58	60	15	16	16	13	14	10	29	68	69	31	23	15	22	15	23	9	4	8	9	5	22	17	20	16	15	6	6	7	7	7	68	69	70	70	68	14	15	16	16	14	15	22	22	20	24	21	63	52	100	69	15	14	14	59	20	5	66	65	72	15	59
57	56	54	54	76	20	13	16	11	24	21	20	9	10	17	16	57	7	76	52	16	14	16	15	16	16	16	50	11	15	55	14	13	15	15	19	19	13	17	14	11	12	35	66	38	28	59	15	13	15	13	13	10	10	10	10	10	16	66	16	17	47	14	16	16	17	17	59	37	37	57	57	16	14	15	16	16	14	15	16	15	16	16	16	11	8	7	7	9	16	11	13	14	8	16	16	15	16	14	52	52	15	51	17	17	20	17	20	52	9	20	21	10	17	76	52	15	10	76	16	14	20	20	18	24	18	11	50	14	16	14	17	17	19	18	18	53	56	53	55	55	15	17	16	13	15	10	23	58	71	27	23	15	22	15	22	10	10	10	10	10	20	17	18	17	16	7	6	8	8	7	66	60	68	60	66	14	15	16	16	14	15	20	20	18	24	18	75	52	72	100	15	15	14	58	18	4	70	70	73	16	58
20	22	29	28	14	55	66	74	46	49	48	54	30	41	68	81	22	32	16	25	65	65	79	78	77	79	77	26	48	75	22	72	76	80	80	52	53	66	65	61	59	64	29	19	20	5	13	42	60	42	53	60	29	29	28	29	29	67	17	63	58	27	54	79	76	64	62	13	22	20	18	16	65	65	80	78	81	77	82	79	78	77	79	77	26	38	39	40	20	63	55	56	68	1	63	59	65	66	64	26	25	71	25	73	59	51	63	50	31	30	54	48	41	68	16	25	78	31	14	65	65	55	58	54	47	43	48	26	71	74	61	60	56	55	58	59	22	23	20	20	21	63	59	68	66	57	1	4	14	17	4	38	66	37	66	36	29	29	28	29	29	18	68	36	60	63	31	32	30	30	32	15	13	18	13	19	65	80	78	81	77	82	55	58	54	47	43	14	26	15	15	100	65	76	25	39	1	14	17	16	65	24
18	21	24	23	14	56	61	61	49	59	54	52	29	43	60	63	21	38	16	21	75	75	61	60	60	63	60	22	46	59	20	59	62	62	63	61	56	60	63	59	56	73	22	21	15	5	13	43	60	43	53	60	36	37	36	36	37	58	17	52	66	24	52	61	61	71	69	13	17	18	20	17	75	75	62	61	62	65	66	61	60	60	63	60	29	30	31	32	21	75	53	64	77	1	71	69	76	75	71	22	21	75	21	62	68	56	72	59	26	29	52	54	43	60	16	21	61	35	14	75	75	56	56	57	55	48	46	22	59	61	71	69	65	67	70	69	18	20	17	18	19	68	59	71	61	57	1	5	15	18	5	45	57	44	56	43	36	37	36	36	37	17	59	41	66	55	38	36	34	37	39	14	14	18	13	19	75	62	61	62	65	66	56	56	57	55	48	14	22	14	15	65	100	63	23	42	1	14	17	15	75	22
18	20	25	25	14	55	71	71	47	48	48	52	31	42	64	75	20	32	15	23	65	65	76	74	73	73	72	23	50	71	20	70	78	78	77	51	52	69	67	67	63	67	26	19	18	5	13	43	64	43	57	63	29	29	29	29	29	66	17	61	57	25	55	74	71	63	62	13	20	19	19	16	65	65	75	73	75	77	76	76	74	73	73	72	26	37	38	39	20	63	56	57	67	1	62	59	64	65	63	23	22	71	22	72	58	51	62	50	29	31	52	48	42	64	15	23	74	31	14	65	65	55	58	53	47	44	50	23	73	70	62	58	56	55	56	57	19	20	17	18	18	65	61	67	69	59	1	3	13	17	4	38	64	37	64	36	29	29	29	29	29	18	66	36	62	65	31	33	31	32	33	14	12	17	13	18	65	75	73	75	77	76	55	58	53	47	44	13	23	15	15	80	67	100	22	39	1	14	16	15	64	23
69	70	65	68	52	13	17	26	11	14	14	13	14	11	26	26	72	11	55	66	24	25	26	27	25	27	24	66	11	23	69	25	20	22	23	13	13	18	23	18	15	19	52	69	48	30	63	15	18	16	19	18	8	8	8	8	9	23	47	25	24	59	12	26	26	24	25	63	43	45	55	60	24	25	24	24	25	21	23	26	27	25	27	24	7	14	12	12	5	22	12	15	23	9	23	24	22	21	22	67	69	21	67	24	27	16	25	13	61	14	13	14	11	26	55	66	25	13	52	24	25	13	14	12	17	14	11	66	21	25	18	25	26	26	26	28	66	69	63	67	68	20	21	20	18	20	9	27	64	72	30	16	26	16	25	15	8	8	8	8	9	26	25	13	23	20	12	10	11	11	11	67	65	72	66	69	25	24	24	25	21	23	13	14	12	17	14	50	67	57	54	23	21	20	100	9	5	49	47	53	25	76
12	12	13	13	20	63	45	42	44	64	58	56	20	41	40	46	13	23	21	11	49	47	46	45	46	45	46	11	41	41	13	42	44	44	47	61	59	44	45	41	44	45	16	14	11	6	12	40	41	41	37	41	24	25	24	24	24	43	22	37	45	11	52	46	45	51	51	12	15	14	15	14	49	47	47	46	46	46	46	46	45	46	45	46	32	21	22	23	37	53	46	45	50	1	51	50	52	51	49	12	12	49	11	43	48	54	49	62	11	20	56	58	41	40	21	11	45	24	20	49	47	63	63	62	62	64	41	11	41	42	47	42	40	41	41	40	13	11	12	12	11	47	42	50	43	36	1	4	13	11	4	47	39	46	39	45	24	25	24	24	24	12	43	58	44	42	23	24	24	23	24	11	12	12	12	14	47	47	46	46	46	46	63	63	62	62	64	19	12	24	22	45	47	43	12	100	1	21	22	22	49	13
7	6	5	6	4	1	1	1	9	1	1	1	1	8	1	1	6	1	5	6	1	1	1	1	1	1	1	5	7	1	6	1	1	1	1	1	1	1	2	1	1	1	2	11	2	26	17	3	1	3	1	1	1	1	1	1	1	1	4	1	1	5	1	1	1	1	1	17	2	5	10	15	1	1	1	1	1	1	1	1	1	1	1	1	1	1	1	1	1	1	9	2	1	48	1	1	1	1	1	6	7	1	6	1	1	1	1	1	4	1	1	1	8	1	5	6	1	1	4	1	1	1	1	1	1	9	7	5	1	1	1	1	1	1	1	1	7	7	7	7	6	1	2	2	1	1	51	41	16	11	40	1	1	1	1	1	1	1	1	1	1	4	1	2	2	1	1	1	1	1	1	15	17	12	15	12	1	1	1	1	1	1	1	1	1	1	9	5	6	7	4	1	1	1	6	1	100	4	3	5	1	5
55	52	50	52	74	22	13	18	9	24	22	20	9	9	17	16	53	7	70	51	16	14	15	15	15	16	16	49	11	16	50	14	13	14	15	19	19	13	16	15	12	13	32	55	38	29	57	10	13	10	13	13	9	5	9	9	5	17	65	16	16	47	14	16	16	16	17	57	36	35	52	56	16	14	15	16	16	15	16	15	15	15	16	16	11	8	7	7	9	15	12	13	15	7	15	16	15	15	14	51	49	16	49	17	17	21	16	20	51	9	20	22	9	17	70	51	15	9	74	16	14	22	21	18	24	17	11	49	15	16	14	16	16	18	17	17	54	54	50	50	52	15	15	16	13	14	8	23	58	63	27	22	16	22	16	22	9	5	9	9	5	20	17	16	17	16	7	6	8	7	7	56	60	60	63	61	14	15	16	16	15	16	22	21	18	24	17	69	48	70	72	16	15	14	54	18	3	100	79	81	16	55
51	50	50	50	75	23	14	19	10	26	24	21	11	10	19	18	52	9	71	49	18	16	17	17	17	18	18	47	12	17	48	15	15	17	17	22	21	16	20	18	14	15	33	51	37	24	52	11	15	11	14	15	11	6	6	11	6	18	64	17	19	45	16	18	18	19	19	52	36	37	52	52	18	16	17	18	18	17	18	17	17	17	18	18	12	9	8	9	9	18	13	15	17	5	17	19	17	17	16	49	47	18	46	19	20	23	18	22	52	11	21	24	10	19	71	49	17	11	75	18	16	23	23	20	27	17	12	47	16	17	15	19	19	21	20	20	51	52	46	47	49	18	19	20	16	17	8	21	55	61	24	24	17	24	17	24	11	6	6	11	6	20	18	18	18	17	8	8	9	9	9	52	54	54	56	57	16	17	18	18	17	18	23	23	20	27	17	68	48	67	70	18	17	16	51	19	4	76	100	77	19	52
56	55	54	55	74	22	13	19	11	24	23	20	10	10	18	17	56	7	73	52	17	15	16	16	16	17	17	52	12	16	53	15	14	15	16	20	20	14	18	16	13	13	35	58	38	29	60	15	14	15	13	14	10	10	10	10	10	16	65	16	17	48	15	16	17	17	18	60	38	37	56	60	17	15	16	17	17	16	16	16	16	16	17	17	11	8	8	8	9	17	13	14	16	8	16	17	16	16	15	53	53	17	51	19	18	20	16	20	54	10	20	23	10	18	73	52	16	9	74	17	15	22	22	19	24	18	12	52	15	16	15	18	17	19	18	19	56	57	51	52	53	17	17	17	14	15	9	24	65	67	28	22	17	21	17	21	10	10	10	10	10	21	18	17	18	16	7	7	8	8	8	61	67	63	65	65	15	16	17	17	16	16	22	22	19	24	18	69	52	73	72	17	16	15	56	18	4	78	77	100	17	57
22	24	29	28	16	56	59	63	48	59	54	52	30	44	62	64	25	37	18	25	78	75	63	64	63	65	63	26	48	61	25	61	61	62	65	58	53	60	63	54	54	68	25	24	18	6	15	43	56	43	53	56	37	37	37	37	37	61	20	56	70	28	52	66	65	77	74	15	18	20	23	20	78	75	64	64	65	62	67	63	64	63	65	63	28	32	32	32	22	78	53	61	77	2	78	74	79	79	77	26	25	74	25	64	74	56	79	60	30	30	52	54	44	62	18	25	64	37	16	78	75	56	55	56	57	48	48	26	59	65	70	70	71	73	74	71	23	25	20	21	22	62	56	66	57	52	1	6	18	22	6	46	60	46	60	45	37	37	37	37	37	18	60	42	69	56	37	35	36	36	38	16	16	21	15	21	75	64	64	65	62	67	56	55	56	57	48	15	26	16	17	66	75	60	28	44	1	16	20	17	100	28
70	75	64	68	52	13	17	24	12	15	14	13	12	11	24	24	74	10	55	65	23	23	25	26	25	25	24	63	11	22	71	24	20	21	22	14	13	18	23	18	14	18	53	67	50	31	61	14	17	14	18	17	9	9	9	9	9	22	49	23	24	56	12	24	26	24	24	61	45	44	55	59	23	23	23	23	23	20	22	25	26	25	25	24	7	13	11	11	5	21	12	14	21	9	23	23	21	21	21	66	68	22	67	23	27	17	24	14	58	12	13	14	11	24	55	65	24	12	52	23	23	13	14	13	17	13	11	64	19	24	18	23	24	24	24	26	66	69	64	66	68	18	19	20	17	19	9	26	62	72	29	17	25	17	24	16	9	9	9	9	9	25	23	13	22	19	11	9	11	10	10	65	64	73	64	69	23	23	23	23	20	22	13	14	13	17	13	50	64	56	53	22	20	19	75	9	4	49	47	53	24	100
