target	model	t_id	m_id	residue_residue_cadscore	residue_residue_F1_of_areas	residue_residue_target_area	residue_residue_model_area	residue_residue_TP_area	residue_residue_FP_area	residue_residue_FN_area	chain_chain_cadscore	chain_chain_F1_of_areas	chain_chain_target_area	chain_chain_model_area	chain_chain_TP_area	chain_chain_FP_area	chain_chain_FN_area	renaming_of_model_chains	identity_of_residues	identity_of_atoms	identity_of_chains
9DXD-assembly1.cif	M1239v1TS110_1	214	21	0.430376	0.526763	14204.698146	9651.413689	7518.223613	6822.049609	6686.474532	0.946716	0.965342	14204.698146	14340.273222	13777.832213	562.441009	426.865932	A=F,B=B,C=C,D=I,E=J,F=K,G=G,H=H,I=D,J=E,K=A,L=L	100	100	100
9DXF-assembly1.cif	M1239v1TS462_3	215	92	0.424216	0.524375	14222.136574	9676.08724	7465.409515	6786.029284	6756.727058	0.924633	0.947551	14222.136574	14251.438799	13490.077153	761.361647	732.059421	A=K,B=G,C=H,D=I,E=J,F=L,G=B,H=C,I=D,J=E,K=F,L=A	100	100	100
9DXD-assembly1.cif	M1239v1TS204_3	214	35	0.423506	0.518693	14204.698146	9691.867941	7477.633952	7150.251034	6727.064193	0.917855	0.944117	14204.698146	14627.884987	13610.667996	1017.216991	594.03015	A=L,B=G,C=H,D=D,E=E,F=A,G=B,H=C,I=I,J=J,K=F,L=K	100	100	100
9DXD-assembly1.cif	M1239v1TS369_2	214	81	0.423381	0.526274	14204.698146	9706.765853	7498.321256	6792.877331	6706.376889	0.931778	0.95451	14204.698146	14291.198587	13599.812366	691.386221	604.88578	A=F,B=B,C=C,D=I,E=J,F=K,G=G,H=H,I=D,J=E,K=L,L=A	100	100	100
9DXD-assembly1.cif	M1239v2TS369_2	214	190	0.423381	0.526274	14204.698146	9706.765853	7498.321256	6792.877331	6706.376889	0.931778	0.95451	14204.698146	14291.198587	13599.812366	691.386221	604.88578	A=F,B=B,C=C,D=I,E=J,F=K,G=G,H=H,I=D,J=E,K=L,L=A	100	100	100
9DXD-assembly1.cif	M1239v1TS091_5	214	20	0.422775	0.517172	14204.698146	10051.999054	7583.372588	7538.217532	6621.325557	0.94265	0.965141	14204.698146	15121.59012	14152.007302	969.582818	52.690843	A=F,B=B,C=C,D=I,E=J,F=K,G=G,H=H,I=D,J=E,K=A,L=L	100	100	100
9DXD-assembly1.cif	M1239v2TS091_5	214	125	0.422775	0.517172	14204.698146	10051.999054	7583.372588	7538.217532	6621.325557	0.94265	0.965141	14204.698146	15121.59012	14152.007302	969.582818	52.690843	A=F,B=B,C=C,D=I,E=J,F=K,G=G,H=H,I=D,J=E,K=A,L=L	100	100	100
9DXD-assembly1.cif	M1239v1TS167_5	214	32	0.421907	0.514868	14204.698146	9393.668401	7326.639106	6928.943544	6878.059039	0.941217	0.956666	14204.698146	14255.58265	13613.4954	642.087251	591.202746	A=F,B=B,C=C,D=I,E=J,F=K,G=G,H=H,I=D,J=E,K=L,L=A	100	100	100
9DXD-assembly1.cif	M1239v1TS450_5	214	89	0.421907	0.514868	14204.698146	9393.668401	7326.639106	6928.943544	6878.059039	0.941217	0.956666	14204.698146	14255.58265	13613.4954	642.087251	591.202746	A=F,B=B,C=C,D=I,E=J,F=K,G=G,H=H,I=D,J=E,K=L,L=A	100	100	100
9DXD-assembly1.cif	M1239v1TS369_1	214	80	0.421083	0.521922	14204.698146	9474.657745	7363.139062	6647.651614	6841.559084	0.936224	0.957967	14204.698146	14010.790676	13514.746598	496.044078	689.951548	A=L,B=G,C=H,D=D,E=E,F=A,G=B,H=C,I=I,J=J,K=F,L=K	100	100	100
9DXD-assembly1.cif	M1239v2TS369_1	214	189	0.421083	0.521922	14204.698146	9474.657745	7363.139062	6647.651614	6841.559084	0.936224	0.957967	14204.698146	14010.790676	13514.746598	496.044078	689.951548	A=L,B=G,C=H,D=D,E=E,F=A,G=B,H=C,I=I,J=J,K=F,L=K	100	100	100
9DXD-assembly1.cif	M1239v2TS110_3	214	128	0.419075	0.516625	14204.698146	9443.278955	7312.492211	6791.495165	6892.205934	0.930734	0.9563	14204.698146	14103.987377	13535.80087	568.186507	668.897275	A=F,B=B,C=C,D=I,E=J,F=K,G=G,H=H,I=D,J=E,K=L,L=A	100	100	100
9DXD-assembly1.cif	M1239v1TS033_3	214	13	0.418537	0.524728	14204.698146	9977.722404	7505.030359	6895.672841	6699.667786	0.929374	0.95919	14204.698146	14400.7032	13719.005758	681.697442	485.692387	A=L,B=G,C=H,D=D,E=E,F=A,G=B,H=C,I=I,J=J,K=F,L=K	100	100	100
9DXD-assembly1.cif	M1239v1TS167_2	214	29	0.417671	0.516475	14204.698146	9464.689251	7343.28875	6888.174139	6861.409396	0.939629	0.962166	14204.698146	14231.462889	13680.158699	551.304191	524.539447	A=F,B=B,C=C,D=I,E=J,F=K,G=G,H=H,I=D,J=E,K=L,L=A	100	100	100
9DXD-assembly1.cif	M1239v1TS450_2	214	86	0.417671	0.516475	14204.698146	9464.689251	7343.28875	6888.174139	6861.409396	0.939629	0.962166	14204.698146	14231.462889	13680.158699	551.304191	524.539447	A=F,B=B,C=C,D=I,E=J,F=K,G=G,H=H,I=D,J=E,K=L,L=A	100	100	100
9DXD-assembly1.cif	M1239v1TS294_2	214	69	0.41755	0.511399	14204.698146	9413.11819	7289.473238	7013.803363	6915.224907	0.928751	0.946559	14204.698146	14303.276602	13492.237728	811.038874	712.460418	A=A,B=G,C=H,D=D,E=E,F=L,G=B,H=C,I=I,J=J,K=F,L=K	100	100	100
9DXD-assembly1.cif	M1239v1TS369_5	214	84	0.417322	0.515494	14204.698146	9695.665604	7442.59548	7228.301182	6762.102666	0.964436	0.96993	14204.698146	14670.896661	14003.657044	667.239617	201.041102	A=F,B=B,C=C,D=I,E=J,F=K,G=G,H=H,I=D,J=E,K=L,L=A	100	100	100
9DXD-assembly1.cif	M1239v2TS369_5	214	193	0.417322	0.515494	14204.698146	9695.665604	7442.59548	7228.301182	6762.102666	0.964436	0.96993	14204.698146	14670.896661	14003.657044	667.239617	201.041102	A=F,B=B,C=C,D=I,E=J,F=K,G=G,H=H,I=D,J=E,K=L,L=A	100	100	100
9DXD-assembly1.cif	M1239v1TS167_1	214	28	0.416751	0.508702	14204.698146	9450.533722	7279.320587	7135.168056	6925.377559	0.938609	0.950483	14204.698146	14414.488643	13601.026712	813.46193	603.671433	A=L,B=G,C=H,D=D,E=E,F=A,G=B,H=C,I=I,J=J,K=F,L=K	100	100	100
9DXD-assembly1.cif	M1239v1TS450_1	214	85	0.416751	0.508702	14204.698146	9450.533722	7279.320587	7135.168056	6925.377559	0.938609	0.950483	14204.698146	14414.488643	13601.026712	813.46193	603.671433	A=L,B=G,C=H,D=D,E=E,F=A,G=B,H=C,I=I,J=J,K=F,L=K	100	100	100
9DXD-assembly1.cif	M1239v1TS204_5	214	37	0.416614	0.511776	14204.698146	9497.427208	7313.125087	7061.554189	6891.573058	0.92276	0.943451	14204.698146	14374.679276	13481.626541	893.052735	723.071605	A=L,B=G,C=H,D=D,E=E,F=A,G=B,H=C,I=I,J=J,K=F,L=K	100	100	100
9DXD-assembly1.cif	M1239v1TS369_4	214	83	0.416366	0.528608	14204.698146	9927.446744	7568.276389	6861.767109	6636.421756	0.932192	0.954734	14204.698146	14430.043498	13669.28353	760.759968	535.414615	A=F,B=B,C=C,D=I,E=J,F=K,G=G,H=H,I=D,J=E,K=L,L=A	100	100	100
9DXD-assembly1.cif	M1239v2TS369_4	214	192	0.416366	0.528608	14204.698146	9927.446744	7568.276389	6861.767109	6636.421756	0.932192	0.954734	14204.698146	14430.043498	13669.28353	760.759968	535.414615	A=F,B=B,C=C,D=I,E=J,F=K,G=G,H=H,I=D,J=E,K=L,L=A	100	100	100
9DXD-assembly1.cif	M1239v1TS369_3	214	82	0.415698	0.512726	14204.698146	9488.667896	7324.270946	7040.927496	6880.4272	0.949339	0.9594	14204.698146	14365.198442	13704.986387	660.212055	499.711759	A=L,B=G,C=H,D=D,E=E,F=A,G=B,H=C,I=I,J=J,K=F,L=K	100	100	100
9DXD-assembly1.cif	M1239v2TS369_3	214	191	0.415698	0.512726	14204.698146	9488.667896	7324.270946	7040.927496	6880.4272	0.949339	0.9594	14204.698146	14365.198442	13704.986387	660.212055	499.711759	A=L,B=G,C=H,D=D,E=E,F=A,G=B,H=C,I=I,J=J,K=F,L=K	100	100	100
9DXD-assembly1.cif	M1239v1TS167_4	214	31	0.41563	0.510728	14204.698146	9766.028402	7399.625317	7372.440111	6805.072829	0.944096	0.960736	14204.698146	14772.065428	13919.505873	852.559555	285.192273	A=F,B=B,C=C,D=I,E=J,F=K,G=G,H=H,I=D,J=E,K=L,L=A	100	100	100
9DXD-assembly1.cif	M1239v1TS450_4	214	88	0.41563	0.510728	14204.698146	9766.028402	7399.625317	7372.440111	6805.072829	0.944096	0.960736	14204.698146	14772.065428	13919.505873	852.559555	285.192273	A=F,B=B,C=C,D=I,E=J,F=K,G=G,H=H,I=D,J=E,K=L,L=A	100	100	100
9DXF-assembly1.cif	M1239v1TS462_4	215	93	0.412245	0.514872	14222.136574	9566.639542	7341.983451	6955.527624	6880.153122	0.928318	0.951913	14222.136574	14297.511075	13574.10946	723.401614	648.027113	A=A,B=B,C=C,D=D,E=E,F=F,G=G,H=H,I=I,J=J,K=L,L=K	100	100	100
9DXD-assembly1.cif	M1239v1TS208_4	214	40	0.411899	0.513443	14204.698146	9599.400834	7304.042897	6942.476197	6900.655249	0.945117	0.961021	14204.698146	14246.519094	13671.103545	575.415549	533.594601	A=L,B=G,C=H,D=D,E=E,F=A,G=B,H=C,I=I,J=J,K=K,L=F	100	100	100
9DXD-assembly1.cif	M1239v2TS462_5	214	203	0.411742	0.513017	14204.698146	9484.816356	7310.581962	6985.089672	6894.116184	0.942788	0.95885	14204.698146	14295.671634	13663.792883	631.878751	540.905263	A=L,B=G,C=H,D=D,E=E,F=A,G=B,H=C,I=I,J=J,K=F,L=K	100	100	100
9DXF-assembly1.cif	M1239v1TS462_2	215	91	0.408676	0.504194	14222.136574	9723.650498	7306.22708	7453.433757	6915.909494	0.930125	0.949307	14222.136574	14759.660837	13756.313873	1003.346965	465.822701	A=A,B=G,C=H,D=D,E=E,F=L,G=B,H=C,I=I,J=J,K=F,L=K	100	100	100
9DXD-assembly1.cif	M1239v1TS167_3	214	30	0.408478	0.509371	14204.698146	9290.592765	7195.576861	6852.49894	7009.121285	0.932299	0.955257	14204.698146	14048.075801	13494.331379	553.744422	710.366767	A=F,B=B,C=C,D=I,E=J,F=K,G=G,H=H,I=D,J=E,K=L,L=A	100	100	100
9DXD-assembly1.cif	M1239v1TS450_3	214	87	0.408478	0.509371	14204.698146	9290.592765	7195.576861	6852.49894	7009.121285	0.932299	0.955257	14204.698146	14048.075801	13494.331379	553.744422	710.366767	A=F,B=B,C=C,D=I,E=J,F=K,G=G,H=H,I=D,J=E,K=L,L=A	100	100	100
9DXD-assembly1.cif	M1239v1TS159_2	214	27	0.408423	0.498308	14204.698146	9659.751866	7258.283691	7668.709961	6946.414455	0.938503	0.950959	14204.698146	14926.993652	13851.524954	1075.468698	353.173191	A=L,B=G,C=H,D=D,E=E,F=A,G=B,H=C,I=I,J=J,K=F,L=K	100	100	100
9DXD-assembly1.cif	M1239v1TS325_2	214	79	0.408423	0.498308	14204.698146	9659.751866	7258.283691	7668.709961	6946.414455	0.938503	0.950959	14204.698146	14926.993652	13851.524954	1075.468698	353.173191	A=L,B=G,C=H,D=D,E=E,F=A,G=B,H=C,I=I,J=J,K=F,L=K	100	100	100
9DXD-assembly1.cif	M1239v2TS159_2	214	132	0.408423	0.498308	14204.698146	9659.751866	7258.283691	7668.709961	6946.414455	0.938503	0.950959	14204.698146	14926.993652	13851.524954	1075.468698	353.173191	A=L,B=G,C=H,D=D,E=E,F=A,G=B,H=C,I=I,J=J,K=F,L=K	100	100	100
9DXD-assembly1.cif	M1239v2TS325_2	214	188	0.408423	0.498308	14204.698146	9659.751866	7258.283691	7668.709961	6946.414455	0.938503	0.950959	14204.698146	14926.993652	13851.524954	1075.468698	353.173191	A=L,B=G,C=H,D=D,E=E,F=A,G=B,H=C,I=I,J=J,K=F,L=K	100	100	100
9DXD-assembly1.cif	M1239v2TS286_3	214	175	0.407185	0.500157	14204.698146	9382.873385	7263.307202	7576.097492	6941.390944	0.914908	0.952983	14204.698146	14839.404694	13839.266239	1000.138454	365.431906	A=L,B=G,C=H,D=D,E=E,F=A,G=B,H=C,I=I,J=J,K=F,L=K	100	100	100
9DXD-assembly1.cif	M1239v2TS204_4	214	141	0.406641	0.505535	14204.698146	9565.135678	7267.14845	7278.467852	6937.549696	0.936429	0.951256	14204.698146	14545.616302	13674.450771	871.16553	530.247374	A=L,B=G,C=H,D=D,E=E,F=A,G=B,H=C,I=I,J=J,K=F,L=K	100	100	100
9DXD-assembly1.cif	M1239v1TS208_2	214	39	0.404572	0.512005	14204.698146	9478.260305	7240.362317	6837.333675	6964.335828	0.925853	0.950743	14204.698146	14077.695993	13444.642036	633.053957	760.05611	A=F,B=B,C=C,D=I,E=J,F=K,G=G,H=H,I=D,J=E,K=A,L=L	100	100	100
9DXD-assembly1.cif	M1239v1TS294_3	214	70	0.403432	0.498936	14204.698146	9473.571679	7194.124824	7439.03787	7010.573322	0.950232	0.962322	14204.698146	14633.162693	13875.659274	757.503419	329.038872	A=K,B=B,C=C,D=I,E=J,F=F,G=G,H=H,I=D,J=E,K=L,L=A	100	100	100
9DXD-assembly1.cif	M1239v2TS208_1	214	143	0.399759	0.503461	14204.698146	9582.039188	7188.238511	7162.341724	7016.459634	0.92844	0.945016	14204.698146	14350.580235	13492.598816	857.981419	712.09933	A=F,B=B,C=C,D=I,E=J,F=K,G=G,H=H,I=D,J=E,K=L,L=A	100	100	100
9DXD-assembly1.cif	M1239v2TS481_2	214	205	0.398636	0.496152	14204.698146	9634.19889	7231.83986	7715.192328	6972.858286	0.9366	0.95645	14204.698146	14947.032188	13941.079756	1005.952432	263.618389	A=F,B=B,C=C,D=I,E=J,F=K,G=G,H=H,I=D,J=E,K=L,L=A	100	100	100
9DXF-assembly1.cif	M1239v1TS091_3	215	18	0.395894	0.484672	14222.136574	9754.058202	7156.449019	8152.491984	7065.687554	0.934752	0.951275	14222.136574	15308.941003	14046.093139	1262.847864	176.043434	A=A,B=B,C=C,D=I,E=J,F=K,G=G,H=H,I=D,J=E,K=F,L=L	100	100	100
9DXF-assembly1.cif	M1239v2TS091_1	215	121	0.395894	0.484672	14222.136574	9754.058202	7156.449019	8152.491984	7065.687554	0.934752	0.951275	14222.136574	15308.941003	14046.093139	1262.847864	176.043434	A=A,B=B,C=C,D=I,E=J,F=K,G=G,H=H,I=D,J=E,K=F,L=L	100	100	100
9DXD-assembly1.cif	M1239v2TS208_3	214	145	0.394072	0.498654	14204.698146	9674.480445	7174.773116	7397.106152	7029.92503	0.952634	0.959359	14204.698146	14571.879268	13803.53211	768.347159	401.166036	A=L,B=G,C=H,D=D,E=E,F=A,G=B,H=C,I=I,J=J,K=F,L=K	100	100	100
9DXD-assembly1.cif	M1239v2TS208_2	214	144	0.393636	0.485198	14204.698146	9477.672082	7021.34131	7716.12494	7183.356835	0.949299	0.957631	14204.698146	14737.46625	13857.957752	879.508498	346.740394	A=F,B=B,C=C,D=I,E=J,F=K,G=G,H=H,I=D,J=E,K=L,L=A	100	100	100
9DXF-assembly1.cif	M1239v2TS294_3	215	180	0.393627	0.485515	14222.136574	9682.970567	7143.827713	8061.865305	7078.30886	0.929854	0.955511	14222.136574	15205.693018	14059.302393	1146.390625	162.83418	A=K,B=G,C=H,D=I,E=J,F=L,G=B,H=C,I=D,J=E,K=F,L=A	100	100	100
9DXD-assembly1.cif	M1239v1TS489_5	214	104	0.39242	0.475037	14204.698146	9299.37636	6940.482336	8075.64708	7264.215809	0.92485	0.945184	14204.698146	15016.129417	13809.53609	1206.593327	395.162056	A=L,B=G,C=H,D=D,E=E,F=A,G=B,H=C,I=I,J=J,K=F,L=K	100	100	100
9DXD-assembly1.cif	M1239v2TS489_4	214	212	0.391871	0.487262	14204.698146	9410.650544	7054.383369	7696.132831	7150.314777	0.942073	0.955196	14204.698146	14750.516199	13828.95603	921.560169	375.742115	A=F,B=B,C=C,D=I,E=J,F=K,G=G,H=H,I=D,J=E,K=L,L=A	100	100	100
9DXD-assembly1.cif	M1239v1TS286_3	214	65	0.391863	0.497198	14204.698146	8892.656136	6901.074583	6654.080706	7303.623563	0.902111	0.941883	14204.698146	13555.155289	13073.272663	481.882626	1131.425483	A=L,B=G,C=H,D=D,E=E,F=A,G=B,H=C,I=I,J=J,K=F,L=K	100	100	100
9DXF-assembly1.cif	M1239v2TS294_5	215	182	0.390812	0.486438	14222.136574	9725.843703	7134.183897	7976.024384	7087.952677	0.927131	0.950645	14222.136574	15110.20828	13942.327328	1167.880953	279.809246	A=K,B=B,C=C,D=I,E=J,F=F,G=G,H=H,I=D,J=E,K=L,L=A	100	100	100
9DXF-assembly1.cif	M1239v2TS110_4	215	129	0.390662	0.488082	14222.136574	9467.200288	7032.094768	7560.977504	7190.041805	0.945204	0.961352	14222.136574	14593.072272	13850.777668	742.294604	371.358905	A=L,B=G,C=H,D=D,E=E,F=A,G=B,H=C,I=I,J=J,K=K,L=F	100	100	100
9DXF-assembly1.cif	M1239v2TS294_2	215	179	0.389472	0.480606	14222.136574	9748.266087	7114.584637	8269.985533	7107.551937	0.915692	0.948192	14222.136574	15384.57017	14036.415587	1348.154583	185.720987	A=A,B=B,C=C,D=D,E=E,F=F,G=G,H=H,I=I,J=J,K=L,L=K	100	100	100
9DXD-assembly1.cif	M1239v2TS204_3	214	140	0.389197	0.49175	14204.698146	9465.788671	7086.094916	7529.143438	7118.603229	0.921863	0.940708	14204.698146	14615.238354	13555.577558	1059.660796	649.120588	A=F,B=B,C=C,D=I,E=J,F=K,G=G,H=H,I=D,J=E,K=L,L=A	100	100	100
9DXD-assembly1.cif	M1239v1TS159_1	214	26	0.388703	0.477051	14204.698146	9257.276363	6873.223119	7737.570173	7331.475027	0.951309	0.9636	14204.698146	14610.793291	13883.298824	727.494467	321.399322	A=F,B=B,C=C,D=I,E=J,F=K,G=G,H=H,I=D,J=E,K=L,L=A	100	100	100
9DXD-assembly1.cif	M1239v1TS325_1	214	78	0.388703	0.477051	14204.698146	9257.276363	6873.223119	7737.570173	7331.475027	0.951309	0.9636	14204.698146	14610.793291	13883.298824	727.494467	321.399322	A=F,B=B,C=C,D=I,E=J,F=K,G=G,H=H,I=D,J=E,K=L,L=A	100	100	100
9DXD-assembly1.cif	M1239v2TS159_1	214	131	0.388703	0.477051	14204.698146	9257.276363	6873.223119	7737.570173	7331.475027	0.951309	0.9636	14204.698146	14610.793291	13883.298824	727.494467	321.399322	A=F,B=B,C=C,D=I,E=J,F=K,G=G,H=H,I=D,J=E,K=L,L=A	100	100	100
9DXD-assembly1.cif	M1239v2TS208_5	214	147	0.388158	0.487368	14204.698146	9210.511316	6904.266861	7223.882693	7300.431285	0.940529	0.967897	14204.698146	14128.149554	13711.637958	416.511596	493.060188	A=F,B=B,C=C,D=I,E=J,F=K,G=G,H=H,I=D,J=E,K=L,L=A	100	100	100
9DXD-assembly1.cif	M1239v2TS033_3	214	118	0.387142	0.472029	14204.698146	8940.819074	6775.399818	7727.488215	7429.298327	0.958026	0.967168	14204.698146	14502.888034	13882.522813	620.365221	322.175333	A=F,B=B,C=C,D=I,E=J,F=K,G=G,H=H,I=D,J=E,K=L,L=A	100	100	100
9DXD-assembly1.cif	M1239v2TS208_4	214	146	0.386433	0.490474	14204.698146	9254.637081	6992.369792	7315.62037	7212.328354	0.951428	0.960213	14204.698146	14307.990161	13689.131429	618.858733	515.566717	A=F,B=B,C=C,D=I,E=J,F=K,G=G,H=H,I=D,J=E,K=L,L=A	100	100	100
9DXD-assembly1.cif	M1239v2TS033_1	214	116	0.386368	0.472275	14204.698146	9185.482892	6859.756426	7985.40199	7344.94172	0.904381	0.937019	14204.698146	14845.158416	13610.127776	1235.03064	594.57037	A=L,B=G,C=H,D=D,E=E,F=A,G=B,H=C,I=I,J=J,K=F,L=K	100	100	100
9DXD-assembly1.cif	M1239v1TS294_5	214	72	0.386065	0.485089	14204.698146	9302.782954	6971.355283	7566.517563	7233.342863	0.938738	0.957753	14204.698146	14537.872845	13764.14823	773.724615	440.549916	A=F,B=B,C=C,D=I,E=J,F=K,G=G,H=H,I=D,J=E,K=A,L=L	100	100	100
9DXD-assembly1.cif	M1239v2TS262_4	214	166	0.385985	0.487535	14204.698146	9426.567375	6999.753186	7510.440552	7204.94496	0.92643	0.946043	14204.698146	14510.193738	13582.766305	927.427433	621.931841	A=F,B=B,C=C,D=D,E=E,F=K,G=G,H=H,I=I,J=J,K=L,L=A	100	100	100
9DXF-assembly1.cif	M1239v1TS110_3	215	23	0.385837	0.476071	14222.136574	9457.289084	6974.056174	8102.183959	7248.0804	0.945079	0.962836	14222.136574	15076.240133	14104.766311	971.473822	117.370262	A=L,B=G,C=H,D=D,E=E,F=A,G=B,H=C,I=I,J=J,K=K,L=F	100	100	100
9DXD-assembly1.cif	M1239v1TS294_4	214	71	0.385186	0.482465	14204.698146	9167.997005	6883.817106	7447.535418	7320.881039	0.949271	0.964773	14204.698146	14331.352525	13765.402759	565.949766	439.295387	A=L,B=G,C=H,D=D,E=E,F=A,G=B,H=C,I=I,J=J,K=K,L=F	100	100	100
9DXF-assembly1.cif	M1239v2TS294_1	215	178	0.382126	0.472536	14222.136574	9437.062141	6939.1759	8208.634162	7282.960674	0.94041	0.963634	14222.136574	15147.810062	14150.940613	996.869449	71.19596	A=A,B=G,C=H,D=D,E=E,F=L,G=B,H=C,I=I,J=J,K=F,L=K	100	100	100
9DXD-assembly1.cif	M1239v1TS208_1	214	38	0.381674	0.491158	14204.698146	9308.82364	6964.72928	7191.018512	7239.968866	0.94123	0.955152	14204.698146	14155.747792	13544.264573	611.48322	660.433573	A=L,B=G,C=H,D=D,E=E,F=A,G=B,H=C,I=I,J=J,K=K,L=F	100	100	100
9DXF-assembly1.cif	M1239v2TS294_4	215	181	0.381313	0.468269	14222.136574	9546.115822	6903.487162	8359.521501	7318.649412	0.919737	0.948934	14222.136574	15263.008663	13989.728249	1273.280414	232.408324	A=A,B=B,C=C,D=D,E=E,F=F,G=G,H=H,I=I,J=J,K=L,L=K	100	100	100
9DXD-assembly1.cif	M1239v2TS286_2	214	174	0.380929	0.501514	14204.698146	8825.563898	6794.475437	6096.674974	7410.222709	0.873283	0.92849	14204.698146	12891.15041	12579.107902	312.042509	1625.590244	A=F,B=B,C=C,D=I,E=J,F=K,G=G,H=H,I=D,J=E,K=A,L=L	100	100	100
9DXD-assembly1.cif	M1239v2TS481_1	214	204	0.380449	0.482841	14204.698146	9480.968095	7003.476041	7801.297387	7201.222105	0.929704	0.950397	14204.698146	14804.773427	13785.260519	1019.512908	419.437626	A=F,B=B,C=C,D=I,E=J,F=K,G=G,H=H,I=D,J=E,K=L,L=A	100	100	100
9DXD-assembly1.cif	M1239v1TS481_4	214	98	0.380307	0.479759	14204.698146	9089.989428	6794.013476	7323.907107	7410.68467	0.931741	0.954327	14204.698146	14117.920583	13514.516923	603.403661	690.181223	A=A,B=G,C=H,D=D,E=E,F=L,G=B,H=C,I=I,J=J,K=K,L=F	100	100	100
9DXD-assembly1.cif	M1239v1TS489_3	214	102	0.380131	0.482114	14204.698146	9104.557079	6861.178555	7397.001953	7343.519591	0.933065	0.953674	14204.698146	14258.180508	13572.156183	686.024326	632.541963	A=F,B=B,C=C,D=I,E=J,F=K,G=G,H=H,I=D,J=E,K=L,L=A	100	100	100
9DXD-assembly1.cif	M1239v2TS028_5	214	115	0.38013	0.482053	14204.698146	9036.927346	6853.300368	7375.801391	7351.397777	0.946811	0.958296	14204.698146	14229.10176	13623.996829	605.104931	580.701317	A=L,B=G,C=H,D=D,E=E,F=A,G=B,H=C,I=I,J=J,K=K,L=F	100	100	100
9DXD-assembly1.cif	M1239v2TS262_2	214	164	0.37796	0.484467	14204.698146	9432.046881	6934.463831	7488.054645	7270.234314	0.909039	0.938099	14204.698146	14422.518476	13427.587301	994.931175	777.110845	A=F,B=B,C=C,D=D,E=E,F=K,G=G,H=H,I=I,J=J,K=L,L=A	100	100	100
9DXD-assembly1.cif	M1239v2TS028_3	214	113	0.377367	0.485797	14204.698146	9068.26215	6826.744087	7073.873058	7377.954059	0.927257	0.949698	14204.698146	13900.617145	13345.78212	554.835025	858.916026	A=F,B=B,C=C,D=I,E=J,F=K,G=G,H=H,I=D,J=E,K=A,L=L	100	100	100
9DXD-assembly1.cif	M1239v1TS286_4	214	66	0.377227	0.486777	14204.698146	8645.209069	6664.928884	6514.308901	7539.769261	0.884117	0.931138	14204.698146	13179.237786	12749.113214	430.124572	1455.584932	A=L,B=G,C=H,D=D,E=E,F=A,G=B,H=C,I=I,J=J,K=F,L=K	100	100	100
9DXD-assembly1.cif	M1239v1TS489_2	214	101	0.376166	0.473174	14204.698146	9264.176607	6811.716576	7775.195224	7392.981569	0.941452	0.963542	14204.698146	14586.9118	13870.968698	715.943102	333.729448	A=F,B=B,C=C,D=I,E=J,F=K,G=G,H=H,I=D,J=E,K=L,L=A	100	100	100
9DXF-assembly1.cif	M1239v1TS481_4	215	98	0.3758	0.479076	14222.136574	9078.123619	6788.525694	7329.394889	7433.610879	0.92925	0.940756	14222.136574	13445.164521	13330.545437	787.375146	891.591136	A=A,B=B,C=C,D=D,E=E,F=F,G=G,H=H,I=I,J=J,K=K,L=L	100	100	100
9DXD-assembly1.cif	M1239v1TS489_4	214	103	0.375791	0.480073	14204.698146	9399.584465	6935.719707	7754.025202	7268.978438	0.944397	0.960806	14204.698146	14689.744909	13880.979118	808.765791	323.719028	A=F,B=B,C=C,D=I,E=J,F=K,G=G,H=H,I=D,J=E,K=L,L=A	100	100	100
9DXD-assembly1.cif	M1239v1TS489_1	214	100	0.373051	0.468721	14204.698146	9035.445711	6723.439079	7760.311797	7481.259066	0.945071	0.959224	14204.698146	14483.750877	13759.32533	724.425546	445.372815	A=F,B=B,C=C,D=I,E=J,F=K,G=G,H=H,I=D,J=E,K=L,L=A	100	100	100
9DXD-assembly1.cif	M1239v1TS481_1	214	95	0.372074	0.46965	14204.698146	8935.979856	6660.730269	7499.229025	7543.967877	0.941431	0.957958	14204.698146	14159.959294	13586.077827	573.881467	618.620318	A=L,B=G,C=H,D=D,E=E,F=A,G=B,H=C,I=I,J=J,K=F,L=K	100	100	100
9DXD-assembly1.cif	M1239v2TS204_5	214	142	0.369799	0.464122	14204.698146	8702.891944	6568.997423	7533.520013	7635.700723	0.938895	0.954605	14204.698146	14102.517435	13511.102478	591.414957	693.595667	A=L,B=G,C=H,D=D,E=E,F=A,G=B,H=C,I=I,J=J,K=F,L=K	100	100	100
9DXD-assembly1.cif	M1239v1TS262_5	214	57	0.369611	0.473999	14204.698146	9409.034587	6871.623255	7917.925286	7333.074891	0.916413	0.940934	14204.698146	14789.548541	13640.830457	1148.718084	563.867689	A=A,B=G,C=H,D=I,E=J,F=L,G=B,H=C,I=D,J=E,K=F,L=K	100	100	100
9DXD-assembly1.cif	M1239v1TS262_2	214	54	0.367398	0.473288	14204.698146	9341.359756	6823.644287	7806.732327	7381.053858	0.923013	0.944797	14204.698146	14630.376614	13621.644319	1008.732295	583.053826	A=K,B=B,C=C,D=D,E=E,F=F,G=G,H=H,I=I,J=J,K=L,L=A	100	100	100
9DXD-assembly1.cif	M1239v1TS262_4	214	56	0.362931	0.44488	14204.698146	9135.347553	6640.623123	9008.212996	7564.075022	0.901243	0.939365	14204.698146	15648.836119	14021.675392	1627.160727	183.022753	A=A,B=G,C=H,D=I,E=J,F=L,G=B,H=C,I=D,J=E,K=F,L=K	100	100	100
9DXD-assembly1.cif	M1239v1TS033_2	214	12	0.359534	0.45531	14204.698146	8600.359998	6406.429847	7529.845383	7798.268299	0.920164	0.941334	14204.698146	13936.27523	13245.034428	691.240803	959.663718	A=L,B=G,C=H,D=D,E=E,F=A,G=B,H=C,I=I,J=J,K=K,L=F	100	100	100
9DXD-assembly1.cif	M1239v2TS286_4	214	176	0.358858	0.470164	14204.698146	8281.318093	6355.426008	6474.781712	7849.272138	0.861742	0.918454	14204.698146	12830.20772	12415.163467	415.044254	1789.534679	A=L,B=G,C=H,D=D,E=E,F=A,G=B,H=C,I=I,J=J,K=F,L=K	100	100	100
9DXD-assembly1.cif	M1239v2TS286_5	214	177	0.358705	0.478589	14204.698146	8341.752197	6460.394012	6332.575105	7744.304134	0.854934	0.912558	14204.698146	12792.969117	12318.468037	474.50108	1886.230109	A=L,B=G,C=H,D=D,E=E,F=A,G=B,H=C,I=I,J=J,K=F,L=K	100	100	100
9DXD-assembly1.cif	M1239v1TS286_1	214	63	0.357971	0.482789	14204.698146	8276.982672	6426.095903	5989.914941	7778.602243	0.835481	0.90472	14204.698146	12416.010843	12042.140671	373.870172	2162.557474	A=L,B=G,C=H,D=D,E=E,F=A,G=B,H=C,I=I,J=J,K=F,L=K	100	100	100
9DXD-assembly1.cif	M1239v2TS481_4	214	207	0.357828	0.425784	14204.698146	9078.533362	6576.683574	10110.701676	7628.014572	0.847354	0.919556	14204.698146	16687.38525	14203.500067	2483.885183	1.198078	A=F,B=B,C=C,D=I,E=J,F=K,G=G,H=H,I=D,J=E,K=L,L=A	100	100	100
9DXD-assembly1.cif	M1239v2TS167_5	214	137	0.354824	0.435908	14204.698146	9016.925023	6430.368073	8868.253674	7774.330072	0.882411	0.929925	14204.698146	15298.621747	13717.938617	1580.68313	486.759529	A=K,B=B,C=C,D=I,E=J,F=F,G=G,H=H,I=D,J=E,K=L,L=A	100	100	100
9DXD-assembly1.cif	M1239v2TS450_5	214	198	0.354824	0.435908	14204.698146	9016.925023	6430.368073	8868.253674	7774.330072	0.882411	0.929925	14204.698146	15298.621747	13717.938617	1580.68313	486.759529	A=K,B=B,C=C,D=I,E=J,F=F,G=G,H=H,I=D,J=E,K=L,L=A	100	100	100
9DXD-assembly1.cif	M1239v1TS481_3	214	97	0.346104	0.422637	14204.698146	8289.233706	6168.390687	8816.926033	8036.307458	0.881086	0.930974	14204.698146	14985.316721	13587.575698	1397.741022	617.122447	A=A,B=G,C=H,D=D,E=E,F=L,G=B,H=C,I=I,J=J,K=F,L=K	100	100	100
9DXF-assembly1.cif	M1239v1TS462_5	215	94	0.337674	0.410679	14222.136574	8953.279057	6331.988715	10282.521013	7890.147858	0.851865	0.922418	14222.136574	16614.509728	14222.136574	2392.373155	0	A=K,B=G,C=H,D=I,E=J,F=L,G=B,H=C,I=D,J=E,K=F,L=A	100	100	100
9DXD-assembly1.cif	M1239v2TS167_4	214	136	0.336448	0.386135	14204.698146	7551.007275	5870.800801	10332.492223	8333.897345	0.882847	0.930919	14204.698146	16203.293024	14153.694488	2049.598535	51.003657	A=K,B=B,C=C,D=I,E=J,F=F,G=G,H=H,I=D,J=E,K=L,L=A	100	100	100
9DXD-assembly1.cif	M1239v2TS450_4	214	197	0.336448	0.386135	14204.698146	7551.007275	5870.800801	10332.492223	8333.897345	0.882847	0.930919	14204.698146	16203.293024	14153.694488	2049.598535	51.003657	A=K,B=B,C=C,D=I,E=J,F=F,G=G,H=H,I=D,J=E,K=L,L=A	100	100	100
9DXD-assembly1.cif	M1239v2TS033_2	214	117	0.332001	0.396012	14204.698146	7637.974107	5890.287982	9653.053124	8314.410163	0.908229	0.947709	14204.698146	15543.341106	14096.236349	1447.104756	108.461796	A=F,B=B,C=C,D=I,E=J,F=K,G=G,H=H,I=D,J=E,K=A,L=L	100	100	100
9DXD-assembly1.cif	M1239v1TS231_2	214	42	0.33151	0.38437	14204.698146	7237.615843	5691.792785	9719.721941	8512.905361	0.903993	0.945151	14204.698146	15411.514726	13995.903542	1415.611184	208.794604	A=L,B=G,C=H,D=D,E=E,F=A,G=B,H=C,I=I,J=J,K=F,L=K	100	100	100
9DXD-assembly1.cif	M1239v2TS167_2	214	134	0.330678	0.388475	14204.698146	7290.439591	5722.385945	9533.697484	8482.3122	0.869853	0.92447	14204.698146	15256.083429	13617.810863	1638.272566	586.887282	A=A,B=G,C=H,D=D,E=E,F=L,G=B,H=C,I=I,J=J,K=F,L=K	100	100	100
9DXD-assembly1.cif	M1239v2TS450_2	214	195	0.330678	0.388475	14204.698146	7290.439591	5722.385945	9533.697484	8482.3122	0.869853	0.92447	14204.698146	15256.083429	13617.810863	1638.272566	586.887282	A=A,B=G,C=H,D=D,E=E,F=L,G=B,H=C,I=I,J=J,K=F,L=K	100	100	100
9DXF-assembly1.cif	M1239v2TS286_1	215	173	0.330596	0.440965	14222.136574	8100.955183	5969.413378	6882.776915	8252.723196	0.874386	0.929584	14222.136574	12852.190293	12583.933494	268.256799	1638.20308	A=F,B=B,C=C,D=D,E=E,F=L,G=G,H=H,I=I,J=J,K=K,L=A	100	100	100
9DXD-assembly1.cif	M1239v1TS294_1	214	68	0.330378	0.386658	14204.698146	7305.532297	5723.818613	9678.139746	8480.879532	0.874498	0.918028	14204.698146	15040.939692	13589.867225	1812.091135	614.830921	A=L,B=G,C=H,D=D,E=E,F=A,G=B,H=C,I=I,J=J,K=F,L=K	100	100	100
9DXD-assembly1.cif	M1239v1TS091_1	214	16	0.330019	0.386129	14204.698146	7647.815822	5840.599878	10206.745917	8364.098268	0.868851	0.924517	14204.698146	16047.345795	13984.258688	2063.087108	220.439458	A=K,B=G,C=H,D=D,E=E,F=F,G=B,H=C,I=I,J=J,K=L,L=A	100	100	100
9DXD-assembly1.cif	M1239v2TS091_3	214	123	0.330019	0.386129	14204.698146	7647.815822	5840.599878	10206.745917	8364.098268	0.868851	0.924517	14204.698146	16047.345795	13984.258688	2063.087108	220.439458	A=K,B=G,C=H,D=D,E=E,F=F,G=B,H=C,I=I,J=J,K=L,L=A	100	100	100
9DXD-assembly1.cif	M1239v2TS033_4	214	119	0.328841	0.382223	14204.698146	7342.872344	5721.758326	10012.940769	8482.93982	0.889813	0.938953	14204.698146	15734.699094	14055.848589	1678.850505	148.849557	A=L,B=G,C=H,D=D,E=E,F=A,G=B,H=C,I=I,J=J,K=F,L=K	100	100	100
9DXD-assembly1.cif	M1239v2TS262_1	214	163	0.328342	0.384964	14204.698146	7679.139616	5855.95433	10362.706615	8348.743816	0.903339	0.926199	14204.698146	15906.386336	14089.035951	2129.624993	115.662195	A=F,B=B,C=C,D=D,E=E,F=K,G=G,H=H,I=I,J=J,K=L,L=A	100	100	100
9DXD-assembly1.cif	M1239v2TS262_3	214	165	0.325303	0.381287	14204.698146	7636.451951	5819.060005	10499.469431	8385.63814	0.902381	0.928352	14204.698146	16056.841094	14168.146068	2150.383369	36.552078	A=L,B=G,C=H,D=I,E=J,F=A,G=B,H=C,I=D,J=E,K=F,L=K	100	100	100
9DXD-assembly1.cif	M1239v1TS091_4	214	19	0.324815	0.370808	14204.698146	7681.528037	5749.371619	11055.886372	8455.326527	0.837338	0.912435	14204.698146	16805.257991	14147.281553	2657.976438	57.416593	A=L,B=B,C=C,D=I,E=J,F=A,G=G,H=H,I=D,J=E,K=F,L=K	100	100	100
9DXD-assembly1.cif	M1239v2TS091_4	214	124	0.324815	0.370808	14204.698146	7681.528037	5749.371619	11055.886372	8455.326527	0.837338	0.912435	14204.698146	16805.257991	14147.281553	2657.976438	57.416593	A=L,B=B,C=C,D=I,E=J,F=A,G=G,H=H,I=D,J=E,K=F,L=K	100	100	100
9DXD-assembly1.cif	M1239v1TS033_5	214	15	0.324803	0.381528	14204.698146	7413.806616	5744.072545	10162.131307	8460.6256	0.881461	0.931515	14204.698146	15906.203853	14024.372916	1881.830937	180.32523	A=L,B=G,C=H,D=D,E=E,F=A,G=B,H=C,I=I,J=J,K=F,L=K	100	100	100
9DXD-assembly1.cif	M1239v1TS231_1	214	41	0.324424	0.3819	14204.698146	7290.96415	5633.988735	9666.328527	8570.709411	0.898443	0.941649	14204.698146	15300.317262	13891.686488	1408.630773	313.011657	A=L,B=G,C=H,D=D,E=E,F=A,G=B,H=C,I=I,J=J,K=F,L=K	100	100	100
9DXD-assembly1.cif	M1239v1TS262_1	214	53	0.32337	0.400797	14204.698146	8729.181098	6107.223427	10163.456258	8097.474718	0.898695	0.917052	14204.698146	15591.425649	13973.752073	2296.927612	230.946073	A=K,B=B,C=C,D=D,E=E,F=F,G=G,H=H,I=I,J=J,K=L,L=A	100	100	100
9DXF-assembly1.cif	M1239v1TS262_3	215	55	0.322536	0.399658	14222.136574	8678.125167	6104.673712	10222.687617	8117.462861	0.892647	0.907114	14222.136574	15402.003199	13855.941613	2471.419716	366.194961	A=K,B=B,C=C,D=D,E=E,F=F,G=G,H=H,I=I,J=J,K=L,L=A	100	100	100
9DXD-assembly1.cif	M1239v2TS167_3	214	135	0.322187	0.380848	14204.698146	7272.724984	5647.69534	9806.140118	8557.002805	0.886206	0.934037	14204.698146	15453.835459	13851.089336	1602.746123	353.60881	A=A,B=G,C=H,D=D,E=E,F=L,G=B,H=C,I=I,J=J,K=F,L=K	100	100	100
9DXD-assembly1.cif	M1239v2TS450_3	214	196	0.322187	0.380848	14204.698146	7272.724984	5647.69534	9806.140118	8557.002805	0.886206	0.934037	14204.698146	15453.835459	13851.089336	1602.746123	353.60881	A=A,B=G,C=H,D=D,E=E,F=L,G=B,H=C,I=I,J=J,K=F,L=K	100	100	100
9DXD-assembly1.cif	M1239v1TS033_4	214	14	0.322014	0.384692	14204.698146	7173.277779	5618.337118	9386.496078	8586.361028	0.877883	0.930955	14204.698146	15004.833196	13596.374228	1408.458968	608.323918	A=F,B=B,C=C,D=I,E=J,F=K,G=G,H=H,I=D,J=E,K=L,L=A	100	100	100
9DXD-assembly1.cif	M1239v2TS262_5	214	167	0.319539	0.373915	14204.698146	7368.814539	5684.572013	10516.411088	8520.126133	0.899576	0.919253	14204.698146	15327.613957	13975.256749	2225.726352	229.441396	A=F,B=B,C=C,D=I,E=J,F=A,G=G,H=H,I=D,J=E,K=L,L=K	100	100	100
9DXF-assembly1.cif	M1239v1TS262_1	215	53	0.31812	0.397064	14222.136574	8647.956837	6053.793522	10216.886163	8168.343051	0.899364	0.911758	14222.136574	15375.844991	13901.030105	2369.64958	321.106468	A=K,B=B,C=C,D=D,E=E,F=F,G=G,H=H,I=I,J=J,K=L,L=A	100	100	100
9DXD-assembly1.cif	M1239v1TS091_2	214	17	0.314025	0.370493	14204.698146	7316.650446	5595.305357	10404.674881	8609.392788	0.889205	0.931955	14204.698146	15999.980238	14074.702524	1925.277714	129.995621	A=L,B=B,C=C,D=I,E=J,F=A,G=G,H=H,I=D,J=E,K=F,L=K	100	100	100
9DXD-assembly1.cif	M1239v2TS091_2	214	122	0.314025	0.370493	14204.698146	7316.650446	5595.305357	10404.674881	8609.392788	0.889205	0.931955	14204.698146	15999.980238	14074.702524	1925.277714	129.995621	A=L,B=B,C=C,D=I,E=J,F=A,G=G,H=H,I=D,J=E,K=F,L=K	100	100	100
9DXD-assembly1.cif	M1239v2TS167_1	214	133	0.31393	0.376162	14204.698146	7004.237255	5477.386043	9440.432294	8727.312103	0.854773	0.915922	14204.698146	14917.818336	13336.96976	1580.848577	867.728386	A=K,B=B,C=C,D=I,E=J,F=F,G=G,H=H,I=D,J=E,K=L,L=A	100	100	100
9DXD-assembly1.cif	M1239v2TS450_1	214	194	0.31393	0.376162	14204.698146	7004.237255	5477.386043	9440.432294	8727.312103	0.854773	0.915922	14204.698146	14917.818336	13336.96976	1580.848577	867.728386	A=K,B=B,C=C,D=I,E=J,F=F,G=G,H=H,I=D,J=E,K=L,L=A	100	100	100
9DXD-assembly1.cif	M1239v1TS033_1	214	11	0.313636	0.375947	14204.698146	6994.652255	5470.507611	9427.306103	8734.190534	0.854855	0.915723	14204.698146	14897.813714	13324.92227	1572.891444	879.775875	A=K,B=B,C=C,D=I,E=J,F=F,G=G,H=H,I=D,J=E,K=L,L=A	100	100	100
9DXD-assembly1.cif	M1239v1TS204_2	214	34	0.311725	0.369349	14204.698146	7093.917141	5428.176998	9760.367208	8776.521147	0.897778	0.933899	14204.698146	15188.544206	13725.163551	1463.380655	479.534594	A=K,B=B,C=C,D=I,E=J,F=F,G=G,H=H,I=D,J=E,K=A,L=L	100	100	100
9DXD-assembly1.cif	M1239v2TS204_1	214	138	0.311725	0.369349	14204.698146	7093.917141	5428.176998	9760.367208	8776.521147	0.897778	0.933899	14204.698146	15188.544206	13725.163551	1463.380655	479.534594	A=K,B=B,C=C,D=I,E=J,F=F,G=G,H=H,I=D,J=E,K=A,L=L	100	100	100
9DXF-assembly1.cif	M1239v1TS462_1	215	90	0.311372	0.36838	14222.136574	7142.608181	5458.96509	9956.569837	8763.171483	0.869543	0.926972	14222.136574	15415.534927	13736.644861	1678.890066	485.491712	A=K,B=B,C=C,D=I,E=J,F=F,G=G,H=H,I=D,J=E,K=L,L=A	100	100	100
9DXD-assembly1.cif	M1239v1TS481_2	214	96	0.304181	0.372683	14204.698146	6911.598445	5337.936481	9103.347354	8866.761664	0.876524	0.926971	14204.698146	14441.283835	13276.991882	1164.291953	927.706263	A=A,B=G,C=H,D=D,E=E,F=L,G=B,H=C,I=I,J=J,K=F,L=K	100	100	100
9DXF-assembly1.cif	M1239v1TS204_2	215	34	0.303664	0.359449	14222.136574	7012.9499	5285.822119	9902.722087	8936.314455	0.895073	0.920711	14222.136574	14348.893823	13539.369792	1649.174414	682.766782	A=A,B=B,C=C,D=D,E=E,F=F,G=G,H=H,I=I,J=J,K=K,L=L	100	100	100
9DXF-assembly1.cif	M1239v2TS204_1	215	138	0.303664	0.359449	14222.136574	7012.9499	5285.822119	9902.722087	8936.314455	0.895073	0.920711	14222.136574	14348.893823	13539.369792	1649.174414	682.766782	A=A,B=B,C=C,D=D,E=E,F=F,G=G,H=H,I=I,J=J,K=K,L=L	100	100	100
9DXD-assembly1.cif	M1239v2TS033_5	214	120	0.261441	0.365863	14204.698146	7713.355834	5141.258024	8758.871323	9063.440122	0.922818	0.960294	14204.698146	13900.129347	13494.454362	405.674985	710.243784	A=L,B=G,C=H,D=D,E=E,F=A,G=B,H=C,I=I,J=J,K=K,L=F	100	100	100
9DXD-assembly1.cif	M1239v2TS028_2	214	112	0.24828	0.343234	14204.698146	7736.845236	4854.938466	9229.706095	9349.75968	0.939369	0.96895	14204.698146	14084.644561	13705.48404	379.16052	499.214105	A=F,B=B,C=C,D=I,E=J,F=K,G=G,H=H,I=D,J=E,K=L,L=A	100	100	100
9DXD-assembly1.cif	M1239v1TS028_3	214	8	0.246602	0.348875	14204.698146	7442.850788	4842.59468	8713.946286	9362.103465	0.899106	0.945875	14204.698146	13556.540966	13129.324282	427.216684	1075.373863	A=L,B=G,C=H,D=D,E=E,F=A,G=B,H=C,I=I,J=J,K=F,L=K	100	100	100
9DXD-assembly1.cif	M1239v1TS286_5	214	67	0.245979	0.345813	14204.698146	6873.568465	4643.5186	8007.415467	9561.179545	0.873446	0.932481	14204.698146	12650.934067	12521.189108	129.744959	1683.509038	A=F,B=B,C=C,D=I,E=J,F=K,G=G,H=H,I=D,J=E,K=L,L=A	100	100	100
9DXD-assembly1.cif	M1239v1TS028_4	214	9	0.240386	0.344687	14204.698146	7721.362317	4860.996578	9139.563778	9343.701567	0.921009	0.958626	14204.698146	14000.560356	13519.149678	481.410678	685.548467	A=F,B=B,C=C,D=I,E=J,F=K,G=G,H=H,I=D,J=E,K=L,L=A	100	100	100
9DXD-assembly1.cif	M1239v1TS110_5	214	25	0.239916	0.335202	14204.698146	7441.923302	4713.545341	9205.374543	9491.152804	0.93383	0.963697	14204.698146	13918.919885	13551.32059	367.599295	653.377556	A=F,B=B,C=C,D=I,E=J,F=K,G=G,H=H,I=D,J=E,K=L,L=A	100	100	100
9DXD-assembly1.cif	M1239v2TS110_2	214	127	0.239916	0.335202	14204.698146	7441.923302	4713.545341	9205.374543	9491.152804	0.93383	0.963697	14204.698146	13918.919885	13551.32059	367.599295	653.377556	A=F,B=B,C=C,D=I,E=J,F=K,G=G,H=H,I=D,J=E,K=L,L=A	100	100	100
9DXD-assembly1.cif	M1239v1TS204_1	214	33	0.238258	0.335909	14204.698146	7668.679081	4800.150113	9575.189673	9404.548032	0.941932	0.97017	14204.698146	14375.339786	13863.753176	511.58661	340.944969	A=L,B=G,C=H,D=D,E=E,F=A,G=B,H=C,I=I,J=J,K=F,L=K	100	100	100
9DXD-assembly1.cif	M1239v2TS204_2	214	139	0.238192	0.335692	14204.698146	7658.68876	4799.627399	9591.087062	9405.070747	0.943132	0.970781	14204.698146	14390.714461	13879.939967	510.774494	324.758179	A=L,B=G,C=H,D=D,E=E,F=A,G=B,H=C,I=I,J=J,K=F,L=K	100	100	100
9DXD-assembly1.cif	M1239v2TS028_4	214	114	0.236427	0.329354	14204.698146	7280.192615	4591.030551	9083.31059	9613.667594	0.926254	0.959899	14204.698146	13674.341141	13380.526475	293.814667	824.171671	A=L,B=G,C=H,D=D,E=E,F=A,G=B,H=C,I=I,J=J,K=F,L=K	100	100	100
9DXD-assembly1.cif	M1239v2TS028_1	214	111	0.236353	0.336237	14204.698146	7367.346663	4677.554835	8940.670118	9527.14331	0.917081	0.954871	14204.698146	13618.224954	13283.651135	334.573819	921.047011	A=L,B=G,C=H,D=D,E=E,F=A,G=B,H=C,I=I,J=J,K=F,L=K	100	100	100
9DXF-assembly1.cif	M1239v2TS481_3	215	206	0.235132	0.34415	14222.136574	7949.366773	4854.51516	9134.992607	9367.621414	0.915993	0.944943	14222.136574	13631.014559	13329.195739	660.312027	892.940834	A=A,B=B,C=C,D=D,E=E,F=F,G=G,H=H,I=I,J=J,K=K,L=L	100	100	100
9DXD-assembly1.cif	M1239v2TS462_2	214	200	0.235039	0.336065	14204.698146	7333.48987	4652.068714	8828.744142	9552.629432	0.932704	0.965342	14204.698146	13480.812856	13362.996735	117.816121	841.701411	A=F,B=B,C=C,D=I,E=J,F=K,G=G,H=H,I=D,J=E,K=L,L=A	100	100	100
9DXD-assembly1.cif	M1239v2TS481_3	214	206	0.234288	0.340773	14204.698146	7884.550319	4803.916138	9185.591629	9400.782008	0.921105	0.959224	14204.698146	13989.507767	13522.281372	467.226395	682.416774	A=K,B=B,C=C,D=I,E=J,F=F,G=G,H=H,I=D,J=E,K=A,L=L	100	100	100
9DXD-assembly1.cif	M1239v2TS489_5	214	213	0.228399	0.329666	14204.698146	7695.261029	4641.196741	9311.048988	9563.501405	0.919951	0.95563	14204.698146	13952.245728	13453.804344	498.441385	750.893802	A=F,B=B,C=C,D=I,E=J,F=K,G=G,H=H,I=D,J=E,K=L,L=A	100	100	100
9DXD-assembly1.cif	M1239v1TS462_3	214	92	0.216554	0.266102	14204.698146	4951.945068	3786.115976	10465.322823	10418.582169	0.457593	0.473156	14204.698146	8957.045472	6732.090132	7519.348667	7472.608013	A=K,B=G,C=H,D=I,E=J,F=L,G=B,H=C,I=D,J=E,K=A,L=F	100	100	100
9DXF-assembly1.cif	M1239v1TS110_1	215	21	0.21653	0.265746	14222.136574	4887.918954	3795.177694	10545.095528	10426.95888	0.475878	0.48515	14222.136574	7209.663096	6928.531243	7411.741978	7293.60533	A=A,B=B,C=C,D=I,E=J,F=K,G=G,H=H,I=D,J=E,K=F,L=L	100	100	100
9DXF-assembly1.cif	M1239v1TS204_3	215	35	0.216129	0.262828	14222.136574	4877.64545	3791.302565	10836.582422	10430.834009	0.455479	0.468219	14222.136574	7266.276259	6754.065478	7873.819508	7468.071096	A=A,B=B,C=C,D=I,E=J,F=K,G=G,H=H,I=D,J=E,K=L,L=F	100	100	100
9DXF-assembly1.cif	M1239v1TS091_5	215	20	0.215289	0.262486	14222.136574	5031.618495	3851.153478	11270.436642	10370.983096	0.471019	0.480354	14222.136574	7525.38376	7047.691096	8073.899024	7174.445478	A=A,B=B,C=C,D=I,E=J,F=K,G=G,H=H,I=D,J=E,K=F,L=L	100	100	100
9DXF-assembly1.cif	M1239v2TS091_5	215	125	0.215289	0.262486	14222.136574	5031.618495	3851.153478	11270.436642	10370.983096	0.471019	0.480354	14222.136574	7525.38376	7047.691096	8073.899024	7174.445478	A=A,B=B,C=C,D=I,E=J,F=K,G=G,H=H,I=D,J=E,K=F,L=L	100	100	100
9DXF-assembly1.cif	M1239v1TS167_5	215	32	0.214058	0.262586	14222.136574	4818.714626	3738.925538	10516.657113	10483.211036	0.476427	0.484531	14222.136574	7230.204937	6899.166827	7356.415823	7322.969747	A=A,B=B,C=C,D=I,E=J,F=K,G=G,H=H,I=D,J=E,K=L,L=F	100	100	100
9DXF-assembly1.cif	M1239v1TS450_5	215	89	0.214058	0.262586	14222.136574	4818.714626	3738.925538	10516.657113	10483.211036	0.476427	0.484531	14222.136574	7230.204937	6899.166827	7356.415823	7322.969747	A=A,B=B,C=C,D=I,E=J,F=K,G=G,H=H,I=D,J=E,K=L,L=F	100	100	100
9DXF-assembly1.cif	M1239v1TS369_5	215	84	0.213112	0.262669	14222.136574	4937.145379	3794.657596	10876.239065	10427.478977	0.481329	0.485501	14222.136574	7373.173955	7013.798903	7657.097758	7208.33767	A=A,B=B,C=C,D=I,E=J,F=K,G=G,H=H,I=D,J=E,K=L,L=F	100	100	100
9DXF-assembly1.cif	M1239v2TS369_5	215	193	0.213112	0.262669	14222.136574	4937.145379	3794.657596	10876.239065	10427.478977	0.481329	0.485501	14222.136574	7373.173955	7013.798903	7657.097758	7208.33767	A=A,B=B,C=C,D=I,E=J,F=K,G=G,H=H,I=D,J=E,K=L,L=F	100	100	100
9DXF-assembly1.cif	M1239v1TS369_2	215	81	0.212961	0.267647	14222.136574	4963.698768	3815.757185	10475.441403	10406.379389	0.459742	0.475861	14222.136574	7208.035448	6784.19725	7507.001337	7437.939324	A=A,B=B,C=C,D=I,E=J,F=K,G=G,H=H,I=D,J=E,K=L,L=F	100	100	100
9DXF-assembly1.cif	M1239v2TS369_2	215	190	0.212961	0.267647	14222.136574	4963.698768	3815.757185	10475.441403	10406.379389	0.459742	0.475861	14222.136574	7208.035448	6784.19725	7507.001337	7437.939324	A=A,B=B,C=C,D=I,E=J,F=K,G=G,H=H,I=D,J=E,K=L,L=F	100	100	100
9DXF-assembly1.cif	M1239v2TS110_3	215	128	0.212749	0.261999	14222.136574	4768.169417	3710.702908	10393.284468	10511.433665	0.465259	0.475558	14222.136574	6992.308462	6735.351316	7368.636061	7486.785258	A=A,B=B,C=C,D=I,E=J,F=K,G=G,H=H,I=D,J=E,K=L,L=F	100	100	100
9DXF-assembly1.cif	M1239v1TS204_5	215	37	0.212696	0.260684	14222.136574	4833.429465	3727.366311	10647.312965	10494.770262	0.461437	0.473903	14222.136574	7243.922744	6776.053342	7598.625934	7446.083231	A=L,B=G,C=H,D=D,E=E,F=F,G=B,H=C,I=I,J=J,K=A,L=K	100	100	100
9DXF-assembly1.cif	M1239v1TS369_4	215	83	0.21261	0.268691	14222.136574	5022.258849	3849.297824	10580.745674	10372.838749	0.466474	0.477811	14222.136574	7216.15857	6845.16849	7584.875008	7376.968084	A=A,B=B,C=C,D=I,E=J,F=K,G=G,H=H,I=D,J=E,K=L,L=F	100	100	100
9DXF-assembly1.cif	M1239v2TS369_4	215	192	0.21261	0.268691	14222.136574	5022.258849	3849.297824	10580.745674	10372.838749	0.466474	0.477811	14222.136574	7216.15857	6845.16849	7584.875008	7376.968084	A=A,B=B,C=C,D=I,E=J,F=K,G=G,H=H,I=D,J=E,K=L,L=F	100	100	100
9DXF-assembly1.cif	M1239v2TS462_5	215	203	0.212012	0.261571	14222.136574	4790.4201	3729.716682	10565.954951	10492.419891	0.471772	0.479909	14222.136574	7156.420374	6842.977661	7452.693973	7379.158913	A=L,B=G,C=H,D=D,E=E,F=F,G=B,H=C,I=I,J=J,K=A,L=K	100	100	100
9DXF-assembly1.cif	M1239v1TS167_1	215	28	0.211829	0.259832	14222.136574	4831.333879	3720.352619	10694.136024	10501.783955	0.468384	0.474986	14222.136574	7223.003261	6801.003036	7613.485607	7421.133538	A=L,B=G,C=H,D=D,E=E,F=F,G=B,H=C,I=I,J=J,K=A,L=K	100	100	100
9DXF-assembly1.cif	M1239v1TS450_1	215	85	0.211829	0.259832	14222.136574	4831.333879	3720.352619	10694.136024	10501.783955	0.468384	0.474986	14222.136574	7223.003261	6801.003036	7613.485607	7421.133538	A=L,B=G,C=H,D=D,E=E,F=F,G=B,H=C,I=I,J=J,K=A,L=K	100	100	100
9DXF-assembly1.cif	M1239v1TS033_3	215	13	0.211608	0.266001	14222.136574	5040.2167	3806.847194	10593.856006	10415.289379	0.463072	0.47914	14222.136574	7233.549462	6857.167584	7543.535617	7364.96899	A=L,B=G,C=H,D=D,E=E,F=F,G=B,H=C,I=I,J=J,K=A,L=K	100	100	100
9DXF-assembly1.cif	M1239v1TS208_4	215	40	0.211473	0.26209	14222.136574	4885.726724	3730.675945	10515.843148	10491.460628	0.468251	0.479327	14222.136574	7157.825798	6822.89129	7423.627804	7399.245284	A=L,B=G,C=H,D=D,E=E,F=F,G=B,H=C,I=I,J=J,K=K,L=A	100	100	100
9DXD-assembly1.cif	M1239v1TS462_2	214	91	0.210517	0.254326	14204.698146	4816.085606	3683.20133	11076.459508	10521.496816	0.471378	0.47722	14204.698146	9274.266505	6911.182124	7848.478714	7293.516022	A=F,B=G,C=H,D=D,E=E,F=L,G=B,H=C,I=I,J=J,K=A,L=K	100	100	100
9DXF-assembly1.cif	M1239v1TS369_1	215	80	0.209993	0.263733	14222.136574	4862.037113	3722.983207	10287.807469	10499.153367	0.467704	0.480373	14222.136574	7059.154694	6781.162732	7229.627944	7440.973842	A=L,B=G,C=H,D=D,E=E,F=F,G=B,H=C,I=I,J=J,K=A,L=K	100	100	100
9DXF-assembly1.cif	M1239v2TS369_1	215	189	0.209993	0.263733	14222.136574	4862.037113	3722.983207	10287.807469	10499.153367	0.467704	0.480373	14222.136574	7059.154694	6781.162732	7229.627944	7440.973842	A=L,B=G,C=H,D=D,E=E,F=F,G=B,H=C,I=I,J=J,K=A,L=K	100	100	100
9DXF-assembly1.cif	M1239v1TS369_3	215	82	0.209834	0.261486	14222.136574	4864.080655	3737.596931	10627.601511	10484.539642	0.473283	0.479369	14222.136574	7212.926701	6851.944576	7513.253866	7370.191998	A=L,B=G,C=H,D=D,E=E,F=F,G=B,H=C,I=I,J=J,K=A,L=K	100	100	100
9DXF-assembly1.cif	M1239v2TS369_3	215	191	0.209834	0.261486	14222.136574	4864.080655	3737.596931	10627.601511	10484.539642	0.473283	0.479369	14222.136574	7212.926701	6851.944576	7513.253866	7370.191998	A=L,B=G,C=H,D=D,E=E,F=F,G=B,H=C,I=I,J=J,K=A,L=K	100	100	100
9DXF-assembly1.cif	M1239v1TS294_2	215	69	0.209732	0.258659	14222.136574	4800.213085	3689.17327	10614.103332	10532.963304	0.467621	0.476941	14222.136574	7219.589896	6802.468251	7500.808351	7419.668323	A=K,B=B,C=C,D=I,E=J,F=A,G=G,H=H,I=D,J=E,K=L,L=F	100	100	100
9DXD-assembly1.cif	M1239v1TS462_4	214	93	0.209455	0.25726	14204.698146	4825.223375	3666.233444	10631.277631	10538.464702	0.46766	0.481011	14204.698146	8971.173706	6854.93786	7442.573214	7349.760285	A=F,B=B,C=C,D=D,E=E,F=A,G=G,H=H,I=I,J=J,K=L,L=K	100	100	100
9DXF-assembly1.cif	M1239v1TS208_2	215	39	0.209381	0.260623	14222.136574	4767.111915	3687.797957	10389.898035	10534.338616	0.46344	0.474054	14222.136574	6992.702937	6707.81953	7369.876463	7514.317044	A=A,B=B,C=C,D=I,E=J,F=K,G=G,H=H,I=D,J=E,K=F,L=L	100	100	100
9DXF-assembly1.cif	M1239v1TS167_2	215	29	0.209155	0.261072	14222.136574	4826.691261	3714.215627	10517.247262	10507.920947	0.471561	0.483817	14222.136574	7178.668973	6883.166684	7348.296205	7338.969889	A=A,B=B,C=C,D=I,E=J,F=K,G=G,H=H,I=D,J=E,K=L,L=F	100	100	100
9DXF-assembly1.cif	M1239v1TS450_2	215	86	0.209155	0.261072	14222.136574	4826.691261	3714.215627	10517.247262	10507.920947	0.471561	0.483817	14222.136574	7178.668973	6883.166684	7348.296205	7338.969889	A=A,B=B,C=C,D=I,E=J,F=K,G=G,H=H,I=D,J=E,K=L,L=F	100	100	100
9DXD-assembly1.cif	M1239v1TS204_4	214	36	0.208813	0.309331	14204.698146	7331.969677	4408.473898	9890.076347	9796.224247	0.931478	0.963869	14204.698146	14298.550246	13736.70386	561.846386	467.994286	A=F,B=B,C=C,D=I,E=J,F=K,G=G,H=H,I=D,J=E,K=L,L=A	100	100	100
9DXF-assembly1.cif	M1239v1TS167_4	215	31	0.208492	0.257437	14222.136574	4949.642216	3732.084931	11039.980497	10490.051643	0.468937	0.4778	14222.136574	7367.747834	6926.708027	7845.357401	7295.428547	A=A,B=B,C=C,D=I,E=J,F=K,G=G,H=H,I=D,J=E,K=L,L=F	100	100	100
9DXF-assembly1.cif	M1239v1TS450_4	215	88	0.208492	0.257437	14222.136574	4949.642216	3732.084931	11039.980497	10490.051643	0.468937	0.4778	14222.136574	7367.747834	6926.708027	7845.357401	7295.428547	A=A,B=B,C=C,D=I,E=J,F=K,G=G,H=H,I=D,J=E,K=L,L=F	100	100	100
9DXF-assembly1.cif	M1239v1TS159_2	215	27	0.207142	0.253735	14222.136574	4887.798189	3698.075381	11228.918271	10524.061192	0.470482	0.475384	14222.136574	7458.932003	6928.516132	7998.47752	7293.620442	A=A,B=B,C=C,D=I,E=J,F=K,G=G,H=H,I=D,J=E,K=L,L=F	100	100	100
9DXF-assembly1.cif	M1239v1TS325_2	215	79	0.207142	0.253735	14222.136574	4887.798189	3698.075381	11228.918271	10524.061192	0.470482	0.475384	14222.136574	7458.932003	6928.516132	7998.47752	7293.620442	A=A,B=B,C=C,D=I,E=J,F=K,G=G,H=H,I=D,J=E,K=L,L=F	100	100	100
9DXF-assembly1.cif	M1239v2TS159_2	215	132	0.207142	0.253735	14222.136574	4887.798189	3698.075381	11228.918271	10524.061192	0.470482	0.475384	14222.136574	7458.932003	6928.516132	7998.47752	7293.620442	A=A,B=B,C=C,D=I,E=J,F=K,G=G,H=H,I=D,J=E,K=L,L=F	100	100	100
9DXF-assembly1.cif	M1239v2TS325_2	215	188	0.207142	0.253735	14222.136574	4887.798189	3698.075381	11228.918271	10524.061192	0.470482	0.475384	14222.136574	7458.932003	6928.516132	7998.47752	7293.620442	A=A,B=B,C=C,D=I,E=J,F=K,G=G,H=H,I=D,J=E,K=L,L=F	100	100	100
9DXF-assembly1.cif	M1239v2TS204_4	215	141	0.207048	0.258291	14222.136574	4902.853277	3715.225475	10830.390827	10506.911099	0.461953	0.474678	14222.136574	7339.444691	6827.710398	7717.905904	7394.426176	A=L,B=G,C=H,D=D,E=E,F=F,G=B,H=C,I=I,J=J,K=A,L=K	100	100	100
9DXF-assembly1.cif	M1239v1TS167_3	215	30	0.206829	0.259484	14222.136574	4776.196867	3667.839867	10380.235934	10554.296707	0.462586	0.476632	14222.136574	7058.975531	6737.245811	7310.82999	7484.890763	A=A,B=B,C=C,D=I,E=J,F=K,G=G,H=H,I=D,J=E,K=L,L=F	100	100	100
9DXF-assembly1.cif	M1239v1TS450_3	215	87	0.206829	0.259484	14222.136574	4776.196867	3667.839867	10380.235934	10554.296707	0.462586	0.476632	14222.136574	7058.975531	6737.245811	7310.82999	7484.890763	A=A,B=B,C=C,D=I,E=J,F=K,G=G,H=H,I=D,J=E,K=L,L=F	100	100	100
9DXF-assembly1.cif	M1239v2TS208_1	215	143	0.20554	0.257569	14222.136574	4800.929303	3679.718287	10670.861948	10542.418287	0.465459	0.474719	14222.136574	7239.746814	6782.012862	7568.567373	7440.123712	A=A,B=B,C=C,D=I,E=J,F=K,G=G,H=H,I=D,J=E,K=L,L=F	100	100	100
9DXF-assembly1.cif	M1239v1TS286_3	215	65	0.205053	0.25516	14222.136574	4524.465705	3543.824095	10011.331194	10678.312479	0.455499	0.476461	14222.136574	6880.847631	6617.403475	6937.751814	7604.733099	A=L,B=G,C=H,D=D,E=E,F=F,G=B,H=C,I=I,J=J,K=A,L=K	100	100	100
9DXD-assembly1.cif	M1239v2TS231_1	214	148	0.204951	0.307296	14204.698146	7342.263967	4344.487615	9726.377058	9860.21053	0.914383	0.956214	14204.698146	14070.864674	13518.748588	552.116086	685.949558	A=L,B=G,C=H,D=D,E=E,F=A,G=B,H=C,I=I,J=J,K=F,L=K	100	100	100
9DXF-assembly1.cif	M1239v1TS294_3	215	70	0.204694	0.254298	14222.136574	4870.732409	3668.922492	10964.240202	10553.214082	0.476503	0.481381	14222.136574	7299.034166	6945.191893	7687.9708	7276.944681	A=K,B=B,C=C,D=I,E=J,F=A,G=G,H=H,I=D,J=E,K=L,L=F	100	100	100
9DXF-assembly1.cif	M1239v2TS208_3	215	145	0.204523	0.254607	14222.136574	4819.176073	3665.585887	10906.293382	10556.550687	0.466951	0.474447	14222.136574	7281.863189	6830.615179	7741.264089	7391.521395	A=L,B=G,C=H,D=D,E=E,F=F,G=B,H=C,I=I,J=J,K=A,L=K	100	100	100
9DXF-assembly1.cif	M1239v2TS481_2	215	205	0.203792	0.252605	14222.136574	4891.327066	3684.133662	11262.898526	10538.002912	0.464692	0.477157	14222.136574	7510.442125	6959.132307	7987.899882	7263.004267	A=A,B=B,C=C,D=I,E=J,F=K,G=G,H=H,I=D,J=E,K=L,L=F	100	100	100
9DXF-assembly1.cif	M1239v2TS286_3	215	175	0.203518	0.250756	14222.136574	4774.87238	3643.675047	11195.729647	10578.461527	0.458972	0.477052	14222.136574	7427.119301	6931.929509	7907.475185	7290.207065	A=A,B=B,C=C,D=I,E=J,F=K,G=G,H=H,I=D,J=E,K=L,L=F	100	100	100
9DXF-assembly1.cif	M1239v2TS204_3	215	140	0.202131	0.252368	14222.136574	4809.841331	3638.810674	10976.42768	10583.3259	0.461679	0.471141	14222.136574	7321.873129	6793.23093	7822.007424	7428.905644	A=A,B=B,C=C,D=I,E=J,F=K,G=G,H=H,I=D,J=E,K=L,L=F	100	100	100
9DXF-assembly1.cif	M1239v1TS489_5	215	104	0.202109	0.24399	14222.136574	4763.987597	3566.924182	11449.205234	10655.212391	0.45954	0.471407	14222.136574	7507.734375	6891.56214	8124.567277	7330.574434	A=F,B=B,C=C,D=D,E=E,F=L,G=G,H=H,I=I,J=J,K=A,L=K	100	100	100
9DXF-assembly1.cif	M1239v2TS208_2	215	144	0.202011	0.245784	14222.136574	4695.619206	3558.903227	11178.563023	10663.233346	0.471792	0.477415	14222.136574	7389.419177	6912.870935	7824.595315	7309.265639	A=A,B=B,C=C,D=I,E=J,F=K,G=G,H=H,I=D,J=E,K=L,L=F	100	100	100
9DXF-assembly1.cif	M1239v2TS489_4	215	212	0.201085	0.248156	14222.136574	4729.51463	3594.863037	11155.653163	10627.273537	0.471851	0.477293	14222.136574	7368.071276	6914.217648	7836.298552	7307.918926	A=L,B=G,C=H,D=D,E=E,F=F,G=B,H=C,I=I,J=J,K=A,L=K	100	100	100
9DXD-assembly1.cif	M1239v1TS091_3	214	18	0.200624	0.240874	14204.698146	4853.347913	3554.533692	11754.407311	10650.164453	0.467745	0.47926	14204.698146	7732.280749	7072.353548	8236.587456	7132.344598	A=L,B=B,C=C,D=D,E=E,F=A,G=G,H=H,I=I,J=J,K=F,L=K	100	100	100
9DXD-assembly1.cif	M1239v2TS091_1	214	121	0.200624	0.240874	14204.698146	4853.347913	3554.533692	11754.407311	10650.164453	0.467745	0.47926	14204.698146	7732.280749	7072.353548	8236.587456	7132.344598	A=L,B=B,C=C,D=D,E=E,F=A,G=G,H=H,I=I,J=J,K=F,L=K	100	100	100
9DXF-assembly1.cif	M1239v2TS208_4	215	146	0.199429	0.249787	14222.136574	4621.809805	3563.228082	10744.762079	10658.908492	0.479226	0.483688	14222.136574	7221.280387	6899.838319	7408.151842	7322.298254	A=L,B=G,C=H,D=D,E=E,F=F,G=B,H=C,I=I,J=J,K=A,L=K	100	100	100
9DXF-assembly1.cif	M1239v1TS208_1	215	38	0.198483	0.248863	14222.136574	4574.39909	3531.103723	10624.64407	10691.032851	0.496928	0.498091	14222.136574	7067.380096	7067.380096	7088.367696	7154.756477	A=A,B=B,C=C,D=D,E=E,F=F,G=G,H=H,I=I,J=J,K=K,L=L	100	100	100
9DXF-assembly1.cif	M1239v1TS235_2	215	44	0.19811	0.339588	14222.136574	4671.516163	3580.356578	3284.002135	10641.779996	0.461859	0.634894	14222.136574	6864.358713	6693.844612	170.514101	7528.291961	A=L,B=G,C=H,D=I,E=J,F=A,G=K,H=F	95.105485	89.270561	66.666667
9DXD-assembly1.cif	M1239v1TS028_2	214	7	0.198013	0.302082	14204.698146	7063.60657	4250.774578	9687.702314	9953.923568	0.938542	0.966101	14204.698146	13938.476892	13594.576101	343.900791	610.122045	A=L,B=G,C=H,D=D,E=E,F=A,G=B,H=C,I=I,J=J,K=K,L=F	100	100	100
9DXF-assembly1.cif	M1239v1TS294_4	215	71	0.197847	0.243694	14222.136574	4560.511578	3479.150187	10852.202338	10742.986387	0.492022	0.495418	14222.136574	7148.298639	7072.951467	7258.401058	7149.185107	A=A,B=B,C=C,D=D,E=E,F=F,G=G,H=H,I=I,J=J,K=K,L=L	100	100	100
9DXF-assembly1.cif	M1239v2TS028_5	215	115	0.197839	0.246141	14222.136574	4537.802217	3501.508023	10727.593737	10720.628551	0.466175	0.472221	14222.136574	7023.205427	6717.642223	7511.459537	7504.49435	A=L,B=G,C=H,D=D,E=E,F=F,G=B,H=C,I=I,J=J,K=K,L=A	100	100	100
9DXF-assembly1.cif	M1239v1TS159_1	215	26	0.196889	0.242626	14222.136574	4673.805416	3497.802156	11112.991135	10724.334417	0.475083	0.480552	14222.136574	7280.115694	6927.863123	7682.930168	7294.273451	A=A,B=B,C=C,D=I,E=J,F=K,G=G,H=H,I=D,J=E,K=L,L=F	100	100	100
9DXF-assembly1.cif	M1239v1TS325_1	215	78	0.196889	0.242626	14222.136574	4673.805416	3497.802156	11112.991135	10724.334417	0.475083	0.480552	14222.136574	7280.115694	6927.863123	7682.930168	7294.273451	A=A,B=B,C=C,D=I,E=J,F=K,G=G,H=H,I=D,J=E,K=L,L=F	100	100	100
9DXF-assembly1.cif	M1239v2TS159_1	215	131	0.196889	0.242626	14222.136574	4673.805416	3497.802156	11112.991135	10724.334417	0.475083	0.480552	14222.136574	7280.115694	6927.863123	7682.930168	7294.273451	A=A,B=B,C=C,D=I,E=J,F=K,G=G,H=H,I=D,J=E,K=L,L=F	100	100	100
9DXF-assembly1.cif	M1239v2TS033_3	215	118	0.196601	0.240149	14222.136574	4549.160568	3449.149237	11053.738797	10772.987337	0.477762	0.483058	14222.136574	7267.33258	6937.919549	7564.968484	7284.217024	A=A,B=B,C=C,D=I,E=J,F=K,G=G,H=H,I=D,J=E,K=L,L=F	100	100	100
9DXD-assembly1.cif	M1239v2TS294_3	214	180	0.196555	0.241268	14204.698146	4743.090845	3547.890517	11657.802501	10656.807629	0.467954	0.481461	14204.698146	7652.233072	7079.983999	8125.709019	7124.714147	A=A,B=G,C=H,D=D,E=E,F=K,G=B,H=C,I=I,J=J,K=F,L=L	100	100	100
9DXF-assembly1.cif	M1239v2TS033_1	215	116	0.196319	0.239234	14222.136574	4652.168816	3476.938593	11368.219823	10745.19798	0.44986	0.469317	14222.136574	7504.904589	6820.886523	8024.271893	7401.25005	A=A,B=B,C=C,D=I,E=J,F=K,G=G,H=H,I=D,J=E,K=L,L=F	100	100	100
9DXD-assembly1.cif	M1239v1TS110_3	214	23	0.196296	0.239264	14204.698146	4792.734355	3502.941813	11573.29832	10701.756332	0.4743	0.481619	14204.698146	9317.943277	7051.126662	8025.113471	7153.571484	A=A,B=B,C=C,D=D,E=E,F=F,G=G,H=H,I=I,J=J,K=K,L=L	100	100	100
9DXF-assembly1.cif	M1239v1TS294_5	215	72	0.196264	0.245773	14222.136574	4752.707011	3534.213536	11003.659309	10687.923037	0.467443	0.481018	14222.136574	7377.367243	6917.043446	7620.829399	7305.093128	A=A,B=G,C=H,D=I,E=J,F=K,G=B,H=C,I=D,J=E,K=L,L=F	100	100	100
9DXD-assembly1.cif	M1239v2TS294_1	214	178	0.196192	0.237438	14204.698146	4731.700247	3484.697812	11663.11225	10720.000333	0.474528	0.484493	14204.698146	9446.252398	7110.548581	8037.261481	7094.149564	A=F,B=B,C=C,D=D,E=E,F=A,G=G,H=H,I=I,J=J,K=L,L=K	100	100	100
9DXD-assembly1.cif	M1239v2TS110_4	214	129	0.195804	0.244166	14204.698146	4682.584503	3515.711642	11077.360631	10688.986504	0.474526	0.483531	14204.698146	7338.545866	6962.303866	7630.768407	7242.39428	A=F,B=B,C=C,D=I,E=J,F=L,G=G,H=H,I=D,J=E,K=A,L=K	100	100	100
9DXF-assembly1.cif	M1239v2TS481_1	215	204	0.195772	0.24599	14222.136574	4799.797096	3570.15831	11234.615117	10651.978263	0.460896	0.476484	14222.136574	7508.526536	6915.43589	7889.337537	7306.700684	A=A,B=B,C=C,D=I,E=J,F=K,G=G,H=H,I=D,J=E,K=L,L=F	100	100	100
9DXD-assembly1.cif	M1239v2TS294_5	214	182	0.195718	0.242734	14204.698146	4784.413682	3557.861698	11552.346582	10646.836447	0.468344	0.480846	14204.698146	7614.842079	7047.980817	8062.227464	7156.717329	A=A,B=G,C=H,D=D,E=E,F=K,G=B,H=C,I=I,J=J,K=F,L=L	100	100	100
9DXF-assembly1.cif	M1239v2TS208_5	215	147	0.195594	0.244831	14222.136574	4565.715991	3470.509499	10657.640054	10751.627074	0.469705	0.481175	14222.136574	6987.317378	6820.721004	7307.42855	7401.415569	A=L,B=G,C=H,D=D,E=E,F=F,G=B,H=C,I=I,J=J,K=A,L=K	100	100	100
9DXD-assembly1.cif	M1239v2TS231_5	214	152	0.195472	0.294742	14204.698146	6722.424038	4102.529278	9530.866799	10102.168868	0.903606	0.948788	14204.698146	13633.396077	13206.227819	427.168258	998.470326	A=L,B=G,C=H,D=D,E=E,F=A,G=B,H=C,I=I,J=J,K=F,L=K	100	100	100
9DXD-assembly1.cif	M1239v2TS294_2	214	179	0.195391	0.240581	14204.698146	4900.586048	3559.300583	11825.269587	10645.397562	0.456267	0.475579	14204.698146	9671.24664	7036.01302	8348.55715	7168.685126	A=F,B=G,C=H,D=D,E=E,F=L,G=B,H=C,I=I,J=J,K=A,L=K	100	100	100
9DXF-assembly1.cif	M1239v1TS286_4	215	66	0.194341	0.249618	14222.136574	4390.072815	3419.935716	9759.30207	10802.200858	0.448682	0.47223	14222.136574	6693.794141	6469.870068	6709.367717	7752.266505	A=A,B=B,C=C,D=I,E=J,F=K,G=G,H=H,I=D,J=E,K=L,L=F	100	100	100
9DXF-assembly1.cif	M1239v2TS262_4	215	166	0.193786	0.242793	14222.136574	4675.924755	3488.001466	11022.192271	10734.135107	0.463517	0.47204	14222.136574	7213.974428	6781.410533	7728.783204	7440.72604	A=A,B=B,C=C,D=D,E=E,F=K,G=G,H=H,I=I,J=J,K=L,L=F	100	100	100
9DXD-assembly1.cif	M1239v2TS231_4	214	151	0.193717	0.294507	14204.698146	6868.174322	4129.292823	9708.091205	10075.405323	0.920681	0.955411	14204.698146	13837.384028	13395.859956	441.524072	808.83819	A=L,B=G,C=H,D=D,E=E,F=A,G=B,H=C,I=I,J=J,K=F,L=K	100	100	100
9DXF-assembly1.cif	M1239v2TS235_5	215	157	0.19367	0.32499	14222.136574	4652.662894	3532.006025	3981.920156	10690.130548	0.458221	0.638193	14222.136574	7513.926181	6935.899656	578.026525	7286.236918	A=L,B=G,C=H,D=I,E=J,F=F,G=K,H=A	95.105485	89.270561	66.666667
9DXF-assembly1.cif	M1239v1TS489_1	215	100	0.193038	0.240067	14222.136574	4625.112697	3445.672898	11038.077979	10776.463676	0.467621	0.474903	14222.136574	7184.596126	6816.257862	7667.493014	7405.878711	A=A,B=G,C=H,D=I,E=J,F=K,G=B,H=C,I=D,J=E,K=F,L=L	100	100	100
9DXF-assembly1.cif	M1239v1TS489_3	215	102	0.192904	0.242653	14222.136574	4579.517174	3455.410403	10802.770105	10766.726171	0.464688	0.473614	14222.136574	7081.855751	6744.341045	7513.839464	7477.795529	A=A,B=G,C=H,D=I,E=J,F=K,G=B,H=C,I=D,J=E,K=F,L=L	100	100	100
9DXD-assembly1.cif	M1239v1TS110_2	214	22	0.19282	0.30083	14204.698146	7101.791045	4224.176649	9654.603364	9980.521497	0.927322	0.962315	14204.698146	13878.780013	13512.576822	366.20319	692.121323	A=L,B=G,C=H,D=D,E=E,F=A,G=B,H=C,I=I,J=J,K=K,L=F	100	100	100
9DXD-assembly1.cif	M1239v2TS235_5	214	157	0.192629	0.323876	14204.698146	4664.279524	3517.071744	3996.854438	10687.626402	0.457058	0.638327	14204.698146	7513.926181	6931.794719	582.131462	7272.903426	A=F,B=B,C=C,D=D,E=E,F=K,G=A,H=L	95.109612	89.278304	66.666667
9DXF-assembly1.cif	M1239v2TS028_3	215	113	0.192397	0.249086	14222.136574	4681.969224	3502.489935	10398.12721	10719.646638	0.466269	0.477482	14222.136574	7000.709043	6714.053748	7186.563397	7508.082826	A=A,B=B,C=C,D=I,E=J,F=K,G=G,H=H,I=D,J=E,K=F,L=L	100	100	100
9DXF-assembly1.cif	M1239v1TS489_4	215	103	0.192392	0.244057	14222.136574	4729.135332	3528.066762	11161.678147	10694.069812	0.469241	0.478067	14222.136574	7325.489322	6910.907958	7778.836951	7311.228615	A=A,B=B,C=C,D=I,E=J,F=K,G=G,H=H,I=D,J=E,K=L,L=F	100	100	100
9DXD-assembly1.cif	M1239v1TS235_2	214	44	0.191903	0.334296	14204.698146	4695.740336	3521.649599	3342.709114	10683.048546	0.463057	0.635921	14204.698146	6864.358713	6699.125911	165.232802	7505.572234	A=L,B=G,C=H,D=I,E=J,F=F,G=K,H=A	95.109612	89.278304	66.666667
9DXD-assembly1.cif	M1239v2TS294_4	214	181	0.191848	0.235265	14204.698146	4780.330182	3466.363886	11796.644777	10738.334259	0.455963	0.471007	14204.698146	9479.396258	6939.744322	8323.264342	7264.953824	A=F,B=B,C=C,D=D,E=E,F=A,G=G,H=H,I=I,J=J,K=L,L=K	100	100	100
9DXD-assembly1.cif	M1239v2TS231_3	214	150	0.191427	0.288743	14204.698146	6969.39454	4126.147948	10249.26188	10078.550197	0.938616	0.967658	14204.698146	14375.409828	13827.879181	547.530648	376.818965	A=F,B=B,C=C,D=I,E=J,F=K,G=G,H=H,I=D,J=E,K=L,L=A	100	100	100
9DXF-assembly1.cif	M1239v2TS286_2	215	174	0.191002	0.253279	14222.136574	4468.910684	3433.615936	9457.534475	10788.520638	0.433634	0.461022	14222.136574	6399.81961	6249.912371	6641.23804	7972.224203	A=A,B=B,C=C,D=I,E=J,F=K,G=G,H=H,I=D,J=E,K=F,L=L	100	100	100
9DXF-assembly1.cif	M1239v1TS489_2	215	101	0.190155	0.239434	14222.136574	4692.161837	3448.937515	11137.974285	10773.199059	0.471979	0.483231	14222.136574	7325.111907	6960.706592	7626.205208	7261.429982	A=A,B=G,C=H,D=I,E=J,F=K,G=B,H=C,I=D,J=E,K=F,L=L	100	100	100
9DXF-assembly1.cif	M1239v1TS481_1	215	95	0.189604	0.239304	14222.136574	4565.12639	3395.968873	10763.990421	10826.1677	0.474671	0.483521	14222.136574	7163.502115	6861.668696	7298.290597	7360.467877	A=A,B=G,C=H,D=I,E=J,F=K,G=B,H=C,I=D,J=E,K=F,L=L	100	100	100
9DXF-assembly1.cif	M1239v2TS262_2	215	164	0.18814	0.240158	14222.136574	4685.295087	3439.62751	10982.890966	10782.509064	0.45377	0.467897	14222.136574	7197.524738	6701.377655	7721.140821	7520.758919	A=A,B=B,C=C,D=D,E=E,F=K,G=G,H=H,I=I,J=J,K=L,L=F	100	100	100
9DXF-assembly1.cif	M1239v2TS204_5	215	142	0.185368	0.233027	14222.136574	4398.261252	3300.205411	10802.312024	10921.931163	0.464816	0.472619	14222.136574	6994.24833	6693.383393	7409.134042	7528.75318	A=L,B=G,C=H,D=D,E=E,F=F,G=B,H=C,I=I,J=J,K=A,L=K	100	100	100
9DXF-assembly1.cif	M1239v2TS286_4	215	176	0.185152	0.242781	14222.136574	4259.15431	3283.891967	9546.315753	10938.244607	0.432102	0.46045	14222.136574	6444.386535	6228.125408	6602.082313	7994.011166	A=A,B=B,C=C,D=I,E=J,F=K,G=G,H=H,I=D,J=E,K=L,L=F	100	100	100
9DXF-assembly1.cif	M1239v1TS262_4	215	56	0.184255	0.224685	14222.136574	4505.357181	3355.783058	12293.053061	10866.353515	0.462762	0.464175	14222.136574	7495.625167	6932.674291	8716.161828	7289.462283	A=K,B=B,C=C,D=D,E=E,F=A,G=G,H=H,I=I,J=J,K=L,L=F	100	100	100
9DXF-assembly1.cif	M1239v1TS262_2	215	54	0.184159	0.239648	14222.136574	4738.722031	3457.221677	11173.154937	10764.914897	0.464204	0.476661	14222.136574	7411.432994	6876.427236	7753.949378	7345.709337	A=K,B=B,C=C,D=D,E=E,F=A,G=G,H=H,I=I,J=J,K=L,L=F	100	100	100
9DXF-assembly1.cif	M1239v1TS262_5	215	57	0.184	0.236347	14222.136574	4665.461636	3428.410313	11361.138227	10793.72626	0.46272	0.471588	14222.136574	7381.912128	6840.77574	7948.772801	7381.360833	A=K,B=B,C=C,D=D,E=E,F=A,G=G,H=H,I=I,J=J,K=L,L=F	100	100	100
9DXF-assembly1.cif	M1239v1TS286_1	215	63	0.183549	0.247504	14222.136574	4288.699532	3296.523599	9119.487245	10925.612975	0.414384	0.44869	14222.136574	6199.353334	5976.133101	6439.877743	8246.003473	A=L,B=G,C=H,D=D,E=E,F=F,G=B,H=C,I=I,J=J,K=A,L=K	100	100	100
9DXF-assembly1.cif	M1239v2TS235_2	215	154	0.183395	0.312028	14222.136574	4186.130764	3220.952523	3202.187325	11001.18405	0.431773	0.602893	14222.136574	6423.139848	6223.442614	199.697235	7998.69396	A=A,B=G,C=H,D=I,E=J,F=K,G=F,H=L	95.105485	89.270561	66.666667
9DXF-assembly1.cif	M1239v1TS235_3	215	45	0.183282	0.313337	14222.136574	4744.923693	3408.987982	4128.118076	10813.148592	0.45331	0.638125	14222.136574	7537.106057	6942.561133	594.544925	7279.575441	A=L,B=G,C=H,D=I,E=J,F=F,G=K,H=A	95.105485	89.270561	66.666667
9DXD-assembly1.cif	M1239v1TS235_3	214	45	0.183118	0.311441	14204.698146	4717.990969	3385.645575	4151.460482	10819.05257	0.453912	0.631058	14204.698146	7272.65837	6860.17343	676.932628	7344.524716	A=L,B=G,C=H,D=D,E=E,F=K,G=A,H=F	95.109612	89.278304	66.666667
9DXF-assembly1.cif	M1239v2TS286_5	215	177	0.182796	0.242586	14222.136574	4226.055351	3276.747465	9516.221652	10945.389109	0.424108	0.452668	14222.136574	6342.534483	6114.434611	6678.534505	8107.701962	A=L,B=G,C=H,D=D,E=E,F=F,G=B,H=C,I=I,J=J,K=A,L=K	100	100	100
9DXF-assembly1.cif	M1239v1TS033_2	215	12	0.182498	0.230883	14222.136574	4324.803475	3250.6428	10685.63243	10971.493774	0.457961	0.468485	14222.136574	6940.216376	6595.898142	7340.377088	7626.238431	A=L,B=G,C=H,D=D,E=E,F=F,G=B,H=C,I=I,J=J,K=K,L=A	100	100	100
9DXD-assembly1.cif	M1239v2TS231_2	214	149	0.182261	0.292572	14204.698146	6890.967346	3996.234956	9117.021968	10208.463189	0.880829	0.937401	14204.698146	13113.256925	12803.935589	309.321336	1400.762557	A=L,B=G,C=H,D=D,E=E,F=A,G=B,H=C,I=I,J=J,K=F,L=K	100	100	100
9DXD-assembly1.cif	M1239v2TS235_2	214	154	0.181289	0.310144	14204.698146	4147.917341	3198.802327	3224.337521	11005.895818	0.432303	0.604193	14204.698146	6423.139848	6231.597707	191.542141	7973.100438	A=L,B=B,C=C,D=D,E=E,F=A,G=K,H=F	95.109612	89.278304	66.666667
9DXF-assembly1.cif	M1239v2TS235_4	215	156	0.181265	0.310515	14222.136574	4538.662591	3331.30272	3903.198116	10890.833854	0.466504	0.640792	14222.136574	7234.500836	6874.62404	359.876796	7347.512533	A=A,B=B,C=C,D=I,E=J,F=K,G=F,H=L	95.105485	89.270561	66.666667
9DXD-assembly1.cif	M1239v1TS235_5	214	47	0.180886	0.312653	14204.698146	4656.945071	3357.104268	3913.123103	10847.593877	0.466646	0.641545	14204.698146	7270.227372	6888.567839	381.659533	7316.130307	A=L,B=G,C=H,D=D,E=E,F=A,G=F,H=K	95.109612	89.278304	66.666667
9DXD-assembly1.cif	M1239v2TS235_4	214	156	0.177789	0.306549	14204.698146	4514.704145	3286.081013	3948.419823	10918.617133	0.467123	0.642166	14204.698146	7234.500836	6883.764047	350.73679	7320.934099	A=L,B=B,C=C,D=D,E=E,F=A,G=F,H=K	95.109612	89.278304	66.666667
9DXD-assembly1.cif	M1239v1TS262_3	214	55	0.177036	0.227068	14204.698146	5193.020438	3466.421482	12860.939847	10738.276664	0.474271	0.490994	14204.698146	12054.122396	7495.534942	8831.826387	6709.163204	A=A,B=G,C=H,D=I,E=J,F=L,G=B,H=C,I=D,J=E,K=K,L=F	100	100	100
9DXF-assembly1.cif	M1239v2TS167_5	215	137	0.176849	0.220764	14222.136574	4603.065507	3258.561147	12040.0606	10963.575427	0.44429	0.468272	14222.136574	7713.613742	6911.871038	8386.750709	7310.265536	A=L,B=B,C=C,D=D,E=E,F=F,G=G,H=H,I=I,J=J,K=A,L=K	100	100	100
9DXF-assembly1.cif	M1239v2TS450_5	215	198	0.176849	0.220764	14222.136574	4603.065507	3258.561147	12040.0606	10963.575427	0.44429	0.468272	14222.136574	7713.613742	6911.871038	8386.750709	7310.265536	A=L,B=B,C=C,D=D,E=E,F=F,G=G,H=H,I=I,J=J,K=A,L=K	100	100	100
9DXF-assembly1.cif	M1239v2TS481_4	215	207	0.176632	0.212855	14222.136574	4611.968569	3289.618895	13397.766355	10932.517678	0.428372	0.461315	14222.136574	8336.244468	7129.51142	9557.87383	7092.625153	A=F,B=B,C=C,D=D,E=E,F=L,G=G,H=H,I=I,J=J,K=A,L=K	100	100	100
9DXD-assembly1.cif	M1239v1TS235_1	214	43	0.17657	0.299921	14204.698146	4223.743353	3155.530513	3682.20022	11049.167632	0.457457	0.626564	14204.698146	6837.730734	6592.217448	245.513286	7612.480697	A=F,B=G,C=H,D=D,E=E,F=L,G=A,H=K	95.109612	89.278304	66.666667
9DXD-assembly1.cif	M1239v1TS028_1	214	6	0.176239	0.280193	14204.698146	6947.864716	3957.569009	10086.630629	10247.129136	0.925555	0.96135	14204.698146	14044.199638	13578.537928	465.661711	626.160218	A=F,B=B,C=C,D=I,E=J,F=K,G=G,H=H,I=D,J=E,K=A,L=L	100	100	100
9DXF-assembly1.cif	M1239v2TS235_1	215	153	0.176034	0.305562	14222.136574	4330.37183	3207.571703	3564.884298	11014.56487	0.451832	0.62647	14222.136574	6772.456001	6576.242523	196.213479	7645.894051	A=F,B=B,C=C,D=I,E=J,F=A,G=K,H=L	95.105485	89.270561	66.666667
9DXD-assembly1.cif	M1239v1TS462_5	214	94	0.173768	0.209961	14204.698146	4477.157427	3235.411286	13379.098442	10969.286859	0.420796	0.460372	14204.698146	8329.224008	7094.149564	9520.360164	7110.548581	A=A,B=G,C=H,D=D,E=E,F=K,G=B,H=C,I=I,J=J,K=F,L=L	100	100	100
9DXD-assembly1.cif	M1239v2TS235_1	214	153	0.173765	0.304288	14204.698146	4288.79011	3191.547737	3580.908265	11013.150409	0.453866	0.628833	14204.698146	6772.456001	6595.558392	176.89761	7609.139754	A=F,B=B,C=C,D=D,E=E,F=L,G=A,H=K	95.109612	89.278304	66.666667
9DXF-assembly1.cif	M1239v2TS235_3	215	155	0.171447	0.298063	14222.136574	4123.553638	3094.594741	3447.958736	11127.541833	0.435576	0.604636	14222.136574	6542.553477	6277.540713	265.012764	7944.595861	A=L,B=G,C=H,D=I,E=J,F=F,G=K,H=A	95.105485	89.270561	66.666667
9DXD-assembly1.cif	M1239v2TS235_3	214	155	0.171207	0.296658	14204.698146	4054.320928	3077.419791	3465.133685	11127.278354	0.436111	0.60593	14204.698146	6542.553477	6285.695807	256.85767	7919.002339	A=F,B=B,C=C,D=D,E=E,F=K,G=A,H=L	95.109612	89.278304	66.666667
9DXF-assembly1.cif	M1239v1TS481_3	215	97	0.170667	0.21086	14222.136574	4211.003572	3079.338388	11905.978333	11142.798186	0.431868	0.458847	14222.136574	7437.512401	6700.880705	8284.436016	7521.255868	A=F,B=G,C=H,D=D,E=E,F=L,G=B,H=C,I=I,J=J,K=A,L=K	100	100	100
9DXD-assembly1.cif	M1239v1TS235_4	214	46	0.169238	0.292637	14204.698146	4177.992492	3088.673801	3815.872195	11116.024345	0.460274	0.635362	14204.698146	6904.545996	6706.001743	198.544254	7498.696403	A=F,B=G,C=H,D=D,E=E,F=K,G=A,H=L	95.109612	89.278304	66.666667
9DXD-assembly1.cif	M1239v2TS286_1	214	173	0.166863	0.222484	14204.698146	4077.768697	3009.863666	9842.326627	11194.83448	0.443086	0.471187	14204.698146	8120.595288	6374.432997	6477.757296	7830.265148	A=A,B=B,C=C,D=D,E=E,F=L,G=G,H=H,I=I,J=J,K=K,L=F	100	100	100
9DXF-assembly1.cif	M1239v2TS033_2	215	117	0.166186	0.198184	14222.136574	3855.550484	2949.517813	12593.823292	11272.61876	0.454438	0.473805	14222.136574	7773.723111	7051.51241	8491.828696	7170.624164	A=A,B=B,C=C,D=I,E=J,F=K,G=G,H=H,I=D,J=E,K=F,L=L	100	100	100
9DXF-assembly1.cif	M1239v2TS167_2	215	134	0.166122	0.196413	14222.136574	3694.294352	2894.958823	12361.124606	11327.17775	0.43593	0.462168	14222.136574	7600.156333	6811.94263	8444.140799	7410.193944	A=F,B=G,C=H,D=D,E=E,F=L,G=B,H=C,I=I,J=J,K=A,L=K	100	100	100
9DXF-assembly1.cif	M1239v2TS450_2	215	195	0.166122	0.196413	14222.136574	3694.294352	2894.958823	12361.124606	11327.17775	0.43593	0.462168	14222.136574	7600.156333	6811.94263	8444.140799	7410.193944	A=F,B=G,C=H,D=D,E=E,F=L,G=B,H=C,I=I,J=J,K=A,L=K	100	100	100
9DXF-assembly1.cif	M1239v2TS262_5	215	167	0.165965	0.191291	14222.136574	3715.029052	2909.827436	13291.155665	11312.309137	0.457497	0.46665	14222.136574	7898.54247	7098.475744	9102.507357	7123.660829	A=L,B=G,C=H,D=I,E=J,F=F,G=B,H=C,I=D,J=E,K=A,L=K	100	100	100
9DXF-assembly1.cif	M1239v2TS262_1	215	163	0.164892	0.192761	14222.136574	3826.932467	2933.900933	13284.760011	11288.235641	0.461515	0.472504	14222.136574	8110.777858	7191.697875	9026.963069	7030.438698	A=L,B=G,C=H,D=I,E=J,F=F,G=B,H=C,I=D,J=E,K=A,L=K	100	100	100
9DXF-assembly1.cif	M1239v2TS167_4	215	136	0.164867	0.191515	14222.136574	3814.193733	2913.467207	13289.825817	11308.669367	0.441578	0.466472	14222.136574	8138.465473	7096.305657	9106.987367	7125.830917	A=F,B=G,C=H,D=D,E=E,F=L,G=B,H=C,I=I,J=J,K=A,L=K	100	100	100
9DXF-assembly1.cif	M1239v2TS450_4	215	197	0.164867	0.191515	14222.136574	3814.193733	2913.467207	13289.825817	11308.669367	0.441578	0.466472	14222.136574	8138.465473	7096.305657	9106.987367	7125.830917	A=F,B=G,C=H,D=D,E=E,F=L,G=B,H=C,I=I,J=J,K=A,L=K	100	100	100
9DXF-assembly1.cif	M1239v1TS294_1	215	68	0.164335	0.194594	14222.136574	3712.76865	2882.33364	12519.624719	11339.802933	0.44712	0.469898	14222.136574	7715.229829	6960.147421	8441.810938	7261.989153	A=A,B=B,C=C,D=I,E=J,F=K,G=G,H=H,I=D,J=E,K=L,L=F	100	100	100
9DXF-assembly1.cif	M1239v1TS091_1	215	16	0.163916	0.193167	14222.136574	3876.009766	2923.52505	13123.820745	11298.611524	0.43683	0.46364	14222.136574	8035.979964	7017.074115	9030.27168	7205.062458	A=F,B=B,C=C,D=I,E=J,F=L,G=G,H=H,I=D,J=E,K=A,L=K	100	100	100
9DXF-assembly1.cif	M1239v2TS091_3	215	123	0.163916	0.193167	14222.136574	3876.009766	2923.52505	13123.820745	11298.611524	0.43683	0.46364	14222.136574	8035.979964	7017.074115	9030.27168	7205.062458	A=F,B=B,C=C,D=I,E=J,F=L,G=G,H=H,I=D,J=E,K=A,L=K	100	100	100
9DXF-assembly1.cif	M1239v1TS231_2	215	42	0.16379	0.191538	14222.136574	3679.482451	2837.981806	12573.53292	11384.154768	0.446862	0.470192	14222.136574	7714.555887	6966.750809	8444.763917	7255.385765	A=A,B=G,C=H,D=I,E=J,F=K,G=B,H=C,I=D,J=E,K=F,L=L	100	100	100
9DXF-assembly1.cif	M1239v1TS033_5	215	15	0.162531	0.190359	14222.136574	3736.868669	2867.596919	13038.606934	11354.539655	0.433789	0.462349	14222.136574	7965.525954	6964.907563	8941.29629	7257.22901	A=A,B=B,C=C,D=I,E=J,F=K,G=G,H=H,I=D,J=E,K=L,L=F	100	100	100
9DXD-assembly1.cif	M1239v1TS462_1	214	90	0.162218	0.187896	14204.698146	3572.07061	2782.764849	12632.770078	11421.933297	0.432137	0.462191	14204.698146	9715.948977	6845.107446	8570.427482	7359.5907	A=K,B=G,C=H,D=I,E=J,F=L,G=B,H=C,I=D,J=E,K=A,L=F	100	100	100
9DXF-assembly1.cif	M1239v2TS262_3	215	165	0.162177	0.190533	14222.136574	3828.409246	2909.500535	13409.028902	11312.636039	0.458622	0.472628	14222.136574	8218.883771	7217.180682	9101.348755	7004.955892	A=L,B=G,C=H,D=I,E=J,F=F,G=B,H=C,I=D,J=E,K=A,L=K	100	100	100
9DXF-assembly1.cif	M1239v2TS033_4	215	119	0.162171	0.190832	14222.136574	3720.320893	2858.358139	12876.340955	11363.778434	0.440779	0.46555	14222.136574	7816.248051	6973.200839	8761.498256	7248.935735	A=L,B=G,C=H,D=D,E=E,F=F,G=B,H=C,I=I,J=J,K=A,L=K	100	100	100
9DXD-assembly1.cif	M1239v1TS272_3	214	60	0.162013	0.199047	14204.698146	3719.067523	2896.443731	12001.900805	11308.254415	0.716998	0.704576	14204.698146	10516.718433	10252.655982	4645.688554	3952.042164	A=K,B=B,C=C,D=I,E=E,F=A,G=G,H=H,I=D,J=J,K=F,L=L	100	100	100
9DXD-assembly1.cif	M1239v2TS272_3	214	170	0.162013	0.199047	14204.698146	3719.067523	2896.443731	12001.900805	11308.254415	0.716998	0.704576	14204.698146	10516.718433	10252.655982	4645.688554	3952.042164	A=K,B=B,C=C,D=I,E=J,F=A,G=G,H=H,I=D,J=E,K=F,L=L	100	100	100
9DXF-assembly1.cif	M1239v1TS231_1	215	41	0.161483	0.190699	14222.136574	3697.901538	2814.955133	12485.362129	11407.18144	0.451438	0.473892	14222.136574	7727.215173	6995.227317	8305.089945	7226.909257	A=L,B=G,C=H,D=D,E=E,F=F,G=B,H=C,I=I,J=J,K=A,L=K	100	100	100
9DXD-assembly1.cif	M1239v1TS272_1	214	58	0.161464	0.202327	14204.698146	3804.627196	2923.383366	11769.467798	11281.314779	0.869424	0.887639	14204.698146	13496.85305	12825.301413	1867.549751	1379.396733	A=A,B=G,C=H,D=D,E=E,F=K,G=B,H=C,I=I,J=J,K=L,L=F	100	100	100
9DXD-assembly1.cif	M1239v2TS272_1	214	168	0.161464	0.202327	14204.698146	3804.627196	2923.383366	11769.467798	11281.314779	0.869424	0.887639	14204.698146	13496.85305	12825.301413	1867.549751	1379.396733	A=A,B=G,C=H,D=D,E=J,F=K,G=B,H=C,I=I,J=E,K=L,L=F	100	100	100
9DXD-assembly1.cif	M1239v1TS272_2	214	59	0.160794	0.203437	14204.698146	3758.287219	2895.461145	11365.334534	11309.237001	0.863478	0.895179	14204.698146	13412.451751	12740.860683	1519.934996	1463.837463	A=A,B=G,C=H,D=D,E=E,F=K,G=B,H=C,I=I,J=J,K=L,L=F	100	100	100
9DXD-assembly1.cif	M1239v2TS272_2	214	169	0.160794	0.203437	14204.698146	3758.287219	2895.461145	11365.334534	11309.237001	0.863478	0.895179	14204.698146	13412.451751	12740.860683	1519.934996	1463.837463	A=A,B=G,C=H,D=D,E=J,F=K,G=B,H=C,I=I,J=E,K=L,L=F	100	100	100
9DXD-assembly1.cif	M1239v1TS272_4	214	61	0.160379	0.202386	14204.698146	3844.644444	2930.946315	11828.239274	11273.751831	0.877073	0.886866	14204.698146	13587.919374	12843.548638	1915.636951	1361.149508	A=K,B=B,C=C,D=I,E=J,F=A,G=G,H=H,I=D,J=E,K=F,L=L	100	100	100
9DXD-assembly1.cif	M1239v2TS272_4	214	171	0.160379	0.202386	14204.698146	3844.644444	2930.946315	11828.239274	11273.751831	0.877073	0.886866	14204.698146	13587.919374	12843.548638	1915.636951	1361.149508	A=K,B=B,C=C,D=I,E=E,F=A,G=G,H=H,I=D,J=J,K=F,L=L	100	100	100
9DXD-assembly1.cif	M1239v1TS272_5	214	62	0.15968	0.203428	14204.698146	3784.428892	2900.61834	11412.077974	11304.079806	0.867624	0.897762	14204.698146	13475.008975	12800.91989	1511.776424	1403.778255	A=A,B=G,C=H,D=D,E=E,F=K,G=B,H=C,I=I,J=J,K=L,L=F	100	100	100
9DXD-assembly1.cif	M1239v2TS272_5	214	172	0.15968	0.203428	14204.698146	3784.428892	2900.61834	11412.077974	11304.079806	0.867624	0.897762	14204.698146	13475.008975	12800.91989	1511.776424	1403.778255	A=A,B=G,C=H,D=D,E=J,F=K,G=B,H=C,I=I,J=E,K=L,L=F	100	100	100
9DXF-assembly1.cif	M1239v1TS272_3	215	60	0.159413	0.195346	14222.136574	3699.030621	2844.290047	12054.054489	11377.846526	0.716119	0.705224	14222.136574	13721.182066	10268.232353	4630.112183	3953.90422	A=K,B=B,C=C,D=I,E=E,F=A,G=G,H=H,I=D,J=J,K=F,L=L	100	100	100
9DXF-assembly1.cif	M1239v2TS272_3	215	170	0.159413	0.195346	14222.136574	3699.030621	2844.290047	12054.054489	11377.846526	0.716119	0.705224	14222.136574	13721.182066	10268.232353	4630.112183	3953.90422	A=K,B=B,C=C,D=I,E=J,F=A,G=G,H=H,I=D,J=E,K=F,L=L	100	100	100
9DXF-assembly1.cif	M1239v1TS272_2	215	59	0.158691	0.199566	14222.136574	3748.202857	2842.118669	11418.67701	11380.017905	0.859789	0.894103	14222.136574	13349.502774	12733.338334	1527.457346	1488.79824	A=A,B=G,C=H,D=D,E=E,F=K,G=B,H=C,I=I,J=J,K=L,L=F	100	100	100
9DXF-assembly1.cif	M1239v2TS272_2	215	169	0.158691	0.199566	14222.136574	3748.202857	2842.118669	11418.67701	11380.017905	0.859789	0.894103	14222.136574	13349.502774	12733.338334	1527.457346	1488.79824	A=A,B=G,C=H,D=D,E=J,F=K,G=B,H=C,I=I,J=E,K=L,L=F	100	100	100
9DXF-assembly1.cif	M1239v1TS272_1	215	58	0.158497	0.197982	14222.136574	3794.542564	2862.318701	11830.532464	11359.817873	0.865728	0.881113	14222.136574	13164.87001	12738.685846	1954.165318	1483.450727	A=A,B=G,C=H,D=D,E=E,F=K,G=B,H=C,I=I,J=J,K=L,L=F	100	100	100
9DXF-assembly1.cif	M1239v2TS272_1	215	168	0.158497	0.197982	14222.136574	3794.542564	2862.318701	11830.532464	11359.817873	0.865728	0.881113	14222.136574	13164.87001	12738.685846	1954.165318	1483.450727	A=A,B=G,C=H,D=D,E=J,F=K,G=B,H=C,I=I,J=E,K=L,L=F	100	100	100
9DXF-assembly1.cif	M1239v1TS091_4	215	19	0.158367	0.184797	14222.136574	3946.847178	2866.889986	13938.368005	11355.246587	0.426817	0.455028	14222.136574	8241.895812	7059.173007	9746.084984	7162.963567	A=A,B=G,C=H,D=D,E=E,F=K,G=B,H=C,I=I,J=J,K=L,L=F	100	100	100
9DXF-assembly1.cif	M1239v2TS091_4	215	124	0.158367	0.184797	14222.136574	3946.847178	2866.889986	13938.368005	11355.246587	0.426817	0.455028	14222.136574	8241.895812	7059.173007	9746.084984	7162.963567	A=A,B=G,C=H,D=D,E=E,F=K,G=B,H=C,I=I,J=J,K=L,L=F	100	100	100
9DXF-assembly1.cif	M1239v1TS272_4	215	61	0.158281	0.198051	14222.136574	3834.56149	2869.892282	11889.293306	11352.244291	0.873367	0.886034	14222.136574	13314.515632	12839.223749	1919.961839	1382.912824	A=K,B=G,C=H,D=I,E=J,F=A,G=B,H=C,I=D,J=E,K=L,L=F	100	100	100
9DXF-assembly1.cif	M1239v2TS272_4	215	171	0.158281	0.198051	14222.136574	3834.56149	2869.892282	11889.293306	11352.244291	0.873367	0.886034	14222.136574	13314.515632	12839.223749	1919.961839	1382.912824	A=K,B=G,C=H,D=I,E=E,F=A,G=B,H=C,I=D,J=J,K=L,L=F	100	100	100
9DXF-assembly1.cif	M1239v1TS033_4	215	14	0.157986	0.191864	14222.136574	3652.409988	2803.800941	12201.032255	11418.335632	0.444278	0.473031	14222.136574	7638.226243	6912.631099	8092.202097	7309.505475	A=A,B=B,C=C,D=I,E=J,F=K,G=G,H=H,I=D,J=E,K=L,L=F	100	100	100
9DXF-assembly1.cif	M1239v2TS167_3	215	135	0.157939	0.189754	14222.136574	3725.885954	2815.569616	12638.265843	11406.566958	0.441529	0.464907	14222.136574	7686.785222	6898.283109	8555.55235	7323.853465	A=L,B=B,C=C,D=D,E=E,F=F,G=G,H=H,I=I,J=J,K=A,L=K	100	100	100
9DXF-assembly1.cif	M1239v2TS450_3	215	196	0.157939	0.189754	14222.136574	3725.885954	2815.569616	12638.265843	11406.566958	0.441529	0.464907	14222.136574	7686.785222	6898.283109	8555.55235	7323.853465	A=L,B=B,C=C,D=D,E=E,F=F,G=G,H=H,I=I,J=J,K=A,L=K	100	100	100
9DXF-assembly1.cif	M1239v1TS272_5	215	62	0.157888	0.199278	14222.136574	3774.322765	2843.175444	11469.52087	11378.96113	0.86393	0.896602	14222.136574	13482.484837	12792.199463	1520.496851	1429.937111	A=A,B=B,C=C,D=D,E=E,F=K,G=G,H=H,I=I,J=J,K=F,L=L	100	100	100
9DXF-assembly1.cif	M1239v2TS272_5	215	172	0.157888	0.199278	14222.136574	3774.322765	2843.175444	11469.52087	11378.96113	0.86393	0.896602	14222.136574	13482.484837	12792.199463	1520.496851	1429.937111	A=A,B=B,C=C,D=D,E=J,F=K,G=G,H=H,I=I,J=E,K=F,L=L	100	100	100
9DXD-assembly1.cif	M1239v1TS286_2	214	64	0.156974	0.215505	14204.698146	4730.168364	3021.410595	10814.15608	11183.287551	0.881563	0.938729	14204.698146	13835.566675	13161.108565	674.45811	1043.589581	A=F,B=B,C=C,D=I,E=J,F=K,G=G,H=H,I=D,J=E,K=L,L=A	100	100	100
9DXF-assembly1.cif	M1239v1TS091_2	215	17	0.155626	0.185763	14222.136574	3721.388187	2807.078742	13192.901497	11415.057832	0.442002	0.464603	14222.136574	7990.585922	7020.648171	8979.332068	7201.488403	A=L,B=B,C=C,D=I,E=J,F=F,G=G,H=H,I=D,J=E,K=A,L=K	100	100	100
9DXF-assembly1.cif	M1239v2TS091_2	215	122	0.155626	0.185763	14222.136574	3721.388187	2807.078742	13192.901497	11415.057832	0.442002	0.464603	14222.136574	7990.585922	7020.648171	8979.332068	7201.488403	A=L,B=B,C=C,D=I,E=J,F=F,G=G,H=H,I=D,J=E,K=A,L=K	100	100	100
9DXF-assembly1.cif	M1239v2TS167_1	215	133	0.155287	0.187568	14222.136574	3545.283719	2732.858859	12184.959477	11489.277715	0.432165	0.459611	14222.136574	7451.819842	6696.526875	8221.291461	7525.609699	A=K,B=G,C=H,D=I,E=J,F=A,G=B,H=C,I=D,J=E,K=F,L=L	100	100	100
9DXF-assembly1.cif	M1239v2TS450_1	215	194	0.155287	0.187568	14222.136574	3545.283719	2732.858859	12184.959477	11489.277715	0.432165	0.459611	14222.136574	7451.819842	6696.526875	8221.291461	7525.609699	A=K,B=G,C=H,D=I,E=J,F=A,G=B,H=C,I=D,J=E,K=F,L=L	100	100	100
9DXF-assembly1.cif	M1239v1TS033_1	215	11	0.155176	0.18749	14222.136574	3538.745595	2729.844785	12167.968929	11492.291789	0.432175	0.459459	14222.136574	7441.050424	6689.712374	8208.10134	7532.424199	A=K,B=G,C=H,D=I,E=J,F=A,G=B,H=C,I=D,J=E,K=F,L=L	100	100	100
9DXD-assembly1.cif	M1239v1TS110_4	214	24	0.153862	0.224888	14204.698146	5384.529962	3260.273334	11529.727291	10944.424812	0.89904	0.949564	14204.698146	14790.000625	13766.15857	1023.842055	438.539576	A=L,B=G,C=H,D=D,E=E,F=A,G=B,H=C,I=I,J=J,K=F,L=K	100	100	100
9DXD-assembly1.cif	M1239v2TS110_1	214	126	0.153862	0.224888	14204.698146	5384.529962	3260.273334	11529.727291	10944.424812	0.89904	0.949564	14204.698146	14790.000625	13766.15857	1023.842055	438.539576	A=L,B=G,C=H,D=D,E=E,F=A,G=B,H=C,I=I,J=J,K=F,L=K	100	100	100
9DXF-assembly1.cif	M1239v1TS481_2	215	96	0.151099	0.18692	14222.136574	3582.906845	2678.889925	11762.39391	11543.246649	0.444562	0.470527	14222.136574	7332.57531	6743.459954	7697.823881	7478.67662	A=K,B=G,C=H,D=I,E=J,F=A,G=B,H=C,I=D,J=E,K=F,L=L	100	100	100
9DXD-assembly1.cif	M1239v2TS462_4	214	202	0.147566	0.218025	14204.698146	5298.219642	3180.111909	11787.134966	11024.586237	0.921506	0.959183	14204.698146	14967.246875	13990.622679	976.624196	214.075466	A=F,B=B,C=C,D=I,E=J,F=K,G=G,H=H,I=D,J=E,K=L,L=A	100	100	100
9DXD-assembly1.cif	M1239v2TS489_2	214	210	0.1462	0.206178	14204.698146	4789.221798	2987.676899	11789.089535	11217.021247	0.895837	0.941246	14204.698146	14599.200429	13639.349021	1137.417413	565.349125	A=L,B=G,C=H,D=I,E=J,F=K,G=B,H=C,I=D,J=E,K=F,L=A	100	100	100
9DXD-assembly1.cif	M1239v2TS489_3	214	211	0.143473	0.208465	14204.698146	5141.018508	3021.891173	11765.295381	11182.806973	0.925783	0.962727	14204.698146	14787.186554	13955.6281	831.558454	249.070046	A=F,B=B,C=C,D=D,E=E,F=A,G=G,H=H,I=I,J=J,K=L,L=K	100	100	100
9DXD-assembly1.cif	M1239v2TS462_3	214	201	0.141518	0.211355	14204.698146	5089.678499	3029.777945	11435.530339	11174.920201	0.927106	0.959837	14204.698146	14360.844636	13759.266384	706.0419	445.431762	A=L,B=G,C=H,D=D,E=E,F=A,G=B,H=C,I=I,J=J,K=F,L=K	100	100	100
9DXD-assembly1.cif	M1239v2TS110_5	214	130	0.137542	0.199769	14204.698146	4877.459718	2907.722302	11998.475767	11296.975844	0.89415	0.936315	14204.698146	14667.255242	13628.477997	1277.720072	576.220149	A=L,B=G,C=H,D=D,E=E,F=A,G=B,H=C,I=I,J=J,K=F,L=K	100	100	100
9DXD-assembly1.cif	M1239v1TS028_5	214	10	0.137539	0.199768	14204.698146	4877.476226	2907.707487	11998.477038	11296.990658	0.894147	0.936313	14204.698146	14667.243656	13628.446899	1277.737627	576.251247	A=L,B=G,C=H,D=D,E=E,F=A,G=B,H=C,I=I,J=J,K=F,L=K	100	100	100
9DXF-assembly1.cif	M1239v2TS033_5	215	120	0.136386	0.187033	14222.136574	3920.13131	2629.896383	11270.232964	11592.240191	0.458958	0.479908	14222.136574	6975.664687	6748.048648	7152.080698	7474.087925	A=K,B=B,C=C,D=D,E=E,F=A,G=G,H=H,I=I,J=J,K=F,L=L	100	100	100
9DXD-assembly1.cif	M1239v2TS462_1	214	199	0.133183	0.20118	14204.698146	5196.125983	2930.520715	11998.077906	11274.17743	0.885483	0.942438	14204.698146	14928.598622	13728.170071	1200.428551	476.528075	A=L,B=G,C=H,D=D,E=E,F=A,G=B,H=C,I=I,J=J,K=F,L=K	100	100	100
9DXF-assembly1.cif	M1239v2TS028_2	215	112	0.130668	0.177684	14222.136574	3970.072881	2514.82433	11569.820231	11707.312244	0.470765	0.488529	14222.136574	7145.856689	6914.345921	7170.29864	7307.790653	A=L,B=G,C=H,D=D,E=E,F=F,G=B,H=C,I=I,J=J,K=A,L=K	100	100	100
9DXD-assembly1.cif	M1239v1TS241_1	214	48	0.129363	0.264828	14204.698146	4415.790874	2787.121383	4056.721226	11417.576763	0.447778	0.627331	14204.698146	6843.842609	6602.197604	241.645005	7602.500541	A=A,B=B,C=C,D=D,E=E,F=K,G=G,H=H,I=I,J=J	54.890388	60.721696	83.333333
9DXD-assembly1.cif	M1239v2TS489_1	214	209	0.12899	0.188763	14204.698146	4779.574988	2772.158455	12395.004406	11432.539691	0.909875	0.945056	14204.698146	14891.596737	13879.029856	1288.133004	325.66829	A=F,B=B,C=C,D=D,E=E,F=A,G=G,H=H,I=I,J=J,K=L,L=K	100	100	100
9DXF-assembly1.cif	M1239v1TS028_3	215	8	0.127789	0.178765	14222.136574	3774.472922	2482.934162	11073.606805	11739.202412	0.450575	0.475984	14222.136574	6850.736043	6611.096522	6945.444444	7611.040052	A=K,B=B,C=C,D=D,E=E,F=A,G=G,H=H,I=I,J=J,K=L,L=F	100	100	100
9DXF-assembly1.cif	M1239v1TS286_5	215	67	0.126479	0.175607	14222.136574	3484.375766	2359.54413	10291.389937	11862.592444	0.438662	0.469537	14222.136574	6379.182906	6308.945904	6341.988163	7913.190669	A=L,B=G,C=H,D=I,E=J,F=F,G=B,H=C,I=D,J=E,K=K,L=A	100	100	100
9DXF-assembly1.cif	M1239v1TS241_1	215	48	0.126436	0.259593	14222.136574	4429.892499	2734.287348	4109.555261	11487.849225	0.443135	0.623059	14222.136574	6823.023943	6562.675757	281.166853	7659.460817	A=A,B=B,C=C,D=D,E=E,F=K,G=G,H=H,I=I,J=J	54.894515	60.729439	83.333333
9DXF-assembly1.cif	M1239v2TS028_1	215	111	0.125051	0.175535	14222.136574	3777.89154	2443.480903	11174.74405	11778.65567	0.457699	0.476691	14222.136574	6801.618491	6635.623783	6982.60117	7586.51279	A=A,B=B,C=C,D=I,E=J,F=K,G=G,H=H,I=D,J=E,K=L,L=F	100	100	100
9DXF-assembly1.cif	M1239v1TS028_4	215	9	0.124882	0.177544	14222.136574	3882.599779	2505.378457	11495.1819	11716.758117	0.458071	0.478962	14222.136574	7022.946801	6758.803631	7241.756725	7463.332943	A=L,B=G,C=H,D=D,E=E,F=F,G=B,H=C,I=I,J=J,K=A,L=K	100	100	100
9DXF-assembly1.cif	M1239v1TS110_5	215	25	0.123785	0.170892	14222.136574	3729.808781	2404.542999	11514.376886	11817.593575	0.465528	0.482216	14222.136574	6986.149675	6785.033227	7133.886657	7437.103346	A=L,B=G,C=H,D=D,E=E,F=F,G=B,H=C,I=I,J=J,K=A,L=K	100	100	100
9DXF-assembly1.cif	M1239v2TS110_2	215	127	0.123785	0.170892	14222.136574	3729.808781	2404.542999	11514.376886	11817.593575	0.465528	0.482216	14222.136574	6986.149675	6785.033227	7133.886657	7437.103346	A=L,B=G,C=H,D=D,E=E,F=F,G=B,H=C,I=I,J=J,K=A,L=K	100	100	100
9DXF-assembly1.cif	M1239v2TS204_2	215	139	0.122214	0.170788	14222.136574	3877.927431	2443.372889	11947.341572	11778.763685	0.471532	0.484085	14222.136574	7147.664867	6925.527826	7465.186635	7296.608748	A=A,B=B,C=C,D=I,E=J,F=K,G=G,H=H,I=D,J=E,K=L,L=F	100	100	100
9DXF-assembly1.cif	M1239v1TS204_1	215	33	0.1222	0.17086	14222.136574	3878.381522	2443.07891	11932.260876	11779.057664	0.471294	0.484143	14222.136574	7145.249817	6922.63994	7452.699846	7299.496634	A=A,B=B,C=C,D=I,E=J,F=K,G=G,H=H,I=D,J=E,K=L,L=F	100	100	100
9DXF-assembly1.cif	M1239v2TS462_2	215	200	0.121302	0.172414	14222.136574	3714.529552	2388.18864	11092.624216	11833.947934	0.464312	0.481184	14222.136574	6726.717699	6665.110458	6815.702398	7557.026116	A=L,B=G,C=H,D=D,E=E,F=F,G=B,H=C,I=I,J=J,K=A,L=K	100	100	100
9DXF-assembly1.cif	M1239v2TS028_4	215	114	0.120576	0.168141	14222.136574	3694.466004	2345.276306	11329.064836	11876.860268	0.461707	0.478532	14222.136574	6812.837432	6674.672733	6999.668408	7547.463841	A=A,B=B,C=C,D=I,E=J,F=K,G=G,H=H,I=D,J=E,K=L,L=F	100	100	100
9DXF-assembly1.cif	M1239v2TS489_5	215	213	0.114332	0.167705	14222.136574	3933.973894	2362.487506	11589.758222	11859.649067	0.460318	0.479698	14222.136574	7032.893118	6757.598593	7194.647136	7464.537981	A=L,B=G,C=H,D=D,E=E,F=F,G=B,H=C,I=I,J=J,K=A,L=K	100	100	100
9DXF-assembly1.cif	M1239v1TS235_5	215	47	0.109181	0.191031	14222.136574	2866.200357	2052.850135	5217.377236	12169.286438	0.223674	0.316418	14222.136574	3684.689036	3400.287733	3869.939638	10821.84884	A=A,B=B,C=C,D=I,E=J,F=K,G=F,H=L	95.105485	89.270561	66.666667
9DXF-assembly1.cif	M1239v1TS204_4	215	36	0.108049	0.157434	14222.136574	3745.318065	2245.060742	12053.489504	11977.075832	0.462906	0.481591	14222.136574	7177.011934	6867.657456	7430.89279	7354.479118	A=L,B=G,C=H,D=I,E=J,F=F,G=B,H=C,I=D,J=E,K=K,L=A	100	100	100
9DXF-assembly1.cif	M1239v2TS231_1	215	148	0.105344	0.157783	14222.136574	3784.481496	2232.075389	11838.789284	11990.061184	0.450499	0.474092	14222.136574	7006.435451	6706.743514	7364.121159	7515.39306	A=A,B=B,C=C,D=I,E=J,F=K,G=G,H=H,I=D,J=E,K=L,L=F	100	100	100
9DXF-assembly1.cif	M1239v2TS231_5	215	152	0.104053	0.154695	14222.136574	3548.904184	2154.558116	11478.837961	12067.578458	0.44971	0.477906	14222.136574	6944.732505	6656.164517	6977.23156	7565.972056	A=K,B=B,C=C,D=D,E=E,F=A,G=G,H=H,I=I,J=J,K=L,L=F	100	100	100
9DXD-assembly1.cif	M1239v1TS241_3	214	50	0.10255	0.205777	14204.698146	3692.118486	2188.791805	4879.976879	12015.906341	0.452822	0.634265	14204.698146	7060.821806	6746.512839	322.255844	7458.185307	A=A,B=B,C=C,D=D,E=E,F=K,G=G,H=H,I=I,J=J	54.890388	60.721696	83.333333
9DXF-assembly1.cif	M1239v1TS028_2	215	7	0.102485	0.154158	14222.136574	3559.033302	2170.594498	11767.882394	12051.542076	0.465859	0.47995	14222.136574	6933.945595	6757.847997	7180.628895	7464.288577	A=K,B=B,C=C,D=D,E=E,F=A,G=G,H=H,I=I,J=J,K=F,L=L	100	100	100
9DXF-assembly1.cif	M1239v1TS235_1	215	43	0.102058	0.177547	14222.136574	2542.739545	1869.554752	4968.175981	12352.581821	0.227133	0.310842	14222.136574	3414.627966	3273.147186	3564.583547	10948.989387	A=F,B=B,C=C,D=I,E=J,F=A,G=K,H=L	95.105485	89.270561	66.666667
9DXF-assembly1.cif	M1239v1TS241_3	215	50	0.100859	0.20323	14222.136574	3723.118461	2163.478007	4905.290677	12058.658567	0.449231	0.631718	14222.136574	7060.821806	6724.925668	343.843015	7497.210905	A=K,B=B,C=C,D=I,E=J,F=A,G=G,H=H,I=D,J=E	54.894515	60.729439	83.333333
9DXF-assembly1.cif	M1239v1TS110_2	215	22	0.100737	0.153717	14222.136574	3594.460645	2159.788559	11718.991454	12062.348015	0.463492	0.482876	14222.136574	6977.415115	6784.634079	7094.145934	7437.502495	A=A,B=B,C=C,D=I,E=J,F=K,G=G,H=H,I=D,J=E,K=F,L=L	100	100	100
9DXF-assembly1.cif	M1239v2TS231_4	215	151	0.099624	0.149668	14222.136574	3517.328437	2099.804044	11737.579983	12122.332529	0.455775	0.473529	14222.136574	6893.310934	6643.500708	7193.88332	7578.635866	A=A,B=B,C=C,D=I,E=J,F=K,G=G,H=H,I=D,J=E,K=L,L=F	100	100	100
9DXF-assembly1.cif	M1239v2TS231_3	215	150	0.098282	0.148115	14222.136574	3589.971656	2117.867795	12257.542033	12104.268779	0.466976	0.481707	14222.136574	7182.425063	6887.819367	7487.590461	7334.317206	A=L,B=G,C=H,D=I,E=J,F=F,G=B,H=C,I=D,J=E,K=K,L=A	100	100	100
9DXF-assembly1.cif	M1239v2TS231_2	215	149	0.093366	0.150737	14222.136574	3523.003994	2060.234427	11053.022497	12161.902146	0.438554	0.468994	14222.136574	6582.960243	6410.070693	6703.186232	7812.065881	A=K,B=B,C=C,D=D,E=E,F=A,G=G,H=H,I=I,J=J,K=L,L=F	100	100	100
9DXD-assembly1.cif	M1239v1TS304_3	214	75	0.092399	0.182073	14204.698146	3078.12492	1939.224957	5157.69413	12265.473189	0.361375	0.481956	14204.698146	5133.224825	5133.224825	1963.694261	9071.473321	A=K,B=B,C=C,D=I,E=J,F=A,G=G,H=H,I=D,J=E	54.890388	60.721696	83.333333
9DXF-assembly1.cif	M1239v1TS028_1	215	6	0.091732	0.14459	14222.136574	3606.039356	2043.521713	12000.677925	12178.614861	0.459396	0.478986	14222.136574	7026.024965	6769.595102	7274.604536	7452.541471	A=L,B=G,C=H,D=D,E=E,F=F,G=B,H=C,I=I,J=J,K=K,L=A	100	100	100
9DXF-assembly1.cif	M1239v1TS235_4	215	46	0.091471	0.162564	14222.136574	2432.610181	1717.217734	5187.328263	12504.91884	0.225381	0.316441	14222.136574	3501.238971	3342.674565	3561.871432	10879.462009	A=F,B=B,C=C,D=I,E=J,F=L,G=K,H=A	95.105485	89.270561	66.666667
9DXF-assembly1.cif	M1239v1TS304_3	215	75	0.090889	0.178917	14222.136574	3072.254292	1907.173723	5189.745363	12314.96285	0.360932	0.481562	14222.136574	5133.224825	5133.224825	1963.694261	9088.911749	A=A,B=B,C=C,D=D,E=E,F=K,G=G,H=H,I=I,J=J	54.894515	60.729439	83.333333
9DXD-assembly1.cif	M1239v1TS304_2	214	74	0.086756	0.187835	14204.698146	3396.787781	1978.316079	4881.436131	12226.382067	0.447413	0.627366	14204.698146	6859.75221	6607.556149	252.196061	7597.141996	A=A,B=B,C=C,D=D,E=E,F=K,G=G,H=H,I=I,J=J	54.890388	60.721696	83.333333
9DXF-assembly1.cif	M1239v1TS304_5	215	77	0.085591	0.166683	14222.136574	3008.611647	1713.704882	4626.570815	12508.431691	0.445803	0.616686	14222.136574	6340.275697	6340.275697	0	7881.860876	A=F,B=B,C=C,D=D,E=E,F=L,G=G,H=H,I=I,J=J	54.894515	60.729439	83.333333
9DXF-assembly1.cif	M1239v1TS304_2	215	74	0.083476	0.18254	14222.136574	3354.403911	1924.145832	4935.606378	12297.990741	0.444234	0.625072	14222.136574	6859.75221	6588.852968	270.899242	7633.283606	A=A,B=B,C=C,D=D,E=E,F=K,G=G,H=H,I=I,J=J	54.894515	60.729439	83.333333
9DXD-assembly1.cif	M1239v1TS304_5	214	77	0.083468	0.163325	14204.698146	2972.310003	1677.7523	4662.523398	12526.945846	0.446351	0.617209	14204.698146	6340.275697	6340.275697	0	7864.422448	A=L,B=G,C=H,D=D,E=E,F=F,G=B,H=C,I=I,J=J	54.890388	60.721696	83.333333
9DXF-assembly1.cif	M1239v1TS241_5	215	52	0.082783	0.163161	14222.136574	3049.542388	1704.317416	4964.827504	12517.819157	0.468927	0.638462	14222.136574	6669.144921	6669.144921	0	7552.991653	A=F,B=B,C=C,D=D,E=E,F=L,G=G,H=H,I=I,J=J	54.894515	60.729439	83.333333
9DXF-assembly1.cif	M1239v1TS304_1	215	73	0.082783	0.163161	14222.136574	3049.542388	1704.317416	4964.827504	12517.819157	0.468927	0.638462	14222.136574	6669.144921	6669.144921	0	7552.991653	A=F,B=B,C=C,D=D,E=E,F=L,G=G,H=H,I=I,J=J	54.894515	60.729439	83.333333
9DXF-assembly1.cif	M1239v1TS304_4	215	76	0.082122	0.162016	14222.136574	3022.944712	1707.766142	5151.603681	12514.370431	0.443668	0.59862	14222.136574	6309.902224	6309.902224	549.4676	7912.23435	A=L,B=G,C=H,D=D,E=E,F=F,G=B,H=C,I=I,J=J	54.894515	60.729439	83.333333
9DXF-assembly1.cif	M1239v1TS241_2	215	49	0.081562	0.163773	14222.136574	3076.181228	1736.854693	5251.467066	12485.281881	0.470859	0.631446	14222.136574	6696.625391	6696.625391	291.696368	7525.511182	A=F,B=B,C=C,D=D,E=E,F=L,G=G,H=H,I=I,J=J	54.894515	60.729439	83.333333
9DXF-assembly1.cif	M1239v2TS304_1	215	183	0.081421	0.159742	14222.136574	3074.129943	1700.203697	5364.573893	12521.932877	0.490128	0.654925	14222.136574	6970.6662	6970.6662	94.111389	7251.470373	A=L,B=G,C=H,D=D,E=E,F=F,G=B,H=C,I=I,J=J	54.894515	60.729439	83.333333
9DXD-assembly1.cif	M1239v2TS304_1	214	183	0.081105	0.158125	14204.698146	3046.594094	1681.621527	5383.156062	12523.076618	0.496919	0.66402	14204.698146	7064.777589	7061.682471	3.095118	7143.015675	A=L,B=G,C=H,D=D,E=E,F=F,G=B,H=C,I=I,J=J	54.890388	60.721696	83.333333
9DXF-assembly1.cif	M1239v2TS304_3	215	185	0.081081	0.159953	14222.136574	2938.895686	1709.268524	5440.728342	12512.86805	0.488176	0.649715	14222.136574	6942.898901	6942.898901	207.097964	7279.237672	A=L,B=G,C=H,D=D,E=E,F=F,G=B,H=C,I=I,J=J	54.894515	60.729439	83.333333
9DXD-assembly1.cif	M1239v2TS304_3	214	185	0.080655	0.15734	14204.698146	2896.446722	1679.978576	5470.018289	12524.71957	0.488728	0.650214	14204.698146	6942.898901	6942.564003	207.432862	7262.134143	A=F,B=B,C=C,D=D,E=E,F=L,G=G,H=H,I=I,J=J	54.890388	60.721696	83.333333
9DXD-assembly1.cif	M1239v1TS241_2	214	49	0.080284	0.160852	14204.698146	3033.309419	1704.472705	5283.849055	12500.225441	0.471437	0.632078	14204.698146	6700.06852	6697.823469	290.49829	7506.874676	A=F,B=B,C=C,D=D,E=E,F=L,G=G,H=H,I=I,J=J	54.890388	60.721696	83.333333
9DXD-assembly1.cif	M1239v1TS241_5	214	52	0.080183	0.159721	14204.698146	3015.227469	1666.99812	5002.1468	12537.700025	0.469503	0.638995	14204.698146	6669.144921	6669.144921	0	7535.553225	A=L,B=G,C=H,D=D,E=E,F=F,G=B,H=C,I=I,J=J	54.890388	60.721696	83.333333
9DXD-assembly1.cif	M1239v1TS304_1	214	73	0.080183	0.159721	14204.698146	3015.227469	1666.99812	5002.1468	12537.700025	0.469503	0.638995	14204.698146	6669.144921	6669.144921	0	7535.553225	A=L,B=G,C=H,D=D,E=E,F=F,G=B,H=C,I=I,J=J	54.890388	60.721696	83.333333
9DXF-assembly1.cif	M1239v1TS286_2	215	64	0.080149	0.108522	14222.136574	2393.217032	1522.436728	12313.129947	12699.699846	0.443267	0.474219	14222.136574	7013.775257	6652.747807	7182.818868	7569.388767	A=L,B=G,C=H,D=D,E=E,F=F,G=B,H=C,I=I,J=J,K=A,L=K	100	100	100
9DXD-assembly1.cif	M1239v1TS304_4	214	76	0.079692	0.15902	14204.698146	2972.688339	1674.806424	5184.563399	12529.891721	0.444212	0.599229	14204.698146	6424.902606	6311.100302	548.269521	7893.597844	A=F,B=B,C=C,D=D,E=E,F=L,G=G,H=H,I=I,J=J	54.890388	60.721696	83.333333
9DXF-assembly1.cif	M1239v1TS110_4	215	24	0.079315	0.113377	14222.136574	2712.795351	1644.647929	13145.352696	12577.488644	0.448095	0.474891	14222.136574	7412.645833	6888.804837	7901.195788	7333.331737	A=L,B=G,C=H,D=D,E=E,F=F,G=B,H=C,I=I,J=J,K=A,L=K	100	100	100
9DXF-assembly1.cif	M1239v2TS110_1	215	126	0.079315	0.113377	14222.136574	2712.795351	1644.647929	13145.352696	12577.488644	0.448095	0.474891	14222.136574	7412.645833	6888.804837	7901.195788	7333.331737	A=L,B=G,C=H,D=D,E=E,F=F,G=B,H=C,I=I,J=J,K=A,L=K	100	100	100
9DXD-assembly1.cif	M1239v2TS304_4	214	186	0.076215	0.154701	14204.698146	3092.473999	1656.116459	5549.74263	12548.581687	0.491375	0.661945	14204.698146	7205.859089	7086.3015	119.557589	7118.396646	A=F,B=B,C=C,D=D,E=J,F=L,G=G,H=H,I=I,J=E	54.890388	60.721696	83.333333
9DXF-assembly1.cif	M1239v2TS304_5	215	187	0.075989	0.152394	14222.136574	2822.926121	1589.40485	5047.570166	12632.731723	0.453508	0.618421	14222.136574	6449.857344	6449.857344	187.117672	7772.279229	A=F,B=B,C=C,D=D,E=E,F=L,G=G,H=H,I=I,J=J	54.894515	60.729439	83.333333
9DXF-assembly1.cif	M1239v2TS304_4	215	186	0.075577	0.156711	14222.136574	3103.305483	1679.006194	5526.852895	12543.13038	0.490772	0.651468	14222.136574	6979.831434	6979.831434	226.027655	7242.30514	A=L,B=G,C=H,D=D,E=E,F=F,G=B,H=C,I=I,J=J	54.894515	60.729439	83.333333
9DXF-assembly1.cif	M1239v2TS462_4	215	202	0.075427	0.109616	14222.136574	2678.360338	1599.816208	13367.430667	12622.320366	0.455112	0.478911	14222.136574	7542.668519	6989.562624	7977.684251	7232.57395	A=L,B=G,C=H,D=D,E=E,F=F,G=B,H=C,I=I,J=J,K=A,L=K	100	100	100
9DXF-assembly1.cif	M1239v2TS241_3	215	160	0.075356	0.153925	14222.136574	3024.477667	1647.702464	5539.302068	12574.43411	0.488681	0.649263	14222.136574	6950.086659	6950.086659	236.917874	7272.049915	A=L,B=G,C=H,D=D,E=E,F=F,G=B,H=C,I=I,J=J	54.894515	60.729439	83.333333
9DXF-assembly1.cif	M1239v2TS489_2	215	210	0.074858	0.105593	14222.136574	2439.971557	1531.039247	13245.727187	12691.097327	0.453981	0.475537	14222.136574	7346.878877	6895.026686	7881.739748	7327.109887	A=A,B=B,C=C,D=D,E=E,F=F,G=G,H=H,I=I,J=J,K=L,L=K	100	100	100
9DXD-assembly1.cif	M1239v2TS304_5	214	187	0.074646	0.150118	14204.698146	2798.562083	1564.35069	5072.624326	12640.347456	0.456258	0.629156	14204.698146	6636.975016	6556.32741	80.647606	7648.370735	A=L,B=G,C=H,D=D,E=J,F=F,G=B,H=C,I=I,J=E	54.890388	60.721696	83.333333
9DXD-assembly1.cif	M1239v2TS241_3	214	160	0.073995	0.152243	14204.698146	3050.600953	1628.363988	5558.640545	12576.334158	0.48946	0.659747	14204.698146	7174.644102	7056.556725	130.447808	7148.141421	A=L,B=G,C=H,D=D,E=E,F=F,G=B,H=C,I=I,J=J	54.890388	60.721696	83.333333
9DXD-assembly1.cif	M1239v2TS241_4	214	161	0.073777	0.145583	14204.698146	2747.181631	1551.862969	5562.743697	12652.835177	0.483941	0.651225	14204.698146	7009.443034	6941.836593	172.770073	7262.861553	A=F,B=B,C=C,D=D,E=E,F=L,G=G,H=H,I=I,J=J	54.890388	60.721696	83.333333
9DXF-assembly1.cif	M1239v2TS241_4	215	161	0.073293	0.147593	14222.136574	2807.415691	1574.581765	5540.024901	12647.554809	0.487617	0.653539	14222.136574	7009.443034	6972.195827	142.410839	7249.940747	A=F,B=B,C=C,D=D,E=E,F=L,G=G,H=H,I=I,J=J	54.894515	60.729439	83.333333
9DXF-assembly1.cif	M1239v2TS489_3	215	211	0.07276	0.105518	14222.136574	2604.464565	1530.510117	13256.676437	12691.626456	0.464049	0.482606	14222.136574	7406.147497	7000.035238	7787.151316	7222.101335	A=L,B=G,C=H,D=I,E=J,F=K,G=B,H=C,I=D,J=E,K=A,L=F	100	100	100
9DXF-assembly1.cif	M1239v2TS462_3	215	201	0.07125	0.106344	14222.136574	2574.55178	1525.365292	12939.942992	12696.771282	0.464331	0.484392	14222.136574	7296.971931	6947.97828	7517.330004	7274.158294	A=L,B=G,C=H,D=D,E=E,F=F,G=B,H=C,I=I,J=J,K=A,L=K	100	100	100
9DXF-assembly1.cif	M1239v2TS110_5	215	130	0.070361	0.101727	14222.136574	2499.092136	1481.573737	13424.624332	12740.562837	0.453506	0.474903	14222.136574	7443.455166	6916.569297	7989.628772	7305.567277	A=A,B=B,C=C,D=I,E=J,F=K,G=G,H=H,I=D,J=E,K=L,L=F	100	100	100
9DXF-assembly1.cif	M1239v1TS028_5	215	10	0.070358	0.101728	14222.136574	2499.13277	1481.580217	13424.604309	12740.556357	0.453509	0.474906	14222.136574	7443.509915	6916.611713	7989.572813	7305.524861	A=A,B=B,C=C,D=I,E=J,F=K,G=G,H=H,I=D,J=E,K=L,L=F	100	100	100
9DXF-assembly1.cif	M1239v2TS304_2	215	184	0.069037	0.147646	14222.136574	2939.164276	1550.200402	5226.566794	12671.936172	0.476494	0.64544	14222.136574	6776.767196	6776.767196	0	7445.369378	A=F,B=B,C=C,D=D,E=E,F=L,G=G,H=H,I=I,J=J	54.894515	60.729439	83.333333
9DXD-assembly1.cif	M1239v2TS304_2	214	184	0.068045	0.143698	14204.698146	2884.137065	1507.492411	5269.274785	12697.205735	0.477079	0.645977	14204.698146	6776.767196	6776.767196	0	7427.93095	A=F,B=B,C=C,D=D,E=E,F=L,G=G,H=H,I=I,J=J	54.890388	60.721696	83.333333
9DXF-assembly1.cif	M1239v2TS462_1	215	199	0.067536	0.100599	14222.136574	2614.546384	1466.266564	13462.332058	12755.87001	0.44123	0.469727	14222.136574	7433.980582	6846.450483	8082.148139	7375.686091	A=A,B=B,C=C,D=I,E=J,F=K,G=G,H=H,I=D,J=E,K=L,L=F	100	100	100
9DXF-assembly1.cif	M1239v2TS489_1	215	209	0.065857	0.09589	14222.136574	2428.145805	1409.071517	13758.091343	12813.065057	0.469462	0.483531	14222.136574	7598.341896	7105.320967	8061.841893	7116.815606	A=A,B=B,C=C,D=I,E=J,F=K,G=G,H=H,I=D,J=E,K=L,L=F	100	100	100
9DXF-assembly1.cif	M1239v1TS241_4	215	51	0.052389	0.096546	14222.136574	1966.248212	1024.168349	5969.967747	13197.968224	0.491778	0.659318	14222.136574	6994.136096	6994.136096	0	7228.000477	A=L,B=G,C=H,D=D,E=E,F=F,G=B,H=C,I=I,J=J	54.894515	60.729439	83.333333
9DXD-assembly1.cif	M1239v1TS241_4	214	51	0.051002	0.094192	14204.698146	1917.705943	998.383291	5995.752805	13206.314854	0.492382	0.65986	14204.698146	6994.136096	6994.136096	0	7210.562049	A=F,B=B,C=C,D=D,E=E,F=L,G=G,H=H,I=I,J=J	54.890388	60.721696	83.333333
9DXF-assembly1.cif	M1239v2TS241_2	215	159	0.046441	0.086899	14222.136574	1789.363634	910.2288	5816.835015	13311.907773	0.450171	0.61123	14222.136574	6402.393936	6402.393936	324.66988	7819.742638	A=F,B=B,C=C,D=D,E=E,F=L,G=G,H=H,I=I,J=J	54.894515	60.729439	83.333333
9DXD-assembly1.cif	M1239v2TS241_2	214	159	0.0458	0.085752	14204.698146	1741.465878	897.470961	5829.592854	13307.227184	0.450724	0.621913	14204.698146	6727.063815	6508.864002	218.199814	7695.834144	A=L,B=G,C=H,D=D,E=E,F=F,G=B,H=C,I=I,J=J	54.890388	60.721696	83.333333
9DXF-assembly1.cif	M1239v2TS241_5	215	162	0.045115	0.092323	14222.136574	1976.23017	956.174087	5535.308824	13265.962487	0.456435	0.626784	14222.136574	6491.48291	6491.48291	0	7730.653663	A=F,B=B,C=C,D=D,E=E,F=L,G=G,H=H,I=I,J=J	54.894515	60.729439	83.333333
9DXD-assembly1.cif	M1239v2TS241_5	214	162	0.044858	0.091116	14204.698146	1945.864602	942.872327	5548.610583	13261.825818	0.456995	0.627312	14204.698146	6491.48291	6491.48291	0	7713.215235	A=L,B=G,C=H,D=D,E=E,F=F,G=B,H=C,I=I,J=J	54.890388	60.721696	83.333333
9DXD-assembly1.cif	M1239v2TS241_1	214	158	0.044623	0.082334	14204.698146	1651.476738	907.002103	6920.50027	13297.696042	0.432532	0.567392	14204.698146	7434.556283	6250.451686	1577.050687	7954.24646	A=F,B=B,C=C,D=D,E=E,F=L,G=G,H=H,I=I,J=J	54.890388	60.721696	83.333333
9DXF-assembly1.cif	M1239v2TS241_1	215	158	0.041902	0.078776	14222.136574	1619.596918	868.48785	6959.014523	13353.648724	0.432001	0.557286	14222.136574	6143.98162	6143.98162	1683.520753	8078.154954	A=F,B=B,C=C,D=D,E=E,F=L,G=G,H=H,I=I,J=J	54.894515	60.729439	83.333333
9DXD-assembly1.cif	M1239v1TS481_5	214	99	0.035183	0.04516	14204.698146	1326.88718	664.322818	14551.968085	13540.375327	0.85394	0.885299	14204.698146	14903.986048	13023.19148	2193.099423	1181.506666	A=F,B=B,C=C,D=I,E=J,F=K,G=G,H=H,I=D,J=E,K=A,L=L	100	100	100
9DXD-assembly1.cif	M1239v2TS481_5	214	208	0.032564	0.047194	14204.698146	1413.16353	698.445626	14695.840867	13506.25252	0.836951	0.871763	14204.698146	14952.569908	12901.653527	2492.632966	1303.044618	A=A,B=G,C=H,D=D,E=E,F=L,G=B,H=C,I=I,J=J,K=K,L=F	100	100	100
9DXF-assembly1.cif	M1239v2TS481_5	215	208	0.030983	0.04707	14222.136574	1426.715537	697.022207	14697.264286	13525.114367	0.833807	0.862797	14222.136574	13694.43943	12776.476893	2617.8096	1445.65968	A=A,B=B,C=C,D=D,E=E,F=F,G=G,H=H,I=I,J=J,K=K,L=L	100	100	100
9DXF-assembly1.cif	M1239v1TS481_5	215	99	0.020383	0.028702	14222.136574	856.02407	422.477174	14793.813729	13799.6594	0.368412	0.376425	14222.136574	7482.08924	5540.677039	9675.613865	8681.459535	A=L,B=G,C=H,D=I,E=E,F=F,G=B,H=C,I=D,J=J,K=A,L=K	100	100	100
