target	model	t_id	m_id	residue_sites_cadscore	residue_sites_F1_of_areas	residue_sites_target_area	residue_sites_model_area	residue_sites_TP_area	residue_sites_FP_area	residue_sites_FN_area	chain_sites_cadscore	chain_sites_F1_of_areas	chain_sites_target_area	chain_sites_model_area	chain_sites_TP_area	chain_sites_FP_area	chain_sites_FN_area	renaming_of_model_chains	identity_of_residues	identity_of_atoms	identity_of_chains
9DXD-assembly1.cif	M1239v2TS462_1	214	199	0.700502	0.775812	10108.665494	9739.560475	8145.400091	2744.307363	1963.265403	0.922735	0.962805	10108.665494	10889.707453	10108.665494	781.041959	0	A=K,B=B,C=C,D=D,E=E,F=F,G=G,H=H,I=I,J=J,K=A,L=L	100	100	100
9DXD-assembly1.cif	M1239v1TS231_2	214	42	0.694373	0.712173	10108.665494	10645.619019	8442.002974	5157.06758	1666.66252	0.654712	0.852774	10108.665494	13599.070554	10108.665494	3490.40506	0	A=F,B=B,C=C,D=D,E=E,F=K,G=G,H=H,I=I,J=J,K=L,L=A	100	100	100
9DXD-assembly1.cif	M1239v1TS110_4	214	24	0.69301	0.766482	10108.665494	9819.285485	8072.918566	2883.284666	2035.746928	0.903311	0.9536	10108.665494	10956.203232	10043.734646	912.468586	64.930848	A=A,B=B,C=C,D=D,E=E,F=L,G=G,H=H,I=I,J=J,K=K,L=F	100	100	100
9DXD-assembly1.cif	M1239v2TS110_1	214	126	0.69301	0.766482	10108.665494	9819.285485	8072.918566	2883.284666	2035.746928	0.903311	0.9536	10108.665494	10956.203232	10043.734646	912.468586	64.930848	A=A,B=B,C=C,D=D,E=E,F=L,G=G,H=H,I=I,J=J,K=K,L=F	100	100	100
9DXD-assembly1.cif	M1239v2TS462_4	214	202	0.692229	0.737203	10108.665494	10043.245177	8171.583372	3888.90979	1937.082122	0.806915	0.911958	10108.665494	12060.493162	10108.665494	1951.827668	0	A=L,B=B,C=C,D=D,E=E,F=A,G=G,H=H,I=I,J=J,K=F,L=K	100	100	100
9DXD-assembly1.cif	M1239v2TS462_3	214	201	0.680195	0.745616	10108.665494	9973.201037	8092.104324	3505.067264	2016.56117	0.852749	0.931424	10108.665494	11597.171589	10108.665494	1488.506094	0	A=K,B=B,C=C,D=D,E=E,F=F,G=G,H=H,I=I,J=J,K=A,L=L	100	100	100
9DXD-assembly1.cif	M1239v1TS231_1	214	41	0.676415	0.693185	10108.665494	10710.350325	8311.726997	5560.865336	1796.938497	0.627653	0.843047	10108.665494	13872.592333	10108.665494	3763.926839	0	A=L,B=B,C=C,D=D,E=E,F=A,G=G,H=H,I=I,J=J,K=F,L=K	100	100	100
9DXD-assembly1.cif	M1239v1TS286_2	214	64	0.675353	0.742068	10108.665494	9335.994631	7776.936216	3074.566129	2331.729278	0.926515	0.96456	10108.665494	10851.502345	10108.665494	742.836851	0	A=K,B=B,C=C,D=D,E=E,F=F,G=G,H=H,I=I,J=J,K=A,L=L	100	100	100
9DXD-assembly1.cif	M1239v1TS028_5	214	10	0.673591	0.720871	10108.665494	10077.972423	8010.233645	4104.878207	2098.431849	0.801512	0.909716	10108.665494	12115.111852	10108.665494	2006.446358	0	A=K,B=B,C=C,D=D,E=E,F=F,G=G,H=H,I=I,J=J,K=A,L=L	100	100	100
9DXD-assembly1.cif	M1239v2TS110_5	214	130	0.673587	0.720869	10108.665494	10077.829733	8010.159894	4104.801413	2098.5056	0.801527	0.909722	10108.665494	12114.961308	10108.665494	2006.295813	0	A=K,B=B,C=C,D=D,E=E,F=F,G=G,H=H,I=I,J=J,K=A,L=L	100	100	100
9DXD-assembly1.cif	M1239v1TS294_1	214	68	0.672568	0.728778	10108.665494	10687.723425	8270.731974	4318.143694	1837.933521	0.754645	0.890728	10108.665494	12588.875667	10108.665494	2480.210173	0	A=K,B=B,C=C,D=D,E=E,F=F,G=G,H=H,I=I,J=J,K=A,L=L	100	100	100
9DXF-assembly1.cif	M1239v2TS462_4	215	202	0.671055	0.705757	10179.362439	9170.978548	7847.966052	4212.52711	2331.396387	0.815202	0.915416	10179.362439	12060.493162	10179.362439	1881.130723	0	A=K,B=B,C=C,D=D,E=E,F=A,G=G,H=H,I=I,J=J,K=F,L=L	100	100	100
9DXD-assembly1.cif	M1239v2TS489_1	214	209	0.670575	0.702451	10108.665494	10423.307127	8124.14167	4898.02716	1984.523824	0.711782	0.874042	10108.665494	13022.16883	10108.665494	2913.503336	0	A=A,B=B,C=C,D=D,E=E,F=F,G=G,H=H,I=I,J=J,K=K,L=L	100	100	100
9DXD-assembly1.cif	M1239v1TS091_2	214	17	0.669139	0.734177	10108.665494	10898.738673	8353.386197	4293.737049	1755.279298	0.748883	0.888448	10108.665494	12647.123246	10108.665494	2538.457752	0	A=A,B=B,C=C,D=D,E=E,F=L,G=G,H=H,I=I,J=J,K=K,L=F	100	100	100
9DXD-assembly1.cif	M1239v2TS091_2	214	122	0.669139	0.734177	10108.665494	10898.738673	8353.386197	4293.737049	1755.279298	0.748883	0.888448	10108.665494	12647.123246	10108.665494	2538.457752	0	A=A,B=B,C=C,D=D,E=E,F=L,G=G,H=H,I=I,J=J,K=K,L=F	100	100	100
9DXD-assembly1.cif	M1239v2TS489_2	214	210	0.663201	0.707209	10108.665494	10022.99026	7898.89763	4330.655397	2209.767864	0.790191	0.905056	10108.665494	12229.553027	10108.665494	2120.887533	0	A=A,B=B,C=C,D=D,E=E,F=F,G=G,H=H,I=I,J=J,K=K,L=L	100	100	100
9DXF-assembly1.cif	M1239v1TS231_2	215	42	0.66275	0.685953	10179.362439	9977.153677	8155.443398	5443.627156	2023.919042	0.664055	0.856184	10179.362439	13599.070554	10179.362439	3419.708114	0	A=L,B=B,C=C,D=D,E=E,F=F,G=G,H=H,I=I,J=J,K=A,L=K	100	100	100
9DXD-assembly1.cif	M1239v2TS033_4	214	119	0.662152	0.700345	10108.665494	11073.015929	8354.995849	5396.003863	1753.669646	0.639682	0.847343	10108.665494	13750.999712	10108.665494	3642.334218	0	A=A,B=B,C=C,D=D,E=E,F=L,G=G,H=H,I=I,J=J,K=K,L=F	100	100	100
9DXF-assembly1.cif	M1239v2TS033_5	215	120	0.656406	0.674917	10179.362439	8625.306333	7557.877799	4659.23404	2621.484641	0.799816	0.909015	10179.362439	12217.111839	10179.362439	2037.749399	0	A=K,B=B,C=C,D=D,E=E,F=A,G=G,H=H,I=I,J=J,K=F,L=L	100	100	100
9DXF-assembly1.cif	M1239v1TS231_1	215	41	0.655133	0.671852	10179.362439	9935.24992	8079.671944	5792.920389	2099.690495	0.637185	0.846448	10179.362439	13872.592333	10179.362439	3693.229894	0	A=K,B=B,C=C,D=D,E=E,F=A,G=G,H=H,I=I,J=J,K=F,L=L	100	100	100
9DXD-assembly1.cif	M1239v1TS033_5	214	15	0.65385	0.716988	10108.665494	10760.107745	8242.023666	4639.986688	1866.641828	0.725647	0.879371	10108.665494	12882.010353	10108.665494	2773.344859	0	A=K,B=B,C=C,D=D,E=E,F=F,G=G,H=H,I=I,J=J,K=A,L=L	100	100	100
9DXF-assembly1.cif	M1239v1TS204_1	215	33	0.644554	0.651206	10179.362439	9006.581979	7632.66348	5629.606928	2546.698959	0.697141	0.868486	10179.362439	13262.270408	10179.362439	3082.907969	0	A=K,B=B,C=C,D=D,E=E,F=A,G=G,H=H,I=I,J=J,K=F,L=L	100	100	100
9DXF-assembly1.cif	M1239v2TS462_1	215	199	0.644201	0.720763	10179.362439	8999.94897	7592.899573	3296.807881	2586.462867	0.930217	0.966285	10179.362439	10889.707453	10179.362439	710.345014	0	A=F,B=B,C=C,D=D,E=E,F=L,G=G,H=H,I=I,J=J,K=K,L=A	100	100	100
9DXF-assembly1.cif	M1239v2TS462_3	215	201	0.643835	0.708882	10179.362439	9388.189558	7718.496862	3878.674727	2460.865578	0.860717	0.934893	10179.362439	11597.171589	10179.362439	1417.809149	0	A=F,B=B,C=C,D=D,E=E,F=L,G=G,H=H,I=I,J=J,K=K,L=A	100	100	100
9DXF-assembly1.cif	M1239v2TS204_2	215	139	0.643636	0.65069	10179.362439	8996.65222	7623.028216	5628.20676	2556.334223	0.698225	0.868895	10179.362439	13251.234977	10179.362439	3071.872537	0	A=K,B=B,C=C,D=D,E=E,F=A,G=G,H=H,I=I,J=J,K=F,L=L	100	100	100
9DXD-assembly1.cif	M1239v2TS033_5	214	120	0.642965	0.657247	10108.665494	8666.184198	7336.776092	4880.335746	2771.889402	0.791422	0.90556	10108.665494	12217.111839	10108.665494	2108.446344	0	A=A,B=B,C=C,D=D,E=E,F=L,G=G,H=H,I=I,J=J,K=K,L=F	100	100	100
9DXF-assembly1.cif	M1239v2TS231_5	215	152	0.641014	0.68278	10179.362439	9109.628903	7614.832007	4511.171775	2564.530432	0.808766	0.912728	10179.362439	12126.003782	10179.362439	1946.641343	0	A=F,B=B,C=C,D=D,E=E,F=L,G=G,H=H,I=I,J=J,K=K,L=A	100	100	100
9DXF-assembly1.cif	M1239v1TS369_2	215	81	0.638771	0.658513	10179.362439	9285.800594	7706.188314	5519.268484	2473.174125	0.700758	0.869852	10179.362439	13225.456798	10179.362439	3046.094359	0	A=K,B=B,C=C,D=D,E=E,F=A,G=G,H=H,I=I,J=J,K=F,L=L	100	100	100
9DXF-assembly1.cif	M1239v2TS369_2	215	190	0.638771	0.658513	10179.362439	9285.800594	7706.188314	5519.268484	2473.174125	0.700758	0.869852	10179.362439	13225.456798	10179.362439	3046.094359	0	A=K,B=B,C=C,D=D,E=E,F=A,G=G,H=H,I=I,J=J,K=F,L=L	100	100	100
9DXF-assembly1.cif	M1239v1TS204_4	215	36	0.63827	0.665239	10179.362439	8890.558272	7516.95328	4902.950037	2662.409159	0.779894	0.900858	10179.362439	12419.903317	10179.362439	2240.540878	0	A=F,B=B,C=C,D=D,E=E,F=L,G=G,H=H,I=I,J=J,K=K,L=A	100	100	100
9DXF-assembly1.cif	M1239v1TS110_5	215	25	0.637794	0.682366	10179.362439	8509.794182	7392.288303	4094.986117	2787.074137	0.871513	0.939635	10179.362439	11487.274419	10179.362439	1307.91198	0	A=K,B=B,C=C,D=D,E=E,F=A,G=G,H=H,I=I,J=J,K=F,L=L	100	100	100
9DXF-assembly1.cif	M1239v2TS110_2	215	127	0.637794	0.682366	10179.362439	8509.794182	7392.288303	4094.986117	2787.074137	0.871513	0.939635	10179.362439	11487.274419	10179.362439	1307.91198	0	A=K,B=B,C=C,D=D,E=E,F=A,G=G,H=H,I=I,J=J,K=F,L=L	100	100	100
9DXD-assembly1.cif	M1239v2TS262_3	214	165	0.637341	0.72079	10108.665494	10651.161464	8153.231928	4361.153692	1955.433566	0.762014	0.893661	10108.665494	12514.38562	10108.665494	2405.720126	0	A=A,B=B,C=C,D=D,E=E,F=L,G=G,H=H,I=I,J=J,K=K,L=F	100	100	100
9DXD-assembly1.cif	M1239v2TS262_1	214	163	0.636586	0.720679	10108.665494	10653.048345	8150.485214	4359.770562	1958.180281	0.762423	0.893824	10108.665494	12510.255775	10108.665494	2401.590281	0	A=A,B=B,C=C,D=D,E=E,F=L,G=G,H=H,I=I,J=J,K=K,L=F	100	100	100
9DXD-assembly1.cif	M1239v2TS262_5	214	167	0.636153	0.720501	10108.665494	10648.786988	8146.573636	4358.400086	1962.091858	0.762945	0.894033	10108.665494	12504.973723	10108.665494	2396.308228	0	A=A,B=B,C=C,D=D,E=E,F=L,G=G,H=H,I=I,J=J,K=K,L=F	100	100	100
9DXF-assembly1.cif	M1239v1TS110_4	215	24	0.63485	0.698949	10179.362439	8576.990961	7386.338276	3569.864956	2793.024163	0.923685	0.963245	10179.362439	10956.203232	10179.362439	776.840793	0	A=K,B=B,C=C,D=D,E=E,F=A,G=G,H=H,I=I,J=J,K=F,L=L	100	100	100
9DXF-assembly1.cif	M1239v2TS110_1	215	126	0.63485	0.698949	10179.362439	8576.990961	7386.338276	3569.864956	2793.024163	0.923685	0.963245	10179.362439	10956.203232	10179.362439	776.840793	0	A=K,B=B,C=C,D=D,E=E,F=A,G=G,H=H,I=I,J=J,K=F,L=L	100	100	100
9DXF-assembly1.cif	M1239v1TS369_1	215	80	0.633022	0.646955	10179.362439	9325.474016	7700.976666	5926.489695	2478.385773	0.661265	0.855163	10179.362439	13627.466362	10179.362439	3448.103922	0	A=L,B=B,C=C,D=D,E=E,F=F,G=G,H=H,I=I,J=J,K=A,L=K	100	100	100
9DXF-assembly1.cif	M1239v2TS369_1	215	189	0.633022	0.646955	10179.362439	9325.474016	7700.976666	5926.489695	2478.385773	0.661265	0.855163	10179.362439	13627.466362	10179.362439	3448.103922	0	A=L,B=B,C=C,D=D,E=E,F=F,G=G,H=H,I=I,J=J,K=A,L=K	100	100	100
9DXF-assembly1.cif	M1239v2TS110_5	215	130	0.632737	0.686444	10179.362439	9226.143535	7651.904238	4463.05707	2527.458202	0.809851	0.91318	10179.362439	12114.961308	10179.362439	1935.598868	0	A=F,B=B,C=C,D=D,E=E,F=L,G=G,H=H,I=I,J=J,K=K,L=A	100	100	100
9DXF-assembly1.cif	M1239v1TS028_5	215	10	0.632733	0.686439	10179.362439	9226.189764	7651.894558	4463.217293	2527.467881	0.809836	0.913174	10179.362439	12115.111852	10179.362439	1935.749412	0	A=F,B=B,C=C,D=D,E=E,F=L,G=G,H=H,I=I,J=J,K=K,L=A	100	100	100
9DXD-assembly1.cif	M1239v1TS204_1	214	33	0.630302	0.637952	10108.665494	9173.364996	7454.769757	5807.500652	2653.895737	0.68803	0.865063	10108.665494	13262.270408	10108.665494	3153.604914	0	A=A,B=B,C=C,D=D,E=E,F=L,G=G,H=H,I=I,J=J,K=K,L=F	100	100	100
9DXF-assembly1.cif	M1239v2TS231_2	215	149	0.630095	0.66087	10179.362439	8460.571684	7290.852591	4594.195134	2888.509848	0.832437	0.922695	10179.362439	11885.047725	10179.362439	1705.685286	0	A=K,B=B,C=C,D=D,E=E,F=A,G=G,H=H,I=I,J=J,K=F,L=L	100	100	100
9DXD-assembly1.cif	M1239v2TS204_2	214	139	0.629381	0.637432	10108.665494	9163.333364	7445.179067	5806.05591	2663.486428	0.689121	0.865472	10108.665494	13251.234977	10108.665494	3142.569483	0	A=A,B=B,C=C,D=D,E=E,F=L,G=G,H=H,I=I,J=J,K=K,L=F	100	100	100
9DXF-assembly1.cif	M1239v2TS231_1	215	148	0.629085	0.672073	10179.362439	8806.692589	7362.081652	4367.120622	2817.280787	0.847747	0.929259	10179.362439	11729.202273	10179.362439	1549.839834	0	A=K,B=B,C=C,D=D,E=E,F=A,G=G,H=H,I=I,J=J,K=F,L=L	100	100	100
9DXF-assembly1.cif	M1239v1TS286_2	215	64	0.626834	0.691126	10179.362439	8411.7775	7267.49233	3584.010015	2911.870109	0.93397	0.96804	10179.362439	10851.502345	10179.362439	672.139906	0	A=F,B=B,C=C,D=D,E=E,F=L,G=G,H=H,I=I,J=J,K=K,L=A	100	100	100
9DXD-assembly1.cif	M1239v2TS231_5	214	152	0.626097	0.665846	10108.665494	9021.949434	7402.429875	4723.573908	2706.23562	0.800435	0.909271	10108.665494	12126.003782	10108.665494	2017.338288	0	A=L,B=B,C=C,D=D,E=E,F=A,G=G,H=H,I=I,J=J,K=F,L=K	100	100	100
9DXF-assembly1.cif	M1239v2TS481_3	215	206	0.624771	0.664365	10179.362439	9086.402563	7450.851299	4799.784694	2728.51114	0.796522	0.907656	10179.362439	12250.635994	10179.362439	2071.273554	0	A=K,B=B,C=C,D=D,E=E,F=A,G=G,H=H,I=I,J=J,K=L,L=F	100	100	100
9DXF-assembly1.cif	M1239v1TS091_2	215	17	0.623359	0.685517	10179.362439	9749.483819	7823.970697	4823.152549	2355.391743	0.757572	0.89189	10179.362439	12647.123246	10179.362439	2467.760807	0	A=K,B=B,C=C,D=D,E=E,F=A,G=G,H=H,I=I,J=J,K=F,L=L	100	100	100
9DXF-assembly1.cif	M1239v2TS091_2	215	122	0.623359	0.685517	10179.362439	9749.483819	7823.970697	4823.152549	2355.391743	0.757572	0.89189	10179.362439	12647.123246	10179.362439	2467.760807	0	A=K,B=B,C=C,D=D,E=E,F=A,G=G,H=H,I=I,J=J,K=F,L=L	100	100	100
9DXF-assembly1.cif	M1239v1TS033_3	215	13	0.623313	0.62761	10179.362439	8756.271889	7389.364375	5978.896087	2789.998064	0.686729	0.864577	10179.362439	13368.260462	10179.362439	3188.898023	0	A=K,B=B,C=C,D=D,E=E,F=A,G=G,H=H,I=I,J=J,K=L,L=F	100	100	100
9DXF-assembly1.cif	M1239v1TS369_3	215	82	0.620314	0.652386	10179.362439	9547.083371	7717.331592	5762.111338	2462.030847	0.675807	0.860514	10179.362439	13479.44293	10179.362439	3300.080491	0	A=A,B=B,C=C,D=D,E=E,F=K,G=G,H=H,I=I,J=J,K=L,L=F	100	100	100
9DXF-assembly1.cif	M1239v2TS369_3	215	191	0.620314	0.652386	10179.362439	9547.083371	7717.331592	5762.111338	2462.030847	0.675807	0.860514	10179.362439	13479.44293	10179.362439	3300.080491	0	A=A,B=B,C=C,D=D,E=E,F=K,G=G,H=H,I=I,J=J,K=L,L=F	100	100	100
9DXF-assembly1.cif	M1239v1TS286_5	215	67	0.619457	0.686092	10179.362439	8212.427224	7171.695541	3554.869055	3007.666898	0.946244	0.973826	10179.362439	10726.564596	10179.362439	547.202157	0	A=K,B=B,C=C,D=D,E=E,F=A,G=G,H=H,I=I,J=J,K=F,L=L	100	100	100
9DXF-assembly1.cif	M1239v2TS489_1	215	209	0.618091	0.6565	10179.362439	9370.452245	7615.89824	5406.270591	2563.4642	0.720728	0.877473	10179.362439	13022.16883	10179.362439	2842.806391	0	A=A,B=B,C=C,D=D,E=E,F=F,G=G,H=H,I=I,J=J,K=L,L=K	100	100	100
9DXD-assembly1.cif	M1239v1TS110_5	214	25	0.617734	0.658753	10108.665494	8438.325194	7113.190945	4374.083474	2995.474549	0.863621	0.936164	10108.665494	11487.274419	10108.665494	1378.608925	0	A=L,B=B,C=C,D=D,E=E,F=A,G=G,H=H,I=I,J=J,K=F,L=K	100	100	100
9DXD-assembly1.cif	M1239v2TS110_2	214	127	0.617734	0.658753	10108.665494	8438.325194	7113.190945	4374.083474	2995.474549	0.863621	0.936164	10108.665494	11487.274419	10108.665494	1378.608925	0	A=L,B=B,C=C,D=D,E=E,F=A,G=G,H=H,I=I,J=J,K=F,L=K	100	100	100
9DXD-assembly1.cif	M1239v2TS231_2	214	149	0.617598	0.647366	10108.665494	8548.573033	7118.985881	4766.061845	2989.679614	0.824271	0.919232	10108.665494	11885.047725	10108.665494	1776.382231	0	A=A,B=B,C=C,D=D,E=E,F=L,G=G,H=H,I=I,J=J,K=K,L=F	100	100	100
9DXF-assembly1.cif	M1239v1TS294_1	215	68	0.61687	0.679053	10179.362439	9628.87059	7730.417317	4858.45835	2448.945122	0.763294	0.894172	10179.362439	12588.875667	10179.362439	2409.513228	0	A=L,B=B,C=C,D=D,E=E,F=F,G=G,H=H,I=I,J=J,K=A,L=K	100	100	100
9DXF-assembly1.cif	M1239v2TS028_5	215	115	0.61681	0.653615	10179.362439	9294.266183	7544.80682	5362.228011	2634.555619	0.732039	0.881849	10179.362439	12907.034831	10179.362439	2727.672392	0	A=K,B=B,C=C,D=D,E=E,F=A,G=G,H=H,I=I,J=J,K=F,L=L	100	100	100
9DXF-assembly1.cif	M1239v1TS462_1	215	90	0.615984	0.684957	10179.362439	9244.00367	7549.772571	4315.39162	2629.589868	0.83439	0.923527	10179.362439	11865.164192	10179.362439	1685.801752	0	A=L,B=B,C=C,D=D,E=E,F=K,G=G,H=H,I=I,J=J,K=A,L=F	100	100	100
9DXF-assembly1.cif	M1239v2TS204_5	215	142	0.615562	0.651779	10179.362439	9530.509504	7684.139914	5715.458884	2495.222525	0.68365	0.863428	10179.362439	13399.598798	10179.362439	3220.236358	0	A=L,B=B,C=C,D=D,E=E,F=F,G=G,H=H,I=I,J=J,K=K,L=A	100	100	100
9DXD-assembly1.cif	M1239v1TS204_4	214	36	0.615083	0.644023	10108.665494	8954.728455	7254.45275	5165.450567	2854.212744	0.771361	0.897409	10108.665494	12419.903317	10108.665494	2311.237823	0	A=K,B=B,C=C,D=D,E=E,F=F,G=G,H=H,I=I,J=J,K=A,L=L	100	100	100
9DXD-assembly1.cif	M1239v1TS369_1	214	80	0.614708	0.627595	10108.665494	9445.248931	7448.334853	6179.131508	2660.330641	0.651903	0.851753	10108.665494	13627.466362	10108.665494	3518.800867	0	A=F,B=B,C=C,D=D,E=E,F=K,G=G,H=H,I=I,J=J,K=L,L=A	100	100	100
9DXD-assembly1.cif	M1239v2TS369_1	214	189	0.614708	0.627595	10108.665494	9445.248931	7448.334853	6179.131508	2660.330641	0.651903	0.851753	10108.665494	13627.466362	10108.665494	3518.800867	0	A=F,B=B,C=C,D=D,E=E,F=K,G=G,H=H,I=I,J=J,K=L,L=A	100	100	100
9DXF-assembly1.cif	M1239v2TS231_3	215	150	0.614364	0.685778	10179.362439	8519.383909	7227.236362	3670.872506	2952.126077	0.929392	0.9659	10179.362439	10898.108868	10179.362439	718.746429	0	A=F,B=B,C=C,D=D,E=E,F=L,G=G,H=H,I=I,J=J,K=K,L=A	100	100	100
9DXD-assembly1.cif	M1239v1TS369_2	214	81	0.613547	0.64044	10108.665494	9553.03538	7472.05568	5753.401118	2636.609814	0.691671	0.866428	10108.665494	13225.456798	10108.665494	3116.791304	0	A=L,B=B,C=C,D=D,E=E,F=A,G=G,H=H,I=I,J=J,K=F,L=K	100	100	100
9DXD-assembly1.cif	M1239v2TS369_2	214	190	0.613547	0.64044	10108.665494	9553.03538	7472.05568	5753.401118	2636.609814	0.691671	0.866428	10108.665494	13225.456798	10108.665494	3116.791304	0	A=L,B=B,C=C,D=D,E=E,F=A,G=G,H=H,I=I,J=J,K=F,L=K	100	100	100
9DXF-assembly1.cif	M1239v2TS231_4	215	151	0.612817	0.684465	10179.362439	8633.644281	7261.159974	3776.513852	2918.202466	0.915681	0.959546	10179.362439	11037.673825	10179.362439	858.311386	0	A=L,B=B,C=C,D=D,E=E,F=F,G=G,H=H,I=I,J=J,K=A,L=K	100	100	100
9DXD-assembly1.cif	M1239v1TS286_5	214	67	0.611834	0.66949	10108.665494	8125.066802	6974.488505	3752.076091	3134.176989	0.928411	0.965267	10108.665494	10726.564596	10055.77955	670.785046	52.885944	A=A,B=B,C=C,D=D,E=E,F=L,G=G,H=H,I=I,J=J,K=K,L=F	100	100	100
9DXF-assembly1.cif	M1239v2TS489_2	215	210	0.61183	0.664433	10179.362439	9089.048885	7444.614004	4784.939023	2734.748435	0.798593	0.90851	10179.362439	12229.553027	10179.362439	2050.190588	0	A=L,B=B,C=C,D=D,E=E,F=K,G=G,H=H,I=I,J=J,K=A,L=F	100	100	100
9DXF-assembly1.cif	M1239v1TS091_5	215	20	0.611505	0.64085	10179.362439	9170.289705	7555.250414	5844.214592	2624.112025	0.683664	0.863432	10179.362439	13399.465006	10179.362439	3220.102567	0	A=F,B=B,C=C,D=D,E=E,F=L,G=G,H=H,I=I,J=J,K=K,L=A	100	100	100
9DXF-assembly1.cif	M1239v2TS091_5	215	125	0.611505	0.64085	10179.362439	9170.289705	7555.250414	5844.214592	2624.112025	0.683664	0.863432	10179.362439	13399.465006	10179.362439	3220.102567	0	A=F,B=B,C=C,D=D,E=E,F=L,G=G,H=H,I=I,J=J,K=K,L=A	100	100	100
9DXD-assembly1.cif	M1239v2TS481_3	214	206	0.610703	0.643168	10108.665494	8857.107123	7190.390455	5060.245538	2918.275039	0.788106	0.904202	10108.665494	12250.635994	10108.665494	2141.970499	0	A=K,B=B,C=C,D=D,E=E,F=F,G=G,H=H,I=I,J=J,K=L,L=A	100	100	100
9DXF-assembly1.cif	M1239v1TS167_2	215	29	0.609235	0.645347	10179.362439	9342.355094	7571.438723	5713.911754	2607.923717	0.694874	0.867632	10179.362439	13285.350476	10179.362439	3105.988037	0	A=L,B=B,C=C,D=D,E=E,F=F,G=G,H=H,I=I,J=J,K=A,L=K	100	100	100
9DXF-assembly1.cif	M1239v1TS450_2	215	86	0.609235	0.645347	10179.362439	9342.355094	7571.438723	5713.911754	2607.923717	0.694874	0.867632	10179.362439	13285.350476	10179.362439	3105.988037	0	A=L,B=B,C=C,D=D,E=E,F=F,G=G,H=H,I=I,J=J,K=A,L=K	100	100	100
9DXF-assembly1.cif	M1239v1TS091_1	215	16	0.608583	0.6795	10179.362439	9630.716211	7703.528154	4791.209498	2475.834286	0.772542	0.897885	10179.362439	12494.737652	10179.362439	2315.375212	0	A=K,B=B,C=C,D=D,E=E,F=A,G=G,H=H,I=I,J=J,K=F,L=L	100	100	100
9DXF-assembly1.cif	M1239v2TS091_3	215	123	0.608583	0.6795	10179.362439	9630.716211	7703.528154	4791.209498	2475.834286	0.772542	0.897885	10179.362439	12494.737652	10179.362439	2315.375212	0	A=K,B=B,C=C,D=D,E=E,F=A,G=G,H=H,I=I,J=J,K=F,L=L	100	100	100
9DXF-assembly1.cif	M1239v2TS033_4	215	119	0.607879	0.653449	10179.362439	9960.30431	7818.638444	5932.361268	2360.723995	0.64913	0.850749	10179.362439	13750.999712	10179.362439	3571.637273	0	A=F,B=B,C=C,D=D,E=E,F=L,G=G,H=H,I=I,J=J,K=K,L=A	100	100	100
9DXD-assembly1.cif	M1239v1TS369_3	214	82	0.607844	0.637512	10108.665494	9628.806619	7518.845877	5960.597053	2589.819618	0.666546	0.857098	10108.665494	13479.44293	10108.665494	3370.777436	0	A=F,B=B,C=C,D=D,E=E,F=K,G=G,H=H,I=I,J=J,K=L,L=A	100	100	100
9DXD-assembly1.cif	M1239v2TS369_3	214	191	0.607844	0.637512	10108.665494	9628.806619	7518.845877	5960.597053	2589.819618	0.666546	0.857098	10108.665494	13479.44293	10108.665494	3370.777436	0	A=F,B=B,C=C,D=D,E=E,F=K,G=G,H=H,I=I,J=J,K=L,L=A	100	100	100
9DXF-assembly1.cif	M1239v2TS462_5	215	203	0.607746	0.623864	10179.362439	9161.509175	7454.71072	6264.428488	2724.651719	0.652259	0.851883	10179.362439	13719.139209	10179.362439	3539.776769	0	A=A,B=B,C=C,D=D,E=E,F=K,G=G,H=H,I=I,J=J,K=L,L=F	100	100	100
9DXF-assembly1.cif	M1239v2TS110_4	215	129	0.607606	0.663483	10179.362439	8941.367841	7377.265034	4681.370319	2802.097405	0.815384	0.915493	10179.362439	12058.635353	10179.362439	1879.272914	0	A=L,B=B,C=C,D=D,E=E,F=K,G=G,H=H,I=I,J=J,K=A,L=F	100	100	100
9DXD-assembly1.cif	M1239v1TS033_3	214	13	0.606862	0.615326	10108.665494	9059.91998	7222.980437	6145.280025	2885.685057	0.677544	0.861158	10108.665494	13368.260462	10108.665494	3259.594968	0	A=A,B=B,C=C,D=D,E=E,F=L,G=G,H=H,I=I,J=J,K=F,L=K	100	100	100
9DXF-assembly1.cif	M1239v1TS369_5	215	84	0.606678	0.649256	10179.362439	9096.417305	7454.549761	5329.464802	2724.812679	0.744124	0.886574	10179.362439	12784.014562	10179.362439	2604.652123	0	A=A,B=B,C=C,D=D,E=E,F=K,G=G,H=H,I=I,J=J,K=L,L=F	100	100	100
9DXF-assembly1.cif	M1239v2TS369_5	215	193	0.606678	0.649256	10179.362439	9096.417305	7454.549761	5329.464802	2724.812679	0.744124	0.886574	10179.362439	12784.014562	10179.362439	2604.652123	0	A=A,B=B,C=C,D=D,E=E,F=K,G=G,H=H,I=I,J=J,K=L,L=F	100	100	100
9DXF-assembly1.cif	M1239v2TS235_5	215	157	0.605812	0.671039	10179.362439	7963.94319	6963.508142	3611.524293	3215.854298	0.96113	0.980936	10179.362439	10575.032435	10179.362439	395.669995	0	A=F,B=B,C=C,D=D,E=E,F=L,G=K,H=A	95.105485	89.270561	66.666667
9DXD-assembly1.cif	M1239v2TS231_1	214	148	0.605782	0.648887	10108.665494	8676.637799	7085.157338	4644.044935	3023.508156	0.839688	0.925792	10108.665494	11729.202273	10108.665494	1620.536779	0	A=L,B=B,C=C,D=D,E=E,F=A,G=G,H=H,I=I,J=J,K=F,L=K	100	100	100
9DXF-assembly1.cif	M1239v2TS481_5	215	208	0.605599	0.648744	10179.362439	8305.110365	7077.016112	4561.215015	3102.346327	0.856684	0.933133	10179.362439	11638.231127	10179.362439	1458.868688	0	A=L,B=B,C=C,D=D,E=E,F=F,G=G,H=H,I=I,J=J,K=K,L=A	100	100	100
9DXD-assembly1.cif	M1239v1TS091_1	214	16	0.605025	0.666617	10108.665494	9901.306733	7533.911661	4960.825991	2574.753834	0.763958	0.894437	10108.665494	12494.737652	10108.665494	2386.072157	0	A=A,B=B,C=C,D=D,E=E,F=L,G=G,H=H,I=I,J=J,K=K,L=F	100	100	100
9DXD-assembly1.cif	M1239v2TS091_3	214	123	0.605025	0.666617	10108.665494	9901.306733	7533.911661	4960.825991	2574.753834	0.763958	0.894437	10108.665494	12494.737652	10108.665494	2386.072157	0	A=A,B=B,C=C,D=D,E=E,F=L,G=G,H=H,I=I,J=J,K=K,L=F	100	100	100
9DXF-assembly1.cif	M1239v1TS167_4	215	31	0.604348	0.643531	10179.362439	9568.793004	7651.618742	5949.129722	2527.743698	0.66389	0.856124	10179.362439	13600.748464	10179.362439	3421.386024	0	A=A,B=B,C=C,D=D,E=E,F=K,G=G,H=H,I=I,J=J,K=L,L=F	100	100	100
9DXF-assembly1.cif	M1239v1TS450_4	215	88	0.604348	0.643531	10179.362439	9568.793004	7651.618742	5949.129722	2527.743698	0.66389	0.856124	10179.362439	13600.748464	10179.362439	3421.386024	0	A=A,B=B,C=C,D=D,E=E,F=K,G=G,H=H,I=I,J=J,K=L,L=F	100	100	100
9DXF-assembly1.cif	M1239v2TS481_1	215	204	0.603764	0.65474	10179.362439	9256.646335	7486.290151	5202.336697	2693.072289	0.753495	0.890272	10179.362439	12688.626848	10179.362439	2509.264409	0	A=K,B=B,C=C,D=D,E=E,F=A,G=G,H=H,I=I,J=J,K=L,L=F	100	100	100
9DXF-assembly1.cif	M1239v2TS167_3	215	135	0.602789	0.680935	10179.362439	9260.084508	7496.26685	4341.928572	2683.095589	0.83704	0.924659	10179.362439	11838.195422	10179.362439	1658.832983	0	A=L,B=B,C=C,D=D,E=E,F=F,G=G,H=H,I=I,J=J,K=A,L=K	100	100	100
9DXF-assembly1.cif	M1239v2TS450_3	215	196	0.602789	0.680935	10179.362439	9260.084508	7496.26685	4341.928572	2683.095589	0.83704	0.924659	10179.362439	11838.195422	10179.362439	1658.832983	0	A=L,B=B,C=C,D=D,E=E,F=F,G=G,H=H,I=I,J=J,K=A,L=K	100	100	100
9DXD-assembly1.cif	M1239v1TS091_5	214	20	0.602427	0.626125	10108.665494	9387.046312	7359.511694	6039.953313	2749.153801	0.674458	0.860014	10108.665494	13399.465006	10108.665494	3290.799512	0	A=L,B=B,C=C,D=D,E=E,F=A,G=G,H=H,I=I,J=J,K=F,L=K	100	100	100
9DXD-assembly1.cif	M1239v2TS091_5	214	125	0.602427	0.626125	10108.665494	9387.046312	7359.511694	6039.953313	2749.153801	0.674458	0.860014	10108.665494	13399.465006	10108.665494	3290.799512	0	A=L,B=B,C=C,D=D,E=E,F=A,G=G,H=H,I=I,J=J,K=F,L=K	100	100	100
9DXD-assembly1.cif	M1239v2TS231_4	214	151	0.60187	0.670445	10108.665494	8642.90181	7088.727818	3948.946007	3019.937676	0.908098	0.956068	10108.665494	11037.673825	10108.665494	929.008331	0	A=A,B=B,C=C,D=D,E=E,F=L,G=G,H=H,I=I,J=J,K=K,L=F	100	100	100
9DXF-assembly1.cif	M1239v1TS369_4	215	83	0.601036	0.634024	10179.362439	9686.446647	7685.715465	6379.167341	2493.646974	0.618294	0.839734	10179.362439	14064.882806	10179.362439	3885.520367	0	A=A,B=B,C=C,D=D,E=E,F=K,G=G,H=H,I=I,J=J,K=L,L=F	100	100	100
9DXF-assembly1.cif	M1239v2TS369_4	215	192	0.601036	0.634024	10179.362439	9686.446647	7685.715465	6379.167341	2493.646974	0.618294	0.839734	10179.362439	14064.882806	10179.362439	3885.520367	0	A=A,B=B,C=C,D=D,E=E,F=K,G=G,H=H,I=I,J=J,K=L,L=F	100	100	100
9DXF-assembly1.cif	M1239v2TS028_1	215	111	0.600499	0.732683	10179.362439	8043.800049	6962.880826	1864.287305	3216.481613	0.867163	0.928856	10179.362439	8827.168131	8827.168131	0	1352.194308	A=L,B=B,C=C,D=D,E=E,F=F,G=G,H=H,I=I,J=J,K=K,L=A	100	100	100
9DXF-assembly1.cif	M1239v2TS286_2	215	174	0.599981	0.642844	10179.362439	9140.232748	7341.637932	5320.119158	2837.724507	0.756135	0.891319	10179.362439	12661.75709	10179.362439	2482.394651	0	A=A,B=B,C=C,D=D,E=E,F=K,G=G,H=H,I=I,J=J,K=L,L=F	100	100	100
9DXF-assembly1.cif	M1239v2TS167_2	215	134	0.599473	0.680008	10179.362439	9586.33335	7631.15513	4633.797272	2548.207309	0.795116	0.907077	10179.362439	12264.952402	10179.362439	2085.589962	0	A=L,B=B,C=C,D=D,E=E,F=F,G=G,H=H,I=I,J=J,K=A,L=K	100	100	100
9DXF-assembly1.cif	M1239v2TS450_2	215	195	0.599473	0.680008	10179.362439	9586.33335	7631.15513	4633.797272	2548.207309	0.795116	0.907077	10179.362439	12264.952402	10179.362439	2085.589962	0	A=L,B=B,C=C,D=D,E=E,F=F,G=G,H=H,I=I,J=J,K=A,L=K	100	100	100
9DXD-assembly1.cif	M1239v1TS369_4	214	83	0.598627	0.623025	10108.665494	9936.906523	7530.358284	6534.524522	2578.30721	0.608631	0.836341	10108.665494	14064.882806	10108.665494	3956.217312	0	A=F,B=B,C=C,D=D,E=E,F=K,G=G,H=H,I=I,J=J,K=L,L=A	100	100	100
9DXD-assembly1.cif	M1239v2TS369_4	214	192	0.598627	0.623025	10108.665494	9936.906523	7530.358284	6534.524522	2578.30721	0.608631	0.836341	10108.665494	14064.882806	10108.665494	3956.217312	0	A=F,B=B,C=C,D=D,E=E,F=K,G=G,H=H,I=I,J=J,K=L,L=A	100	100	100
9DXF-assembly1.cif	M1239v1TS033_1	215	11	0.597626	0.678306	10179.362439	9758.961924	7675.014486	4775.583348	2504.347954	0.776878	0.899636	10179.362439	12450.597833	10179.362439	2271.235394	0	A=F,B=B,C=C,D=D,E=E,F=L,G=G,H=H,I=I,J=J,K=K,L=A	100	100	100
9DXF-assembly1.cif	M1239v2TS167_1	215	133	0.597626	0.678306	10179.362439	9758.961924	7675.014486	4775.583348	2504.347954	0.776878	0.899636	10179.362439	12450.597833	10179.362439	2271.235394	0	A=F,B=B,C=C,D=D,E=E,F=L,G=G,H=H,I=I,J=J,K=K,L=A	100	100	100
9DXF-assembly1.cif	M1239v2TS450_1	215	194	0.597626	0.678306	10179.362439	9758.961924	7675.014486	4775.583348	2504.347954	0.776878	0.899636	10179.362439	12450.597833	10179.362439	2271.235394	0	A=F,B=B,C=C,D=D,E=E,F=L,G=G,H=H,I=I,J=J,K=K,L=A	100	100	100
9DXD-assembly1.cif	M1239v2TS204_5	214	142	0.59671	0.628234	10108.665494	9514.124366	7384.349383	6015.249415	2724.316112	0.674444	0.86001	10108.665494	13399.598798	10108.665494	3290.933303	0	A=A,B=B,C=C,D=D,E=E,F=L,G=G,H=H,I=I,J=J,K=F,L=K	100	100	100
9DXD-assembly1.cif	M1239v1TS294_3	214	70	0.595541	0.624929	10108.665494	9396.753536	7245.762133	5834.638155	2862.903361	0.706021	0.871848	10108.665494	13080.400288	10108.665494	2971.734794	0	A=A,B=B,C=C,D=D,E=E,F=L,G=G,H=H,I=I,J=J,K=F,L=K	100	100	100
9DXD-assembly1.cif	M1239v1TS167_2	214	29	0.59554	0.629	10108.665494	9444.080717	7357.415523	5927.934953	2751.249971	0.685746	0.86421	10108.665494	13285.350476	10108.665494	3176.684982	0	A=K,B=B,C=C,D=D,E=E,F=F,G=G,H=H,I=I,J=J,K=A,L=L	100	100	100
9DXD-assembly1.cif	M1239v1TS450_2	214	86	0.59554	0.629	10108.665494	9444.080717	7357.415523	5927.934953	2751.249971	0.685746	0.86421	10108.665494	13285.350476	10108.665494	3176.684982	0	A=K,B=B,C=C,D=D,E=E,F=F,G=G,H=H,I=I,J=J,K=A,L=L	100	100	100
9DXF-assembly1.cif	M1239v2TS110_3	215	128	0.59537	0.674823	10179.362439	9108.064621	7388.48064	4329.706655	2790.8818	0.848829	0.929726	10179.362439	11718.187295	10179.362439	1538.824856	0	A=L,B=B,C=C,D=D,E=E,F=F,G=G,H=H,I=I,J=J,K=K,L=A	100	100	100
9DXD-assembly1.cif	M1239v1TS167_4	214	31	0.595117	0.627424	10108.665494	9658.053083	7437.93019	6162.818273	2670.735304	0.654546	0.852713	10108.665494	13600.748464	10108.665494	3492.082969	0	A=F,B=B,C=C,D=D,E=E,F=K,G=G,H=H,I=I,J=J,K=L,L=A	100	100	100
9DXD-assembly1.cif	M1239v1TS450_4	214	88	0.595117	0.627424	10108.665494	9658.053083	7437.93019	6162.818273	2670.735304	0.654546	0.852713	10108.665494	13600.748464	10108.665494	3492.082969	0	A=F,B=B,C=C,D=D,E=E,F=K,G=G,H=H,I=I,J=J,K=L,L=A	100	100	100
9DXF-assembly1.cif	M1239v1TS294_3	215	70	0.595025	0.63508	10179.362439	9121.009731	7385.904246	5694.496042	2793.458193	0.715008	0.875277	10179.362439	13080.400288	10179.362439	2901.037849	0	A=F,B=B,C=C,D=D,E=E,F=L,G=G,H=H,I=I,J=J,K=A,L=K	100	100	100
9DXD-assembly1.cif	M1239v2TS028_5	214	115	0.59488	0.627189	10108.665494	9198.947369	7217.600264	5689.434567	2891.06523	0.723171	0.878415	10108.665494	12907.034831	10108.665494	2798.369337	0	A=L,B=B,C=C,D=D,E=E,F=A,G=G,H=H,I=I,J=J,K=F,L=K	100	100	100
9DXD-assembly1.cif	M1239v2TS231_3	214	150	0.594631	0.662552	10108.665494	8393.382325	6959.035428	3939.07344	3149.630067	0.921904	0.96242	10108.665494	10898.108868	10108.665494	789.443374	0	A=K,B=B,C=C,D=D,E=E,F=F,G=G,H=H,I=I,J=J,K=A,L=L	100	100	100
9DXF-assembly1.cif	M1239v1TS033_2	215	12	0.594188	0.644786	10179.362439	9104.42381	7346.415274	5261.376864	2832.947166	0.761436	0.89343	10179.362439	12607.792138	10179.362439	2428.429698	0	A=A,B=B,C=C,D=D,E=E,F=K,G=G,H=H,I=I,J=J,K=L,L=F	100	100	100
9DXF-assembly1.cif	M1239v2TS204_4	215	141	0.593816	0.622971	10179.362439	9050.967836	7340.147373	6045.462105	2839.215066	0.685025	0.86394	10179.362439	13385.609479	10179.362439	3206.247039	0	A=F,B=B,C=C,D=D,E=E,F=L,G=G,H=H,I=I,J=J,K=A,L=K	100	100	100
9DXD-assembly1.cif	M1239v2TS167_3	214	135	0.593441	0.660205	10108.665494	9207.431202	7244.712354	4593.483068	2863.95314	0.828906	0.921195	10108.665494	11838.195422	10108.665494	1729.529928	0	A=A,B=B,C=C,D=D,E=E,F=L,G=G,H=H,I=I,J=J,K=K,L=F	100	100	100
9DXD-assembly1.cif	M1239v2TS450_3	214	196	0.593441	0.660205	10108.665494	9207.431202	7244.712354	4593.483068	2863.95314	0.828906	0.921195	10108.665494	11838.195422	10108.665494	1729.529928	0	A=A,B=B,C=C,D=D,E=E,F=L,G=G,H=H,I=I,J=J,K=K,L=F	100	100	100
9DXF-assembly1.cif	M1239v2TS028_2	215	112	0.593274	0.73034	10179.362439	7891.291836	6867.149766	1758.849479	3312.212674	0.847401	0.917398	10179.362439	8625.999244	8625.999244	0	1553.363195	A=K,B=B,C=C,D=D,E=E,F=A,G=G,H=H,I=I,J=J,K=F,L=L	100	100	100
9DXD-assembly1.cif	M1239v1TS369_5	214	84	0.592741	0.633636	10108.665494	9360.515064	7252.815214	5531.199349	2855.85028	0.735341	0.883135	10108.665494	12784.014562	10108.665494	2675.349068	0	A=A,B=B,C=C,D=D,E=E,F=L,G=G,H=H,I=I,J=J,K=K,L=F	100	100	100
9DXD-assembly1.cif	M1239v2TS369_5	214	193	0.592741	0.633636	10108.665494	9360.515064	7252.815214	5531.199349	2855.85028	0.735341	0.883135	10108.665494	12784.014562	10108.665494	2675.349068	0	A=A,B=B,C=C,D=D,E=E,F=L,G=G,H=H,I=I,J=J,K=K,L=F	100	100	100
9DXD-assembly1.cif	M1239v1TS033_1	214	11	0.591496	0.659193	10108.665494	9708.370946	7435.459785	5015.138048	2673.205709	0.768324	0.896188	10108.665494	12450.597833	10108.665494	2341.932339	0	A=F,B=B,C=C,D=D,E=E,F=K,G=G,H=H,I=I,J=J,K=L,L=A	100	100	100
9DXD-assembly1.cif	M1239v2TS167_1	214	133	0.591496	0.659193	10108.665494	9708.370946	7435.459785	5015.138048	2673.205709	0.768324	0.896188	10108.665494	12450.597833	10108.665494	2341.932339	0	A=F,B=B,C=C,D=D,E=E,F=K,G=G,H=H,I=I,J=J,K=L,L=A	100	100	100
9DXD-assembly1.cif	M1239v2TS450_1	214	194	0.591496	0.659193	10108.665494	9708.370946	7435.459785	5015.138048	2673.205709	0.768324	0.896188	10108.665494	12450.597833	10108.665494	2341.932339	0	A=F,B=B,C=C,D=D,E=E,F=K,G=G,H=H,I=I,J=J,K=L,L=A	100	100	100
9DXF-assembly1.cif	M1239v1TS204_3	215	35	0.591432	0.642337	10179.362439	9628.203765	7595.708676	5875.176241	2583.653763	0.676647	0.860825	10179.362439	13470.884918	10179.362439	3291.522478	0	A=L,B=B,C=C,D=D,E=E,F=F,G=G,H=H,I=I,J=J,K=A,L=K	100	100	100
9DXD-assembly1.cif	M1239v2TS286_2	214	174	0.591365	0.627821	10108.665494	9097.56656	7147.873042	5513.884048	2960.792452	0.747435	0.887877	10108.665494	12661.75709	10108.665494	2553.091596	0	A=K,B=B,C=C,D=D,E=E,F=F,G=G,H=H,I=I,J=J,K=A,L=L	100	100	100
9DXF-assembly1.cif	M1239v2TS235_2	215	154	0.59126	0.718179	10179.362439	8178.53787	6951.319098	2227.495552	3228.043342	0.901708	0.948314	10179.362439	9178.81465	9178.81465	0	1000.547789	A=A,B=B,C=C,D=D,E=E,F=K,G=L,H=F	95.105485	89.270561	66.666667
9DXF-assembly1.cif	M1239v1TS028_3	215	8	0.591116	0.723586	10179.362439	8111.594837	6914.914905	2018.614596	3264.447534	0.877612	0.934817	10179.362439	8933.529501	8933.529501	0	1245.832938	A=L,B=B,C=C,D=D,E=E,F=F,G=G,H=H,I=I,J=J,K=K,L=A	100	100	100
9DXF-assembly1.cif	M1239v1TS286_3	215	65	0.590843	0.639869	10179.362439	9366.588176	7437.322559	5629.717326	2742.039881	0.71632	0.87578	10179.362439	13067.039884	10179.362439	2887.677445	0	A=F,B=B,C=C,D=D,E=E,F=L,G=G,H=H,I=I,J=J,K=K,L=A	100	100	100
9DXD-assembly1.cif	M1239v2TS481_1	214	204	0.590492	0.635509	10108.665494	9269.486946	7243.938633	5444.688215	2864.726861	0.744777	0.88683	10108.665494	12688.626848	10108.665494	2579.961354	0	A=K,B=B,C=C,D=D,E=E,F=F,G=G,H=H,I=I,J=J,K=L,L=A	100	100	100
9DXD-assembly1.cif	M1239v2TS462_5	214	203	0.590471	0.606621	10108.665494	9400.962001	7227.218301	6491.920908	2881.447193	0.642834	0.848476	10108.665494	13719.139209	10108.665494	3610.473714	0	A=F,B=B,C=C,D=D,E=E,F=K,G=G,H=H,I=I,J=J,K=L,L=A	100	100	100
9DXF-assembly1.cif	M1239v2TS028_4	215	114	0.590333	0.728206	10179.362439	7997.219704	6878.756525	1834.22751	3300.605914	0.855946	0.922382	10179.362439	8712.984035	8712.984035	0	1466.378404	A=A,B=B,C=C,D=D,E=E,F=K,G=G,H=H,I=I,J=J,K=L,L=F	100	100	100
9DXF-assembly1.cif	M1239v1TS033_5	215	15	0.590052	0.666783	10179.362439	9875.299535	7688.464276	5193.546077	2490.898163	0.734497	0.882806	10179.362439	12882.010353	10179.362439	2702.647914	0	A=F,B=B,C=C,D=D,E=E,F=L,G=G,H=H,I=I,J=J,K=K,L=A	100	100	100
9DXF-assembly1.cif	M1239v1TS294_2	215	69	0.589828	0.62402	10179.362439	9111.990583	7291.771775	5899.183837	2887.590665	0.704147	0.871136	10179.362439	13190.955612	10179.362439	3011.593173	0	A=A,B=B,C=C,D=D,E=E,F=K,G=G,H=H,I=I,J=J,K=F,L=L	100	100	100
9DXF-assembly1.cif	M1239v1TS167_3	215	30	0.589813	0.605993	10179.362439	9723.321471	7553.908494	7197.423625	2625.453946	0.550859	0.816613	10179.362439	14751.332119	10179.362439	4571.96968	0	A=F,B=B,C=C,D=D,E=E,F=L,G=G,H=H,I=I,J=J,K=K,L=A	100	100	100
9DXF-assembly1.cif	M1239v1TS450_3	215	87	0.589813	0.605993	10179.362439	9723.321471	7553.908494	7197.423625	2625.453946	0.550859	0.816613	10179.362439	14751.332119	10179.362439	4571.96968	0	A=F,B=B,C=C,D=D,E=E,F=L,G=G,H=H,I=I,J=J,K=K,L=A	100	100	100
9DXF-assembly1.cif	M1239v1TS028_2	215	7	0.588273	0.725283	10179.362439	8110.697689	6927.876066	1996.688581	3251.486373	0.876731	0.934317	10179.362439	8924.564647	8924.564647	0	1254.797792	A=K,B=B,C=C,D=D,E=E,F=A,G=G,H=H,I=I,J=J,K=F,L=L	100	100	100
9DXF-assembly1.cif	M1239v1TS262_1	215	53	0.588186	0.65135	10179.362439	9746.601308	7574.425301	5503.824846	2604.937138	0.715219	0.875357	10179.362439	13078.250147	10179.362439	2898.887708	0	A=K,B=B,C=C,D=D,E=E,F=A,G=G,H=H,I=I,J=J,K=F,L=L	100	100	100
9DXF-assembly1.cif	M1239v2TS481_2	215	205	0.587907	0.644113	10179.362439	9048.262329	7325.012894	5240.10933	2854.349545	0.765628	0.895106	10179.362439	12565.122225	10179.362439	2385.759785	0	A=K,B=B,C=C,D=D,E=E,F=A,G=G,H=H,I=I,J=J,K=F,L=L	100	100	100
9DXF-assembly1.cif	M1239v1TS262_3	215	55	0.587893	0.65131	10179.362439	9743.74196	7573.384444	5503.100951	2605.977995	0.715392	0.875424	10179.362439	13076.485395	10179.362439	2897.122956	0	A=K,B=B,C=C,D=D,E=E,F=A,G=G,H=H,I=I,J=J,K=F,L=L	100	100	100
9DXD-assembly1.cif	M1239v2TS110_4	214	129	0.587852	0.640528	10108.665494	8930.251216	7099.390041	4959.245312	3009.275453	0.807099	0.912034	10108.665494	12058.635353	10108.665494	1949.969859	0	A=A,B=B,C=C,D=D,E=E,F=F,G=G,H=H,I=I,J=J,K=K,L=L	100	100	100
9DXF-assembly1.cif	M1239v1TS028_4	215	9	0.587367	0.709845	10179.362439	7798.099272	6767.729505	2121.107867	3411.632935	0.873221	0.932321	10179.362439	8888.837372	8888.837372	0	1290.525067	A=A,B=B,C=C,D=D,E=E,F=K,G=G,H=H,I=I,J=J,K=F,L=L	100	100	100
9DXF-assembly1.cif	M1239v1TS091_3	215	18	0.586461	0.619078	10179.362439	9238.248458	7318.606914	6145.589842	2860.755526	0.677305	0.861069	10179.362439	13464.196756	10179.362439	3284.834316	0	A=L,B=B,C=C,D=D,E=E,F=F,G=G,H=H,I=I,J=J,K=A,L=K	100	100	100
9DXF-assembly1.cif	M1239v2TS091_1	215	121	0.586461	0.619078	10179.362439	9238.248458	7318.606914	6145.589842	2860.755526	0.677305	0.861069	10179.362439	13464.196756	10179.362439	3284.834316	0	A=L,B=B,C=C,D=D,E=E,F=F,G=G,H=H,I=I,J=J,K=A,L=K	100	100	100
9DXF-assembly1.cif	M1239v2TS262_5	215	167	0.586363	0.678575	10179.362439	9835.306024	7696.512617	4808.461105	2482.849822	0.771537	0.897479	10179.362439	12504.973723	10179.362439	2325.611283	0	A=K,B=B,C=C,D=D,E=E,F=A,G=G,H=H,I=I,J=J,K=F,L=L	100	100	100
9DXF-assembly1.cif	M1239v2TS262_3	215	165	0.586099	0.678653	10179.362439	9839.689303	7700.585158	4813.800462	2478.777281	0.770612	0.897107	10179.362439	12514.38562	10179.362439	2335.023181	0	A=K,B=B,C=C,D=D,E=E,F=A,G=G,H=H,I=I,J=J,K=F,L=L	100	100	100
9DXF-assembly1.cif	M1239v2TS262_1	215	163	0.585839	0.678502	10179.362439	9837.46322	7697.471751	4812.784024	2481.890688	0.771018	0.89727	10179.362439	12510.255775	10179.362439	2330.893336	0	A=K,B=B,C=C,D=D,E=E,F=A,G=G,H=H,I=I,J=J,K=F,L=L	100	100	100
9DXF-assembly1.cif	M1239v1TS167_1	215	28	0.584843	0.628315	10179.362439	9334.715731	7367.541865	5904.853904	2811.820574	0.696147	0.868111	10179.362439	13272.395769	10179.362439	3093.03333	0	A=L,B=B,C=C,D=D,E=E,F=F,G=G,H=H,I=I,J=J,K=A,L=K	100	100	100
9DXF-assembly1.cif	M1239v1TS450_1	215	85	0.584843	0.628315	10179.362439	9334.715731	7367.541865	5904.853904	2811.820574	0.696147	0.868111	10179.362439	13272.395769	10179.362439	3093.03333	0	A=L,B=B,C=C,D=D,E=E,F=F,G=G,H=H,I=I,J=J,K=A,L=K	100	100	100
9DXD-assembly1.cif	M1239v2TS235_5	214	157	0.584604	0.650119	10108.665494	8116.693218	6723.43593	3851.596504	3385.229564	0.935142	0.968302	10108.665494	10575.032435	10014.033815	560.998619	94.631679	A=F,B=B,C=C,D=D,E=E,F=K,G=L,H=A	95.109612	89.278304	66.666667
9DXD-assembly1.cif	M1239v2TS481_5	214	208	0.583872	0.628741	10108.665494	8452.19505	6836.585192	4801.645935	3272.080302	0.848688	0.929665	10108.665494	11638.231127	10108.665494	1529.565633	0	A=K,B=B,C=C,D=D,E=E,F=F,G=G,H=H,I=I,J=J,K=L,L=A	100	100	100
9DXD-assembly1.cif	M1239v2TS167_2	214	134	0.583688	0.655644	10108.665494	9540.042096	7334.569412	4930.38299	2774.096082	0.786689	0.903624	10108.665494	12264.952402	10108.665494	2156.286908	0	A=F,B=B,C=C,D=D,E=E,F=K,G=G,H=H,I=I,J=J,K=L,L=A	100	100	100
9DXD-assembly1.cif	M1239v2TS450_2	214	195	0.583688	0.655644	10108.665494	9540.042096	7334.569412	4930.38299	2774.096082	0.786689	0.903624	10108.665494	12264.952402	10108.665494	2156.286908	0	A=F,B=B,C=C,D=D,E=E,F=K,G=G,H=H,I=I,J=J,K=L,L=A	100	100	100
9DXF-assembly1.cif	M1239v1TS462_2	215	91	0.583353	0.640697	10179.362439	9122.583725	7305.055705	5319.045748	2874.306734	0.759834	0.892791	10179.362439	12624.101453	10179.362439	2444.739013	0	A=K,B=B,C=C,D=D,E=E,F=L,G=G,H=H,I=I,J=J,K=F,L=A	100	100	100
9DXD-assembly1.cif	M1239v1TS204_3	214	35	0.583216	0.627826	10108.665494	9849.487347	7401.931015	6068.953902	2706.734479	0.667392	0.85741	10108.665494	13470.884918	10108.665494	3362.219423	0	A=K,B=B,C=C,D=D,E=E,F=F,G=G,H=H,I=I,J=J,K=A,L=L	100	100	100
9DXF-assembly1.cif	M1239v1TS167_5	215	32	0.583029	0.601389	10179.362439	9471.478275	7446.452752	7138.372991	2732.909687	0.567216	0.822103	10179.362439	14584.825743	10179.362439	4405.463304	0	A=L,B=B,C=C,D=D,E=E,F=F,G=G,H=H,I=I,J=J,K=A,L=K	100	100	100
9DXF-assembly1.cif	M1239v1TS450_5	215	89	0.583029	0.601389	10179.362439	9471.478275	7446.452752	7138.372991	2732.909687	0.567216	0.822103	10179.362439	14584.825743	10179.362439	4405.463304	0	A=L,B=B,C=C,D=D,E=E,F=F,G=G,H=H,I=I,J=J,K=A,L=K	100	100	100
9DXD-assembly1.cif	M1239v1TS091_3	214	18	0.582923	0.609744	10108.665494	9494.047479	7186.704272	6277.492484	2921.961223	0.668054	0.857653	10108.665494	13464.196756	10108.665494	3355.531261	0	A=A,B=B,C=C,D=D,E=E,F=L,G=G,H=H,I=I,J=J,K=K,L=F	100	100	100
9DXD-assembly1.cif	M1239v2TS091_1	214	121	0.582923	0.609744	10108.665494	9494.047479	7186.704272	6277.492484	2921.961223	0.668054	0.857653	10108.665494	13464.196756	10108.665494	3355.531261	0	A=A,B=B,C=C,D=D,E=E,F=L,G=G,H=H,I=I,J=J,K=K,L=F	100	100	100
9DXF-assembly1.cif	M1239v2TS489_3	215	211	0.58184	0.644522	10179.362439	8430.735487	7041.003529	4628.411613	3138.35891	0.85362	0.931802	10179.362439	11669.415142	10179.362439	1490.052703	0	A=K,B=B,C=C,D=D,E=E,F=L,G=G,H=H,I=I,J=J,K=F,L=A	100	100	100
9DXD-assembly1.cif	M1239v1TS167_3	214	30	0.581018	0.590611	10108.665494	9827.97986	7341.297118	7410.035001	2767.368376	0.540724	0.813248	10108.665494	14751.332119	10108.665494	4642.666625	0	A=F,B=B,C=C,D=D,E=E,F=K,G=G,H=H,I=I,J=J,K=L,L=A	100	100	100
9DXD-assembly1.cif	M1239v1TS450_3	214	87	0.581018	0.590611	10108.665494	9827.97986	7341.297118	7410.035001	2767.368376	0.540724	0.813248	10108.665494	14751.332119	10108.665494	4642.666625	0	A=F,B=B,C=C,D=D,E=E,F=K,G=G,H=H,I=I,J=J,K=L,L=A	100	100	100
9DXD-assembly1.cif	M1239v2TS110_3	214	128	0.580845	0.656246	10108.665494	9196.088313	7161.891115	4556.29618	2946.774379	0.840778	0.92626	10108.665494	11718.187295	10108.665494	1609.521801	0	A=K,B=B,C=C,D=D,E=E,F=F,G=G,H=H,I=I,J=J,K=L,L=A	100	100	100
9DXF-assembly1.cif	M1239v2TS489_5	215	213	0.580777	0.708017	10179.362439	8371.110455	7018.188627	2627.352782	3161.173813	0.947559	0.973073	10179.362439	9645.541409	9645.541409	0	533.821031	A=F,B=B,C=C,D=D,E=E,F=L,G=G,H=H,I=I,J=J,K=K,L=A	100	100	100
9DXF-assembly1.cif	M1239v1TS110_2	215	22	0.580768	0.719142	10179.362439	7710.17227	6704.971853	1762.805175	3474.390587	0.831857	0.908212	10179.362439	8467.777027	8467.777027	0	1711.585412	A=F,B=B,C=C,D=D,E=E,F=L,G=G,H=H,I=I,J=J,K=K,L=A	100	100	100
9DXD-assembly1.cif	M1239v2TS033_1	214	116	0.580204	0.623916	10108.665494	8845.546159	7000.156188	5330.593521	3108.509306	0.78018	0.900974	10108.665494	12330.749709	10108.665494	2222.084215	0	A=F,B=B,C=C,D=D,E=E,F=K,G=G,H=H,I=I,J=J,K=L,L=A	100	100	100
9DXD-assembly1.cif	M1239v1TS294_2	214	69	0.580121	0.61051	10108.665494	9331.668085	7112.331481	6078.624131	2996.334013	0.695084	0.867711	10108.665494	13190.955612	10108.665494	3082.290118	0	A=L,B=B,C=C,D=D,E=E,F=A,G=G,H=H,I=I,J=J,K=K,L=F	100	100	100
9DXD-assembly1.cif	M1239v2TS028_1	214	111	0.579679	0.707548	10108.665494	8016.317996	6699.009641	2128.158491	3409.655854	0.873228	0.932324	10108.665494	8827.168131	8827.168131	0	1281.497363	A=A,B=B,C=C,D=D,E=E,F=L,G=G,H=H,I=I,J=J,K=F,L=K	100	100	100
9DXF-assembly1.cif	M1239v1TS028_1	215	6	0.579582	0.710529	10179.362439	7632.612953	6665.371897	1916.973945	3513.990542	0.843112	0.914879	10179.362439	8582.345843	8582.345843	0	1597.016597	A=L,B=B,C=C,D=D,E=E,F=F,G=G,H=H,I=I,J=J,K=A,L=K	100	100	100
9DXD-assembly1.cif	M1239v2TS204_4	214	141	0.579419	0.606187	10108.665494	9251.368287	7120.959207	6264.650272	2987.706287	0.675828	0.860522	10108.665494	13385.609479	10108.665494	3276.943984	0	A=L,B=B,C=C,D=D,E=E,F=A,G=G,H=H,I=I,J=J,K=K,L=F	100	100	100
9DXF-assembly1.cif	M1239v2TS033_2	215	117	0.578821	0.603437	10179.362439	8963.921861	7224.980539	6541.754336	2954.3819	0.647584	0.85019	10179.362439	13766.734875	10179.362439	3587.372436	0	A=F,B=B,C=C,D=D,E=E,F=L,G=G,H=H,I=I,J=J,K=K,L=A	100	100	100
9DXF-assembly1.cif	M1239v2TS167_4	215	136	0.578809	0.622466	10179.362439	9926.166111	7559.254056	6549.454058	2620.108384	0.613989	0.838219	10179.362439	14108.708113	10179.362439	3929.345674	0	A=K,B=B,C=C,D=D,E=E,F=A,G=G,H=H,I=I,J=J,K=F,L=L	100	100	100
9DXF-assembly1.cif	M1239v2TS450_4	215	197	0.578809	0.622466	10179.362439	9926.166111	7559.254056	6549.454058	2620.108384	0.613989	0.838219	10179.362439	14108.708113	10179.362439	3929.345674	0	A=K,B=B,C=C,D=D,E=E,F=A,G=G,H=H,I=I,J=J,K=F,L=L	100	100	100
9DXD-assembly1.cif	M1239v2TS489_3	214	211	0.578283	0.635971	10108.665494	8720.758352	6925.109429	4744.305713	3183.556065	0.845603	0.928334	10108.665494	11669.415142	10108.665494	1560.749648	0	A=L,B=B,C=C,D=D,E=E,F=K,G=G,H=H,I=I,J=J,K=F,L=A	100	100	100
9DXD-assembly1.cif	M1239v2TS033_2	214	117	0.577694	0.593999	10108.665494	9196.957053	7090.977184	6675.757691	3017.68831	0.638125	0.846785	10108.665494	13766.734875	10108.665494	3658.069381	0	A=F,B=B,C=C,D=D,E=E,F=K,G=G,H=H,I=I,J=J,K=L,L=A	100	100	100
9DXD-assembly1.cif	M1239v1TS028_2	214	7	0.577495	0.708371	10108.665494	8115.647965	6741.290558	2183.27409	3367.374936	0.882863	0.937788	10108.665494	8924.564647	8924.564647	0	1184.100847	A=L,B=B,C=C,D=D,E=E,F=A,G=G,H=H,I=I,J=J,K=F,L=K	100	100	100
9DXF-assembly1.cif	M1239v2TS033_1	215	116	0.577459	0.637452	10179.362439	8887.741841	7174.563395	5156.186314	3004.799044	0.788652	0.904426	10179.362439	12330.749709	10179.362439	2151.387269	0	A=A,B=B,C=C,D=D,E=E,F=K,G=G,H=H,I=I,J=J,K=L,L=F	100	100	100
9DXF-assembly1.cif	M1239v2TS262_4	215	166	0.575911	0.645879	10179.362439	9122.166582	7266.0893	5054.392809	2913.273139	0.789661	0.904838	10179.362439	12320.482109	10179.362439	2141.119669	0	A=F,B=B,C=C,D=D,E=E,F=L,G=G,H=H,I=I,J=J,K=K,L=A	100	100	100
9DXD-assembly1.cif	M1239v1TS033_2	214	12	0.575803	0.621746	10108.665494	9010.808883	7061.934773	5545.857365	3046.730722	0.752774	0.889986	10108.665494	12607.792138	10108.665494	2499.126644	0	A=A,B=B,C=C,D=D,E=E,F=L,G=G,H=H,I=I,J=J,K=K,L=F	100	100	100
9DXF-assembly1.cif	M1239v2TS262_2	215	164	0.575749	0.645844	10179.362439	9120.982548	7265.129263	5053.591452	2914.233177	0.789834	0.904909	10179.362439	12318.720715	10179.362439	2139.358276	0	A=F,B=B,C=C,D=D,E=E,F=L,G=G,H=H,I=I,J=J,K=K,L=A	100	100	100
9DXD-assembly1.cif	M1239v1TS286_3	214	65	0.57483	0.617476	10108.665494	9251.00178	7155.2193	5911.820585	2953.446195	0.707343	0.87235	10108.665494	13067.039884	10108.665494	2958.37439	0	A=L,B=B,C=C,D=D,E=E,F=A,G=G,H=H,I=I,J=J,K=F,L=K	100	100	100
9DXF-assembly1.cif	M1239v1TS014_1	215	0	0.574522	0.6201	10179.362439	10577.78198	7686.846393	6926.076144	2492.516046	0.564456	0.821172	10179.362439	14612.922537	10179.362439	4433.560098	0	A=A,B=F,C=L,D=K	90.21097	78.541121	33.333333
9DXD-assembly1.cif	M1239v1TS167_5	214	32	0.574057	0.588208	10108.665494	9714.15031	7262.44855	7322.377193	2846.216944	0.557196	0.818731	10108.665494	14584.825743	10108.665494	4476.160249	0	A=K,B=B,C=C,D=D,E=E,F=F,G=G,H=H,I=I,J=J,K=A,L=L	100	100	100
9DXD-assembly1.cif	M1239v1TS450_5	214	89	0.574057	0.588208	10108.665494	9714.15031	7262.44855	7322.377193	2846.216944	0.557196	0.818731	10108.665494	14584.825743	10108.665494	4476.160249	0	A=K,B=B,C=C,D=D,E=E,F=F,G=G,H=H,I=I,J=J,K=A,L=L	100	100	100
9DXD-assembly1.cif	M1239v2TS167_4	214	136	0.573085	0.603606	10108.665494	9845.738062	7308.881066	6799.827047	2799.784428	0.604296	0.834828	10108.665494	14108.708113	10108.665494	4000.042619	0	A=A,B=B,C=C,D=D,E=E,F=L,G=G,H=H,I=I,J=J,K=K,L=F	100	100	100
9DXD-assembly1.cif	M1239v2TS450_4	214	197	0.573085	0.603606	10108.665494	9845.738062	7308.881066	6799.827047	2799.784428	0.604296	0.834828	10108.665494	14108.708113	10108.665494	4000.042619	0	A=A,B=B,C=C,D=D,E=E,F=L,G=G,H=H,I=I,J=J,K=K,L=F	100	100	100
9DXD-assembly1.cif	M1239v2TS028_2	214	112	0.573012	0.705649	10108.665494	7870.473985	6610.049381	2015.949863	3498.616113	0.853327	0.92086	10108.665494	8625.999244	8625.999244	0	1482.66625	A=A,B=B,C=C,D=D,E=E,F=L,G=G,H=H,I=I,J=J,K=K,L=F	100	100	100
9DXD-assembly1.cif	M1239v1TS462_2	214	91	0.572995	0.621314	10108.665494	9059.762019	7062.090314	5562.011138	3046.57518	0.75116	0.889348	10108.665494	12624.101453	10108.665494	2515.435958	0	A=A,B=B,C=C,D=D,E=E,F=F,G=G,H=H,I=I,J=J,K=K,L=L	100	100	100
9DXF-assembly1.cif	M1239v2TS208_2	215	144	0.572801	0.690068	10179.362439	8584.029721	6988.364977	3086.401958	3190.997462	0.982228	0.991068	10179.362439	10074.766935	10036.610402	38.156532	142.752037	A=F,B=B,C=C,D=D,E=E,F=L,G=G,H=H,I=I,J=J,K=A,L=K	100	100	100
9DXD-assembly1.cif	M1239v1TS167_1	214	28	0.572768	0.613649	10108.665494	9540.004079	7173.884344	6098.511425	2934.78115	0.687028	0.864688	10108.665494	13272.395769	10108.665494	3163.730275	0	A=A,B=B,C=C,D=D,E=E,F=L,G=G,H=H,I=I,J=J,K=K,L=F	100	100	100
9DXD-assembly1.cif	M1239v1TS450_1	214	85	0.572768	0.613649	10108.665494	9540.004079	7173.884344	6098.511425	2934.78115	0.687028	0.864688	10108.665494	13272.395769	10108.665494	3163.730275	0	A=A,B=B,C=C,D=D,E=E,F=L,G=G,H=H,I=I,J=J,K=K,L=F	100	100	100
9DXD-assembly1.cif	M1239v1TS028_3	214	8	0.572723	0.702403	10108.665494	8093.850436	6687.649089	2245.880412	3421.016405	0.88375	0.938288	10108.665494	8933.529501	8933.529501	0	1175.135993	A=A,B=B,C=C,D=D,E=E,F=L,G=G,H=H,I=I,J=J,K=F,L=K	100	100	100
9DXD-assembly1.cif	M1239v2TS481_2	214	205	0.572373	0.625932	10108.665494	9141.922334	7096.120244	5469.001981	3012.54525	0.756995	0.891661	10108.665494	12565.122225	10108.665494	2456.45673	0	A=F,B=B,C=C,D=D,E=E,F=K,G=G,H=H,I=I,J=J,K=L,L=A	100	100	100
9DXF-assembly1.cif	M1239v2TS208_1	215	143	0.571278	0.704809	10179.362439	8389.640542	6946.486018	2585.828918	3232.876422	0.936435	0.967174	10179.362439	9532.314936	9532.314936	0	647.047504	A=L,B=B,C=C,D=D,E=E,F=F,G=G,H=H,I=I,J=J,K=K,L=A	100	100	100
9DXF-assembly1.cif	M1239v1TS235_3	215	45	0.570457	0.691606	10179.362439	8254.839973	6874.87168	2826.647823	3304.490759	0.953058	0.975965	10179.362439	9701.519503	9701.519503	0	477.842936	A=L,B=B,C=C,D=D,E=E,F=F,G=A,H=K	95.105485	89.270561	66.666667
9DXF-assembly1.cif	M1239v1TS014_6	215	5	0.570003	0.614401	10179.362439	10543.027125	7646.76674	7065.647835	2532.595699	0.554682	0.81789	10179.362439	14712.414575	10179.362439	4533.052136	0	A=K,B=L,C=F,D=A	90.21097	78.541121	33.333333
9DXF-assembly1.cif	M1239v1TS014_2	215	1	0.569875	0.615388	10179.362439	10534.95286	7645.262583	7022.329746	2534.099856	0.559085	0.819365	10179.362439	14667.592329	10179.362439	4488.22989	0	A=F,B=A,C=K,D=L	90.21097	78.541121	33.333333
9DXF-assembly1.cif	M1239v1TS014_3	215	2	0.569225	0.61803	10179.362439	10625.624102	7678.719413	6990.918295	2500.643026	0.558884	0.819298	10179.362439	14669.637708	10179.362439	4490.275269	0	A=A,B=F,C=L,D=K	90.21097	78.541121	33.333333
9DXF-assembly1.cif	M1239v1TS014_4	215	3	0.568539	0.620223	10179.362439	10444.288146	7619.63849	6771.621473	2559.723949	0.586232	0.82858	10179.362439	14391.259963	10179.362439	4211.897524	0	A=F,B=A,C=K,D=L	90.21097	78.541121	33.333333
9DXD-assembly1.cif	M1239v2TS028_4	214	114	0.568532	0.702617	10108.665494	7946.500103	6612.20237	2100.781665	3496.463124	0.861932	0.925847	10108.665494	8712.984035	8712.984035	0	1395.681459	A=L,B=B,C=C,D=D,E=E,F=A,G=G,H=H,I=I,J=J,K=F,L=K	100	100	100
9DXD-assembly1.cif	M1239v2TS014_3	214	107	0.567689	0.598625	10108.665494	10765.767732	7541.346625	7545.543815	2567.318869	0.507529	0.802417	10108.665494	15086.89044	10108.665494	4978.224946	0	A=K,B=F,C=A,D=L	90.219224	78.556608	33.333333
9DXD-assembly1.cif	M1239v2TS014_2	214	106	0.567109	0.596964	10108.665494	10772.788617	7539.500739	7611.304873	2569.164756	0.501206	0.800386	10108.665494	15150.805611	10108.665494	5042.140117	0	A=F,B=K,C=L,D=A	90.219224	78.556608	33.333333
9DXD-assembly1.cif	M1239v1TS110_2	214	22	0.567068	0.699374	10108.665494	7686.475505	6495.937246	1971.839781	3612.728248	0.837675	0.911668	10108.665494	8467.777027	8467.777027	0	1640.888467	A=K,B=B,C=C,D=D,E=E,F=F,G=G,H=H,I=I,J=J,K=A,L=L	100	100	100
9DXF-assembly1.cif	M1239v1TS481_2	215	96	0.566563	0.689144	10179.362439	8401.877722	6893.091145	2932.344292	3286.271295	0.965231	0.982308	10179.362439	9825.435436	9825.435436	0	353.927003	A=K,B=B,C=C,D=D,E=E,F=A,G=G,H=H,I=I,J=J,K=F,L=L	100	100	100
9DXF-assembly1.cif	M1239v2TS167_5	215	137	0.566452	0.623379	10179.362439	9735.15681	7419.772256	6205.887172	2759.590183	0.661443	0.855228	10179.362439	13625.659429	10179.362439	3446.296989	0	A=L,B=B,C=C,D=D,E=E,F=F,G=G,H=H,I=I,J=J,K=A,L=K	100	100	100
9DXF-assembly1.cif	M1239v2TS450_5	215	198	0.566452	0.623379	10179.362439	9735.15681	7419.772256	6205.887172	2759.590183	0.661443	0.855228	10179.362439	13625.659429	10179.362439	3446.296989	0	A=L,B=B,C=C,D=D,E=E,F=F,G=G,H=H,I=I,J=J,K=A,L=K	100	100	100
9DXD-assembly1.cif	M1239v2TS014_6	214	110	0.566051	0.596369	10108.665494	10773.314678	7528.037104	7609.528175	2580.628391	0.502516	0.800806	10108.665494	15137.565279	10108.665494	5028.899785	0	A=K,B=F,C=A,D=L	90.219224	78.556608	33.333333
9DXF-assembly1.cif	M1239v2TS208_4	215	146	0.566	0.695166	10179.362439	8464.167282	6946.291969	2858.903491	3233.070471	0.962021	0.980655	10179.362439	9805.19546	9798.980067	6.215393	380.382373	A=K,B=B,C=C,D=D,E=E,F=A,G=G,H=H,I=I,J=J,K=L,L=F	100	100	100
9DXF-assembly1.cif	M1239v1TS262_4	215	56	0.565816	0.640722	10179.362439	9341.263453	7321.098128	5352.19773	2858.264312	0.755001	0.890869	10179.362439	12673.295857	10179.362439	2493.933418	0	A=F,B=B,C=C,D=D,E=E,F=L,G=G,H=H,I=I,J=J,K=K,L=A	100	100	100
9DXD-assembly1.cif	M1239v1TS462_1	214	90	0.565768	0.634631	10108.665494	9066.357002	6972.632857	4892.531335	3136.032637	0.802753	0.90926	10108.665494	11865.164192	9989.962758	1875.201434	118.702737	A=K,B=B,C=C,D=D,E=E,F=L,G=G,H=H,I=I,J=J,K=A,L=F	100	100	100
9DXF-assembly1.cif	M1239v2TS462_2	215	200	0.565433	0.698701	10179.362439	7899.658318	6695.45749	2290.61968	3483.904949	0.882774	0.937738	10179.362439	8986.07717	8986.07717	0	1193.285269	A=L,B=B,C=C,D=D,E=E,F=F,G=G,H=H,I=I,J=J,K=A,L=K	100	100	100
9DXD-assembly1.cif	M1239v1TS028_4	214	9	0.565345	0.692493	10108.665494	8046.858211	6577.82149	2311.015882	3530.844004	0.879328	0.93579	10108.665494	8888.837372	8888.837372	0	1219.828122	A=K,B=B,C=C,D=D,E=E,F=F,G=G,H=H,I=I,J=J,K=L,L=A	100	100	100
9DXF-assembly1.cif	M1239v1TS014_5	215	4	0.564655	0.617128	10179.362439	10462.714329	7599.701384	6850.178772	2579.661055	0.580473	0.826608	10179.362439	14449.880156	10179.362439	4270.517717	0	A=A,B=F,C=L,D=K	90.21097	78.541121	33.333333
9DXF-assembly1.cif	M1239v1TS235_2	215	44	0.564152	0.702826	10179.362439	7769.134203	6635.448538	2067.372173	3543.913902	0.854948	0.921802	10179.362439	8702.820711	8702.820711	0	1476.541729	A=F,B=B,C=C,D=D,E=E,F=A,G=K,H=L	95.105485	89.270561	66.666667
9DXF-assembly1.cif	M1239v2TS014_3	215	107	0.564073	0.604776	10179.362439	10605.631006	7640.213511	7446.676929	2539.148928	0.517894	0.805767	10179.362439	15086.89044	10179.362439	4907.528001	0	A=K,B=A,C=F,D=L	90.21097	78.541121	33.333333
9DXD-assembly1.cif	M1239v2TS014_5	214	109	0.563875	0.596958	10108.665494	10805.449362	7527.134017	7582.51204	2581.531478	0.505278	0.801692	10108.665494	15109.646057	10108.665494	5000.980562	0	A=K,B=F,C=A,D=L	90.219224	78.556608	33.333333
9DXF-assembly1.cif	M1239v2TS014_2	215	106	0.563805	0.602593	10179.362439	10597.612587	7631.896493	7518.909118	2547.465946	0.511615	0.803734	10179.362439	15150.805611	10179.362439	4971.443172	0	A=A,B=K,C=L,D=F	90.21097	78.541121	33.333333
9DXD-assembly1.cif	M1239v1TS014_1	214	0	0.56297	0.605137	10108.665494	10615.658557	7479.978102	7132.944435	2628.687392	0.554416	0.817801	10108.665494	14612.922537	10108.665494	4504.257043	0	A=F,B=A,C=L,D=K	90.219224	78.556608	33.333333
9DXD-assembly1.cif	M1239v2TS489_5	214	213	0.562517	0.688898	10108.665494	8599.261845	6804.316166	2841.225243	3304.349329	0.935101	0.96679	10108.665494	9645.541409	9549.081098	96.460311	559.584397	A=F,B=B,C=C,D=D,E=E,F=K,G=G,H=H,I=I,J=J,K=L,L=A	100	100	100
9DXF-assembly1.cif	M1239v2TS204_3	215	140	0.562436	0.63678	10179.362439	9291.213463	7261.75154	5366.621523	2917.610899	0.759414	0.892624	10179.362439	12628.373063	10179.362439	2449.010624	0	A=L,B=B,C=C,D=D,E=E,F=F,G=G,H=H,I=I,J=J,K=K,L=A	100	100	100
9DXF-assembly1.cif	M1239v1TS286_1	215	63	0.562101	0.626929	10179.362439	8802.129645	6997.438221	5146.091233	3181.924219	0.807044	0.912011	10179.362439	12143.529453	10179.362439	1964.167014	0	A=K,B=B,C=C,D=D,E=E,F=A,G=G,H=H,I=I,J=J,K=F,L=L	100	100	100
9DXF-assembly1.cif	M1239v1TS208_4	215	40	0.561827	0.680138	10179.362439	8438.466112	6897.506304	3205.788799	3281.856136	0.986655	0.993302	10179.362439	10103.295102	10073.4052	29.889902	105.957239	A=A,B=B,C=C,D=D,E=E,F=K,G=G,H=H,I=I,J=J,K=L,L=F	100	100	100
9DXD-assembly1.cif	M1239v1TS014_6	214	5	0.561653	0.600757	10108.665494	10600.038343	7455.723798	7256.690777	2652.941696	0.544574	0.814523	10108.665494	14712.414575	10108.665494	4603.749081	0	A=A,B=F,C=K,D=L	90.219224	78.556608	33.333333
9DXD-assembly1.cif	M1239v1TS028_1	214	6	0.561473	0.692356	10108.665494	7843.533208	6470.412954	2111.932889	3638.252541	0.849009	0.918339	10108.665494	8582.345843	8582.345843	0	1526.319652	A=K,B=B,C=C,D=D,E=E,F=F,G=G,H=H,I=I,J=J,K=A,L=L	100	100	100
9DXD-assembly1.cif	M1239v2TS235_2	214	154	0.561382	0.685397	10108.665494	8094.694653	6609.792078	2569.022572	3498.873417	0.908014	0.95179	10108.665494	9178.81465	9178.81465	0	929.850844	A=A,B=B,C=C,D=D,E=E,F=L,G=K,H=F	95.109612	89.278304	66.666667
9DXF-assembly1.cif	M1239v1TS208_2	215	39	0.561346	0.671902	10179.362439	8537.243871	6917.298962	3493.537962	3262.063478	0.97726	0.988758	10179.362439	10410.836924	10179.362439	231.474485	0	A=F,B=B,C=C,D=D,E=E,F=L,G=G,H=H,I=I,J=J,K=K,L=A	100	100	100
9DXD-assembly1.cif	M1239v1TS014_2	214	1	0.560913	0.601722	10108.665494	10589.512635	7454.206648	7213.385681	2654.458846	0.549008	0.815996	10108.665494	14667.592329	10108.665494	4558.926835	0	A=F,B=A,C=L,D=K	90.219224	78.556608	33.333333
9DXD-assembly1.cif	M1239v2TS462_2	214	200	0.560798	0.689045	10108.665494	8120.163453	6578.569376	2407.507795	3530.096119	0.888948	0.94121	10108.665494	8986.07717	8986.07717	0	1122.588324	A=L,B=B,C=C,D=D,E=E,F=A,G=G,H=H,I=I,J=J,K=F,L=K	100	100	100
9DXF-assembly1.cif	M1239v1TS294_5	215	72	0.560593	0.681765	10179.362439	8439.996132	6907.314562	3176.350441	3272.047877	0.990331	0.995143	10179.362439	10083.665003	10082.304111	1.360892	97.058328	A=K,B=B,C=C,D=D,E=E,F=A,G=G,H=H,I=I,J=J,K=L,L=F	100	100	100
9DXF-assembly1.cif	M1239v2TS014_6	215	110	0.56041	0.602068	10179.362439	10600.424843	7621.250669	7516.31461	2558.11177	0.512916	0.804155	10179.362439	15137.565279	10179.362439	4958.202839	0	A=K,B=A,C=F,D=L	90.21097	78.541121	33.333333
9DXF-assembly1.cif	M1239v2TS208_5	215	147	0.560371	0.688611	10179.362439	8584.137566	6953.53177	3062.915808	3225.830669	0.982298	0.991078	10179.362439	10016.447579	10007.807308	8.640271	171.555132	A=K,B=B,C=C,D=D,E=E,F=A,G=G,H=H,I=I,J=J,K=L,L=F	100	100	100
9DXF-assembly1.cif	M1239v1TS208_1	215	38	0.559764	0.681819	10179.362439	8857.128671	7053.36764	3457.11958	3125.9948	0.967471	0.983996	10179.362439	10510.487219	10179.362439	331.12478	0	A=F,B=B,C=C,D=D,E=E,F=L,G=G,H=H,I=I,J=J,K=K,L=A	100	100	100
9DXF-assembly1.cif	M1239v2TS028_3	215	113	0.55971	0.683233	10179.362439	8570.634674	6951.949352	3218.83378	3227.413088	0.990121	0.995058	10179.362439	10170.783131	10124.790378	45.992753	54.572061	A=A,B=B,C=C,D=D,E=E,F=K,G=G,H=H,I=I,J=J,K=L,L=F	100	100	100
9DXF-assembly1.cif	M1239v1TS462_5	215	94	0.559355	0.674668	10179.362439	8418.360013	6880.742075	3337.317284	3298.620365	0.989317	0.994669	10179.362439	10218.059359	10144.339302	73.720057	35.023137	A=F,B=B,C=C,D=D,E=E,F=A,G=G,H=H,I=I,J=J,K=K,L=L	100	100	100
9DXD-assembly1.cif	M1239v1TS014_3	214	2	0.559108	0.603244	10108.665494	10662.414892	7473.682275	7195.955433	2634.983219	0.548806	0.815929	10108.665494	14669.637708	10108.665494	4560.972214	0	A=L,B=K,C=F,D=A	90.219224	78.556608	33.333333
9DXD-assembly1.cif	M1239v2TS167_5	214	137	0.559054	0.60309	10108.665494	9740.65303	7156.97131	6468.688119	2951.694184	0.652081	0.851818	10108.665494	13625.659429	10108.665494	3516.993934	0	A=K,B=B,C=C,D=D,E=E,F=F,G=G,H=H,I=I,J=J,K=A,L=L	100	100	100
9DXD-assembly1.cif	M1239v2TS450_5	214	198	0.559054	0.60309	10108.665494	9740.65303	7156.97131	6468.688119	2951.694184	0.652081	0.851818	10108.665494	13625.659429	10108.665494	3516.993934	0	A=K,B=B,C=C,D=D,E=E,F=F,G=G,H=H,I=I,J=J,K=A,L=L	100	100	100
9DXF-assembly1.cif	M1239v2TS014_5	215	109	0.559046	0.602419	10179.362439	10649.91555	7617.28992	7492.356137	2562.072519	0.515659	0.805042	10179.362439	15109.646057	10179.362439	4930.283617	0	A=A,B=K,C=L,D=F	90.21097	78.541121	33.333333
9DXF-assembly1.cif	M1239v2TS286_5	215	177	0.558501	0.642457	10179.362439	8880.668299	7061.076942	4741.024716	3118.285497	0.840585	0.926177	10179.362439	11802.101658	10179.362439	1622.739218	0	A=K,B=B,C=C,D=D,E=E,F=A,G=G,H=H,I=I,J=J,K=L,L=F	100	100	100
9DXD-assembly1.cif	M1239v1TS014_4	214	3	0.557834	0.604665	10108.665494	10471.801434	7407.117595	6984.142368	2701.547899	0.576344	0.8252	10108.665494	14391.259963	10108.665494	4282.594469	0	A=L,B=K,C=F,D=A	90.219224	78.556608	33.333333
9DXD-assembly1.cif	M1239v2TS204_3	214	140	0.557528	0.617991	10108.665494	9341.23165	7025.647497	5602.725566	3083.017998	0.750738	0.88918	10108.665494	12628.373063	10108.665494	2519.707569	0	A=A,B=B,C=C,D=D,E=E,F=L,G=G,H=H,I=I,J=J,K=F,L=K	100	100	100
9DXD-assembly1.cif	M1239v2TS208_4	214	146	0.557343	0.678603	10108.665494	8640.194081	6756.804958	3048.390502	3351.860536	0.938679	0.968872	10108.665494	9805.19546	9646.993574	158.201886	461.67192	A=A,B=B,C=C,D=D,E=E,F=L,G=G,H=H,I=I,J=J,K=F,L=K	100	100	100
9DXD-assembly1.cif	M1239v2TS014_1	214	105	0.557285	0.589099	10108.665494	11099.428217	7570.31954	8022.352156	2538.345955	0.457495	0.786626	10108.665494	15592.671696	10108.665494	5484.006202	0	A=L,B=K,C=F,D=A	90.219224	78.556608	33.333333
9DXF-assembly1.cif	M1239v2TS033_3	215	118	0.555877	0.614724	10179.362439	9027.092358	7092.87809	5804.371555	3086.484349	0.733	0.882223	10179.362439	12897.249645	10179.362439	2717.887206	0	A=K,B=B,C=C,D=D,E=E,F=A,G=G,H=H,I=I,J=J,K=L,L=F	100	100	100
9DXD-assembly1.cif	M1239v1TS286_1	214	63	0.555703	0.610079	10108.665494	8715.182849	6787.799472	5355.729981	3320.866022	0.798701	0.908554	10108.665494	12143.529453	10108.665494	2034.863959	0	A=L,B=B,C=C,D=D,E=E,F=A,G=G,H=H,I=I,J=J,K=F,L=K	100	100	100
9DXD-assembly1.cif	M1239v2TS014_4	214	108	0.554994	0.593967	10108.665494	11030.450117	7557.85394	7782.225844	2550.811554	0.482482	0.794433	10108.665494	15340.079784	10108.665494	5231.41429	0	A=K,B=F,C=A,D=L	90.219224	78.556608	33.333333
9DXF-assembly1.cif	M1239v1TS235_5	215	47	0.554909	0.7037	10179.362439	7884.222744	6655.088272	2080.118024	3524.274168	0.858129	0.923648	10179.362439	8735.206296	8735.206296	0	1444.156143	A=F,B=B,C=C,D=D,E=E,F=L,G=K,H=A	95.105485	89.270561	66.666667
9DXD-assembly1.cif	M1239v1TS014_5	214	4	0.554657	0.601983	10108.665494	10501.271451	7391.908092	7057.972064	2716.757403	0.570545	0.82323	10108.665494	14449.880156	10108.665494	4341.214662	0	A=L,B=K,C=F,D=A	90.219224	78.556608	33.333333
9DXF-assembly1.cif	M1239v2TS489_4	215	212	0.554399	0.67821	10179.362439	8248.608375	6764.55535	3004.3342	3414.807089	0.959676	0.979423	10179.362439	9768.88955	9768.88955	0	410.472889	A=K,B=B,C=C,D=D,E=E,F=A,G=G,H=H,I=I,J=J,K=F,L=L	100	100	100
9DXF-assembly1.cif	M1239v2TS208_3	215	145	0.554383	0.693176	10179.362439	8532.49167	6899.628377	2828.299489	3279.734062	0.955652	0.977323	10179.362439	9727.927866	9727.927866	0	451.434573	A=A,B=B,C=C,D=D,E=E,F=K,G=G,H=H,I=I,J=J,K=F,L=L	100	100	100
9DXD-assembly1.cif	M1239v2TS208_1	214	143	0.553911	0.677733	10108.665494	8354.876376	6655.674138	2876.640798	3452.991356	0.929595	0.963764	10108.665494	9532.314936	9464.638491	67.676445	644.027004	A=K,B=B,C=C,D=D,E=E,F=F,G=G,H=H,I=I,J=J,K=L,L=A	100	100	100
9DXF-assembly1.cif	M1239v1TS091_4	215	19	0.553809	0.670094	10179.362439	8678.123539	6963.445277	3640.674096	3215.917163	0.958273	0.979563	10179.362439	10604.119373	10179.362439	424.756933	0	A=F,B=B,C=C,D=D,E=E,F=L,G=G,H=H,I=I,J=J,K=A,L=K	100	100	100
9DXF-assembly1.cif	M1239v2TS091_4	215	124	0.553809	0.670094	10179.362439	8678.123539	6963.445277	3640.674096	3215.917163	0.958273	0.979563	10179.362439	10604.119373	10179.362439	424.756933	0	A=F,B=B,C=C,D=D,E=E,F=L,G=G,H=H,I=I,J=J,K=A,L=K	100	100	100
9DXD-assembly1.cif	M1239v2TS208_2	214	144	0.553636	0.669227	10108.665494	8738.460784	6753.653785	3321.113149	3355.011709	0.935434	0.967663	10108.665494	10074.766935	9765.379733	309.387202	343.285761	A=L,B=B,C=C,D=D,E=E,F=A,G=G,H=H,I=I,J=J,K=K,L=F	100	100	100
9DXD-assembly1.cif	M1239v2TS033_3	214	118	0.552898	0.603979	10108.665494	9212.961195	6947.543644	5949.706001	3161.12185	0.724139	0.878788	10108.665494	12897.249645	10108.665494	2788.584151	0	A=A,B=B,C=C,D=D,E=E,F=L,G=G,H=H,I=I,J=J,K=F,L=K	100	100	100
9DXF-assembly1.cif	M1239v1TS462_4	215	93	0.552895	0.674471	10179.362439	8618.298899	6936.685117	3453.218742	3242.677323	0.979317	0.989764	10179.362439	10389.903858	10179.362439	210.541419	0	A=A,B=B,C=C,D=D,E=E,F=F,G=G,H=H,I=I,J=J,K=L,L=K	100	100	100
9DXF-assembly1.cif	M1239v2TS294_1	215	178	0.55288	0.68663	10179.362439	8226.318109	6793.47299	2815.035704	3385.889449	0.94392	0.971151	10179.362439	9608.508694	9608.508694	0	570.853745	A=A,B=B,C=C,D=D,E=E,F=F,G=G,H=H,I=I,J=J,K=L,L=K	100	100	100
9DXF-assembly1.cif	M1239v2TS294_2	215	179	0.552715	0.674913	10179.362439	8316.171212	6809.300143	3189.630203	3370.062297	0.981625	0.990731	10179.362439	9998.930346	9995.625346	3.305001	183.737094	A=F,B=B,C=C,D=D,E=E,F=A,G=G,H=H,I=I,J=J,K=K,L=L	100	100	100
9DXF-assembly1.cif	M1239v1TS110_3	215	23	0.552693	0.68392	10179.362439	8548.078257	6920.024265	3136.959441	3259.338174	0.985713	0.992813	10179.362439	10056.983706	10045.457021	11.526686	133.905419	A=A,B=B,C=C,D=D,E=E,F=F,G=G,H=H,I=I,J=J,K=L,L=K	100	100	100
9DXF-assembly1.cif	M1239v1TS481_3	215	97	0.551781	0.675703	10179.362439	8980.128712	7062.761405	3662.817746	3116.601034	0.946341	0.973871	10179.362439	10725.579151	10179.362439	546.216712	0	A=L,B=B,C=C,D=D,E=E,F=F,G=G,H=H,I=I,J=J,K=A,L=K	100	100	100
9DXF-assembly1.cif	M1239v2TS014_1	215	105	0.551768	0.595028	10179.362439	10903.639207	7667.535233	7925.136463	2511.827206	0.468207	0.789954	10179.362439	15592.671696	10179.362439	5413.309257	0	A=K,B=L,C=F,D=A	90.21097	78.541121	33.333333
9DXD-assembly1.cif	M1239v2TS294_5	214	182	0.551663	0.661613	10108.665494	8530.706017	6705.250625	3455.482909	3403.414869	0.935439	0.967802	10108.665494	10160.733534	9808.386069	352.347465	300.279425	A=F,B=B,C=C,D=D,E=E,F=A,G=G,H=H,I=I,J=J,K=L,L=K	100	100	100
9DXF-assembly1.cif	M1239v1TS235_4	215	46	0.551404	0.65603	10179.362439	8174.476482	6724.295066	3596.314355	3455.067373	0.983754	0.991933	10179.362439	10320.609421	10167.297703	153.311718	12.064737	A=F,B=B,C=C,D=D,E=E,F=L,G=K,H=A	95.105485	89.270561	66.666667
9DXF-assembly1.cif	M1239v2TS294_5	215	182	0.551367	0.677292	10179.362439	8545.822479	6888.095276	3272.638259	3291.267164	0.990566	0.995279	10179.362439	10160.733534	10122.031011	38.702523	57.331428	A=L,B=B,C=C,D=D,E=E,F=K,G=G,H=H,I=I,J=J,K=A,L=F	100	100	100
9DXD-assembly1.cif	M1239v2TS262_4	214	166	0.55133	0.616274	10108.665494	8981.672211	6911.247205	5409.234904	3197.418289	0.781196	0.901387	10108.665494	12320.482109	10108.665494	2211.816614	0	A=K,B=B,C=C,D=D,E=E,F=F,G=G,H=H,I=I,J=J,K=A,L=L	100	100	100
9DXD-assembly1.cif	M1239v2TS262_2	214	164	0.551328	0.616339	10108.665494	8980.586023	6911.439773	5407.280942	3197.225722	0.78137	0.901457	10108.665494	12318.720715	10108.665494	2210.055221	0	A=K,B=B,C=C,D=D,E=E,F=F,G=G,H=H,I=I,J=J,K=A,L=L	100	100	100
9DXD-assembly1.cif	M1239v1TS235_3	214	45	0.551193	0.665748	10108.665494	8242.319624	6594.292579	3107.226924	3514.372915	0.934787	0.966723	10108.665494	9701.519503	9575.484045	126.035458	533.181449	A=F,B=B,C=C,D=D,E=E,F=K,G=L,H=A	95.109612	89.278304	66.666667
9DXF-assembly1.cif	M1239v2TS286_3	215	175	0.551026	0.589121	10179.362439	9007.486055	7028.365423	6652.778253	3150.997016	0.655992	0.853239	10179.362439	13681.143676	10179.362439	3501.781237	0	A=F,B=B,C=C,D=D,E=E,F=L,G=G,H=H,I=I,J=J,K=A,L=K	100	100	100
9DXD-assembly1.cif	M1239v2TS286_5	214	177	0.550791	0.622528	10108.665494	8908.614096	6820.038168	4982.06349	3288.627326	0.832477	0.922712	10108.665494	11802.101658	10108.665494	1693.436164	0	A=K,B=B,C=C,D=D,E=E,F=F,G=G,H=H,I=I,J=J,K=L,L=A	100	100	100
9DXF-assembly1.cif	M1239v1TS481_4	215	98	0.550562	0.672792	10179.362439	8361.12351	6811.87991	3258.346658	3367.482529	0.984563	0.99224	10179.362439	10070.226568	10046.22702	23.999548	133.135419	A=F,B=B,C=C,D=D,E=E,F=L,G=G,H=H,I=I,J=J,K=K,L=A	100	100	100
9DXD-assembly1.cif	M1239v1TS208_4	214	40	0.550262	0.663367	10108.665494	8654.29504	6703.975384	3399.319718	3404.69011	0.935025	0.967504	10108.665494	10103.295102	9777.572986	325.722116	331.092508	A=A,B=B,C=C,D=D,E=E,F=L,G=G,H=H,I=I,J=J,K=K,L=F	100	100	100
9DXF-assembly1.cif	M1239v1TS286_4	215	66	0.550237	0.660405	10179.362439	8887.528943	6989.892048	3999.249652	3189.470392	0.920449	0.961746	10179.362439	10989.141699	10179.362439	809.77926	0	A=K,B=B,C=C,D=D,E=E,F=A,G=G,H=H,I=I,J=J,K=F,L=L	100	100	100
9DXF-assembly1.cif	M1239v2TS014_4	215	108	0.550142	0.600461	10179.362439	10886.019809	7661.715825	7678.363959	2517.646614	0.493022	0.797773	10179.362439	15340.079784	10179.362439	5160.717345	0	A=A,B=K,C=L,D=F	90.21097	78.541121	33.333333
9DXF-assembly1.cif	M1239v1TS110_1	215	21	0.549746	0.682882	10179.362439	7960.845457	6645.929739	2639.067183	3533.432701	0.912139	0.954051	10179.362439	9284.996922	9284.996922	0	894.365518	A=L,B=B,C=C,D=D,E=E,F=F,G=G,H=H,I=I,J=J,K=K,L=A	100	100	100
9DXF-assembly1.cif	M1239v2TS235_4	215	156	0.548457	0.67889	10179.362439	8014.075565	6659.209997	2779.368405	3520.152442	0.927227	0.962239	10179.362439	9438.578403	9438.578403	0	740.784036	A=F,B=B,C=C,D=D,E=E,F=L,G=A,H=K	95.105485	89.270561	66.666667
9DXD-assembly1.cif	M1239v1TS208_1	214	38	0.548394	0.660267	10108.665494	8805.558772	6807.068038	3703.419181	3301.597456	0.934786	0.968028	10108.665494	10510.487219	9979.96067	530.526549	128.704824	A=A,B=B,C=C,D=D,E=E,F=L,G=G,H=H,I=I,J=J,K=K,L=F	100	100	100
9DXD-assembly1.cif	M1239v1TS462_4	214	93	0.548248	0.661911	10108.665494	8854.821856	6784.118067	3605.785791	3324.547427	0.93612	0.968498	10108.665494	10389.903858	9926.412182	463.491676	182.253312	A=F,B=B,C=C,D=D,E=E,F=A,G=G,H=H,I=I,J=J,K=L,L=K	100	100	100
9DXD-assembly1.cif	M1239v2TS294_2	214	179	0.547917	0.661879	10108.665494	8557.696035	6654.401952	3344.528394	3454.263542	0.932753	0.966193	10108.665494	9998.930346	9713.909748	285.020598	394.755746	A=F,B=B,C=C,D=D,E=E,F=A,G=G,H=H,I=I,J=J,K=L,L=K	100	100	100
9DXD-assembly1.cif	M1239v2TS208_5	214	147	0.547717	0.668708	10108.665494	8734.919725	6728.91289	3287.534688	3379.752604	0.934618	0.967159	10108.665494	10016.447579	9732.093761	284.353818	376.571734	A=F,B=B,C=C,D=D,E=E,F=K,G=G,H=H,I=I,J=J,K=A,L=L	100	100	100
9DXD-assembly1.cif	M1239v2TS208_3	214	145	0.547665	0.671697	10108.665494	8427.264345	6662.089607	3065.838259	3446.575887	0.936655	0.967719	10108.665494	9727.927866	9598.128374	129.799493	510.537121	A=L,B=B,C=C,D=D,E=E,F=A,G=G,H=H,I=I,J=J,K=K,L=F	100	100	100
9DXF-assembly1.cif	M1239v2TS294_4	215	181	0.547236	0.661534	10179.362439	8725.589831	6920.567662	3822.856237	3258.794778	0.944588	0.973041	10179.362439	10743.423899	10179.362439	564.061459	0	A=A,B=B,C=C,D=D,E=E,F=F,G=G,H=H,I=I,J=J,K=L,L=K	100	100	100
9DXD-assembly1.cif	M1239v2TS028_3	214	113	0.546785	0.658415	10108.665494	8515.447349	6676.150958	3494.632173	3432.514536	0.935068	0.967633	10108.665494	10170.783131	9811.535356	359.247776	297.130139	A=F,B=B,C=C,D=D,E=E,F=K,G=G,H=H,I=I,J=J,K=L,L=A	100	100	100
9DXD-assembly1.cif	M1239v1TS262_4	214	56	0.546658	0.613866	10108.665494	9214.770834	6992.53772	5680.758137	3116.127774	0.746294	0.887427	10108.665494	12673.295857	10108.665494	2564.630363	0	A=A,B=B,C=C,D=D,E=E,F=L,G=G,H=H,I=I,J=J,K=K,L=F	100	100	100
9DXD-assembly1.cif	M1239v2TS286_1	214	173	0.546301	0.679929	10108.665494	7984.194293	6448.709889	2411.400699	3659.955606	0.876487	0.934178	10108.665494	8860.110587	8860.110587	0	1248.554907	A=K,B=B,C=C,D=D,E=E,F=F,G=G,H=H,I=I,J=J,K=A,L=L	100	100	100
9DXD-assembly1.cif	M1239v1TS208_2	214	39	0.545909	0.652553	10108.665494	8725.334022	6695.027799	3715.809125	3413.637696	0.935426	0.968188	10108.665494	10410.836924	9933.370926	477.465998	175.294568	A=F,B=B,C=C,D=D,E=E,F=K,G=G,H=H,I=I,J=J,K=L,L=A	100	100	100
9DXD-assembly1.cif	M1239v1TS235_2	214	44	0.545784	0.678302	10108.665494	7734.290385	6379.93881	2322.881901	3728.726684	0.860927	0.925267	10108.665494	8702.820711	8702.820711	0	1405.844783	A=K,B=B,C=C,D=D,E=E,F=L,G=A,H=F	95.109612	89.278304	66.666667
9DXF-assembly1.cif	M1239v1TS462_3	215	92	0.545629	0.639051	10179.362439	9134.977217	7051.696787	4838.227546	3127.665652	0.831958	0.922491	10179.362439	11889.924334	10179.362439	1710.561895	0	A=L,B=B,C=C,D=D,E=E,F=K,G=G,H=H,I=I,J=J,K=A,L=F	100	100	100
9DXD-assembly1.cif	M1239v1TS481_4	214	98	0.54527	0.658156	10108.665494	8589.550916	6640.42688	3429.799688	3468.238614	0.934666	0.967271	10108.665494	10070.226568	9759.22431	311.002258	349.441184	A=K,B=B,C=C,D=D,E=E,F=F,G=G,H=H,I=I,J=J,K=A,L=L	100	100	100
9DXD-assembly1.cif	M1239v1TS481_2	214	96	0.545173	0.661487	10108.665494	8307.618345	6593.071551	3232.363886	3515.593943	0.934982	0.967029	10108.665494	9825.435436	9638.425448	187.009989	470.240046	A=F,B=B,C=C,D=D,E=E,F=K,G=G,H=H,I=I,J=J,K=L,L=A	100	100	100
9DXF-assembly1.cif	M1239v1TS033_4	215	14	0.545049	0.661408	10179.362439	8426.48643	6819.20368	3621.695122	3360.15876	0.97178	0.986069	10179.362439	10440.898801	10166.501529	274.397272	12.86091	A=L,B=B,C=C,D=D,E=E,F=F,G=G,H=H,I=I,J=J,K=A,L=K	100	100	100
9DXD-assembly1.cif	M1239v1TS286_4	214	66	0.544635	0.648685	10108.665494	9139.30942	6842.917183	4146.224517	3265.748312	0.912899	0.958267	10108.665494	10989.141699	10108.665494	880.476205	0	A=L,B=B,C=C,D=D,E=E,F=A,G=G,H=H,I=I,J=J,K=F,L=K	100	100	100
9DXF-assembly1.cif	M1239v2TS235_1	215	153	0.544632	0.682514	10179.362439	7883.517842	6583.065589	2528.205968	3596.29685	0.895073	0.944632	10179.362439	9111.271558	9111.271558	0	1068.090882	A=K,B=B,C=C,D=D,E=E,F=L,G=F,H=A	95.105485	89.270561	66.666667
9DXD-assembly1.cif	M1239v2TS235_4	214	156	0.544127	0.66753	10108.665494	8246.628327	6524.188255	2914.390148	3584.477239	0.913617	0.955328	10108.665494	9438.578403	9337.015518	101.562885	771.649977	A=F,B=B,C=C,D=D,E=E,F=K,G=A,H=L	95.109612	89.278304	66.666667
9DXD-assembly1.cif	M1239v2TS286_3	214	175	0.543891	0.578944	10108.665494	9194.407838	6886.486068	6794.657608	3222.179426	0.646593	0.849832	10108.665494	13681.143676	10108.665494	3572.478182	0	A=K,B=B,C=C,D=D,E=E,F=F,G=G,H=H,I=I,J=J,K=L,L=A	100	100	100
9DXF-assembly1.cif	M1239v2TS294_3	215	180	0.543784	0.677717	10179.362439	8554.156503	6886.170844	3256.131729	3293.191595	0.988373	0.994176	10179.362439	10142.302573	10101.65367	40.648903	77.70877	A=F,B=B,C=C,D=D,E=E,F=A,G=G,H=H,I=I,J=J,K=K,L=L	100	100	100
9DXF-assembly1.cif	M1239v2TS286_1	215	173	0.543779	0.685382	10179.362439	7811.273615	6524.651427	2335.459161	3654.711013	0.870399	0.93071	10179.362439	8860.110587	8860.110587	0	1319.251852	A=L,B=B,C=C,D=D,E=E,F=F,G=G,H=H,I=I,J=J,K=A,L=K	100	100	100
9DXD-assembly1.cif	M1239v1TS462_3	214	92	0.543756	0.627466	10108.665494	9280.417225	6901.688827	4988.235507	3206.976667	0.823789	0.919028	10108.665494	11889.924334	10108.665494	1781.25884	0	A=F,B=B,C=C,D=D,E=E,F=A,G=G,H=H,I=I,J=J,K=L,L=K	100	100	100
9DXF-assembly1.cif	M1239v1TS294_4	215	71	0.542476	0.668877	10179.362439	8511.421798	6834.839483	3422.563633	3344.522957	0.987872	0.993959	10179.362439	10257.403115	10156.657497	100.745619	22.704942	A=L,B=B,C=C,D=D,E=E,F=F,G=G,H=H,I=I,J=J,K=K,L=A	100	100	100
9DXF-assembly1.cif	M1239v1TS481_5	215	99	0.542227	0.681472	10179.362439	8275.99798	6727.211586	2836.603951	3452.150853	0.93953	0.968822	10179.362439	9563.815537	9563.815537	0	615.546902	A=A,B=B,C=C,D=D,E=E,F=K,G=G,H=H,I=I,J=J,K=L,L=F	100	100	100
9DXD-assembly1.cif	M1239v2TS294_4	214	181	0.542139	0.649257	10108.665494	8979.31476	6769.17806	3974.245838	3339.487434	0.93063	0.966371	10108.665494	10743.423899	10075.427211	667.996688	33.238284	A=A,B=B,C=C,D=D,E=E,F=F,G=G,H=H,I=I,J=J,K=K,L=L	100	100	100
9DXF-assembly1.cif	M1239v1TS204_2	215	34	0.542108	0.659304	10179.362439	8957.913677	7013.580426	4082.773642	3165.782013	0.909917	0.9569	10179.362439	11096.354069	10179.362439	916.99163	0	A=L,B=B,C=C,D=D,E=E,F=F,G=G,H=H,I=I,J=J,K=K,L=A	100	100	100
9DXF-assembly1.cif	M1239v2TS204_1	215	138	0.542108	0.659304	10179.362439	8957.913677	7013.580426	4082.773642	3165.782013	0.909917	0.9569	10179.362439	11096.354069	10179.362439	916.99163	0	A=L,B=B,C=C,D=D,E=E,F=F,G=G,H=H,I=I,J=J,K=K,L=A	100	100	100
9DXF-assembly1.cif	M1239v1TS481_1	215	95	0.541671	0.671343	10179.362439	8547.316147	6841.730346	3361.123267	3337.632093	0.991333	0.995671	10179.362439	10202.853614	10146.993366	55.860247	32.369073	A=L,B=B,C=C,D=D,E=E,F=F,G=G,H=H,I=I,J=J,K=A,L=K	100	100	100
9DXF-assembly1.cif	M1239v1TS159_1	215	26	0.541154	0.666176	10179.362439	8965.683625	7004.350921	3844.807917	3175.011518	0.934201	0.968148	10179.362439	10849.158838	10179.362439	669.796399	0	A=K,B=B,C=C,D=D,E=E,F=A,G=G,H=H,I=I,J=J,K=L,L=F	100	100	100
9DXF-assembly1.cif	M1239v1TS325_1	215	78	0.541154	0.666176	10179.362439	8965.683625	7004.350921	3844.807917	3175.011518	0.934201	0.968148	10179.362439	10849.158838	10179.362439	669.796399	0	A=K,B=B,C=C,D=D,E=E,F=A,G=G,H=H,I=I,J=J,K=L,L=F	100	100	100
9DXF-assembly1.cif	M1239v2TS159_1	215	131	0.541154	0.666176	10179.362439	8965.683625	7004.350921	3844.807917	3175.011518	0.934201	0.968148	10179.362439	10849.158838	10179.362439	669.796399	0	A=K,B=B,C=C,D=D,E=E,F=A,G=G,H=H,I=I,J=J,K=L,L=F	100	100	100
9DXD-assembly1.cif	M1239v1TS294_5	214	72	0.540911	0.661143	10108.665494	8651.006624	6675.006119	3408.658884	3433.659375	0.935675	0.967798	10108.665494	10083.665003	9771.044438	312.620566	337.621057	A=K,B=B,C=C,D=D,E=E,F=F,G=G,H=H,I=I,J=J,K=L,L=A	100	100	100
9DXF-assembly1.cif	M1239v2TS235_3	215	155	0.540705	0.669148	10179.362439	8476.131473	6807.199092	3359.303121	3372.163348	0.989442	0.994718	10179.362439	10166.502213	10119.195544	47.306669	60.166896	A=L,B=B,C=C,D=D,E=E,F=F,G=A,H=K	95.105485	89.270561	66.666667
9DXD-assembly1.cif	M1239v1TS481_3	214	97	0.540348	0.653464	10108.665494	8921.019474	6807.215463	3918.363688	3301.450032	0.932119	0.967065	10108.665494	10725.579151	10074.031065	651.548085	34.634429	A=K,B=B,C=C,D=D,E=E,F=F,G=G,H=H,I=I,J=J,K=A,L=L	100	100	100
9DXF-assembly1.cif	M1239v1TS489_2	215	101	0.540047	0.667024	10179.362439	8946.995206	7007.566506	3824.502725	3171.795934	0.935879	0.968936	10179.362439	10832.069231	10179.362439	652.706792	0	A=F,B=B,C=C,D=D,E=E,F=L,G=G,H=H,I=I,J=J,K=A,L=K	100	100	100
9DXF-assembly1.cif	M1239v2TS286_4	215	176	0.539854	0.666314	10179.362439	8994.280346	6995.426278	3822.599796	3183.936162	0.937259	0.969584	10179.362439	10818.026074	10179.362439	638.663634	0	A=K,B=B,C=C,D=D,E=E,F=A,G=G,H=H,I=I,J=J,K=L,L=F	100	100	100
9DXF-assembly1.cif	M1239v1TS262_5	215	57	0.539459	0.660917	10179.362439	9010.01985	6991.844217	3986.794905	3187.518222	0.921481	0.962223	10179.362439	10978.639122	10179.362439	799.276683	0	A=A,B=B,C=C,D=D,E=E,F=K,G=G,H=H,I=I,J=J,K=L,L=F	100	100	100
9DXD-assembly1.cif	M1239v1TS462_5	214	94	0.539377	0.654055	10108.665494	8667.322203	6647.39393	3570.665429	3461.271564	0.934785	0.967568	10108.665494	10218.059359	9833.74164	384.317719	274.923854	A=L,B=B,C=C,D=D,E=E,F=K,G=G,H=H,I=I,J=J,K=F,L=A	100	100	100
9DXD-assembly1.cif	M1239v1TS033_4	214	14	0.539257	0.646745	10108.665494	8515.667076	6645.1638	3795.735001	3463.501694	0.935039	0.968045	10108.665494	10440.898801	9946.446847	494.451954	162.218647	A=K,B=B,C=C,D=D,E=E,F=F,G=G,H=H,I=I,J=J,K=A,L=L	100	100	100
9DXF-assembly1.cif	M1239v1TS489_4	215	103	0.538991	0.664424	10179.362439	8610.893367	6854.428572	3598.917276	3324.933867	0.973084	0.986721	10179.362439	10453.345848	10179.362439	273.983408	0	A=A,B=B,C=C,D=D,E=E,F=K,G=G,H=H,I=I,J=J,K=F,L=L	100	100	100
9DXF-assembly1.cif	M1239v1TS262_2	215	54	0.538853	0.660915	10179.362439	9011.776866	6992.034559	3987.264933	3187.32788	0.921416	0.962193	10179.362439	10979.299493	10179.362439	799.937053	0	A=A,B=B,C=C,D=D,E=E,F=K,G=G,H=H,I=I,J=J,K=L,L=F	100	100	100
9DXF-assembly1.cif	M1239v1TS489_3	215	102	0.538369	0.664849	10179.362439	8664.916336	6876.238852	3629.527837	3303.123588	0.967935	0.98422	10179.362439	10505.766688	10179.362439	326.404249	0	A=L,B=B,C=C,D=D,E=E,F=F,G=G,H=H,I=I,J=J,K=K,L=A	100	100	100
9DXD-assembly1.cif	M1239v1TS204_2	214	34	0.537689	0.644865	10108.665494	9216.539815	6837.189994	4259.164075	3271.4755	0.902293	0.953422	10108.665494	11096.354069	10108.665494	987.688575	0	A=K,B=B,C=C,D=D,E=E,F=F,G=G,H=H,I=I,J=J,K=L,L=A	100	100	100
9DXD-assembly1.cif	M1239v2TS204_1	214	138	0.537689	0.644865	10108.665494	9216.539815	6837.189994	4259.164075	3271.4755	0.902293	0.953422	10108.665494	11096.354069	10108.665494	987.688575	0	A=K,B=B,C=C,D=D,E=E,F=F,G=G,H=H,I=I,J=J,K=L,L=A	100	100	100
9DXD-assembly1.cif	M1239v1TS489_2	214	101	0.537116	0.65518	10108.665494	9182.146078	6859.975222	3972.094009	3248.690272	0.924249	0.963433	10108.665494	10832.069231	10087.495661	744.57357	21.169833	A=F,B=B,C=C,D=D,E=E,F=K,G=G,H=H,I=I,J=J,K=A,L=L	100	100	100
9DXD-assembly1.cif	M1239v1TS091_4	214	19	0.536652	0.64812	10108.665494	8910.380374	6712.185503	3891.933869	3396.479991	0.932684	0.967147	10108.665494	10604.119373	10016.15486	587.964512	92.510634	A=F,B=B,C=C,D=D,E=E,F=K,G=G,H=H,I=I,J=J,K=A,L=L	100	100	100
9DXD-assembly1.cif	M1239v2TS091_4	214	124	0.536652	0.64812	10108.665494	8910.380374	6712.185503	3891.933869	3396.479991	0.932684	0.967147	10108.665494	10604.119373	10016.15486	587.964512	92.510634	A=F,B=B,C=C,D=D,E=E,F=K,G=G,H=H,I=I,J=J,K=A,L=L	100	100	100
9DXF-assembly1.cif	M1239v1TS489_5	215	104	0.53658	0.653939	10179.362439	8476.875347	6747.515482	3709.663123	3431.846958	0.972708	0.986538	10179.362439	10457.178605	10179.362439	277.816166	0	A=A,B=B,C=C,D=D,E=E,F=K,G=G,H=H,I=I,J=J,K=L,L=F	100	100	100
9DXD-assembly1.cif	M1239v2TS294_1	214	178	0.535846	0.665876	10108.665494	8445.593168	6564.599801	3043.908893	3544.065694	0.933436	0.965874	10108.665494	9608.508694	9522.15209	86.356604	586.513404	A=F,B=B,C=C,D=D,E=E,F=A,G=G,H=H,I=I,J=J,K=L,L=K	100	100	100
9DXD-assembly1.cif	M1239v1TS235_4	214	46	0.535418	0.639625	10108.665494	8414.907994	6533.533335	3787.076086	3575.132159	0.936787	0.968721	10108.665494	10320.609421	9895.137291	425.47213	213.528203	A=F,B=B,C=C,D=D,E=E,F=K,G=L,H=A	95.109612	89.278304	66.666667
9DXF-assembly1.cif	M1239v2TS481_4	215	207	0.534348	0.640892	10179.362439	8775.242337	6921.493228	4498.715414	3257.869211	0.878102	0.942552	10179.362439	11420.208642	10179.362439	1240.846203	0	A=F,B=B,C=C,D=D,E=E,F=L,G=G,H=H,I=I,J=J,K=K,L=A	100	100	100
9DXD-assembly1.cif	M1239v2TS489_4	214	212	0.53363	0.65156	10108.665494	8178.750233	6475.708528	3293.181022	3632.956967	0.934786	0.966835	10108.665494	9768.88955	9609.162816	159.726734	499.502678	A=A,B=B,C=C,D=D,E=E,F=L,G=G,H=H,I=I,J=J,K=K,L=F	100	100	100
9DXD-assembly1.cif	M1239v1TS262_3	214	55	0.5333	0.593444	10108.665494	9294.943523	6879.545162	6196.940233	3229.120333	0.706408	0.871995	10108.665494	13076.485395	10108.665494	2967.819901	0	A=L,B=B,C=C,D=D,E=E,F=A,G=G,H=H,I=I,J=J,K=F,L=K	100	100	100
9DXD-assembly1.cif	M1239v1TS262_1	214	53	0.533211	0.593456	10108.665494	9300.724144	6880.212325	6198.037822	3228.453169	0.706234	0.871928	10108.665494	13078.250147	10108.665494	2969.584653	0	A=L,B=B,C=C,D=D,E=E,F=A,G=G,H=H,I=I,J=J,K=F,L=K	100	100	100
9DXD-assembly1.cif	M1239v1TS110_3	214	23	0.533108	0.662704	10108.665494	8734.377063	6681.925308	3375.058398	3426.740187	0.933911	0.966871	10108.665494	10056.983706	9748.786617	308.197089	359.878877	A=L,B=B,C=C,D=D,E=E,F=K,G=G,H=H,I=I,J=J,K=F,L=A	100	100	100
9DXD-assembly1.cif	M1239v1TS235_5	214	47	0.53277	0.677029	10108.665494	7842.076734	6378.919257	2356.287039	3729.746237	0.864131	0.927114	10108.665494	8735.206296	8735.206296	0	1373.459198	A=F,B=B,C=C,D=D,E=E,F=K,G=L,H=A	95.109612	89.278304	66.666667
9DXD-assembly1.cif	M1239v2TS294_3	214	180	0.532714	0.659673	10108.665494	8769.234147	6679.51259	3462.789983	3429.152905	0.935375	0.967741	10108.665494	10142.302573	9798.846656	343.455917	309.818838	A=K,B=B,C=C,D=D,E=E,F=L,G=G,H=H,I=I,J=J,K=A,L=F	100	100	100
9DXD-assembly1.cif	M1239v1TS204_5	214	37	0.531691	0.642855	10108.665494	9293.402991	6834.792997	4320.428288	3273.872497	0.896469	0.950782	10108.665494	11155.221285	10108.665494	1046.555791	0	A=K,B=B,C=C,D=D,E=E,F=F,G=G,H=H,I=I,J=J,K=A,L=L	100	100	100
9DXD-assembly1.cif	M1239v2TS235_1	214	153	0.531646	0.667836	10108.665494	8135.546114	6417.882923	2693.388635	3690.782572	0.899752	0.947275	10108.665494	9111.271558	9103.281401	7.990157	1005.384093	A=L,B=B,C=C,D=D,E=E,F=K,G=F,H=A	95.109612	89.278304	66.666667
9DXF-assembly1.cif	M1239v1TS489_1	215	100	0.530681	0.658391	10179.362439	9001.179426	6986.515569	4057.135696	3192.84687	0.915094	0.959276	10179.362439	11043.651265	10179.362439	864.288826	0	A=L,B=B,C=C,D=D,E=E,F=F,G=G,H=H,I=I,J=J,K=K,L=A	100	100	100
9DXD-assembly1.cif	M1239v1TS489_5	214	104	0.530404	0.642997	10108.665494	8706.423407	6611.884759	3845.293846	3496.780735	0.93475	0.967928	10108.665494	10457.178605	9953.128624	504.049981	155.53687	A=K,B=B,C=C,D=D,E=E,F=F,G=G,H=H,I=I,J=J,K=A,L=L	100	100	100
9DXD-assembly1.cif	M1239v1TS110_1	214	21	0.530016	0.661015	10108.665494	8170.382368	6409.750733	2875.246189	3698.914761	0.91546	0.955935	10108.665494	9284.996922	9269.537082	15.45984	839.128412	A=K,B=B,C=C,D=D,E=E,F=F,G=G,H=H,I=I,J=J,K=L,L=A	100	100	100
9DXF-assembly1.cif	M1239v1TS204_5	215	37	0.529655	0.653695	10179.362439	9032.31187	6973.151761	4182.069524	3206.210678	0.904134	0.954259	10179.362439	11155.221285	10179.362439	975.858845	0	A=F,B=B,C=C,D=D,E=E,F=L,G=G,H=H,I=I,J=J,K=K,L=A	100	100	100
9DXD-assembly1.cif	M1239v2TS481_4	214	207	0.529097	0.626094	10108.665494	9007.220112	6739.551797	4680.656845	3369.113697	0.870256	0.93908	10108.665494	11420.208642	10108.665494	1311.543148	0	A=K,B=B,C=C,D=D,E=E,F=F,G=G,H=H,I=I,J=J,K=A,L=L	100	100	100
9DXF-assembly1.cif	M1239v1TS235_1	215	43	0.528669	0.672336	10179.362439	8387.264305	6715.330739	3081.428078	3464.0317	0.962414	0.980847	10179.362439	9796.758817	9796.758817	0	382.603622	A=L,B=B,C=C,D=D,E=E,F=K,G=A,H=F	95.105485	89.270561	66.666667
9DXD-assembly1.cif	M1239v1TS489_1	214	100	0.52838	0.646438	10108.665494	9246.958286	6836.827761	4206.823504	3271.837733	0.907507	0.955797	10108.665494	11043.651265	10108.665494	934.985771	0	A=K,B=B,C=C,D=D,E=E,F=F,G=G,H=H,I=I,J=J,K=L,L=A	100	100	100
9DXD-assembly1.cif	M1239v1TS294_4	214	71	0.5281	0.650178	10108.665494	8737.966302	6620.787609	3636.615506	3487.877885	0.934518	0.967498	10108.665494	10257.403115	9852.068707	405.334408	256.596787	A=K,B=B,C=C,D=D,E=E,F=F,G=G,H=H,I=I,J=J,K=L,L=A	100	100	100
9DXD-assembly1.cif	M1239v2TS235_3	214	155	0.527673	0.652445	10108.665494	8719.09988	6614.21666	3552.285553	3494.448834	0.934053	0.96712	10108.665494	10166.502213	9804.263288	362.238925	304.402206	A=L,B=B,C=C,D=D,E=E,F=A,G=F,H=K	95.109612	89.278304	66.666667
9DXD-assembly1.cif	M1239v1TS489_3	214	102	0.527434	0.648733	10108.665494	8876.064547	6686.629692	3819.136997	3422.035803	0.933557	0.967419	10108.665494	10505.766688	9971.39265	534.374038	137.272844	A=A,B=B,C=C,D=D,E=E,F=L,G=G,H=H,I=I,J=J,K=F,L=K	100	100	100
9DXD-assembly1.cif	M1239v1TS159_1	214	26	0.526489	0.646029	10108.665494	9155.139926	6769.683213	4079.475625	3338.982281	0.926221	0.964414	10108.665494	10849.158838	10106.008627	743.150211	2.656867	A=A,B=B,C=C,D=D,E=E,F=L,G=G,H=H,I=I,J=J,K=F,L=K	100	100	100
9DXD-assembly1.cif	M1239v1TS325_1	214	78	0.526489	0.646029	10108.665494	9155.139926	6769.683213	4079.475625	3338.982281	0.926221	0.964414	10108.665494	10849.158838	10106.008627	743.150211	2.656867	A=A,B=B,C=C,D=D,E=E,F=L,G=G,H=H,I=I,J=J,K=F,L=K	100	100	100
9DXD-assembly1.cif	M1239v2TS159_1	214	131	0.526489	0.646029	10108.665494	9155.139926	6769.683213	4079.475625	3338.982281	0.926221	0.964414	10108.665494	10849.158838	10106.008627	743.150211	2.656867	A=A,B=B,C=C,D=D,E=E,F=L,G=G,H=H,I=I,J=J,K=F,L=K	100	100	100
9DXF-assembly1.cif	M1239v1TS159_2	215	27	0.52647	0.666723	10179.362439	9181.691688	7038.142419	3895.147073	3141.22002	0.925936	0.96429	10179.362439	10933.289492	10179.362439	753.927053	0	A=K,B=B,C=C,D=D,E=E,F=A,G=G,H=H,I=I,J=J,K=L,L=F	100	100	100
9DXF-assembly1.cif	M1239v1TS325_2	215	79	0.52647	0.666723	10179.362439	9181.691688	7038.142419	3895.147073	3141.22002	0.925936	0.96429	10179.362439	10933.289492	10179.362439	753.927053	0	A=K,B=B,C=C,D=D,E=E,F=A,G=G,H=H,I=I,J=J,K=L,L=F	100	100	100
9DXF-assembly1.cif	M1239v2TS159_2	215	132	0.52647	0.666723	10179.362439	9181.691688	7038.142419	3895.147073	3141.22002	0.925936	0.96429	10179.362439	10933.289492	10179.362439	753.927053	0	A=K,B=B,C=C,D=D,E=E,F=A,G=G,H=H,I=I,J=J,K=L,L=F	100	100	100
9DXF-assembly1.cif	M1239v2TS325_2	215	188	0.52647	0.666723	10179.362439	9181.691688	7038.142419	3895.147073	3141.22002	0.925936	0.96429	10179.362439	10933.289492	10179.362439	753.927053	0	A=K,B=B,C=C,D=D,E=E,F=A,G=G,H=H,I=I,J=J,K=L,L=F	100	100	100
9DXD-assembly1.cif	M1239v1TS481_1	214	95	0.525709	0.651276	10108.665494	8716.26736	6614.206338	3588.647275	3494.459156	0.934667	0.967485	10108.665494	10202.853614	9825.543793	377.30982	283.121701	A=F,B=B,C=C,D=D,E=E,F=K,G=G,H=H,I=I,J=J,K=L,L=A	100	100	100
9DXD-assembly1.cif	M1239v1TS235_1	214	43	0.523554	0.652528	10108.665494	8361.545817	6494.419473	3302.339344	3614.246021	0.935458	0.967223	10108.665494	9796.758817	9626.493855	170.264963	482.17164	A=A,B=B,C=C,D=D,E=E,F=F,G=K,H=L	95.109612	89.278304	66.666667
9DXD-assembly1.cif	M1239v1TS489_4	214	103	0.523205	0.643393	10108.665494	8783.06788	6614.726242	3838.619606	3493.939252	0.934585	0.967841	10108.665494	10453.345848	9950.376196	502.969651	158.289298	A=L,B=B,C=C,D=D,E=E,F=A,G=G,H=H,I=I,J=J,K=K,L=F	100	100	100
9DXD-assembly1.cif	M1239v1TS159_2	214	27	0.522701	0.648278	10108.665494	9129.732106	6820.520713	4112.768779	3288.144782	0.918424	0.96081	10108.665494	10933.289492	10108.665494	824.623998	0	A=K,B=B,C=C,D=D,E=E,F=F,G=G,H=H,I=I,J=J,K=L,L=A	100	100	100
9DXD-assembly1.cif	M1239v1TS325_2	214	79	0.522701	0.648278	10108.665494	9129.732106	6820.520713	4112.768779	3288.144782	0.918424	0.96081	10108.665494	10933.289492	10108.665494	824.623998	0	A=K,B=B,C=C,D=D,E=E,F=F,G=G,H=H,I=I,J=J,K=L,L=A	100	100	100
9DXD-assembly1.cif	M1239v2TS159_2	214	132	0.522701	0.648278	10108.665494	9129.732106	6820.520713	4112.768779	3288.144782	0.918424	0.96081	10108.665494	10933.289492	10108.665494	824.623998	0	A=K,B=B,C=C,D=D,E=E,F=F,G=G,H=H,I=I,J=J,K=L,L=A	100	100	100
9DXD-assembly1.cif	M1239v2TS325_2	214	188	0.522701	0.648278	10108.665494	9129.732106	6820.520713	4112.768779	3288.144782	0.918424	0.96081	10108.665494	10933.289492	10108.665494	824.623998	0	A=K,B=B,C=C,D=D,E=E,F=F,G=G,H=H,I=I,J=J,K=L,L=A	100	100	100
9DXD-assembly1.cif	M1239v1TS262_2	214	54	0.520055	0.640053	10108.665494	9189.375474	6748.70662	4230.592873	3359.958874	0.913873	0.958714	10108.665494	10979.299493	10108.665494	870.633998	0	A=L,B=B,C=C,D=D,E=E,F=A,G=G,H=H,I=I,J=J,K=F,L=K	100	100	100
9DXD-assembly1.cif	M1239v1TS262_5	214	57	0.519893	0.639927	10108.665494	9190.439619	6747.170278	4231.468845	3361.495217	0.913938	0.958744	10108.665494	10978.639122	10108.665494	869.973628	0	A=L,B=B,C=C,D=D,E=E,F=A,G=G,H=H,I=I,J=J,K=F,L=K	100	100	100
9DXD-assembly1.cif	M1239v2TS286_4	214	176	0.518824	0.644547	10108.665494	9127.984315	6744.116176	4073.909898	3364.549319	0.929543	0.965966	10108.665494	10818.026074	10107.235106	710.790968	1.430388	A=F,B=B,C=C,D=D,E=E,F=K,G=G,H=H,I=I,J=J,K=A,L=L	100	100	100
9DXD-assembly1.cif	M1239v1TS481_5	214	99	0.51689	0.652461	10108.665494	8196.915896	6417.765502	3146.050035	3690.899992	0.936831	0.967541	10108.665494	9563.815537	9516.961698	46.853839	591.703796	A=L,B=B,C=C,D=D,E=E,F=A,G=G,H=H,I=I,J=J,K=F,L=K	100	100	100
9DXD-assembly1.cif	M1239v1TS272_5	214	62	0.247471	0.267654	10108.665494	4146.137006	2913.856514	8750.763949	7194.80898	0.571314	0.800974	10108.665494	11664.620463	8719.922518	2944.697945	1388.742976	A=F,B=B,C=C,D=D,E=E,F=L,G=G,H=H,I=I,J=J,K=K,L=A	100	100	100
9DXD-assembly1.cif	M1239v2TS272_5	214	172	0.247471	0.267654	10108.665494	4146.137006	2913.856514	8750.763949	7194.80898	0.571314	0.800974	10108.665494	11664.620463	8719.922518	2944.697945	1388.742976	A=F,B=B,C=C,D=D,E=E,F=L,G=G,H=H,I=I,J=J,K=K,L=A	100	100	100
9DXF-assembly1.cif	M1239v1TS272_5	215	62	0.226952	0.246062	10179.362439	3705.745784	2687.486159	8977.134303	7491.87628	0.647838	0.835892	10179.362439	11664.620463	9129.601411	2535.019051	1049.761028	A=A,B=B,C=C,D=D,E=E,F=L,G=G,H=H,I=I,J=J,K=K,L=F	100	100	100
9DXF-assembly1.cif	M1239v2TS272_5	215	172	0.226952	0.246062	10179.362439	3705.745784	2687.486159	8977.134303	7491.87628	0.647838	0.835892	10179.362439	11664.620463	9129.601411	2535.019051	1049.761028	A=A,B=B,C=C,D=D,E=E,F=L,G=G,H=H,I=I,J=J,K=K,L=F	100	100	100
9DXF-assembly1.cif	M1239v1TS272_1	215	58	0.209691	0.241603	10179.362439	3402.515475	2557.474695	8434.075946	7621.887745	0.920212	0.961637	10179.362439	10991.550641	10179.362439	812.188201	0	A=A,B=B,C=C,D=D,E=E,F=F,G=G,H=H,I=I,J=J,K=K,L=L	100	100	100
9DXF-assembly1.cif	M1239v2TS272_1	215	168	0.209691	0.241603	10179.362439	3402.515475	2557.474695	8434.075946	7621.887745	0.920212	0.961637	10179.362439	10991.550641	10179.362439	812.188201	0	A=A,B=B,C=C,D=D,E=E,F=F,G=G,H=H,I=I,J=J,K=K,L=L	100	100	100
9DXD-assembly1.cif	M1239v1TS272_1	214	58	0.196199	0.228988	10108.665494	3510.994818	2415.845877	8575.704764	7692.819617	0.907246	0.955564	10108.665494	10991.550641	10081.299633	910.251008	27.365861	A=A,B=B,C=C,D=D,E=E,F=F,G=G,H=H,I=I,J=J,K=L,L=K	100	100	100
9DXD-assembly1.cif	M1239v2TS272_1	214	168	0.196199	0.228988	10108.665494	3510.994818	2415.845877	8575.704764	7692.819617	0.907246	0.955564	10108.665494	10991.550641	10081.299633	910.251008	27.365861	A=A,B=B,C=C,D=D,E=E,F=F,G=G,H=H,I=I,J=J,K=L,L=K	100	100	100
9DXF-assembly1.cif	M1239v1TS272_3	215	60	0.189936	0.257696	10179.362439	2748.63878	2256.808507	5079.098756	7922.553933	0.59958	0.767288	10179.362439	7335.907263	6719.62541	616.281853	3459.737029	A=A,B=B,C=C,D=D,E=E,F=L,G=G,H=H,I=I,J=J,K=K,L=F	100	100	100
9DXF-assembly1.cif	M1239v2TS272_3	215	170	0.189936	0.257696	10179.362439	2748.63878	2256.808507	5079.098756	7922.553933	0.59958	0.767288	10179.362439	7335.907263	6719.62541	616.281853	3459.737029	A=A,B=B,C=C,D=D,E=E,F=L,G=G,H=H,I=I,J=J,K=K,L=F	100	100	100
9DXD-assembly1.cif	M1239v2TS304_2	214	184	0.189853	0.308927	10108.665494	2308.013102	2100.034433	1386.986118	8008.631061	0.344954	0.51296	10108.665494	3487.020551	3487.020551	0	6621.644943	A=F,B=B,C=C,D=D,E=E,F=A,G=G,H=H,I=I,J=J	54.890388	60.721696	83.333333
9DXD-assembly1.cif	M1239v2TS304_3	214	185	0.187751	0.3034	10108.665494	2275.323941	2068.073967	1455.927718	8040.591528	0.348612	0.516994	10108.665494	3524.001685	3524.001685	0	6584.663809	A=F,B=B,C=C,D=D,E=E,F=A,G=G,H=H,I=I,J=J	54.890388	60.721696	83.333333
9DXD-assembly1.cif	M1239v1TS241_1	214	48	0.187713	0.310373	10108.665494	2321.157081	2095.455058	1298.679776	8013.210436	0.335765	0.502731	10108.665494	3394.134834	3394.134834	0	6714.53066	A=A,B=B,C=C,D=D,E=E,F=F,G=G,H=H,I=I,J=J	54.890388	60.721696	83.333333
9DXF-assembly1.cif	M1239v1TS241_1	215	48	0.187573	0.309559	10179.362439	2305.173049	2100.900139	1293.234695	8078.4623	0.333433	0.500112	10179.362439	3394.134834	3394.134834	0	6785.227605	A=A,B=B,C=C,D=D,E=E,F=F,G=G,H=H,I=I,J=J	54.894515	60.729439	83.333333
9DXF-assembly1.cif	M1239v2TS304_2	215	184	0.187441	0.307171	10179.362439	2308.896653	2098.959358	1388.061194	8080.403082	0.342558	0.510306	10179.362439	3487.020551	3487.020551	0	6692.341888	A=A,B=B,C=C,D=D,E=E,F=F,G=G,H=H,I=I,J=J	54.894515	60.729439	83.333333
9DXF-assembly1.cif	M1239v2TS304_3	215	185	0.187368	0.299793	10179.362439	2236.770282	2054.08677	1469.914915	8125.275669	0.346191	0.514327	10179.362439	3524.001685	3524.001685	0	6655.360754	A=A,B=B,C=C,D=D,E=E,F=F,G=G,H=H,I=I,J=J	54.894515	60.729439	83.333333
9DXF-assembly1.cif	M1239v1TS272_4	215	61	0.18695	0.264367	10179.362439	2850.766994	2243.627391	4550.57276	7935.735048	0.652797	0.791776	10179.362439	6794.200151	6719.629948	74.570203	3459.732491	A=A,B=B,C=C,D=D,E=E,F=L,G=G,H=H,I=I,J=J,K=K,L=F	100	100	100
9DXF-assembly1.cif	M1239v2TS272_4	215	171	0.18695	0.264367	10179.362439	2850.766994	2243.627391	4550.57276	7935.735048	0.652797	0.791776	10179.362439	6794.200151	6719.629948	74.570203	3459.732491	A=A,B=B,C=C,D=D,E=E,F=L,G=G,H=H,I=I,J=J,K=K,L=F	100	100	100
9DXD-assembly1.cif	M1239v2TS241_4	214	161	0.186896	0.306762	10108.665494	2307.62465	2083.319252	1390.664116	8025.346242	0.343664	0.511533	10108.665494	3473.983369	3473.983369	0	6634.682126	A=F,B=B,C=C,D=D,E=E,F=A,G=G,H=H,I=I,J=J	54.890388	60.721696	83.333333
9DXD-assembly1.cif	M1239v2TS304_1	214	183	0.186704	0.305188	10108.665494	2423.002989	2111.328825	1616.239951	7997.336669	0.36875	0.538813	10108.665494	3727.568776	3727.568776	0	6381.096718	A=A,B=B,C=C,D=D,E=E,F=F,G=G,H=H,I=I,J=J	54.890388	60.721696	83.333333
9DXD-assembly1.cif	M1239v2TS304_5	214	187	0.186456	0.302542	10108.665494	2333.782396	2089.655818	1615.656287	8019.009677	0.366548	0.536458	10108.665494	3705.312105	3705.312105	0	6403.35339	A=F,B=B,C=C,D=D,E=E,F=A,G=G,H=H,I=I,J=J	54.890388	60.721696	83.333333
9DXD-assembly1.cif	M1239v1TS241_3	214	50	0.186264	0.307296	10108.665494	2343.317456	2085.599986	1379.625603	8023.065508	0.342798	0.510572	10108.665494	3465.22559	3465.22559	0	6643.439905	A=F,B=B,C=C,D=D,E=E,F=A,G=G,H=H,I=I,J=J	54.890388	60.721696	83.333333
9DXF-assembly1.cif	M1239v1TS241_3	215	50	0.186064	0.305594	10179.362439	2329.068122	2084.85535	1380.37024	8094.50709	0.340417	0.507927	10179.362439	3465.22559	3465.22559	0	6714.13685	A=F,B=B,C=C,D=D,E=E,F=A,G=G,H=H,I=I,J=J	54.894515	60.729439	83.333333
9DXF-assembly1.cif	M1239v2TS304_5	215	187	0.185934	0.301819	10179.362439	2321.29672	2095.331412	1609.980693	8084.031028	0.364002	0.533727	10179.362439	3705.312105	3705.312105	0	6474.050335	A=F,B=B,C=C,D=D,E=E,F=A,G=G,H=H,I=I,J=J	54.894515	60.729439	83.333333
9DXF-assembly1.cif	M1239v2TS304_1	215	183	0.185201	0.304095	10179.362439	2408.531211	2114.512519	1613.056257	8064.84992	0.366189	0.536074	10179.362439	3727.568776	3727.568776	0	6451.793663	A=A,B=B,C=C,D=D,E=E,F=F,G=G,H=H,I=I,J=J	54.894515	60.729439	83.333333
9DXF-assembly1.cif	M1239v2TS241_4	215	161	0.185098	0.303453	10179.362439	2274.581739	2071.574676	1402.408692	8107.787763	0.341277	0.508884	10179.362439	3473.983369	3473.983369	0	6705.379071	A=A,B=B,C=C,D=D,E=E,F=F,G=G,H=H,I=I,J=J	54.894515	60.729439	83.333333
9DXD-assembly1.cif	M1239v2TS241_1	214	158	0.185072	0.299385	10108.665494	2341.866739	2048.995212	1530.389352	8059.670282	0.354091	0.522994	10108.665494	3579.384564	3579.384564	0	6529.280931	A=A,B=B,C=C,D=D,E=E,F=F,G=G,H=H,I=I,J=J	54.890388	60.721696	83.333333
9DXF-assembly1.cif	M1239v2TS241_1	215	158	0.184972	0.297438	10179.362439	2299.360056	2046.188923	1533.195641	8133.173517	0.351632	0.520307	10179.362439	3579.384564	3579.384564	0	6599.977876	A=A,B=B,C=C,D=D,E=E,F=F,G=G,H=H,I=I,J=J	54.894515	60.729439	83.333333
9DXF-assembly1.cif	M1239v2TS241_2	215	159	0.184661	0.303116	10179.362439	2340.894725	2084.453134	1489.704959	8094.909305	0.351118	0.519744	10179.362439	3574.158094	3574.158094	0	6605.204346	A=F,B=B,C=C,D=D,E=E,F=A,G=G,H=H,I=I,J=J	54.894515	60.729439	83.333333
9DXD-assembly1.cif	M1239v2TS241_3	214	160	0.184591	0.30007	10108.665494	2399.638818	2053.974893	1527.318815	8054.690601	0.35428	0.5232	10108.665494	3581.293709	3581.293709	0	6527.371786	A=A,B=B,C=C,D=D,E=E,F=F,G=G,H=H,I=I,J=J	54.890388	60.721696	83.333333
9DXD-assembly1.cif	M1239v1TS304_4	214	76	0.184539	0.29839	10108.665494	2200.883789	2006.704865	1334.858037	8101.960629	0.330564	0.496878	10108.665494	3341.562902	3341.562902	0	6767.102592	A=F,B=B,C=C,D=D,E=E,F=A,G=G,H=H,I=I,J=J	54.890388	60.721696	83.333333
9DXD-assembly1.cif	M1239v1TS304_2	214	74	0.182019	0.305087	10108.665494	2193.147364	2004.649304	1028.174745	8104.016191	0.300022	0.461565	10108.665494	3032.824049	3032.824049	0	7075.841446	A=A,B=B,C=C,D=D,E=E,F=F,G=G,H=H,I=I,J=J	54.890388	60.721696	83.333333
9DXD-assembly1.cif	M1239v2TS241_2	214	159	0.181812	0.302601	10108.665494	2349.771277	2070.214753	1503.94334	8038.450741	0.353574	0.52243	10108.665494	3574.158094	3574.158094	0	6534.507401	A=A,B=B,C=C,D=D,E=E,F=F,G=G,H=H,I=I,J=J	54.890388	60.721696	83.333333
9DXF-assembly1.cif	M1239v1TS304_4	215	76	0.181254	0.291684	10179.362439	2158.370807	1971.917086	1369.645816	8207.445354	0.328268	0.49428	10179.362439	3341.562902	3341.562902	0	6837.799538	A=L,B=B,C=C,D=D,E=E,F=K,G=G,H=H,I=I,J=J	54.894515	60.729439	83.333333
9DXF-assembly1.cif	M1239v1TS272_2	215	59	0.181047	0.250706	10179.362439	2899.726228	2190.268221	5103.137277	7989.094218	0.620844	0.779109	10179.362439	7293.405498	6806.599028	486.80647	3372.763412	A=L,B=B,C=C,D=D,E=E,F=A,G=G,H=H,I=I,J=J,K=F,L=K	100	100	100
9DXF-assembly1.cif	M1239v2TS272_2	215	169	0.181047	0.250706	10179.362439	2899.726228	2190.268221	5103.137277	7989.094218	0.620844	0.779109	10179.362439	7293.405498	6806.599028	486.80647	3372.763412	A=L,B=B,C=C,D=D,E=E,F=A,G=G,H=H,I=I,J=J,K=F,L=K	100	100	100
9DXF-assembly1.cif	M1239v2TS241_3	215	160	0.180537	0.292521	10179.362439	2318.586941	2012.639355	1568.654354	8166.723085	0.351819	0.520512	10179.362439	3581.293709	3581.293709	0	6598.068731	A=K,B=B,C=C,D=D,E=E,F=L,G=G,H=H,I=I,J=J	54.894515	60.729439	83.333333
9DXD-assembly1.cif	M1239v1TS272_2	214	59	0.179758	0.251703	10108.665494	2993.909438	2190.074845	5103.330652	7918.590649	0.544131	0.735191	10108.665494	7293.405498	6396.920134	896.485364	3711.74536	A=L,B=B,C=C,D=D,E=E,F=F,G=G,H=H,I=I,J=J,K=A,L=K	100	100	100
9DXD-assembly1.cif	M1239v2TS272_2	214	169	0.179758	0.251703	10108.665494	2993.909438	2190.074845	5103.330652	7918.590649	0.544131	0.735191	10108.665494	7293.405498	6396.920134	896.485364	3711.74536	A=L,B=B,C=C,D=D,E=E,F=F,G=G,H=H,I=I,J=J,K=A,L=K	100	100	100
9DXF-assembly1.cif	M1239v1TS304_2	215	74	0.177737	0.300163	10179.362439	2175.358212	1982.906509	1049.91754	8196.45593	0.297939	0.459095	10179.362439	3032.824049	3032.824049	0	7146.538391	A=A,B=B,C=C,D=D,E=E,F=F,G=G,H=H,I=I,J=J	54.894515	60.729439	83.333333
9DXD-assembly1.cif	M1239v1TS272_3	214	60	0.175327	0.241842	10108.665494	2672.94989	2109.415127	5226.492136	7999.250367	0.670841	0.809261	10108.665494	7335.907263	7058.607359	277.299904	3050.058136	A=L,B=B,C=C,D=D,E=E,F=F,G=G,H=H,I=I,J=J,K=A,L=K	100	100	100
9DXD-assembly1.cif	M1239v2TS272_3	214	170	0.175327	0.241842	10108.665494	2672.94989	2109.415127	5226.492136	7999.250367	0.670841	0.809261	10108.665494	7335.907263	7058.607359	277.299904	3050.058136	A=L,B=B,C=C,D=D,E=E,F=F,G=G,H=H,I=I,J=J,K=A,L=K	100	100	100
9DXD-assembly1.cif	M1239v1TS304_3	214	75	0.168171	0.300489	10108.665494	2063.23061	1857.344235	396.134697	8251.321259	0.222925	0.364577	10108.665494	2253.478933	2253.478933	0	7855.186562	A=A,B=B,C=C,D=D,E=E,F=F,G=G,H=H,I=I,J=J	54.890388	60.721696	83.333333
9DXD-assembly1.cif	M1239v1TS272_4	214	61	0.16745	0.232258	10108.665494	2520.314166	1962.914257	4831.285893	8145.751237	0.672116	0.803911	10108.665494	6794.200151	6794.200151	0	3314.465343	A=L,B=B,C=C,D=D,E=E,F=F,G=G,H=H,I=I,J=J,K=A,L=K	100	100	100
9DXD-assembly1.cif	M1239v2TS272_4	214	171	0.16745	0.232258	10108.665494	2520.314166	1962.914257	4831.285893	8145.751237	0.672116	0.803911	10108.665494	6794.200151	6794.200151	0	3314.465343	A=L,B=B,C=C,D=D,E=E,F=F,G=G,H=H,I=I,J=J,K=A,L=K	100	100	100
9DXF-assembly1.cif	M1239v1TS304_3	215	75	0.165877	0.29714	10179.362439	2026.697632	1847.144193	406.334739	8332.218246	0.221377	0.362504	10179.362439	2253.478933	2253.478933	0	7925.883507	A=A,B=B,C=C,D=D,E=E,F=F,G=G,H=H,I=I,J=J	54.894515	60.729439	83.333333
9DXD-assembly1.cif	M1239v1TS304_5	214	77	0.16573	0.270164	10108.665494	1785.583454	1730.446052	971.212579	8378.219443	0.267262	0.421794	10108.665494	2701.658631	2701.658631	0	7407.006863	A=A,B=B,C=C,D=D,E=E,F=F,G=G,H=H,I=I,J=J	54.890388	60.721696	83.333333
9DXD-assembly1.cif	M1239v2TS241_5	214	162	0.165073	0.296247	10108.665494	2218.617816	1873.502085	666.05504	8235.163409	0.251226	0.401567	10108.665494	2539.557126	2539.557126	0	7569.108369	A=A,B=B,C=C,D=D,E=E,F=F,G=G,H=H,I=I,J=J	54.890388	60.721696	83.333333
9DXD-assembly1.cif	M1239v1TS241_2	214	49	0.16377	0.300077	10108.665494	2106.916561	1850.415831	373.855322	8258.249664	0.220036	0.360704	10108.665494	2224.271153	2224.271153	0	7884.394341	A=A,B=B,C=C,D=D,E=E,F=F,G=G,H=H,I=I,J=J	54.890388	60.721696	83.333333
9DXF-assembly1.cif	M1239v2TS241_5	215	162	0.163533	0.292215	10179.362439	2161.586754	1858.326459	681.230666	8321.03598	0.249481	0.399335	10179.362439	2539.557126	2539.557126	0	7639.805314	A=F,B=B,C=C,D=D,E=E,F=A,G=G,H=H,I=I,J=J	54.894515	60.729439	83.333333
9DXF-assembly1.cif	M1239v1TS304_5	215	77	0.161664	0.266378	10179.362439	1785.583454	1715.610184	986.048447	8463.752255	0.265405	0.419479	10179.362439	2701.658631	2701.658631	0	7477.703808	A=K,B=B,C=C,D=D,E=E,F=L,G=G,H=H,I=I,J=J	54.894515	60.729439	83.333333
9DXD-assembly1.cif	M1239v2TS304_4	214	186	0.161477	0.29211	10108.665494	1970.555004	1779.204823	293.857347	8329.460671	0.205078	0.340356	10108.665494	2073.06217	2073.06217	0	8035.603324	A=F,B=B,C=C,D=D,E=E,F=A,G=G,H=H,I=I,J=J	54.890388	60.721696	83.333333
9DXF-assembly1.cif	M1239v1TS241_2	215	49	0.161347	0.290538	10179.362439	2047.855642	1801.862304	422.408849	8377.500136	0.218508	0.358648	10179.362439	2224.271153	2224.271153	0	7955.091286	A=K,B=B,C=C,D=D,E=E,F=L,G=G,H=H,I=I,J=J	54.894515	60.729439	83.333333
9DXD-assembly1.cif	M1239v1TS241_4	214	51	0.161029	0.291355	10108.665494	1968.097238	1779.650987	328.040253	8329.014507	0.208503	0.345061	10108.665494	2107.69124	2107.69124	0	8000.974254	A=F,B=B,C=C,D=D,E=E,F=A,G=G,H=H,I=I,J=J	54.890388	60.721696	83.333333
9DXD-assembly1.cif	M1239v1TS241_5	214	52	0.160122	0.291309	10108.665494	1950.473709	1771.473779	282.013684	8337.191715	0.203141	0.337685	10108.665494	2053.487463	2053.487463	0	8055.178032	A=A,B=B,C=C,D=D,E=E,F=F,G=G,H=H,I=I,J=J	54.890388	60.721696	83.333333
9DXD-assembly1.cif	M1239v1TS304_1	214	73	0.160122	0.291309	10108.665494	1950.473709	1771.473779	282.013684	8337.191715	0.203141	0.337685	10108.665494	2053.487463	2053.487463	0	8055.178032	A=A,B=B,C=C,D=D,E=E,F=F,G=G,H=H,I=I,J=J	54.890388	60.721696	83.333333
9DXF-assembly1.cif	M1239v1TS241_4	215	51	0.159612	0.288046	10179.362439	1950.261767	1769.615589	338.075651	8409.74685	0.207055	0.343075	10179.362439	2107.69124	2107.69124	0	8071.671199	A=A,B=B,C=C,D=D,E=E,F=F,G=G,H=H,I=I,J=J	54.894515	60.729439	83.333333
9DXF-assembly1.cif	M1239v1TS241_5	215	52	0.159594	0.290864	10179.362439	1948.882721	1779.047172	274.44029	8400.315267	0.20173	0.335733	10179.362439	2053.487463	2053.487463	0	8125.874977	A=F,B=B,C=C,D=D,E=E,F=A,G=G,H=H,I=I,J=J	54.894515	60.729439	83.333333
9DXF-assembly1.cif	M1239v1TS304_1	215	73	0.159594	0.290864	10179.362439	1948.882721	1779.047172	274.44029	8400.315267	0.20173	0.335733	10179.362439	2053.487463	2053.487463	0	8125.874977	A=F,B=B,C=C,D=D,E=E,F=A,G=G,H=H,I=I,J=J	54.894515	60.729439	83.333333
9DXF-assembly1.cif	M1239v2TS304_4	215	186	0.15846	0.287683	10179.362439	1961.68635	1762.409223	310.652948	8416.953217	0.203653	0.338392	10179.362439	2073.06217	2073.06217	0	8106.300269	A=F,B=B,C=C,D=D,E=E,F=A,G=G,H=H,I=I,J=J	54.894515	60.729439	83.333333
