0	8BWL-assembly1.cif
1	afm_basic_model_1_multimer_v1_pred_0.pdb
2	afm_basic_model_1_multimer_v1_pred_1.pdb
3	afm_basic_model_1_multimer_v1_pred_10.pdb
4	afm_basic_model_1_multimer_v1_pred_11.pdb
5	afm_basic_model_1_multimer_v1_pred_12.pdb
6	afm_basic_model_1_multimer_v1_pred_13.pdb
7	afm_basic_model_1_multimer_v1_pred_14.pdb
8	afm_basic_model_1_multimer_v1_pred_15.pdb
9	afm_basic_model_1_multimer_v1_pred_16.pdb
10	afm_basic_model_1_multimer_v1_pred_17.pdb
11	afm_basic_model_1_multimer_v1_pred_18.pdb
12	afm_basic_model_1_multimer_v1_pred_19.pdb
13	afm_basic_model_1_multimer_v1_pred_2.pdb
14	afm_basic_model_1_multimer_v1_pred_20.pdb
15	afm_basic_model_1_multimer_v1_pred_21.pdb
16	afm_basic_model_1_multimer_v1_pred_22.pdb
17	afm_basic_model_1_multimer_v1_pred_23.pdb
18	afm_basic_model_1_multimer_v1_pred_24.pdb
19	afm_basic_model_1_multimer_v1_pred_25.pdb
20	afm_basic_model_1_multimer_v1_pred_26.pdb
21	afm_basic_model_1_multimer_v1_pred_27.pdb
22	afm_basic_model_1_multimer_v1_pred_28.pdb
23	afm_basic_model_1_multimer_v1_pred_29.pdb
24	afm_basic_model_1_multimer_v1_pred_3.pdb
25	afm_basic_model_1_multimer_v1_pred_30.pdb
26	afm_basic_model_1_multimer_v1_pred_31.pdb
27	afm_basic_model_1_multimer_v1_pred_32.pdb
28	afm_basic_model_1_multimer_v1_pred_33.pdb
29	afm_basic_model_1_multimer_v1_pred_34.pdb
30	afm_basic_model_1_multimer_v1_pred_35.pdb
31	afm_basic_model_1_multimer_v1_pred_36.pdb
32	afm_basic_model_1_multimer_v1_pred_37.pdb
33	afm_basic_model_1_multimer_v1_pred_38.pdb
34	afm_basic_model_1_multimer_v1_pred_39.pdb
35	afm_basic_model_1_multimer_v1_pred_4.pdb
36	afm_basic_model_1_multimer_v1_pred_40.pdb
37	afm_basic_model_1_multimer_v1_pred_41.pdb
38	afm_basic_model_1_multimer_v1_pred_42.pdb
39	afm_basic_model_1_multimer_v1_pred_43.pdb
40	afm_basic_model_1_multimer_v1_pred_44.pdb
41	afm_basic_model_1_multimer_v1_pred_45.pdb
42	afm_basic_model_1_multimer_v1_pred_46.pdb
43	afm_basic_model_1_multimer_v1_pred_47.pdb
44	afm_basic_model_1_multimer_v1_pred_48.pdb
45	afm_basic_model_1_multimer_v1_pred_49.pdb
46	afm_basic_model_1_multimer_v1_pred_5.pdb
47	afm_basic_model_1_multimer_v1_pred_50.pdb
48	afm_basic_model_1_multimer_v1_pred_51.pdb
49	afm_basic_model_1_multimer_v1_pred_52.pdb
50	afm_basic_model_1_multimer_v1_pred_53.pdb
51	afm_basic_model_1_multimer_v1_pred_54.pdb
52	afm_basic_model_1_multimer_v1_pred_55.pdb
53	afm_basic_model_1_multimer_v1_pred_56.pdb
54	afm_basic_model_1_multimer_v1_pred_57.pdb
55	afm_basic_model_1_multimer_v1_pred_58.pdb
56	afm_basic_model_1_multimer_v1_pred_59.pdb
57	afm_basic_model_1_multimer_v1_pred_6.pdb
58	afm_basic_model_1_multimer_v1_pred_60.pdb
59	afm_basic_model_1_multimer_v1_pred_61.pdb
60	afm_basic_model_1_multimer_v1_pred_62.pdb
61	afm_basic_model_1_multimer_v1_pred_63.pdb
62	afm_basic_model_1_multimer_v1_pred_64.pdb
63	afm_basic_model_1_multimer_v1_pred_65.pdb
64	afm_basic_model_1_multimer_v1_pred_66.pdb
65	afm_basic_model_1_multimer_v1_pred_7.pdb
66	afm_basic_model_1_multimer_v1_pred_8.pdb
67	afm_basic_model_1_multimer_v1_pred_9.pdb
68	afm_basic_model_1_multimer_v2_pred_0.pdb
69	afm_basic_model_1_multimer_v2_pred_1.pdb
70	afm_basic_model_1_multimer_v2_pred_10.pdb
71	afm_basic_model_1_multimer_v2_pred_11.pdb
72	afm_basic_model_1_multimer_v2_pred_12.pdb
73	afm_basic_model_1_multimer_v2_pred_13.pdb
74	afm_basic_model_1_multimer_v2_pred_14.pdb
75	afm_basic_model_1_multimer_v2_pred_15.pdb
76	afm_basic_model_1_multimer_v2_pred_16.pdb
77	afm_basic_model_1_multimer_v2_pred_17.pdb
78	afm_basic_model_1_multimer_v2_pred_18.pdb
79	afm_basic_model_1_multimer_v2_pred_19.pdb
80	afm_basic_model_1_multimer_v2_pred_2.pdb
81	afm_basic_model_1_multimer_v2_pred_20.pdb
82	afm_basic_model_1_multimer_v2_pred_21.pdb
83	afm_basic_model_1_multimer_v2_pred_22.pdb
84	afm_basic_model_1_multimer_v2_pred_23.pdb
85	afm_basic_model_1_multimer_v2_pred_24.pdb
86	afm_basic_model_1_multimer_v2_pred_25.pdb
87	afm_basic_model_1_multimer_v2_pred_26.pdb
88	afm_basic_model_1_multimer_v2_pred_27.pdb
89	afm_basic_model_1_multimer_v2_pred_28.pdb
90	afm_basic_model_1_multimer_v2_pred_29.pdb
91	afm_basic_model_1_multimer_v2_pred_3.pdb
92	afm_basic_model_1_multimer_v2_pred_30.pdb
93	afm_basic_model_1_multimer_v2_pred_31.pdb
94	afm_basic_model_1_multimer_v2_pred_32.pdb
95	afm_basic_model_1_multimer_v2_pred_33.pdb
96	afm_basic_model_1_multimer_v2_pred_34.pdb
97	afm_basic_model_1_multimer_v2_pred_35.pdb
98	afm_basic_model_1_multimer_v2_pred_36.pdb
99	afm_basic_model_1_multimer_v2_pred_37.pdb
100	afm_basic_model_1_multimer_v2_pred_38.pdb
101	afm_basic_model_1_multimer_v2_pred_39.pdb
102	afm_basic_model_1_multimer_v2_pred_4.pdb
103	afm_basic_model_1_multimer_v2_pred_40.pdb
104	afm_basic_model_1_multimer_v2_pred_41.pdb
105	afm_basic_model_1_multimer_v2_pred_42.pdb
106	afm_basic_model_1_multimer_v2_pred_43.pdb
107	afm_basic_model_1_multimer_v2_pred_44.pdb
108	afm_basic_model_1_multimer_v2_pred_45.pdb
109	afm_basic_model_1_multimer_v2_pred_46.pdb
110	afm_basic_model_1_multimer_v2_pred_47.pdb
111	afm_basic_model_1_multimer_v2_pred_48.pdb
112	afm_basic_model_1_multimer_v2_pred_49.pdb
113	afm_basic_model_1_multimer_v2_pred_5.pdb
114	afm_basic_model_1_multimer_v2_pred_50.pdb
115	afm_basic_model_1_multimer_v2_pred_51.pdb
116	afm_basic_model_1_multimer_v2_pred_52.pdb
117	afm_basic_model_1_multimer_v2_pred_53.pdb
118	afm_basic_model_1_multimer_v2_pred_54.pdb
119	afm_basic_model_1_multimer_v2_pred_55.pdb
120	afm_basic_model_1_multimer_v2_pred_56.pdb
121	afm_basic_model_1_multimer_v2_pred_57.pdb
122	afm_basic_model_1_multimer_v2_pred_58.pdb
123	afm_basic_model_1_multimer_v2_pred_59.pdb
124	afm_basic_model_1_multimer_v2_pred_6.pdb
125	afm_basic_model_1_multimer_v2_pred_60.pdb
126	afm_basic_model_1_multimer_v2_pred_61.pdb
127	afm_basic_model_1_multimer_v2_pred_62.pdb
128	afm_basic_model_1_multimer_v2_pred_63.pdb
129	afm_basic_model_1_multimer_v2_pred_64.pdb
130	afm_basic_model_1_multimer_v2_pred_65.pdb
131	afm_basic_model_1_multimer_v2_pred_66.pdb
132	afm_basic_model_1_multimer_v2_pred_7.pdb
133	afm_basic_model_1_multimer_v2_pred_8.pdb
134	afm_basic_model_1_multimer_v2_pred_9.pdb
135	afm_basic_model_1_multimer_v3_pred_0.pdb
136	afm_basic_model_1_multimer_v3_pred_1.pdb
137	afm_basic_model_1_multimer_v3_pred_10.pdb
138	afm_basic_model_1_multimer_v3_pred_11.pdb
139	afm_basic_model_1_multimer_v3_pred_12.pdb
140	afm_basic_model_1_multimer_v3_pred_13.pdb
141	afm_basic_model_1_multimer_v3_pred_14.pdb
142	afm_basic_model_1_multimer_v3_pred_15.pdb
143	afm_basic_model_1_multimer_v3_pred_16.pdb
144	afm_basic_model_1_multimer_v3_pred_17.pdb
145	afm_basic_model_1_multimer_v3_pred_18.pdb
146	afm_basic_model_1_multimer_v3_pred_19.pdb
147	afm_basic_model_1_multimer_v3_pred_2.pdb
148	afm_basic_model_1_multimer_v3_pred_20.pdb
149	afm_basic_model_1_multimer_v3_pred_21.pdb
150	afm_basic_model_1_multimer_v3_pred_22.pdb
151	afm_basic_model_1_multimer_v3_pred_23.pdb
152	afm_basic_model_1_multimer_v3_pred_24.pdb
153	afm_basic_model_1_multimer_v3_pred_25.pdb
154	afm_basic_model_1_multimer_v3_pred_26.pdb
155	afm_basic_model_1_multimer_v3_pred_27.pdb
156	afm_basic_model_1_multimer_v3_pred_28.pdb
157	afm_basic_model_1_multimer_v3_pred_29.pdb
158	afm_basic_model_1_multimer_v3_pred_3.pdb
159	afm_basic_model_1_multimer_v3_pred_30.pdb
160	afm_basic_model_1_multimer_v3_pred_31.pdb
161	afm_basic_model_1_multimer_v3_pred_32.pdb
162	afm_basic_model_1_multimer_v3_pred_33.pdb
163	afm_basic_model_1_multimer_v3_pred_34.pdb
164	afm_basic_model_1_multimer_v3_pred_35.pdb
165	afm_basic_model_1_multimer_v3_pred_36.pdb
166	afm_basic_model_1_multimer_v3_pred_37.pdb
167	afm_basic_model_1_multimer_v3_pred_38.pdb
168	afm_basic_model_1_multimer_v3_pred_39.pdb
169	afm_basic_model_1_multimer_v3_pred_4.pdb
170	afm_basic_model_1_multimer_v3_pred_40.pdb
171	afm_basic_model_1_multimer_v3_pred_41.pdb
172	afm_basic_model_1_multimer_v3_pred_42.pdb
173	afm_basic_model_1_multimer_v3_pred_43.pdb
174	afm_basic_model_1_multimer_v3_pred_44.pdb
175	afm_basic_model_1_multimer_v3_pred_45.pdb
176	afm_basic_model_1_multimer_v3_pred_46.pdb
177	afm_basic_model_1_multimer_v3_pred_47.pdb
178	afm_basic_model_1_multimer_v3_pred_48.pdb
179	afm_basic_model_1_multimer_v3_pred_49.pdb
180	afm_basic_model_1_multimer_v3_pred_5.pdb
181	afm_basic_model_1_multimer_v3_pred_50.pdb
182	afm_basic_model_1_multimer_v3_pred_51.pdb
183	afm_basic_model_1_multimer_v3_pred_52.pdb
184	afm_basic_model_1_multimer_v3_pred_53.pdb
185	afm_basic_model_1_multimer_v3_pred_54.pdb
186	afm_basic_model_1_multimer_v3_pred_55.pdb
187	afm_basic_model_1_multimer_v3_pred_56.pdb
188	afm_basic_model_1_multimer_v3_pred_57.pdb
189	afm_basic_model_1_multimer_v3_pred_58.pdb
190	afm_basic_model_1_multimer_v3_pred_59.pdb
191	afm_basic_model_1_multimer_v3_pred_6.pdb
192	afm_basic_model_1_multimer_v3_pred_60.pdb
193	afm_basic_model_1_multimer_v3_pred_61.pdb
194	afm_basic_model_1_multimer_v3_pred_62.pdb
195	afm_basic_model_1_multimer_v3_pred_63.pdb
196	afm_basic_model_1_multimer_v3_pred_64.pdb
197	afm_basic_model_1_multimer_v3_pred_65.pdb
198	afm_basic_model_1_multimer_v3_pred_66.pdb
199	afm_basic_model_1_multimer_v3_pred_7.pdb
200	afm_basic_model_1_multimer_v3_pred_8.pdb
201	afm_basic_model_1_multimer_v3_pred_9.pdb
202	afm_basic_model_2_multimer_v1_pred_0.pdb
203	afm_basic_model_2_multimer_v1_pred_1.pdb
204	afm_basic_model_2_multimer_v1_pred_10.pdb
205	afm_basic_model_2_multimer_v1_pred_11.pdb
206	afm_basic_model_2_multimer_v1_pred_12.pdb
207	afm_basic_model_2_multimer_v1_pred_13.pdb
208	afm_basic_model_2_multimer_v1_pred_14.pdb
209	afm_basic_model_2_multimer_v1_pred_15.pdb
210	afm_basic_model_2_multimer_v1_pred_16.pdb
211	afm_basic_model_2_multimer_v1_pred_17.pdb
212	afm_basic_model_2_multimer_v1_pred_18.pdb
213	afm_basic_model_2_multimer_v1_pred_19.pdb
214	afm_basic_model_2_multimer_v1_pred_2.pdb
215	afm_basic_model_2_multimer_v1_pred_20.pdb
216	afm_basic_model_2_multimer_v1_pred_21.pdb
217	afm_basic_model_2_multimer_v1_pred_22.pdb
218	afm_basic_model_2_multimer_v1_pred_23.pdb
219	afm_basic_model_2_multimer_v1_pred_24.pdb
220	afm_basic_model_2_multimer_v1_pred_25.pdb
221	afm_basic_model_2_multimer_v1_pred_26.pdb
222	afm_basic_model_2_multimer_v1_pred_27.pdb
223	afm_basic_model_2_multimer_v1_pred_28.pdb
224	afm_basic_model_2_multimer_v1_pred_29.pdb
225	afm_basic_model_2_multimer_v1_pred_3.pdb
226	afm_basic_model_2_multimer_v1_pred_30.pdb
227	afm_basic_model_2_multimer_v1_pred_31.pdb
228	afm_basic_model_2_multimer_v1_pred_32.pdb
229	afm_basic_model_2_multimer_v1_pred_33.pdb
230	afm_basic_model_2_multimer_v1_pred_34.pdb
231	afm_basic_model_2_multimer_v1_pred_35.pdb
232	afm_basic_model_2_multimer_v1_pred_36.pdb
233	afm_basic_model_2_multimer_v1_pred_37.pdb
234	afm_basic_model_2_multimer_v1_pred_38.pdb
235	afm_basic_model_2_multimer_v1_pred_39.pdb
236	afm_basic_model_2_multimer_v1_pred_4.pdb
237	afm_basic_model_2_multimer_v1_pred_40.pdb
238	afm_basic_model_2_multimer_v1_pred_41.pdb
239	afm_basic_model_2_multimer_v1_pred_42.pdb
240	afm_basic_model_2_multimer_v1_pred_43.pdb
241	afm_basic_model_2_multimer_v1_pred_44.pdb
242	afm_basic_model_2_multimer_v1_pred_45.pdb
243	afm_basic_model_2_multimer_v1_pred_46.pdb
244	afm_basic_model_2_multimer_v1_pred_47.pdb
245	afm_basic_model_2_multimer_v1_pred_48.pdb
246	afm_basic_model_2_multimer_v1_pred_49.pdb
247	afm_basic_model_2_multimer_v1_pred_5.pdb
248	afm_basic_model_2_multimer_v1_pred_50.pdb
249	afm_basic_model_2_multimer_v1_pred_51.pdb
250	afm_basic_model_2_multimer_v1_pred_52.pdb
251	afm_basic_model_2_multimer_v1_pred_53.pdb
252	afm_basic_model_2_multimer_v1_pred_54.pdb
253	afm_basic_model_2_multimer_v1_pred_55.pdb
254	afm_basic_model_2_multimer_v1_pred_56.pdb
255	afm_basic_model_2_multimer_v1_pred_57.pdb
256	afm_basic_model_2_multimer_v1_pred_58.pdb
257	afm_basic_model_2_multimer_v1_pred_59.pdb
258	afm_basic_model_2_multimer_v1_pred_6.pdb
259	afm_basic_model_2_multimer_v1_pred_60.pdb
260	afm_basic_model_2_multimer_v1_pred_61.pdb
261	afm_basic_model_2_multimer_v1_pred_62.pdb
262	afm_basic_model_2_multimer_v1_pred_63.pdb
263	afm_basic_model_2_multimer_v1_pred_64.pdb
264	afm_basic_model_2_multimer_v1_pred_65.pdb
265	afm_basic_model_2_multimer_v1_pred_66.pdb
266	afm_basic_model_2_multimer_v1_pred_7.pdb
267	afm_basic_model_2_multimer_v1_pred_8.pdb
268	afm_basic_model_2_multimer_v1_pred_9.pdb
269	afm_basic_model_2_multimer_v2_pred_0.pdb
270	afm_basic_model_2_multimer_v2_pred_1.pdb
271	afm_basic_model_2_multimer_v2_pred_10.pdb
272	afm_basic_model_2_multimer_v2_pred_11.pdb
273	afm_basic_model_2_multimer_v2_pred_12.pdb
274	afm_basic_model_2_multimer_v2_pred_13.pdb
275	afm_basic_model_2_multimer_v2_pred_14.pdb
276	afm_basic_model_2_multimer_v2_pred_15.pdb
277	afm_basic_model_2_multimer_v2_pred_16.pdb
278	afm_basic_model_2_multimer_v2_pred_17.pdb
279	afm_basic_model_2_multimer_v2_pred_18.pdb
280	afm_basic_model_2_multimer_v2_pred_19.pdb
281	afm_basic_model_2_multimer_v2_pred_2.pdb
282	afm_basic_model_2_multimer_v2_pred_20.pdb
283	afm_basic_model_2_multimer_v2_pred_21.pdb
284	afm_basic_model_2_multimer_v2_pred_22.pdb
285	afm_basic_model_2_multimer_v2_pred_23.pdb
286	afm_basic_model_2_multimer_v2_pred_24.pdb
287	afm_basic_model_2_multimer_v2_pred_25.pdb
288	afm_basic_model_2_multimer_v2_pred_26.pdb
289	afm_basic_model_2_multimer_v2_pred_27.pdb
290	afm_basic_model_2_multimer_v2_pred_28.pdb
291	afm_basic_model_2_multimer_v2_pred_29.pdb
292	afm_basic_model_2_multimer_v2_pred_3.pdb
293	afm_basic_model_2_multimer_v2_pred_30.pdb
294	afm_basic_model_2_multimer_v2_pred_31.pdb
295	afm_basic_model_2_multimer_v2_pred_32.pdb
296	afm_basic_model_2_multimer_v2_pred_33.pdb
297	afm_basic_model_2_multimer_v2_pred_34.pdb
298	afm_basic_model_2_multimer_v2_pred_35.pdb
299	afm_basic_model_2_multimer_v2_pred_36.pdb
300	afm_basic_model_2_multimer_v2_pred_37.pdb
301	afm_basic_model_2_multimer_v2_pred_38.pdb
302	afm_basic_model_2_multimer_v2_pred_39.pdb
303	afm_basic_model_2_multimer_v2_pred_4.pdb
304	afm_basic_model_2_multimer_v2_pred_40.pdb
305	afm_basic_model_2_multimer_v2_pred_41.pdb
306	afm_basic_model_2_multimer_v2_pred_42.pdb
307	afm_basic_model_2_multimer_v2_pred_43.pdb
308	afm_basic_model_2_multimer_v2_pred_44.pdb
309	afm_basic_model_2_multimer_v2_pred_45.pdb
310	afm_basic_model_2_multimer_v2_pred_46.pdb
311	afm_basic_model_2_multimer_v2_pred_47.pdb
312	afm_basic_model_2_multimer_v2_pred_48.pdb
313	afm_basic_model_2_multimer_v2_pred_49.pdb
314	afm_basic_model_2_multimer_v2_pred_5.pdb
315	afm_basic_model_2_multimer_v2_pred_50.pdb
316	afm_basic_model_2_multimer_v2_pred_51.pdb
317	afm_basic_model_2_multimer_v2_pred_52.pdb
318	afm_basic_model_2_multimer_v2_pred_53.pdb
319	afm_basic_model_2_multimer_v2_pred_54.pdb
320	afm_basic_model_2_multimer_v2_pred_55.pdb
321	afm_basic_model_2_multimer_v2_pred_56.pdb
322	afm_basic_model_2_multimer_v2_pred_57.pdb
323	afm_basic_model_2_multimer_v2_pred_58.pdb
324	afm_basic_model_2_multimer_v2_pred_59.pdb
325	afm_basic_model_2_multimer_v2_pred_6.pdb
326	afm_basic_model_2_multimer_v2_pred_60.pdb
327	afm_basic_model_2_multimer_v2_pred_61.pdb
328	afm_basic_model_2_multimer_v2_pred_62.pdb
329	afm_basic_model_2_multimer_v2_pred_63.pdb
330	afm_basic_model_2_multimer_v2_pred_64.pdb
331	afm_basic_model_2_multimer_v2_pred_65.pdb
332	afm_basic_model_2_multimer_v2_pred_66.pdb
333	afm_basic_model_2_multimer_v2_pred_7.pdb
334	afm_basic_model_2_multimer_v2_pred_8.pdb
335	afm_basic_model_2_multimer_v2_pred_9.pdb
336	afm_basic_model_2_multimer_v3_pred_0.pdb
337	afm_basic_model_2_multimer_v3_pred_1.pdb
338	afm_basic_model_2_multimer_v3_pred_10.pdb
339	afm_basic_model_2_multimer_v3_pred_11.pdb
340	afm_basic_model_2_multimer_v3_pred_12.pdb
341	afm_basic_model_2_multimer_v3_pred_13.pdb
342	afm_basic_model_2_multimer_v3_pred_14.pdb
343	afm_basic_model_2_multimer_v3_pred_15.pdb
344	afm_basic_model_2_multimer_v3_pred_16.pdb
345	afm_basic_model_2_multimer_v3_pred_17.pdb
346	afm_basic_model_2_multimer_v3_pred_18.pdb
347	afm_basic_model_2_multimer_v3_pred_19.pdb
348	afm_basic_model_2_multimer_v3_pred_2.pdb
349	afm_basic_model_2_multimer_v3_pred_20.pdb
350	afm_basic_model_2_multimer_v3_pred_21.pdb
351	afm_basic_model_2_multimer_v3_pred_22.pdb
352	afm_basic_model_2_multimer_v3_pred_23.pdb
353	afm_basic_model_2_multimer_v3_pred_24.pdb
354	afm_basic_model_2_multimer_v3_pred_25.pdb
355	afm_basic_model_2_multimer_v3_pred_26.pdb
356	afm_basic_model_2_multimer_v3_pred_27.pdb
357	afm_basic_model_2_multimer_v3_pred_28.pdb
358	afm_basic_model_2_multimer_v3_pred_29.pdb
359	afm_basic_model_2_multimer_v3_pred_3.pdb
360	afm_basic_model_2_multimer_v3_pred_30.pdb
361	afm_basic_model_2_multimer_v3_pred_31.pdb
362	afm_basic_model_2_multimer_v3_pred_32.pdb
363	afm_basic_model_2_multimer_v3_pred_33.pdb
364	afm_basic_model_2_multimer_v3_pred_34.pdb
365	afm_basic_model_2_multimer_v3_pred_35.pdb
366	afm_basic_model_2_multimer_v3_pred_36.pdb
367	afm_basic_model_2_multimer_v3_pred_37.pdb
368	afm_basic_model_2_multimer_v3_pred_38.pdb
369	afm_basic_model_2_multimer_v3_pred_39.pdb
370	afm_basic_model_2_multimer_v3_pred_4.pdb
371	afm_basic_model_2_multimer_v3_pred_40.pdb
372	afm_basic_model_2_multimer_v3_pred_41.pdb
373	afm_basic_model_2_multimer_v3_pred_42.pdb
374	afm_basic_model_2_multimer_v3_pred_43.pdb
375	afm_basic_model_2_multimer_v3_pred_44.pdb
376	afm_basic_model_2_multimer_v3_pred_45.pdb
377	afm_basic_model_2_multimer_v3_pred_46.pdb
378	afm_basic_model_2_multimer_v3_pred_47.pdb
379	afm_basic_model_2_multimer_v3_pred_48.pdb
380	afm_basic_model_2_multimer_v3_pred_49.pdb
381	afm_basic_model_2_multimer_v3_pred_5.pdb
382	afm_basic_model_2_multimer_v3_pred_50.pdb
383	afm_basic_model_2_multimer_v3_pred_51.pdb
384	afm_basic_model_2_multimer_v3_pred_52.pdb
385	afm_basic_model_2_multimer_v3_pred_53.pdb
386	afm_basic_model_2_multimer_v3_pred_54.pdb
387	afm_basic_model_2_multimer_v3_pred_55.pdb
388	afm_basic_model_2_multimer_v3_pred_56.pdb
389	afm_basic_model_2_multimer_v3_pred_57.pdb
390	afm_basic_model_2_multimer_v3_pred_58.pdb
391	afm_basic_model_2_multimer_v3_pred_59.pdb
392	afm_basic_model_2_multimer_v3_pred_6.pdb
393	afm_basic_model_2_multimer_v3_pred_60.pdb
394	afm_basic_model_2_multimer_v3_pred_61.pdb
395	afm_basic_model_2_multimer_v3_pred_62.pdb
396	afm_basic_model_2_multimer_v3_pred_63.pdb
397	afm_basic_model_2_multimer_v3_pred_64.pdb
398	afm_basic_model_2_multimer_v3_pred_65.pdb
399	afm_basic_model_2_multimer_v3_pred_66.pdb
400	afm_basic_model_2_multimer_v3_pred_7.pdb
401	afm_basic_model_2_multimer_v3_pred_8.pdb
402	afm_basic_model_2_multimer_v3_pred_9.pdb
403	afm_basic_model_3_multimer_v1_pred_0.pdb
404	afm_basic_model_3_multimer_v1_pred_1.pdb
405	afm_basic_model_3_multimer_v1_pred_10.pdb
406	afm_basic_model_3_multimer_v1_pred_11.pdb
407	afm_basic_model_3_multimer_v1_pred_12.pdb
408	afm_basic_model_3_multimer_v1_pred_13.pdb
409	afm_basic_model_3_multimer_v1_pred_14.pdb
410	afm_basic_model_3_multimer_v1_pred_15.pdb
411	afm_basic_model_3_multimer_v1_pred_16.pdb
412	afm_basic_model_3_multimer_v1_pred_17.pdb
413	afm_basic_model_3_multimer_v1_pred_18.pdb
414	afm_basic_model_3_multimer_v1_pred_19.pdb
415	afm_basic_model_3_multimer_v1_pred_2.pdb
416	afm_basic_model_3_multimer_v1_pred_20.pdb
417	afm_basic_model_3_multimer_v1_pred_21.pdb
418	afm_basic_model_3_multimer_v1_pred_22.pdb
419	afm_basic_model_3_multimer_v1_pred_23.pdb
420	afm_basic_model_3_multimer_v1_pred_24.pdb
421	afm_basic_model_3_multimer_v1_pred_25.pdb
422	afm_basic_model_3_multimer_v1_pred_26.pdb
423	afm_basic_model_3_multimer_v1_pred_27.pdb
424	afm_basic_model_3_multimer_v1_pred_28.pdb
425	afm_basic_model_3_multimer_v1_pred_29.pdb
426	afm_basic_model_3_multimer_v1_pred_3.pdb
427	afm_basic_model_3_multimer_v1_pred_30.pdb
428	afm_basic_model_3_multimer_v1_pred_31.pdb
429	afm_basic_model_3_multimer_v1_pred_32.pdb
430	afm_basic_model_3_multimer_v1_pred_33.pdb
431	afm_basic_model_3_multimer_v1_pred_34.pdb
432	afm_basic_model_3_multimer_v1_pred_35.pdb
433	afm_basic_model_3_multimer_v1_pred_36.pdb
434	afm_basic_model_3_multimer_v1_pred_37.pdb
435	afm_basic_model_3_multimer_v1_pred_38.pdb
436	afm_basic_model_3_multimer_v1_pred_39.pdb
437	afm_basic_model_3_multimer_v1_pred_4.pdb
438	afm_basic_model_3_multimer_v1_pred_40.pdb
439	afm_basic_model_3_multimer_v1_pred_41.pdb
440	afm_basic_model_3_multimer_v1_pred_42.pdb
441	afm_basic_model_3_multimer_v1_pred_43.pdb
442	afm_basic_model_3_multimer_v1_pred_44.pdb
443	afm_basic_model_3_multimer_v1_pred_45.pdb
444	afm_basic_model_3_multimer_v1_pred_46.pdb
445	afm_basic_model_3_multimer_v1_pred_47.pdb
446	afm_basic_model_3_multimer_v1_pred_48.pdb
447	afm_basic_model_3_multimer_v1_pred_49.pdb
448	afm_basic_model_3_multimer_v1_pred_5.pdb
449	afm_basic_model_3_multimer_v1_pred_50.pdb
450	afm_basic_model_3_multimer_v1_pred_51.pdb
451	afm_basic_model_3_multimer_v1_pred_52.pdb
452	afm_basic_model_3_multimer_v1_pred_53.pdb
453	afm_basic_model_3_multimer_v1_pred_54.pdb
454	afm_basic_model_3_multimer_v1_pred_55.pdb
455	afm_basic_model_3_multimer_v1_pred_56.pdb
456	afm_basic_model_3_multimer_v1_pred_57.pdb
457	afm_basic_model_3_multimer_v1_pred_58.pdb
458	afm_basic_model_3_multimer_v1_pred_59.pdb
459	afm_basic_model_3_multimer_v1_pred_6.pdb
460	afm_basic_model_3_multimer_v1_pred_60.pdb
461	afm_basic_model_3_multimer_v1_pred_61.pdb
462	afm_basic_model_3_multimer_v1_pred_62.pdb
463	afm_basic_model_3_multimer_v1_pred_63.pdb
464	afm_basic_model_3_multimer_v1_pred_64.pdb
465	afm_basic_model_3_multimer_v1_pred_65.pdb
466	afm_basic_model_3_multimer_v1_pred_66.pdb
467	afm_basic_model_3_multimer_v1_pred_7.pdb
468	afm_basic_model_3_multimer_v1_pred_8.pdb
469	afm_basic_model_3_multimer_v1_pred_9.pdb
470	afm_basic_model_3_multimer_v2_pred_0.pdb
471	afm_basic_model_3_multimer_v2_pred_1.pdb
472	afm_basic_model_3_multimer_v2_pred_10.pdb
473	afm_basic_model_3_multimer_v2_pred_11.pdb
474	afm_basic_model_3_multimer_v2_pred_12.pdb
475	afm_basic_model_3_multimer_v2_pred_13.pdb
476	afm_basic_model_3_multimer_v2_pred_14.pdb
477	afm_basic_model_3_multimer_v2_pred_15.pdb
478	afm_basic_model_3_multimer_v2_pred_16.pdb
479	afm_basic_model_3_multimer_v2_pred_17.pdb
480	afm_basic_model_3_multimer_v2_pred_18.pdb
481	afm_basic_model_3_multimer_v2_pred_19.pdb
482	afm_basic_model_3_multimer_v2_pred_2.pdb
483	afm_basic_model_3_multimer_v2_pred_20.pdb
484	afm_basic_model_3_multimer_v2_pred_21.pdb
485	afm_basic_model_3_multimer_v2_pred_22.pdb
486	afm_basic_model_3_multimer_v2_pred_23.pdb
487	afm_basic_model_3_multimer_v2_pred_24.pdb
488	afm_basic_model_3_multimer_v2_pred_25.pdb
489	afm_basic_model_3_multimer_v2_pred_26.pdb
490	afm_basic_model_3_multimer_v2_pred_27.pdb
491	afm_basic_model_3_multimer_v2_pred_28.pdb
492	afm_basic_model_3_multimer_v2_pred_29.pdb
493	afm_basic_model_3_multimer_v2_pred_3.pdb
494	afm_basic_model_3_multimer_v2_pred_30.pdb
495	afm_basic_model_3_multimer_v2_pred_31.pdb
496	afm_basic_model_3_multimer_v2_pred_32.pdb
497	afm_basic_model_3_multimer_v2_pred_33.pdb
498	afm_basic_model_3_multimer_v2_pred_34.pdb
499	afm_basic_model_3_multimer_v2_pred_35.pdb
500	afm_basic_model_3_multimer_v2_pred_36.pdb
501	afm_basic_model_3_multimer_v2_pred_37.pdb
502	afm_basic_model_3_multimer_v2_pred_38.pdb
503	afm_basic_model_3_multimer_v2_pred_39.pdb
504	afm_basic_model_3_multimer_v2_pred_4.pdb
505	afm_basic_model_3_multimer_v2_pred_40.pdb
506	afm_basic_model_3_multimer_v2_pred_41.pdb
507	afm_basic_model_3_multimer_v2_pred_42.pdb
508	afm_basic_model_3_multimer_v2_pred_43.pdb
509	afm_basic_model_3_multimer_v2_pred_44.pdb
510	afm_basic_model_3_multimer_v2_pred_45.pdb
511	afm_basic_model_3_multimer_v2_pred_46.pdb
512	afm_basic_model_3_multimer_v2_pred_47.pdb
513	afm_basic_model_3_multimer_v2_pred_48.pdb
514	afm_basic_model_3_multimer_v2_pred_49.pdb
515	afm_basic_model_3_multimer_v2_pred_5.pdb
516	afm_basic_model_3_multimer_v2_pred_50.pdb
517	afm_basic_model_3_multimer_v2_pred_51.pdb
518	afm_basic_model_3_multimer_v2_pred_52.pdb
519	afm_basic_model_3_multimer_v2_pred_53.pdb
520	afm_basic_model_3_multimer_v2_pred_54.pdb
521	afm_basic_model_3_multimer_v2_pred_55.pdb
522	afm_basic_model_3_multimer_v2_pred_56.pdb
523	afm_basic_model_3_multimer_v2_pred_57.pdb
524	afm_basic_model_3_multimer_v2_pred_58.pdb
525	afm_basic_model_3_multimer_v2_pred_59.pdb
526	afm_basic_model_3_multimer_v2_pred_6.pdb
527	afm_basic_model_3_multimer_v2_pred_60.pdb
528	afm_basic_model_3_multimer_v2_pred_61.pdb
529	afm_basic_model_3_multimer_v2_pred_62.pdb
530	afm_basic_model_3_multimer_v2_pred_63.pdb
531	afm_basic_model_3_multimer_v2_pred_64.pdb
532	afm_basic_model_3_multimer_v2_pred_65.pdb
533	afm_basic_model_3_multimer_v2_pred_66.pdb
534	afm_basic_model_3_multimer_v2_pred_7.pdb
535	afm_basic_model_3_multimer_v2_pred_8.pdb
536	afm_basic_model_3_multimer_v2_pred_9.pdb
537	afm_basic_model_3_multimer_v3_pred_0.pdb
538	afm_basic_model_3_multimer_v3_pred_1.pdb
539	afm_basic_model_3_multimer_v3_pred_10.pdb
540	afm_basic_model_3_multimer_v3_pred_11.pdb
541	afm_basic_model_3_multimer_v3_pred_12.pdb
542	afm_basic_model_3_multimer_v3_pred_13.pdb
543	afm_basic_model_3_multimer_v3_pred_14.pdb
544	afm_basic_model_3_multimer_v3_pred_15.pdb
545	afm_basic_model_3_multimer_v3_pred_16.pdb
546	afm_basic_model_3_multimer_v3_pred_17.pdb
547	afm_basic_model_3_multimer_v3_pred_18.pdb
548	afm_basic_model_3_multimer_v3_pred_19.pdb
549	afm_basic_model_3_multimer_v3_pred_2.pdb
550	afm_basic_model_3_multimer_v3_pred_20.pdb
551	afm_basic_model_3_multimer_v3_pred_21.pdb
552	afm_basic_model_3_multimer_v3_pred_22.pdb
553	afm_basic_model_3_multimer_v3_pred_23.pdb
554	afm_basic_model_3_multimer_v3_pred_24.pdb
555	afm_basic_model_3_multimer_v3_pred_25.pdb
556	afm_basic_model_3_multimer_v3_pred_26.pdb
557	afm_basic_model_3_multimer_v3_pred_27.pdb
558	afm_basic_model_3_multimer_v3_pred_28.pdb
559	afm_basic_model_3_multimer_v3_pred_29.pdb
560	afm_basic_model_3_multimer_v3_pred_3.pdb
561	afm_basic_model_3_multimer_v3_pred_30.pdb
562	afm_basic_model_3_multimer_v3_pred_31.pdb
563	afm_basic_model_3_multimer_v3_pred_32.pdb
564	afm_basic_model_3_multimer_v3_pred_33.pdb
565	afm_basic_model_3_multimer_v3_pred_34.pdb
566	afm_basic_model_3_multimer_v3_pred_35.pdb
567	afm_basic_model_3_multimer_v3_pred_36.pdb
568	afm_basic_model_3_multimer_v3_pred_37.pdb
569	afm_basic_model_3_multimer_v3_pred_38.pdb
570	afm_basic_model_3_multimer_v3_pred_39.pdb
571	afm_basic_model_3_multimer_v3_pred_4.pdb
572	afm_basic_model_3_multimer_v3_pred_40.pdb
573	afm_basic_model_3_multimer_v3_pred_41.pdb
574	afm_basic_model_3_multimer_v3_pred_42.pdb
575	afm_basic_model_3_multimer_v3_pred_43.pdb
576	afm_basic_model_3_multimer_v3_pred_44.pdb
577	afm_basic_model_3_multimer_v3_pred_45.pdb
578	afm_basic_model_3_multimer_v3_pred_46.pdb
579	afm_basic_model_3_multimer_v3_pred_47.pdb
580	afm_basic_model_3_multimer_v3_pred_48.pdb
581	afm_basic_model_3_multimer_v3_pred_49.pdb
582	afm_basic_model_3_multimer_v3_pred_5.pdb
583	afm_basic_model_3_multimer_v3_pred_50.pdb
584	afm_basic_model_3_multimer_v3_pred_51.pdb
585	afm_basic_model_3_multimer_v3_pred_52.pdb
586	afm_basic_model_3_multimer_v3_pred_53.pdb
587	afm_basic_model_3_multimer_v3_pred_54.pdb
588	afm_basic_model_3_multimer_v3_pred_55.pdb
589	afm_basic_model_3_multimer_v3_pred_56.pdb
590	afm_basic_model_3_multimer_v3_pred_57.pdb
591	afm_basic_model_3_multimer_v3_pred_58.pdb
592	afm_basic_model_3_multimer_v3_pred_59.pdb
593	afm_basic_model_3_multimer_v3_pred_6.pdb
594	afm_basic_model_3_multimer_v3_pred_60.pdb
595	afm_basic_model_3_multimer_v3_pred_61.pdb
596	afm_basic_model_3_multimer_v3_pred_62.pdb
597	afm_basic_model_3_multimer_v3_pred_63.pdb
598	afm_basic_model_3_multimer_v3_pred_64.pdb
599	afm_basic_model_3_multimer_v3_pred_65.pdb
600	afm_basic_model_3_multimer_v3_pred_66.pdb
601	afm_basic_model_3_multimer_v3_pred_7.pdb
602	afm_basic_model_3_multimer_v3_pred_8.pdb
603	afm_basic_model_3_multimer_v3_pred_9.pdb
604	afm_basic_model_4_multimer_v1_pred_0.pdb
605	afm_basic_model_4_multimer_v1_pred_1.pdb
606	afm_basic_model_4_multimer_v1_pred_10.pdb
607	afm_basic_model_4_multimer_v1_pred_11.pdb
608	afm_basic_model_4_multimer_v1_pred_12.pdb
609	afm_basic_model_4_multimer_v1_pred_13.pdb
610	afm_basic_model_4_multimer_v1_pred_14.pdb
611	afm_basic_model_4_multimer_v1_pred_15.pdb
612	afm_basic_model_4_multimer_v1_pred_16.pdb
613	afm_basic_model_4_multimer_v1_pred_17.pdb
614	afm_basic_model_4_multimer_v1_pred_18.pdb
615	afm_basic_model_4_multimer_v1_pred_19.pdb
616	afm_basic_model_4_multimer_v1_pred_2.pdb
617	afm_basic_model_4_multimer_v1_pred_20.pdb
618	afm_basic_model_4_multimer_v1_pred_21.pdb
619	afm_basic_model_4_multimer_v1_pred_22.pdb
620	afm_basic_model_4_multimer_v1_pred_23.pdb
621	afm_basic_model_4_multimer_v1_pred_24.pdb
622	afm_basic_model_4_multimer_v1_pred_25.pdb
623	afm_basic_model_4_multimer_v1_pred_26.pdb
624	afm_basic_model_4_multimer_v1_pred_27.pdb
625	afm_basic_model_4_multimer_v1_pred_28.pdb
626	afm_basic_model_4_multimer_v1_pred_29.pdb
627	afm_basic_model_4_multimer_v1_pred_3.pdb
628	afm_basic_model_4_multimer_v1_pred_30.pdb
629	afm_basic_model_4_multimer_v1_pred_31.pdb
630	afm_basic_model_4_multimer_v1_pred_32.pdb
631	afm_basic_model_4_multimer_v1_pred_33.pdb
632	afm_basic_model_4_multimer_v1_pred_34.pdb
633	afm_basic_model_4_multimer_v1_pred_35.pdb
634	afm_basic_model_4_multimer_v1_pred_36.pdb
635	afm_basic_model_4_multimer_v1_pred_37.pdb
636	afm_basic_model_4_multimer_v1_pred_38.pdb
637	afm_basic_model_4_multimer_v1_pred_39.pdb
638	afm_basic_model_4_multimer_v1_pred_4.pdb
639	afm_basic_model_4_multimer_v1_pred_40.pdb
640	afm_basic_model_4_multimer_v1_pred_41.pdb
641	afm_basic_model_4_multimer_v1_pred_42.pdb
642	afm_basic_model_4_multimer_v1_pred_43.pdb
643	afm_basic_model_4_multimer_v1_pred_44.pdb
644	afm_basic_model_4_multimer_v1_pred_45.pdb
645	afm_basic_model_4_multimer_v1_pred_46.pdb
646	afm_basic_model_4_multimer_v1_pred_47.pdb
647	afm_basic_model_4_multimer_v1_pred_48.pdb
648	afm_basic_model_4_multimer_v1_pred_49.pdb
649	afm_basic_model_4_multimer_v1_pred_5.pdb
650	afm_basic_model_4_multimer_v1_pred_50.pdb
651	afm_basic_model_4_multimer_v1_pred_51.pdb
652	afm_basic_model_4_multimer_v1_pred_52.pdb
653	afm_basic_model_4_multimer_v1_pred_53.pdb
654	afm_basic_model_4_multimer_v1_pred_54.pdb
655	afm_basic_model_4_multimer_v1_pred_55.pdb
656	afm_basic_model_4_multimer_v1_pred_56.pdb
657	afm_basic_model_4_multimer_v1_pred_57.pdb
658	afm_basic_model_4_multimer_v1_pred_58.pdb
659	afm_basic_model_4_multimer_v1_pred_59.pdb
660	afm_basic_model_4_multimer_v1_pred_6.pdb
661	afm_basic_model_4_multimer_v1_pred_60.pdb
662	afm_basic_model_4_multimer_v1_pred_61.pdb
663	afm_basic_model_4_multimer_v1_pred_62.pdb
664	afm_basic_model_4_multimer_v1_pred_63.pdb
665	afm_basic_model_4_multimer_v1_pred_64.pdb
666	afm_basic_model_4_multimer_v1_pred_65.pdb
667	afm_basic_model_4_multimer_v1_pred_66.pdb
668	afm_basic_model_4_multimer_v1_pred_7.pdb
669	afm_basic_model_4_multimer_v1_pred_8.pdb
670	afm_basic_model_4_multimer_v1_pred_9.pdb
671	afm_basic_model_4_multimer_v2_pred_0.pdb
672	afm_basic_model_4_multimer_v2_pred_1.pdb
673	afm_basic_model_4_multimer_v2_pred_10.pdb
674	afm_basic_model_4_multimer_v2_pred_11.pdb
675	afm_basic_model_4_multimer_v2_pred_12.pdb
676	afm_basic_model_4_multimer_v2_pred_13.pdb
677	afm_basic_model_4_multimer_v2_pred_14.pdb
678	afm_basic_model_4_multimer_v2_pred_15.pdb
679	afm_basic_model_4_multimer_v2_pred_16.pdb
680	afm_basic_model_4_multimer_v2_pred_17.pdb
681	afm_basic_model_4_multimer_v2_pred_18.pdb
682	afm_basic_model_4_multimer_v2_pred_19.pdb
683	afm_basic_model_4_multimer_v2_pred_2.pdb
684	afm_basic_model_4_multimer_v2_pred_20.pdb
685	afm_basic_model_4_multimer_v2_pred_21.pdb
686	afm_basic_model_4_multimer_v2_pred_22.pdb
687	afm_basic_model_4_multimer_v2_pred_23.pdb
688	afm_basic_model_4_multimer_v2_pred_24.pdb
689	afm_basic_model_4_multimer_v2_pred_25.pdb
690	afm_basic_model_4_multimer_v2_pred_26.pdb
691	afm_basic_model_4_multimer_v2_pred_27.pdb
692	afm_basic_model_4_multimer_v2_pred_28.pdb
693	afm_basic_model_4_multimer_v2_pred_29.pdb
694	afm_basic_model_4_multimer_v2_pred_3.pdb
695	afm_basic_model_4_multimer_v2_pred_30.pdb
696	afm_basic_model_4_multimer_v2_pred_31.pdb
697	afm_basic_model_4_multimer_v2_pred_32.pdb
698	afm_basic_model_4_multimer_v2_pred_33.pdb
699	afm_basic_model_4_multimer_v2_pred_34.pdb
700	afm_basic_model_4_multimer_v2_pred_35.pdb
701	afm_basic_model_4_multimer_v2_pred_36.pdb
702	afm_basic_model_4_multimer_v2_pred_37.pdb
703	afm_basic_model_4_multimer_v2_pred_38.pdb
704	afm_basic_model_4_multimer_v2_pred_39.pdb
705	afm_basic_model_4_multimer_v2_pred_4.pdb
706	afm_basic_model_4_multimer_v2_pred_40.pdb
707	afm_basic_model_4_multimer_v2_pred_41.pdb
708	afm_basic_model_4_multimer_v2_pred_42.pdb
709	afm_basic_model_4_multimer_v2_pred_43.pdb
710	afm_basic_model_4_multimer_v2_pred_44.pdb
711	afm_basic_model_4_multimer_v2_pred_45.pdb
712	afm_basic_model_4_multimer_v2_pred_46.pdb
713	afm_basic_model_4_multimer_v2_pred_47.pdb
714	afm_basic_model_4_multimer_v2_pred_48.pdb
715	afm_basic_model_4_multimer_v2_pred_49.pdb
716	afm_basic_model_4_multimer_v2_pred_5.pdb
717	afm_basic_model_4_multimer_v2_pred_50.pdb
718	afm_basic_model_4_multimer_v2_pred_51.pdb
719	afm_basic_model_4_multimer_v2_pred_52.pdb
720	afm_basic_model_4_multimer_v2_pred_53.pdb
721	afm_basic_model_4_multimer_v2_pred_54.pdb
722	afm_basic_model_4_multimer_v2_pred_55.pdb
723	afm_basic_model_4_multimer_v2_pred_56.pdb
724	afm_basic_model_4_multimer_v2_pred_57.pdb
725	afm_basic_model_4_multimer_v2_pred_58.pdb
726	afm_basic_model_4_multimer_v2_pred_59.pdb
727	afm_basic_model_4_multimer_v2_pred_6.pdb
728	afm_basic_model_4_multimer_v2_pred_60.pdb
729	afm_basic_model_4_multimer_v2_pred_61.pdb
730	afm_basic_model_4_multimer_v2_pred_62.pdb
731	afm_basic_model_4_multimer_v2_pred_63.pdb
732	afm_basic_model_4_multimer_v2_pred_64.pdb
733	afm_basic_model_4_multimer_v2_pred_65.pdb
734	afm_basic_model_4_multimer_v2_pred_66.pdb
735	afm_basic_model_4_multimer_v2_pred_7.pdb
736	afm_basic_model_4_multimer_v2_pred_8.pdb
737	afm_basic_model_4_multimer_v2_pred_9.pdb
738	afm_basic_model_4_multimer_v3_pred_0.pdb
739	afm_basic_model_4_multimer_v3_pred_1.pdb
740	afm_basic_model_4_multimer_v3_pred_10.pdb
741	afm_basic_model_4_multimer_v3_pred_11.pdb
742	afm_basic_model_4_multimer_v3_pred_12.pdb
743	afm_basic_model_4_multimer_v3_pred_13.pdb
744	afm_basic_model_4_multimer_v3_pred_14.pdb
745	afm_basic_model_4_multimer_v3_pred_15.pdb
746	afm_basic_model_4_multimer_v3_pred_16.pdb
747	afm_basic_model_4_multimer_v3_pred_17.pdb
748	afm_basic_model_4_multimer_v3_pred_18.pdb
749	afm_basic_model_4_multimer_v3_pred_19.pdb
750	afm_basic_model_4_multimer_v3_pred_2.pdb
751	afm_basic_model_4_multimer_v3_pred_20.pdb
752	afm_basic_model_4_multimer_v3_pred_21.pdb
753	afm_basic_model_4_multimer_v3_pred_22.pdb
754	afm_basic_model_4_multimer_v3_pred_23.pdb
755	afm_basic_model_4_multimer_v3_pred_24.pdb
756	afm_basic_model_4_multimer_v3_pred_25.pdb
757	afm_basic_model_4_multimer_v3_pred_26.pdb
758	afm_basic_model_4_multimer_v3_pred_27.pdb
759	afm_basic_model_4_multimer_v3_pred_28.pdb
760	afm_basic_model_4_multimer_v3_pred_29.pdb
761	afm_basic_model_4_multimer_v3_pred_3.pdb
762	afm_basic_model_4_multimer_v3_pred_30.pdb
763	afm_basic_model_4_multimer_v3_pred_31.pdb
764	afm_basic_model_4_multimer_v3_pred_32.pdb
765	afm_basic_model_4_multimer_v3_pred_33.pdb
766	afm_basic_model_4_multimer_v3_pred_34.pdb
767	afm_basic_model_4_multimer_v3_pred_35.pdb
768	afm_basic_model_4_multimer_v3_pred_36.pdb
769	afm_basic_model_4_multimer_v3_pred_37.pdb
770	afm_basic_model_4_multimer_v3_pred_38.pdb
771	afm_basic_model_4_multimer_v3_pred_39.pdb
772	afm_basic_model_4_multimer_v3_pred_4.pdb
773	afm_basic_model_4_multimer_v3_pred_40.pdb
774	afm_basic_model_4_multimer_v3_pred_41.pdb
775	afm_basic_model_4_multimer_v3_pred_42.pdb
776	afm_basic_model_4_multimer_v3_pred_43.pdb
777	afm_basic_model_4_multimer_v3_pred_44.pdb
778	afm_basic_model_4_multimer_v3_pred_45.pdb
779	afm_basic_model_4_multimer_v3_pred_46.pdb
780	afm_basic_model_4_multimer_v3_pred_47.pdb
781	afm_basic_model_4_multimer_v3_pred_48.pdb
782	afm_basic_model_4_multimer_v3_pred_49.pdb
783	afm_basic_model_4_multimer_v3_pred_5.pdb
784	afm_basic_model_4_multimer_v3_pred_50.pdb
785	afm_basic_model_4_multimer_v3_pred_51.pdb
786	afm_basic_model_4_multimer_v3_pred_52.pdb
787	afm_basic_model_4_multimer_v3_pred_53.pdb
788	afm_basic_model_4_multimer_v3_pred_54.pdb
789	afm_basic_model_4_multimer_v3_pred_55.pdb
790	afm_basic_model_4_multimer_v3_pred_56.pdb
791	afm_basic_model_4_multimer_v3_pred_57.pdb
792	afm_basic_model_4_multimer_v3_pred_58.pdb
793	afm_basic_model_4_multimer_v3_pred_59.pdb
794	afm_basic_model_4_multimer_v3_pred_6.pdb
795	afm_basic_model_4_multimer_v3_pred_60.pdb
796	afm_basic_model_4_multimer_v3_pred_61.pdb
797	afm_basic_model_4_multimer_v3_pred_62.pdb
798	afm_basic_model_4_multimer_v3_pred_63.pdb
799	afm_basic_model_4_multimer_v3_pred_64.pdb
800	afm_basic_model_4_multimer_v3_pred_65.pdb
801	afm_basic_model_4_multimer_v3_pred_66.pdb
802	afm_basic_model_4_multimer_v3_pred_7.pdb
803	afm_basic_model_4_multimer_v3_pred_8.pdb
804	afm_basic_model_4_multimer_v3_pred_9.pdb
805	afm_basic_model_5_multimer_v1_pred_0.pdb
806	afm_basic_model_5_multimer_v1_pred_1.pdb
807	afm_basic_model_5_multimer_v1_pred_10.pdb
808	afm_basic_model_5_multimer_v1_pred_11.pdb
809	afm_basic_model_5_multimer_v1_pred_12.pdb
810	afm_basic_model_5_multimer_v1_pred_13.pdb
811	afm_basic_model_5_multimer_v1_pred_14.pdb
812	afm_basic_model_5_multimer_v1_pred_15.pdb
813	afm_basic_model_5_multimer_v1_pred_16.pdb
814	afm_basic_model_5_multimer_v1_pred_17.pdb
815	afm_basic_model_5_multimer_v1_pred_18.pdb
816	afm_basic_model_5_multimer_v1_pred_19.pdb
817	afm_basic_model_5_multimer_v1_pred_2.pdb
818	afm_basic_model_5_multimer_v1_pred_20.pdb
819	afm_basic_model_5_multimer_v1_pred_21.pdb
820	afm_basic_model_5_multimer_v1_pred_22.pdb
821	afm_basic_model_5_multimer_v1_pred_23.pdb
822	afm_basic_model_5_multimer_v1_pred_24.pdb
823	afm_basic_model_5_multimer_v1_pred_25.pdb
824	afm_basic_model_5_multimer_v1_pred_26.pdb
825	afm_basic_model_5_multimer_v1_pred_27.pdb
826	afm_basic_model_5_multimer_v1_pred_28.pdb
827	afm_basic_model_5_multimer_v1_pred_29.pdb
828	afm_basic_model_5_multimer_v1_pred_3.pdb
829	afm_basic_model_5_multimer_v1_pred_30.pdb
830	afm_basic_model_5_multimer_v1_pred_31.pdb
831	afm_basic_model_5_multimer_v1_pred_32.pdb
832	afm_basic_model_5_multimer_v1_pred_33.pdb
833	afm_basic_model_5_multimer_v1_pred_34.pdb
834	afm_basic_model_5_multimer_v1_pred_35.pdb
835	afm_basic_model_5_multimer_v1_pred_36.pdb
836	afm_basic_model_5_multimer_v1_pred_37.pdb
837	afm_basic_model_5_multimer_v1_pred_38.pdb
838	afm_basic_model_5_multimer_v1_pred_39.pdb
839	afm_basic_model_5_multimer_v1_pred_4.pdb
840	afm_basic_model_5_multimer_v1_pred_40.pdb
841	afm_basic_model_5_multimer_v1_pred_41.pdb
842	afm_basic_model_5_multimer_v1_pred_42.pdb
843	afm_basic_model_5_multimer_v1_pred_43.pdb
844	afm_basic_model_5_multimer_v1_pred_44.pdb
845	afm_basic_model_5_multimer_v1_pred_45.pdb
846	afm_basic_model_5_multimer_v1_pred_46.pdb
847	afm_basic_model_5_multimer_v1_pred_47.pdb
848	afm_basic_model_5_multimer_v1_pred_48.pdb
849	afm_basic_model_5_multimer_v1_pred_49.pdb
850	afm_basic_model_5_multimer_v1_pred_5.pdb
851	afm_basic_model_5_multimer_v1_pred_50.pdb
852	afm_basic_model_5_multimer_v1_pred_51.pdb
853	afm_basic_model_5_multimer_v1_pred_52.pdb
854	afm_basic_model_5_multimer_v1_pred_53.pdb
855	afm_basic_model_5_multimer_v1_pred_54.pdb
856	afm_basic_model_5_multimer_v1_pred_55.pdb
857	afm_basic_model_5_multimer_v1_pred_56.pdb
858	afm_basic_model_5_multimer_v1_pred_57.pdb
859	afm_basic_model_5_multimer_v1_pred_58.pdb
860	afm_basic_model_5_multimer_v1_pred_59.pdb
861	afm_basic_model_5_multimer_v1_pred_6.pdb
862	afm_basic_model_5_multimer_v1_pred_60.pdb
863	afm_basic_model_5_multimer_v1_pred_61.pdb
864	afm_basic_model_5_multimer_v1_pred_62.pdb
865	afm_basic_model_5_multimer_v1_pred_63.pdb
866	afm_basic_model_5_multimer_v1_pred_64.pdb
867	afm_basic_model_5_multimer_v1_pred_65.pdb
868	afm_basic_model_5_multimer_v1_pred_66.pdb
869	afm_basic_model_5_multimer_v1_pred_7.pdb
870	afm_basic_model_5_multimer_v1_pred_8.pdb
871	afm_basic_model_5_multimer_v1_pred_9.pdb
872	afm_basic_model_5_multimer_v2_pred_0.pdb
873	afm_basic_model_5_multimer_v2_pred_1.pdb
874	afm_basic_model_5_multimer_v2_pred_10.pdb
875	afm_basic_model_5_multimer_v2_pred_11.pdb
876	afm_basic_model_5_multimer_v2_pred_12.pdb
877	afm_basic_model_5_multimer_v2_pred_13.pdb
878	afm_basic_model_5_multimer_v2_pred_14.pdb
879	afm_basic_model_5_multimer_v2_pred_15.pdb
880	afm_basic_model_5_multimer_v2_pred_16.pdb
881	afm_basic_model_5_multimer_v2_pred_17.pdb
882	afm_basic_model_5_multimer_v2_pred_18.pdb
883	afm_basic_model_5_multimer_v2_pred_19.pdb
884	afm_basic_model_5_multimer_v2_pred_2.pdb
885	afm_basic_model_5_multimer_v2_pred_20.pdb
886	afm_basic_model_5_multimer_v2_pred_21.pdb
887	afm_basic_model_5_multimer_v2_pred_22.pdb
888	afm_basic_model_5_multimer_v2_pred_23.pdb
889	afm_basic_model_5_multimer_v2_pred_24.pdb
890	afm_basic_model_5_multimer_v2_pred_25.pdb
891	afm_basic_model_5_multimer_v2_pred_26.pdb
892	afm_basic_model_5_multimer_v2_pred_27.pdb
893	afm_basic_model_5_multimer_v2_pred_28.pdb
894	afm_basic_model_5_multimer_v2_pred_29.pdb
895	afm_basic_model_5_multimer_v2_pred_3.pdb
896	afm_basic_model_5_multimer_v2_pred_30.pdb
897	afm_basic_model_5_multimer_v2_pred_31.pdb
898	afm_basic_model_5_multimer_v2_pred_32.pdb
899	afm_basic_model_5_multimer_v2_pred_33.pdb
900	afm_basic_model_5_multimer_v2_pred_34.pdb
901	afm_basic_model_5_multimer_v2_pred_35.pdb
902	afm_basic_model_5_multimer_v2_pred_36.pdb
903	afm_basic_model_5_multimer_v2_pred_37.pdb
904	afm_basic_model_5_multimer_v2_pred_38.pdb
905	afm_basic_model_5_multimer_v2_pred_39.pdb
906	afm_basic_model_5_multimer_v2_pred_4.pdb
907	afm_basic_model_5_multimer_v2_pred_40.pdb
908	afm_basic_model_5_multimer_v2_pred_41.pdb
909	afm_basic_model_5_multimer_v2_pred_42.pdb
910	afm_basic_model_5_multimer_v2_pred_43.pdb
911	afm_basic_model_5_multimer_v2_pred_44.pdb
912	afm_basic_model_5_multimer_v2_pred_45.pdb
913	afm_basic_model_5_multimer_v2_pred_46.pdb
914	afm_basic_model_5_multimer_v2_pred_47.pdb
915	afm_basic_model_5_multimer_v2_pred_48.pdb
916	afm_basic_model_5_multimer_v2_pred_49.pdb
917	afm_basic_model_5_multimer_v2_pred_5.pdb
918	afm_basic_model_5_multimer_v2_pred_50.pdb
919	afm_basic_model_5_multimer_v2_pred_51.pdb
920	afm_basic_model_5_multimer_v2_pred_52.pdb
921	afm_basic_model_5_multimer_v2_pred_53.pdb
922	afm_basic_model_5_multimer_v2_pred_54.pdb
923	afm_basic_model_5_multimer_v2_pred_55.pdb
924	afm_basic_model_5_multimer_v2_pred_56.pdb
925	afm_basic_model_5_multimer_v2_pred_57.pdb
926	afm_basic_model_5_multimer_v2_pred_58.pdb
927	afm_basic_model_5_multimer_v2_pred_59.pdb
928	afm_basic_model_5_multimer_v2_pred_6.pdb
929	afm_basic_model_5_multimer_v2_pred_60.pdb
930	afm_basic_model_5_multimer_v2_pred_61.pdb
931	afm_basic_model_5_multimer_v2_pred_62.pdb
932	afm_basic_model_5_multimer_v2_pred_63.pdb
933	afm_basic_model_5_multimer_v2_pred_64.pdb
934	afm_basic_model_5_multimer_v2_pred_65.pdb
935	afm_basic_model_5_multimer_v2_pred_66.pdb
936	afm_basic_model_5_multimer_v2_pred_7.pdb
937	afm_basic_model_5_multimer_v2_pred_8.pdb
938	afm_basic_model_5_multimer_v2_pred_9.pdb
939	afm_basic_model_5_multimer_v3_pred_0.pdb
940	afm_basic_model_5_multimer_v3_pred_1.pdb
941	afm_basic_model_5_multimer_v3_pred_10.pdb
942	afm_basic_model_5_multimer_v3_pred_11.pdb
943	afm_basic_model_5_multimer_v3_pred_12.pdb
944	afm_basic_model_5_multimer_v3_pred_13.pdb
945	afm_basic_model_5_multimer_v3_pred_14.pdb
946	afm_basic_model_5_multimer_v3_pred_15.pdb
947	afm_basic_model_5_multimer_v3_pred_16.pdb
948	afm_basic_model_5_multimer_v3_pred_17.pdb
949	afm_basic_model_5_multimer_v3_pred_18.pdb
950	afm_basic_model_5_multimer_v3_pred_19.pdb
951	afm_basic_model_5_multimer_v3_pred_2.pdb
952	afm_basic_model_5_multimer_v3_pred_20.pdb
953	afm_basic_model_5_multimer_v3_pred_21.pdb
954	afm_basic_model_5_multimer_v3_pred_22.pdb
955	afm_basic_model_5_multimer_v3_pred_23.pdb
956	afm_basic_model_5_multimer_v3_pred_24.pdb
957	afm_basic_model_5_multimer_v3_pred_25.pdb
958	afm_basic_model_5_multimer_v3_pred_26.pdb
959	afm_basic_model_5_multimer_v3_pred_27.pdb
960	afm_basic_model_5_multimer_v3_pred_28.pdb
961	afm_basic_model_5_multimer_v3_pred_29.pdb
962	afm_basic_model_5_multimer_v3_pred_3.pdb
963	afm_basic_model_5_multimer_v3_pred_30.pdb
964	afm_basic_model_5_multimer_v3_pred_31.pdb
965	afm_basic_model_5_multimer_v3_pred_32.pdb
966	afm_basic_model_5_multimer_v3_pred_33.pdb
967	afm_basic_model_5_multimer_v3_pred_34.pdb
968	afm_basic_model_5_multimer_v3_pred_35.pdb
969	afm_basic_model_5_multimer_v3_pred_36.pdb
970	afm_basic_model_5_multimer_v3_pred_37.pdb
971	afm_basic_model_5_multimer_v3_pred_38.pdb
972	afm_basic_model_5_multimer_v3_pred_39.pdb
973	afm_basic_model_5_multimer_v3_pred_4.pdb
974	afm_basic_model_5_multimer_v3_pred_40.pdb
975	afm_basic_model_5_multimer_v3_pred_41.pdb
976	afm_basic_model_5_multimer_v3_pred_42.pdb
977	afm_basic_model_5_multimer_v3_pred_43.pdb
978	afm_basic_model_5_multimer_v3_pred_44.pdb
979	afm_basic_model_5_multimer_v3_pred_45.pdb
980	afm_basic_model_5_multimer_v3_pred_46.pdb
981	afm_basic_model_5_multimer_v3_pred_47.pdb
982	afm_basic_model_5_multimer_v3_pred_48.pdb
983	afm_basic_model_5_multimer_v3_pred_49.pdb
984	afm_basic_model_5_multimer_v3_pred_5.pdb
985	afm_basic_model_5_multimer_v3_pred_50.pdb
986	afm_basic_model_5_multimer_v3_pred_51.pdb
987	afm_basic_model_5_multimer_v3_pred_52.pdb
988	afm_basic_model_5_multimer_v3_pred_53.pdb
989	afm_basic_model_5_multimer_v3_pred_54.pdb
990	afm_basic_model_5_multimer_v3_pred_55.pdb
991	afm_basic_model_5_multimer_v3_pred_56.pdb
992	afm_basic_model_5_multimer_v3_pred_57.pdb
993	afm_basic_model_5_multimer_v3_pred_58.pdb
994	afm_basic_model_5_multimer_v3_pred_59.pdb
995	afm_basic_model_5_multimer_v3_pred_6.pdb
996	afm_basic_model_5_multimer_v3_pred_60.pdb
997	afm_basic_model_5_multimer_v3_pred_61.pdb
998	afm_basic_model_5_multimer_v3_pred_62.pdb
999	afm_basic_model_5_multimer_v3_pred_63.pdb
1000	afm_basic_model_5_multimer_v3_pred_64.pdb
1001	afm_basic_model_5_multimer_v3_pred_65.pdb
1002	afm_basic_model_5_multimer_v3_pred_66.pdb
1003	afm_basic_model_5_multimer_v3_pred_7.pdb
1004	afm_basic_model_5_multimer_v3_pred_8.pdb
1005	afm_basic_model_5_multimer_v3_pred_9.pdb
1006	afm_dropout_full_model_1_multimer_v1_pred_0.pdb
1007	afm_dropout_full_model_1_multimer_v1_pred_1.pdb
1008	afm_dropout_full_model_1_multimer_v1_pred_10.pdb
1009	afm_dropout_full_model_1_multimer_v1_pred_11.pdb
1010	afm_dropout_full_model_1_multimer_v1_pred_12.pdb
1011	afm_dropout_full_model_1_multimer_v1_pred_13.pdb
1012	afm_dropout_full_model_1_multimer_v1_pred_14.pdb
1013	afm_dropout_full_model_1_multimer_v1_pred_15.pdb
1014	afm_dropout_full_model_1_multimer_v1_pred_16.pdb
1015	afm_dropout_full_model_1_multimer_v1_pred_17.pdb
1016	afm_dropout_full_model_1_multimer_v1_pred_18.pdb
1017	afm_dropout_full_model_1_multimer_v1_pred_19.pdb
1018	afm_dropout_full_model_1_multimer_v1_pred_2.pdb
1019	afm_dropout_full_model_1_multimer_v1_pred_20.pdb
1020	afm_dropout_full_model_1_multimer_v1_pred_21.pdb
1021	afm_dropout_full_model_1_multimer_v1_pred_22.pdb
1022	afm_dropout_full_model_1_multimer_v1_pred_23.pdb
1023	afm_dropout_full_model_1_multimer_v1_pred_24.pdb
1024	afm_dropout_full_model_1_multimer_v1_pred_25.pdb
1025	afm_dropout_full_model_1_multimer_v1_pred_26.pdb
1026	afm_dropout_full_model_1_multimer_v1_pred_27.pdb
1027	afm_dropout_full_model_1_multimer_v1_pred_28.pdb
1028	afm_dropout_full_model_1_multimer_v1_pred_29.pdb
1029	afm_dropout_full_model_1_multimer_v1_pred_3.pdb
1030	afm_dropout_full_model_1_multimer_v1_pred_30.pdb
1031	afm_dropout_full_model_1_multimer_v1_pred_31.pdb
1032	afm_dropout_full_model_1_multimer_v1_pred_32.pdb
1033	afm_dropout_full_model_1_multimer_v1_pred_33.pdb
1034	afm_dropout_full_model_1_multimer_v1_pred_34.pdb
1035	afm_dropout_full_model_1_multimer_v1_pred_35.pdb
1036	afm_dropout_full_model_1_multimer_v1_pred_36.pdb
1037	afm_dropout_full_model_1_multimer_v1_pred_37.pdb
1038	afm_dropout_full_model_1_multimer_v1_pred_38.pdb
1039	afm_dropout_full_model_1_multimer_v1_pred_39.pdb
1040	afm_dropout_full_model_1_multimer_v1_pred_4.pdb
1041	afm_dropout_full_model_1_multimer_v1_pred_40.pdb
1042	afm_dropout_full_model_1_multimer_v1_pred_41.pdb
1043	afm_dropout_full_model_1_multimer_v1_pred_42.pdb
1044	afm_dropout_full_model_1_multimer_v1_pred_43.pdb
1045	afm_dropout_full_model_1_multimer_v1_pred_44.pdb
1046	afm_dropout_full_model_1_multimer_v1_pred_45.pdb
1047	afm_dropout_full_model_1_multimer_v1_pred_46.pdb
1048	afm_dropout_full_model_1_multimer_v1_pred_47.pdb
1049	afm_dropout_full_model_1_multimer_v1_pred_48.pdb
1050	afm_dropout_full_model_1_multimer_v1_pred_49.pdb
1051	afm_dropout_full_model_1_multimer_v1_pred_5.pdb
1052	afm_dropout_full_model_1_multimer_v1_pred_50.pdb
1053	afm_dropout_full_model_1_multimer_v1_pred_51.pdb
1054	afm_dropout_full_model_1_multimer_v1_pred_52.pdb
1055	afm_dropout_full_model_1_multimer_v1_pred_53.pdb
1056	afm_dropout_full_model_1_multimer_v1_pred_54.pdb
1057	afm_dropout_full_model_1_multimer_v1_pred_55.pdb
1058	afm_dropout_full_model_1_multimer_v1_pred_56.pdb
1059	afm_dropout_full_model_1_multimer_v1_pred_57.pdb
1060	afm_dropout_full_model_1_multimer_v1_pred_58.pdb
1061	afm_dropout_full_model_1_multimer_v1_pred_59.pdb
1062	afm_dropout_full_model_1_multimer_v1_pred_6.pdb
1063	afm_dropout_full_model_1_multimer_v1_pred_60.pdb
1064	afm_dropout_full_model_1_multimer_v1_pred_61.pdb
1065	afm_dropout_full_model_1_multimer_v1_pred_62.pdb
1066	afm_dropout_full_model_1_multimer_v1_pred_63.pdb
1067	afm_dropout_full_model_1_multimer_v1_pred_64.pdb
1068	afm_dropout_full_model_1_multimer_v1_pred_65.pdb
1069	afm_dropout_full_model_1_multimer_v1_pred_66.pdb
1070	afm_dropout_full_model_1_multimer_v1_pred_7.pdb
1071	afm_dropout_full_model_1_multimer_v1_pred_8.pdb
1072	afm_dropout_full_model_1_multimer_v1_pred_9.pdb
1073	afm_dropout_full_model_1_multimer_v2_pred_0.pdb
1074	afm_dropout_full_model_1_multimer_v2_pred_1.pdb
1075	afm_dropout_full_model_1_multimer_v2_pred_10.pdb
1076	afm_dropout_full_model_1_multimer_v2_pred_11.pdb
1077	afm_dropout_full_model_1_multimer_v2_pred_12.pdb
1078	afm_dropout_full_model_1_multimer_v2_pred_13.pdb
1079	afm_dropout_full_model_1_multimer_v2_pred_14.pdb
1080	afm_dropout_full_model_1_multimer_v2_pred_15.pdb
1081	afm_dropout_full_model_1_multimer_v2_pred_16.pdb
1082	afm_dropout_full_model_1_multimer_v2_pred_17.pdb
1083	afm_dropout_full_model_1_multimer_v2_pred_18.pdb
1084	afm_dropout_full_model_1_multimer_v2_pred_19.pdb
1085	afm_dropout_full_model_1_multimer_v2_pred_2.pdb
1086	afm_dropout_full_model_1_multimer_v2_pred_20.pdb
1087	afm_dropout_full_model_1_multimer_v2_pred_21.pdb
1088	afm_dropout_full_model_1_multimer_v2_pred_22.pdb
1089	afm_dropout_full_model_1_multimer_v2_pred_23.pdb
1090	afm_dropout_full_model_1_multimer_v2_pred_24.pdb
1091	afm_dropout_full_model_1_multimer_v2_pred_25.pdb
1092	afm_dropout_full_model_1_multimer_v2_pred_26.pdb
1093	afm_dropout_full_model_1_multimer_v2_pred_27.pdb
1094	afm_dropout_full_model_1_multimer_v2_pred_28.pdb
1095	afm_dropout_full_model_1_multimer_v2_pred_29.pdb
1096	afm_dropout_full_model_1_multimer_v2_pred_3.pdb
1097	afm_dropout_full_model_1_multimer_v2_pred_30.pdb
1098	afm_dropout_full_model_1_multimer_v2_pred_31.pdb
1099	afm_dropout_full_model_1_multimer_v2_pred_32.pdb
1100	afm_dropout_full_model_1_multimer_v2_pred_33.pdb
1101	afm_dropout_full_model_1_multimer_v2_pred_34.pdb
1102	afm_dropout_full_model_1_multimer_v2_pred_35.pdb
1103	afm_dropout_full_model_1_multimer_v2_pred_36.pdb
1104	afm_dropout_full_model_1_multimer_v2_pred_37.pdb
1105	afm_dropout_full_model_1_multimer_v2_pred_38.pdb
1106	afm_dropout_full_model_1_multimer_v2_pred_39.pdb
1107	afm_dropout_full_model_1_multimer_v2_pred_4.pdb
1108	afm_dropout_full_model_1_multimer_v2_pred_40.pdb
1109	afm_dropout_full_model_1_multimer_v2_pred_41.pdb
1110	afm_dropout_full_model_1_multimer_v2_pred_42.pdb
1111	afm_dropout_full_model_1_multimer_v2_pred_43.pdb
1112	afm_dropout_full_model_1_multimer_v2_pred_44.pdb
1113	afm_dropout_full_model_1_multimer_v2_pred_45.pdb
1114	afm_dropout_full_model_1_multimer_v2_pred_46.pdb
1115	afm_dropout_full_model_1_multimer_v2_pred_47.pdb
1116	afm_dropout_full_model_1_multimer_v2_pred_48.pdb
1117	afm_dropout_full_model_1_multimer_v2_pred_49.pdb
1118	afm_dropout_full_model_1_multimer_v2_pred_5.pdb
1119	afm_dropout_full_model_1_multimer_v2_pred_50.pdb
1120	afm_dropout_full_model_1_multimer_v2_pred_51.pdb
1121	afm_dropout_full_model_1_multimer_v2_pred_52.pdb
1122	afm_dropout_full_model_1_multimer_v2_pred_53.pdb
1123	afm_dropout_full_model_1_multimer_v2_pred_54.pdb
1124	afm_dropout_full_model_1_multimer_v2_pred_55.pdb
1125	afm_dropout_full_model_1_multimer_v2_pred_56.pdb
1126	afm_dropout_full_model_1_multimer_v2_pred_57.pdb
1127	afm_dropout_full_model_1_multimer_v2_pred_58.pdb
1128	afm_dropout_full_model_1_multimer_v2_pred_59.pdb
1129	afm_dropout_full_model_1_multimer_v2_pred_6.pdb
1130	afm_dropout_full_model_1_multimer_v2_pred_60.pdb
1131	afm_dropout_full_model_1_multimer_v2_pred_61.pdb
1132	afm_dropout_full_model_1_multimer_v2_pred_62.pdb
1133	afm_dropout_full_model_1_multimer_v2_pred_63.pdb
1134	afm_dropout_full_model_1_multimer_v2_pred_64.pdb
1135	afm_dropout_full_model_1_multimer_v2_pred_65.pdb
1136	afm_dropout_full_model_1_multimer_v2_pred_66.pdb
1137	afm_dropout_full_model_1_multimer_v2_pred_7.pdb
1138	afm_dropout_full_model_1_multimer_v2_pred_8.pdb
1139	afm_dropout_full_model_1_multimer_v2_pred_9.pdb
1140	afm_dropout_full_model_1_multimer_v3_pred_0.pdb
1141	afm_dropout_full_model_1_multimer_v3_pred_1.pdb
1142	afm_dropout_full_model_1_multimer_v3_pred_10.pdb
1143	afm_dropout_full_model_1_multimer_v3_pred_11.pdb
1144	afm_dropout_full_model_1_multimer_v3_pred_12.pdb
1145	afm_dropout_full_model_1_multimer_v3_pred_13.pdb
1146	afm_dropout_full_model_1_multimer_v3_pred_14.pdb
1147	afm_dropout_full_model_1_multimer_v3_pred_15.pdb
1148	afm_dropout_full_model_1_multimer_v3_pred_16.pdb
1149	afm_dropout_full_model_1_multimer_v3_pred_17.pdb
1150	afm_dropout_full_model_1_multimer_v3_pred_18.pdb
1151	afm_dropout_full_model_1_multimer_v3_pred_19.pdb
1152	afm_dropout_full_model_1_multimer_v3_pred_2.pdb
1153	afm_dropout_full_model_1_multimer_v3_pred_20.pdb
1154	afm_dropout_full_model_1_multimer_v3_pred_21.pdb
1155	afm_dropout_full_model_1_multimer_v3_pred_22.pdb
1156	afm_dropout_full_model_1_multimer_v3_pred_23.pdb
1157	afm_dropout_full_model_1_multimer_v3_pred_24.pdb
1158	afm_dropout_full_model_1_multimer_v3_pred_25.pdb
1159	afm_dropout_full_model_1_multimer_v3_pred_26.pdb
1160	afm_dropout_full_model_1_multimer_v3_pred_27.pdb
1161	afm_dropout_full_model_1_multimer_v3_pred_28.pdb
1162	afm_dropout_full_model_1_multimer_v3_pred_29.pdb
1163	afm_dropout_full_model_1_multimer_v3_pred_3.pdb
1164	afm_dropout_full_model_1_multimer_v3_pred_30.pdb
1165	afm_dropout_full_model_1_multimer_v3_pred_31.pdb
1166	afm_dropout_full_model_1_multimer_v3_pred_32.pdb
1167	afm_dropout_full_model_1_multimer_v3_pred_33.pdb
1168	afm_dropout_full_model_1_multimer_v3_pred_34.pdb
1169	afm_dropout_full_model_1_multimer_v3_pred_35.pdb
1170	afm_dropout_full_model_1_multimer_v3_pred_36.pdb
1171	afm_dropout_full_model_1_multimer_v3_pred_37.pdb
1172	afm_dropout_full_model_1_multimer_v3_pred_38.pdb
1173	afm_dropout_full_model_1_multimer_v3_pred_39.pdb
1174	afm_dropout_full_model_1_multimer_v3_pred_4.pdb
1175	afm_dropout_full_model_1_multimer_v3_pred_40.pdb
1176	afm_dropout_full_model_1_multimer_v3_pred_41.pdb
1177	afm_dropout_full_model_1_multimer_v3_pred_42.pdb
1178	afm_dropout_full_model_1_multimer_v3_pred_43.pdb
1179	afm_dropout_full_model_1_multimer_v3_pred_44.pdb
1180	afm_dropout_full_model_1_multimer_v3_pred_45.pdb
1181	afm_dropout_full_model_1_multimer_v3_pred_46.pdb
1182	afm_dropout_full_model_1_multimer_v3_pred_47.pdb
1183	afm_dropout_full_model_1_multimer_v3_pred_48.pdb
1184	afm_dropout_full_model_1_multimer_v3_pred_49.pdb
1185	afm_dropout_full_model_1_multimer_v3_pred_5.pdb
1186	afm_dropout_full_model_1_multimer_v3_pred_50.pdb
1187	afm_dropout_full_model_1_multimer_v3_pred_51.pdb
1188	afm_dropout_full_model_1_multimer_v3_pred_52.pdb
1189	afm_dropout_full_model_1_multimer_v3_pred_53.pdb
1190	afm_dropout_full_model_1_multimer_v3_pred_54.pdb
1191	afm_dropout_full_model_1_multimer_v3_pred_55.pdb
1192	afm_dropout_full_model_1_multimer_v3_pred_56.pdb
1193	afm_dropout_full_model_1_multimer_v3_pred_57.pdb
1194	afm_dropout_full_model_1_multimer_v3_pred_58.pdb
1195	afm_dropout_full_model_1_multimer_v3_pred_59.pdb
1196	afm_dropout_full_model_1_multimer_v3_pred_6.pdb
1197	afm_dropout_full_model_1_multimer_v3_pred_60.pdb
1198	afm_dropout_full_model_1_multimer_v3_pred_61.pdb
1199	afm_dropout_full_model_1_multimer_v3_pred_62.pdb
1200	afm_dropout_full_model_1_multimer_v3_pred_63.pdb
1201	afm_dropout_full_model_1_multimer_v3_pred_64.pdb
1202	afm_dropout_full_model_1_multimer_v3_pred_65.pdb
1203	afm_dropout_full_model_1_multimer_v3_pred_66.pdb
1204	afm_dropout_full_model_1_multimer_v3_pred_7.pdb
1205	afm_dropout_full_model_1_multimer_v3_pred_8.pdb
1206	afm_dropout_full_model_1_multimer_v3_pred_9.pdb
1207	afm_dropout_full_model_2_multimer_v1_pred_0.pdb
1208	afm_dropout_full_model_2_multimer_v1_pred_1.pdb
1209	afm_dropout_full_model_2_multimer_v1_pred_10.pdb
1210	afm_dropout_full_model_2_multimer_v1_pred_11.pdb
1211	afm_dropout_full_model_2_multimer_v1_pred_12.pdb
1212	afm_dropout_full_model_2_multimer_v1_pred_13.pdb
1213	afm_dropout_full_model_2_multimer_v1_pred_14.pdb
1214	afm_dropout_full_model_2_multimer_v1_pred_15.pdb
1215	afm_dropout_full_model_2_multimer_v1_pred_16.pdb
1216	afm_dropout_full_model_2_multimer_v1_pred_17.pdb
1217	afm_dropout_full_model_2_multimer_v1_pred_18.pdb
1218	afm_dropout_full_model_2_multimer_v1_pred_19.pdb
1219	afm_dropout_full_model_2_multimer_v1_pred_2.pdb
1220	afm_dropout_full_model_2_multimer_v1_pred_20.pdb
1221	afm_dropout_full_model_2_multimer_v1_pred_21.pdb
1222	afm_dropout_full_model_2_multimer_v1_pred_22.pdb
1223	afm_dropout_full_model_2_multimer_v1_pred_23.pdb
1224	afm_dropout_full_model_2_multimer_v1_pred_24.pdb
1225	afm_dropout_full_model_2_multimer_v1_pred_25.pdb
1226	afm_dropout_full_model_2_multimer_v1_pred_26.pdb
1227	afm_dropout_full_model_2_multimer_v1_pred_27.pdb
1228	afm_dropout_full_model_2_multimer_v1_pred_28.pdb
1229	afm_dropout_full_model_2_multimer_v1_pred_29.pdb
1230	afm_dropout_full_model_2_multimer_v1_pred_3.pdb
1231	afm_dropout_full_model_2_multimer_v1_pred_30.pdb
1232	afm_dropout_full_model_2_multimer_v1_pred_31.pdb
1233	afm_dropout_full_model_2_multimer_v1_pred_32.pdb
1234	afm_dropout_full_model_2_multimer_v1_pred_33.pdb
1235	afm_dropout_full_model_2_multimer_v1_pred_34.pdb
1236	afm_dropout_full_model_2_multimer_v1_pred_35.pdb
1237	afm_dropout_full_model_2_multimer_v1_pred_36.pdb
1238	afm_dropout_full_model_2_multimer_v1_pred_37.pdb
1239	afm_dropout_full_model_2_multimer_v1_pred_38.pdb
1240	afm_dropout_full_model_2_multimer_v1_pred_39.pdb
1241	afm_dropout_full_model_2_multimer_v1_pred_4.pdb
1242	afm_dropout_full_model_2_multimer_v1_pred_40.pdb
1243	afm_dropout_full_model_2_multimer_v1_pred_41.pdb
1244	afm_dropout_full_model_2_multimer_v1_pred_42.pdb
1245	afm_dropout_full_model_2_multimer_v1_pred_43.pdb
1246	afm_dropout_full_model_2_multimer_v1_pred_44.pdb
1247	afm_dropout_full_model_2_multimer_v1_pred_45.pdb
1248	afm_dropout_full_model_2_multimer_v1_pred_46.pdb
1249	afm_dropout_full_model_2_multimer_v1_pred_47.pdb
1250	afm_dropout_full_model_2_multimer_v1_pred_48.pdb
1251	afm_dropout_full_model_2_multimer_v1_pred_49.pdb
1252	afm_dropout_full_model_2_multimer_v1_pred_5.pdb
1253	afm_dropout_full_model_2_multimer_v1_pred_50.pdb
1254	afm_dropout_full_model_2_multimer_v1_pred_51.pdb
1255	afm_dropout_full_model_2_multimer_v1_pred_52.pdb
1256	afm_dropout_full_model_2_multimer_v1_pred_53.pdb
1257	afm_dropout_full_model_2_multimer_v1_pred_54.pdb
1258	afm_dropout_full_model_2_multimer_v1_pred_55.pdb
1259	afm_dropout_full_model_2_multimer_v1_pred_56.pdb
1260	afm_dropout_full_model_2_multimer_v1_pred_57.pdb
1261	afm_dropout_full_model_2_multimer_v1_pred_58.pdb
1262	afm_dropout_full_model_2_multimer_v1_pred_59.pdb
1263	afm_dropout_full_model_2_multimer_v1_pred_6.pdb
1264	afm_dropout_full_model_2_multimer_v1_pred_60.pdb
1265	afm_dropout_full_model_2_multimer_v1_pred_61.pdb
1266	afm_dropout_full_model_2_multimer_v1_pred_62.pdb
1267	afm_dropout_full_model_2_multimer_v1_pred_63.pdb
1268	afm_dropout_full_model_2_multimer_v1_pred_64.pdb
1269	afm_dropout_full_model_2_multimer_v1_pred_65.pdb
1270	afm_dropout_full_model_2_multimer_v1_pred_66.pdb
1271	afm_dropout_full_model_2_multimer_v1_pred_7.pdb
1272	afm_dropout_full_model_2_multimer_v1_pred_8.pdb
1273	afm_dropout_full_model_2_multimer_v1_pred_9.pdb
1274	afm_dropout_full_model_2_multimer_v2_pred_0.pdb
1275	afm_dropout_full_model_2_multimer_v2_pred_1.pdb
1276	afm_dropout_full_model_2_multimer_v2_pred_10.pdb
1277	afm_dropout_full_model_2_multimer_v2_pred_11.pdb
1278	afm_dropout_full_model_2_multimer_v2_pred_12.pdb
1279	afm_dropout_full_model_2_multimer_v2_pred_13.pdb
1280	afm_dropout_full_model_2_multimer_v2_pred_14.pdb
1281	afm_dropout_full_model_2_multimer_v2_pred_15.pdb
1282	afm_dropout_full_model_2_multimer_v2_pred_16.pdb
1283	afm_dropout_full_model_2_multimer_v2_pred_17.pdb
1284	afm_dropout_full_model_2_multimer_v2_pred_18.pdb
1285	afm_dropout_full_model_2_multimer_v2_pred_19.pdb
1286	afm_dropout_full_model_2_multimer_v2_pred_2.pdb
1287	afm_dropout_full_model_2_multimer_v2_pred_20.pdb
1288	afm_dropout_full_model_2_multimer_v2_pred_21.pdb
1289	afm_dropout_full_model_2_multimer_v2_pred_22.pdb
1290	afm_dropout_full_model_2_multimer_v2_pred_23.pdb
1291	afm_dropout_full_model_2_multimer_v2_pred_24.pdb
1292	afm_dropout_full_model_2_multimer_v2_pred_25.pdb
1293	afm_dropout_full_model_2_multimer_v2_pred_26.pdb
1294	afm_dropout_full_model_2_multimer_v2_pred_27.pdb
1295	afm_dropout_full_model_2_multimer_v2_pred_28.pdb
1296	afm_dropout_full_model_2_multimer_v2_pred_29.pdb
1297	afm_dropout_full_model_2_multimer_v2_pred_3.pdb
1298	afm_dropout_full_model_2_multimer_v2_pred_30.pdb
1299	afm_dropout_full_model_2_multimer_v2_pred_31.pdb
1300	afm_dropout_full_model_2_multimer_v2_pred_32.pdb
1301	afm_dropout_full_model_2_multimer_v2_pred_33.pdb
1302	afm_dropout_full_model_2_multimer_v2_pred_34.pdb
1303	afm_dropout_full_model_2_multimer_v2_pred_35.pdb
1304	afm_dropout_full_model_2_multimer_v2_pred_36.pdb
1305	afm_dropout_full_model_2_multimer_v2_pred_37.pdb
1306	afm_dropout_full_model_2_multimer_v2_pred_38.pdb
1307	afm_dropout_full_model_2_multimer_v2_pred_39.pdb
1308	afm_dropout_full_model_2_multimer_v2_pred_4.pdb
1309	afm_dropout_full_model_2_multimer_v2_pred_40.pdb
1310	afm_dropout_full_model_2_multimer_v2_pred_41.pdb
1311	afm_dropout_full_model_2_multimer_v2_pred_42.pdb
1312	afm_dropout_full_model_2_multimer_v2_pred_43.pdb
1313	afm_dropout_full_model_2_multimer_v2_pred_44.pdb
1314	afm_dropout_full_model_2_multimer_v2_pred_45.pdb
1315	afm_dropout_full_model_2_multimer_v2_pred_46.pdb
1316	afm_dropout_full_model_2_multimer_v2_pred_47.pdb
1317	afm_dropout_full_model_2_multimer_v2_pred_48.pdb
1318	afm_dropout_full_model_2_multimer_v2_pred_49.pdb
1319	afm_dropout_full_model_2_multimer_v2_pred_5.pdb
1320	afm_dropout_full_model_2_multimer_v2_pred_50.pdb
1321	afm_dropout_full_model_2_multimer_v2_pred_51.pdb
1322	afm_dropout_full_model_2_multimer_v2_pred_52.pdb
1323	afm_dropout_full_model_2_multimer_v2_pred_53.pdb
1324	afm_dropout_full_model_2_multimer_v2_pred_54.pdb
1325	afm_dropout_full_model_2_multimer_v2_pred_55.pdb
1326	afm_dropout_full_model_2_multimer_v2_pred_56.pdb
1327	afm_dropout_full_model_2_multimer_v2_pred_57.pdb
1328	afm_dropout_full_model_2_multimer_v2_pred_58.pdb
1329	afm_dropout_full_model_2_multimer_v2_pred_59.pdb
1330	afm_dropout_full_model_2_multimer_v2_pred_6.pdb
1331	afm_dropout_full_model_2_multimer_v2_pred_60.pdb
1332	afm_dropout_full_model_2_multimer_v2_pred_61.pdb
1333	afm_dropout_full_model_2_multimer_v2_pred_62.pdb
1334	afm_dropout_full_model_2_multimer_v2_pred_63.pdb
1335	afm_dropout_full_model_2_multimer_v2_pred_64.pdb
1336	afm_dropout_full_model_2_multimer_v2_pred_65.pdb
1337	afm_dropout_full_model_2_multimer_v2_pred_66.pdb
1338	afm_dropout_full_model_2_multimer_v2_pred_7.pdb
1339	afm_dropout_full_model_2_multimer_v2_pred_8.pdb
1340	afm_dropout_full_model_2_multimer_v2_pred_9.pdb
1341	afm_dropout_full_model_2_multimer_v3_pred_0.pdb
1342	afm_dropout_full_model_2_multimer_v3_pred_1.pdb
1343	afm_dropout_full_model_2_multimer_v3_pred_10.pdb
1344	afm_dropout_full_model_2_multimer_v3_pred_11.pdb
1345	afm_dropout_full_model_2_multimer_v3_pred_12.pdb
1346	afm_dropout_full_model_2_multimer_v3_pred_13.pdb
1347	afm_dropout_full_model_2_multimer_v3_pred_14.pdb
1348	afm_dropout_full_model_2_multimer_v3_pred_15.pdb
1349	afm_dropout_full_model_2_multimer_v3_pred_16.pdb
1350	afm_dropout_full_model_2_multimer_v3_pred_17.pdb
1351	afm_dropout_full_model_2_multimer_v3_pred_18.pdb
1352	afm_dropout_full_model_2_multimer_v3_pred_19.pdb
1353	afm_dropout_full_model_2_multimer_v3_pred_2.pdb
1354	afm_dropout_full_model_2_multimer_v3_pred_20.pdb
1355	afm_dropout_full_model_2_multimer_v3_pred_21.pdb
1356	afm_dropout_full_model_2_multimer_v3_pred_22.pdb
1357	afm_dropout_full_model_2_multimer_v3_pred_23.pdb
1358	afm_dropout_full_model_2_multimer_v3_pred_24.pdb
1359	afm_dropout_full_model_2_multimer_v3_pred_25.pdb
1360	afm_dropout_full_model_2_multimer_v3_pred_26.pdb
1361	afm_dropout_full_model_2_multimer_v3_pred_27.pdb
1362	afm_dropout_full_model_2_multimer_v3_pred_28.pdb
1363	afm_dropout_full_model_2_multimer_v3_pred_29.pdb
1364	afm_dropout_full_model_2_multimer_v3_pred_3.pdb
1365	afm_dropout_full_model_2_multimer_v3_pred_30.pdb
1366	afm_dropout_full_model_2_multimer_v3_pred_31.pdb
1367	afm_dropout_full_model_2_multimer_v3_pred_32.pdb
1368	afm_dropout_full_model_2_multimer_v3_pred_33.pdb
1369	afm_dropout_full_model_2_multimer_v3_pred_34.pdb
1370	afm_dropout_full_model_2_multimer_v3_pred_35.pdb
1371	afm_dropout_full_model_2_multimer_v3_pred_36.pdb
1372	afm_dropout_full_model_2_multimer_v3_pred_37.pdb
1373	afm_dropout_full_model_2_multimer_v3_pred_38.pdb
1374	afm_dropout_full_model_2_multimer_v3_pred_39.pdb
1375	afm_dropout_full_model_2_multimer_v3_pred_4.pdb
1376	afm_dropout_full_model_2_multimer_v3_pred_40.pdb
1377	afm_dropout_full_model_2_multimer_v3_pred_41.pdb
1378	afm_dropout_full_model_2_multimer_v3_pred_42.pdb
1379	afm_dropout_full_model_2_multimer_v3_pred_43.pdb
1380	afm_dropout_full_model_2_multimer_v3_pred_44.pdb
1381	afm_dropout_full_model_2_multimer_v3_pred_45.pdb
1382	afm_dropout_full_model_2_multimer_v3_pred_46.pdb
1383	afm_dropout_full_model_2_multimer_v3_pred_47.pdb
1384	afm_dropout_full_model_2_multimer_v3_pred_48.pdb
1385	afm_dropout_full_model_2_multimer_v3_pred_49.pdb
1386	afm_dropout_full_model_2_multimer_v3_pred_5.pdb
1387	afm_dropout_full_model_2_multimer_v3_pred_50.pdb
1388	afm_dropout_full_model_2_multimer_v3_pred_51.pdb
1389	afm_dropout_full_model_2_multimer_v3_pred_52.pdb
1390	afm_dropout_full_model_2_multimer_v3_pred_53.pdb
1391	afm_dropout_full_model_2_multimer_v3_pred_54.pdb
1392	afm_dropout_full_model_2_multimer_v3_pred_55.pdb
1393	afm_dropout_full_model_2_multimer_v3_pred_56.pdb
1394	afm_dropout_full_model_2_multimer_v3_pred_57.pdb
1395	afm_dropout_full_model_2_multimer_v3_pred_58.pdb
1396	afm_dropout_full_model_2_multimer_v3_pred_59.pdb
1397	afm_dropout_full_model_2_multimer_v3_pred_6.pdb
1398	afm_dropout_full_model_2_multimer_v3_pred_60.pdb
1399	afm_dropout_full_model_2_multimer_v3_pred_61.pdb
1400	afm_dropout_full_model_2_multimer_v3_pred_62.pdb
1401	afm_dropout_full_model_2_multimer_v3_pred_63.pdb
1402	afm_dropout_full_model_2_multimer_v3_pred_64.pdb
1403	afm_dropout_full_model_2_multimer_v3_pred_65.pdb
1404	afm_dropout_full_model_2_multimer_v3_pred_66.pdb
1405	afm_dropout_full_model_2_multimer_v3_pred_7.pdb
1406	afm_dropout_full_model_2_multimer_v3_pred_8.pdb
1407	afm_dropout_full_model_2_multimer_v3_pred_9.pdb
1408	afm_dropout_full_model_3_multimer_v1_pred_0.pdb
1409	afm_dropout_full_model_3_multimer_v1_pred_1.pdb
1410	afm_dropout_full_model_3_multimer_v1_pred_10.pdb
1411	afm_dropout_full_model_3_multimer_v1_pred_11.pdb
1412	afm_dropout_full_model_3_multimer_v1_pred_12.pdb
1413	afm_dropout_full_model_3_multimer_v1_pred_13.pdb
1414	afm_dropout_full_model_3_multimer_v1_pred_14.pdb
1415	afm_dropout_full_model_3_multimer_v1_pred_15.pdb
1416	afm_dropout_full_model_3_multimer_v1_pred_16.pdb
1417	afm_dropout_full_model_3_multimer_v1_pred_17.pdb
1418	afm_dropout_full_model_3_multimer_v1_pred_18.pdb
1419	afm_dropout_full_model_3_multimer_v1_pred_19.pdb
1420	afm_dropout_full_model_3_multimer_v1_pred_2.pdb
1421	afm_dropout_full_model_3_multimer_v1_pred_20.pdb
1422	afm_dropout_full_model_3_multimer_v1_pred_21.pdb
1423	afm_dropout_full_model_3_multimer_v1_pred_22.pdb
1424	afm_dropout_full_model_3_multimer_v1_pred_23.pdb
1425	afm_dropout_full_model_3_multimer_v1_pred_24.pdb
1426	afm_dropout_full_model_3_multimer_v1_pred_25.pdb
1427	afm_dropout_full_model_3_multimer_v1_pred_26.pdb
1428	afm_dropout_full_model_3_multimer_v1_pred_27.pdb
1429	afm_dropout_full_model_3_multimer_v1_pred_28.pdb
1430	afm_dropout_full_model_3_multimer_v1_pred_29.pdb
1431	afm_dropout_full_model_3_multimer_v1_pred_3.pdb
1432	afm_dropout_full_model_3_multimer_v1_pred_30.pdb
1433	afm_dropout_full_model_3_multimer_v1_pred_31.pdb
1434	afm_dropout_full_model_3_multimer_v1_pred_32.pdb
1435	afm_dropout_full_model_3_multimer_v1_pred_33.pdb
1436	afm_dropout_full_model_3_multimer_v1_pred_34.pdb
1437	afm_dropout_full_model_3_multimer_v1_pred_35.pdb
1438	afm_dropout_full_model_3_multimer_v1_pred_36.pdb
1439	afm_dropout_full_model_3_multimer_v1_pred_37.pdb
1440	afm_dropout_full_model_3_multimer_v1_pred_38.pdb
1441	afm_dropout_full_model_3_multimer_v1_pred_39.pdb
1442	afm_dropout_full_model_3_multimer_v1_pred_4.pdb
1443	afm_dropout_full_model_3_multimer_v1_pred_40.pdb
1444	afm_dropout_full_model_3_multimer_v1_pred_41.pdb
1445	afm_dropout_full_model_3_multimer_v1_pred_42.pdb
1446	afm_dropout_full_model_3_multimer_v1_pred_43.pdb
1447	afm_dropout_full_model_3_multimer_v1_pred_44.pdb
1448	afm_dropout_full_model_3_multimer_v1_pred_45.pdb
1449	afm_dropout_full_model_3_multimer_v1_pred_46.pdb
1450	afm_dropout_full_model_3_multimer_v1_pred_47.pdb
1451	afm_dropout_full_model_3_multimer_v1_pred_48.pdb
1452	afm_dropout_full_model_3_multimer_v1_pred_49.pdb
1453	afm_dropout_full_model_3_multimer_v1_pred_5.pdb
1454	afm_dropout_full_model_3_multimer_v1_pred_50.pdb
1455	afm_dropout_full_model_3_multimer_v1_pred_51.pdb
1456	afm_dropout_full_model_3_multimer_v1_pred_52.pdb
1457	afm_dropout_full_model_3_multimer_v1_pred_53.pdb
1458	afm_dropout_full_model_3_multimer_v1_pred_54.pdb
1459	afm_dropout_full_model_3_multimer_v1_pred_55.pdb
1460	afm_dropout_full_model_3_multimer_v1_pred_56.pdb
1461	afm_dropout_full_model_3_multimer_v1_pred_57.pdb
1462	afm_dropout_full_model_3_multimer_v1_pred_58.pdb
1463	afm_dropout_full_model_3_multimer_v1_pred_59.pdb
1464	afm_dropout_full_model_3_multimer_v1_pred_6.pdb
1465	afm_dropout_full_model_3_multimer_v1_pred_60.pdb
1466	afm_dropout_full_model_3_multimer_v1_pred_61.pdb
1467	afm_dropout_full_model_3_multimer_v1_pred_62.pdb
1468	afm_dropout_full_model_3_multimer_v1_pred_63.pdb
1469	afm_dropout_full_model_3_multimer_v1_pred_64.pdb
1470	afm_dropout_full_model_3_multimer_v1_pred_65.pdb
1471	afm_dropout_full_model_3_multimer_v1_pred_66.pdb
1472	afm_dropout_full_model_3_multimer_v1_pred_7.pdb
1473	afm_dropout_full_model_3_multimer_v1_pred_8.pdb
1474	afm_dropout_full_model_3_multimer_v1_pred_9.pdb
1475	afm_dropout_full_model_3_multimer_v2_pred_0.pdb
1476	afm_dropout_full_model_3_multimer_v2_pred_1.pdb
1477	afm_dropout_full_model_3_multimer_v2_pred_10.pdb
1478	afm_dropout_full_model_3_multimer_v2_pred_11.pdb
1479	afm_dropout_full_model_3_multimer_v2_pred_12.pdb
1480	afm_dropout_full_model_3_multimer_v2_pred_13.pdb
1481	afm_dropout_full_model_3_multimer_v2_pred_14.pdb
1482	afm_dropout_full_model_3_multimer_v2_pred_15.pdb
1483	afm_dropout_full_model_3_multimer_v2_pred_16.pdb
1484	afm_dropout_full_model_3_multimer_v2_pred_17.pdb
1485	afm_dropout_full_model_3_multimer_v2_pred_18.pdb
1486	afm_dropout_full_model_3_multimer_v2_pred_19.pdb
1487	afm_dropout_full_model_3_multimer_v2_pred_2.pdb
1488	afm_dropout_full_model_3_multimer_v2_pred_20.pdb
1489	afm_dropout_full_model_3_multimer_v2_pred_21.pdb
1490	afm_dropout_full_model_3_multimer_v2_pred_22.pdb
1491	afm_dropout_full_model_3_multimer_v2_pred_23.pdb
1492	afm_dropout_full_model_3_multimer_v2_pred_24.pdb
1493	afm_dropout_full_model_3_multimer_v2_pred_25.pdb
1494	afm_dropout_full_model_3_multimer_v2_pred_26.pdb
1495	afm_dropout_full_model_3_multimer_v2_pred_27.pdb
1496	afm_dropout_full_model_3_multimer_v2_pred_28.pdb
1497	afm_dropout_full_model_3_multimer_v2_pred_29.pdb
1498	afm_dropout_full_model_3_multimer_v2_pred_3.pdb
1499	afm_dropout_full_model_3_multimer_v2_pred_30.pdb
1500	afm_dropout_full_model_3_multimer_v2_pred_31.pdb
1501	afm_dropout_full_model_3_multimer_v2_pred_32.pdb
1502	afm_dropout_full_model_3_multimer_v2_pred_33.pdb
1503	afm_dropout_full_model_3_multimer_v2_pred_34.pdb
1504	afm_dropout_full_model_3_multimer_v2_pred_35.pdb
1505	afm_dropout_full_model_3_multimer_v2_pred_36.pdb
1506	afm_dropout_full_model_3_multimer_v2_pred_37.pdb
1507	afm_dropout_full_model_3_multimer_v2_pred_38.pdb
1508	afm_dropout_full_model_3_multimer_v2_pred_39.pdb
1509	afm_dropout_full_model_3_multimer_v2_pred_4.pdb
1510	afm_dropout_full_model_3_multimer_v2_pred_40.pdb
1511	afm_dropout_full_model_3_multimer_v2_pred_41.pdb
1512	afm_dropout_full_model_3_multimer_v2_pred_42.pdb
1513	afm_dropout_full_model_3_multimer_v2_pred_43.pdb
1514	afm_dropout_full_model_3_multimer_v2_pred_44.pdb
1515	afm_dropout_full_model_3_multimer_v2_pred_45.pdb
1516	afm_dropout_full_model_3_multimer_v2_pred_46.pdb
1517	afm_dropout_full_model_3_multimer_v2_pred_47.pdb
1518	afm_dropout_full_model_3_multimer_v2_pred_48.pdb
1519	afm_dropout_full_model_3_multimer_v2_pred_49.pdb
1520	afm_dropout_full_model_3_multimer_v2_pred_5.pdb
1521	afm_dropout_full_model_3_multimer_v2_pred_50.pdb
1522	afm_dropout_full_model_3_multimer_v2_pred_51.pdb
1523	afm_dropout_full_model_3_multimer_v2_pred_52.pdb
1524	afm_dropout_full_model_3_multimer_v2_pred_53.pdb
1525	afm_dropout_full_model_3_multimer_v2_pred_54.pdb
1526	afm_dropout_full_model_3_multimer_v2_pred_55.pdb
1527	afm_dropout_full_model_3_multimer_v2_pred_56.pdb
1528	afm_dropout_full_model_3_multimer_v2_pred_57.pdb
1529	afm_dropout_full_model_3_multimer_v2_pred_58.pdb
1530	afm_dropout_full_model_3_multimer_v2_pred_59.pdb
1531	afm_dropout_full_model_3_multimer_v2_pred_6.pdb
1532	afm_dropout_full_model_3_multimer_v2_pred_60.pdb
1533	afm_dropout_full_model_3_multimer_v2_pred_61.pdb
1534	afm_dropout_full_model_3_multimer_v2_pred_62.pdb
1535	afm_dropout_full_model_3_multimer_v2_pred_63.pdb
1536	afm_dropout_full_model_3_multimer_v2_pred_64.pdb
1537	afm_dropout_full_model_3_multimer_v2_pred_65.pdb
1538	afm_dropout_full_model_3_multimer_v2_pred_66.pdb
1539	afm_dropout_full_model_3_multimer_v2_pred_7.pdb
1540	afm_dropout_full_model_3_multimer_v2_pred_8.pdb
1541	afm_dropout_full_model_3_multimer_v2_pred_9.pdb
1542	afm_dropout_full_model_3_multimer_v3_pred_0.pdb
1543	afm_dropout_full_model_3_multimer_v3_pred_1.pdb
1544	afm_dropout_full_model_3_multimer_v3_pred_10.pdb
1545	afm_dropout_full_model_3_multimer_v3_pred_11.pdb
1546	afm_dropout_full_model_3_multimer_v3_pred_12.pdb
1547	afm_dropout_full_model_3_multimer_v3_pred_13.pdb
1548	afm_dropout_full_model_3_multimer_v3_pred_14.pdb
1549	afm_dropout_full_model_3_multimer_v3_pred_15.pdb
1550	afm_dropout_full_model_3_multimer_v3_pred_16.pdb
1551	afm_dropout_full_model_3_multimer_v3_pred_17.pdb
1552	afm_dropout_full_model_3_multimer_v3_pred_18.pdb
1553	afm_dropout_full_model_3_multimer_v3_pred_19.pdb
1554	afm_dropout_full_model_3_multimer_v3_pred_2.pdb
1555	afm_dropout_full_model_3_multimer_v3_pred_20.pdb
1556	afm_dropout_full_model_3_multimer_v3_pred_21.pdb
1557	afm_dropout_full_model_3_multimer_v3_pred_22.pdb
1558	afm_dropout_full_model_3_multimer_v3_pred_23.pdb
1559	afm_dropout_full_model_3_multimer_v3_pred_24.pdb
1560	afm_dropout_full_model_3_multimer_v3_pred_25.pdb
1561	afm_dropout_full_model_3_multimer_v3_pred_26.pdb
1562	afm_dropout_full_model_3_multimer_v3_pred_27.pdb
1563	afm_dropout_full_model_3_multimer_v3_pred_28.pdb
1564	afm_dropout_full_model_3_multimer_v3_pred_29.pdb
1565	afm_dropout_full_model_3_multimer_v3_pred_3.pdb
1566	afm_dropout_full_model_3_multimer_v3_pred_30.pdb
1567	afm_dropout_full_model_3_multimer_v3_pred_31.pdb
1568	afm_dropout_full_model_3_multimer_v3_pred_32.pdb
1569	afm_dropout_full_model_3_multimer_v3_pred_33.pdb
1570	afm_dropout_full_model_3_multimer_v3_pred_34.pdb
1571	afm_dropout_full_model_3_multimer_v3_pred_35.pdb
1572	afm_dropout_full_model_3_multimer_v3_pred_36.pdb
1573	afm_dropout_full_model_3_multimer_v3_pred_37.pdb
1574	afm_dropout_full_model_3_multimer_v3_pred_38.pdb
1575	afm_dropout_full_model_3_multimer_v3_pred_39.pdb
1576	afm_dropout_full_model_3_multimer_v3_pred_4.pdb
1577	afm_dropout_full_model_3_multimer_v3_pred_40.pdb
1578	afm_dropout_full_model_3_multimer_v3_pred_41.pdb
1579	afm_dropout_full_model_3_multimer_v3_pred_42.pdb
1580	afm_dropout_full_model_3_multimer_v3_pred_43.pdb
1581	afm_dropout_full_model_3_multimer_v3_pred_44.pdb
1582	afm_dropout_full_model_3_multimer_v3_pred_45.pdb
1583	afm_dropout_full_model_3_multimer_v3_pred_46.pdb
1584	afm_dropout_full_model_3_multimer_v3_pred_47.pdb
1585	afm_dropout_full_model_3_multimer_v3_pred_48.pdb
1586	afm_dropout_full_model_3_multimer_v3_pred_49.pdb
1587	afm_dropout_full_model_3_multimer_v3_pred_5.pdb
1588	afm_dropout_full_model_3_multimer_v3_pred_50.pdb
1589	afm_dropout_full_model_3_multimer_v3_pred_51.pdb
1590	afm_dropout_full_model_3_multimer_v3_pred_52.pdb
1591	afm_dropout_full_model_3_multimer_v3_pred_53.pdb
1592	afm_dropout_full_model_3_multimer_v3_pred_54.pdb
1593	afm_dropout_full_model_3_multimer_v3_pred_55.pdb
1594	afm_dropout_full_model_3_multimer_v3_pred_56.pdb
1595	afm_dropout_full_model_3_multimer_v3_pred_57.pdb
1596	afm_dropout_full_model_3_multimer_v3_pred_58.pdb
1597	afm_dropout_full_model_3_multimer_v3_pred_59.pdb
1598	afm_dropout_full_model_3_multimer_v3_pred_6.pdb
1599	afm_dropout_full_model_3_multimer_v3_pred_60.pdb
1600	afm_dropout_full_model_3_multimer_v3_pred_61.pdb
1601	afm_dropout_full_model_3_multimer_v3_pred_62.pdb
1602	afm_dropout_full_model_3_multimer_v3_pred_63.pdb
1603	afm_dropout_full_model_3_multimer_v3_pred_64.pdb
1604	afm_dropout_full_model_3_multimer_v3_pred_65.pdb
1605	afm_dropout_full_model_3_multimer_v3_pred_66.pdb
1606	afm_dropout_full_model_3_multimer_v3_pred_7.pdb
1607	afm_dropout_full_model_3_multimer_v3_pred_8.pdb
1608	afm_dropout_full_model_3_multimer_v3_pred_9.pdb
1609	afm_dropout_full_model_4_multimer_v1_pred_0.pdb
1610	afm_dropout_full_model_4_multimer_v1_pred_1.pdb
1611	afm_dropout_full_model_4_multimer_v1_pred_10.pdb
1612	afm_dropout_full_model_4_multimer_v1_pred_11.pdb
1613	afm_dropout_full_model_4_multimer_v1_pred_12.pdb
1614	afm_dropout_full_model_4_multimer_v1_pred_13.pdb
1615	afm_dropout_full_model_4_multimer_v1_pred_14.pdb
1616	afm_dropout_full_model_4_multimer_v1_pred_15.pdb
1617	afm_dropout_full_model_4_multimer_v1_pred_16.pdb
1618	afm_dropout_full_model_4_multimer_v1_pred_17.pdb
1619	afm_dropout_full_model_4_multimer_v1_pred_18.pdb
1620	afm_dropout_full_model_4_multimer_v1_pred_19.pdb
1621	afm_dropout_full_model_4_multimer_v1_pred_2.pdb
1622	afm_dropout_full_model_4_multimer_v1_pred_20.pdb
1623	afm_dropout_full_model_4_multimer_v1_pred_21.pdb
1624	afm_dropout_full_model_4_multimer_v1_pred_22.pdb
1625	afm_dropout_full_model_4_multimer_v1_pred_23.pdb
1626	afm_dropout_full_model_4_multimer_v1_pred_24.pdb
1627	afm_dropout_full_model_4_multimer_v1_pred_25.pdb
1628	afm_dropout_full_model_4_multimer_v1_pred_26.pdb
1629	afm_dropout_full_model_4_multimer_v1_pred_27.pdb
1630	afm_dropout_full_model_4_multimer_v1_pred_28.pdb
1631	afm_dropout_full_model_4_multimer_v1_pred_29.pdb
1632	afm_dropout_full_model_4_multimer_v1_pred_3.pdb
1633	afm_dropout_full_model_4_multimer_v1_pred_30.pdb
1634	afm_dropout_full_model_4_multimer_v1_pred_31.pdb
1635	afm_dropout_full_model_4_multimer_v1_pred_32.pdb
1636	afm_dropout_full_model_4_multimer_v1_pred_33.pdb
1637	afm_dropout_full_model_4_multimer_v1_pred_34.pdb
1638	afm_dropout_full_model_4_multimer_v1_pred_35.pdb
1639	afm_dropout_full_model_4_multimer_v1_pred_36.pdb
1640	afm_dropout_full_model_4_multimer_v1_pred_37.pdb
1641	afm_dropout_full_model_4_multimer_v1_pred_38.pdb
1642	afm_dropout_full_model_4_multimer_v1_pred_39.pdb
1643	afm_dropout_full_model_4_multimer_v1_pred_4.pdb
1644	afm_dropout_full_model_4_multimer_v1_pred_40.pdb
1645	afm_dropout_full_model_4_multimer_v1_pred_41.pdb
1646	afm_dropout_full_model_4_multimer_v1_pred_42.pdb
1647	afm_dropout_full_model_4_multimer_v1_pred_43.pdb
1648	afm_dropout_full_model_4_multimer_v1_pred_44.pdb
1649	afm_dropout_full_model_4_multimer_v1_pred_45.pdb
1650	afm_dropout_full_model_4_multimer_v1_pred_46.pdb
1651	afm_dropout_full_model_4_multimer_v1_pred_47.pdb
1652	afm_dropout_full_model_4_multimer_v1_pred_48.pdb
1653	afm_dropout_full_model_4_multimer_v1_pred_49.pdb
1654	afm_dropout_full_model_4_multimer_v1_pred_5.pdb
1655	afm_dropout_full_model_4_multimer_v1_pred_50.pdb
1656	afm_dropout_full_model_4_multimer_v1_pred_51.pdb
1657	afm_dropout_full_model_4_multimer_v1_pred_52.pdb
1658	afm_dropout_full_model_4_multimer_v1_pred_53.pdb
1659	afm_dropout_full_model_4_multimer_v1_pred_54.pdb
1660	afm_dropout_full_model_4_multimer_v1_pred_55.pdb
1661	afm_dropout_full_model_4_multimer_v1_pred_56.pdb
1662	afm_dropout_full_model_4_multimer_v1_pred_57.pdb
1663	afm_dropout_full_model_4_multimer_v1_pred_58.pdb
1664	afm_dropout_full_model_4_multimer_v1_pred_59.pdb
1665	afm_dropout_full_model_4_multimer_v1_pred_6.pdb
1666	afm_dropout_full_model_4_multimer_v1_pred_60.pdb
1667	afm_dropout_full_model_4_multimer_v1_pred_61.pdb
1668	afm_dropout_full_model_4_multimer_v1_pred_62.pdb
1669	afm_dropout_full_model_4_multimer_v1_pred_63.pdb
1670	afm_dropout_full_model_4_multimer_v1_pred_64.pdb
1671	afm_dropout_full_model_4_multimer_v1_pred_65.pdb
1672	afm_dropout_full_model_4_multimer_v1_pred_66.pdb
1673	afm_dropout_full_model_4_multimer_v1_pred_7.pdb
1674	afm_dropout_full_model_4_multimer_v1_pred_8.pdb
1675	afm_dropout_full_model_4_multimer_v1_pred_9.pdb
1676	afm_dropout_full_model_4_multimer_v2_pred_0.pdb
1677	afm_dropout_full_model_4_multimer_v2_pred_1.pdb
1678	afm_dropout_full_model_4_multimer_v2_pred_10.pdb
1679	afm_dropout_full_model_4_multimer_v2_pred_11.pdb
1680	afm_dropout_full_model_4_multimer_v2_pred_12.pdb
1681	afm_dropout_full_model_4_multimer_v2_pred_13.pdb
1682	afm_dropout_full_model_4_multimer_v2_pred_14.pdb
1683	afm_dropout_full_model_4_multimer_v2_pred_15.pdb
1684	afm_dropout_full_model_4_multimer_v2_pred_16.pdb
1685	afm_dropout_full_model_4_multimer_v2_pred_17.pdb
1686	afm_dropout_full_model_4_multimer_v2_pred_18.pdb
1687	afm_dropout_full_model_4_multimer_v2_pred_19.pdb
1688	afm_dropout_full_model_4_multimer_v2_pred_2.pdb
1689	afm_dropout_full_model_4_multimer_v2_pred_20.pdb
1690	afm_dropout_full_model_4_multimer_v2_pred_21.pdb
1691	afm_dropout_full_model_4_multimer_v2_pred_22.pdb
1692	afm_dropout_full_model_4_multimer_v2_pred_23.pdb
1693	afm_dropout_full_model_4_multimer_v2_pred_24.pdb
1694	afm_dropout_full_model_4_multimer_v2_pred_25.pdb
1695	afm_dropout_full_model_4_multimer_v2_pred_26.pdb
1696	afm_dropout_full_model_4_multimer_v2_pred_27.pdb
1697	afm_dropout_full_model_4_multimer_v2_pred_28.pdb
1698	afm_dropout_full_model_4_multimer_v2_pred_29.pdb
1699	afm_dropout_full_model_4_multimer_v2_pred_3.pdb
1700	afm_dropout_full_model_4_multimer_v2_pred_30.pdb
1701	afm_dropout_full_model_4_multimer_v2_pred_31.pdb
1702	afm_dropout_full_model_4_multimer_v2_pred_32.pdb
1703	afm_dropout_full_model_4_multimer_v2_pred_33.pdb
1704	afm_dropout_full_model_4_multimer_v2_pred_34.pdb
1705	afm_dropout_full_model_4_multimer_v2_pred_35.pdb
1706	afm_dropout_full_model_4_multimer_v2_pred_36.pdb
1707	afm_dropout_full_model_4_multimer_v2_pred_37.pdb
1708	afm_dropout_full_model_4_multimer_v2_pred_38.pdb
1709	afm_dropout_full_model_4_multimer_v2_pred_39.pdb
1710	afm_dropout_full_model_4_multimer_v2_pred_4.pdb
1711	afm_dropout_full_model_4_multimer_v2_pred_40.pdb
1712	afm_dropout_full_model_4_multimer_v2_pred_41.pdb
1713	afm_dropout_full_model_4_multimer_v2_pred_42.pdb
1714	afm_dropout_full_model_4_multimer_v2_pred_43.pdb
1715	afm_dropout_full_model_4_multimer_v2_pred_44.pdb
1716	afm_dropout_full_model_4_multimer_v2_pred_45.pdb
1717	afm_dropout_full_model_4_multimer_v2_pred_46.pdb
1718	afm_dropout_full_model_4_multimer_v2_pred_47.pdb
1719	afm_dropout_full_model_4_multimer_v2_pred_48.pdb
1720	afm_dropout_full_model_4_multimer_v2_pred_49.pdb
1721	afm_dropout_full_model_4_multimer_v2_pred_5.pdb
1722	afm_dropout_full_model_4_multimer_v2_pred_50.pdb
1723	afm_dropout_full_model_4_multimer_v2_pred_51.pdb
1724	afm_dropout_full_model_4_multimer_v2_pred_52.pdb
1725	afm_dropout_full_model_4_multimer_v2_pred_53.pdb
1726	afm_dropout_full_model_4_multimer_v2_pred_54.pdb
1727	afm_dropout_full_model_4_multimer_v2_pred_55.pdb
1728	afm_dropout_full_model_4_multimer_v2_pred_56.pdb
1729	afm_dropout_full_model_4_multimer_v2_pred_57.pdb
1730	afm_dropout_full_model_4_multimer_v2_pred_58.pdb
1731	afm_dropout_full_model_4_multimer_v2_pred_59.pdb
1732	afm_dropout_full_model_4_multimer_v2_pred_6.pdb
1733	afm_dropout_full_model_4_multimer_v2_pred_60.pdb
1734	afm_dropout_full_model_4_multimer_v2_pred_61.pdb
1735	afm_dropout_full_model_4_multimer_v2_pred_62.pdb
1736	afm_dropout_full_model_4_multimer_v2_pred_63.pdb
1737	afm_dropout_full_model_4_multimer_v2_pred_64.pdb
1738	afm_dropout_full_model_4_multimer_v2_pred_65.pdb
1739	afm_dropout_full_model_4_multimer_v2_pred_66.pdb
1740	afm_dropout_full_model_4_multimer_v2_pred_7.pdb
1741	afm_dropout_full_model_4_multimer_v2_pred_8.pdb
1742	afm_dropout_full_model_4_multimer_v2_pred_9.pdb
1743	afm_dropout_full_model_4_multimer_v3_pred_0.pdb
1744	afm_dropout_full_model_4_multimer_v3_pred_1.pdb
1745	afm_dropout_full_model_4_multimer_v3_pred_10.pdb
1746	afm_dropout_full_model_4_multimer_v3_pred_11.pdb
1747	afm_dropout_full_model_4_multimer_v3_pred_12.pdb
1748	afm_dropout_full_model_4_multimer_v3_pred_13.pdb
1749	afm_dropout_full_model_4_multimer_v3_pred_14.pdb
1750	afm_dropout_full_model_4_multimer_v3_pred_15.pdb
1751	afm_dropout_full_model_4_multimer_v3_pred_16.pdb
1752	afm_dropout_full_model_4_multimer_v3_pred_17.pdb
1753	afm_dropout_full_model_4_multimer_v3_pred_18.pdb
1754	afm_dropout_full_model_4_multimer_v3_pred_19.pdb
1755	afm_dropout_full_model_4_multimer_v3_pred_2.pdb
1756	afm_dropout_full_model_4_multimer_v3_pred_20.pdb
1757	afm_dropout_full_model_4_multimer_v3_pred_21.pdb
1758	afm_dropout_full_model_4_multimer_v3_pred_22.pdb
1759	afm_dropout_full_model_4_multimer_v3_pred_23.pdb
1760	afm_dropout_full_model_4_multimer_v3_pred_24.pdb
1761	afm_dropout_full_model_4_multimer_v3_pred_25.pdb
1762	afm_dropout_full_model_4_multimer_v3_pred_26.pdb
1763	afm_dropout_full_model_4_multimer_v3_pred_27.pdb
1764	afm_dropout_full_model_4_multimer_v3_pred_28.pdb
1765	afm_dropout_full_model_4_multimer_v3_pred_29.pdb
1766	afm_dropout_full_model_4_multimer_v3_pred_3.pdb
1767	afm_dropout_full_model_4_multimer_v3_pred_30.pdb
1768	afm_dropout_full_model_4_multimer_v3_pred_31.pdb
1769	afm_dropout_full_model_4_multimer_v3_pred_32.pdb
1770	afm_dropout_full_model_4_multimer_v3_pred_33.pdb
1771	afm_dropout_full_model_4_multimer_v3_pred_34.pdb
1772	afm_dropout_full_model_4_multimer_v3_pred_35.pdb
1773	afm_dropout_full_model_4_multimer_v3_pred_36.pdb
1774	afm_dropout_full_model_4_multimer_v3_pred_37.pdb
1775	afm_dropout_full_model_4_multimer_v3_pred_38.pdb
1776	afm_dropout_full_model_4_multimer_v3_pred_39.pdb
1777	afm_dropout_full_model_4_multimer_v3_pred_4.pdb
1778	afm_dropout_full_model_4_multimer_v3_pred_40.pdb
1779	afm_dropout_full_model_4_multimer_v3_pred_41.pdb
1780	afm_dropout_full_model_4_multimer_v3_pred_42.pdb
1781	afm_dropout_full_model_4_multimer_v3_pred_43.pdb
1782	afm_dropout_full_model_4_multimer_v3_pred_44.pdb
1783	afm_dropout_full_model_4_multimer_v3_pred_45.pdb
1784	afm_dropout_full_model_4_multimer_v3_pred_46.pdb
1785	afm_dropout_full_model_4_multimer_v3_pred_47.pdb
1786	afm_dropout_full_model_4_multimer_v3_pred_48.pdb
1787	afm_dropout_full_model_4_multimer_v3_pred_49.pdb
1788	afm_dropout_full_model_4_multimer_v3_pred_5.pdb
1789	afm_dropout_full_model_4_multimer_v3_pred_50.pdb
1790	afm_dropout_full_model_4_multimer_v3_pred_51.pdb
1791	afm_dropout_full_model_4_multimer_v3_pred_52.pdb
1792	afm_dropout_full_model_4_multimer_v3_pred_53.pdb
1793	afm_dropout_full_model_4_multimer_v3_pred_54.pdb
1794	afm_dropout_full_model_4_multimer_v3_pred_55.pdb
1795	afm_dropout_full_model_4_multimer_v3_pred_56.pdb
1796	afm_dropout_full_model_4_multimer_v3_pred_57.pdb
1797	afm_dropout_full_model_4_multimer_v3_pred_58.pdb
1798	afm_dropout_full_model_4_multimer_v3_pred_59.pdb
1799	afm_dropout_full_model_4_multimer_v3_pred_6.pdb
1800	afm_dropout_full_model_4_multimer_v3_pred_60.pdb
1801	afm_dropout_full_model_4_multimer_v3_pred_61.pdb
1802	afm_dropout_full_model_4_multimer_v3_pred_62.pdb
1803	afm_dropout_full_model_4_multimer_v3_pred_63.pdb
1804	afm_dropout_full_model_4_multimer_v3_pred_64.pdb
1805	afm_dropout_full_model_4_multimer_v3_pred_65.pdb
1806	afm_dropout_full_model_4_multimer_v3_pred_66.pdb
1807	afm_dropout_full_model_4_multimer_v3_pred_7.pdb
1808	afm_dropout_full_model_4_multimer_v3_pred_8.pdb
1809	afm_dropout_full_model_4_multimer_v3_pred_9.pdb
1810	afm_dropout_full_model_5_multimer_v1_pred_0.pdb
1811	afm_dropout_full_model_5_multimer_v1_pred_1.pdb
1812	afm_dropout_full_model_5_multimer_v1_pred_10.pdb
1813	afm_dropout_full_model_5_multimer_v1_pred_11.pdb
1814	afm_dropout_full_model_5_multimer_v1_pred_12.pdb
1815	afm_dropout_full_model_5_multimer_v1_pred_13.pdb
1816	afm_dropout_full_model_5_multimer_v1_pred_14.pdb
1817	afm_dropout_full_model_5_multimer_v1_pred_15.pdb
1818	afm_dropout_full_model_5_multimer_v1_pred_16.pdb
1819	afm_dropout_full_model_5_multimer_v1_pred_17.pdb
1820	afm_dropout_full_model_5_multimer_v1_pred_18.pdb
1821	afm_dropout_full_model_5_multimer_v1_pred_19.pdb
1822	afm_dropout_full_model_5_multimer_v1_pred_2.pdb
1823	afm_dropout_full_model_5_multimer_v1_pred_20.pdb
1824	afm_dropout_full_model_5_multimer_v1_pred_21.pdb
1825	afm_dropout_full_model_5_multimer_v1_pred_22.pdb
1826	afm_dropout_full_model_5_multimer_v1_pred_23.pdb
1827	afm_dropout_full_model_5_multimer_v1_pred_24.pdb
1828	afm_dropout_full_model_5_multimer_v1_pred_25.pdb
1829	afm_dropout_full_model_5_multimer_v1_pred_26.pdb
1830	afm_dropout_full_model_5_multimer_v1_pred_27.pdb
1831	afm_dropout_full_model_5_multimer_v1_pred_28.pdb
1832	afm_dropout_full_model_5_multimer_v1_pred_29.pdb
1833	afm_dropout_full_model_5_multimer_v1_pred_3.pdb
1834	afm_dropout_full_model_5_multimer_v1_pred_30.pdb
1835	afm_dropout_full_model_5_multimer_v1_pred_31.pdb
1836	afm_dropout_full_model_5_multimer_v1_pred_32.pdb
1837	afm_dropout_full_model_5_multimer_v1_pred_33.pdb
1838	afm_dropout_full_model_5_multimer_v1_pred_34.pdb
1839	afm_dropout_full_model_5_multimer_v1_pred_35.pdb
1840	afm_dropout_full_model_5_multimer_v1_pred_36.pdb
1841	afm_dropout_full_model_5_multimer_v1_pred_37.pdb
1842	afm_dropout_full_model_5_multimer_v1_pred_38.pdb
1843	afm_dropout_full_model_5_multimer_v1_pred_39.pdb
1844	afm_dropout_full_model_5_multimer_v1_pred_4.pdb
1845	afm_dropout_full_model_5_multimer_v1_pred_40.pdb
1846	afm_dropout_full_model_5_multimer_v1_pred_41.pdb
1847	afm_dropout_full_model_5_multimer_v1_pred_42.pdb
1848	afm_dropout_full_model_5_multimer_v1_pred_43.pdb
1849	afm_dropout_full_model_5_multimer_v1_pred_44.pdb
1850	afm_dropout_full_model_5_multimer_v1_pred_45.pdb
1851	afm_dropout_full_model_5_multimer_v1_pred_46.pdb
1852	afm_dropout_full_model_5_multimer_v1_pred_47.pdb
1853	afm_dropout_full_model_5_multimer_v1_pred_48.pdb
1854	afm_dropout_full_model_5_multimer_v1_pred_49.pdb
1855	afm_dropout_full_model_5_multimer_v1_pred_5.pdb
1856	afm_dropout_full_model_5_multimer_v1_pred_50.pdb
1857	afm_dropout_full_model_5_multimer_v1_pred_51.pdb
1858	afm_dropout_full_model_5_multimer_v1_pred_52.pdb
1859	afm_dropout_full_model_5_multimer_v1_pred_53.pdb
1860	afm_dropout_full_model_5_multimer_v1_pred_54.pdb
1861	afm_dropout_full_model_5_multimer_v1_pred_55.pdb
1862	afm_dropout_full_model_5_multimer_v1_pred_56.pdb
1863	afm_dropout_full_model_5_multimer_v1_pred_57.pdb
1864	afm_dropout_full_model_5_multimer_v1_pred_58.pdb
1865	afm_dropout_full_model_5_multimer_v1_pred_59.pdb
1866	afm_dropout_full_model_5_multimer_v1_pred_6.pdb
1867	afm_dropout_full_model_5_multimer_v1_pred_60.pdb
1868	afm_dropout_full_model_5_multimer_v1_pred_61.pdb
1869	afm_dropout_full_model_5_multimer_v1_pred_62.pdb
1870	afm_dropout_full_model_5_multimer_v1_pred_63.pdb
1871	afm_dropout_full_model_5_multimer_v1_pred_64.pdb
1872	afm_dropout_full_model_5_multimer_v1_pred_65.pdb
1873	afm_dropout_full_model_5_multimer_v1_pred_66.pdb
1874	afm_dropout_full_model_5_multimer_v1_pred_7.pdb
1875	afm_dropout_full_model_5_multimer_v1_pred_8.pdb
1876	afm_dropout_full_model_5_multimer_v1_pred_9.pdb
1877	afm_dropout_full_model_5_multimer_v2_pred_0.pdb
1878	afm_dropout_full_model_5_multimer_v2_pred_1.pdb
1879	afm_dropout_full_model_5_multimer_v2_pred_10.pdb
1880	afm_dropout_full_model_5_multimer_v2_pred_11.pdb
1881	afm_dropout_full_model_5_multimer_v2_pred_12.pdb
1882	afm_dropout_full_model_5_multimer_v2_pred_13.pdb
1883	afm_dropout_full_model_5_multimer_v2_pred_14.pdb
1884	afm_dropout_full_model_5_multimer_v2_pred_15.pdb
1885	afm_dropout_full_model_5_multimer_v2_pred_16.pdb
1886	afm_dropout_full_model_5_multimer_v2_pred_17.pdb
1887	afm_dropout_full_model_5_multimer_v2_pred_18.pdb
1888	afm_dropout_full_model_5_multimer_v2_pred_19.pdb
1889	afm_dropout_full_model_5_multimer_v2_pred_2.pdb
1890	afm_dropout_full_model_5_multimer_v2_pred_20.pdb
1891	afm_dropout_full_model_5_multimer_v2_pred_21.pdb
1892	afm_dropout_full_model_5_multimer_v2_pred_22.pdb
1893	afm_dropout_full_model_5_multimer_v2_pred_23.pdb
1894	afm_dropout_full_model_5_multimer_v2_pred_24.pdb
1895	afm_dropout_full_model_5_multimer_v2_pred_25.pdb
1896	afm_dropout_full_model_5_multimer_v2_pred_26.pdb
1897	afm_dropout_full_model_5_multimer_v2_pred_27.pdb
1898	afm_dropout_full_model_5_multimer_v2_pred_28.pdb
1899	afm_dropout_full_model_5_multimer_v2_pred_29.pdb
1900	afm_dropout_full_model_5_multimer_v2_pred_3.pdb
1901	afm_dropout_full_model_5_multimer_v2_pred_30.pdb
1902	afm_dropout_full_model_5_multimer_v2_pred_31.pdb
1903	afm_dropout_full_model_5_multimer_v2_pred_32.pdb
1904	afm_dropout_full_model_5_multimer_v2_pred_33.pdb
1905	afm_dropout_full_model_5_multimer_v2_pred_34.pdb
1906	afm_dropout_full_model_5_multimer_v2_pred_35.pdb
1907	afm_dropout_full_model_5_multimer_v2_pred_36.pdb
1908	afm_dropout_full_model_5_multimer_v2_pred_37.pdb
1909	afm_dropout_full_model_5_multimer_v2_pred_38.pdb
1910	afm_dropout_full_model_5_multimer_v2_pred_39.pdb
1911	afm_dropout_full_model_5_multimer_v2_pred_4.pdb
1912	afm_dropout_full_model_5_multimer_v2_pred_40.pdb
1913	afm_dropout_full_model_5_multimer_v2_pred_41.pdb
1914	afm_dropout_full_model_5_multimer_v2_pred_42.pdb
1915	afm_dropout_full_model_5_multimer_v2_pred_43.pdb
1916	afm_dropout_full_model_5_multimer_v2_pred_44.pdb
1917	afm_dropout_full_model_5_multimer_v2_pred_45.pdb
1918	afm_dropout_full_model_5_multimer_v2_pred_46.pdb
1919	afm_dropout_full_model_5_multimer_v2_pred_47.pdb
1920	afm_dropout_full_model_5_multimer_v2_pred_48.pdb
1921	afm_dropout_full_model_5_multimer_v2_pred_49.pdb
1922	afm_dropout_full_model_5_multimer_v2_pred_5.pdb
1923	afm_dropout_full_model_5_multimer_v2_pred_50.pdb
1924	afm_dropout_full_model_5_multimer_v2_pred_51.pdb
1925	afm_dropout_full_model_5_multimer_v2_pred_52.pdb
1926	afm_dropout_full_model_5_multimer_v2_pred_53.pdb
1927	afm_dropout_full_model_5_multimer_v2_pred_54.pdb
1928	afm_dropout_full_model_5_multimer_v2_pred_55.pdb
1929	afm_dropout_full_model_5_multimer_v2_pred_56.pdb
1930	afm_dropout_full_model_5_multimer_v2_pred_57.pdb
1931	afm_dropout_full_model_5_multimer_v2_pred_58.pdb
1932	afm_dropout_full_model_5_multimer_v2_pred_59.pdb
1933	afm_dropout_full_model_5_multimer_v2_pred_6.pdb
1934	afm_dropout_full_model_5_multimer_v2_pred_60.pdb
1935	afm_dropout_full_model_5_multimer_v2_pred_61.pdb
1936	afm_dropout_full_model_5_multimer_v2_pred_62.pdb
1937	afm_dropout_full_model_5_multimer_v2_pred_63.pdb
1938	afm_dropout_full_model_5_multimer_v2_pred_64.pdb
1939	afm_dropout_full_model_5_multimer_v2_pred_65.pdb
1940	afm_dropout_full_model_5_multimer_v2_pred_66.pdb
1941	afm_dropout_full_model_5_multimer_v2_pred_7.pdb
1942	afm_dropout_full_model_5_multimer_v2_pred_8.pdb
1943	afm_dropout_full_model_5_multimer_v2_pred_9.pdb
1944	afm_dropout_full_model_5_multimer_v3_pred_0.pdb
1945	afm_dropout_full_model_5_multimer_v3_pred_1.pdb
1946	afm_dropout_full_model_5_multimer_v3_pred_10.pdb
1947	afm_dropout_full_model_5_multimer_v3_pred_11.pdb
1948	afm_dropout_full_model_5_multimer_v3_pred_12.pdb
1949	afm_dropout_full_model_5_multimer_v3_pred_13.pdb
1950	afm_dropout_full_model_5_multimer_v3_pred_14.pdb
1951	afm_dropout_full_model_5_multimer_v3_pred_15.pdb
1952	afm_dropout_full_model_5_multimer_v3_pred_16.pdb
1953	afm_dropout_full_model_5_multimer_v3_pred_17.pdb
1954	afm_dropout_full_model_5_multimer_v3_pred_18.pdb
1955	afm_dropout_full_model_5_multimer_v3_pred_19.pdb
1956	afm_dropout_full_model_5_multimer_v3_pred_2.pdb
1957	afm_dropout_full_model_5_multimer_v3_pred_20.pdb
1958	afm_dropout_full_model_5_multimer_v3_pred_21.pdb
1959	afm_dropout_full_model_5_multimer_v3_pred_22.pdb
1960	afm_dropout_full_model_5_multimer_v3_pred_23.pdb
1961	afm_dropout_full_model_5_multimer_v3_pred_24.pdb
1962	afm_dropout_full_model_5_multimer_v3_pred_25.pdb
1963	afm_dropout_full_model_5_multimer_v3_pred_26.pdb
1964	afm_dropout_full_model_5_multimer_v3_pred_27.pdb
1965	afm_dropout_full_model_5_multimer_v3_pred_28.pdb
1966	afm_dropout_full_model_5_multimer_v3_pred_29.pdb
1967	afm_dropout_full_model_5_multimer_v3_pred_3.pdb
1968	afm_dropout_full_model_5_multimer_v3_pred_30.pdb
1969	afm_dropout_full_model_5_multimer_v3_pred_31.pdb
1970	afm_dropout_full_model_5_multimer_v3_pred_32.pdb
1971	afm_dropout_full_model_5_multimer_v3_pred_33.pdb
1972	afm_dropout_full_model_5_multimer_v3_pred_34.pdb
1973	afm_dropout_full_model_5_multimer_v3_pred_35.pdb
1974	afm_dropout_full_model_5_multimer_v3_pred_36.pdb
1975	afm_dropout_full_model_5_multimer_v3_pred_37.pdb
1976	afm_dropout_full_model_5_multimer_v3_pred_38.pdb
1977	afm_dropout_full_model_5_multimer_v3_pred_39.pdb
1978	afm_dropout_full_model_5_multimer_v3_pred_4.pdb
1979	afm_dropout_full_model_5_multimer_v3_pred_40.pdb
1980	afm_dropout_full_model_5_multimer_v3_pred_41.pdb
1981	afm_dropout_full_model_5_multimer_v3_pred_42.pdb
1982	afm_dropout_full_model_5_multimer_v3_pred_43.pdb
1983	afm_dropout_full_model_5_multimer_v3_pred_44.pdb
1984	afm_dropout_full_model_5_multimer_v3_pred_45.pdb
1985	afm_dropout_full_model_5_multimer_v3_pred_46.pdb
1986	afm_dropout_full_model_5_multimer_v3_pred_47.pdb
1987	afm_dropout_full_model_5_multimer_v3_pred_48.pdb
1988	afm_dropout_full_model_5_multimer_v3_pred_49.pdb
1989	afm_dropout_full_model_5_multimer_v3_pred_5.pdb
1990	afm_dropout_full_model_5_multimer_v3_pred_50.pdb
1991	afm_dropout_full_model_5_multimer_v3_pred_51.pdb
1992	afm_dropout_full_model_5_multimer_v3_pred_52.pdb
1993	afm_dropout_full_model_5_multimer_v3_pred_53.pdb
1994	afm_dropout_full_model_5_multimer_v3_pred_54.pdb
1995	afm_dropout_full_model_5_multimer_v3_pred_55.pdb
1996	afm_dropout_full_model_5_multimer_v3_pred_56.pdb
1997	afm_dropout_full_model_5_multimer_v3_pred_57.pdb
1998	afm_dropout_full_model_5_multimer_v3_pred_58.pdb
1999	afm_dropout_full_model_5_multimer_v3_pred_59.pdb
2000	afm_dropout_full_model_5_multimer_v3_pred_6.pdb
2001	afm_dropout_full_model_5_multimer_v3_pred_60.pdb
2002	afm_dropout_full_model_5_multimer_v3_pred_61.pdb
2003	afm_dropout_full_model_5_multimer_v3_pred_62.pdb
2004	afm_dropout_full_model_5_multimer_v3_pred_63.pdb
2005	afm_dropout_full_model_5_multimer_v3_pred_64.pdb
2006	afm_dropout_full_model_5_multimer_v3_pred_65.pdb
2007	afm_dropout_full_model_5_multimer_v3_pred_66.pdb
2008	afm_dropout_full_model_5_multimer_v3_pred_7.pdb
2009	afm_dropout_full_model_5_multimer_v3_pred_8.pdb
2010	afm_dropout_full_model_5_multimer_v3_pred_9.pdb
2011	afm_dropout_full_woTemplates_model_1_multimer_v1_pred_0.pdb
2012	afm_dropout_full_woTemplates_model_1_multimer_v1_pred_1.pdb
2013	afm_dropout_full_woTemplates_model_1_multimer_v1_pred_10.pdb
2014	afm_dropout_full_woTemplates_model_1_multimer_v1_pred_11.pdb
2015	afm_dropout_full_woTemplates_model_1_multimer_v1_pred_12.pdb
2016	afm_dropout_full_woTemplates_model_1_multimer_v1_pred_13.pdb
2017	afm_dropout_full_woTemplates_model_1_multimer_v1_pred_14.pdb
2018	afm_dropout_full_woTemplates_model_1_multimer_v1_pred_15.pdb
2019	afm_dropout_full_woTemplates_model_1_multimer_v1_pred_16.pdb
2020	afm_dropout_full_woTemplates_model_1_multimer_v1_pred_17.pdb
2021	afm_dropout_full_woTemplates_model_1_multimer_v1_pred_18.pdb
2022	afm_dropout_full_woTemplates_model_1_multimer_v1_pred_19.pdb
2023	afm_dropout_full_woTemplates_model_1_multimer_v1_pred_2.pdb
2024	afm_dropout_full_woTemplates_model_1_multimer_v1_pred_20.pdb
2025	afm_dropout_full_woTemplates_model_1_multimer_v1_pred_21.pdb
2026	afm_dropout_full_woTemplates_model_1_multimer_v1_pred_22.pdb
2027	afm_dropout_full_woTemplates_model_1_multimer_v1_pred_23.pdb
2028	afm_dropout_full_woTemplates_model_1_multimer_v1_pred_24.pdb
2029	afm_dropout_full_woTemplates_model_1_multimer_v1_pred_25.pdb
2030	afm_dropout_full_woTemplates_model_1_multimer_v1_pred_26.pdb
2031	afm_dropout_full_woTemplates_model_1_multimer_v1_pred_27.pdb
2032	afm_dropout_full_woTemplates_model_1_multimer_v1_pred_28.pdb
2033	afm_dropout_full_woTemplates_model_1_multimer_v1_pred_29.pdb
2034	afm_dropout_full_woTemplates_model_1_multimer_v1_pred_3.pdb
2035	afm_dropout_full_woTemplates_model_1_multimer_v1_pred_30.pdb
2036	afm_dropout_full_woTemplates_model_1_multimer_v1_pred_31.pdb
2037	afm_dropout_full_woTemplates_model_1_multimer_v1_pred_32.pdb
2038	afm_dropout_full_woTemplates_model_1_multimer_v1_pred_33.pdb
2039	afm_dropout_full_woTemplates_model_1_multimer_v1_pred_34.pdb
2040	afm_dropout_full_woTemplates_model_1_multimer_v1_pred_35.pdb
2041	afm_dropout_full_woTemplates_model_1_multimer_v1_pred_36.pdb
2042	afm_dropout_full_woTemplates_model_1_multimer_v1_pred_37.pdb
2043	afm_dropout_full_woTemplates_model_1_multimer_v1_pred_38.pdb
2044	afm_dropout_full_woTemplates_model_1_multimer_v1_pred_39.pdb
2045	afm_dropout_full_woTemplates_model_1_multimer_v1_pred_4.pdb
2046	afm_dropout_full_woTemplates_model_1_multimer_v1_pred_40.pdb
2047	afm_dropout_full_woTemplates_model_1_multimer_v1_pred_41.pdb
2048	afm_dropout_full_woTemplates_model_1_multimer_v1_pred_42.pdb
2049	afm_dropout_full_woTemplates_model_1_multimer_v1_pred_43.pdb
2050	afm_dropout_full_woTemplates_model_1_multimer_v1_pred_44.pdb
2051	afm_dropout_full_woTemplates_model_1_multimer_v1_pred_45.pdb
2052	afm_dropout_full_woTemplates_model_1_multimer_v1_pred_46.pdb
2053	afm_dropout_full_woTemplates_model_1_multimer_v1_pred_47.pdb
2054	afm_dropout_full_woTemplates_model_1_multimer_v1_pred_48.pdb
2055	afm_dropout_full_woTemplates_model_1_multimer_v1_pred_49.pdb
2056	afm_dropout_full_woTemplates_model_1_multimer_v1_pred_5.pdb
2057	afm_dropout_full_woTemplates_model_1_multimer_v1_pred_50.pdb
2058	afm_dropout_full_woTemplates_model_1_multimer_v1_pred_51.pdb
2059	afm_dropout_full_woTemplates_model_1_multimer_v1_pred_52.pdb
2060	afm_dropout_full_woTemplates_model_1_multimer_v1_pred_53.pdb
2061	afm_dropout_full_woTemplates_model_1_multimer_v1_pred_54.pdb
2062	afm_dropout_full_woTemplates_model_1_multimer_v1_pred_55.pdb
2063	afm_dropout_full_woTemplates_model_1_multimer_v1_pred_56.pdb
2064	afm_dropout_full_woTemplates_model_1_multimer_v1_pred_57.pdb
2065	afm_dropout_full_woTemplates_model_1_multimer_v1_pred_58.pdb
2066	afm_dropout_full_woTemplates_model_1_multimer_v1_pred_59.pdb
2067	afm_dropout_full_woTemplates_model_1_multimer_v1_pred_6.pdb
2068	afm_dropout_full_woTemplates_model_1_multimer_v1_pred_60.pdb
2069	afm_dropout_full_woTemplates_model_1_multimer_v1_pred_61.pdb
2070	afm_dropout_full_woTemplates_model_1_multimer_v1_pred_62.pdb
2071	afm_dropout_full_woTemplates_model_1_multimer_v1_pred_63.pdb
2072	afm_dropout_full_woTemplates_model_1_multimer_v1_pred_64.pdb
2073	afm_dropout_full_woTemplates_model_1_multimer_v1_pred_65.pdb
2074	afm_dropout_full_woTemplates_model_1_multimer_v1_pred_66.pdb
2075	afm_dropout_full_woTemplates_model_1_multimer_v1_pred_7.pdb
2076	afm_dropout_full_woTemplates_model_1_multimer_v1_pred_8.pdb
2077	afm_dropout_full_woTemplates_model_1_multimer_v1_pred_9.pdb
2078	afm_dropout_full_woTemplates_model_1_multimer_v2_pred_0.pdb
2079	afm_dropout_full_woTemplates_model_1_multimer_v2_pred_1.pdb
2080	afm_dropout_full_woTemplates_model_1_multimer_v2_pred_10.pdb
2081	afm_dropout_full_woTemplates_model_1_multimer_v2_pred_11.pdb
2082	afm_dropout_full_woTemplates_model_1_multimer_v2_pred_12.pdb
2083	afm_dropout_full_woTemplates_model_1_multimer_v2_pred_13.pdb
2084	afm_dropout_full_woTemplates_model_1_multimer_v2_pred_14.pdb
2085	afm_dropout_full_woTemplates_model_1_multimer_v2_pred_15.pdb
2086	afm_dropout_full_woTemplates_model_1_multimer_v2_pred_16.pdb
2087	afm_dropout_full_woTemplates_model_1_multimer_v2_pred_17.pdb
2088	afm_dropout_full_woTemplates_model_1_multimer_v2_pred_18.pdb
2089	afm_dropout_full_woTemplates_model_1_multimer_v2_pred_19.pdb
2090	afm_dropout_full_woTemplates_model_1_multimer_v2_pred_2.pdb
2091	afm_dropout_full_woTemplates_model_1_multimer_v2_pred_20.pdb
2092	afm_dropout_full_woTemplates_model_1_multimer_v2_pred_21.pdb
2093	afm_dropout_full_woTemplates_model_1_multimer_v2_pred_22.pdb
2094	afm_dropout_full_woTemplates_model_1_multimer_v2_pred_23.pdb
2095	afm_dropout_full_woTemplates_model_1_multimer_v2_pred_24.pdb
2096	afm_dropout_full_woTemplates_model_1_multimer_v2_pred_25.pdb
2097	afm_dropout_full_woTemplates_model_1_multimer_v2_pred_26.pdb
2098	afm_dropout_full_woTemplates_model_1_multimer_v2_pred_27.pdb
2099	afm_dropout_full_woTemplates_model_1_multimer_v2_pred_28.pdb
2100	afm_dropout_full_woTemplates_model_1_multimer_v2_pred_29.pdb
2101	afm_dropout_full_woTemplates_model_1_multimer_v2_pred_3.pdb
2102	afm_dropout_full_woTemplates_model_1_multimer_v2_pred_30.pdb
2103	afm_dropout_full_woTemplates_model_1_multimer_v2_pred_31.pdb
2104	afm_dropout_full_woTemplates_model_1_multimer_v2_pred_32.pdb
2105	afm_dropout_full_woTemplates_model_1_multimer_v2_pred_33.pdb
2106	afm_dropout_full_woTemplates_model_1_multimer_v2_pred_34.pdb
2107	afm_dropout_full_woTemplates_model_1_multimer_v2_pred_35.pdb
2108	afm_dropout_full_woTemplates_model_1_multimer_v2_pred_36.pdb
2109	afm_dropout_full_woTemplates_model_1_multimer_v2_pred_37.pdb
2110	afm_dropout_full_woTemplates_model_1_multimer_v2_pred_38.pdb
2111	afm_dropout_full_woTemplates_model_1_multimer_v2_pred_39.pdb
2112	afm_dropout_full_woTemplates_model_1_multimer_v2_pred_4.pdb
2113	afm_dropout_full_woTemplates_model_1_multimer_v2_pred_40.pdb
2114	afm_dropout_full_woTemplates_model_1_multimer_v2_pred_41.pdb
2115	afm_dropout_full_woTemplates_model_1_multimer_v2_pred_42.pdb
2116	afm_dropout_full_woTemplates_model_1_multimer_v2_pred_43.pdb
2117	afm_dropout_full_woTemplates_model_1_multimer_v2_pred_44.pdb
2118	afm_dropout_full_woTemplates_model_1_multimer_v2_pred_45.pdb
2119	afm_dropout_full_woTemplates_model_1_multimer_v2_pred_46.pdb
2120	afm_dropout_full_woTemplates_model_1_multimer_v2_pred_47.pdb
2121	afm_dropout_full_woTemplates_model_1_multimer_v2_pred_48.pdb
2122	afm_dropout_full_woTemplates_model_1_multimer_v2_pred_49.pdb
2123	afm_dropout_full_woTemplates_model_1_multimer_v2_pred_5.pdb
2124	afm_dropout_full_woTemplates_model_1_multimer_v2_pred_50.pdb
2125	afm_dropout_full_woTemplates_model_1_multimer_v2_pred_51.pdb
2126	afm_dropout_full_woTemplates_model_1_multimer_v2_pred_52.pdb
2127	afm_dropout_full_woTemplates_model_1_multimer_v2_pred_53.pdb
2128	afm_dropout_full_woTemplates_model_1_multimer_v2_pred_54.pdb
2129	afm_dropout_full_woTemplates_model_1_multimer_v2_pred_55.pdb
2130	afm_dropout_full_woTemplates_model_1_multimer_v2_pred_56.pdb
2131	afm_dropout_full_woTemplates_model_1_multimer_v2_pred_57.pdb
2132	afm_dropout_full_woTemplates_model_1_multimer_v2_pred_58.pdb
2133	afm_dropout_full_woTemplates_model_1_multimer_v2_pred_59.pdb
2134	afm_dropout_full_woTemplates_model_1_multimer_v2_pred_6.pdb
2135	afm_dropout_full_woTemplates_model_1_multimer_v2_pred_60.pdb
2136	afm_dropout_full_woTemplates_model_1_multimer_v2_pred_61.pdb
2137	afm_dropout_full_woTemplates_model_1_multimer_v2_pred_62.pdb
2138	afm_dropout_full_woTemplates_model_1_multimer_v2_pred_63.pdb
2139	afm_dropout_full_woTemplates_model_1_multimer_v2_pred_64.pdb
2140	afm_dropout_full_woTemplates_model_1_multimer_v2_pred_65.pdb
2141	afm_dropout_full_woTemplates_model_1_multimer_v2_pred_66.pdb
2142	afm_dropout_full_woTemplates_model_1_multimer_v2_pred_7.pdb
2143	afm_dropout_full_woTemplates_model_1_multimer_v2_pred_8.pdb
2144	afm_dropout_full_woTemplates_model_1_multimer_v2_pred_9.pdb
2145	afm_dropout_full_woTemplates_model_1_multimer_v3_pred_0.pdb
2146	afm_dropout_full_woTemplates_model_1_multimer_v3_pred_1.pdb
2147	afm_dropout_full_woTemplates_model_1_multimer_v3_pred_10.pdb
2148	afm_dropout_full_woTemplates_model_1_multimer_v3_pred_11.pdb
2149	afm_dropout_full_woTemplates_model_1_multimer_v3_pred_12.pdb
2150	afm_dropout_full_woTemplates_model_1_multimer_v3_pred_13.pdb
2151	afm_dropout_full_woTemplates_model_1_multimer_v3_pred_14.pdb
2152	afm_dropout_full_woTemplates_model_1_multimer_v3_pred_15.pdb
2153	afm_dropout_full_woTemplates_model_1_multimer_v3_pred_16.pdb
2154	afm_dropout_full_woTemplates_model_1_multimer_v3_pred_17.pdb
2155	afm_dropout_full_woTemplates_model_1_multimer_v3_pred_18.pdb
2156	afm_dropout_full_woTemplates_model_1_multimer_v3_pred_19.pdb
2157	afm_dropout_full_woTemplates_model_1_multimer_v3_pred_2.pdb
2158	afm_dropout_full_woTemplates_model_1_multimer_v3_pred_20.pdb
2159	afm_dropout_full_woTemplates_model_1_multimer_v3_pred_21.pdb
2160	afm_dropout_full_woTemplates_model_1_multimer_v3_pred_22.pdb
2161	afm_dropout_full_woTemplates_model_1_multimer_v3_pred_23.pdb
2162	afm_dropout_full_woTemplates_model_1_multimer_v3_pred_24.pdb
2163	afm_dropout_full_woTemplates_model_1_multimer_v3_pred_25.pdb
2164	afm_dropout_full_woTemplates_model_1_multimer_v3_pred_26.pdb
2165	afm_dropout_full_woTemplates_model_1_multimer_v3_pred_27.pdb
2166	afm_dropout_full_woTemplates_model_1_multimer_v3_pred_28.pdb
2167	afm_dropout_full_woTemplates_model_1_multimer_v3_pred_29.pdb
2168	afm_dropout_full_woTemplates_model_1_multimer_v3_pred_3.pdb
2169	afm_dropout_full_woTemplates_model_1_multimer_v3_pred_30.pdb
2170	afm_dropout_full_woTemplates_model_1_multimer_v3_pred_31.pdb
2171	afm_dropout_full_woTemplates_model_1_multimer_v3_pred_32.pdb
2172	afm_dropout_full_woTemplates_model_1_multimer_v3_pred_33.pdb
2173	afm_dropout_full_woTemplates_model_1_multimer_v3_pred_34.pdb
2174	afm_dropout_full_woTemplates_model_1_multimer_v3_pred_35.pdb
2175	afm_dropout_full_woTemplates_model_1_multimer_v3_pred_36.pdb
2176	afm_dropout_full_woTemplates_model_1_multimer_v3_pred_37.pdb
2177	afm_dropout_full_woTemplates_model_1_multimer_v3_pred_38.pdb
2178	afm_dropout_full_woTemplates_model_1_multimer_v3_pred_39.pdb
2179	afm_dropout_full_woTemplates_model_1_multimer_v3_pred_4.pdb
2180	afm_dropout_full_woTemplates_model_1_multimer_v3_pred_40.pdb
2181	afm_dropout_full_woTemplates_model_1_multimer_v3_pred_41.pdb
2182	afm_dropout_full_woTemplates_model_1_multimer_v3_pred_42.pdb
2183	afm_dropout_full_woTemplates_model_1_multimer_v3_pred_43.pdb
2184	afm_dropout_full_woTemplates_model_1_multimer_v3_pred_44.pdb
2185	afm_dropout_full_woTemplates_model_1_multimer_v3_pred_45.pdb
2186	afm_dropout_full_woTemplates_model_1_multimer_v3_pred_46.pdb
2187	afm_dropout_full_woTemplates_model_1_multimer_v3_pred_47.pdb
2188	afm_dropout_full_woTemplates_model_1_multimer_v3_pred_48.pdb
2189	afm_dropout_full_woTemplates_model_1_multimer_v3_pred_49.pdb
2190	afm_dropout_full_woTemplates_model_1_multimer_v3_pred_5.pdb
2191	afm_dropout_full_woTemplates_model_1_multimer_v3_pred_50.pdb
2192	afm_dropout_full_woTemplates_model_1_multimer_v3_pred_51.pdb
2193	afm_dropout_full_woTemplates_model_1_multimer_v3_pred_52.pdb
2194	afm_dropout_full_woTemplates_model_1_multimer_v3_pred_53.pdb
2195	afm_dropout_full_woTemplates_model_1_multimer_v3_pred_54.pdb
2196	afm_dropout_full_woTemplates_model_1_multimer_v3_pred_55.pdb
2197	afm_dropout_full_woTemplates_model_1_multimer_v3_pred_56.pdb
2198	afm_dropout_full_woTemplates_model_1_multimer_v3_pred_57.pdb
2199	afm_dropout_full_woTemplates_model_1_multimer_v3_pred_58.pdb
2200	afm_dropout_full_woTemplates_model_1_multimer_v3_pred_59.pdb
2201	afm_dropout_full_woTemplates_model_1_multimer_v3_pred_6.pdb
2202	afm_dropout_full_woTemplates_model_1_multimer_v3_pred_60.pdb
2203	afm_dropout_full_woTemplates_model_1_multimer_v3_pred_61.pdb
2204	afm_dropout_full_woTemplates_model_1_multimer_v3_pred_62.pdb
2205	afm_dropout_full_woTemplates_model_1_multimer_v3_pred_63.pdb
2206	afm_dropout_full_woTemplates_model_1_multimer_v3_pred_64.pdb
2207	afm_dropout_full_woTemplates_model_1_multimer_v3_pred_65.pdb
2208	afm_dropout_full_woTemplates_model_1_multimer_v3_pred_66.pdb
2209	afm_dropout_full_woTemplates_model_1_multimer_v3_pred_7.pdb
2210	afm_dropout_full_woTemplates_model_1_multimer_v3_pred_8.pdb
2211	afm_dropout_full_woTemplates_model_1_multimer_v3_pred_9.pdb
2212	afm_dropout_full_woTemplates_model_2_multimer_v1_pred_0.pdb
2213	afm_dropout_full_woTemplates_model_2_multimer_v1_pred_1.pdb
2214	afm_dropout_full_woTemplates_model_2_multimer_v1_pred_10.pdb
2215	afm_dropout_full_woTemplates_model_2_multimer_v1_pred_11.pdb
2216	afm_dropout_full_woTemplates_model_2_multimer_v1_pred_12.pdb
2217	afm_dropout_full_woTemplates_model_2_multimer_v1_pred_13.pdb
2218	afm_dropout_full_woTemplates_model_2_multimer_v1_pred_14.pdb
2219	afm_dropout_full_woTemplates_model_2_multimer_v1_pred_15.pdb
2220	afm_dropout_full_woTemplates_model_2_multimer_v1_pred_16.pdb
2221	afm_dropout_full_woTemplates_model_2_multimer_v1_pred_17.pdb
2222	afm_dropout_full_woTemplates_model_2_multimer_v1_pred_18.pdb
2223	afm_dropout_full_woTemplates_model_2_multimer_v1_pred_19.pdb
2224	afm_dropout_full_woTemplates_model_2_multimer_v1_pred_2.pdb
2225	afm_dropout_full_woTemplates_model_2_multimer_v1_pred_20.pdb
2226	afm_dropout_full_woTemplates_model_2_multimer_v1_pred_21.pdb
2227	afm_dropout_full_woTemplates_model_2_multimer_v1_pred_22.pdb
2228	afm_dropout_full_woTemplates_model_2_multimer_v1_pred_23.pdb
2229	afm_dropout_full_woTemplates_model_2_multimer_v1_pred_24.pdb
2230	afm_dropout_full_woTemplates_model_2_multimer_v1_pred_25.pdb
2231	afm_dropout_full_woTemplates_model_2_multimer_v1_pred_26.pdb
2232	afm_dropout_full_woTemplates_model_2_multimer_v1_pred_27.pdb
2233	afm_dropout_full_woTemplates_model_2_multimer_v1_pred_28.pdb
2234	afm_dropout_full_woTemplates_model_2_multimer_v1_pred_29.pdb
2235	afm_dropout_full_woTemplates_model_2_multimer_v1_pred_3.pdb
2236	afm_dropout_full_woTemplates_model_2_multimer_v1_pred_30.pdb
2237	afm_dropout_full_woTemplates_model_2_multimer_v1_pred_31.pdb
2238	afm_dropout_full_woTemplates_model_2_multimer_v1_pred_32.pdb
2239	afm_dropout_full_woTemplates_model_2_multimer_v1_pred_33.pdb
2240	afm_dropout_full_woTemplates_model_2_multimer_v1_pred_34.pdb
2241	afm_dropout_full_woTemplates_model_2_multimer_v1_pred_35.pdb
2242	afm_dropout_full_woTemplates_model_2_multimer_v1_pred_36.pdb
2243	afm_dropout_full_woTemplates_model_2_multimer_v1_pred_37.pdb
2244	afm_dropout_full_woTemplates_model_2_multimer_v1_pred_38.pdb
2245	afm_dropout_full_woTemplates_model_2_multimer_v1_pred_39.pdb
2246	afm_dropout_full_woTemplates_model_2_multimer_v1_pred_4.pdb
2247	afm_dropout_full_woTemplates_model_2_multimer_v1_pred_40.pdb
2248	afm_dropout_full_woTemplates_model_2_multimer_v1_pred_41.pdb
2249	afm_dropout_full_woTemplates_model_2_multimer_v1_pred_42.pdb
2250	afm_dropout_full_woTemplates_model_2_multimer_v1_pred_43.pdb
2251	afm_dropout_full_woTemplates_model_2_multimer_v1_pred_44.pdb
2252	afm_dropout_full_woTemplates_model_2_multimer_v1_pred_45.pdb
2253	afm_dropout_full_woTemplates_model_2_multimer_v1_pred_46.pdb
2254	afm_dropout_full_woTemplates_model_2_multimer_v1_pred_47.pdb
2255	afm_dropout_full_woTemplates_model_2_multimer_v1_pred_48.pdb
2256	afm_dropout_full_woTemplates_model_2_multimer_v1_pred_49.pdb
2257	afm_dropout_full_woTemplates_model_2_multimer_v1_pred_5.pdb
2258	afm_dropout_full_woTemplates_model_2_multimer_v1_pred_50.pdb
2259	afm_dropout_full_woTemplates_model_2_multimer_v1_pred_51.pdb
2260	afm_dropout_full_woTemplates_model_2_multimer_v1_pred_52.pdb
2261	afm_dropout_full_woTemplates_model_2_multimer_v1_pred_53.pdb
2262	afm_dropout_full_woTemplates_model_2_multimer_v1_pred_54.pdb
2263	afm_dropout_full_woTemplates_model_2_multimer_v1_pred_55.pdb
2264	afm_dropout_full_woTemplates_model_2_multimer_v1_pred_56.pdb
2265	afm_dropout_full_woTemplates_model_2_multimer_v1_pred_57.pdb
2266	afm_dropout_full_woTemplates_model_2_multimer_v1_pred_58.pdb
2267	afm_dropout_full_woTemplates_model_2_multimer_v1_pred_59.pdb
2268	afm_dropout_full_woTemplates_model_2_multimer_v1_pred_6.pdb
2269	afm_dropout_full_woTemplates_model_2_multimer_v1_pred_60.pdb
2270	afm_dropout_full_woTemplates_model_2_multimer_v1_pred_61.pdb
2271	afm_dropout_full_woTemplates_model_2_multimer_v1_pred_62.pdb
2272	afm_dropout_full_woTemplates_model_2_multimer_v1_pred_63.pdb
2273	afm_dropout_full_woTemplates_model_2_multimer_v1_pred_64.pdb
2274	afm_dropout_full_woTemplates_model_2_multimer_v1_pred_65.pdb
2275	afm_dropout_full_woTemplates_model_2_multimer_v1_pred_66.pdb
2276	afm_dropout_full_woTemplates_model_2_multimer_v1_pred_7.pdb
2277	afm_dropout_full_woTemplates_model_2_multimer_v1_pred_8.pdb
2278	afm_dropout_full_woTemplates_model_2_multimer_v1_pred_9.pdb
2279	afm_dropout_full_woTemplates_model_2_multimer_v2_pred_0.pdb
2280	afm_dropout_full_woTemplates_model_2_multimer_v2_pred_1.pdb
2281	afm_dropout_full_woTemplates_model_2_multimer_v2_pred_10.pdb
2282	afm_dropout_full_woTemplates_model_2_multimer_v2_pred_11.pdb
2283	afm_dropout_full_woTemplates_model_2_multimer_v2_pred_12.pdb
2284	afm_dropout_full_woTemplates_model_2_multimer_v2_pred_13.pdb
2285	afm_dropout_full_woTemplates_model_2_multimer_v2_pred_14.pdb
2286	afm_dropout_full_woTemplates_model_2_multimer_v2_pred_15.pdb
2287	afm_dropout_full_woTemplates_model_2_multimer_v2_pred_16.pdb
2288	afm_dropout_full_woTemplates_model_2_multimer_v2_pred_17.pdb
2289	afm_dropout_full_woTemplates_model_2_multimer_v2_pred_18.pdb
2290	afm_dropout_full_woTemplates_model_2_multimer_v2_pred_19.pdb
2291	afm_dropout_full_woTemplates_model_2_multimer_v2_pred_2.pdb
2292	afm_dropout_full_woTemplates_model_2_multimer_v2_pred_20.pdb
2293	afm_dropout_full_woTemplates_model_2_multimer_v2_pred_21.pdb
2294	afm_dropout_full_woTemplates_model_2_multimer_v2_pred_22.pdb
2295	afm_dropout_full_woTemplates_model_2_multimer_v2_pred_23.pdb
2296	afm_dropout_full_woTemplates_model_2_multimer_v2_pred_24.pdb
2297	afm_dropout_full_woTemplates_model_2_multimer_v2_pred_25.pdb
2298	afm_dropout_full_woTemplates_model_2_multimer_v2_pred_26.pdb
2299	afm_dropout_full_woTemplates_model_2_multimer_v2_pred_27.pdb
2300	afm_dropout_full_woTemplates_model_2_multimer_v2_pred_28.pdb
2301	afm_dropout_full_woTemplates_model_2_multimer_v2_pred_29.pdb
2302	afm_dropout_full_woTemplates_model_2_multimer_v2_pred_3.pdb
2303	afm_dropout_full_woTemplates_model_2_multimer_v2_pred_30.pdb
2304	afm_dropout_full_woTemplates_model_2_multimer_v2_pred_31.pdb
2305	afm_dropout_full_woTemplates_model_2_multimer_v2_pred_32.pdb
2306	afm_dropout_full_woTemplates_model_2_multimer_v2_pred_33.pdb
2307	afm_dropout_full_woTemplates_model_2_multimer_v2_pred_34.pdb
2308	afm_dropout_full_woTemplates_model_2_multimer_v2_pred_35.pdb
2309	afm_dropout_full_woTemplates_model_2_multimer_v2_pred_36.pdb
2310	afm_dropout_full_woTemplates_model_2_multimer_v2_pred_37.pdb
2311	afm_dropout_full_woTemplates_model_2_multimer_v2_pred_38.pdb
2312	afm_dropout_full_woTemplates_model_2_multimer_v2_pred_39.pdb
2313	afm_dropout_full_woTemplates_model_2_multimer_v2_pred_4.pdb
2314	afm_dropout_full_woTemplates_model_2_multimer_v2_pred_40.pdb
2315	afm_dropout_full_woTemplates_model_2_multimer_v2_pred_41.pdb
2316	afm_dropout_full_woTemplates_model_2_multimer_v2_pred_42.pdb
2317	afm_dropout_full_woTemplates_model_2_multimer_v2_pred_43.pdb
2318	afm_dropout_full_woTemplates_model_2_multimer_v2_pred_44.pdb
2319	afm_dropout_full_woTemplates_model_2_multimer_v2_pred_45.pdb
2320	afm_dropout_full_woTemplates_model_2_multimer_v2_pred_46.pdb
2321	afm_dropout_full_woTemplates_model_2_multimer_v2_pred_47.pdb
2322	afm_dropout_full_woTemplates_model_2_multimer_v2_pred_48.pdb
2323	afm_dropout_full_woTemplates_model_2_multimer_v2_pred_49.pdb
2324	afm_dropout_full_woTemplates_model_2_multimer_v2_pred_5.pdb
2325	afm_dropout_full_woTemplates_model_2_multimer_v2_pred_50.pdb
2326	afm_dropout_full_woTemplates_model_2_multimer_v2_pred_51.pdb
2327	afm_dropout_full_woTemplates_model_2_multimer_v2_pred_52.pdb
2328	afm_dropout_full_woTemplates_model_2_multimer_v2_pred_53.pdb
2329	afm_dropout_full_woTemplates_model_2_multimer_v2_pred_54.pdb
2330	afm_dropout_full_woTemplates_model_2_multimer_v2_pred_55.pdb
2331	afm_dropout_full_woTemplates_model_2_multimer_v2_pred_56.pdb
2332	afm_dropout_full_woTemplates_model_2_multimer_v2_pred_57.pdb
2333	afm_dropout_full_woTemplates_model_2_multimer_v2_pred_58.pdb
2334	afm_dropout_full_woTemplates_model_2_multimer_v2_pred_59.pdb
2335	afm_dropout_full_woTemplates_model_2_multimer_v2_pred_6.pdb
2336	afm_dropout_full_woTemplates_model_2_multimer_v2_pred_60.pdb
2337	afm_dropout_full_woTemplates_model_2_multimer_v2_pred_61.pdb
2338	afm_dropout_full_woTemplates_model_2_multimer_v2_pred_62.pdb
2339	afm_dropout_full_woTemplates_model_2_multimer_v2_pred_63.pdb
2340	afm_dropout_full_woTemplates_model_2_multimer_v2_pred_64.pdb
2341	afm_dropout_full_woTemplates_model_2_multimer_v2_pred_65.pdb
2342	afm_dropout_full_woTemplates_model_2_multimer_v2_pred_66.pdb
2343	afm_dropout_full_woTemplates_model_2_multimer_v2_pred_7.pdb
2344	afm_dropout_full_woTemplates_model_2_multimer_v2_pred_8.pdb
2345	afm_dropout_full_woTemplates_model_2_multimer_v2_pred_9.pdb
2346	afm_dropout_full_woTemplates_model_2_multimer_v3_pred_0.pdb
2347	afm_dropout_full_woTemplates_model_2_multimer_v3_pred_1.pdb
2348	afm_dropout_full_woTemplates_model_2_multimer_v3_pred_10.pdb
2349	afm_dropout_full_woTemplates_model_2_multimer_v3_pred_11.pdb
2350	afm_dropout_full_woTemplates_model_2_multimer_v3_pred_12.pdb
2351	afm_dropout_full_woTemplates_model_2_multimer_v3_pred_13.pdb
2352	afm_dropout_full_woTemplates_model_2_multimer_v3_pred_14.pdb
2353	afm_dropout_full_woTemplates_model_2_multimer_v3_pred_15.pdb
2354	afm_dropout_full_woTemplates_model_2_multimer_v3_pred_16.pdb
2355	afm_dropout_full_woTemplates_model_2_multimer_v3_pred_17.pdb
2356	afm_dropout_full_woTemplates_model_2_multimer_v3_pred_18.pdb
2357	afm_dropout_full_woTemplates_model_2_multimer_v3_pred_19.pdb
2358	afm_dropout_full_woTemplates_model_2_multimer_v3_pred_2.pdb
2359	afm_dropout_full_woTemplates_model_2_multimer_v3_pred_20.pdb
2360	afm_dropout_full_woTemplates_model_2_multimer_v3_pred_21.pdb
2361	afm_dropout_full_woTemplates_model_2_multimer_v3_pred_22.pdb
2362	afm_dropout_full_woTemplates_model_2_multimer_v3_pred_23.pdb
2363	afm_dropout_full_woTemplates_model_2_multimer_v3_pred_24.pdb
2364	afm_dropout_full_woTemplates_model_2_multimer_v3_pred_25.pdb
2365	afm_dropout_full_woTemplates_model_2_multimer_v3_pred_26.pdb
2366	afm_dropout_full_woTemplates_model_2_multimer_v3_pred_27.pdb
2367	afm_dropout_full_woTemplates_model_2_multimer_v3_pred_28.pdb
2368	afm_dropout_full_woTemplates_model_2_multimer_v3_pred_29.pdb
2369	afm_dropout_full_woTemplates_model_2_multimer_v3_pred_3.pdb
2370	afm_dropout_full_woTemplates_model_2_multimer_v3_pred_30.pdb
2371	afm_dropout_full_woTemplates_model_2_multimer_v3_pred_31.pdb
2372	afm_dropout_full_woTemplates_model_2_multimer_v3_pred_32.pdb
2373	afm_dropout_full_woTemplates_model_2_multimer_v3_pred_33.pdb
2374	afm_dropout_full_woTemplates_model_2_multimer_v3_pred_34.pdb
2375	afm_dropout_full_woTemplates_model_2_multimer_v3_pred_35.pdb
2376	afm_dropout_full_woTemplates_model_2_multimer_v3_pred_36.pdb
2377	afm_dropout_full_woTemplates_model_2_multimer_v3_pred_37.pdb
2378	afm_dropout_full_woTemplates_model_2_multimer_v3_pred_38.pdb
2379	afm_dropout_full_woTemplates_model_2_multimer_v3_pred_39.pdb
2380	afm_dropout_full_woTemplates_model_2_multimer_v3_pred_4.pdb
2381	afm_dropout_full_woTemplates_model_2_multimer_v3_pred_40.pdb
2382	afm_dropout_full_woTemplates_model_2_multimer_v3_pred_41.pdb
2383	afm_dropout_full_woTemplates_model_2_multimer_v3_pred_42.pdb
2384	afm_dropout_full_woTemplates_model_2_multimer_v3_pred_43.pdb
2385	afm_dropout_full_woTemplates_model_2_multimer_v3_pred_44.pdb
2386	afm_dropout_full_woTemplates_model_2_multimer_v3_pred_45.pdb
2387	afm_dropout_full_woTemplates_model_2_multimer_v3_pred_46.pdb
2388	afm_dropout_full_woTemplates_model_2_multimer_v3_pred_47.pdb
2389	afm_dropout_full_woTemplates_model_2_multimer_v3_pred_48.pdb
2390	afm_dropout_full_woTemplates_model_2_multimer_v3_pred_49.pdb
2391	afm_dropout_full_woTemplates_model_2_multimer_v3_pred_5.pdb
2392	afm_dropout_full_woTemplates_model_2_multimer_v3_pred_50.pdb
2393	afm_dropout_full_woTemplates_model_2_multimer_v3_pred_51.pdb
2394	afm_dropout_full_woTemplates_model_2_multimer_v3_pred_52.pdb
2395	afm_dropout_full_woTemplates_model_2_multimer_v3_pred_53.pdb
2396	afm_dropout_full_woTemplates_model_2_multimer_v3_pred_54.pdb
2397	afm_dropout_full_woTemplates_model_2_multimer_v3_pred_55.pdb
2398	afm_dropout_full_woTemplates_model_2_multimer_v3_pred_56.pdb
2399	afm_dropout_full_woTemplates_model_2_multimer_v3_pred_57.pdb
2400	afm_dropout_full_woTemplates_model_2_multimer_v3_pred_58.pdb
2401	afm_dropout_full_woTemplates_model_2_multimer_v3_pred_59.pdb
2402	afm_dropout_full_woTemplates_model_2_multimer_v3_pred_6.pdb
2403	afm_dropout_full_woTemplates_model_2_multimer_v3_pred_60.pdb
2404	afm_dropout_full_woTemplates_model_2_multimer_v3_pred_61.pdb
2405	afm_dropout_full_woTemplates_model_2_multimer_v3_pred_62.pdb
2406	afm_dropout_full_woTemplates_model_2_multimer_v3_pred_63.pdb
2407	afm_dropout_full_woTemplates_model_2_multimer_v3_pred_64.pdb
2408	afm_dropout_full_woTemplates_model_2_multimer_v3_pred_65.pdb
2409	afm_dropout_full_woTemplates_model_2_multimer_v3_pred_66.pdb
2410	afm_dropout_full_woTemplates_model_2_multimer_v3_pred_7.pdb
2411	afm_dropout_full_woTemplates_model_2_multimer_v3_pred_8.pdb
2412	afm_dropout_full_woTemplates_model_2_multimer_v3_pred_9.pdb
2413	afm_dropout_full_woTemplates_model_3_multimer_v1_pred_0.pdb
2414	afm_dropout_full_woTemplates_model_3_multimer_v1_pred_1.pdb
2415	afm_dropout_full_woTemplates_model_3_multimer_v1_pred_10.pdb
2416	afm_dropout_full_woTemplates_model_3_multimer_v1_pred_11.pdb
2417	afm_dropout_full_woTemplates_model_3_multimer_v1_pred_12.pdb
2418	afm_dropout_full_woTemplates_model_3_multimer_v1_pred_13.pdb
2419	afm_dropout_full_woTemplates_model_3_multimer_v1_pred_14.pdb
2420	afm_dropout_full_woTemplates_model_3_multimer_v1_pred_15.pdb
2421	afm_dropout_full_woTemplates_model_3_multimer_v1_pred_16.pdb
2422	afm_dropout_full_woTemplates_model_3_multimer_v1_pred_17.pdb
2423	afm_dropout_full_woTemplates_model_3_multimer_v1_pred_18.pdb
2424	afm_dropout_full_woTemplates_model_3_multimer_v1_pred_19.pdb
2425	afm_dropout_full_woTemplates_model_3_multimer_v1_pred_2.pdb
2426	afm_dropout_full_woTemplates_model_3_multimer_v1_pred_20.pdb
2427	afm_dropout_full_woTemplates_model_3_multimer_v1_pred_21.pdb
2428	afm_dropout_full_woTemplates_model_3_multimer_v1_pred_22.pdb
2429	afm_dropout_full_woTemplates_model_3_multimer_v1_pred_23.pdb
2430	afm_dropout_full_woTemplates_model_3_multimer_v1_pred_24.pdb
2431	afm_dropout_full_woTemplates_model_3_multimer_v1_pred_25.pdb
2432	afm_dropout_full_woTemplates_model_3_multimer_v1_pred_26.pdb
2433	afm_dropout_full_woTemplates_model_3_multimer_v1_pred_27.pdb
2434	afm_dropout_full_woTemplates_model_3_multimer_v1_pred_28.pdb
2435	afm_dropout_full_woTemplates_model_3_multimer_v1_pred_29.pdb
2436	afm_dropout_full_woTemplates_model_3_multimer_v1_pred_3.pdb
2437	afm_dropout_full_woTemplates_model_3_multimer_v1_pred_30.pdb
2438	afm_dropout_full_woTemplates_model_3_multimer_v1_pred_31.pdb
2439	afm_dropout_full_woTemplates_model_3_multimer_v1_pred_32.pdb
2440	afm_dropout_full_woTemplates_model_3_multimer_v1_pred_33.pdb
2441	afm_dropout_full_woTemplates_model_3_multimer_v1_pred_34.pdb
2442	afm_dropout_full_woTemplates_model_3_multimer_v1_pred_35.pdb
2443	afm_dropout_full_woTemplates_model_3_multimer_v1_pred_36.pdb
2444	afm_dropout_full_woTemplates_model_3_multimer_v1_pred_37.pdb
2445	afm_dropout_full_woTemplates_model_3_multimer_v1_pred_38.pdb
2446	afm_dropout_full_woTemplates_model_3_multimer_v1_pred_39.pdb
2447	afm_dropout_full_woTemplates_model_3_multimer_v1_pred_4.pdb
2448	afm_dropout_full_woTemplates_model_3_multimer_v1_pred_40.pdb
2449	afm_dropout_full_woTemplates_model_3_multimer_v1_pred_41.pdb
2450	afm_dropout_full_woTemplates_model_3_multimer_v1_pred_42.pdb
2451	afm_dropout_full_woTemplates_model_3_multimer_v1_pred_43.pdb
2452	afm_dropout_full_woTemplates_model_3_multimer_v1_pred_44.pdb
2453	afm_dropout_full_woTemplates_model_3_multimer_v1_pred_45.pdb
2454	afm_dropout_full_woTemplates_model_3_multimer_v1_pred_46.pdb
2455	afm_dropout_full_woTemplates_model_3_multimer_v1_pred_47.pdb
2456	afm_dropout_full_woTemplates_model_3_multimer_v1_pred_48.pdb
2457	afm_dropout_full_woTemplates_model_3_multimer_v1_pred_49.pdb
2458	afm_dropout_full_woTemplates_model_3_multimer_v1_pred_5.pdb
2459	afm_dropout_full_woTemplates_model_3_multimer_v1_pred_50.pdb
2460	afm_dropout_full_woTemplates_model_3_multimer_v1_pred_51.pdb
2461	afm_dropout_full_woTemplates_model_3_multimer_v1_pred_52.pdb
2462	afm_dropout_full_woTemplates_model_3_multimer_v1_pred_53.pdb
2463	afm_dropout_full_woTemplates_model_3_multimer_v1_pred_54.pdb
2464	afm_dropout_full_woTemplates_model_3_multimer_v1_pred_55.pdb
2465	afm_dropout_full_woTemplates_model_3_multimer_v1_pred_56.pdb
2466	afm_dropout_full_woTemplates_model_3_multimer_v1_pred_57.pdb
2467	afm_dropout_full_woTemplates_model_3_multimer_v1_pred_58.pdb
2468	afm_dropout_full_woTemplates_model_3_multimer_v1_pred_59.pdb
2469	afm_dropout_full_woTemplates_model_3_multimer_v1_pred_6.pdb
2470	afm_dropout_full_woTemplates_model_3_multimer_v1_pred_60.pdb
2471	afm_dropout_full_woTemplates_model_3_multimer_v1_pred_61.pdb
2472	afm_dropout_full_woTemplates_model_3_multimer_v1_pred_62.pdb
2473	afm_dropout_full_woTemplates_model_3_multimer_v1_pred_63.pdb
2474	afm_dropout_full_woTemplates_model_3_multimer_v1_pred_64.pdb
2475	afm_dropout_full_woTemplates_model_3_multimer_v1_pred_65.pdb
2476	afm_dropout_full_woTemplates_model_3_multimer_v1_pred_66.pdb
2477	afm_dropout_full_woTemplates_model_3_multimer_v1_pred_7.pdb
2478	afm_dropout_full_woTemplates_model_3_multimer_v1_pred_8.pdb
2479	afm_dropout_full_woTemplates_model_3_multimer_v1_pred_9.pdb
2480	afm_dropout_full_woTemplates_model_3_multimer_v2_pred_0.pdb
2481	afm_dropout_full_woTemplates_model_3_multimer_v2_pred_1.pdb
2482	afm_dropout_full_woTemplates_model_3_multimer_v2_pred_10.pdb
2483	afm_dropout_full_woTemplates_model_3_multimer_v2_pred_11.pdb
2484	afm_dropout_full_woTemplates_model_3_multimer_v2_pred_12.pdb
2485	afm_dropout_full_woTemplates_model_3_multimer_v2_pred_13.pdb
2486	afm_dropout_full_woTemplates_model_3_multimer_v2_pred_14.pdb
2487	afm_dropout_full_woTemplates_model_3_multimer_v2_pred_15.pdb
2488	afm_dropout_full_woTemplates_model_3_multimer_v2_pred_16.pdb
2489	afm_dropout_full_woTemplates_model_3_multimer_v2_pred_17.pdb
2490	afm_dropout_full_woTemplates_model_3_multimer_v2_pred_18.pdb
2491	afm_dropout_full_woTemplates_model_3_multimer_v2_pred_19.pdb
2492	afm_dropout_full_woTemplates_model_3_multimer_v2_pred_2.pdb
2493	afm_dropout_full_woTemplates_model_3_multimer_v2_pred_20.pdb
2494	afm_dropout_full_woTemplates_model_3_multimer_v2_pred_21.pdb
2495	afm_dropout_full_woTemplates_model_3_multimer_v2_pred_22.pdb
2496	afm_dropout_full_woTemplates_model_3_multimer_v2_pred_23.pdb
2497	afm_dropout_full_woTemplates_model_3_multimer_v2_pred_24.pdb
2498	afm_dropout_full_woTemplates_model_3_multimer_v2_pred_25.pdb
2499	afm_dropout_full_woTemplates_model_3_multimer_v2_pred_26.pdb
2500	afm_dropout_full_woTemplates_model_3_multimer_v2_pred_27.pdb
2501	afm_dropout_full_woTemplates_model_3_multimer_v2_pred_28.pdb
2502	afm_dropout_full_woTemplates_model_3_multimer_v2_pred_29.pdb
2503	afm_dropout_full_woTemplates_model_3_multimer_v2_pred_3.pdb
2504	afm_dropout_full_woTemplates_model_3_multimer_v2_pred_30.pdb
2505	afm_dropout_full_woTemplates_model_3_multimer_v2_pred_31.pdb
2506	afm_dropout_full_woTemplates_model_3_multimer_v2_pred_32.pdb
2507	afm_dropout_full_woTemplates_model_3_multimer_v2_pred_33.pdb
2508	afm_dropout_full_woTemplates_model_3_multimer_v2_pred_34.pdb
2509	afm_dropout_full_woTemplates_model_3_multimer_v2_pred_35.pdb
2510	afm_dropout_full_woTemplates_model_3_multimer_v2_pred_36.pdb
2511	afm_dropout_full_woTemplates_model_3_multimer_v2_pred_37.pdb
2512	afm_dropout_full_woTemplates_model_3_multimer_v2_pred_38.pdb
2513	afm_dropout_full_woTemplates_model_3_multimer_v2_pred_39.pdb
2514	afm_dropout_full_woTemplates_model_3_multimer_v2_pred_4.pdb
2515	afm_dropout_full_woTemplates_model_3_multimer_v2_pred_40.pdb
2516	afm_dropout_full_woTemplates_model_3_multimer_v2_pred_41.pdb
2517	afm_dropout_full_woTemplates_model_3_multimer_v2_pred_42.pdb
2518	afm_dropout_full_woTemplates_model_3_multimer_v2_pred_43.pdb
2519	afm_dropout_full_woTemplates_model_3_multimer_v2_pred_44.pdb
2520	afm_dropout_full_woTemplates_model_3_multimer_v2_pred_45.pdb
2521	afm_dropout_full_woTemplates_model_3_multimer_v2_pred_46.pdb
2522	afm_dropout_full_woTemplates_model_3_multimer_v2_pred_47.pdb
2523	afm_dropout_full_woTemplates_model_3_multimer_v2_pred_48.pdb
2524	afm_dropout_full_woTemplates_model_3_multimer_v2_pred_49.pdb
2525	afm_dropout_full_woTemplates_model_3_multimer_v2_pred_5.pdb
2526	afm_dropout_full_woTemplates_model_3_multimer_v2_pred_50.pdb
2527	afm_dropout_full_woTemplates_model_3_multimer_v2_pred_51.pdb
2528	afm_dropout_full_woTemplates_model_3_multimer_v2_pred_52.pdb
2529	afm_dropout_full_woTemplates_model_3_multimer_v2_pred_53.pdb
2530	afm_dropout_full_woTemplates_model_3_multimer_v2_pred_54.pdb
2531	afm_dropout_full_woTemplates_model_3_multimer_v2_pred_55.pdb
2532	afm_dropout_full_woTemplates_model_3_multimer_v2_pred_56.pdb
2533	afm_dropout_full_woTemplates_model_3_multimer_v2_pred_57.pdb
2534	afm_dropout_full_woTemplates_model_3_multimer_v2_pred_58.pdb
2535	afm_dropout_full_woTemplates_model_3_multimer_v2_pred_59.pdb
2536	afm_dropout_full_woTemplates_model_3_multimer_v2_pred_6.pdb
2537	afm_dropout_full_woTemplates_model_3_multimer_v2_pred_60.pdb
2538	afm_dropout_full_woTemplates_model_3_multimer_v2_pred_61.pdb
2539	afm_dropout_full_woTemplates_model_3_multimer_v2_pred_62.pdb
2540	afm_dropout_full_woTemplates_model_3_multimer_v2_pred_63.pdb
2541	afm_dropout_full_woTemplates_model_3_multimer_v2_pred_64.pdb
2542	afm_dropout_full_woTemplates_model_3_multimer_v2_pred_65.pdb
2543	afm_dropout_full_woTemplates_model_3_multimer_v2_pred_66.pdb
2544	afm_dropout_full_woTemplates_model_3_multimer_v2_pred_7.pdb
2545	afm_dropout_full_woTemplates_model_3_multimer_v2_pred_8.pdb
2546	afm_dropout_full_woTemplates_model_3_multimer_v2_pred_9.pdb
2547	afm_dropout_full_woTemplates_model_3_multimer_v3_pred_0.pdb
2548	afm_dropout_full_woTemplates_model_3_multimer_v3_pred_1.pdb
2549	afm_dropout_full_woTemplates_model_3_multimer_v3_pred_10.pdb
2550	afm_dropout_full_woTemplates_model_3_multimer_v3_pred_11.pdb
2551	afm_dropout_full_woTemplates_model_3_multimer_v3_pred_12.pdb
2552	afm_dropout_full_woTemplates_model_3_multimer_v3_pred_13.pdb
2553	afm_dropout_full_woTemplates_model_3_multimer_v3_pred_14.pdb
2554	afm_dropout_full_woTemplates_model_3_multimer_v3_pred_15.pdb
2555	afm_dropout_full_woTemplates_model_3_multimer_v3_pred_16.pdb
2556	afm_dropout_full_woTemplates_model_3_multimer_v3_pred_17.pdb
2557	afm_dropout_full_woTemplates_model_3_multimer_v3_pred_18.pdb
2558	afm_dropout_full_woTemplates_model_3_multimer_v3_pred_19.pdb
2559	afm_dropout_full_woTemplates_model_3_multimer_v3_pred_2.pdb
2560	afm_dropout_full_woTemplates_model_3_multimer_v3_pred_20.pdb
2561	afm_dropout_full_woTemplates_model_3_multimer_v3_pred_21.pdb
2562	afm_dropout_full_woTemplates_model_3_multimer_v3_pred_22.pdb
2563	afm_dropout_full_woTemplates_model_3_multimer_v3_pred_23.pdb
2564	afm_dropout_full_woTemplates_model_3_multimer_v3_pred_24.pdb
2565	afm_dropout_full_woTemplates_model_3_multimer_v3_pred_25.pdb
2566	afm_dropout_full_woTemplates_model_3_multimer_v3_pred_26.pdb
2567	afm_dropout_full_woTemplates_model_3_multimer_v3_pred_27.pdb
2568	afm_dropout_full_woTemplates_model_3_multimer_v3_pred_28.pdb
2569	afm_dropout_full_woTemplates_model_3_multimer_v3_pred_29.pdb
2570	afm_dropout_full_woTemplates_model_3_multimer_v3_pred_3.pdb
2571	afm_dropout_full_woTemplates_model_3_multimer_v3_pred_30.pdb
2572	afm_dropout_full_woTemplates_model_3_multimer_v3_pred_31.pdb
2573	afm_dropout_full_woTemplates_model_3_multimer_v3_pred_32.pdb
2574	afm_dropout_full_woTemplates_model_3_multimer_v3_pred_33.pdb
2575	afm_dropout_full_woTemplates_model_3_multimer_v3_pred_34.pdb
2576	afm_dropout_full_woTemplates_model_3_multimer_v3_pred_35.pdb
2577	afm_dropout_full_woTemplates_model_3_multimer_v3_pred_36.pdb
2578	afm_dropout_full_woTemplates_model_3_multimer_v3_pred_37.pdb
2579	afm_dropout_full_woTemplates_model_3_multimer_v3_pred_38.pdb
2580	afm_dropout_full_woTemplates_model_3_multimer_v3_pred_39.pdb
2581	afm_dropout_full_woTemplates_model_3_multimer_v3_pred_4.pdb
2582	afm_dropout_full_woTemplates_model_3_multimer_v3_pred_40.pdb
2583	afm_dropout_full_woTemplates_model_3_multimer_v3_pred_41.pdb
2584	afm_dropout_full_woTemplates_model_3_multimer_v3_pred_42.pdb
2585	afm_dropout_full_woTemplates_model_3_multimer_v3_pred_43.pdb
2586	afm_dropout_full_woTemplates_model_3_multimer_v3_pred_44.pdb
2587	afm_dropout_full_woTemplates_model_3_multimer_v3_pred_45.pdb
2588	afm_dropout_full_woTemplates_model_3_multimer_v3_pred_46.pdb
2589	afm_dropout_full_woTemplates_model_3_multimer_v3_pred_47.pdb
2590	afm_dropout_full_woTemplates_model_3_multimer_v3_pred_48.pdb
2591	afm_dropout_full_woTemplates_model_3_multimer_v3_pred_49.pdb
2592	afm_dropout_full_woTemplates_model_3_multimer_v3_pred_5.pdb
2593	afm_dropout_full_woTemplates_model_3_multimer_v3_pred_50.pdb
2594	afm_dropout_full_woTemplates_model_3_multimer_v3_pred_51.pdb
2595	afm_dropout_full_woTemplates_model_3_multimer_v3_pred_52.pdb
2596	afm_dropout_full_woTemplates_model_3_multimer_v3_pred_53.pdb
2597	afm_dropout_full_woTemplates_model_3_multimer_v3_pred_54.pdb
2598	afm_dropout_full_woTemplates_model_3_multimer_v3_pred_55.pdb
2599	afm_dropout_full_woTemplates_model_3_multimer_v3_pred_56.pdb
2600	afm_dropout_full_woTemplates_model_3_multimer_v3_pred_57.pdb
2601	afm_dropout_full_woTemplates_model_3_multimer_v3_pred_58.pdb
2602	afm_dropout_full_woTemplates_model_3_multimer_v3_pred_59.pdb
2603	afm_dropout_full_woTemplates_model_3_multimer_v3_pred_6.pdb
2604	afm_dropout_full_woTemplates_model_3_multimer_v3_pred_60.pdb
2605	afm_dropout_full_woTemplates_model_3_multimer_v3_pred_61.pdb
2606	afm_dropout_full_woTemplates_model_3_multimer_v3_pred_62.pdb
2607	afm_dropout_full_woTemplates_model_3_multimer_v3_pred_63.pdb
2608	afm_dropout_full_woTemplates_model_3_multimer_v3_pred_64.pdb
2609	afm_dropout_full_woTemplates_model_3_multimer_v3_pred_65.pdb
2610	afm_dropout_full_woTemplates_model_3_multimer_v3_pred_66.pdb
2611	afm_dropout_full_woTemplates_model_3_multimer_v3_pred_7.pdb
2612	afm_dropout_full_woTemplates_model_3_multimer_v3_pred_8.pdb
2613	afm_dropout_full_woTemplates_model_3_multimer_v3_pred_9.pdb
2614	afm_dropout_full_woTemplates_model_4_multimer_v1_pred_0.pdb
2615	afm_dropout_full_woTemplates_model_4_multimer_v1_pred_1.pdb
2616	afm_dropout_full_woTemplates_model_4_multimer_v1_pred_10.pdb
2617	afm_dropout_full_woTemplates_model_4_multimer_v1_pred_11.pdb
2618	afm_dropout_full_woTemplates_model_4_multimer_v1_pred_12.pdb
2619	afm_dropout_full_woTemplates_model_4_multimer_v1_pred_13.pdb
2620	afm_dropout_full_woTemplates_model_4_multimer_v1_pred_14.pdb
2621	afm_dropout_full_woTemplates_model_4_multimer_v1_pred_15.pdb
2622	afm_dropout_full_woTemplates_model_4_multimer_v1_pred_16.pdb
2623	afm_dropout_full_woTemplates_model_4_multimer_v1_pred_17.pdb
2624	afm_dropout_full_woTemplates_model_4_multimer_v1_pred_18.pdb
2625	afm_dropout_full_woTemplates_model_4_multimer_v1_pred_19.pdb
2626	afm_dropout_full_woTemplates_model_4_multimer_v1_pred_2.pdb
2627	afm_dropout_full_woTemplates_model_4_multimer_v1_pred_20.pdb
2628	afm_dropout_full_woTemplates_model_4_multimer_v1_pred_21.pdb
2629	afm_dropout_full_woTemplates_model_4_multimer_v1_pred_22.pdb
2630	afm_dropout_full_woTemplates_model_4_multimer_v1_pred_23.pdb
2631	afm_dropout_full_woTemplates_model_4_multimer_v1_pred_24.pdb
2632	afm_dropout_full_woTemplates_model_4_multimer_v1_pred_25.pdb
2633	afm_dropout_full_woTemplates_model_4_multimer_v1_pred_26.pdb
2634	afm_dropout_full_woTemplates_model_4_multimer_v1_pred_27.pdb
2635	afm_dropout_full_woTemplates_model_4_multimer_v1_pred_28.pdb
2636	afm_dropout_full_woTemplates_model_4_multimer_v1_pred_29.pdb
2637	afm_dropout_full_woTemplates_model_4_multimer_v1_pred_3.pdb
2638	afm_dropout_full_woTemplates_model_4_multimer_v1_pred_30.pdb
2639	afm_dropout_full_woTemplates_model_4_multimer_v1_pred_31.pdb
2640	afm_dropout_full_woTemplates_model_4_multimer_v1_pred_32.pdb
2641	afm_dropout_full_woTemplates_model_4_multimer_v1_pred_33.pdb
2642	afm_dropout_full_woTemplates_model_4_multimer_v1_pred_34.pdb
2643	afm_dropout_full_woTemplates_model_4_multimer_v1_pred_35.pdb
2644	afm_dropout_full_woTemplates_model_4_multimer_v1_pred_36.pdb
2645	afm_dropout_full_woTemplates_model_4_multimer_v1_pred_37.pdb
2646	afm_dropout_full_woTemplates_model_4_multimer_v1_pred_38.pdb
2647	afm_dropout_full_woTemplates_model_4_multimer_v1_pred_39.pdb
2648	afm_dropout_full_woTemplates_model_4_multimer_v1_pred_4.pdb
2649	afm_dropout_full_woTemplates_model_4_multimer_v1_pred_40.pdb
2650	afm_dropout_full_woTemplates_model_4_multimer_v1_pred_41.pdb
2651	afm_dropout_full_woTemplates_model_4_multimer_v1_pred_42.pdb
2652	afm_dropout_full_woTemplates_model_4_multimer_v1_pred_43.pdb
2653	afm_dropout_full_woTemplates_model_4_multimer_v1_pred_44.pdb
2654	afm_dropout_full_woTemplates_model_4_multimer_v1_pred_45.pdb
2655	afm_dropout_full_woTemplates_model_4_multimer_v1_pred_46.pdb
2656	afm_dropout_full_woTemplates_model_4_multimer_v1_pred_47.pdb
2657	afm_dropout_full_woTemplates_model_4_multimer_v1_pred_48.pdb
2658	afm_dropout_full_woTemplates_model_4_multimer_v1_pred_49.pdb
2659	afm_dropout_full_woTemplates_model_4_multimer_v1_pred_5.pdb
2660	afm_dropout_full_woTemplates_model_4_multimer_v1_pred_50.pdb
2661	afm_dropout_full_woTemplates_model_4_multimer_v1_pred_51.pdb
2662	afm_dropout_full_woTemplates_model_4_multimer_v1_pred_52.pdb
2663	afm_dropout_full_woTemplates_model_4_multimer_v1_pred_53.pdb
2664	afm_dropout_full_woTemplates_model_4_multimer_v1_pred_54.pdb
2665	afm_dropout_full_woTemplates_model_4_multimer_v1_pred_55.pdb
2666	afm_dropout_full_woTemplates_model_4_multimer_v1_pred_56.pdb
2667	afm_dropout_full_woTemplates_model_4_multimer_v1_pred_57.pdb
2668	afm_dropout_full_woTemplates_model_4_multimer_v1_pred_58.pdb
2669	afm_dropout_full_woTemplates_model_4_multimer_v1_pred_59.pdb
2670	afm_dropout_full_woTemplates_model_4_multimer_v1_pred_6.pdb
2671	afm_dropout_full_woTemplates_model_4_multimer_v1_pred_60.pdb
2672	afm_dropout_full_woTemplates_model_4_multimer_v1_pred_61.pdb
2673	afm_dropout_full_woTemplates_model_4_multimer_v1_pred_62.pdb
2674	afm_dropout_full_woTemplates_model_4_multimer_v1_pred_63.pdb
2675	afm_dropout_full_woTemplates_model_4_multimer_v1_pred_64.pdb
2676	afm_dropout_full_woTemplates_model_4_multimer_v1_pred_65.pdb
2677	afm_dropout_full_woTemplates_model_4_multimer_v1_pred_66.pdb
2678	afm_dropout_full_woTemplates_model_4_multimer_v1_pred_7.pdb
2679	afm_dropout_full_woTemplates_model_4_multimer_v1_pred_8.pdb
2680	afm_dropout_full_woTemplates_model_4_multimer_v1_pred_9.pdb
2681	afm_dropout_full_woTemplates_model_4_multimer_v2_pred_0.pdb
2682	afm_dropout_full_woTemplates_model_4_multimer_v2_pred_1.pdb
2683	afm_dropout_full_woTemplates_model_4_multimer_v2_pred_10.pdb
2684	afm_dropout_full_woTemplates_model_4_multimer_v2_pred_11.pdb
2685	afm_dropout_full_woTemplates_model_4_multimer_v2_pred_12.pdb
2686	afm_dropout_full_woTemplates_model_4_multimer_v2_pred_13.pdb
2687	afm_dropout_full_woTemplates_model_4_multimer_v2_pred_14.pdb
2688	afm_dropout_full_woTemplates_model_4_multimer_v2_pred_15.pdb
2689	afm_dropout_full_woTemplates_model_4_multimer_v2_pred_16.pdb
2690	afm_dropout_full_woTemplates_model_4_multimer_v2_pred_17.pdb
2691	afm_dropout_full_woTemplates_model_4_multimer_v2_pred_18.pdb
2692	afm_dropout_full_woTemplates_model_4_multimer_v2_pred_19.pdb
2693	afm_dropout_full_woTemplates_model_4_multimer_v2_pred_2.pdb
2694	afm_dropout_full_woTemplates_model_4_multimer_v2_pred_20.pdb
2695	afm_dropout_full_woTemplates_model_4_multimer_v2_pred_21.pdb
2696	afm_dropout_full_woTemplates_model_4_multimer_v2_pred_22.pdb
2697	afm_dropout_full_woTemplates_model_4_multimer_v2_pred_23.pdb
2698	afm_dropout_full_woTemplates_model_4_multimer_v2_pred_24.pdb
2699	afm_dropout_full_woTemplates_model_4_multimer_v2_pred_25.pdb
2700	afm_dropout_full_woTemplates_model_4_multimer_v2_pred_26.pdb
2701	afm_dropout_full_woTemplates_model_4_multimer_v2_pred_27.pdb
2702	afm_dropout_full_woTemplates_model_4_multimer_v2_pred_28.pdb
2703	afm_dropout_full_woTemplates_model_4_multimer_v2_pred_29.pdb
2704	afm_dropout_full_woTemplates_model_4_multimer_v2_pred_3.pdb
2705	afm_dropout_full_woTemplates_model_4_multimer_v2_pred_30.pdb
2706	afm_dropout_full_woTemplates_model_4_multimer_v2_pred_31.pdb
2707	afm_dropout_full_woTemplates_model_4_multimer_v2_pred_32.pdb
2708	afm_dropout_full_woTemplates_model_4_multimer_v2_pred_33.pdb
2709	afm_dropout_full_woTemplates_model_4_multimer_v2_pred_34.pdb
2710	afm_dropout_full_woTemplates_model_4_multimer_v2_pred_35.pdb
2711	afm_dropout_full_woTemplates_model_4_multimer_v2_pred_36.pdb
2712	afm_dropout_full_woTemplates_model_4_multimer_v2_pred_37.pdb
2713	afm_dropout_full_woTemplates_model_4_multimer_v2_pred_38.pdb
2714	afm_dropout_full_woTemplates_model_4_multimer_v2_pred_39.pdb
2715	afm_dropout_full_woTemplates_model_4_multimer_v2_pred_4.pdb
2716	afm_dropout_full_woTemplates_model_4_multimer_v2_pred_40.pdb
2717	afm_dropout_full_woTemplates_model_4_multimer_v2_pred_41.pdb
2718	afm_dropout_full_woTemplates_model_4_multimer_v2_pred_42.pdb
2719	afm_dropout_full_woTemplates_model_4_multimer_v2_pred_43.pdb
2720	afm_dropout_full_woTemplates_model_4_multimer_v2_pred_44.pdb
2721	afm_dropout_full_woTemplates_model_4_multimer_v2_pred_45.pdb
2722	afm_dropout_full_woTemplates_model_4_multimer_v2_pred_46.pdb
2723	afm_dropout_full_woTemplates_model_4_multimer_v2_pred_47.pdb
2724	afm_dropout_full_woTemplates_model_4_multimer_v2_pred_48.pdb
2725	afm_dropout_full_woTemplates_model_4_multimer_v2_pred_49.pdb
2726	afm_dropout_full_woTemplates_model_4_multimer_v2_pred_5.pdb
2727	afm_dropout_full_woTemplates_model_4_multimer_v2_pred_50.pdb
2728	afm_dropout_full_woTemplates_model_4_multimer_v2_pred_51.pdb
2729	afm_dropout_full_woTemplates_model_4_multimer_v2_pred_52.pdb
2730	afm_dropout_full_woTemplates_model_4_multimer_v2_pred_53.pdb
2731	afm_dropout_full_woTemplates_model_4_multimer_v2_pred_54.pdb
2732	afm_dropout_full_woTemplates_model_4_multimer_v2_pred_55.pdb
2733	afm_dropout_full_woTemplates_model_4_multimer_v2_pred_56.pdb
2734	afm_dropout_full_woTemplates_model_4_multimer_v2_pred_57.pdb
2735	afm_dropout_full_woTemplates_model_4_multimer_v2_pred_58.pdb
2736	afm_dropout_full_woTemplates_model_4_multimer_v2_pred_59.pdb
2737	afm_dropout_full_woTemplates_model_4_multimer_v2_pred_6.pdb
2738	afm_dropout_full_woTemplates_model_4_multimer_v2_pred_60.pdb
2739	afm_dropout_full_woTemplates_model_4_multimer_v2_pred_61.pdb
2740	afm_dropout_full_woTemplates_model_4_multimer_v2_pred_62.pdb
2741	afm_dropout_full_woTemplates_model_4_multimer_v2_pred_63.pdb
2742	afm_dropout_full_woTemplates_model_4_multimer_v2_pred_64.pdb
2743	afm_dropout_full_woTemplates_model_4_multimer_v2_pred_65.pdb
2744	afm_dropout_full_woTemplates_model_4_multimer_v2_pred_66.pdb
2745	afm_dropout_full_woTemplates_model_4_multimer_v2_pred_7.pdb
2746	afm_dropout_full_woTemplates_model_4_multimer_v2_pred_8.pdb
2747	afm_dropout_full_woTemplates_model_4_multimer_v2_pred_9.pdb
2748	afm_dropout_full_woTemplates_model_4_multimer_v3_pred_0.pdb
2749	afm_dropout_full_woTemplates_model_4_multimer_v3_pred_1.pdb
2750	afm_dropout_full_woTemplates_model_4_multimer_v3_pred_10.pdb
2751	afm_dropout_full_woTemplates_model_4_multimer_v3_pred_11.pdb
2752	afm_dropout_full_woTemplates_model_4_multimer_v3_pred_12.pdb
2753	afm_dropout_full_woTemplates_model_4_multimer_v3_pred_13.pdb
2754	afm_dropout_full_woTemplates_model_4_multimer_v3_pred_14.pdb
2755	afm_dropout_full_woTemplates_model_4_multimer_v3_pred_15.pdb
2756	afm_dropout_full_woTemplates_model_4_multimer_v3_pred_16.pdb
2757	afm_dropout_full_woTemplates_model_4_multimer_v3_pred_17.pdb
2758	afm_dropout_full_woTemplates_model_4_multimer_v3_pred_18.pdb
2759	afm_dropout_full_woTemplates_model_4_multimer_v3_pred_19.pdb
2760	afm_dropout_full_woTemplates_model_4_multimer_v3_pred_2.pdb
2761	afm_dropout_full_woTemplates_model_4_multimer_v3_pred_20.pdb
2762	afm_dropout_full_woTemplates_model_4_multimer_v3_pred_21.pdb
2763	afm_dropout_full_woTemplates_model_4_multimer_v3_pred_22.pdb
2764	afm_dropout_full_woTemplates_model_4_multimer_v3_pred_23.pdb
2765	afm_dropout_full_woTemplates_model_4_multimer_v3_pred_24.pdb
2766	afm_dropout_full_woTemplates_model_4_multimer_v3_pred_25.pdb
2767	afm_dropout_full_woTemplates_model_4_multimer_v3_pred_26.pdb
2768	afm_dropout_full_woTemplates_model_4_multimer_v3_pred_27.pdb
2769	afm_dropout_full_woTemplates_model_4_multimer_v3_pred_28.pdb
2770	afm_dropout_full_woTemplates_model_4_multimer_v3_pred_29.pdb
2771	afm_dropout_full_woTemplates_model_4_multimer_v3_pred_3.pdb
2772	afm_dropout_full_woTemplates_model_4_multimer_v3_pred_30.pdb
2773	afm_dropout_full_woTemplates_model_4_multimer_v3_pred_31.pdb
2774	afm_dropout_full_woTemplates_model_4_multimer_v3_pred_32.pdb
2775	afm_dropout_full_woTemplates_model_4_multimer_v3_pred_33.pdb
2776	afm_dropout_full_woTemplates_model_4_multimer_v3_pred_34.pdb
2777	afm_dropout_full_woTemplates_model_4_multimer_v3_pred_35.pdb
2778	afm_dropout_full_woTemplates_model_4_multimer_v3_pred_36.pdb
2779	afm_dropout_full_woTemplates_model_4_multimer_v3_pred_37.pdb
2780	afm_dropout_full_woTemplates_model_4_multimer_v3_pred_38.pdb
2781	afm_dropout_full_woTemplates_model_4_multimer_v3_pred_39.pdb
2782	afm_dropout_full_woTemplates_model_4_multimer_v3_pred_4.pdb
2783	afm_dropout_full_woTemplates_model_4_multimer_v3_pred_40.pdb
2784	afm_dropout_full_woTemplates_model_4_multimer_v3_pred_41.pdb
2785	afm_dropout_full_woTemplates_model_4_multimer_v3_pred_42.pdb
2786	afm_dropout_full_woTemplates_model_4_multimer_v3_pred_43.pdb
2787	afm_dropout_full_woTemplates_model_4_multimer_v3_pred_44.pdb
2788	afm_dropout_full_woTemplates_model_4_multimer_v3_pred_45.pdb
2789	afm_dropout_full_woTemplates_model_4_multimer_v3_pred_46.pdb
2790	afm_dropout_full_woTemplates_model_4_multimer_v3_pred_47.pdb
2791	afm_dropout_full_woTemplates_model_4_multimer_v3_pred_48.pdb
2792	afm_dropout_full_woTemplates_model_4_multimer_v3_pred_49.pdb
2793	afm_dropout_full_woTemplates_model_4_multimer_v3_pred_5.pdb
2794	afm_dropout_full_woTemplates_model_4_multimer_v3_pred_50.pdb
2795	afm_dropout_full_woTemplates_model_4_multimer_v3_pred_51.pdb
2796	afm_dropout_full_woTemplates_model_4_multimer_v3_pred_52.pdb
2797	afm_dropout_full_woTemplates_model_4_multimer_v3_pred_53.pdb
2798	afm_dropout_full_woTemplates_model_4_multimer_v3_pred_54.pdb
2799	afm_dropout_full_woTemplates_model_4_multimer_v3_pred_55.pdb
2800	afm_dropout_full_woTemplates_model_4_multimer_v3_pred_56.pdb
2801	afm_dropout_full_woTemplates_model_4_multimer_v3_pred_57.pdb
2802	afm_dropout_full_woTemplates_model_4_multimer_v3_pred_58.pdb
2803	afm_dropout_full_woTemplates_model_4_multimer_v3_pred_59.pdb
2804	afm_dropout_full_woTemplates_model_4_multimer_v3_pred_6.pdb
2805	afm_dropout_full_woTemplates_model_4_multimer_v3_pred_60.pdb
2806	afm_dropout_full_woTemplates_model_4_multimer_v3_pred_61.pdb
2807	afm_dropout_full_woTemplates_model_4_multimer_v3_pred_62.pdb
2808	afm_dropout_full_woTemplates_model_4_multimer_v3_pred_63.pdb
2809	afm_dropout_full_woTemplates_model_4_multimer_v3_pred_64.pdb
2810	afm_dropout_full_woTemplates_model_4_multimer_v3_pred_65.pdb
2811	afm_dropout_full_woTemplates_model_4_multimer_v3_pred_66.pdb
2812	afm_dropout_full_woTemplates_model_4_multimer_v3_pred_7.pdb
2813	afm_dropout_full_woTemplates_model_4_multimer_v3_pred_8.pdb
2814	afm_dropout_full_woTemplates_model_4_multimer_v3_pred_9.pdb
2815	afm_dropout_full_woTemplates_model_5_multimer_v1_pred_0.pdb
2816	afm_dropout_full_woTemplates_model_5_multimer_v1_pred_1.pdb
2817	afm_dropout_full_woTemplates_model_5_multimer_v1_pred_10.pdb
2818	afm_dropout_full_woTemplates_model_5_multimer_v1_pred_11.pdb
2819	afm_dropout_full_woTemplates_model_5_multimer_v1_pred_12.pdb
2820	afm_dropout_full_woTemplates_model_5_multimer_v1_pred_13.pdb
2821	afm_dropout_full_woTemplates_model_5_multimer_v1_pred_14.pdb
2822	afm_dropout_full_woTemplates_model_5_multimer_v1_pred_15.pdb
2823	afm_dropout_full_woTemplates_model_5_multimer_v1_pred_16.pdb
2824	afm_dropout_full_woTemplates_model_5_multimer_v1_pred_17.pdb
2825	afm_dropout_full_woTemplates_model_5_multimer_v1_pred_18.pdb
2826	afm_dropout_full_woTemplates_model_5_multimer_v1_pred_19.pdb
2827	afm_dropout_full_woTemplates_model_5_multimer_v1_pred_2.pdb
2828	afm_dropout_full_woTemplates_model_5_multimer_v1_pred_20.pdb
2829	afm_dropout_full_woTemplates_model_5_multimer_v1_pred_21.pdb
2830	afm_dropout_full_woTemplates_model_5_multimer_v1_pred_22.pdb
2831	afm_dropout_full_woTemplates_model_5_multimer_v1_pred_23.pdb
2832	afm_dropout_full_woTemplates_model_5_multimer_v1_pred_24.pdb
2833	afm_dropout_full_woTemplates_model_5_multimer_v1_pred_25.pdb
2834	afm_dropout_full_woTemplates_model_5_multimer_v1_pred_26.pdb
2835	afm_dropout_full_woTemplates_model_5_multimer_v1_pred_27.pdb
2836	afm_dropout_full_woTemplates_model_5_multimer_v1_pred_28.pdb
2837	afm_dropout_full_woTemplates_model_5_multimer_v1_pred_29.pdb
2838	afm_dropout_full_woTemplates_model_5_multimer_v1_pred_3.pdb
2839	afm_dropout_full_woTemplates_model_5_multimer_v1_pred_30.pdb
2840	afm_dropout_full_woTemplates_model_5_multimer_v1_pred_31.pdb
2841	afm_dropout_full_woTemplates_model_5_multimer_v1_pred_32.pdb
2842	afm_dropout_full_woTemplates_model_5_multimer_v1_pred_33.pdb
2843	afm_dropout_full_woTemplates_model_5_multimer_v1_pred_34.pdb
2844	afm_dropout_full_woTemplates_model_5_multimer_v1_pred_35.pdb
2845	afm_dropout_full_woTemplates_model_5_multimer_v1_pred_36.pdb
2846	afm_dropout_full_woTemplates_model_5_multimer_v1_pred_37.pdb
2847	afm_dropout_full_woTemplates_model_5_multimer_v1_pred_38.pdb
2848	afm_dropout_full_woTemplates_model_5_multimer_v1_pred_39.pdb
2849	afm_dropout_full_woTemplates_model_5_multimer_v1_pred_4.pdb
2850	afm_dropout_full_woTemplates_model_5_multimer_v1_pred_40.pdb
2851	afm_dropout_full_woTemplates_model_5_multimer_v1_pred_41.pdb
2852	afm_dropout_full_woTemplates_model_5_multimer_v1_pred_42.pdb
2853	afm_dropout_full_woTemplates_model_5_multimer_v1_pred_43.pdb
2854	afm_dropout_full_woTemplates_model_5_multimer_v1_pred_44.pdb
2855	afm_dropout_full_woTemplates_model_5_multimer_v1_pred_45.pdb
2856	afm_dropout_full_woTemplates_model_5_multimer_v1_pred_46.pdb
2857	afm_dropout_full_woTemplates_model_5_multimer_v1_pred_47.pdb
2858	afm_dropout_full_woTemplates_model_5_multimer_v1_pred_48.pdb
2859	afm_dropout_full_woTemplates_model_5_multimer_v1_pred_49.pdb
2860	afm_dropout_full_woTemplates_model_5_multimer_v1_pred_5.pdb
2861	afm_dropout_full_woTemplates_model_5_multimer_v1_pred_50.pdb
2862	afm_dropout_full_woTemplates_model_5_multimer_v1_pred_51.pdb
2863	afm_dropout_full_woTemplates_model_5_multimer_v1_pred_52.pdb
2864	afm_dropout_full_woTemplates_model_5_multimer_v1_pred_53.pdb
2865	afm_dropout_full_woTemplates_model_5_multimer_v1_pred_54.pdb
2866	afm_dropout_full_woTemplates_model_5_multimer_v1_pred_55.pdb
2867	afm_dropout_full_woTemplates_model_5_multimer_v1_pred_56.pdb
2868	afm_dropout_full_woTemplates_model_5_multimer_v1_pred_57.pdb
2869	afm_dropout_full_woTemplates_model_5_multimer_v1_pred_58.pdb
2870	afm_dropout_full_woTemplates_model_5_multimer_v1_pred_59.pdb
2871	afm_dropout_full_woTemplates_model_5_multimer_v1_pred_6.pdb
2872	afm_dropout_full_woTemplates_model_5_multimer_v1_pred_60.pdb
2873	afm_dropout_full_woTemplates_model_5_multimer_v1_pred_61.pdb
2874	afm_dropout_full_woTemplates_model_5_multimer_v1_pred_62.pdb
2875	afm_dropout_full_woTemplates_model_5_multimer_v1_pred_63.pdb
2876	afm_dropout_full_woTemplates_model_5_multimer_v1_pred_64.pdb
2877	afm_dropout_full_woTemplates_model_5_multimer_v1_pred_65.pdb
2878	afm_dropout_full_woTemplates_model_5_multimer_v1_pred_66.pdb
2879	afm_dropout_full_woTemplates_model_5_multimer_v1_pred_7.pdb
2880	afm_dropout_full_woTemplates_model_5_multimer_v1_pred_8.pdb
2881	afm_dropout_full_woTemplates_model_5_multimer_v1_pred_9.pdb
2882	afm_dropout_full_woTemplates_model_5_multimer_v2_pred_0.pdb
2883	afm_dropout_full_woTemplates_model_5_multimer_v2_pred_1.pdb
2884	afm_dropout_full_woTemplates_model_5_multimer_v2_pred_10.pdb
2885	afm_dropout_full_woTemplates_model_5_multimer_v2_pred_11.pdb
2886	afm_dropout_full_woTemplates_model_5_multimer_v2_pred_12.pdb
2887	afm_dropout_full_woTemplates_model_5_multimer_v2_pred_13.pdb
2888	afm_dropout_full_woTemplates_model_5_multimer_v2_pred_14.pdb
2889	afm_dropout_full_woTemplates_model_5_multimer_v2_pred_15.pdb
2890	afm_dropout_full_woTemplates_model_5_multimer_v2_pred_16.pdb
2891	afm_dropout_full_woTemplates_model_5_multimer_v2_pred_17.pdb
2892	afm_dropout_full_woTemplates_model_5_multimer_v2_pred_18.pdb
2893	afm_dropout_full_woTemplates_model_5_multimer_v2_pred_19.pdb
2894	afm_dropout_full_woTemplates_model_5_multimer_v2_pred_2.pdb
2895	afm_dropout_full_woTemplates_model_5_multimer_v2_pred_20.pdb
2896	afm_dropout_full_woTemplates_model_5_multimer_v2_pred_21.pdb
2897	afm_dropout_full_woTemplates_model_5_multimer_v2_pred_22.pdb
2898	afm_dropout_full_woTemplates_model_5_multimer_v2_pred_23.pdb
2899	afm_dropout_full_woTemplates_model_5_multimer_v2_pred_24.pdb
2900	afm_dropout_full_woTemplates_model_5_multimer_v2_pred_25.pdb
2901	afm_dropout_full_woTemplates_model_5_multimer_v2_pred_26.pdb
2902	afm_dropout_full_woTemplates_model_5_multimer_v2_pred_27.pdb
2903	afm_dropout_full_woTemplates_model_5_multimer_v2_pred_28.pdb
2904	afm_dropout_full_woTemplates_model_5_multimer_v2_pred_29.pdb
2905	afm_dropout_full_woTemplates_model_5_multimer_v2_pred_3.pdb
2906	afm_dropout_full_woTemplates_model_5_multimer_v2_pred_30.pdb
2907	afm_dropout_full_woTemplates_model_5_multimer_v2_pred_31.pdb
2908	afm_dropout_full_woTemplates_model_5_multimer_v2_pred_32.pdb
2909	afm_dropout_full_woTemplates_model_5_multimer_v2_pred_33.pdb
2910	afm_dropout_full_woTemplates_model_5_multimer_v2_pred_34.pdb
2911	afm_dropout_full_woTemplates_model_5_multimer_v2_pred_35.pdb
2912	afm_dropout_full_woTemplates_model_5_multimer_v2_pred_36.pdb
2913	afm_dropout_full_woTemplates_model_5_multimer_v2_pred_37.pdb
2914	afm_dropout_full_woTemplates_model_5_multimer_v2_pred_38.pdb
2915	afm_dropout_full_woTemplates_model_5_multimer_v2_pred_39.pdb
2916	afm_dropout_full_woTemplates_model_5_multimer_v2_pred_4.pdb
2917	afm_dropout_full_woTemplates_model_5_multimer_v2_pred_40.pdb
2918	afm_dropout_full_woTemplates_model_5_multimer_v2_pred_41.pdb
2919	afm_dropout_full_woTemplates_model_5_multimer_v2_pred_42.pdb
2920	afm_dropout_full_woTemplates_model_5_multimer_v2_pred_43.pdb
2921	afm_dropout_full_woTemplates_model_5_multimer_v2_pred_44.pdb
2922	afm_dropout_full_woTemplates_model_5_multimer_v2_pred_45.pdb
2923	afm_dropout_full_woTemplates_model_5_multimer_v2_pred_46.pdb
2924	afm_dropout_full_woTemplates_model_5_multimer_v2_pred_47.pdb
2925	afm_dropout_full_woTemplates_model_5_multimer_v2_pred_48.pdb
2926	afm_dropout_full_woTemplates_model_5_multimer_v2_pred_49.pdb
2927	afm_dropout_full_woTemplates_model_5_multimer_v2_pred_5.pdb
2928	afm_dropout_full_woTemplates_model_5_multimer_v2_pred_50.pdb
2929	afm_dropout_full_woTemplates_model_5_multimer_v2_pred_51.pdb
2930	afm_dropout_full_woTemplates_model_5_multimer_v2_pred_52.pdb
2931	afm_dropout_full_woTemplates_model_5_multimer_v2_pred_53.pdb
2932	afm_dropout_full_woTemplates_model_5_multimer_v2_pred_54.pdb
2933	afm_dropout_full_woTemplates_model_5_multimer_v2_pred_55.pdb
2934	afm_dropout_full_woTemplates_model_5_multimer_v2_pred_56.pdb
2935	afm_dropout_full_woTemplates_model_5_multimer_v2_pred_57.pdb
2936	afm_dropout_full_woTemplates_model_5_multimer_v2_pred_58.pdb
2937	afm_dropout_full_woTemplates_model_5_multimer_v2_pred_59.pdb
2938	afm_dropout_full_woTemplates_model_5_multimer_v2_pred_6.pdb
2939	afm_dropout_full_woTemplates_model_5_multimer_v2_pred_60.pdb
2940	afm_dropout_full_woTemplates_model_5_multimer_v2_pred_61.pdb
2941	afm_dropout_full_woTemplates_model_5_multimer_v2_pred_62.pdb
2942	afm_dropout_full_woTemplates_model_5_multimer_v2_pred_63.pdb
2943	afm_dropout_full_woTemplates_model_5_multimer_v2_pred_64.pdb
2944	afm_dropout_full_woTemplates_model_5_multimer_v2_pred_65.pdb
2945	afm_dropout_full_woTemplates_model_5_multimer_v2_pred_66.pdb
2946	afm_dropout_full_woTemplates_model_5_multimer_v2_pred_7.pdb
2947	afm_dropout_full_woTemplates_model_5_multimer_v2_pred_8.pdb
2948	afm_dropout_full_woTemplates_model_5_multimer_v2_pred_9.pdb
2949	afm_dropout_full_woTemplates_model_5_multimer_v3_pred_0.pdb
2950	afm_dropout_full_woTemplates_model_5_multimer_v3_pred_1.pdb
2951	afm_dropout_full_woTemplates_model_5_multimer_v3_pred_10.pdb
2952	afm_dropout_full_woTemplates_model_5_multimer_v3_pred_11.pdb
2953	afm_dropout_full_woTemplates_model_5_multimer_v3_pred_12.pdb
2954	afm_dropout_full_woTemplates_model_5_multimer_v3_pred_13.pdb
2955	afm_dropout_full_woTemplates_model_5_multimer_v3_pred_14.pdb
2956	afm_dropout_full_woTemplates_model_5_multimer_v3_pred_15.pdb
2957	afm_dropout_full_woTemplates_model_5_multimer_v3_pred_16.pdb
2958	afm_dropout_full_woTemplates_model_5_multimer_v3_pred_17.pdb
2959	afm_dropout_full_woTemplates_model_5_multimer_v3_pred_18.pdb
2960	afm_dropout_full_woTemplates_model_5_multimer_v3_pred_19.pdb
2961	afm_dropout_full_woTemplates_model_5_multimer_v3_pred_2.pdb
2962	afm_dropout_full_woTemplates_model_5_multimer_v3_pred_20.pdb
2963	afm_dropout_full_woTemplates_model_5_multimer_v3_pred_21.pdb
2964	afm_dropout_full_woTemplates_model_5_multimer_v3_pred_22.pdb
2965	afm_dropout_full_woTemplates_model_5_multimer_v3_pred_23.pdb
2966	afm_dropout_full_woTemplates_model_5_multimer_v3_pred_24.pdb
2967	afm_dropout_full_woTemplates_model_5_multimer_v3_pred_25.pdb
2968	afm_dropout_full_woTemplates_model_5_multimer_v3_pred_26.pdb
2969	afm_dropout_full_woTemplates_model_5_multimer_v3_pred_27.pdb
2970	afm_dropout_full_woTemplates_model_5_multimer_v3_pred_28.pdb
2971	afm_dropout_full_woTemplates_model_5_multimer_v3_pred_29.pdb
2972	afm_dropout_full_woTemplates_model_5_multimer_v3_pred_3.pdb
2973	afm_dropout_full_woTemplates_model_5_multimer_v3_pred_30.pdb
2974	afm_dropout_full_woTemplates_model_5_multimer_v3_pred_31.pdb
2975	afm_dropout_full_woTemplates_model_5_multimer_v3_pred_32.pdb
2976	afm_dropout_full_woTemplates_model_5_multimer_v3_pred_33.pdb
2977	afm_dropout_full_woTemplates_model_5_multimer_v3_pred_34.pdb
2978	afm_dropout_full_woTemplates_model_5_multimer_v3_pred_35.pdb
2979	afm_dropout_full_woTemplates_model_5_multimer_v3_pred_36.pdb
2980	afm_dropout_full_woTemplates_model_5_multimer_v3_pred_37.pdb
2981	afm_dropout_full_woTemplates_model_5_multimer_v3_pred_38.pdb
2982	afm_dropout_full_woTemplates_model_5_multimer_v3_pred_39.pdb
2983	afm_dropout_full_woTemplates_model_5_multimer_v3_pred_4.pdb
2984	afm_dropout_full_woTemplates_model_5_multimer_v3_pred_40.pdb
2985	afm_dropout_full_woTemplates_model_5_multimer_v3_pred_41.pdb
2986	afm_dropout_full_woTemplates_model_5_multimer_v3_pred_42.pdb
2987	afm_dropout_full_woTemplates_model_5_multimer_v3_pred_43.pdb
2988	afm_dropout_full_woTemplates_model_5_multimer_v3_pred_44.pdb
2989	afm_dropout_full_woTemplates_model_5_multimer_v3_pred_45.pdb
2990	afm_dropout_full_woTemplates_model_5_multimer_v3_pred_46.pdb
2991	afm_dropout_full_woTemplates_model_5_multimer_v3_pred_47.pdb
2992	afm_dropout_full_woTemplates_model_5_multimer_v3_pred_48.pdb
2993	afm_dropout_full_woTemplates_model_5_multimer_v3_pred_49.pdb
2994	afm_dropout_full_woTemplates_model_5_multimer_v3_pred_5.pdb
2995	afm_dropout_full_woTemplates_model_5_multimer_v3_pred_50.pdb
2996	afm_dropout_full_woTemplates_model_5_multimer_v3_pred_51.pdb
2997	afm_dropout_full_woTemplates_model_5_multimer_v3_pred_52.pdb
2998	afm_dropout_full_woTemplates_model_5_multimer_v3_pred_53.pdb
2999	afm_dropout_full_woTemplates_model_5_multimer_v3_pred_54.pdb
3000	afm_dropout_full_woTemplates_model_5_multimer_v3_pred_55.pdb
3001	afm_dropout_full_woTemplates_model_5_multimer_v3_pred_56.pdb
3002	afm_dropout_full_woTemplates_model_5_multimer_v3_pred_57.pdb
3003	afm_dropout_full_woTemplates_model_5_multimer_v3_pred_58.pdb
3004	afm_dropout_full_woTemplates_model_5_multimer_v3_pred_59.pdb
3005	afm_dropout_full_woTemplates_model_5_multimer_v3_pred_6.pdb
3006	afm_dropout_full_woTemplates_model_5_multimer_v3_pred_60.pdb
3007	afm_dropout_full_woTemplates_model_5_multimer_v3_pred_61.pdb
3008	afm_dropout_full_woTemplates_model_5_multimer_v3_pred_62.pdb
3009	afm_dropout_full_woTemplates_model_5_multimer_v3_pred_63.pdb
3010	afm_dropout_full_woTemplates_model_5_multimer_v3_pred_64.pdb
3011	afm_dropout_full_woTemplates_model_5_multimer_v3_pred_65.pdb
3012	afm_dropout_full_woTemplates_model_5_multimer_v3_pred_66.pdb
3013	afm_dropout_full_woTemplates_model_5_multimer_v3_pred_7.pdb
3014	afm_dropout_full_woTemplates_model_5_multimer_v3_pred_8.pdb
3015	afm_dropout_full_woTemplates_model_5_multimer_v3_pred_9.pdb
3016	afm_dropout_full_woTemplates_r3_model_1_multimer_v1_pred_0.pdb
3017	afm_dropout_full_woTemplates_r3_model_1_multimer_v1_pred_1.pdb
3018	afm_dropout_full_woTemplates_r3_model_1_multimer_v1_pred_10.pdb
3019	afm_dropout_full_woTemplates_r3_model_1_multimer_v1_pred_11.pdb
3020	afm_dropout_full_woTemplates_r3_model_1_multimer_v1_pred_12.pdb
3021	afm_dropout_full_woTemplates_r3_model_1_multimer_v1_pred_13.pdb
3022	afm_dropout_full_woTemplates_r3_model_1_multimer_v1_pred_14.pdb
3023	afm_dropout_full_woTemplates_r3_model_1_multimer_v1_pred_15.pdb
3024	afm_dropout_full_woTemplates_r3_model_1_multimer_v1_pred_16.pdb
3025	afm_dropout_full_woTemplates_r3_model_1_multimer_v1_pred_17.pdb
3026	afm_dropout_full_woTemplates_r3_model_1_multimer_v1_pred_18.pdb
3027	afm_dropout_full_woTemplates_r3_model_1_multimer_v1_pred_19.pdb
3028	afm_dropout_full_woTemplates_r3_model_1_multimer_v1_pred_2.pdb
3029	afm_dropout_full_woTemplates_r3_model_1_multimer_v1_pred_20.pdb
3030	afm_dropout_full_woTemplates_r3_model_1_multimer_v1_pred_21.pdb
3031	afm_dropout_full_woTemplates_r3_model_1_multimer_v1_pred_22.pdb
3032	afm_dropout_full_woTemplates_r3_model_1_multimer_v1_pred_23.pdb
3033	afm_dropout_full_woTemplates_r3_model_1_multimer_v1_pred_24.pdb
3034	afm_dropout_full_woTemplates_r3_model_1_multimer_v1_pred_25.pdb
3035	afm_dropout_full_woTemplates_r3_model_1_multimer_v1_pred_26.pdb
3036	afm_dropout_full_woTemplates_r3_model_1_multimer_v1_pred_27.pdb
3037	afm_dropout_full_woTemplates_r3_model_1_multimer_v1_pred_28.pdb
3038	afm_dropout_full_woTemplates_r3_model_1_multimer_v1_pred_29.pdb
3039	afm_dropout_full_woTemplates_r3_model_1_multimer_v1_pred_3.pdb
3040	afm_dropout_full_woTemplates_r3_model_1_multimer_v1_pred_30.pdb
3041	afm_dropout_full_woTemplates_r3_model_1_multimer_v1_pred_31.pdb
3042	afm_dropout_full_woTemplates_r3_model_1_multimer_v1_pred_32.pdb
3043	afm_dropout_full_woTemplates_r3_model_1_multimer_v1_pred_33.pdb
3044	afm_dropout_full_woTemplates_r3_model_1_multimer_v1_pred_34.pdb
3045	afm_dropout_full_woTemplates_r3_model_1_multimer_v1_pred_35.pdb
3046	afm_dropout_full_woTemplates_r3_model_1_multimer_v1_pred_36.pdb
3047	afm_dropout_full_woTemplates_r3_model_1_multimer_v1_pred_37.pdb
3048	afm_dropout_full_woTemplates_r3_model_1_multimer_v1_pred_38.pdb
3049	afm_dropout_full_woTemplates_r3_model_1_multimer_v1_pred_39.pdb
3050	afm_dropout_full_woTemplates_r3_model_1_multimer_v1_pred_4.pdb
3051	afm_dropout_full_woTemplates_r3_model_1_multimer_v1_pred_40.pdb
3052	afm_dropout_full_woTemplates_r3_model_1_multimer_v1_pred_41.pdb
3053	afm_dropout_full_woTemplates_r3_model_1_multimer_v1_pred_42.pdb
3054	afm_dropout_full_woTemplates_r3_model_1_multimer_v1_pred_43.pdb
3055	afm_dropout_full_woTemplates_r3_model_1_multimer_v1_pred_44.pdb
3056	afm_dropout_full_woTemplates_r3_model_1_multimer_v1_pred_45.pdb
3057	afm_dropout_full_woTemplates_r3_model_1_multimer_v1_pred_46.pdb
3058	afm_dropout_full_woTemplates_r3_model_1_multimer_v1_pred_47.pdb
3059	afm_dropout_full_woTemplates_r3_model_1_multimer_v1_pred_48.pdb
3060	afm_dropout_full_woTemplates_r3_model_1_multimer_v1_pred_49.pdb
3061	afm_dropout_full_woTemplates_r3_model_1_multimer_v1_pred_5.pdb
3062	afm_dropout_full_woTemplates_r3_model_1_multimer_v1_pred_50.pdb
3063	afm_dropout_full_woTemplates_r3_model_1_multimer_v1_pred_51.pdb
3064	afm_dropout_full_woTemplates_r3_model_1_multimer_v1_pred_52.pdb
3065	afm_dropout_full_woTemplates_r3_model_1_multimer_v1_pred_53.pdb
3066	afm_dropout_full_woTemplates_r3_model_1_multimer_v1_pred_54.pdb
3067	afm_dropout_full_woTemplates_r3_model_1_multimer_v1_pred_55.pdb
3068	afm_dropout_full_woTemplates_r3_model_1_multimer_v1_pred_56.pdb
3069	afm_dropout_full_woTemplates_r3_model_1_multimer_v1_pred_57.pdb
3070	afm_dropout_full_woTemplates_r3_model_1_multimer_v1_pred_58.pdb
3071	afm_dropout_full_woTemplates_r3_model_1_multimer_v1_pred_59.pdb
3072	afm_dropout_full_woTemplates_r3_model_1_multimer_v1_pred_6.pdb
3073	afm_dropout_full_woTemplates_r3_model_1_multimer_v1_pred_60.pdb
3074	afm_dropout_full_woTemplates_r3_model_1_multimer_v1_pred_61.pdb
3075	afm_dropout_full_woTemplates_r3_model_1_multimer_v1_pred_62.pdb
3076	afm_dropout_full_woTemplates_r3_model_1_multimer_v1_pred_63.pdb
3077	afm_dropout_full_woTemplates_r3_model_1_multimer_v1_pred_64.pdb
3078	afm_dropout_full_woTemplates_r3_model_1_multimer_v1_pred_65.pdb
3079	afm_dropout_full_woTemplates_r3_model_1_multimer_v1_pred_66.pdb
3080	afm_dropout_full_woTemplates_r3_model_1_multimer_v1_pred_7.pdb
3081	afm_dropout_full_woTemplates_r3_model_1_multimer_v1_pred_8.pdb
3082	afm_dropout_full_woTemplates_r3_model_1_multimer_v1_pred_9.pdb
3083	afm_dropout_full_woTemplates_r3_model_1_multimer_v2_pred_0.pdb
3084	afm_dropout_full_woTemplates_r3_model_1_multimer_v2_pred_1.pdb
3085	afm_dropout_full_woTemplates_r3_model_1_multimer_v2_pred_10.pdb
3086	afm_dropout_full_woTemplates_r3_model_1_multimer_v2_pred_11.pdb
3087	afm_dropout_full_woTemplates_r3_model_1_multimer_v2_pred_12.pdb
3088	afm_dropout_full_woTemplates_r3_model_1_multimer_v2_pred_13.pdb
3089	afm_dropout_full_woTemplates_r3_model_1_multimer_v2_pred_14.pdb
3090	afm_dropout_full_woTemplates_r3_model_1_multimer_v2_pred_15.pdb
3091	afm_dropout_full_woTemplates_r3_model_1_multimer_v2_pred_16.pdb
3092	afm_dropout_full_woTemplates_r3_model_1_multimer_v2_pred_17.pdb
3093	afm_dropout_full_woTemplates_r3_model_1_multimer_v2_pred_18.pdb
3094	afm_dropout_full_woTemplates_r3_model_1_multimer_v2_pred_19.pdb
3095	afm_dropout_full_woTemplates_r3_model_1_multimer_v2_pred_2.pdb
3096	afm_dropout_full_woTemplates_r3_model_1_multimer_v2_pred_20.pdb
3097	afm_dropout_full_woTemplates_r3_model_1_multimer_v2_pred_21.pdb
3098	afm_dropout_full_woTemplates_r3_model_1_multimer_v2_pred_22.pdb
3099	afm_dropout_full_woTemplates_r3_model_1_multimer_v2_pred_23.pdb
3100	afm_dropout_full_woTemplates_r3_model_1_multimer_v2_pred_24.pdb
3101	afm_dropout_full_woTemplates_r3_model_1_multimer_v2_pred_25.pdb
3102	afm_dropout_full_woTemplates_r3_model_1_multimer_v2_pred_26.pdb
3103	afm_dropout_full_woTemplates_r3_model_1_multimer_v2_pred_27.pdb
3104	afm_dropout_full_woTemplates_r3_model_1_multimer_v2_pred_28.pdb
3105	afm_dropout_full_woTemplates_r3_model_1_multimer_v2_pred_29.pdb
3106	afm_dropout_full_woTemplates_r3_model_1_multimer_v2_pred_3.pdb
3107	afm_dropout_full_woTemplates_r3_model_1_multimer_v2_pred_30.pdb
3108	afm_dropout_full_woTemplates_r3_model_1_multimer_v2_pred_31.pdb
3109	afm_dropout_full_woTemplates_r3_model_1_multimer_v2_pred_32.pdb
3110	afm_dropout_full_woTemplates_r3_model_1_multimer_v2_pred_33.pdb
3111	afm_dropout_full_woTemplates_r3_model_1_multimer_v2_pred_34.pdb
3112	afm_dropout_full_woTemplates_r3_model_1_multimer_v2_pred_35.pdb
3113	afm_dropout_full_woTemplates_r3_model_1_multimer_v2_pred_36.pdb
3114	afm_dropout_full_woTemplates_r3_model_1_multimer_v2_pred_37.pdb
3115	afm_dropout_full_woTemplates_r3_model_1_multimer_v2_pred_38.pdb
3116	afm_dropout_full_woTemplates_r3_model_1_multimer_v2_pred_39.pdb
3117	afm_dropout_full_woTemplates_r3_model_1_multimer_v2_pred_4.pdb
3118	afm_dropout_full_woTemplates_r3_model_1_multimer_v2_pred_40.pdb
3119	afm_dropout_full_woTemplates_r3_model_1_multimer_v2_pred_41.pdb
3120	afm_dropout_full_woTemplates_r3_model_1_multimer_v2_pred_42.pdb
3121	afm_dropout_full_woTemplates_r3_model_1_multimer_v2_pred_43.pdb
3122	afm_dropout_full_woTemplates_r3_model_1_multimer_v2_pred_44.pdb
3123	afm_dropout_full_woTemplates_r3_model_1_multimer_v2_pred_45.pdb
3124	afm_dropout_full_woTemplates_r3_model_1_multimer_v2_pred_46.pdb
3125	afm_dropout_full_woTemplates_r3_model_1_multimer_v2_pred_47.pdb
3126	afm_dropout_full_woTemplates_r3_model_1_multimer_v2_pred_48.pdb
3127	afm_dropout_full_woTemplates_r3_model_1_multimer_v2_pred_49.pdb
3128	afm_dropout_full_woTemplates_r3_model_1_multimer_v2_pred_5.pdb
3129	afm_dropout_full_woTemplates_r3_model_1_multimer_v2_pred_50.pdb
3130	afm_dropout_full_woTemplates_r3_model_1_multimer_v2_pred_51.pdb
3131	afm_dropout_full_woTemplates_r3_model_1_multimer_v2_pred_52.pdb
3132	afm_dropout_full_woTemplates_r3_model_1_multimer_v2_pred_53.pdb
3133	afm_dropout_full_woTemplates_r3_model_1_multimer_v2_pred_54.pdb
3134	afm_dropout_full_woTemplates_r3_model_1_multimer_v2_pred_55.pdb
3135	afm_dropout_full_woTemplates_r3_model_1_multimer_v2_pred_56.pdb
3136	afm_dropout_full_woTemplates_r3_model_1_multimer_v2_pred_57.pdb
3137	afm_dropout_full_woTemplates_r3_model_1_multimer_v2_pred_58.pdb
3138	afm_dropout_full_woTemplates_r3_model_1_multimer_v2_pred_59.pdb
3139	afm_dropout_full_woTemplates_r3_model_1_multimer_v2_pred_6.pdb
3140	afm_dropout_full_woTemplates_r3_model_1_multimer_v2_pred_60.pdb
3141	afm_dropout_full_woTemplates_r3_model_1_multimer_v2_pred_61.pdb
3142	afm_dropout_full_woTemplates_r3_model_1_multimer_v2_pred_62.pdb
3143	afm_dropout_full_woTemplates_r3_model_1_multimer_v2_pred_63.pdb
3144	afm_dropout_full_woTemplates_r3_model_1_multimer_v2_pred_64.pdb
3145	afm_dropout_full_woTemplates_r3_model_1_multimer_v2_pred_65.pdb
3146	afm_dropout_full_woTemplates_r3_model_1_multimer_v2_pred_66.pdb
3147	afm_dropout_full_woTemplates_r3_model_1_multimer_v2_pred_7.pdb
3148	afm_dropout_full_woTemplates_r3_model_1_multimer_v2_pred_8.pdb
3149	afm_dropout_full_woTemplates_r3_model_1_multimer_v2_pred_9.pdb
3150	afm_dropout_full_woTemplates_r3_model_1_multimer_v3_pred_0.pdb
3151	afm_dropout_full_woTemplates_r3_model_1_multimer_v3_pred_1.pdb
3152	afm_dropout_full_woTemplates_r3_model_1_multimer_v3_pred_10.pdb
3153	afm_dropout_full_woTemplates_r3_model_1_multimer_v3_pred_11.pdb
3154	afm_dropout_full_woTemplates_r3_model_1_multimer_v3_pred_12.pdb
3155	afm_dropout_full_woTemplates_r3_model_1_multimer_v3_pred_13.pdb
3156	afm_dropout_full_woTemplates_r3_model_1_multimer_v3_pred_14.pdb
3157	afm_dropout_full_woTemplates_r3_model_1_multimer_v3_pred_15.pdb
3158	afm_dropout_full_woTemplates_r3_model_1_multimer_v3_pred_16.pdb
3159	afm_dropout_full_woTemplates_r3_model_1_multimer_v3_pred_17.pdb
3160	afm_dropout_full_woTemplates_r3_model_1_multimer_v3_pred_18.pdb
3161	afm_dropout_full_woTemplates_r3_model_1_multimer_v3_pred_19.pdb
3162	afm_dropout_full_woTemplates_r3_model_1_multimer_v3_pred_2.pdb
3163	afm_dropout_full_woTemplates_r3_model_1_multimer_v3_pred_20.pdb
3164	afm_dropout_full_woTemplates_r3_model_1_multimer_v3_pred_21.pdb
3165	afm_dropout_full_woTemplates_r3_model_1_multimer_v3_pred_22.pdb
3166	afm_dropout_full_woTemplates_r3_model_1_multimer_v3_pred_23.pdb
3167	afm_dropout_full_woTemplates_r3_model_1_multimer_v3_pred_24.pdb
3168	afm_dropout_full_woTemplates_r3_model_1_multimer_v3_pred_25.pdb
3169	afm_dropout_full_woTemplates_r3_model_1_multimer_v3_pred_26.pdb
3170	afm_dropout_full_woTemplates_r3_model_1_multimer_v3_pred_27.pdb
3171	afm_dropout_full_woTemplates_r3_model_1_multimer_v3_pred_28.pdb
3172	afm_dropout_full_woTemplates_r3_model_1_multimer_v3_pred_29.pdb
3173	afm_dropout_full_woTemplates_r3_model_1_multimer_v3_pred_3.pdb
3174	afm_dropout_full_woTemplates_r3_model_1_multimer_v3_pred_30.pdb
3175	afm_dropout_full_woTemplates_r3_model_1_multimer_v3_pred_31.pdb
3176	afm_dropout_full_woTemplates_r3_model_1_multimer_v3_pred_32.pdb
3177	afm_dropout_full_woTemplates_r3_model_1_multimer_v3_pred_33.pdb
3178	afm_dropout_full_woTemplates_r3_model_1_multimer_v3_pred_34.pdb
3179	afm_dropout_full_woTemplates_r3_model_1_multimer_v3_pred_35.pdb
3180	afm_dropout_full_woTemplates_r3_model_1_multimer_v3_pred_36.pdb
3181	afm_dropout_full_woTemplates_r3_model_1_multimer_v3_pred_37.pdb
3182	afm_dropout_full_woTemplates_r3_model_1_multimer_v3_pred_38.pdb
3183	afm_dropout_full_woTemplates_r3_model_1_multimer_v3_pred_39.pdb
3184	afm_dropout_full_woTemplates_r3_model_1_multimer_v3_pred_4.pdb
3185	afm_dropout_full_woTemplates_r3_model_1_multimer_v3_pred_40.pdb
3186	afm_dropout_full_woTemplates_r3_model_1_multimer_v3_pred_41.pdb
3187	afm_dropout_full_woTemplates_r3_model_1_multimer_v3_pred_42.pdb
3188	afm_dropout_full_woTemplates_r3_model_1_multimer_v3_pred_43.pdb
3189	afm_dropout_full_woTemplates_r3_model_1_multimer_v3_pred_44.pdb
3190	afm_dropout_full_woTemplates_r3_model_1_multimer_v3_pred_45.pdb
3191	afm_dropout_full_woTemplates_r3_model_1_multimer_v3_pred_46.pdb
3192	afm_dropout_full_woTemplates_r3_model_1_multimer_v3_pred_47.pdb
3193	afm_dropout_full_woTemplates_r3_model_1_multimer_v3_pred_48.pdb
3194	afm_dropout_full_woTemplates_r3_model_1_multimer_v3_pred_49.pdb
3195	afm_dropout_full_woTemplates_r3_model_1_multimer_v3_pred_5.pdb
3196	afm_dropout_full_woTemplates_r3_model_1_multimer_v3_pred_50.pdb
3197	afm_dropout_full_woTemplates_r3_model_1_multimer_v3_pred_51.pdb
3198	afm_dropout_full_woTemplates_r3_model_1_multimer_v3_pred_52.pdb
3199	afm_dropout_full_woTemplates_r3_model_1_multimer_v3_pred_53.pdb
3200	afm_dropout_full_woTemplates_r3_model_1_multimer_v3_pred_54.pdb
3201	afm_dropout_full_woTemplates_r3_model_1_multimer_v3_pred_55.pdb
3202	afm_dropout_full_woTemplates_r3_model_1_multimer_v3_pred_56.pdb
3203	afm_dropout_full_woTemplates_r3_model_1_multimer_v3_pred_57.pdb
3204	afm_dropout_full_woTemplates_r3_model_1_multimer_v3_pred_58.pdb
3205	afm_dropout_full_woTemplates_r3_model_1_multimer_v3_pred_59.pdb
3206	afm_dropout_full_woTemplates_r3_model_1_multimer_v3_pred_6.pdb
3207	afm_dropout_full_woTemplates_r3_model_1_multimer_v3_pred_60.pdb
3208	afm_dropout_full_woTemplates_r3_model_1_multimer_v3_pred_61.pdb
3209	afm_dropout_full_woTemplates_r3_model_1_multimer_v3_pred_62.pdb
3210	afm_dropout_full_woTemplates_r3_model_1_multimer_v3_pred_63.pdb
3211	afm_dropout_full_woTemplates_r3_model_1_multimer_v3_pred_64.pdb
3212	afm_dropout_full_woTemplates_r3_model_1_multimer_v3_pred_65.pdb
3213	afm_dropout_full_woTemplates_r3_model_1_multimer_v3_pred_66.pdb
3214	afm_dropout_full_woTemplates_r3_model_1_multimer_v3_pred_7.pdb
3215	afm_dropout_full_woTemplates_r3_model_1_multimer_v3_pred_8.pdb
3216	afm_dropout_full_woTemplates_r3_model_1_multimer_v3_pred_9.pdb
3217	afm_dropout_full_woTemplates_r3_model_2_multimer_v1_pred_0.pdb
3218	afm_dropout_full_woTemplates_r3_model_2_multimer_v1_pred_1.pdb
3219	afm_dropout_full_woTemplates_r3_model_2_multimer_v1_pred_10.pdb
3220	afm_dropout_full_woTemplates_r3_model_2_multimer_v1_pred_11.pdb
3221	afm_dropout_full_woTemplates_r3_model_2_multimer_v1_pred_12.pdb
3222	afm_dropout_full_woTemplates_r3_model_2_multimer_v1_pred_13.pdb
3223	afm_dropout_full_woTemplates_r3_model_2_multimer_v1_pred_14.pdb
3224	afm_dropout_full_woTemplates_r3_model_2_multimer_v1_pred_15.pdb
3225	afm_dropout_full_woTemplates_r3_model_2_multimer_v1_pred_16.pdb
3226	afm_dropout_full_woTemplates_r3_model_2_multimer_v1_pred_17.pdb
3227	afm_dropout_full_woTemplates_r3_model_2_multimer_v1_pred_18.pdb
3228	afm_dropout_full_woTemplates_r3_model_2_multimer_v1_pred_19.pdb
3229	afm_dropout_full_woTemplates_r3_model_2_multimer_v1_pred_2.pdb
3230	afm_dropout_full_woTemplates_r3_model_2_multimer_v1_pred_20.pdb
3231	afm_dropout_full_woTemplates_r3_model_2_multimer_v1_pred_21.pdb
3232	afm_dropout_full_woTemplates_r3_model_2_multimer_v1_pred_22.pdb
3233	afm_dropout_full_woTemplates_r3_model_2_multimer_v1_pred_23.pdb
3234	afm_dropout_full_woTemplates_r3_model_2_multimer_v1_pred_24.pdb
3235	afm_dropout_full_woTemplates_r3_model_2_multimer_v1_pred_25.pdb
3236	afm_dropout_full_woTemplates_r3_model_2_multimer_v1_pred_26.pdb
3237	afm_dropout_full_woTemplates_r3_model_2_multimer_v1_pred_27.pdb
3238	afm_dropout_full_woTemplates_r3_model_2_multimer_v1_pred_28.pdb
3239	afm_dropout_full_woTemplates_r3_model_2_multimer_v1_pred_29.pdb
3240	afm_dropout_full_woTemplates_r3_model_2_multimer_v1_pred_3.pdb
3241	afm_dropout_full_woTemplates_r3_model_2_multimer_v1_pred_30.pdb
3242	afm_dropout_full_woTemplates_r3_model_2_multimer_v1_pred_31.pdb
3243	afm_dropout_full_woTemplates_r3_model_2_multimer_v1_pred_32.pdb
3244	afm_dropout_full_woTemplates_r3_model_2_multimer_v1_pred_33.pdb
3245	afm_dropout_full_woTemplates_r3_model_2_multimer_v1_pred_34.pdb
3246	afm_dropout_full_woTemplates_r3_model_2_multimer_v1_pred_35.pdb
3247	afm_dropout_full_woTemplates_r3_model_2_multimer_v1_pred_36.pdb
3248	afm_dropout_full_woTemplates_r3_model_2_multimer_v1_pred_37.pdb
3249	afm_dropout_full_woTemplates_r3_model_2_multimer_v1_pred_38.pdb
3250	afm_dropout_full_woTemplates_r3_model_2_multimer_v1_pred_39.pdb
3251	afm_dropout_full_woTemplates_r3_model_2_multimer_v1_pred_4.pdb
3252	afm_dropout_full_woTemplates_r3_model_2_multimer_v1_pred_40.pdb
3253	afm_dropout_full_woTemplates_r3_model_2_multimer_v1_pred_41.pdb
3254	afm_dropout_full_woTemplates_r3_model_2_multimer_v1_pred_42.pdb
3255	afm_dropout_full_woTemplates_r3_model_2_multimer_v1_pred_43.pdb
3256	afm_dropout_full_woTemplates_r3_model_2_multimer_v1_pred_44.pdb
3257	afm_dropout_full_woTemplates_r3_model_2_multimer_v1_pred_45.pdb
3258	afm_dropout_full_woTemplates_r3_model_2_multimer_v1_pred_46.pdb
3259	afm_dropout_full_woTemplates_r3_model_2_multimer_v1_pred_47.pdb
3260	afm_dropout_full_woTemplates_r3_model_2_multimer_v1_pred_48.pdb
3261	afm_dropout_full_woTemplates_r3_model_2_multimer_v1_pred_49.pdb
3262	afm_dropout_full_woTemplates_r3_model_2_multimer_v1_pred_5.pdb
3263	afm_dropout_full_woTemplates_r3_model_2_multimer_v1_pred_50.pdb
3264	afm_dropout_full_woTemplates_r3_model_2_multimer_v1_pred_51.pdb
3265	afm_dropout_full_woTemplates_r3_model_2_multimer_v1_pred_52.pdb
3266	afm_dropout_full_woTemplates_r3_model_2_multimer_v1_pred_53.pdb
3267	afm_dropout_full_woTemplates_r3_model_2_multimer_v1_pred_54.pdb
3268	afm_dropout_full_woTemplates_r3_model_2_multimer_v1_pred_55.pdb
3269	afm_dropout_full_woTemplates_r3_model_2_multimer_v1_pred_56.pdb
3270	afm_dropout_full_woTemplates_r3_model_2_multimer_v1_pred_57.pdb
3271	afm_dropout_full_woTemplates_r3_model_2_multimer_v1_pred_58.pdb
3272	afm_dropout_full_woTemplates_r3_model_2_multimer_v1_pred_59.pdb
3273	afm_dropout_full_woTemplates_r3_model_2_multimer_v1_pred_6.pdb
3274	afm_dropout_full_woTemplates_r3_model_2_multimer_v1_pred_60.pdb
3275	afm_dropout_full_woTemplates_r3_model_2_multimer_v1_pred_61.pdb
3276	afm_dropout_full_woTemplates_r3_model_2_multimer_v1_pred_62.pdb
3277	afm_dropout_full_woTemplates_r3_model_2_multimer_v1_pred_63.pdb
3278	afm_dropout_full_woTemplates_r3_model_2_multimer_v1_pred_64.pdb
3279	afm_dropout_full_woTemplates_r3_model_2_multimer_v1_pred_65.pdb
3280	afm_dropout_full_woTemplates_r3_model_2_multimer_v1_pred_66.pdb
3281	afm_dropout_full_woTemplates_r3_model_2_multimer_v1_pred_7.pdb
3282	afm_dropout_full_woTemplates_r3_model_2_multimer_v1_pred_8.pdb
3283	afm_dropout_full_woTemplates_r3_model_2_multimer_v1_pred_9.pdb
3284	afm_dropout_full_woTemplates_r3_model_2_multimer_v2_pred_0.pdb
3285	afm_dropout_full_woTemplates_r3_model_2_multimer_v2_pred_1.pdb
3286	afm_dropout_full_woTemplates_r3_model_2_multimer_v2_pred_10.pdb
3287	afm_dropout_full_woTemplates_r3_model_2_multimer_v2_pred_11.pdb
3288	afm_dropout_full_woTemplates_r3_model_2_multimer_v2_pred_12.pdb
3289	afm_dropout_full_woTemplates_r3_model_2_multimer_v2_pred_13.pdb
3290	afm_dropout_full_woTemplates_r3_model_2_multimer_v2_pred_14.pdb
3291	afm_dropout_full_woTemplates_r3_model_2_multimer_v2_pred_15.pdb
3292	afm_dropout_full_woTemplates_r3_model_2_multimer_v2_pred_16.pdb
3293	afm_dropout_full_woTemplates_r3_model_2_multimer_v2_pred_17.pdb
3294	afm_dropout_full_woTemplates_r3_model_2_multimer_v2_pred_18.pdb
3295	afm_dropout_full_woTemplates_r3_model_2_multimer_v2_pred_19.pdb
3296	afm_dropout_full_woTemplates_r3_model_2_multimer_v2_pred_2.pdb
3297	afm_dropout_full_woTemplates_r3_model_2_multimer_v2_pred_20.pdb
3298	afm_dropout_full_woTemplates_r3_model_2_multimer_v2_pred_21.pdb
3299	afm_dropout_full_woTemplates_r3_model_2_multimer_v2_pred_22.pdb
3300	afm_dropout_full_woTemplates_r3_model_2_multimer_v2_pred_23.pdb
3301	afm_dropout_full_woTemplates_r3_model_2_multimer_v2_pred_24.pdb
3302	afm_dropout_full_woTemplates_r3_model_2_multimer_v2_pred_25.pdb
3303	afm_dropout_full_woTemplates_r3_model_2_multimer_v2_pred_26.pdb
3304	afm_dropout_full_woTemplates_r3_model_2_multimer_v2_pred_27.pdb
3305	afm_dropout_full_woTemplates_r3_model_2_multimer_v2_pred_28.pdb
3306	afm_dropout_full_woTemplates_r3_model_2_multimer_v2_pred_29.pdb
3307	afm_dropout_full_woTemplates_r3_model_2_multimer_v2_pred_3.pdb
3308	afm_dropout_full_woTemplates_r3_model_2_multimer_v2_pred_30.pdb
3309	afm_dropout_full_woTemplates_r3_model_2_multimer_v2_pred_31.pdb
3310	afm_dropout_full_woTemplates_r3_model_2_multimer_v2_pred_32.pdb
3311	afm_dropout_full_woTemplates_r3_model_2_multimer_v2_pred_33.pdb
3312	afm_dropout_full_woTemplates_r3_model_2_multimer_v2_pred_34.pdb
3313	afm_dropout_full_woTemplates_r3_model_2_multimer_v2_pred_35.pdb
3314	afm_dropout_full_woTemplates_r3_model_2_multimer_v2_pred_36.pdb
3315	afm_dropout_full_woTemplates_r3_model_2_multimer_v2_pred_37.pdb
3316	afm_dropout_full_woTemplates_r3_model_2_multimer_v2_pred_38.pdb
3317	afm_dropout_full_woTemplates_r3_model_2_multimer_v2_pred_39.pdb
3318	afm_dropout_full_woTemplates_r3_model_2_multimer_v2_pred_4.pdb
3319	afm_dropout_full_woTemplates_r3_model_2_multimer_v2_pred_40.pdb
3320	afm_dropout_full_woTemplates_r3_model_2_multimer_v2_pred_41.pdb
3321	afm_dropout_full_woTemplates_r3_model_2_multimer_v2_pred_42.pdb
3322	afm_dropout_full_woTemplates_r3_model_2_multimer_v2_pred_43.pdb
3323	afm_dropout_full_woTemplates_r3_model_2_multimer_v2_pred_44.pdb
3324	afm_dropout_full_woTemplates_r3_model_2_multimer_v2_pred_45.pdb
3325	afm_dropout_full_woTemplates_r3_model_2_multimer_v2_pred_46.pdb
3326	afm_dropout_full_woTemplates_r3_model_2_multimer_v2_pred_47.pdb
3327	afm_dropout_full_woTemplates_r3_model_2_multimer_v2_pred_48.pdb
3328	afm_dropout_full_woTemplates_r3_model_2_multimer_v2_pred_49.pdb
3329	afm_dropout_full_woTemplates_r3_model_2_multimer_v2_pred_5.pdb
3330	afm_dropout_full_woTemplates_r3_model_2_multimer_v2_pred_50.pdb
3331	afm_dropout_full_woTemplates_r3_model_2_multimer_v2_pred_51.pdb
3332	afm_dropout_full_woTemplates_r3_model_2_multimer_v2_pred_52.pdb
3333	afm_dropout_full_woTemplates_r3_model_2_multimer_v2_pred_53.pdb
3334	afm_dropout_full_woTemplates_r3_model_2_multimer_v2_pred_54.pdb
3335	afm_dropout_full_woTemplates_r3_model_2_multimer_v2_pred_55.pdb
3336	afm_dropout_full_woTemplates_r3_model_2_multimer_v2_pred_56.pdb
3337	afm_dropout_full_woTemplates_r3_model_2_multimer_v2_pred_57.pdb
3338	afm_dropout_full_woTemplates_r3_model_2_multimer_v2_pred_58.pdb
3339	afm_dropout_full_woTemplates_r3_model_2_multimer_v2_pred_59.pdb
3340	afm_dropout_full_woTemplates_r3_model_2_multimer_v2_pred_6.pdb
3341	afm_dropout_full_woTemplates_r3_model_2_multimer_v2_pred_60.pdb
3342	afm_dropout_full_woTemplates_r3_model_2_multimer_v2_pred_61.pdb
3343	afm_dropout_full_woTemplates_r3_model_2_multimer_v2_pred_62.pdb
3344	afm_dropout_full_woTemplates_r3_model_2_multimer_v2_pred_63.pdb
3345	afm_dropout_full_woTemplates_r3_model_2_multimer_v2_pred_64.pdb
3346	afm_dropout_full_woTemplates_r3_model_2_multimer_v2_pred_65.pdb
3347	afm_dropout_full_woTemplates_r3_model_2_multimer_v2_pred_66.pdb
3348	afm_dropout_full_woTemplates_r3_model_2_multimer_v2_pred_7.pdb
3349	afm_dropout_full_woTemplates_r3_model_2_multimer_v2_pred_8.pdb
3350	afm_dropout_full_woTemplates_r3_model_2_multimer_v2_pred_9.pdb
3351	afm_dropout_full_woTemplates_r3_model_2_multimer_v3_pred_0.pdb
3352	afm_dropout_full_woTemplates_r3_model_2_multimer_v3_pred_1.pdb
3353	afm_dropout_full_woTemplates_r3_model_2_multimer_v3_pred_10.pdb
3354	afm_dropout_full_woTemplates_r3_model_2_multimer_v3_pred_11.pdb
3355	afm_dropout_full_woTemplates_r3_model_2_multimer_v3_pred_12.pdb
3356	afm_dropout_full_woTemplates_r3_model_2_multimer_v3_pred_13.pdb
3357	afm_dropout_full_woTemplates_r3_model_2_multimer_v3_pred_14.pdb
3358	afm_dropout_full_woTemplates_r3_model_2_multimer_v3_pred_15.pdb
3359	afm_dropout_full_woTemplates_r3_model_2_multimer_v3_pred_16.pdb
3360	afm_dropout_full_woTemplates_r3_model_2_multimer_v3_pred_17.pdb
3361	afm_dropout_full_woTemplates_r3_model_2_multimer_v3_pred_18.pdb
3362	afm_dropout_full_woTemplates_r3_model_2_multimer_v3_pred_19.pdb
3363	afm_dropout_full_woTemplates_r3_model_2_multimer_v3_pred_2.pdb
3364	afm_dropout_full_woTemplates_r3_model_2_multimer_v3_pred_20.pdb
3365	afm_dropout_full_woTemplates_r3_model_2_multimer_v3_pred_21.pdb
3366	afm_dropout_full_woTemplates_r3_model_2_multimer_v3_pred_22.pdb
3367	afm_dropout_full_woTemplates_r3_model_2_multimer_v3_pred_23.pdb
3368	afm_dropout_full_woTemplates_r3_model_2_multimer_v3_pred_24.pdb
3369	afm_dropout_full_woTemplates_r3_model_2_multimer_v3_pred_25.pdb
3370	afm_dropout_full_woTemplates_r3_model_2_multimer_v3_pred_26.pdb
3371	afm_dropout_full_woTemplates_r3_model_2_multimer_v3_pred_27.pdb
3372	afm_dropout_full_woTemplates_r3_model_2_multimer_v3_pred_28.pdb
3373	afm_dropout_full_woTemplates_r3_model_2_multimer_v3_pred_29.pdb
3374	afm_dropout_full_woTemplates_r3_model_2_multimer_v3_pred_3.pdb
3375	afm_dropout_full_woTemplates_r3_model_2_multimer_v3_pred_30.pdb
3376	afm_dropout_full_woTemplates_r3_model_2_multimer_v3_pred_31.pdb
3377	afm_dropout_full_woTemplates_r3_model_2_multimer_v3_pred_32.pdb
3378	afm_dropout_full_woTemplates_r3_model_2_multimer_v3_pred_33.pdb
3379	afm_dropout_full_woTemplates_r3_model_2_multimer_v3_pred_34.pdb
3380	afm_dropout_full_woTemplates_r3_model_2_multimer_v3_pred_35.pdb
3381	afm_dropout_full_woTemplates_r3_model_2_multimer_v3_pred_36.pdb
3382	afm_dropout_full_woTemplates_r3_model_2_multimer_v3_pred_37.pdb
3383	afm_dropout_full_woTemplates_r3_model_2_multimer_v3_pred_38.pdb
3384	afm_dropout_full_woTemplates_r3_model_2_multimer_v3_pred_39.pdb
3385	afm_dropout_full_woTemplates_r3_model_2_multimer_v3_pred_4.pdb
3386	afm_dropout_full_woTemplates_r3_model_2_multimer_v3_pred_40.pdb
3387	afm_dropout_full_woTemplates_r3_model_2_multimer_v3_pred_41.pdb
3388	afm_dropout_full_woTemplates_r3_model_2_multimer_v3_pred_42.pdb
3389	afm_dropout_full_woTemplates_r3_model_2_multimer_v3_pred_43.pdb
3390	afm_dropout_full_woTemplates_r3_model_2_multimer_v3_pred_44.pdb
3391	afm_dropout_full_woTemplates_r3_model_2_multimer_v3_pred_45.pdb
3392	afm_dropout_full_woTemplates_r3_model_2_multimer_v3_pred_46.pdb
3393	afm_dropout_full_woTemplates_r3_model_2_multimer_v3_pred_47.pdb
3394	afm_dropout_full_woTemplates_r3_model_2_multimer_v3_pred_48.pdb
3395	afm_dropout_full_woTemplates_r3_model_2_multimer_v3_pred_49.pdb
3396	afm_dropout_full_woTemplates_r3_model_2_multimer_v3_pred_5.pdb
3397	afm_dropout_full_woTemplates_r3_model_2_multimer_v3_pred_50.pdb
3398	afm_dropout_full_woTemplates_r3_model_2_multimer_v3_pred_51.pdb
3399	afm_dropout_full_woTemplates_r3_model_2_multimer_v3_pred_52.pdb
3400	afm_dropout_full_woTemplates_r3_model_2_multimer_v3_pred_53.pdb
3401	afm_dropout_full_woTemplates_r3_model_2_multimer_v3_pred_54.pdb
3402	afm_dropout_full_woTemplates_r3_model_2_multimer_v3_pred_55.pdb
3403	afm_dropout_full_woTemplates_r3_model_2_multimer_v3_pred_56.pdb
3404	afm_dropout_full_woTemplates_r3_model_2_multimer_v3_pred_57.pdb
3405	afm_dropout_full_woTemplates_r3_model_2_multimer_v3_pred_58.pdb
3406	afm_dropout_full_woTemplates_r3_model_2_multimer_v3_pred_59.pdb
3407	afm_dropout_full_woTemplates_r3_model_2_multimer_v3_pred_6.pdb
3408	afm_dropout_full_woTemplates_r3_model_2_multimer_v3_pred_60.pdb
3409	afm_dropout_full_woTemplates_r3_model_2_multimer_v3_pred_61.pdb
3410	afm_dropout_full_woTemplates_r3_model_2_multimer_v3_pred_62.pdb
3411	afm_dropout_full_woTemplates_r3_model_2_multimer_v3_pred_63.pdb
3412	afm_dropout_full_woTemplates_r3_model_2_multimer_v3_pred_64.pdb
3413	afm_dropout_full_woTemplates_r3_model_2_multimer_v3_pred_65.pdb
3414	afm_dropout_full_woTemplates_r3_model_2_multimer_v3_pred_66.pdb
3415	afm_dropout_full_woTemplates_r3_model_2_multimer_v3_pred_7.pdb
3416	afm_dropout_full_woTemplates_r3_model_2_multimer_v3_pred_8.pdb
3417	afm_dropout_full_woTemplates_r3_model_2_multimer_v3_pred_9.pdb
3418	afm_dropout_full_woTemplates_r3_model_3_multimer_v1_pred_0.pdb
3419	afm_dropout_full_woTemplates_r3_model_3_multimer_v1_pred_1.pdb
3420	afm_dropout_full_woTemplates_r3_model_3_multimer_v1_pred_10.pdb
3421	afm_dropout_full_woTemplates_r3_model_3_multimer_v1_pred_11.pdb
3422	afm_dropout_full_woTemplates_r3_model_3_multimer_v1_pred_12.pdb
3423	afm_dropout_full_woTemplates_r3_model_3_multimer_v1_pred_13.pdb
3424	afm_dropout_full_woTemplates_r3_model_3_multimer_v1_pred_14.pdb
3425	afm_dropout_full_woTemplates_r3_model_3_multimer_v1_pred_15.pdb
3426	afm_dropout_full_woTemplates_r3_model_3_multimer_v1_pred_16.pdb
3427	afm_dropout_full_woTemplates_r3_model_3_multimer_v1_pred_17.pdb
3428	afm_dropout_full_woTemplates_r3_model_3_multimer_v1_pred_18.pdb
3429	afm_dropout_full_woTemplates_r3_model_3_multimer_v1_pred_19.pdb
3430	afm_dropout_full_woTemplates_r3_model_3_multimer_v1_pred_2.pdb
3431	afm_dropout_full_woTemplates_r3_model_3_multimer_v1_pred_20.pdb
3432	afm_dropout_full_woTemplates_r3_model_3_multimer_v1_pred_21.pdb
3433	afm_dropout_full_woTemplates_r3_model_3_multimer_v1_pred_22.pdb
3434	afm_dropout_full_woTemplates_r3_model_3_multimer_v1_pred_23.pdb
3435	afm_dropout_full_woTemplates_r3_model_3_multimer_v1_pred_24.pdb
3436	afm_dropout_full_woTemplates_r3_model_3_multimer_v1_pred_25.pdb
3437	afm_dropout_full_woTemplates_r3_model_3_multimer_v1_pred_26.pdb
3438	afm_dropout_full_woTemplates_r3_model_3_multimer_v1_pred_27.pdb
3439	afm_dropout_full_woTemplates_r3_model_3_multimer_v1_pred_28.pdb
3440	afm_dropout_full_woTemplates_r3_model_3_multimer_v1_pred_29.pdb
3441	afm_dropout_full_woTemplates_r3_model_3_multimer_v1_pred_3.pdb
3442	afm_dropout_full_woTemplates_r3_model_3_multimer_v1_pred_30.pdb
3443	afm_dropout_full_woTemplates_r3_model_3_multimer_v1_pred_31.pdb
3444	afm_dropout_full_woTemplates_r3_model_3_multimer_v1_pred_32.pdb
3445	afm_dropout_full_woTemplates_r3_model_3_multimer_v1_pred_33.pdb
3446	afm_dropout_full_woTemplates_r3_model_3_multimer_v1_pred_34.pdb
3447	afm_dropout_full_woTemplates_r3_model_3_multimer_v1_pred_35.pdb
3448	afm_dropout_full_woTemplates_r3_model_3_multimer_v1_pred_36.pdb
3449	afm_dropout_full_woTemplates_r3_model_3_multimer_v1_pred_37.pdb
3450	afm_dropout_full_woTemplates_r3_model_3_multimer_v1_pred_38.pdb
3451	afm_dropout_full_woTemplates_r3_model_3_multimer_v1_pred_39.pdb
3452	afm_dropout_full_woTemplates_r3_model_3_multimer_v1_pred_4.pdb
3453	afm_dropout_full_woTemplates_r3_model_3_multimer_v1_pred_40.pdb
3454	afm_dropout_full_woTemplates_r3_model_3_multimer_v1_pred_41.pdb
3455	afm_dropout_full_woTemplates_r3_model_3_multimer_v1_pred_42.pdb
3456	afm_dropout_full_woTemplates_r3_model_3_multimer_v1_pred_43.pdb
3457	afm_dropout_full_woTemplates_r3_model_3_multimer_v1_pred_44.pdb
3458	afm_dropout_full_woTemplates_r3_model_3_multimer_v1_pred_45.pdb
3459	afm_dropout_full_woTemplates_r3_model_3_multimer_v1_pred_46.pdb
3460	afm_dropout_full_woTemplates_r3_model_3_multimer_v1_pred_47.pdb
3461	afm_dropout_full_woTemplates_r3_model_3_multimer_v1_pred_48.pdb
3462	afm_dropout_full_woTemplates_r3_model_3_multimer_v1_pred_49.pdb
3463	afm_dropout_full_woTemplates_r3_model_3_multimer_v1_pred_5.pdb
3464	afm_dropout_full_woTemplates_r3_model_3_multimer_v1_pred_50.pdb
3465	afm_dropout_full_woTemplates_r3_model_3_multimer_v1_pred_51.pdb
3466	afm_dropout_full_woTemplates_r3_model_3_multimer_v1_pred_52.pdb
3467	afm_dropout_full_woTemplates_r3_model_3_multimer_v1_pred_53.pdb
3468	afm_dropout_full_woTemplates_r3_model_3_multimer_v1_pred_54.pdb
3469	afm_dropout_full_woTemplates_r3_model_3_multimer_v1_pred_55.pdb
3470	afm_dropout_full_woTemplates_r3_model_3_multimer_v1_pred_56.pdb
3471	afm_dropout_full_woTemplates_r3_model_3_multimer_v1_pred_57.pdb
3472	afm_dropout_full_woTemplates_r3_model_3_multimer_v1_pred_58.pdb
3473	afm_dropout_full_woTemplates_r3_model_3_multimer_v1_pred_59.pdb
3474	afm_dropout_full_woTemplates_r3_model_3_multimer_v1_pred_6.pdb
3475	afm_dropout_full_woTemplates_r3_model_3_multimer_v1_pred_60.pdb
3476	afm_dropout_full_woTemplates_r3_model_3_multimer_v1_pred_61.pdb
3477	afm_dropout_full_woTemplates_r3_model_3_multimer_v1_pred_62.pdb
3478	afm_dropout_full_woTemplates_r3_model_3_multimer_v1_pred_63.pdb
3479	afm_dropout_full_woTemplates_r3_model_3_multimer_v1_pred_64.pdb
3480	afm_dropout_full_woTemplates_r3_model_3_multimer_v1_pred_65.pdb
3481	afm_dropout_full_woTemplates_r3_model_3_multimer_v1_pred_66.pdb
3482	afm_dropout_full_woTemplates_r3_model_3_multimer_v1_pred_7.pdb
3483	afm_dropout_full_woTemplates_r3_model_3_multimer_v1_pred_8.pdb
3484	afm_dropout_full_woTemplates_r3_model_3_multimer_v1_pred_9.pdb
3485	afm_dropout_full_woTemplates_r3_model_3_multimer_v2_pred_0.pdb
3486	afm_dropout_full_woTemplates_r3_model_3_multimer_v2_pred_1.pdb
3487	afm_dropout_full_woTemplates_r3_model_3_multimer_v2_pred_10.pdb
3488	afm_dropout_full_woTemplates_r3_model_3_multimer_v2_pred_11.pdb
3489	afm_dropout_full_woTemplates_r3_model_3_multimer_v2_pred_12.pdb
3490	afm_dropout_full_woTemplates_r3_model_3_multimer_v2_pred_13.pdb
3491	afm_dropout_full_woTemplates_r3_model_3_multimer_v2_pred_14.pdb
3492	afm_dropout_full_woTemplates_r3_model_3_multimer_v2_pred_15.pdb
3493	afm_dropout_full_woTemplates_r3_model_3_multimer_v2_pred_16.pdb
3494	afm_dropout_full_woTemplates_r3_model_3_multimer_v2_pred_17.pdb
3495	afm_dropout_full_woTemplates_r3_model_3_multimer_v2_pred_18.pdb
3496	afm_dropout_full_woTemplates_r3_model_3_multimer_v2_pred_19.pdb
3497	afm_dropout_full_woTemplates_r3_model_3_multimer_v2_pred_2.pdb
3498	afm_dropout_full_woTemplates_r3_model_3_multimer_v2_pred_20.pdb
3499	afm_dropout_full_woTemplates_r3_model_3_multimer_v2_pred_21.pdb
3500	afm_dropout_full_woTemplates_r3_model_3_multimer_v2_pred_22.pdb
3501	afm_dropout_full_woTemplates_r3_model_3_multimer_v2_pred_23.pdb
3502	afm_dropout_full_woTemplates_r3_model_3_multimer_v2_pred_24.pdb
3503	afm_dropout_full_woTemplates_r3_model_3_multimer_v2_pred_25.pdb
3504	afm_dropout_full_woTemplates_r3_model_3_multimer_v2_pred_26.pdb
3505	afm_dropout_full_woTemplates_r3_model_3_multimer_v2_pred_27.pdb
3506	afm_dropout_full_woTemplates_r3_model_3_multimer_v2_pred_28.pdb
3507	afm_dropout_full_woTemplates_r3_model_3_multimer_v2_pred_29.pdb
3508	afm_dropout_full_woTemplates_r3_model_3_multimer_v2_pred_3.pdb
3509	afm_dropout_full_woTemplates_r3_model_3_multimer_v2_pred_30.pdb
3510	afm_dropout_full_woTemplates_r3_model_3_multimer_v2_pred_31.pdb
3511	afm_dropout_full_woTemplates_r3_model_3_multimer_v2_pred_32.pdb
3512	afm_dropout_full_woTemplates_r3_model_3_multimer_v2_pred_33.pdb
3513	afm_dropout_full_woTemplates_r3_model_3_multimer_v2_pred_34.pdb
3514	afm_dropout_full_woTemplates_r3_model_3_multimer_v2_pred_35.pdb
3515	afm_dropout_full_woTemplates_r3_model_3_multimer_v2_pred_36.pdb
3516	afm_dropout_full_woTemplates_r3_model_3_multimer_v2_pred_37.pdb
3517	afm_dropout_full_woTemplates_r3_model_3_multimer_v2_pred_38.pdb
3518	afm_dropout_full_woTemplates_r3_model_3_multimer_v2_pred_39.pdb
3519	afm_dropout_full_woTemplates_r3_model_3_multimer_v2_pred_4.pdb
3520	afm_dropout_full_woTemplates_r3_model_3_multimer_v2_pred_40.pdb
3521	afm_dropout_full_woTemplates_r3_model_3_multimer_v2_pred_41.pdb
3522	afm_dropout_full_woTemplates_r3_model_3_multimer_v2_pred_42.pdb
3523	afm_dropout_full_woTemplates_r3_model_3_multimer_v2_pred_43.pdb
3524	afm_dropout_full_woTemplates_r3_model_3_multimer_v2_pred_44.pdb
3525	afm_dropout_full_woTemplates_r3_model_3_multimer_v2_pred_45.pdb
3526	afm_dropout_full_woTemplates_r3_model_3_multimer_v2_pred_46.pdb
3527	afm_dropout_full_woTemplates_r3_model_3_multimer_v2_pred_47.pdb
3528	afm_dropout_full_woTemplates_r3_model_3_multimer_v2_pred_48.pdb
3529	afm_dropout_full_woTemplates_r3_model_3_multimer_v2_pred_49.pdb
3530	afm_dropout_full_woTemplates_r3_model_3_multimer_v2_pred_5.pdb
3531	afm_dropout_full_woTemplates_r3_model_3_multimer_v2_pred_50.pdb
3532	afm_dropout_full_woTemplates_r3_model_3_multimer_v2_pred_51.pdb
3533	afm_dropout_full_woTemplates_r3_model_3_multimer_v2_pred_52.pdb
3534	afm_dropout_full_woTemplates_r3_model_3_multimer_v2_pred_53.pdb
3535	afm_dropout_full_woTemplates_r3_model_3_multimer_v2_pred_54.pdb
3536	afm_dropout_full_woTemplates_r3_model_3_multimer_v2_pred_55.pdb
3537	afm_dropout_full_woTemplates_r3_model_3_multimer_v2_pred_56.pdb
3538	afm_dropout_full_woTemplates_r3_model_3_multimer_v2_pred_57.pdb
3539	afm_dropout_full_woTemplates_r3_model_3_multimer_v2_pred_58.pdb
3540	afm_dropout_full_woTemplates_r3_model_3_multimer_v2_pred_59.pdb
3541	afm_dropout_full_woTemplates_r3_model_3_multimer_v2_pred_6.pdb
3542	afm_dropout_full_woTemplates_r3_model_3_multimer_v2_pred_60.pdb
3543	afm_dropout_full_woTemplates_r3_model_3_multimer_v2_pred_61.pdb
3544	afm_dropout_full_woTemplates_r3_model_3_multimer_v2_pred_62.pdb
3545	afm_dropout_full_woTemplates_r3_model_3_multimer_v2_pred_63.pdb
3546	afm_dropout_full_woTemplates_r3_model_3_multimer_v2_pred_64.pdb
3547	afm_dropout_full_woTemplates_r3_model_3_multimer_v2_pred_65.pdb
3548	afm_dropout_full_woTemplates_r3_model_3_multimer_v2_pred_66.pdb
3549	afm_dropout_full_woTemplates_r3_model_3_multimer_v2_pred_7.pdb
3550	afm_dropout_full_woTemplates_r3_model_3_multimer_v2_pred_8.pdb
3551	afm_dropout_full_woTemplates_r3_model_3_multimer_v2_pred_9.pdb
3552	afm_dropout_full_woTemplates_r3_model_3_multimer_v3_pred_0.pdb
3553	afm_dropout_full_woTemplates_r3_model_3_multimer_v3_pred_1.pdb
3554	afm_dropout_full_woTemplates_r3_model_3_multimer_v3_pred_10.pdb
3555	afm_dropout_full_woTemplates_r3_model_3_multimer_v3_pred_11.pdb
3556	afm_dropout_full_woTemplates_r3_model_3_multimer_v3_pred_12.pdb
3557	afm_dropout_full_woTemplates_r3_model_3_multimer_v3_pred_13.pdb
3558	afm_dropout_full_woTemplates_r3_model_3_multimer_v3_pred_14.pdb
3559	afm_dropout_full_woTemplates_r3_model_3_multimer_v3_pred_15.pdb
3560	afm_dropout_full_woTemplates_r3_model_3_multimer_v3_pred_16.pdb
3561	afm_dropout_full_woTemplates_r3_model_3_multimer_v3_pred_17.pdb
3562	afm_dropout_full_woTemplates_r3_model_3_multimer_v3_pred_18.pdb
3563	afm_dropout_full_woTemplates_r3_model_3_multimer_v3_pred_19.pdb
3564	afm_dropout_full_woTemplates_r3_model_3_multimer_v3_pred_2.pdb
3565	afm_dropout_full_woTemplates_r3_model_3_multimer_v3_pred_20.pdb
3566	afm_dropout_full_woTemplates_r3_model_3_multimer_v3_pred_21.pdb
3567	afm_dropout_full_woTemplates_r3_model_3_multimer_v3_pred_22.pdb
3568	afm_dropout_full_woTemplates_r3_model_3_multimer_v3_pred_23.pdb
3569	afm_dropout_full_woTemplates_r3_model_3_multimer_v3_pred_24.pdb
3570	afm_dropout_full_woTemplates_r3_model_3_multimer_v3_pred_25.pdb
3571	afm_dropout_full_woTemplates_r3_model_3_multimer_v3_pred_26.pdb
3572	afm_dropout_full_woTemplates_r3_model_3_multimer_v3_pred_27.pdb
3573	afm_dropout_full_woTemplates_r3_model_3_multimer_v3_pred_28.pdb
3574	afm_dropout_full_woTemplates_r3_model_3_multimer_v3_pred_29.pdb
3575	afm_dropout_full_woTemplates_r3_model_3_multimer_v3_pred_3.pdb
3576	afm_dropout_full_woTemplates_r3_model_3_multimer_v3_pred_30.pdb
3577	afm_dropout_full_woTemplates_r3_model_3_multimer_v3_pred_31.pdb
3578	afm_dropout_full_woTemplates_r3_model_3_multimer_v3_pred_32.pdb
3579	afm_dropout_full_woTemplates_r3_model_3_multimer_v3_pred_33.pdb
3580	afm_dropout_full_woTemplates_r3_model_3_multimer_v3_pred_34.pdb
3581	afm_dropout_full_woTemplates_r3_model_3_multimer_v3_pred_35.pdb
3582	afm_dropout_full_woTemplates_r3_model_3_multimer_v3_pred_36.pdb
3583	afm_dropout_full_woTemplates_r3_model_3_multimer_v3_pred_37.pdb
3584	afm_dropout_full_woTemplates_r3_model_3_multimer_v3_pred_38.pdb
3585	afm_dropout_full_woTemplates_r3_model_3_multimer_v3_pred_39.pdb
3586	afm_dropout_full_woTemplates_r3_model_3_multimer_v3_pred_4.pdb
3587	afm_dropout_full_woTemplates_r3_model_3_multimer_v3_pred_40.pdb
3588	afm_dropout_full_woTemplates_r3_model_3_multimer_v3_pred_41.pdb
3589	afm_dropout_full_woTemplates_r3_model_3_multimer_v3_pred_42.pdb
3590	afm_dropout_full_woTemplates_r3_model_3_multimer_v3_pred_43.pdb
3591	afm_dropout_full_woTemplates_r3_model_3_multimer_v3_pred_44.pdb
3592	afm_dropout_full_woTemplates_r3_model_3_multimer_v3_pred_45.pdb
3593	afm_dropout_full_woTemplates_r3_model_3_multimer_v3_pred_46.pdb
3594	afm_dropout_full_woTemplates_r3_model_3_multimer_v3_pred_47.pdb
3595	afm_dropout_full_woTemplates_r3_model_3_multimer_v3_pred_48.pdb
3596	afm_dropout_full_woTemplates_r3_model_3_multimer_v3_pred_49.pdb
3597	afm_dropout_full_woTemplates_r3_model_3_multimer_v3_pred_5.pdb
3598	afm_dropout_full_woTemplates_r3_model_3_multimer_v3_pred_50.pdb
3599	afm_dropout_full_woTemplates_r3_model_3_multimer_v3_pred_51.pdb
3600	afm_dropout_full_woTemplates_r3_model_3_multimer_v3_pred_52.pdb
3601	afm_dropout_full_woTemplates_r3_model_3_multimer_v3_pred_53.pdb
3602	afm_dropout_full_woTemplates_r3_model_3_multimer_v3_pred_54.pdb
3603	afm_dropout_full_woTemplates_r3_model_3_multimer_v3_pred_55.pdb
3604	afm_dropout_full_woTemplates_r3_model_3_multimer_v3_pred_56.pdb
3605	afm_dropout_full_woTemplates_r3_model_3_multimer_v3_pred_57.pdb
3606	afm_dropout_full_woTemplates_r3_model_3_multimer_v3_pred_58.pdb
3607	afm_dropout_full_woTemplates_r3_model_3_multimer_v3_pred_59.pdb
3608	afm_dropout_full_woTemplates_r3_model_3_multimer_v3_pred_6.pdb
3609	afm_dropout_full_woTemplates_r3_model_3_multimer_v3_pred_60.pdb
3610	afm_dropout_full_woTemplates_r3_model_3_multimer_v3_pred_61.pdb
3611	afm_dropout_full_woTemplates_r3_model_3_multimer_v3_pred_62.pdb
3612	afm_dropout_full_woTemplates_r3_model_3_multimer_v3_pred_63.pdb
3613	afm_dropout_full_woTemplates_r3_model_3_multimer_v3_pred_64.pdb
3614	afm_dropout_full_woTemplates_r3_model_3_multimer_v3_pred_65.pdb
3615	afm_dropout_full_woTemplates_r3_model_3_multimer_v3_pred_66.pdb
3616	afm_dropout_full_woTemplates_r3_model_3_multimer_v3_pred_7.pdb
3617	afm_dropout_full_woTemplates_r3_model_3_multimer_v3_pred_8.pdb
3618	afm_dropout_full_woTemplates_r3_model_3_multimer_v3_pred_9.pdb
3619	afm_dropout_full_woTemplates_r3_model_4_multimer_v1_pred_0.pdb
3620	afm_dropout_full_woTemplates_r3_model_4_multimer_v1_pred_1.pdb
3621	afm_dropout_full_woTemplates_r3_model_4_multimer_v1_pred_10.pdb
3622	afm_dropout_full_woTemplates_r3_model_4_multimer_v1_pred_11.pdb
3623	afm_dropout_full_woTemplates_r3_model_4_multimer_v1_pred_12.pdb
3624	afm_dropout_full_woTemplates_r3_model_4_multimer_v1_pred_13.pdb
3625	afm_dropout_full_woTemplates_r3_model_4_multimer_v1_pred_14.pdb
3626	afm_dropout_full_woTemplates_r3_model_4_multimer_v1_pred_15.pdb
3627	afm_dropout_full_woTemplates_r3_model_4_multimer_v1_pred_16.pdb
3628	afm_dropout_full_woTemplates_r3_model_4_multimer_v1_pred_17.pdb
3629	afm_dropout_full_woTemplates_r3_model_4_multimer_v1_pred_18.pdb
3630	afm_dropout_full_woTemplates_r3_model_4_multimer_v1_pred_19.pdb
3631	afm_dropout_full_woTemplates_r3_model_4_multimer_v1_pred_2.pdb
3632	afm_dropout_full_woTemplates_r3_model_4_multimer_v1_pred_20.pdb
3633	afm_dropout_full_woTemplates_r3_model_4_multimer_v1_pred_21.pdb
3634	afm_dropout_full_woTemplates_r3_model_4_multimer_v1_pred_22.pdb
3635	afm_dropout_full_woTemplates_r3_model_4_multimer_v1_pred_23.pdb
3636	afm_dropout_full_woTemplates_r3_model_4_multimer_v1_pred_24.pdb
3637	afm_dropout_full_woTemplates_r3_model_4_multimer_v1_pred_25.pdb
3638	afm_dropout_full_woTemplates_r3_model_4_multimer_v1_pred_26.pdb
3639	afm_dropout_full_woTemplates_r3_model_4_multimer_v1_pred_27.pdb
3640	afm_dropout_full_woTemplates_r3_model_4_multimer_v1_pred_28.pdb
3641	afm_dropout_full_woTemplates_r3_model_4_multimer_v1_pred_29.pdb
3642	afm_dropout_full_woTemplates_r3_model_4_multimer_v1_pred_3.pdb
3643	afm_dropout_full_woTemplates_r3_model_4_multimer_v1_pred_30.pdb
3644	afm_dropout_full_woTemplates_r3_model_4_multimer_v1_pred_31.pdb
3645	afm_dropout_full_woTemplates_r3_model_4_multimer_v1_pred_32.pdb
3646	afm_dropout_full_woTemplates_r3_model_4_multimer_v1_pred_33.pdb
3647	afm_dropout_full_woTemplates_r3_model_4_multimer_v1_pred_34.pdb
3648	afm_dropout_full_woTemplates_r3_model_4_multimer_v1_pred_35.pdb
3649	afm_dropout_full_woTemplates_r3_model_4_multimer_v1_pred_36.pdb
3650	afm_dropout_full_woTemplates_r3_model_4_multimer_v1_pred_37.pdb
3651	afm_dropout_full_woTemplates_r3_model_4_multimer_v1_pred_38.pdb
3652	afm_dropout_full_woTemplates_r3_model_4_multimer_v1_pred_39.pdb
3653	afm_dropout_full_woTemplates_r3_model_4_multimer_v1_pred_4.pdb
3654	afm_dropout_full_woTemplates_r3_model_4_multimer_v1_pred_40.pdb
3655	afm_dropout_full_woTemplates_r3_model_4_multimer_v1_pred_41.pdb
3656	afm_dropout_full_woTemplates_r3_model_4_multimer_v1_pred_42.pdb
3657	afm_dropout_full_woTemplates_r3_model_4_multimer_v1_pred_43.pdb
3658	afm_dropout_full_woTemplates_r3_model_4_multimer_v1_pred_44.pdb
3659	afm_dropout_full_woTemplates_r3_model_4_multimer_v1_pred_45.pdb
3660	afm_dropout_full_woTemplates_r3_model_4_multimer_v1_pred_46.pdb
3661	afm_dropout_full_woTemplates_r3_model_4_multimer_v1_pred_47.pdb
3662	afm_dropout_full_woTemplates_r3_model_4_multimer_v1_pred_48.pdb
3663	afm_dropout_full_woTemplates_r3_model_4_multimer_v1_pred_49.pdb
3664	afm_dropout_full_woTemplates_r3_model_4_multimer_v1_pred_5.pdb
3665	afm_dropout_full_woTemplates_r3_model_4_multimer_v1_pred_50.pdb
3666	afm_dropout_full_woTemplates_r3_model_4_multimer_v1_pred_51.pdb
3667	afm_dropout_full_woTemplates_r3_model_4_multimer_v1_pred_52.pdb
3668	afm_dropout_full_woTemplates_r3_model_4_multimer_v1_pred_53.pdb
3669	afm_dropout_full_woTemplates_r3_model_4_multimer_v1_pred_54.pdb
3670	afm_dropout_full_woTemplates_r3_model_4_multimer_v1_pred_55.pdb
3671	afm_dropout_full_woTemplates_r3_model_4_multimer_v1_pred_56.pdb
3672	afm_dropout_full_woTemplates_r3_model_4_multimer_v1_pred_57.pdb
3673	afm_dropout_full_woTemplates_r3_model_4_multimer_v1_pred_58.pdb
3674	afm_dropout_full_woTemplates_r3_model_4_multimer_v1_pred_59.pdb
3675	afm_dropout_full_woTemplates_r3_model_4_multimer_v1_pred_6.pdb
3676	afm_dropout_full_woTemplates_r3_model_4_multimer_v1_pred_60.pdb
3677	afm_dropout_full_woTemplates_r3_model_4_multimer_v1_pred_61.pdb
3678	afm_dropout_full_woTemplates_r3_model_4_multimer_v1_pred_62.pdb
3679	afm_dropout_full_woTemplates_r3_model_4_multimer_v1_pred_63.pdb
3680	afm_dropout_full_woTemplates_r3_model_4_multimer_v1_pred_64.pdb
3681	afm_dropout_full_woTemplates_r3_model_4_multimer_v1_pred_65.pdb
3682	afm_dropout_full_woTemplates_r3_model_4_multimer_v1_pred_66.pdb
3683	afm_dropout_full_woTemplates_r3_model_4_multimer_v1_pred_7.pdb
3684	afm_dropout_full_woTemplates_r3_model_4_multimer_v1_pred_8.pdb
3685	afm_dropout_full_woTemplates_r3_model_4_multimer_v1_pred_9.pdb
3686	afm_dropout_full_woTemplates_r3_model_4_multimer_v2_pred_0.pdb
3687	afm_dropout_full_woTemplates_r3_model_4_multimer_v2_pred_1.pdb
3688	afm_dropout_full_woTemplates_r3_model_4_multimer_v2_pred_10.pdb
3689	afm_dropout_full_woTemplates_r3_model_4_multimer_v2_pred_11.pdb
3690	afm_dropout_full_woTemplates_r3_model_4_multimer_v2_pred_12.pdb
3691	afm_dropout_full_woTemplates_r3_model_4_multimer_v2_pred_13.pdb
3692	afm_dropout_full_woTemplates_r3_model_4_multimer_v2_pred_14.pdb
3693	afm_dropout_full_woTemplates_r3_model_4_multimer_v2_pred_15.pdb
3694	afm_dropout_full_woTemplates_r3_model_4_multimer_v2_pred_16.pdb
3695	afm_dropout_full_woTemplates_r3_model_4_multimer_v2_pred_17.pdb
3696	afm_dropout_full_woTemplates_r3_model_4_multimer_v2_pred_18.pdb
3697	afm_dropout_full_woTemplates_r3_model_4_multimer_v2_pred_19.pdb
3698	afm_dropout_full_woTemplates_r3_model_4_multimer_v2_pred_2.pdb
3699	afm_dropout_full_woTemplates_r3_model_4_multimer_v2_pred_20.pdb
3700	afm_dropout_full_woTemplates_r3_model_4_multimer_v2_pred_21.pdb
3701	afm_dropout_full_woTemplates_r3_model_4_multimer_v2_pred_22.pdb
3702	afm_dropout_full_woTemplates_r3_model_4_multimer_v2_pred_23.pdb
3703	afm_dropout_full_woTemplates_r3_model_4_multimer_v2_pred_24.pdb
3704	afm_dropout_full_woTemplates_r3_model_4_multimer_v2_pred_25.pdb
3705	afm_dropout_full_woTemplates_r3_model_4_multimer_v2_pred_26.pdb
3706	afm_dropout_full_woTemplates_r3_model_4_multimer_v2_pred_27.pdb
3707	afm_dropout_full_woTemplates_r3_model_4_multimer_v2_pred_28.pdb
3708	afm_dropout_full_woTemplates_r3_model_4_multimer_v2_pred_29.pdb
3709	afm_dropout_full_woTemplates_r3_model_4_multimer_v2_pred_3.pdb
3710	afm_dropout_full_woTemplates_r3_model_4_multimer_v2_pred_30.pdb
3711	afm_dropout_full_woTemplates_r3_model_4_multimer_v2_pred_31.pdb
3712	afm_dropout_full_woTemplates_r3_model_4_multimer_v2_pred_32.pdb
3713	afm_dropout_full_woTemplates_r3_model_4_multimer_v2_pred_33.pdb
3714	afm_dropout_full_woTemplates_r3_model_4_multimer_v2_pred_34.pdb
3715	afm_dropout_full_woTemplates_r3_model_4_multimer_v2_pred_35.pdb
3716	afm_dropout_full_woTemplates_r3_model_4_multimer_v2_pred_36.pdb
3717	afm_dropout_full_woTemplates_r3_model_4_multimer_v2_pred_37.pdb
3718	afm_dropout_full_woTemplates_r3_model_4_multimer_v2_pred_38.pdb
3719	afm_dropout_full_woTemplates_r3_model_4_multimer_v2_pred_39.pdb
3720	afm_dropout_full_woTemplates_r3_model_4_multimer_v2_pred_4.pdb
3721	afm_dropout_full_woTemplates_r3_model_4_multimer_v2_pred_40.pdb
3722	afm_dropout_full_woTemplates_r3_model_4_multimer_v2_pred_41.pdb
3723	afm_dropout_full_woTemplates_r3_model_4_multimer_v2_pred_42.pdb
3724	afm_dropout_full_woTemplates_r3_model_4_multimer_v2_pred_43.pdb
3725	afm_dropout_full_woTemplates_r3_model_4_multimer_v2_pred_44.pdb
3726	afm_dropout_full_woTemplates_r3_model_4_multimer_v2_pred_45.pdb
3727	afm_dropout_full_woTemplates_r3_model_4_multimer_v2_pred_46.pdb
3728	afm_dropout_full_woTemplates_r3_model_4_multimer_v2_pred_47.pdb
3729	afm_dropout_full_woTemplates_r3_model_4_multimer_v2_pred_48.pdb
3730	afm_dropout_full_woTemplates_r3_model_4_multimer_v2_pred_49.pdb
3731	afm_dropout_full_woTemplates_r3_model_4_multimer_v2_pred_5.pdb
3732	afm_dropout_full_woTemplates_r3_model_4_multimer_v2_pred_50.pdb
3733	afm_dropout_full_woTemplates_r3_model_4_multimer_v2_pred_51.pdb
3734	afm_dropout_full_woTemplates_r3_model_4_multimer_v2_pred_52.pdb
3735	afm_dropout_full_woTemplates_r3_model_4_multimer_v2_pred_53.pdb
3736	afm_dropout_full_woTemplates_r3_model_4_multimer_v2_pred_54.pdb
3737	afm_dropout_full_woTemplates_r3_model_4_multimer_v2_pred_55.pdb
3738	afm_dropout_full_woTemplates_r3_model_4_multimer_v2_pred_56.pdb
3739	afm_dropout_full_woTemplates_r3_model_4_multimer_v2_pred_57.pdb
3740	afm_dropout_full_woTemplates_r3_model_4_multimer_v2_pred_58.pdb
3741	afm_dropout_full_woTemplates_r3_model_4_multimer_v2_pred_59.pdb
3742	afm_dropout_full_woTemplates_r3_model_4_multimer_v2_pred_6.pdb
3743	afm_dropout_full_woTemplates_r3_model_4_multimer_v2_pred_60.pdb
3744	afm_dropout_full_woTemplates_r3_model_4_multimer_v2_pred_61.pdb
3745	afm_dropout_full_woTemplates_r3_model_4_multimer_v2_pred_62.pdb
3746	afm_dropout_full_woTemplates_r3_model_4_multimer_v2_pred_63.pdb
3747	afm_dropout_full_woTemplates_r3_model_4_multimer_v2_pred_64.pdb
3748	afm_dropout_full_woTemplates_r3_model_4_multimer_v2_pred_65.pdb
3749	afm_dropout_full_woTemplates_r3_model_4_multimer_v2_pred_66.pdb
3750	afm_dropout_full_woTemplates_r3_model_4_multimer_v2_pred_7.pdb
3751	afm_dropout_full_woTemplates_r3_model_4_multimer_v2_pred_8.pdb
3752	afm_dropout_full_woTemplates_r3_model_4_multimer_v2_pred_9.pdb
3753	afm_dropout_full_woTemplates_r3_model_4_multimer_v3_pred_0.pdb
3754	afm_dropout_full_woTemplates_r3_model_4_multimer_v3_pred_1.pdb
3755	afm_dropout_full_woTemplates_r3_model_4_multimer_v3_pred_10.pdb
3756	afm_dropout_full_woTemplates_r3_model_4_multimer_v3_pred_11.pdb
3757	afm_dropout_full_woTemplates_r3_model_4_multimer_v3_pred_12.pdb
3758	afm_dropout_full_woTemplates_r3_model_4_multimer_v3_pred_13.pdb
3759	afm_dropout_full_woTemplates_r3_model_4_multimer_v3_pred_14.pdb
3760	afm_dropout_full_woTemplates_r3_model_4_multimer_v3_pred_15.pdb
3761	afm_dropout_full_woTemplates_r3_model_4_multimer_v3_pred_16.pdb
3762	afm_dropout_full_woTemplates_r3_model_4_multimer_v3_pred_17.pdb
3763	afm_dropout_full_woTemplates_r3_model_4_multimer_v3_pred_18.pdb
3764	afm_dropout_full_woTemplates_r3_model_4_multimer_v3_pred_19.pdb
3765	afm_dropout_full_woTemplates_r3_model_4_multimer_v3_pred_2.pdb
3766	afm_dropout_full_woTemplates_r3_model_4_multimer_v3_pred_20.pdb
3767	afm_dropout_full_woTemplates_r3_model_4_multimer_v3_pred_21.pdb
3768	afm_dropout_full_woTemplates_r3_model_4_multimer_v3_pred_22.pdb
3769	afm_dropout_full_woTemplates_r3_model_4_multimer_v3_pred_23.pdb
3770	afm_dropout_full_woTemplates_r3_model_4_multimer_v3_pred_24.pdb
3771	afm_dropout_full_woTemplates_r3_model_4_multimer_v3_pred_25.pdb
3772	afm_dropout_full_woTemplates_r3_model_4_multimer_v3_pred_26.pdb
3773	afm_dropout_full_woTemplates_r3_model_4_multimer_v3_pred_27.pdb
3774	afm_dropout_full_woTemplates_r3_model_4_multimer_v3_pred_28.pdb
3775	afm_dropout_full_woTemplates_r3_model_4_multimer_v3_pred_29.pdb
3776	afm_dropout_full_woTemplates_r3_model_4_multimer_v3_pred_3.pdb
3777	afm_dropout_full_woTemplates_r3_model_4_multimer_v3_pred_30.pdb
3778	afm_dropout_full_woTemplates_r3_model_4_multimer_v3_pred_31.pdb
3779	afm_dropout_full_woTemplates_r3_model_4_multimer_v3_pred_32.pdb
3780	afm_dropout_full_woTemplates_r3_model_4_multimer_v3_pred_33.pdb
3781	afm_dropout_full_woTemplates_r3_model_4_multimer_v3_pred_34.pdb
3782	afm_dropout_full_woTemplates_r3_model_4_multimer_v3_pred_35.pdb
3783	afm_dropout_full_woTemplates_r3_model_4_multimer_v3_pred_36.pdb
3784	afm_dropout_full_woTemplates_r3_model_4_multimer_v3_pred_37.pdb
3785	afm_dropout_full_woTemplates_r3_model_4_multimer_v3_pred_38.pdb
3786	afm_dropout_full_woTemplates_r3_model_4_multimer_v3_pred_39.pdb
3787	afm_dropout_full_woTemplates_r3_model_4_multimer_v3_pred_4.pdb
3788	afm_dropout_full_woTemplates_r3_model_4_multimer_v3_pred_40.pdb
3789	afm_dropout_full_woTemplates_r3_model_4_multimer_v3_pred_41.pdb
3790	afm_dropout_full_woTemplates_r3_model_4_multimer_v3_pred_42.pdb
3791	afm_dropout_full_woTemplates_r3_model_4_multimer_v3_pred_43.pdb
3792	afm_dropout_full_woTemplates_r3_model_4_multimer_v3_pred_44.pdb
3793	afm_dropout_full_woTemplates_r3_model_4_multimer_v3_pred_45.pdb
3794	afm_dropout_full_woTemplates_r3_model_4_multimer_v3_pred_46.pdb
3795	afm_dropout_full_woTemplates_r3_model_4_multimer_v3_pred_47.pdb
3796	afm_dropout_full_woTemplates_r3_model_4_multimer_v3_pred_48.pdb
3797	afm_dropout_full_woTemplates_r3_model_4_multimer_v3_pred_49.pdb
3798	afm_dropout_full_woTemplates_r3_model_4_multimer_v3_pred_5.pdb
3799	afm_dropout_full_woTemplates_r3_model_4_multimer_v3_pred_50.pdb
3800	afm_dropout_full_woTemplates_r3_model_4_multimer_v3_pred_51.pdb
3801	afm_dropout_full_woTemplates_r3_model_4_multimer_v3_pred_52.pdb
3802	afm_dropout_full_woTemplates_r3_model_4_multimer_v3_pred_53.pdb
3803	afm_dropout_full_woTemplates_r3_model_4_multimer_v3_pred_54.pdb
3804	afm_dropout_full_woTemplates_r3_model_4_multimer_v3_pred_55.pdb
3805	afm_dropout_full_woTemplates_r3_model_4_multimer_v3_pred_56.pdb
3806	afm_dropout_full_woTemplates_r3_model_4_multimer_v3_pred_57.pdb
3807	afm_dropout_full_woTemplates_r3_model_4_multimer_v3_pred_58.pdb
3808	afm_dropout_full_woTemplates_r3_model_4_multimer_v3_pred_59.pdb
3809	afm_dropout_full_woTemplates_r3_model_4_multimer_v3_pred_6.pdb
3810	afm_dropout_full_woTemplates_r3_model_4_multimer_v3_pred_60.pdb
3811	afm_dropout_full_woTemplates_r3_model_4_multimer_v3_pred_61.pdb
3812	afm_dropout_full_woTemplates_r3_model_4_multimer_v3_pred_62.pdb
3813	afm_dropout_full_woTemplates_r3_model_4_multimer_v3_pred_63.pdb
3814	afm_dropout_full_woTemplates_r3_model_4_multimer_v3_pred_64.pdb
3815	afm_dropout_full_woTemplates_r3_model_4_multimer_v3_pred_65.pdb
3816	afm_dropout_full_woTemplates_r3_model_4_multimer_v3_pred_66.pdb
3817	afm_dropout_full_woTemplates_r3_model_4_multimer_v3_pred_7.pdb
3818	afm_dropout_full_woTemplates_r3_model_4_multimer_v3_pred_8.pdb
3819	afm_dropout_full_woTemplates_r3_model_4_multimer_v3_pred_9.pdb
3820	afm_dropout_full_woTemplates_r3_model_5_multimer_v1_pred_0.pdb
3821	afm_dropout_full_woTemplates_r3_model_5_multimer_v1_pred_1.pdb
3822	afm_dropout_full_woTemplates_r3_model_5_multimer_v1_pred_10.pdb
3823	afm_dropout_full_woTemplates_r3_model_5_multimer_v1_pred_11.pdb
3824	afm_dropout_full_woTemplates_r3_model_5_multimer_v1_pred_12.pdb
3825	afm_dropout_full_woTemplates_r3_model_5_multimer_v1_pred_13.pdb
3826	afm_dropout_full_woTemplates_r3_model_5_multimer_v1_pred_14.pdb
3827	afm_dropout_full_woTemplates_r3_model_5_multimer_v1_pred_15.pdb
3828	afm_dropout_full_woTemplates_r3_model_5_multimer_v1_pred_16.pdb
3829	afm_dropout_full_woTemplates_r3_model_5_multimer_v1_pred_17.pdb
3830	afm_dropout_full_woTemplates_r3_model_5_multimer_v1_pred_18.pdb
3831	afm_dropout_full_woTemplates_r3_model_5_multimer_v1_pred_19.pdb
3832	afm_dropout_full_woTemplates_r3_model_5_multimer_v1_pred_2.pdb
3833	afm_dropout_full_woTemplates_r3_model_5_multimer_v1_pred_20.pdb
3834	afm_dropout_full_woTemplates_r3_model_5_multimer_v1_pred_21.pdb
3835	afm_dropout_full_woTemplates_r3_model_5_multimer_v1_pred_22.pdb
3836	afm_dropout_full_woTemplates_r3_model_5_multimer_v1_pred_23.pdb
3837	afm_dropout_full_woTemplates_r3_model_5_multimer_v1_pred_24.pdb
3838	afm_dropout_full_woTemplates_r3_model_5_multimer_v1_pred_25.pdb
3839	afm_dropout_full_woTemplates_r3_model_5_multimer_v1_pred_26.pdb
3840	afm_dropout_full_woTemplates_r3_model_5_multimer_v1_pred_27.pdb
3841	afm_dropout_full_woTemplates_r3_model_5_multimer_v1_pred_28.pdb
3842	afm_dropout_full_woTemplates_r3_model_5_multimer_v1_pred_29.pdb
3843	afm_dropout_full_woTemplates_r3_model_5_multimer_v1_pred_3.pdb
3844	afm_dropout_full_woTemplates_r3_model_5_multimer_v1_pred_30.pdb
3845	afm_dropout_full_woTemplates_r3_model_5_multimer_v1_pred_31.pdb
3846	afm_dropout_full_woTemplates_r3_model_5_multimer_v1_pred_32.pdb
3847	afm_dropout_full_woTemplates_r3_model_5_multimer_v1_pred_33.pdb
3848	afm_dropout_full_woTemplates_r3_model_5_multimer_v1_pred_34.pdb
3849	afm_dropout_full_woTemplates_r3_model_5_multimer_v1_pred_35.pdb
3850	afm_dropout_full_woTemplates_r3_model_5_multimer_v1_pred_36.pdb
3851	afm_dropout_full_woTemplates_r3_model_5_multimer_v1_pred_37.pdb
3852	afm_dropout_full_woTemplates_r3_model_5_multimer_v1_pred_38.pdb
3853	afm_dropout_full_woTemplates_r3_model_5_multimer_v1_pred_39.pdb
3854	afm_dropout_full_woTemplates_r3_model_5_multimer_v1_pred_4.pdb
3855	afm_dropout_full_woTemplates_r3_model_5_multimer_v1_pred_40.pdb
3856	afm_dropout_full_woTemplates_r3_model_5_multimer_v1_pred_41.pdb
3857	afm_dropout_full_woTemplates_r3_model_5_multimer_v1_pred_42.pdb
3858	afm_dropout_full_woTemplates_r3_model_5_multimer_v1_pred_43.pdb
3859	afm_dropout_full_woTemplates_r3_model_5_multimer_v1_pred_44.pdb
3860	afm_dropout_full_woTemplates_r3_model_5_multimer_v1_pred_45.pdb
3861	afm_dropout_full_woTemplates_r3_model_5_multimer_v1_pred_46.pdb
3862	afm_dropout_full_woTemplates_r3_model_5_multimer_v1_pred_47.pdb
3863	afm_dropout_full_woTemplates_r3_model_5_multimer_v1_pred_48.pdb
3864	afm_dropout_full_woTemplates_r3_model_5_multimer_v1_pred_49.pdb
3865	afm_dropout_full_woTemplates_r3_model_5_multimer_v1_pred_5.pdb
3866	afm_dropout_full_woTemplates_r3_model_5_multimer_v1_pred_50.pdb
3867	afm_dropout_full_woTemplates_r3_model_5_multimer_v1_pred_51.pdb
3868	afm_dropout_full_woTemplates_r3_model_5_multimer_v1_pred_52.pdb
3869	afm_dropout_full_woTemplates_r3_model_5_multimer_v1_pred_53.pdb
3870	afm_dropout_full_woTemplates_r3_model_5_multimer_v1_pred_54.pdb
3871	afm_dropout_full_woTemplates_r3_model_5_multimer_v1_pred_55.pdb
3872	afm_dropout_full_woTemplates_r3_model_5_multimer_v1_pred_56.pdb
3873	afm_dropout_full_woTemplates_r3_model_5_multimer_v1_pred_57.pdb
3874	afm_dropout_full_woTemplates_r3_model_5_multimer_v1_pred_58.pdb
3875	afm_dropout_full_woTemplates_r3_model_5_multimer_v1_pred_59.pdb
3876	afm_dropout_full_woTemplates_r3_model_5_multimer_v1_pred_6.pdb
3877	afm_dropout_full_woTemplates_r3_model_5_multimer_v1_pred_60.pdb
3878	afm_dropout_full_woTemplates_r3_model_5_multimer_v1_pred_61.pdb
3879	afm_dropout_full_woTemplates_r3_model_5_multimer_v1_pred_62.pdb
3880	afm_dropout_full_woTemplates_r3_model_5_multimer_v1_pred_63.pdb
3881	afm_dropout_full_woTemplates_r3_model_5_multimer_v1_pred_64.pdb
3882	afm_dropout_full_woTemplates_r3_model_5_multimer_v1_pred_65.pdb
3883	afm_dropout_full_woTemplates_r3_model_5_multimer_v1_pred_66.pdb
3884	afm_dropout_full_woTemplates_r3_model_5_multimer_v1_pred_7.pdb
3885	afm_dropout_full_woTemplates_r3_model_5_multimer_v1_pred_8.pdb
3886	afm_dropout_full_woTemplates_r3_model_5_multimer_v1_pred_9.pdb
3887	afm_dropout_full_woTemplates_r3_model_5_multimer_v2_pred_0.pdb
3888	afm_dropout_full_woTemplates_r3_model_5_multimer_v2_pred_1.pdb
3889	afm_dropout_full_woTemplates_r3_model_5_multimer_v2_pred_10.pdb
3890	afm_dropout_full_woTemplates_r3_model_5_multimer_v2_pred_11.pdb
3891	afm_dropout_full_woTemplates_r3_model_5_multimer_v2_pred_12.pdb
3892	afm_dropout_full_woTemplates_r3_model_5_multimer_v2_pred_13.pdb
3893	afm_dropout_full_woTemplates_r3_model_5_multimer_v2_pred_14.pdb
3894	afm_dropout_full_woTemplates_r3_model_5_multimer_v2_pred_15.pdb
3895	afm_dropout_full_woTemplates_r3_model_5_multimer_v2_pred_16.pdb
3896	afm_dropout_full_woTemplates_r3_model_5_multimer_v2_pred_17.pdb
3897	afm_dropout_full_woTemplates_r3_model_5_multimer_v2_pred_18.pdb
3898	afm_dropout_full_woTemplates_r3_model_5_multimer_v2_pred_19.pdb
3899	afm_dropout_full_woTemplates_r3_model_5_multimer_v2_pred_2.pdb
3900	afm_dropout_full_woTemplates_r3_model_5_multimer_v2_pred_20.pdb
3901	afm_dropout_full_woTemplates_r3_model_5_multimer_v2_pred_21.pdb
3902	afm_dropout_full_woTemplates_r3_model_5_multimer_v2_pred_22.pdb
3903	afm_dropout_full_woTemplates_r3_model_5_multimer_v2_pred_23.pdb
3904	afm_dropout_full_woTemplates_r3_model_5_multimer_v2_pred_24.pdb
3905	afm_dropout_full_woTemplates_r3_model_5_multimer_v2_pred_25.pdb
3906	afm_dropout_full_woTemplates_r3_model_5_multimer_v2_pred_26.pdb
3907	afm_dropout_full_woTemplates_r3_model_5_multimer_v2_pred_27.pdb
3908	afm_dropout_full_woTemplates_r3_model_5_multimer_v2_pred_28.pdb
3909	afm_dropout_full_woTemplates_r3_model_5_multimer_v2_pred_29.pdb
3910	afm_dropout_full_woTemplates_r3_model_5_multimer_v2_pred_3.pdb
3911	afm_dropout_full_woTemplates_r3_model_5_multimer_v2_pred_30.pdb
3912	afm_dropout_full_woTemplates_r3_model_5_multimer_v2_pred_31.pdb
3913	afm_dropout_full_woTemplates_r3_model_5_multimer_v2_pred_32.pdb
3914	afm_dropout_full_woTemplates_r3_model_5_multimer_v2_pred_33.pdb
3915	afm_dropout_full_woTemplates_r3_model_5_multimer_v2_pred_34.pdb
3916	afm_dropout_full_woTemplates_r3_model_5_multimer_v2_pred_35.pdb
3917	afm_dropout_full_woTemplates_r3_model_5_multimer_v2_pred_36.pdb
3918	afm_dropout_full_woTemplates_r3_model_5_multimer_v2_pred_37.pdb
3919	afm_dropout_full_woTemplates_r3_model_5_multimer_v2_pred_38.pdb
3920	afm_dropout_full_woTemplates_r3_model_5_multimer_v2_pred_39.pdb
3921	afm_dropout_full_woTemplates_r3_model_5_multimer_v2_pred_4.pdb
3922	afm_dropout_full_woTemplates_r3_model_5_multimer_v2_pred_40.pdb
3923	afm_dropout_full_woTemplates_r3_model_5_multimer_v2_pred_41.pdb
3924	afm_dropout_full_woTemplates_r3_model_5_multimer_v2_pred_42.pdb
3925	afm_dropout_full_woTemplates_r3_model_5_multimer_v2_pred_43.pdb
3926	afm_dropout_full_woTemplates_r3_model_5_multimer_v2_pred_44.pdb
3927	afm_dropout_full_woTemplates_r3_model_5_multimer_v2_pred_45.pdb
3928	afm_dropout_full_woTemplates_r3_model_5_multimer_v2_pred_46.pdb
3929	afm_dropout_full_woTemplates_r3_model_5_multimer_v2_pred_47.pdb
3930	afm_dropout_full_woTemplates_r3_model_5_multimer_v2_pred_48.pdb
3931	afm_dropout_full_woTemplates_r3_model_5_multimer_v2_pred_49.pdb
3932	afm_dropout_full_woTemplates_r3_model_5_multimer_v2_pred_5.pdb
3933	afm_dropout_full_woTemplates_r3_model_5_multimer_v2_pred_50.pdb
3934	afm_dropout_full_woTemplates_r3_model_5_multimer_v2_pred_51.pdb
3935	afm_dropout_full_woTemplates_r3_model_5_multimer_v2_pred_52.pdb
3936	afm_dropout_full_woTemplates_r3_model_5_multimer_v2_pred_53.pdb
3937	afm_dropout_full_woTemplates_r3_model_5_multimer_v2_pred_54.pdb
3938	afm_dropout_full_woTemplates_r3_model_5_multimer_v2_pred_55.pdb
3939	afm_dropout_full_woTemplates_r3_model_5_multimer_v2_pred_56.pdb
3940	afm_dropout_full_woTemplates_r3_model_5_multimer_v2_pred_57.pdb
3941	afm_dropout_full_woTemplates_r3_model_5_multimer_v2_pred_58.pdb
3942	afm_dropout_full_woTemplates_r3_model_5_multimer_v2_pred_59.pdb
3943	afm_dropout_full_woTemplates_r3_model_5_multimer_v2_pred_6.pdb
3944	afm_dropout_full_woTemplates_r3_model_5_multimer_v2_pred_60.pdb
3945	afm_dropout_full_woTemplates_r3_model_5_multimer_v2_pred_61.pdb
3946	afm_dropout_full_woTemplates_r3_model_5_multimer_v2_pred_62.pdb
3947	afm_dropout_full_woTemplates_r3_model_5_multimer_v2_pred_63.pdb
3948	afm_dropout_full_woTemplates_r3_model_5_multimer_v2_pred_64.pdb
3949	afm_dropout_full_woTemplates_r3_model_5_multimer_v2_pred_65.pdb
3950	afm_dropout_full_woTemplates_r3_model_5_multimer_v2_pred_66.pdb
3951	afm_dropout_full_woTemplates_r3_model_5_multimer_v2_pred_7.pdb
3952	afm_dropout_full_woTemplates_r3_model_5_multimer_v2_pred_8.pdb
3953	afm_dropout_full_woTemplates_r3_model_5_multimer_v2_pred_9.pdb
3954	afm_dropout_full_woTemplates_r3_model_5_multimer_v3_pred_0.pdb
3955	afm_dropout_full_woTemplates_r3_model_5_multimer_v3_pred_1.pdb
3956	afm_dropout_full_woTemplates_r3_model_5_multimer_v3_pred_10.pdb
3957	afm_dropout_full_woTemplates_r3_model_5_multimer_v3_pred_11.pdb
3958	afm_dropout_full_woTemplates_r3_model_5_multimer_v3_pred_12.pdb
3959	afm_dropout_full_woTemplates_r3_model_5_multimer_v3_pred_13.pdb
3960	afm_dropout_full_woTemplates_r3_model_5_multimer_v3_pred_14.pdb
3961	afm_dropout_full_woTemplates_r3_model_5_multimer_v3_pred_15.pdb
3962	afm_dropout_full_woTemplates_r3_model_5_multimer_v3_pred_16.pdb
3963	afm_dropout_full_woTemplates_r3_model_5_multimer_v3_pred_17.pdb
3964	afm_dropout_full_woTemplates_r3_model_5_multimer_v3_pred_18.pdb
3965	afm_dropout_full_woTemplates_r3_model_5_multimer_v3_pred_19.pdb
3966	afm_dropout_full_woTemplates_r3_model_5_multimer_v3_pred_2.pdb
3967	afm_dropout_full_woTemplates_r3_model_5_multimer_v3_pred_20.pdb
3968	afm_dropout_full_woTemplates_r3_model_5_multimer_v3_pred_21.pdb
3969	afm_dropout_full_woTemplates_r3_model_5_multimer_v3_pred_22.pdb
3970	afm_dropout_full_woTemplates_r3_model_5_multimer_v3_pred_23.pdb
3971	afm_dropout_full_woTemplates_r3_model_5_multimer_v3_pred_24.pdb
3972	afm_dropout_full_woTemplates_r3_model_5_multimer_v3_pred_25.pdb
3973	afm_dropout_full_woTemplates_r3_model_5_multimer_v3_pred_26.pdb
3974	afm_dropout_full_woTemplates_r3_model_5_multimer_v3_pred_27.pdb
3975	afm_dropout_full_woTemplates_r3_model_5_multimer_v3_pred_28.pdb
3976	afm_dropout_full_woTemplates_r3_model_5_multimer_v3_pred_29.pdb
3977	afm_dropout_full_woTemplates_r3_model_5_multimer_v3_pred_3.pdb
3978	afm_dropout_full_woTemplates_r3_model_5_multimer_v3_pred_30.pdb
3979	afm_dropout_full_woTemplates_r3_model_5_multimer_v3_pred_31.pdb
3980	afm_dropout_full_woTemplates_r3_model_5_multimer_v3_pred_32.pdb
3981	afm_dropout_full_woTemplates_r3_model_5_multimer_v3_pred_33.pdb
3982	afm_dropout_full_woTemplates_r3_model_5_multimer_v3_pred_34.pdb
3983	afm_dropout_full_woTemplates_r3_model_5_multimer_v3_pred_35.pdb
3984	afm_dropout_full_woTemplates_r3_model_5_multimer_v3_pred_36.pdb
3985	afm_dropout_full_woTemplates_r3_model_5_multimer_v3_pred_37.pdb
3986	afm_dropout_full_woTemplates_r3_model_5_multimer_v3_pred_38.pdb
3987	afm_dropout_full_woTemplates_r3_model_5_multimer_v3_pred_39.pdb
3988	afm_dropout_full_woTemplates_r3_model_5_multimer_v3_pred_4.pdb
3989	afm_dropout_full_woTemplates_r3_model_5_multimer_v3_pred_40.pdb
3990	afm_dropout_full_woTemplates_r3_model_5_multimer_v3_pred_41.pdb
3991	afm_dropout_full_woTemplates_r3_model_5_multimer_v3_pred_42.pdb
3992	afm_dropout_full_woTemplates_r3_model_5_multimer_v3_pred_43.pdb
3993	afm_dropout_full_woTemplates_r3_model_5_multimer_v3_pred_44.pdb
3994	afm_dropout_full_woTemplates_r3_model_5_multimer_v3_pred_45.pdb
3995	afm_dropout_full_woTemplates_r3_model_5_multimer_v3_pred_46.pdb
3996	afm_dropout_full_woTemplates_r3_model_5_multimer_v3_pred_47.pdb
3997	afm_dropout_full_woTemplates_r3_model_5_multimer_v3_pred_48.pdb
3998	afm_dropout_full_woTemplates_r3_model_5_multimer_v3_pred_49.pdb
3999	afm_dropout_full_woTemplates_r3_model_5_multimer_v3_pred_5.pdb
4000	afm_dropout_full_woTemplates_r3_model_5_multimer_v3_pred_50.pdb
4001	afm_dropout_full_woTemplates_r3_model_5_multimer_v3_pred_51.pdb
4002	afm_dropout_full_woTemplates_r3_model_5_multimer_v3_pred_52.pdb
4003	afm_dropout_full_woTemplates_r3_model_5_multimer_v3_pred_53.pdb
4004	afm_dropout_full_woTemplates_r3_model_5_multimer_v3_pred_54.pdb
4005	afm_dropout_full_woTemplates_r3_model_5_multimer_v3_pred_55.pdb
4006	afm_dropout_full_woTemplates_r3_model_5_multimer_v3_pred_56.pdb
4007	afm_dropout_full_woTemplates_r3_model_5_multimer_v3_pred_57.pdb
4008	afm_dropout_full_woTemplates_r3_model_5_multimer_v3_pred_58.pdb
4009	afm_dropout_full_woTemplates_r3_model_5_multimer_v3_pred_59.pdb
4010	afm_dropout_full_woTemplates_r3_model_5_multimer_v3_pred_6.pdb
4011	afm_dropout_full_woTemplates_r3_model_5_multimer_v3_pred_60.pdb
4012	afm_dropout_full_woTemplates_r3_model_5_multimer_v3_pred_61.pdb
4013	afm_dropout_full_woTemplates_r3_model_5_multimer_v3_pred_62.pdb
4014	afm_dropout_full_woTemplates_r3_model_5_multimer_v3_pred_63.pdb
4015	afm_dropout_full_woTemplates_r3_model_5_multimer_v3_pred_64.pdb
4016	afm_dropout_full_woTemplates_r3_model_5_multimer_v3_pred_65.pdb
4017	afm_dropout_full_woTemplates_r3_model_5_multimer_v3_pred_66.pdb
4018	afm_dropout_full_woTemplates_r3_model_5_multimer_v3_pred_7.pdb
4019	afm_dropout_full_woTemplates_r3_model_5_multimer_v3_pred_8.pdb
4020	afm_dropout_full_woTemplates_r3_model_5_multimer_v3_pred_9.pdb
4021	afm_dropout_noSM_woTemplates_model_1_multimer_v1_pred_0.pdb
4022	afm_dropout_noSM_woTemplates_model_1_multimer_v1_pred_1.pdb
4023	afm_dropout_noSM_woTemplates_model_1_multimer_v1_pred_10.pdb
4024	afm_dropout_noSM_woTemplates_model_1_multimer_v1_pred_11.pdb
4025	afm_dropout_noSM_woTemplates_model_1_multimer_v1_pred_12.pdb
4026	afm_dropout_noSM_woTemplates_model_1_multimer_v1_pred_13.pdb
4027	afm_dropout_noSM_woTemplates_model_1_multimer_v1_pred_14.pdb
4028	afm_dropout_noSM_woTemplates_model_1_multimer_v1_pred_15.pdb
4029	afm_dropout_noSM_woTemplates_model_1_multimer_v1_pred_16.pdb
4030	afm_dropout_noSM_woTemplates_model_1_multimer_v1_pred_17.pdb
4031	afm_dropout_noSM_woTemplates_model_1_multimer_v1_pred_18.pdb
4032	afm_dropout_noSM_woTemplates_model_1_multimer_v1_pred_19.pdb
4033	afm_dropout_noSM_woTemplates_model_1_multimer_v1_pred_2.pdb
4034	afm_dropout_noSM_woTemplates_model_1_multimer_v1_pred_20.pdb
4035	afm_dropout_noSM_woTemplates_model_1_multimer_v1_pred_21.pdb
4036	afm_dropout_noSM_woTemplates_model_1_multimer_v1_pred_22.pdb
4037	afm_dropout_noSM_woTemplates_model_1_multimer_v1_pred_23.pdb
4038	afm_dropout_noSM_woTemplates_model_1_multimer_v1_pred_24.pdb
4039	afm_dropout_noSM_woTemplates_model_1_multimer_v1_pred_25.pdb
4040	afm_dropout_noSM_woTemplates_model_1_multimer_v1_pred_26.pdb
4041	afm_dropout_noSM_woTemplates_model_1_multimer_v1_pred_27.pdb
4042	afm_dropout_noSM_woTemplates_model_1_multimer_v1_pred_28.pdb
4043	afm_dropout_noSM_woTemplates_model_1_multimer_v1_pred_29.pdb
4044	afm_dropout_noSM_woTemplates_model_1_multimer_v1_pred_3.pdb
4045	afm_dropout_noSM_woTemplates_model_1_multimer_v1_pred_30.pdb
4046	afm_dropout_noSM_woTemplates_model_1_multimer_v1_pred_31.pdb
4047	afm_dropout_noSM_woTemplates_model_1_multimer_v1_pred_32.pdb
4048	afm_dropout_noSM_woTemplates_model_1_multimer_v1_pred_33.pdb
4049	afm_dropout_noSM_woTemplates_model_1_multimer_v1_pred_34.pdb
4050	afm_dropout_noSM_woTemplates_model_1_multimer_v1_pred_35.pdb
4051	afm_dropout_noSM_woTemplates_model_1_multimer_v1_pred_36.pdb
4052	afm_dropout_noSM_woTemplates_model_1_multimer_v1_pred_37.pdb
4053	afm_dropout_noSM_woTemplates_model_1_multimer_v1_pred_38.pdb
4054	afm_dropout_noSM_woTemplates_model_1_multimer_v1_pred_39.pdb
4055	afm_dropout_noSM_woTemplates_model_1_multimer_v1_pred_4.pdb
4056	afm_dropout_noSM_woTemplates_model_1_multimer_v1_pred_40.pdb
4057	afm_dropout_noSM_woTemplates_model_1_multimer_v1_pred_41.pdb
4058	afm_dropout_noSM_woTemplates_model_1_multimer_v1_pred_42.pdb
4059	afm_dropout_noSM_woTemplates_model_1_multimer_v1_pred_43.pdb
4060	afm_dropout_noSM_woTemplates_model_1_multimer_v1_pred_44.pdb
4061	afm_dropout_noSM_woTemplates_model_1_multimer_v1_pred_45.pdb
4062	afm_dropout_noSM_woTemplates_model_1_multimer_v1_pred_46.pdb
4063	afm_dropout_noSM_woTemplates_model_1_multimer_v1_pred_47.pdb
4064	afm_dropout_noSM_woTemplates_model_1_multimer_v1_pred_48.pdb
4065	afm_dropout_noSM_woTemplates_model_1_multimer_v1_pred_49.pdb
4066	afm_dropout_noSM_woTemplates_model_1_multimer_v1_pred_5.pdb
4067	afm_dropout_noSM_woTemplates_model_1_multimer_v1_pred_50.pdb
4068	afm_dropout_noSM_woTemplates_model_1_multimer_v1_pred_51.pdb
4069	afm_dropout_noSM_woTemplates_model_1_multimer_v1_pred_52.pdb
4070	afm_dropout_noSM_woTemplates_model_1_multimer_v1_pred_53.pdb
4071	afm_dropout_noSM_woTemplates_model_1_multimer_v1_pred_54.pdb
4072	afm_dropout_noSM_woTemplates_model_1_multimer_v1_pred_55.pdb
4073	afm_dropout_noSM_woTemplates_model_1_multimer_v1_pred_56.pdb
4074	afm_dropout_noSM_woTemplates_model_1_multimer_v1_pred_57.pdb
4075	afm_dropout_noSM_woTemplates_model_1_multimer_v1_pred_58.pdb
4076	afm_dropout_noSM_woTemplates_model_1_multimer_v1_pred_59.pdb
4077	afm_dropout_noSM_woTemplates_model_1_multimer_v1_pred_6.pdb
4078	afm_dropout_noSM_woTemplates_model_1_multimer_v1_pred_60.pdb
4079	afm_dropout_noSM_woTemplates_model_1_multimer_v1_pred_61.pdb
4080	afm_dropout_noSM_woTemplates_model_1_multimer_v1_pred_62.pdb
4081	afm_dropout_noSM_woTemplates_model_1_multimer_v1_pred_63.pdb
4082	afm_dropout_noSM_woTemplates_model_1_multimer_v1_pred_64.pdb
4083	afm_dropout_noSM_woTemplates_model_1_multimer_v1_pred_65.pdb
4084	afm_dropout_noSM_woTemplates_model_1_multimer_v1_pred_66.pdb
4085	afm_dropout_noSM_woTemplates_model_1_multimer_v1_pred_7.pdb
4086	afm_dropout_noSM_woTemplates_model_1_multimer_v1_pred_8.pdb
4087	afm_dropout_noSM_woTemplates_model_1_multimer_v1_pred_9.pdb
4088	afm_dropout_noSM_woTemplates_model_1_multimer_v2_pred_0.pdb
4089	afm_dropout_noSM_woTemplates_model_1_multimer_v2_pred_1.pdb
4090	afm_dropout_noSM_woTemplates_model_1_multimer_v2_pred_10.pdb
4091	afm_dropout_noSM_woTemplates_model_1_multimer_v2_pred_11.pdb
4092	afm_dropout_noSM_woTemplates_model_1_multimer_v2_pred_12.pdb
4093	afm_dropout_noSM_woTemplates_model_1_multimer_v2_pred_13.pdb
4094	afm_dropout_noSM_woTemplates_model_1_multimer_v2_pred_14.pdb
4095	afm_dropout_noSM_woTemplates_model_1_multimer_v2_pred_15.pdb
4096	afm_dropout_noSM_woTemplates_model_1_multimer_v2_pred_16.pdb
4097	afm_dropout_noSM_woTemplates_model_1_multimer_v2_pred_17.pdb
4098	afm_dropout_noSM_woTemplates_model_1_multimer_v2_pred_18.pdb
4099	afm_dropout_noSM_woTemplates_model_1_multimer_v2_pred_19.pdb
4100	afm_dropout_noSM_woTemplates_model_1_multimer_v2_pred_2.pdb
4101	afm_dropout_noSM_woTemplates_model_1_multimer_v2_pred_20.pdb
4102	afm_dropout_noSM_woTemplates_model_1_multimer_v2_pred_21.pdb
4103	afm_dropout_noSM_woTemplates_model_1_multimer_v2_pred_22.pdb
4104	afm_dropout_noSM_woTemplates_model_1_multimer_v2_pred_23.pdb
4105	afm_dropout_noSM_woTemplates_model_1_multimer_v2_pred_24.pdb
4106	afm_dropout_noSM_woTemplates_model_1_multimer_v2_pred_25.pdb
4107	afm_dropout_noSM_woTemplates_model_1_multimer_v2_pred_26.pdb
4108	afm_dropout_noSM_woTemplates_model_1_multimer_v2_pred_27.pdb
4109	afm_dropout_noSM_woTemplates_model_1_multimer_v2_pred_28.pdb
4110	afm_dropout_noSM_woTemplates_model_1_multimer_v2_pred_29.pdb
4111	afm_dropout_noSM_woTemplates_model_1_multimer_v2_pred_3.pdb
4112	afm_dropout_noSM_woTemplates_model_1_multimer_v2_pred_30.pdb
4113	afm_dropout_noSM_woTemplates_model_1_multimer_v2_pred_31.pdb
4114	afm_dropout_noSM_woTemplates_model_1_multimer_v2_pred_32.pdb
4115	afm_dropout_noSM_woTemplates_model_1_multimer_v2_pred_33.pdb
4116	afm_dropout_noSM_woTemplates_model_1_multimer_v2_pred_34.pdb
4117	afm_dropout_noSM_woTemplates_model_1_multimer_v2_pred_35.pdb
4118	afm_dropout_noSM_woTemplates_model_1_multimer_v2_pred_36.pdb
4119	afm_dropout_noSM_woTemplates_model_1_multimer_v2_pred_37.pdb
4120	afm_dropout_noSM_woTemplates_model_1_multimer_v2_pred_38.pdb
4121	afm_dropout_noSM_woTemplates_model_1_multimer_v2_pred_39.pdb
4122	afm_dropout_noSM_woTemplates_model_1_multimer_v2_pred_4.pdb
4123	afm_dropout_noSM_woTemplates_model_1_multimer_v2_pred_40.pdb
4124	afm_dropout_noSM_woTemplates_model_1_multimer_v2_pred_41.pdb
4125	afm_dropout_noSM_woTemplates_model_1_multimer_v2_pred_42.pdb
4126	afm_dropout_noSM_woTemplates_model_1_multimer_v2_pred_43.pdb
4127	afm_dropout_noSM_woTemplates_model_1_multimer_v2_pred_44.pdb
4128	afm_dropout_noSM_woTemplates_model_1_multimer_v2_pred_45.pdb
4129	afm_dropout_noSM_woTemplates_model_1_multimer_v2_pred_46.pdb
4130	afm_dropout_noSM_woTemplates_model_1_multimer_v2_pred_47.pdb
4131	afm_dropout_noSM_woTemplates_model_1_multimer_v2_pred_48.pdb
4132	afm_dropout_noSM_woTemplates_model_1_multimer_v2_pred_49.pdb
4133	afm_dropout_noSM_woTemplates_model_1_multimer_v2_pred_5.pdb
4134	afm_dropout_noSM_woTemplates_model_1_multimer_v2_pred_50.pdb
4135	afm_dropout_noSM_woTemplates_model_1_multimer_v2_pred_51.pdb
4136	afm_dropout_noSM_woTemplates_model_1_multimer_v2_pred_52.pdb
4137	afm_dropout_noSM_woTemplates_model_1_multimer_v2_pred_53.pdb
4138	afm_dropout_noSM_woTemplates_model_1_multimer_v2_pred_54.pdb
4139	afm_dropout_noSM_woTemplates_model_1_multimer_v2_pred_55.pdb
4140	afm_dropout_noSM_woTemplates_model_1_multimer_v2_pred_56.pdb
4141	afm_dropout_noSM_woTemplates_model_1_multimer_v2_pred_57.pdb
4142	afm_dropout_noSM_woTemplates_model_1_multimer_v2_pred_58.pdb
4143	afm_dropout_noSM_woTemplates_model_1_multimer_v2_pred_59.pdb
4144	afm_dropout_noSM_woTemplates_model_1_multimer_v2_pred_6.pdb
4145	afm_dropout_noSM_woTemplates_model_1_multimer_v2_pred_60.pdb
4146	afm_dropout_noSM_woTemplates_model_1_multimer_v2_pred_61.pdb
4147	afm_dropout_noSM_woTemplates_model_1_multimer_v2_pred_62.pdb
4148	afm_dropout_noSM_woTemplates_model_1_multimer_v2_pred_63.pdb
4149	afm_dropout_noSM_woTemplates_model_1_multimer_v2_pred_64.pdb
4150	afm_dropout_noSM_woTemplates_model_1_multimer_v2_pred_65.pdb
4151	afm_dropout_noSM_woTemplates_model_1_multimer_v2_pred_66.pdb
4152	afm_dropout_noSM_woTemplates_model_1_multimer_v2_pred_7.pdb
4153	afm_dropout_noSM_woTemplates_model_1_multimer_v2_pred_8.pdb
4154	afm_dropout_noSM_woTemplates_model_1_multimer_v2_pred_9.pdb
4155	afm_dropout_noSM_woTemplates_model_1_multimer_v3_pred_0.pdb
4156	afm_dropout_noSM_woTemplates_model_1_multimer_v3_pred_1.pdb
4157	afm_dropout_noSM_woTemplates_model_1_multimer_v3_pred_10.pdb
4158	afm_dropout_noSM_woTemplates_model_1_multimer_v3_pred_11.pdb
4159	afm_dropout_noSM_woTemplates_model_1_multimer_v3_pred_12.pdb
4160	afm_dropout_noSM_woTemplates_model_1_multimer_v3_pred_13.pdb
4161	afm_dropout_noSM_woTemplates_model_1_multimer_v3_pred_14.pdb
4162	afm_dropout_noSM_woTemplates_model_1_multimer_v3_pred_15.pdb
4163	afm_dropout_noSM_woTemplates_model_1_multimer_v3_pred_16.pdb
4164	afm_dropout_noSM_woTemplates_model_1_multimer_v3_pred_17.pdb
4165	afm_dropout_noSM_woTemplates_model_1_multimer_v3_pred_18.pdb
4166	afm_dropout_noSM_woTemplates_model_1_multimer_v3_pred_19.pdb
4167	afm_dropout_noSM_woTemplates_model_1_multimer_v3_pred_2.pdb
4168	afm_dropout_noSM_woTemplates_model_1_multimer_v3_pred_20.pdb
4169	afm_dropout_noSM_woTemplates_model_1_multimer_v3_pred_21.pdb
4170	afm_dropout_noSM_woTemplates_model_1_multimer_v3_pred_22.pdb
4171	afm_dropout_noSM_woTemplates_model_1_multimer_v3_pred_23.pdb
4172	afm_dropout_noSM_woTemplates_model_1_multimer_v3_pred_24.pdb
4173	afm_dropout_noSM_woTemplates_model_1_multimer_v3_pred_25.pdb
4174	afm_dropout_noSM_woTemplates_model_1_multimer_v3_pred_26.pdb
4175	afm_dropout_noSM_woTemplates_model_1_multimer_v3_pred_27.pdb
4176	afm_dropout_noSM_woTemplates_model_1_multimer_v3_pred_28.pdb
4177	afm_dropout_noSM_woTemplates_model_1_multimer_v3_pred_29.pdb
4178	afm_dropout_noSM_woTemplates_model_1_multimer_v3_pred_3.pdb
4179	afm_dropout_noSM_woTemplates_model_1_multimer_v3_pred_30.pdb
4180	afm_dropout_noSM_woTemplates_model_1_multimer_v3_pred_31.pdb
4181	afm_dropout_noSM_woTemplates_model_1_multimer_v3_pred_32.pdb
4182	afm_dropout_noSM_woTemplates_model_1_multimer_v3_pred_33.pdb
4183	afm_dropout_noSM_woTemplates_model_1_multimer_v3_pred_34.pdb
4184	afm_dropout_noSM_woTemplates_model_1_multimer_v3_pred_35.pdb
4185	afm_dropout_noSM_woTemplates_model_1_multimer_v3_pred_36.pdb
4186	afm_dropout_noSM_woTemplates_model_1_multimer_v3_pred_37.pdb
4187	afm_dropout_noSM_woTemplates_model_1_multimer_v3_pred_38.pdb
4188	afm_dropout_noSM_woTemplates_model_1_multimer_v3_pred_39.pdb
4189	afm_dropout_noSM_woTemplates_model_1_multimer_v3_pred_4.pdb
4190	afm_dropout_noSM_woTemplates_model_1_multimer_v3_pred_40.pdb
4191	afm_dropout_noSM_woTemplates_model_1_multimer_v3_pred_41.pdb
4192	afm_dropout_noSM_woTemplates_model_1_multimer_v3_pred_42.pdb
4193	afm_dropout_noSM_woTemplates_model_1_multimer_v3_pred_43.pdb
4194	afm_dropout_noSM_woTemplates_model_1_multimer_v3_pred_44.pdb
4195	afm_dropout_noSM_woTemplates_model_1_multimer_v3_pred_45.pdb
4196	afm_dropout_noSM_woTemplates_model_1_multimer_v3_pred_46.pdb
4197	afm_dropout_noSM_woTemplates_model_1_multimer_v3_pred_47.pdb
4198	afm_dropout_noSM_woTemplates_model_1_multimer_v3_pred_48.pdb
4199	afm_dropout_noSM_woTemplates_model_1_multimer_v3_pred_49.pdb
4200	afm_dropout_noSM_woTemplates_model_1_multimer_v3_pred_5.pdb
4201	afm_dropout_noSM_woTemplates_model_1_multimer_v3_pred_50.pdb
4202	afm_dropout_noSM_woTemplates_model_1_multimer_v3_pred_51.pdb
4203	afm_dropout_noSM_woTemplates_model_1_multimer_v3_pred_52.pdb
4204	afm_dropout_noSM_woTemplates_model_1_multimer_v3_pred_53.pdb
4205	afm_dropout_noSM_woTemplates_model_1_multimer_v3_pred_54.pdb
4206	afm_dropout_noSM_woTemplates_model_1_multimer_v3_pred_55.pdb
4207	afm_dropout_noSM_woTemplates_model_1_multimer_v3_pred_56.pdb
4208	afm_dropout_noSM_woTemplates_model_1_multimer_v3_pred_57.pdb
4209	afm_dropout_noSM_woTemplates_model_1_multimer_v3_pred_58.pdb
4210	afm_dropout_noSM_woTemplates_model_1_multimer_v3_pred_59.pdb
4211	afm_dropout_noSM_woTemplates_model_1_multimer_v3_pred_6.pdb
4212	afm_dropout_noSM_woTemplates_model_1_multimer_v3_pred_60.pdb
4213	afm_dropout_noSM_woTemplates_model_1_multimer_v3_pred_61.pdb
4214	afm_dropout_noSM_woTemplates_model_1_multimer_v3_pred_62.pdb
4215	afm_dropout_noSM_woTemplates_model_1_multimer_v3_pred_63.pdb
4216	afm_dropout_noSM_woTemplates_model_1_multimer_v3_pred_64.pdb
4217	afm_dropout_noSM_woTemplates_model_1_multimer_v3_pred_65.pdb
4218	afm_dropout_noSM_woTemplates_model_1_multimer_v3_pred_66.pdb
4219	afm_dropout_noSM_woTemplates_model_1_multimer_v3_pred_7.pdb
4220	afm_dropout_noSM_woTemplates_model_1_multimer_v3_pred_8.pdb
4221	afm_dropout_noSM_woTemplates_model_1_multimer_v3_pred_9.pdb
4222	afm_dropout_noSM_woTemplates_model_2_multimer_v1_pred_0.pdb
4223	afm_dropout_noSM_woTemplates_model_2_multimer_v1_pred_1.pdb
4224	afm_dropout_noSM_woTemplates_model_2_multimer_v1_pred_10.pdb
4225	afm_dropout_noSM_woTemplates_model_2_multimer_v1_pred_11.pdb
4226	afm_dropout_noSM_woTemplates_model_2_multimer_v1_pred_12.pdb
4227	afm_dropout_noSM_woTemplates_model_2_multimer_v1_pred_13.pdb
4228	afm_dropout_noSM_woTemplates_model_2_multimer_v1_pred_14.pdb
4229	afm_dropout_noSM_woTemplates_model_2_multimer_v1_pred_15.pdb
4230	afm_dropout_noSM_woTemplates_model_2_multimer_v1_pred_16.pdb
4231	afm_dropout_noSM_woTemplates_model_2_multimer_v1_pred_17.pdb
4232	afm_dropout_noSM_woTemplates_model_2_multimer_v1_pred_18.pdb
4233	afm_dropout_noSM_woTemplates_model_2_multimer_v1_pred_19.pdb
4234	afm_dropout_noSM_woTemplates_model_2_multimer_v1_pred_2.pdb
4235	afm_dropout_noSM_woTemplates_model_2_multimer_v1_pred_20.pdb
4236	afm_dropout_noSM_woTemplates_model_2_multimer_v1_pred_21.pdb
4237	afm_dropout_noSM_woTemplates_model_2_multimer_v1_pred_22.pdb
4238	afm_dropout_noSM_woTemplates_model_2_multimer_v1_pred_23.pdb
4239	afm_dropout_noSM_woTemplates_model_2_multimer_v1_pred_24.pdb
4240	afm_dropout_noSM_woTemplates_model_2_multimer_v1_pred_25.pdb
4241	afm_dropout_noSM_woTemplates_model_2_multimer_v1_pred_26.pdb
4242	afm_dropout_noSM_woTemplates_model_2_multimer_v1_pred_27.pdb
4243	afm_dropout_noSM_woTemplates_model_2_multimer_v1_pred_28.pdb
4244	afm_dropout_noSM_woTemplates_model_2_multimer_v1_pred_29.pdb
4245	afm_dropout_noSM_woTemplates_model_2_multimer_v1_pred_3.pdb
4246	afm_dropout_noSM_woTemplates_model_2_multimer_v1_pred_30.pdb
4247	afm_dropout_noSM_woTemplates_model_2_multimer_v1_pred_31.pdb
4248	afm_dropout_noSM_woTemplates_model_2_multimer_v1_pred_32.pdb
4249	afm_dropout_noSM_woTemplates_model_2_multimer_v1_pred_33.pdb
4250	afm_dropout_noSM_woTemplates_model_2_multimer_v1_pred_34.pdb
4251	afm_dropout_noSM_woTemplates_model_2_multimer_v1_pred_35.pdb
4252	afm_dropout_noSM_woTemplates_model_2_multimer_v1_pred_36.pdb
4253	afm_dropout_noSM_woTemplates_model_2_multimer_v1_pred_37.pdb
4254	afm_dropout_noSM_woTemplates_model_2_multimer_v1_pred_38.pdb
4255	afm_dropout_noSM_woTemplates_model_2_multimer_v1_pred_39.pdb
4256	afm_dropout_noSM_woTemplates_model_2_multimer_v1_pred_4.pdb
4257	afm_dropout_noSM_woTemplates_model_2_multimer_v1_pred_40.pdb
4258	afm_dropout_noSM_woTemplates_model_2_multimer_v1_pred_41.pdb
4259	afm_dropout_noSM_woTemplates_model_2_multimer_v1_pred_42.pdb
4260	afm_dropout_noSM_woTemplates_model_2_multimer_v1_pred_43.pdb
4261	afm_dropout_noSM_woTemplates_model_2_multimer_v1_pred_44.pdb
4262	afm_dropout_noSM_woTemplates_model_2_multimer_v1_pred_45.pdb
4263	afm_dropout_noSM_woTemplates_model_2_multimer_v1_pred_46.pdb
4264	afm_dropout_noSM_woTemplates_model_2_multimer_v1_pred_47.pdb
4265	afm_dropout_noSM_woTemplates_model_2_multimer_v1_pred_48.pdb
4266	afm_dropout_noSM_woTemplates_model_2_multimer_v1_pred_49.pdb
4267	afm_dropout_noSM_woTemplates_model_2_multimer_v1_pred_5.pdb
4268	afm_dropout_noSM_woTemplates_model_2_multimer_v1_pred_50.pdb
4269	afm_dropout_noSM_woTemplates_model_2_multimer_v1_pred_51.pdb
4270	afm_dropout_noSM_woTemplates_model_2_multimer_v1_pred_52.pdb
4271	afm_dropout_noSM_woTemplates_model_2_multimer_v1_pred_53.pdb
4272	afm_dropout_noSM_woTemplates_model_2_multimer_v1_pred_54.pdb
4273	afm_dropout_noSM_woTemplates_model_2_multimer_v1_pred_55.pdb
4274	afm_dropout_noSM_woTemplates_model_2_multimer_v1_pred_56.pdb
4275	afm_dropout_noSM_woTemplates_model_2_multimer_v1_pred_57.pdb
4276	afm_dropout_noSM_woTemplates_model_2_multimer_v1_pred_58.pdb
4277	afm_dropout_noSM_woTemplates_model_2_multimer_v1_pred_59.pdb
4278	afm_dropout_noSM_woTemplates_model_2_multimer_v1_pred_6.pdb
4279	afm_dropout_noSM_woTemplates_model_2_multimer_v1_pred_60.pdb
4280	afm_dropout_noSM_woTemplates_model_2_multimer_v1_pred_61.pdb
4281	afm_dropout_noSM_woTemplates_model_2_multimer_v1_pred_62.pdb
4282	afm_dropout_noSM_woTemplates_model_2_multimer_v1_pred_63.pdb
4283	afm_dropout_noSM_woTemplates_model_2_multimer_v1_pred_64.pdb
4284	afm_dropout_noSM_woTemplates_model_2_multimer_v1_pred_65.pdb
4285	afm_dropout_noSM_woTemplates_model_2_multimer_v1_pred_66.pdb
4286	afm_dropout_noSM_woTemplates_model_2_multimer_v1_pred_7.pdb
4287	afm_dropout_noSM_woTemplates_model_2_multimer_v1_pred_8.pdb
4288	afm_dropout_noSM_woTemplates_model_2_multimer_v1_pred_9.pdb
4289	afm_dropout_noSM_woTemplates_model_2_multimer_v2_pred_0.pdb
4290	afm_dropout_noSM_woTemplates_model_2_multimer_v2_pred_1.pdb
4291	afm_dropout_noSM_woTemplates_model_2_multimer_v2_pred_10.pdb
4292	afm_dropout_noSM_woTemplates_model_2_multimer_v2_pred_11.pdb
4293	afm_dropout_noSM_woTemplates_model_2_multimer_v2_pred_12.pdb
4294	afm_dropout_noSM_woTemplates_model_2_multimer_v2_pred_13.pdb
4295	afm_dropout_noSM_woTemplates_model_2_multimer_v2_pred_14.pdb
4296	afm_dropout_noSM_woTemplates_model_2_multimer_v2_pred_15.pdb
4297	afm_dropout_noSM_woTemplates_model_2_multimer_v2_pred_16.pdb
4298	afm_dropout_noSM_woTemplates_model_2_multimer_v2_pred_17.pdb
4299	afm_dropout_noSM_woTemplates_model_2_multimer_v2_pred_18.pdb
4300	afm_dropout_noSM_woTemplates_model_2_multimer_v2_pred_19.pdb
4301	afm_dropout_noSM_woTemplates_model_2_multimer_v2_pred_2.pdb
4302	afm_dropout_noSM_woTemplates_model_2_multimer_v2_pred_20.pdb
4303	afm_dropout_noSM_woTemplates_model_2_multimer_v2_pred_21.pdb
4304	afm_dropout_noSM_woTemplates_model_2_multimer_v2_pred_22.pdb
4305	afm_dropout_noSM_woTemplates_model_2_multimer_v2_pred_23.pdb
4306	afm_dropout_noSM_woTemplates_model_2_multimer_v2_pred_24.pdb
4307	afm_dropout_noSM_woTemplates_model_2_multimer_v2_pred_25.pdb
4308	afm_dropout_noSM_woTemplates_model_2_multimer_v2_pred_26.pdb
4309	afm_dropout_noSM_woTemplates_model_2_multimer_v2_pred_27.pdb
4310	afm_dropout_noSM_woTemplates_model_2_multimer_v2_pred_28.pdb
4311	afm_dropout_noSM_woTemplates_model_2_multimer_v2_pred_29.pdb
4312	afm_dropout_noSM_woTemplates_model_2_multimer_v2_pred_3.pdb
4313	afm_dropout_noSM_woTemplates_model_2_multimer_v2_pred_30.pdb
4314	afm_dropout_noSM_woTemplates_model_2_multimer_v2_pred_31.pdb
4315	afm_dropout_noSM_woTemplates_model_2_multimer_v2_pred_32.pdb
4316	afm_dropout_noSM_woTemplates_model_2_multimer_v2_pred_33.pdb
4317	afm_dropout_noSM_woTemplates_model_2_multimer_v2_pred_34.pdb
4318	afm_dropout_noSM_woTemplates_model_2_multimer_v2_pred_35.pdb
4319	afm_dropout_noSM_woTemplates_model_2_multimer_v2_pred_36.pdb
4320	afm_dropout_noSM_woTemplates_model_2_multimer_v2_pred_37.pdb
4321	afm_dropout_noSM_woTemplates_model_2_multimer_v2_pred_38.pdb
4322	afm_dropout_noSM_woTemplates_model_2_multimer_v2_pred_39.pdb
4323	afm_dropout_noSM_woTemplates_model_2_multimer_v2_pred_4.pdb
4324	afm_dropout_noSM_woTemplates_model_2_multimer_v2_pred_40.pdb
4325	afm_dropout_noSM_woTemplates_model_2_multimer_v2_pred_41.pdb
4326	afm_dropout_noSM_woTemplates_model_2_multimer_v2_pred_42.pdb
4327	afm_dropout_noSM_woTemplates_model_2_multimer_v2_pred_43.pdb
4328	afm_dropout_noSM_woTemplates_model_2_multimer_v2_pred_44.pdb
4329	afm_dropout_noSM_woTemplates_model_2_multimer_v2_pred_45.pdb
4330	afm_dropout_noSM_woTemplates_model_2_multimer_v2_pred_46.pdb
4331	afm_dropout_noSM_woTemplates_model_2_multimer_v2_pred_47.pdb
4332	afm_dropout_noSM_woTemplates_model_2_multimer_v2_pred_48.pdb
4333	afm_dropout_noSM_woTemplates_model_2_multimer_v2_pred_49.pdb
4334	afm_dropout_noSM_woTemplates_model_2_multimer_v2_pred_5.pdb
4335	afm_dropout_noSM_woTemplates_model_2_multimer_v2_pred_50.pdb
4336	afm_dropout_noSM_woTemplates_model_2_multimer_v2_pred_51.pdb
4337	afm_dropout_noSM_woTemplates_model_2_multimer_v2_pred_52.pdb
4338	afm_dropout_noSM_woTemplates_model_2_multimer_v2_pred_53.pdb
4339	afm_dropout_noSM_woTemplates_model_2_multimer_v2_pred_54.pdb
4340	afm_dropout_noSM_woTemplates_model_2_multimer_v2_pred_55.pdb
4341	afm_dropout_noSM_woTemplates_model_2_multimer_v2_pred_56.pdb
4342	afm_dropout_noSM_woTemplates_model_2_multimer_v2_pred_57.pdb
4343	afm_dropout_noSM_woTemplates_model_2_multimer_v2_pred_58.pdb
4344	afm_dropout_noSM_woTemplates_model_2_multimer_v2_pred_59.pdb
4345	afm_dropout_noSM_woTemplates_model_2_multimer_v2_pred_6.pdb
4346	afm_dropout_noSM_woTemplates_model_2_multimer_v2_pred_60.pdb
4347	afm_dropout_noSM_woTemplates_model_2_multimer_v2_pred_61.pdb
4348	afm_dropout_noSM_woTemplates_model_2_multimer_v2_pred_62.pdb
4349	afm_dropout_noSM_woTemplates_model_2_multimer_v2_pred_63.pdb
4350	afm_dropout_noSM_woTemplates_model_2_multimer_v2_pred_64.pdb
4351	afm_dropout_noSM_woTemplates_model_2_multimer_v2_pred_65.pdb
4352	afm_dropout_noSM_woTemplates_model_2_multimer_v2_pred_66.pdb
4353	afm_dropout_noSM_woTemplates_model_2_multimer_v2_pred_7.pdb
4354	afm_dropout_noSM_woTemplates_model_2_multimer_v2_pred_8.pdb
4355	afm_dropout_noSM_woTemplates_model_2_multimer_v2_pred_9.pdb
4356	afm_dropout_noSM_woTemplates_model_2_multimer_v3_pred_0.pdb
4357	afm_dropout_noSM_woTemplates_model_2_multimer_v3_pred_1.pdb
4358	afm_dropout_noSM_woTemplates_model_2_multimer_v3_pred_10.pdb
4359	afm_dropout_noSM_woTemplates_model_2_multimer_v3_pred_11.pdb
4360	afm_dropout_noSM_woTemplates_model_2_multimer_v3_pred_12.pdb
4361	afm_dropout_noSM_woTemplates_model_2_multimer_v3_pred_13.pdb
4362	afm_dropout_noSM_woTemplates_model_2_multimer_v3_pred_14.pdb
4363	afm_dropout_noSM_woTemplates_model_2_multimer_v3_pred_15.pdb
4364	afm_dropout_noSM_woTemplates_model_2_multimer_v3_pred_16.pdb
4365	afm_dropout_noSM_woTemplates_model_2_multimer_v3_pred_17.pdb
4366	afm_dropout_noSM_woTemplates_model_2_multimer_v3_pred_18.pdb
4367	afm_dropout_noSM_woTemplates_model_2_multimer_v3_pred_19.pdb
4368	afm_dropout_noSM_woTemplates_model_2_multimer_v3_pred_2.pdb
4369	afm_dropout_noSM_woTemplates_model_2_multimer_v3_pred_20.pdb
4370	afm_dropout_noSM_woTemplates_model_2_multimer_v3_pred_21.pdb
4371	afm_dropout_noSM_woTemplates_model_2_multimer_v3_pred_22.pdb
4372	afm_dropout_noSM_woTemplates_model_2_multimer_v3_pred_23.pdb
4373	afm_dropout_noSM_woTemplates_model_2_multimer_v3_pred_24.pdb
4374	afm_dropout_noSM_woTemplates_model_2_multimer_v3_pred_25.pdb
4375	afm_dropout_noSM_woTemplates_model_2_multimer_v3_pred_26.pdb
4376	afm_dropout_noSM_woTemplates_model_2_multimer_v3_pred_27.pdb
4377	afm_dropout_noSM_woTemplates_model_2_multimer_v3_pred_28.pdb
4378	afm_dropout_noSM_woTemplates_model_2_multimer_v3_pred_29.pdb
4379	afm_dropout_noSM_woTemplates_model_2_multimer_v3_pred_3.pdb
4380	afm_dropout_noSM_woTemplates_model_2_multimer_v3_pred_30.pdb
4381	afm_dropout_noSM_woTemplates_model_2_multimer_v3_pred_31.pdb
4382	afm_dropout_noSM_woTemplates_model_2_multimer_v3_pred_32.pdb
4383	afm_dropout_noSM_woTemplates_model_2_multimer_v3_pred_33.pdb
4384	afm_dropout_noSM_woTemplates_model_2_multimer_v3_pred_34.pdb
4385	afm_dropout_noSM_woTemplates_model_2_multimer_v3_pred_35.pdb
4386	afm_dropout_noSM_woTemplates_model_2_multimer_v3_pred_36.pdb
4387	afm_dropout_noSM_woTemplates_model_2_multimer_v3_pred_37.pdb
4388	afm_dropout_noSM_woTemplates_model_2_multimer_v3_pred_38.pdb
4389	afm_dropout_noSM_woTemplates_model_2_multimer_v3_pred_39.pdb
4390	afm_dropout_noSM_woTemplates_model_2_multimer_v3_pred_4.pdb
4391	afm_dropout_noSM_woTemplates_model_2_multimer_v3_pred_40.pdb
4392	afm_dropout_noSM_woTemplates_model_2_multimer_v3_pred_41.pdb
4393	afm_dropout_noSM_woTemplates_model_2_multimer_v3_pred_42.pdb
4394	afm_dropout_noSM_woTemplates_model_2_multimer_v3_pred_43.pdb
4395	afm_dropout_noSM_woTemplates_model_2_multimer_v3_pred_44.pdb
4396	afm_dropout_noSM_woTemplates_model_2_multimer_v3_pred_45.pdb
4397	afm_dropout_noSM_woTemplates_model_2_multimer_v3_pred_46.pdb
4398	afm_dropout_noSM_woTemplates_model_2_multimer_v3_pred_47.pdb
4399	afm_dropout_noSM_woTemplates_model_2_multimer_v3_pred_48.pdb
4400	afm_dropout_noSM_woTemplates_model_2_multimer_v3_pred_49.pdb
4401	afm_dropout_noSM_woTemplates_model_2_multimer_v3_pred_5.pdb
4402	afm_dropout_noSM_woTemplates_model_2_multimer_v3_pred_50.pdb
4403	afm_dropout_noSM_woTemplates_model_2_multimer_v3_pred_51.pdb
4404	afm_dropout_noSM_woTemplates_model_2_multimer_v3_pred_52.pdb
4405	afm_dropout_noSM_woTemplates_model_2_multimer_v3_pred_53.pdb
4406	afm_dropout_noSM_woTemplates_model_2_multimer_v3_pred_54.pdb
4407	afm_dropout_noSM_woTemplates_model_2_multimer_v3_pred_55.pdb
4408	afm_dropout_noSM_woTemplates_model_2_multimer_v3_pred_56.pdb
4409	afm_dropout_noSM_woTemplates_model_2_multimer_v3_pred_57.pdb
4410	afm_dropout_noSM_woTemplates_model_2_multimer_v3_pred_58.pdb
4411	afm_dropout_noSM_woTemplates_model_2_multimer_v3_pred_59.pdb
4412	afm_dropout_noSM_woTemplates_model_2_multimer_v3_pred_6.pdb
4413	afm_dropout_noSM_woTemplates_model_2_multimer_v3_pred_60.pdb
4414	afm_dropout_noSM_woTemplates_model_2_multimer_v3_pred_61.pdb
4415	afm_dropout_noSM_woTemplates_model_2_multimer_v3_pred_62.pdb
4416	afm_dropout_noSM_woTemplates_model_2_multimer_v3_pred_63.pdb
4417	afm_dropout_noSM_woTemplates_model_2_multimer_v3_pred_64.pdb
4418	afm_dropout_noSM_woTemplates_model_2_multimer_v3_pred_65.pdb
4419	afm_dropout_noSM_woTemplates_model_2_multimer_v3_pred_66.pdb
4420	afm_dropout_noSM_woTemplates_model_2_multimer_v3_pred_7.pdb
4421	afm_dropout_noSM_woTemplates_model_2_multimer_v3_pred_8.pdb
4422	afm_dropout_noSM_woTemplates_model_2_multimer_v3_pred_9.pdb
4423	afm_dropout_noSM_woTemplates_model_3_multimer_v1_pred_0.pdb
4424	afm_dropout_noSM_woTemplates_model_3_multimer_v1_pred_1.pdb
4425	afm_dropout_noSM_woTemplates_model_3_multimer_v1_pred_10.pdb
4426	afm_dropout_noSM_woTemplates_model_3_multimer_v1_pred_11.pdb
4427	afm_dropout_noSM_woTemplates_model_3_multimer_v1_pred_12.pdb
4428	afm_dropout_noSM_woTemplates_model_3_multimer_v1_pred_13.pdb
4429	afm_dropout_noSM_woTemplates_model_3_multimer_v1_pred_14.pdb
4430	afm_dropout_noSM_woTemplates_model_3_multimer_v1_pred_15.pdb
4431	afm_dropout_noSM_woTemplates_model_3_multimer_v1_pred_16.pdb
4432	afm_dropout_noSM_woTemplates_model_3_multimer_v1_pred_17.pdb
4433	afm_dropout_noSM_woTemplates_model_3_multimer_v1_pred_18.pdb
4434	afm_dropout_noSM_woTemplates_model_3_multimer_v1_pred_19.pdb
4435	afm_dropout_noSM_woTemplates_model_3_multimer_v1_pred_2.pdb
4436	afm_dropout_noSM_woTemplates_model_3_multimer_v1_pred_20.pdb
4437	afm_dropout_noSM_woTemplates_model_3_multimer_v1_pred_21.pdb
4438	afm_dropout_noSM_woTemplates_model_3_multimer_v1_pred_22.pdb
4439	afm_dropout_noSM_woTemplates_model_3_multimer_v1_pred_23.pdb
4440	afm_dropout_noSM_woTemplates_model_3_multimer_v1_pred_24.pdb
4441	afm_dropout_noSM_woTemplates_model_3_multimer_v1_pred_25.pdb
4442	afm_dropout_noSM_woTemplates_model_3_multimer_v1_pred_26.pdb
4443	afm_dropout_noSM_woTemplates_model_3_multimer_v1_pred_27.pdb
4444	afm_dropout_noSM_woTemplates_model_3_multimer_v1_pred_28.pdb
4445	afm_dropout_noSM_woTemplates_model_3_multimer_v1_pred_29.pdb
4446	afm_dropout_noSM_woTemplates_model_3_multimer_v1_pred_3.pdb
4447	afm_dropout_noSM_woTemplates_model_3_multimer_v1_pred_30.pdb
4448	afm_dropout_noSM_woTemplates_model_3_multimer_v1_pred_31.pdb
4449	afm_dropout_noSM_woTemplates_model_3_multimer_v1_pred_32.pdb
4450	afm_dropout_noSM_woTemplates_model_3_multimer_v1_pred_33.pdb
4451	afm_dropout_noSM_woTemplates_model_3_multimer_v1_pred_34.pdb
4452	afm_dropout_noSM_woTemplates_model_3_multimer_v1_pred_35.pdb
4453	afm_dropout_noSM_woTemplates_model_3_multimer_v1_pred_36.pdb
4454	afm_dropout_noSM_woTemplates_model_3_multimer_v1_pred_37.pdb
4455	afm_dropout_noSM_woTemplates_model_3_multimer_v1_pred_38.pdb
4456	afm_dropout_noSM_woTemplates_model_3_multimer_v1_pred_39.pdb
4457	afm_dropout_noSM_woTemplates_model_3_multimer_v1_pred_4.pdb
4458	afm_dropout_noSM_woTemplates_model_3_multimer_v1_pred_40.pdb
4459	afm_dropout_noSM_woTemplates_model_3_multimer_v1_pred_41.pdb
4460	afm_dropout_noSM_woTemplates_model_3_multimer_v1_pred_42.pdb
4461	afm_dropout_noSM_woTemplates_model_3_multimer_v1_pred_43.pdb
4462	afm_dropout_noSM_woTemplates_model_3_multimer_v1_pred_44.pdb
4463	afm_dropout_noSM_woTemplates_model_3_multimer_v1_pred_45.pdb
4464	afm_dropout_noSM_woTemplates_model_3_multimer_v1_pred_46.pdb
4465	afm_dropout_noSM_woTemplates_model_3_multimer_v1_pred_47.pdb
4466	afm_dropout_noSM_woTemplates_model_3_multimer_v1_pred_48.pdb
4467	afm_dropout_noSM_woTemplates_model_3_multimer_v1_pred_49.pdb
4468	afm_dropout_noSM_woTemplates_model_3_multimer_v1_pred_5.pdb
4469	afm_dropout_noSM_woTemplates_model_3_multimer_v1_pred_50.pdb
4470	afm_dropout_noSM_woTemplates_model_3_multimer_v1_pred_51.pdb
4471	afm_dropout_noSM_woTemplates_model_3_multimer_v1_pred_52.pdb
4472	afm_dropout_noSM_woTemplates_model_3_multimer_v1_pred_53.pdb
4473	afm_dropout_noSM_woTemplates_model_3_multimer_v1_pred_54.pdb
4474	afm_dropout_noSM_woTemplates_model_3_multimer_v1_pred_55.pdb
4475	afm_dropout_noSM_woTemplates_model_3_multimer_v1_pred_56.pdb
4476	afm_dropout_noSM_woTemplates_model_3_multimer_v1_pred_57.pdb
4477	afm_dropout_noSM_woTemplates_model_3_multimer_v1_pred_58.pdb
4478	afm_dropout_noSM_woTemplates_model_3_multimer_v1_pred_59.pdb
4479	afm_dropout_noSM_woTemplates_model_3_multimer_v1_pred_6.pdb
4480	afm_dropout_noSM_woTemplates_model_3_multimer_v1_pred_60.pdb
4481	afm_dropout_noSM_woTemplates_model_3_multimer_v1_pred_61.pdb
4482	afm_dropout_noSM_woTemplates_model_3_multimer_v1_pred_62.pdb
4483	afm_dropout_noSM_woTemplates_model_3_multimer_v1_pred_63.pdb
4484	afm_dropout_noSM_woTemplates_model_3_multimer_v1_pred_64.pdb
4485	afm_dropout_noSM_woTemplates_model_3_multimer_v1_pred_65.pdb
4486	afm_dropout_noSM_woTemplates_model_3_multimer_v1_pred_66.pdb
4487	afm_dropout_noSM_woTemplates_model_3_multimer_v1_pred_7.pdb
4488	afm_dropout_noSM_woTemplates_model_3_multimer_v1_pred_8.pdb
4489	afm_dropout_noSM_woTemplates_model_3_multimer_v1_pred_9.pdb
4490	afm_dropout_noSM_woTemplates_model_3_multimer_v2_pred_0.pdb
4491	afm_dropout_noSM_woTemplates_model_3_multimer_v2_pred_1.pdb
4492	afm_dropout_noSM_woTemplates_model_3_multimer_v2_pred_10.pdb
4493	afm_dropout_noSM_woTemplates_model_3_multimer_v2_pred_11.pdb
4494	afm_dropout_noSM_woTemplates_model_3_multimer_v2_pred_12.pdb
4495	afm_dropout_noSM_woTemplates_model_3_multimer_v2_pred_13.pdb
4496	afm_dropout_noSM_woTemplates_model_3_multimer_v2_pred_14.pdb
4497	afm_dropout_noSM_woTemplates_model_3_multimer_v2_pred_15.pdb
4498	afm_dropout_noSM_woTemplates_model_3_multimer_v2_pred_16.pdb
4499	afm_dropout_noSM_woTemplates_model_3_multimer_v2_pred_17.pdb
4500	afm_dropout_noSM_woTemplates_model_3_multimer_v2_pred_18.pdb
4501	afm_dropout_noSM_woTemplates_model_3_multimer_v2_pred_19.pdb
4502	afm_dropout_noSM_woTemplates_model_3_multimer_v2_pred_2.pdb
4503	afm_dropout_noSM_woTemplates_model_3_multimer_v2_pred_20.pdb
4504	afm_dropout_noSM_woTemplates_model_3_multimer_v2_pred_21.pdb
4505	afm_dropout_noSM_woTemplates_model_3_multimer_v2_pred_22.pdb
4506	afm_dropout_noSM_woTemplates_model_3_multimer_v2_pred_23.pdb
4507	afm_dropout_noSM_woTemplates_model_3_multimer_v2_pred_24.pdb
4508	afm_dropout_noSM_woTemplates_model_3_multimer_v2_pred_25.pdb
4509	afm_dropout_noSM_woTemplates_model_3_multimer_v2_pred_26.pdb
4510	afm_dropout_noSM_woTemplates_model_3_multimer_v2_pred_27.pdb
4511	afm_dropout_noSM_woTemplates_model_3_multimer_v2_pred_28.pdb
4512	afm_dropout_noSM_woTemplates_model_3_multimer_v2_pred_29.pdb
4513	afm_dropout_noSM_woTemplates_model_3_multimer_v2_pred_3.pdb
4514	afm_dropout_noSM_woTemplates_model_3_multimer_v2_pred_30.pdb
4515	afm_dropout_noSM_woTemplates_model_3_multimer_v2_pred_31.pdb
4516	afm_dropout_noSM_woTemplates_model_3_multimer_v2_pred_32.pdb
4517	afm_dropout_noSM_woTemplates_model_3_multimer_v2_pred_33.pdb
4518	afm_dropout_noSM_woTemplates_model_3_multimer_v2_pred_34.pdb
4519	afm_dropout_noSM_woTemplates_model_3_multimer_v2_pred_35.pdb
4520	afm_dropout_noSM_woTemplates_model_3_multimer_v2_pred_36.pdb
4521	afm_dropout_noSM_woTemplates_model_3_multimer_v2_pred_37.pdb
4522	afm_dropout_noSM_woTemplates_model_3_multimer_v2_pred_38.pdb
4523	afm_dropout_noSM_woTemplates_model_3_multimer_v2_pred_39.pdb
4524	afm_dropout_noSM_woTemplates_model_3_multimer_v2_pred_4.pdb
4525	afm_dropout_noSM_woTemplates_model_3_multimer_v2_pred_40.pdb
4526	afm_dropout_noSM_woTemplates_model_3_multimer_v2_pred_41.pdb
4527	afm_dropout_noSM_woTemplates_model_3_multimer_v2_pred_42.pdb
4528	afm_dropout_noSM_woTemplates_model_3_multimer_v2_pred_43.pdb
4529	afm_dropout_noSM_woTemplates_model_3_multimer_v2_pred_44.pdb
4530	afm_dropout_noSM_woTemplates_model_3_multimer_v2_pred_45.pdb
4531	afm_dropout_noSM_woTemplates_model_3_multimer_v2_pred_46.pdb
4532	afm_dropout_noSM_woTemplates_model_3_multimer_v2_pred_47.pdb
4533	afm_dropout_noSM_woTemplates_model_3_multimer_v2_pred_48.pdb
4534	afm_dropout_noSM_woTemplates_model_3_multimer_v2_pred_49.pdb
4535	afm_dropout_noSM_woTemplates_model_3_multimer_v2_pred_5.pdb
4536	afm_dropout_noSM_woTemplates_model_3_multimer_v2_pred_50.pdb
4537	afm_dropout_noSM_woTemplates_model_3_multimer_v2_pred_51.pdb
4538	afm_dropout_noSM_woTemplates_model_3_multimer_v2_pred_52.pdb
4539	afm_dropout_noSM_woTemplates_model_3_multimer_v2_pred_53.pdb
4540	afm_dropout_noSM_woTemplates_model_3_multimer_v2_pred_54.pdb
4541	afm_dropout_noSM_woTemplates_model_3_multimer_v2_pred_55.pdb
4542	afm_dropout_noSM_woTemplates_model_3_multimer_v2_pred_56.pdb
4543	afm_dropout_noSM_woTemplates_model_3_multimer_v2_pred_57.pdb
4544	afm_dropout_noSM_woTemplates_model_3_multimer_v2_pred_58.pdb
4545	afm_dropout_noSM_woTemplates_model_3_multimer_v2_pred_59.pdb
4546	afm_dropout_noSM_woTemplates_model_3_multimer_v2_pred_6.pdb
4547	afm_dropout_noSM_woTemplates_model_3_multimer_v2_pred_60.pdb
4548	afm_dropout_noSM_woTemplates_model_3_multimer_v2_pred_61.pdb
4549	afm_dropout_noSM_woTemplates_model_3_multimer_v2_pred_62.pdb
4550	afm_dropout_noSM_woTemplates_model_3_multimer_v2_pred_63.pdb
4551	afm_dropout_noSM_woTemplates_model_3_multimer_v2_pred_64.pdb
4552	afm_dropout_noSM_woTemplates_model_3_multimer_v2_pred_65.pdb
4553	afm_dropout_noSM_woTemplates_model_3_multimer_v2_pred_66.pdb
4554	afm_dropout_noSM_woTemplates_model_3_multimer_v2_pred_7.pdb
4555	afm_dropout_noSM_woTemplates_model_3_multimer_v2_pred_8.pdb
4556	afm_dropout_noSM_woTemplates_model_3_multimer_v2_pred_9.pdb
4557	afm_dropout_noSM_woTemplates_model_3_multimer_v3_pred_0.pdb
4558	afm_dropout_noSM_woTemplates_model_3_multimer_v3_pred_1.pdb
4559	afm_dropout_noSM_woTemplates_model_3_multimer_v3_pred_10.pdb
4560	afm_dropout_noSM_woTemplates_model_3_multimer_v3_pred_11.pdb
4561	afm_dropout_noSM_woTemplates_model_3_multimer_v3_pred_12.pdb
4562	afm_dropout_noSM_woTemplates_model_3_multimer_v3_pred_13.pdb
4563	afm_dropout_noSM_woTemplates_model_3_multimer_v3_pred_14.pdb
4564	afm_dropout_noSM_woTemplates_model_3_multimer_v3_pred_15.pdb
4565	afm_dropout_noSM_woTemplates_model_3_multimer_v3_pred_16.pdb
4566	afm_dropout_noSM_woTemplates_model_3_multimer_v3_pred_17.pdb
4567	afm_dropout_noSM_woTemplates_model_3_multimer_v3_pred_18.pdb
4568	afm_dropout_noSM_woTemplates_model_3_multimer_v3_pred_19.pdb
4569	afm_dropout_noSM_woTemplates_model_3_multimer_v3_pred_2.pdb
4570	afm_dropout_noSM_woTemplates_model_3_multimer_v3_pred_20.pdb
4571	afm_dropout_noSM_woTemplates_model_3_multimer_v3_pred_21.pdb
4572	afm_dropout_noSM_woTemplates_model_3_multimer_v3_pred_22.pdb
4573	afm_dropout_noSM_woTemplates_model_3_multimer_v3_pred_23.pdb
4574	afm_dropout_noSM_woTemplates_model_3_multimer_v3_pred_24.pdb
4575	afm_dropout_noSM_woTemplates_model_3_multimer_v3_pred_25.pdb
4576	afm_dropout_noSM_woTemplates_model_3_multimer_v3_pred_26.pdb
4577	afm_dropout_noSM_woTemplates_model_3_multimer_v3_pred_27.pdb
4578	afm_dropout_noSM_woTemplates_model_3_multimer_v3_pred_28.pdb
4579	afm_dropout_noSM_woTemplates_model_3_multimer_v3_pred_29.pdb
4580	afm_dropout_noSM_woTemplates_model_3_multimer_v3_pred_3.pdb
4581	afm_dropout_noSM_woTemplates_model_3_multimer_v3_pred_30.pdb
4582	afm_dropout_noSM_woTemplates_model_3_multimer_v3_pred_31.pdb
4583	afm_dropout_noSM_woTemplates_model_3_multimer_v3_pred_32.pdb
4584	afm_dropout_noSM_woTemplates_model_3_multimer_v3_pred_33.pdb
4585	afm_dropout_noSM_woTemplates_model_3_multimer_v3_pred_34.pdb
4586	afm_dropout_noSM_woTemplates_model_3_multimer_v3_pred_35.pdb
4587	afm_dropout_noSM_woTemplates_model_3_multimer_v3_pred_36.pdb
4588	afm_dropout_noSM_woTemplates_model_3_multimer_v3_pred_37.pdb
4589	afm_dropout_noSM_woTemplates_model_3_multimer_v3_pred_38.pdb
4590	afm_dropout_noSM_woTemplates_model_3_multimer_v3_pred_39.pdb
4591	afm_dropout_noSM_woTemplates_model_3_multimer_v3_pred_4.pdb
4592	afm_dropout_noSM_woTemplates_model_3_multimer_v3_pred_40.pdb
4593	afm_dropout_noSM_woTemplates_model_3_multimer_v3_pred_41.pdb
4594	afm_dropout_noSM_woTemplates_model_3_multimer_v3_pred_42.pdb
4595	afm_dropout_noSM_woTemplates_model_3_multimer_v3_pred_43.pdb
4596	afm_dropout_noSM_woTemplates_model_3_multimer_v3_pred_44.pdb
4597	afm_dropout_noSM_woTemplates_model_3_multimer_v3_pred_45.pdb
4598	afm_dropout_noSM_woTemplates_model_3_multimer_v3_pred_46.pdb
4599	afm_dropout_noSM_woTemplates_model_3_multimer_v3_pred_47.pdb
4600	afm_dropout_noSM_woTemplates_model_3_multimer_v3_pred_48.pdb
4601	afm_dropout_noSM_woTemplates_model_3_multimer_v3_pred_49.pdb
4602	afm_dropout_noSM_woTemplates_model_3_multimer_v3_pred_5.pdb
4603	afm_dropout_noSM_woTemplates_model_3_multimer_v3_pred_50.pdb
4604	afm_dropout_noSM_woTemplates_model_3_multimer_v3_pred_51.pdb
4605	afm_dropout_noSM_woTemplates_model_3_multimer_v3_pred_52.pdb
4606	afm_dropout_noSM_woTemplates_model_3_multimer_v3_pred_53.pdb
4607	afm_dropout_noSM_woTemplates_model_3_multimer_v3_pred_54.pdb
4608	afm_dropout_noSM_woTemplates_model_3_multimer_v3_pred_55.pdb
4609	afm_dropout_noSM_woTemplates_model_3_multimer_v3_pred_56.pdb
4610	afm_dropout_noSM_woTemplates_model_3_multimer_v3_pred_57.pdb
4611	afm_dropout_noSM_woTemplates_model_3_multimer_v3_pred_58.pdb
4612	afm_dropout_noSM_woTemplates_model_3_multimer_v3_pred_59.pdb
4613	afm_dropout_noSM_woTemplates_model_3_multimer_v3_pred_6.pdb
4614	afm_dropout_noSM_woTemplates_model_3_multimer_v3_pred_60.pdb
4615	afm_dropout_noSM_woTemplates_model_3_multimer_v3_pred_61.pdb
4616	afm_dropout_noSM_woTemplates_model_3_multimer_v3_pred_62.pdb
4617	afm_dropout_noSM_woTemplates_model_3_multimer_v3_pred_63.pdb
4618	afm_dropout_noSM_woTemplates_model_3_multimer_v3_pred_64.pdb
4619	afm_dropout_noSM_woTemplates_model_3_multimer_v3_pred_65.pdb
4620	afm_dropout_noSM_woTemplates_model_3_multimer_v3_pred_66.pdb
4621	afm_dropout_noSM_woTemplates_model_3_multimer_v3_pred_7.pdb
4622	afm_dropout_noSM_woTemplates_model_3_multimer_v3_pred_8.pdb
4623	afm_dropout_noSM_woTemplates_model_3_multimer_v3_pred_9.pdb
4624	afm_dropout_noSM_woTemplates_model_4_multimer_v1_pred_0.pdb
4625	afm_dropout_noSM_woTemplates_model_4_multimer_v1_pred_1.pdb
4626	afm_dropout_noSM_woTemplates_model_4_multimer_v1_pred_10.pdb
4627	afm_dropout_noSM_woTemplates_model_4_multimer_v1_pred_11.pdb
4628	afm_dropout_noSM_woTemplates_model_4_multimer_v1_pred_12.pdb
4629	afm_dropout_noSM_woTemplates_model_4_multimer_v1_pred_13.pdb
4630	afm_dropout_noSM_woTemplates_model_4_multimer_v1_pred_14.pdb
4631	afm_dropout_noSM_woTemplates_model_4_multimer_v1_pred_15.pdb
4632	afm_dropout_noSM_woTemplates_model_4_multimer_v1_pred_16.pdb
4633	afm_dropout_noSM_woTemplates_model_4_multimer_v1_pred_17.pdb
4634	afm_dropout_noSM_woTemplates_model_4_multimer_v1_pred_18.pdb
4635	afm_dropout_noSM_woTemplates_model_4_multimer_v1_pred_19.pdb
4636	afm_dropout_noSM_woTemplates_model_4_multimer_v1_pred_2.pdb
4637	afm_dropout_noSM_woTemplates_model_4_multimer_v1_pred_20.pdb
4638	afm_dropout_noSM_woTemplates_model_4_multimer_v1_pred_21.pdb
4639	afm_dropout_noSM_woTemplates_model_4_multimer_v1_pred_22.pdb
4640	afm_dropout_noSM_woTemplates_model_4_multimer_v1_pred_23.pdb
4641	afm_dropout_noSM_woTemplates_model_4_multimer_v1_pred_24.pdb
4642	afm_dropout_noSM_woTemplates_model_4_multimer_v1_pred_25.pdb
4643	afm_dropout_noSM_woTemplates_model_4_multimer_v1_pred_26.pdb
4644	afm_dropout_noSM_woTemplates_model_4_multimer_v1_pred_27.pdb
4645	afm_dropout_noSM_woTemplates_model_4_multimer_v1_pred_28.pdb
4646	afm_dropout_noSM_woTemplates_model_4_multimer_v1_pred_29.pdb
4647	afm_dropout_noSM_woTemplates_model_4_multimer_v1_pred_3.pdb
4648	afm_dropout_noSM_woTemplates_model_4_multimer_v1_pred_30.pdb
4649	afm_dropout_noSM_woTemplates_model_4_multimer_v1_pred_31.pdb
4650	afm_dropout_noSM_woTemplates_model_4_multimer_v1_pred_32.pdb
4651	afm_dropout_noSM_woTemplates_model_4_multimer_v1_pred_33.pdb
4652	afm_dropout_noSM_woTemplates_model_4_multimer_v1_pred_34.pdb
4653	afm_dropout_noSM_woTemplates_model_4_multimer_v1_pred_35.pdb
4654	afm_dropout_noSM_woTemplates_model_4_multimer_v1_pred_36.pdb
4655	afm_dropout_noSM_woTemplates_model_4_multimer_v1_pred_37.pdb
4656	afm_dropout_noSM_woTemplates_model_4_multimer_v1_pred_38.pdb
4657	afm_dropout_noSM_woTemplates_model_4_multimer_v1_pred_39.pdb
4658	afm_dropout_noSM_woTemplates_model_4_multimer_v1_pred_4.pdb
4659	afm_dropout_noSM_woTemplates_model_4_multimer_v1_pred_40.pdb
4660	afm_dropout_noSM_woTemplates_model_4_multimer_v1_pred_41.pdb
4661	afm_dropout_noSM_woTemplates_model_4_multimer_v1_pred_42.pdb
4662	afm_dropout_noSM_woTemplates_model_4_multimer_v1_pred_43.pdb
4663	afm_dropout_noSM_woTemplates_model_4_multimer_v1_pred_44.pdb
4664	afm_dropout_noSM_woTemplates_model_4_multimer_v1_pred_45.pdb
4665	afm_dropout_noSM_woTemplates_model_4_multimer_v1_pred_46.pdb
4666	afm_dropout_noSM_woTemplates_model_4_multimer_v1_pred_47.pdb
4667	afm_dropout_noSM_woTemplates_model_4_multimer_v1_pred_48.pdb
4668	afm_dropout_noSM_woTemplates_model_4_multimer_v1_pred_49.pdb
4669	afm_dropout_noSM_woTemplates_model_4_multimer_v1_pred_5.pdb
4670	afm_dropout_noSM_woTemplates_model_4_multimer_v1_pred_50.pdb
4671	afm_dropout_noSM_woTemplates_model_4_multimer_v1_pred_51.pdb
4672	afm_dropout_noSM_woTemplates_model_4_multimer_v1_pred_52.pdb
4673	afm_dropout_noSM_woTemplates_model_4_multimer_v1_pred_53.pdb
4674	afm_dropout_noSM_woTemplates_model_4_multimer_v1_pred_54.pdb
4675	afm_dropout_noSM_woTemplates_model_4_multimer_v1_pred_55.pdb
4676	afm_dropout_noSM_woTemplates_model_4_multimer_v1_pred_56.pdb
4677	afm_dropout_noSM_woTemplates_model_4_multimer_v1_pred_57.pdb
4678	afm_dropout_noSM_woTemplates_model_4_multimer_v1_pred_58.pdb
4679	afm_dropout_noSM_woTemplates_model_4_multimer_v1_pred_59.pdb
4680	afm_dropout_noSM_woTemplates_model_4_multimer_v1_pred_6.pdb
4681	afm_dropout_noSM_woTemplates_model_4_multimer_v1_pred_60.pdb
4682	afm_dropout_noSM_woTemplates_model_4_multimer_v1_pred_61.pdb
4683	afm_dropout_noSM_woTemplates_model_4_multimer_v1_pred_62.pdb
4684	afm_dropout_noSM_woTemplates_model_4_multimer_v1_pred_63.pdb
4685	afm_dropout_noSM_woTemplates_model_4_multimer_v1_pred_64.pdb
4686	afm_dropout_noSM_woTemplates_model_4_multimer_v1_pred_65.pdb
4687	afm_dropout_noSM_woTemplates_model_4_multimer_v1_pred_66.pdb
4688	afm_dropout_noSM_woTemplates_model_4_multimer_v1_pred_7.pdb
4689	afm_dropout_noSM_woTemplates_model_4_multimer_v1_pred_8.pdb
4690	afm_dropout_noSM_woTemplates_model_4_multimer_v1_pred_9.pdb
4691	afm_dropout_noSM_woTemplates_model_4_multimer_v2_pred_0.pdb
4692	afm_dropout_noSM_woTemplates_model_4_multimer_v2_pred_1.pdb
4693	afm_dropout_noSM_woTemplates_model_4_multimer_v2_pred_10.pdb
4694	afm_dropout_noSM_woTemplates_model_4_multimer_v2_pred_11.pdb
4695	afm_dropout_noSM_woTemplates_model_4_multimer_v2_pred_12.pdb
4696	afm_dropout_noSM_woTemplates_model_4_multimer_v2_pred_13.pdb
4697	afm_dropout_noSM_woTemplates_model_4_multimer_v2_pred_14.pdb
4698	afm_dropout_noSM_woTemplates_model_4_multimer_v2_pred_15.pdb
4699	afm_dropout_noSM_woTemplates_model_4_multimer_v2_pred_16.pdb
4700	afm_dropout_noSM_woTemplates_model_4_multimer_v2_pred_17.pdb
4701	afm_dropout_noSM_woTemplates_model_4_multimer_v2_pred_18.pdb
4702	afm_dropout_noSM_woTemplates_model_4_multimer_v2_pred_19.pdb
4703	afm_dropout_noSM_woTemplates_model_4_multimer_v2_pred_2.pdb
4704	afm_dropout_noSM_woTemplates_model_4_multimer_v2_pred_20.pdb
4705	afm_dropout_noSM_woTemplates_model_4_multimer_v2_pred_21.pdb
4706	afm_dropout_noSM_woTemplates_model_4_multimer_v2_pred_22.pdb
4707	afm_dropout_noSM_woTemplates_model_4_multimer_v2_pred_23.pdb
4708	afm_dropout_noSM_woTemplates_model_4_multimer_v2_pred_24.pdb
4709	afm_dropout_noSM_woTemplates_model_4_multimer_v2_pred_25.pdb
4710	afm_dropout_noSM_woTemplates_model_4_multimer_v2_pred_26.pdb
4711	afm_dropout_noSM_woTemplates_model_4_multimer_v2_pred_27.pdb
4712	afm_dropout_noSM_woTemplates_model_4_multimer_v2_pred_28.pdb
4713	afm_dropout_noSM_woTemplates_model_4_multimer_v2_pred_29.pdb
4714	afm_dropout_noSM_woTemplates_model_4_multimer_v2_pred_3.pdb
4715	afm_dropout_noSM_woTemplates_model_4_multimer_v2_pred_30.pdb
4716	afm_dropout_noSM_woTemplates_model_4_multimer_v2_pred_31.pdb
4717	afm_dropout_noSM_woTemplates_model_4_multimer_v2_pred_32.pdb
4718	afm_dropout_noSM_woTemplates_model_4_multimer_v2_pred_33.pdb
4719	afm_dropout_noSM_woTemplates_model_4_multimer_v2_pred_34.pdb
4720	afm_dropout_noSM_woTemplates_model_4_multimer_v2_pred_35.pdb
4721	afm_dropout_noSM_woTemplates_model_4_multimer_v2_pred_36.pdb
4722	afm_dropout_noSM_woTemplates_model_4_multimer_v2_pred_37.pdb
4723	afm_dropout_noSM_woTemplates_model_4_multimer_v2_pred_38.pdb
4724	afm_dropout_noSM_woTemplates_model_4_multimer_v2_pred_39.pdb
4725	afm_dropout_noSM_woTemplates_model_4_multimer_v2_pred_4.pdb
4726	afm_dropout_noSM_woTemplates_model_4_multimer_v2_pred_40.pdb
4727	afm_dropout_noSM_woTemplates_model_4_multimer_v2_pred_41.pdb
4728	afm_dropout_noSM_woTemplates_model_4_multimer_v2_pred_42.pdb
4729	afm_dropout_noSM_woTemplates_model_4_multimer_v2_pred_43.pdb
4730	afm_dropout_noSM_woTemplates_model_4_multimer_v2_pred_44.pdb
4731	afm_dropout_noSM_woTemplates_model_4_multimer_v2_pred_45.pdb
4732	afm_dropout_noSM_woTemplates_model_4_multimer_v2_pred_46.pdb
4733	afm_dropout_noSM_woTemplates_model_4_multimer_v2_pred_47.pdb
4734	afm_dropout_noSM_woTemplates_model_4_multimer_v2_pred_48.pdb
4735	afm_dropout_noSM_woTemplates_model_4_multimer_v2_pred_49.pdb
4736	afm_dropout_noSM_woTemplates_model_4_multimer_v2_pred_5.pdb
4737	afm_dropout_noSM_woTemplates_model_4_multimer_v2_pred_50.pdb
4738	afm_dropout_noSM_woTemplates_model_4_multimer_v2_pred_51.pdb
4739	afm_dropout_noSM_woTemplates_model_4_multimer_v2_pred_52.pdb
4740	afm_dropout_noSM_woTemplates_model_4_multimer_v2_pred_53.pdb
4741	afm_dropout_noSM_woTemplates_model_4_multimer_v2_pred_54.pdb
4742	afm_dropout_noSM_woTemplates_model_4_multimer_v2_pred_55.pdb
4743	afm_dropout_noSM_woTemplates_model_4_multimer_v2_pred_56.pdb
4744	afm_dropout_noSM_woTemplates_model_4_multimer_v2_pred_57.pdb
4745	afm_dropout_noSM_woTemplates_model_4_multimer_v2_pred_58.pdb
4746	afm_dropout_noSM_woTemplates_model_4_multimer_v2_pred_59.pdb
4747	afm_dropout_noSM_woTemplates_model_4_multimer_v2_pred_6.pdb
4748	afm_dropout_noSM_woTemplates_model_4_multimer_v2_pred_60.pdb
4749	afm_dropout_noSM_woTemplates_model_4_multimer_v2_pred_61.pdb
4750	afm_dropout_noSM_woTemplates_model_4_multimer_v2_pred_62.pdb
4751	afm_dropout_noSM_woTemplates_model_4_multimer_v2_pred_63.pdb
4752	afm_dropout_noSM_woTemplates_model_4_multimer_v2_pred_64.pdb
4753	afm_dropout_noSM_woTemplates_model_4_multimer_v2_pred_65.pdb
4754	afm_dropout_noSM_woTemplates_model_4_multimer_v2_pred_66.pdb
4755	afm_dropout_noSM_woTemplates_model_4_multimer_v2_pred_7.pdb
4756	afm_dropout_noSM_woTemplates_model_4_multimer_v2_pred_8.pdb
4757	afm_dropout_noSM_woTemplates_model_4_multimer_v2_pred_9.pdb
4758	afm_dropout_noSM_woTemplates_model_4_multimer_v3_pred_0.pdb
4759	afm_dropout_noSM_woTemplates_model_4_multimer_v3_pred_1.pdb
4760	afm_dropout_noSM_woTemplates_model_4_multimer_v3_pred_10.pdb
4761	afm_dropout_noSM_woTemplates_model_4_multimer_v3_pred_11.pdb
4762	afm_dropout_noSM_woTemplates_model_4_multimer_v3_pred_12.pdb
4763	afm_dropout_noSM_woTemplates_model_4_multimer_v3_pred_13.pdb
4764	afm_dropout_noSM_woTemplates_model_4_multimer_v3_pred_14.pdb
4765	afm_dropout_noSM_woTemplates_model_4_multimer_v3_pred_15.pdb
4766	afm_dropout_noSM_woTemplates_model_4_multimer_v3_pred_16.pdb
4767	afm_dropout_noSM_woTemplates_model_4_multimer_v3_pred_17.pdb
4768	afm_dropout_noSM_woTemplates_model_4_multimer_v3_pred_18.pdb
4769	afm_dropout_noSM_woTemplates_model_4_multimer_v3_pred_19.pdb
4770	afm_dropout_noSM_woTemplates_model_4_multimer_v3_pred_2.pdb
4771	afm_dropout_noSM_woTemplates_model_4_multimer_v3_pred_20.pdb
4772	afm_dropout_noSM_woTemplates_model_4_multimer_v3_pred_21.pdb
4773	afm_dropout_noSM_woTemplates_model_4_multimer_v3_pred_22.pdb
4774	afm_dropout_noSM_woTemplates_model_4_multimer_v3_pred_23.pdb
4775	afm_dropout_noSM_woTemplates_model_4_multimer_v3_pred_24.pdb
4776	afm_dropout_noSM_woTemplates_model_4_multimer_v3_pred_25.pdb
4777	afm_dropout_noSM_woTemplates_model_4_multimer_v3_pred_26.pdb
4778	afm_dropout_noSM_woTemplates_model_4_multimer_v3_pred_27.pdb
4779	afm_dropout_noSM_woTemplates_model_4_multimer_v3_pred_28.pdb
4780	afm_dropout_noSM_woTemplates_model_4_multimer_v3_pred_29.pdb
4781	afm_dropout_noSM_woTemplates_model_4_multimer_v3_pred_3.pdb
4782	afm_dropout_noSM_woTemplates_model_4_multimer_v3_pred_30.pdb
4783	afm_dropout_noSM_woTemplates_model_4_multimer_v3_pred_31.pdb
4784	afm_dropout_noSM_woTemplates_model_4_multimer_v3_pred_32.pdb
4785	afm_dropout_noSM_woTemplates_model_4_multimer_v3_pred_33.pdb
4786	afm_dropout_noSM_woTemplates_model_4_multimer_v3_pred_34.pdb
4787	afm_dropout_noSM_woTemplates_model_4_multimer_v3_pred_35.pdb
4788	afm_dropout_noSM_woTemplates_model_4_multimer_v3_pred_36.pdb
4789	afm_dropout_noSM_woTemplates_model_4_multimer_v3_pred_37.pdb
4790	afm_dropout_noSM_woTemplates_model_4_multimer_v3_pred_38.pdb
4791	afm_dropout_noSM_woTemplates_model_4_multimer_v3_pred_39.pdb
4792	afm_dropout_noSM_woTemplates_model_4_multimer_v3_pred_4.pdb
4793	afm_dropout_noSM_woTemplates_model_4_multimer_v3_pred_40.pdb
4794	afm_dropout_noSM_woTemplates_model_4_multimer_v3_pred_41.pdb
4795	afm_dropout_noSM_woTemplates_model_4_multimer_v3_pred_42.pdb
4796	afm_dropout_noSM_woTemplates_model_4_multimer_v3_pred_43.pdb
4797	afm_dropout_noSM_woTemplates_model_4_multimer_v3_pred_44.pdb
4798	afm_dropout_noSM_woTemplates_model_4_multimer_v3_pred_45.pdb
4799	afm_dropout_noSM_woTemplates_model_4_multimer_v3_pred_46.pdb
4800	afm_dropout_noSM_woTemplates_model_4_multimer_v3_pred_47.pdb
4801	afm_dropout_noSM_woTemplates_model_4_multimer_v3_pred_48.pdb
4802	afm_dropout_noSM_woTemplates_model_4_multimer_v3_pred_49.pdb
4803	afm_dropout_noSM_woTemplates_model_4_multimer_v3_pred_5.pdb
4804	afm_dropout_noSM_woTemplates_model_4_multimer_v3_pred_50.pdb
4805	afm_dropout_noSM_woTemplates_model_4_multimer_v3_pred_51.pdb
4806	afm_dropout_noSM_woTemplates_model_4_multimer_v3_pred_52.pdb
4807	afm_dropout_noSM_woTemplates_model_4_multimer_v3_pred_53.pdb
4808	afm_dropout_noSM_woTemplates_model_4_multimer_v3_pred_54.pdb
4809	afm_dropout_noSM_woTemplates_model_4_multimer_v3_pred_55.pdb
4810	afm_dropout_noSM_woTemplates_model_4_multimer_v3_pred_56.pdb
4811	afm_dropout_noSM_woTemplates_model_4_multimer_v3_pred_57.pdb
4812	afm_dropout_noSM_woTemplates_model_4_multimer_v3_pred_58.pdb
4813	afm_dropout_noSM_woTemplates_model_4_multimer_v3_pred_59.pdb
4814	afm_dropout_noSM_woTemplates_model_4_multimer_v3_pred_6.pdb
4815	afm_dropout_noSM_woTemplates_model_4_multimer_v3_pred_60.pdb
4816	afm_dropout_noSM_woTemplates_model_4_multimer_v3_pred_61.pdb
4817	afm_dropout_noSM_woTemplates_model_4_multimer_v3_pred_62.pdb
4818	afm_dropout_noSM_woTemplates_model_4_multimer_v3_pred_63.pdb
4819	afm_dropout_noSM_woTemplates_model_4_multimer_v3_pred_64.pdb
4820	afm_dropout_noSM_woTemplates_model_4_multimer_v3_pred_65.pdb
4821	afm_dropout_noSM_woTemplates_model_4_multimer_v3_pred_66.pdb
4822	afm_dropout_noSM_woTemplates_model_4_multimer_v3_pred_7.pdb
4823	afm_dropout_noSM_woTemplates_model_4_multimer_v3_pred_8.pdb
4824	afm_dropout_noSM_woTemplates_model_4_multimer_v3_pred_9.pdb
4825	afm_dropout_noSM_woTemplates_model_5_multimer_v1_pred_0.pdb
4826	afm_dropout_noSM_woTemplates_model_5_multimer_v1_pred_1.pdb
4827	afm_dropout_noSM_woTemplates_model_5_multimer_v1_pred_10.pdb
4828	afm_dropout_noSM_woTemplates_model_5_multimer_v1_pred_11.pdb
4829	afm_dropout_noSM_woTemplates_model_5_multimer_v1_pred_12.pdb
4830	afm_dropout_noSM_woTemplates_model_5_multimer_v1_pred_13.pdb
4831	afm_dropout_noSM_woTemplates_model_5_multimer_v1_pred_14.pdb
4832	afm_dropout_noSM_woTemplates_model_5_multimer_v1_pred_15.pdb
4833	afm_dropout_noSM_woTemplates_model_5_multimer_v1_pred_16.pdb
4834	afm_dropout_noSM_woTemplates_model_5_multimer_v1_pred_17.pdb
4835	afm_dropout_noSM_woTemplates_model_5_multimer_v1_pred_18.pdb
4836	afm_dropout_noSM_woTemplates_model_5_multimer_v1_pred_19.pdb
4837	afm_dropout_noSM_woTemplates_model_5_multimer_v1_pred_2.pdb
4838	afm_dropout_noSM_woTemplates_model_5_multimer_v1_pred_20.pdb
4839	afm_dropout_noSM_woTemplates_model_5_multimer_v1_pred_21.pdb
4840	afm_dropout_noSM_woTemplates_model_5_multimer_v1_pred_22.pdb
4841	afm_dropout_noSM_woTemplates_model_5_multimer_v1_pred_23.pdb
4842	afm_dropout_noSM_woTemplates_model_5_multimer_v1_pred_24.pdb
4843	afm_dropout_noSM_woTemplates_model_5_multimer_v1_pred_25.pdb
4844	afm_dropout_noSM_woTemplates_model_5_multimer_v1_pred_26.pdb
4845	afm_dropout_noSM_woTemplates_model_5_multimer_v1_pred_27.pdb
4846	afm_dropout_noSM_woTemplates_model_5_multimer_v1_pred_28.pdb
4847	afm_dropout_noSM_woTemplates_model_5_multimer_v1_pred_29.pdb
4848	afm_dropout_noSM_woTemplates_model_5_multimer_v1_pred_3.pdb
4849	afm_dropout_noSM_woTemplates_model_5_multimer_v1_pred_30.pdb
4850	afm_dropout_noSM_woTemplates_model_5_multimer_v1_pred_31.pdb
4851	afm_dropout_noSM_woTemplates_model_5_multimer_v1_pred_32.pdb
4852	afm_dropout_noSM_woTemplates_model_5_multimer_v1_pred_33.pdb
4853	afm_dropout_noSM_woTemplates_model_5_multimer_v1_pred_34.pdb
4854	afm_dropout_noSM_woTemplates_model_5_multimer_v1_pred_35.pdb
4855	afm_dropout_noSM_woTemplates_model_5_multimer_v1_pred_36.pdb
4856	afm_dropout_noSM_woTemplates_model_5_multimer_v1_pred_37.pdb
4857	afm_dropout_noSM_woTemplates_model_5_multimer_v1_pred_38.pdb
4858	afm_dropout_noSM_woTemplates_model_5_multimer_v1_pred_39.pdb
4859	afm_dropout_noSM_woTemplates_model_5_multimer_v1_pred_4.pdb
4860	afm_dropout_noSM_woTemplates_model_5_multimer_v1_pred_40.pdb
4861	afm_dropout_noSM_woTemplates_model_5_multimer_v1_pred_41.pdb
4862	afm_dropout_noSM_woTemplates_model_5_multimer_v1_pred_42.pdb
4863	afm_dropout_noSM_woTemplates_model_5_multimer_v1_pred_43.pdb
4864	afm_dropout_noSM_woTemplates_model_5_multimer_v1_pred_44.pdb
4865	afm_dropout_noSM_woTemplates_model_5_multimer_v1_pred_45.pdb
4866	afm_dropout_noSM_woTemplates_model_5_multimer_v1_pred_46.pdb
4867	afm_dropout_noSM_woTemplates_model_5_multimer_v1_pred_47.pdb
4868	afm_dropout_noSM_woTemplates_model_5_multimer_v1_pred_48.pdb
4869	afm_dropout_noSM_woTemplates_model_5_multimer_v1_pred_49.pdb
4870	afm_dropout_noSM_woTemplates_model_5_multimer_v1_pred_5.pdb
4871	afm_dropout_noSM_woTemplates_model_5_multimer_v1_pred_50.pdb
4872	afm_dropout_noSM_woTemplates_model_5_multimer_v1_pred_51.pdb
4873	afm_dropout_noSM_woTemplates_model_5_multimer_v1_pred_52.pdb
4874	afm_dropout_noSM_woTemplates_model_5_multimer_v1_pred_53.pdb
4875	afm_dropout_noSM_woTemplates_model_5_multimer_v1_pred_54.pdb
4876	afm_dropout_noSM_woTemplates_model_5_multimer_v1_pred_55.pdb
4877	afm_dropout_noSM_woTemplates_model_5_multimer_v1_pred_56.pdb
4878	afm_dropout_noSM_woTemplates_model_5_multimer_v1_pred_57.pdb
4879	afm_dropout_noSM_woTemplates_model_5_multimer_v1_pred_58.pdb
4880	afm_dropout_noSM_woTemplates_model_5_multimer_v1_pred_59.pdb
4881	afm_dropout_noSM_woTemplates_model_5_multimer_v1_pred_6.pdb
4882	afm_dropout_noSM_woTemplates_model_5_multimer_v1_pred_60.pdb
4883	afm_dropout_noSM_woTemplates_model_5_multimer_v1_pred_61.pdb
4884	afm_dropout_noSM_woTemplates_model_5_multimer_v1_pred_62.pdb
4885	afm_dropout_noSM_woTemplates_model_5_multimer_v1_pred_63.pdb
4886	afm_dropout_noSM_woTemplates_model_5_multimer_v1_pred_64.pdb
4887	afm_dropout_noSM_woTemplates_model_5_multimer_v1_pred_65.pdb
4888	afm_dropout_noSM_woTemplates_model_5_multimer_v1_pred_66.pdb
4889	afm_dropout_noSM_woTemplates_model_5_multimer_v1_pred_7.pdb
4890	afm_dropout_noSM_woTemplates_model_5_multimer_v1_pred_8.pdb
4891	afm_dropout_noSM_woTemplates_model_5_multimer_v1_pred_9.pdb
4892	afm_dropout_noSM_woTemplates_model_5_multimer_v2_pred_0.pdb
4893	afm_dropout_noSM_woTemplates_model_5_multimer_v2_pred_1.pdb
4894	afm_dropout_noSM_woTemplates_model_5_multimer_v2_pred_10.pdb
4895	afm_dropout_noSM_woTemplates_model_5_multimer_v2_pred_11.pdb
4896	afm_dropout_noSM_woTemplates_model_5_multimer_v2_pred_12.pdb
4897	afm_dropout_noSM_woTemplates_model_5_multimer_v2_pred_13.pdb
4898	afm_dropout_noSM_woTemplates_model_5_multimer_v2_pred_14.pdb
4899	afm_dropout_noSM_woTemplates_model_5_multimer_v2_pred_15.pdb
4900	afm_dropout_noSM_woTemplates_model_5_multimer_v2_pred_16.pdb
4901	afm_dropout_noSM_woTemplates_model_5_multimer_v2_pred_17.pdb
4902	afm_dropout_noSM_woTemplates_model_5_multimer_v2_pred_18.pdb
4903	afm_dropout_noSM_woTemplates_model_5_multimer_v2_pred_19.pdb
4904	afm_dropout_noSM_woTemplates_model_5_multimer_v2_pred_2.pdb
4905	afm_dropout_noSM_woTemplates_model_5_multimer_v2_pred_20.pdb
4906	afm_dropout_noSM_woTemplates_model_5_multimer_v2_pred_21.pdb
4907	afm_dropout_noSM_woTemplates_model_5_multimer_v2_pred_22.pdb
4908	afm_dropout_noSM_woTemplates_model_5_multimer_v2_pred_23.pdb
4909	afm_dropout_noSM_woTemplates_model_5_multimer_v2_pred_24.pdb
4910	afm_dropout_noSM_woTemplates_model_5_multimer_v2_pred_25.pdb
4911	afm_dropout_noSM_woTemplates_model_5_multimer_v2_pred_26.pdb
4912	afm_dropout_noSM_woTemplates_model_5_multimer_v2_pred_27.pdb
4913	afm_dropout_noSM_woTemplates_model_5_multimer_v2_pred_28.pdb
4914	afm_dropout_noSM_woTemplates_model_5_multimer_v2_pred_29.pdb
4915	afm_dropout_noSM_woTemplates_model_5_multimer_v2_pred_3.pdb
4916	afm_dropout_noSM_woTemplates_model_5_multimer_v2_pred_30.pdb
4917	afm_dropout_noSM_woTemplates_model_5_multimer_v2_pred_31.pdb
4918	afm_dropout_noSM_woTemplates_model_5_multimer_v2_pred_32.pdb
4919	afm_dropout_noSM_woTemplates_model_5_multimer_v2_pred_33.pdb
4920	afm_dropout_noSM_woTemplates_model_5_multimer_v2_pred_34.pdb
4921	afm_dropout_noSM_woTemplates_model_5_multimer_v2_pred_35.pdb
4922	afm_dropout_noSM_woTemplates_model_5_multimer_v2_pred_36.pdb
4923	afm_dropout_noSM_woTemplates_model_5_multimer_v2_pred_37.pdb
4924	afm_dropout_noSM_woTemplates_model_5_multimer_v2_pred_38.pdb
4925	afm_dropout_noSM_woTemplates_model_5_multimer_v2_pred_39.pdb
4926	afm_dropout_noSM_woTemplates_model_5_multimer_v2_pred_4.pdb
4927	afm_dropout_noSM_woTemplates_model_5_multimer_v2_pred_40.pdb
4928	afm_dropout_noSM_woTemplates_model_5_multimer_v2_pred_41.pdb
4929	afm_dropout_noSM_woTemplates_model_5_multimer_v2_pred_42.pdb
4930	afm_dropout_noSM_woTemplates_model_5_multimer_v2_pred_43.pdb
4931	afm_dropout_noSM_woTemplates_model_5_multimer_v2_pred_44.pdb
4932	afm_dropout_noSM_woTemplates_model_5_multimer_v2_pred_45.pdb
4933	afm_dropout_noSM_woTemplates_model_5_multimer_v2_pred_46.pdb
4934	afm_dropout_noSM_woTemplates_model_5_multimer_v2_pred_47.pdb
4935	afm_dropout_noSM_woTemplates_model_5_multimer_v2_pred_48.pdb
4936	afm_dropout_noSM_woTemplates_model_5_multimer_v2_pred_49.pdb
4937	afm_dropout_noSM_woTemplates_model_5_multimer_v2_pred_5.pdb
4938	afm_dropout_noSM_woTemplates_model_5_multimer_v2_pred_50.pdb
4939	afm_dropout_noSM_woTemplates_model_5_multimer_v2_pred_51.pdb
4940	afm_dropout_noSM_woTemplates_model_5_multimer_v2_pred_52.pdb
4941	afm_dropout_noSM_woTemplates_model_5_multimer_v2_pred_53.pdb
4942	afm_dropout_noSM_woTemplates_model_5_multimer_v2_pred_54.pdb
4943	afm_dropout_noSM_woTemplates_model_5_multimer_v2_pred_55.pdb
4944	afm_dropout_noSM_woTemplates_model_5_multimer_v2_pred_56.pdb
4945	afm_dropout_noSM_woTemplates_model_5_multimer_v2_pred_57.pdb
4946	afm_dropout_noSM_woTemplates_model_5_multimer_v2_pred_58.pdb
4947	afm_dropout_noSM_woTemplates_model_5_multimer_v2_pred_59.pdb
4948	afm_dropout_noSM_woTemplates_model_5_multimer_v2_pred_6.pdb
4949	afm_dropout_noSM_woTemplates_model_5_multimer_v2_pred_60.pdb
4950	afm_dropout_noSM_woTemplates_model_5_multimer_v2_pred_61.pdb
4951	afm_dropout_noSM_woTemplates_model_5_multimer_v2_pred_62.pdb
4952	afm_dropout_noSM_woTemplates_model_5_multimer_v2_pred_63.pdb
4953	afm_dropout_noSM_woTemplates_model_5_multimer_v2_pred_64.pdb
4954	afm_dropout_noSM_woTemplates_model_5_multimer_v2_pred_65.pdb
4955	afm_dropout_noSM_woTemplates_model_5_multimer_v2_pred_66.pdb
4956	afm_dropout_noSM_woTemplates_model_5_multimer_v2_pred_7.pdb
4957	afm_dropout_noSM_woTemplates_model_5_multimer_v2_pred_8.pdb
4958	afm_dropout_noSM_woTemplates_model_5_multimer_v2_pred_9.pdb
4959	afm_dropout_noSM_woTemplates_model_5_multimer_v3_pred_0.pdb
4960	afm_dropout_noSM_woTemplates_model_5_multimer_v3_pred_1.pdb
4961	afm_dropout_noSM_woTemplates_model_5_multimer_v3_pred_10.pdb
4962	afm_dropout_noSM_woTemplates_model_5_multimer_v3_pred_11.pdb
4963	afm_dropout_noSM_woTemplates_model_5_multimer_v3_pred_12.pdb
4964	afm_dropout_noSM_woTemplates_model_5_multimer_v3_pred_13.pdb
4965	afm_dropout_noSM_woTemplates_model_5_multimer_v3_pred_14.pdb
4966	afm_dropout_noSM_woTemplates_model_5_multimer_v3_pred_15.pdb
4967	afm_dropout_noSM_woTemplates_model_5_multimer_v3_pred_16.pdb
4968	afm_dropout_noSM_woTemplates_model_5_multimer_v3_pred_17.pdb
4969	afm_dropout_noSM_woTemplates_model_5_multimer_v3_pred_18.pdb
4970	afm_dropout_noSM_woTemplates_model_5_multimer_v3_pred_19.pdb
4971	afm_dropout_noSM_woTemplates_model_5_multimer_v3_pred_2.pdb
4972	afm_dropout_noSM_woTemplates_model_5_multimer_v3_pred_20.pdb
4973	afm_dropout_noSM_woTemplates_model_5_multimer_v3_pred_21.pdb
4974	afm_dropout_noSM_woTemplates_model_5_multimer_v3_pred_22.pdb
4975	afm_dropout_noSM_woTemplates_model_5_multimer_v3_pred_23.pdb
4976	afm_dropout_noSM_woTemplates_model_5_multimer_v3_pred_24.pdb
4977	afm_dropout_noSM_woTemplates_model_5_multimer_v3_pred_25.pdb
4978	afm_dropout_noSM_woTemplates_model_5_multimer_v3_pred_26.pdb
4979	afm_dropout_noSM_woTemplates_model_5_multimer_v3_pred_27.pdb
4980	afm_dropout_noSM_woTemplates_model_5_multimer_v3_pred_28.pdb
4981	afm_dropout_noSM_woTemplates_model_5_multimer_v3_pred_29.pdb
4982	afm_dropout_noSM_woTemplates_model_5_multimer_v3_pred_3.pdb
4983	afm_dropout_noSM_woTemplates_model_5_multimer_v3_pred_30.pdb
4984	afm_dropout_noSM_woTemplates_model_5_multimer_v3_pred_31.pdb
4985	afm_dropout_noSM_woTemplates_model_5_multimer_v3_pred_32.pdb
4986	afm_dropout_noSM_woTemplates_model_5_multimer_v3_pred_33.pdb
4987	afm_dropout_noSM_woTemplates_model_5_multimer_v3_pred_34.pdb
4988	afm_dropout_noSM_woTemplates_model_5_multimer_v3_pred_35.pdb
4989	afm_dropout_noSM_woTemplates_model_5_multimer_v3_pred_36.pdb
4990	afm_dropout_noSM_woTemplates_model_5_multimer_v3_pred_37.pdb
4991	afm_dropout_noSM_woTemplates_model_5_multimer_v3_pred_38.pdb
4992	afm_dropout_noSM_woTemplates_model_5_multimer_v3_pred_39.pdb
4993	afm_dropout_noSM_woTemplates_model_5_multimer_v3_pred_4.pdb
4994	afm_dropout_noSM_woTemplates_model_5_multimer_v3_pred_40.pdb
4995	afm_dropout_noSM_woTemplates_model_5_multimer_v3_pred_41.pdb
4996	afm_dropout_noSM_woTemplates_model_5_multimer_v3_pred_42.pdb
4997	afm_dropout_noSM_woTemplates_model_5_multimer_v3_pred_43.pdb
4998	afm_dropout_noSM_woTemplates_model_5_multimer_v3_pred_44.pdb
4999	afm_dropout_noSM_woTemplates_model_5_multimer_v3_pred_45.pdb
5000	afm_dropout_noSM_woTemplates_model_5_multimer_v3_pred_46.pdb
5001	afm_dropout_noSM_woTemplates_model_5_multimer_v3_pred_47.pdb
5002	afm_dropout_noSM_woTemplates_model_5_multimer_v3_pred_48.pdb
5003	afm_dropout_noSM_woTemplates_model_5_multimer_v3_pred_49.pdb
5004	afm_dropout_noSM_woTemplates_model_5_multimer_v3_pred_5.pdb
5005	afm_dropout_noSM_woTemplates_model_5_multimer_v3_pred_50.pdb
5006	afm_dropout_noSM_woTemplates_model_5_multimer_v3_pred_51.pdb
5007	afm_dropout_noSM_woTemplates_model_5_multimer_v3_pred_52.pdb
5008	afm_dropout_noSM_woTemplates_model_5_multimer_v3_pred_53.pdb
5009	afm_dropout_noSM_woTemplates_model_5_multimer_v3_pred_54.pdb
5010	afm_dropout_noSM_woTemplates_model_5_multimer_v3_pred_55.pdb
5011	afm_dropout_noSM_woTemplates_model_5_multimer_v3_pred_56.pdb
5012	afm_dropout_noSM_woTemplates_model_5_multimer_v3_pred_57.pdb
5013	afm_dropout_noSM_woTemplates_model_5_multimer_v3_pred_58.pdb
5014	afm_dropout_noSM_woTemplates_model_5_multimer_v3_pred_59.pdb
5015	afm_dropout_noSM_woTemplates_model_5_multimer_v3_pred_6.pdb
5016	afm_dropout_noSM_woTemplates_model_5_multimer_v3_pred_60.pdb
5017	afm_dropout_noSM_woTemplates_model_5_multimer_v3_pred_61.pdb
5018	afm_dropout_noSM_woTemplates_model_5_multimer_v3_pred_62.pdb
5019	afm_dropout_noSM_woTemplates_model_5_multimer_v3_pred_63.pdb
5020	afm_dropout_noSM_woTemplates_model_5_multimer_v3_pred_64.pdb
5021	afm_dropout_noSM_woTemplates_model_5_multimer_v3_pred_65.pdb
5022	afm_dropout_noSM_woTemplates_model_5_multimer_v3_pred_66.pdb
5023	afm_dropout_noSM_woTemplates_model_5_multimer_v3_pred_7.pdb
5024	afm_dropout_noSM_woTemplates_model_5_multimer_v3_pred_8.pdb
5025	afm_dropout_noSM_woTemplates_model_5_multimer_v3_pred_9.pdb
5026	afm_woTemplates_model_1_multimer_v1_pred_0.pdb
5027	afm_woTemplates_model_1_multimer_v1_pred_1.pdb
5028	afm_woTemplates_model_1_multimer_v1_pred_10.pdb
5029	afm_woTemplates_model_1_multimer_v1_pred_11.pdb
5030	afm_woTemplates_model_1_multimer_v1_pred_12.pdb
5031	afm_woTemplates_model_1_multimer_v1_pred_13.pdb
5032	afm_woTemplates_model_1_multimer_v1_pred_14.pdb
5033	afm_woTemplates_model_1_multimer_v1_pred_15.pdb
5034	afm_woTemplates_model_1_multimer_v1_pred_16.pdb
5035	afm_woTemplates_model_1_multimer_v1_pred_17.pdb
5036	afm_woTemplates_model_1_multimer_v1_pred_18.pdb
5037	afm_woTemplates_model_1_multimer_v1_pred_19.pdb
5038	afm_woTemplates_model_1_multimer_v1_pred_2.pdb
5039	afm_woTemplates_model_1_multimer_v1_pred_20.pdb
5040	afm_woTemplates_model_1_multimer_v1_pred_21.pdb
5041	afm_woTemplates_model_1_multimer_v1_pred_22.pdb
5042	afm_woTemplates_model_1_multimer_v1_pred_23.pdb
5043	afm_woTemplates_model_1_multimer_v1_pred_24.pdb
5044	afm_woTemplates_model_1_multimer_v1_pred_25.pdb
5045	afm_woTemplates_model_1_multimer_v1_pred_26.pdb
5046	afm_woTemplates_model_1_multimer_v1_pred_27.pdb
5047	afm_woTemplates_model_1_multimer_v1_pred_28.pdb
5048	afm_woTemplates_model_1_multimer_v1_pred_29.pdb
5049	afm_woTemplates_model_1_multimer_v1_pred_3.pdb
5050	afm_woTemplates_model_1_multimer_v1_pred_30.pdb
5051	afm_woTemplates_model_1_multimer_v1_pred_31.pdb
5052	afm_woTemplates_model_1_multimer_v1_pred_32.pdb
5053	afm_woTemplates_model_1_multimer_v1_pred_33.pdb
5054	afm_woTemplates_model_1_multimer_v1_pred_34.pdb
5055	afm_woTemplates_model_1_multimer_v1_pred_35.pdb
5056	afm_woTemplates_model_1_multimer_v1_pred_36.pdb
5057	afm_woTemplates_model_1_multimer_v1_pred_37.pdb
5058	afm_woTemplates_model_1_multimer_v1_pred_38.pdb
5059	afm_woTemplates_model_1_multimer_v1_pred_39.pdb
5060	afm_woTemplates_model_1_multimer_v1_pred_4.pdb
5061	afm_woTemplates_model_1_multimer_v1_pred_40.pdb
5062	afm_woTemplates_model_1_multimer_v1_pred_41.pdb
5063	afm_woTemplates_model_1_multimer_v1_pred_42.pdb
5064	afm_woTemplates_model_1_multimer_v1_pred_43.pdb
5065	afm_woTemplates_model_1_multimer_v1_pred_44.pdb
5066	afm_woTemplates_model_1_multimer_v1_pred_45.pdb
5067	afm_woTemplates_model_1_multimer_v1_pred_46.pdb
5068	afm_woTemplates_model_1_multimer_v1_pred_47.pdb
5069	afm_woTemplates_model_1_multimer_v1_pred_48.pdb
5070	afm_woTemplates_model_1_multimer_v1_pred_49.pdb
5071	afm_woTemplates_model_1_multimer_v1_pred_5.pdb
5072	afm_woTemplates_model_1_multimer_v1_pred_50.pdb
5073	afm_woTemplates_model_1_multimer_v1_pred_51.pdb
5074	afm_woTemplates_model_1_multimer_v1_pred_52.pdb
5075	afm_woTemplates_model_1_multimer_v1_pred_53.pdb
5076	afm_woTemplates_model_1_multimer_v1_pred_54.pdb
5077	afm_woTemplates_model_1_multimer_v1_pred_55.pdb
5078	afm_woTemplates_model_1_multimer_v1_pred_56.pdb
5079	afm_woTemplates_model_1_multimer_v1_pred_57.pdb
5080	afm_woTemplates_model_1_multimer_v1_pred_58.pdb
5081	afm_woTemplates_model_1_multimer_v1_pred_59.pdb
5082	afm_woTemplates_model_1_multimer_v1_pred_6.pdb
5083	afm_woTemplates_model_1_multimer_v1_pred_60.pdb
5084	afm_woTemplates_model_1_multimer_v1_pred_61.pdb
5085	afm_woTemplates_model_1_multimer_v1_pred_62.pdb
5086	afm_woTemplates_model_1_multimer_v1_pred_63.pdb
5087	afm_woTemplates_model_1_multimer_v1_pred_64.pdb
5088	afm_woTemplates_model_1_multimer_v1_pred_65.pdb
5089	afm_woTemplates_model_1_multimer_v1_pred_66.pdb
5090	afm_woTemplates_model_1_multimer_v1_pred_7.pdb
5091	afm_woTemplates_model_1_multimer_v1_pred_8.pdb
5092	afm_woTemplates_model_1_multimer_v1_pred_9.pdb
5093	afm_woTemplates_model_1_multimer_v2_pred_0.pdb
5094	afm_woTemplates_model_1_multimer_v2_pred_1.pdb
5095	afm_woTemplates_model_1_multimer_v2_pred_10.pdb
5096	afm_woTemplates_model_1_multimer_v2_pred_11.pdb
5097	afm_woTemplates_model_1_multimer_v2_pred_12.pdb
5098	afm_woTemplates_model_1_multimer_v2_pred_13.pdb
5099	afm_woTemplates_model_1_multimer_v2_pred_14.pdb
5100	afm_woTemplates_model_1_multimer_v2_pred_15.pdb
5101	afm_woTemplates_model_1_multimer_v2_pred_16.pdb
5102	afm_woTemplates_model_1_multimer_v2_pred_17.pdb
5103	afm_woTemplates_model_1_multimer_v2_pred_18.pdb
5104	afm_woTemplates_model_1_multimer_v2_pred_19.pdb
5105	afm_woTemplates_model_1_multimer_v2_pred_2.pdb
5106	afm_woTemplates_model_1_multimer_v2_pred_20.pdb
5107	afm_woTemplates_model_1_multimer_v2_pred_21.pdb
5108	afm_woTemplates_model_1_multimer_v2_pred_22.pdb
5109	afm_woTemplates_model_1_multimer_v2_pred_23.pdb
5110	afm_woTemplates_model_1_multimer_v2_pred_24.pdb
5111	afm_woTemplates_model_1_multimer_v2_pred_25.pdb
5112	afm_woTemplates_model_1_multimer_v2_pred_26.pdb
5113	afm_woTemplates_model_1_multimer_v2_pred_27.pdb
5114	afm_woTemplates_model_1_multimer_v2_pred_28.pdb
5115	afm_woTemplates_model_1_multimer_v2_pred_29.pdb
5116	afm_woTemplates_model_1_multimer_v2_pred_3.pdb
5117	afm_woTemplates_model_1_multimer_v2_pred_30.pdb
5118	afm_woTemplates_model_1_multimer_v2_pred_31.pdb
5119	afm_woTemplates_model_1_multimer_v2_pred_32.pdb
5120	afm_woTemplates_model_1_multimer_v2_pred_33.pdb
5121	afm_woTemplates_model_1_multimer_v2_pred_34.pdb
5122	afm_woTemplates_model_1_multimer_v2_pred_35.pdb
5123	afm_woTemplates_model_1_multimer_v2_pred_36.pdb
5124	afm_woTemplates_model_1_multimer_v2_pred_37.pdb
5125	afm_woTemplates_model_1_multimer_v2_pred_38.pdb
5126	afm_woTemplates_model_1_multimer_v2_pred_39.pdb
5127	afm_woTemplates_model_1_multimer_v2_pred_4.pdb
5128	afm_woTemplates_model_1_multimer_v2_pred_40.pdb
5129	afm_woTemplates_model_1_multimer_v2_pred_41.pdb
5130	afm_woTemplates_model_1_multimer_v2_pred_42.pdb
5131	afm_woTemplates_model_1_multimer_v2_pred_43.pdb
5132	afm_woTemplates_model_1_multimer_v2_pred_44.pdb
5133	afm_woTemplates_model_1_multimer_v2_pred_45.pdb
5134	afm_woTemplates_model_1_multimer_v2_pred_46.pdb
5135	afm_woTemplates_model_1_multimer_v2_pred_47.pdb
5136	afm_woTemplates_model_1_multimer_v2_pred_48.pdb
5137	afm_woTemplates_model_1_multimer_v2_pred_49.pdb
5138	afm_woTemplates_model_1_multimer_v2_pred_5.pdb
5139	afm_woTemplates_model_1_multimer_v2_pred_50.pdb
5140	afm_woTemplates_model_1_multimer_v2_pred_51.pdb
5141	afm_woTemplates_model_1_multimer_v2_pred_52.pdb
5142	afm_woTemplates_model_1_multimer_v2_pred_53.pdb
5143	afm_woTemplates_model_1_multimer_v2_pred_54.pdb
5144	afm_woTemplates_model_1_multimer_v2_pred_55.pdb
5145	afm_woTemplates_model_1_multimer_v2_pred_56.pdb
5146	afm_woTemplates_model_1_multimer_v2_pred_57.pdb
5147	afm_woTemplates_model_1_multimer_v2_pred_58.pdb
5148	afm_woTemplates_model_1_multimer_v2_pred_59.pdb
5149	afm_woTemplates_model_1_multimer_v2_pred_6.pdb
5150	afm_woTemplates_model_1_multimer_v2_pred_60.pdb
5151	afm_woTemplates_model_1_multimer_v2_pred_61.pdb
5152	afm_woTemplates_model_1_multimer_v2_pred_62.pdb
5153	afm_woTemplates_model_1_multimer_v2_pred_63.pdb
5154	afm_woTemplates_model_1_multimer_v2_pred_64.pdb
5155	afm_woTemplates_model_1_multimer_v2_pred_65.pdb
5156	afm_woTemplates_model_1_multimer_v2_pred_66.pdb
5157	afm_woTemplates_model_1_multimer_v2_pred_7.pdb
5158	afm_woTemplates_model_1_multimer_v2_pred_8.pdb
5159	afm_woTemplates_model_1_multimer_v2_pred_9.pdb
5160	afm_woTemplates_model_1_multimer_v3_pred_0.pdb
5161	afm_woTemplates_model_1_multimer_v3_pred_1.pdb
5162	afm_woTemplates_model_1_multimer_v3_pred_10.pdb
5163	afm_woTemplates_model_1_multimer_v3_pred_11.pdb
5164	afm_woTemplates_model_1_multimer_v3_pred_12.pdb
5165	afm_woTemplates_model_1_multimer_v3_pred_13.pdb
5166	afm_woTemplates_model_1_multimer_v3_pred_14.pdb
5167	afm_woTemplates_model_1_multimer_v3_pred_15.pdb
5168	afm_woTemplates_model_1_multimer_v3_pred_16.pdb
5169	afm_woTemplates_model_1_multimer_v3_pred_17.pdb
5170	afm_woTemplates_model_1_multimer_v3_pred_18.pdb
5171	afm_woTemplates_model_1_multimer_v3_pred_19.pdb
5172	afm_woTemplates_model_1_multimer_v3_pred_2.pdb
5173	afm_woTemplates_model_1_multimer_v3_pred_20.pdb
5174	afm_woTemplates_model_1_multimer_v3_pred_21.pdb
5175	afm_woTemplates_model_1_multimer_v3_pred_22.pdb
5176	afm_woTemplates_model_1_multimer_v3_pred_23.pdb
5177	afm_woTemplates_model_1_multimer_v3_pred_24.pdb
5178	afm_woTemplates_model_1_multimer_v3_pred_25.pdb
5179	afm_woTemplates_model_1_multimer_v3_pred_26.pdb
5180	afm_woTemplates_model_1_multimer_v3_pred_27.pdb
5181	afm_woTemplates_model_1_multimer_v3_pred_28.pdb
5182	afm_woTemplates_model_1_multimer_v3_pred_29.pdb
5183	afm_woTemplates_model_1_multimer_v3_pred_3.pdb
5184	afm_woTemplates_model_1_multimer_v3_pred_30.pdb
5185	afm_woTemplates_model_1_multimer_v3_pred_31.pdb
5186	afm_woTemplates_model_1_multimer_v3_pred_32.pdb
5187	afm_woTemplates_model_1_multimer_v3_pred_33.pdb
5188	afm_woTemplates_model_1_multimer_v3_pred_34.pdb
5189	afm_woTemplates_model_1_multimer_v3_pred_35.pdb
5190	afm_woTemplates_model_1_multimer_v3_pred_36.pdb
5191	afm_woTemplates_model_1_multimer_v3_pred_37.pdb
5192	afm_woTemplates_model_1_multimer_v3_pred_38.pdb
5193	afm_woTemplates_model_1_multimer_v3_pred_39.pdb
5194	afm_woTemplates_model_1_multimer_v3_pred_4.pdb
5195	afm_woTemplates_model_1_multimer_v3_pred_40.pdb
5196	afm_woTemplates_model_1_multimer_v3_pred_41.pdb
5197	afm_woTemplates_model_1_multimer_v3_pred_42.pdb
5198	afm_woTemplates_model_1_multimer_v3_pred_43.pdb
5199	afm_woTemplates_model_1_multimer_v3_pred_44.pdb
5200	afm_woTemplates_model_1_multimer_v3_pred_45.pdb
5201	afm_woTemplates_model_1_multimer_v3_pred_46.pdb
5202	afm_woTemplates_model_1_multimer_v3_pred_47.pdb
5203	afm_woTemplates_model_1_multimer_v3_pred_48.pdb
5204	afm_woTemplates_model_1_multimer_v3_pred_49.pdb
5205	afm_woTemplates_model_1_multimer_v3_pred_5.pdb
5206	afm_woTemplates_model_1_multimer_v3_pred_50.pdb
5207	afm_woTemplates_model_1_multimer_v3_pred_51.pdb
5208	afm_woTemplates_model_1_multimer_v3_pred_52.pdb
5209	afm_woTemplates_model_1_multimer_v3_pred_53.pdb
5210	afm_woTemplates_model_1_multimer_v3_pred_54.pdb
5211	afm_woTemplates_model_1_multimer_v3_pred_55.pdb
5212	afm_woTemplates_model_1_multimer_v3_pred_56.pdb
5213	afm_woTemplates_model_1_multimer_v3_pred_57.pdb
5214	afm_woTemplates_model_1_multimer_v3_pred_58.pdb
5215	afm_woTemplates_model_1_multimer_v3_pred_59.pdb
5216	afm_woTemplates_model_1_multimer_v3_pred_6.pdb
5217	afm_woTemplates_model_1_multimer_v3_pred_60.pdb
5218	afm_woTemplates_model_1_multimer_v3_pred_61.pdb
5219	afm_woTemplates_model_1_multimer_v3_pred_62.pdb
5220	afm_woTemplates_model_1_multimer_v3_pred_63.pdb
5221	afm_woTemplates_model_1_multimer_v3_pred_64.pdb
5222	afm_woTemplates_model_1_multimer_v3_pred_65.pdb
5223	afm_woTemplates_model_1_multimer_v3_pred_66.pdb
5224	afm_woTemplates_model_1_multimer_v3_pred_7.pdb
5225	afm_woTemplates_model_1_multimer_v3_pred_8.pdb
5226	afm_woTemplates_model_1_multimer_v3_pred_9.pdb
5227	afm_woTemplates_model_2_multimer_v1_pred_0.pdb
5228	afm_woTemplates_model_2_multimer_v1_pred_1.pdb
5229	afm_woTemplates_model_2_multimer_v1_pred_10.pdb
5230	afm_woTemplates_model_2_multimer_v1_pred_11.pdb
5231	afm_woTemplates_model_2_multimer_v1_pred_12.pdb
5232	afm_woTemplates_model_2_multimer_v1_pred_13.pdb
5233	afm_woTemplates_model_2_multimer_v1_pred_14.pdb
5234	afm_woTemplates_model_2_multimer_v1_pred_15.pdb
5235	afm_woTemplates_model_2_multimer_v1_pred_16.pdb
5236	afm_woTemplates_model_2_multimer_v1_pred_17.pdb
5237	afm_woTemplates_model_2_multimer_v1_pred_18.pdb
5238	afm_woTemplates_model_2_multimer_v1_pred_19.pdb
5239	afm_woTemplates_model_2_multimer_v1_pred_2.pdb
5240	afm_woTemplates_model_2_multimer_v1_pred_20.pdb
5241	afm_woTemplates_model_2_multimer_v1_pred_21.pdb
5242	afm_woTemplates_model_2_multimer_v1_pred_22.pdb
5243	afm_woTemplates_model_2_multimer_v1_pred_23.pdb
5244	afm_woTemplates_model_2_multimer_v1_pred_24.pdb
5245	afm_woTemplates_model_2_multimer_v1_pred_25.pdb
5246	afm_woTemplates_model_2_multimer_v1_pred_26.pdb
5247	afm_woTemplates_model_2_multimer_v1_pred_27.pdb
5248	afm_woTemplates_model_2_multimer_v1_pred_28.pdb
5249	afm_woTemplates_model_2_multimer_v1_pred_29.pdb
5250	afm_woTemplates_model_2_multimer_v1_pred_3.pdb
5251	afm_woTemplates_model_2_multimer_v1_pred_30.pdb
5252	afm_woTemplates_model_2_multimer_v1_pred_31.pdb
5253	afm_woTemplates_model_2_multimer_v1_pred_32.pdb
5254	afm_woTemplates_model_2_multimer_v1_pred_33.pdb
5255	afm_woTemplates_model_2_multimer_v1_pred_34.pdb
5256	afm_woTemplates_model_2_multimer_v1_pred_35.pdb
5257	afm_woTemplates_model_2_multimer_v1_pred_36.pdb
5258	afm_woTemplates_model_2_multimer_v1_pred_37.pdb
5259	afm_woTemplates_model_2_multimer_v1_pred_38.pdb
5260	afm_woTemplates_model_2_multimer_v1_pred_39.pdb
5261	afm_woTemplates_model_2_multimer_v1_pred_4.pdb
5262	afm_woTemplates_model_2_multimer_v1_pred_40.pdb
5263	afm_woTemplates_model_2_multimer_v1_pred_41.pdb
5264	afm_woTemplates_model_2_multimer_v1_pred_42.pdb
5265	afm_woTemplates_model_2_multimer_v1_pred_43.pdb
5266	afm_woTemplates_model_2_multimer_v1_pred_44.pdb
5267	afm_woTemplates_model_2_multimer_v1_pred_45.pdb
5268	afm_woTemplates_model_2_multimer_v1_pred_46.pdb
5269	afm_woTemplates_model_2_multimer_v1_pred_47.pdb
5270	afm_woTemplates_model_2_multimer_v1_pred_48.pdb
5271	afm_woTemplates_model_2_multimer_v1_pred_49.pdb
5272	afm_woTemplates_model_2_multimer_v1_pred_5.pdb
5273	afm_woTemplates_model_2_multimer_v1_pred_50.pdb
5274	afm_woTemplates_model_2_multimer_v1_pred_51.pdb
5275	afm_woTemplates_model_2_multimer_v1_pred_52.pdb
5276	afm_woTemplates_model_2_multimer_v1_pred_53.pdb
5277	afm_woTemplates_model_2_multimer_v1_pred_54.pdb
5278	afm_woTemplates_model_2_multimer_v1_pred_55.pdb
5279	afm_woTemplates_model_2_multimer_v1_pred_56.pdb
5280	afm_woTemplates_model_2_multimer_v1_pred_57.pdb
5281	afm_woTemplates_model_2_multimer_v1_pred_58.pdb
5282	afm_woTemplates_model_2_multimer_v1_pred_59.pdb
5283	afm_woTemplates_model_2_multimer_v1_pred_6.pdb
5284	afm_woTemplates_model_2_multimer_v1_pred_60.pdb
5285	afm_woTemplates_model_2_multimer_v1_pred_61.pdb
5286	afm_woTemplates_model_2_multimer_v1_pred_62.pdb
5287	afm_woTemplates_model_2_multimer_v1_pred_63.pdb
5288	afm_woTemplates_model_2_multimer_v1_pred_64.pdb
5289	afm_woTemplates_model_2_multimer_v1_pred_65.pdb
5290	afm_woTemplates_model_2_multimer_v1_pred_66.pdb
5291	afm_woTemplates_model_2_multimer_v1_pred_7.pdb
5292	afm_woTemplates_model_2_multimer_v1_pred_8.pdb
5293	afm_woTemplates_model_2_multimer_v1_pred_9.pdb
5294	afm_woTemplates_model_2_multimer_v2_pred_0.pdb
5295	afm_woTemplates_model_2_multimer_v2_pred_1.pdb
5296	afm_woTemplates_model_2_multimer_v2_pred_10.pdb
5297	afm_woTemplates_model_2_multimer_v2_pred_11.pdb
5298	afm_woTemplates_model_2_multimer_v2_pred_12.pdb
5299	afm_woTemplates_model_2_multimer_v2_pred_13.pdb
5300	afm_woTemplates_model_2_multimer_v2_pred_14.pdb
5301	afm_woTemplates_model_2_multimer_v2_pred_15.pdb
5302	afm_woTemplates_model_2_multimer_v2_pred_16.pdb
5303	afm_woTemplates_model_2_multimer_v2_pred_17.pdb
5304	afm_woTemplates_model_2_multimer_v2_pred_18.pdb
5305	afm_woTemplates_model_2_multimer_v2_pred_19.pdb
5306	afm_woTemplates_model_2_multimer_v2_pred_2.pdb
5307	afm_woTemplates_model_2_multimer_v2_pred_20.pdb
5308	afm_woTemplates_model_2_multimer_v2_pred_21.pdb
5309	afm_woTemplates_model_2_multimer_v2_pred_22.pdb
5310	afm_woTemplates_model_2_multimer_v2_pred_23.pdb
5311	afm_woTemplates_model_2_multimer_v2_pred_24.pdb
5312	afm_woTemplates_model_2_multimer_v2_pred_25.pdb
5313	afm_woTemplates_model_2_multimer_v2_pred_26.pdb
5314	afm_woTemplates_model_2_multimer_v2_pred_27.pdb
5315	afm_woTemplates_model_2_multimer_v2_pred_28.pdb
5316	afm_woTemplates_model_2_multimer_v2_pred_29.pdb
5317	afm_woTemplates_model_2_multimer_v2_pred_3.pdb
5318	afm_woTemplates_model_2_multimer_v2_pred_30.pdb
5319	afm_woTemplates_model_2_multimer_v2_pred_31.pdb
5320	afm_woTemplates_model_2_multimer_v2_pred_32.pdb
5321	afm_woTemplates_model_2_multimer_v2_pred_33.pdb
5322	afm_woTemplates_model_2_multimer_v2_pred_34.pdb
5323	afm_woTemplates_model_2_multimer_v2_pred_35.pdb
5324	afm_woTemplates_model_2_multimer_v2_pred_36.pdb
5325	afm_woTemplates_model_2_multimer_v2_pred_37.pdb
5326	afm_woTemplates_model_2_multimer_v2_pred_38.pdb
5327	afm_woTemplates_model_2_multimer_v2_pred_39.pdb
5328	afm_woTemplates_model_2_multimer_v2_pred_4.pdb
5329	afm_woTemplates_model_2_multimer_v2_pred_40.pdb
5330	afm_woTemplates_model_2_multimer_v2_pred_41.pdb
5331	afm_woTemplates_model_2_multimer_v2_pred_42.pdb
5332	afm_woTemplates_model_2_multimer_v2_pred_43.pdb
5333	afm_woTemplates_model_2_multimer_v2_pred_44.pdb
5334	afm_woTemplates_model_2_multimer_v2_pred_45.pdb
5335	afm_woTemplates_model_2_multimer_v2_pred_46.pdb
5336	afm_woTemplates_model_2_multimer_v2_pred_47.pdb
5337	afm_woTemplates_model_2_multimer_v2_pred_48.pdb
5338	afm_woTemplates_model_2_multimer_v2_pred_49.pdb
5339	afm_woTemplates_model_2_multimer_v2_pred_5.pdb
5340	afm_woTemplates_model_2_multimer_v2_pred_50.pdb
5341	afm_woTemplates_model_2_multimer_v2_pred_51.pdb
5342	afm_woTemplates_model_2_multimer_v2_pred_52.pdb
5343	afm_woTemplates_model_2_multimer_v2_pred_53.pdb
5344	afm_woTemplates_model_2_multimer_v2_pred_54.pdb
5345	afm_woTemplates_model_2_multimer_v2_pred_55.pdb
5346	afm_woTemplates_model_2_multimer_v2_pred_56.pdb
5347	afm_woTemplates_model_2_multimer_v2_pred_57.pdb
5348	afm_woTemplates_model_2_multimer_v2_pred_58.pdb
5349	afm_woTemplates_model_2_multimer_v2_pred_59.pdb
5350	afm_woTemplates_model_2_multimer_v2_pred_6.pdb
5351	afm_woTemplates_model_2_multimer_v2_pred_60.pdb
5352	afm_woTemplates_model_2_multimer_v2_pred_61.pdb
5353	afm_woTemplates_model_2_multimer_v2_pred_62.pdb
5354	afm_woTemplates_model_2_multimer_v2_pred_63.pdb
5355	afm_woTemplates_model_2_multimer_v2_pred_64.pdb
5356	afm_woTemplates_model_2_multimer_v2_pred_65.pdb
5357	afm_woTemplates_model_2_multimer_v2_pred_66.pdb
5358	afm_woTemplates_model_2_multimer_v2_pred_7.pdb
5359	afm_woTemplates_model_2_multimer_v2_pred_8.pdb
5360	afm_woTemplates_model_2_multimer_v2_pred_9.pdb
5361	afm_woTemplates_model_2_multimer_v3_pred_0.pdb
5362	afm_woTemplates_model_2_multimer_v3_pred_1.pdb
5363	afm_woTemplates_model_2_multimer_v3_pred_10.pdb
5364	afm_woTemplates_model_2_multimer_v3_pred_11.pdb
5365	afm_woTemplates_model_2_multimer_v3_pred_12.pdb
5366	afm_woTemplates_model_2_multimer_v3_pred_13.pdb
5367	afm_woTemplates_model_2_multimer_v3_pred_14.pdb
5368	afm_woTemplates_model_2_multimer_v3_pred_15.pdb
5369	afm_woTemplates_model_2_multimer_v3_pred_16.pdb
5370	afm_woTemplates_model_2_multimer_v3_pred_17.pdb
5371	afm_woTemplates_model_2_multimer_v3_pred_18.pdb
5372	afm_woTemplates_model_2_multimer_v3_pred_19.pdb
5373	afm_woTemplates_model_2_multimer_v3_pred_2.pdb
5374	afm_woTemplates_model_2_multimer_v3_pred_20.pdb
5375	afm_woTemplates_model_2_multimer_v3_pred_21.pdb
5376	afm_woTemplates_model_2_multimer_v3_pred_22.pdb
5377	afm_woTemplates_model_2_multimer_v3_pred_23.pdb
5378	afm_woTemplates_model_2_multimer_v3_pred_24.pdb
5379	afm_woTemplates_model_2_multimer_v3_pred_25.pdb
5380	afm_woTemplates_model_2_multimer_v3_pred_26.pdb
5381	afm_woTemplates_model_2_multimer_v3_pred_27.pdb
5382	afm_woTemplates_model_2_multimer_v3_pred_28.pdb
5383	afm_woTemplates_model_2_multimer_v3_pred_29.pdb
5384	afm_woTemplates_model_2_multimer_v3_pred_3.pdb
5385	afm_woTemplates_model_2_multimer_v3_pred_30.pdb
5386	afm_woTemplates_model_2_multimer_v3_pred_31.pdb
5387	afm_woTemplates_model_2_multimer_v3_pred_32.pdb
5388	afm_woTemplates_model_2_multimer_v3_pred_33.pdb
5389	afm_woTemplates_model_2_multimer_v3_pred_34.pdb
5390	afm_woTemplates_model_2_multimer_v3_pred_35.pdb
5391	afm_woTemplates_model_2_multimer_v3_pred_36.pdb
5392	afm_woTemplates_model_2_multimer_v3_pred_37.pdb
5393	afm_woTemplates_model_2_multimer_v3_pred_38.pdb
5394	afm_woTemplates_model_2_multimer_v3_pred_39.pdb
5395	afm_woTemplates_model_2_multimer_v3_pred_4.pdb
5396	afm_woTemplates_model_2_multimer_v3_pred_40.pdb
5397	afm_woTemplates_model_2_multimer_v3_pred_41.pdb
5398	afm_woTemplates_model_2_multimer_v3_pred_42.pdb
5399	afm_woTemplates_model_2_multimer_v3_pred_43.pdb
5400	afm_woTemplates_model_2_multimer_v3_pred_44.pdb
5401	afm_woTemplates_model_2_multimer_v3_pred_45.pdb
5402	afm_woTemplates_model_2_multimer_v3_pred_46.pdb
5403	afm_woTemplates_model_2_multimer_v3_pred_47.pdb
5404	afm_woTemplates_model_2_multimer_v3_pred_48.pdb
5405	afm_woTemplates_model_2_multimer_v3_pred_49.pdb
5406	afm_woTemplates_model_2_multimer_v3_pred_5.pdb
5407	afm_woTemplates_model_2_multimer_v3_pred_50.pdb
5408	afm_woTemplates_model_2_multimer_v3_pred_51.pdb
5409	afm_woTemplates_model_2_multimer_v3_pred_52.pdb
5410	afm_woTemplates_model_2_multimer_v3_pred_53.pdb
5411	afm_woTemplates_model_2_multimer_v3_pred_54.pdb
5412	afm_woTemplates_model_2_multimer_v3_pred_55.pdb
5413	afm_woTemplates_model_2_multimer_v3_pred_56.pdb
5414	afm_woTemplates_model_2_multimer_v3_pred_57.pdb
5415	afm_woTemplates_model_2_multimer_v3_pred_58.pdb
5416	afm_woTemplates_model_2_multimer_v3_pred_59.pdb
5417	afm_woTemplates_model_2_multimer_v3_pred_6.pdb
5418	afm_woTemplates_model_2_multimer_v3_pred_60.pdb
5419	afm_woTemplates_model_2_multimer_v3_pred_61.pdb
5420	afm_woTemplates_model_2_multimer_v3_pred_62.pdb
5421	afm_woTemplates_model_2_multimer_v3_pred_63.pdb
5422	afm_woTemplates_model_2_multimer_v3_pred_64.pdb
5423	afm_woTemplates_model_2_multimer_v3_pred_65.pdb
5424	afm_woTemplates_model_2_multimer_v3_pred_66.pdb
5425	afm_woTemplates_model_2_multimer_v3_pred_7.pdb
5426	afm_woTemplates_model_2_multimer_v3_pred_8.pdb
5427	afm_woTemplates_model_2_multimer_v3_pred_9.pdb
5428	afm_woTemplates_model_3_multimer_v1_pred_0.pdb
5429	afm_woTemplates_model_3_multimer_v1_pred_1.pdb
5430	afm_woTemplates_model_3_multimer_v1_pred_10.pdb
5431	afm_woTemplates_model_3_multimer_v1_pred_11.pdb
5432	afm_woTemplates_model_3_multimer_v1_pred_12.pdb
5433	afm_woTemplates_model_3_multimer_v1_pred_13.pdb
5434	afm_woTemplates_model_3_multimer_v1_pred_14.pdb
5435	afm_woTemplates_model_3_multimer_v1_pred_15.pdb
5436	afm_woTemplates_model_3_multimer_v1_pred_16.pdb
5437	afm_woTemplates_model_3_multimer_v1_pred_17.pdb
5438	afm_woTemplates_model_3_multimer_v1_pred_18.pdb
5439	afm_woTemplates_model_3_multimer_v1_pred_19.pdb
5440	afm_woTemplates_model_3_multimer_v1_pred_2.pdb
5441	afm_woTemplates_model_3_multimer_v1_pred_20.pdb
5442	afm_woTemplates_model_3_multimer_v1_pred_21.pdb
5443	afm_woTemplates_model_3_multimer_v1_pred_22.pdb
5444	afm_woTemplates_model_3_multimer_v1_pred_23.pdb
5445	afm_woTemplates_model_3_multimer_v1_pred_24.pdb
5446	afm_woTemplates_model_3_multimer_v1_pred_25.pdb
5447	afm_woTemplates_model_3_multimer_v1_pred_26.pdb
5448	afm_woTemplates_model_3_multimer_v1_pred_27.pdb
5449	afm_woTemplates_model_3_multimer_v1_pred_28.pdb
5450	afm_woTemplates_model_3_multimer_v1_pred_29.pdb
5451	afm_woTemplates_model_3_multimer_v1_pred_3.pdb
5452	afm_woTemplates_model_3_multimer_v1_pred_30.pdb
5453	afm_woTemplates_model_3_multimer_v1_pred_31.pdb
5454	afm_woTemplates_model_3_multimer_v1_pred_32.pdb
5455	afm_woTemplates_model_3_multimer_v1_pred_33.pdb
5456	afm_woTemplates_model_3_multimer_v1_pred_34.pdb
5457	afm_woTemplates_model_3_multimer_v1_pred_35.pdb
5458	afm_woTemplates_model_3_multimer_v1_pred_36.pdb
5459	afm_woTemplates_model_3_multimer_v1_pred_37.pdb
5460	afm_woTemplates_model_3_multimer_v1_pred_38.pdb
5461	afm_woTemplates_model_3_multimer_v1_pred_39.pdb
5462	afm_woTemplates_model_3_multimer_v1_pred_4.pdb
5463	afm_woTemplates_model_3_multimer_v1_pred_40.pdb
5464	afm_woTemplates_model_3_multimer_v1_pred_41.pdb
5465	afm_woTemplates_model_3_multimer_v1_pred_42.pdb
5466	afm_woTemplates_model_3_multimer_v1_pred_43.pdb
5467	afm_woTemplates_model_3_multimer_v1_pred_44.pdb
5468	afm_woTemplates_model_3_multimer_v1_pred_45.pdb
5469	afm_woTemplates_model_3_multimer_v1_pred_46.pdb
5470	afm_woTemplates_model_3_multimer_v1_pred_47.pdb
5471	afm_woTemplates_model_3_multimer_v1_pred_48.pdb
5472	afm_woTemplates_model_3_multimer_v1_pred_49.pdb
5473	afm_woTemplates_model_3_multimer_v1_pred_5.pdb
5474	afm_woTemplates_model_3_multimer_v1_pred_50.pdb
5475	afm_woTemplates_model_3_multimer_v1_pred_51.pdb
5476	afm_woTemplates_model_3_multimer_v1_pred_52.pdb
5477	afm_woTemplates_model_3_multimer_v1_pred_53.pdb
5478	afm_woTemplates_model_3_multimer_v1_pred_54.pdb
5479	afm_woTemplates_model_3_multimer_v1_pred_55.pdb
5480	afm_woTemplates_model_3_multimer_v1_pred_56.pdb
5481	afm_woTemplates_model_3_multimer_v1_pred_57.pdb
5482	afm_woTemplates_model_3_multimer_v1_pred_58.pdb
5483	afm_woTemplates_model_3_multimer_v1_pred_59.pdb
5484	afm_woTemplates_model_3_multimer_v1_pred_6.pdb
5485	afm_woTemplates_model_3_multimer_v1_pred_60.pdb
5486	afm_woTemplates_model_3_multimer_v1_pred_61.pdb
5487	afm_woTemplates_model_3_multimer_v1_pred_62.pdb
5488	afm_woTemplates_model_3_multimer_v1_pred_63.pdb
5489	afm_woTemplates_model_3_multimer_v1_pred_64.pdb
5490	afm_woTemplates_model_3_multimer_v1_pred_65.pdb
5491	afm_woTemplates_model_3_multimer_v1_pred_66.pdb
5492	afm_woTemplates_model_3_multimer_v1_pred_7.pdb
5493	afm_woTemplates_model_3_multimer_v1_pred_8.pdb
5494	afm_woTemplates_model_3_multimer_v1_pred_9.pdb
5495	afm_woTemplates_model_3_multimer_v2_pred_0.pdb
5496	afm_woTemplates_model_3_multimer_v2_pred_1.pdb
5497	afm_woTemplates_model_3_multimer_v2_pred_10.pdb
5498	afm_woTemplates_model_3_multimer_v2_pred_11.pdb
5499	afm_woTemplates_model_3_multimer_v2_pred_12.pdb
5500	afm_woTemplates_model_3_multimer_v2_pred_13.pdb
5501	afm_woTemplates_model_3_multimer_v2_pred_14.pdb
5502	afm_woTemplates_model_3_multimer_v2_pred_15.pdb
5503	afm_woTemplates_model_3_multimer_v2_pred_16.pdb
5504	afm_woTemplates_model_3_multimer_v2_pred_17.pdb
5505	afm_woTemplates_model_3_multimer_v2_pred_18.pdb
5506	afm_woTemplates_model_3_multimer_v2_pred_19.pdb
5507	afm_woTemplates_model_3_multimer_v2_pred_2.pdb
5508	afm_woTemplates_model_3_multimer_v2_pred_20.pdb
5509	afm_woTemplates_model_3_multimer_v2_pred_21.pdb
5510	afm_woTemplates_model_3_multimer_v2_pred_22.pdb
5511	afm_woTemplates_model_3_multimer_v2_pred_23.pdb
5512	afm_woTemplates_model_3_multimer_v2_pred_24.pdb
5513	afm_woTemplates_model_3_multimer_v2_pred_25.pdb
5514	afm_woTemplates_model_3_multimer_v2_pred_26.pdb
5515	afm_woTemplates_model_3_multimer_v2_pred_27.pdb
5516	afm_woTemplates_model_3_multimer_v2_pred_28.pdb
5517	afm_woTemplates_model_3_multimer_v2_pred_29.pdb
5518	afm_woTemplates_model_3_multimer_v2_pred_3.pdb
5519	afm_woTemplates_model_3_multimer_v2_pred_30.pdb
5520	afm_woTemplates_model_3_multimer_v2_pred_31.pdb
5521	afm_woTemplates_model_3_multimer_v2_pred_32.pdb
5522	afm_woTemplates_model_3_multimer_v2_pred_33.pdb
5523	afm_woTemplates_model_3_multimer_v2_pred_34.pdb
5524	afm_woTemplates_model_3_multimer_v2_pred_35.pdb
5525	afm_woTemplates_model_3_multimer_v2_pred_36.pdb
5526	afm_woTemplates_model_3_multimer_v2_pred_37.pdb
5527	afm_woTemplates_model_3_multimer_v2_pred_38.pdb
5528	afm_woTemplates_model_3_multimer_v2_pred_39.pdb
5529	afm_woTemplates_model_3_multimer_v2_pred_4.pdb
5530	afm_woTemplates_model_3_multimer_v2_pred_40.pdb
5531	afm_woTemplates_model_3_multimer_v2_pred_41.pdb
5532	afm_woTemplates_model_3_multimer_v2_pred_42.pdb
5533	afm_woTemplates_model_3_multimer_v2_pred_43.pdb
5534	afm_woTemplates_model_3_multimer_v2_pred_44.pdb
5535	afm_woTemplates_model_3_multimer_v2_pred_45.pdb
5536	afm_woTemplates_model_3_multimer_v2_pred_46.pdb
5537	afm_woTemplates_model_3_multimer_v2_pred_47.pdb
5538	afm_woTemplates_model_3_multimer_v2_pred_48.pdb
5539	afm_woTemplates_model_3_multimer_v2_pred_49.pdb
5540	afm_woTemplates_model_3_multimer_v2_pred_5.pdb
5541	afm_woTemplates_model_3_multimer_v2_pred_50.pdb
5542	afm_woTemplates_model_3_multimer_v2_pred_51.pdb
5543	afm_woTemplates_model_3_multimer_v2_pred_52.pdb
5544	afm_woTemplates_model_3_multimer_v2_pred_53.pdb
5545	afm_woTemplates_model_3_multimer_v2_pred_54.pdb
5546	afm_woTemplates_model_3_multimer_v2_pred_55.pdb
5547	afm_woTemplates_model_3_multimer_v2_pred_56.pdb
5548	afm_woTemplates_model_3_multimer_v2_pred_57.pdb
5549	afm_woTemplates_model_3_multimer_v2_pred_58.pdb
5550	afm_woTemplates_model_3_multimer_v2_pred_59.pdb
5551	afm_woTemplates_model_3_multimer_v2_pred_6.pdb
5552	afm_woTemplates_model_3_multimer_v2_pred_60.pdb
5553	afm_woTemplates_model_3_multimer_v2_pred_61.pdb
5554	afm_woTemplates_model_3_multimer_v2_pred_62.pdb
5555	afm_woTemplates_model_3_multimer_v2_pred_63.pdb
5556	afm_woTemplates_model_3_multimer_v2_pred_64.pdb
5557	afm_woTemplates_model_3_multimer_v2_pred_65.pdb
5558	afm_woTemplates_model_3_multimer_v2_pred_66.pdb
5559	afm_woTemplates_model_3_multimer_v2_pred_7.pdb
5560	afm_woTemplates_model_3_multimer_v2_pred_8.pdb
5561	afm_woTemplates_model_3_multimer_v2_pred_9.pdb
5562	afm_woTemplates_model_3_multimer_v3_pred_0.pdb
5563	afm_woTemplates_model_3_multimer_v3_pred_1.pdb
5564	afm_woTemplates_model_3_multimer_v3_pred_10.pdb
5565	afm_woTemplates_model_3_multimer_v3_pred_11.pdb
5566	afm_woTemplates_model_3_multimer_v3_pred_12.pdb
5567	afm_woTemplates_model_3_multimer_v3_pred_13.pdb
5568	afm_woTemplates_model_3_multimer_v3_pred_14.pdb
5569	afm_woTemplates_model_3_multimer_v3_pred_15.pdb
5570	afm_woTemplates_model_3_multimer_v3_pred_16.pdb
5571	afm_woTemplates_model_3_multimer_v3_pred_17.pdb
5572	afm_woTemplates_model_3_multimer_v3_pred_18.pdb
5573	afm_woTemplates_model_3_multimer_v3_pred_19.pdb
5574	afm_woTemplates_model_3_multimer_v3_pred_2.pdb
5575	afm_woTemplates_model_3_multimer_v3_pred_20.pdb
5576	afm_woTemplates_model_3_multimer_v3_pred_21.pdb
5577	afm_woTemplates_model_3_multimer_v3_pred_22.pdb
5578	afm_woTemplates_model_3_multimer_v3_pred_23.pdb
5579	afm_woTemplates_model_3_multimer_v3_pred_24.pdb
5580	afm_woTemplates_model_3_multimer_v3_pred_25.pdb
5581	afm_woTemplates_model_3_multimer_v3_pred_26.pdb
5582	afm_woTemplates_model_3_multimer_v3_pred_27.pdb
5583	afm_woTemplates_model_3_multimer_v3_pred_28.pdb
5584	afm_woTemplates_model_3_multimer_v3_pred_29.pdb
5585	afm_woTemplates_model_3_multimer_v3_pred_3.pdb
5586	afm_woTemplates_model_3_multimer_v3_pred_30.pdb
5587	afm_woTemplates_model_3_multimer_v3_pred_31.pdb
5588	afm_woTemplates_model_3_multimer_v3_pred_32.pdb
5589	afm_woTemplates_model_3_multimer_v3_pred_33.pdb
5590	afm_woTemplates_model_3_multimer_v3_pred_34.pdb
5591	afm_woTemplates_model_3_multimer_v3_pred_35.pdb
5592	afm_woTemplates_model_3_multimer_v3_pred_36.pdb
5593	afm_woTemplates_model_3_multimer_v3_pred_37.pdb
5594	afm_woTemplates_model_3_multimer_v3_pred_38.pdb
5595	afm_woTemplates_model_3_multimer_v3_pred_39.pdb
5596	afm_woTemplates_model_3_multimer_v3_pred_4.pdb
5597	afm_woTemplates_model_3_multimer_v3_pred_40.pdb
5598	afm_woTemplates_model_3_multimer_v3_pred_41.pdb
5599	afm_woTemplates_model_3_multimer_v3_pred_42.pdb
5600	afm_woTemplates_model_3_multimer_v3_pred_43.pdb
5601	afm_woTemplates_model_3_multimer_v3_pred_44.pdb
5602	afm_woTemplates_model_3_multimer_v3_pred_45.pdb
5603	afm_woTemplates_model_3_multimer_v3_pred_46.pdb
5604	afm_woTemplates_model_3_multimer_v3_pred_47.pdb
5605	afm_woTemplates_model_3_multimer_v3_pred_48.pdb
5606	afm_woTemplates_model_3_multimer_v3_pred_49.pdb
5607	afm_woTemplates_model_3_multimer_v3_pred_5.pdb
5608	afm_woTemplates_model_3_multimer_v3_pred_50.pdb
5609	afm_woTemplates_model_3_multimer_v3_pred_51.pdb
5610	afm_woTemplates_model_3_multimer_v3_pred_52.pdb
5611	afm_woTemplates_model_3_multimer_v3_pred_53.pdb
5612	afm_woTemplates_model_3_multimer_v3_pred_54.pdb
5613	afm_woTemplates_model_3_multimer_v3_pred_55.pdb
5614	afm_woTemplates_model_3_multimer_v3_pred_56.pdb
5615	afm_woTemplates_model_3_multimer_v3_pred_57.pdb
5616	afm_woTemplates_model_3_multimer_v3_pred_58.pdb
5617	afm_woTemplates_model_3_multimer_v3_pred_59.pdb
5618	afm_woTemplates_model_3_multimer_v3_pred_6.pdb
5619	afm_woTemplates_model_3_multimer_v3_pred_60.pdb
5620	afm_woTemplates_model_3_multimer_v3_pred_61.pdb
5621	afm_woTemplates_model_3_multimer_v3_pred_62.pdb
5622	afm_woTemplates_model_3_multimer_v3_pred_63.pdb
5623	afm_woTemplates_model_3_multimer_v3_pred_64.pdb
5624	afm_woTemplates_model_3_multimer_v3_pred_65.pdb
5625	afm_woTemplates_model_3_multimer_v3_pred_66.pdb
5626	afm_woTemplates_model_3_multimer_v3_pred_7.pdb
5627	afm_woTemplates_model_3_multimer_v3_pred_8.pdb
5628	afm_woTemplates_model_3_multimer_v3_pred_9.pdb
5629	afm_woTemplates_model_4_multimer_v1_pred_0.pdb
5630	afm_woTemplates_model_4_multimer_v1_pred_1.pdb
5631	afm_woTemplates_model_4_multimer_v1_pred_10.pdb
5632	afm_woTemplates_model_4_multimer_v1_pred_11.pdb
5633	afm_woTemplates_model_4_multimer_v1_pred_12.pdb
5634	afm_woTemplates_model_4_multimer_v1_pred_13.pdb
5635	afm_woTemplates_model_4_multimer_v1_pred_14.pdb
5636	afm_woTemplates_model_4_multimer_v1_pred_15.pdb
5637	afm_woTemplates_model_4_multimer_v1_pred_16.pdb
5638	afm_woTemplates_model_4_multimer_v1_pred_17.pdb
5639	afm_woTemplates_model_4_multimer_v1_pred_18.pdb
5640	afm_woTemplates_model_4_multimer_v1_pred_19.pdb
5641	afm_woTemplates_model_4_multimer_v1_pred_2.pdb
5642	afm_woTemplates_model_4_multimer_v1_pred_20.pdb
5643	afm_woTemplates_model_4_multimer_v1_pred_21.pdb
5644	afm_woTemplates_model_4_multimer_v1_pred_22.pdb
5645	afm_woTemplates_model_4_multimer_v1_pred_23.pdb
5646	afm_woTemplates_model_4_multimer_v1_pred_24.pdb
5647	afm_woTemplates_model_4_multimer_v1_pred_25.pdb
5648	afm_woTemplates_model_4_multimer_v1_pred_26.pdb
5649	afm_woTemplates_model_4_multimer_v1_pred_27.pdb
5650	afm_woTemplates_model_4_multimer_v1_pred_28.pdb
5651	afm_woTemplates_model_4_multimer_v1_pred_29.pdb
5652	afm_woTemplates_model_4_multimer_v1_pred_3.pdb
5653	afm_woTemplates_model_4_multimer_v1_pred_30.pdb
5654	afm_woTemplates_model_4_multimer_v1_pred_31.pdb
5655	afm_woTemplates_model_4_multimer_v1_pred_32.pdb
5656	afm_woTemplates_model_4_multimer_v1_pred_33.pdb
5657	afm_woTemplates_model_4_multimer_v1_pred_34.pdb
5658	afm_woTemplates_model_4_multimer_v1_pred_35.pdb
5659	afm_woTemplates_model_4_multimer_v1_pred_36.pdb
5660	afm_woTemplates_model_4_multimer_v1_pred_37.pdb
5661	afm_woTemplates_model_4_multimer_v1_pred_38.pdb
5662	afm_woTemplates_model_4_multimer_v1_pred_39.pdb
5663	afm_woTemplates_model_4_multimer_v1_pred_4.pdb
5664	afm_woTemplates_model_4_multimer_v1_pred_40.pdb
5665	afm_woTemplates_model_4_multimer_v1_pred_41.pdb
5666	afm_woTemplates_model_4_multimer_v1_pred_42.pdb
5667	afm_woTemplates_model_4_multimer_v1_pred_43.pdb
5668	afm_woTemplates_model_4_multimer_v1_pred_44.pdb
5669	afm_woTemplates_model_4_multimer_v1_pred_45.pdb
5670	afm_woTemplates_model_4_multimer_v1_pred_46.pdb
5671	afm_woTemplates_model_4_multimer_v1_pred_47.pdb
5672	afm_woTemplates_model_4_multimer_v1_pred_48.pdb
5673	afm_woTemplates_model_4_multimer_v1_pred_49.pdb
5674	afm_woTemplates_model_4_multimer_v1_pred_5.pdb
5675	afm_woTemplates_model_4_multimer_v1_pred_50.pdb
5676	afm_woTemplates_model_4_multimer_v1_pred_51.pdb
5677	afm_woTemplates_model_4_multimer_v1_pred_52.pdb
5678	afm_woTemplates_model_4_multimer_v1_pred_53.pdb
5679	afm_woTemplates_model_4_multimer_v1_pred_54.pdb
5680	afm_woTemplates_model_4_multimer_v1_pred_55.pdb
5681	afm_woTemplates_model_4_multimer_v1_pred_56.pdb
5682	afm_woTemplates_model_4_multimer_v1_pred_57.pdb
5683	afm_woTemplates_model_4_multimer_v1_pred_58.pdb
5684	afm_woTemplates_model_4_multimer_v1_pred_59.pdb
5685	afm_woTemplates_model_4_multimer_v1_pred_6.pdb
5686	afm_woTemplates_model_4_multimer_v1_pred_60.pdb
5687	afm_woTemplates_model_4_multimer_v1_pred_61.pdb
5688	afm_woTemplates_model_4_multimer_v1_pred_62.pdb
5689	afm_woTemplates_model_4_multimer_v1_pred_63.pdb
5690	afm_woTemplates_model_4_multimer_v1_pred_64.pdb
5691	afm_woTemplates_model_4_multimer_v1_pred_65.pdb
5692	afm_woTemplates_model_4_multimer_v1_pred_66.pdb
5693	afm_woTemplates_model_4_multimer_v1_pred_7.pdb
5694	afm_woTemplates_model_4_multimer_v1_pred_8.pdb
5695	afm_woTemplates_model_4_multimer_v1_pred_9.pdb
5696	afm_woTemplates_model_4_multimer_v2_pred_0.pdb
5697	afm_woTemplates_model_4_multimer_v2_pred_1.pdb
5698	afm_woTemplates_model_4_multimer_v2_pred_10.pdb
5699	afm_woTemplates_model_4_multimer_v2_pred_11.pdb
5700	afm_woTemplates_model_4_multimer_v2_pred_12.pdb
5701	afm_woTemplates_model_4_multimer_v2_pred_13.pdb
5702	afm_woTemplates_model_4_multimer_v2_pred_14.pdb
5703	afm_woTemplates_model_4_multimer_v2_pred_15.pdb
5704	afm_woTemplates_model_4_multimer_v2_pred_16.pdb
5705	afm_woTemplates_model_4_multimer_v2_pred_17.pdb
5706	afm_woTemplates_model_4_multimer_v2_pred_18.pdb
5707	afm_woTemplates_model_4_multimer_v2_pred_19.pdb
5708	afm_woTemplates_model_4_multimer_v2_pred_2.pdb
5709	afm_woTemplates_model_4_multimer_v2_pred_20.pdb
5710	afm_woTemplates_model_4_multimer_v2_pred_21.pdb
5711	afm_woTemplates_model_4_multimer_v2_pred_22.pdb
5712	afm_woTemplates_model_4_multimer_v2_pred_23.pdb
5713	afm_woTemplates_model_4_multimer_v2_pred_24.pdb
5714	afm_woTemplates_model_4_multimer_v2_pred_25.pdb
5715	afm_woTemplates_model_4_multimer_v2_pred_26.pdb
5716	afm_woTemplates_model_4_multimer_v2_pred_27.pdb
5717	afm_woTemplates_model_4_multimer_v2_pred_28.pdb
5718	afm_woTemplates_model_4_multimer_v2_pred_29.pdb
5719	afm_woTemplates_model_4_multimer_v2_pred_3.pdb
5720	afm_woTemplates_model_4_multimer_v2_pred_30.pdb
5721	afm_woTemplates_model_4_multimer_v2_pred_31.pdb
5722	afm_woTemplates_model_4_multimer_v2_pred_32.pdb
5723	afm_woTemplates_model_4_multimer_v2_pred_33.pdb
5724	afm_woTemplates_model_4_multimer_v2_pred_34.pdb
5725	afm_woTemplates_model_4_multimer_v2_pred_35.pdb
5726	afm_woTemplates_model_4_multimer_v2_pred_36.pdb
5727	afm_woTemplates_model_4_multimer_v2_pred_37.pdb
5728	afm_woTemplates_model_4_multimer_v2_pred_38.pdb
5729	afm_woTemplates_model_4_multimer_v2_pred_39.pdb
5730	afm_woTemplates_model_4_multimer_v2_pred_4.pdb
5731	afm_woTemplates_model_4_multimer_v2_pred_40.pdb
5732	afm_woTemplates_model_4_multimer_v2_pred_41.pdb
5733	afm_woTemplates_model_4_multimer_v2_pred_42.pdb
5734	afm_woTemplates_model_4_multimer_v2_pred_43.pdb
5735	afm_woTemplates_model_4_multimer_v2_pred_44.pdb
5736	afm_woTemplates_model_4_multimer_v2_pred_45.pdb
5737	afm_woTemplates_model_4_multimer_v2_pred_46.pdb
5738	afm_woTemplates_model_4_multimer_v2_pred_47.pdb
5739	afm_woTemplates_model_4_multimer_v2_pred_48.pdb
5740	afm_woTemplates_model_4_multimer_v2_pred_49.pdb
5741	afm_woTemplates_model_4_multimer_v2_pred_5.pdb
5742	afm_woTemplates_model_4_multimer_v2_pred_50.pdb
5743	afm_woTemplates_model_4_multimer_v2_pred_51.pdb
5744	afm_woTemplates_model_4_multimer_v2_pred_52.pdb
5745	afm_woTemplates_model_4_multimer_v2_pred_53.pdb
5746	afm_woTemplates_model_4_multimer_v2_pred_54.pdb
5747	afm_woTemplates_model_4_multimer_v2_pred_55.pdb
5748	afm_woTemplates_model_4_multimer_v2_pred_56.pdb
5749	afm_woTemplates_model_4_multimer_v2_pred_57.pdb
5750	afm_woTemplates_model_4_multimer_v2_pred_58.pdb
5751	afm_woTemplates_model_4_multimer_v2_pred_59.pdb
5752	afm_woTemplates_model_4_multimer_v2_pred_6.pdb
5753	afm_woTemplates_model_4_multimer_v2_pred_60.pdb
5754	afm_woTemplates_model_4_multimer_v2_pred_61.pdb
5755	afm_woTemplates_model_4_multimer_v2_pred_62.pdb
5756	afm_woTemplates_model_4_multimer_v2_pred_63.pdb
5757	afm_woTemplates_model_4_multimer_v2_pred_64.pdb
5758	afm_woTemplates_model_4_multimer_v2_pred_65.pdb
5759	afm_woTemplates_model_4_multimer_v2_pred_66.pdb
5760	afm_woTemplates_model_4_multimer_v2_pred_7.pdb
5761	afm_woTemplates_model_4_multimer_v2_pred_8.pdb
5762	afm_woTemplates_model_4_multimer_v2_pred_9.pdb
5763	afm_woTemplates_model_4_multimer_v3_pred_0.pdb
5764	afm_woTemplates_model_4_multimer_v3_pred_1.pdb
5765	afm_woTemplates_model_4_multimer_v3_pred_10.pdb
5766	afm_woTemplates_model_4_multimer_v3_pred_11.pdb
5767	afm_woTemplates_model_4_multimer_v3_pred_12.pdb
5768	afm_woTemplates_model_4_multimer_v3_pred_13.pdb
5769	afm_woTemplates_model_4_multimer_v3_pred_14.pdb
5770	afm_woTemplates_model_4_multimer_v3_pred_15.pdb
5771	afm_woTemplates_model_4_multimer_v3_pred_16.pdb
5772	afm_woTemplates_model_4_multimer_v3_pred_17.pdb
5773	afm_woTemplates_model_4_multimer_v3_pred_18.pdb
5774	afm_woTemplates_model_4_multimer_v3_pred_19.pdb
5775	afm_woTemplates_model_4_multimer_v3_pred_2.pdb
5776	afm_woTemplates_model_4_multimer_v3_pred_20.pdb
5777	afm_woTemplates_model_4_multimer_v3_pred_21.pdb
5778	afm_woTemplates_model_4_multimer_v3_pred_22.pdb
5779	afm_woTemplates_model_4_multimer_v3_pred_23.pdb
5780	afm_woTemplates_model_4_multimer_v3_pred_24.pdb
5781	afm_woTemplates_model_4_multimer_v3_pred_25.pdb
5782	afm_woTemplates_model_4_multimer_v3_pred_26.pdb
5783	afm_woTemplates_model_4_multimer_v3_pred_27.pdb
5784	afm_woTemplates_model_4_multimer_v3_pred_28.pdb
5785	afm_woTemplates_model_4_multimer_v3_pred_29.pdb
5786	afm_woTemplates_model_4_multimer_v3_pred_3.pdb
5787	afm_woTemplates_model_4_multimer_v3_pred_30.pdb
5788	afm_woTemplates_model_4_multimer_v3_pred_31.pdb
5789	afm_woTemplates_model_4_multimer_v3_pred_32.pdb
5790	afm_woTemplates_model_4_multimer_v3_pred_33.pdb
5791	afm_woTemplates_model_4_multimer_v3_pred_34.pdb
5792	afm_woTemplates_model_4_multimer_v3_pred_35.pdb
5793	afm_woTemplates_model_4_multimer_v3_pred_36.pdb
5794	afm_woTemplates_model_4_multimer_v3_pred_37.pdb
5795	afm_woTemplates_model_4_multimer_v3_pred_38.pdb
5796	afm_woTemplates_model_4_multimer_v3_pred_39.pdb
5797	afm_woTemplates_model_4_multimer_v3_pred_4.pdb
5798	afm_woTemplates_model_4_multimer_v3_pred_40.pdb
5799	afm_woTemplates_model_4_multimer_v3_pred_41.pdb
5800	afm_woTemplates_model_4_multimer_v3_pred_42.pdb
5801	afm_woTemplates_model_4_multimer_v3_pred_43.pdb
5802	afm_woTemplates_model_4_multimer_v3_pred_44.pdb
5803	afm_woTemplates_model_4_multimer_v3_pred_45.pdb
5804	afm_woTemplates_model_4_multimer_v3_pred_46.pdb
5805	afm_woTemplates_model_4_multimer_v3_pred_47.pdb
5806	afm_woTemplates_model_4_multimer_v3_pred_48.pdb
5807	afm_woTemplates_model_4_multimer_v3_pred_49.pdb
5808	afm_woTemplates_model_4_multimer_v3_pred_5.pdb
5809	afm_woTemplates_model_4_multimer_v3_pred_50.pdb
5810	afm_woTemplates_model_4_multimer_v3_pred_51.pdb
5811	afm_woTemplates_model_4_multimer_v3_pred_52.pdb
5812	afm_woTemplates_model_4_multimer_v3_pred_53.pdb
5813	afm_woTemplates_model_4_multimer_v3_pred_54.pdb
5814	afm_woTemplates_model_4_multimer_v3_pred_55.pdb
5815	afm_woTemplates_model_4_multimer_v3_pred_56.pdb
5816	afm_woTemplates_model_4_multimer_v3_pred_57.pdb
5817	afm_woTemplates_model_4_multimer_v3_pred_58.pdb
5818	afm_woTemplates_model_4_multimer_v3_pred_59.pdb
5819	afm_woTemplates_model_4_multimer_v3_pred_6.pdb
5820	afm_woTemplates_model_4_multimer_v3_pred_60.pdb
5821	afm_woTemplates_model_4_multimer_v3_pred_61.pdb
5822	afm_woTemplates_model_4_multimer_v3_pred_62.pdb
5823	afm_woTemplates_model_4_multimer_v3_pred_63.pdb
5824	afm_woTemplates_model_4_multimer_v3_pred_64.pdb
5825	afm_woTemplates_model_4_multimer_v3_pred_65.pdb
5826	afm_woTemplates_model_4_multimer_v3_pred_66.pdb
5827	afm_woTemplates_model_4_multimer_v3_pred_7.pdb
5828	afm_woTemplates_model_4_multimer_v3_pred_8.pdb
5829	afm_woTemplates_model_4_multimer_v3_pred_9.pdb
5830	afm_woTemplates_model_5_multimer_v1_pred_0.pdb
5831	afm_woTemplates_model_5_multimer_v1_pred_1.pdb
5832	afm_woTemplates_model_5_multimer_v1_pred_10.pdb
5833	afm_woTemplates_model_5_multimer_v1_pred_11.pdb
5834	afm_woTemplates_model_5_multimer_v1_pred_12.pdb
5835	afm_woTemplates_model_5_multimer_v1_pred_13.pdb
5836	afm_woTemplates_model_5_multimer_v1_pred_14.pdb
5837	afm_woTemplates_model_5_multimer_v1_pred_15.pdb
5838	afm_woTemplates_model_5_multimer_v1_pred_16.pdb
5839	afm_woTemplates_model_5_multimer_v1_pred_17.pdb
5840	afm_woTemplates_model_5_multimer_v1_pred_18.pdb
5841	afm_woTemplates_model_5_multimer_v1_pred_19.pdb
5842	afm_woTemplates_model_5_multimer_v1_pred_2.pdb
5843	afm_woTemplates_model_5_multimer_v1_pred_20.pdb
5844	afm_woTemplates_model_5_multimer_v1_pred_21.pdb
5845	afm_woTemplates_model_5_multimer_v1_pred_22.pdb
5846	afm_woTemplates_model_5_multimer_v1_pred_23.pdb
5847	afm_woTemplates_model_5_multimer_v1_pred_24.pdb
5848	afm_woTemplates_model_5_multimer_v1_pred_25.pdb
5849	afm_woTemplates_model_5_multimer_v1_pred_26.pdb
5850	afm_woTemplates_model_5_multimer_v1_pred_27.pdb
5851	afm_woTemplates_model_5_multimer_v1_pred_28.pdb
5852	afm_woTemplates_model_5_multimer_v1_pred_29.pdb
5853	afm_woTemplates_model_5_multimer_v1_pred_3.pdb
5854	afm_woTemplates_model_5_multimer_v1_pred_30.pdb
5855	afm_woTemplates_model_5_multimer_v1_pred_31.pdb
5856	afm_woTemplates_model_5_multimer_v1_pred_32.pdb
5857	afm_woTemplates_model_5_multimer_v1_pred_33.pdb
5858	afm_woTemplates_model_5_multimer_v1_pred_34.pdb
5859	afm_woTemplates_model_5_multimer_v1_pred_35.pdb
5860	afm_woTemplates_model_5_multimer_v1_pred_36.pdb
5861	afm_woTemplates_model_5_multimer_v1_pred_37.pdb
5862	afm_woTemplates_model_5_multimer_v1_pred_38.pdb
5863	afm_woTemplates_model_5_multimer_v1_pred_39.pdb
5864	afm_woTemplates_model_5_multimer_v1_pred_4.pdb
5865	afm_woTemplates_model_5_multimer_v1_pred_40.pdb
5866	afm_woTemplates_model_5_multimer_v1_pred_41.pdb
5867	afm_woTemplates_model_5_multimer_v1_pred_42.pdb
5868	afm_woTemplates_model_5_multimer_v1_pred_43.pdb
5869	afm_woTemplates_model_5_multimer_v1_pred_44.pdb
5870	afm_woTemplates_model_5_multimer_v1_pred_45.pdb
5871	afm_woTemplates_model_5_multimer_v1_pred_46.pdb
5872	afm_woTemplates_model_5_multimer_v1_pred_47.pdb
5873	afm_woTemplates_model_5_multimer_v1_pred_48.pdb
5874	afm_woTemplates_model_5_multimer_v1_pred_49.pdb
5875	afm_woTemplates_model_5_multimer_v1_pred_5.pdb
5876	afm_woTemplates_model_5_multimer_v1_pred_50.pdb
5877	afm_woTemplates_model_5_multimer_v1_pred_51.pdb
5878	afm_woTemplates_model_5_multimer_v1_pred_52.pdb
5879	afm_woTemplates_model_5_multimer_v1_pred_53.pdb
5880	afm_woTemplates_model_5_multimer_v1_pred_54.pdb
5881	afm_woTemplates_model_5_multimer_v1_pred_55.pdb
5882	afm_woTemplates_model_5_multimer_v1_pred_56.pdb
5883	afm_woTemplates_model_5_multimer_v1_pred_57.pdb
5884	afm_woTemplates_model_5_multimer_v1_pred_58.pdb
5885	afm_woTemplates_model_5_multimer_v1_pred_59.pdb
5886	afm_woTemplates_model_5_multimer_v1_pred_6.pdb
5887	afm_woTemplates_model_5_multimer_v1_pred_60.pdb
5888	afm_woTemplates_model_5_multimer_v1_pred_61.pdb
5889	afm_woTemplates_model_5_multimer_v1_pred_62.pdb
5890	afm_woTemplates_model_5_multimer_v1_pred_63.pdb
5891	afm_woTemplates_model_5_multimer_v1_pred_64.pdb
5892	afm_woTemplates_model_5_multimer_v1_pred_65.pdb
5893	afm_woTemplates_model_5_multimer_v1_pred_66.pdb
5894	afm_woTemplates_model_5_multimer_v1_pred_7.pdb
5895	afm_woTemplates_model_5_multimer_v1_pred_8.pdb
5896	afm_woTemplates_model_5_multimer_v1_pred_9.pdb
5897	afm_woTemplates_model_5_multimer_v2_pred_0.pdb
5898	afm_woTemplates_model_5_multimer_v2_pred_1.pdb
5899	afm_woTemplates_model_5_multimer_v2_pred_10.pdb
5900	afm_woTemplates_model_5_multimer_v2_pred_11.pdb
5901	afm_woTemplates_model_5_multimer_v2_pred_12.pdb
5902	afm_woTemplates_model_5_multimer_v2_pred_13.pdb
5903	afm_woTemplates_model_5_multimer_v2_pred_14.pdb
5904	afm_woTemplates_model_5_multimer_v2_pred_15.pdb
5905	afm_woTemplates_model_5_multimer_v2_pred_16.pdb
5906	afm_woTemplates_model_5_multimer_v2_pred_17.pdb
5907	afm_woTemplates_model_5_multimer_v2_pred_18.pdb
5908	afm_woTemplates_model_5_multimer_v2_pred_19.pdb
5909	afm_woTemplates_model_5_multimer_v2_pred_2.pdb
5910	afm_woTemplates_model_5_multimer_v2_pred_20.pdb
5911	afm_woTemplates_model_5_multimer_v2_pred_21.pdb
5912	afm_woTemplates_model_5_multimer_v2_pred_22.pdb
5913	afm_woTemplates_model_5_multimer_v2_pred_23.pdb
5914	afm_woTemplates_model_5_multimer_v2_pred_24.pdb
5915	afm_woTemplates_model_5_multimer_v2_pred_25.pdb
5916	afm_woTemplates_model_5_multimer_v2_pred_26.pdb
5917	afm_woTemplates_model_5_multimer_v2_pred_27.pdb
5918	afm_woTemplates_model_5_multimer_v2_pred_28.pdb
5919	afm_woTemplates_model_5_multimer_v2_pred_29.pdb
5920	afm_woTemplates_model_5_multimer_v2_pred_3.pdb
5921	afm_woTemplates_model_5_multimer_v2_pred_30.pdb
5922	afm_woTemplates_model_5_multimer_v2_pred_31.pdb
5923	afm_woTemplates_model_5_multimer_v2_pred_32.pdb
5924	afm_woTemplates_model_5_multimer_v2_pred_33.pdb
5925	afm_woTemplates_model_5_multimer_v2_pred_34.pdb
5926	afm_woTemplates_model_5_multimer_v2_pred_35.pdb
5927	afm_woTemplates_model_5_multimer_v2_pred_36.pdb
5928	afm_woTemplates_model_5_multimer_v2_pred_37.pdb
5929	afm_woTemplates_model_5_multimer_v2_pred_38.pdb
5930	afm_woTemplates_model_5_multimer_v2_pred_39.pdb
5931	afm_woTemplates_model_5_multimer_v2_pred_4.pdb
5932	afm_woTemplates_model_5_multimer_v2_pred_40.pdb
5933	afm_woTemplates_model_5_multimer_v2_pred_41.pdb
5934	afm_woTemplates_model_5_multimer_v2_pred_42.pdb
5935	afm_woTemplates_model_5_multimer_v2_pred_43.pdb
5936	afm_woTemplates_model_5_multimer_v2_pred_44.pdb
5937	afm_woTemplates_model_5_multimer_v2_pred_45.pdb
5938	afm_woTemplates_model_5_multimer_v2_pred_46.pdb
5939	afm_woTemplates_model_5_multimer_v2_pred_47.pdb
5940	afm_woTemplates_model_5_multimer_v2_pred_48.pdb
5941	afm_woTemplates_model_5_multimer_v2_pred_49.pdb
5942	afm_woTemplates_model_5_multimer_v2_pred_5.pdb
5943	afm_woTemplates_model_5_multimer_v2_pred_50.pdb
5944	afm_woTemplates_model_5_multimer_v2_pred_51.pdb
5945	afm_woTemplates_model_5_multimer_v2_pred_52.pdb
5946	afm_woTemplates_model_5_multimer_v2_pred_53.pdb
5947	afm_woTemplates_model_5_multimer_v2_pred_54.pdb
5948	afm_woTemplates_model_5_multimer_v2_pred_55.pdb
5949	afm_woTemplates_model_5_multimer_v2_pred_56.pdb
5950	afm_woTemplates_model_5_multimer_v2_pred_57.pdb
5951	afm_woTemplates_model_5_multimer_v2_pred_58.pdb
5952	afm_woTemplates_model_5_multimer_v2_pred_59.pdb
5953	afm_woTemplates_model_5_multimer_v2_pred_6.pdb
5954	afm_woTemplates_model_5_multimer_v2_pred_60.pdb
5955	afm_woTemplates_model_5_multimer_v2_pred_61.pdb
5956	afm_woTemplates_model_5_multimer_v2_pred_62.pdb
5957	afm_woTemplates_model_5_multimer_v2_pred_63.pdb
5958	afm_woTemplates_model_5_multimer_v2_pred_64.pdb
5959	afm_woTemplates_model_5_multimer_v2_pred_65.pdb
5960	afm_woTemplates_model_5_multimer_v2_pred_66.pdb
5961	afm_woTemplates_model_5_multimer_v2_pred_7.pdb
5962	afm_woTemplates_model_5_multimer_v2_pred_8.pdb
5963	afm_woTemplates_model_5_multimer_v2_pred_9.pdb
5964	afm_woTemplates_model_5_multimer_v3_pred_0.pdb
5965	afm_woTemplates_model_5_multimer_v3_pred_1.pdb
5966	afm_woTemplates_model_5_multimer_v3_pred_10.pdb
5967	afm_woTemplates_model_5_multimer_v3_pred_11.pdb
5968	afm_woTemplates_model_5_multimer_v3_pred_12.pdb
5969	afm_woTemplates_model_5_multimer_v3_pred_13.pdb
5970	afm_woTemplates_model_5_multimer_v3_pred_14.pdb
5971	afm_woTemplates_model_5_multimer_v3_pred_15.pdb
5972	afm_woTemplates_model_5_multimer_v3_pred_16.pdb
5973	afm_woTemplates_model_5_multimer_v3_pred_17.pdb
5974	afm_woTemplates_model_5_multimer_v3_pred_18.pdb
5975	afm_woTemplates_model_5_multimer_v3_pred_19.pdb
5976	afm_woTemplates_model_5_multimer_v3_pred_2.pdb
5977	afm_woTemplates_model_5_multimer_v3_pred_20.pdb
5978	afm_woTemplates_model_5_multimer_v3_pred_21.pdb
5979	afm_woTemplates_model_5_multimer_v3_pred_22.pdb
5980	afm_woTemplates_model_5_multimer_v3_pred_23.pdb
5981	afm_woTemplates_model_5_multimer_v3_pred_24.pdb
5982	afm_woTemplates_model_5_multimer_v3_pred_25.pdb
5983	afm_woTemplates_model_5_multimer_v3_pred_26.pdb
5984	afm_woTemplates_model_5_multimer_v3_pred_27.pdb
5985	afm_woTemplates_model_5_multimer_v3_pred_28.pdb
5986	afm_woTemplates_model_5_multimer_v3_pred_29.pdb
5987	afm_woTemplates_model_5_multimer_v3_pred_3.pdb
5988	afm_woTemplates_model_5_multimer_v3_pred_30.pdb
5989	afm_woTemplates_model_5_multimer_v3_pred_31.pdb
5990	afm_woTemplates_model_5_multimer_v3_pred_32.pdb
5991	afm_woTemplates_model_5_multimer_v3_pred_33.pdb
5992	afm_woTemplates_model_5_multimer_v3_pred_34.pdb
5993	afm_woTemplates_model_5_multimer_v3_pred_35.pdb
5994	afm_woTemplates_model_5_multimer_v3_pred_36.pdb
5995	afm_woTemplates_model_5_multimer_v3_pred_37.pdb
5996	afm_woTemplates_model_5_multimer_v3_pred_38.pdb
5997	afm_woTemplates_model_5_multimer_v3_pred_39.pdb
5998	afm_woTemplates_model_5_multimer_v3_pred_4.pdb
5999	afm_woTemplates_model_5_multimer_v3_pred_40.pdb
6000	afm_woTemplates_model_5_multimer_v3_pred_41.pdb
6001	afm_woTemplates_model_5_multimer_v3_pred_42.pdb
6002	afm_woTemplates_model_5_multimer_v3_pred_43.pdb
6003	afm_woTemplates_model_5_multimer_v3_pred_44.pdb
6004	afm_woTemplates_model_5_multimer_v3_pred_45.pdb
6005	afm_woTemplates_model_5_multimer_v3_pred_46.pdb
6006	afm_woTemplates_model_5_multimer_v3_pred_47.pdb
6007	afm_woTemplates_model_5_multimer_v3_pred_48.pdb
6008	afm_woTemplates_model_5_multimer_v3_pred_49.pdb
6009	afm_woTemplates_model_5_multimer_v3_pred_5.pdb
6010	afm_woTemplates_model_5_multimer_v3_pred_50.pdb
6011	afm_woTemplates_model_5_multimer_v3_pred_51.pdb
6012	afm_woTemplates_model_5_multimer_v3_pred_52.pdb
6013	afm_woTemplates_model_5_multimer_v3_pred_53.pdb
6014	afm_woTemplates_model_5_multimer_v3_pred_54.pdb
6015	afm_woTemplates_model_5_multimer_v3_pred_55.pdb
6016	afm_woTemplates_model_5_multimer_v3_pred_56.pdb
6017	afm_woTemplates_model_5_multimer_v3_pred_57.pdb
6018	afm_woTemplates_model_5_multimer_v3_pred_58.pdb
6019	afm_woTemplates_model_5_multimer_v3_pred_59.pdb
6020	afm_woTemplates_model_5_multimer_v3_pred_6.pdb
6021	afm_woTemplates_model_5_multimer_v3_pred_60.pdb
6022	afm_woTemplates_model_5_multimer_v3_pred_61.pdb
6023	afm_woTemplates_model_5_multimer_v3_pred_62.pdb
6024	afm_woTemplates_model_5_multimer_v3_pred_63.pdb
6025	afm_woTemplates_model_5_multimer_v3_pred_64.pdb
6026	afm_woTemplates_model_5_multimer_v3_pred_65.pdb
6027	afm_woTemplates_model_5_multimer_v3_pred_66.pdb
6028	afm_woTemplates_model_5_multimer_v3_pred_7.pdb
6029	afm_woTemplates_model_5_multimer_v3_pred_8.pdb
6030	afm_woTemplates_model_5_multimer_v3_pred_9.pdb
6031	cf_dropout_full_woTemplates_model_1_multimer_v1_pred_0.pdb
6032	cf_dropout_full_woTemplates_model_1_multimer_v1_pred_1.pdb
6033	cf_dropout_full_woTemplates_model_1_multimer_v1_pred_10.pdb
6034	cf_dropout_full_woTemplates_model_1_multimer_v1_pred_11.pdb
6035	cf_dropout_full_woTemplates_model_1_multimer_v1_pred_12.pdb
6036	cf_dropout_full_woTemplates_model_1_multimer_v1_pred_13.pdb
6037	cf_dropout_full_woTemplates_model_1_multimer_v1_pred_14.pdb
6038	cf_dropout_full_woTemplates_model_1_multimer_v1_pred_15.pdb
6039	cf_dropout_full_woTemplates_model_1_multimer_v1_pred_16.pdb
6040	cf_dropout_full_woTemplates_model_1_multimer_v1_pred_17.pdb
6041	cf_dropout_full_woTemplates_model_1_multimer_v1_pred_18.pdb
6042	cf_dropout_full_woTemplates_model_1_multimer_v1_pred_19.pdb
6043	cf_dropout_full_woTemplates_model_1_multimer_v1_pred_2.pdb
6044	cf_dropout_full_woTemplates_model_1_multimer_v1_pred_20.pdb
6045	cf_dropout_full_woTemplates_model_1_multimer_v1_pred_21.pdb
6046	cf_dropout_full_woTemplates_model_1_multimer_v1_pred_22.pdb
6047	cf_dropout_full_woTemplates_model_1_multimer_v1_pred_23.pdb
6048	cf_dropout_full_woTemplates_model_1_multimer_v1_pred_24.pdb
6049	cf_dropout_full_woTemplates_model_1_multimer_v1_pred_25.pdb
6050	cf_dropout_full_woTemplates_model_1_multimer_v1_pred_26.pdb
6051	cf_dropout_full_woTemplates_model_1_multimer_v1_pred_27.pdb
6052	cf_dropout_full_woTemplates_model_1_multimer_v1_pred_28.pdb
6053	cf_dropout_full_woTemplates_model_1_multimer_v1_pred_29.pdb
6054	cf_dropout_full_woTemplates_model_1_multimer_v1_pred_3.pdb
6055	cf_dropout_full_woTemplates_model_1_multimer_v1_pred_30.pdb
6056	cf_dropout_full_woTemplates_model_1_multimer_v1_pred_31.pdb
6057	cf_dropout_full_woTemplates_model_1_multimer_v1_pred_32.pdb
6058	cf_dropout_full_woTemplates_model_1_multimer_v1_pred_33.pdb
6059	cf_dropout_full_woTemplates_model_1_multimer_v1_pred_34.pdb
6060	cf_dropout_full_woTemplates_model_1_multimer_v1_pred_35.pdb
6061	cf_dropout_full_woTemplates_model_1_multimer_v1_pred_36.pdb
6062	cf_dropout_full_woTemplates_model_1_multimer_v1_pred_37.pdb
6063	cf_dropout_full_woTemplates_model_1_multimer_v1_pred_38.pdb
6064	cf_dropout_full_woTemplates_model_1_multimer_v1_pred_39.pdb
6065	cf_dropout_full_woTemplates_model_1_multimer_v1_pred_4.pdb
6066	cf_dropout_full_woTemplates_model_1_multimer_v1_pred_40.pdb
6067	cf_dropout_full_woTemplates_model_1_multimer_v1_pred_41.pdb
6068	cf_dropout_full_woTemplates_model_1_multimer_v1_pred_42.pdb
6069	cf_dropout_full_woTemplates_model_1_multimer_v1_pred_43.pdb
6070	cf_dropout_full_woTemplates_model_1_multimer_v1_pred_44.pdb
6071	cf_dropout_full_woTemplates_model_1_multimer_v1_pred_45.pdb
6072	cf_dropout_full_woTemplates_model_1_multimer_v1_pred_46.pdb
6073	cf_dropout_full_woTemplates_model_1_multimer_v1_pred_47.pdb
6074	cf_dropout_full_woTemplates_model_1_multimer_v1_pred_48.pdb
6075	cf_dropout_full_woTemplates_model_1_multimer_v1_pred_49.pdb
6076	cf_dropout_full_woTemplates_model_1_multimer_v1_pred_5.pdb
6077	cf_dropout_full_woTemplates_model_1_multimer_v1_pred_50.pdb
6078	cf_dropout_full_woTemplates_model_1_multimer_v1_pred_51.pdb
6079	cf_dropout_full_woTemplates_model_1_multimer_v1_pred_52.pdb
6080	cf_dropout_full_woTemplates_model_1_multimer_v1_pred_53.pdb
6081	cf_dropout_full_woTemplates_model_1_multimer_v1_pred_54.pdb
6082	cf_dropout_full_woTemplates_model_1_multimer_v1_pred_55.pdb
6083	cf_dropout_full_woTemplates_model_1_multimer_v1_pred_56.pdb
6084	cf_dropout_full_woTemplates_model_1_multimer_v1_pred_57.pdb
6085	cf_dropout_full_woTemplates_model_1_multimer_v1_pred_58.pdb
6086	cf_dropout_full_woTemplates_model_1_multimer_v1_pred_59.pdb
6087	cf_dropout_full_woTemplates_model_1_multimer_v1_pred_6.pdb
6088	cf_dropout_full_woTemplates_model_1_multimer_v1_pred_60.pdb
6089	cf_dropout_full_woTemplates_model_1_multimer_v1_pred_61.pdb
6090	cf_dropout_full_woTemplates_model_1_multimer_v1_pred_62.pdb
6091	cf_dropout_full_woTemplates_model_1_multimer_v1_pred_63.pdb
6092	cf_dropout_full_woTemplates_model_1_multimer_v1_pred_64.pdb
6093	cf_dropout_full_woTemplates_model_1_multimer_v1_pred_65.pdb
6094	cf_dropout_full_woTemplates_model_1_multimer_v1_pred_66.pdb
6095	cf_dropout_full_woTemplates_model_1_multimer_v1_pred_7.pdb
6096	cf_dropout_full_woTemplates_model_1_multimer_v1_pred_8.pdb
6097	cf_dropout_full_woTemplates_model_1_multimer_v1_pred_9.pdb
6098	cf_dropout_full_woTemplates_model_1_multimer_v2_pred_0.pdb
6099	cf_dropout_full_woTemplates_model_1_multimer_v2_pred_1.pdb
6100	cf_dropout_full_woTemplates_model_1_multimer_v2_pred_10.pdb
6101	cf_dropout_full_woTemplates_model_1_multimer_v2_pred_11.pdb
6102	cf_dropout_full_woTemplates_model_1_multimer_v2_pred_12.pdb
6103	cf_dropout_full_woTemplates_model_1_multimer_v2_pred_13.pdb
6104	cf_dropout_full_woTemplates_model_1_multimer_v2_pred_14.pdb
6105	cf_dropout_full_woTemplates_model_1_multimer_v2_pred_15.pdb
6106	cf_dropout_full_woTemplates_model_1_multimer_v2_pred_16.pdb
6107	cf_dropout_full_woTemplates_model_1_multimer_v2_pred_17.pdb
6108	cf_dropout_full_woTemplates_model_1_multimer_v2_pred_18.pdb
6109	cf_dropout_full_woTemplates_model_1_multimer_v2_pred_19.pdb
6110	cf_dropout_full_woTemplates_model_1_multimer_v2_pred_2.pdb
6111	cf_dropout_full_woTemplates_model_1_multimer_v2_pred_20.pdb
6112	cf_dropout_full_woTemplates_model_1_multimer_v2_pred_21.pdb
6113	cf_dropout_full_woTemplates_model_1_multimer_v2_pred_22.pdb
6114	cf_dropout_full_woTemplates_model_1_multimer_v2_pred_23.pdb
6115	cf_dropout_full_woTemplates_model_1_multimer_v2_pred_24.pdb
6116	cf_dropout_full_woTemplates_model_1_multimer_v2_pred_25.pdb
6117	cf_dropout_full_woTemplates_model_1_multimer_v2_pred_26.pdb
6118	cf_dropout_full_woTemplates_model_1_multimer_v2_pred_27.pdb
6119	cf_dropout_full_woTemplates_model_1_multimer_v2_pred_28.pdb
6120	cf_dropout_full_woTemplates_model_1_multimer_v2_pred_29.pdb
6121	cf_dropout_full_woTemplates_model_1_multimer_v2_pred_3.pdb
6122	cf_dropout_full_woTemplates_model_1_multimer_v2_pred_30.pdb
6123	cf_dropout_full_woTemplates_model_1_multimer_v2_pred_31.pdb
6124	cf_dropout_full_woTemplates_model_1_multimer_v2_pred_32.pdb
6125	cf_dropout_full_woTemplates_model_1_multimer_v2_pred_33.pdb
6126	cf_dropout_full_woTemplates_model_1_multimer_v2_pred_34.pdb
6127	cf_dropout_full_woTemplates_model_1_multimer_v2_pred_35.pdb
6128	cf_dropout_full_woTemplates_model_1_multimer_v2_pred_36.pdb
6129	cf_dropout_full_woTemplates_model_1_multimer_v2_pred_37.pdb
6130	cf_dropout_full_woTemplates_model_1_multimer_v2_pred_38.pdb
6131	cf_dropout_full_woTemplates_model_1_multimer_v2_pred_39.pdb
6132	cf_dropout_full_woTemplates_model_1_multimer_v2_pred_4.pdb
6133	cf_dropout_full_woTemplates_model_1_multimer_v2_pred_40.pdb
6134	cf_dropout_full_woTemplates_model_1_multimer_v2_pred_41.pdb
6135	cf_dropout_full_woTemplates_model_1_multimer_v2_pred_42.pdb
6136	cf_dropout_full_woTemplates_model_1_multimer_v2_pred_43.pdb
6137	cf_dropout_full_woTemplates_model_1_multimer_v2_pred_44.pdb
6138	cf_dropout_full_woTemplates_model_1_multimer_v2_pred_45.pdb
6139	cf_dropout_full_woTemplates_model_1_multimer_v2_pred_46.pdb
6140	cf_dropout_full_woTemplates_model_1_multimer_v2_pred_47.pdb
6141	cf_dropout_full_woTemplates_model_1_multimer_v2_pred_48.pdb
6142	cf_dropout_full_woTemplates_model_1_multimer_v2_pred_49.pdb
6143	cf_dropout_full_woTemplates_model_1_multimer_v2_pred_5.pdb
6144	cf_dropout_full_woTemplates_model_1_multimer_v2_pred_50.pdb
6145	cf_dropout_full_woTemplates_model_1_multimer_v2_pred_51.pdb
6146	cf_dropout_full_woTemplates_model_1_multimer_v2_pred_52.pdb
6147	cf_dropout_full_woTemplates_model_1_multimer_v2_pred_53.pdb
6148	cf_dropout_full_woTemplates_model_1_multimer_v2_pred_54.pdb
6149	cf_dropout_full_woTemplates_model_1_multimer_v2_pred_55.pdb
6150	cf_dropout_full_woTemplates_model_1_multimer_v2_pred_56.pdb
6151	cf_dropout_full_woTemplates_model_1_multimer_v2_pred_57.pdb
6152	cf_dropout_full_woTemplates_model_1_multimer_v2_pred_58.pdb
6153	cf_dropout_full_woTemplates_model_1_multimer_v2_pred_59.pdb
6154	cf_dropout_full_woTemplates_model_1_multimer_v2_pred_6.pdb
6155	cf_dropout_full_woTemplates_model_1_multimer_v2_pred_60.pdb
6156	cf_dropout_full_woTemplates_model_1_multimer_v2_pred_61.pdb
6157	cf_dropout_full_woTemplates_model_1_multimer_v2_pred_62.pdb
6158	cf_dropout_full_woTemplates_model_1_multimer_v2_pred_63.pdb
6159	cf_dropout_full_woTemplates_model_1_multimer_v2_pred_64.pdb
6160	cf_dropout_full_woTemplates_model_1_multimer_v2_pred_65.pdb
6161	cf_dropout_full_woTemplates_model_1_multimer_v2_pred_66.pdb
6162	cf_dropout_full_woTemplates_model_1_multimer_v2_pred_7.pdb
6163	cf_dropout_full_woTemplates_model_1_multimer_v2_pred_8.pdb
6164	cf_dropout_full_woTemplates_model_1_multimer_v2_pred_9.pdb
6165	cf_dropout_full_woTemplates_model_1_multimer_v3_pred_0.pdb
6166	cf_dropout_full_woTemplates_model_1_multimer_v3_pred_1.pdb
6167	cf_dropout_full_woTemplates_model_1_multimer_v3_pred_10.pdb
6168	cf_dropout_full_woTemplates_model_1_multimer_v3_pred_11.pdb
6169	cf_dropout_full_woTemplates_model_1_multimer_v3_pred_12.pdb
6170	cf_dropout_full_woTemplates_model_1_multimer_v3_pred_13.pdb
6171	cf_dropout_full_woTemplates_model_1_multimer_v3_pred_14.pdb
6172	cf_dropout_full_woTemplates_model_1_multimer_v3_pred_15.pdb
6173	cf_dropout_full_woTemplates_model_1_multimer_v3_pred_16.pdb
6174	cf_dropout_full_woTemplates_model_1_multimer_v3_pred_17.pdb
6175	cf_dropout_full_woTemplates_model_1_multimer_v3_pred_18.pdb
6176	cf_dropout_full_woTemplates_model_1_multimer_v3_pred_19.pdb
6177	cf_dropout_full_woTemplates_model_1_multimer_v3_pred_2.pdb
6178	cf_dropout_full_woTemplates_model_1_multimer_v3_pred_20.pdb
6179	cf_dropout_full_woTemplates_model_1_multimer_v3_pred_21.pdb
6180	cf_dropout_full_woTemplates_model_1_multimer_v3_pred_22.pdb
6181	cf_dropout_full_woTemplates_model_1_multimer_v3_pred_23.pdb
6182	cf_dropout_full_woTemplates_model_1_multimer_v3_pred_24.pdb
6183	cf_dropout_full_woTemplates_model_1_multimer_v3_pred_25.pdb
6184	cf_dropout_full_woTemplates_model_1_multimer_v3_pred_26.pdb
6185	cf_dropout_full_woTemplates_model_1_multimer_v3_pred_27.pdb
6186	cf_dropout_full_woTemplates_model_1_multimer_v3_pred_28.pdb
6187	cf_dropout_full_woTemplates_model_1_multimer_v3_pred_29.pdb
6188	cf_dropout_full_woTemplates_model_1_multimer_v3_pred_3.pdb
6189	cf_dropout_full_woTemplates_model_1_multimer_v3_pred_30.pdb
6190	cf_dropout_full_woTemplates_model_1_multimer_v3_pred_31.pdb
6191	cf_dropout_full_woTemplates_model_1_multimer_v3_pred_32.pdb
6192	cf_dropout_full_woTemplates_model_1_multimer_v3_pred_33.pdb
6193	cf_dropout_full_woTemplates_model_1_multimer_v3_pred_34.pdb
6194	cf_dropout_full_woTemplates_model_1_multimer_v3_pred_35.pdb
6195	cf_dropout_full_woTemplates_model_1_multimer_v3_pred_36.pdb
6196	cf_dropout_full_woTemplates_model_1_multimer_v3_pred_37.pdb
6197	cf_dropout_full_woTemplates_model_1_multimer_v3_pred_38.pdb
6198	cf_dropout_full_woTemplates_model_1_multimer_v3_pred_39.pdb
6199	cf_dropout_full_woTemplates_model_1_multimer_v3_pred_4.pdb
6200	cf_dropout_full_woTemplates_model_1_multimer_v3_pred_40.pdb
6201	cf_dropout_full_woTemplates_model_1_multimer_v3_pred_41.pdb
6202	cf_dropout_full_woTemplates_model_1_multimer_v3_pred_42.pdb
6203	cf_dropout_full_woTemplates_model_1_multimer_v3_pred_43.pdb
6204	cf_dropout_full_woTemplates_model_1_multimer_v3_pred_44.pdb
6205	cf_dropout_full_woTemplates_model_1_multimer_v3_pred_45.pdb
6206	cf_dropout_full_woTemplates_model_1_multimer_v3_pred_46.pdb
6207	cf_dropout_full_woTemplates_model_1_multimer_v3_pred_47.pdb
6208	cf_dropout_full_woTemplates_model_1_multimer_v3_pred_48.pdb
6209	cf_dropout_full_woTemplates_model_1_multimer_v3_pred_49.pdb
6210	cf_dropout_full_woTemplates_model_1_multimer_v3_pred_5.pdb
6211	cf_dropout_full_woTemplates_model_1_multimer_v3_pred_50.pdb
6212	cf_dropout_full_woTemplates_model_1_multimer_v3_pred_51.pdb
6213	cf_dropout_full_woTemplates_model_1_multimer_v3_pred_52.pdb
6214	cf_dropout_full_woTemplates_model_1_multimer_v3_pred_53.pdb
6215	cf_dropout_full_woTemplates_model_1_multimer_v3_pred_54.pdb
6216	cf_dropout_full_woTemplates_model_1_multimer_v3_pred_55.pdb
6217	cf_dropout_full_woTemplates_model_1_multimer_v3_pred_56.pdb
6218	cf_dropout_full_woTemplates_model_1_multimer_v3_pred_57.pdb
6219	cf_dropout_full_woTemplates_model_1_multimer_v3_pred_58.pdb
6220	cf_dropout_full_woTemplates_model_1_multimer_v3_pred_59.pdb
6221	cf_dropout_full_woTemplates_model_1_multimer_v3_pred_6.pdb
6222	cf_dropout_full_woTemplates_model_1_multimer_v3_pred_60.pdb
6223	cf_dropout_full_woTemplates_model_1_multimer_v3_pred_61.pdb
6224	cf_dropout_full_woTemplates_model_1_multimer_v3_pred_62.pdb
6225	cf_dropout_full_woTemplates_model_1_multimer_v3_pred_63.pdb
6226	cf_dropout_full_woTemplates_model_1_multimer_v3_pred_64.pdb
6227	cf_dropout_full_woTemplates_model_1_multimer_v3_pred_65.pdb
6228	cf_dropout_full_woTemplates_model_1_multimer_v3_pred_66.pdb
6229	cf_dropout_full_woTemplates_model_1_multimer_v3_pred_7.pdb
6230	cf_dropout_full_woTemplates_model_1_multimer_v3_pred_8.pdb
6231	cf_dropout_full_woTemplates_model_1_multimer_v3_pred_9.pdb
6232	cf_dropout_full_woTemplates_model_2_multimer_v1_pred_0.pdb
6233	cf_dropout_full_woTemplates_model_2_multimer_v1_pred_1.pdb
6234	cf_dropout_full_woTemplates_model_2_multimer_v1_pred_10.pdb
6235	cf_dropout_full_woTemplates_model_2_multimer_v1_pred_11.pdb
6236	cf_dropout_full_woTemplates_model_2_multimer_v1_pred_12.pdb
6237	cf_dropout_full_woTemplates_model_2_multimer_v1_pred_13.pdb
6238	cf_dropout_full_woTemplates_model_2_multimer_v1_pred_14.pdb
6239	cf_dropout_full_woTemplates_model_2_multimer_v1_pred_15.pdb
6240	cf_dropout_full_woTemplates_model_2_multimer_v1_pred_16.pdb
6241	cf_dropout_full_woTemplates_model_2_multimer_v1_pred_17.pdb
6242	cf_dropout_full_woTemplates_model_2_multimer_v1_pred_18.pdb
6243	cf_dropout_full_woTemplates_model_2_multimer_v1_pred_19.pdb
6244	cf_dropout_full_woTemplates_model_2_multimer_v1_pred_2.pdb
6245	cf_dropout_full_woTemplates_model_2_multimer_v1_pred_20.pdb
6246	cf_dropout_full_woTemplates_model_2_multimer_v1_pred_21.pdb
6247	cf_dropout_full_woTemplates_model_2_multimer_v1_pred_22.pdb
6248	cf_dropout_full_woTemplates_model_2_multimer_v1_pred_23.pdb
6249	cf_dropout_full_woTemplates_model_2_multimer_v1_pred_24.pdb
6250	cf_dropout_full_woTemplates_model_2_multimer_v1_pred_25.pdb
6251	cf_dropout_full_woTemplates_model_2_multimer_v1_pred_26.pdb
6252	cf_dropout_full_woTemplates_model_2_multimer_v1_pred_27.pdb
6253	cf_dropout_full_woTemplates_model_2_multimer_v1_pred_28.pdb
6254	cf_dropout_full_woTemplates_model_2_multimer_v1_pred_29.pdb
6255	cf_dropout_full_woTemplates_model_2_multimer_v1_pred_3.pdb
6256	cf_dropout_full_woTemplates_model_2_multimer_v1_pred_30.pdb
6257	cf_dropout_full_woTemplates_model_2_multimer_v1_pred_31.pdb
6258	cf_dropout_full_woTemplates_model_2_multimer_v1_pred_32.pdb
6259	cf_dropout_full_woTemplates_model_2_multimer_v1_pred_33.pdb
6260	cf_dropout_full_woTemplates_model_2_multimer_v1_pred_34.pdb
6261	cf_dropout_full_woTemplates_model_2_multimer_v1_pred_35.pdb
6262	cf_dropout_full_woTemplates_model_2_multimer_v1_pred_36.pdb
6263	cf_dropout_full_woTemplates_model_2_multimer_v1_pred_37.pdb
6264	cf_dropout_full_woTemplates_model_2_multimer_v1_pred_38.pdb
6265	cf_dropout_full_woTemplates_model_2_multimer_v1_pred_39.pdb
6266	cf_dropout_full_woTemplates_model_2_multimer_v1_pred_4.pdb
6267	cf_dropout_full_woTemplates_model_2_multimer_v1_pred_40.pdb
6268	cf_dropout_full_woTemplates_model_2_multimer_v1_pred_41.pdb
6269	cf_dropout_full_woTemplates_model_2_multimer_v1_pred_42.pdb
6270	cf_dropout_full_woTemplates_model_2_multimer_v1_pred_43.pdb
6271	cf_dropout_full_woTemplates_model_2_multimer_v1_pred_44.pdb
6272	cf_dropout_full_woTemplates_model_2_multimer_v1_pred_45.pdb
6273	cf_dropout_full_woTemplates_model_2_multimer_v1_pred_46.pdb
6274	cf_dropout_full_woTemplates_model_2_multimer_v1_pred_47.pdb
6275	cf_dropout_full_woTemplates_model_2_multimer_v1_pred_48.pdb
6276	cf_dropout_full_woTemplates_model_2_multimer_v1_pred_49.pdb
6277	cf_dropout_full_woTemplates_model_2_multimer_v1_pred_5.pdb
6278	cf_dropout_full_woTemplates_model_2_multimer_v1_pred_50.pdb
6279	cf_dropout_full_woTemplates_model_2_multimer_v1_pred_51.pdb
6280	cf_dropout_full_woTemplates_model_2_multimer_v1_pred_52.pdb
6281	cf_dropout_full_woTemplates_model_2_multimer_v1_pred_53.pdb
6282	cf_dropout_full_woTemplates_model_2_multimer_v1_pred_54.pdb
6283	cf_dropout_full_woTemplates_model_2_multimer_v1_pred_55.pdb
6284	cf_dropout_full_woTemplates_model_2_multimer_v1_pred_56.pdb
6285	cf_dropout_full_woTemplates_model_2_multimer_v1_pred_57.pdb
6286	cf_dropout_full_woTemplates_model_2_multimer_v1_pred_58.pdb
6287	cf_dropout_full_woTemplates_model_2_multimer_v1_pred_59.pdb
6288	cf_dropout_full_woTemplates_model_2_multimer_v1_pred_6.pdb
6289	cf_dropout_full_woTemplates_model_2_multimer_v1_pred_60.pdb
6290	cf_dropout_full_woTemplates_model_2_multimer_v1_pred_61.pdb
6291	cf_dropout_full_woTemplates_model_2_multimer_v1_pred_62.pdb
6292	cf_dropout_full_woTemplates_model_2_multimer_v1_pred_63.pdb
6293	cf_dropout_full_woTemplates_model_2_multimer_v1_pred_64.pdb
6294	cf_dropout_full_woTemplates_model_2_multimer_v1_pred_65.pdb
6295	cf_dropout_full_woTemplates_model_2_multimer_v1_pred_66.pdb
6296	cf_dropout_full_woTemplates_model_2_multimer_v1_pred_7.pdb
6297	cf_dropout_full_woTemplates_model_2_multimer_v1_pred_8.pdb
6298	cf_dropout_full_woTemplates_model_2_multimer_v1_pred_9.pdb
6299	cf_dropout_full_woTemplates_model_2_multimer_v2_pred_0.pdb
6300	cf_dropout_full_woTemplates_model_2_multimer_v2_pred_1.pdb
6301	cf_dropout_full_woTemplates_model_2_multimer_v2_pred_10.pdb
6302	cf_dropout_full_woTemplates_model_2_multimer_v2_pred_11.pdb
6303	cf_dropout_full_woTemplates_model_2_multimer_v2_pred_12.pdb
6304	cf_dropout_full_woTemplates_model_2_multimer_v2_pred_13.pdb
6305	cf_dropout_full_woTemplates_model_2_multimer_v2_pred_14.pdb
6306	cf_dropout_full_woTemplates_model_2_multimer_v2_pred_15.pdb
6307	cf_dropout_full_woTemplates_model_2_multimer_v2_pred_16.pdb
6308	cf_dropout_full_woTemplates_model_2_multimer_v2_pred_17.pdb
6309	cf_dropout_full_woTemplates_model_2_multimer_v2_pred_18.pdb
6310	cf_dropout_full_woTemplates_model_2_multimer_v2_pred_19.pdb
6311	cf_dropout_full_woTemplates_model_2_multimer_v2_pred_2.pdb
6312	cf_dropout_full_woTemplates_model_2_multimer_v2_pred_20.pdb
6313	cf_dropout_full_woTemplates_model_2_multimer_v2_pred_21.pdb
6314	cf_dropout_full_woTemplates_model_2_multimer_v2_pred_22.pdb
6315	cf_dropout_full_woTemplates_model_2_multimer_v2_pred_23.pdb
6316	cf_dropout_full_woTemplates_model_2_multimer_v2_pred_24.pdb
6317	cf_dropout_full_woTemplates_model_2_multimer_v2_pred_25.pdb
6318	cf_dropout_full_woTemplates_model_2_multimer_v2_pred_26.pdb
6319	cf_dropout_full_woTemplates_model_2_multimer_v2_pred_27.pdb
6320	cf_dropout_full_woTemplates_model_2_multimer_v2_pred_28.pdb
6321	cf_dropout_full_woTemplates_model_2_multimer_v2_pred_29.pdb
6322	cf_dropout_full_woTemplates_model_2_multimer_v2_pred_3.pdb
6323	cf_dropout_full_woTemplates_model_2_multimer_v2_pred_30.pdb
6324	cf_dropout_full_woTemplates_model_2_multimer_v2_pred_31.pdb
6325	cf_dropout_full_woTemplates_model_2_multimer_v2_pred_32.pdb
6326	cf_dropout_full_woTemplates_model_2_multimer_v2_pred_33.pdb
6327	cf_dropout_full_woTemplates_model_2_multimer_v2_pred_34.pdb
6328	cf_dropout_full_woTemplates_model_2_multimer_v2_pred_35.pdb
6329	cf_dropout_full_woTemplates_model_2_multimer_v2_pred_36.pdb
6330	cf_dropout_full_woTemplates_model_2_multimer_v2_pred_37.pdb
6331	cf_dropout_full_woTemplates_model_2_multimer_v2_pred_38.pdb
6332	cf_dropout_full_woTemplates_model_2_multimer_v2_pred_39.pdb
6333	cf_dropout_full_woTemplates_model_2_multimer_v2_pred_4.pdb
6334	cf_dropout_full_woTemplates_model_2_multimer_v2_pred_40.pdb
6335	cf_dropout_full_woTemplates_model_2_multimer_v2_pred_41.pdb
6336	cf_dropout_full_woTemplates_model_2_multimer_v2_pred_42.pdb
6337	cf_dropout_full_woTemplates_model_2_multimer_v2_pred_43.pdb
6338	cf_dropout_full_woTemplates_model_2_multimer_v2_pred_44.pdb
6339	cf_dropout_full_woTemplates_model_2_multimer_v2_pred_45.pdb
6340	cf_dropout_full_woTemplates_model_2_multimer_v2_pred_46.pdb
6341	cf_dropout_full_woTemplates_model_2_multimer_v2_pred_47.pdb
6342	cf_dropout_full_woTemplates_model_2_multimer_v2_pred_48.pdb
6343	cf_dropout_full_woTemplates_model_2_multimer_v2_pred_49.pdb
6344	cf_dropout_full_woTemplates_model_2_multimer_v2_pred_5.pdb
6345	cf_dropout_full_woTemplates_model_2_multimer_v2_pred_50.pdb
6346	cf_dropout_full_woTemplates_model_2_multimer_v2_pred_51.pdb
6347	cf_dropout_full_woTemplates_model_2_multimer_v2_pred_52.pdb
6348	cf_dropout_full_woTemplates_model_2_multimer_v2_pred_53.pdb
6349	cf_dropout_full_woTemplates_model_2_multimer_v2_pred_54.pdb
6350	cf_dropout_full_woTemplates_model_2_multimer_v2_pred_55.pdb
6351	cf_dropout_full_woTemplates_model_2_multimer_v2_pred_56.pdb
6352	cf_dropout_full_woTemplates_model_2_multimer_v2_pred_57.pdb
6353	cf_dropout_full_woTemplates_model_2_multimer_v2_pred_58.pdb
6354	cf_dropout_full_woTemplates_model_2_multimer_v2_pred_59.pdb
6355	cf_dropout_full_woTemplates_model_2_multimer_v2_pred_6.pdb
6356	cf_dropout_full_woTemplates_model_2_multimer_v2_pred_60.pdb
6357	cf_dropout_full_woTemplates_model_2_multimer_v2_pred_61.pdb
6358	cf_dropout_full_woTemplates_model_2_multimer_v2_pred_62.pdb
6359	cf_dropout_full_woTemplates_model_2_multimer_v2_pred_63.pdb
6360	cf_dropout_full_woTemplates_model_2_multimer_v2_pred_64.pdb
6361	cf_dropout_full_woTemplates_model_2_multimer_v2_pred_65.pdb
6362	cf_dropout_full_woTemplates_model_2_multimer_v2_pred_66.pdb
6363	cf_dropout_full_woTemplates_model_2_multimer_v2_pred_7.pdb
6364	cf_dropout_full_woTemplates_model_2_multimer_v2_pred_8.pdb
6365	cf_dropout_full_woTemplates_model_2_multimer_v2_pred_9.pdb
6366	cf_dropout_full_woTemplates_model_2_multimer_v3_pred_0.pdb
6367	cf_dropout_full_woTemplates_model_2_multimer_v3_pred_1.pdb
6368	cf_dropout_full_woTemplates_model_2_multimer_v3_pred_10.pdb
6369	cf_dropout_full_woTemplates_model_2_multimer_v3_pred_11.pdb
6370	cf_dropout_full_woTemplates_model_2_multimer_v3_pred_12.pdb
6371	cf_dropout_full_woTemplates_model_2_multimer_v3_pred_13.pdb
6372	cf_dropout_full_woTemplates_model_2_multimer_v3_pred_14.pdb
6373	cf_dropout_full_woTemplates_model_2_multimer_v3_pred_15.pdb
6374	cf_dropout_full_woTemplates_model_2_multimer_v3_pred_16.pdb
6375	cf_dropout_full_woTemplates_model_2_multimer_v3_pred_17.pdb
6376	cf_dropout_full_woTemplates_model_2_multimer_v3_pred_18.pdb
6377	cf_dropout_full_woTemplates_model_2_multimer_v3_pred_19.pdb
6378	cf_dropout_full_woTemplates_model_2_multimer_v3_pred_2.pdb
6379	cf_dropout_full_woTemplates_model_2_multimer_v3_pred_20.pdb
6380	cf_dropout_full_woTemplates_model_2_multimer_v3_pred_21.pdb
6381	cf_dropout_full_woTemplates_model_2_multimer_v3_pred_22.pdb
6382	cf_dropout_full_woTemplates_model_2_multimer_v3_pred_23.pdb
6383	cf_dropout_full_woTemplates_model_2_multimer_v3_pred_24.pdb
6384	cf_dropout_full_woTemplates_model_2_multimer_v3_pred_25.pdb
6385	cf_dropout_full_woTemplates_model_2_multimer_v3_pred_26.pdb
6386	cf_dropout_full_woTemplates_model_2_multimer_v3_pred_27.pdb
6387	cf_dropout_full_woTemplates_model_2_multimer_v3_pred_28.pdb
6388	cf_dropout_full_woTemplates_model_2_multimer_v3_pred_29.pdb
6389	cf_dropout_full_woTemplates_model_2_multimer_v3_pred_3.pdb
6390	cf_dropout_full_woTemplates_model_2_multimer_v3_pred_30.pdb
6391	cf_dropout_full_woTemplates_model_2_multimer_v3_pred_31.pdb
6392	cf_dropout_full_woTemplates_model_2_multimer_v3_pred_32.pdb
6393	cf_dropout_full_woTemplates_model_2_multimer_v3_pred_33.pdb
6394	cf_dropout_full_woTemplates_model_2_multimer_v3_pred_34.pdb
6395	cf_dropout_full_woTemplates_model_2_multimer_v3_pred_35.pdb
6396	cf_dropout_full_woTemplates_model_2_multimer_v3_pred_36.pdb
6397	cf_dropout_full_woTemplates_model_2_multimer_v3_pred_37.pdb
6398	cf_dropout_full_woTemplates_model_2_multimer_v3_pred_38.pdb
6399	cf_dropout_full_woTemplates_model_2_multimer_v3_pred_39.pdb
6400	cf_dropout_full_woTemplates_model_2_multimer_v3_pred_4.pdb
6401	cf_dropout_full_woTemplates_model_2_multimer_v3_pred_40.pdb
6402	cf_dropout_full_woTemplates_model_2_multimer_v3_pred_41.pdb
6403	cf_dropout_full_woTemplates_model_2_multimer_v3_pred_42.pdb
6404	cf_dropout_full_woTemplates_model_2_multimer_v3_pred_43.pdb
6405	cf_dropout_full_woTemplates_model_2_multimer_v3_pred_44.pdb
6406	cf_dropout_full_woTemplates_model_2_multimer_v3_pred_45.pdb
6407	cf_dropout_full_woTemplates_model_2_multimer_v3_pred_46.pdb
6408	cf_dropout_full_woTemplates_model_2_multimer_v3_pred_47.pdb
6409	cf_dropout_full_woTemplates_model_2_multimer_v3_pred_48.pdb
6410	cf_dropout_full_woTemplates_model_2_multimer_v3_pred_49.pdb
6411	cf_dropout_full_woTemplates_model_2_multimer_v3_pred_5.pdb
6412	cf_dropout_full_woTemplates_model_2_multimer_v3_pred_50.pdb
6413	cf_dropout_full_woTemplates_model_2_multimer_v3_pred_51.pdb
6414	cf_dropout_full_woTemplates_model_2_multimer_v3_pred_52.pdb
6415	cf_dropout_full_woTemplates_model_2_multimer_v3_pred_53.pdb
6416	cf_dropout_full_woTemplates_model_2_multimer_v3_pred_54.pdb
6417	cf_dropout_full_woTemplates_model_2_multimer_v3_pred_55.pdb
6418	cf_dropout_full_woTemplates_model_2_multimer_v3_pred_56.pdb
6419	cf_dropout_full_woTemplates_model_2_multimer_v3_pred_57.pdb
6420	cf_dropout_full_woTemplates_model_2_multimer_v3_pred_58.pdb
6421	cf_dropout_full_woTemplates_model_2_multimer_v3_pred_59.pdb
6422	cf_dropout_full_woTemplates_model_2_multimer_v3_pred_6.pdb
6423	cf_dropout_full_woTemplates_model_2_multimer_v3_pred_60.pdb
6424	cf_dropout_full_woTemplates_model_2_multimer_v3_pred_61.pdb
6425	cf_dropout_full_woTemplates_model_2_multimer_v3_pred_62.pdb
6426	cf_dropout_full_woTemplates_model_2_multimer_v3_pred_63.pdb
6427	cf_dropout_full_woTemplates_model_2_multimer_v3_pred_64.pdb
6428	cf_dropout_full_woTemplates_model_2_multimer_v3_pred_65.pdb
6429	cf_dropout_full_woTemplates_model_2_multimer_v3_pred_66.pdb
6430	cf_dropout_full_woTemplates_model_2_multimer_v3_pred_7.pdb
6431	cf_dropout_full_woTemplates_model_2_multimer_v3_pred_8.pdb
6432	cf_dropout_full_woTemplates_model_2_multimer_v3_pred_9.pdb
6433	cf_dropout_full_woTemplates_model_3_multimer_v1_pred_0.pdb
6434	cf_dropout_full_woTemplates_model_3_multimer_v1_pred_1.pdb
6435	cf_dropout_full_woTemplates_model_3_multimer_v1_pred_10.pdb
6436	cf_dropout_full_woTemplates_model_3_multimer_v1_pred_11.pdb
6437	cf_dropout_full_woTemplates_model_3_multimer_v1_pred_12.pdb
6438	cf_dropout_full_woTemplates_model_3_multimer_v1_pred_13.pdb
6439	cf_dropout_full_woTemplates_model_3_multimer_v1_pred_14.pdb
6440	cf_dropout_full_woTemplates_model_3_multimer_v1_pred_15.pdb
6441	cf_dropout_full_woTemplates_model_3_multimer_v1_pred_16.pdb
6442	cf_dropout_full_woTemplates_model_3_multimer_v1_pred_17.pdb
6443	cf_dropout_full_woTemplates_model_3_multimer_v1_pred_18.pdb
6444	cf_dropout_full_woTemplates_model_3_multimer_v1_pred_19.pdb
6445	cf_dropout_full_woTemplates_model_3_multimer_v1_pred_2.pdb
6446	cf_dropout_full_woTemplates_model_3_multimer_v1_pred_20.pdb
6447	cf_dropout_full_woTemplates_model_3_multimer_v1_pred_21.pdb
6448	cf_dropout_full_woTemplates_model_3_multimer_v1_pred_22.pdb
6449	cf_dropout_full_woTemplates_model_3_multimer_v1_pred_23.pdb
6450	cf_dropout_full_woTemplates_model_3_multimer_v1_pred_24.pdb
6451	cf_dropout_full_woTemplates_model_3_multimer_v1_pred_25.pdb
6452	cf_dropout_full_woTemplates_model_3_multimer_v1_pred_26.pdb
6453	cf_dropout_full_woTemplates_model_3_multimer_v1_pred_27.pdb
6454	cf_dropout_full_woTemplates_model_3_multimer_v1_pred_28.pdb
6455	cf_dropout_full_woTemplates_model_3_multimer_v1_pred_29.pdb
6456	cf_dropout_full_woTemplates_model_3_multimer_v1_pred_3.pdb
6457	cf_dropout_full_woTemplates_model_3_multimer_v1_pred_30.pdb
6458	cf_dropout_full_woTemplates_model_3_multimer_v1_pred_31.pdb
6459	cf_dropout_full_woTemplates_model_3_multimer_v1_pred_32.pdb
6460	cf_dropout_full_woTemplates_model_3_multimer_v1_pred_33.pdb
6461	cf_dropout_full_woTemplates_model_3_multimer_v1_pred_34.pdb
6462	cf_dropout_full_woTemplates_model_3_multimer_v1_pred_35.pdb
6463	cf_dropout_full_woTemplates_model_3_multimer_v1_pred_36.pdb
6464	cf_dropout_full_woTemplates_model_3_multimer_v1_pred_37.pdb
6465	cf_dropout_full_woTemplates_model_3_multimer_v1_pred_38.pdb
6466	cf_dropout_full_woTemplates_model_3_multimer_v1_pred_39.pdb
6467	cf_dropout_full_woTemplates_model_3_multimer_v1_pred_4.pdb
6468	cf_dropout_full_woTemplates_model_3_multimer_v1_pred_40.pdb
6469	cf_dropout_full_woTemplates_model_3_multimer_v1_pred_41.pdb
6470	cf_dropout_full_woTemplates_model_3_multimer_v1_pred_42.pdb
6471	cf_dropout_full_woTemplates_model_3_multimer_v1_pred_43.pdb
6472	cf_dropout_full_woTemplates_model_3_multimer_v1_pred_44.pdb
6473	cf_dropout_full_woTemplates_model_3_multimer_v1_pred_45.pdb
6474	cf_dropout_full_woTemplates_model_3_multimer_v1_pred_46.pdb
6475	cf_dropout_full_woTemplates_model_3_multimer_v1_pred_47.pdb
6476	cf_dropout_full_woTemplates_model_3_multimer_v1_pred_48.pdb
6477	cf_dropout_full_woTemplates_model_3_multimer_v1_pred_49.pdb
6478	cf_dropout_full_woTemplates_model_3_multimer_v1_pred_5.pdb
6479	cf_dropout_full_woTemplates_model_3_multimer_v1_pred_50.pdb
6480	cf_dropout_full_woTemplates_model_3_multimer_v1_pred_51.pdb
6481	cf_dropout_full_woTemplates_model_3_multimer_v1_pred_52.pdb
6482	cf_dropout_full_woTemplates_model_3_multimer_v1_pred_53.pdb
6483	cf_dropout_full_woTemplates_model_3_multimer_v1_pred_54.pdb
6484	cf_dropout_full_woTemplates_model_3_multimer_v1_pred_55.pdb
6485	cf_dropout_full_woTemplates_model_3_multimer_v1_pred_56.pdb
6486	cf_dropout_full_woTemplates_model_3_multimer_v1_pred_57.pdb
6487	cf_dropout_full_woTemplates_model_3_multimer_v1_pred_58.pdb
6488	cf_dropout_full_woTemplates_model_3_multimer_v1_pred_59.pdb
6489	cf_dropout_full_woTemplates_model_3_multimer_v1_pred_6.pdb
6490	cf_dropout_full_woTemplates_model_3_multimer_v1_pred_60.pdb
6491	cf_dropout_full_woTemplates_model_3_multimer_v1_pred_61.pdb
6492	cf_dropout_full_woTemplates_model_3_multimer_v1_pred_62.pdb
6493	cf_dropout_full_woTemplates_model_3_multimer_v1_pred_63.pdb
6494	cf_dropout_full_woTemplates_model_3_multimer_v1_pred_64.pdb
6495	cf_dropout_full_woTemplates_model_3_multimer_v1_pred_65.pdb
6496	cf_dropout_full_woTemplates_model_3_multimer_v1_pred_66.pdb
6497	cf_dropout_full_woTemplates_model_3_multimer_v1_pred_7.pdb
6498	cf_dropout_full_woTemplates_model_3_multimer_v1_pred_8.pdb
6499	cf_dropout_full_woTemplates_model_3_multimer_v1_pred_9.pdb
6500	cf_dropout_full_woTemplates_model_3_multimer_v2_pred_0.pdb
6501	cf_dropout_full_woTemplates_model_3_multimer_v2_pred_1.pdb
6502	cf_dropout_full_woTemplates_model_3_multimer_v2_pred_10.pdb
6503	cf_dropout_full_woTemplates_model_3_multimer_v2_pred_11.pdb
6504	cf_dropout_full_woTemplates_model_3_multimer_v2_pred_12.pdb
6505	cf_dropout_full_woTemplates_model_3_multimer_v2_pred_13.pdb
6506	cf_dropout_full_woTemplates_model_3_multimer_v2_pred_14.pdb
6507	cf_dropout_full_woTemplates_model_3_multimer_v2_pred_15.pdb
6508	cf_dropout_full_woTemplates_model_3_multimer_v2_pred_16.pdb
6509	cf_dropout_full_woTemplates_model_3_multimer_v2_pred_17.pdb
6510	cf_dropout_full_woTemplates_model_3_multimer_v2_pred_18.pdb
6511	cf_dropout_full_woTemplates_model_3_multimer_v2_pred_19.pdb
6512	cf_dropout_full_woTemplates_model_3_multimer_v2_pred_2.pdb
6513	cf_dropout_full_woTemplates_model_3_multimer_v2_pred_20.pdb
6514	cf_dropout_full_woTemplates_model_3_multimer_v2_pred_21.pdb
6515	cf_dropout_full_woTemplates_model_3_multimer_v2_pred_22.pdb
6516	cf_dropout_full_woTemplates_model_3_multimer_v2_pred_23.pdb
6517	cf_dropout_full_woTemplates_model_3_multimer_v2_pred_24.pdb
6518	cf_dropout_full_woTemplates_model_3_multimer_v2_pred_25.pdb
6519	cf_dropout_full_woTemplates_model_3_multimer_v2_pred_26.pdb
6520	cf_dropout_full_woTemplates_model_3_multimer_v2_pred_27.pdb
6521	cf_dropout_full_woTemplates_model_3_multimer_v2_pred_28.pdb
6522	cf_dropout_full_woTemplates_model_3_multimer_v2_pred_29.pdb
6523	cf_dropout_full_woTemplates_model_3_multimer_v2_pred_3.pdb
6524	cf_dropout_full_woTemplates_model_3_multimer_v2_pred_30.pdb
6525	cf_dropout_full_woTemplates_model_3_multimer_v2_pred_31.pdb
6526	cf_dropout_full_woTemplates_model_3_multimer_v2_pred_32.pdb
6527	cf_dropout_full_woTemplates_model_3_multimer_v2_pred_33.pdb
6528	cf_dropout_full_woTemplates_model_3_multimer_v2_pred_34.pdb
6529	cf_dropout_full_woTemplates_model_3_multimer_v2_pred_35.pdb
6530	cf_dropout_full_woTemplates_model_3_multimer_v2_pred_36.pdb
6531	cf_dropout_full_woTemplates_model_3_multimer_v2_pred_37.pdb
6532	cf_dropout_full_woTemplates_model_3_multimer_v2_pred_38.pdb
6533	cf_dropout_full_woTemplates_model_3_multimer_v2_pred_39.pdb
6534	cf_dropout_full_woTemplates_model_3_multimer_v2_pred_4.pdb
6535	cf_dropout_full_woTemplates_model_3_multimer_v2_pred_40.pdb
6536	cf_dropout_full_woTemplates_model_3_multimer_v2_pred_41.pdb
6537	cf_dropout_full_woTemplates_model_3_multimer_v2_pred_42.pdb
6538	cf_dropout_full_woTemplates_model_3_multimer_v2_pred_43.pdb
6539	cf_dropout_full_woTemplates_model_3_multimer_v2_pred_44.pdb
6540	cf_dropout_full_woTemplates_model_3_multimer_v2_pred_45.pdb
6541	cf_dropout_full_woTemplates_model_3_multimer_v2_pred_46.pdb
6542	cf_dropout_full_woTemplates_model_3_multimer_v2_pred_47.pdb
6543	cf_dropout_full_woTemplates_model_3_multimer_v2_pred_48.pdb
6544	cf_dropout_full_woTemplates_model_3_multimer_v2_pred_49.pdb
6545	cf_dropout_full_woTemplates_model_3_multimer_v2_pred_5.pdb
6546	cf_dropout_full_woTemplates_model_3_multimer_v2_pred_50.pdb
6547	cf_dropout_full_woTemplates_model_3_multimer_v2_pred_51.pdb
6548	cf_dropout_full_woTemplates_model_3_multimer_v2_pred_52.pdb
6549	cf_dropout_full_woTemplates_model_3_multimer_v2_pred_53.pdb
6550	cf_dropout_full_woTemplates_model_3_multimer_v2_pred_54.pdb
6551	cf_dropout_full_woTemplates_model_3_multimer_v2_pred_55.pdb
6552	cf_dropout_full_woTemplates_model_3_multimer_v2_pred_56.pdb
6553	cf_dropout_full_woTemplates_model_3_multimer_v2_pred_57.pdb
6554	cf_dropout_full_woTemplates_model_3_multimer_v2_pred_58.pdb
6555	cf_dropout_full_woTemplates_model_3_multimer_v2_pred_59.pdb
6556	cf_dropout_full_woTemplates_model_3_multimer_v2_pred_6.pdb
6557	cf_dropout_full_woTemplates_model_3_multimer_v2_pred_60.pdb
6558	cf_dropout_full_woTemplates_model_3_multimer_v2_pred_61.pdb
6559	cf_dropout_full_woTemplates_model_3_multimer_v2_pred_62.pdb
6560	cf_dropout_full_woTemplates_model_3_multimer_v2_pred_63.pdb
6561	cf_dropout_full_woTemplates_model_3_multimer_v2_pred_64.pdb
6562	cf_dropout_full_woTemplates_model_3_multimer_v2_pred_65.pdb
6563	cf_dropout_full_woTemplates_model_3_multimer_v2_pred_66.pdb
6564	cf_dropout_full_woTemplates_model_3_multimer_v2_pred_7.pdb
6565	cf_dropout_full_woTemplates_model_3_multimer_v2_pred_8.pdb
6566	cf_dropout_full_woTemplates_model_3_multimer_v2_pred_9.pdb
6567	cf_dropout_full_woTemplates_model_3_multimer_v3_pred_0.pdb
6568	cf_dropout_full_woTemplates_model_3_multimer_v3_pred_1.pdb
6569	cf_dropout_full_woTemplates_model_3_multimer_v3_pred_10.pdb
6570	cf_dropout_full_woTemplates_model_3_multimer_v3_pred_11.pdb
6571	cf_dropout_full_woTemplates_model_3_multimer_v3_pred_12.pdb
6572	cf_dropout_full_woTemplates_model_3_multimer_v3_pred_13.pdb
6573	cf_dropout_full_woTemplates_model_3_multimer_v3_pred_14.pdb
6574	cf_dropout_full_woTemplates_model_3_multimer_v3_pred_15.pdb
6575	cf_dropout_full_woTemplates_model_3_multimer_v3_pred_16.pdb
6576	cf_dropout_full_woTemplates_model_3_multimer_v3_pred_17.pdb
6577	cf_dropout_full_woTemplates_model_3_multimer_v3_pred_18.pdb
6578	cf_dropout_full_woTemplates_model_3_multimer_v3_pred_19.pdb
6579	cf_dropout_full_woTemplates_model_3_multimer_v3_pred_2.pdb
6580	cf_dropout_full_woTemplates_model_3_multimer_v3_pred_20.pdb
6581	cf_dropout_full_woTemplates_model_3_multimer_v3_pred_21.pdb
6582	cf_dropout_full_woTemplates_model_3_multimer_v3_pred_22.pdb
6583	cf_dropout_full_woTemplates_model_3_multimer_v3_pred_23.pdb
6584	cf_dropout_full_woTemplates_model_3_multimer_v3_pred_24.pdb
6585	cf_dropout_full_woTemplates_model_3_multimer_v3_pred_25.pdb
6586	cf_dropout_full_woTemplates_model_3_multimer_v3_pred_26.pdb
6587	cf_dropout_full_woTemplates_model_3_multimer_v3_pred_27.pdb
6588	cf_dropout_full_woTemplates_model_3_multimer_v3_pred_28.pdb
6589	cf_dropout_full_woTemplates_model_3_multimer_v3_pred_29.pdb
6590	cf_dropout_full_woTemplates_model_3_multimer_v3_pred_3.pdb
6591	cf_dropout_full_woTemplates_model_3_multimer_v3_pred_30.pdb
6592	cf_dropout_full_woTemplates_model_3_multimer_v3_pred_31.pdb
6593	cf_dropout_full_woTemplates_model_3_multimer_v3_pred_32.pdb
6594	cf_dropout_full_woTemplates_model_3_multimer_v3_pred_33.pdb
6595	cf_dropout_full_woTemplates_model_3_multimer_v3_pred_34.pdb
6596	cf_dropout_full_woTemplates_model_3_multimer_v3_pred_35.pdb
6597	cf_dropout_full_woTemplates_model_3_multimer_v3_pred_36.pdb
6598	cf_dropout_full_woTemplates_model_3_multimer_v3_pred_37.pdb
6599	cf_dropout_full_woTemplates_model_3_multimer_v3_pred_38.pdb
6600	cf_dropout_full_woTemplates_model_3_multimer_v3_pred_39.pdb
6601	cf_dropout_full_woTemplates_model_3_multimer_v3_pred_4.pdb
6602	cf_dropout_full_woTemplates_model_3_multimer_v3_pred_40.pdb
6603	cf_dropout_full_woTemplates_model_3_multimer_v3_pred_41.pdb
6604	cf_dropout_full_woTemplates_model_3_multimer_v3_pred_42.pdb
6605	cf_dropout_full_woTemplates_model_3_multimer_v3_pred_43.pdb
6606	cf_dropout_full_woTemplates_model_3_multimer_v3_pred_44.pdb
6607	cf_dropout_full_woTemplates_model_3_multimer_v3_pred_45.pdb
6608	cf_dropout_full_woTemplates_model_3_multimer_v3_pred_46.pdb
6609	cf_dropout_full_woTemplates_model_3_multimer_v3_pred_47.pdb
6610	cf_dropout_full_woTemplates_model_3_multimer_v3_pred_48.pdb
6611	cf_dropout_full_woTemplates_model_3_multimer_v3_pred_49.pdb
6612	cf_dropout_full_woTemplates_model_3_multimer_v3_pred_5.pdb
6613	cf_dropout_full_woTemplates_model_3_multimer_v3_pred_50.pdb
6614	cf_dropout_full_woTemplates_model_3_multimer_v3_pred_51.pdb
6615	cf_dropout_full_woTemplates_model_3_multimer_v3_pred_52.pdb
6616	cf_dropout_full_woTemplates_model_3_multimer_v3_pred_53.pdb
6617	cf_dropout_full_woTemplates_model_3_multimer_v3_pred_54.pdb
6618	cf_dropout_full_woTemplates_model_3_multimer_v3_pred_55.pdb
6619	cf_dropout_full_woTemplates_model_3_multimer_v3_pred_56.pdb
6620	cf_dropout_full_woTemplates_model_3_multimer_v3_pred_57.pdb
6621	cf_dropout_full_woTemplates_model_3_multimer_v3_pred_58.pdb
6622	cf_dropout_full_woTemplates_model_3_multimer_v3_pred_59.pdb
6623	cf_dropout_full_woTemplates_model_3_multimer_v3_pred_6.pdb
6624	cf_dropout_full_woTemplates_model_3_multimer_v3_pred_60.pdb
6625	cf_dropout_full_woTemplates_model_3_multimer_v3_pred_61.pdb
6626	cf_dropout_full_woTemplates_model_3_multimer_v3_pred_62.pdb
6627	cf_dropout_full_woTemplates_model_3_multimer_v3_pred_63.pdb
6628	cf_dropout_full_woTemplates_model_3_multimer_v3_pred_64.pdb
6629	cf_dropout_full_woTemplates_model_3_multimer_v3_pred_65.pdb
6630	cf_dropout_full_woTemplates_model_3_multimer_v3_pred_66.pdb
6631	cf_dropout_full_woTemplates_model_3_multimer_v3_pred_7.pdb
6632	cf_dropout_full_woTemplates_model_3_multimer_v3_pred_8.pdb
6633	cf_dropout_full_woTemplates_model_3_multimer_v3_pred_9.pdb
6634	cf_dropout_full_woTemplates_model_4_multimer_v1_pred_0.pdb
6635	cf_dropout_full_woTemplates_model_4_multimer_v1_pred_1.pdb
6636	cf_dropout_full_woTemplates_model_4_multimer_v1_pred_10.pdb
6637	cf_dropout_full_woTemplates_model_4_multimer_v1_pred_11.pdb
6638	cf_dropout_full_woTemplates_model_4_multimer_v1_pred_12.pdb
6639	cf_dropout_full_woTemplates_model_4_multimer_v1_pred_13.pdb
6640	cf_dropout_full_woTemplates_model_4_multimer_v1_pred_14.pdb
6641	cf_dropout_full_woTemplates_model_4_multimer_v1_pred_15.pdb
6642	cf_dropout_full_woTemplates_model_4_multimer_v1_pred_16.pdb
6643	cf_dropout_full_woTemplates_model_4_multimer_v1_pred_17.pdb
6644	cf_dropout_full_woTemplates_model_4_multimer_v1_pred_18.pdb
6645	cf_dropout_full_woTemplates_model_4_multimer_v1_pred_19.pdb
6646	cf_dropout_full_woTemplates_model_4_multimer_v1_pred_2.pdb
6647	cf_dropout_full_woTemplates_model_4_multimer_v1_pred_20.pdb
6648	cf_dropout_full_woTemplates_model_4_multimer_v1_pred_21.pdb
6649	cf_dropout_full_woTemplates_model_4_multimer_v1_pred_22.pdb
6650	cf_dropout_full_woTemplates_model_4_multimer_v1_pred_23.pdb
6651	cf_dropout_full_woTemplates_model_4_multimer_v1_pred_24.pdb
6652	cf_dropout_full_woTemplates_model_4_multimer_v1_pred_25.pdb
6653	cf_dropout_full_woTemplates_model_4_multimer_v1_pred_26.pdb
6654	cf_dropout_full_woTemplates_model_4_multimer_v1_pred_27.pdb
6655	cf_dropout_full_woTemplates_model_4_multimer_v1_pred_28.pdb
6656	cf_dropout_full_woTemplates_model_4_multimer_v1_pred_29.pdb
6657	cf_dropout_full_woTemplates_model_4_multimer_v1_pred_3.pdb
6658	cf_dropout_full_woTemplates_model_4_multimer_v1_pred_30.pdb
6659	cf_dropout_full_woTemplates_model_4_multimer_v1_pred_31.pdb
6660	cf_dropout_full_woTemplates_model_4_multimer_v1_pred_32.pdb
6661	cf_dropout_full_woTemplates_model_4_multimer_v1_pred_33.pdb
6662	cf_dropout_full_woTemplates_model_4_multimer_v1_pred_34.pdb
6663	cf_dropout_full_woTemplates_model_4_multimer_v1_pred_35.pdb
6664	cf_dropout_full_woTemplates_model_4_multimer_v1_pred_36.pdb
6665	cf_dropout_full_woTemplates_model_4_multimer_v1_pred_37.pdb
6666	cf_dropout_full_woTemplates_model_4_multimer_v1_pred_38.pdb
6667	cf_dropout_full_woTemplates_model_4_multimer_v1_pred_39.pdb
6668	cf_dropout_full_woTemplates_model_4_multimer_v1_pred_4.pdb
6669	cf_dropout_full_woTemplates_model_4_multimer_v1_pred_40.pdb
6670	cf_dropout_full_woTemplates_model_4_multimer_v1_pred_41.pdb
6671	cf_dropout_full_woTemplates_model_4_multimer_v1_pred_42.pdb
6672	cf_dropout_full_woTemplates_model_4_multimer_v1_pred_43.pdb
6673	cf_dropout_full_woTemplates_model_4_multimer_v1_pred_44.pdb
6674	cf_dropout_full_woTemplates_model_4_multimer_v1_pred_45.pdb
6675	cf_dropout_full_woTemplates_model_4_multimer_v1_pred_46.pdb
6676	cf_dropout_full_woTemplates_model_4_multimer_v1_pred_47.pdb
6677	cf_dropout_full_woTemplates_model_4_multimer_v1_pred_48.pdb
6678	cf_dropout_full_woTemplates_model_4_multimer_v1_pred_49.pdb
6679	cf_dropout_full_woTemplates_model_4_multimer_v1_pred_5.pdb
6680	cf_dropout_full_woTemplates_model_4_multimer_v1_pred_50.pdb
6681	cf_dropout_full_woTemplates_model_4_multimer_v1_pred_51.pdb
6682	cf_dropout_full_woTemplates_model_4_multimer_v1_pred_52.pdb
6683	cf_dropout_full_woTemplates_model_4_multimer_v1_pred_53.pdb
6684	cf_dropout_full_woTemplates_model_4_multimer_v1_pred_54.pdb
6685	cf_dropout_full_woTemplates_model_4_multimer_v1_pred_55.pdb
6686	cf_dropout_full_woTemplates_model_4_multimer_v1_pred_56.pdb
6687	cf_dropout_full_woTemplates_model_4_multimer_v1_pred_57.pdb
6688	cf_dropout_full_woTemplates_model_4_multimer_v1_pred_58.pdb
6689	cf_dropout_full_woTemplates_model_4_multimer_v1_pred_59.pdb
6690	cf_dropout_full_woTemplates_model_4_multimer_v1_pred_6.pdb
6691	cf_dropout_full_woTemplates_model_4_multimer_v1_pred_60.pdb
6692	cf_dropout_full_woTemplates_model_4_multimer_v1_pred_61.pdb
6693	cf_dropout_full_woTemplates_model_4_multimer_v1_pred_62.pdb
6694	cf_dropout_full_woTemplates_model_4_multimer_v1_pred_63.pdb
6695	cf_dropout_full_woTemplates_model_4_multimer_v1_pred_64.pdb
6696	cf_dropout_full_woTemplates_model_4_multimer_v1_pred_65.pdb
6697	cf_dropout_full_woTemplates_model_4_multimer_v1_pred_66.pdb
6698	cf_dropout_full_woTemplates_model_4_multimer_v1_pred_7.pdb
6699	cf_dropout_full_woTemplates_model_4_multimer_v1_pred_8.pdb
6700	cf_dropout_full_woTemplates_model_4_multimer_v1_pred_9.pdb
6701	cf_dropout_full_woTemplates_model_4_multimer_v2_pred_0.pdb
6702	cf_dropout_full_woTemplates_model_4_multimer_v2_pred_1.pdb
6703	cf_dropout_full_woTemplates_model_4_multimer_v2_pred_10.pdb
6704	cf_dropout_full_woTemplates_model_4_multimer_v2_pred_11.pdb
6705	cf_dropout_full_woTemplates_model_4_multimer_v2_pred_12.pdb
6706	cf_dropout_full_woTemplates_model_4_multimer_v2_pred_13.pdb
6707	cf_dropout_full_woTemplates_model_4_multimer_v2_pred_14.pdb
6708	cf_dropout_full_woTemplates_model_4_multimer_v2_pred_15.pdb
6709	cf_dropout_full_woTemplates_model_4_multimer_v2_pred_16.pdb
6710	cf_dropout_full_woTemplates_model_4_multimer_v2_pred_17.pdb
6711	cf_dropout_full_woTemplates_model_4_multimer_v2_pred_18.pdb
6712	cf_dropout_full_woTemplates_model_4_multimer_v2_pred_19.pdb
6713	cf_dropout_full_woTemplates_model_4_multimer_v2_pred_2.pdb
6714	cf_dropout_full_woTemplates_model_4_multimer_v2_pred_20.pdb
6715	cf_dropout_full_woTemplates_model_4_multimer_v2_pred_21.pdb
6716	cf_dropout_full_woTemplates_model_4_multimer_v2_pred_22.pdb
6717	cf_dropout_full_woTemplates_model_4_multimer_v2_pred_23.pdb
6718	cf_dropout_full_woTemplates_model_4_multimer_v2_pred_24.pdb
6719	cf_dropout_full_woTemplates_model_4_multimer_v2_pred_25.pdb
6720	cf_dropout_full_woTemplates_model_4_multimer_v2_pred_26.pdb
6721	cf_dropout_full_woTemplates_model_4_multimer_v2_pred_27.pdb
6722	cf_dropout_full_woTemplates_model_4_multimer_v2_pred_28.pdb
6723	cf_dropout_full_woTemplates_model_4_multimer_v2_pred_29.pdb
6724	cf_dropout_full_woTemplates_model_4_multimer_v2_pred_3.pdb
6725	cf_dropout_full_woTemplates_model_4_multimer_v2_pred_30.pdb
6726	cf_dropout_full_woTemplates_model_4_multimer_v2_pred_31.pdb
6727	cf_dropout_full_woTemplates_model_4_multimer_v2_pred_32.pdb
6728	cf_dropout_full_woTemplates_model_4_multimer_v2_pred_33.pdb
6729	cf_dropout_full_woTemplates_model_4_multimer_v2_pred_34.pdb
6730	cf_dropout_full_woTemplates_model_4_multimer_v2_pred_35.pdb
6731	cf_dropout_full_woTemplates_model_4_multimer_v2_pred_36.pdb
6732	cf_dropout_full_woTemplates_model_4_multimer_v2_pred_37.pdb
6733	cf_dropout_full_woTemplates_model_4_multimer_v2_pred_38.pdb
6734	cf_dropout_full_woTemplates_model_4_multimer_v2_pred_39.pdb
6735	cf_dropout_full_woTemplates_model_4_multimer_v2_pred_4.pdb
6736	cf_dropout_full_woTemplates_model_4_multimer_v2_pred_40.pdb
6737	cf_dropout_full_woTemplates_model_4_multimer_v2_pred_41.pdb
6738	cf_dropout_full_woTemplates_model_4_multimer_v2_pred_42.pdb
6739	cf_dropout_full_woTemplates_model_4_multimer_v2_pred_43.pdb
6740	cf_dropout_full_woTemplates_model_4_multimer_v2_pred_44.pdb
6741	cf_dropout_full_woTemplates_model_4_multimer_v2_pred_45.pdb
6742	cf_dropout_full_woTemplates_model_4_multimer_v2_pred_46.pdb
6743	cf_dropout_full_woTemplates_model_4_multimer_v2_pred_47.pdb
6744	cf_dropout_full_woTemplates_model_4_multimer_v2_pred_48.pdb
6745	cf_dropout_full_woTemplates_model_4_multimer_v2_pred_49.pdb
6746	cf_dropout_full_woTemplates_model_4_multimer_v2_pred_5.pdb
6747	cf_dropout_full_woTemplates_model_4_multimer_v2_pred_50.pdb
6748	cf_dropout_full_woTemplates_model_4_multimer_v2_pred_51.pdb
6749	cf_dropout_full_woTemplates_model_4_multimer_v2_pred_52.pdb
6750	cf_dropout_full_woTemplates_model_4_multimer_v2_pred_53.pdb
6751	cf_dropout_full_woTemplates_model_4_multimer_v2_pred_54.pdb
6752	cf_dropout_full_woTemplates_model_4_multimer_v2_pred_55.pdb
6753	cf_dropout_full_woTemplates_model_4_multimer_v2_pred_56.pdb
6754	cf_dropout_full_woTemplates_model_4_multimer_v2_pred_57.pdb
6755	cf_dropout_full_woTemplates_model_4_multimer_v2_pred_58.pdb
6756	cf_dropout_full_woTemplates_model_4_multimer_v2_pred_59.pdb
6757	cf_dropout_full_woTemplates_model_4_multimer_v2_pred_6.pdb
6758	cf_dropout_full_woTemplates_model_4_multimer_v2_pred_60.pdb
6759	cf_dropout_full_woTemplates_model_4_multimer_v2_pred_61.pdb
6760	cf_dropout_full_woTemplates_model_4_multimer_v2_pred_62.pdb
6761	cf_dropout_full_woTemplates_model_4_multimer_v2_pred_63.pdb
6762	cf_dropout_full_woTemplates_model_4_multimer_v2_pred_64.pdb
6763	cf_dropout_full_woTemplates_model_4_multimer_v2_pred_65.pdb
6764	cf_dropout_full_woTemplates_model_4_multimer_v2_pred_66.pdb
6765	cf_dropout_full_woTemplates_model_4_multimer_v2_pred_7.pdb
6766	cf_dropout_full_woTemplates_model_4_multimer_v2_pred_8.pdb
6767	cf_dropout_full_woTemplates_model_4_multimer_v2_pred_9.pdb
6768	cf_dropout_full_woTemplates_model_4_multimer_v3_pred_0.pdb
6769	cf_dropout_full_woTemplates_model_4_multimer_v3_pred_1.pdb
6770	cf_dropout_full_woTemplates_model_4_multimer_v3_pred_10.pdb
6771	cf_dropout_full_woTemplates_model_4_multimer_v3_pred_11.pdb
6772	cf_dropout_full_woTemplates_model_4_multimer_v3_pred_12.pdb
6773	cf_dropout_full_woTemplates_model_4_multimer_v3_pred_13.pdb
6774	cf_dropout_full_woTemplates_model_4_multimer_v3_pred_14.pdb
6775	cf_dropout_full_woTemplates_model_4_multimer_v3_pred_15.pdb
6776	cf_dropout_full_woTemplates_model_4_multimer_v3_pred_16.pdb
6777	cf_dropout_full_woTemplates_model_4_multimer_v3_pred_17.pdb
6778	cf_dropout_full_woTemplates_model_4_multimer_v3_pred_18.pdb
6779	cf_dropout_full_woTemplates_model_4_multimer_v3_pred_19.pdb
6780	cf_dropout_full_woTemplates_model_4_multimer_v3_pred_2.pdb
6781	cf_dropout_full_woTemplates_model_4_multimer_v3_pred_20.pdb
6782	cf_dropout_full_woTemplates_model_4_multimer_v3_pred_21.pdb
6783	cf_dropout_full_woTemplates_model_4_multimer_v3_pred_22.pdb
6784	cf_dropout_full_woTemplates_model_4_multimer_v3_pred_23.pdb
6785	cf_dropout_full_woTemplates_model_4_multimer_v3_pred_24.pdb
6786	cf_dropout_full_woTemplates_model_4_multimer_v3_pred_25.pdb
6787	cf_dropout_full_woTemplates_model_4_multimer_v3_pred_26.pdb
6788	cf_dropout_full_woTemplates_model_4_multimer_v3_pred_27.pdb
6789	cf_dropout_full_woTemplates_model_4_multimer_v3_pred_28.pdb
6790	cf_dropout_full_woTemplates_model_4_multimer_v3_pred_29.pdb
6791	cf_dropout_full_woTemplates_model_4_multimer_v3_pred_3.pdb
6792	cf_dropout_full_woTemplates_model_4_multimer_v3_pred_30.pdb
6793	cf_dropout_full_woTemplates_model_4_multimer_v3_pred_31.pdb
6794	cf_dropout_full_woTemplates_model_4_multimer_v3_pred_32.pdb
6795	cf_dropout_full_woTemplates_model_4_multimer_v3_pred_33.pdb
6796	cf_dropout_full_woTemplates_model_4_multimer_v3_pred_34.pdb
6797	cf_dropout_full_woTemplates_model_4_multimer_v3_pred_35.pdb
6798	cf_dropout_full_woTemplates_model_4_multimer_v3_pred_36.pdb
6799	cf_dropout_full_woTemplates_model_4_multimer_v3_pred_37.pdb
6800	cf_dropout_full_woTemplates_model_4_multimer_v3_pred_38.pdb
6801	cf_dropout_full_woTemplates_model_4_multimer_v3_pred_39.pdb
6802	cf_dropout_full_woTemplates_model_4_multimer_v3_pred_4.pdb
6803	cf_dropout_full_woTemplates_model_4_multimer_v3_pred_40.pdb
6804	cf_dropout_full_woTemplates_model_4_multimer_v3_pred_41.pdb
6805	cf_dropout_full_woTemplates_model_4_multimer_v3_pred_42.pdb
6806	cf_dropout_full_woTemplates_model_4_multimer_v3_pred_43.pdb
6807	cf_dropout_full_woTemplates_model_4_multimer_v3_pred_44.pdb
6808	cf_dropout_full_woTemplates_model_4_multimer_v3_pred_45.pdb
6809	cf_dropout_full_woTemplates_model_4_multimer_v3_pred_46.pdb
6810	cf_dropout_full_woTemplates_model_4_multimer_v3_pred_47.pdb
6811	cf_dropout_full_woTemplates_model_4_multimer_v3_pred_48.pdb
6812	cf_dropout_full_woTemplates_model_4_multimer_v3_pred_49.pdb
6813	cf_dropout_full_woTemplates_model_4_multimer_v3_pred_5.pdb
6814	cf_dropout_full_woTemplates_model_4_multimer_v3_pred_50.pdb
6815	cf_dropout_full_woTemplates_model_4_multimer_v3_pred_51.pdb
6816	cf_dropout_full_woTemplates_model_4_multimer_v3_pred_52.pdb
6817	cf_dropout_full_woTemplates_model_4_multimer_v3_pred_53.pdb
6818	cf_dropout_full_woTemplates_model_4_multimer_v3_pred_54.pdb
6819	cf_dropout_full_woTemplates_model_4_multimer_v3_pred_55.pdb
6820	cf_dropout_full_woTemplates_model_4_multimer_v3_pred_56.pdb
6821	cf_dropout_full_woTemplates_model_4_multimer_v3_pred_57.pdb
6822	cf_dropout_full_woTemplates_model_4_multimer_v3_pred_58.pdb
6823	cf_dropout_full_woTemplates_model_4_multimer_v3_pred_59.pdb
6824	cf_dropout_full_woTemplates_model_4_multimer_v3_pred_6.pdb
6825	cf_dropout_full_woTemplates_model_4_multimer_v3_pred_60.pdb
6826	cf_dropout_full_woTemplates_model_4_multimer_v3_pred_61.pdb
6827	cf_dropout_full_woTemplates_model_4_multimer_v3_pred_62.pdb
6828	cf_dropout_full_woTemplates_model_4_multimer_v3_pred_63.pdb
6829	cf_dropout_full_woTemplates_model_4_multimer_v3_pred_64.pdb
6830	cf_dropout_full_woTemplates_model_4_multimer_v3_pred_65.pdb
6831	cf_dropout_full_woTemplates_model_4_multimer_v3_pred_66.pdb
6832	cf_dropout_full_woTemplates_model_4_multimer_v3_pred_7.pdb
6833	cf_dropout_full_woTemplates_model_4_multimer_v3_pred_8.pdb
6834	cf_dropout_full_woTemplates_model_4_multimer_v3_pred_9.pdb
6835	cf_dropout_full_woTemplates_model_5_multimer_v1_pred_0.pdb
6836	cf_dropout_full_woTemplates_model_5_multimer_v1_pred_1.pdb
6837	cf_dropout_full_woTemplates_model_5_multimer_v1_pred_10.pdb
6838	cf_dropout_full_woTemplates_model_5_multimer_v1_pred_11.pdb
6839	cf_dropout_full_woTemplates_model_5_multimer_v1_pred_12.pdb
6840	cf_dropout_full_woTemplates_model_5_multimer_v1_pred_13.pdb
6841	cf_dropout_full_woTemplates_model_5_multimer_v1_pred_14.pdb
6842	cf_dropout_full_woTemplates_model_5_multimer_v1_pred_15.pdb
6843	cf_dropout_full_woTemplates_model_5_multimer_v1_pred_16.pdb
6844	cf_dropout_full_woTemplates_model_5_multimer_v1_pred_17.pdb
6845	cf_dropout_full_woTemplates_model_5_multimer_v1_pred_18.pdb
6846	cf_dropout_full_woTemplates_model_5_multimer_v1_pred_19.pdb
6847	cf_dropout_full_woTemplates_model_5_multimer_v1_pred_2.pdb
6848	cf_dropout_full_woTemplates_model_5_multimer_v1_pred_20.pdb
6849	cf_dropout_full_woTemplates_model_5_multimer_v1_pred_21.pdb
6850	cf_dropout_full_woTemplates_model_5_multimer_v1_pred_22.pdb
6851	cf_dropout_full_woTemplates_model_5_multimer_v1_pred_23.pdb
6852	cf_dropout_full_woTemplates_model_5_multimer_v1_pred_24.pdb
6853	cf_dropout_full_woTemplates_model_5_multimer_v1_pred_25.pdb
6854	cf_dropout_full_woTemplates_model_5_multimer_v1_pred_26.pdb
6855	cf_dropout_full_woTemplates_model_5_multimer_v1_pred_27.pdb
6856	cf_dropout_full_woTemplates_model_5_multimer_v1_pred_28.pdb
6857	cf_dropout_full_woTemplates_model_5_multimer_v1_pred_29.pdb
6858	cf_dropout_full_woTemplates_model_5_multimer_v1_pred_3.pdb
6859	cf_dropout_full_woTemplates_model_5_multimer_v1_pred_30.pdb
6860	cf_dropout_full_woTemplates_model_5_multimer_v1_pred_31.pdb
6861	cf_dropout_full_woTemplates_model_5_multimer_v1_pred_32.pdb
6862	cf_dropout_full_woTemplates_model_5_multimer_v1_pred_33.pdb
6863	cf_dropout_full_woTemplates_model_5_multimer_v1_pred_34.pdb
6864	cf_dropout_full_woTemplates_model_5_multimer_v1_pred_35.pdb
6865	cf_dropout_full_woTemplates_model_5_multimer_v1_pred_36.pdb
6866	cf_dropout_full_woTemplates_model_5_multimer_v1_pred_37.pdb
6867	cf_dropout_full_woTemplates_model_5_multimer_v1_pred_38.pdb
6868	cf_dropout_full_woTemplates_model_5_multimer_v1_pred_39.pdb
6869	cf_dropout_full_woTemplates_model_5_multimer_v1_pred_4.pdb
6870	cf_dropout_full_woTemplates_model_5_multimer_v1_pred_40.pdb
6871	cf_dropout_full_woTemplates_model_5_multimer_v1_pred_41.pdb
6872	cf_dropout_full_woTemplates_model_5_multimer_v1_pred_42.pdb
6873	cf_dropout_full_woTemplates_model_5_multimer_v1_pred_43.pdb
6874	cf_dropout_full_woTemplates_model_5_multimer_v1_pred_44.pdb
6875	cf_dropout_full_woTemplates_model_5_multimer_v1_pred_45.pdb
6876	cf_dropout_full_woTemplates_model_5_multimer_v1_pred_46.pdb
6877	cf_dropout_full_woTemplates_model_5_multimer_v1_pred_47.pdb
6878	cf_dropout_full_woTemplates_model_5_multimer_v1_pred_48.pdb
6879	cf_dropout_full_woTemplates_model_5_multimer_v1_pred_49.pdb
6880	cf_dropout_full_woTemplates_model_5_multimer_v1_pred_5.pdb
6881	cf_dropout_full_woTemplates_model_5_multimer_v1_pred_50.pdb
6882	cf_dropout_full_woTemplates_model_5_multimer_v1_pred_51.pdb
6883	cf_dropout_full_woTemplates_model_5_multimer_v1_pred_52.pdb
6884	cf_dropout_full_woTemplates_model_5_multimer_v1_pred_53.pdb
6885	cf_dropout_full_woTemplates_model_5_multimer_v1_pred_54.pdb
6886	cf_dropout_full_woTemplates_model_5_multimer_v1_pred_55.pdb
6887	cf_dropout_full_woTemplates_model_5_multimer_v1_pred_56.pdb
6888	cf_dropout_full_woTemplates_model_5_multimer_v1_pred_57.pdb
6889	cf_dropout_full_woTemplates_model_5_multimer_v1_pred_58.pdb
6890	cf_dropout_full_woTemplates_model_5_multimer_v1_pred_59.pdb
6891	cf_dropout_full_woTemplates_model_5_multimer_v1_pred_6.pdb
6892	cf_dropout_full_woTemplates_model_5_multimer_v1_pred_60.pdb
6893	cf_dropout_full_woTemplates_model_5_multimer_v1_pred_61.pdb
6894	cf_dropout_full_woTemplates_model_5_multimer_v1_pred_62.pdb
6895	cf_dropout_full_woTemplates_model_5_multimer_v1_pred_63.pdb
6896	cf_dropout_full_woTemplates_model_5_multimer_v1_pred_64.pdb
6897	cf_dropout_full_woTemplates_model_5_multimer_v1_pred_65.pdb
6898	cf_dropout_full_woTemplates_model_5_multimer_v1_pred_66.pdb
6899	cf_dropout_full_woTemplates_model_5_multimer_v1_pred_7.pdb
6900	cf_dropout_full_woTemplates_model_5_multimer_v1_pred_8.pdb
6901	cf_dropout_full_woTemplates_model_5_multimer_v1_pred_9.pdb
6902	cf_dropout_full_woTemplates_model_5_multimer_v2_pred_0.pdb
6903	cf_dropout_full_woTemplates_model_5_multimer_v2_pred_1.pdb
6904	cf_dropout_full_woTemplates_model_5_multimer_v2_pred_10.pdb
6905	cf_dropout_full_woTemplates_model_5_multimer_v2_pred_11.pdb
6906	cf_dropout_full_woTemplates_model_5_multimer_v2_pred_12.pdb
6907	cf_dropout_full_woTemplates_model_5_multimer_v2_pred_13.pdb
6908	cf_dropout_full_woTemplates_model_5_multimer_v2_pred_14.pdb
6909	cf_dropout_full_woTemplates_model_5_multimer_v2_pred_15.pdb
6910	cf_dropout_full_woTemplates_model_5_multimer_v2_pred_16.pdb
6911	cf_dropout_full_woTemplates_model_5_multimer_v2_pred_17.pdb
6912	cf_dropout_full_woTemplates_model_5_multimer_v2_pred_18.pdb
6913	cf_dropout_full_woTemplates_model_5_multimer_v2_pred_19.pdb
6914	cf_dropout_full_woTemplates_model_5_multimer_v2_pred_2.pdb
6915	cf_dropout_full_woTemplates_model_5_multimer_v2_pred_20.pdb
6916	cf_dropout_full_woTemplates_model_5_multimer_v2_pred_21.pdb
6917	cf_dropout_full_woTemplates_model_5_multimer_v2_pred_22.pdb
6918	cf_dropout_full_woTemplates_model_5_multimer_v2_pred_23.pdb
6919	cf_dropout_full_woTemplates_model_5_multimer_v2_pred_24.pdb
6920	cf_dropout_full_woTemplates_model_5_multimer_v2_pred_25.pdb
6921	cf_dropout_full_woTemplates_model_5_multimer_v2_pred_26.pdb
6922	cf_dropout_full_woTemplates_model_5_multimer_v2_pred_27.pdb
6923	cf_dropout_full_woTemplates_model_5_multimer_v2_pred_28.pdb
6924	cf_dropout_full_woTemplates_model_5_multimer_v2_pred_29.pdb
6925	cf_dropout_full_woTemplates_model_5_multimer_v2_pred_3.pdb
6926	cf_dropout_full_woTemplates_model_5_multimer_v2_pred_30.pdb
6927	cf_dropout_full_woTemplates_model_5_multimer_v2_pred_31.pdb
6928	cf_dropout_full_woTemplates_model_5_multimer_v2_pred_32.pdb
6929	cf_dropout_full_woTemplates_model_5_multimer_v2_pred_33.pdb
6930	cf_dropout_full_woTemplates_model_5_multimer_v2_pred_34.pdb
6931	cf_dropout_full_woTemplates_model_5_multimer_v2_pred_35.pdb
6932	cf_dropout_full_woTemplates_model_5_multimer_v2_pred_36.pdb
6933	cf_dropout_full_woTemplates_model_5_multimer_v2_pred_37.pdb
6934	cf_dropout_full_woTemplates_model_5_multimer_v2_pred_38.pdb
6935	cf_dropout_full_woTemplates_model_5_multimer_v2_pred_39.pdb
6936	cf_dropout_full_woTemplates_model_5_multimer_v2_pred_4.pdb
6937	cf_dropout_full_woTemplates_model_5_multimer_v2_pred_40.pdb
6938	cf_dropout_full_woTemplates_model_5_multimer_v2_pred_41.pdb
6939	cf_dropout_full_woTemplates_model_5_multimer_v2_pred_42.pdb
6940	cf_dropout_full_woTemplates_model_5_multimer_v2_pred_43.pdb
6941	cf_dropout_full_woTemplates_model_5_multimer_v2_pred_44.pdb
6942	cf_dropout_full_woTemplates_model_5_multimer_v2_pred_45.pdb
6943	cf_dropout_full_woTemplates_model_5_multimer_v2_pred_46.pdb
6944	cf_dropout_full_woTemplates_model_5_multimer_v2_pred_47.pdb
6945	cf_dropout_full_woTemplates_model_5_multimer_v2_pred_48.pdb
6946	cf_dropout_full_woTemplates_model_5_multimer_v2_pred_49.pdb
6947	cf_dropout_full_woTemplates_model_5_multimer_v2_pred_5.pdb
6948	cf_dropout_full_woTemplates_model_5_multimer_v2_pred_50.pdb
6949	cf_dropout_full_woTemplates_model_5_multimer_v2_pred_51.pdb
6950	cf_dropout_full_woTemplates_model_5_multimer_v2_pred_52.pdb
6951	cf_dropout_full_woTemplates_model_5_multimer_v2_pred_53.pdb
6952	cf_dropout_full_woTemplates_model_5_multimer_v2_pred_54.pdb
6953	cf_dropout_full_woTemplates_model_5_multimer_v2_pred_55.pdb
6954	cf_dropout_full_woTemplates_model_5_multimer_v2_pred_56.pdb
6955	cf_dropout_full_woTemplates_model_5_multimer_v2_pred_57.pdb
6956	cf_dropout_full_woTemplates_model_5_multimer_v2_pred_58.pdb
6957	cf_dropout_full_woTemplates_model_5_multimer_v2_pred_59.pdb
6958	cf_dropout_full_woTemplates_model_5_multimer_v2_pred_6.pdb
6959	cf_dropout_full_woTemplates_model_5_multimer_v2_pred_60.pdb
6960	cf_dropout_full_woTemplates_model_5_multimer_v2_pred_61.pdb
6961	cf_dropout_full_woTemplates_model_5_multimer_v2_pred_62.pdb
6962	cf_dropout_full_woTemplates_model_5_multimer_v2_pred_63.pdb
6963	cf_dropout_full_woTemplates_model_5_multimer_v2_pred_64.pdb
6964	cf_dropout_full_woTemplates_model_5_multimer_v2_pred_65.pdb
6965	cf_dropout_full_woTemplates_model_5_multimer_v2_pred_66.pdb
6966	cf_dropout_full_woTemplates_model_5_multimer_v2_pred_7.pdb
6967	cf_dropout_full_woTemplates_model_5_multimer_v2_pred_8.pdb
6968	cf_dropout_full_woTemplates_model_5_multimer_v2_pred_9.pdb
6969	cf_dropout_full_woTemplates_model_5_multimer_v3_pred_0.pdb
6970	cf_dropout_full_woTemplates_model_5_multimer_v3_pred_1.pdb
6971	cf_dropout_full_woTemplates_model_5_multimer_v3_pred_10.pdb
6972	cf_dropout_full_woTemplates_model_5_multimer_v3_pred_11.pdb
6973	cf_dropout_full_woTemplates_model_5_multimer_v3_pred_12.pdb
6974	cf_dropout_full_woTemplates_model_5_multimer_v3_pred_13.pdb
6975	cf_dropout_full_woTemplates_model_5_multimer_v3_pred_14.pdb
6976	cf_dropout_full_woTemplates_model_5_multimer_v3_pred_15.pdb
6977	cf_dropout_full_woTemplates_model_5_multimer_v3_pred_16.pdb
6978	cf_dropout_full_woTemplates_model_5_multimer_v3_pred_17.pdb
6979	cf_dropout_full_woTemplates_model_5_multimer_v3_pred_18.pdb
6980	cf_dropout_full_woTemplates_model_5_multimer_v3_pred_19.pdb
6981	cf_dropout_full_woTemplates_model_5_multimer_v3_pred_2.pdb
6982	cf_dropout_full_woTemplates_model_5_multimer_v3_pred_20.pdb
6983	cf_dropout_full_woTemplates_model_5_multimer_v3_pred_21.pdb
6984	cf_dropout_full_woTemplates_model_5_multimer_v3_pred_22.pdb
6985	cf_dropout_full_woTemplates_model_5_multimer_v3_pred_23.pdb
6986	cf_dropout_full_woTemplates_model_5_multimer_v3_pred_24.pdb
6987	cf_dropout_full_woTemplates_model_5_multimer_v3_pred_25.pdb
6988	cf_dropout_full_woTemplates_model_5_multimer_v3_pred_26.pdb
6989	cf_dropout_full_woTemplates_model_5_multimer_v3_pred_27.pdb
6990	cf_dropout_full_woTemplates_model_5_multimer_v3_pred_28.pdb
6991	cf_dropout_full_woTemplates_model_5_multimer_v3_pred_29.pdb
6992	cf_dropout_full_woTemplates_model_5_multimer_v3_pred_3.pdb
6993	cf_dropout_full_woTemplates_model_5_multimer_v3_pred_30.pdb
6994	cf_dropout_full_woTemplates_model_5_multimer_v3_pred_31.pdb
6995	cf_dropout_full_woTemplates_model_5_multimer_v3_pred_32.pdb
6996	cf_dropout_full_woTemplates_model_5_multimer_v3_pred_33.pdb
6997	cf_dropout_full_woTemplates_model_5_multimer_v3_pred_34.pdb
6998	cf_dropout_full_woTemplates_model_5_multimer_v3_pred_35.pdb
6999	cf_dropout_full_woTemplates_model_5_multimer_v3_pred_36.pdb
7000	cf_dropout_full_woTemplates_model_5_multimer_v3_pred_37.pdb
7001	cf_dropout_full_woTemplates_model_5_multimer_v3_pred_38.pdb
7002	cf_dropout_full_woTemplates_model_5_multimer_v3_pred_39.pdb
7003	cf_dropout_full_woTemplates_model_5_multimer_v3_pred_4.pdb
7004	cf_dropout_full_woTemplates_model_5_multimer_v3_pred_40.pdb
7005	cf_dropout_full_woTemplates_model_5_multimer_v3_pred_41.pdb
7006	cf_dropout_full_woTemplates_model_5_multimer_v3_pred_42.pdb
7007	cf_dropout_full_woTemplates_model_5_multimer_v3_pred_43.pdb
7008	cf_dropout_full_woTemplates_model_5_multimer_v3_pred_44.pdb
7009	cf_dropout_full_woTemplates_model_5_multimer_v3_pred_45.pdb
7010	cf_dropout_full_woTemplates_model_5_multimer_v3_pred_46.pdb
7011	cf_dropout_full_woTemplates_model_5_multimer_v3_pred_47.pdb
7012	cf_dropout_full_woTemplates_model_5_multimer_v3_pred_48.pdb
7013	cf_dropout_full_woTemplates_model_5_multimer_v3_pred_49.pdb
7014	cf_dropout_full_woTemplates_model_5_multimer_v3_pred_5.pdb
7015	cf_dropout_full_woTemplates_model_5_multimer_v3_pred_50.pdb
7016	cf_dropout_full_woTemplates_model_5_multimer_v3_pred_51.pdb
7017	cf_dropout_full_woTemplates_model_5_multimer_v3_pred_52.pdb
7018	cf_dropout_full_woTemplates_model_5_multimer_v3_pred_53.pdb
7019	cf_dropout_full_woTemplates_model_5_multimer_v3_pred_54.pdb
7020	cf_dropout_full_woTemplates_model_5_multimer_v3_pred_55.pdb
7021	cf_dropout_full_woTemplates_model_5_multimer_v3_pred_56.pdb
7022	cf_dropout_full_woTemplates_model_5_multimer_v3_pred_57.pdb
7023	cf_dropout_full_woTemplates_model_5_multimer_v3_pred_58.pdb
7024	cf_dropout_full_woTemplates_model_5_multimer_v3_pred_59.pdb
7025	cf_dropout_full_woTemplates_model_5_multimer_v3_pred_6.pdb
7026	cf_dropout_full_woTemplates_model_5_multimer_v3_pred_60.pdb
7027	cf_dropout_full_woTemplates_model_5_multimer_v3_pred_61.pdb
7028	cf_dropout_full_woTemplates_model_5_multimer_v3_pred_62.pdb
7029	cf_dropout_full_woTemplates_model_5_multimer_v3_pred_63.pdb
7030	cf_dropout_full_woTemplates_model_5_multimer_v3_pred_64.pdb
7031	cf_dropout_full_woTemplates_model_5_multimer_v3_pred_65.pdb
7032	cf_dropout_full_woTemplates_model_5_multimer_v3_pred_66.pdb
7033	cf_dropout_full_woTemplates_model_5_multimer_v3_pred_7.pdb
7034	cf_dropout_full_woTemplates_model_5_multimer_v3_pred_8.pdb
7035	cf_dropout_full_woTemplates_model_5_multimer_v3_pred_9.pdb
7036	cf_woTemplates_model_1_multimer_v1_pred_0.pdb
7037	cf_woTemplates_model_1_multimer_v1_pred_1.pdb
7038	cf_woTemplates_model_1_multimer_v1_pred_10.pdb
7039	cf_woTemplates_model_1_multimer_v1_pred_11.pdb
7040	cf_woTemplates_model_1_multimer_v1_pred_12.pdb
7041	cf_woTemplates_model_1_multimer_v1_pred_13.pdb
7042	cf_woTemplates_model_1_multimer_v1_pred_14.pdb
7043	cf_woTemplates_model_1_multimer_v1_pred_15.pdb
7044	cf_woTemplates_model_1_multimer_v1_pred_16.pdb
7045	cf_woTemplates_model_1_multimer_v1_pred_17.pdb
7046	cf_woTemplates_model_1_multimer_v1_pred_18.pdb
7047	cf_woTemplates_model_1_multimer_v1_pred_19.pdb
7048	cf_woTemplates_model_1_multimer_v1_pred_2.pdb
7049	cf_woTemplates_model_1_multimer_v1_pred_20.pdb
7050	cf_woTemplates_model_1_multimer_v1_pred_21.pdb
7051	cf_woTemplates_model_1_multimer_v1_pred_22.pdb
7052	cf_woTemplates_model_1_multimer_v1_pred_23.pdb
7053	cf_woTemplates_model_1_multimer_v1_pred_24.pdb
7054	cf_woTemplates_model_1_multimer_v1_pred_25.pdb
7055	cf_woTemplates_model_1_multimer_v1_pred_26.pdb
7056	cf_woTemplates_model_1_multimer_v1_pred_27.pdb
7057	cf_woTemplates_model_1_multimer_v1_pred_28.pdb
7058	cf_woTemplates_model_1_multimer_v1_pred_29.pdb
7059	cf_woTemplates_model_1_multimer_v1_pred_3.pdb
7060	cf_woTemplates_model_1_multimer_v1_pred_30.pdb
7061	cf_woTemplates_model_1_multimer_v1_pred_31.pdb
7062	cf_woTemplates_model_1_multimer_v1_pred_32.pdb
7063	cf_woTemplates_model_1_multimer_v1_pred_33.pdb
7064	cf_woTemplates_model_1_multimer_v1_pred_34.pdb
7065	cf_woTemplates_model_1_multimer_v1_pred_35.pdb
7066	cf_woTemplates_model_1_multimer_v1_pred_36.pdb
7067	cf_woTemplates_model_1_multimer_v1_pred_37.pdb
7068	cf_woTemplates_model_1_multimer_v1_pred_38.pdb
7069	cf_woTemplates_model_1_multimer_v1_pred_39.pdb
7070	cf_woTemplates_model_1_multimer_v1_pred_4.pdb
7071	cf_woTemplates_model_1_multimer_v1_pred_40.pdb
7072	cf_woTemplates_model_1_multimer_v1_pred_41.pdb
7073	cf_woTemplates_model_1_multimer_v1_pred_42.pdb
7074	cf_woTemplates_model_1_multimer_v1_pred_43.pdb
7075	cf_woTemplates_model_1_multimer_v1_pred_44.pdb
7076	cf_woTemplates_model_1_multimer_v1_pred_45.pdb
7077	cf_woTemplates_model_1_multimer_v1_pred_46.pdb
7078	cf_woTemplates_model_1_multimer_v1_pred_47.pdb
7079	cf_woTemplates_model_1_multimer_v1_pred_48.pdb
7080	cf_woTemplates_model_1_multimer_v1_pred_49.pdb
7081	cf_woTemplates_model_1_multimer_v1_pred_5.pdb
7082	cf_woTemplates_model_1_multimer_v1_pred_50.pdb
7083	cf_woTemplates_model_1_multimer_v1_pred_51.pdb
7084	cf_woTemplates_model_1_multimer_v1_pred_52.pdb
7085	cf_woTemplates_model_1_multimer_v1_pred_53.pdb
7086	cf_woTemplates_model_1_multimer_v1_pred_54.pdb
7087	cf_woTemplates_model_1_multimer_v1_pred_55.pdb
7088	cf_woTemplates_model_1_multimer_v1_pred_56.pdb
7089	cf_woTemplates_model_1_multimer_v1_pred_57.pdb
7090	cf_woTemplates_model_1_multimer_v1_pred_58.pdb
7091	cf_woTemplates_model_1_multimer_v1_pred_59.pdb
7092	cf_woTemplates_model_1_multimer_v1_pred_6.pdb
7093	cf_woTemplates_model_1_multimer_v1_pred_60.pdb
7094	cf_woTemplates_model_1_multimer_v1_pred_61.pdb
7095	cf_woTemplates_model_1_multimer_v1_pred_62.pdb
7096	cf_woTemplates_model_1_multimer_v1_pred_63.pdb
7097	cf_woTemplates_model_1_multimer_v1_pred_64.pdb
7098	cf_woTemplates_model_1_multimer_v1_pred_65.pdb
7099	cf_woTemplates_model_1_multimer_v1_pred_66.pdb
7100	cf_woTemplates_model_1_multimer_v1_pred_7.pdb
7101	cf_woTemplates_model_1_multimer_v1_pred_8.pdb
7102	cf_woTemplates_model_1_multimer_v1_pred_9.pdb
7103	cf_woTemplates_model_1_multimer_v2_pred_0.pdb
7104	cf_woTemplates_model_1_multimer_v2_pred_1.pdb
7105	cf_woTemplates_model_1_multimer_v2_pred_10.pdb
7106	cf_woTemplates_model_1_multimer_v2_pred_11.pdb
7107	cf_woTemplates_model_1_multimer_v2_pred_12.pdb
7108	cf_woTemplates_model_1_multimer_v2_pred_13.pdb
7109	cf_woTemplates_model_1_multimer_v2_pred_14.pdb
7110	cf_woTemplates_model_1_multimer_v2_pred_15.pdb
7111	cf_woTemplates_model_1_multimer_v2_pred_16.pdb
7112	cf_woTemplates_model_1_multimer_v2_pred_17.pdb
7113	cf_woTemplates_model_1_multimer_v2_pred_18.pdb
7114	cf_woTemplates_model_1_multimer_v2_pred_19.pdb
7115	cf_woTemplates_model_1_multimer_v2_pred_2.pdb
7116	cf_woTemplates_model_1_multimer_v2_pred_20.pdb
7117	cf_woTemplates_model_1_multimer_v2_pred_21.pdb
7118	cf_woTemplates_model_1_multimer_v2_pred_22.pdb
7119	cf_woTemplates_model_1_multimer_v2_pred_23.pdb
7120	cf_woTemplates_model_1_multimer_v2_pred_24.pdb
7121	cf_woTemplates_model_1_multimer_v2_pred_25.pdb
7122	cf_woTemplates_model_1_multimer_v2_pred_26.pdb
7123	cf_woTemplates_model_1_multimer_v2_pred_27.pdb
7124	cf_woTemplates_model_1_multimer_v2_pred_28.pdb
7125	cf_woTemplates_model_1_multimer_v2_pred_29.pdb
7126	cf_woTemplates_model_1_multimer_v2_pred_3.pdb
7127	cf_woTemplates_model_1_multimer_v2_pred_30.pdb
7128	cf_woTemplates_model_1_multimer_v2_pred_31.pdb
7129	cf_woTemplates_model_1_multimer_v2_pred_32.pdb
7130	cf_woTemplates_model_1_multimer_v2_pred_33.pdb
7131	cf_woTemplates_model_1_multimer_v2_pred_34.pdb
7132	cf_woTemplates_model_1_multimer_v2_pred_35.pdb
7133	cf_woTemplates_model_1_multimer_v2_pred_36.pdb
7134	cf_woTemplates_model_1_multimer_v2_pred_37.pdb
7135	cf_woTemplates_model_1_multimer_v2_pred_38.pdb
7136	cf_woTemplates_model_1_multimer_v2_pred_39.pdb
7137	cf_woTemplates_model_1_multimer_v2_pred_4.pdb
7138	cf_woTemplates_model_1_multimer_v2_pred_40.pdb
7139	cf_woTemplates_model_1_multimer_v2_pred_41.pdb
7140	cf_woTemplates_model_1_multimer_v2_pred_42.pdb
7141	cf_woTemplates_model_1_multimer_v2_pred_43.pdb
7142	cf_woTemplates_model_1_multimer_v2_pred_44.pdb
7143	cf_woTemplates_model_1_multimer_v2_pred_45.pdb
7144	cf_woTemplates_model_1_multimer_v2_pred_46.pdb
7145	cf_woTemplates_model_1_multimer_v2_pred_47.pdb
7146	cf_woTemplates_model_1_multimer_v2_pred_48.pdb
7147	cf_woTemplates_model_1_multimer_v2_pred_49.pdb
7148	cf_woTemplates_model_1_multimer_v2_pred_5.pdb
7149	cf_woTemplates_model_1_multimer_v2_pred_50.pdb
7150	cf_woTemplates_model_1_multimer_v2_pred_51.pdb
7151	cf_woTemplates_model_1_multimer_v2_pred_52.pdb
7152	cf_woTemplates_model_1_multimer_v2_pred_53.pdb
7153	cf_woTemplates_model_1_multimer_v2_pred_54.pdb
7154	cf_woTemplates_model_1_multimer_v2_pred_55.pdb
7155	cf_woTemplates_model_1_multimer_v2_pred_56.pdb
7156	cf_woTemplates_model_1_multimer_v2_pred_57.pdb
7157	cf_woTemplates_model_1_multimer_v2_pred_58.pdb
7158	cf_woTemplates_model_1_multimer_v2_pred_59.pdb
7159	cf_woTemplates_model_1_multimer_v2_pred_6.pdb
7160	cf_woTemplates_model_1_multimer_v2_pred_60.pdb
7161	cf_woTemplates_model_1_multimer_v2_pred_61.pdb
7162	cf_woTemplates_model_1_multimer_v2_pred_62.pdb
7163	cf_woTemplates_model_1_multimer_v2_pred_63.pdb
7164	cf_woTemplates_model_1_multimer_v2_pred_64.pdb
7165	cf_woTemplates_model_1_multimer_v2_pred_65.pdb
7166	cf_woTemplates_model_1_multimer_v2_pred_66.pdb
7167	cf_woTemplates_model_1_multimer_v2_pred_7.pdb
7168	cf_woTemplates_model_1_multimer_v2_pred_8.pdb
7169	cf_woTemplates_model_1_multimer_v2_pred_9.pdb
7170	cf_woTemplates_model_1_multimer_v3_pred_0.pdb
7171	cf_woTemplates_model_1_multimer_v3_pred_1.pdb
7172	cf_woTemplates_model_1_multimer_v3_pred_10.pdb
7173	cf_woTemplates_model_1_multimer_v3_pred_11.pdb
7174	cf_woTemplates_model_1_multimer_v3_pred_12.pdb
7175	cf_woTemplates_model_1_multimer_v3_pred_13.pdb
7176	cf_woTemplates_model_1_multimer_v3_pred_14.pdb
7177	cf_woTemplates_model_1_multimer_v3_pred_15.pdb
7178	cf_woTemplates_model_1_multimer_v3_pred_16.pdb
7179	cf_woTemplates_model_1_multimer_v3_pred_17.pdb
7180	cf_woTemplates_model_1_multimer_v3_pred_18.pdb
7181	cf_woTemplates_model_1_multimer_v3_pred_19.pdb
7182	cf_woTemplates_model_1_multimer_v3_pred_2.pdb
7183	cf_woTemplates_model_1_multimer_v3_pred_20.pdb
7184	cf_woTemplates_model_1_multimer_v3_pred_21.pdb
7185	cf_woTemplates_model_1_multimer_v3_pred_22.pdb
7186	cf_woTemplates_model_1_multimer_v3_pred_23.pdb
7187	cf_woTemplates_model_1_multimer_v3_pred_24.pdb
7188	cf_woTemplates_model_1_multimer_v3_pred_25.pdb
7189	cf_woTemplates_model_1_multimer_v3_pred_26.pdb
7190	cf_woTemplates_model_1_multimer_v3_pred_27.pdb
7191	cf_woTemplates_model_1_multimer_v3_pred_28.pdb
7192	cf_woTemplates_model_1_multimer_v3_pred_29.pdb
7193	cf_woTemplates_model_1_multimer_v3_pred_3.pdb
7194	cf_woTemplates_model_1_multimer_v3_pred_30.pdb
7195	cf_woTemplates_model_1_multimer_v3_pred_31.pdb
7196	cf_woTemplates_model_1_multimer_v3_pred_32.pdb
7197	cf_woTemplates_model_1_multimer_v3_pred_33.pdb
7198	cf_woTemplates_model_1_multimer_v3_pred_34.pdb
7199	cf_woTemplates_model_1_multimer_v3_pred_35.pdb
7200	cf_woTemplates_model_1_multimer_v3_pred_36.pdb
7201	cf_woTemplates_model_1_multimer_v3_pred_37.pdb
7202	cf_woTemplates_model_1_multimer_v3_pred_38.pdb
7203	cf_woTemplates_model_1_multimer_v3_pred_39.pdb
7204	cf_woTemplates_model_1_multimer_v3_pred_4.pdb
7205	cf_woTemplates_model_1_multimer_v3_pred_40.pdb
7206	cf_woTemplates_model_1_multimer_v3_pred_41.pdb
7207	cf_woTemplates_model_1_multimer_v3_pred_42.pdb
7208	cf_woTemplates_model_1_multimer_v3_pred_43.pdb
7209	cf_woTemplates_model_1_multimer_v3_pred_44.pdb
7210	cf_woTemplates_model_1_multimer_v3_pred_45.pdb
7211	cf_woTemplates_model_1_multimer_v3_pred_46.pdb
7212	cf_woTemplates_model_1_multimer_v3_pred_47.pdb
7213	cf_woTemplates_model_1_multimer_v3_pred_48.pdb
7214	cf_woTemplates_model_1_multimer_v3_pred_49.pdb
7215	cf_woTemplates_model_1_multimer_v3_pred_5.pdb
7216	cf_woTemplates_model_1_multimer_v3_pred_50.pdb
7217	cf_woTemplates_model_1_multimer_v3_pred_51.pdb
7218	cf_woTemplates_model_1_multimer_v3_pred_52.pdb
7219	cf_woTemplates_model_1_multimer_v3_pred_53.pdb
7220	cf_woTemplates_model_1_multimer_v3_pred_54.pdb
7221	cf_woTemplates_model_1_multimer_v3_pred_55.pdb
7222	cf_woTemplates_model_1_multimer_v3_pred_56.pdb
7223	cf_woTemplates_model_1_multimer_v3_pred_57.pdb
7224	cf_woTemplates_model_1_multimer_v3_pred_58.pdb
7225	cf_woTemplates_model_1_multimer_v3_pred_59.pdb
7226	cf_woTemplates_model_1_multimer_v3_pred_6.pdb
7227	cf_woTemplates_model_1_multimer_v3_pred_60.pdb
7228	cf_woTemplates_model_1_multimer_v3_pred_61.pdb
7229	cf_woTemplates_model_1_multimer_v3_pred_62.pdb
7230	cf_woTemplates_model_1_multimer_v3_pred_63.pdb
7231	cf_woTemplates_model_1_multimer_v3_pred_64.pdb
7232	cf_woTemplates_model_1_multimer_v3_pred_65.pdb
7233	cf_woTemplates_model_1_multimer_v3_pred_66.pdb
7234	cf_woTemplates_model_1_multimer_v3_pred_7.pdb
7235	cf_woTemplates_model_1_multimer_v3_pred_8.pdb
7236	cf_woTemplates_model_1_multimer_v3_pred_9.pdb
7237	cf_woTemplates_model_2_multimer_v1_pred_0.pdb
7238	cf_woTemplates_model_2_multimer_v1_pred_1.pdb
7239	cf_woTemplates_model_2_multimer_v1_pred_10.pdb
7240	cf_woTemplates_model_2_multimer_v1_pred_11.pdb
7241	cf_woTemplates_model_2_multimer_v1_pred_12.pdb
7242	cf_woTemplates_model_2_multimer_v1_pred_13.pdb
7243	cf_woTemplates_model_2_multimer_v1_pred_14.pdb
7244	cf_woTemplates_model_2_multimer_v1_pred_15.pdb
7245	cf_woTemplates_model_2_multimer_v1_pred_16.pdb
7246	cf_woTemplates_model_2_multimer_v1_pred_17.pdb
7247	cf_woTemplates_model_2_multimer_v1_pred_18.pdb
7248	cf_woTemplates_model_2_multimer_v1_pred_19.pdb
7249	cf_woTemplates_model_2_multimer_v1_pred_2.pdb
7250	cf_woTemplates_model_2_multimer_v1_pred_20.pdb
7251	cf_woTemplates_model_2_multimer_v1_pred_21.pdb
7252	cf_woTemplates_model_2_multimer_v1_pred_22.pdb
7253	cf_woTemplates_model_2_multimer_v1_pred_23.pdb
7254	cf_woTemplates_model_2_multimer_v1_pred_24.pdb
7255	cf_woTemplates_model_2_multimer_v1_pred_25.pdb
7256	cf_woTemplates_model_2_multimer_v1_pred_26.pdb
7257	cf_woTemplates_model_2_multimer_v1_pred_27.pdb
7258	cf_woTemplates_model_2_multimer_v1_pred_28.pdb
7259	cf_woTemplates_model_2_multimer_v1_pred_29.pdb
7260	cf_woTemplates_model_2_multimer_v1_pred_3.pdb
7261	cf_woTemplates_model_2_multimer_v1_pred_30.pdb
7262	cf_woTemplates_model_2_multimer_v1_pred_31.pdb
7263	cf_woTemplates_model_2_multimer_v1_pred_32.pdb
7264	cf_woTemplates_model_2_multimer_v1_pred_33.pdb
7265	cf_woTemplates_model_2_multimer_v1_pred_34.pdb
7266	cf_woTemplates_model_2_multimer_v1_pred_35.pdb
7267	cf_woTemplates_model_2_multimer_v1_pred_36.pdb
7268	cf_woTemplates_model_2_multimer_v1_pred_37.pdb
7269	cf_woTemplates_model_2_multimer_v1_pred_38.pdb
7270	cf_woTemplates_model_2_multimer_v1_pred_39.pdb
7271	cf_woTemplates_model_2_multimer_v1_pred_4.pdb
7272	cf_woTemplates_model_2_multimer_v1_pred_40.pdb
7273	cf_woTemplates_model_2_multimer_v1_pred_41.pdb
7274	cf_woTemplates_model_2_multimer_v1_pred_42.pdb
7275	cf_woTemplates_model_2_multimer_v1_pred_43.pdb
7276	cf_woTemplates_model_2_multimer_v1_pred_44.pdb
7277	cf_woTemplates_model_2_multimer_v1_pred_45.pdb
7278	cf_woTemplates_model_2_multimer_v1_pred_46.pdb
7279	cf_woTemplates_model_2_multimer_v1_pred_47.pdb
7280	cf_woTemplates_model_2_multimer_v1_pred_48.pdb
7281	cf_woTemplates_model_2_multimer_v1_pred_49.pdb
7282	cf_woTemplates_model_2_multimer_v1_pred_5.pdb
7283	cf_woTemplates_model_2_multimer_v1_pred_50.pdb
7284	cf_woTemplates_model_2_multimer_v1_pred_51.pdb
7285	cf_woTemplates_model_2_multimer_v1_pred_52.pdb
7286	cf_woTemplates_model_2_multimer_v1_pred_53.pdb
7287	cf_woTemplates_model_2_multimer_v1_pred_54.pdb
7288	cf_woTemplates_model_2_multimer_v1_pred_55.pdb
7289	cf_woTemplates_model_2_multimer_v1_pred_56.pdb
7290	cf_woTemplates_model_2_multimer_v1_pred_57.pdb
7291	cf_woTemplates_model_2_multimer_v1_pred_58.pdb
7292	cf_woTemplates_model_2_multimer_v1_pred_59.pdb
7293	cf_woTemplates_model_2_multimer_v1_pred_6.pdb
7294	cf_woTemplates_model_2_multimer_v1_pred_60.pdb
7295	cf_woTemplates_model_2_multimer_v1_pred_61.pdb
7296	cf_woTemplates_model_2_multimer_v1_pred_62.pdb
7297	cf_woTemplates_model_2_multimer_v1_pred_63.pdb
7298	cf_woTemplates_model_2_multimer_v1_pred_64.pdb
7299	cf_woTemplates_model_2_multimer_v1_pred_65.pdb
7300	cf_woTemplates_model_2_multimer_v1_pred_66.pdb
7301	cf_woTemplates_model_2_multimer_v1_pred_7.pdb
7302	cf_woTemplates_model_2_multimer_v1_pred_8.pdb
7303	cf_woTemplates_model_2_multimer_v1_pred_9.pdb
7304	cf_woTemplates_model_2_multimer_v2_pred_0.pdb
7305	cf_woTemplates_model_2_multimer_v2_pred_1.pdb
7306	cf_woTemplates_model_2_multimer_v2_pred_10.pdb
7307	cf_woTemplates_model_2_multimer_v2_pred_11.pdb
7308	cf_woTemplates_model_2_multimer_v2_pred_12.pdb
7309	cf_woTemplates_model_2_multimer_v2_pred_13.pdb
7310	cf_woTemplates_model_2_multimer_v2_pred_14.pdb
7311	cf_woTemplates_model_2_multimer_v2_pred_15.pdb
7312	cf_woTemplates_model_2_multimer_v2_pred_16.pdb
7313	cf_woTemplates_model_2_multimer_v2_pred_17.pdb
7314	cf_woTemplates_model_2_multimer_v2_pred_18.pdb
7315	cf_woTemplates_model_2_multimer_v2_pred_19.pdb
7316	cf_woTemplates_model_2_multimer_v2_pred_2.pdb
7317	cf_woTemplates_model_2_multimer_v2_pred_20.pdb
7318	cf_woTemplates_model_2_multimer_v2_pred_21.pdb
7319	cf_woTemplates_model_2_multimer_v2_pred_22.pdb
7320	cf_woTemplates_model_2_multimer_v2_pred_23.pdb
7321	cf_woTemplates_model_2_multimer_v2_pred_24.pdb
7322	cf_woTemplates_model_2_multimer_v2_pred_25.pdb
7323	cf_woTemplates_model_2_multimer_v2_pred_26.pdb
7324	cf_woTemplates_model_2_multimer_v2_pred_27.pdb
7325	cf_woTemplates_model_2_multimer_v2_pred_28.pdb
7326	cf_woTemplates_model_2_multimer_v2_pred_29.pdb
7327	cf_woTemplates_model_2_multimer_v2_pred_3.pdb
7328	cf_woTemplates_model_2_multimer_v2_pred_30.pdb
7329	cf_woTemplates_model_2_multimer_v2_pred_31.pdb
7330	cf_woTemplates_model_2_multimer_v2_pred_32.pdb
7331	cf_woTemplates_model_2_multimer_v2_pred_33.pdb
7332	cf_woTemplates_model_2_multimer_v2_pred_34.pdb
7333	cf_woTemplates_model_2_multimer_v2_pred_35.pdb
7334	cf_woTemplates_model_2_multimer_v2_pred_36.pdb
7335	cf_woTemplates_model_2_multimer_v2_pred_37.pdb
7336	cf_woTemplates_model_2_multimer_v2_pred_38.pdb
7337	cf_woTemplates_model_2_multimer_v2_pred_39.pdb
7338	cf_woTemplates_model_2_multimer_v2_pred_4.pdb
7339	cf_woTemplates_model_2_multimer_v2_pred_40.pdb
7340	cf_woTemplates_model_2_multimer_v2_pred_41.pdb
7341	cf_woTemplates_model_2_multimer_v2_pred_42.pdb
7342	cf_woTemplates_model_2_multimer_v2_pred_43.pdb
7343	cf_woTemplates_model_2_multimer_v2_pred_44.pdb
7344	cf_woTemplates_model_2_multimer_v2_pred_45.pdb
7345	cf_woTemplates_model_2_multimer_v2_pred_46.pdb
7346	cf_woTemplates_model_2_multimer_v2_pred_47.pdb
7347	cf_woTemplates_model_2_multimer_v2_pred_48.pdb
7348	cf_woTemplates_model_2_multimer_v2_pred_49.pdb
7349	cf_woTemplates_model_2_multimer_v2_pred_5.pdb
7350	cf_woTemplates_model_2_multimer_v2_pred_50.pdb
7351	cf_woTemplates_model_2_multimer_v2_pred_51.pdb
7352	cf_woTemplates_model_2_multimer_v2_pred_52.pdb
7353	cf_woTemplates_model_2_multimer_v2_pred_53.pdb
7354	cf_woTemplates_model_2_multimer_v2_pred_54.pdb
7355	cf_woTemplates_model_2_multimer_v2_pred_55.pdb
7356	cf_woTemplates_model_2_multimer_v2_pred_56.pdb
7357	cf_woTemplates_model_2_multimer_v2_pred_57.pdb
7358	cf_woTemplates_model_2_multimer_v2_pred_58.pdb
7359	cf_woTemplates_model_2_multimer_v2_pred_59.pdb
7360	cf_woTemplates_model_2_multimer_v2_pred_6.pdb
7361	cf_woTemplates_model_2_multimer_v2_pred_60.pdb
7362	cf_woTemplates_model_2_multimer_v2_pred_61.pdb
7363	cf_woTemplates_model_2_multimer_v2_pred_62.pdb
7364	cf_woTemplates_model_2_multimer_v2_pred_63.pdb
7365	cf_woTemplates_model_2_multimer_v2_pred_64.pdb
7366	cf_woTemplates_model_2_multimer_v2_pred_65.pdb
7367	cf_woTemplates_model_2_multimer_v2_pred_66.pdb
7368	cf_woTemplates_model_2_multimer_v2_pred_7.pdb
7369	cf_woTemplates_model_2_multimer_v2_pred_8.pdb
7370	cf_woTemplates_model_2_multimer_v2_pred_9.pdb
7371	cf_woTemplates_model_2_multimer_v3_pred_0.pdb
7372	cf_woTemplates_model_2_multimer_v3_pred_1.pdb
7373	cf_woTemplates_model_2_multimer_v3_pred_10.pdb
7374	cf_woTemplates_model_2_multimer_v3_pred_11.pdb
7375	cf_woTemplates_model_2_multimer_v3_pred_12.pdb
7376	cf_woTemplates_model_2_multimer_v3_pred_13.pdb
7377	cf_woTemplates_model_2_multimer_v3_pred_14.pdb
7378	cf_woTemplates_model_2_multimer_v3_pred_15.pdb
7379	cf_woTemplates_model_2_multimer_v3_pred_16.pdb
7380	cf_woTemplates_model_2_multimer_v3_pred_17.pdb
7381	cf_woTemplates_model_2_multimer_v3_pred_18.pdb
7382	cf_woTemplates_model_2_multimer_v3_pred_19.pdb
7383	cf_woTemplates_model_2_multimer_v3_pred_2.pdb
7384	cf_woTemplates_model_2_multimer_v3_pred_20.pdb
7385	cf_woTemplates_model_2_multimer_v3_pred_21.pdb
7386	cf_woTemplates_model_2_multimer_v3_pred_22.pdb
7387	cf_woTemplates_model_2_multimer_v3_pred_23.pdb
7388	cf_woTemplates_model_2_multimer_v3_pred_24.pdb
7389	cf_woTemplates_model_2_multimer_v3_pred_25.pdb
7390	cf_woTemplates_model_2_multimer_v3_pred_26.pdb
7391	cf_woTemplates_model_2_multimer_v3_pred_27.pdb
7392	cf_woTemplates_model_2_multimer_v3_pred_28.pdb
7393	cf_woTemplates_model_2_multimer_v3_pred_29.pdb
7394	cf_woTemplates_model_2_multimer_v3_pred_3.pdb
7395	cf_woTemplates_model_2_multimer_v3_pred_30.pdb
7396	cf_woTemplates_model_2_multimer_v3_pred_31.pdb
7397	cf_woTemplates_model_2_multimer_v3_pred_32.pdb
7398	cf_woTemplates_model_2_multimer_v3_pred_33.pdb
7399	cf_woTemplates_model_2_multimer_v3_pred_34.pdb
7400	cf_woTemplates_model_2_multimer_v3_pred_35.pdb
7401	cf_woTemplates_model_2_multimer_v3_pred_36.pdb
7402	cf_woTemplates_model_2_multimer_v3_pred_37.pdb
7403	cf_woTemplates_model_2_multimer_v3_pred_38.pdb
7404	cf_woTemplates_model_2_multimer_v3_pred_39.pdb
7405	cf_woTemplates_model_2_multimer_v3_pred_4.pdb
7406	cf_woTemplates_model_2_multimer_v3_pred_40.pdb
7407	cf_woTemplates_model_2_multimer_v3_pred_41.pdb
7408	cf_woTemplates_model_2_multimer_v3_pred_42.pdb
7409	cf_woTemplates_model_2_multimer_v3_pred_43.pdb
7410	cf_woTemplates_model_2_multimer_v3_pred_44.pdb
7411	cf_woTemplates_model_2_multimer_v3_pred_45.pdb
7412	cf_woTemplates_model_2_multimer_v3_pred_46.pdb
7413	cf_woTemplates_model_2_multimer_v3_pred_47.pdb
7414	cf_woTemplates_model_2_multimer_v3_pred_48.pdb
7415	cf_woTemplates_model_2_multimer_v3_pred_49.pdb
7416	cf_woTemplates_model_2_multimer_v3_pred_5.pdb
7417	cf_woTemplates_model_2_multimer_v3_pred_50.pdb
7418	cf_woTemplates_model_2_multimer_v3_pred_51.pdb
7419	cf_woTemplates_model_2_multimer_v3_pred_52.pdb
7420	cf_woTemplates_model_2_multimer_v3_pred_53.pdb
7421	cf_woTemplates_model_2_multimer_v3_pred_54.pdb
7422	cf_woTemplates_model_2_multimer_v3_pred_55.pdb
7423	cf_woTemplates_model_2_multimer_v3_pred_56.pdb
7424	cf_woTemplates_model_2_multimer_v3_pred_57.pdb
7425	cf_woTemplates_model_2_multimer_v3_pred_58.pdb
7426	cf_woTemplates_model_2_multimer_v3_pred_59.pdb
7427	cf_woTemplates_model_2_multimer_v3_pred_6.pdb
7428	cf_woTemplates_model_2_multimer_v3_pred_60.pdb
7429	cf_woTemplates_model_2_multimer_v3_pred_61.pdb
7430	cf_woTemplates_model_2_multimer_v3_pred_62.pdb
7431	cf_woTemplates_model_2_multimer_v3_pred_63.pdb
7432	cf_woTemplates_model_2_multimer_v3_pred_64.pdb
7433	cf_woTemplates_model_2_multimer_v3_pred_65.pdb
7434	cf_woTemplates_model_2_multimer_v3_pred_66.pdb
7435	cf_woTemplates_model_2_multimer_v3_pred_7.pdb
7436	cf_woTemplates_model_2_multimer_v3_pred_8.pdb
7437	cf_woTemplates_model_2_multimer_v3_pred_9.pdb
7438	cf_woTemplates_model_3_multimer_v1_pred_0.pdb
7439	cf_woTemplates_model_3_multimer_v1_pred_1.pdb
7440	cf_woTemplates_model_3_multimer_v1_pred_10.pdb
7441	cf_woTemplates_model_3_multimer_v1_pred_11.pdb
7442	cf_woTemplates_model_3_multimer_v1_pred_12.pdb
7443	cf_woTemplates_model_3_multimer_v1_pred_13.pdb
7444	cf_woTemplates_model_3_multimer_v1_pred_14.pdb
7445	cf_woTemplates_model_3_multimer_v1_pred_15.pdb
7446	cf_woTemplates_model_3_multimer_v1_pred_16.pdb
7447	cf_woTemplates_model_3_multimer_v1_pred_17.pdb
7448	cf_woTemplates_model_3_multimer_v1_pred_18.pdb
7449	cf_woTemplates_model_3_multimer_v1_pred_19.pdb
7450	cf_woTemplates_model_3_multimer_v1_pred_2.pdb
7451	cf_woTemplates_model_3_multimer_v1_pred_20.pdb
7452	cf_woTemplates_model_3_multimer_v1_pred_21.pdb
7453	cf_woTemplates_model_3_multimer_v1_pred_22.pdb
7454	cf_woTemplates_model_3_multimer_v1_pred_23.pdb
7455	cf_woTemplates_model_3_multimer_v1_pred_24.pdb
7456	cf_woTemplates_model_3_multimer_v1_pred_25.pdb
7457	cf_woTemplates_model_3_multimer_v1_pred_26.pdb
7458	cf_woTemplates_model_3_multimer_v1_pred_27.pdb
7459	cf_woTemplates_model_3_multimer_v1_pred_28.pdb
7460	cf_woTemplates_model_3_multimer_v1_pred_29.pdb
7461	cf_woTemplates_model_3_multimer_v1_pred_3.pdb
7462	cf_woTemplates_model_3_multimer_v1_pred_30.pdb
7463	cf_woTemplates_model_3_multimer_v1_pred_31.pdb
7464	cf_woTemplates_model_3_multimer_v1_pred_32.pdb
7465	cf_woTemplates_model_3_multimer_v1_pred_33.pdb
7466	cf_woTemplates_model_3_multimer_v1_pred_34.pdb
7467	cf_woTemplates_model_3_multimer_v1_pred_35.pdb
7468	cf_woTemplates_model_3_multimer_v1_pred_36.pdb
7469	cf_woTemplates_model_3_multimer_v1_pred_37.pdb
7470	cf_woTemplates_model_3_multimer_v1_pred_38.pdb
7471	cf_woTemplates_model_3_multimer_v1_pred_39.pdb
7472	cf_woTemplates_model_3_multimer_v1_pred_4.pdb
7473	cf_woTemplates_model_3_multimer_v1_pred_40.pdb
7474	cf_woTemplates_model_3_multimer_v1_pred_41.pdb
7475	cf_woTemplates_model_3_multimer_v1_pred_42.pdb
7476	cf_woTemplates_model_3_multimer_v1_pred_43.pdb
7477	cf_woTemplates_model_3_multimer_v1_pred_44.pdb
7478	cf_woTemplates_model_3_multimer_v1_pred_45.pdb
7479	cf_woTemplates_model_3_multimer_v1_pred_46.pdb
7480	cf_woTemplates_model_3_multimer_v1_pred_47.pdb
7481	cf_woTemplates_model_3_multimer_v1_pred_48.pdb
7482	cf_woTemplates_model_3_multimer_v1_pred_49.pdb
7483	cf_woTemplates_model_3_multimer_v1_pred_5.pdb
7484	cf_woTemplates_model_3_multimer_v1_pred_50.pdb
7485	cf_woTemplates_model_3_multimer_v1_pred_51.pdb
7486	cf_woTemplates_model_3_multimer_v1_pred_52.pdb
7487	cf_woTemplates_model_3_multimer_v1_pred_53.pdb
7488	cf_woTemplates_model_3_multimer_v1_pred_54.pdb
7489	cf_woTemplates_model_3_multimer_v1_pred_55.pdb
7490	cf_woTemplates_model_3_multimer_v1_pred_56.pdb
7491	cf_woTemplates_model_3_multimer_v1_pred_57.pdb
7492	cf_woTemplates_model_3_multimer_v1_pred_58.pdb
7493	cf_woTemplates_model_3_multimer_v1_pred_59.pdb
7494	cf_woTemplates_model_3_multimer_v1_pred_6.pdb
7495	cf_woTemplates_model_3_multimer_v1_pred_60.pdb
7496	cf_woTemplates_model_3_multimer_v1_pred_61.pdb
7497	cf_woTemplates_model_3_multimer_v1_pred_62.pdb
7498	cf_woTemplates_model_3_multimer_v1_pred_63.pdb
7499	cf_woTemplates_model_3_multimer_v1_pred_64.pdb
7500	cf_woTemplates_model_3_multimer_v1_pred_65.pdb
7501	cf_woTemplates_model_3_multimer_v1_pred_66.pdb
7502	cf_woTemplates_model_3_multimer_v1_pred_7.pdb
7503	cf_woTemplates_model_3_multimer_v1_pred_8.pdb
7504	cf_woTemplates_model_3_multimer_v1_pred_9.pdb
7505	cf_woTemplates_model_3_multimer_v2_pred_0.pdb
7506	cf_woTemplates_model_3_multimer_v2_pred_1.pdb
7507	cf_woTemplates_model_3_multimer_v2_pred_10.pdb
7508	cf_woTemplates_model_3_multimer_v2_pred_11.pdb
7509	cf_woTemplates_model_3_multimer_v2_pred_12.pdb
7510	cf_woTemplates_model_3_multimer_v2_pred_13.pdb
7511	cf_woTemplates_model_3_multimer_v2_pred_14.pdb
7512	cf_woTemplates_model_3_multimer_v2_pred_15.pdb
7513	cf_woTemplates_model_3_multimer_v2_pred_16.pdb
7514	cf_woTemplates_model_3_multimer_v2_pred_17.pdb
7515	cf_woTemplates_model_3_multimer_v2_pred_18.pdb
7516	cf_woTemplates_model_3_multimer_v2_pred_19.pdb
7517	cf_woTemplates_model_3_multimer_v2_pred_2.pdb
7518	cf_woTemplates_model_3_multimer_v2_pred_20.pdb
7519	cf_woTemplates_model_3_multimer_v2_pred_21.pdb
7520	cf_woTemplates_model_3_multimer_v2_pred_22.pdb
7521	cf_woTemplates_model_3_multimer_v2_pred_23.pdb
7522	cf_woTemplates_model_3_multimer_v2_pred_24.pdb
7523	cf_woTemplates_model_3_multimer_v2_pred_25.pdb
7524	cf_woTemplates_model_3_multimer_v2_pred_26.pdb
7525	cf_woTemplates_model_3_multimer_v2_pred_27.pdb
7526	cf_woTemplates_model_3_multimer_v2_pred_28.pdb
7527	cf_woTemplates_model_3_multimer_v2_pred_29.pdb
7528	cf_woTemplates_model_3_multimer_v2_pred_3.pdb
7529	cf_woTemplates_model_3_multimer_v2_pred_30.pdb
7530	cf_woTemplates_model_3_multimer_v2_pred_31.pdb
7531	cf_woTemplates_model_3_multimer_v2_pred_32.pdb
7532	cf_woTemplates_model_3_multimer_v2_pred_33.pdb
7533	cf_woTemplates_model_3_multimer_v2_pred_34.pdb
7534	cf_woTemplates_model_3_multimer_v2_pred_35.pdb
7535	cf_woTemplates_model_3_multimer_v2_pred_36.pdb
7536	cf_woTemplates_model_3_multimer_v2_pred_37.pdb
7537	cf_woTemplates_model_3_multimer_v2_pred_38.pdb
7538	cf_woTemplates_model_3_multimer_v2_pred_39.pdb
7539	cf_woTemplates_model_3_multimer_v2_pred_4.pdb
7540	cf_woTemplates_model_3_multimer_v2_pred_40.pdb
7541	cf_woTemplates_model_3_multimer_v2_pred_41.pdb
7542	cf_woTemplates_model_3_multimer_v2_pred_42.pdb
7543	cf_woTemplates_model_3_multimer_v2_pred_43.pdb
7544	cf_woTemplates_model_3_multimer_v2_pred_44.pdb
7545	cf_woTemplates_model_3_multimer_v2_pred_45.pdb
7546	cf_woTemplates_model_3_multimer_v2_pred_46.pdb
7547	cf_woTemplates_model_3_multimer_v2_pred_47.pdb
7548	cf_woTemplates_model_3_multimer_v2_pred_48.pdb
7549	cf_woTemplates_model_3_multimer_v2_pred_49.pdb
7550	cf_woTemplates_model_3_multimer_v2_pred_5.pdb
7551	cf_woTemplates_model_3_multimer_v2_pred_50.pdb
7552	cf_woTemplates_model_3_multimer_v2_pred_51.pdb
7553	cf_woTemplates_model_3_multimer_v2_pred_52.pdb
7554	cf_woTemplates_model_3_multimer_v2_pred_53.pdb
7555	cf_woTemplates_model_3_multimer_v2_pred_54.pdb
7556	cf_woTemplates_model_3_multimer_v2_pred_55.pdb
7557	cf_woTemplates_model_3_multimer_v2_pred_56.pdb
7558	cf_woTemplates_model_3_multimer_v2_pred_57.pdb
7559	cf_woTemplates_model_3_multimer_v2_pred_58.pdb
7560	cf_woTemplates_model_3_multimer_v2_pred_59.pdb
7561	cf_woTemplates_model_3_multimer_v2_pred_6.pdb
7562	cf_woTemplates_model_3_multimer_v2_pred_60.pdb
7563	cf_woTemplates_model_3_multimer_v2_pred_61.pdb
7564	cf_woTemplates_model_3_multimer_v2_pred_62.pdb
7565	cf_woTemplates_model_3_multimer_v2_pred_63.pdb
7566	cf_woTemplates_model_3_multimer_v2_pred_64.pdb
7567	cf_woTemplates_model_3_multimer_v2_pred_65.pdb
7568	cf_woTemplates_model_3_multimer_v2_pred_66.pdb
7569	cf_woTemplates_model_3_multimer_v2_pred_7.pdb
7570	cf_woTemplates_model_3_multimer_v2_pred_8.pdb
7571	cf_woTemplates_model_3_multimer_v2_pred_9.pdb
7572	cf_woTemplates_model_3_multimer_v3_pred_0.pdb
7573	cf_woTemplates_model_3_multimer_v3_pred_1.pdb
7574	cf_woTemplates_model_3_multimer_v3_pred_10.pdb
7575	cf_woTemplates_model_3_multimer_v3_pred_11.pdb
7576	cf_woTemplates_model_3_multimer_v3_pred_12.pdb
7577	cf_woTemplates_model_3_multimer_v3_pred_13.pdb
7578	cf_woTemplates_model_3_multimer_v3_pred_14.pdb
7579	cf_woTemplates_model_3_multimer_v3_pred_15.pdb
7580	cf_woTemplates_model_3_multimer_v3_pred_16.pdb
7581	cf_woTemplates_model_3_multimer_v3_pred_17.pdb
7582	cf_woTemplates_model_3_multimer_v3_pred_18.pdb
7583	cf_woTemplates_model_3_multimer_v3_pred_19.pdb
7584	cf_woTemplates_model_3_multimer_v3_pred_2.pdb
7585	cf_woTemplates_model_3_multimer_v3_pred_20.pdb
7586	cf_woTemplates_model_3_multimer_v3_pred_21.pdb
7587	cf_woTemplates_model_3_multimer_v3_pred_22.pdb
7588	cf_woTemplates_model_3_multimer_v3_pred_23.pdb
7589	cf_woTemplates_model_3_multimer_v3_pred_24.pdb
7590	cf_woTemplates_model_3_multimer_v3_pred_25.pdb
7591	cf_woTemplates_model_3_multimer_v3_pred_26.pdb
7592	cf_woTemplates_model_3_multimer_v3_pred_27.pdb
7593	cf_woTemplates_model_3_multimer_v3_pred_28.pdb
7594	cf_woTemplates_model_3_multimer_v3_pred_29.pdb
7595	cf_woTemplates_model_3_multimer_v3_pred_3.pdb
7596	cf_woTemplates_model_3_multimer_v3_pred_30.pdb
7597	cf_woTemplates_model_3_multimer_v3_pred_31.pdb
7598	cf_woTemplates_model_3_multimer_v3_pred_32.pdb
7599	cf_woTemplates_model_3_multimer_v3_pred_33.pdb
7600	cf_woTemplates_model_3_multimer_v3_pred_34.pdb
7601	cf_woTemplates_model_3_multimer_v3_pred_35.pdb
7602	cf_woTemplates_model_3_multimer_v3_pred_36.pdb
7603	cf_woTemplates_model_3_multimer_v3_pred_37.pdb
7604	cf_woTemplates_model_3_multimer_v3_pred_38.pdb
7605	cf_woTemplates_model_3_multimer_v3_pred_39.pdb
7606	cf_woTemplates_model_3_multimer_v3_pred_4.pdb
7607	cf_woTemplates_model_3_multimer_v3_pred_40.pdb
7608	cf_woTemplates_model_3_multimer_v3_pred_41.pdb
7609	cf_woTemplates_model_3_multimer_v3_pred_42.pdb
7610	cf_woTemplates_model_3_multimer_v3_pred_43.pdb
7611	cf_woTemplates_model_3_multimer_v3_pred_44.pdb
7612	cf_woTemplates_model_3_multimer_v3_pred_45.pdb
7613	cf_woTemplates_model_3_multimer_v3_pred_46.pdb
7614	cf_woTemplates_model_3_multimer_v3_pred_47.pdb
7615	cf_woTemplates_model_3_multimer_v3_pred_48.pdb
7616	cf_woTemplates_model_3_multimer_v3_pred_49.pdb
7617	cf_woTemplates_model_3_multimer_v3_pred_5.pdb
7618	cf_woTemplates_model_3_multimer_v3_pred_50.pdb
7619	cf_woTemplates_model_3_multimer_v3_pred_51.pdb
7620	cf_woTemplates_model_3_multimer_v3_pred_52.pdb
7621	cf_woTemplates_model_3_multimer_v3_pred_53.pdb
7622	cf_woTemplates_model_3_multimer_v3_pred_54.pdb
7623	cf_woTemplates_model_3_multimer_v3_pred_55.pdb
7624	cf_woTemplates_model_3_multimer_v3_pred_56.pdb
7625	cf_woTemplates_model_3_multimer_v3_pred_57.pdb
7626	cf_woTemplates_model_3_multimer_v3_pred_58.pdb
7627	cf_woTemplates_model_3_multimer_v3_pred_59.pdb
7628	cf_woTemplates_model_3_multimer_v3_pred_6.pdb
7629	cf_woTemplates_model_3_multimer_v3_pred_60.pdb
7630	cf_woTemplates_model_3_multimer_v3_pred_61.pdb
7631	cf_woTemplates_model_3_multimer_v3_pred_62.pdb
7632	cf_woTemplates_model_3_multimer_v3_pred_63.pdb
7633	cf_woTemplates_model_3_multimer_v3_pred_64.pdb
7634	cf_woTemplates_model_3_multimer_v3_pred_65.pdb
7635	cf_woTemplates_model_3_multimer_v3_pred_66.pdb
7636	cf_woTemplates_model_3_multimer_v3_pred_7.pdb
7637	cf_woTemplates_model_3_multimer_v3_pred_8.pdb
7638	cf_woTemplates_model_3_multimer_v3_pred_9.pdb
7639	cf_woTemplates_model_4_multimer_v1_pred_0.pdb
7640	cf_woTemplates_model_4_multimer_v1_pred_1.pdb
7641	cf_woTemplates_model_4_multimer_v1_pred_10.pdb
7642	cf_woTemplates_model_4_multimer_v1_pred_11.pdb
7643	cf_woTemplates_model_4_multimer_v1_pred_12.pdb
7644	cf_woTemplates_model_4_multimer_v1_pred_13.pdb
7645	cf_woTemplates_model_4_multimer_v1_pred_14.pdb
7646	cf_woTemplates_model_4_multimer_v1_pred_15.pdb
7647	cf_woTemplates_model_4_multimer_v1_pred_16.pdb
7648	cf_woTemplates_model_4_multimer_v1_pred_17.pdb
7649	cf_woTemplates_model_4_multimer_v1_pred_18.pdb
7650	cf_woTemplates_model_4_multimer_v1_pred_19.pdb
7651	cf_woTemplates_model_4_multimer_v1_pred_2.pdb
7652	cf_woTemplates_model_4_multimer_v1_pred_20.pdb
7653	cf_woTemplates_model_4_multimer_v1_pred_21.pdb
7654	cf_woTemplates_model_4_multimer_v1_pred_22.pdb
7655	cf_woTemplates_model_4_multimer_v1_pred_23.pdb
7656	cf_woTemplates_model_4_multimer_v1_pred_24.pdb
7657	cf_woTemplates_model_4_multimer_v1_pred_25.pdb
7658	cf_woTemplates_model_4_multimer_v1_pred_26.pdb
7659	cf_woTemplates_model_4_multimer_v1_pred_27.pdb
7660	cf_woTemplates_model_4_multimer_v1_pred_28.pdb
7661	cf_woTemplates_model_4_multimer_v1_pred_29.pdb
7662	cf_woTemplates_model_4_multimer_v1_pred_3.pdb
7663	cf_woTemplates_model_4_multimer_v1_pred_30.pdb
7664	cf_woTemplates_model_4_multimer_v1_pred_31.pdb
7665	cf_woTemplates_model_4_multimer_v1_pred_32.pdb
7666	cf_woTemplates_model_4_multimer_v1_pred_33.pdb
7667	cf_woTemplates_model_4_multimer_v1_pred_34.pdb
7668	cf_woTemplates_model_4_multimer_v1_pred_35.pdb
7669	cf_woTemplates_model_4_multimer_v1_pred_36.pdb
7670	cf_woTemplates_model_4_multimer_v1_pred_37.pdb
7671	cf_woTemplates_model_4_multimer_v1_pred_38.pdb
7672	cf_woTemplates_model_4_multimer_v1_pred_39.pdb
7673	cf_woTemplates_model_4_multimer_v1_pred_4.pdb
7674	cf_woTemplates_model_4_multimer_v1_pred_40.pdb
7675	cf_woTemplates_model_4_multimer_v1_pred_41.pdb
7676	cf_woTemplates_model_4_multimer_v1_pred_42.pdb
7677	cf_woTemplates_model_4_multimer_v1_pred_43.pdb
7678	cf_woTemplates_model_4_multimer_v1_pred_44.pdb
7679	cf_woTemplates_model_4_multimer_v1_pred_45.pdb
7680	cf_woTemplates_model_4_multimer_v1_pred_46.pdb
7681	cf_woTemplates_model_4_multimer_v1_pred_47.pdb
7682	cf_woTemplates_model_4_multimer_v1_pred_48.pdb
7683	cf_woTemplates_model_4_multimer_v1_pred_49.pdb
7684	cf_woTemplates_model_4_multimer_v1_pred_5.pdb
7685	cf_woTemplates_model_4_multimer_v1_pred_50.pdb
7686	cf_woTemplates_model_4_multimer_v1_pred_51.pdb
7687	cf_woTemplates_model_4_multimer_v1_pred_52.pdb
7688	cf_woTemplates_model_4_multimer_v1_pred_53.pdb
7689	cf_woTemplates_model_4_multimer_v1_pred_54.pdb
7690	cf_woTemplates_model_4_multimer_v1_pred_55.pdb
7691	cf_woTemplates_model_4_multimer_v1_pred_56.pdb
7692	cf_woTemplates_model_4_multimer_v1_pred_57.pdb
7693	cf_woTemplates_model_4_multimer_v1_pred_58.pdb
7694	cf_woTemplates_model_4_multimer_v1_pred_59.pdb
7695	cf_woTemplates_model_4_multimer_v1_pred_6.pdb
7696	cf_woTemplates_model_4_multimer_v1_pred_60.pdb
7697	cf_woTemplates_model_4_multimer_v1_pred_61.pdb
7698	cf_woTemplates_model_4_multimer_v1_pred_62.pdb
7699	cf_woTemplates_model_4_multimer_v1_pred_63.pdb
7700	cf_woTemplates_model_4_multimer_v1_pred_64.pdb
7701	cf_woTemplates_model_4_multimer_v1_pred_65.pdb
7702	cf_woTemplates_model_4_multimer_v1_pred_66.pdb
7703	cf_woTemplates_model_4_multimer_v1_pred_7.pdb
7704	cf_woTemplates_model_4_multimer_v1_pred_8.pdb
7705	cf_woTemplates_model_4_multimer_v1_pred_9.pdb
7706	cf_woTemplates_model_4_multimer_v2_pred_0.pdb
7707	cf_woTemplates_model_4_multimer_v2_pred_1.pdb
7708	cf_woTemplates_model_4_multimer_v2_pred_10.pdb
7709	cf_woTemplates_model_4_multimer_v2_pred_11.pdb
7710	cf_woTemplates_model_4_multimer_v2_pred_12.pdb
7711	cf_woTemplates_model_4_multimer_v2_pred_13.pdb
7712	cf_woTemplates_model_4_multimer_v2_pred_14.pdb
7713	cf_woTemplates_model_4_multimer_v2_pred_15.pdb
7714	cf_woTemplates_model_4_multimer_v2_pred_16.pdb
7715	cf_woTemplates_model_4_multimer_v2_pred_17.pdb
7716	cf_woTemplates_model_4_multimer_v2_pred_18.pdb
7717	cf_woTemplates_model_4_multimer_v2_pred_19.pdb
7718	cf_woTemplates_model_4_multimer_v2_pred_2.pdb
7719	cf_woTemplates_model_4_multimer_v2_pred_20.pdb
7720	cf_woTemplates_model_4_multimer_v2_pred_21.pdb
7721	cf_woTemplates_model_4_multimer_v2_pred_22.pdb
7722	cf_woTemplates_model_4_multimer_v2_pred_23.pdb
7723	cf_woTemplates_model_4_multimer_v2_pred_24.pdb
7724	cf_woTemplates_model_4_multimer_v2_pred_25.pdb
7725	cf_woTemplates_model_4_multimer_v2_pred_26.pdb
7726	cf_woTemplates_model_4_multimer_v2_pred_27.pdb
7727	cf_woTemplates_model_4_multimer_v2_pred_28.pdb
7728	cf_woTemplates_model_4_multimer_v2_pred_29.pdb
7729	cf_woTemplates_model_4_multimer_v2_pred_3.pdb
7730	cf_woTemplates_model_4_multimer_v2_pred_30.pdb
7731	cf_woTemplates_model_4_multimer_v2_pred_31.pdb
7732	cf_woTemplates_model_4_multimer_v2_pred_32.pdb
7733	cf_woTemplates_model_4_multimer_v2_pred_33.pdb
7734	cf_woTemplates_model_4_multimer_v2_pred_34.pdb
7735	cf_woTemplates_model_4_multimer_v2_pred_35.pdb
7736	cf_woTemplates_model_4_multimer_v2_pred_36.pdb
7737	cf_woTemplates_model_4_multimer_v2_pred_37.pdb
7738	cf_woTemplates_model_4_multimer_v2_pred_38.pdb
7739	cf_woTemplates_model_4_multimer_v2_pred_39.pdb
7740	cf_woTemplates_model_4_multimer_v2_pred_4.pdb
7741	cf_woTemplates_model_4_multimer_v2_pred_40.pdb
7742	cf_woTemplates_model_4_multimer_v2_pred_41.pdb
7743	cf_woTemplates_model_4_multimer_v2_pred_42.pdb
7744	cf_woTemplates_model_4_multimer_v2_pred_43.pdb
7745	cf_woTemplates_model_4_multimer_v2_pred_44.pdb
7746	cf_woTemplates_model_4_multimer_v2_pred_45.pdb
7747	cf_woTemplates_model_4_multimer_v2_pred_46.pdb
7748	cf_woTemplates_model_4_multimer_v2_pred_47.pdb
7749	cf_woTemplates_model_4_multimer_v2_pred_48.pdb
7750	cf_woTemplates_model_4_multimer_v2_pred_49.pdb
7751	cf_woTemplates_model_4_multimer_v2_pred_5.pdb
7752	cf_woTemplates_model_4_multimer_v2_pred_50.pdb
7753	cf_woTemplates_model_4_multimer_v2_pred_51.pdb
7754	cf_woTemplates_model_4_multimer_v2_pred_52.pdb
7755	cf_woTemplates_model_4_multimer_v2_pred_53.pdb
7756	cf_woTemplates_model_4_multimer_v2_pred_54.pdb
7757	cf_woTemplates_model_4_multimer_v2_pred_55.pdb
7758	cf_woTemplates_model_4_multimer_v2_pred_56.pdb
7759	cf_woTemplates_model_4_multimer_v2_pred_57.pdb
7760	cf_woTemplates_model_4_multimer_v2_pred_58.pdb
7761	cf_woTemplates_model_4_multimer_v2_pred_59.pdb
7762	cf_woTemplates_model_4_multimer_v2_pred_6.pdb
7763	cf_woTemplates_model_4_multimer_v2_pred_60.pdb
7764	cf_woTemplates_model_4_multimer_v2_pred_61.pdb
7765	cf_woTemplates_model_4_multimer_v2_pred_62.pdb
7766	cf_woTemplates_model_4_multimer_v2_pred_63.pdb
7767	cf_woTemplates_model_4_multimer_v2_pred_64.pdb
7768	cf_woTemplates_model_4_multimer_v2_pred_65.pdb
7769	cf_woTemplates_model_4_multimer_v2_pred_66.pdb
7770	cf_woTemplates_model_4_multimer_v2_pred_7.pdb
7771	cf_woTemplates_model_4_multimer_v2_pred_8.pdb
7772	cf_woTemplates_model_4_multimer_v2_pred_9.pdb
7773	cf_woTemplates_model_4_multimer_v3_pred_0.pdb
7774	cf_woTemplates_model_4_multimer_v3_pred_1.pdb
7775	cf_woTemplates_model_4_multimer_v3_pred_10.pdb
7776	cf_woTemplates_model_4_multimer_v3_pred_11.pdb
7777	cf_woTemplates_model_4_multimer_v3_pred_12.pdb
7778	cf_woTemplates_model_4_multimer_v3_pred_13.pdb
7779	cf_woTemplates_model_4_multimer_v3_pred_14.pdb
7780	cf_woTemplates_model_4_multimer_v3_pred_15.pdb
7781	cf_woTemplates_model_4_multimer_v3_pred_16.pdb
7782	cf_woTemplates_model_4_multimer_v3_pred_17.pdb
7783	cf_woTemplates_model_4_multimer_v3_pred_18.pdb
7784	cf_woTemplates_model_4_multimer_v3_pred_19.pdb
7785	cf_woTemplates_model_4_multimer_v3_pred_2.pdb
7786	cf_woTemplates_model_4_multimer_v3_pred_20.pdb
7787	cf_woTemplates_model_4_multimer_v3_pred_21.pdb
7788	cf_woTemplates_model_4_multimer_v3_pred_22.pdb
7789	cf_woTemplates_model_4_multimer_v3_pred_23.pdb
7790	cf_woTemplates_model_4_multimer_v3_pred_24.pdb
7791	cf_woTemplates_model_4_multimer_v3_pred_25.pdb
7792	cf_woTemplates_model_4_multimer_v3_pred_26.pdb
7793	cf_woTemplates_model_4_multimer_v3_pred_27.pdb
7794	cf_woTemplates_model_4_multimer_v3_pred_28.pdb
7795	cf_woTemplates_model_4_multimer_v3_pred_29.pdb
7796	cf_woTemplates_model_4_multimer_v3_pred_3.pdb
7797	cf_woTemplates_model_4_multimer_v3_pred_30.pdb
7798	cf_woTemplates_model_4_multimer_v3_pred_31.pdb
7799	cf_woTemplates_model_4_multimer_v3_pred_32.pdb
7800	cf_woTemplates_model_4_multimer_v3_pred_33.pdb
7801	cf_woTemplates_model_4_multimer_v3_pred_34.pdb
7802	cf_woTemplates_model_4_multimer_v3_pred_35.pdb
7803	cf_woTemplates_model_4_multimer_v3_pred_36.pdb
7804	cf_woTemplates_model_4_multimer_v3_pred_37.pdb
7805	cf_woTemplates_model_4_multimer_v3_pred_38.pdb
7806	cf_woTemplates_model_4_multimer_v3_pred_39.pdb
7807	cf_woTemplates_model_4_multimer_v3_pred_4.pdb
7808	cf_woTemplates_model_4_multimer_v3_pred_40.pdb
7809	cf_woTemplates_model_4_multimer_v3_pred_41.pdb
7810	cf_woTemplates_model_4_multimer_v3_pred_42.pdb
7811	cf_woTemplates_model_4_multimer_v3_pred_43.pdb
7812	cf_woTemplates_model_4_multimer_v3_pred_44.pdb
7813	cf_woTemplates_model_4_multimer_v3_pred_45.pdb
7814	cf_woTemplates_model_4_multimer_v3_pred_46.pdb
7815	cf_woTemplates_model_4_multimer_v3_pred_47.pdb
7816	cf_woTemplates_model_4_multimer_v3_pred_48.pdb
7817	cf_woTemplates_model_4_multimer_v3_pred_49.pdb
7818	cf_woTemplates_model_4_multimer_v3_pred_5.pdb
7819	cf_woTemplates_model_4_multimer_v3_pred_50.pdb
7820	cf_woTemplates_model_4_multimer_v3_pred_51.pdb
7821	cf_woTemplates_model_4_multimer_v3_pred_52.pdb
7822	cf_woTemplates_model_4_multimer_v3_pred_53.pdb
7823	cf_woTemplates_model_4_multimer_v3_pred_54.pdb
7824	cf_woTemplates_model_4_multimer_v3_pred_55.pdb
7825	cf_woTemplates_model_4_multimer_v3_pred_56.pdb
7826	cf_woTemplates_model_4_multimer_v3_pred_57.pdb
7827	cf_woTemplates_model_4_multimer_v3_pred_58.pdb
7828	cf_woTemplates_model_4_multimer_v3_pred_59.pdb
7829	cf_woTemplates_model_4_multimer_v3_pred_6.pdb
7830	cf_woTemplates_model_4_multimer_v3_pred_60.pdb
7831	cf_woTemplates_model_4_multimer_v3_pred_61.pdb
7832	cf_woTemplates_model_4_multimer_v3_pred_62.pdb
7833	cf_woTemplates_model_4_multimer_v3_pred_63.pdb
7834	cf_woTemplates_model_4_multimer_v3_pred_64.pdb
7835	cf_woTemplates_model_4_multimer_v3_pred_65.pdb
7836	cf_woTemplates_model_4_multimer_v3_pred_66.pdb
7837	cf_woTemplates_model_4_multimer_v3_pred_7.pdb
7838	cf_woTemplates_model_4_multimer_v3_pred_8.pdb
7839	cf_woTemplates_model_4_multimer_v3_pred_9.pdb
7840	cf_woTemplates_model_5_multimer_v1_pred_0.pdb
7841	cf_woTemplates_model_5_multimer_v1_pred_1.pdb
7842	cf_woTemplates_model_5_multimer_v1_pred_10.pdb
7843	cf_woTemplates_model_5_multimer_v1_pred_11.pdb
7844	cf_woTemplates_model_5_multimer_v1_pred_12.pdb
7845	cf_woTemplates_model_5_multimer_v1_pred_13.pdb
7846	cf_woTemplates_model_5_multimer_v1_pred_14.pdb
7847	cf_woTemplates_model_5_multimer_v1_pred_15.pdb
7848	cf_woTemplates_model_5_multimer_v1_pred_16.pdb
7849	cf_woTemplates_model_5_multimer_v1_pred_17.pdb
7850	cf_woTemplates_model_5_multimer_v1_pred_18.pdb
7851	cf_woTemplates_model_5_multimer_v1_pred_19.pdb
7852	cf_woTemplates_model_5_multimer_v1_pred_2.pdb
7853	cf_woTemplates_model_5_multimer_v1_pred_20.pdb
7854	cf_woTemplates_model_5_multimer_v1_pred_21.pdb
7855	cf_woTemplates_model_5_multimer_v1_pred_22.pdb
7856	cf_woTemplates_model_5_multimer_v1_pred_23.pdb
7857	cf_woTemplates_model_5_multimer_v1_pred_24.pdb
7858	cf_woTemplates_model_5_multimer_v1_pred_25.pdb
7859	cf_woTemplates_model_5_multimer_v1_pred_26.pdb
7860	cf_woTemplates_model_5_multimer_v1_pred_27.pdb
7861	cf_woTemplates_model_5_multimer_v1_pred_28.pdb
7862	cf_woTemplates_model_5_multimer_v1_pred_29.pdb
7863	cf_woTemplates_model_5_multimer_v1_pred_3.pdb
7864	cf_woTemplates_model_5_multimer_v1_pred_30.pdb
7865	cf_woTemplates_model_5_multimer_v1_pred_31.pdb
7866	cf_woTemplates_model_5_multimer_v1_pred_32.pdb
7867	cf_woTemplates_model_5_multimer_v1_pred_33.pdb
7868	cf_woTemplates_model_5_multimer_v1_pred_34.pdb
7869	cf_woTemplates_model_5_multimer_v1_pred_35.pdb
7870	cf_woTemplates_model_5_multimer_v1_pred_36.pdb
7871	cf_woTemplates_model_5_multimer_v1_pred_37.pdb
7872	cf_woTemplates_model_5_multimer_v1_pred_38.pdb
7873	cf_woTemplates_model_5_multimer_v1_pred_39.pdb
7874	cf_woTemplates_model_5_multimer_v1_pred_4.pdb
7875	cf_woTemplates_model_5_multimer_v1_pred_40.pdb
7876	cf_woTemplates_model_5_multimer_v1_pred_41.pdb
7877	cf_woTemplates_model_5_multimer_v1_pred_42.pdb
7878	cf_woTemplates_model_5_multimer_v1_pred_43.pdb
7879	cf_woTemplates_model_5_multimer_v1_pred_44.pdb
7880	cf_woTemplates_model_5_multimer_v1_pred_45.pdb
7881	cf_woTemplates_model_5_multimer_v1_pred_46.pdb
7882	cf_woTemplates_model_5_multimer_v1_pred_47.pdb
7883	cf_woTemplates_model_5_multimer_v1_pred_48.pdb
7884	cf_woTemplates_model_5_multimer_v1_pred_49.pdb
7885	cf_woTemplates_model_5_multimer_v1_pred_5.pdb
7886	cf_woTemplates_model_5_multimer_v1_pred_50.pdb
7887	cf_woTemplates_model_5_multimer_v1_pred_51.pdb
7888	cf_woTemplates_model_5_multimer_v1_pred_52.pdb
7889	cf_woTemplates_model_5_multimer_v1_pred_53.pdb
7890	cf_woTemplates_model_5_multimer_v1_pred_54.pdb
7891	cf_woTemplates_model_5_multimer_v1_pred_55.pdb
7892	cf_woTemplates_model_5_multimer_v1_pred_56.pdb
7893	cf_woTemplates_model_5_multimer_v1_pred_57.pdb
7894	cf_woTemplates_model_5_multimer_v1_pred_58.pdb
7895	cf_woTemplates_model_5_multimer_v1_pred_59.pdb
7896	cf_woTemplates_model_5_multimer_v1_pred_6.pdb
7897	cf_woTemplates_model_5_multimer_v1_pred_60.pdb
7898	cf_woTemplates_model_5_multimer_v1_pred_61.pdb
7899	cf_woTemplates_model_5_multimer_v1_pred_62.pdb
7900	cf_woTemplates_model_5_multimer_v1_pred_63.pdb
7901	cf_woTemplates_model_5_multimer_v1_pred_64.pdb
7902	cf_woTemplates_model_5_multimer_v1_pred_65.pdb
7903	cf_woTemplates_model_5_multimer_v1_pred_66.pdb
7904	cf_woTemplates_model_5_multimer_v1_pred_7.pdb
7905	cf_woTemplates_model_5_multimer_v1_pred_8.pdb
7906	cf_woTemplates_model_5_multimer_v1_pred_9.pdb
7907	cf_woTemplates_model_5_multimer_v2_pred_0.pdb
7908	cf_woTemplates_model_5_multimer_v2_pred_1.pdb
7909	cf_woTemplates_model_5_multimer_v2_pred_10.pdb
7910	cf_woTemplates_model_5_multimer_v2_pred_11.pdb
7911	cf_woTemplates_model_5_multimer_v2_pred_12.pdb
7912	cf_woTemplates_model_5_multimer_v2_pred_13.pdb
7913	cf_woTemplates_model_5_multimer_v2_pred_14.pdb
7914	cf_woTemplates_model_5_multimer_v2_pred_15.pdb
7915	cf_woTemplates_model_5_multimer_v2_pred_16.pdb
7916	cf_woTemplates_model_5_multimer_v2_pred_17.pdb
7917	cf_woTemplates_model_5_multimer_v2_pred_18.pdb
7918	cf_woTemplates_model_5_multimer_v2_pred_19.pdb
7919	cf_woTemplates_model_5_multimer_v2_pred_2.pdb
7920	cf_woTemplates_model_5_multimer_v2_pred_20.pdb
7921	cf_woTemplates_model_5_multimer_v2_pred_21.pdb
7922	cf_woTemplates_model_5_multimer_v2_pred_22.pdb
7923	cf_woTemplates_model_5_multimer_v2_pred_23.pdb
7924	cf_woTemplates_model_5_multimer_v2_pred_24.pdb
7925	cf_woTemplates_model_5_multimer_v2_pred_25.pdb
7926	cf_woTemplates_model_5_multimer_v2_pred_26.pdb
7927	cf_woTemplates_model_5_multimer_v2_pred_27.pdb
7928	cf_woTemplates_model_5_multimer_v2_pred_28.pdb
7929	cf_woTemplates_model_5_multimer_v2_pred_29.pdb
7930	cf_woTemplates_model_5_multimer_v2_pred_3.pdb
7931	cf_woTemplates_model_5_multimer_v2_pred_30.pdb
7932	cf_woTemplates_model_5_multimer_v2_pred_31.pdb
7933	cf_woTemplates_model_5_multimer_v2_pred_32.pdb
7934	cf_woTemplates_model_5_multimer_v2_pred_33.pdb
7935	cf_woTemplates_model_5_multimer_v2_pred_34.pdb
7936	cf_woTemplates_model_5_multimer_v2_pred_35.pdb
7937	cf_woTemplates_model_5_multimer_v2_pred_36.pdb
7938	cf_woTemplates_model_5_multimer_v2_pred_37.pdb
7939	cf_woTemplates_model_5_multimer_v2_pred_38.pdb
7940	cf_woTemplates_model_5_multimer_v2_pred_39.pdb
7941	cf_woTemplates_model_5_multimer_v2_pred_4.pdb
7942	cf_woTemplates_model_5_multimer_v2_pred_40.pdb
7943	cf_woTemplates_model_5_multimer_v2_pred_41.pdb
7944	cf_woTemplates_model_5_multimer_v2_pred_42.pdb
7945	cf_woTemplates_model_5_multimer_v2_pred_43.pdb
7946	cf_woTemplates_model_5_multimer_v2_pred_44.pdb
7947	cf_woTemplates_model_5_multimer_v2_pred_45.pdb
7948	cf_woTemplates_model_5_multimer_v2_pred_46.pdb
7949	cf_woTemplates_model_5_multimer_v2_pred_47.pdb
7950	cf_woTemplates_model_5_multimer_v2_pred_48.pdb
7951	cf_woTemplates_model_5_multimer_v2_pred_49.pdb
7952	cf_woTemplates_model_5_multimer_v2_pred_5.pdb
7953	cf_woTemplates_model_5_multimer_v2_pred_50.pdb
7954	cf_woTemplates_model_5_multimer_v2_pred_51.pdb
7955	cf_woTemplates_model_5_multimer_v2_pred_52.pdb
7956	cf_woTemplates_model_5_multimer_v2_pred_53.pdb
7957	cf_woTemplates_model_5_multimer_v2_pred_54.pdb
7958	cf_woTemplates_model_5_multimer_v2_pred_55.pdb
7959	cf_woTemplates_model_5_multimer_v2_pred_56.pdb
7960	cf_woTemplates_model_5_multimer_v2_pred_57.pdb
7961	cf_woTemplates_model_5_multimer_v2_pred_58.pdb
7962	cf_woTemplates_model_5_multimer_v2_pred_59.pdb
7963	cf_woTemplates_model_5_multimer_v2_pred_6.pdb
7964	cf_woTemplates_model_5_multimer_v2_pred_60.pdb
7965	cf_woTemplates_model_5_multimer_v2_pred_61.pdb
7966	cf_woTemplates_model_5_multimer_v2_pred_62.pdb
7967	cf_woTemplates_model_5_multimer_v2_pred_63.pdb
7968	cf_woTemplates_model_5_multimer_v2_pred_64.pdb
7969	cf_woTemplates_model_5_multimer_v2_pred_65.pdb
7970	cf_woTemplates_model_5_multimer_v2_pred_66.pdb
7971	cf_woTemplates_model_5_multimer_v2_pred_7.pdb
7972	cf_woTemplates_model_5_multimer_v2_pred_8.pdb
7973	cf_woTemplates_model_5_multimer_v2_pred_9.pdb
7974	cf_woTemplates_model_5_multimer_v3_pred_0.pdb
7975	cf_woTemplates_model_5_multimer_v3_pred_1.pdb
7976	cf_woTemplates_model_5_multimer_v3_pred_10.pdb
7977	cf_woTemplates_model_5_multimer_v3_pred_11.pdb
7978	cf_woTemplates_model_5_multimer_v3_pred_12.pdb
7979	cf_woTemplates_model_5_multimer_v3_pred_13.pdb
7980	cf_woTemplates_model_5_multimer_v3_pred_14.pdb
7981	cf_woTemplates_model_5_multimer_v3_pred_15.pdb
7982	cf_woTemplates_model_5_multimer_v3_pred_16.pdb
7983	cf_woTemplates_model_5_multimer_v3_pred_17.pdb
7984	cf_woTemplates_model_5_multimer_v3_pred_18.pdb
7985	cf_woTemplates_model_5_multimer_v3_pred_19.pdb
7986	cf_woTemplates_model_5_multimer_v3_pred_2.pdb
7987	cf_woTemplates_model_5_multimer_v3_pred_20.pdb
7988	cf_woTemplates_model_5_multimer_v3_pred_21.pdb
7989	cf_woTemplates_model_5_multimer_v3_pred_22.pdb
7990	cf_woTemplates_model_5_multimer_v3_pred_23.pdb
7991	cf_woTemplates_model_5_multimer_v3_pred_24.pdb
7992	cf_woTemplates_model_5_multimer_v3_pred_25.pdb
7993	cf_woTemplates_model_5_multimer_v3_pred_26.pdb
7994	cf_woTemplates_model_5_multimer_v3_pred_27.pdb
7995	cf_woTemplates_model_5_multimer_v3_pred_28.pdb
7996	cf_woTemplates_model_5_multimer_v3_pred_29.pdb
7997	cf_woTemplates_model_5_multimer_v3_pred_3.pdb
7998	cf_woTemplates_model_5_multimer_v3_pred_30.pdb
7999	cf_woTemplates_model_5_multimer_v3_pred_31.pdb
8000	cf_woTemplates_model_5_multimer_v3_pred_32.pdb
8001	cf_woTemplates_model_5_multimer_v3_pred_33.pdb
8002	cf_woTemplates_model_5_multimer_v3_pred_34.pdb
8003	cf_woTemplates_model_5_multimer_v3_pred_35.pdb
8004	cf_woTemplates_model_5_multimer_v3_pred_36.pdb
8005	cf_woTemplates_model_5_multimer_v3_pred_37.pdb
8006	cf_woTemplates_model_5_multimer_v3_pred_38.pdb
8007	cf_woTemplates_model_5_multimer_v3_pred_39.pdb
8008	cf_woTemplates_model_5_multimer_v3_pred_4.pdb
8009	cf_woTemplates_model_5_multimer_v3_pred_40.pdb
8010	cf_woTemplates_model_5_multimer_v3_pred_41.pdb
8011	cf_woTemplates_model_5_multimer_v3_pred_42.pdb
8012	cf_woTemplates_model_5_multimer_v3_pred_43.pdb
8013	cf_woTemplates_model_5_multimer_v3_pred_44.pdb
8014	cf_woTemplates_model_5_multimer_v3_pred_45.pdb
8015	cf_woTemplates_model_5_multimer_v3_pred_46.pdb
8016	cf_woTemplates_model_5_multimer_v3_pred_47.pdb
8017	cf_woTemplates_model_5_multimer_v3_pred_48.pdb
8018	cf_woTemplates_model_5_multimer_v3_pred_49.pdb
8019	cf_woTemplates_model_5_multimer_v3_pred_5.pdb
8020	cf_woTemplates_model_5_multimer_v3_pred_50.pdb
8021	cf_woTemplates_model_5_multimer_v3_pred_51.pdb
8022	cf_woTemplates_model_5_multimer_v3_pred_52.pdb
8023	cf_woTemplates_model_5_multimer_v3_pred_53.pdb
8024	cf_woTemplates_model_5_multimer_v3_pred_54.pdb
8025	cf_woTemplates_model_5_multimer_v3_pred_55.pdb
8026	cf_woTemplates_model_5_multimer_v3_pred_56.pdb
8027	cf_woTemplates_model_5_multimer_v3_pred_57.pdb
8028	cf_woTemplates_model_5_multimer_v3_pred_58.pdb
8029	cf_woTemplates_model_5_multimer_v3_pred_59.pdb
8030	cf_woTemplates_model_5_multimer_v3_pred_6.pdb
8031	cf_woTemplates_model_5_multimer_v3_pred_60.pdb
8032	cf_woTemplates_model_5_multimer_v3_pred_61.pdb
8033	cf_woTemplates_model_5_multimer_v3_pred_62.pdb
8034	cf_woTemplates_model_5_multimer_v3_pred_63.pdb
8035	cf_woTemplates_model_5_multimer_v3_pred_64.pdb
8036	cf_woTemplates_model_5_multimer_v3_pred_65.pdb
8037	cf_woTemplates_model_5_multimer_v3_pred_66.pdb
8038	cf_woTemplates_model_5_multimer_v3_pred_7.pdb
8039	cf_woTemplates_model_5_multimer_v3_pred_8.pdb
8040	cf_woTemplates_model_5_multimer_v3_pred_9.pdb
